# https://github.com/mikedh/trimesh
mtllib mtl_aso_locker_cavity_only
usemtl mtl_aso_locker_cavity_only
v 9.37969208 0.00000000 -9.52955723
v -9.37929153 0.00000000 -9.52955723
v -9.37609959 0.00000000 -9.56400013
v -9.37609959 0.47000000 -9.56400013
v 9.37650013 0.00000000 -9.56400013
v -9.37929153 0.00000000 -9.59844303
v -9.37929153 0.47000000 -9.59844303
v 9.38916302 0.00000000 -9.49626923
v -9.38876247 0.00000000 -9.49626923
v -9.37929153 0.47000000 -9.52955723
v 9.40459061 0.00000000 -9.46528721
v -9.40419006 0.00000000 -9.46528721
v -9.38876247 0.47000000 -9.49626923
v 9.42543888 0.00000000 -9.43767834
v -9.42503929 0.00000000 -9.43767834
v -9.40419006 0.47000000 -9.46528721
v 9.45099831 0.00000000 -9.41437817
v -9.45059872 0.00000000 -9.41437817
v -9.42503929 0.47000000 -9.43767834
v 9.48042107 0.00000000 -9.39616108
v -9.48002052 0.00000000 -9.39616108
v -9.45059872 0.47000000 -9.41437817
v 9.51269531 0.00000000 -9.38365746
v -9.51229572 0.00000000 -9.38365746
v -9.48002052 0.47000000 -9.39616108
v 9.54670811 0.00000000 -9.37729931
v -9.54630756 0.00000000 -9.37729931
v -9.51229572 0.47000000 -9.38365746
v 2.39728999 0.00000000 -5.52807140
v -9.58089161 0.00000000 -9.37729931
v -9.54630756 0.47000000 -9.37729931
v -0.00000000 0.00000000 -5.87549734
v -9.61490440 0.00000000 -9.38365746
v -9.58089161 0.47000000 -9.37729931
v 2.38224864 0.00000000 -5.53177881
v 0.04889440 0.00000000 -5.87164927
v -0.25281215 0.00000000 -5.74668646
v -0.27843881 0.00000000 -5.70486784
v -9.61490440 0.47000000 -9.38365746
v -9.64717865 0.00000000 -9.39616108
v -0.22096105 0.00000000 -5.78397846
v -0.18367496 0.00000000 -5.81582308
v -0.14187704 0.00000000 -5.84143686
v -0.09657962 0.00000000 -5.86020041
v -0.04889440 0.00000000 -5.87164927
v -2.73499990 0.00000000 -4.61000013
v -9.67660141 0.00000000 -9.41437817
v -9.64717865 0.47000000 -9.39616108
v -2.41099405 0.00000000 -5.41512060
v -2.42258620 0.00000000 -5.42539024
v -2.43138933 0.00000000 -5.43814373
v -2.43688369 0.00000000 -5.45263195
v -2.43875003 0.00000000 -5.46799994
v -2.43688369 0.00000000 -5.48336840
v -2.43138933 0.00000000 -5.49785614
v -2.42258620 0.00000000 -5.51060963
v -2.41099405 0.00000000 -5.52087927
v -2.39728999 0.00000000 -5.52807140
v -2.38224864 0.00000000 -5.53177881
v -2.36675143 0.00000000 -5.53177881
v -1.98224866 0.00000000 -5.53177881
v -1.96675134 0.00000000 -5.53177881
v -0.31250000 0.00000000 -5.56300020
v -0.30865380 0.00000000 -5.61187410
v -0.29720691 0.00000000 -5.65955687
v -4.76499987 0.00000000 -4.61000013
v -9.70216084 0.00000000 -9.43767834
v -9.67660141 0.47000000 -9.41437817
v -10.25000000 0.00000000 -10.00000000
v -9.72301006 0.00000000 -9.46528721
v -9.70216084 0.47000000 -9.43767834
v -4.76499987 0.00000000 -4.12500000
v -9.73843670 0.00000000 -9.49626923
v -9.72301006 0.47000000 -9.46528721
v -9.74790859 0.00000000 -9.52955723
v -9.73843670 0.47000000 -9.49626923
v -9.75109959 0.00000000 -9.56400013
v -9.74790859 0.47000000 -9.52955723
v -9.74790859 0.00000000 -9.59844303
v -9.75109959 0.47000000 -9.56400013
v -9.73843670 0.00000000 -9.63173103
v -9.74790859 0.47000000 -9.59844303
v -9.72301006 0.00000000 -9.66271305
v -9.73843670 0.47000000 -9.63173103
v -9.70216084 0.00000000 -9.69032192
v -9.72301006 0.47000000 -9.66271305
v -9.67660141 0.00000000 -9.71362209
v -9.70216084 0.47000000 -9.69032192
v -9.64717865 0.00000000 -9.73183918
v -9.67660141 0.47000000 -9.71362209
v -9.61490440 0.00000000 -9.74434280
v -9.64717865 0.47000000 -9.73183918
v -9.58089161 0.00000000 -9.75070095
v -9.61490440 0.47000000 -9.74434280
v -9.54630756 0.00000000 -9.75070095
v -9.58089161 0.47000000 -9.75070095
v 9.51269531 0.00000000 -9.74434280
v -9.51229572 0.00000000 -9.74434280
v -9.54630756 0.47000000 -9.75070095
v 9.54670811 0.00000000 -9.75070095
v 9.48042107 0.00000000 -9.73183918
v -9.48002052 0.00000000 -9.73183918
v -9.51229572 0.47000000 -9.74434280
v 9.45099831 0.00000000 -9.71362209
v -9.45059872 0.00000000 -9.71362209
v -9.48002052 0.47000000 -9.73183918
v 9.42543888 0.00000000 -9.69032192
v -9.42503929 0.00000000 -9.69032192
v -9.45059872 0.47000000 -9.71362209
v 9.40459061 0.00000000 -9.66271305
v -9.40419006 0.00000000 -9.66271305
v -9.42503929 0.47000000 -9.69032192
v 9.38916302 0.00000000 -9.63173103
v -9.38876247 0.00000000 -9.63173103
v -9.40419006 0.47000000 -9.66271305
v 9.37969208 0.00000000 -9.59844303
v -9.38876247 0.47000000 -9.63173103
v 9.37969208 0.00000000 9.59844303
v -9.37929153 0.00000000 9.59844303
v -9.37609959 0.00000000 9.56400013
v -9.37609959 0.47000000 9.56400013
v 9.37650013 0.00000000 9.56400013
v -9.37929153 0.00000000 9.52955723
v -9.37929153 0.47000000 9.52955723
v 9.38916302 0.00000000 9.63173103
v -9.38876247 0.00000000 9.63173103
v -9.37929153 0.47000000 9.59844303
v 9.40459061 0.00000000 9.66271305
v -9.40419006 0.00000000 9.66271305
v -9.38876247 0.47000000 9.63173103
v 9.42543888 0.00000000 9.69032192
v -9.42503929 0.00000000 9.69032192
v -9.40419006 0.47000000 9.66271305
v 9.45099831 0.00000000 9.71362209
v -9.45059872 0.00000000 9.71362209
v -9.42503929 0.47000000 9.69032192
v 9.48042107 0.00000000 9.73183918
v -9.48002052 0.00000000 9.73183918
v -9.45059872 0.47000000 9.71362209
v 9.51269531 0.00000000 9.74434280
v -9.51229572 0.00000000 9.74434280
v -9.48002052 0.47000000 9.73183918
v 9.54670811 0.00000000 9.75070095
v -9.54630756 0.00000000 9.75070095
v -9.51229572 0.47000000 9.74434280
v 10.25000000 0.00000000 10.00000000
v -9.58089161 0.00000000 9.75070095
v -9.54630756 0.47000000 9.75070095
v -10.25000000 0.00000000 10.00000000
v -9.61490440 0.00000000 9.74434280
v -9.58089161 0.47000000 9.75070095
v -9.64717865 0.00000000 9.73183918
v -9.61490440 0.47000000 9.74434280
v -9.67660141 0.00000000 9.71362209
v -9.64717865 0.47000000 9.73183918
v -9.70216084 0.00000000 9.69032192
v -9.67660141 0.47000000 9.71362209
v -9.72301006 0.00000000 9.66271305
v -9.70216084 0.47000000 9.69032192
v -9.73843670 0.00000000 9.63173103
v -9.72301006 0.47000000 9.66271305
v -9.74790859 0.00000000 9.59844303
v -9.73843670 0.47000000 9.63173103
v -9.75109959 0.00000000 9.56400013
v -9.74790859 0.47000000 9.59844303
v -9.74790859 0.00000000 9.52955723
v -9.75109959 0.47000000 9.56400013
v -9.73843670 0.00000000 9.49626923
v -9.74790859 0.47000000 9.52955723
v -9.72301006 0.00000000 9.46528721
v -9.73843670 0.47000000 9.49626923
v -9.70216084 0.00000000 9.43767834
v -9.72301006 0.47000000 9.46528721
v -9.67660141 0.00000000 9.41437817
v -9.70216084 0.47000000 9.43767834
v -9.64717865 0.00000000 9.39616108
v -9.67660141 0.47000000 9.41437817
v -9.61490440 0.00000000 9.38365746
v -9.64717865 0.47000000 9.39616108
v -9.58089161 0.00000000 9.37729931
v -9.61490440 0.47000000 9.38365746
v -9.54630756 0.00000000 9.37729931
v -9.58089161 0.47000000 9.37729931
v 9.51269531 0.00000000 9.38365746
v -9.51229572 0.00000000 9.38365746
v -9.54630756 0.47000000 9.37729931
v 9.54670811 0.00000000 9.37729931
v -5.28027296 0.00000000 5.74284029
v -5.29897594 0.00000000 5.73629570
v -5.31574440 0.00000000 5.72575903
v -9.34403801 0.00000000 2.25005102
v -9.38300037 0.00000000 2.15599990
v -9.36058140 0.00000000 2.22989225
v -9.37287617 0.00000000 2.20689058
v -9.38044548 0.00000000 2.18193746
v 9.48042107 0.00000000 9.39616108
v -9.48002052 0.00000000 9.39616108
v -9.51229572 0.47000000 9.38365746
v 9.45099831 0.00000000 9.41437817
v -9.45059872 0.00000000 9.41437817
v -9.48002052 0.47000000 9.39616108
v 9.42543888 0.00000000 9.43767834
v -9.42503929 0.00000000 9.43767834
v -9.45059872 0.47000000 9.41437817
v 9.40459061 0.00000000 9.46528721
v -9.40419006 0.00000000 9.46528721
v -9.42503929 0.47000000 9.43767834
v 9.38916302 0.00000000 9.49626923
v -9.38876247 0.00000000 9.49626923
v -9.40419006 0.47000000 9.46528721
v 9.37969208 0.00000000 9.52955723
v -9.38876247 0.47000000 9.49626923
v 9.74830818 0.00000000 -9.52955723
v 9.75150013 0.00000000 -9.56400013
v 9.75150013 0.47000000 -9.56400013
v 10.25000000 0.00000000 -10.00000000
v 9.74830818 0.00000000 -9.59844303
v 9.74830818 0.47000000 -9.59844303
v 9.73883724 0.00000000 -9.49626923
v 9.74830818 0.47000000 -9.52955723
v 9.72340965 0.00000000 -9.46528721
v 9.73883724 0.47000000 -9.49626923
v 9.70256042 0.00000000 -9.43767834
v 9.72340965 0.47000000 -9.46528721
v 9.67700100 0.00000000 -9.41437817
v 9.70256042 0.47000000 -9.43767834
v 9.64757919 0.00000000 -9.39616108
v 9.67700100 0.47000000 -9.41437817
v 9.61530495 0.00000000 -9.38365746
v 9.64757919 0.47000000 -9.39616108
v 9.58129215 0.00000000 -9.37729931
v 9.61530495 0.47000000 -9.38365746
v 9.58129215 0.47000000 -9.37729931
v 9.54670811 0.47000000 -9.37729931
v 6.25000000 0.00000000 -4.12500000
v 9.32388687 0.00000000 -2.26708817
v 9.38300037 0.00000000 -2.15650010
v 9.38044548 0.00000000 -2.18243742
v 9.34403801 0.00000000 -2.25055099
v 9.36058140 0.00000000 -2.23039222
v 9.37287617 0.00000000 -2.20739079
v 9.51269531 0.47000000 -9.38365746
v 9.48042107 0.47000000 -9.39616108
v 9.45099831 0.47000000 -9.41437817
v 9.42543888 0.47000000 -9.43767834
v 9.40459061 0.47000000 -9.46528721
v 9.38916302 0.47000000 -9.49626923
v 9.37969208 0.47000000 -9.52955723
v 9.37650013 0.47000000 -9.56400013
v 9.37969208 0.47000000 -9.59844303
v 9.38916302 0.47000000 -9.63173103
v 9.40459061 0.47000000 -9.66271305
v 9.42543888 0.47000000 -9.69032192
v 9.45099831 0.47000000 -9.71362209
v 9.48042107 0.47000000 -9.73183918
v 9.51269531 0.47000000 -9.74434280
v 9.58129215 0.00000000 -9.75070095
v 9.54670811 0.47000000 -9.75070095
v 9.61530495 0.00000000 -9.74434280
v 9.58129215 0.47000000 -9.75070095
v 9.64757919 0.00000000 -9.73183918
v 9.61530495 0.47000000 -9.74434280
v 9.67700100 0.00000000 -9.71362209
v 9.64757919 0.47000000 -9.73183918
v 9.70256042 0.00000000 -9.69032192
v 9.67700100 0.47000000 -9.71362209
v 9.72340965 0.00000000 -9.66271305
v 9.70256042 0.47000000 -9.69032192
v 9.73883724 0.00000000 -9.63173103
v 9.72340965 0.47000000 -9.66271305
v 9.73883724 0.47000000 -9.63173103
v 9.74830818 0.00000000 9.59844303
v 9.75150013 0.00000000 9.56400013
v 9.75150013 0.47000000 9.56400013
v 9.74830818 0.00000000 9.52955723
v 9.74830818 0.47000000 9.52955723
v 9.73883724 0.00000000 9.63173103
v 9.74830818 0.47000000 9.59844303
v 9.72340965 0.00000000 9.66271305
v 9.73883724 0.47000000 9.63173103
v 9.70256042 0.00000000 9.69032192
v 9.72340965 0.47000000 9.66271305
v 9.67700100 0.00000000 9.71362209
v 9.70256042 0.47000000 9.69032192
v 9.64757919 0.00000000 9.73183918
v 9.67700100 0.47000000 9.71362209
v 9.61530495 0.00000000 9.74434280
v 9.64757919 0.47000000 9.73183918
v 9.58129215 0.00000000 9.75070095
v 9.61530495 0.47000000 9.74434280
v 9.58129215 0.47000000 9.75070095
v 9.54670811 0.47000000 9.75070095
v 9.51269531 0.47000000 9.74434280
v 9.48042107 0.47000000 9.73183918
v 9.45099831 0.47000000 9.71362209
v 9.42543888 0.47000000 9.69032192
v 9.40459061 0.47000000 9.66271305
v 9.38916302 0.47000000 9.63173103
v 9.37969208 0.47000000 9.59844303
v 9.37650013 0.47000000 9.56400013
v 9.37969208 0.47000000 9.52955723
v 9.38916302 0.47000000 9.49626923
v 9.40459061 0.47000000 9.46528721
v 9.42543888 0.47000000 9.43767834
v 9.45099831 0.47000000 9.41437817
v 9.48042107 0.47000000 9.39616108
v 9.51269531 0.47000000 9.38365746
v 9.58129215 0.00000000 9.37729931
v 9.54670811 0.47000000 9.37729931
v -4.41357231 0.00000000 5.80856037
v 9.61530495 0.00000000 9.38365746
v 9.58129215 0.47000000 9.37729931
v -5.26057243 0.00000000 5.74505997
v 3.71142769 0.00000000 5.80856037
v 9.64757919 0.00000000 9.39616108
v 9.61530495 0.47000000 9.38365746
v -3.71057248 0.00000000 5.80856037
v 4.41442776 0.00000000 5.80856037
v 9.67700100 0.00000000 9.41437817
v 9.64757919 0.47000000 9.39616108
v 4.76499987 0.00000000 4.61000013
v 9.70256042 0.00000000 9.43767834
v 9.67700100 0.47000000 9.41437817
v 5.31559992 0.00000000 5.58736563
v 5.34670973 0.00000000 5.67624664
v 5.34892750 0.00000000 5.65656233
v 5.34670973 0.00000000 5.63687849
v 5.34016275 0.00000000 5.69495726
v 5.32961416 0.00000000 5.71174479
v 5.31559992 0.00000000 5.72575903
v 5.29883099 0.00000000 5.73629570
v 5.28012848 0.00000000 5.74284029
v 5.26042747 0.00000000 5.74505997
v 4.48830652 0.00000000 5.76213741
v 5.32961416 0.00000000 5.60138035
v 5.34016275 0.00000000 5.61816788
v 4.47853279 0.00000000 5.77769184
v 4.46554756 0.00000000 5.79067707
v 4.45001030 0.00000000 5.80043983
v 4.43268156 0.00000000 5.80650330
v 9.72340965 0.00000000 9.46528721
v 9.70256042 0.47000000 9.43767834
v 4.76499987 0.00000000 4.12500000
v 9.73883724 0.00000000 9.49626923
v 9.72340965 0.47000000 9.46528721
v 9.73883724 0.47000000 9.49626923
v -4.76499987 0.00000000 4.61000013
v -6.25000000 0.00000000 4.12500000
v -4.76499987 0.00000000 4.12500000
v -4.76499987 0.47000000 4.12500000
v -4.76499987 0.47000000 4.61000013
v -6.73500013 0.00000000 2.01500010
v -6.25000000 0.00000000 2.01500010
v -6.25000000 0.47000000 4.12500000
v -9.17611313 0.00000000 2.04541183
v -5.26057243 0.00000000 5.56806469
v -9.32388687 0.00000000 2.26658821
v -9.11955452 0.00000000 2.18193746
v -9.11699963 0.00000000 2.15599990
v -9.11955452 0.00000000 2.13006258
v -9.12712383 0.00000000 2.20689058
v -9.13941860 0.00000000 2.22989225
v -9.15596199 0.00000000 2.25005102
v -9.17611313 0.00000000 2.26658821
v -9.19909573 0.00000000 2.27887249
v -9.22404575 0.00000000 2.28644109
v -9.25000000 0.00000000 2.28899765
v -9.27595425 0.00000000 2.28644109
v -9.30090427 0.00000000 2.27887249
v -9.15596199 0.00000000 2.06194901
v -9.13941860 0.00000000 2.08210778
v -9.12712383 0.00000000 2.10510921
v -6.25000000 0.47000000 2.01500010
v -9.25000000 0.00000000 -2.02350235
v -6.73500013 0.00000000 -2.01500010
v -6.73500013 0.47000000 2.01500010
v -9.27595425 0.00000000 -2.02605891
v -9.30090427 0.00000000 -2.03362751
v -9.32388687 0.00000000 -2.04591179
v -9.34403801 0.00000000 -2.06244898
v -9.36058140 0.00000000 -2.08260775
v -9.25000000 0.00000000 2.02300239
v -9.22404575 0.00000000 2.02555871
v -9.19909573 0.00000000 2.03312755
v -6.25000000 0.00000000 -2.01500010
v -6.73500013 0.47000000 -2.01500010
v -9.25000000 0.00000000 -2.28949761
v -6.25000000 0.00000000 -4.12500000
v -6.25000000 0.47000000 -2.01500010
v -9.11955452 0.00000000 -2.13056254
v -9.11699963 0.00000000 -2.15650010
v -9.11955452 0.00000000 -2.18243742
v -9.12712383 0.00000000 -2.10560942
v -9.13941860 0.00000000 -2.08260775
v -9.15596199 0.00000000 -2.06244898
v -9.17611313 0.00000000 -2.04591179
v -9.19909573 0.00000000 -2.03362751
v -9.22404575 0.00000000 -2.02605891
v -9.22404575 0.00000000 -2.28694129
v -9.19909573 0.00000000 -2.27937245
v -9.17611313 0.00000000 -2.26708817
v -9.15596199 0.00000000 -2.25055099
v -9.13941860 0.00000000 -2.23039222
v -9.12712383 0.00000000 -2.20739079
v -6.25000000 0.47000000 -4.12500000
v -4.76499987 0.47000000 -4.12500000
v -4.76499987 0.47000000 -4.61000013
v 2.73499990 0.00000000 -4.12500000
v -2.73499990 0.00000000 -4.12500000
v -2.73499990 0.47000000 -4.61000013
v 2.73499990 0.00000000 -4.61000013
v -2.38224864 0.00000000 -5.40422106
v -2.39728999 0.00000000 -5.40792847
v -2.73499990 0.47000000 -4.12500000
v 2.73499990 0.47000000 -4.12500000
v 4.76499987 0.00000000 -4.61000013
v 2.73499990 0.47000000 -4.61000013
v 4.76499987 0.00000000 -4.12500000
v 4.76499987 0.47000000 -4.61000013
v 2.36675143 0.00000000 -5.40422106
v -0.00000000 0.00000000 -5.25050259
v 1.96675134 0.00000000 -5.40422106
v 1.98224866 0.00000000 -5.40422106
v 0.25281215 0.00000000 -5.37931347
v 0.22096105 0.00000000 -5.34202147
v 0.18367496 0.00000000 -5.31017685
v 0.14187704 0.00000000 -5.28456306
v 0.09657962 0.00000000 -5.26580000
v 0.04889440 0.00000000 -5.25435066
v 4.76499987 0.47000000 -4.12500000
v 6.73500013 0.00000000 -2.01500010
v 6.25000000 0.00000000 -2.01500010
v 6.25000000 0.47000000 -4.12500000
v 9.17611313 0.00000000 -2.04591179
v 2.43688369 0.00000000 -5.45263195
v 2.43875003 0.00000000 -5.46799994
v 2.43688369 0.00000000 -5.48336840
v 2.43138933 0.00000000 -5.43814373
v 2.42258620 0.00000000 -5.42539024
v 2.41099405 0.00000000 -5.41512060
v 2.39728999 0.00000000 -5.40792847
v 2.38224864 0.00000000 -5.40422106
v 2.41099405 0.00000000 -5.52087927
v 2.42258620 0.00000000 -5.51060963
v 2.43138933 0.00000000 -5.49785614
v 9.15596199 0.00000000 -2.06244898
v 9.13941860 0.00000000 -2.08260775
v 9.12712383 0.00000000 -2.10560942
v 9.11955452 0.00000000 -2.13056254
v 9.11699963 0.00000000 -2.15650010
v 9.11955452 0.00000000 -2.18243742
v 9.12712383 0.00000000 -2.20739079
v 9.13941860 0.00000000 -2.23039222
v 9.15596199 0.00000000 -2.25055099
v 9.17611313 0.00000000 -2.26708817
v 9.19909573 0.00000000 -2.27937245
v 9.22404575 0.00000000 -2.28694129
v 9.25000000 0.00000000 -2.28949761
v 9.27595425 0.00000000 -2.28694129
v 9.30090427 0.00000000 -2.27937245
v 6.25000000 0.47000000 -2.01500010
v 9.25000000 0.00000000 2.02300239
v 6.73500013 0.00000000 2.01500010
v 6.73500013 0.47000000 -2.01500010
v 9.22404575 0.00000000 -2.02605891
v 9.25000000 0.00000000 -2.02350235
v 9.36058140 0.00000000 2.08210778
v 9.19909573 0.00000000 -2.03362751
v 9.27595425 0.00000000 2.02555871
v 9.30090427 0.00000000 2.03312755
v 9.32388687 0.00000000 2.04541183
v 9.34403801 0.00000000 2.06194901
v 6.25000000 0.00000000 2.01500010
v 6.73500013 0.47000000 2.01500010
v 9.25000000 0.00000000 2.28899765
v 6.25000000 0.00000000 4.12500000
v 6.25000000 0.47000000 2.01500010
v 9.22404575 0.00000000 2.28644109
v 9.19909573 0.00000000 2.27887249
v 9.17611313 0.00000000 2.26658821
v 9.15596199 0.00000000 2.25005102
v 9.13941860 0.00000000 2.22989225
v 9.12712383 0.00000000 2.20689058
v 9.11955452 0.00000000 2.18193746
v 9.11699963 0.00000000 2.15599990
v 9.11955452 0.00000000 2.13006258
v 9.12712383 0.00000000 2.10510921
v 9.13941860 0.00000000 2.08210778
v 9.15596199 0.00000000 2.06194901
v 9.17611313 0.00000000 2.04541183
v 9.19909573 0.00000000 2.03312755
v 9.22404575 0.00000000 2.02555871
v 6.25000000 0.47000000 4.12500000
v 4.76499987 0.47000000 4.12500000
v 5.29883099 0.00000000 5.57682943
v 2.73499990 0.00000000 4.61000013
v 4.76499987 0.47000000 4.61000013
v -2.73499990 0.00000000 4.12500000
v 2.73499990 0.00000000 4.12500000
v 2.73499990 0.47000000 4.61000013
v -2.73499990 0.00000000 4.61000013
v 5.28012848 0.00000000 5.57028484
v 2.73499990 0.47000000 4.12500000
v -2.73499990 0.47000000 4.12500000
v 5.26042747 0.00000000 5.56806469
v -2.73499990 0.47000000 4.61000013
v 0.00042763 0.00000000 5.56806469
v -2.03688383 0.00000000 -5.45263195
v -2.31211615 0.00000000 -5.45263195
v -2.31025004 0.00000000 -5.46799994
v -2.31025004 0.47000000 -5.46799994
v -2.03874993 0.00000000 -5.46799994
v -2.31211615 0.00000000 -5.48336840
v -2.31211615 0.47000000 -5.48336840
v -2.03138924 0.00000000 -5.43814373
v -2.31761074 0.00000000 -5.43814373
v -2.31211615 0.47000000 -5.45263195
v -2.02258611 0.00000000 -5.42539024
v -2.32641387 0.00000000 -5.42539024
v -2.31761074 0.47000000 -5.43814373
v -2.01099396 0.00000000 -5.41512060
v -2.33800602 0.00000000 -5.41512060
v -2.32641387 0.47000000 -5.42539024
v -1.99729002 0.00000000 -5.40792847
v -2.35171008 0.00000000 -5.40792847
v -2.33800602 0.47000000 -5.41512060
v -1.98224866 0.00000000 -5.40422106
v -2.36675143 0.00000000 -5.40422106
v -2.35171008 0.47000000 -5.40792847
v -0.25281215 0.00000000 -5.37931347
v -2.36675143 0.47000000 -5.40422106
v -2.38224864 0.47000000 -5.40422106
v -0.04889440 0.00000000 -5.25435066
v -0.09657962 0.00000000 -5.26580000
v -0.14187704 0.00000000 -5.28456306
v -0.18367496 0.00000000 -5.31017685
v -0.22096105 0.00000000 -5.34202147
v -2.39728999 0.47000000 -5.40792847
v -2.41099405 0.47000000 -5.41512060
v -2.42258620 0.47000000 -5.42539024
v -2.43138933 0.47000000 -5.43814373
v -2.43688369 0.47000000 -5.45263195
v -2.43875003 0.47000000 -5.46799994
v -2.43688369 0.47000000 -5.48336840
v -2.43138933 0.47000000 -5.49785614
v -2.42258620 0.47000000 -5.51060963
v -2.41099405 0.47000000 -5.52087927
v -2.39728999 0.47000000 -5.52807140
v -2.38224864 0.47000000 -5.53177881
v -1.99729002 0.00000000 -5.52807140
v -2.35171008 0.00000000 -5.52807140
v -2.36675143 0.47000000 -5.53177881
v -2.01099396 0.00000000 -5.52087927
v -2.33800602 0.00000000 -5.52087927
v -2.35171008 0.47000000 -5.52807140
v -2.02258611 0.00000000 -5.51060963
v -2.32641387 0.00000000 -5.51060963
v -2.33800602 0.47000000 -5.52087927
v -2.03138924 0.00000000 -5.49785614
v -2.31761074 0.00000000 -5.49785614
v -2.32641387 0.47000000 -5.51060963
v -2.03688383 0.00000000 -5.48336840
v -2.31761074 0.47000000 -5.49785614
v -0.29720691 0.00000000 -5.46644354
v -1.91211617 0.00000000 -5.45263195
v -1.91024995 0.00000000 -5.46799994
v -1.91024995 0.47000000 -5.46799994
v -1.91211617 0.00000000 -5.48336840
v -1.91211617 0.47000000 -5.48336840
v -0.27843881 0.00000000 -5.42113209
v -1.91761065 0.00000000 -5.43814373
v -1.91211617 0.47000000 -5.45263195
v -1.92641377 0.00000000 -5.42539024
v -1.91761065 0.47000000 -5.43814373
v -1.93800592 0.00000000 -5.41512060
v -1.92641377 0.47000000 -5.42539024
v -1.95170999 0.00000000 -5.40792847
v -1.93800592 0.47000000 -5.41512060
v -1.96675134 0.00000000 -5.40422106
v -1.95170999 0.47000000 -5.40792847
v -1.96675134 0.47000000 -5.40422106
v -1.98224866 0.47000000 -5.40422106
v -1.99729002 0.47000000 -5.40792847
v -2.01099396 0.47000000 -5.41512060
v -2.02258611 0.47000000 -5.42539024
v -2.03138924 0.47000000 -5.43814373
v -2.03688383 0.47000000 -5.45263195
v -2.03874993 0.47000000 -5.46799994
v -2.03688383 0.47000000 -5.48336840
v -2.03138924 0.47000000 -5.49785614
v -2.02258611 0.47000000 -5.51060963
v -2.01099396 0.47000000 -5.52087927
v -1.99729002 0.47000000 -5.52807140
v -1.98224866 0.47000000 -5.53177881
v -0.30865380 0.00000000 -5.51412582
v -1.95170999 0.00000000 -5.52807140
v -1.96675134 0.47000000 -5.53177881
v -1.93800592 0.00000000 -5.52087927
v -1.95170999 0.47000000 -5.52807140
v -1.92641377 0.00000000 -5.51060963
v -1.93800592 0.47000000 -5.52087927
v -1.91761065 0.00000000 -5.49785614
v -1.92641377 0.47000000 -5.51060963
v -1.91761065 0.47000000 -5.49785614
v 2.31211615 0.00000000 -5.45263195
v 2.03688383 0.00000000 -5.45263195
v 2.03874993 0.00000000 -5.46799994
v 2.03874993 0.47000000 -5.46799994
v 2.31025004 0.00000000 -5.46799994
v 2.03688383 0.00000000 -5.48336840
v 2.03688383 0.47000000 -5.48336840
v 2.31761074 0.00000000 -5.43814373
v 2.03138924 0.00000000 -5.43814373
v 2.03688383 0.47000000 -5.45263195
v 2.32641387 0.00000000 -5.42539024
v 2.02258611 0.00000000 -5.42539024
v 2.03138924 0.47000000 -5.43814373
v 2.33800602 0.00000000 -5.41512060
v 2.01099396 0.00000000 -5.41512060
v 2.02258611 0.47000000 -5.42539024
v 2.35171008 0.00000000 -5.40792847
v 1.99729002 0.00000000 -5.40792847
v 2.01099396 0.47000000 -5.41512060
v 1.99729002 0.47000000 -5.40792847
v 1.98224866 0.47000000 -5.40422106
v 0.27843881 0.00000000 -5.42113209
v 1.95170999 0.00000000 -5.40792847
v 1.96675134 0.47000000 -5.40422106
v 1.93800592 0.00000000 -5.41512060
v 1.95170999 0.47000000 -5.40792847
v 1.92641377 0.00000000 -5.42539024
v 1.93800592 0.47000000 -5.41512060
v 0.29720691 0.00000000 -5.46644354
v 1.91761065 0.00000000 -5.43814373
v 1.92641377 0.47000000 -5.42539024
v 1.91211617 0.00000000 -5.45263195
v 1.91761065 0.47000000 -5.43814373
v 1.91024995 0.00000000 -5.46799994
v 1.91211617 0.47000000 -5.45263195
v 0.30865380 0.00000000 -5.51412582
v 1.91211617 0.00000000 -5.48336840
v 1.91024995 0.47000000 -5.46799994
v 1.91761065 0.00000000 -5.49785614
v 1.91211617 0.47000000 -5.48336840
v 1.92641377 0.00000000 -5.51060963
v 1.91761065 0.47000000 -5.49785614
v 1.93800592 0.00000000 -5.52087927
v 1.92641377 0.47000000 -5.51060963
v 0.31250000 0.00000000 -5.56300020
v 1.95170999 0.00000000 -5.52807140
v 1.93800592 0.47000000 -5.52087927
v 1.96675134 0.00000000 -5.53177881
v 1.95170999 0.47000000 -5.52807140
v 1.98224866 0.00000000 -5.53177881
v 1.96675134 0.47000000 -5.53177881
v 2.35171008 0.00000000 -5.52807140
v 1.99729002 0.00000000 -5.52807140
v 1.98224866 0.47000000 -5.53177881
v 2.36675143 0.00000000 -5.53177881
v 2.33800602 0.00000000 -5.52087927
v 2.01099396 0.00000000 -5.52087927
v 1.99729002 0.47000000 -5.52807140
v 2.32641387 0.00000000 -5.51060963
v 2.02258611 0.00000000 -5.51060963
v 2.01099396 0.47000000 -5.52087927
v 2.31761074 0.00000000 -5.49785614
v 2.03138924 0.00000000 -5.49785614
v 2.02258611 0.47000000 -5.51060963
v 2.31211615 0.00000000 -5.48336840
v 2.03138924 0.47000000 -5.49785614
v 2.43875003 0.47000000 -5.46799994
v 2.43688369 0.47000000 -5.48336840
v 2.43688369 0.47000000 -5.45263195
v 2.43138933 0.47000000 -5.43814373
v 2.42258620 0.47000000 -5.42539024
v 2.41099405 0.47000000 -5.41512060
v 2.39728999 0.47000000 -5.40792847
v 2.38224864 0.47000000 -5.40422106
v 2.36675143 0.47000000 -5.40422106
v 2.35171008 0.47000000 -5.40792847
v 2.33800602 0.47000000 -5.41512060
v 2.32641387 0.47000000 -5.42539024
v 2.31761074 0.47000000 -5.43814373
v 2.31211615 0.47000000 -5.45263195
v 2.31025004 0.47000000 -5.46799994
v 2.31211615 0.47000000 -5.48336840
v 2.31761074 0.47000000 -5.49785614
v 2.32641387 0.47000000 -5.51060963
v 2.33800602 0.47000000 -5.52087927
v 2.35171008 0.47000000 -5.52807140
v 2.36675143 0.47000000 -5.53177881
v 2.38224864 0.47000000 -5.53177881
v 0.30865380 0.00000000 -5.61187410
v 0.09657962 0.00000000 -5.86020041
v 0.14187704 0.00000000 -5.84143686
v 0.18367496 0.00000000 -5.81582308
v 0.22096105 0.00000000 -5.78397846
v 0.25281215 0.00000000 -5.74668646
v 0.27843881 0.00000000 -5.70486784
v 0.29720691 0.00000000 -5.65955687
v 2.39728999 0.47000000 -5.52807140
v 2.41099405 0.47000000 -5.52087927
v 2.42258620 0.47000000 -5.51060963
v 2.43138933 0.47000000 -5.49785614
v 3.64732242 0.00000000 5.67543316
v 0.08670968 0.00000000 5.67624664
v 0.08892763 0.00000000 5.65656233
v 0.08892763 0.47000000 5.65656233
v 3.67584491 0.00000000 5.65268517
v 0.08670968 0.00000000 5.63687849
v 0.08670968 0.47000000 5.63687849
v 3.66030765 0.00000000 5.66244793
v 3.63754869 0.00000000 5.69098759
v 0.08016270 0.00000000 5.69495726
v 0.08670968 0.47000000 5.67624664
v 3.63148260 0.00000000 5.70832396
v 0.06961431 0.00000000 5.71174479
v 0.08016270 0.47000000 5.69495726
v 3.62942767 0.00000000 5.72656250
v 0.05559974 0.00000000 5.72575903
v 0.06961431 0.47000000 5.71174479
v 0.03883103 0.00000000 5.73629570
v 0.05559974 0.47000000 5.72575903
v 3.63148260 0.00000000 5.74480104
v 0.02012833 0.00000000 5.74284029
v 0.03883103 0.47000000 5.73629570
v 0.00042763 0.00000000 5.74505997
v 0.02012833 0.47000000 5.74284029
v -3.63062739 0.00000000 5.74480104
v -0.01927307 0.00000000 5.74284029
v 0.00042763 0.47000000 5.74505997
v 3.63754869 0.00000000 5.76213741
v -3.62857246 0.00000000 5.72656250
v -0.03797578 0.00000000 5.73629570
v -0.01927307 0.47000000 5.74284029
v -0.05474449 0.00000000 5.72575903
v -0.03797578 0.47000000 5.73629570
v -3.63062739 0.00000000 5.70832396
v -0.06875905 0.00000000 5.71174479
v -0.05474449 0.47000000 5.72575903
v -0.07930745 0.00000000 5.69495726
v -0.06875905 0.47000000 5.71174479
v -3.63669348 0.00000000 5.69098759
v -0.08585443 0.00000000 5.67624664
v -0.07930745 0.47000000 5.69495726
v -3.65945244 0.00000000 5.66244793
v -0.08807237 0.00000000 5.65656233
v -0.08585443 0.47000000 5.67624664
v -3.64646721 0.00000000 5.67543316
v -5.17429018 0.00000000 5.63687849
v -0.08585443 0.00000000 5.63687849
v -0.08807237 0.47000000 5.65656233
v -3.71057248 0.00000000 5.64456463
v -3.69231868 0.00000000 5.64662170
v -3.67498946 0.00000000 5.65268517
v -5.18083715 0.00000000 5.61816788
v -0.07930745 0.00000000 5.61816788
v -0.08585443 0.47000000 5.63687849
v -5.19138575 0.00000000 5.60138035
v -0.06875905 0.00000000 5.60138035
v -0.07930745 0.47000000 5.61816788
v -5.20540047 0.00000000 5.58736563
v -0.05474449 0.00000000 5.58736563
v -0.06875905 0.47000000 5.60138035
v -5.22216892 0.00000000 5.57682943
v -0.03797578 0.00000000 5.57682943
v -0.05474449 0.47000000 5.58736563
v -5.24087191 0.00000000 5.57028484
v -0.01927307 0.00000000 5.57028484
v -0.03797578 0.47000000 5.57682943
v -0.01927307 0.47000000 5.57028484
v 5.24072695 0.00000000 5.57028484
v 0.02012833 0.00000000 5.57028484
v 0.00042763 0.47000000 5.56806469
v 5.22202444 0.00000000 5.57682943
v 0.03883103 0.00000000 5.57682943
v 0.02012833 0.47000000 5.57028484
v 5.20525551 0.00000000 5.58736563
v 0.05559974 0.00000000 5.58736563
v 0.03883103 0.47000000 5.57682943
v 5.19124079 0.00000000 5.60138035
v 0.06961431 0.00000000 5.60138035
v 0.05559974 0.47000000 5.58736563
v 5.18069267 0.00000000 5.61816788
v 0.08016270 0.00000000 5.61816788
v 0.06961431 0.47000000 5.60138035
v 5.17414570 0.00000000 5.63687849
v 0.08016270 0.47000000 5.61816788
v 4.41442776 0.00000000 5.64456463
v 3.71142769 0.00000000 5.64456463
v 3.69317389 0.00000000 5.64662170
v 5.34892750 0.47000000 5.65656233
v 5.34670973 0.47000000 5.63687849
v 5.34670973 0.47000000 5.67624664
v 5.34016275 0.47000000 5.69495726
v 5.32961416 0.47000000 5.71174479
v 5.31559992 0.47000000 5.72575903
v 5.29883099 0.47000000 5.73629570
v 5.28012848 0.47000000 5.74284029
v 4.49437237 0.00000000 5.74480104
v 5.24072695 0.00000000 5.74284029
v 5.26042747 0.47000000 5.74505997
v 4.49642754 0.00000000 5.72656250
v 5.22202444 0.00000000 5.73629570
v 5.24072695 0.47000000 5.74284029
v 5.20525551 0.00000000 5.72575903
v 5.22202444 0.47000000 5.73629570
v 4.49437237 0.00000000 5.70832396
v 5.19124079 0.00000000 5.71174479
v 5.20525551 0.47000000 5.72575903
v 5.18069267 0.00000000 5.69495726
v 5.19124079 0.47000000 5.71174479
v 4.48830652 0.00000000 5.69098759
v 5.17414570 0.00000000 5.67624664
v 5.18069267 0.47000000 5.69495726
v 4.46554756 0.00000000 5.66244793
v 5.17192745 0.00000000 5.65656233
v 5.17414570 0.47000000 5.67624664
v 4.47853279 0.00000000 5.67543316
v 5.17192745 0.47000000 5.65656233
v 4.43268156 0.00000000 5.64662170
v 4.45001030 0.00000000 5.65268517
v 5.17414570 0.47000000 5.63687849
v 5.18069267 0.47000000 5.61816788
v 5.19124079 0.47000000 5.60138035
v 5.20525551 0.47000000 5.58736563
v 5.22202444 0.47000000 5.57682943
v 5.24072695 0.47000000 5.57028484
v 5.26042747 0.47000000 5.56806469
v 5.28012848 0.47000000 5.57028484
v 5.29883099 0.47000000 5.57682943
v 5.31559992 0.47000000 5.58736563
v 5.32961416 0.47000000 5.60138035
v 5.34016275 0.47000000 5.61816788
v -4.47767735 0.00000000 5.67543316
v -5.17429018 0.00000000 5.67624664
v -5.17207241 0.00000000 5.65656233
v -5.17207241 0.47000000 5.65656233
v -4.44915533 0.00000000 5.65268517
v -5.17429018 0.47000000 5.63687849
v -4.46469212 0.00000000 5.66244793
v -4.48745108 0.00000000 5.69098759
v -5.18083715 0.00000000 5.69495726
v -5.17429018 0.47000000 5.67624664
v -4.49351740 0.00000000 5.70832396
v -5.19138575 0.00000000 5.71174479
v -5.18083715 0.47000000 5.69495726
v -4.49557257 0.00000000 5.72656250
v -5.20540047 0.00000000 5.72575903
v -5.19138575 0.47000000 5.71174479
v -5.22216892 0.00000000 5.73629570
v -5.20540047 0.47000000 5.72575903
v -4.49351740 0.00000000 5.74480104
v -5.24087191 0.00000000 5.74284029
v -5.22216892 0.47000000 5.73629570
v -5.24087191 0.47000000 5.74284029
v -5.26057243 0.47000000 5.74505997
v -4.43182611 0.00000000 5.80650330
v -4.44915533 0.00000000 5.80043983
v -4.46469212 0.00000000 5.79067707
v -4.47767735 0.00000000 5.77769184
v -4.48745108 0.00000000 5.76213741
v -5.28027296 0.47000000 5.74284029
v -5.29897594 0.47000000 5.73629570
v -5.32975912 0.00000000 5.71174479
v -5.31574440 0.47000000 5.72575903
v -5.34030724 0.00000000 5.69495726
v -5.32975912 0.47000000 5.71174479
v -5.34685421 0.00000000 5.67624664
v -5.34030724 0.47000000 5.69495726
v -5.34907246 0.00000000 5.65656233
v -5.34685421 0.47000000 5.67624664
v -5.34685421 0.00000000 5.63687849
v -5.34907246 0.47000000 5.65656233
v -5.34030724 0.00000000 5.61816788
v -5.34685421 0.47000000 5.63687849
v -5.32975912 0.00000000 5.60138035
v -5.34030724 0.47000000 5.61816788
v -5.31574440 0.00000000 5.58736563
v -5.32975912 0.47000000 5.60138035
v -5.31574440 0.47000000 5.58736563
v -5.29897594 0.00000000 5.57682943
v -5.28027296 0.00000000 5.57028484
v -5.29897594 0.47000000 5.57682943
v -5.28027296 0.47000000 5.57028484
v -5.26057243 0.47000000 5.56806469
v -5.24087191 0.47000000 5.57028484
v -5.22216892 0.47000000 5.57682943
v -5.20540047 0.47000000 5.58736563
v -5.19138575 0.47000000 5.60138035
v -5.18083715 0.47000000 5.61816788
v -4.43182611 0.00000000 5.64662170
v -4.41357231 0.00000000 5.64456463
v -3.79051733 0.00000000 5.74480104
v -4.33362722 0.00000000 5.74480104
v -4.33157253 0.00000000 5.72656250
v -4.33157253 0.47000000 5.72656250
v -3.79257226 0.00000000 5.72656250
v -4.33362722 0.00000000 5.70832396
v -4.33362722 0.47000000 5.70832396
v -3.78445125 0.00000000 5.76213741
v -4.33969355 0.00000000 5.76213741
v -4.33362722 0.47000000 5.74480104
v -3.77467752 0.00000000 5.77769184
v -4.34946728 0.00000000 5.77769184
v -4.33969355 0.47000000 5.76213741
v -3.76169229 0.00000000 5.79067707
v -4.36245251 0.00000000 5.79067707
v -4.34946728 0.47000000 5.77769184
v -3.74615526 0.00000000 5.80043983
v -4.37798977 0.00000000 5.80043983
v -4.36245251 0.47000000 5.79067707
v -3.72882605 0.00000000 5.80650330
v -4.39531851 0.00000000 5.80650330
v -4.37798977 0.47000000 5.80043983
v -4.39531851 0.47000000 5.80650330
v -4.41357231 0.47000000 5.80856037
v -4.43182611 0.47000000 5.80650330
v -4.44915533 0.47000000 5.80043983
v -4.46469212 0.47000000 5.79067707
v -4.47767735 0.47000000 5.77769184
v -4.48745108 0.47000000 5.76213741
v -4.49351740 0.47000000 5.74480104
v -4.49557257 0.47000000 5.72656250
v -4.49351740 0.47000000 5.70832396
v -4.48745108 0.47000000 5.69098759
v -4.47767735 0.47000000 5.67543316
v -4.46469212 0.47000000 5.66244793
v -4.44915533 0.47000000 5.65268517
v -4.43182611 0.47000000 5.64662170
v -3.72882605 0.00000000 5.64662170
v -4.39531851 0.00000000 5.64662170
v -4.41357231 0.47000000 5.64456463
v -3.74615526 0.00000000 5.65268517
v -4.37798977 0.00000000 5.65268517
v -4.39531851 0.47000000 5.64662170
v -3.76169229 0.00000000 5.66244793
v -4.36245251 0.00000000 5.66244793
v -4.37798977 0.47000000 5.65268517
v -3.77467752 0.00000000 5.67543316
v -4.34946728 0.00000000 5.67543316
v -4.36245251 0.47000000 5.66244793
v -3.78445125 0.00000000 5.69098759
v -4.33969355 0.00000000 5.69098759
v -4.34946728 0.47000000 5.67543316
v -3.79051733 0.00000000 5.70832396
v -4.33969355 0.47000000 5.69098759
v -3.62857246 0.47000000 5.72656250
v -3.63062739 0.47000000 5.70832396
v -3.63669348 0.00000000 5.76213741
v -3.63062739 0.47000000 5.74480104
v 3.64732242 0.00000000 5.77769184
v -3.64646721 0.00000000 5.77769184
v -3.63669348 0.47000000 5.76213741
v 3.66030765 0.00000000 5.79067707
v -3.65945244 0.00000000 5.79067707
v -3.64646721 0.47000000 5.77769184
v 3.67584491 0.00000000 5.80043983
v -3.67498946 0.00000000 5.80043983
v -3.65945244 0.47000000 5.79067707
v 3.69317389 0.00000000 5.80650330
v -3.69231868 0.00000000 5.80650330
v -3.67498946 0.47000000 5.80043983
v -3.69231868 0.47000000 5.80650330
v -3.71057248 0.47000000 5.80856037
v -3.72882605 0.47000000 5.80650330
v -3.74615526 0.47000000 5.80043983
v -3.76169229 0.47000000 5.79067707
v -3.77467752 0.47000000 5.77769184
v -3.78445125 0.47000000 5.76213741
v -3.79051733 0.47000000 5.74480104
v -3.79257226 0.47000000 5.72656250
v -3.79051733 0.47000000 5.70832396
v -3.78445125 0.47000000 5.69098759
v -3.77467752 0.47000000 5.67543316
v -3.76169229 0.47000000 5.66244793
v -3.74615526 0.47000000 5.65268517
v -3.72882605 0.47000000 5.64662170
v -3.71057248 0.47000000 5.64456463
v -3.69231868 0.47000000 5.64662170
v -3.67498946 0.47000000 5.65268517
v -3.65945244 0.47000000 5.66244793
v -3.64646721 0.47000000 5.67543316
v -3.63669348 0.47000000 5.69098759
v 4.49642754 0.47000000 5.72656250
v 4.49437237 0.47000000 5.70832396
v 4.49437237 0.47000000 5.74480104
v 4.48830652 0.47000000 5.76213741
v 4.47853279 0.47000000 5.77769184
v 4.46554756 0.47000000 5.79067707
v 4.45001030 0.47000000 5.80043983
v 4.43268156 0.47000000 5.80650330
v 3.72968149 0.00000000 5.80650330
v 4.39617395 0.00000000 5.80650330
v 4.41442776 0.47000000 5.80856037
v 3.74701047 0.00000000 5.80043983
v 4.37884474 0.00000000 5.80043983
v 4.39617395 0.47000000 5.80650330
v 3.76254749 0.00000000 5.79067707
v 4.36330748 0.00000000 5.79067707
v 4.37884474 0.47000000 5.80043983
v 3.77553272 0.00000000 5.77769184
v 4.35032225 0.00000000 5.77769184
v 4.36330748 0.47000000 5.79067707
v 3.78530645 0.00000000 5.76213741
v 4.34054899 0.00000000 5.76213741
v 4.35032225 0.47000000 5.77769184
v 3.79137254 0.00000000 5.74480104
v 4.33448267 0.00000000 5.74480104
v 4.34054899 0.47000000 5.76213741
v 3.79342771 0.00000000 5.72656250
v 4.33242750 0.00000000 5.72656250
v 4.33448267 0.47000000 5.74480104
v 3.79137254 0.00000000 5.70832396
v 4.33448267 0.00000000 5.70832396
v 4.33242750 0.47000000 5.72656250
v 3.78530645 0.00000000 5.69098759
v 4.34054899 0.00000000 5.69098759
v 4.33448267 0.47000000 5.70832396
v 3.77553272 0.00000000 5.67543316
v 4.35032225 0.00000000 5.67543316
v 4.34054899 0.47000000 5.69098759
v 3.76254749 0.00000000 5.66244793
v 4.36330748 0.00000000 5.66244793
v 4.35032225 0.47000000 5.67543316
v 3.74701047 0.00000000 5.65268517
v 4.37884474 0.00000000 5.65268517
v 4.36330748 0.47000000 5.66244793
v 3.72968149 0.00000000 5.64662170
v 4.39617395 0.00000000 5.64662170
v 4.37884474 0.47000000 5.65268517
v 4.39617395 0.47000000 5.64662170
v 4.41442776 0.47000000 5.64456463
v 4.43268156 0.47000000 5.64662170
v 4.45001030 0.47000000 5.65268517
v 4.46554756 0.47000000 5.66244793
v 4.47853279 0.47000000 5.67543316
v 4.48830652 0.47000000 5.69098759
v 3.79342771 0.47000000 5.72656250
v 3.79137254 0.47000000 5.70832396
v 3.79137254 0.47000000 5.74480104
v 3.78530645 0.47000000 5.76213741
v 3.77553272 0.47000000 5.77769184
v 3.76254749 0.47000000 5.79067707
v 3.74701047 0.47000000 5.80043983
v 3.72968149 0.47000000 5.80650330
v 3.71142769 0.47000000 5.80856037
v 3.69317389 0.47000000 5.80650330
v 3.67584491 0.47000000 5.80043983
v 3.66030765 0.47000000 5.79067707
v 3.64732242 0.47000000 5.77769184
v 3.63754869 0.47000000 5.76213741
v 3.63148260 0.47000000 5.74480104
v 3.62942767 0.47000000 5.72656250
v 3.63148260 0.47000000 5.70832396
v 3.63754869 0.47000000 5.69098759
v 3.64732242 0.47000000 5.67543316
v 3.66030765 0.47000000 5.66244793
v 3.67584491 0.47000000 5.65268517
v 3.69317389 0.47000000 5.64662170
v 3.71142769 0.47000000 5.64456463
v 3.72968149 0.47000000 5.64662170
v 3.74701047 0.47000000 5.65268517
v 3.76254749 0.47000000 5.66244793
v 3.77553272 0.47000000 5.67543316
v 3.78530645 0.47000000 5.69098759
v -10.25000000 0.47000000 -10.00000000
v -10.24692345 0.00000000 -10.03909969
v -10.24692345 0.47000000 -10.03909969
v -9.38300037 0.00000000 -2.15650010
v -9.38044548 0.00000000 -2.13056254
v -9.38044548 0.00000000 -2.18243742
v -9.37287617 0.00000000 -2.20739079
v -9.36058140 0.00000000 -2.23039222
v -9.34403801 0.00000000 -2.25055099
v -9.32388687 0.00000000 -2.26708817
v -9.30090427 0.00000000 -2.27937245
v -9.27595425 0.00000000 -2.28694129
v -9.38044548 0.00000000 2.13006258
v -9.37287617 0.00000000 2.10510921
v -9.36058140 0.00000000 2.08210778
v -9.34403801 0.00000000 2.06194901
v -9.32388687 0.00000000 2.04541183
v -9.30090427 0.00000000 2.03312755
v -9.27595425 0.00000000 2.02555871
v 10.24692345 0.00000000 10.03909969
v -10.24692345 0.00000000 10.03909969
v -10.25000000 0.47000000 10.00000000
v 10.23776722 0.00000000 10.07724285
v -10.23776722 0.00000000 10.07724285
v -10.24692345 0.47000000 10.03909969
v 10.22275448 0.00000000 10.11348820
v -10.22275448 0.00000000 10.11348820
v -10.23776722 0.47000000 10.07724285
v 10.20225620 0.00000000 10.14694023
v -10.20225620 0.00000000 10.14694023
v -10.22275448 0.47000000 10.11348820
v 10.17677498 0.00000000 10.17677498
v -10.17677498 0.00000000 10.17677498
v -10.20225620 0.47000000 10.14694023
v 10.14694023 0.00000000 10.20225620
v -10.14694023 0.00000000 10.20225620
v -10.17677498 0.47000000 10.17677498
v 10.11348820 0.00000000 10.22275448
v -10.11348820 0.00000000 10.22275448
v -10.14694023 0.47000000 10.20225620
v 10.07724285 0.00000000 10.23776722
v -10.07724285 0.00000000 10.23776722
v -10.11348820 0.47000000 10.22275448
v 10.03909969 0.00000000 10.24692345
v -10.03909969 0.00000000 10.24692345
v -10.07724285 0.47000000 10.23776722
v 10.00000000 0.00000000 10.25000000
v -10.00000000 0.00000000 10.25000000
v -10.03909969 0.47000000 10.24692345
v -10.00000000 0.47000000 10.25000000
v 10.00000000 0.47000000 10.25000000
v 10.03909969 0.47000000 10.24692345
v 10.07724285 0.47000000 10.23776722
v 10.11348820 0.47000000 10.22275448
v 10.14694023 0.47000000 10.20225620
v 10.17677498 0.47000000 10.17677498
v 10.20225620 0.47000000 10.14694023
v 10.22275448 0.47000000 10.11348820
v 10.23776722 0.47000000 10.07724285
v 10.24692345 0.47000000 10.03909969
v 10.25000000 0.47000000 10.00000000
v 9.38044548 0.00000000 -2.13056254
v 9.37287617 0.00000000 -2.10560942
v 9.36058140 0.00000000 -2.08260775
v 9.34403801 0.00000000 -2.06244898
v 9.32388687 0.00000000 -2.04591179
v 9.30090427 0.00000000 -2.03362751
v 9.27595425 0.00000000 -2.02605891
v 9.38044548 0.00000000 2.13006258
v 9.38044548 0.00000000 2.18193746
v 9.38300037 0.00000000 2.15599990
v 9.37287617 0.00000000 2.20689058
v 9.36058140 0.00000000 2.22989225
v 9.34403801 0.00000000 2.25005102
v 9.32388687 0.00000000 2.26658821
v 9.30090427 0.00000000 2.27887249
v 9.27595425 0.00000000 2.28644109
v 10.24692345 0.00000000 -10.03909969
v 10.25000000 0.47000000 -10.00000000
v -10.23776722 0.00000000 -10.07724285
v 10.23776722 0.00000000 -10.07724285
v 10.24692345 0.47000000 -10.03909969
v -10.22275448 0.00000000 -10.11348820
v 10.22275448 0.00000000 -10.11348820
v 10.23776722 0.47000000 -10.07724285
v -10.20225620 0.00000000 -10.14694023
v 10.20225620 0.00000000 -10.14694023
v 10.22275448 0.47000000 -10.11348820
v -10.17677498 0.00000000 -10.17677498
v 10.17677498 0.00000000 -10.17677498
v 10.20225620 0.47000000 -10.14694023
v -10.14694023 0.00000000 -10.20225620
v 10.14694023 0.00000000 -10.20225620
v 10.17677498 0.47000000 -10.17677498
v -10.11348820 0.00000000 -10.22275448
v 10.11348820 0.00000000 -10.22275448
v 10.14694023 0.47000000 -10.20225620
v -10.07724285 0.00000000 -10.23776722
v 10.07724285 0.00000000 -10.23776722
v 10.11348820 0.47000000 -10.22275448
v -10.03909969 0.00000000 -10.24692345
v 10.03909969 0.00000000 -10.24692345
v 10.07724285 0.47000000 -10.23776722
v -10.00000000 0.00000000 -10.25000000
v 10.00000000 0.00000000 -10.25000000
v 10.03909969 0.47000000 -10.24692345
v 10.00000000 0.47000000 -10.25000000
v -10.00000000 0.47000000 -10.25000000
v -10.03909969 0.47000000 -10.24692345
v -10.07724285 0.47000000 -10.23776722
v -10.11348820 0.47000000 -10.22275448
v -10.14694023 0.47000000 -10.20225620
v -10.17677498 0.47000000 -10.17677498
v -10.20225620 0.47000000 -10.14694023
v -10.22275448 0.47000000 -10.11348820
v -10.23776722 0.47000000 -10.07724285
v 0.31250000 0.47000000 -5.56300020
v 0.30865380 0.47000000 -5.61187410
v 0.30865380 0.47000000 -5.51412582
v 0.29720691 0.47000000 -5.46644354
v 0.27843881 0.47000000 -5.42113209
v 0.25281215 0.47000000 -5.37931347
v 0.22096105 0.47000000 -5.34202147
v 0.18367496 0.47000000 -5.31017685
v 0.14187704 0.47000000 -5.28456306
v 0.09657962 0.47000000 -5.26580000
v 0.04889440 0.47000000 -5.25435066
v -0.00000000 0.47000000 -5.25050259
v -0.04889440 0.47000000 -5.25435066
v -0.09657962 0.47000000 -5.26580000
v -0.14187704 0.47000000 -5.28456306
v -0.18367496 0.47000000 -5.31017685
v -0.22096105 0.47000000 -5.34202147
v -0.25281215 0.47000000 -5.37931347
v -0.27843881 0.47000000 -5.42113209
v -0.29720691 0.47000000 -5.46644354
v -0.30865380 0.47000000 -5.51412582
v -0.31250000 0.47000000 -5.56300020
v -0.30865380 0.47000000 -5.61187410
v -0.29720691 0.47000000 -5.65955687
v -0.27843881 0.47000000 -5.70486784
v -0.25281215 0.47000000 -5.74668646
v -0.22096105 0.47000000 -5.78397846
v -0.18367496 0.47000000 -5.81582308
v -0.14187704 0.47000000 -5.84143686
v -0.09657962 0.47000000 -5.86020041
v -0.04889440 0.47000000 -5.87164927
v -0.00000000 0.47000000 -5.87549734
v 0.04889440 0.47000000 -5.87164927
v 0.09657962 0.47000000 -5.86020041
v 0.14187704 0.47000000 -5.84143686
v 0.18367496 0.47000000 -5.81582308
v 0.22096105 0.47000000 -5.78397846
v 0.25281215 0.47000000 -5.74668646
v 0.27843881 0.47000000 -5.70486784
v 0.29720691 0.47000000 -5.65955687
v 9.38300037 0.47000000 -2.15650010
v 9.38044548 0.47000000 -2.18243742
v 9.38044548 0.47000000 -2.13056254
v 9.37287617 0.47000000 -2.10560942
v 9.36058140 0.47000000 -2.08260775
v 9.34403801 0.47000000 -2.06244898
v 9.32388687 0.47000000 -2.04591179
v 9.30090427 0.47000000 -2.03362751
v 9.27595425 0.47000000 -2.02605891
v 9.25000000 0.47000000 -2.02350235
v 9.37287617 0.00000000 2.10510921
v 9.22404575 0.47000000 -2.02605891
v 9.19909573 0.47000000 -2.03362751
v 9.17611313 0.47000000 -2.04591179
v 9.15596199 0.47000000 -2.06244898
v 9.13941860 0.47000000 -2.08260775
v 9.12712383 0.47000000 -2.10560942
v 9.11955452 0.47000000 -2.13056254
v 9.11699963 0.47000000 -2.15650010
v 9.11955452 0.47000000 -2.18243742
v 9.12712383 0.47000000 -2.20739079
v 9.13941860 0.47000000 -2.23039222
v 9.15596199 0.47000000 -2.25055099
v 9.17611313 0.47000000 -2.26708817
v 9.19909573 0.47000000 -2.27937245
v 9.22404575 0.47000000 -2.28694129
v 9.25000000 0.47000000 -2.28949761
v 9.27595425 0.47000000 -2.28694129
v 9.30090427 0.47000000 -2.27937245
v 9.32388687 0.47000000 -2.26708817
v 9.34403801 0.47000000 -2.25055099
v 9.36058140 0.47000000 -2.23039222
v 9.37287617 0.47000000 -2.20739079
v 9.38300037 0.47000000 2.15599990
v 9.38044548 0.47000000 2.13006258
v 9.38044548 0.47000000 2.18193746
v 9.37287617 0.47000000 2.20689058
v 9.36058140 0.47000000 2.22989225
v 9.34403801 0.47000000 2.25005102
v 9.32388687 0.47000000 2.26658821
v 9.30090427 0.47000000 2.27887249
v 9.27595425 0.47000000 2.28644109
v 9.25000000 0.47000000 2.28899765
v 9.22404575 0.47000000 2.28644109
v 9.19909573 0.47000000 2.27887249
v 9.17611313 0.47000000 2.26658821
v 9.15596199 0.47000000 2.25005102
v 9.13941860 0.47000000 2.22989225
v 9.12712383 0.47000000 2.20689058
v 9.11955452 0.47000000 2.18193746
v 9.11699963 0.47000000 2.15599990
v 9.11955452 0.47000000 2.13006258
v 9.12712383 0.47000000 2.10510921
v 9.13941860 0.47000000 2.08210778
v 9.15596199 0.47000000 2.06194901
v 9.17611313 0.47000000 2.04541183
v 9.19909573 0.47000000 2.03312755
v 9.22404575 0.47000000 2.02555871
v 9.25000000 0.47000000 2.02300239
v 9.27595425 0.47000000 2.02555871
v 9.30090427 0.47000000 2.03312755
v 9.32388687 0.47000000 2.04541183
v 9.34403801 0.47000000 2.06194901
v 9.36058140 0.47000000 2.08210778
v 9.37287617 0.47000000 2.10510921
v -9.11699963 0.47000000 -2.15650010
v -9.11955452 0.47000000 -2.18243742
v -9.11955452 0.47000000 -2.13056254
v -9.12712383 0.47000000 -2.10560942
v -9.13941860 0.47000000 -2.08260775
v -9.15596199 0.47000000 -2.06244898
v -9.17611313 0.47000000 -2.04591179
v -9.19909573 0.47000000 -2.03362751
v -9.22404575 0.47000000 -2.02605891
v -9.25000000 0.47000000 -2.02350235
v -9.27595425 0.47000000 -2.02605891
v -9.30090427 0.47000000 -2.03362751
v -9.32388687 0.47000000 -2.04591179
v -9.34403801 0.47000000 -2.06244898
v -9.37287617 0.00000000 -2.10560942
v -9.36058140 0.47000000 -2.08260775
v -9.37287617 0.47000000 -2.10560942
v -9.38044548 0.47000000 -2.13056254
v -9.38300037 0.47000000 -2.15650010
v -9.38044548 0.47000000 -2.18243742
v -9.37287617 0.47000000 -2.20739079
v -9.36058140 0.47000000 -2.23039222
v -9.34403801 0.47000000 -2.25055099
v -9.32388687 0.47000000 -2.26708817
v -9.30090427 0.47000000 -2.27937245
v -9.27595425 0.47000000 -2.28694129
v -9.25000000 0.47000000 -2.28949761
v -9.22404575 0.47000000 -2.28694129
v -9.19909573 0.47000000 -2.27937245
v -9.17611313 0.47000000 -2.26708817
v -9.15596199 0.47000000 -2.25055099
v -9.13941860 0.47000000 -2.23039222
v -9.12712383 0.47000000 -2.20739079
v -9.11699963 0.47000000 2.15599990
v -9.11955452 0.47000000 2.13006258
v -9.11955452 0.47000000 2.18193746
v -9.12712383 0.47000000 2.20689058
v -9.13941860 0.47000000 2.22989225
v -9.15596199 0.47000000 2.25005102
v -9.17611313 0.47000000 2.26658821
v -9.19909573 0.47000000 2.27887249
v -9.22404575 0.47000000 2.28644109
v -9.25000000 0.47000000 2.28899765
v -9.27595425 0.47000000 2.28644109
v -9.30090427 0.47000000 2.27887249
v -9.32388687 0.47000000 2.26658821
v -9.34403801 0.47000000 2.25005102
v -9.36058140 0.47000000 2.22989225
v -9.37287617 0.47000000 2.20689058
v -9.38044548 0.47000000 2.18193746
v -9.38300037 0.47000000 2.15599990
v -9.38044548 0.47000000 2.13006258
v -9.37287617 0.47000000 2.10510921
v -9.36058140 0.47000000 2.08210778
v -9.34403801 0.47000000 2.06194901
v -9.32388687 0.47000000 2.04541183
v -9.30090427 0.47000000 2.03312755
v -9.27595425 0.47000000 2.02555871
v -9.25000000 0.47000000 2.02300239
v -9.22404575 0.47000000 2.02555871
v -9.19909573 0.47000000 2.03312755
v -9.17611313 0.47000000 2.04541183
v -9.15596199 0.47000000 2.06194901
v -9.13941860 0.47000000 2.08210778
v -9.12712383 0.47000000 2.10510921
v -6.25000000 -4.50000000 4.12500000
v -6.25000000 0.00000000 2.00000000
v -6.71999979 0.00000000 4.12500000
v -6.71999979 -4.50000000 4.12500000
v -6.25000000 0.44999999 -2.00000000
v -6.25000000 0.44999999 2.00000000
v -6.71999979 0.44999999 2.00000000
v -6.25000000 0.00000000 -2.00000000
v -6.25000000 -0.29249999 1.49500000
v -6.71999979 0.00000000 2.00000000
v -6.71999979 0.00000000 -2.00000000
v -6.71999979 0.44999999 -2.00000000
v -6.25000000 -3.95499992 1.20000005
v -6.25000000 -4.50000000 -4.12500000
v -6.71999979 0.00000000 -4.12500000
v -6.25000000 -0.29249999 1.20000005
v -6.25000000 -1.14250004 1.20000005
v -6.25000000 -1.27992105 1.81242108
v -6.25000000 -3.10500002 1.20000005
v -6.25000000 -3.10500002 1.49500000
v -6.25000000 -1.63571608 -0.03386748
v -6.25000000 -1.46631527 -0.01186205
v -6.25000000 -1.46545279 0.00000000
v -6.25000000 -1.42789197 1.85184884
v -6.25000000 -1.63059616 -0.04417275
v -6.25000000 -1.62409329 -0.05390513
v -6.25000000 -1.61653173 -0.06257895
v -6.25000000 -1.60785794 -0.07014048
v -6.25000000 -1.59812546 -0.07664345
v -6.25000000 -1.58782029 -0.08176334
v -6.25000000 -1.57691300 -0.08542996
v -6.25000000 -1.56543291 -0.08771349
v -6.25000000 -1.55395281 -0.08850000
v -6.25000000 -1.54247260 -0.08771349
v -6.25000000 -1.53099251 -0.08542996
v -6.25000000 -1.52008533 -0.08176334
v -6.25000000 -1.50978005 -0.07664345
v -6.25000000 -1.50004768 -0.07014048
v -6.25000000 -1.49137378 -0.06257895
v -6.25000000 -1.48381233 -0.05390513
v -6.25000000 -1.47730935 -0.04417275
v -6.25000000 -1.47218943 -0.03386748
v -6.25000000 -1.46856081 -0.02315121
v -6.25000000 -1.42426336 1.84113252
v -6.25000000 -1.41914344 1.83082724
v -6.25000000 -1.41264045 1.82109487
v -6.25000000 -1.40507901 1.81242108
v -6.25000000 -1.39640510 1.80485952
v -6.25000000 -1.38667274 1.79835653
v -6.25000000 -1.37636745 1.79323661
v -6.25000000 -1.36546028 1.78957009
v -6.25000000 -1.35398018 1.78728652
v -6.25000000 -1.34249997 1.78649998
v -6.25000000 -1.33101988 1.78728652
v -6.25000000 -1.31953979 1.78957009
v -6.25000000 -1.30863249 1.79323661
v -6.25000000 -1.29832721 1.79835653
v -6.25000000 -1.28859484 1.80485952
v -6.25000000 -4.84775019 1.87500000
v -6.25000000 -4.50000000 -4.57499981
v -6.71999979 -4.50000000 -4.57499981
v -6.71999979 -4.50000000 -4.12500000
v -6.25000000 -8.50000000 -4.12500000
v -6.25000000 -8.50000000 -4.57499981
v -6.25000000 -7.82539368 1.83082724
v -6.25000000 -5.91750002 1.20000005
v -6.25000000 -6.76749992 1.20000005
v -6.25000000 -7.66025019 1.87500000
v -6.25000000 -5.91750002 1.49500000
v -6.25000000 -5.02388763 1.86313796
v -6.25000000 -4.84861231 1.86313796
v -6.25000000 -5.02164221 1.85184884
v -6.25000000 -5.01801348 1.84113252
v -6.25000000 -5.01289368 1.83082724
v -6.25000000 -5.00639057 1.82109487
v -6.25000000 -4.99882889 1.81242108
v -6.25000000 -4.99015522 1.80485952
v -6.25000000 -4.98042297 1.79835653
v -6.25000000 -4.97011757 1.79323661
v -6.25000000 -4.95921040 1.78957009
v -6.25000000 -4.94773006 1.78728652
v -6.25000000 -4.93625021 1.78649998
v -6.25000000 -4.92476988 1.78728652
v -6.25000000 -4.91328955 1.78957009
v -6.25000000 -4.90238237 1.79323661
v -6.25000000 -4.89207745 1.79835653
v -6.25000000 -4.88234472 1.80485952
v -6.25000000 -4.87367105 1.81242108
v -6.25000000 -4.86610937 1.82109487
v -6.25000000 -4.85960674 1.83082724
v -6.25000000 -4.85448647 1.84113252
v -6.25000000 -4.85085821 1.85184884
v -6.25000000 -7.66111231 1.86313796
v -6.25000000 -7.81889057 1.82109487
v -6.25000000 -7.81132889 1.81242108
v -6.25000000 -7.80265522 1.80485952
v -6.25000000 -7.79292297 1.79835653
v -6.25000000 -7.78261757 1.79323661
v -6.25000000 -7.77171040 1.78957009
v -6.25000000 -7.76023006 1.78728652
v -6.25000000 -7.74875021 1.78649998
v -6.25000000 -7.73726988 1.78728652
v -6.25000000 -7.72578955 1.78957009
v -6.25000000 -7.71488237 1.79323661
v -6.25000000 -7.70457745 1.79835653
v -6.25000000 -7.69484472 1.80485952
v -6.25000000 -7.68617105 1.81242108
v -6.25000000 -7.67860937 1.82109487
v -6.25000000 -7.67210674 1.83082724
v -6.25000000 -7.66698647 1.84113252
v -6.25000000 -7.66335821 1.85184884
v -6.71999979 -8.50000000 -4.12500000
v -6.71999979 -8.50000000 -4.57499981
v -6.25000000 -13.44999981 -2.37500000
v -6.25000000 -13.44999981 -4.12500000
v -6.25000000 -13.00000000 -2.37500000
v -6.25000000 -11.66014004 -0.05390513
v -6.25000000 -8.72999954 1.49500000
v -6.25000000 -8.50000000 4.12500000
v -6.25000000 -7.83414221 1.85184884
v -6.25000000 -8.72999954 1.20000005
v -6.25000000 -9.57999992 1.20000005
v -6.25000000 -11.25399971 1.87500000
v -6.25000000 -11.50236225 -0.01186205
v -6.25000000 -11.50150013 0.00000000
v -6.25000000 -11.42426300 1.84113252
v -6.25000000 -11.65257931 -0.06257895
v -6.25000000 -11.64390469 -0.07014048
v -6.25000000 -11.63417244 -0.07664345
v -6.25000000 -11.62386703 -0.08176334
v -6.25000000 -11.61295986 -0.08542996
v -6.25000000 -11.60148048 -0.08771349
v -6.25000000 -11.59000015 -0.08850000
v -6.25000000 -11.57851982 -0.08771349
v -6.25000000 -11.56703949 -0.08542996
v -6.25000000 -11.55613232 -0.08176334
v -6.25000000 -11.54582691 -0.07664345
v -6.25000000 -11.53609467 -0.07014048
v -6.25000000 -11.52742100 -0.06257895
v -6.25000000 -11.51985931 -0.05390513
v -6.25000000 -11.51335621 -0.04417275
v -6.25000000 -11.50823689 -0.03386748
v -6.25000000 -11.50460815 -0.02315121
v -6.25000000 -7.83051348 1.84113252
v -6.25000000 -11.25486279 1.86313796
v -6.25000000 -11.41914368 1.83082724
v -6.25000000 -11.41264057 1.82109487
v -6.25000000 -11.40507889 1.81242108
v -6.25000000 -11.39640522 1.80485952
v -6.25000000 -11.38667297 1.79835653
v -6.25000000 -11.37636757 1.79323661
v -6.25000000 -11.36546040 1.78957009
v -6.25000000 -11.35398006 1.78728652
v -6.25000000 -11.34249973 1.78649998
v -6.25000000 -11.33101940 1.78728652
v -6.25000000 -11.31954002 1.78957009
v -6.25000000 -11.30863285 1.79323661
v -6.25000000 -11.29832745 1.79835653
v -6.25000000 -11.28859520 1.80485952
v -6.25000000 -11.27992058 1.81242108
v -6.25000000 -11.27235985 1.82109487
v -6.25000000 -11.26585674 1.83082724
v -6.25000000 -11.26073647 1.84113252
v -6.25000000 -11.25710773 1.85184884
v -6.71999979 -13.44999981 -4.12500000
v -6.71999979 -13.00000000 -2.37500000
v -6.71999979 -13.44999981 -2.37500000
v -6.25000000 -12.39249992 1.20000005
v -6.25000000 -13.00000000 2.37500000
v -6.25000000 -11.66664314 -0.04417275
v -6.25000000 -13.44999981 4.12500000
v -6.25000000 -13.44999981 2.37500000
v -6.71999979 -13.44999981 2.37500000
v -6.71999979 -13.00000000 2.37500000
v -6.71999979 -13.44999981 4.12500000
v -6.25000000 -12.39249992 1.49500000
v -6.25000000 -11.54249954 1.49500000
v -6.25000000 -11.43099976 1.87500000
v -6.25000000 -9.57999992 1.49500000
v -6.25000000 -11.27992058 1.93757892
v -6.25000000 -11.28859520 1.94514048
v -6.25000000 -11.29832745 1.95164347
v -6.25000000 -11.30863285 1.95676339
v -6.25000000 -11.31954002 1.96042991
v -6.25000000 -11.33101940 1.96271348
v -6.25000000 -11.34249973 1.96350002
v -6.25000000 -11.35398006 1.96271348
v -6.25000000 -11.36546040 1.96042991
v -6.25000000 -11.37636757 1.95676339
v -6.25000000 -11.38667297 1.95164347
v -6.25000000 -11.39640522 1.94514048
v -6.25000000 -11.40507889 1.93757892
v -6.25000000 -11.41264057 1.92890513
v -6.25000000 -11.41914368 1.91917276
v -6.25000000 -11.42426300 1.90886748
v -6.25000000 -11.42789173 1.89815116
v -6.25000000 -11.43013763 1.88686204
v -6.25000000 -8.50000000 4.57499981
v -6.71999979 -8.50000000 4.57499981
v -6.71999979 -8.50000000 4.12500000
v -6.25000000 -4.50000000 4.57499981
v -6.25000000 -4.88234472 1.94514048
v -6.25000000 -6.76749992 1.49500000
v -6.25000000 -7.66335821 1.89815116
v -6.25000000 -5.02475023 1.87500000
v -6.25000000 -4.89207745 1.95164347
v -6.25000000 -4.90238237 1.95676339
v -6.25000000 -4.91328955 1.96042991
v -6.25000000 -4.92476988 1.96271348
v -6.25000000 -4.93625021 1.96350002
v -6.25000000 -4.94773006 1.96271348
v -6.25000000 -4.95921040 1.96042991
v -6.25000000 -4.97011757 1.95676339
v -6.25000000 -4.98042297 1.95164347
v -6.25000000 -4.99015522 1.94514048
v -6.25000000 -4.99882889 1.93757892
v -6.25000000 -5.00639057 1.92890513
v -6.25000000 -5.01289368 1.91917276
v -6.25000000 -5.01801348 1.90886748
v -6.25000000 -5.02164221 1.89815116
v -6.25000000 -5.02388763 1.88686204
v -6.25000000 -7.66698647 1.90886748
v -6.25000000 -7.67210674 1.91917276
v -6.25000000 -7.67860937 1.92890513
v -6.25000000 -7.68617105 1.93757892
v -6.25000000 -7.69484472 1.94514048
v -6.25000000 -7.70457745 1.95164347
v -6.25000000 -7.71488237 1.95676339
v -6.25000000 -7.72578955 1.96042991
v -6.25000000 -7.73726988 1.96271348
v -6.25000000 -7.74875021 1.96350002
v -6.25000000 -7.76023006 1.96271348
v -6.25000000 -7.77171040 1.96042991
v -6.25000000 -7.78261757 1.95676339
v -6.25000000 -7.79292297 1.95164347
v -6.25000000 -7.80265522 1.94514048
v -6.25000000 -7.81132889 1.93757892
v -6.25000000 -7.81889057 1.92890513
v -6.25000000 -7.82539368 1.91917276
v -6.25000000 -7.83051348 1.90886748
v -6.25000000 -7.83414221 1.89815116
v -6.25000000 -7.83638763 1.88686204
v -6.25000000 -7.83725023 1.87500000
v -6.25000000 -7.83638763 1.86313796
v -6.71999979 -4.50000000 4.57499981
v -6.25000000 -1.28859484 1.94514048
v -6.25000000 -3.95499992 1.49500000
v -6.25000000 -1.64245272 0.00000000
v -6.25000000 -1.49137378 0.06257895
v -6.25000000 -1.48381233 0.05390513
v -6.25000000 -1.43099999 1.87500000
v -6.25000000 -1.50004768 0.07014048
v -6.25000000 -1.50978005 0.07664345
v -6.25000000 -1.52008533 0.08176334
v -6.25000000 -1.53099251 0.08542996
v -6.25000000 -1.54247260 0.08771349
v -6.25000000 -1.55395281 0.08850000
v -6.25000000 -1.56543291 0.08771349
v -6.25000000 -1.57691300 0.08542996
v -6.25000000 -1.58782029 0.08176334
v -6.25000000 -1.59812546 0.07664345
v -6.25000000 -1.60785794 0.07014048
v -6.25000000 -1.61653173 0.06257895
v -6.25000000 -1.62409329 0.05390513
v -6.25000000 -1.63059616 0.04417275
v -6.25000000 -1.63571608 0.03386748
v -6.25000000 -1.63934469 0.02315121
v -6.25000000 -1.64159024 0.01186205
v -6.25000000 -1.29832721 1.95164347
v -6.25000000 -1.30863249 1.95676339
v -6.25000000 -1.31953979 1.96042991
v -6.25000000 -1.33101988 1.96271348
v -6.25000000 -1.34249997 1.96350002
v -6.25000000 -1.35398018 1.96271348
v -6.25000000 -1.36546028 1.96042991
v -6.25000000 -1.37636745 1.95676339
v -6.25000000 -1.38667274 1.95164347
v -6.25000000 -1.39640510 1.94514048
v -6.25000000 -1.40507901 1.93757892
v -6.25000000 -1.41264045 1.92890513
v -6.25000000 -1.41914344 1.91917276
v -6.25000000 -1.42426336 1.90886748
v -6.25000000 -1.42789197 1.89815116
v -6.25000000 -1.43013752 1.88686204
v -6.25000000 -4.84861231 1.88686204
v -6.25000000 -4.85085821 1.89815116
v -6.25000000 -4.85448647 1.90886748
v -6.25000000 -4.85960674 1.91917276
v -6.25000000 -4.86610937 1.92890513
v -6.25000000 -4.87367105 1.93757892
v -6.25000000 -11.54582691 0.07664345
v -6.25000000 -11.54249954 1.20000005
v -6.71999979 -12.39249992 1.20000005
v -6.25000000 -11.55613232 0.08176334
v -6.25000000 -11.56703949 0.08542996
v -6.25000000 -11.57851982 0.08771349
v -6.25000000 -11.59000015 0.08850000
v -6.25000000 -11.60148048 0.08771349
v -6.25000000 -11.61295986 0.08542996
v -6.25000000 -11.62386703 0.08176334
v -6.25000000 -11.63417244 0.07664345
v -6.25000000 -11.64390469 0.07014048
v -6.25000000 -11.65257931 0.06257895
v -6.25000000 -11.66014004 0.05390513
v -6.25000000 -11.66664314 0.04417275
v -6.25000000 -11.67176342 0.03386748
v -6.25000000 -11.67539215 0.02315121
v -6.25000000 -11.67763710 0.01186205
v -6.25000000 -11.67850018 0.00000000
v -6.25000000 -11.67763710 -0.01186205
v -6.25000000 -11.67539215 -0.02315121
v -6.25000000 -11.67176342 -0.03386748
v -6.25000000 -11.53609467 0.07014048
v -6.71999979 -11.54249954 1.49500000
v -6.71999979 -11.54249954 1.20000005
v -6.25000000 -11.50236225 0.01186205
v -6.25000000 -11.50460815 0.02315121
v -6.25000000 -11.50823689 0.03386748
v -6.25000000 -11.51335621 0.04417275
v -6.25000000 -11.51985931 0.05390513
v -6.25000000 -11.52742100 0.06257895
v -6.71999979 -12.39249992 1.49500000
v -6.71999979 -8.72999954 1.49500000
v -6.71999979 -9.57999992 1.20000005
v -6.71999979 -8.72999954 1.20000005
v -6.71999979 -9.57999992 1.49500000
v -6.25000000 -11.25486279 1.88686204
v -6.25000000 -11.25710773 1.89815116
v -6.25000000 -11.26073647 1.90886748
v -6.25000000 -11.26585674 1.91917276
v -6.25000000 -11.27235985 1.92890513
v -6.71999979 -0.29249999 1.49500000
v -6.71999979 -1.14250004 1.20000005
v -6.71999979 -0.29249999 1.20000005
v -6.25000000 -1.25710797 1.89815116
v -6.25000000 -1.14250004 1.49500000
v -6.25000000 -1.26073670 1.90886748
v -6.25000000 -1.26585650 1.91917276
v -6.25000000 -1.27235949 1.92890513
v -6.25000000 -1.27992105 1.93757892
v -6.25000000 -1.25486243 1.88686204
v -6.71999979 -1.14250004 1.49500000
v -6.25000000 -1.25399995 1.87500000
v -6.25000000 -1.25486243 1.86313796
v -6.25000000 -1.27235949 1.82109487
v -6.25000000 -1.26585650 1.83082724
v -6.25000000 -1.26073670 1.84113252
v -6.25000000 -1.25710797 1.85184884
v -6.71999979 -3.95499992 1.20000005
v -6.71999979 -3.10500002 1.49500000
v -6.71999979 -3.10500002 1.20000005
v -6.25000000 -1.64159024 -0.01186205
v -6.25000000 -1.63934469 -0.02315121
v -6.71999979 -3.95499992 1.49500000
v -6.71999979 -6.76749992 1.20000005
v -6.25000000 -7.66111231 1.88686204
v -6.71999979 -5.91750002 1.49500000
v -6.71999979 -5.91750002 1.20000005
v -6.71999979 -6.76749992 1.49500000
v -6.25000000 -1.46631527 0.01186205
v -6.71999979 -1.46545279 0.00000000
v -6.71999979 -1.46631527 -0.01186205
v -6.25000000 -1.43013752 1.86313796
v -6.25000000 -1.46856081 0.02315121
v -6.71999979 -1.46631527 0.01186205
v -6.25000000 -1.47218943 0.03386748
v -6.71999979 -1.46856081 0.02315121
v -6.25000000 -1.47730935 0.04417275
v -6.71999979 -1.47218943 0.03386748
v -6.71999979 -1.47730935 0.04417275
v -6.71999979 -1.48381233 0.05390513
v -6.71999979 -1.49137378 0.06257895
v -6.71999979 -1.50004768 0.07014048
v -6.71999979 -1.50978005 0.07664345
v -6.71999979 -1.52008533 0.08176334
v -6.71999979 -1.53099251 0.08542996
v -6.71999979 -1.54247260 0.08771349
v -6.71999979 -1.55395281 0.08850000
v -6.71999979 -1.56543291 0.08771349
v -6.71999979 -1.57691300 0.08542996
v -6.71999979 -1.58782029 0.08176334
v -6.71999979 -1.59812546 0.07664345
v -6.71999979 -1.60785794 0.07014048
v -6.71999979 -1.61653173 0.06257895
v -6.71999979 -1.62409329 0.05390513
v -6.71999979 -1.63059616 0.04417275
v -6.71999979 -1.63571608 0.03386748
v -6.71999979 -1.63934469 0.02315121
v -6.71999979 -1.64159024 0.01186205
v -6.71999979 -1.64245272 0.00000000
v -6.71999979 -1.64159024 -0.01186205
v -6.71999979 -1.63934469 -0.02315121
v -6.71999979 -1.63571608 -0.03386748
v -6.71999979 -1.63059616 -0.04417275
v -6.71999979 -1.62409329 -0.05390513
v -6.71999979 -1.61653173 -0.06257895
v -6.71999979 -1.60785794 -0.07014048
v -6.71999979 -1.59812546 -0.07664345
v -6.71999979 -1.58782029 -0.08176334
v -6.71999979 -1.57691300 -0.08542996
v -6.71999979 -1.56543291 -0.08771349
v -6.71999979 -1.55395281 -0.08850000
v -6.71999979 -1.54247260 -0.08771349
v -6.71999979 -1.53099251 -0.08542996
v -6.71999979 -1.52008533 -0.08176334
v -6.71999979 -1.50978005 -0.07664345
v -6.71999979 -1.50004768 -0.07014048
v -6.71999979 -1.49137378 -0.06257895
v -6.71999979 -1.48381233 -0.05390513
v -6.71999979 -1.47730935 -0.04417275
v -6.71999979 -1.47218943 -0.03386748
v -6.71999979 -1.46856081 -0.02315121
v -6.71999979 -11.50150013 0.00000000
v -6.71999979 -11.50236225 -0.01186205
v -6.25000000 -11.43013763 1.86313796
v -6.25000000 -11.42789173 1.85184884
v -6.71999979 -11.50236225 0.01186205
v -6.71999979 -11.50460815 0.02315121
v -6.71999979 -11.50823689 0.03386748
v -6.71999979 -11.51335621 0.04417275
v -6.71999979 -11.51985931 0.05390513
v -6.71999979 -11.52742100 0.06257895
v -6.71999979 -11.53609467 0.07014048
v -6.71999979 -11.54582691 0.07664345
v -6.71999979 -11.55613232 0.08176334
v -6.71999979 -11.56703949 0.08542996
v -6.71999979 -11.57851982 0.08771349
v -6.71999979 -11.59000015 0.08850000
v -6.71999979 -11.60148048 0.08771349
v -6.71999979 -11.61295986 0.08542996
v -6.71999979 -11.62386703 0.08176334
v -6.71999979 -11.63417244 0.07664345
v -6.71999979 -11.64390469 0.07014048
v -6.71999979 -11.65257931 0.06257895
v -6.71999979 -11.66014004 0.05390513
v -6.71999979 -11.66664314 0.04417275
v -6.71999979 -11.67176342 0.03386748
v -6.71999979 -11.67539215 0.02315121
v -6.71999979 -11.67763710 0.01186205
v -6.71999979 -11.67850018 0.00000000
v -6.71999979 -11.67763710 -0.01186205
v -6.71999979 -11.67539215 -0.02315121
v -6.71999979 -11.67176342 -0.03386748
v -6.71999979 -11.66664314 -0.04417275
v -6.71999979 -11.66014004 -0.05390513
v -6.71999979 -11.65257931 -0.06257895
v -6.71999979 -11.64390469 -0.07014048
v -6.71999979 -11.63417244 -0.07664345
v -6.71999979 -11.62386703 -0.08176334
v -6.71999979 -11.61295986 -0.08542996
v -6.71999979 -11.60148048 -0.08771349
v -6.71999979 -11.59000015 -0.08850000
v -6.71999979 -11.57851982 -0.08771349
v -6.71999979 -11.56703949 -0.08542996
v -6.71999979 -11.55613232 -0.08176334
v -6.71999979 -11.54582691 -0.07664345
v -6.71999979 -11.53609467 -0.07014048
v -6.71999979 -11.52742100 -0.06257895
v -6.71999979 -11.51985931 -0.05390513
v -6.71999979 -11.51335621 -0.04417275
v -6.71999979 -11.50823689 -0.03386748
v -6.71999979 -11.50460815 -0.02315121
v -6.71999979 -1.25399995 1.87500000
v -6.71999979 -1.25486243 1.86313796
v -6.71999979 -1.25486243 1.88686204
v -6.71999979 -1.25710797 1.89815116
v -6.71999979 -1.26073670 1.90886748
v -6.71999979 -1.26585650 1.91917276
v -6.71999979 -1.27235949 1.92890513
v -6.71999979 -1.27992105 1.93757892
v -6.71999979 -1.28859484 1.94514048
v -6.71999979 -1.29832721 1.95164347
v -6.71999979 -1.30863249 1.95676339
v -6.71999979 -1.31953979 1.96042991
v -6.71999979 -1.33101988 1.96271348
v -6.71999979 -1.34249997 1.96350002
v -6.71999979 -1.35398018 1.96271348
v -6.71999979 -1.36546028 1.96042991
v -6.71999979 -1.37636745 1.95676339
v -6.71999979 -1.38667274 1.95164347
v -6.71999979 -1.39640510 1.94514048
v -6.71999979 -1.40507901 1.93757892
v -6.71999979 -1.41264045 1.92890513
v -6.71999979 -1.41914344 1.91917276
v -6.71999979 -1.42426336 1.90886748
v -6.71999979 -1.42789197 1.89815116
v -6.71999979 -1.43013752 1.88686204
v -6.71999979 -1.43099999 1.87500000
v -6.71999979 -1.43013752 1.86313796
v -6.71999979 -1.42789197 1.85184884
v -6.71999979 -1.42426336 1.84113252
v -6.71999979 -1.41914344 1.83082724
v -6.71999979 -1.41264045 1.82109487
v -6.71999979 -1.40507901 1.81242108
v -6.71999979 -1.39640510 1.80485952
v -6.71999979 -1.38667274 1.79835653
v -6.71999979 -1.37636745 1.79323661
v -6.71999979 -1.36546028 1.78957009
v -6.71999979 -1.35398018 1.78728652
v -6.71999979 -1.34249997 1.78649998
v -6.71999979 -1.33101988 1.78728652
v -6.71999979 -1.31953979 1.78957009
v -6.71999979 -1.30863249 1.79323661
v -6.71999979 -1.29832721 1.79835653
v -6.71999979 -1.28859484 1.80485952
v -6.71999979 -1.27992105 1.81242108
v -6.71999979 -1.27235949 1.82109487
v -6.71999979 -1.26585650 1.83082724
v -6.71999979 -1.26073670 1.84113252
v -6.71999979 -1.25710797 1.85184884
v -6.71999979 -4.84775019 1.87500000
v -6.71999979 -4.84861231 1.86313796
v -6.71999979 -4.84861231 1.88686204
v -6.71999979 -4.85085821 1.89815116
v -6.71999979 -4.85448647 1.90886748
v -6.71999979 -4.85960674 1.91917276
v -6.71999979 -4.86610937 1.92890513
v -6.71999979 -4.87367105 1.93757892
v -6.71999979 -4.88234472 1.94514048
v -6.71999979 -4.89207745 1.95164347
v -6.71999979 -4.90238237 1.95676339
v -6.71999979 -4.91328955 1.96042991
v -6.71999979 -4.92476988 1.96271348
v -6.71999979 -4.93625021 1.96350002
v -6.71999979 -4.94773006 1.96271348
v -6.71999979 -4.95921040 1.96042991
v -6.71999979 -4.97011757 1.95676339
v -6.71999979 -4.98042297 1.95164347
v -6.71999979 -4.99015522 1.94514048
v -6.71999979 -4.99882889 1.93757892
v -6.71999979 -5.00639057 1.92890513
v -6.71999979 -5.01289368 1.91917276
v -6.71999979 -5.01801348 1.90886748
v -6.71999979 -5.02164221 1.89815116
v -6.71999979 -5.02388763 1.88686204
v -6.71999979 -5.02475023 1.87500000
v -6.71999979 -5.02388763 1.86313796
v -6.71999979 -5.02164221 1.85184884
v -6.71999979 -5.01801348 1.84113252
v -6.71999979 -5.01289368 1.83082724
v -6.71999979 -5.00639057 1.82109487
v -6.71999979 -4.99882889 1.81242108
v -6.71999979 -4.99015522 1.80485952
v -6.71999979 -4.98042297 1.79835653
v -6.71999979 -4.97011757 1.79323661
v -6.71999979 -4.95921040 1.78957009
v -6.71999979 -4.94773006 1.78728652
v -6.71999979 -4.93625021 1.78649998
v -6.71999979 -4.92476988 1.78728652
v -6.71999979 -4.91328955 1.78957009
v -6.71999979 -4.90238237 1.79323661
v -6.71999979 -4.89207745 1.79835653
v -6.71999979 -4.88234472 1.80485952
v -6.71999979 -4.87367105 1.81242108
v -6.71999979 -4.86610937 1.82109487
v -6.71999979 -4.85960674 1.83082724
v -6.71999979 -4.85448647 1.84113252
v -6.71999979 -4.85085821 1.85184884
v -6.71999979 -7.66025019 1.87500000
v -6.71999979 -7.66111231 1.86313796
v -6.71999979 -7.66111231 1.88686204
v -6.71999979 -7.66335821 1.89815116
v -6.71999979 -7.66698647 1.90886748
v -6.71999979 -7.67210674 1.91917276
v -6.71999979 -7.67860937 1.92890513
v -6.71999979 -7.68617105 1.93757892
v -6.71999979 -7.69484472 1.94514048
v -6.71999979 -7.70457745 1.95164347
v -6.71999979 -7.71488237 1.95676339
v -6.71999979 -7.72578955 1.96042991
v -6.71999979 -7.73726988 1.96271348
v -6.71999979 -7.74875021 1.96350002
v -6.71999979 -7.76023006 1.96271348
v -6.71999979 -7.77171040 1.96042991
v -6.71999979 -7.78261757 1.95676339
v -6.71999979 -7.79292297 1.95164347
v -6.71999979 -7.80265522 1.94514048
v -6.71999979 -7.81132889 1.93757892
v -6.71999979 -7.81889057 1.92890513
v -6.71999979 -7.82539368 1.91917276
v -6.71999979 -7.83051348 1.90886748
v -6.71999979 -7.83414221 1.89815116
v -6.71999979 -7.83638763 1.88686204
v -6.71999979 -7.83725023 1.87500000
v -6.71999979 -7.83638763 1.86313796
v -6.71999979 -7.83414221 1.85184884
v -6.71999979 -7.83051348 1.84113252
v -6.71999979 -7.82539368 1.83082724
v -6.71999979 -7.81889057 1.82109487
v -6.71999979 -7.81132889 1.81242108
v -6.71999979 -7.80265522 1.80485952
v -6.71999979 -7.79292297 1.79835653
v -6.71999979 -7.78261757 1.79323661
v -6.71999979 -7.77171040 1.78957009
v -6.71999979 -7.76023006 1.78728652
v -6.71999979 -7.74875021 1.78649998
v -6.71999979 -7.73726988 1.78728652
v -6.71999979 -7.72578955 1.78957009
v -6.71999979 -7.71488237 1.79323661
v -6.71999979 -7.70457745 1.79835653
v -6.71999979 -7.69484472 1.80485952
v -6.71999979 -7.68617105 1.81242108
v -6.71999979 -7.67860937 1.82109487
v -6.71999979 -7.67210674 1.83082724
v -6.71999979 -7.66698647 1.84113252
v -6.71999979 -7.66335821 1.85184884
v -6.71999979 -11.25399971 1.87500000
v -6.71999979 -11.25486279 1.86313796
v -6.71999979 -11.25486279 1.88686204
v -6.71999979 -11.25710773 1.89815116
v -6.71999979 -11.26073647 1.90886748
v -6.71999979 -11.26585674 1.91917276
v -6.71999979 -11.27235985 1.92890513
v -6.71999979 -11.27992058 1.93757892
v -6.71999979 -11.28859520 1.94514048
v -6.71999979 -11.29832745 1.95164347
v -6.71999979 -11.30863285 1.95676339
v -6.71999979 -11.31954002 1.96042991
v -6.71999979 -11.33101940 1.96271348
v -6.71999979 -11.34249973 1.96350002
v -6.71999979 -11.35398006 1.96271348
v -6.71999979 -11.36546040 1.96042991
v -6.71999979 -11.37636757 1.95676339
v -6.71999979 -11.38667297 1.95164347
v -6.71999979 -11.39640522 1.94514048
v -6.71999979 -11.40507889 1.93757892
v -6.71999979 -11.41264057 1.92890513
v -6.71999979 -11.41914368 1.91917276
v -6.71999979 -11.42426300 1.90886748
v -6.71999979 -11.42789173 1.89815116
v -6.71999979 -11.43013763 1.88686204
v -6.71999979 -11.43099976 1.87500000
v -6.71999979 -11.43013763 1.86313796
v -6.71999979 -11.42789173 1.85184884
v -6.71999979 -11.42426300 1.84113252
v -6.71999979 -11.41914368 1.83082724
v -6.71999979 -11.41264057 1.82109487
v -6.71999979 -11.40507889 1.81242108
v -6.71999979 -11.39640522 1.80485952
v -6.71999979 -11.38667297 1.79835653
v -6.71999979 -11.37636757 1.79323661
v -6.71999979 -11.36546040 1.78957009
v -6.71999979 -11.35398006 1.78728652
v -6.71999979 -11.34249973 1.78649998
v -6.71999979 -11.33101940 1.78728652
v -6.71999979 -11.31954002 1.78957009
v -6.71999979 -11.30863285 1.79323661
v -6.71999979 -11.29832745 1.79835653
v -6.71999979 -11.28859520 1.80485952
v -6.71999979 -11.27992058 1.81242108
v -6.71999979 -11.27235985 1.82109487
v -6.71999979 -11.26585674 1.83082724
v -6.71999979 -11.26073647 1.84113252
v -6.71999979 -11.25710773 1.85184884
v 6.71999979 -4.50000000 4.12500000
v 6.71999979 0.00000000 2.00000000
v 6.71999979 0.00000000 4.12500000
v 6.25000000 -4.50000000 4.12500000
v 6.71999979 0.44999999 -2.00000000
v 6.71999979 0.44999999 2.00000000
v 6.25000000 0.44999999 2.00000000
v 6.71999979 0.00000000 -2.00000000
v 6.71999979 -0.29249999 1.49500000
v 6.25000000 0.00000000 2.00000000
v 6.25000000 0.00000000 -2.00000000
v 6.25000000 0.44999999 -2.00000000
v 6.71999979 0.00000000 -4.12500000
v 6.71999979 -3.95499992 1.20000005
v 6.71999979 -4.50000000 -4.12500000
v 6.71999979 -0.29249999 1.20000005
v 6.71999979 -1.14250004 1.20000005
v 6.71999979 -1.27992105 1.81242108
v 6.71999979 -3.10500002 1.20000005
v 6.71999979 -3.10500002 1.49500000
v 6.71999979 -1.63571608 -0.03386748
v 6.71999979 -1.46631527 -0.01186205
v 6.71999979 -1.46545279 0.00000000
v 6.71999979 -1.42789197 1.85184884
v 6.71999979 -1.63059616 -0.04417275
v 6.71999979 -1.62409329 -0.05390513
v 6.71999979 -1.61653173 -0.06257895
v 6.71999979 -1.60785794 -0.07014048
v 6.71999979 -1.59812546 -0.07664345
v 6.71999979 -1.58782029 -0.08176334
v 6.71999979 -1.57691300 -0.08542996
v 6.71999979 -1.56543291 -0.08771349
v 6.71999979 -1.55395281 -0.08850000
v 6.71999979 -1.54247260 -0.08771349
v 6.71999979 -1.53099251 -0.08542996
v 6.71999979 -1.52008533 -0.08176334
v 6.71999979 -1.50978005 -0.07664345
v 6.71999979 -1.50004768 -0.07014048
v 6.71999979 -1.49137378 -0.06257895
v 6.71999979 -1.48381233 -0.05390513
v 6.71999979 -1.47730935 -0.04417275
v 6.71999979 -1.47218943 -0.03386748
v 6.71999979 -1.46856081 -0.02315121
v 6.71999979 -1.42426336 1.84113252
v 6.71999979 -1.41914344 1.83082724
v 6.71999979 -1.41264045 1.82109487
v 6.71999979 -1.40507901 1.81242108
v 6.71999979 -1.39640510 1.80485952
v 6.71999979 -1.38667274 1.79835653
v 6.71999979 -1.37636745 1.79323661
v 6.71999979 -1.36546028 1.78957009
v 6.71999979 -1.35398018 1.78728652
v 6.71999979 -1.34249997 1.78649998
v 6.71999979 -1.33101988 1.78728652
v 6.71999979 -1.31953979 1.78957009
v 6.71999979 -1.30863249 1.79323661
v 6.71999979 -1.29832721 1.79835653
v 6.71999979 -1.28859484 1.80485952
v 6.71999979 -4.84775019 1.87500000
v 6.71999979 -4.50000000 -4.57499981
v 6.25000000 -4.50000000 -4.57499981
v 6.25000000 -4.50000000 -4.12500000
v 6.71999979 -8.50000000 -4.12500000
v 6.71999979 -8.50000000 -4.57499981
v 6.71999979 -7.82539368 1.83082724
v 6.71999979 -5.91750002 1.20000005
v 6.71999979 -6.76749992 1.20000005
v 6.71999979 -7.66025019 1.87500000
v 6.71999979 -5.91750002 1.49500000
v 6.71999979 -5.02388763 1.86313796
v 6.71999979 -4.84861231 1.86313796
v 6.71999979 -5.02164221 1.85184884
v 6.71999979 -5.01801348 1.84113252
v 6.71999979 -5.01289368 1.83082724
v 6.71999979 -5.00639057 1.82109487
v 6.71999979 -4.99882889 1.81242108
v 6.71999979 -4.99015522 1.80485952
v 6.71999979 -4.98042297 1.79835653
v 6.71999979 -4.97011757 1.79323661
v 6.71999979 -4.95921040 1.78957009
v 6.71999979 -4.94773006 1.78728652
v 6.71999979 -4.93625021 1.78649998
v 6.71999979 -4.92476988 1.78728652
v 6.71999979 -4.91328955 1.78957009
v 6.71999979 -4.90238237 1.79323661
v 6.71999979 -4.89207745 1.79835653
v 6.71999979 -4.88234472 1.80485952
v 6.71999979 -4.87367105 1.81242108
v 6.71999979 -4.86610937 1.82109487
v 6.71999979 -4.85960674 1.83082724
v 6.71999979 -4.85448647 1.84113252
v 6.71999979 -4.85085821 1.85184884
v 6.71999979 -7.66111231 1.86313796
v 6.71999979 -7.81889057 1.82109487
v 6.71999979 -7.81132889 1.81242108
v 6.71999979 -7.80265522 1.80485952
v 6.71999979 -7.79292297 1.79835653
v 6.71999979 -7.78261757 1.79323661
v 6.71999979 -7.77171040 1.78957009
v 6.71999979 -7.76023006 1.78728652
v 6.71999979 -7.74875021 1.78649998
v 6.71999979 -7.73726988 1.78728652
v 6.71999979 -7.72578955 1.78957009
v 6.71999979 -7.71488237 1.79323661
v 6.71999979 -7.70457745 1.79835653
v 6.71999979 -7.69484472 1.80485952
v 6.71999979 -7.68617105 1.81242108
v 6.71999979 -7.67860937 1.82109487
v 6.71999979 -7.67210674 1.83082724
v 6.71999979 -7.66698647 1.84113252
v 6.71999979 -7.66335821 1.85184884
v 6.25000000 -8.50000000 -4.12500000
v 6.25000000 -8.50000000 -4.57499981
v 6.71999979 -13.44999981 -2.37500000
v 6.71999979 -13.44999981 -4.12500000
v 6.71999979 -13.00000000 -2.37500000
v 6.71999979 -11.66014004 -0.05390513
v 6.71999979 -8.72999954 1.49500000
v 6.71999979 -8.50000000 4.12500000
v 6.71999979 -7.83414221 1.85184884
v 6.71999979 -8.72999954 1.20000005
v 6.71999979 -9.57999992 1.20000005
v 6.71999979 -11.25399971 1.87500000
v 6.71999979 -11.50236225 -0.01186205
v 6.71999979 -11.50150013 0.00000000
v 6.71999979 -11.42426300 1.84113252
v 6.71999979 -11.65257931 -0.06257895
v 6.71999979 -11.64390469 -0.07014048
v 6.71999979 -11.63417244 -0.07664345
v 6.71999979 -11.62386703 -0.08176334
v 6.71999979 -11.61295986 -0.08542996
v 6.71999979 -11.60148048 -0.08771349
v 6.71999979 -11.59000015 -0.08850000
v 6.71999979 -11.57851982 -0.08771349
v 6.71999979 -11.56703949 -0.08542996
v 6.71999979 -11.55613232 -0.08176334
v 6.71999979 -11.54582691 -0.07664345
v 6.71999979 -11.53609467 -0.07014048
v 6.71999979 -11.52742100 -0.06257895
v 6.71999979 -11.51985931 -0.05390513
v 6.71999979 -11.51335621 -0.04417275
v 6.71999979 -11.50823689 -0.03386748
v 6.71999979 -11.50460815 -0.02315121
v 6.71999979 -7.83051348 1.84113252
v 6.71999979 -11.25486279 1.86313796
v 6.71999979 -11.41914368 1.83082724
v 6.71999979 -11.41264057 1.82109487
v 6.71999979 -11.40507889 1.81242108
v 6.71999979 -11.39640522 1.80485952
v 6.71999979 -11.38667297 1.79835653
v 6.71999979 -11.37636757 1.79323661
v 6.71999979 -11.36546040 1.78957009
v 6.71999979 -11.35398006 1.78728652
v 6.71999979 -11.34249973 1.78649998
v 6.71999979 -11.33101940 1.78728652
v 6.71999979 -11.31954002 1.78957009
v 6.71999979 -11.30863285 1.79323661
v 6.71999979 -11.29832745 1.79835653
v 6.71999979 -11.28859520 1.80485952
v 6.71999979 -11.27992058 1.81242108
v 6.71999979 -11.27235985 1.82109487
v 6.71999979 -11.26585674 1.83082724
v 6.71999979 -11.26073647 1.84113252
v 6.71999979 -11.25710773 1.85184884
v 6.25000000 -13.44999981 -4.12500000
v 6.25000000 -13.00000000 -2.37500000
v 6.25000000 -13.44999981 -2.37500000
v 6.71999979 -12.39249992 1.20000005
v 6.71999979 -13.00000000 2.37500000
v 6.71999979 -11.66664314 -0.04417275
v 6.71999979 -13.44999981 4.12500000
v 6.71999979 -13.44999981 2.37500000
v 6.25000000 -13.44999981 2.37500000
v 6.25000000 -13.00000000 2.37500000
v 6.25000000 -13.44999981 4.12500000
v 6.71999979 -12.39249992 1.49500000
v 6.71999979 -11.54249954 1.49500000
v 6.71999979 -11.43099976 1.87500000
v 6.71999979 -9.57999992 1.49500000
v 6.71999979 -11.27992058 1.93757892
v 6.71999979 -11.28859520 1.94514048
v 6.71999979 -11.29832745 1.95164347
v 6.71999979 -11.30863285 1.95676339
v 6.71999979 -11.31954002 1.96042991
v 6.71999979 -11.33101940 1.96271348
v 6.71999979 -11.34249973 1.96350002
v 6.71999979 -11.35398006 1.96271348
v 6.71999979 -11.36546040 1.96042991
v 6.71999979 -11.37636757 1.95676339
v 6.71999979 -11.38667297 1.95164347
v 6.71999979 -11.39640522 1.94514048
v 6.71999979 -11.40507889 1.93757892
v 6.71999979 -11.41264057 1.92890513
v 6.71999979 -11.41914368 1.91917276
v 6.71999979 -11.42426300 1.90886748
v 6.71999979 -11.42789173 1.89815116
v 6.71999979 -11.43013763 1.88686204
v 6.71999979 -8.50000000 4.57499981
v 6.25000000 -8.50000000 4.57499981
v 6.25000000 -8.50000000 4.12500000
v 6.71999979 -4.50000000 4.57499981
v 6.71999979 -4.88234472 1.94514048
v 6.71999979 -6.76749992 1.49500000
v 6.71999979 -7.66335821 1.89815116
v 6.71999979 -5.02475023 1.87500000
v 6.71999979 -4.89207745 1.95164347
v 6.71999979 -4.90238237 1.95676339
v 6.71999979 -4.91328955 1.96042991
v 6.71999979 -4.92476988 1.96271348
v 6.71999979 -4.93625021 1.96350002
v 6.71999979 -4.94773006 1.96271348
v 6.71999979 -4.95921040 1.96042991
v 6.71999979 -4.97011757 1.95676339
v 6.71999979 -4.98042297 1.95164347
v 6.71999979 -4.99015522 1.94514048
v 6.71999979 -4.99882889 1.93757892
v 6.71999979 -5.00639057 1.92890513
v 6.71999979 -5.01289368 1.91917276
v 6.71999979 -5.01801348 1.90886748
v 6.71999979 -5.02164221 1.89815116
v 6.71999979 -5.02388763 1.88686204
v 6.71999979 -7.66698647 1.90886748
v 6.71999979 -7.67210674 1.91917276
v 6.71999979 -7.67860937 1.92890513
v 6.71999979 -7.68617105 1.93757892
v 6.71999979 -7.69484472 1.94514048
v 6.71999979 -7.70457745 1.95164347
v 6.71999979 -7.71488237 1.95676339
v 6.71999979 -7.72578955 1.96042991
v 6.71999979 -7.73726988 1.96271348
v 6.71999979 -7.74875021 1.96350002
v 6.71999979 -7.76023006 1.96271348
v 6.71999979 -7.77171040 1.96042991
v 6.71999979 -7.78261757 1.95676339
v 6.71999979 -7.79292297 1.95164347
v 6.71999979 -7.80265522 1.94514048
v 6.71999979 -7.81132889 1.93757892
v 6.71999979 -7.81889057 1.92890513
v 6.71999979 -7.82539368 1.91917276
v 6.71999979 -7.83051348 1.90886748
v 6.71999979 -7.83414221 1.89815116
v 6.71999979 -7.83638763 1.88686204
v 6.71999979 -7.83725023 1.87500000
v 6.71999979 -7.83638763 1.86313796
v 6.25000000 -4.50000000 4.57499981
v 6.71999979 -1.28859484 1.94514048
v 6.71999979 -3.95499992 1.49500000
v 6.71999979 -1.64245272 0.00000000
v 6.71999979 -1.49137378 0.06257895
v 6.71999979 -1.48381233 0.05390513
v 6.71999979 -1.43099999 1.87500000
v 6.71999979 -1.50004768 0.07014048
v 6.71999979 -1.50978005 0.07664345
v 6.71999979 -1.52008533 0.08176334
v 6.71999979 -1.53099251 0.08542996
v 6.71999979 -1.54247260 0.08771349
v 6.71999979 -1.55395281 0.08850000
v 6.71999979 -1.56543291 0.08771349
v 6.71999979 -1.57691300 0.08542996
v 6.71999979 -1.58782029 0.08176334
v 6.71999979 -1.59812546 0.07664345
v 6.71999979 -1.60785794 0.07014048
v 6.71999979 -1.61653173 0.06257895
v 6.71999979 -1.62409329 0.05390513
v 6.71999979 -1.63059616 0.04417275
v 6.71999979 -1.63571608 0.03386748
v 6.71999979 -1.63934469 0.02315121
v 6.71999979 -1.64159024 0.01186205
v 6.71999979 -1.29832721 1.95164347
v 6.71999979 -1.30863249 1.95676339
v 6.71999979 -1.31953979 1.96042991
v 6.71999979 -1.33101988 1.96271348
v 6.71999979 -1.34249997 1.96350002
v 6.71999979 -1.35398018 1.96271348
v 6.71999979 -1.36546028 1.96042991
v 6.71999979 -1.37636745 1.95676339
v 6.71999979 -1.38667274 1.95164347
v 6.71999979 -1.39640510 1.94514048
v 6.71999979 -1.40507901 1.93757892
v 6.71999979 -1.41264045 1.92890513
v 6.71999979 -1.41914344 1.91917276
v 6.71999979 -1.42426336 1.90886748
v 6.71999979 -1.42789197 1.89815116
v 6.71999979 -1.43013752 1.88686204
v 6.71999979 -4.84861231 1.88686204
v 6.71999979 -4.85085821 1.89815116
v 6.71999979 -4.85448647 1.90886748
v 6.71999979 -4.85960674 1.91917276
v 6.71999979 -4.86610937 1.92890513
v 6.71999979 -4.87367105 1.93757892
v 6.71999979 -11.54582691 0.07664345
v 6.71999979 -11.54249954 1.20000005
v 6.25000000 -12.39249992 1.20000005
v 6.71999979 -11.55613232 0.08176334
v 6.71999979 -11.56703949 0.08542996
v 6.71999979 -11.57851982 0.08771349
v 6.71999979 -11.59000015 0.08850000
v 6.71999979 -11.60148048 0.08771349
v 6.71999979 -11.61295986 0.08542996
v 6.71999979 -11.62386703 0.08176334
v 6.71999979 -11.63417244 0.07664345
v 6.71999979 -11.64390469 0.07014048
v 6.71999979 -11.65257931 0.06257895
v 6.71999979 -11.66014004 0.05390513
v 6.71999979 -11.66664314 0.04417275
v 6.71999979 -11.67176342 0.03386748
v 6.71999979 -11.67539215 0.02315121
v 6.71999979 -11.67763710 0.01186205
v 6.71999979 -11.67850018 0.00000000
v 6.71999979 -11.67763710 -0.01186205
v 6.71999979 -11.67539215 -0.02315121
v 6.71999979 -11.67176342 -0.03386748
v 6.71999979 -11.53609467 0.07014048
v 6.25000000 -11.54249954 1.49500000
v 6.25000000 -11.54249954 1.20000005
v 6.71999979 -11.50236225 0.01186205
v 6.71999979 -11.50460815 0.02315121
v 6.71999979 -11.50823689 0.03386748
v 6.71999979 -11.51335621 0.04417275
v 6.71999979 -11.51985931 0.05390513
v 6.71999979 -11.52742100 0.06257895
v 6.25000000 -12.39249992 1.49500000
v 6.25000000 -8.72999954 1.49500000
v 6.25000000 -9.57999992 1.20000005
v 6.25000000 -8.72999954 1.20000005
v 6.25000000 -9.57999992 1.49500000
v 6.71999979 -11.25486279 1.88686204
v 6.71999979 -11.25710773 1.89815116
v 6.71999979 -11.26073647 1.90886748
v 6.71999979 -11.26585674 1.91917276
v 6.71999979 -11.27235985 1.92890513
v 6.25000000 -0.29249999 1.49500000
v 6.25000000 -1.14250004 1.20000005
v 6.25000000 -0.29249999 1.20000005
v 6.71999979 -1.25710797 1.89815116
v 6.71999979 -1.14250004 1.49500000
v 6.71999979 -1.26073670 1.90886748
v 6.71999979 -1.26585650 1.91917276
v 6.71999979 -1.27235949 1.92890513
v 6.71999979 -1.27992105 1.93757892
v 6.71999979 -1.25486243 1.88686204
v 6.25000000 -1.14250004 1.49500000
v 6.71999979 -1.25399995 1.87500000
v 6.71999979 -1.25486243 1.86313796
v 6.71999979 -1.27235949 1.82109487
v 6.71999979 -1.26585650 1.83082724
v 6.71999979 -1.26073670 1.84113252
v 6.71999979 -1.25710797 1.85184884
v 6.25000000 -3.95499992 1.20000005
v 6.25000000 -3.10500002 1.49500000
v 6.25000000 -3.10500002 1.20000005
v 6.71999979 -1.64159024 -0.01186205
v 6.71999979 -1.63934469 -0.02315121
v 6.25000000 -3.95499992 1.49500000
v 6.25000000 -6.76749992 1.20000005
v 6.71999979 -7.66111231 1.88686204
v 6.25000000 -5.91750002 1.49500000
v 6.25000000 -5.91750002 1.20000005
v 6.25000000 -6.76749992 1.49500000
v 6.71999979 -1.46631527 0.01186205
v 6.25000000 -1.46545279 0.00000000
v 6.25000000 -1.46631527 -0.01186205
v 6.71999979 -1.43013752 1.86313796
v 6.71999979 -1.46856081 0.02315121
v 6.25000000 -1.46631527 0.01186205
v 6.71999979 -1.47218943 0.03386748
v 6.25000000 -1.46856081 0.02315121
v 6.71999979 -1.47730935 0.04417275
v 6.25000000 -1.47218943 0.03386748
v 6.25000000 -1.47730935 0.04417275
v 6.25000000 -1.48381233 0.05390513
v 6.25000000 -1.49137378 0.06257895
v 6.25000000 -1.50004768 0.07014048
v 6.25000000 -1.50978005 0.07664345
v 6.25000000 -1.52008533 0.08176334
v 6.25000000 -1.53099251 0.08542996
v 6.25000000 -1.54247260 0.08771349
v 6.25000000 -1.55395281 0.08850000
v 6.25000000 -1.56543291 0.08771349
v 6.25000000 -1.57691300 0.08542996
v 6.25000000 -1.58782029 0.08176334
v 6.25000000 -1.59812546 0.07664345
v 6.25000000 -1.60785794 0.07014048
v 6.25000000 -1.61653173 0.06257895
v 6.25000000 -1.62409329 0.05390513
v 6.25000000 -1.63059616 0.04417275
v 6.25000000 -1.63571608 0.03386748
v 6.25000000 -1.63934469 0.02315121
v 6.25000000 -1.64159024 0.01186205
v 6.25000000 -1.64245272 0.00000000
v 6.25000000 -1.64159024 -0.01186205
v 6.25000000 -1.63934469 -0.02315121
v 6.25000000 -1.63571608 -0.03386748
v 6.25000000 -1.63059616 -0.04417275
v 6.25000000 -1.62409329 -0.05390513
v 6.25000000 -1.61653173 -0.06257895
v 6.25000000 -1.60785794 -0.07014048
v 6.25000000 -1.59812546 -0.07664345
v 6.25000000 -1.58782029 -0.08176334
v 6.25000000 -1.57691300 -0.08542996
v 6.25000000 -1.56543291 -0.08771349
v 6.25000000 -1.55395281 -0.08850000
v 6.25000000 -1.54247260 -0.08771349
v 6.25000000 -1.53099251 -0.08542996
v 6.25000000 -1.52008533 -0.08176334
v 6.25000000 -1.50978005 -0.07664345
v 6.25000000 -1.50004768 -0.07014048
v 6.25000000 -1.49137378 -0.06257895
v 6.25000000 -1.48381233 -0.05390513
v 6.25000000 -1.47730935 -0.04417275
v 6.25000000 -1.47218943 -0.03386748
v 6.25000000 -1.46856081 -0.02315121
v 6.25000000 -11.50150013 0.00000000
v 6.25000000 -11.50236225 -0.01186205
v 6.71999979 -11.43013763 1.86313796
v 6.71999979 -11.42789173 1.85184884
v 6.25000000 -11.50236225 0.01186205
v 6.25000000 -11.50460815 0.02315121
v 6.25000000 -11.50823689 0.03386748
v 6.25000000 -11.51335621 0.04417275
v 6.25000000 -11.51985931 0.05390513
v 6.25000000 -11.52742100 0.06257895
v 6.25000000 -11.53609467 0.07014048
v 6.25000000 -11.54582691 0.07664345
v 6.25000000 -11.55613232 0.08176334
v 6.25000000 -11.56703949 0.08542996
v 6.25000000 -11.57851982 0.08771349
v 6.25000000 -11.59000015 0.08850000
v 6.25000000 -11.60148048 0.08771349
v 6.25000000 -11.61295986 0.08542996
v 6.25000000 -11.62386703 0.08176334
v 6.25000000 -11.63417244 0.07664345
v 6.25000000 -11.64390469 0.07014048
v 6.25000000 -11.65257931 0.06257895
v 6.25000000 -11.66014004 0.05390513
v 6.25000000 -11.66664314 0.04417275
v 6.25000000 -11.67176342 0.03386748
v 6.25000000 -11.67539215 0.02315121
v 6.25000000 -11.67763710 0.01186205
v 6.25000000 -11.67850018 0.00000000
v 6.25000000 -11.67763710 -0.01186205
v 6.25000000 -11.67539215 -0.02315121
v 6.25000000 -11.67176342 -0.03386748
v 6.25000000 -11.66664314 -0.04417275
v 6.25000000 -11.66014004 -0.05390513
v 6.25000000 -11.65257931 -0.06257895
v 6.25000000 -11.64390469 -0.07014048
v 6.25000000 -11.63417244 -0.07664345
v 6.25000000 -11.62386703 -0.08176334
v 6.25000000 -11.61295986 -0.08542996
v 6.25000000 -11.60148048 -0.08771349
v 6.25000000 -11.59000015 -0.08850000
v 6.25000000 -11.57851982 -0.08771349
v 6.25000000 -11.56703949 -0.08542996
v 6.25000000 -11.55613232 -0.08176334
v 6.25000000 -11.54582691 -0.07664345
v 6.25000000 -11.53609467 -0.07014048
v 6.25000000 -11.52742100 -0.06257895
v 6.25000000 -11.51985931 -0.05390513
v 6.25000000 -11.51335621 -0.04417275
v 6.25000000 -11.50823689 -0.03386748
v 6.25000000 -11.50460815 -0.02315121
v 6.25000000 -1.25399995 1.87500000
v 6.25000000 -1.25486243 1.86313796
v 6.25000000 -1.25486243 1.88686204
v 6.25000000 -1.25710797 1.89815116
v 6.25000000 -1.26073670 1.90886748
v 6.25000000 -1.26585650 1.91917276
v 6.25000000 -1.27235949 1.92890513
v 6.25000000 -1.27992105 1.93757892
v 6.25000000 -1.28859484 1.94514048
v 6.25000000 -1.29832721 1.95164347
v 6.25000000 -1.30863249 1.95676339
v 6.25000000 -1.31953979 1.96042991
v 6.25000000 -1.33101988 1.96271348
v 6.25000000 -1.34249997 1.96350002
v 6.25000000 -1.35398018 1.96271348
v 6.25000000 -1.36546028 1.96042991
v 6.25000000 -1.37636745 1.95676339
v 6.25000000 -1.38667274 1.95164347
v 6.25000000 -1.39640510 1.94514048
v 6.25000000 -1.40507901 1.93757892
v 6.25000000 -1.41264045 1.92890513
v 6.25000000 -1.41914344 1.91917276
v 6.25000000 -1.42426336 1.90886748
v 6.25000000 -1.42789197 1.89815116
v 6.25000000 -1.43013752 1.88686204
v 6.25000000 -1.43099999 1.87500000
v 6.25000000 -1.43013752 1.86313796
v 6.25000000 -1.42789197 1.85184884
v 6.25000000 -1.42426336 1.84113252
v 6.25000000 -1.41914344 1.83082724
v 6.25000000 -1.41264045 1.82109487
v 6.25000000 -1.40507901 1.81242108
v 6.25000000 -1.39640510 1.80485952
v 6.25000000 -1.38667274 1.79835653
v 6.25000000 -1.37636745 1.79323661
v 6.25000000 -1.36546028 1.78957009
v 6.25000000 -1.35398018 1.78728652
v 6.25000000 -1.34249997 1.78649998
v 6.25000000 -1.33101988 1.78728652
v 6.25000000 -1.31953979 1.78957009
v 6.25000000 -1.30863249 1.79323661
v 6.25000000 -1.29832721 1.79835653
v 6.25000000 -1.28859484 1.80485952
v 6.25000000 -1.27992105 1.81242108
v 6.25000000 -1.27235949 1.82109487
v 6.25000000 -1.26585650 1.83082724
v 6.25000000 -1.26073670 1.84113252
v 6.25000000 -1.25710797 1.85184884
v 6.25000000 -4.84775019 1.87500000
v 6.25000000 -4.84861231 1.86313796
v 6.25000000 -4.84861231 1.88686204
v 6.25000000 -4.85085821 1.89815116
v 6.25000000 -4.85448647 1.90886748
v 6.25000000 -4.85960674 1.91917276
v 6.25000000 -4.86610937 1.92890513
v 6.25000000 -4.87367105 1.93757892
v 6.25000000 -4.88234472 1.94514048
v 6.25000000 -4.89207745 1.95164347
v 6.25000000 -4.90238237 1.95676339
v 6.25000000 -4.91328955 1.96042991
v 6.25000000 -4.92476988 1.96271348
v 6.25000000 -4.93625021 1.96350002
v 6.25000000 -4.94773006 1.96271348
v 6.25000000 -4.95921040 1.96042991
v 6.25000000 -4.97011757 1.95676339
v 6.25000000 -4.98042297 1.95164347
v 6.25000000 -4.99015522 1.94514048
v 6.25000000 -4.99882889 1.93757892
v 6.25000000 -5.00639057 1.92890513
v 6.25000000 -5.01289368 1.91917276
v 6.25000000 -5.01801348 1.90886748
v 6.25000000 -5.02164221 1.89815116
v 6.25000000 -5.02388763 1.88686204
v 6.25000000 -5.02475023 1.87500000
v 6.25000000 -5.02388763 1.86313796
v 6.25000000 -5.02164221 1.85184884
v 6.25000000 -5.01801348 1.84113252
v 6.25000000 -5.01289368 1.83082724
v 6.25000000 -5.00639057 1.82109487
v 6.25000000 -4.99882889 1.81242108
v 6.25000000 -4.99015522 1.80485952
v 6.25000000 -4.98042297 1.79835653
v 6.25000000 -4.97011757 1.79323661
v 6.25000000 -4.95921040 1.78957009
v 6.25000000 -4.94773006 1.78728652
v 6.25000000 -4.93625021 1.78649998
v 6.25000000 -4.92476988 1.78728652
v 6.25000000 -4.91328955 1.78957009
v 6.25000000 -4.90238237 1.79323661
v 6.25000000 -4.89207745 1.79835653
v 6.25000000 -4.88234472 1.80485952
v 6.25000000 -4.87367105 1.81242108
v 6.25000000 -4.86610937 1.82109487
v 6.25000000 -4.85960674 1.83082724
v 6.25000000 -4.85448647 1.84113252
v 6.25000000 -4.85085821 1.85184884
v 6.25000000 -7.66025019 1.87500000
v 6.25000000 -7.66111231 1.86313796
v 6.25000000 -7.66111231 1.88686204
v 6.25000000 -7.66335821 1.89815116
v 6.25000000 -7.66698647 1.90886748
v 6.25000000 -7.67210674 1.91917276
v 6.25000000 -7.67860937 1.92890513
v 6.25000000 -7.68617105 1.93757892
v 6.25000000 -7.69484472 1.94514048
v 6.25000000 -7.70457745 1.95164347
v 6.25000000 -7.71488237 1.95676339
v 6.25000000 -7.72578955 1.96042991
v 6.25000000 -7.73726988 1.96271348
v 6.25000000 -7.74875021 1.96350002
v 6.25000000 -7.76023006 1.96271348
v 6.25000000 -7.77171040 1.96042991
v 6.25000000 -7.78261757 1.95676339
v 6.25000000 -7.79292297 1.95164347
v 6.25000000 -7.80265522 1.94514048
v 6.25000000 -7.81132889 1.93757892
v 6.25000000 -7.81889057 1.92890513
v 6.25000000 -7.82539368 1.91917276
v 6.25000000 -7.83051348 1.90886748
v 6.25000000 -7.83414221 1.89815116
v 6.25000000 -7.83638763 1.88686204
v 6.25000000 -7.83725023 1.87500000
v 6.25000000 -7.83638763 1.86313796
v 6.25000000 -7.83414221 1.85184884
v 6.25000000 -7.83051348 1.84113252
v 6.25000000 -7.82539368 1.83082724
v 6.25000000 -7.81889057 1.82109487
v 6.25000000 -7.81132889 1.81242108
v 6.25000000 -7.80265522 1.80485952
v 6.25000000 -7.79292297 1.79835653
v 6.25000000 -7.78261757 1.79323661
v 6.25000000 -7.77171040 1.78957009
v 6.25000000 -7.76023006 1.78728652
v 6.25000000 -7.74875021 1.78649998
v 6.25000000 -7.73726988 1.78728652
v 6.25000000 -7.72578955 1.78957009
v 6.25000000 -7.71488237 1.79323661
v 6.25000000 -7.70457745 1.79835653
v 6.25000000 -7.69484472 1.80485952
v 6.25000000 -7.68617105 1.81242108
v 6.25000000 -7.67860937 1.82109487
v 6.25000000 -7.67210674 1.83082724
v 6.25000000 -7.66698647 1.84113252
v 6.25000000 -7.66335821 1.85184884
v 6.25000000 -11.25399971 1.87500000
v 6.25000000 -11.25486279 1.86313796
v 6.25000000 -11.25486279 1.88686204
v 6.25000000 -11.25710773 1.89815116
v 6.25000000 -11.26073647 1.90886748
v 6.25000000 -11.26585674 1.91917276
v 6.25000000 -11.27235985 1.92890513
v 6.25000000 -11.27992058 1.93757892
v 6.25000000 -11.28859520 1.94514048
v 6.25000000 -11.29832745 1.95164347
v 6.25000000 -11.30863285 1.95676339
v 6.25000000 -11.31954002 1.96042991
v 6.25000000 -11.33101940 1.96271348
v 6.25000000 -11.34249973 1.96350002
v 6.25000000 -11.35398006 1.96271348
v 6.25000000 -11.36546040 1.96042991
v 6.25000000 -11.37636757 1.95676339
v 6.25000000 -11.38667297 1.95164347
v 6.25000000 -11.39640522 1.94514048
v 6.25000000 -11.40507889 1.93757892
v 6.25000000 -11.41264057 1.92890513
v 6.25000000 -11.41914368 1.91917276
v 6.25000000 -11.42426300 1.90886748
v 6.25000000 -11.42789173 1.89815116
v 6.25000000 -11.43013763 1.88686204
v 6.25000000 -11.43099976 1.87500000
v 6.25000000 -11.43013763 1.86313796
v 6.25000000 -11.42789173 1.85184884
v 6.25000000 -11.42426300 1.84113252
v 6.25000000 -11.41914368 1.83082724
v 6.25000000 -11.41264057 1.82109487
v 6.25000000 -11.40507889 1.81242108
v 6.25000000 -11.39640522 1.80485952
v 6.25000000 -11.38667297 1.79835653
v 6.25000000 -11.37636757 1.79323661
v 6.25000000 -11.36546040 1.78957009
v 6.25000000 -11.35398006 1.78728652
v 6.25000000 -11.34249973 1.78649998
v 6.25000000 -11.33101940 1.78728652
v 6.25000000 -11.31954002 1.78957009
v 6.25000000 -11.30863285 1.79323661
v 6.25000000 -11.29832745 1.79835653
v 6.25000000 -11.28859520 1.80485952
v 6.25000000 -11.27992058 1.81242108
v 6.25000000 -11.27235985 1.82109487
v 6.25000000 -11.26585674 1.83082724
v 6.25000000 -11.26073647 1.84113252
v 6.25000000 -11.25710773 1.85184884
v -6.75000000 -8.51500034 -4.59499979
v 2.75000000 -13.00000000 -4.59499979
v -2.75000000 -13.00000000 -4.59499979
v -2.75000000 -13.00000000 -4.12500000
v -4.75000000 -13.00000000 -4.59499979
v -2.75000000 -13.44999981 -4.59499979
v 4.75000000 -13.44999981 -4.59499979
v 2.75000000 -13.44999981 -4.59499979
v 2.75000000 -13.44999981 -4.12500000
v 4.75000000 -13.00000000 -4.59499979
v 2.75000000 -13.00000000 -4.12500000
v 4.75000000 -13.00000000 -4.12500000
v 4.75000000 -13.44999981 -4.12500000
v 6.75000000 -13.00000000 -4.59499979
v 6.23500013 -8.51500034 -4.59499979
v 6.75000000 -8.51500034 -4.59499979
v 6.75000000 -13.00000000 -4.12500000
v -6.23500013 -8.51500034 -4.59499979
v 6.75000000 -8.51500034 -4.12500000
v -6.23500013 -4.48500013 -4.59499979
v 6.23500013 -4.48500013 -4.59499979
v 6.23500013 -8.51500034 -4.12500000
v -6.75000000 0.00000000 -4.59499979
v 6.75000000 -4.48500013 -4.59499979
v 6.23500013 -4.48500013 -4.12500000
v 4.75000000 0.00000000 -4.59499979
v 6.75000000 0.00000000 -4.59499979
v 6.75000000 -4.48500013 -4.12500000
v 2.75000000 0.00000000 -4.59499979
v -2.75000000 0.00000000 -4.59499979
v -4.75000000 0.00000000 -4.59499979
v 6.75000000 0.00000000 -4.12500000
v 2.75000000 0.44999999 -4.59499979
v 4.75000000 0.44999999 -4.59499979
v 4.75000000 0.44999999 -4.12500000
v 4.75000000 0.00000000 -4.12500000
v 2.75000000 0.00000000 -4.12500000
v 2.75000000 0.44999999 -4.12500000
v -4.75000000 0.44999999 -4.59499979
v -2.75000000 0.44999999 -4.59499979
v -2.75000000 0.44999999 -4.12500000
v -2.75000000 0.00000000 -4.12500000
v -4.75000000 0.00000000 -4.12500000
v -4.75000000 0.44999999 -4.12500000
v -6.75000000 -4.48500013 -4.59499979
v -6.75000000 0.00000000 -4.12500000
v -6.75000000 -4.48500013 -4.12500000
v -6.23500013 -4.48500013 -4.12500000
v -6.23500013 -8.51500034 -4.12500000
v -6.75000000 -13.00000000 -4.59499979
v -6.75000000 -8.51500034 -4.12500000
v -6.75000000 -13.00000000 -4.12500000
v -4.75000000 -13.44999981 -4.59499979
v -4.75000000 -13.44999981 -4.12500000
v -4.75000000 -13.00000000 -4.12500000
v -2.75000000 -13.44999981 -4.12500000
v -6.75000000 -8.51500034 4.12500000
v 2.75000000 -13.00000000 4.12500000
v -2.75000000 -13.00000000 4.12500000
v -2.75000000 -13.00000000 4.59499979
v -4.75000000 -13.00000000 4.12500000
v -2.75000000 -13.44999981 4.12500000
v 4.75000000 -13.44999981 4.12500000
v 2.75000000 -13.44999981 4.12500000
v 2.75000000 -13.44999981 4.59499979
v 4.75000000 -13.00000000 4.12500000
v 2.75000000 -13.00000000 4.59499979
v 4.75000000 -13.00000000 4.59499979
v 4.75000000 -13.44999981 4.59499979
v 6.75000000 -13.00000000 4.12500000
v 6.23500013 -8.51500034 4.12500000
v 6.75000000 -8.51500034 4.12500000
v 6.75000000 -13.00000000 4.59499979
v -6.23500013 -8.51500034 4.12500000
v 6.75000000 -8.51500034 4.59499979
v -6.23500013 -4.48500013 4.12500000
v 6.23500013 -4.48500013 4.12500000
v 6.23500013 -8.51500034 4.59499979
v -6.75000000 0.00000000 4.12500000
v 6.75000000 -4.48500013 4.12500000
v 6.23500013 -4.48500013 4.59499979
v 4.75000000 0.00000000 4.12500000
v 6.75000000 0.00000000 4.12500000
v 6.75000000 -4.48500013 4.59499979
v 2.75000000 0.00000000 4.12500000
v -2.75000000 0.00000000 4.12500000
v -4.75000000 0.00000000 4.12500000
v 6.75000000 0.00000000 4.59499979
v 2.75000000 0.44999999 4.12500000
v 4.75000000 0.44999999 4.12500000
v 4.75000000 0.44999999 4.59499979
v 4.75000000 0.00000000 4.59499979
v 2.75000000 0.00000000 4.59499979
v 2.75000000 0.44999999 4.59499979
v -4.75000000 0.44999999 4.12500000
v -2.75000000 0.44999999 4.12500000
v -2.75000000 0.44999999 4.59499979
v -2.75000000 0.00000000 4.59499979
v -4.75000000 0.00000000 4.59499979
v -4.75000000 0.44999999 4.59499979
v -6.75000000 -4.48500013 4.12500000
v -6.75000000 0.00000000 4.59499979
v -6.75000000 -4.48500013 4.59499979
v -6.23500013 -4.48500013 4.59499979
v -6.23500013 -8.51500034 4.59499979
v -6.75000000 -13.00000000 4.12500000
v -6.75000000 -8.51500034 4.59499979
v -6.75000000 -13.00000000 4.59499979
v -4.75000000 -13.44999981 4.12500000
v -4.75000000 -13.44999981 4.59499979
v -4.75000000 -13.00000000 4.59499979
v -2.75000000 -13.44999981 4.59499979
v 6.25000000 -13.47000027 -4.59499979
v 4.76499987 -13.47000027 -4.11000013
v 4.76499987 -13.47000027 -4.59499979
v 4.76499987 -13.00000000 -4.59499979
v 6.25000000 -13.00000000 -4.59499979
v 2.73499990 -13.47000027 4.17000008
v 2.73499990 -13.47000027 -4.11000013
v 4.76499987 -13.00000000 -4.11000013
v 4.76499987 -13.47000027 4.17000008
v -2.73499990 -13.47000027 4.65500021
v 2.73499990 -13.47000027 -4.59499979
v 2.73499990 -13.00000000 -4.11000013
v -2.73499990 -13.47000027 -4.11000013
v -2.73499990 -13.47000027 -4.59499979
v 2.73499990 -13.00000000 -4.59499979
v -2.73499990 -13.47000027 4.17000008
v -2.73499990 -13.00000000 -4.59499979
v -4.76499987 -13.47000027 4.17000008
v -4.76499987 -13.47000027 -4.11000013
v -2.73499990 -13.00000000 -4.11000013
v -6.25000000 -13.47000027 4.65500021
v -4.76499987 -13.47000027 -4.59499979
v -4.76499987 -13.00000000 -4.11000013
v -6.25000000 -13.47000027 -2.35999990
v -6.25000000 -13.47000027 -4.59499979
v -4.76499987 -13.00000000 -4.59499979
v -6.25000000 -13.47000027 2.35999990
v -6.25000000 -13.00000000 -4.59499979
v -6.69999981 -13.47000027 2.35999990
v -6.69999981 -13.47000027 -2.35999990
v -6.69999981 -13.00000000 -2.35999990
v -6.25000000 -13.00000000 -2.35999990
v -6.25000000 -13.00000000 2.35999990
v -6.69999981 -13.00000000 2.35999990
v -4.76499987 -13.47000027 4.65500021
v -6.25000000 -13.00000000 4.65500021
v -4.76499987 -13.00000000 4.65500021
v -4.76499987 -13.00000000 4.17000008
v -2.73499990 -13.00000000 4.17000008
v 2.73499990 -13.47000027 4.65500021
v -2.73499990 -13.00000000 4.65500021
v 2.73499990 -13.00000000 4.65500021
v 2.73499990 -13.00000000 4.17000008
v 4.76499987 -13.47000027 4.65500021
v 4.76499987 -13.00000000 4.17000008
v 6.25000000 -13.47000027 2.35999990
v 6.25000000 -13.47000027 4.65500021
v 4.76499987 -13.00000000 4.65500021
v 6.25000000 -13.47000027 -2.35999990
v 6.25000000 -13.00000000 4.65500021
v 6.69999981 -13.47000027 -2.35999990
v 6.69999981 -13.47000027 2.35999990
v 6.69999981 -13.00000000 2.35999990
v 6.25000000 -13.00000000 2.35999990
v 6.25000000 -13.00000000 -2.35999990
v 6.69999981 -13.00000000 -2.35999990
f 1 2 3
f 4 3 2
f 5 3 6
f 7 6 3
f 5 1 3
f 7 3 4
f 8 9 2
f 10 2 9
f 1 8 2
f 10 4 2
f 11 12 9
f 13 9 12
f 8 11 9
f 10 9 13
f 14 15 12
f 16 12 15
f 11 14 12
f 13 12 16
f 17 18 15
f 19 15 18
f 14 17 15
f 16 15 19
f 20 21 18
f 22 18 21
f 17 20 18
f 19 18 22
f 23 24 21
f 25 21 24
f 20 23 21
f 22 21 25
f 26 27 24
f 28 24 27
f 23 26 24
f 25 24 28
f 29 30 27
f 31 27 30
f 29 27 26
f 28 27 31
f 32 33 30
f 34 30 33
f 29 35 30
f 36 30 35
f 36 32 30
f 31 30 34
f 33 37 38
f 39 33 40
f 41 37 33
f 42 41 33
f 43 42 33
f 44 43 33
f 45 44 33
f 32 45 33
f 34 33 39
f 46 47 40
f 48 40 47
f 49 46 40
f 50 49 40
f 51 50 40
f 52 51 40
f 53 52 40
f 54 53 40
f 55 54 40
f 56 55 40
f 57 56 40
f 58 57 40
f 59 58 40
f 60 59 40
f 61 60 40
f 62 61 40
f 63 62 40
f 64 63 40
f 65 64 40
f 38 65 40
f 38 40 33
f 39 40 48
f 66 67 47
f 68 47 67
f 46 66 47
f 48 47 68
f 69 70 67
f 71 67 70
f 66 72 67
f 69 67 72
f 68 67 71
f 69 73 70
f 74 70 73
f 71 70 74
f 69 75 73
f 76 73 75
f 74 73 76
f 69 77 75
f 78 75 77
f 76 75 78
f 69 79 77
f 80 77 79
f 78 77 80
f 69 81 79
f 82 79 81
f 80 79 82
f 69 83 81
f 84 81 83
f 82 81 84
f 69 85 83
f 86 83 85
f 84 83 86
f 69 87 85
f 88 85 87
f 86 85 88
f 69 89 87
f 90 87 89
f 88 87 90
f 69 91 89
f 92 89 91
f 90 89 92
f 69 93 91
f 94 91 93
f 92 91 94
f 69 95 93
f 96 93 95
f 94 93 96
f 97 98 95
f 99 95 98
f 100 97 95
f 69 100 95
f 96 95 99
f 101 102 98
f 103 98 102
f 97 101 98
f 99 98 103
f 104 105 102
f 106 102 105
f 101 104 102
f 103 102 106
f 107 108 105
f 109 105 108
f 104 107 105
f 106 105 109
f 110 111 108
f 112 108 111
f 107 110 108
f 109 108 112
f 113 114 111
f 115 111 114
f 110 113 111
f 112 111 115
f 116 6 114
f 117 114 6
f 113 116 114
f 115 114 117
f 116 5 6
f 117 6 7
f 118 119 120
f 121 120 119
f 122 120 123
f 124 123 120
f 122 118 120
f 124 120 121
f 125 126 119
f 127 119 126
f 118 125 119
f 127 121 119
f 128 129 126
f 130 126 129
f 125 128 126
f 127 126 130
f 131 132 129
f 133 129 132
f 128 131 129
f 130 129 133
f 134 135 132
f 136 132 135
f 131 134 132
f 133 132 136
f 137 138 135
f 139 135 138
f 134 137 135
f 136 135 139
f 140 141 138
f 142 138 141
f 137 140 138
f 139 138 142
f 143 144 141
f 145 141 144
f 140 143 141
f 142 141 145
f 146 147 144
f 148 144 147
f 146 144 143
f 145 144 148
f 149 150 147
f 151 147 150
f 146 149 147
f 148 147 151
f 149 152 150
f 153 150 152
f 151 150 153
f 149 154 152
f 155 152 154
f 153 152 155
f 149 156 154
f 157 154 156
f 155 154 157
f 149 158 156
f 159 156 158
f 157 156 159
f 149 160 158
f 161 158 160
f 159 158 161
f 149 162 160
f 163 160 162
f 161 160 163
f 149 164 162
f 165 162 164
f 163 162 165
f 69 166 164
f 167 164 166
f 149 69 164
f 165 164 167
f 69 168 166
f 169 166 168
f 167 166 169
f 69 170 168
f 171 168 170
f 169 168 171
f 69 172 170
f 173 170 172
f 171 170 173
f 69 174 172
f 175 172 174
f 173 172 175
f 69 176 174
f 177 174 176
f 175 174 177
f 69 178 176
f 179 176 178
f 177 176 179
f 69 180 178
f 181 178 180
f 179 178 181
f 69 182 180
f 183 180 182
f 181 180 183
f 184 185 182
f 186 182 185
f 187 184 182
f 188 187 182
f 189 188 182
f 190 189 182
f 191 190 182
f 192 182 69
f 193 191 182
f 194 193 182
f 195 194 182
f 192 195 182
f 183 182 186
f 196 197 185
f 198 185 197
f 184 196 185
f 186 185 198
f 199 200 197
f 201 197 200
f 196 199 197
f 198 197 201
f 202 203 200
f 204 200 203
f 199 202 200
f 201 200 204
f 205 206 203
f 207 203 206
f 202 205 203
f 204 203 207
f 208 209 206
f 210 206 209
f 205 208 206
f 207 206 210
f 211 123 209
f 212 209 123
f 208 211 209
f 210 209 212
f 211 122 123
f 212 123 124
f 146 213 214
f 215 214 213
f 216 214 217
f 218 217 214
f 216 146 214
f 218 214 215
f 146 219 213
f 220 213 219
f 220 215 213
f 146 221 219
f 222 219 221
f 220 219 222
f 146 223 221
f 224 221 223
f 222 221 224
f 146 225 223
f 226 223 225
f 224 223 226
f 146 227 225
f 228 225 227
f 226 225 228
f 146 229 227
f 230 227 229
f 228 227 230
f 146 231 229
f 232 229 231
f 230 229 232
f 146 26 231
f 233 231 26
f 232 231 233
f 234 26 23
f 29 26 235
f 236 235 26
f 237 26 146
f 238 26 237
f 239 236 26
f 240 239 26
f 241 240 26
f 238 241 26
f 233 26 234
f 242 23 20
f 234 23 242
f 243 20 17
f 242 20 243
f 244 17 14
f 243 17 244
f 245 14 11
f 244 14 245
f 246 11 8
f 245 11 246
f 247 8 1
f 246 8 247
f 248 1 5
f 247 1 248
f 249 5 116
f 248 5 249
f 250 116 113
f 249 116 250
f 251 113 110
f 250 113 251
f 252 110 107
f 251 110 252
f 253 107 104
f 252 107 253
f 254 104 101
f 253 104 254
f 255 101 97
f 254 101 255
f 256 97 100
f 255 97 256
f 69 257 100
f 258 100 257
f 256 100 258
f 216 259 257
f 260 257 259
f 216 257 69
f 258 257 260
f 216 261 259
f 262 259 261
f 260 259 262
f 216 263 261
f 264 261 263
f 262 261 264
f 216 265 263
f 266 263 265
f 264 263 266
f 216 267 265
f 268 265 267
f 266 265 268
f 216 269 267
f 270 267 269
f 268 267 270
f 216 217 269
f 271 269 217
f 270 269 271
f 271 217 218
f 146 272 273
f 274 273 272
f 146 273 275
f 276 275 273
f 276 273 274
f 146 277 272
f 278 272 277
f 278 274 272
f 146 279 277
f 280 277 279
f 278 277 280
f 146 281 279
f 282 279 281
f 280 279 282
f 146 283 281
f 284 281 283
f 282 281 284
f 146 285 283
f 286 283 285
f 284 283 286
f 146 287 285
f 288 285 287
f 286 285 288
f 146 289 287
f 290 287 289
f 288 287 290
f 146 143 289
f 291 289 143
f 290 289 291
f 292 143 140
f 291 143 292
f 293 140 137
f 292 140 293
f 294 137 134
f 293 137 294
f 295 134 131
f 294 134 295
f 296 131 128
f 295 131 296
f 297 128 125
f 296 128 297
f 298 125 118
f 297 125 298
f 299 118 122
f 298 118 299
f 300 122 211
f 299 122 300
f 301 211 208
f 300 211 301
f 302 208 205
f 301 208 302
f 303 205 202
f 302 205 303
f 304 202 199
f 303 202 304
f 305 199 196
f 304 199 305
f 306 196 184
f 305 196 306
f 307 184 187
f 306 184 307
f 188 308 187
f 309 187 308
f 307 187 309
f 310 311 308
f 312 308 311
f 188 313 308
f 310 308 313
f 309 308 312
f 314 315 311
f 316 311 315
f 317 311 310
f 314 311 317
f 312 311 316
f 318 319 315
f 320 315 319
f 314 318 315
f 316 315 320
f 321 322 319
f 323 319 322
f 324 321 319
f 325 326 319
f 327 319 326
f 328 325 319
f 329 328 319
f 330 329 319
f 331 330 319
f 332 331 319
f 333 332 319
f 334 333 319
f 335 324 319
f 336 335 319
f 327 336 319
f 337 334 319
f 338 337 319
f 339 338 319
f 340 339 319
f 318 340 319
f 320 319 323
f 146 341 322
f 342 322 341
f 321 343 322
f 146 322 343
f 323 322 342
f 146 344 341
f 345 341 344
f 342 341 345
f 146 275 344
f 346 344 275
f 345 344 346
f 346 275 276
f 347 348 349
f 350 349 348
f 351 347 349
f 351 349 350
f 352 353 348
f 354 348 353
f 355 352 348
f 356 348 347
f 357 348 356
f 358 359 348
f 360 348 359
f 361 358 348
f 362 361 348
f 363 362 348
f 364 363 348
f 365 364 348
f 366 365 348
f 367 366 348
f 368 367 348
f 369 368 348
f 357 369 348
f 370 355 348
f 371 370 348
f 372 371 348
f 360 372 348
f 350 348 354
f 373 353 352
f 354 353 373
f 374 375 352
f 376 352 375
f 377 374 352
f 378 377 352
f 379 378 352
f 380 379 352
f 381 380 352
f 382 381 352
f 383 382 352
f 384 383 352
f 355 384 352
f 373 352 376
f 374 385 375
f 386 375 385
f 376 375 386
f 387 388 385
f 389 385 388
f 390 391 385
f 392 385 391
f 393 390 385
f 394 393 385
f 395 394 385
f 396 395 385
f 397 396 385
f 398 397 385
f 374 398 385
f 399 387 385
f 400 399 385
f 401 400 385
f 402 401 385
f 403 402 385
f 404 403 385
f 392 404 385
f 386 385 389
f 69 72 388
f 405 388 72
f 387 69 388
f 389 388 405
f 406 72 66
f 406 405 72
f 407 66 46
f 406 66 407
f 408 409 46
f 410 46 409
f 411 408 46
f 412 411 46
f 413 412 46
f 49 413 46
f 407 46 410
f 414 409 408
f 410 409 414
f 415 408 411
f 414 408 415
f 412 416 411
f 417 411 416
f 415 411 417
f 235 418 416
f 419 416 418
f 420 235 416
f 421 416 412
f 422 423 416
f 420 416 423
f 424 422 416
f 425 424 416
f 426 425 416
f 427 426 416
f 428 427 416
f 429 428 416
f 421 429 416
f 417 416 419
f 430 418 235
f 419 418 430
f 431 432 235
f 433 235 432
f 434 431 235
f 435 436 235
f 437 235 436
f 438 435 235
f 439 438 235
f 440 439 235
f 441 440 235
f 442 441 235
f 420 442 235
f 443 29 235
f 444 443 235
f 445 444 235
f 437 445 235
f 446 434 235
f 447 446 235
f 448 447 235
f 449 448 235
f 450 449 235
f 451 450 235
f 452 451 235
f 453 452 235
f 454 453 235
f 455 454 235
f 456 455 235
f 457 456 235
f 458 457 235
f 459 458 235
f 460 459 235
f 236 460 235
f 430 235 433
f 461 432 431
f 433 432 461
f 462 463 431
f 464 431 463
f 465 466 431
f 467 431 466
f 468 465 431
f 434 468 431
f 469 462 431
f 470 469 431
f 471 470 431
f 472 471 431
f 467 472 431
f 461 431 464
f 462 473 463
f 474 463 473
f 464 463 474
f 475 476 473
f 477 473 476
f 478 475 473
f 479 478 473
f 480 479 473
f 481 480 473
f 482 481 473
f 483 482 473
f 484 483 473
f 485 484 473
f 486 485 473
f 487 486 473
f 488 487 473
f 489 488 473
f 490 489 473
f 491 490 473
f 492 491 473
f 462 492 473
f 474 473 477
f 146 343 476
f 493 476 343
f 475 146 476
f 477 476 493
f 494 343 321
f 493 343 494
f 495 496 321
f 497 321 496
f 324 495 321
f 494 321 497
f 498 499 496
f 500 496 499
f 501 498 496
f 502 501 496
f 495 502 496
f 497 496 500
f 503 499 498
f 500 499 503
f 504 498 501
f 503 498 504
f 505 347 501
f 506 501 347
f 502 505 501
f 504 501 506
f 505 507 347
f 356 347 507
f 506 347 351
f 508 509 510
f 511 510 509
f 512 510 513
f 514 513 510
f 512 508 510
f 514 510 511
f 515 516 509
f 517 509 516
f 508 515 509
f 517 511 509
f 518 519 516
f 520 516 519
f 515 518 516
f 517 516 520
f 521 522 519
f 523 519 522
f 518 521 519
f 520 519 523
f 524 525 522
f 526 522 525
f 521 524 522
f 523 522 526
f 527 528 525
f 529 525 528
f 524 527 525
f 526 525 529
f 530 412 528
f 531 528 412
f 530 528 527
f 529 528 531
f 532 412 413
f 533 421 412
f 534 533 412
f 535 534 412
f 536 535 412
f 537 536 412
f 530 537 412
f 531 412 532
f 538 413 49
f 532 413 538
f 539 49 50
f 538 49 539
f 540 50 51
f 539 50 540
f 541 51 52
f 540 51 541
f 542 52 53
f 541 52 542
f 543 53 54
f 542 53 543
f 544 54 55
f 543 54 544
f 545 55 56
f 544 55 545
f 546 56 57
f 545 56 546
f 547 57 58
f 546 57 547
f 548 58 59
f 547 58 548
f 549 59 60
f 548 59 549
f 550 551 60
f 552 60 551
f 61 550 60
f 549 60 552
f 553 554 551
f 555 551 554
f 550 553 551
f 552 551 555
f 556 557 554
f 558 554 557
f 553 556 554
f 555 554 558
f 559 560 557
f 561 557 560
f 556 559 557
f 558 557 561
f 562 513 560
f 563 560 513
f 559 562 560
f 561 560 563
f 562 512 513
f 563 513 514
f 564 565 566
f 567 566 565
f 564 566 568
f 569 568 566
f 569 566 567
f 570 571 565
f 572 565 571
f 564 570 565
f 572 567 565
f 570 573 571
f 574 571 573
f 572 571 574
f 570 575 573
f 576 573 575
f 574 573 576
f 530 577 575
f 578 575 577
f 570 530 575
f 576 575 578
f 530 579 577
f 580 577 579
f 578 577 580
f 530 527 579
f 581 579 527
f 580 579 581
f 582 527 524
f 581 527 582
f 583 524 521
f 582 524 583
f 584 521 518
f 583 521 584
f 585 518 515
f 584 518 585
f 586 515 508
f 585 515 586
f 587 508 512
f 586 508 587
f 588 512 562
f 587 512 588
f 589 562 559
f 588 562 589
f 590 559 556
f 589 559 590
f 591 556 553
f 590 556 591
f 592 553 550
f 591 553 592
f 593 550 61
f 592 550 593
f 594 61 62
f 593 61 594
f 595 596 62
f 597 62 596
f 63 595 62
f 594 62 597
f 595 598 596
f 599 596 598
f 597 596 599
f 595 600 598
f 601 598 600
f 599 598 601
f 564 602 600
f 603 600 602
f 595 564 600
f 601 600 603
f 564 568 602
f 604 602 568
f 603 602 604
f 604 568 569
f 605 606 607
f 608 607 606
f 609 607 610
f 611 610 607
f 609 605 607
f 611 607 608
f 612 613 606
f 614 606 613
f 605 612 606
f 614 608 606
f 615 616 613
f 617 613 616
f 612 615 613
f 614 613 617
f 618 619 616
f 620 616 619
f 615 618 616
f 617 616 620
f 621 622 619
f 623 619 622
f 618 621 619
f 620 619 623
f 420 423 622
f 624 622 423
f 621 420 622
f 623 622 624
f 625 423 422
f 624 423 625
f 626 627 422
f 628 422 627
f 424 626 422
f 625 422 628
f 626 629 627
f 630 627 629
f 628 627 630
f 626 631 629
f 632 629 631
f 630 629 632
f 633 634 631
f 635 631 634
f 626 633 631
f 632 631 635
f 633 636 634
f 637 634 636
f 635 634 637
f 633 638 636
f 639 636 638
f 637 636 639
f 640 641 638
f 642 638 641
f 633 640 638
f 639 638 642
f 640 643 641
f 644 641 643
f 642 641 644
f 640 645 643
f 646 643 645
f 644 643 646
f 640 647 645
f 648 645 647
f 646 645 648
f 649 650 647
f 651 647 650
f 640 649 647
f 648 647 651
f 649 652 650
f 653 650 652
f 651 650 653
f 649 654 652
f 655 652 654
f 653 652 655
f 656 657 654
f 658 654 657
f 659 656 654
f 649 659 654
f 655 654 658
f 660 661 657
f 662 657 661
f 656 660 657
f 658 657 662
f 663 664 661
f 665 661 664
f 660 663 661
f 662 661 665
f 666 667 664
f 668 664 667
f 663 666 664
f 665 664 668
f 669 610 667
f 670 667 610
f 666 669 667
f 668 667 670
f 669 609 610
f 670 610 611
f 671 436 435
f 672 437 436
f 672 436 671
f 673 435 438
f 673 671 435
f 674 438 439
f 673 438 674
f 675 439 440
f 674 439 675
f 676 440 441
f 675 440 676
f 677 441 442
f 676 441 677
f 678 442 420
f 677 442 678
f 679 420 621
f 678 420 679
f 680 621 618
f 679 621 680
f 681 618 615
f 680 618 681
f 682 615 612
f 681 615 682
f 683 612 605
f 682 612 683
f 684 605 609
f 683 605 684
f 685 609 669
f 684 609 685
f 686 669 666
f 685 669 686
f 687 666 663
f 686 666 687
f 688 663 660
f 687 663 688
f 689 660 656
f 688 660 689
f 690 656 659
f 689 656 690
f 649 35 659
f 691 659 35
f 690 659 691
f 692 35 29
f 693 35 649
f 694 36 35
f 695 694 35
f 696 695 35
f 697 696 35
f 698 697 35
f 699 698 35
f 700 699 35
f 693 700 35
f 691 35 692
f 701 29 443
f 692 29 701
f 702 443 444
f 701 443 702
f 703 444 445
f 702 444 703
f 704 445 437
f 703 445 704
f 704 437 672
f 705 706 707
f 708 707 706
f 709 707 710
f 711 710 707
f 712 705 707
f 709 712 707
f 711 707 708
f 713 714 706
f 715 706 714
f 705 713 706
f 715 708 706
f 716 717 714
f 718 714 717
f 713 716 714
f 715 714 718
f 719 720 717
f 721 717 720
f 716 719 717
f 718 717 721
f 719 722 720
f 723 720 722
f 721 720 723
f 724 725 722
f 726 722 725
f 719 724 722
f 723 722 726
f 724 727 725
f 728 725 727
f 726 725 728
f 729 730 727
f 731 727 730
f 732 729 727
f 724 732 727
f 728 727 731
f 733 734 730
f 735 730 734
f 729 733 730
f 731 730 735
f 733 736 734
f 737 734 736
f 735 734 737
f 738 739 736
f 740 736 739
f 738 736 733
f 737 736 740
f 738 741 739
f 742 739 741
f 740 739 742
f 743 744 741
f 745 741 744
f 738 743 741
f 742 741 745
f 746 747 744
f 748 744 747
f 749 746 744
f 743 749 744
f 745 744 748
f 750 751 747
f 752 747 751
f 753 750 747
f 754 753 747
f 755 754 747
f 746 755 747
f 748 747 752
f 756 757 751
f 758 751 757
f 750 756 751
f 752 751 758
f 759 760 757
f 761 757 760
f 756 759 757
f 758 757 761
f 762 763 760
f 764 760 763
f 759 762 760
f 761 760 764
f 765 766 763
f 767 763 766
f 762 765 763
f 764 763 767
f 768 769 766
f 770 766 769
f 765 768 766
f 767 766 770
f 356 507 769
f 771 769 507
f 768 356 769
f 770 769 771
f 772 773 507
f 774 507 773
f 505 772 507
f 771 507 774
f 775 776 773
f 777 773 776
f 772 775 773
f 774 773 777
f 778 779 776
f 780 776 779
f 775 778 776
f 777 776 780
f 781 782 779
f 783 779 782
f 778 781 779
f 780 779 783
f 784 785 782
f 786 782 785
f 781 784 782
f 783 782 786
f 787 710 785
f 788 785 710
f 784 787 785
f 786 785 788
f 789 710 787
f 790 710 789
f 791 709 710
f 790 791 710
f 788 710 711
f 792 326 325
f 793 327 326
f 793 326 792
f 794 325 328
f 794 792 325
f 795 328 329
f 794 328 795
f 796 329 330
f 795 329 796
f 797 330 331
f 796 330 797
f 798 331 332
f 797 331 798
f 799 332 333
f 798 332 799
f 800 801 333
f 802 333 801
f 334 800 333
f 799 333 802
f 803 804 801
f 805 801 804
f 800 803 801
f 802 801 805
f 803 806 804
f 807 804 806
f 805 804 807
f 808 809 806
f 810 806 809
f 808 806 803
f 807 806 810
f 808 811 809
f 812 809 811
f 810 809 812
f 813 814 811
f 815 811 814
f 808 813 811
f 812 811 815
f 816 817 814
f 818 814 817
f 819 816 814
f 813 819 814
f 815 814 818
f 789 787 817
f 820 817 787
f 821 789 817
f 822 821 817
f 816 822 817
f 818 817 820
f 823 787 784
f 820 787 823
f 824 784 781
f 823 784 824
f 825 781 778
f 824 781 825
f 826 778 775
f 825 778 826
f 827 775 772
f 826 775 827
f 828 772 505
f 827 772 828
f 829 505 502
f 828 505 829
f 830 502 495
f 829 502 830
f 831 495 324
f 830 495 831
f 832 324 335
f 831 324 832
f 833 335 336
f 832 335 833
f 834 336 327
f 833 336 834
f 834 327 793
f 835 836 837
f 838 837 836
f 839 837 750
f 840 750 837
f 841 835 837
f 839 841 837
f 840 837 838
f 842 843 836
f 844 836 843
f 835 842 836
f 844 838 836
f 845 846 843
f 847 843 846
f 842 845 843
f 844 843 847
f 848 849 846
f 850 846 849
f 845 848 846
f 847 846 850
f 848 851 849
f 852 849 851
f 850 849 852
f 853 854 851
f 855 851 854
f 848 853 851
f 852 851 855
f 853 313 854
f 856 854 313
f 855 854 856
f 857 313 188
f 858 310 313
f 859 858 313
f 860 859 313
f 861 860 313
f 862 861 313
f 853 862 313
f 856 313 857
f 863 188 189
f 857 188 863
f 864 189 190
f 863 189 864
f 191 865 190
f 866 190 865
f 864 190 866
f 191 867 865
f 868 865 867
f 866 865 868
f 191 869 867
f 870 867 869
f 868 867 870
f 191 871 869
f 872 869 871
f 870 869 872
f 191 873 871
f 874 871 873
f 872 871 874
f 191 875 873
f 876 873 875
f 874 873 876
f 191 877 875
f 878 875 877
f 876 875 878
f 191 879 877
f 880 877 879
f 878 877 880
f 879 191 357
f 881 879 882
f 880 879 881
f 357 883 882
f 884 882 883
f 357 882 879
f 881 882 884
f 357 356 883
f 885 883 356
f 884 883 885
f 886 356 768
f 885 356 886
f 887 768 765
f 886 768 887
f 888 765 762
f 887 765 888
f 889 762 759
f 888 762 889
f 890 759 756
f 889 759 890
f 891 756 750
f 890 756 891
f 892 839 750
f 893 892 750
f 753 893 750
f 891 750 840
f 894 895 896
f 897 896 895
f 898 896 899
f 900 899 896
f 898 894 896
f 900 896 897
f 901 902 895
f 903 895 902
f 894 901 895
f 903 897 895
f 904 905 902
f 906 902 905
f 901 904 902
f 903 902 906
f 907 908 905
f 909 905 908
f 904 907 905
f 906 905 909
f 910 911 908
f 912 908 911
f 907 910 908
f 909 908 912
f 913 914 911
f 915 911 914
f 910 913 911
f 912 911 915
f 317 310 914
f 916 914 310
f 913 317 914
f 915 914 916
f 917 310 858
f 916 310 917
f 918 858 859
f 917 858 918
f 919 859 860
f 918 859 919
f 920 860 861
f 919 860 920
f 921 861 862
f 920 861 921
f 922 862 853
f 921 862 922
f 923 853 848
f 922 853 923
f 924 848 845
f 923 848 924
f 925 845 842
f 924 845 925
f 926 842 835
f 925 842 926
f 927 835 841
f 926 835 927
f 928 841 839
f 927 841 928
f 929 839 892
f 928 839 929
f 930 892 893
f 929 892 930
f 931 932 893
f 933 893 932
f 753 931 893
f 930 893 933
f 934 935 932
f 936 932 935
f 931 934 932
f 933 932 936
f 937 938 935
f 939 935 938
f 934 937 935
f 936 935 939
f 940 941 938
f 942 938 941
f 937 940 938
f 939 938 942
f 943 944 941
f 945 941 944
f 940 943 941
f 942 941 945
f 946 899 944
f 947 944 899
f 943 946 944
f 945 944 947
f 946 898 899
f 947 899 900
f 948 733 729
f 949 738 733
f 949 733 948
f 732 950 729
f 951 729 950
f 951 948 729
f 952 953 950
f 954 950 953
f 732 952 950
f 951 950 954
f 955 956 953
f 957 953 956
f 952 955 953
f 954 953 957
f 958 959 956
f 960 956 959
f 955 958 956
f 957 956 960
f 961 962 959
f 963 959 962
f 958 961 959
f 960 959 963
f 314 317 962
f 964 962 317
f 961 314 962
f 963 962 964
f 965 317 913
f 964 317 965
f 966 913 910
f 965 913 966
f 967 910 907
f 966 910 967
f 968 907 904
f 967 907 968
f 969 904 901
f 968 904 969
f 970 901 894
f 969 901 970
f 971 894 898
f 970 894 971
f 972 898 946
f 971 898 972
f 973 946 943
f 972 946 973
f 974 943 940
f 973 943 974
f 975 940 937
f 974 940 975
f 976 937 934
f 975 937 976
f 977 934 931
f 976 934 977
f 978 931 753
f 977 931 978
f 979 753 754
f 978 753 979
f 980 754 755
f 979 754 980
f 981 755 746
f 980 755 981
f 982 746 749
f 981 746 982
f 983 749 743
f 982 749 983
f 984 743 738
f 983 743 984
f 984 738 949
f 985 803 800
f 986 808 803
f 986 803 985
f 987 800 334
f 987 985 800
f 988 334 337
f 987 334 988
f 989 337 338
f 988 337 989
f 990 338 339
f 989 338 990
f 991 339 340
f 990 339 991
f 992 340 318
f 991 340 992
f 993 994 318
f 995 318 994
f 314 993 318
f 992 318 995
f 996 997 994
f 998 994 997
f 993 996 994
f 995 994 998
f 999 1000 997
f 1001 997 1000
f 996 999 997
f 998 997 1001
f 1002 1003 1000
f 1004 1000 1003
f 999 1002 1000
f 1001 1000 1004
f 1005 1006 1003
f 1007 1003 1006
f 1002 1005 1003
f 1004 1003 1007
f 1008 1009 1006
f 1010 1006 1009
f 1005 1008 1006
f 1007 1006 1010
f 1011 1012 1009
f 1013 1009 1012
f 1008 1011 1009
f 1010 1009 1013
f 1014 1015 1012
f 1016 1012 1015
f 1014 1012 1011
f 1013 1012 1016
f 1017 1018 1015
f 1019 1015 1018
f 1014 1017 1015
f 1016 1015 1019
f 1020 1021 1018
f 1022 1018 1021
f 1017 1020 1018
f 1019 1018 1022
f 1023 1024 1021
f 1025 1021 1024
f 1020 1023 1021
f 1022 1021 1025
f 1026 1027 1024
f 1028 1024 1027
f 1023 1026 1024
f 1025 1024 1028
f 1029 1030 1027
f 1031 1027 1030
f 1026 1029 1027
f 1028 1027 1031
f 790 789 1030
f 1032 1030 789
f 1029 790 1030
f 1031 1030 1032
f 1033 789 821
f 1032 789 1033
f 1034 821 822
f 1033 821 1034
f 1035 822 816
f 1034 822 1035
f 1036 816 819
f 1035 816 1036
f 1037 819 813
f 1036 819 1037
f 1038 813 808
f 1037 813 1038
f 1038 808 986
f 1039 1011 1008
f 1040 1014 1011
f 1040 1011 1039
f 1041 1008 1005
f 1041 1039 1008
f 1042 1005 1002
f 1041 1005 1042
f 1043 1002 999
f 1042 1002 1043
f 1044 999 996
f 1043 999 1044
f 1045 996 993
f 1044 996 1045
f 1046 993 314
f 1045 993 1046
f 1047 314 961
f 1046 314 1047
f 1048 961 958
f 1047 961 1048
f 1049 958 955
f 1048 958 1049
f 1050 955 952
f 1049 955 1050
f 1051 952 732
f 1050 952 1051
f 1052 732 724
f 1051 732 1052
f 1053 724 719
f 1052 724 1053
f 1054 719 716
f 1053 719 1054
f 1055 716 713
f 1054 716 1055
f 1056 713 705
f 1055 713 1056
f 1057 705 712
f 1056 705 1057
f 1058 712 709
f 1057 712 1058
f 1059 709 791
f 1058 709 1059
f 1060 791 790
f 1059 791 1060
f 1061 790 1029
f 1060 790 1061
f 1062 1029 1026
f 1061 1029 1062
f 1063 1026 1023
f 1062 1026 1063
f 1064 1023 1020
f 1063 1023 1064
f 1065 1020 1017
f 1064 1020 1065
f 1066 1017 1014
f 1065 1017 1066
f 1066 1014 1040
f 1067 69 149
f 1068 216 69
f 1069 1068 69
f 1070 1071 69
f 382 69 1071
f 1072 1070 69
f 1073 1072 69
f 1074 1073 69
f 1075 1074 69
f 1076 1075 69
f 1077 1076 69
f 1078 1077 69
f 387 1078 69
f 1079 192 69
f 1080 1079 69
f 1081 1080 69
f 1082 1081 69
f 1083 1082 69
f 1084 1083 69
f 1085 1084 69
f 382 1085 69
f 1069 69 1067
f 1086 1087 149
f 1088 149 1087
f 146 1086 149
f 1067 149 1088
f 1089 1090 1087
f 1091 1087 1090
f 1086 1089 1087
f 1088 1087 1091
f 1092 1093 1090
f 1094 1090 1093
f 1089 1092 1090
f 1091 1090 1094
f 1095 1096 1093
f 1097 1093 1096
f 1092 1095 1093
f 1094 1093 1097
f 1098 1099 1096
f 1100 1096 1099
f 1095 1098 1096
f 1097 1096 1100
f 1101 1102 1099
f 1103 1099 1102
f 1098 1101 1099
f 1100 1099 1103
f 1104 1105 1102
f 1106 1102 1105
f 1101 1104 1102
f 1103 1102 1106
f 1107 1108 1105
f 1109 1105 1108
f 1104 1107 1105
f 1106 1105 1109
f 1110 1111 1108
f 1112 1108 1111
f 1107 1110 1108
f 1109 1108 1112
f 1113 1114 1111
f 1115 1111 1114
f 1110 1113 1111
f 1112 1111 1115
f 1116 1114 1113
f 1115 1114 1116
f 1117 1113 1110
f 1116 1113 1117
f 1118 1110 1107
f 1117 1110 1118
f 1119 1107 1104
f 1118 1107 1119
f 1120 1104 1101
f 1119 1104 1120
f 1121 1101 1098
f 1120 1101 1121
f 1122 1098 1095
f 1121 1098 1122
f 1123 1095 1092
f 1122 1095 1123
f 1124 1092 1089
f 1123 1092 1124
f 1125 1089 1086
f 1124 1089 1125
f 1126 1086 146
f 1125 1086 1126
f 1127 146 216
f 1128 237 146
f 1129 1128 146
f 1130 1129 146
f 1131 1130 146
f 1132 1131 146
f 1133 1132 146
f 1134 1133 146
f 466 1134 146
f 1135 466 146
f 1136 1137 146
f 1135 146 1137
f 1138 1136 146
f 1139 1138 146
f 1140 1139 146
f 1141 1140 146
f 1142 1141 146
f 1143 1142 146
f 475 1143 146
f 1126 146 1127
f 1068 1144 216
f 1145 216 1144
f 1127 216 1145
f 1146 1147 1144
f 1148 1144 1147
f 1068 1146 1144
f 1145 1144 1148
f 1149 1150 1147
f 1151 1147 1150
f 1146 1149 1147
f 1148 1147 1151
f 1152 1153 1150
f 1154 1150 1153
f 1149 1152 1150
f 1151 1150 1154
f 1155 1156 1153
f 1157 1153 1156
f 1152 1155 1153
f 1154 1153 1157
f 1158 1159 1156
f 1160 1156 1159
f 1155 1158 1156
f 1157 1156 1160
f 1161 1162 1159
f 1163 1159 1162
f 1158 1161 1159
f 1160 1159 1163
f 1164 1165 1162
f 1166 1162 1165
f 1161 1164 1162
f 1163 1162 1166
f 1167 1168 1165
f 1169 1165 1168
f 1164 1167 1165
f 1166 1165 1169
f 1170 1171 1168
f 1172 1168 1171
f 1167 1170 1168
f 1169 1168 1172
f 1173 1171 1170
f 1172 1171 1173
f 1174 1170 1167
f 1173 1170 1174
f 1175 1167 1164
f 1175 1174 1167
f 1176 1164 1161
f 1175 1164 1176
f 1177 1161 1158
f 1176 1161 1177
f 1178 1158 1155
f 1177 1158 1178
f 1179 1155 1152
f 1178 1155 1179
f 1180 1152 1149
f 1179 1152 1180
f 1181 1149 1146
f 1180 1149 1181
f 1182 1146 1068
f 1181 1146 1182
f 1182 1068 1069
f 1183 649 640
f 1184 693 649
f 1184 649 1183
f 1185 640 633
f 1185 1183 640
f 1186 633 626
f 1185 633 1186
f 1187 626 424
f 1186 626 1187
f 1188 424 425
f 1187 424 1188
f 1189 425 426
f 1188 425 1189
f 1190 426 427
f 1189 426 1190
f 1191 427 428
f 1190 427 1191
f 1192 428 429
f 1191 428 1192
f 1193 429 421
f 1192 429 1193
f 1194 421 533
f 1193 421 1194
f 1195 533 534
f 1194 533 1195
f 1196 534 535
f 1195 534 1196
f 1197 535 536
f 1196 535 1197
f 1198 536 537
f 1197 536 1198
f 1199 537 530
f 1198 537 1199
f 1200 530 570
f 1199 530 1200
f 1201 570 564
f 1200 570 1201
f 1202 564 595
f 1201 564 1202
f 1203 595 63
f 1202 595 1203
f 1204 63 64
f 1203 63 1204
f 1205 64 65
f 1204 64 1205
f 1206 65 38
f 1205 65 1206
f 1207 38 37
f 1206 38 1207
f 1208 37 41
f 1207 37 1208
f 1209 41 42
f 1208 41 1209
f 1210 42 43
f 1209 42 1210
f 1211 43 44
f 1210 43 1211
f 1212 44 45
f 1211 44 1212
f 1213 45 32
f 1212 45 1213
f 1214 32 36
f 1213 32 1214
f 1215 36 694
f 1214 36 1215
f 1216 694 695
f 1215 694 1216
f 1217 695 696
f 1216 695 1217
f 1218 696 697
f 1217 696 1218
f 1219 697 698
f 1218 697 1219
f 1220 698 699
f 1219 698 1220
f 1221 699 700
f 1220 699 1221
f 1222 700 693
f 1221 700 1222
f 1222 693 1184
f 1223 237 1128
f 1224 238 237
f 1224 237 1223
f 1225 1128 1129
f 1225 1223 1128
f 1226 1129 1130
f 1225 1129 1226
f 1227 1130 1131
f 1226 1130 1227
f 1228 1131 1132
f 1227 1131 1228
f 1229 1132 1133
f 1228 1132 1229
f 1230 1133 1134
f 1229 1133 1230
f 1231 1134 466
f 1230 1134 1231
f 1232 466 465
f 1233 467 466
f 1135 1233 466
f 1231 466 1232
f 1234 465 468
f 1232 465 1234
f 1235 468 434
f 1234 468 1235
f 1236 434 446
f 1235 434 1236
f 1237 446 447
f 1236 446 1237
f 1238 447 448
f 1237 447 1238
f 1239 448 449
f 1238 448 1239
f 1240 449 450
f 1239 449 1240
f 1241 450 451
f 1240 450 1241
f 1242 451 452
f 1241 451 1242
f 1243 452 453
f 1242 452 1243
f 1244 453 454
f 1243 453 1244
f 1245 454 455
f 1244 454 1245
f 1246 455 456
f 1245 455 1246
f 1247 456 457
f 1246 456 1247
f 1248 457 458
f 1247 457 1248
f 1249 458 459
f 1248 458 1249
f 1250 459 460
f 1249 459 1250
f 1251 460 236
f 1250 460 1251
f 1252 236 239
f 1251 236 1252
f 1253 239 240
f 1252 239 1253
f 1254 240 241
f 1253 240 1254
f 1255 241 238
f 1254 241 1255
f 1255 238 1224
f 1256 1137 1136
f 1257 1135 1137
f 1257 1137 1256
f 1258 1136 1138
f 1258 1256 1136
f 1259 1138 1139
f 1258 1138 1259
f 1260 1139 1140
f 1259 1139 1260
f 1261 1140 1141
f 1260 1140 1261
f 1262 1141 1142
f 1261 1141 1262
f 1263 1142 1143
f 1262 1142 1263
f 1264 1143 475
f 1263 1143 1264
f 1265 475 478
f 1264 475 1265
f 1266 478 479
f 1265 478 1266
f 1267 479 480
f 1266 479 1267
f 1268 480 481
f 1267 480 1268
f 1269 481 482
f 1268 481 1269
f 1270 482 483
f 1269 482 1270
f 1271 483 484
f 1270 483 1271
f 1272 484 485
f 1271 484 1272
f 1273 485 486
f 1272 485 1273
f 1274 486 487
f 1273 486 1274
f 1275 487 488
f 1274 487 1275
f 1276 488 489
f 1275 488 1276
f 1277 489 490
f 1276 489 1277
f 1278 490 491
f 1277 490 1278
f 1279 491 492
f 1278 491 1279
f 1280 492 462
f 1279 492 1280
f 1281 462 469
f 1280 462 1281
f 1282 469 470
f 1281 469 1282
f 1283 470 471
f 1282 470 1283
f 1284 471 472
f 1283 471 1284
f 1285 472 467
f 1284 472 1285
f 1286 467 1233
f 1285 467 1286
f 1287 1233 1135
f 1286 1233 1287
f 1287 1135 1257
f 1288 391 390
f 1289 392 391
f 1289 391 1288
f 1290 390 393
f 1290 1288 390
f 1291 393 394
f 1290 393 1291
f 1292 394 395
f 1291 394 1292
f 1293 395 396
f 1292 395 1293
f 1294 396 397
f 1293 396 1294
f 1295 397 398
f 1294 397 1295
f 1296 398 374
f 1295 398 1296
f 1297 374 377
f 1296 374 1297
f 1298 377 378
f 1297 377 1298
f 1299 378 379
f 1298 378 1299
f 1300 379 380
f 1299 379 1300
f 1301 380 381
f 1300 380 1301
f 382 1302 381
f 1303 381 1302
f 1301 381 1303
f 382 1071 1302
f 1304 1302 1071
f 1303 1302 1304
f 1305 1071 1070
f 1304 1071 1305
f 1306 1070 1072
f 1305 1070 1306
f 1307 1072 1073
f 1306 1072 1307
f 1308 1073 1074
f 1307 1073 1308
f 1309 1074 1075
f 1308 1074 1309
f 1310 1075 1076
f 1309 1075 1310
f 1311 1076 1077
f 1310 1076 1311
f 1312 1077 1078
f 1311 1077 1312
f 1313 1078 387
f 1312 1078 1313
f 1314 387 399
f 1313 387 1314
f 1315 399 400
f 1314 399 1315
f 1316 400 401
f 1315 400 1316
f 1317 401 402
f 1316 401 1317
f 1318 402 403
f 1317 402 1318
f 1319 403 404
f 1318 403 1319
f 1320 404 392
f 1319 404 1320
f 1320 392 1289
f 1321 359 358
f 1322 360 359
f 1322 359 1321
f 1323 358 361
f 1323 1321 358
f 1324 361 362
f 1323 361 1324
f 1325 362 363
f 1324 362 1325
f 1326 363 364
f 1325 363 1326
f 1327 364 365
f 1326 364 1327
f 1328 365 366
f 1327 365 1328
f 1329 366 367
f 1328 366 1329
f 1330 367 368
f 1329 367 1330
f 1331 368 369
f 1330 368 1331
f 1332 369 357
f 1331 369 1332
f 1333 357 191
f 1332 357 1333
f 1334 191 193
f 1333 191 1334
f 1335 193 194
f 1334 193 1335
f 1336 194 195
f 1335 194 1336
f 1337 195 192
f 1336 195 1337
f 1338 192 1079
f 1337 192 1338
f 1339 1079 1080
f 1338 1079 1339
f 1340 1080 1081
f 1339 1080 1340
f 1341 1081 1082
f 1340 1081 1341
f 1342 1082 1083
f 1341 1082 1342
f 1343 1083 1084
f 1342 1083 1343
f 1344 1084 1085
f 1343 1084 1344
f 1345 1085 382
f 1344 1085 1345
f 1346 382 383
f 1345 382 1346
f 1347 383 384
f 1346 383 1347
f 1348 384 355
f 1347 384 1348
f 1349 355 370
f 1348 355 1349
f 1350 370 371
f 1349 370 1350
f 1351 371 372
f 1350 371 1351
f 1352 372 360
f 1351 372 1352
f 1352 360 1322
f 250 7 4
f 249 4 10
f 249 250 4
f 251 117 7
f 250 251 7
f 252 115 117
f 251 252 117
f 253 112 115
f 252 253 115
f 254 109 112
f 253 254 112
f 255 106 109
f 254 255 109
f 256 103 106
f 255 256 106
f 258 99 103
f 256 258 103
f 1145 96 99
f 1145 99 258
f 1067 94 96
f 1067 96 1145
f 1067 92 94
f 1067 90 92
f 1067 88 90
f 1067 86 88
f 1067 84 86
f 1067 82 84
f 1067 80 82
f 1088 78 80
f 1067 1088 80
f 1088 76 78
f 1088 74 76
f 1088 71 74
f 1088 68 71
f 1088 48 68
f 1088 39 48
f 1088 34 39
f 1088 31 34
f 242 28 31
f 234 242 31
f 548 234 31
f 548 31 405
f 1311 405 31
f 1306 31 1088
f 1310 1311 31
f 1309 1310 31
f 1308 1309 31
f 1307 1308 31
f 1306 1307 31
f 243 25 28
f 242 243 28
f 244 22 25
f 243 244 25
f 245 19 22
f 244 245 22
f 246 16 19
f 245 246 19
f 247 13 16
f 246 247 16
f 248 10 13
f 247 248 13
f 248 249 10
f 301 124 121
f 300 121 127
f 300 301 121
f 302 212 124
f 301 302 124
f 303 210 212
f 302 303 212
f 304 207 210
f 303 304 210
f 305 204 207
f 304 305 207
f 306 201 204
f 305 306 204
f 307 198 201
f 306 307 201
f 309 186 198
f 307 309 198
f 799 183 186
f 799 186 309
f 995 181 183
f 799 802 183
f 995 183 802
f 965 179 181
f 1047 965 181
f 1047 181 995
f 917 177 179
f 965 917 179
f 351 175 177
f 881 351 177
f 880 881 177
f 878 880 177
f 876 878 177
f 874 876 177
f 872 874 177
f 870 872 177
f 868 870 177
f 866 868 177
f 864 866 177
f 863 864 177
f 857 863 177
f 922 857 177
f 921 922 177
f 920 921 177
f 919 920 177
f 918 919 177
f 917 918 177
f 1088 173 175
f 351 350 175
f 1088 175 350
f 1088 171 173
f 1088 169 171
f 1088 167 169
f 1088 165 167
f 1088 163 165
f 1088 161 163
f 1088 159 161
f 1088 157 159
f 1088 155 157
f 1088 153 155
f 1088 151 153
f 1088 148 151
f 293 145 148
f 292 293 148
f 1088 292 148
f 294 142 145
f 293 294 145
f 295 139 142
f 294 295 142
f 296 136 139
f 295 296 139
f 297 133 136
f 296 297 136
f 298 130 133
f 297 298 133
f 299 127 130
f 298 299 130
f 299 300 127
f 1145 218 215
f 1145 215 220
f 1145 271 218
f 1145 270 271
f 1145 268 270
f 1145 266 268
f 1145 264 266
f 1145 262 264
f 1145 260 262
f 1145 258 260
f 548 233 234
f 1214 232 233
f 548 549 233
f 1213 233 549
f 1213 1214 233
f 232 1220 1221
f 1219 1220 232
f 1218 1219 232
f 1217 1218 232
f 1216 1217 232
f 1215 1216 232
f 1214 1215 232
f 417 228 230
f 676 417 230
f 655 658 230
f 691 230 658
f 1183 655 230
f 672 671 230
f 673 230 671
f 704 672 230
f 703 704 230
f 702 703 230
f 701 702 230
f 692 701 230
f 691 692 230
f 675 676 230
f 674 675 230
f 673 674 230
f 1184 1183 230
f 1222 1184 230
f 1221 1222 230
f 1221 230 232
f 419 226 228
f 417 419 228
f 1145 224 226
f 419 430 226
f 1145 226 430
f 1145 222 224
f 1145 220 222
f 1145 276 274
f 1127 274 278
f 1127 1145 274
f 1145 346 276
f 1145 345 346
f 1145 342 345
f 1145 323 342
f 1145 320 323
f 1145 316 320
f 1145 312 316
f 1145 309 312
f 798 799 309
f 797 798 309
f 1261 797 309
f 1256 309 1145
f 1258 309 1256
f 1260 1261 309
f 1259 1260 309
f 1258 1259 309
f 1088 291 292
f 1127 290 291
f 1088 1127 291
f 1127 288 290
f 1127 286 288
f 1127 284 286
f 1127 282 284
f 1127 280 282
f 1127 278 280
f 386 389 405
f 1294 386 405
f 406 407 405
f 531 405 407
f 547 548 405
f 546 547 405
f 545 546 405
f 544 545 405
f 543 544 405
f 542 543 405
f 541 542 405
f 540 541 405
f 539 540 405
f 538 539 405
f 532 538 405
f 531 532 405
f 1289 1288 405
f 1290 405 1288
f 1320 1289 405
f 1319 1320 405
f 1318 1319 405
f 1317 1318 405
f 1316 1317 405
f 1315 1316 405
f 1314 1315 405
f 1313 1314 405
f 1312 1313 405
f 1311 1312 405
f 1293 1294 405
f 1292 1293 405
f 1291 1292 405
f 1290 1291 405
f 1346 376 386
f 1296 1297 386
f 1341 386 1297
f 1295 1296 386
f 1294 1295 386
f 1345 1346 386
f 1344 1345 386
f 1343 1344 386
f 1342 1343 386
f 1341 1342 386
f 1346 373 376
f 1330 354 373
f 1322 1321 373
f 1323 373 1321
f 1352 1322 373
f 1351 1352 373
f 1350 1351 373
f 1349 1350 373
f 1348 1349 373
f 1347 1348 373
f 1346 1347 373
f 1329 1330 373
f 1328 1329 373
f 1327 1328 373
f 1326 1327 373
f 1325 1326 373
f 1324 1325 373
f 1323 1324 373
f 1088 350 354
f 1330 1088 354
f 884 506 351
f 881 884 351
f 503 504 506
f 500 503 506
f 885 500 506
f 884 885 506
f 886 497 500
f 885 886 500
f 493 494 497
f 829 493 497
f 829 497 774
f 886 774 497
f 474 477 493
f 1278 474 493
f 1262 493 829
f 1277 1278 493
f 1276 1277 493
f 1275 1276 493
f 1274 1275 493
f 1273 1274 493
f 1272 1273 493
f 1271 1272 493
f 1270 1271 493
f 1269 1270 493
f 1268 1269 493
f 1267 1268 493
f 1266 1267 493
f 1265 1266 493
f 1264 1265 493
f 1263 1264 493
f 1262 1263 493
f 1232 464 474
f 1231 1232 474
f 1230 1231 474
f 1229 1230 474
f 1228 1229 474
f 1227 1228 474
f 1281 1227 474
f 1280 1281 474
f 1279 1280 474
f 1278 1279 474
f 1232 461 464
f 1249 433 461
f 1248 1249 461
f 1247 1248 461
f 1246 1247 461
f 1245 1246 461
f 1244 1245 461
f 1243 1244 461
f 1242 1243 461
f 1241 1242 461
f 1240 1241 461
f 1239 1240 461
f 1238 1239 461
f 1237 1238 461
f 1236 1237 461
f 1235 1236 461
f 1234 1235 461
f 1232 1234 461
f 1145 430 433
f 1249 1145 433
f 414 415 417
f 410 414 417
f 678 410 417
f 677 678 417
f 676 677 417
f 678 407 410
f 582 531 407
f 581 582 407
f 1200 581 407
f 1194 407 678
f 1199 1200 407
f 1198 1199 407
f 1197 1198 407
f 1196 1197 407
f 1195 1196 407
f 1194 1195 407
f 589 514 511
f 588 511 517
f 588 589 511
f 590 563 514
f 589 590 514
f 591 561 563
f 590 591 563
f 592 558 561
f 591 592 561
f 593 555 558
f 592 593 558
f 594 552 555
f 593 594 555
f 1204 549 552
f 1204 552 594
f 1212 1213 549
f 1211 1212 549
f 1210 1211 549
f 1209 1210 549
f 1208 1209 549
f 1207 1208 549
f 1206 1207 549
f 1205 1206 549
f 1204 1205 549
f 583 529 531
f 582 583 531
f 584 526 529
f 583 584 529
f 585 523 526
f 584 585 526
f 586 520 523
f 585 586 523
f 587 517 520
f 586 587 520
f 587 588 517
f 1203 569 567
f 1202 567 572
f 1202 1203 567
f 1203 604 569
f 1203 603 604
f 1203 601 603
f 1204 599 601
f 1203 1204 601
f 1204 597 599
f 1204 594 597
f 1201 580 581
f 1200 1201 581
f 1201 578 580
f 1201 576 578
f 1202 574 576
f 1201 1202 576
f 1202 572 574
f 686 611 608
f 685 608 614
f 685 686 608
f 687 670 611
f 686 687 611
f 688 668 670
f 687 688 670
f 689 665 668
f 688 689 668
f 690 662 665
f 689 690 665
f 691 658 662
f 690 691 662
f 1185 653 655
f 1185 655 1183
f 1185 651 653
f 1185 648 651
f 1186 646 648
f 1185 1186 648
f 1186 644 646
f 1186 642 644
f 1186 639 642
f 1187 637 639
f 1186 1187 639
f 1187 635 637
f 1187 632 635
f 1188 630 632
f 1187 1188 632
f 1188 628 630
f 1188 625 628
f 680 624 625
f 679 680 625
f 1188 679 625
f 681 623 624
f 680 681 624
f 682 620 623
f 681 682 623
f 683 617 620
f 682 683 620
f 684 614 617
f 683 684 617
f 684 685 614
f 1188 678 679
f 1193 1194 678
f 1192 1193 678
f 1191 1192 678
f 1190 1191 678
f 1189 1190 678
f 1188 1189 678
f 823 711 708
f 1058 708 715
f 1061 823 708
f 1060 1061 708
f 1059 1060 708
f 1058 1059 708
f 824 788 711
f 823 824 711
f 825 786 788
f 824 825 788
f 826 783 786
f 825 826 786
f 827 780 783
f 826 827 783
f 828 777 780
f 827 828 780
f 829 774 777
f 828 829 777
f 887 771 774
f 886 887 774
f 888 770 771
f 887 888 771
f 889 767 770
f 888 889 770
f 890 764 767
f 889 890 767
f 891 761 764
f 890 891 764
f 840 758 761
f 891 840 761
f 981 752 758
f 933 758 840
f 979 758 933
f 980 981 758
f 979 980 758
f 983 748 752
f 982 983 752
f 981 982 752
f 984 745 748
f 983 984 748
f 949 742 745
f 984 949 745
f 948 740 742
f 949 948 742
f 948 737 740
f 951 735 737
f 951 737 948
f 951 731 735
f 1053 728 731
f 951 954 731
f 1053 731 954
f 1054 726 728
f 1053 1054 728
f 1054 723 726
f 1055 721 723
f 1054 1055 723
f 1055 718 721
f 1056 715 718
f 1055 1056 718
f 1057 1058 715
f 1056 1057 715
f 1261 793 792
f 1261 792 794
f 1261 834 793
f 1261 833 834
f 1261 832 833
f 832 1261 1262
f 1262 830 831
f 1262 831 832
f 1262 829 830
f 1035 820 823
f 1034 1035 823
f 1033 1034 823
f 1061 1033 823
f 1037 818 820
f 1036 1037 820
f 1035 1036 820
f 1038 815 818
f 1037 1038 818
f 986 812 815
f 1038 986 815
f 985 810 812
f 986 985 812
f 985 807 810
f 987 805 807
f 987 807 985
f 987 802 805
f 992 995 802
f 991 992 802
f 990 991 802
f 989 990 802
f 988 989 802
f 987 988 802
f 1261 796 797
f 1261 795 796
f 1261 794 795
f 933 840 838
f 928 838 844
f 930 933 838
f 929 930 838
f 928 929 838
f 923 856 857
f 922 923 857
f 924 855 856
f 923 924 856
f 924 852 855
f 925 850 852
f 924 925 852
f 925 847 850
f 926 844 847
f 925 926 847
f 927 928 844
f 926 927 844
f 973 900 897
f 972 897 903
f 972 973 897
f 974 947 900
f 973 974 900
f 975 945 947
f 974 975 947
f 976 942 945
f 975 976 945
f 977 939 942
f 976 977 942
f 978 936 939
f 977 978 939
f 979 933 936
f 978 979 936
f 966 916 917
f 965 966 917
f 967 915 916
f 966 967 916
f 968 912 915
f 967 968 915
f 969 909 912
f 968 969 912
f 970 906 909
f 969 970 909
f 971 903 906
f 970 971 906
f 971 972 903
f 1048 964 965
f 1047 1048 965
f 1049 963 964
f 1048 1049 964
f 1050 960 963
f 1049 1050 963
f 1051 957 960
f 1050 1051 960
f 1052 954 957
f 1051 1052 957
f 1052 1053 954
f 1062 1032 1033
f 1061 1062 1033
f 1063 1031 1032
f 1062 1063 1032
f 1064 1028 1031
f 1063 1064 1031
f 1065 1025 1028
f 1064 1065 1028
f 1066 1022 1025
f 1065 1066 1025
f 1040 1019 1022
f 1066 1040 1022
f 1039 1016 1019
f 1040 1039 1019
f 1041 1013 1016
f 1041 1016 1039
f 1042 1010 1013
f 1041 1042 1013
f 1043 1007 1010
f 1042 1043 1010
f 1044 1004 1007
f 1043 1044 1007
f 1045 1001 1004
f 1044 1045 1004
f 1046 998 1001
f 1045 1046 1001
f 1047 995 998
f 1046 1047 998
f 1175 1173 1174
f 1175 1172 1173
f 1176 1169 1172
f 1175 1176 1172
f 1177 1166 1169
f 1176 1177 1169
f 1178 1163 1166
f 1177 1178 1166
f 1179 1160 1163
f 1178 1179 1163
f 1180 1157 1160
f 1179 1180 1160
f 1181 1154 1157
f 1180 1181 1157
f 1182 1151 1154
f 1181 1182 1154
f 1069 1148 1151
f 1182 1069 1151
f 1067 1145 1148
f 1069 1067 1148
f 1224 1223 1145
f 1225 1145 1223
f 1255 1224 1145
f 1254 1255 1145
f 1253 1254 1145
f 1252 1253 1145
f 1251 1252 1145
f 1250 1251 1145
f 1249 1250 1145
f 1281 1145 1225
f 1257 1256 1145
f 1287 1257 1145
f 1286 1287 1145
f 1285 1286 1145
f 1284 1285 1145
f 1283 1284 1145
f 1282 1283 1145
f 1281 1282 1145
f 1091 1126 1127
f 1088 1091 1127
f 1094 1125 1126
f 1091 1094 1126
f 1097 1124 1125
f 1094 1097 1125
f 1100 1123 1124
f 1097 1100 1124
f 1103 1122 1123
f 1100 1103 1123
f 1106 1121 1122
f 1103 1106 1122
f 1109 1120 1121
f 1106 1109 1121
f 1112 1119 1120
f 1109 1112 1120
f 1115 1118 1119
f 1112 1115 1119
f 1116 1117 1118
f 1115 1116 1118
f 1305 1306 1088
f 1304 1305 1088
f 1303 1304 1088
f 1301 1303 1088
f 1300 1301 1088
f 1299 1300 1088
f 1298 1299 1088
f 1297 1298 1088
f 1339 1297 1088
f 1338 1339 1088
f 1337 1338 1088
f 1336 1337 1088
f 1335 1336 1088
f 1334 1335 1088
f 1333 1334 1088
f 1332 1333 1088
f 1331 1332 1088
f 1330 1331 1088
f 1281 1226 1227
f 1281 1225 1226
f 1340 1341 1297
f 1339 1340 1297
f 1353 1354 348
f 1355 348 1354
f 1356 1353 348
f 1356 348 1355
f 1357 1358 1354
f 1359 1354 1358
f 1360 1357 1354
f 1361 1360 1354
f 1361 1354 1353
f 1362 1354 1359
f 1355 1354 1362
f 1359 1358 1357
f 1363 1357 1360
f 1364 1357 1363
f 1359 1357 1364
f 1361 388 1360
f 1363 1360 388
f 1365 1366 388
f 1367 388 1366
f 1361 1368 388
f 1369 388 1368
f 1370 388 1369
f 1371 1365 388
f 1372 1371 388
f 1373 1372 388
f 1374 388 1375
f 1376 1375 388
f 1377 1373 388
f 1378 1377 388
f 1379 1378 388
f 1380 1379 388
f 1381 1380 388
f 1382 1381 388
f 1383 1382 388
f 1384 1383 388
f 1385 1384 388
f 1386 1385 388
f 1387 1386 388
f 1388 1387 388
f 1389 1388 388
f 1390 1389 388
f 1391 1390 388
f 1392 1391 388
f 1393 1392 388
f 1394 1393 388
f 1395 1394 388
f 1374 1395 388
f 1396 1376 388
f 1397 1396 388
f 1398 1397 388
f 1399 1398 388
f 1400 1399 388
f 1401 1400 388
f 1402 1401 388
f 1403 1402 388
f 1404 1403 388
f 1405 1404 388
f 1406 1405 388
f 1407 1406 388
f 1408 1407 388
f 1409 1408 388
f 1410 1409 388
f 1370 1410 388
f 1367 1363 388
f 1411 1412 1366
f 1413 1366 1412
f 1365 1353 1366
f 1411 1366 1353
f 1414 1366 1413
f 1367 1366 1414
f 1415 1416 1412
f 1413 1412 1416
f 1417 1415 1412
f 1418 1419 1412
f 1420 1412 1419
f 1421 1418 1412
f 1422 1421 1412
f 1423 1412 1411
f 1424 1422 1412
f 1425 1424 1412
f 1426 1425 1412
f 1427 1426 1412
f 1428 1427 1412
f 1429 1428 1412
f 1430 1429 1412
f 1431 1430 1412
f 1432 1431 1412
f 1433 1432 1412
f 1434 1433 1412
f 1435 1434 1412
f 1436 1435 1412
f 1437 1436 1412
f 1438 1437 1412
f 1439 1438 1412
f 1440 1439 1412
f 1441 1440 1412
f 1442 1441 1412
f 1443 1442 1412
f 1444 1443 1412
f 1423 1444 1412
f 1445 1412 1420
f 1446 1417 1412
f 1447 1446 1412
f 1448 1447 1412
f 1449 1448 1412
f 1450 1449 1412
f 1451 1450 1412
f 1452 1451 1412
f 1453 1452 1412
f 1454 1453 1412
f 1455 1454 1412
f 1456 1455 1412
f 1457 1456 1412
f 1458 1457 1412
f 1459 1458 1412
f 1460 1459 1412
f 1461 1460 1412
f 1462 1461 1412
f 1463 1462 1412
f 1445 1463 1412
f 1464 1416 1415
f 1465 1416 1464
f 1413 1416 1465
f 1466 1467 1415
f 1464 1415 1467
f 1468 1466 1415
f 1469 1468 1415
f 1470 1415 1471
f 1472 1471 1415
f 1470 1473 1415
f 1474 1415 1473
f 1475 1415 1474
f 1476 1415 1477
f 1478 1477 1415
f 1479 1469 1415
f 1480 1479 1415
f 1481 1480 1415
f 1482 1481 1415
f 1483 1482 1415
f 1484 1483 1415
f 1485 1484 1415
f 1486 1485 1415
f 1487 1486 1415
f 1488 1487 1415
f 1489 1488 1415
f 1490 1489 1415
f 1491 1490 1415
f 1492 1491 1415
f 1493 1492 1415
f 1494 1493 1415
f 1495 1494 1415
f 1476 1495 1415
f 1496 1472 1415
f 1417 1496 1415
f 1497 1415 1475
f 1498 1478 1415
f 1499 1498 1415
f 1500 1499 1415
f 1501 1500 1415
f 1502 1501 1415
f 1503 1502 1415
f 1504 1503 1415
f 1505 1504 1415
f 1506 1505 1415
f 1507 1506 1415
f 1508 1507 1415
f 1509 1508 1415
f 1510 1509 1415
f 1511 1510 1415
f 1512 1511 1415
f 1513 1512 1415
f 1514 1513 1415
f 1515 1514 1415
f 1516 1515 1415
f 1497 1516 1415
f 1517 1467 1466
f 1464 1467 1517
f 1518 1466 1468
f 1519 1466 1518
f 1517 1466 1519
f 1520 1521 1468
f 1518 1468 1521
f 1522 1520 1468
f 1469 1522 1468
f 1523 1524 1521
f 1525 1521 1524
f 1520 1523 1521
f 1526 1521 1525
f 1518 1521 1526
f 1525 1524 1523
f 1470 1471 1523
f 1527 1523 1471
f 1528 1523 1520
f 1528 1529 1523
f 1530 1523 1529
f 1531 1470 1523
f 1474 1531 1523
f 1532 1474 1523
f 1533 1532 1523
f 1534 1533 1523
f 1535 1534 1523
f 1536 1535 1523
f 1537 1536 1523
f 1538 1537 1523
f 1539 1538 1523
f 1540 1539 1523
f 1541 1540 1523
f 1542 1541 1523
f 1543 1542 1523
f 1544 1543 1523
f 1545 1544 1523
f 1546 1545 1523
f 1547 1546 1523
f 1548 1547 1523
f 1549 1548 1523
f 1530 1549 1523
f 1525 1523 1527
f 1472 1550 1471
f 1551 1471 1550
f 1552 1471 1551
f 1527 1471 1552
f 1353 1553 1550
f 1551 1550 1553
f 1554 1353 1550
f 1555 1550 1419
f 1556 1419 1550
f 1555 1421 1550
f 1557 1550 1421
f 1558 1554 1550
f 1559 1558 1550
f 1560 1559 1550
f 1561 1560 1550
f 1562 1561 1550
f 1563 1562 1550
f 1564 1563 1550
f 1565 1564 1550
f 1566 1565 1550
f 1567 1566 1550
f 1568 1567 1550
f 1569 1568 1550
f 1570 1569 1550
f 1571 1570 1550
f 1572 1571 1550
f 1573 1572 1550
f 1557 1573 1550
f 1574 1556 1550
f 1575 1574 1550
f 1576 1575 1550
f 1577 1576 1550
f 1578 1577 1550
f 1579 1578 1550
f 1580 1579 1550
f 1581 1580 1550
f 1582 1581 1550
f 1583 1582 1550
f 1584 1583 1550
f 1585 1584 1550
f 1586 1585 1550
f 1587 1586 1550
f 1588 1587 1550
f 1589 1588 1550
f 1590 1589 1550
f 1591 1590 1550
f 1592 1591 1550
f 1593 1592 1550
f 1594 1593 1550
f 1595 1594 1550
f 1596 1595 1550
f 1472 1596 1550
f 1356 1553 1353
f 1597 1553 1356
f 1551 1553 1597
f 1598 1361 1353
f 1599 1353 1365
f 1599 1372 1353
f 1600 1353 1372
f 1601 1602 1353
f 1603 1353 1602
f 1604 1601 1353
f 1605 1604 1353
f 1606 1605 1353
f 1607 1606 1353
f 1608 1607 1353
f 1609 1608 1353
f 1610 1609 1353
f 1611 1610 1353
f 1612 1611 1353
f 1613 1612 1353
f 1614 1613 1353
f 1615 1614 1353
f 1616 1615 1353
f 1617 1616 1353
f 1618 1617 1353
f 1619 1618 1353
f 1620 1619 1353
f 1600 1620 1353
f 1621 1598 1353
f 1622 1621 1353
f 1623 1622 1353
f 1624 1623 1353
f 1625 1624 1353
f 1626 1625 1353
f 1627 1626 1353
f 1628 1627 1353
f 1629 1628 1353
f 1630 1629 1353
f 1631 1630 1353
f 1632 1631 1353
f 1633 1632 1353
f 1634 1633 1353
f 1635 1634 1353
f 1636 1635 1353
f 1603 1636 1353
f 1637 1411 1353
f 1638 1637 1353
f 1639 1638 1353
f 1640 1639 1353
f 1641 1640 1353
f 1642 1641 1353
f 1554 1642 1353
f 1643 1644 1520
f 1645 1520 1644
f 1645 1528 1520
f 1646 1643 1520
f 1647 1646 1520
f 1648 1647 1520
f 1649 1648 1520
f 1650 1649 1520
f 1651 1650 1520
f 1652 1651 1520
f 1653 1652 1520
f 1654 1653 1520
f 1655 1654 1520
f 1656 1655 1520
f 1657 1656 1520
f 1658 1657 1520
f 1659 1658 1520
f 1660 1659 1520
f 1661 1660 1520
f 1662 1661 1520
f 1663 1662 1520
f 1664 1663 1520
f 1522 1664 1520
f 1665 1529 1644
f 1666 1644 1529
f 1643 1665 1644
f 1667 1645 1644
f 1667 1644 1666
f 1666 1529 1528
f 1668 1477 1529
f 1530 1529 1477
f 1669 1668 1529
f 1670 1669 1529
f 1671 1670 1529
f 1672 1671 1529
f 1673 1672 1529
f 1665 1673 1529
f 1674 1528 1645
f 1666 1528 1674
f 1675 1473 1470
f 1676 1474 1473
f 1676 1473 1677
f 1675 1677 1473
f 1675 1470 1531
f 1676 1531 1474
f 1678 1531 1676
f 1675 1531 1678
f 1679 1475 1474
f 1680 1679 1474
f 1681 1680 1474
f 1682 1681 1474
f 1683 1682 1474
f 1532 1683 1474
f 1684 1368 1361
f 1685 1369 1368
f 1685 1368 1686
f 1684 1686 1368
f 1687 1688 1361
f 1684 1361 1688
f 1689 1687 1361
f 1690 1689 1361
f 1691 1690 1361
f 1692 1691 1361
f 1598 1692 1361
f 1693 1369 1688
f 1685 1688 1369
f 1687 1693 1688
f 1694 1688 1685
f 1684 1688 1694
f 1693 1695 1369
f 1696 1369 1695
f 1697 1370 1369
f 1698 1697 1369
f 1699 1698 1369
f 1700 1699 1369
f 1696 1700 1369
f 1701 1365 1371
f 1701 1599 1365
f 1702 1371 1372
f 1703 1701 1371
f 1703 1371 1702
f 1702 1372 1599
f 1704 1600 1372
f 1705 1704 1372
f 1373 1705 1372
f 1706 1599 1701
f 1702 1599 1706
f 1707 1419 1418
f 1707 1555 1419
f 1708 1420 1419
f 1556 1708 1419
f 1709 1418 1421
f 1710 1707 1418
f 1710 1418 1709
f 1709 1421 1555
f 1422 1557 1421
f 1711 1555 1707
f 1709 1555 1711
f 1603 1712 1375
f 1713 1375 1712
f 1714 1374 1375
f 1715 1603 1375
f 1376 1715 1375
f 1714 1375 1713
f 1603 1716 1712
f 1717 1712 1716
f 1717 1713 1712
f 1603 1718 1716
f 1719 1716 1718
f 1717 1716 1719
f 1603 1720 1718
f 1721 1718 1720
f 1719 1718 1721
f 1603 1602 1720
f 1722 1720 1602
f 1721 1720 1722
f 1723 1602 1601
f 1722 1602 1723
f 1724 1601 1604
f 1723 1601 1724
f 1725 1604 1605
f 1724 1604 1725
f 1726 1605 1606
f 1725 1605 1726
f 1727 1606 1607
f 1726 1606 1727
f 1728 1607 1608
f 1727 1607 1728
f 1729 1608 1609
f 1728 1608 1729
f 1730 1609 1610
f 1729 1609 1730
f 1731 1610 1611
f 1730 1610 1731
f 1732 1611 1612
f 1731 1611 1732
f 1733 1612 1613
f 1732 1612 1733
f 1734 1613 1614
f 1733 1613 1734
f 1735 1614 1615
f 1734 1614 1735
f 1736 1615 1616
f 1735 1615 1736
f 1737 1616 1617
f 1736 1616 1737
f 1738 1617 1618
f 1737 1617 1738
f 1739 1618 1619
f 1738 1618 1739
f 1740 1619 1620
f 1739 1619 1740
f 1741 1620 1600
f 1740 1620 1741
f 1742 1600 1704
f 1741 1600 1742
f 1743 1704 1705
f 1742 1704 1743
f 1744 1705 1373
f 1743 1705 1744
f 1745 1373 1377
f 1744 1373 1745
f 1746 1377 1378
f 1745 1377 1746
f 1747 1378 1379
f 1746 1378 1747
f 1748 1379 1380
f 1747 1379 1748
f 1749 1380 1381
f 1748 1380 1749
f 1750 1381 1382
f 1749 1381 1750
f 1751 1382 1383
f 1750 1382 1751
f 1752 1383 1384
f 1751 1383 1752
f 1753 1384 1385
f 1752 1384 1753
f 1754 1385 1386
f 1753 1385 1754
f 1755 1386 1387
f 1754 1386 1755
f 1756 1387 1388
f 1755 1387 1756
f 1757 1388 1389
f 1756 1388 1757
f 1758 1389 1390
f 1757 1389 1758
f 1759 1390 1391
f 1758 1390 1759
f 1760 1391 1392
f 1759 1391 1760
f 1761 1392 1393
f 1760 1392 1761
f 1762 1393 1394
f 1761 1393 1762
f 1763 1394 1395
f 1762 1394 1763
f 1764 1395 1374
f 1763 1395 1764
f 1764 1374 1714
f 1765 1477 1668
f 1766 1476 1477
f 1767 1530 1477
f 1768 1767 1477
f 1478 1768 1477
f 1766 1477 1765
f 1769 1668 1669
f 1769 1765 1668
f 1770 1669 1670
f 1769 1669 1770
f 1771 1670 1671
f 1770 1670 1771
f 1772 1671 1672
f 1771 1671 1772
f 1773 1672 1673
f 1772 1672 1773
f 1774 1673 1665
f 1773 1673 1774
f 1775 1665 1643
f 1774 1665 1775
f 1776 1643 1646
f 1775 1643 1776
f 1777 1646 1647
f 1776 1646 1777
f 1778 1647 1648
f 1777 1647 1778
f 1779 1648 1649
f 1778 1648 1779
f 1780 1649 1650
f 1779 1649 1780
f 1781 1650 1651
f 1780 1650 1781
f 1782 1651 1652
f 1781 1651 1782
f 1783 1652 1653
f 1782 1652 1783
f 1784 1653 1654
f 1783 1653 1784
f 1785 1654 1655
f 1784 1654 1785
f 1786 1655 1656
f 1785 1655 1786
f 1787 1656 1657
f 1786 1656 1787
f 1788 1657 1658
f 1787 1657 1788
f 1789 1658 1659
f 1788 1658 1789
f 1790 1659 1660
f 1789 1659 1790
f 1791 1660 1661
f 1790 1660 1791
f 1792 1661 1662
f 1791 1661 1792
f 1793 1662 1663
f 1792 1662 1793
f 1794 1663 1664
f 1793 1663 1794
f 1795 1664 1522
f 1794 1664 1795
f 1796 1522 1469
f 1795 1522 1796
f 1797 1469 1479
f 1796 1469 1797
f 1798 1479 1480
f 1797 1479 1798
f 1799 1480 1481
f 1798 1480 1799
f 1800 1481 1482
f 1799 1481 1800
f 1801 1482 1483
f 1800 1482 1801
f 1802 1483 1484
f 1801 1483 1802
f 1803 1484 1485
f 1802 1484 1803
f 1804 1485 1486
f 1803 1485 1804
f 1805 1486 1487
f 1804 1486 1805
f 1806 1487 1488
f 1805 1487 1806
f 1807 1488 1489
f 1806 1488 1807
f 1808 1489 1490
f 1807 1489 1808
f 1809 1490 1491
f 1808 1490 1809
f 1810 1491 1492
f 1809 1491 1810
f 1811 1492 1493
f 1810 1492 1811
f 1812 1493 1494
f 1811 1493 1812
f 1813 1494 1495
f 1812 1494 1813
f 1814 1495 1476
f 1813 1495 1814
f 1814 1476 1766
f 1815 1695 1693
f 1816 1696 1695
f 1816 1695 1815
f 1817 1693 1687
f 1817 1815 1693
f 1818 1687 1689
f 1817 1687 1818
f 1819 1689 1690
f 1818 1689 1819
f 1820 1690 1691
f 1819 1690 1820
f 1821 1691 1692
f 1820 1691 1821
f 1822 1692 1598
f 1821 1692 1822
f 1823 1598 1621
f 1822 1598 1823
f 1824 1621 1622
f 1823 1621 1824
f 1825 1622 1623
f 1824 1622 1825
f 1826 1623 1624
f 1825 1623 1826
f 1827 1624 1625
f 1826 1624 1827
f 1828 1625 1626
f 1827 1625 1828
f 1829 1626 1627
f 1828 1626 1829
f 1830 1627 1628
f 1829 1627 1830
f 1831 1628 1629
f 1830 1628 1831
f 1832 1629 1630
f 1831 1629 1832
f 1833 1630 1631
f 1832 1630 1833
f 1834 1631 1632
f 1833 1631 1834
f 1835 1632 1633
f 1834 1632 1835
f 1836 1633 1634
f 1835 1633 1836
f 1837 1634 1635
f 1836 1634 1837
f 1838 1635 1636
f 1837 1635 1838
f 1839 1636 1603
f 1838 1636 1839
f 1840 1603 1715
f 1839 1603 1840
f 1841 1715 1376
f 1840 1715 1841
f 1842 1376 1396
f 1841 1376 1842
f 1843 1396 1397
f 1842 1396 1843
f 1844 1397 1398
f 1843 1397 1844
f 1845 1398 1399
f 1844 1398 1845
f 1846 1399 1400
f 1845 1399 1846
f 1847 1400 1401
f 1846 1400 1847
f 1848 1401 1402
f 1847 1401 1848
f 1849 1402 1403
f 1848 1402 1849
f 1850 1403 1404
f 1849 1403 1850
f 1851 1404 1405
f 1850 1404 1851
f 1852 1405 1406
f 1851 1405 1852
f 1853 1406 1407
f 1852 1406 1853
f 1854 1407 1408
f 1853 1407 1854
f 1855 1408 1409
f 1854 1408 1855
f 1856 1409 1410
f 1855 1409 1856
f 1857 1410 1370
f 1856 1410 1857
f 1858 1370 1697
f 1857 1370 1858
f 1859 1697 1698
f 1858 1697 1859
f 1860 1698 1699
f 1859 1698 1860
f 1861 1699 1700
f 1860 1699 1861
f 1862 1700 1696
f 1861 1700 1862
f 1862 1696 1816
f 1863 1411 1637
f 1864 1423 1411
f 1864 1411 1863
f 1865 1637 1638
f 1865 1863 1637
f 1866 1638 1639
f 1865 1638 1866
f 1867 1639 1640
f 1866 1639 1867
f 1868 1640 1641
f 1867 1640 1868
f 1869 1641 1642
f 1868 1641 1869
f 1870 1642 1554
f 1869 1642 1870
f 1871 1554 1558
f 1870 1554 1871
f 1872 1558 1559
f 1871 1558 1872
f 1873 1559 1560
f 1872 1559 1873
f 1874 1560 1561
f 1873 1560 1874
f 1875 1561 1562
f 1874 1561 1875
f 1876 1562 1563
f 1875 1562 1876
f 1877 1563 1564
f 1876 1563 1877
f 1878 1564 1565
f 1877 1564 1878
f 1879 1565 1566
f 1878 1565 1879
f 1880 1566 1567
f 1879 1566 1880
f 1881 1567 1568
f 1880 1567 1881
f 1882 1568 1569
f 1881 1568 1882
f 1883 1569 1570
f 1882 1569 1883
f 1884 1570 1571
f 1883 1570 1884
f 1885 1571 1572
f 1884 1571 1885
f 1886 1572 1573
f 1885 1572 1886
f 1887 1573 1557
f 1886 1573 1887
f 1888 1557 1422
f 1887 1557 1888
f 1889 1422 1424
f 1888 1422 1889
f 1890 1424 1425
f 1889 1424 1890
f 1891 1425 1426
f 1890 1425 1891
f 1892 1426 1427
f 1891 1426 1892
f 1893 1427 1428
f 1892 1427 1893
f 1894 1428 1429
f 1893 1428 1894
f 1895 1429 1430
f 1894 1429 1895
f 1896 1430 1431
f 1895 1430 1896
f 1897 1431 1432
f 1896 1431 1897
f 1898 1432 1433
f 1897 1432 1898
f 1899 1433 1434
f 1898 1433 1899
f 1900 1434 1435
f 1899 1434 1900
f 1901 1435 1436
f 1900 1435 1901
f 1902 1436 1437
f 1901 1436 1902
f 1903 1437 1438
f 1902 1437 1903
f 1904 1438 1439
f 1903 1438 1904
f 1905 1439 1440
f 1904 1439 1905
f 1906 1440 1441
f 1905 1440 1906
f 1907 1441 1442
f 1906 1441 1907
f 1908 1442 1443
f 1907 1442 1908
f 1909 1443 1444
f 1908 1443 1909
f 1910 1444 1423
f 1909 1444 1910
f 1910 1423 1864
f 1911 1420 1708
f 1912 1445 1420
f 1912 1420 1911
f 1913 1708 1556
f 1913 1911 1708
f 1914 1556 1574
f 1913 1556 1914
f 1915 1574 1575
f 1914 1574 1915
f 1916 1575 1576
f 1915 1575 1916
f 1917 1576 1577
f 1916 1576 1917
f 1918 1577 1578
f 1917 1577 1918
f 1919 1578 1579
f 1918 1578 1919
f 1920 1579 1580
f 1919 1579 1920
f 1921 1580 1581
f 1920 1580 1921
f 1922 1581 1582
f 1921 1581 1922
f 1923 1582 1583
f 1922 1582 1923
f 1924 1583 1584
f 1923 1583 1924
f 1925 1584 1585
f 1924 1584 1925
f 1926 1585 1586
f 1925 1585 1926
f 1927 1586 1587
f 1926 1586 1927
f 1928 1587 1588
f 1927 1587 1928
f 1929 1588 1589
f 1928 1588 1929
f 1930 1589 1590
f 1929 1589 1930
f 1931 1590 1591
f 1930 1590 1931
f 1932 1591 1592
f 1931 1591 1932
f 1933 1592 1593
f 1932 1592 1933
f 1934 1593 1594
f 1933 1593 1934
f 1935 1594 1595
f 1934 1594 1935
f 1936 1595 1596
f 1935 1595 1936
f 1937 1596 1472
f 1936 1596 1937
f 1938 1472 1496
f 1937 1472 1938
f 1939 1496 1417
f 1938 1496 1939
f 1940 1417 1446
f 1939 1417 1940
f 1941 1446 1447
f 1940 1446 1941
f 1942 1447 1448
f 1941 1447 1942
f 1943 1448 1449
f 1942 1448 1943
f 1944 1449 1450
f 1943 1449 1944
f 1945 1450 1451
f 1944 1450 1945
f 1946 1451 1452
f 1945 1451 1946
f 1947 1452 1453
f 1946 1452 1947
f 1948 1453 1454
f 1947 1453 1948
f 1949 1454 1455
f 1948 1454 1949
f 1950 1455 1456
f 1949 1455 1950
f 1951 1456 1457
f 1950 1456 1951
f 1952 1457 1458
f 1951 1457 1952
f 1953 1458 1459
f 1952 1458 1953
f 1954 1459 1460
f 1953 1459 1954
f 1955 1460 1461
f 1954 1460 1955
f 1956 1461 1462
f 1955 1461 1956
f 1957 1462 1463
f 1956 1462 1957
f 1958 1463 1445
f 1957 1463 1958
f 1958 1445 1912
f 1959 1475 1679
f 1960 1497 1475
f 1960 1475 1959
f 1961 1679 1680
f 1961 1959 1679
f 1962 1680 1681
f 1961 1680 1962
f 1963 1681 1682
f 1962 1681 1963
f 1964 1682 1683
f 1963 1682 1964
f 1965 1683 1532
f 1964 1683 1965
f 1966 1532 1533
f 1965 1532 1966
f 1967 1533 1534
f 1966 1533 1967
f 1968 1534 1535
f 1967 1534 1968
f 1969 1535 1536
f 1968 1535 1969
f 1970 1536 1537
f 1969 1536 1970
f 1971 1537 1538
f 1970 1537 1971
f 1972 1538 1539
f 1971 1538 1972
f 1973 1539 1540
f 1972 1539 1973
f 1974 1540 1541
f 1973 1540 1974
f 1975 1541 1542
f 1974 1541 1975
f 1976 1542 1543
f 1975 1542 1976
f 1977 1543 1544
f 1976 1543 1977
f 1978 1544 1545
f 1977 1544 1978
f 1979 1545 1546
f 1978 1545 1979
f 1980 1546 1547
f 1979 1546 1980
f 1981 1547 1548
f 1980 1547 1981
f 1982 1548 1549
f 1981 1548 1982
f 1983 1549 1530
f 1982 1549 1983
f 1984 1530 1767
f 1983 1530 1984
f 1985 1767 1768
f 1984 1767 1985
f 1986 1768 1478
f 1985 1768 1986
f 1987 1478 1498
f 1986 1478 1987
f 1988 1498 1499
f 1987 1498 1988
f 1989 1499 1500
f 1988 1499 1989
f 1990 1500 1501
f 1989 1500 1990
f 1991 1501 1502
f 1990 1501 1991
f 1992 1502 1503
f 1991 1502 1992
f 1993 1503 1504
f 1992 1503 1993
f 1994 1504 1505
f 1993 1504 1994
f 1995 1505 1506
f 1994 1505 1995
f 1996 1506 1507
f 1995 1506 1996
f 1997 1507 1508
f 1996 1507 1997
f 1998 1508 1509
f 1997 1508 1998
f 1999 1509 1510
f 1998 1509 1999
f 2000 1510 1511
f 1999 1510 2000
f 2001 1511 1512
f 2000 1511 2001
f 2002 1512 1513
f 2001 1512 2002
f 2003 1513 1514
f 2002 1513 2003
f 2004 1514 1515
f 2003 1514 2004
f 2005 1515 1516
f 2004 1515 2005
f 2006 1516 1497
f 2005 1516 2006
f 2006 1497 1960
f 1359 1364 1363
f 1362 1359 1363
f 1686 1362 1363
f 1367 1414 1363
f 1686 1363 1414
f 1686 1355 1362
f 1706 1356 1355
f 1684 1355 1686
f 1684 1694 1355
f 1815 1355 1694
f 1702 1706 1355
f 1703 1702 1355
f 1836 1703 1355
f 1817 1355 1815
f 1835 1836 1355
f 1834 1835 1355
f 1833 1834 1355
f 1832 1833 1355
f 1831 1832 1355
f 1830 1831 1355
f 1829 1830 1355
f 1828 1829 1355
f 1827 1828 1355
f 1826 1827 1355
f 1825 1826 1355
f 1824 1825 1355
f 1823 1824 1355
f 1822 1823 1355
f 1821 1822 1355
f 1820 1821 1355
f 1819 1820 1355
f 1818 1819 1355
f 1817 1818 1355
f 1864 1597 1356
f 1706 1414 1356
f 1864 1356 1414
f 1552 1551 1597
f 1929 1552 1597
f 1709 1711 1597
f 1911 1597 1711
f 1710 1709 1597
f 1887 1710 1597
f 1864 1863 1597
f 1865 1597 1863
f 1886 1887 1597
f 1885 1886 1597
f 1884 1885 1597
f 1883 1884 1597
f 1882 1883 1597
f 1881 1882 1597
f 1880 1881 1597
f 1879 1880 1597
f 1878 1879 1597
f 1877 1878 1597
f 1876 1877 1597
f 1875 1876 1597
f 1874 1875 1597
f 1873 1874 1597
f 1872 1873 1597
f 1871 1872 1597
f 1870 1871 1597
f 1869 1870 1597
f 1868 1869 1597
f 1867 1868 1597
f 1866 1867 1597
f 1865 1866 1597
f 1913 1597 1911
f 1928 1929 1597
f 1927 1928 1597
f 1926 1927 1597
f 1925 1926 1597
f 1924 1925 1597
f 1923 1924 1597
f 1922 1923 1597
f 1921 1922 1597
f 1920 1921 1597
f 1919 1920 1597
f 1918 1919 1597
f 1917 1918 1597
f 1916 1917 1597
f 1915 1916 1597
f 1914 1915 1597
f 1913 1914 1597
f 1525 1527 1552
f 1526 1525 1552
f 1674 1526 1552
f 1677 1552 1464
f 1935 1464 1552
f 1977 1674 1552
f 1675 1552 1677
f 1675 1678 1552
f 1959 1552 1678
f 1934 1935 1552
f 1933 1934 1552
f 1932 1933 1552
f 1931 1932 1552
f 1930 1931 1552
f 1929 1930 1552
f 1961 1552 1959
f 1976 1977 1552
f 1975 1976 1552
f 1974 1975 1552
f 1973 1974 1552
f 1972 1973 1552
f 1971 1972 1552
f 1970 1971 1552
f 1969 1970 1552
f 1968 1969 1552
f 1967 1968 1552
f 1966 1967 1552
f 1965 1966 1552
f 1964 1965 1552
f 1963 1964 1552
f 1962 1963 1552
f 1961 1962 1552
f 1674 1518 1526
f 1517 1519 1518
f 1792 1517 1518
f 1674 1645 1518
f 1792 1518 1645
f 1677 1464 1517
f 1676 1677 1517
f 1678 1676 1517
f 1813 1678 1517
f 1812 1813 1517
f 1811 1812 1517
f 1810 1811 1517
f 1809 1810 1517
f 1808 1809 1517
f 1807 1808 1517
f 1806 1807 1517
f 1805 1806 1517
f 1804 1805 1517
f 1803 1804 1517
f 1802 1803 1517
f 1801 1802 1517
f 1800 1801 1517
f 1799 1800 1517
f 1798 1799 1517
f 1797 1798 1517
f 1796 1797 1517
f 1795 1796 1517
f 1794 1795 1517
f 1793 1794 1517
f 1792 1793 1517
f 1935 1465 1464
f 1414 1413 1465
f 1908 1414 1465
f 1711 1707 1465
f 1710 1465 1707
f 1912 1711 1465
f 1888 1465 1710
f 1907 1908 1465
f 1906 1907 1465
f 1905 1906 1465
f 1904 1905 1465
f 1903 1904 1465
f 1902 1903 1465
f 1901 1902 1465
f 1900 1901 1465
f 1899 1900 1465
f 1898 1899 1465
f 1897 1898 1465
f 1896 1897 1465
f 1895 1896 1465
f 1894 1895 1465
f 1893 1894 1465
f 1892 1893 1465
f 1891 1892 1465
f 1890 1891 1465
f 1889 1890 1465
f 1888 1889 1465
f 1958 1912 1465
f 1957 1958 1465
f 1956 1957 1465
f 1955 1956 1465
f 1954 1955 1465
f 1953 1954 1465
f 1952 1953 1465
f 1951 1952 1465
f 1950 1951 1465
f 1949 1950 1465
f 1948 1949 1465
f 1947 1948 1465
f 1946 1947 1465
f 1945 1946 1465
f 1944 1945 1465
f 1943 1944 1465
f 1942 1943 1465
f 1941 1942 1465
f 1940 1941 1465
f 1939 1940 1465
f 1938 1939 1465
f 1937 1938 1465
f 1936 1937 1465
f 1935 1936 1465
f 1761 1686 1414
f 1706 1701 1414
f 1703 1414 1701
f 1742 1414 1703
f 1760 1761 1414
f 1759 1760 1414
f 1758 1759 1414
f 1757 1758 1414
f 1756 1757 1414
f 1755 1756 1414
f 1754 1755 1414
f 1753 1754 1414
f 1752 1753 1414
f 1751 1752 1414
f 1750 1751 1414
f 1749 1750 1414
f 1748 1749 1414
f 1747 1748 1414
f 1746 1747 1414
f 1745 1746 1414
f 1744 1745 1414
f 1743 1744 1414
f 1742 1743 1414
f 1910 1864 1414
f 1909 1910 1414
f 1908 1909 1414
f 1791 1645 1667
f 1791 1792 1645
f 1982 1666 1674
f 1981 1982 1674
f 1980 1981 1674
f 1979 1980 1674
f 1978 1979 1674
f 1977 1978 1674
f 1983 1667 1666
f 1982 1983 1666
f 1790 1791 1667
f 1789 1790 1667
f 1788 1789 1667
f 1787 1788 1667
f 1786 1787 1667
f 1785 1786 1667
f 1784 1785 1667
f 1783 1784 1667
f 1782 1783 1667
f 1781 1782 1667
f 1780 1781 1667
f 1779 1780 1667
f 1778 1779 1667
f 1777 1778 1667
f 1776 1777 1667
f 1775 1776 1667
f 1984 1775 1667
f 1983 1984 1667
f 1814 1766 1678
f 1960 1678 1766
f 1813 1814 1678
f 1960 1959 1678
f 1764 1685 1686
f 1763 1764 1686
f 1762 1763 1686
f 1761 1762 1686
f 1764 1694 1685
f 1764 1714 1694
f 1816 1694 1714
f 1816 1815 1694
f 1741 1742 1703
f 1839 1741 1703
f 1838 1839 1703
f 1837 1838 1703
f 1836 1837 1703
f 1912 1911 1711
f 1887 1888 1710
f 1853 1714 1713
f 1840 1713 1717
f 1852 1853 1713
f 1851 1852 1713
f 1850 1851 1713
f 1849 1850 1713
f 1848 1849 1713
f 1847 1848 1713
f 1846 1847 1713
f 1845 1846 1713
f 1844 1845 1713
f 1843 1844 1713
f 1842 1843 1713
f 1841 1842 1713
f 1840 1841 1713
f 1862 1816 1714
f 1861 1862 1714
f 1860 1861 1714
f 1859 1860 1714
f 1858 1859 1714
f 1857 1858 1714
f 1856 1857 1714
f 1855 1856 1714
f 1854 1855 1714
f 1853 1854 1714
f 1839 1740 1741
f 1839 1739 1740
f 1839 1738 1739
f 1839 1737 1738
f 1839 1736 1737
f 1839 1735 1736
f 1839 1734 1735
f 1839 1733 1734
f 1839 1732 1733
f 1839 1731 1732
f 1840 1730 1731
f 1839 1840 1731
f 1840 1729 1730
f 1840 1728 1729
f 1840 1727 1728
f 1840 1726 1727
f 1840 1725 1726
f 1840 1724 1725
f 1840 1723 1724
f 1840 1722 1723
f 1840 1721 1722
f 1840 1719 1721
f 1840 1717 1719
f 1994 1766 1765
f 1984 1765 1769
f 1993 1994 1765
f 1992 1993 1765
f 1991 1992 1765
f 1990 1991 1765
f 1989 1990 1765
f 1988 1989 1765
f 1987 1988 1765
f 1986 1987 1765
f 1985 1986 1765
f 1984 1985 1765
f 2006 1960 1766
f 2005 2006 1766
f 2004 2005 1766
f 2003 2004 1766
f 2002 2003 1766
f 2001 2002 1766
f 2000 2001 1766
f 1999 2000 1766
f 1998 1999 1766
f 1997 1998 1766
f 1996 1997 1766
f 1995 1996 1766
f 1994 1995 1766
f 1984 1774 1775
f 1984 1773 1774
f 1984 1772 1773
f 1984 1771 1772
f 1984 1770 1771
f 1984 1769 1770
f 2007 2008 2009
f 476 2009 2008
f 2010 2007 2009
f 2010 2009 476
f 2011 2012 2008
f 2013 2008 2012
f 2014 2011 2008
f 2015 2014 2008
f 2015 2008 2007
f 2016 2008 2013
f 476 2008 2016
f 2013 2012 2011
f 2017 2011 2014
f 2018 2011 2017
f 2013 2011 2018
f 2015 2019 2014
f 2017 2014 2019
f 2020 2021 2019
f 235 2019 2021
f 2015 2022 2019
f 2023 2019 2022
f 2024 2019 2023
f 2025 2020 2019
f 2026 2025 2019
f 2027 2026 2019
f 2028 2019 2029
f 2030 2029 2019
f 2031 2027 2019
f 2032 2031 2019
f 2033 2032 2019
f 2034 2033 2019
f 2035 2034 2019
f 2036 2035 2019
f 2037 2036 2019
f 2038 2037 2019
f 2039 2038 2019
f 2040 2039 2019
f 2041 2040 2019
f 2042 2041 2019
f 2043 2042 2019
f 2044 2043 2019
f 2045 2044 2019
f 2046 2045 2019
f 2047 2046 2019
f 2048 2047 2019
f 2049 2048 2019
f 2028 2049 2019
f 2050 2030 2019
f 2051 2050 2019
f 2052 2051 2019
f 2053 2052 2019
f 2054 2053 2019
f 2055 2054 2019
f 2056 2055 2019
f 2057 2056 2019
f 2058 2057 2019
f 2059 2058 2019
f 2060 2059 2019
f 2061 2060 2019
f 2062 2061 2019
f 2063 2062 2019
f 2064 2063 2019
f 2024 2064 2019
f 235 2017 2019
f 2065 2066 2021
f 2067 2021 2066
f 2020 2007 2021
f 2065 2021 2007
f 2068 2021 2067
f 235 2021 2068
f 2069 2070 2066
f 2067 2066 2070
f 2071 2069 2066
f 2072 2073 2066
f 2074 2066 2073
f 2075 2072 2066
f 2076 2075 2066
f 2077 2066 2065
f 2078 2076 2066
f 2079 2078 2066
f 2080 2079 2066
f 2081 2080 2066
f 2082 2081 2066
f 2083 2082 2066
f 2084 2083 2066
f 2085 2084 2066
f 2086 2085 2066
f 2087 2086 2066
f 2088 2087 2066
f 2089 2088 2066
f 2090 2089 2066
f 2091 2090 2066
f 2092 2091 2066
f 2093 2092 2066
f 2094 2093 2066
f 2095 2094 2066
f 2096 2095 2066
f 2097 2096 2066
f 2098 2097 2066
f 2077 2098 2066
f 2099 2066 2074
f 2100 2071 2066
f 2101 2100 2066
f 2102 2101 2066
f 2103 2102 2066
f 2104 2103 2066
f 2105 2104 2066
f 2106 2105 2066
f 2107 2106 2066
f 2108 2107 2066
f 2109 2108 2066
f 2110 2109 2066
f 2111 2110 2066
f 2112 2111 2066
f 2113 2112 2066
f 2114 2113 2066
f 2115 2114 2066
f 2116 2115 2066
f 2117 2116 2066
f 2099 2117 2066
f 2118 2070 2069
f 2119 2070 2118
f 2067 2070 2119
f 2120 2121 2069
f 2118 2069 2121
f 2122 2120 2069
f 2123 2122 2069
f 2124 2069 2125
f 2126 2125 2069
f 2124 2127 2069
f 2128 2069 2127
f 2129 2069 2128
f 2130 2069 2131
f 2132 2131 2069
f 2133 2123 2069
f 2134 2133 2069
f 2135 2134 2069
f 2136 2135 2069
f 2137 2136 2069
f 2138 2137 2069
f 2139 2138 2069
f 2140 2139 2069
f 2141 2140 2069
f 2142 2141 2069
f 2143 2142 2069
f 2144 2143 2069
f 2145 2144 2069
f 2146 2145 2069
f 2147 2146 2069
f 2148 2147 2069
f 2149 2148 2069
f 2130 2149 2069
f 2150 2126 2069
f 2071 2150 2069
f 2151 2069 2129
f 2152 2132 2069
f 2153 2152 2069
f 2154 2153 2069
f 2155 2154 2069
f 2156 2155 2069
f 2157 2156 2069
f 2158 2157 2069
f 2159 2158 2069
f 2160 2159 2069
f 2161 2160 2069
f 2162 2161 2069
f 2163 2162 2069
f 2164 2163 2069
f 2165 2164 2069
f 2166 2165 2069
f 2167 2166 2069
f 2168 2167 2069
f 2169 2168 2069
f 2170 2169 2069
f 2151 2170 2069
f 2171 2121 2120
f 2118 2121 2171
f 2172 2120 2122
f 2173 2120 2172
f 2171 2120 2173
f 2174 2175 2122
f 2172 2122 2175
f 2176 2174 2122
f 2123 2176 2122
f 2177 2178 2175
f 2179 2175 2178
f 2174 2177 2175
f 2180 2175 2179
f 2172 2175 2180
f 2179 2178 2177
f 2124 2125 2177
f 2181 2177 2125
f 2182 2177 2174
f 2182 2183 2177
f 2184 2177 2183
f 2185 2124 2177
f 2128 2185 2177
f 2186 2128 2177
f 2187 2186 2177
f 2188 2187 2177
f 2189 2188 2177
f 2190 2189 2177
f 2191 2190 2177
f 2192 2191 2177
f 2193 2192 2177
f 2194 2193 2177
f 2195 2194 2177
f 2196 2195 2177
f 2197 2196 2177
f 2198 2197 2177
f 2199 2198 2177
f 2200 2199 2177
f 2201 2200 2177
f 2202 2201 2177
f 2203 2202 2177
f 2184 2203 2177
f 2179 2177 2181
f 2126 2204 2125
f 2205 2125 2204
f 2206 2125 2205
f 2181 2125 2206
f 2007 2207 2204
f 2205 2204 2207
f 2208 2007 2204
f 2209 2204 2073
f 2210 2073 2204
f 2209 2075 2204
f 2211 2204 2075
f 2212 2208 2204
f 2213 2212 2204
f 2214 2213 2204
f 2215 2214 2204
f 2216 2215 2204
f 2217 2216 2204
f 2218 2217 2204
f 2219 2218 2204
f 2220 2219 2204
f 2221 2220 2204
f 2222 2221 2204
f 2223 2222 2204
f 2224 2223 2204
f 2225 2224 2204
f 2226 2225 2204
f 2227 2226 2204
f 2211 2227 2204
f 2228 2210 2204
f 2229 2228 2204
f 2230 2229 2204
f 2231 2230 2204
f 2232 2231 2204
f 2233 2232 2204
f 2234 2233 2204
f 2235 2234 2204
f 2236 2235 2204
f 2237 2236 2204
f 2238 2237 2204
f 2239 2238 2204
f 2240 2239 2204
f 2241 2240 2204
f 2242 2241 2204
f 2243 2242 2204
f 2244 2243 2204
f 2245 2244 2204
f 2246 2245 2204
f 2247 2246 2204
f 2248 2247 2204
f 2249 2248 2204
f 2250 2249 2204
f 2126 2250 2204
f 2010 2207 2007
f 2251 2207 2010
f 2205 2207 2251
f 2252 2015 2007
f 2253 2007 2020
f 2253 2026 2007
f 2254 2007 2026
f 2255 2256 2007
f 2257 2007 2256
f 2258 2255 2007
f 2259 2258 2007
f 2260 2259 2007
f 2261 2260 2007
f 2262 2261 2007
f 2263 2262 2007
f 2264 2263 2007
f 2265 2264 2007
f 2266 2265 2007
f 2267 2266 2007
f 2268 2267 2007
f 2269 2268 2007
f 2270 2269 2007
f 2271 2270 2007
f 2272 2271 2007
f 2273 2272 2007
f 2274 2273 2007
f 2254 2274 2007
f 2275 2252 2007
f 2276 2275 2007
f 2277 2276 2007
f 2278 2277 2007
f 2279 2278 2007
f 2280 2279 2007
f 2281 2280 2007
f 2282 2281 2007
f 2283 2282 2007
f 2284 2283 2007
f 2285 2284 2007
f 2286 2285 2007
f 2287 2286 2007
f 2288 2287 2007
f 2289 2288 2007
f 2290 2289 2007
f 2257 2290 2007
f 2291 2065 2007
f 2292 2291 2007
f 2293 2292 2007
f 2294 2293 2007
f 2295 2294 2007
f 2296 2295 2007
f 2208 2296 2007
f 2297 2298 2174
f 2299 2174 2298
f 2299 2182 2174
f 2300 2297 2174
f 2301 2300 2174
f 2302 2301 2174
f 2303 2302 2174
f 2304 2303 2174
f 2305 2304 2174
f 2306 2305 2174
f 2307 2306 2174
f 2308 2307 2174
f 2309 2308 2174
f 2310 2309 2174
f 2311 2310 2174
f 2312 2311 2174
f 2313 2312 2174
f 2314 2313 2174
f 2315 2314 2174
f 2316 2315 2174
f 2317 2316 2174
f 2318 2317 2174
f 2176 2318 2174
f 2319 2183 2298
f 2320 2298 2183
f 2297 2319 2298
f 2321 2299 2298
f 2321 2298 2320
f 2320 2183 2182
f 2322 2131 2183
f 2184 2183 2131
f 2323 2322 2183
f 2324 2323 2183
f 2325 2324 2183
f 2326 2325 2183
f 2327 2326 2183
f 2319 2327 2183
f 2328 2182 2299
f 2320 2182 2328
f 2329 2127 2124
f 2330 2128 2127
f 2330 2127 2331
f 2329 2331 2127
f 2329 2124 2185
f 2330 2185 2128
f 2332 2185 2330
f 2329 2185 2332
f 2333 2129 2128
f 2334 2333 2128
f 2335 2334 2128
f 2336 2335 2128
f 2337 2336 2128
f 2186 2337 2128
f 2338 2022 2015
f 2339 2023 2022
f 2339 2022 2340
f 2338 2340 2022
f 2341 2342 2015
f 2338 2015 2342
f 2343 2341 2015
f 2344 2343 2015
f 2345 2344 2015
f 2346 2345 2015
f 2252 2346 2015
f 2347 2023 2342
f 2339 2342 2023
f 2341 2347 2342
f 2348 2342 2339
f 2338 2342 2348
f 2347 2349 2023
f 2350 2023 2349
f 2351 2024 2023
f 2352 2351 2023
f 2353 2352 2023
f 2354 2353 2023
f 2350 2354 2023
f 2355 2020 2025
f 2355 2253 2020
f 2356 2025 2026
f 2357 2355 2025
f 2357 2025 2356
f 2356 2026 2253
f 2358 2254 2026
f 2359 2358 2026
f 2027 2359 2026
f 2360 2253 2355
f 2356 2253 2360
f 2361 2073 2072
f 2361 2209 2073
f 2362 2074 2073
f 2210 2362 2073
f 2363 2072 2075
f 2364 2361 2072
f 2364 2072 2363
f 2363 2075 2209
f 2076 2211 2075
f 2365 2209 2361
f 2363 2209 2365
f 2257 2366 2029
f 2367 2029 2366
f 2368 2028 2029
f 2369 2257 2029
f 2030 2369 2029
f 2368 2029 2367
f 2257 2370 2366
f 2371 2366 2370
f 2371 2367 2366
f 2257 2372 2370
f 2373 2370 2372
f 2371 2370 2373
f 2257 2374 2372
f 2375 2372 2374
f 2373 2372 2375
f 2257 2256 2374
f 2376 2374 2256
f 2375 2374 2376
f 2377 2256 2255
f 2376 2256 2377
f 2378 2255 2258
f 2377 2255 2378
f 2379 2258 2259
f 2378 2258 2379
f 2380 2259 2260
f 2379 2259 2380
f 2381 2260 2261
f 2380 2260 2381
f 2382 2261 2262
f 2381 2261 2382
f 2383 2262 2263
f 2382 2262 2383
f 2384 2263 2264
f 2383 2263 2384
f 2385 2264 2265
f 2384 2264 2385
f 2386 2265 2266
f 2385 2265 2386
f 2387 2266 2267
f 2386 2266 2387
f 2388 2267 2268
f 2387 2267 2388
f 2389 2268 2269
f 2388 2268 2389
f 2390 2269 2270
f 2389 2269 2390
f 2391 2270 2271
f 2390 2270 2391
f 2392 2271 2272
f 2391 2271 2392
f 2393 2272 2273
f 2392 2272 2393
f 2394 2273 2274
f 2393 2273 2394
f 2395 2274 2254
f 2394 2274 2395
f 2396 2254 2358
f 2395 2254 2396
f 2397 2358 2359
f 2396 2358 2397
f 2398 2359 2027
f 2397 2359 2398
f 2399 2027 2031
f 2398 2027 2399
f 2400 2031 2032
f 2399 2031 2400
f 2401 2032 2033
f 2400 2032 2401
f 2402 2033 2034
f 2401 2033 2402
f 2403 2034 2035
f 2402 2034 2403
f 2404 2035 2036
f 2403 2035 2404
f 2405 2036 2037
f 2404 2036 2405
f 2406 2037 2038
f 2405 2037 2406
f 2407 2038 2039
f 2406 2038 2407
f 2408 2039 2040
f 2407 2039 2408
f 2409 2040 2041
f 2408 2040 2409
f 2410 2041 2042
f 2409 2041 2410
f 2411 2042 2043
f 2410 2042 2411
f 2412 2043 2044
f 2411 2043 2412
f 2413 2044 2045
f 2412 2044 2413
f 2414 2045 2046
f 2413 2045 2414
f 2415 2046 2047
f 2414 2046 2415
f 2416 2047 2048
f 2415 2047 2416
f 2417 2048 2049
f 2416 2048 2417
f 2418 2049 2028
f 2417 2049 2418
f 2418 2028 2368
f 2419 2131 2322
f 2420 2130 2131
f 2421 2184 2131
f 2422 2421 2131
f 2132 2422 2131
f 2420 2131 2419
f 2423 2322 2323
f 2423 2419 2322
f 2424 2323 2324
f 2423 2323 2424
f 2425 2324 2325
f 2424 2324 2425
f 2426 2325 2326
f 2425 2325 2426
f 2427 2326 2327
f 2426 2326 2427
f 2428 2327 2319
f 2427 2327 2428
f 2429 2319 2297
f 2428 2319 2429
f 2430 2297 2300
f 2429 2297 2430
f 2431 2300 2301
f 2430 2300 2431
f 2432 2301 2302
f 2431 2301 2432
f 2433 2302 2303
f 2432 2302 2433
f 2434 2303 2304
f 2433 2303 2434
f 2435 2304 2305
f 2434 2304 2435
f 2436 2305 2306
f 2435 2305 2436
f 2437 2306 2307
f 2436 2306 2437
f 2438 2307 2308
f 2437 2307 2438
f 2439 2308 2309
f 2438 2308 2439
f 2440 2309 2310
f 2439 2309 2440
f 2441 2310 2311
f 2440 2310 2441
f 2442 2311 2312
f 2441 2311 2442
f 2443 2312 2313
f 2442 2312 2443
f 2444 2313 2314
f 2443 2313 2444
f 2445 2314 2315
f 2444 2314 2445
f 2446 2315 2316
f 2445 2315 2446
f 2447 2316 2317
f 2446 2316 2447
f 2448 2317 2318
f 2447 2317 2448
f 2449 2318 2176
f 2448 2318 2449
f 2450 2176 2123
f 2449 2176 2450
f 2451 2123 2133
f 2450 2123 2451
f 2452 2133 2134
f 2451 2133 2452
f 2453 2134 2135
f 2452 2134 2453
f 2454 2135 2136
f 2453 2135 2454
f 2455 2136 2137
f 2454 2136 2455
f 2456 2137 2138
f 2455 2137 2456
f 2457 2138 2139
f 2456 2138 2457
f 2458 2139 2140
f 2457 2139 2458
f 2459 2140 2141
f 2458 2140 2459
f 2460 2141 2142
f 2459 2141 2460
f 2461 2142 2143
f 2460 2142 2461
f 2462 2143 2144
f 2461 2143 2462
f 2463 2144 2145
f 2462 2144 2463
f 2464 2145 2146
f 2463 2145 2464
f 2465 2146 2147
f 2464 2146 2465
f 2466 2147 2148
f 2465 2147 2466
f 2467 2148 2149
f 2466 2148 2467
f 2468 2149 2130
f 2467 2149 2468
f 2468 2130 2420
f 2469 2349 2347
f 2470 2350 2349
f 2470 2349 2469
f 2471 2347 2341
f 2471 2469 2347
f 2472 2341 2343
f 2471 2341 2472
f 2473 2343 2344
f 2472 2343 2473
f 2474 2344 2345
f 2473 2344 2474
f 2475 2345 2346
f 2474 2345 2475
f 2476 2346 2252
f 2475 2346 2476
f 2477 2252 2275
f 2476 2252 2477
f 2478 2275 2276
f 2477 2275 2478
f 2479 2276 2277
f 2478 2276 2479
f 2480 2277 2278
f 2479 2277 2480
f 2481 2278 2279
f 2480 2278 2481
f 2482 2279 2280
f 2481 2279 2482
f 2483 2280 2281
f 2482 2280 2483
f 2484 2281 2282
f 2483 2281 2484
f 2485 2282 2283
f 2484 2282 2485
f 2486 2283 2284
f 2485 2283 2486
f 2487 2284 2285
f 2486 2284 2487
f 2488 2285 2286
f 2487 2285 2488
f 2489 2286 2287
f 2488 2286 2489
f 2490 2287 2288
f 2489 2287 2490
f 2491 2288 2289
f 2490 2288 2491
f 2492 2289 2290
f 2491 2289 2492
f 2493 2290 2257
f 2492 2290 2493
f 2494 2257 2369
f 2493 2257 2494
f 2495 2369 2030
f 2494 2369 2495
f 2496 2030 2050
f 2495 2030 2496
f 2497 2050 2051
f 2496 2050 2497
f 2498 2051 2052
f 2497 2051 2498
f 2499 2052 2053
f 2498 2052 2499
f 2500 2053 2054
f 2499 2053 2500
f 2501 2054 2055
f 2500 2054 2501
f 2502 2055 2056
f 2501 2055 2502
f 2503 2056 2057
f 2502 2056 2503
f 2504 2057 2058
f 2503 2057 2504
f 2505 2058 2059
f 2504 2058 2505
f 2506 2059 2060
f 2505 2059 2506
f 2507 2060 2061
f 2506 2060 2507
f 2508 2061 2062
f 2507 2061 2508
f 2509 2062 2063
f 2508 2062 2509
f 2510 2063 2064
f 2509 2063 2510
f 2511 2064 2024
f 2510 2064 2511
f 2512 2024 2351
f 2511 2024 2512
f 2513 2351 2352
f 2512 2351 2513
f 2514 2352 2353
f 2513 2352 2514
f 2515 2353 2354
f 2514 2353 2515
f 2516 2354 2350
f 2515 2354 2516
f 2516 2350 2470
f 2517 2065 2291
f 2518 2077 2065
f 2518 2065 2517
f 2519 2291 2292
f 2519 2517 2291
f 2520 2292 2293
f 2519 2292 2520
f 2521 2293 2294
f 2520 2293 2521
f 2522 2294 2295
f 2521 2294 2522
f 2523 2295 2296
f 2522 2295 2523
f 2524 2296 2208
f 2523 2296 2524
f 2525 2208 2212
f 2524 2208 2525
f 2526 2212 2213
f 2525 2212 2526
f 2527 2213 2214
f 2526 2213 2527
f 2528 2214 2215
f 2527 2214 2528
f 2529 2215 2216
f 2528 2215 2529
f 2530 2216 2217
f 2529 2216 2530
f 2531 2217 2218
f 2530 2217 2531
f 2532 2218 2219
f 2531 2218 2532
f 2533 2219 2220
f 2532 2219 2533
f 2534 2220 2221
f 2533 2220 2534
f 2535 2221 2222
f 2534 2221 2535
f 2536 2222 2223
f 2535 2222 2536
f 2537 2223 2224
f 2536 2223 2537
f 2538 2224 2225
f 2537 2224 2538
f 2539 2225 2226
f 2538 2225 2539
f 2540 2226 2227
f 2539 2226 2540
f 2541 2227 2211
f 2540 2227 2541
f 2542 2211 2076
f 2541 2211 2542
f 2543 2076 2078
f 2542 2076 2543
f 2544 2078 2079
f 2543 2078 2544
f 2545 2079 2080
f 2544 2079 2545
f 2546 2080 2081
f 2545 2080 2546
f 2547 2081 2082
f 2546 2081 2547
f 2548 2082 2083
f 2547 2082 2548
f 2549 2083 2084
f 2548 2083 2549
f 2550 2084 2085
f 2549 2084 2550
f 2551 2085 2086
f 2550 2085 2551
f 2552 2086 2087
f 2551 2086 2552
f 2553 2087 2088
f 2552 2087 2553
f 2554 2088 2089
f 2553 2088 2554
f 2555 2089 2090
f 2554 2089 2555
f 2556 2090 2091
f 2555 2090 2556
f 2557 2091 2092
f 2556 2091 2557
f 2558 2092 2093
f 2557 2092 2558
f 2559 2093 2094
f 2558 2093 2559
f 2560 2094 2095
f 2559 2094 2560
f 2561 2095 2096
f 2560 2095 2561
f 2562 2096 2097
f 2561 2096 2562
f 2563 2097 2098
f 2562 2097 2563
f 2564 2098 2077
f 2563 2098 2564
f 2564 2077 2518
f 2565 2074 2362
f 2566 2099 2074
f 2566 2074 2565
f 2567 2362 2210
f 2567 2565 2362
f 2568 2210 2228
f 2567 2210 2568
f 2569 2228 2229
f 2568 2228 2569
f 2570 2229 2230
f 2569 2229 2570
f 2571 2230 2231
f 2570 2230 2571
f 2572 2231 2232
f 2571 2231 2572
f 2573 2232 2233
f 2572 2232 2573
f 2574 2233 2234
f 2573 2233 2574
f 2575 2234 2235
f 2574 2234 2575
f 2576 2235 2236
f 2575 2235 2576
f 2577 2236 2237
f 2576 2236 2577
f 2578 2237 2238
f 2577 2237 2578
f 2579 2238 2239
f 2578 2238 2579
f 2580 2239 2240
f 2579 2239 2580
f 2581 2240 2241
f 2580 2240 2581
f 2582 2241 2242
f 2581 2241 2582
f 2583 2242 2243
f 2582 2242 2583
f 2584 2243 2244
f 2583 2243 2584
f 2585 2244 2245
f 2584 2244 2585
f 2586 2245 2246
f 2585 2245 2586
f 2587 2246 2247
f 2586 2246 2587
f 2588 2247 2248
f 2587 2247 2588
f 2589 2248 2249
f 2588 2248 2589
f 2590 2249 2250
f 2589 2249 2590
f 2591 2250 2126
f 2590 2250 2591
f 2592 2126 2150
f 2591 2126 2592
f 2593 2150 2071
f 2592 2150 2593
f 2594 2071 2100
f 2593 2071 2594
f 2595 2100 2101
f 2594 2100 2595
f 2596 2101 2102
f 2595 2101 2596
f 2597 2102 2103
f 2596 2102 2597
f 2598 2103 2104
f 2597 2103 2598
f 2599 2104 2105
f 2598 2104 2599
f 2600 2105 2106
f 2599 2105 2600
f 2601 2106 2107
f 2600 2106 2601
f 2602 2107 2108
f 2601 2107 2602
f 2603 2108 2109
f 2602 2108 2603
f 2604 2109 2110
f 2603 2109 2604
f 2605 2110 2111
f 2604 2110 2605
f 2606 2111 2112
f 2605 2111 2606
f 2607 2112 2113
f 2606 2112 2607
f 2608 2113 2114
f 2607 2113 2608
f 2609 2114 2115
f 2608 2114 2609
f 2610 2115 2116
f 2609 2115 2610
f 2611 2116 2117
f 2610 2116 2611
f 2612 2117 2099
f 2611 2117 2612
f 2612 2099 2566
f 2613 2129 2333
f 2614 2151 2129
f 2614 2129 2613
f 2615 2333 2334
f 2615 2613 2333
f 2616 2334 2335
f 2615 2334 2616
f 2617 2335 2336
f 2616 2335 2617
f 2618 2336 2337
f 2617 2336 2618
f 2619 2337 2186
f 2618 2337 2619
f 2620 2186 2187
f 2619 2186 2620
f 2621 2187 2188
f 2620 2187 2621
f 2622 2188 2189
f 2621 2188 2622
f 2623 2189 2190
f 2622 2189 2623
f 2624 2190 2191
f 2623 2190 2624
f 2625 2191 2192
f 2624 2191 2625
f 2626 2192 2193
f 2625 2192 2626
f 2627 2193 2194
f 2626 2193 2627
f 2628 2194 2195
f 2627 2194 2628
f 2629 2195 2196
f 2628 2195 2629
f 2630 2196 2197
f 2629 2196 2630
f 2631 2197 2198
f 2630 2197 2631
f 2632 2198 2199
f 2631 2198 2632
f 2633 2199 2200
f 2632 2199 2633
f 2634 2200 2201
f 2633 2200 2634
f 2635 2201 2202
f 2634 2201 2635
f 2636 2202 2203
f 2635 2202 2636
f 2637 2203 2184
f 2636 2203 2637
f 2638 2184 2421
f 2637 2184 2638
f 2639 2421 2422
f 2638 2421 2639
f 2640 2422 2132
f 2639 2422 2640
f 2641 2132 2152
f 2640 2132 2641
f 2642 2152 2153
f 2641 2152 2642
f 2643 2153 2154
f 2642 2153 2643
f 2644 2154 2155
f 2643 2154 2644
f 2645 2155 2156
f 2644 2155 2645
f 2646 2156 2157
f 2645 2156 2646
f 2647 2157 2158
f 2646 2157 2647
f 2648 2158 2159
f 2647 2158 2648
f 2649 2159 2160
f 2648 2159 2649
f 2650 2160 2161
f 2649 2160 2650
f 2651 2161 2162
f 2650 2161 2651
f 2652 2162 2163
f 2651 2162 2652
f 2653 2163 2164
f 2652 2163 2653
f 2654 2164 2165
f 2653 2164 2654
f 2655 2165 2166
f 2654 2165 2655
f 2656 2166 2167
f 2655 2166 2656
f 2657 2167 2168
f 2656 2167 2657
f 2658 2168 2169
f 2657 2168 2658
f 2659 2169 2170
f 2658 2169 2659
f 2660 2170 2151
f 2659 2170 2660
f 2660 2151 2614
f 2013 2018 2017
f 2016 2013 2017
f 2340 2016 2017
f 235 2068 2017
f 2340 2017 2068
f 2340 476 2016
f 2360 2010 476
f 2338 476 2340
f 2338 2348 476
f 2469 476 2348
f 2356 2360 476
f 2357 2356 476
f 2490 2357 476
f 2471 476 2469
f 2489 2490 476
f 2488 2489 476
f 2487 2488 476
f 2486 2487 476
f 2485 2486 476
f 2484 2485 476
f 2483 2484 476
f 2482 2483 476
f 2481 2482 476
f 2480 2481 476
f 2479 2480 476
f 2478 2479 476
f 2477 2478 476
f 2476 2477 476
f 2475 2476 476
f 2474 2475 476
f 2473 2474 476
f 2472 2473 476
f 2471 2472 476
f 2518 2251 2010
f 2360 2068 2010
f 2518 2010 2068
f 2206 2205 2251
f 2583 2206 2251
f 2363 2365 2251
f 2565 2251 2365
f 2364 2363 2251
f 2541 2364 2251
f 2518 2517 2251
f 2519 2251 2517
f 2540 2541 2251
f 2539 2540 2251
f 2538 2539 2251
f 2537 2538 2251
f 2536 2537 2251
f 2535 2536 2251
f 2534 2535 2251
f 2533 2534 2251
f 2532 2533 2251
f 2531 2532 2251
f 2530 2531 2251
f 2529 2530 2251
f 2528 2529 2251
f 2527 2528 2251
f 2526 2527 2251
f 2525 2526 2251
f 2524 2525 2251
f 2523 2524 2251
f 2522 2523 2251
f 2521 2522 2251
f 2520 2521 2251
f 2519 2520 2251
f 2567 2251 2565
f 2582 2583 2251
f 2581 2582 2251
f 2580 2581 2251
f 2579 2580 2251
f 2578 2579 2251
f 2577 2578 2251
f 2576 2577 2251
f 2575 2576 2251
f 2574 2575 2251
f 2573 2574 2251
f 2572 2573 2251
f 2571 2572 2251
f 2570 2571 2251
f 2569 2570 2251
f 2568 2569 2251
f 2567 2568 2251
f 2179 2181 2206
f 2180 2179 2206
f 2328 2180 2206
f 2331 2206 2118
f 2589 2118 2206
f 2631 2328 2206
f 2329 2206 2331
f 2329 2332 2206
f 2613 2206 2332
f 2588 2589 2206
f 2587 2588 2206
f 2586 2587 2206
f 2585 2586 2206
f 2584 2585 2206
f 2583 2584 2206
f 2615 2206 2613
f 2630 2631 2206
f 2629 2630 2206
f 2628 2629 2206
f 2627 2628 2206
f 2626 2627 2206
f 2625 2626 2206
f 2624 2625 2206
f 2623 2624 2206
f 2622 2623 2206
f 2621 2622 2206
f 2620 2621 2206
f 2619 2620 2206
f 2618 2619 2206
f 2617 2618 2206
f 2616 2617 2206
f 2615 2616 2206
f 2328 2172 2180
f 2171 2173 2172
f 2446 2171 2172
f 2328 2299 2172
f 2446 2172 2299
f 2331 2118 2171
f 2330 2331 2171
f 2332 2330 2171
f 2467 2332 2171
f 2466 2467 2171
f 2465 2466 2171
f 2464 2465 2171
f 2463 2464 2171
f 2462 2463 2171
f 2461 2462 2171
f 2460 2461 2171
f 2459 2460 2171
f 2458 2459 2171
f 2457 2458 2171
f 2456 2457 2171
f 2455 2456 2171
f 2454 2455 2171
f 2453 2454 2171
f 2452 2453 2171
f 2451 2452 2171
f 2450 2451 2171
f 2449 2450 2171
f 2448 2449 2171
f 2447 2448 2171
f 2446 2447 2171
f 2589 2119 2118
f 2068 2067 2119
f 2562 2068 2119
f 2365 2361 2119
f 2364 2119 2361
f 2566 2365 2119
f 2542 2119 2364
f 2561 2562 2119
f 2560 2561 2119
f 2559 2560 2119
f 2558 2559 2119
f 2557 2558 2119
f 2556 2557 2119
f 2555 2556 2119
f 2554 2555 2119
f 2553 2554 2119
f 2552 2553 2119
f 2551 2552 2119
f 2550 2551 2119
f 2549 2550 2119
f 2548 2549 2119
f 2547 2548 2119
f 2546 2547 2119
f 2545 2546 2119
f 2544 2545 2119
f 2543 2544 2119
f 2542 2543 2119
f 2612 2566 2119
f 2611 2612 2119
f 2610 2611 2119
f 2609 2610 2119
f 2608 2609 2119
f 2607 2608 2119
f 2606 2607 2119
f 2605 2606 2119
f 2604 2605 2119
f 2603 2604 2119
f 2602 2603 2119
f 2601 2602 2119
f 2600 2601 2119
f 2599 2600 2119
f 2598 2599 2119
f 2597 2598 2119
f 2596 2597 2119
f 2595 2596 2119
f 2594 2595 2119
f 2593 2594 2119
f 2592 2593 2119
f 2591 2592 2119
f 2590 2591 2119
f 2589 2590 2119
f 2415 2340 2068
f 2360 2355 2068
f 2357 2068 2355
f 2396 2068 2357
f 2414 2415 2068
f 2413 2414 2068
f 2412 2413 2068
f 2411 2412 2068
f 2410 2411 2068
f 2409 2410 2068
f 2408 2409 2068
f 2407 2408 2068
f 2406 2407 2068
f 2405 2406 2068
f 2404 2405 2068
f 2403 2404 2068
f 2402 2403 2068
f 2401 2402 2068
f 2400 2401 2068
f 2399 2400 2068
f 2398 2399 2068
f 2397 2398 2068
f 2396 2397 2068
f 2564 2518 2068
f 2563 2564 2068
f 2562 2563 2068
f 2445 2299 2321
f 2445 2446 2299
f 2636 2320 2328
f 2635 2636 2328
f 2634 2635 2328
f 2633 2634 2328
f 2632 2633 2328
f 2631 2632 2328
f 2637 2321 2320
f 2636 2637 2320
f 2444 2445 2321
f 2443 2444 2321
f 2442 2443 2321
f 2441 2442 2321
f 2440 2441 2321
f 2439 2440 2321
f 2438 2439 2321
f 2437 2438 2321
f 2436 2437 2321
f 2435 2436 2321
f 2434 2435 2321
f 2433 2434 2321
f 2432 2433 2321
f 2431 2432 2321
f 2430 2431 2321
f 2429 2430 2321
f 2638 2429 2321
f 2637 2638 2321
f 2468 2420 2332
f 2614 2332 2420
f 2467 2468 2332
f 2614 2613 2332
f 2418 2339 2340
f 2417 2418 2340
f 2416 2417 2340
f 2415 2416 2340
f 2418 2348 2339
f 2418 2368 2348
f 2470 2348 2368
f 2470 2469 2348
f 2395 2396 2357
f 2493 2395 2357
f 2492 2493 2357
f 2491 2492 2357
f 2490 2491 2357
f 2566 2565 2365
f 2541 2542 2364
f 2507 2368 2367
f 2494 2367 2371
f 2506 2507 2367
f 2505 2506 2367
f 2504 2505 2367
f 2503 2504 2367
f 2502 2503 2367
f 2501 2502 2367
f 2500 2501 2367
f 2499 2500 2367
f 2498 2499 2367
f 2497 2498 2367
f 2496 2497 2367
f 2495 2496 2367
f 2494 2495 2367
f 2516 2470 2368
f 2515 2516 2368
f 2514 2515 2368
f 2513 2514 2368
f 2512 2513 2368
f 2511 2512 2368
f 2510 2511 2368
f 2509 2510 2368
f 2508 2509 2368
f 2507 2508 2368
f 2493 2394 2395
f 2493 2393 2394
f 2493 2392 2393
f 2493 2391 2392
f 2493 2390 2391
f 2493 2389 2390
f 2493 2388 2389
f 2493 2387 2388
f 2493 2386 2387
f 2493 2385 2386
f 2494 2384 2385
f 2493 2494 2385
f 2494 2383 2384
f 2494 2382 2383
f 2494 2381 2382
f 2494 2380 2381
f 2494 2379 2380
f 2494 2378 2379
f 2494 2377 2378
f 2494 2376 2377
f 2494 2375 2376
f 2494 2373 2375
f 2494 2371 2373
f 2648 2420 2419
f 2638 2419 2423
f 2647 2648 2419
f 2646 2647 2419
f 2645 2646 2419
f 2644 2645 2419
f 2643 2644 2419
f 2642 2643 2419
f 2641 2642 2419
f 2640 2641 2419
f 2639 2640 2419
f 2638 2639 2419
f 2660 2614 2420
f 2659 2660 2420
f 2658 2659 2420
f 2657 2658 2420
f 2656 2657 2420
f 2655 2656 2420
f 2654 2655 2420
f 2653 2654 2420
f 2652 2653 2420
f 2651 2652 2420
f 2650 2651 2420
f 2649 2650 2420
f 2648 2649 2420
f 2638 2428 2429
f 2638 2427 2428
f 2638 2426 2427
f 2638 2425 2426
f 2638 2424 2425
f 2638 2423 2424
f 2661 2662 2663
f 2664 2663 2662
f 2665 2661 2663
f 2666 2665 2663
f 2664 2666 2663
f 2667 2668 2662
f 2669 2662 2668
f 2670 2667 2662
f 2661 2670 2662
f 2671 2662 2669
f 2664 2662 2671
f 2669 2668 2667
f 2672 2667 2670
f 2673 2667 2672
f 2669 2667 2673
f 2661 2674 2670
f 2672 2670 2674
f 2675 2676 2674
f 2677 2674 2676
f 2678 2675 2674
f 2661 2678 2674
f 2677 2672 2674
f 2679 2676 2675
f 2677 2676 2679
f 2680 2681 2675
f 2682 2675 2681
f 2678 2680 2675
f 2679 2675 2682
f 2683 2684 2681
f 2685 2681 2684
f 2680 2683 2681
f 2682 2681 2685
f 2686 2687 2684
f 2688 2684 2687
f 2689 2686 2684
f 2690 2689 2684
f 2691 2690 2684
f 2683 2691 2684
f 2685 2684 2688
f 2692 2687 2686
f 2688 2687 2692
f 2693 2694 2686
f 2695 2686 2694
f 2689 2693 2686
f 2696 2686 2695
f 2692 2686 2696
f 2695 2694 2693
f 2697 2693 2689
f 2698 2693 2697
f 2695 2693 2698
f 2697 2689 2690
f 2699 2700 2690
f 2701 2690 2700
f 2691 2699 2690
f 2702 2690 2701
f 2697 2690 2702
f 2701 2700 2699
f 2703 2699 2691
f 2704 2699 2703
f 2701 2699 2704
f 2703 2691 2683
f 2680 2705 2683
f 2706 2683 2705
f 2703 2683 2706
f 2707 2705 2680
f 2706 2705 2707
f 2708 2680 2678
f 2707 2680 2708
f 2709 2678 2661
f 2708 2678 2709
f 2665 2710 2661
f 2711 2661 2710
f 2709 2661 2711
f 2712 2710 2665
f 2711 2710 2712
f 2666 2713 2665
f 2714 2665 2713
f 2715 2665 2714
f 2712 2665 2715
f 2714 2713 2666
f 2716 2666 2664
f 2714 2666 2716
f 2669 2673 2672
f 2671 2669 2672
f 2679 2671 2672
f 2677 2679 2672
f 2679 2664 2671
f 2714 2716 2664
f 2715 2714 2664
f 2679 2715 2664
f 2679 2712 2715
f 2709 2711 2712
f 2682 2709 2712
f 2679 2682 2712
f 2685 2708 2709
f 2682 2685 2709
f 2692 2707 2708
f 2685 2692 2708
f 2703 2706 2707
f 2702 2703 2707
f 2697 2702 2707
f 2696 2697 2707
f 2692 2696 2707
f 2701 2704 2703
f 2702 2701 2703
f 2695 2698 2697
f 2696 2695 2697
f 2685 2688 2692
f 2717 2718 2719
f 2720 2719 2718
f 2721 2717 2719
f 2722 2721 2719
f 2720 2722 2719
f 2723 2724 2718
f 2725 2718 2724
f 2726 2723 2718
f 2717 2726 2718
f 2727 2718 2725
f 2720 2718 2727
f 2725 2724 2723
f 2728 2723 2726
f 2729 2723 2728
f 2725 2723 2729
f 2717 2730 2726
f 2728 2726 2730
f 2731 2732 2730
f 2733 2730 2732
f 2734 2731 2730
f 2717 2734 2730
f 2733 2728 2730
f 2735 2732 2731
f 2733 2732 2735
f 2736 2737 2731
f 2738 2731 2737
f 2734 2736 2731
f 2735 2731 2738
f 2739 2740 2737
f 2741 2737 2740
f 2736 2739 2737
f 2738 2737 2741
f 2742 2743 2740
f 2744 2740 2743
f 2745 2742 2740
f 2746 2745 2740
f 2747 2746 2740
f 2739 2747 2740
f 2741 2740 2744
f 2748 2743 2742
f 2744 2743 2748
f 2749 2750 2742
f 2751 2742 2750
f 2745 2749 2742
f 2752 2742 2751
f 2748 2742 2752
f 2751 2750 2749
f 2753 2749 2745
f 2754 2749 2753
f 2751 2749 2754
f 2753 2745 2746
f 2755 2756 2746
f 2757 2746 2756
f 2747 2755 2746
f 2758 2746 2757
f 2753 2746 2758
f 2757 2756 2755
f 2759 2755 2747
f 2760 2755 2759
f 2757 2755 2760
f 2759 2747 2739
f 2736 2761 2739
f 2762 2739 2761
f 2759 2739 2762
f 2763 2761 2736
f 2762 2761 2763
f 2764 2736 2734
f 2763 2736 2764
f 2765 2734 2717
f 2764 2734 2765
f 2721 2766 2717
f 2767 2717 2766
f 2765 2717 2767
f 2768 2766 2721
f 2767 2766 2768
f 2722 2769 2721
f 2770 2721 2769
f 2771 2721 2770
f 2768 2721 2771
f 2770 2769 2722
f 2772 2722 2720
f 2770 2722 2772
f 2725 2729 2728
f 2727 2725 2728
f 2735 2727 2728
f 2733 2735 2728
f 2735 2720 2727
f 2770 2772 2720
f 2771 2770 2720
f 2735 2771 2720
f 2735 2768 2771
f 2765 2767 2768
f 2738 2765 2768
f 2735 2738 2768
f 2741 2764 2765
f 2738 2741 2765
f 2748 2763 2764
f 2741 2748 2764
f 2759 2762 2763
f 2758 2759 2763
f 2753 2758 2763
f 2752 2753 2763
f 2748 2752 2763
f 2757 2760 2759
f 2758 2757 2759
f 2751 2754 2753
f 2752 2751 2753
f 2741 2744 2748
f 2773 2774 2775
f 2776 2775 2774
f 2777 2773 2775
f 2777 2775 2776
f 2778 2779 2774
f 2780 2774 2779
f 2781 2778 2774
f 2773 2781 2774
f 2780 2776 2774
f 2782 2783 2779
f 2784 2779 2783
f 2778 2782 2779
f 2780 2779 2784
f 2785 2786 2783
f 2787 2783 2786
f 2788 2785 2783
f 2782 2788 2783
f 2784 2783 2787
f 2789 2786 2785
f 2787 2786 2789
f 2790 2791 2785
f 2792 2785 2791
f 2788 2790 2785
f 2789 2785 2792
f 2793 2794 2791
f 2795 2791 2794
f 2790 2793 2791
f 2792 2791 2795
f 2796 2797 2794
f 2798 2794 2797
f 2799 2796 2794
f 2793 2799 2794
f 2795 2794 2798
f 2800 2797 2796
f 2798 2797 2800
f 2801 2802 2796
f 2803 2796 2802
f 2799 2801 2796
f 2804 2796 2803
f 2800 2796 2804
f 2803 2802 2801
f 2805 2801 2799
f 2806 2801 2805
f 2803 2801 2806
f 2805 2799 2793
f 2790 2807 2793
f 2808 2793 2807
f 2805 2793 2808
f 2809 2807 2790
f 2808 2807 2809
f 2810 2790 2788
f 2809 2790 2810
f 2811 2788 2782
f 2810 2788 2811
f 2778 2812 2782
f 2813 2782 2812
f 2811 2782 2813
f 2814 2812 2778
f 2813 2812 2814
f 2815 2778 2781
f 2814 2778 2815
f 2773 2816 2781
f 2817 2781 2816
f 2815 2781 2817
f 2818 2819 2816
f 2820 2816 2819
f 2821 2818 2816
f 2773 2821 2816
f 2817 2816 2820
f 2822 2819 2818
f 2820 2819 2822
f 2823 2824 2818
f 2825 2818 2824
f 2821 2823 2818
f 2826 2818 2825
f 2822 2818 2826
f 2825 2824 2823
f 2827 2823 2821
f 2828 2823 2827
f 2825 2823 2828
f 2827 2821 2773
f 2827 2773 2777
f 2827 2777 2776
f 2826 2827 2776
f 2822 2826 2776
f 2780 2822 2776
f 2825 2828 2827
f 2826 2825 2827
f 2817 2820 2822
f 2780 2817 2822
f 2784 2815 2817
f 2780 2784 2817
f 2789 2814 2815
f 2784 2789 2815
f 2811 2813 2814
f 2792 2811 2814
f 2789 2792 2814
f 2795 2810 2811
f 2792 2795 2811
f 2800 2809 2810
f 2795 2800 2810
f 2805 2808 2809
f 2804 2805 2809
f 2800 2804 2809
f 2803 2806 2805
f 2804 2803 2805
f 2795 2798 2800
f 2784 2787 2789

