mtllib material.mtl
usemtl material_clr_base_0
v 0.48510200 0.58501297 0.30000001
v 0.39511001 0.58501297 0.30000001
v 0.39511001 0.31501099 0.30000001
v 0.39511001 0.49502099 0.20999999
v 0.39511001 0.31501099 0.30000001
v 0.39511001 0.58501297 0.30000001
v 0.48510200 0.31501099 0.30000001
v 0.85500199 0.31501099 0.34500000
v 0.48510200 0.31501099 0.30000001
v 0.39511001 0.31501099 0.30000001
v 0.04499596 0.31501099 0.30000001
v 0.04499596 0.22501101 0.30000001
v 0.04499596 0.31501099 0.30000001
v 0.39511001 0.31501099 0.30000001
v 0.39511001 0.22501101 0.30000001
v 0.39511001 0.13900401 0.20999999
v 0.39511001 0.22501101 0.30000001
v 0.48510200 0.58501297 0.09749996
v 0.39511001 0.58501297 0.30000001
v 0.48510200 0.58501297 0.30000001
v 0.39511001 0.49502099 0.09749996
v 0.39511001 0.58501297 0.09749996
v 0.39511001 0.58501297 0.09749996
v 0.48510200 0.49502099 0.20999999
v 0.48510200 0.58501297 0.30000001
v 0.48510200 0.31501099 0.30000001
v 0.48510200 0.58501297 0.09749996
v 0.85500199 0.31501099 0.30000001
v 0.48510200 0.22501101 0.30000001
v 0.48510200 0.31501099 0.30000001
v 0.85500199 0.31501099 0.30000001
v 0.48510200 0.22501101 0.30000001
v 0.85500199 0.40500301 0.13938700
v 0.85500199 0.31501099 0.30000001
v 0.85500199 0.31501099 0.34500000
v 0.85500199 0.22501101 0.30000001
v 0.85500199 0.22501101 0.30000001
v 0.04499596 0.31501099 0.34500000
v 1.05748701 0.22501101 0.34500000
v 0.85500199 0.31501099 0.34500000
v 0.04499596 0.31501099 0.34500000
v 0.85500199 0.31501099 0.40938699
v 0.94499397 0.31501099 0.34500000
v 0.85500199 0.31501099 0.40938699
v 0.85500199 0.31501099 0.34500000
v 0.94499397 0.31501099 0.34500000
v 0.04499596 0.40500301 0.40938699
v 0.04499596 0.31501099 0.34500000
v 0.04499596 0.31501099 0.30000001
v -0.00001300 0.22501101 0.34500000
v -0.04499596 0.31501099 0.34500000
v 0.04499596 0.31501099 0.40938699
v -0.04499596 0.31501099 0.40938699
v 0.04499596 0.31501099 0.34500000
v 0.04499596 0.31501099 0.40938699
v -0.04499596 0.31501099 0.34500000
v 0.04499596 0.13899089 0.20999999
v 0.04499596 0.22501101 0.30000001
v 0.04499596 0.31501099 0.20999999
v -0.00001300 0.22501101 0.34500000
v 0.48510200 0.22501101 0.30000001
v 0.85500199 0.22501101 0.30000001
v 0.85500199 0.31501099 0.20999999
v 0.85500199 0.13900401 0.30000001
v 0.89999801 -0.22498500 0.30000001
v 0.85500199 0.22501101 0.30000001
v 0.85500199 0.13900401 0.30000001
v 0.94499397 -0.31498501 0.30000001
v 0.94499397 -0.13900401 0.30000001
v 0.94499397 0.13900401 0.30000001
v 0.94499397 0.22501101 0.30000001
v 0.94499397 0.22501101 0.30000001
v 0.48510200 0.13900401 0.30000001
v 0.48510200 0.22501101 0.30000001
v 0.39511001 0.22501101 0.30000001
v 0.39511001 0.22501101 0.30000001
v 0.48510200 0.13900401 0.30000001
v 0.85500199 0.13900401 0.20999999
v 0.76100701 0.04500895 0.20999999
v 0.85500199 0.13900401 0.30000001
v 0.85500199 0.13900401 0.20999999
v 0.76100701 0.04500895 0.30000001
v 0.85500199 -0.13900401 0.30000001
v 0.76100701 0.04500895 0.30000001
v 0.94499397 0.31501099 0.20999999
v 0.85500199 0.13900401 0.20999999
v 0.85500199 0.31501099 0.20999999
v 0.76098198 -0.04498296 0.20999999
v 0.76100701 0.04500895 0.20999999
v 0.85500199 -0.13900401 0.20999999
v 0.85500199 0.31501099 0.13938700
v 0.94499397 0.31501099 0.13938700
v 0.85500199 0.31501099 0.20999999
v 0.85500199 0.31501099 0.13938700
v 0.94499397 0.31501099 0.20999999
v 0.94499397 0.40500301 0.13938700
v 0.85500199 0.31501099 0.13938700
v 0.85500199 0.40500301 0.13938700
v 0.94499397 0.31501099 0.13938700
v 0.85500199 0.40500301 0.40938699
v 0.94499397 0.40500301 0.13938700
v 0.85500199 0.40500301 0.13938700
v 0.85500199 0.40500301 0.40938699
v 0.94499397 0.31501099 0.40938699
v 0.85500199 0.40500301 0.40938699
v 0.85500199 0.31501099 0.40938699
v 0.94499397 0.40500301 0.40938699
v 0.94499397 0.40500301 0.40938699
v 0.94499397 0.31501099 0.40938699
v 0.57909697 0.04500895 0.20999999
v 0.76100701 0.04500895 0.30000001
v 0.76100701 0.04500895 0.20999999
v 0.76098198 -0.04498296 0.30000001
v 0.57909697 0.04500895 0.30000001
v 0.57909697 0.04500895 0.30000001
v 0.57912201 -0.04498296 0.20999999
v 0.57909697 0.04500895 0.20999999
v 1.03901505 -0.04498296 0.30000001
v 1.03901505 -0.04498296 0.20999999
v 1.03901505 -0.04498296 0.30000001
v 0.94499397 -0.13900401 0.30000001
v 1.03898895 0.04500895 0.30000001
v 1.12500405 -0.04498296 0.30000001
v 1.03901505 -0.04498296 0.20999999
v 1.12500405 -0.04498296 0.30000001
v 1.03901505 -0.04498296 0.30000001
v 0.94499397 -0.31498501 0.20999999
v 0.94499397 -0.13900401 0.30000001
v 0.94499397 -0.31498501 0.30000001
v 0.94499397 -0.13900401 0.20999999
v 0.94499397 -0.13900401 0.20999999
v 0.89999801 -0.31498501 0.30000001
v 0.89999801 -0.31498501 0.40938699
v 0.94499397 -0.31498501 0.30000001
v 0.89999801 -0.31498501 0.30000001
v 0.94499397 -0.40497801 0.13938700
v 0.94499397 -0.31498501 0.40938699
v 0.94499397 -0.31498501 0.40938699
v 0.89999801 -0.22498500 0.88499999
v 0.89999801 -0.31498501 0.30000001
v 0.89999801 -0.22498500 0.30000001
v 0.89999801 -0.31498501 0.40938699
v 0.85500199 -0.22498500 0.30000001
v 0.89999801 -0.22498500 0.30000001
v 0.85500199 -0.22498500 0.30000001
v 0.85500199 -0.22498500 0.41429999
v 0.89999801 -0.22498500 0.88499999
v 0.85500199 -0.22498500 0.88499999
v 0.85500199 -0.13900401 0.20999999
v 0.85500199 -0.22498500 0.30000001
v 0.85500199 -0.13900401 0.30000001
v 0.85500199 -0.40497801 0.40938699
v 0.85500199 -0.22499999 0.79902500
v 0.85500199 -0.22498500 0.88499999
v 0.85500199 -0.22498500 0.79902500
v 0.85500199 -0.31498501 0.40938699
v 0.85500199 -0.27000001 0.41429999
v 0.85500199 -0.22499999 0.75402498
v 0.85500199 -0.22498500 0.75402498
v 0.85500199 -0.22499999 0.41429999
v 0.85500199 -0.22499999 0.45930001
v 0.85500199 -0.22498500 0.45930001
v 0.85500199 -0.13900401 0.20999999
v 0.85500199 -0.13900401 0.30000001
v 0.76098198 -0.04498296 0.30000001
v 0.57912201 -0.04498296 0.30000001
v 0.76098198 -0.04498296 0.20999999
v 0.76098198 -0.04498296 0.30000001
v 0.57912201 -0.04498296 0.30000001
v 0.76098198 -0.04498296 0.20999999
v 0.48510200 -0.13900401 0.30000001
v 0.57912201 -0.04498296 0.20999999
v 0.57912201 -0.04498296 0.30000001
v 0.48510200 -0.13900401 0.30000001
v 0.57912201 -0.04498296 0.20999999
v 0.48510200 -0.58498698 0.30000001
v 0.48510200 -0.13900401 0.20999999
v 0.48510200 -0.13900401 0.30000001
v 0.48510200 -0.58498698 0.30000001
v 0.48510200 -0.13900401 0.20999999
v 0.39511001 -0.13900401 0.30000001
v 0.39511001 -0.58498698 0.30000001
v 0.39511001 -0.58498698 0.09749996
v 0.48510200 -0.58498698 0.30000001
v 0.39511001 -0.58498698 0.30000001
v 0.39511001 0.13900401 0.30000001
v 0.48510200 -0.49499500 0.20999999
v 0.48510200 -0.49499500 0.09749996
v 0.48510200 -0.58498698 0.09749996
v 0.48510200 -0.58498698 0.09749996
v 0.39511001 -0.49499500 0.20999999
v 0.39511001 -0.58498698 0.30000001
v 0.39511001 -0.13900401 0.30000001
v 0.39511001 -0.58498698 0.09749996
v 0.30111501 0.04500895 0.30000001
v 0.30108899 -0.04498296 0.30000001
v 0.39511001 -0.13900401 0.20999999
v 0.39511001 -0.13900401 0.30000001
v 0.30108899 -0.04498296 0.30000001
v 0.39511001 -0.13900401 0.20999999
v 0.13897800 0.04500895 0.30000001
v 0.13900401 -0.04498296 0.30000001
v 0.30108899 -0.04498296 0.20999999
v 0.30108899 -0.04498296 0.30000001
v 0.13900401 -0.04498296 0.30000001
v 0.30108899 -0.04498296 0.20999999
v 0.04499596 0.13899089 0.30000001
v 0.04499596 -0.13899089 0.30000001
v 0.13900401 -0.04498296 0.20999999
v 0.13900401 -0.04498296 0.30000001
v 0.04499596 -0.13899089 0.30000001
v 0.13900401 -0.04498296 0.20999999
v -0.04499596 0.22501101 0.30000001
v 0.04499596 -0.31498501 0.30000001
v 0.04499596 -0.31498501 0.20999999
v 0.04499596 -0.13899089 0.30000001
v 0.04499596 -0.31498501 0.30000001
v 0.04499596 -0.13899089 0.20999999
v 0.04499596 -0.13899089 0.20999999
v -0.04499596 -0.13901600 0.30000001
v -0.04499596 -0.31498501 0.30000001
v -0.04499596 -0.31498501 0.40938699
v 0.04499596 -0.31498501 0.30000001
v -0.04499596 -0.31498501 0.30000001
v -0.04499596 0.13901600 0.30000001
v 0.04499596 -0.40497801 0.13938700
v 0.04499596 -0.31498501 0.40938699
v 0.04499596 -0.31498501 0.40938699
v -0.04499596 -0.13901600 0.20999999
v -0.04499596 -0.31498501 0.30000001
v -0.04499596 -0.13901600 0.30000001
v -0.04499596 -0.31498501 0.20999999
v -0.04499596 -0.40497801 0.40938699
v -0.04499596 -0.31498501 0.40938699
v -0.13900401 0.04500895 0.30000001
v -0.13902900 -0.04498296 0.30000001
v -0.04499596 -0.13901600 0.20999999
v -0.04499596 -0.13901600 0.30000001
v -0.13902900 -0.04498296 0.30000001
v -0.30746499 0.04500895 0.30000001
v -0.30743900 -0.04498296 0.30000001
v -0.13902900 -0.04498296 0.20999999
v -0.13902900 -0.04498296 0.30000001
v -0.30743900 -0.04498296 0.30000001
v -0.13902900 -0.04498296 0.20999999
v -0.40145999 0.13900401 0.30000001
v -0.40145999 -0.13900401 0.30000001
v -0.30743900 -0.04498296 0.20999999
v -0.30743900 -0.04498296 0.30000001
v -0.40145999 -0.13900401 0.30000001
v -0.30743900 -0.04498296 0.20999999
v -0.49145201 0.22501101 0.30000001
v -0.40145999 -0.58498698 0.30000001
v -0.40145999 -0.13900401 0.20999999
v -0.40145999 -0.13900401 0.30000001
v -0.40145999 -0.58498698 0.30000001
v -0.40145999 -0.13900401 0.20999999
v -0.49145201 -0.13900401 0.30000001
v -0.49145201 -0.58498698 0.30000001
v -0.49145201 -0.58498698 0.09749996
v -0.40145999 -0.58498698 0.30000001
v -0.49145201 -0.58498698 0.30000001
v -0.49145201 0.13900401 0.30000001
v -0.40145999 -0.49499500 0.20999999
v -0.40145999 -0.49499500 0.09749996
v -0.40145999 -0.58498698 0.09749996
v -0.40145999 -0.58498698 0.09749996
v -0.49145201 -0.49499500 0.20999999
v -0.49145201 -0.58498698 0.30000001
v -0.49145201 -0.13900401 0.30000001
v -0.49145201 -0.58498698 0.09749996
v -0.58544701 0.04500895 0.30000001
v -0.58547199 -0.04498296 0.30000001
v -0.49145201 -0.13900401 0.20999999
v -0.49145201 -0.13900401 0.30000001
v -0.58547199 -0.04498296 0.30000001
v -0.49145201 -0.13900401 0.20999999
v -0.76100701 0.04500895 0.30000001
v -0.76098198 -0.04498296 0.30000001
v -0.58547199 -0.04498296 0.20999999
v -0.58547199 -0.04498296 0.30000001
v -0.76098198 -0.04498296 0.30000001
v -0.58547199 -0.04498296 0.20999999
v -0.85500199 0.13900401 0.30000001
v -0.85500199 -0.13900401 0.30000001
v -0.76098198 -0.04498296 0.20999999
v -0.76098198 -0.04498296 0.30000001
v -0.85500199 -0.13900401 0.30000001
v -0.76098198 -0.04498296 0.20999999
v -0.94499397 0.22501101 0.30000001
v -0.85500199 -0.22498500 0.30000001
v -0.85500199 -0.31498501 0.20999999
v -0.85500199 -0.13900401 0.30000001
v -0.85500199 -0.22498500 0.30000001
v -0.85500199 -0.13900401 0.20999999
v -0.85500199 -0.13900401 0.20999999
v -0.89999801 -0.22498500 0.30000001
v -0.89999801 -0.22498500 0.88499999
v -0.85500199 -0.22498500 0.30000001
v -0.89999801 -0.22498500 0.30000001
v -0.85500199 -0.40497801 0.13938700
v -0.85500199 -0.22498500 0.88499999
v -0.85500199 -0.22498500 0.79902500
v -0.85500199 -0.22499999 0.41429999
v -0.85500199 -0.22498500 0.41429999
v -0.85500199 -0.31498501 0.40938699
v -0.89999801 -0.31498501 0.30000001
v -0.89999801 -0.31498501 0.40938699
v -0.89999801 -0.22498500 0.30000001
v -0.89999801 -0.31498501 0.30000001
v -0.89999801 -0.31498501 0.88499999
v -0.89999801 -0.22498500 0.88499999
v -0.94499397 -0.13900401 0.30000001
v -0.94499397 -0.31498501 0.30000001
v -0.94499397 -0.31498501 0.40938699
v -0.89999801 -0.31498501 0.30000001
v -0.94499397 -0.31498501 0.30000001
v -0.94499397 0.13900401 0.30000001
v -0.89999801 -0.31498501 0.40938699
v -0.94499397 -0.13900401 0.20999999
v -0.94499397 -0.31498501 0.30000001
v -0.94499397 -0.13900401 0.30000001
v -0.94499397 -0.31498501 0.20999999
v -0.94499397 -0.40497801 0.40938699
v -0.94499397 -0.31498501 0.40938699
v -1.03898895 0.04500895 0.30000001
v -1.03901505 -0.04498296 0.30000001
v -0.94499397 -0.13900401 0.20999999
v -0.94499397 -0.13900401 0.30000001
v -1.03901505 -0.04498296 0.30000001
v -1.12500405 0.04500895 0.30000001
v -1.12500405 -0.04498296 0.30000001
v -1.12500405 -0.04498296 0.20999999
v -1.03901505 -0.04498296 0.30000001
v -1.12500405 -0.04498296 0.30000001
v -1.03901505 -0.04498296 0.20999999
v -1.03901505 -0.04498296 0.20999999
v -1.12500405 -0.04498296 0.32168901
v -1.12500405 -0.04498296 0.30000001
v -1.12500405 0.04500895 0.30000001
v -1.21499598 -0.04498296 0.09668898
v -1.12500405 -0.04498296 0.32168901
v -1.03898895 0.04500895 0.20999999
v -1.12500405 0.04500895 0.30000001
v -1.03898895 0.04500895 0.30000001
v -1.21499598 0.04500895 0.32168901
v -1.12500405 0.04500895 0.32168901
v -1.12500405 0.04500895 0.32168901
v -1.03898895 0.04500895 0.20999999
v -1.03898895 0.04500895 0.30000001
v -0.94499397 0.13900401 0.30000001
v -0.94499397 0.31501099 0.20999999
v -0.94499397 0.13900401 0.30000001
v -0.94499397 0.22501101 0.30000001
v -0.94499397 0.13900401 0.20999999
v -0.94499397 0.13900401 0.20999999
v -0.85500199 0.22501101 0.30000001
v -1.05751300 0.22501101 0.34500000
v -0.94499397 0.22501101 0.30000001
v -0.85500199 0.22501101 0.30000001
v -0.94499397 0.40500301 0.13938700
v -1.05751300 0.22501101 0.30000001
v -0.94499397 0.31501099 0.30000001
v -0.94499397 0.22501101 0.30000001
v -1.05751300 0.22501101 0.30000001
v -0.94499397 0.31501099 0.30000001
v -0.85500199 0.13900401 0.20999999
v -0.85500199 0.22501101 0.30000001
v -0.85500199 0.13900401 0.30000001
v -0.49145201 0.22501101 0.30000001
v -0.49145201 0.31501099 0.30000001
v -0.49145201 0.22501101 0.30000001
v -0.85500199 0.22501101 0.30000001
v -0.85500199 0.31501099 0.30000001
v -0.85500199 0.31501099 0.30000001
v -0.85500199 0.13900401 0.20999999
v -0.85500199 0.13900401 0.30000001
v -0.76100701 0.04500895 0.30000001
v -0.76100701 0.04500895 0.20999999
v -0.76100701 0.04500895 0.30000001
v -0.58544701 0.04500895 0.30000001
v -0.76100701 0.04500895 0.20999999
v -0.58544701 0.04500895 0.20999999
v -0.58544701 0.04500895 0.30000001
v -0.49145201 0.13900401 0.30000001
v -0.58544701 0.04500895 0.20999999
v -0.49145201 0.13900401 0.20999999
v -0.49145201 0.13900401 0.30000001
v -0.49145201 0.22501101 0.30000001
v -0.49145201 0.13900401 0.20999999
v -0.40145999 0.22501101 0.30000001
v -0.40145999 0.22501101 0.30000001
v -0.49145201 0.31501099 0.30000001
v -0.40145999 0.49502099 0.20999999
v -0.40145999 0.22501101 0.30000001
v -0.40145999 0.13900401 0.30000001
v -0.04499596 0.22501101 0.30000001
v -0.04499596 0.31501099 0.30000001
v -0.04499596 0.22501101 0.30000001
v -0.40145999 0.22501101 0.30000001
v -0.40145999 0.31501099 0.30000001
v -0.40145999 0.31501099 0.30000001
v -0.40145999 0.13900401 0.20999999
v -0.40145999 0.13900401 0.30000001
v -0.30746499 0.04500895 0.30000001
v -0.40145999 0.13900401 0.20999999
v -0.30746499 0.04500895 0.20999999
v -0.30746499 0.04500895 0.30000001
v -0.13900401 0.04500895 0.30000001
v -0.30746499 0.04500895 0.20999999
v -0.13900401 0.04500895 0.20999999
v -0.13900401 0.04500895 0.30000001
v -0.04499596 0.13901600 0.30000001
v -0.13900401 0.04500895 0.20999999
v -0.04499596 0.31501099 0.20999999
v -0.04499596 0.13901600 0.30000001
v -0.04499596 0.22501101 0.30000001
v -0.04499596 0.13901600 0.20999999
v -0.04499596 0.13901600 0.20999999
v 0.04499596 0.22501101 0.30000001
v 0.04499596 0.22501101 0.30000001
v -0.04499596 0.40500301 0.13938700
v -0.04499596 0.31501099 0.30000001
v 0.04499596 0.13899089 0.30000001
v 0.04499596 0.13899089 0.20999999
v 0.04499596 0.13899089 0.30000001
v 0.13897800 0.04500895 0.30000001
v 0.13897800 0.04500895 0.20999999
v 0.13897800 0.04500895 0.30000001
v 0.30111501 0.04500895 0.30000001
v 0.13897800 0.04500895 0.20999999
v 0.30111501 0.04500895 0.20999999
v 0.30111501 0.04500895 0.30000001
v 0.39511001 0.13900401 0.30000001
v 0.30111501 0.04500895 0.20999999
v 0.39511001 0.13900401 0.30000001
v 0.39511001 0.13900401 0.20999999
v 0.48510200 0.13900401 0.20999999
v 0.48510200 0.13900401 0.30000001
v 0.57909697 0.04500895 0.30000001
v 0.48510200 0.13900401 0.20999999
v 0.57909697 0.04500895 0.20999999
v 0.94499397 0.13900401 0.20999999
v 0.94499397 0.22501101 0.30000001
v 0.94499397 0.13900401 0.30000001
v 0.94499397 0.31501099 0.30000001
v 1.05748701 0.31501099 0.30000001
v 0.94499397 0.22501101 0.30000001
v 0.94499397 0.31501099 0.30000001
v 1.05748701 0.22501101 0.30000001
v 1.05748701 0.22501101 0.30000001
v 0.94499397 0.13900401 0.20999999
v 0.94499397 0.13900401 0.30000001
v 1.03898895 0.04500895 0.30000001
v 1.12500405 0.04500895 0.30000001
v 1.12500405 0.04500895 0.20999999
v 1.03898895 0.04500895 0.30000001
v 1.12500405 0.04500895 0.30000001
v 1.03898895 0.04500895 0.20999999
v 1.03898895 0.04500895 0.20999999
v 1.12500405 0.04500895 0.32168901
v 1.12500405 0.04500895 0.30000001
v 1.12500405 -0.04498296 0.30000001
v 1.21499598 0.04500895 0.09668898
v 1.12500405 0.04500895 0.32168901
v 1.21499598 -0.04498296 0.32168901
v 1.12500405 -0.04498296 0.32168901
v 1.12500405 -0.04498296 0.32168901
v 1.21499598 0.04500895 0.32168901
v 1.12500405 -0.04498296 0.32168901
v 1.21499598 -0.04498296 0.32168901
v 1.12500405 0.04500895 0.32168901
v 1.12500405 -0.04498296 0.09668898
v 1.21499598 -0.04498296 0.09668898
v 1.21499598 0.04500895 0.32168901
v 1.21499598 -0.04498296 0.32168901
v 1.21499598 -0.04498296 0.09668898
v 1.12500405 -0.04498296 0.20999999
v 1.16292906 -0.00707096 0.09668898
v 1.21499598 -0.04498296 0.09668898
v 1.12500405 -0.04498296 0.09668898
v 1.17707205 0.00707096 0.09668898
v 1.21499598 0.04500895 0.09668898
v 1.21499598 0.04500895 0.09668898
v 1.17999995 -0.00000100 0.09668898
v 1.17707396 -0.00706899 0.09668898
v 1.16999996 -0.00999999 0.09668898
v 1.12500405 0.04500895 0.09668898
v 1.12500405 -0.04498296 0.09668898
v 1.12500405 -0.04498296 0.20999999
v 1.12500405 0.04500895 0.09668898
v 1.12500405 0.04500895 0.20999999
v 1.12500405 -0.04498296 0.20999999
v 1.03901505 -0.04498296 0.20999999
v 1.12500405 0.04500895 0.20999999
v 1.03898895 0.04500895 0.20999999
v 0.94499397 -0.13900401 0.20999999
v 0.85500199 -0.31498501 0.20999999
v 0.94499397 -0.31498501 0.20999999
v 0.94499397 0.13900401 0.20999999
v 0.94499397 -0.31498501 0.13938700
v 0.85500199 -0.31498501 0.13938700
v 0.94499397 -0.31498501 0.20999999
v 0.94499397 -0.31498501 0.13938700
v 0.85500199 -0.31498501 0.20999999
v 0.85500199 -0.40497801 0.13938700
v 0.94499397 -0.31498501 0.13938700
v 0.94499397 -0.40497801 0.13938700
v 0.85500199 -0.31498501 0.13938700
v 0.94499397 -0.40497801 0.40938699
v 0.85500199 -0.40497801 0.13938700
v 0.94499397 -0.40497801 0.13938700
v 0.94499397 -0.40497801 0.40938699
v 0.89999801 -0.31498501 0.40938699
v 0.94499397 -0.40497801 0.40938699
v 0.94499397 -0.31498501 0.40938699
v 0.85500199 -0.40497801 0.40938699
v 0.85500199 -0.31498501 0.40938699
v 0.85500199 -0.40497801 0.40938699
v 1.12500405 0.04500895 0.09668898
v 0.94499397 0.31501099 0.20999999
v 0.94499397 0.40500301 0.40938699
v 0.94499397 0.31501099 0.13938700
v 0.48510200 -0.13900401 0.20999999
v 0.48510200 0.13900401 0.20999999
v 0.39511001 -0.49499500 0.20999999
v 0.48510200 0.49502099 0.20999999
v 0.39511001 0.13900401 0.20999999
v 0.39511001 0.49502099 0.20999999
v 0.39511001 0.49502099 0.09749996
v 0.48510200 0.49502099 0.20999999
v 0.39511001 0.49502099 0.20999999
v 0.39511001 -0.13900401 0.20999999
v 0.48510200 0.49502099 0.09749996
v 0.48510200 0.49502099 0.09749996
v 0.30108899 -0.04498296 0.20999999
v 0.30111501 0.04500895 0.20999999
v 0.13900401 -0.04498296 0.20999999
v 0.13897800 0.04500895 0.20999999
v 0.04499596 -0.13899089 0.20999999
v 0.04499596 0.13899089 0.20999999
v -0.04499596 -0.31498501 0.20999999
v 0.04499596 0.31501099 0.20999999
v -0.04499596 0.13901600 0.20999999
v -0.04499596 0.31501099 0.20999999
v 0.04499596 0.31501099 0.13938700
v 0.04499596 0.31501099 0.20999999
v -0.04499596 0.31501099 0.20999999
v -0.04499596 -0.13901600 0.20999999
v 0.04499596 0.31501099 0.13938700
v -0.04499596 0.31501099 0.13938700
v -0.04499596 0.31501099 0.13938700
v -0.13902900 -0.04498296 0.20999999
v -0.13900401 0.04500895 0.20999999
v -0.30743900 -0.04498296 0.20999999
v -0.30746499 0.04500895 0.20999999
v -0.40145999 -0.13900401 0.20999999
v -0.40145999 0.13900401 0.20999999
v -0.49145201 -0.49499500 0.20999999
v -0.40145999 0.49502099 0.20999999
v -0.49145201 0.13900401 0.20999999
v -0.49145201 0.49502099 0.20999999
v -0.49145201 0.49502099 0.09749996
v -0.40145999 0.49502099 0.20999999
v -0.49145201 0.49502099 0.20999999
v -0.49145201 -0.13900401 0.20999999
v -0.40145999 0.49502099 0.09749996
v -0.40145999 0.58501297 0.09749996
v -0.40145999 0.49502099 0.09749996
v -0.40145999 0.58501297 0.30000001
v -0.49145201 0.49502099 0.20999999
v -0.49145201 0.58501297 0.30000001
v -0.49145201 0.49502099 0.09749996
v -0.58547199 -0.04498296 0.20999999
v -0.58544701 0.04500895 0.20999999
v -0.76098198 -0.04498296 0.20999999
v -0.76100701 0.04500895 0.20999999
v -0.85500199 -0.13900401 0.20999999
v -0.85500199 0.13900401 0.20999999
v -0.94499397 -0.31498501 0.20999999
v -0.85500199 0.31501099 0.20999999
v -0.85500199 0.31501099 0.20999999
v -0.94499397 0.13900401 0.20999999
v -0.94499397 0.31501099 0.20999999
v -0.85500199 0.31501099 0.13938700
v -0.85500199 0.31501099 0.20999999
v -0.94499397 0.31501099 0.20999999
v -0.94499397 -0.13900401 0.20999999
v -0.85500199 0.40500301 0.40938699
v -0.85500199 0.31501099 0.13938700
v -0.94499397 0.31501099 0.13938700
v -0.94499397 0.31501099 0.13938700
v -1.03901505 -0.04498296 0.20999999
v -1.03898895 0.04500895 0.20999999
v -1.12500405 -0.04498296 0.20999999
v -1.12500405 0.04500895 0.20999999
v -1.12500405 0.04500895 0.20999999
v -1.12500405 -0.04498296 0.09668898
v -1.12500405 0.04500895 0.20999999
v -1.12500405 -0.04498296 0.20999999
v -1.12500405 0.04500895 0.09668898
v -1.12500405 0.04500895 0.09668898
v -1.12500405 -0.04498296 0.09668898
v -0.85500199 -0.31498501 0.20999999
v -0.94499397 -0.31498501 0.13938700
v -0.94499397 -0.31498501 0.20999999
v -0.85500199 -0.31498501 0.20999999
v -0.94499397 -0.31498501 0.13938700
v -0.85500199 -0.31498501 0.13938700
v -0.85500199 -0.31498501 0.13938700
v -0.40145999 -0.49499500 0.20999999
v -0.40145999 -0.49499500 0.09749996
v -0.49145201 -0.49499500 0.20999999
v -0.40145999 -0.49499500 0.20999999
v -0.49145201 -0.49499500 0.09749996
v -0.49145201 -0.49499500 0.09749996
v 0.04499596 -0.31498501 0.20999999
v -0.04499596 -0.31498501 0.13938700
v -0.04499596 -0.31498501 0.20999999
v 0.04499596 -0.31498501 0.20999999
v -0.04499596 -0.31498501 0.13938700
v 0.04499596 -0.31498501 0.13938700
v 0.04499596 -0.31498501 0.13938700
v 0.48510200 -0.49499500 0.20999999
v 0.48510200 -0.49499500 0.09749996
v 0.39511001 -0.49499500 0.20999999
v 0.48510200 -0.49499500 0.20999999
v 0.39511001 -0.49499500 0.09749996
v 0.39511001 -0.49499500 0.09749996
v 0.85500199 -0.31498501 0.20999999
v 0.85500199 -0.31498501 0.13938700
v 1.16999996 0.00999999 0.09668898
v 1.16292703 0.00706899 0.09668898
v 1.15999997 0.00000100 0.09668898
v 1.21499598 0.04500895 0.32168901
v 1.16999996 0.00999999 0.00999999
v 1.16999996 0.00999999 0.09668898
v 1.17707205 0.00707096 0.09668898
v 1.16292906 0.00707096 0.00999999
v 1.16292703 0.00706899 0.09668898
v 1.17707396 0.00706899 0.00999999
v 1.17999995 -0.00000100 0.09668898
v 1.17999995 0.00000100 0.00999999
v 1.17707396 -0.00706899 0.09668898
v 1.17707205 -0.00707096 0.00999999
v 1.16999996 -0.00999999 0.09668898
v 1.16999996 -0.00999999 0.00999999
v 1.16292906 -0.00707096 0.09668898
v 1.16292703 -0.00706899 0.00999999
v 1.15999997 0.00000100 0.09668898
v 1.15999997 -0.00000100 0.00999999
v 0.94499397 0.31501099 0.34500000
v 1.05748701 0.31501099 0.34500000
v 0.94499397 0.31501099 0.30000001
v 0.94499397 0.31501099 0.34500000
v 1.05748701 0.31501099 0.30000001
v 0.94499397 0.31501099 0.40938699
v 1.05748701 0.31501099 0.34500000
v 0.94499397 0.40500301 0.13938700
v 1.05748701 0.22501101 0.34500000
v 1.05748701 0.22501101 0.30000001
v 1.05748701 0.31501099 0.30000001
v 1.05748701 0.22501101 0.34500000
v 1.05748701 0.31501099 0.34500000
v -1.05751300 0.31501099 0.34500000
v -1.05751300 0.22501101 0.30000001
v -1.05751300 0.22501101 0.34500000
v -1.05751300 0.31501099 0.30000001
v -1.05751300 0.31501099 0.30000001
v -1.05751300 0.31501099 0.34500000
v -1.05751300 0.22501101 0.34500000
v -0.85500199 0.31501099 0.34500000
v -0.94499397 0.31501099 0.34500000
v 0.43303400 0.53294599 0.09749996
v 0.39511001 0.49502099 0.09749996
v 0.39511001 0.58501297 0.09749996
v 0.48510200 0.49502099 0.09749996
v 0.44717699 0.54708701 0.09749996
v 0.48510200 0.58501297 0.09749996
v 0.44010600 0.55001700 0.09749996
v 0.43303201 0.54708499 0.09749996
v 0.43010601 0.54001701 0.09749996
v -0.04499596 0.40500301 0.40938699
v 0.04499596 0.31501099 0.40938699
v 0.04499596 0.40500301 0.40938699
v -0.04499596 0.31501099 0.40938699
v 0.04499596 0.40500301 0.13938700
v -0.04499596 0.40500301 0.40938699
v 0.04499596 0.40500301 0.40938699
v 0.04499596 0.40500301 0.13938700
v -0.04499596 0.31501099 0.13938700
v 0.04499596 0.40500301 0.13938700
v 0.04499596 0.31501099 0.13938700
v -0.04499596 0.40500301 0.13938700
v -0.04499596 0.40500301 0.13938700
v -0.04499596 0.31501099 0.34500000
v -0.04499596 0.31501099 0.40938699
v -0.85500199 0.31501099 0.30000001
v -0.85500199 0.31501099 0.34500000
v -0.04499596 0.31501099 0.34500000
v -0.49145201 0.31501099 0.30000001
v -0.40145999 0.31501099 0.30000001
v -0.04499596 0.31501099 0.30000001
v -0.04499596 0.40500301 0.40938699
v -0.94499397 0.31501099 0.40938699
v -0.94499397 0.31501099 0.34500000
v -0.85500199 0.31501099 0.34500000
v -0.85500199 0.31501099 0.40938699
v -0.85500199 0.31501099 0.40938699
v -0.85500199 0.31501099 0.34500000
v -1.05751300 0.31501099 0.30000001
v -1.05751300 0.31501099 0.34500000
v -0.94499397 0.31501099 0.34500000
v -0.94499397 0.31501099 0.34500000
v -0.94499397 0.31501099 0.40938699
v -0.94499397 0.31501099 0.30000001
v -0.94499397 0.40500301 0.40938699
v -0.94499397 0.31501099 0.40938699
v -0.85500199 0.31501099 0.40938699
v -0.94499397 0.40500301 0.40938699
v -0.85500199 0.40500301 0.40938699
v -0.85500199 0.40500301 0.13938700
v -0.94499397 0.31501099 0.13938700
v -0.94499397 0.40500301 0.13938700
v -0.85500199 0.31501099 0.13938700
v -0.85500199 0.40500301 0.13938700
v -0.94499397 0.40500301 0.13938700
v -0.94499397 0.40500301 0.40938699
v -0.85500199 0.40500301 0.40938699
v -1.21499598 -0.04498296 0.32168901
v -1.12500405 0.04500895 0.32168901
v -1.21499598 0.04500895 0.32168901
v -1.12500405 -0.04498296 0.32168901
v -1.21499598 0.04500895 0.09668898
v -1.21499598 -0.04498296 0.32168901
v -1.21499598 0.04500895 0.32168901
v -1.21499598 0.04500895 0.09668898
v -1.16292906 0.00708300 0.09668898
v -1.21499598 0.04500895 0.09668898
v -1.12500405 0.04500895 0.09668898
v -1.21499598 -0.04498296 0.09668898
v -1.17707205 -0.00705796 0.09668898
v -1.21499598 -0.04498296 0.09668898
v -1.16999996 0.01001298 0.09668898
v -1.17707396 0.00708097 0.09668898
v -1.17999995 0.00001300 0.09668898
v -1.12500405 -0.04498296 0.09668898
v -1.21499598 -0.04498296 0.32168901
v -1.15999997 0.00001200 0.09668898
v -1.16292703 -0.00705600 0.09668898
v -1.16999996 -0.00998700 0.09668898
v -0.85500199 -0.40497801 0.40938699
v -0.94499397 -0.31498501 0.40938699
v -0.94499397 -0.40497801 0.40938699
v -0.89999801 -0.31498501 0.40938699
v -0.94499397 -0.40497801 0.13938700
v -0.85500199 -0.40497801 0.40938699
v -0.94499397 -0.40497801 0.40938699
v -0.94499397 -0.40497801 0.13938700
v -0.85500199 -0.31498501 0.13938700
v -0.94499397 -0.40497801 0.13938700
v -0.94499397 -0.31498501 0.13938700
v -0.85500199 -0.40497801 0.13938700
v -0.85500199 -0.40497801 0.13938700
v -0.85500199 -0.31498501 0.88499999
v -0.89999801 -0.31498501 0.88499999
v -0.89999801 -0.31498501 0.40938699
v -0.85500199 -0.31498501 0.40938699
v -0.85500199 -0.31498501 0.40938699
v -0.85500199 -0.22498500 0.88499999
v -0.89999801 -0.22498500 0.88499999
v -0.89999801 -0.31498501 0.88499999
v -0.85500199 -0.31498501 0.88499999
v -0.85500199 -0.27000001 0.79902500
v -0.85500199 -0.22498500 0.88499999
v -0.85500199 -0.31498501 0.88499999
v -0.85500199 -0.22499999 0.79902500
v -0.85500199 -0.22499999 0.75402498
v -0.85500199 -0.22498500 0.75402498
v -0.85500199 -0.22499999 0.45930001
v -0.85500199 -0.22498500 0.45930001
v -0.85500199 -0.40497801 0.40938699
v -0.85500199 -0.27000001 0.75402498
v -0.85500199 -0.27000001 0.45930001
v -0.85500199 -0.27000001 0.41429999
v 0.00000000 -0.22499999 0.75402498
v -0.85500199 -0.27000001 0.75402498
v -0.85500199 -0.22499999 0.75402498
v 0.00000000 -0.27000001 0.75402498
v -0.85500199 -0.27000001 0.79902500
v -0.85500199 -0.27000001 0.75402498
v 0.00000000 -0.27000001 0.75402498
v 0.00000000 -0.22499999 0.79902500
v -0.85500199 -0.22499999 0.75402498
v -0.85500199 -0.22499999 0.79902500
v 0.00000000 -0.22499999 0.75402498
v 0.00000000 -0.27000001 0.79902500
v -0.85500199 -0.22499999 0.79902500
v -0.85500199 -0.27000001 0.79902500
v 0.00000000 -0.22499999 0.79902500
v 0.00000000 -0.27000001 0.79902500
v 0.00000000 -0.22499999 0.41429999
v -0.85500199 -0.27000001 0.41429999
v -0.85500199 -0.22499999 0.41429999
v 0.00000000 -0.27000001 0.41429999
v -0.85500199 -0.27000001 0.45930001
v -0.85500199 -0.27000001 0.41429999
v 0.00000000 -0.27000001 0.41429999
v 0.00000000 -0.22499999 0.45930001
v -0.85500199 -0.22499999 0.41429999
v -0.85500199 -0.22499999 0.45930001
v 0.00000000 -0.22499999 0.41429999
v 0.00000000 -0.27000001 0.45930001
v -0.85500199 -0.22499999 0.45930001
v -0.85500199 -0.27000001 0.45930001
v 0.00000000 -0.22499999 0.45930001
v 0.00000000 -0.27000001 0.45930001
v -0.45352900 -0.53292298 0.09749996
v -0.49145201 -0.58498698 0.09749996
v -0.49145201 -0.49499500 0.09749996
v -0.43938199 -0.54706001 0.09749996
v -0.40145999 -0.58498698 0.09749996
v -0.44645599 -0.54999101 0.09749996
v -0.45352700 -0.54706198 0.09749996
v -0.45645601 -0.53999102 0.09749996
v -0.40145999 -0.49499500 0.09749996
v -0.43938401 -0.53292102 0.09749996
v -0.44645599 -0.52999097 0.09749996
v -0.43645599 -0.53999197 0.09749996
v 0.04499596 -0.40497801 0.40938699
v -0.04499596 -0.31498501 0.40938699
v -0.04499596 -0.40497801 0.40938699
v 0.04499596 -0.31498501 0.40938699
v -0.04499596 -0.40497801 0.13938700
v 0.04499596 -0.40497801 0.40938699
v -0.04499596 -0.40497801 0.40938699
v -0.04499596 -0.40497801 0.13938700
v 0.04499596 -0.31498501 0.13938700
v -0.04499596 -0.40497801 0.13938700
v -0.04499596 -0.31498501 0.13938700
v 0.04499596 -0.40497801 0.13938700
v 0.04499596 -0.40497801 0.13938700
v 0.04499596 -0.40497801 0.40938699
v 0.43303201 -0.53292298 0.09749996
v 0.39511001 -0.58498698 0.09749996
v 0.39511001 -0.49499500 0.09749996
v 0.44717899 -0.54706001 0.09749996
v 0.48510200 -0.58498698 0.09749996
v 0.44010600 -0.54999101 0.09749996
v 0.43303400 -0.54706198 0.09749996
v 0.43010601 -0.53999102 0.09749996
v 0.48510200 -0.49499500 0.09749996
v 0.44717699 -0.53292102 0.09749996
v 0.44010600 -0.52999097 0.09749996
v 0.45010599 -0.53999197 0.09749996
v 0.85500199 -0.31498501 0.88499999
v 0.89999801 -0.22498500 0.88499999
v 0.85500199 -0.22498500 0.88499999
v 0.85500199 -0.31498501 0.88499999
v 0.89999801 -0.31498501 0.88499999
v 0.85500199 -0.31498501 0.88499999
v 0.85500199 -0.31498501 0.40938699
v 0.85500199 -0.27000001 0.79902500
v 0.85500199 -0.27000001 0.75402498
v 0.85500199 -0.27000001 0.45930001
v 0.89999801 -0.31498501 0.88499999
v 0.89999801 -0.31498501 0.40938699
v 0.85500199 -0.40497801 0.13938700
v 0.85500199 -0.27000001 0.75402498
v 0.85500199 -0.27000001 0.79902500
v 0.85500199 -0.22499999 0.75402498
v 0.85500199 -0.27000001 0.75402498
v 0.85500199 -0.27000001 0.79902500
v 0.85500199 -0.22499999 0.79902500
v 0.85500199 -0.22499999 0.79902500
v 0.85500199 -0.22499999 0.75402498
v 0.85500199 -0.27000001 0.41429999
v 0.85500199 -0.27000001 0.45930001
v 0.85500199 -0.22499999 0.41429999
v 0.85500199 -0.27000001 0.41429999
v 0.85500199 -0.27000001 0.45930001
v 0.85500199 -0.22499999 0.45930001
v 0.85500199 -0.22499999 0.45930001
v 0.85500199 -0.22499999 0.41429999
v 0.89999801 -0.31498501 0.88499999
v 0.44010600 -0.52999097 0.00999999
v 0.44010600 -0.52999097 0.09749996
v 0.44717699 -0.53292102 0.09749996
v 0.43303400 -0.53292102 0.00999999
v 0.43303201 -0.53292298 0.09749996
v 0.44717899 -0.53292298 0.00999999
v 0.45010599 -0.53999197 0.09749996
v 0.45010599 -0.53999102 0.00999999
v 0.44717899 -0.54706001 0.09749996
v 0.44717699 -0.54706198 0.00999999
v 0.44010600 -0.54999101 0.09749996
v 0.44010600 -0.54999101 0.00999999
v 0.43303400 -0.54706198 0.09749996
v 0.43303201 -0.54706001 0.00999999
v 0.43010601 -0.53999102 0.09749996
v 0.43010601 -0.53999197 0.00999999
v 0.49163499 -0.51024300 0.00999999
v 0.44010600 -0.52999097 0.00999999
v 0.44717899 -0.53292298 0.00999999
v 0.38060600 -0.53998703 0.00999999
v 0.43303400 -0.53292102 0.00999999
v 0.38857400 -0.51024699 0.00999999
v 0.45010599 -0.53999102 0.00999999
v 0.49960601 -0.53999603 0.00999999
v 0.44717699 -0.54706198 0.00999999
v 0.44010600 -0.54999101 0.00999999
v 0.38857600 -0.56974000 0.00999999
v 0.43303201 -0.54706001 0.00999999
v 0.49163800 -0.56973600 0.00999999
v 0.43010601 -0.53999197 0.00999999
v 0.46985900 -0.59151798 0.00999999
v 0.41035500 -0.59151900 0.00999999
v 0.44010600 -0.59949100 0.00999999
v 0.44010600 -0.59949100 0.00000000
v 0.44010600 -0.59949100 0.00999999
v 0.41035500 -0.59151900 0.00999999
v 0.46985701 -0.59151900 0.00000000
v 0.46985900 -0.59151798 0.00999999
v 0.41035300 -0.59151798 0.00000000
v 0.38857600 -0.56974000 0.00999999
v 0.38857400 -0.56973600 0.00000000
v 0.38060600 -0.53998703 0.00999999
v 0.38060600 -0.53999603 0.00000000
v 0.38857400 -0.51024699 0.00999999
v 0.41035300 -0.48846501 0.00999999
v 0.38857600 -0.51024300 0.00000000
v 0.41035300 -0.48846501 0.00999999
v 0.46985701 -0.48846301 0.00999999
v 0.44010600 -0.48049101 0.00999999
v 0.41035500 -0.48846301 0.00000000
v 0.44010600 -0.48049101 0.00999999
v 0.44010600 -0.48049101 0.00000000
v 0.46985701 -0.48846301 0.00999999
v 0.46985900 -0.48846501 0.00000000
v 0.49163499 -0.51024300 0.00999999
v 0.49163800 -0.51024699 0.00000000
v 0.49960601 -0.53999603 0.00999999
v 0.49960601 -0.53998703 0.00000000
v 0.49163800 -0.56973600 0.00999999
v 0.49163499 -0.56974000 0.00000000
v 0.46985701 -0.59151900 0.00000000
v 0.44010600 -0.59949100 0.00000000
v 0.41035300 -0.59151798 0.00000000
v 0.49163499 -0.56974000 0.00000000
v 0.38857400 -0.56973600 0.00000000
v 0.38060600 -0.53999603 0.00000000
v 0.49960601 -0.53998703 0.00000000
v 0.38857600 -0.51024300 0.00000000
v 0.46985900 -0.48846501 0.00000000
v 0.41035500 -0.48846301 0.00000000
v 0.49163800 -0.51024699 0.00000000
v 0.44010600 -0.48049101 0.00000000
v -0.44645599 -0.52999097 0.00999999
v -0.44645599 -0.52999097 0.09749996
v -0.43938401 -0.53292102 0.09749996
v -0.45352700 -0.53292102 0.00999999
v -0.45352900 -0.53292298 0.09749996
v -0.43938199 -0.53292298 0.00999999
v -0.43645599 -0.53999197 0.09749996
v -0.43645599 -0.53999102 0.00999999
v -0.43938199 -0.54706001 0.09749996
v -0.43938401 -0.54706198 0.00999999
v -0.44645599 -0.54999101 0.09749996
v -0.44645599 -0.54999101 0.00999999
v -0.45352700 -0.54706198 0.09749996
v -0.45352900 -0.54706001 0.00999999
v -0.45645601 -0.53999102 0.09749996
v -0.45645601 -0.53999197 0.00999999
v -0.39492601 -0.51024300 0.00999999
v -0.44645599 -0.52999097 0.00999999
v -0.43938199 -0.53292298 0.00999999
v -0.50595599 -0.53998703 0.00999999
v -0.45352700 -0.53292102 0.00999999
v -0.49798799 -0.51024699 0.00999999
v -0.43645599 -0.53999102 0.00999999
v -0.38695601 -0.53999603 0.00999999
v -0.43938401 -0.54706198 0.00999999
v -0.44645599 -0.54999101 0.00999999
v -0.49798501 -0.56974000 0.00999999
v -0.45352900 -0.54706001 0.00999999
v -0.39492401 -0.56973600 0.00999999
v -0.45645601 -0.53999197 0.00999999
v -0.41670299 -0.59151798 0.00999999
v -0.47620699 -0.59151900 0.00999999
v -0.44645599 -0.59949100 0.00999999
v -0.44645599 -0.59949100 0.00000000
v -0.44645599 -0.59949100 0.00999999
v -0.47620699 -0.59151900 0.00999999
v -0.41670501 -0.59151900 0.00000000
v -0.41670299 -0.59151798 0.00999999
v -0.47620901 -0.59151798 0.00000000
v -0.49798501 -0.56974000 0.00999999
v -0.49798799 -0.56973600 0.00000000
v -0.50595599 -0.53998703 0.00999999
v -0.50595599 -0.53999603 0.00000000
v -0.49798799 -0.51024699 0.00999999
v -0.47620901 -0.48846501 0.00999999
v -0.49798501 -0.51024300 0.00000000
v -0.47620901 -0.48846501 0.00999999
v -0.41670501 -0.48846301 0.00999999
v -0.44645599 -0.48049101 0.00999999
v -0.47620699 -0.48846301 0.00000000
v -0.44645599 -0.48049101 0.00999999
v -0.44645599 -0.48049101 0.00000000
v -0.41670501 -0.48846301 0.00999999
v -0.41670299 -0.48846501 0.00000000
v -0.39492601 -0.51024300 0.00999999
v -0.39492401 -0.51024699 0.00000000
v -0.38695601 -0.53999603 0.00999999
v -0.38695601 -0.53998703 0.00000000
v -0.39492401 -0.56973600 0.00999999
v -0.39492601 -0.56974000 0.00000000
v -0.41670501 -0.59151900 0.00000000
v -0.44645599 -0.59949100 0.00000000
v -0.47620901 -0.59151798 0.00000000
v -0.39492601 -0.56974000 0.00000000
v -0.49798799 -0.56973600 0.00000000
v -0.50595599 -0.53999603 0.00000000
v -0.38695601 -0.53998703 0.00000000
v -0.49798501 -0.51024300 0.00000000
v -0.41670299 -0.48846501 0.00000000
v -0.47620699 -0.48846301 0.00000000
v -0.39492401 -0.51024699 0.00000000
v -0.44645599 -0.48049101 0.00000000
v -1.16999996 0.01001298 0.00999999
v -1.16999996 0.01001298 0.09668898
v -1.16292906 0.00708300 0.09668898
v -1.17707205 0.00708300 0.00999999
v -1.17707396 0.00708097 0.09668898
v -1.16292703 0.00708097 0.00999999
v -1.15999997 0.00001200 0.09668898
v -1.15999997 0.00001300 0.00999999
v -1.16292703 -0.00705600 0.09668898
v -1.16292906 -0.00705796 0.00999999
v -1.16999996 -0.00998700 0.09668898
v -1.16999996 -0.00998700 0.00999999
v -1.17707205 -0.00705796 0.09668898
v -1.17707396 -0.00705600 0.00999999
v -1.17999995 0.00001300 0.09668898
v -1.17999995 0.00001200 0.00999999
v -1.11847103 0.02976095 0.00999999
v -1.16999996 0.01001298 0.00999999
v -1.16292703 0.00708097 0.00999999
v -1.22950006 0.00001700 0.00999999
v -1.17707205 0.00708300 0.00999999
v -1.22153199 0.02975696 0.00999999
v -1.15999997 0.00001300 0.00999999
v -1.11049998 0.00000800 0.00999999
v -1.16292906 -0.00705796 0.00999999
v -1.16999996 -0.00998700 0.00999999
v -1.22152996 -0.02973598 0.00999999
v -1.17707396 -0.00705600 0.00999999
v -1.11846805 -0.02973198 0.00999999
v -1.17999995 0.00001200 0.00999999
v -1.14024699 -0.05151396 0.00999999
v -1.19975102 -0.05151498 0.00999999
v -1.16999996 -0.05948698 0.00999999
v -1.16999996 -0.05948698 0.00000000
v -1.16999996 -0.05948698 0.00999999
v -1.19975102 -0.05151498 0.00999999
v -1.14024901 -0.05151498 0.00000000
v -1.14024699 -0.05151396 0.00999999
v -1.19975305 -0.05151396 0.00000000
v -1.22152996 -0.02973598 0.00999999
v -1.22153199 -0.02973198 0.00000000
v -1.22950006 0.00001700 0.00999999
v -1.22950006 0.00000800 0.00000000
v -1.22153199 0.02975696 0.00999999
v -1.19975305 0.05153900 0.00999999
v -1.22152996 0.02976095 0.00000000
v -1.19975305 0.05153900 0.00999999
v -1.14024901 0.05154097 0.00999999
v -1.16999996 0.05951297 0.00999999
v -1.19975102 0.05154097 0.00000000
v -1.16999996 0.05951297 0.00999999
v -1.16999996 0.05951297 0.00000000
v -1.14024901 0.05154097 0.00999999
v -1.14024699 0.05153900 0.00000000
v -1.11847103 0.02976095 0.00999999
v -1.11846805 0.02975696 0.00000000
v -1.11049998 0.00000800 0.00999999
v -1.11049998 0.00001700 0.00000000
v -1.11846805 -0.02973198 0.00999999
v -1.11847103 -0.02973598 0.00000000
v -1.14024901 -0.05151498 0.00000000
v -1.16999996 -0.05948698 0.00000000
v -1.19975305 -0.05151396 0.00000000
v -1.11847103 -0.02973598 0.00000000
v -1.22153199 -0.02973198 0.00000000
v -1.22950006 0.00000800 0.00000000
v -1.11049998 0.00001700 0.00000000
v -1.22152996 0.02976095 0.00000000
v -1.14024699 0.05153900 0.00000000
v -1.19975102 0.05154097 0.00000000
v -1.11846805 0.02975696 0.00000000
v -1.16999996 0.05951297 0.00000000
v -0.85500199 0.40500301 0.13938700
v -0.49145201 0.58501297 0.09749996
v -0.45352700 0.53294599 0.09749996
v -0.49145201 0.49502099 0.09749996
v -0.49145201 0.58501297 0.09749996
v -0.40145999 0.49502099 0.09749996
v -0.40145999 0.58501297 0.09749996
v -0.49145201 0.58501297 0.09749996
v -0.49145201 0.58501297 0.30000001
v -0.43938401 0.54708701 0.09749996
v -0.40145999 0.58501297 0.09749996
v -0.44645599 0.55001700 0.09749996
v -0.45352900 0.54708499 0.09749996
v -0.45645601 0.54001701 0.09749996
v -0.40145999 0.58501297 0.30000001
v -0.49145201 0.58501297 0.30000001
v -0.49145201 0.31501099 0.30000001
v -0.40145999 0.58501297 0.30000001
v -0.40145999 0.31501099 0.30000001
v -0.43645599 0.54001600 0.09749996
v -0.43938199 0.53294802 0.09749996
v -0.44645599 0.53001702 0.09749996
v -0.44645599 0.55001700 0.00999999
v -0.44645599 0.55001700 0.09749996
v -0.43938401 0.54708701 0.09749996
v -0.45352700 0.54708701 0.00999999
v -0.45352900 0.54708499 0.09749996
v -0.43938199 0.54708499 0.00999999
v -0.43645599 0.54001600 0.09749996
v -0.43645599 0.54001701 0.00999999
v -0.43938199 0.53294802 0.09749996
v -0.43938401 0.53294599 0.00999999
v -0.44645599 0.53001702 0.09749996
v -0.44645599 0.53001702 0.00999999
v -0.45352700 0.53294599 0.09749996
v -0.45352900 0.53294802 0.00999999
v -0.45645601 0.54001701 0.09749996
v -0.45645601 0.54001600 0.00999999
v -0.39492601 0.56976497 0.00999999
v -0.44645599 0.55001700 0.00999999
v -0.43938199 0.54708499 0.00999999
v -0.50595599 0.54002100 0.00999999
v -0.45352700 0.54708701 0.00999999
v -0.49798799 0.56976098 0.00999999
v -0.43645599 0.54001701 0.00999999
v -0.38695601 0.54001200 0.00999999
v -0.43938401 0.53294599 0.00999999
v -0.44645599 0.53001702 0.00999999
v -0.49798501 0.51026797 0.00999999
v -0.45352900 0.53294802 0.00999999
v -0.39492401 0.51027203 0.00999999
v -0.45645601 0.54001600 0.00999999
v -0.41670299 0.48848999 0.00999999
v -0.47620699 0.48848900 0.00999999
v -0.44645599 0.48051700 0.00999999
v -0.44645599 0.48051700 0.00000000
v -0.44645599 0.48051700 0.00999999
v -0.47620699 0.48848900 0.00999999
v -0.41670501 0.48848900 0.00000000
v -0.41670299 0.48848999 0.00999999
v -0.47620901 0.48848999 0.00000000
v -0.49798501 0.51026797 0.00999999
v -0.49798799 0.51027203 0.00000000
v -0.50595599 0.54002100 0.00999999
v -0.50595599 0.54001200 0.00000000
v -0.49798799 0.56976098 0.00999999
v -0.47620901 0.59154302 0.00999999
v -0.49798501 0.56976497 0.00000000
v -0.47620901 0.59154302 0.00999999
v -0.41670501 0.59154499 0.00999999
v -0.44645599 0.59951699 0.00999999
v -0.47620699 0.59154499 0.00000000
v -0.44645599 0.59951699 0.00999999
v -0.44645599 0.59951699 0.00000000
v -0.41670501 0.59154499 0.00999999
v -0.41670299 0.59154302 0.00000000
v -0.39492601 0.56976497 0.00999999
v -0.39492401 0.56976098 0.00000000
v -0.38695601 0.54001200 0.00999999
v -0.38695601 0.54002100 0.00000000
v -0.39492401 0.51027203 0.00999999
v -0.39492601 0.51026797 0.00000000
v -0.41670501 0.48848900 0.00000000
v -0.44645599 0.48051700 0.00000000
v -0.47620901 0.48848999 0.00000000
v -0.39492601 0.51026797 0.00000000
v -0.49798799 0.51027203 0.00000000
v -0.50595599 0.54001200 0.00000000
v -0.38695601 0.54002100 0.00000000
v -0.49798501 0.56976497 0.00000000
v -0.41670299 0.59154302 0.00000000
v -0.47620699 0.59154499 0.00000000
v -0.39492401 0.56976098 0.00000000
v -0.44645599 0.59951699 0.00000000
v 0.45010599 0.54001600 0.09749996
v 0.44717899 0.53294802 0.09749996
v 0.44010600 0.53001702 0.09749996
v 0.44010600 0.55001700 0.00999999
v 0.44010600 0.55001700 0.09749996
v 0.44717699 0.54708701 0.09749996
v 0.43303400 0.54708701 0.00999999
v 0.43303201 0.54708499 0.09749996
v 0.44717899 0.54708499 0.00999999
v 0.45010599 0.54001600 0.09749996
v 0.45010599 0.54001701 0.00999999
v 0.44717899 0.53294802 0.09749996
v 0.44717699 0.53294599 0.00999999
v 0.44010600 0.53001702 0.09749996
v 0.44010600 0.53001702 0.00999999
v 0.43303400 0.53294599 0.09749996
v 0.43303201 0.53294802 0.00999999
v 0.43010601 0.54001701 0.09749996
v 0.43010601 0.54001600 0.00999999
v 0.49163499 0.56976497 0.00999999
v 0.44010600 0.55001700 0.00999999
v 0.44717899 0.54708499 0.00999999
v 0.38060600 0.54002100 0.00999999
v 0.43303400 0.54708701 0.00999999
v 0.38857400 0.56976098 0.00999999
v 0.45010599 0.54001701 0.00999999
v 0.49960601 0.54001200 0.00999999
v 0.44717699 0.53294599 0.00999999
v 0.44010600 0.53001702 0.00999999
v 0.38857600 0.51026797 0.00999999
v 0.43303201 0.53294802 0.00999999
v 0.49163800 0.51027203 0.00999999
v 0.43010601 0.54001600 0.00999999
v 0.46985900 0.48848999 0.00999999
v 0.41035500 0.48848900 0.00999999
v 0.44010600 0.48051700 0.00999999
v 0.44010600 0.48051700 0.00000000
v 0.44010600 0.48051700 0.00999999
v 0.41035500 0.48848900 0.00999999
v 0.46985701 0.48848900 0.00000000
v 0.46985900 0.48848999 0.00999999
v 0.41035300 0.48848999 0.00000000
v 0.38857600 0.51026797 0.00999999
v 0.38857400 0.51027203 0.00000000
v 0.38060600 0.54002100 0.00999999
v 0.38060600 0.54001200 0.00000000
v 0.38857400 0.56976098 0.00999999
v 0.41035300 0.59154302 0.00999999
v 0.38857600 0.56976497 0.00000000
v 0.41035300 0.59154302 0.00999999
v 0.46985701 0.59154499 0.00999999
v 0.44010600 0.59951699 0.00999999
v 0.41035500 0.59154499 0.00000000
v 0.44010600 0.59951699 0.00999999
v 0.44010600 0.59951699 0.00000000
v 0.46985701 0.59154499 0.00999999
v 0.46985900 0.59154302 0.00000000
v 0.49163499 0.56976497 0.00999999
v 0.49163800 0.56976098 0.00000000
v 0.49960601 0.54001200 0.00999999
v 0.49960601 0.54002100 0.00000000
v 0.49163800 0.51027203 0.00999999
v 0.49163499 0.51026797 0.00000000
v 0.46985701 0.48848900 0.00000000
v 0.44010600 0.48051700 0.00000000
v 0.41035300 0.48848999 0.00000000
v 0.49163499 0.51026797 0.00000000
v 0.38857400 0.51027203 0.00000000
v 0.38060600 0.54001200 0.00000000
v 0.49960601 0.54002100 0.00000000
v 0.38857600 0.56976497 0.00000000
v 0.46985900 0.59154302 0.00000000
v 0.41035500 0.59154499 0.00000000
v 0.49163800 0.56976098 0.00000000
v 0.44010600 0.59951699 0.00000000
v 1.22152996 0.02974796 0.00999999
v 1.16999996 0.00999999 0.00999999
v 1.17707396 0.00706899 0.00999999
v 1.11049998 0.00000500 0.00999999
v 1.16292906 0.00707096 0.00999999
v 1.11846805 0.02974396 0.00999999
v 1.17999995 0.00000100 0.00999999
v 1.22950006 -0.00000500 0.00999999
v 1.17707205 -0.00707096 0.00999999
v 1.16999996 -0.00999999 0.00999999
v 1.11847103 -0.02974796 0.00999999
v 1.16292703 -0.00706899 0.00999999
v 1.22153199 -0.02974396 0.00999999
v 1.15999997 -0.00000100 0.00999999
v 1.19975305 -0.05152696 0.00999999
v 1.14024901 -0.05152797 0.00999999
v 1.16999996 -0.05949997 0.00999999
v 1.16999996 -0.05949997 0.00000000
v 1.16999996 -0.05949997 0.00999999
v 1.14024901 -0.05152797 0.00999999
v 1.19975102 -0.05152797 0.00000000
v 1.19975305 -0.05152696 0.00999999
v 1.14024699 -0.05152696 0.00000000
v 1.11847103 -0.02974796 0.00999999
v 1.11846805 -0.02974396 0.00000000
v 1.11049998 0.00000500 0.00999999
v 1.11049998 -0.00000500 0.00000000
v 1.11846805 0.02974396 0.00999999
v 1.14024699 0.05152696 0.00999999
v 1.11847103 0.02974796 0.00000000
v 1.14024699 0.05152696 0.00999999
v 1.19975102 0.05152797 0.00999999
v 1.16999996 0.05949997 0.00999999
v 1.14024901 0.05152797 0.00000000
v 1.16999996 0.05949997 0.00999999
v 1.16999996 0.05949997 0.00000000
v 1.19975102 0.05152797 0.00999999
v 1.19975305 0.05152696 0.00000000
v 1.22152996 0.02974796 0.00999999
v 1.22153199 0.02974396 0.00000000
v 1.22950006 -0.00000500 0.00999999
v 1.22950006 0.00000500 0.00000000
v 1.22153199 -0.02974396 0.00999999
v 1.22152996 -0.02974796 0.00000000
v 1.19975102 -0.05152797 0.00000000
v 1.16999996 -0.05949997 0.00000000
v 1.14024699 -0.05152696 0.00000000
v 1.22152996 -0.02974796 0.00000000
v 1.11846805 -0.02974396 0.00000000
v 1.11049998 -0.00000500 0.00000000
v 1.22950006 0.00000500 0.00000000
v 1.11847103 0.02974796 0.00000000
v 1.19975305 0.05152696 0.00000000
v 1.14024901 0.05152797 0.00000000
v 1.22153199 0.02974396 0.00000000
v 1.16999996 0.05949997 0.00000000
v 0.85500199 -0.22498500 0.79902500
v -0.85500199 -0.22498500 0.41429999
v 0.85500199 -0.22498500 0.41429999
v 0.85500199 -0.22498500 0.45930001
v 0.85500199 -0.22498500 0.75402498
v -0.85500199 -0.22498500 0.45930001
v -0.85500199 -0.22498500 0.79902500
v -0.85500199 -0.22498500 0.75402498
vt 0.63947302 0.29003200
vt 0.65513098 0.30998799
vt 0.60674900 0.41330099
vt 0.64244902 0.24697299
vt 0.60674900 0.41330099
vt 0.65513098 0.30998799
vt 0.59127301 0.36910000
vt 0.55575901 0.27921301
vt 0.59127301 0.36910000
vt 0.60674900 0.41330099
vt 0.72715998 0.58315802
vt 0.71832001 0.70803702
vt 0.72715998 0.58315802
vt 0.60674900 0.41330099
vt 0.58199400 0.44991401
vt 0.55341500 0.35851499
vt 0.58199400 0.44991401
vt 0.63947302 0.09842997
vt 0.65513098 0.30998799
vt 0.63947302 0.29003200
vt 0.64244902 0.11782600
vt 0.65513098 0.10587400
vt 0.65513098 0.10587400
vt 0.62625498 0.22695200
vt 0.63947302 0.29003200
vt 0.59127301 0.36910000
vt 0.63947302 0.09842997
vt 0.55575901 0.24536000
vt 0.56871098 0.39439601
vt 0.59127301 0.36910000
vt 0.55575901 0.24536000
vt 0.56871098 0.39439601
vt 0.56999701 0.11284300
vt 0.55575901 0.24536000
vt 0.55575901 0.27921301
vt 0.54051799 0.25235501
vt 0.54051799 0.25235501
vt 0.72715998 0.63701802
vt 0.53292203 0.23828200
vt 0.55575901 0.27921301
vt 0.72715998 0.63701802
vt 0.55575901 0.32574201
vt 0.55078202 0.25720301
vt 0.55575901 0.32574201
vt 0.55575901 0.27921301
vt 0.55078202 0.25720301
vt 0.73213500 0.60765898
vt 0.72715998 0.63701802
vt 0.72715998 0.58315802
vt 0.74977100 0.76592201
vt 0.77236497 0.63701802
vt 0.72715998 0.70204097
vt 0.77236497 0.70204097
vt 0.72715998 0.63701802
vt 0.72715998 0.70204097
vt 0.77236497 0.63701802
vt 0.69988501 0.74285799
vt 0.71832001 0.70803702
vt 0.72715998 0.44999599
vt 0.74977100 0.76592201
vt 0.56871098 0.39439601
vt 0.54051799 0.25235501
vt 0.55575901 0.17473701
vt 0.52519798 0.25719199
vt 0.46049899 0.24127600
vt 0.54051799 0.25235501
vt 0.52519798 0.25719199
vt 0.44826800 0.22566500
vt 0.47625700 0.23476300
vt 0.52278900 0.23476300
vt 0.53676200 0.23106800
vt 0.53676200 0.23106800
vt 0.54398102 0.41376400
vt 0.56871098 0.39439601
vt 0.58199400 0.44991401
vt 0.58199400 0.44991401
vt 0.54398102 0.41376400
vt 0.52519798 0.18347600
vt 0.50893402 0.20735900
vt 0.52519798 0.25719199
vt 0.52519798 0.18347600
vt 0.50893402 0.28921601
vt 0.47384799 0.25719199
vt 0.50893402 0.28921601
vt 0.55078202 0.16028300
vt 0.52519798 0.18347600
vt 0.55575901 0.17473701
vt 0.49011701 0.20736600
vt 0.50893402 0.20735900
vt 0.47384799 0.18347600
vt 0.55575901 0.11709900
vt 0.55078202 0.10724900
vt 0.55575901 0.17473701
vt 0.55575901 0.11709900
vt 0.55078202 0.16028300
vt 0.56402600 0.10395100
vt 0.55575901 0.11709900
vt 0.56999701 0.11284300
vt 0.55078202 0.10724900
vt 0.56999701 0.31504199
vt 0.56402600 0.10395100
vt 0.56999701 0.11284300
vt 0.56999701 0.31504199
vt 0.55078202 0.30080700
vt 0.56999701 0.31504199
vt 0.55575901 0.32574201
vt 0.56402600 0.29232401
vt 0.56402600 0.29232401
vt 0.55078202 0.30080700
vt 0.51187998 0.26762199
vt 0.50893402 0.28921601
vt 0.50893402 0.20735900
vt 0.49011701 0.28922501
vt 0.51187998 0.36777699
vt 0.51187998 0.36777699
vt 0.48717400 0.26761201
vt 0.51187998 0.26762199
vt 0.49263000 0.21664600
vt 0.49263000 0.15370300
vt 0.49263000 0.21664600
vt 0.47625700 0.23476300
vt 0.50642002 0.21665099
vt 0.49315700 0.20088001
vt 0.49263000 0.15370300
vt 0.49315700 0.20088001
vt 0.49263000 0.21664600
vt 0.44826800 0.16028400
vt 0.47625700 0.23476300
vt 0.44826800 0.22566500
vt 0.47625700 0.16694701
vt 0.47625700 0.16694701
vt 0.44589099 0.23514190
vt 0.44589099 0.31284201
vt 0.44826800 0.22566500
vt 0.44589099 0.23514190
vt 0.43502399 0.10395200
vt 0.44826800 0.30080900
vt 0.44826800 0.30080900
vt 0.46049899 0.58770603
vt 0.44589099 0.23514190
vt 0.46049899 0.24127600
vt 0.44589099 0.31284201
vt 0.45853201 0.25235701
vt 0.46049899 0.24127600
vt 0.45853201 0.25235701
vt 0.45853201 0.33805200
vt 0.46049899 0.58770603
vt 0.45853201 0.60626101
vt 0.47384799 0.18347600
vt 0.45853201 0.25235701
vt 0.47384799 0.25719199
vt 0.42905301 0.31504601
vt 0.45853001 0.56690800
vt 0.45853201 0.60626101
vt 0.45853201 0.56690902
vt 0.44329199 0.32574499
vt 0.45079401 0.33390501
vt 0.45853001 0.54474097
vt 0.45853201 0.54474199
vt 0.45853001 0.33805001
vt 0.45853001 0.36961001
vt 0.45853201 0.36961100
vt 0.47384799 0.18347600
vt 0.47384799 0.25719199
vt 0.49011701 0.28922501
vt 0.48717400 0.36776400
vt 0.49011701 0.20736600
vt 0.49011701 0.28922501
vt 0.48717400 0.36776400
vt 0.49011701 0.20736600
vt 0.45506600 0.41376400
vt 0.48717400 0.26761201
vt 0.48717400 0.36776400
vt 0.45506600 0.41376400
vt 0.48717400 0.26761201
vt 0.35957599 0.29003900
vt 0.45506600 0.30421099
vt 0.45506600 0.41376400
vt 0.35957599 0.29003900
vt 0.45506600 0.30421099
vt 0.44563201 0.47947499
vt 0.34391800 0.30999699
vt 0.34391800 0.10587700
vt 0.35957599 0.29003900
vt 0.34391800 0.30999699
vt 0.55341500 0.47947499
vt 0.37279600 0.22695699
vt 0.37279600 0.10781500
vt 0.35957599 0.09843295
vt 0.35957599 0.09843295
vt 0.35660100 0.24698000
vt 0.34391800 0.30999699
vt 0.44563201 0.47947499
vt 0.34391800 0.10587700
vt 0.52315998 0.60017997
vt 0.47589701 0.60021597
vt 0.44563201 0.35851499
vt 0.44563201 0.47947499
vt 0.47589701 0.60021597
vt 0.44563201 0.35851499
vt 0.54941702 0.86217302
vt 0.44966400 0.86213899
vt 0.47589701 0.46582600
vt 0.47589701 0.60021597
vt 0.44966400 0.86213899
vt 0.47589701 0.46582600
vt 0.69988501 0.86215597
vt 0.29916099 0.86215597
vt 0.44966400 0.74283803
vt 0.44966400 0.86213899
vt 0.29916099 0.86215597
vt 0.44966400 0.74283803
vt 0.78120399 0.70803702
vt 0.27188799 0.58318800
vt 0.27188799 0.45002401
vt 0.29916099 0.86215597
vt 0.27188799 0.58318800
vt 0.29916099 0.74285799
vt 0.29916099 0.74285799
vt 0.19941600 0.86210501
vt 0.22668000 0.58318800
vt 0.22668000 0.70207101
vt 0.27188799 0.58318800
vt 0.22668000 0.58318800
vt 0.79962999 0.86210501
vt 0.26691201 0.25426099
vt 0.27188799 0.70207101
vt 0.27188799 0.70207101
vt 0.19941600 0.74279797
vt 0.22668000 0.58318800
vt 0.19941600 0.86210501
vt 0.22668000 0.45002401
vt 0.23165600 0.60768199
vt 0.22668000 0.70207101
vt 0.95011503 0.86212200
vt 0.04889595 0.86208802
vt 0.19941600 0.74279797
vt 0.19941600 0.86210501
vt 0.04889595 0.86208802
vt 0.97684503 0.59230500
vt 0.02218997 0.59234101
vt 0.04889595 0.74277800
vt 0.04889595 0.86208802
vt 0.02218997 0.59234101
vt 0.04889595 0.74277800
vt 0.94690001 0.47429699
vt 0.05214595 0.47429699
vt 0.02218997 0.45848900
vt 0.02218997 0.59234101
vt 0.05214595 0.47429699
vt 0.02218997 0.45848900
vt 0.93160099 0.39087501
vt 0.15346800 0.30859700
vt 0.05214595 0.35414100
vt 0.05214595 0.47429699
vt 0.15346800 0.30859700
vt 0.05214595 0.35414100
vt 0.04295694 0.40969899
vt 0.13797300 0.28863499
vt 0.13797300 0.09791398
vt 0.15346800 0.30859700
vt 0.13797300 0.28863499
vt 0.95608902 0.40969899
vt 0.14072700 0.24553999
vt 0.14072700 0.11710500
vt 0.15346800 0.10535000
vt 0.15346800 0.10535000
vt 0.12473700 0.22558799
vt 0.13797300 0.28863499
vt 0.04295694 0.40969899
vt 0.13797300 0.09791398
vt 0.98777801 0.36437801
vt 0.01126098 0.36436501
vt 0.04295694 0.30093300
vt 0.04295694 0.40969899
vt 0.01126098 0.36436501
vt 0.04295694 0.30093300
vt 0.99058998 0.28921601
vt 0.00845098 0.28922501
vt 0.01126098 0.26494899
vt 0.01126098 0.36436501
vt 0.00845098 0.28922501
vt 0.01126098 0.26494899
vt 0.97432601 0.25719199
vt 0.02471995 0.25719199
vt 0.00845098 0.20736600
vt 0.00845098 0.28922501
vt 0.02471995 0.25719199
vt 0.00845098 0.20736600
vt 0.96276200 0.23106800
vt 0.04003596 0.25235701
vt 0.05527597 0.17473900
vt 0.02471995 0.25719199
vt 0.04003596 0.25235701
vt 0.02471995 0.18347600
vt 0.02471995 0.18347600
vt 0.03806996 0.24127600
vt 0.03806996 0.58770603
vt 0.04003596 0.25235701
vt 0.03806996 0.24127600
vt 0.06951498 0.11284400
vt 0.04003596 0.60626101
vt 0.04003596 0.56690902
vt 0.04003798 0.33805001
vt 0.04003596 0.33805200
vt 0.05527597 0.32574499
vt 0.05267798 0.23514190
vt 0.05267798 0.31284201
vt 0.03806996 0.24127600
vt 0.05267798 0.23514190
vt 0.05267798 0.57713199
vt 0.03806996 0.58770603
vt 0.02231097 0.23476300
vt 0.05030000 0.22566500
vt 0.05030000 0.30080900
vt 0.05267798 0.23514190
vt 0.05030000 0.22566500
vt 0.97673500 0.23476300
vt 0.05267798 0.31284201
vt 0.02231097 0.16694701
vt 0.05030000 0.22566500
vt 0.02231097 0.23476300
vt 0.05030000 0.16028400
vt 0.06354397 0.29232699
vt 0.05030000 0.30080900
vt 0.99310398 0.21665099
vt 0.00593799 0.21664600
vt 0.02231097 0.16694701
vt 0.02231097 0.23476300
vt 0.00593799 0.21664600
vt 0.99363101 0.20088001
vt 0.00541198 0.20088001
vt 0.00541198 0.14224800
vt 0.00593799 0.21664600
vt 0.00541198 0.20088001
vt 0.00593799 0.15370300
vt 0.00593799 0.15370300
vt 0.00541198 0.21468700
vt 0.00541198 0.20088001
vt 0.99363101 0.20088001
vt 0.00493997 0.06121796
vt 0.00541198 0.21468700
vt 0.99310398 0.15370600
vt 0.99363101 0.20088001
vt 0.99310398 0.21665099
vt 0.99410200 0.19953300
vt 0.99363101 0.21468700
vt 0.99363101 0.21468700
vt 0.99310398 0.15370600
vt 0.99310398 0.21665099
vt 0.97673500 0.23476300
vt 0.94874197 0.16028300
vt 0.97673500 0.23476300
vt 0.96276200 0.23106800
vt 0.97673500 0.16694701
vt 0.97673500 0.16694701
vt 0.95900601 0.25235501
vt 0.96660298 0.23827700
vt 0.96276200 0.23106800
vt 0.95900601 0.25235501
vt 0.93549800 0.10395100
vt 0.96660298 0.20879599
vt 0.94874197 0.22566301
vt 0.96276200 0.23106800
vt 0.96660298 0.20879599
vt 0.94874197 0.22566301
vt 0.97432601 0.18347600
vt 0.95900601 0.25235501
vt 0.97432601 0.25719199
vt 0.93160099 0.39087501
vt 0.90919501 0.36621201
vt 0.93160099 0.39087501
vt 0.95900601 0.25235501
vt 0.94376600 0.24536000
vt 0.94376600 0.24536000
vt 0.97432601 0.18347600
vt 0.97432601 0.25719199
vt 0.99058998 0.28921601
vt 0.99058998 0.20735900
vt 0.99058998 0.28921601
vt 0.98777801 0.36437801
vt 0.99058998 0.20735900
vt 0.98777801 0.26495901
vt 0.98777801 0.36437801
vt 0.95608902 0.40969899
vt 0.98777801 0.26495901
vt 0.95608902 0.30093300
vt 0.95608902 0.40969899
vt 0.93160099 0.39087501
vt 0.95608902 0.30093300
vt 0.91861802 0.44563901
vt 0.91861802 0.44563901
vt 0.90919501 0.36621201
vt 0.85831499 0.24553300
vt 0.91861802 0.44563901
vt 0.94690001 0.47429699
vt 0.78120399 0.70803702
vt 0.77236497 0.58315802
vt 0.78120399 0.70803702
vt 0.91861802 0.44563901
vt 0.89401102 0.40998700
vt 0.89401102 0.40998700
vt 0.94690001 0.35414100
vt 0.94690001 0.47429699
vt 0.97684503 0.59230500
vt 0.94690001 0.35414100
vt 0.97684503 0.45845500
vt 0.97684503 0.59230500
vt 0.95011503 0.86212200
vt 0.97684503 0.45845500
vt 0.95011503 0.74281901
vt 0.95011503 0.86212200
vt 0.79962999 0.86210501
vt 0.95011503 0.74281901
vt 0.77236497 0.44999599
vt 0.79962999 0.86210501
vt 0.78120399 0.70803702
vt 0.79962999 0.74279797
vt 0.79962999 0.74279797
vt 0.71832001 0.70803702
vt 0.71832001 0.70803702
vt 0.76738900 0.25424600
vt 0.77236497 0.58315802
vt 0.69988501 0.86215597
vt 0.69988501 0.74285799
vt 0.69988501 0.86215597
vt 0.54941702 0.86217302
vt 0.54941702 0.74287802
vt 0.54941702 0.86217302
vt 0.52315998 0.60017997
vt 0.54941702 0.74287802
vt 0.52315998 0.46579200
vt 0.52315998 0.60017997
vt 0.55341500 0.47947499
vt 0.52315998 0.46579200
vt 0.55341500 0.47947499
vt 0.55341500 0.35851499
vt 0.54398102 0.30421099
vt 0.54398102 0.41376400
vt 0.51187998 0.36777699
vt 0.54398102 0.30421099
vt 0.51187998 0.26762199
vt 0.52278900 0.16694701
vt 0.53676200 0.23106800
vt 0.52278900 0.23476300
vt 0.55078202 0.22566301
vt 0.54564500 0.20478700
vt 0.53676200 0.23106800
vt 0.55078202 0.22566301
vt 0.53292203 0.20880000
vt 0.53292203 0.20880000
vt 0.52278900 0.16694701
vt 0.52278900 0.23476300
vt 0.50642002 0.21665099
vt 0.50589299 0.20088001
vt 0.50589299 0.14224800
vt 0.50642002 0.21665099
vt 0.50589299 0.20088001
vt 0.50642002 0.15370600
vt 0.50642002 0.15370600
vt 0.50589299 0.21468700
vt 0.50589299 0.20088001
vt 0.49315700 0.20088001
vt 0.50542200 0.06121796
vt 0.50589299 0.21468700
vt 0.49362800 0.19953300
vt 0.49315700 0.21468700
vt 0.49315700 0.21468700
vt 0.50542200 0.19953300
vt 0.49315700 0.21468700
vt 0.49362800 0.19953300
vt 0.50589299 0.21468700
vt 0.49315700 0.06608498
vt 0.49362800 0.06121796
vt 0.50542200 0.19953300
vt 0.49362800 0.19953300
vt 0.49362800 0.06121796
vt 0.49315700 0.14224800
vt 0.49855399 0.06398999
vt 0.49362800 0.06121796
vt 0.49315700 0.06608498
vt 0.50048000 0.06322395
vt 0.50542200 0.06121796
vt 0.50542200 0.06121796
vt 0.49952301 0.06306898
vt 0.49856600 0.06322395
vt 0.49816099 0.06360298
vt 0.50589299 0.06608498
vt 0.49315700 0.06608498
vt 0.49315700 0.14224800
vt 0.50589299 0.06608498
vt 0.50589299 0.14224800
vt 0.49315700 0.14224800
vt 0.49263000 0.15370300
vt 0.50589299 0.14224800
vt 0.50642002 0.15370600
vt 0.47625700 0.16694701
vt 0.44329199 0.17473900
vt 0.44826800 0.16028400
vt 0.52278900 0.16694701
vt 0.44826800 0.10725000
vt 0.44329199 0.11710000
vt 0.44826800 0.16028400
vt 0.44826800 0.10725000
vt 0.44329199 0.17473900
vt 0.42905301 0.11284400
vt 0.44826800 0.10725000
vt 0.43502399 0.10395200
vt 0.44329199 0.11710000
vt 0.43502399 0.29232699
vt 0.42905301 0.11284400
vt 0.43502399 0.10395200
vt 0.43502399 0.29232699
vt 0.44589099 0.31284201
vt 0.43502399 0.29232699
vt 0.44826800 0.30080900
vt 0.42905301 0.31504601
vt 0.44329199 0.32574499
vt 0.42905301 0.31504601
vt 0.50589299 0.06608498
vt 0.55078202 0.16028300
vt 0.56402600 0.29232401
vt 0.55078202 0.10724900
vt 0.45506600 0.30421099
vt 0.54398102 0.30421099
vt 0.35660100 0.24698000
vt 0.62625498 0.22695200
vt 0.55341500 0.35851499
vt 0.64244902 0.24697299
vt 0.64244902 0.11782600
vt 0.62625498 0.22695200
vt 0.64244902 0.24697299
vt 0.44563201 0.35851499
vt 0.62625498 0.10781200
vt 0.62625498 0.10781200
vt 0.47589701 0.46582600
vt 0.52315998 0.46579200
vt 0.44966400 0.74283803
vt 0.54941702 0.74287802
vt 0.29916099 0.74285799
vt 0.69988501 0.74285799
vt 0.22668000 0.45002401
vt 0.72715998 0.44999599
vt 0.79962999 0.74279797
vt 0.77236497 0.44999599
vt 0.72715998 0.31848899
vt 0.72715998 0.44999599
vt 0.77236497 0.44999599
vt 0.19941600 0.74279797
vt 0.72715998 0.31848899
vt 0.77236497 0.31848899
vt 0.77236497 0.31848899
vt 0.04889595 0.74277800
vt 0.95011503 0.74281901
vt 0.02218997 0.45848900
vt 0.97684503 0.45845500
vt 0.05214595 0.35414100
vt 0.94690001 0.35414100
vt 0.12473700 0.22558799
vt 0.85831499 0.24553300
vt 0.95608902 0.30093300
vt 0.87430501 0.22558200
vt 0.87430501 0.10713200
vt 0.85831499 0.24553300
vt 0.87430501 0.22558200
vt 0.04295694 0.30093300
vt 0.85831499 0.11710200
vt 0.84557402 0.10534700
vt 0.85831499 0.11710200
vt 0.84557402 0.30858901
vt 0.87430501 0.22558200
vt 0.86106998 0.28862801
vt 0.87430501 0.10713200
vt 0.01126098 0.26494899
vt 0.98777801 0.26495901
vt 0.00845098 0.20736600
vt 0.99058998 0.20735900
vt 0.02471995 0.18347600
vt 0.97432601 0.18347600
vt 0.05030000 0.16028400
vt 0.94376600 0.17473701
vt 0.94376600 0.17473701
vt 0.97673500 0.16694701
vt 0.94874197 0.16028300
vt 0.94376600 0.11709900
vt 0.94376600 0.17473701
vt 0.94874197 0.16028300
vt 0.02231097 0.16694701
vt 0.92952698 0.31504199
vt 0.94376600 0.11709900
vt 0.94874197 0.10724900
vt 0.94874197 0.10724900
vt 0.00593799 0.15370300
vt 0.99310398 0.15370600
vt 0.00541198 0.14224800
vt 0.99363101 0.14224800
vt 0.99363101 0.14224800
vt 0.00541198 0.06608498
vt 0.99363101 0.14224800
vt 0.00541198 0.14224800
vt 0.99363101 0.06608498
vt 0.99363101 0.06608498
vt 0.00541198 0.06608498
vt 0.05527597 0.17473900
vt 0.05030000 0.10725000
vt 0.05030000 0.16028400
vt 0.05527597 0.17473900
vt 0.05030000 0.10725000
vt 0.05527597 0.11710000
vt 0.05527597 0.11710000
vt 0.14072700 0.24553999
vt 0.14072700 0.11710500
vt 0.12473700 0.22558799
vt 0.14072700 0.24553999
vt 0.12473700 0.10713400
vt 0.12473700 0.10713400
vt 0.27188799 0.45002401
vt 0.22668000 0.31851199
vt 0.22668000 0.45002401
vt 0.27188799 0.45002401
vt 0.22668000 0.31851199
vt 0.27188799 0.31851199
vt 0.27188799 0.31851199
vt 0.37279600 0.22695699
vt 0.37279600 0.10781500
vt 0.35660100 0.24698000
vt 0.37279600 0.22695699
vt 0.35660100 0.11783000
vt 0.35660100 0.11783000
vt 0.44329199 0.17473900
vt 0.44329199 0.11710000
vt 0.50088501 0.06360298
vt 0.50049102 0.06398999
vt 0.49952301 0.06415200
vt 0.50542200 0.19953300
vt 0.50088501 0.00659299
vt 0.50088501 0.06360298
vt 0.50048000 0.06322395
vt 0.50049198 0.00663298
vt 0.50049102 0.06398999
vt 0.50048000 0.00655299
vt 0.49952301 0.06306898
vt 0.49952301 0.00653696
vt 0.49856600 0.06322395
vt 0.49856600 0.00655299
vt 0.49816099 0.06360298
vt 0.49816099 0.00659299
vt 0.49855399 0.06398999
vt 0.49855500 0.00663298
vt 0.49952301 0.06415200
vt 0.49952301 0.00664997
vt 0.55078202 0.25720301
vt 0.54564500 0.23376890
vt 0.55078202 0.22566301
vt 0.55078202 0.25720301
vt 0.54564500 0.20478700
vt 0.55078202 0.30080700
vt 0.54564500 0.23376890
vt 0.56402600 0.10395100
vt 0.53292203 0.23828200
vt 0.53292203 0.20880000
vt 0.54564500 0.20478700
vt 0.53292203 0.23828200
vt 0.54564500 0.23376890
vt 0.95388001 0.23376390
vt 0.96660298 0.20879599
vt 0.96660298 0.23827700
vt 0.95388001 0.20478299
vt 0.95388001 0.20478299
vt 0.95388001 0.23376390
vt 0.96660298 0.23827700
vt 0.94376600 0.27921301
vt 0.94874197 0.25720301
vt 0.64106101 0.10880200
vt 0.64244902 0.11782600
vt 0.65513098 0.10587400
vt 0.62625498 0.10781200
vt 0.64059699 0.10577700
vt 0.63947302 0.09842997
vt 0.64225501 0.10609900
vt 0.64309800 0.10710500
vt 0.64261502 0.10823100
vt 0.76738900 0.60765898
vt 0.72715998 0.70204097
vt 0.73213500 0.60765898
vt 0.77236497 0.70204097
vt 0.73213500 0.25424600
vt 0.76738900 0.60765898
vt 0.73213500 0.60765898
vt 0.73213500 0.25424600
vt 0.77236497 0.31848899
vt 0.73213500 0.25424600
vt 0.72715998 0.31848899
vt 0.76738900 0.25424600
vt 0.76738900 0.25424600
vt 0.77236497 0.63701802
vt 0.77236497 0.70204097
vt 0.94376600 0.24536000
vt 0.94376600 0.27921301
vt 0.77236497 0.63701802
vt 0.90919501 0.36621201
vt 0.89401102 0.40998700
vt 0.77236497 0.58315802
vt 0.76738900 0.60765898
vt 0.94874197 0.30080700
vt 0.94874197 0.25720301
vt 0.94376600 0.27921301
vt 0.94376600 0.32574201
vt 0.94376600 0.32574201
vt 0.94376600 0.27921301
vt 0.95388001 0.20478299
vt 0.95388001 0.23376390
vt 0.94874197 0.25720301
vt 0.94874197 0.25720301
vt 0.94874197 0.30080700
vt 0.94874197 0.22566301
vt 0.93549800 0.29232401
vt 0.94874197 0.30080700
vt 0.94376600 0.32574201
vt 0.93549800 0.29232401
vt 0.92952698 0.31504199
vt 0.92952698 0.11284300
vt 0.94874197 0.10724900
vt 0.93549800 0.10395100
vt 0.94376600 0.11709900
vt 0.92952698 0.11284300
vt 0.93549800 0.10395100
vt 0.93549800 0.29232401
vt 0.92952698 0.31504199
vt 0.00493997 0.19953300
vt 0.99363101 0.21468700
vt 0.99410200 0.19953300
vt 0.00541198 0.21468700
vt 0.99410200 0.06121796
vt 0.00493997 0.19953300
vt 0.99410200 0.19953300
vt 0.99410200 0.06121796
vt 0.99903101 0.06398999
vt 0.99410200 0.06121796
vt 0.99363101 0.06608498
vt 0.00493997 0.06121796
vt 0.00000000 0.06322395
vt 0.00493997 0.06121796
vt 0.99863797 0.06360298
vt 0.99904299 0.06322395
vt 0.99999899 0.06306898
vt 0.00541198 0.06608498
vt 0.00493997 0.19953300
vt 0.99999899 0.06415200
vt 0.00001200 0.06398999
vt 0.00040500 0.06360298
vt 0.06951498 0.31504601
vt 0.05030000 0.30080900
vt 0.06354397 0.29232699
vt 0.05267798 0.31284201
vt 0.06354397 0.10395200
vt 0.06951498 0.31504601
vt 0.06354397 0.29232699
vt 0.06354397 0.10395200
vt 0.05527597 0.11710000
vt 0.06354397 0.10395200
vt 0.05030000 0.10725000
vt 0.06951498 0.11284400
vt 0.06951498 0.11284400
vt 0.05527597 0.59463000
vt 0.05267798 0.57713199
vt 0.05267798 0.31284201
vt 0.05527597 0.32574499
vt 0.05527597 0.32574499
vt 0.04003596 0.60626101
vt 0.03806996 0.58770603
vt 0.05267798 0.57713199
vt 0.05527597 0.59463000
vt 0.04777395 0.56151998
vt 0.04003596 0.60626101
vt 0.05527597 0.59463000
vt 0.04003798 0.56690800
vt 0.04003798 0.54474097
vt 0.04003596 0.54474199
vt 0.04003798 0.36961001
vt 0.04003596 0.36961100
vt 0.06951498 0.31504601
vt 0.04777395 0.53939599
vt 0.04777395 0.36519399
vt 0.04777395 0.33390501
vt 0.24928400 0.98804200
vt 0.04777395 0.53939599
vt 0.04003798 0.54474097
vt 0.24928400 0.94648802
vt 0.04777395 0.56151998
vt 0.04777395 0.53939599
vt 0.24928400 0.94648802
vt 0.24928400 1.00000000
vt 0.04003798 0.54474097
vt 0.04003798 0.56690800
vt 0.24928400 0.98804200
vt 0.24928400 0.96036398
vt 0.04003798 0.56690800
vt 0.04777395 0.56151998
vt 0.24928400 1.00000000
vt 0.24928400 0.96036398
vt 0.24928400 0.82794797
vt 0.04777395 0.33390501
vt 0.04003798 0.33805001
vt 0.24928400 0.76619399
vt 0.04777395 0.36519399
vt 0.04777395 0.33390501
vt 0.24928400 0.76619399
vt 0.24928400 0.86035001
vt 0.04003798 0.33805001
vt 0.04003798 0.36961001
vt 0.24928400 0.82794797
vt 0.24928400 0.80178100
vt 0.04003798 0.36961001
vt 0.04777395 0.36519399
vt 0.24928400 0.86035001
vt 0.24928400 0.80178100
vt 0.13695900 0.10679390
vt 0.13797300 0.09791398
vt 0.12473700 0.10713400
vt 0.14148600 0.10651090
vt 0.15346800 0.10535000
vt 0.14065801 0.10551300
vt 0.13901301 0.10518690
vt 0.13748901 0.10570700
vt 0.14072700 0.11710500
vt 0.13944300 0.10818000
vt 0.13776000 0.10782900
vt 0.14099400 0.10762300
vt 0.26691201 0.60768199
vt 0.22668000 0.70207101
vt 0.23165600 0.60768199
vt 0.27188799 0.70207101
vt 0.23165600 0.25426099
vt 0.26691201 0.60768199
vt 0.23165600 0.60768199
vt 0.23165600 0.25426099
vt 0.27188799 0.31851199
vt 0.23165600 0.25426099
vt 0.22668000 0.31851199
vt 0.26691201 0.25426099
vt 0.26691201 0.25426099
vt 0.26691201 0.60768199
vt 0.35798800 0.10880500
vt 0.34391800 0.10587700
vt 0.35660100 0.11783000
vt 0.35845301 0.10578000
vt 0.35957599 0.09843295
vt 0.35679501 0.10610200
vt 0.35595199 0.10710700
vt 0.35643500 0.10823400
vt 0.37279600 0.10781500
vt 0.36050200 0.10741500
vt 0.35968500 0.10845900
vt 0.35997999 0.10631300
vt 0.44329199 0.59463000
vt 0.46049899 0.58770603
vt 0.45853201 0.60626101
vt 0.44329199 0.59463000
vt 0.44589099 0.57713199
vt 0.44329199 0.59463000
vt 0.44329199 0.32574499
vt 0.45079401 0.56151998
vt 0.45079401 0.53939599
vt 0.45079401 0.36519399
vt 0.44589099 0.57713199
vt 0.44589099 0.31284201
vt 0.42905301 0.11284400
vt 0.45079401 0.53939599
vt 0.45079401 0.56151998
vt 0.45853001 0.54474097
vt 0.45079401 0.53939599
vt 0.45079401 0.56151998
vt 0.45853001 0.56690800
vt 0.45853001 0.56690800
vt 0.45853001 0.54474097
vt 0.45079401 0.33390501
vt 0.45079401 0.36519399
vt 0.45853001 0.33805001
vt 0.45079401 0.33390501
vt 0.45079401 0.36519399
vt 0.45853001 0.36961001
vt 0.45853001 0.36961001
vt 0.45853001 0.33805001
vt 0.44589099 0.57713199
vt 0.35968500 0.01119697
vt 0.35968500 0.10845900
vt 0.36050200 0.10741500
vt 0.35798800 0.01123297
vt 0.35798800 0.10880500
vt 0.36050200 0.01108795
vt 0.35997999 0.10631300
vt 0.35998100 0.01097297
vt 0.35845301 0.10578000
vt 0.35845301 0.01091694
vt 0.35679501 0.10610200
vt 0.35679501 0.01095098
vt 0.35595199 0.10710700
vt 0.35595199 0.01105594
vt 0.35643500 0.10823400
vt 0.35643500 0.01117396
vt 0.37144500 0.01088595
vt 0.35968500 0.01119697
vt 0.36050200 0.01108795
vt 0.34709400 0.01167595
vt 0.35798800 0.01123297
vt 0.35296801 0.01202696
vt 0.35998100 0.01097297
vt 0.36821699 0.01048499
vt 0.35845301 0.01091694
vt 0.35679501 0.01095098
vt 0.34463900 0.01118499
vt 0.35595199 0.01105594
vt 0.36270300 0.01024997
vt 0.35643500 0.01117396
vt 0.35622299 0.01021099
vt 0.34590501 0.01071494
vt 0.35016799 0.01037198
vt 0.35016799 0.00000000
vt 0.35016799 0.01037198
vt 0.34590501 0.01071494
vt 0.35622200 0.00000000
vt 0.35622299 0.01021099
vt 0.34590399 0.00000000
vt 0.34463900 0.01118499
vt 0.34463900 0.00000000
vt 0.34709400 0.01167595
vt 0.34709200 0.00000000
vt 0.35296801 0.01202696
vt 0.36059400 0.01209098
vt 0.35297000 0.00000000
vt 0.36059400 0.01209098
vt 0.37131101 0.01138097
vt 0.36741900 0.01183795
vt 0.36059400 0.00000000
vt 0.36741900 0.01183795
vt 0.36741900 0.00000000
vt 0.37131101 0.01138097
vt 0.37131101 0.00000000
vt 0.37144500 0.01088595
vt 0.37144500 0.00000000
vt 0.36821699 0.01048499
vt 0.36821899 0.00000000
vt 0.36270300 0.01024997
vt 0.36270201 0.00000000
vt 0.35622200 0.00000000
vt 0.35016799 0.00000000
vt 0.34590399 0.00000000
vt 0.36270201 0.00000000
vt 0.34463900 0.00000000
vt 0.34709200 0.00000000
vt 0.36821899 0.00000000
vt 0.35297000 0.00000000
vt 0.37131101 0.00000000
vt 0.36059400 0.00000000
vt 0.37144500 0.00000000
vt 0.36741900 0.00000000
vt 0.13776000 0.01113098
vt 0.13776000 0.10782900
vt 0.13944300 0.10818000
vt 0.13695900 0.01102298
vt 0.13695900 0.10679390
vt 0.13944390 0.01116800
vt 0.14099400 0.10762300
vt 0.14099289 0.01110994
vt 0.14148600 0.10651090
vt 0.14148501 0.01099300
vt 0.14065801 0.10551300
vt 0.14065801 0.01088899
vt 0.13901301 0.10518690
vt 0.13901301 0.01085495
vt 0.13748901 0.10570700
vt 0.13748901 0.01090896
vt 0.14435101 0.01195496
vt 0.13776000 0.01113098
vt 0.13944390 0.01116800
vt 0.12934600 0.01042395
vt 0.13695900 0.01102298
vt 0.12610200 0.01081895
vt 0.14099289 0.01110994
vt 0.15023100 0.01161098
vt 0.14148501 0.01099300
vt 0.14065801 0.01088899
vt 0.13485400 0.01019400
vt 0.13901301 0.01085495
vt 0.15272400 0.01112699
vt 0.13748901 0.01090896
vt 0.15151501 0.01066094
vt 0.14130300 0.01015800
vt 0.14730901 0.01031994
vt 0.14730901 0.00000000
vt 0.14730901 0.01031994
vt 0.14130300 0.01015800
vt 0.15151501 0.00000000
vt 0.15151501 0.01066094
vt 0.14130200 0.00000000
vt 0.13485400 0.01019400
vt 0.13485301 0.00000000
vt 0.12934600 0.01042395
vt 0.12934700 0.00000000
vt 0.12610200 0.01081895
vt 0.12618800 0.01130700
vt 0.12610100 0.00000000
vt 0.12618800 0.01130700
vt 0.13676700 0.01201397
vt 0.13001101 0.01175999
vt 0.12618890 0.00000000
vt 0.13001101 0.01175999
vt 0.13001101 0.00000000
vt 0.13676700 0.01201397
vt 0.13676800 0.00000000
vt 0.14435101 0.01195496
vt 0.14435200 0.00000000
vt 0.15023100 0.01161098
vt 0.15023001 0.00000000
vt 0.15272400 0.01112699
vt 0.15272400 0.00000000
vt 0.15151501 0.00000000
vt 0.14730901 0.00000000
vt 0.14130200 0.00000000
vt 0.15272400 0.00000000
vt 0.13485301 0.00000000
vt 0.12934700 0.00000000
vt 0.15023001 0.00000000
vt 0.12610100 0.00000000
vt 0.13676800 0.00000000
vt 0.12618890 0.00000000
vt 0.14435200 0.00000000
vt 0.13001101 0.00000000
vt 0.99863797 0.00659299
vt 0.99863797 0.06360298
vt 0.99903101 0.06398999
vt 0.99904197 0.00655299
vt 0.99904299 0.06322395
vt 0.99903101 0.00663298
vt 0.99999899 0.06415200
vt 0.99999899 0.00664997
vt 0.00001200 0.06398999
vt 0.00001200 0.00663298
vt 0.00040500 0.06360298
vt 0.00040500 0.00659299
vt 0.00000000 0.06322395
vt 0.00000000 0.00655299
vt 0.99999899 0.06306898
vt 0.99999899 0.00653696
vt 0.99576300 0.00689399
vt 0.99863797 0.00659299
vt 0.99903101 0.00663298
vt 0.99999899 0.00627398
vt 0.99904197 0.00655299
vt 0.99612099 0.00631297
vt 0.99999899 0.00664997
vt 1.00000000 0.00694597
vt 0.00001200 0.00663298
vt 0.00040500 0.00659299
vt 0.00292200 0.00631297
vt 0.00000000 0.00655299
vt 0.00327897 0.00689399
vt 0.99999899 0.00653696
vt 0.00623697 0.00675797
vt 0.00588095 0.00642395
vt 0.00713795 0.00658494
vt 0.00713795 0.00000000
vt 0.00713795 0.00658494
vt 0.00588095 0.00642395
vt 0.00623697 0.00000000
vt 0.00623697 0.00675797
vt 0.00588095 0.00000000
vt 0.00292200 0.00631297
vt 0.00292200 0.00000000
vt 0.99999899 0.00627398
vt 1.00000000 0.00000000
vt 0.99612099 0.00631297
vt 0.99316198 0.00642395
vt 0.99612099 0.00000000
vt 0.99316198 0.00642395
vt 0.99280500 0.00675797
vt 0.99190497 0.00658494
vt 0.99316198 0.00000000
vt 0.99190497 0.00658494
vt 0.99190497 0.00000000
vt 0.99280500 0.00675797
vt 0.99280500 0.00000000
vt 0.99576300 0.00689399
vt 0.99576402 0.00000000
vt 1.00000000 0.00694597
vt 0.99999899 0.00000000
vt 0.00327897 0.00689399
vt 0.00327897 0.00000000
vt 0.00623697 0.00000000
vt 0.00713795 0.00000000
vt 0.00588095 0.00000000
vt 0.00327897 0.00000000
vt 0.00292200 0.00000000
vt 1.00000000 0.00000000
vt 0.99999899 0.00000000
vt 0.99612099 0.00000000
vt 0.99280500 0.00000000
vt 0.99316198 0.00000000
vt 0.99576402 0.00000000
vt 0.99190497 0.00000000
vt 0.92952698 0.11284300
vt 0.86106998 0.09791195
vt 0.86208397 0.10679100
vt 0.87430501 0.10713200
vt 0.86106998 0.09791195
vt 0.85831499 0.11710200
vt 0.84557402 0.10534700
vt 0.86106998 0.09791195
vt 0.86106998 0.28862801
vt 0.85755700 0.10650800
vt 0.84557402 0.10534700
vt 0.85838401 0.10550990
vt 0.86003000 0.10518400
vt 0.86155403 0.10570400
vt 0.84557402 0.30858901
vt 0.86106998 0.28862801
vt 0.90919501 0.36621201
vt 0.84557402 0.30858901
vt 0.89401102 0.40998700
vt 0.85804898 0.10762000
vt 0.85959899 0.10817700
vt 0.86128199 0.10782600
vt 0.85838401 0.01088899
vt 0.85838401 0.10550990
vt 0.85755700 0.10650800
vt 0.86002898 0.01085495
vt 0.86003000 0.10518400
vt 0.85755700 0.01099300
vt 0.85804898 0.10762000
vt 0.85804898 0.01110899
vt 0.85959899 0.10817700
vt 0.85959899 0.01116800
vt 0.86128199 0.10782600
vt 0.86128199 0.01113098
vt 0.86208397 0.10679100
vt 0.86208397 0.01102298
vt 0.86155403 0.10570400
vt 0.86155403 0.01090896
vt 0.84631902 0.01112699
vt 0.85838401 0.01088899
vt 0.85755700 0.01099300
vt 0.86969501 0.01042395
vt 0.86002898 0.01085495
vt 0.86418903 0.01019400
vt 0.85804898 0.01110899
vt 0.84881300 0.01161098
vt 0.85959899 0.01116800
vt 0.86128199 0.01113098
vt 0.87294102 0.01081895
vt 0.86208397 0.01102298
vt 0.85469002 0.01195394
vt 0.86155403 0.01090896
vt 0.86227399 0.01201295
vt 0.87285298 0.01130700
vt 0.86903101 0.01175999
vt 0.86903101 0.00000000
vt 0.86903101 0.01175999
vt 0.87285298 0.01130700
vt 0.86227500 0.00000000
vt 0.86227399 0.01201295
vt 0.87285399 0.00000000
vt 0.87294102 0.01081895
vt 0.87294102 0.00000000
vt 0.86969501 0.01042395
vt 0.86969602 0.00000000
vt 0.86418903 0.01019400
vt 0.85773998 0.01015800
vt 0.86418802 0.00000000
vt 0.85773998 0.01015800
vt 0.84752798 0.01065999
vt 0.85173398 0.01031994
vt 0.85773998 0.00000000
vt 0.85173398 0.01031994
vt 0.85173398 0.00000000
vt 0.84752798 0.01065999
vt 0.84752798 0.00000000
vt 0.84631902 0.01112699
vt 0.84631902 0.00000000
vt 0.84881300 0.01161098
vt 0.84881097 0.00000000
vt 0.85469002 0.01195394
vt 0.85469103 0.00000000
vt 0.86227500 0.00000000
vt 0.86903101 0.00000000
vt 0.87285399 0.00000000
vt 0.85469103 0.00000000
vt 0.87294102 0.00000000
vt 0.86969602 0.00000000
vt 0.84881097 0.00000000
vt 0.86418802 0.00000000
vt 0.84752798 0.00000000
vt 0.85773998 0.00000000
vt 0.84631902 0.00000000
vt 0.85173398 0.00000000
vt 0.63906902 0.10631100
vt 0.63854802 0.10741200
vt 0.63936502 0.10845600
vt 0.64225501 0.01094996
vt 0.64225501 0.10609900
vt 0.64059699 0.10577700
vt 0.64309800 0.01105499
vt 0.64309800 0.10710500
vt 0.64059699 0.01091694
vt 0.63906902 0.10631100
vt 0.63906902 0.01097196
vt 0.63854802 0.10741200
vt 0.63854802 0.01108795
vt 0.63936502 0.10845600
vt 0.63936502 0.01119697
vt 0.64106101 0.10880200
vt 0.64106202 0.01123297
vt 0.64261502 0.10823100
vt 0.64261502 0.01117295
vt 0.63634801 0.01024997
vt 0.64225501 0.01094996
vt 0.64059699 0.01091694
vt 0.65195698 0.01167500
vt 0.64309800 0.01105499
vt 0.65441000 0.01118499
vt 0.63906902 0.01097196
vt 0.63083100 0.01048499
vt 0.63854802 0.01108795
vt 0.63936502 0.01119697
vt 0.64608002 0.01202696
vt 0.64106202 0.01123297
vt 0.62760502 0.01088595
vt 0.64261502 0.01117295
vt 0.62773901 0.01138097
vt 0.63845599 0.01209098
vt 0.63163102 0.01183795
vt 0.63163102 0.00000000
vt 0.63163102 0.01183795
vt 0.63845599 0.01209098
vt 0.62773901 0.00000000
vt 0.62773901 0.01138097
vt 0.63845700 0.00000000
vt 0.64608002 0.01202696
vt 0.64608097 0.00000000
vt 0.65195698 0.01167500
vt 0.65195602 0.00000000
vt 0.65441000 0.01118499
vt 0.65314502 0.01071399
vt 0.65441102 0.00000000
vt 0.65314502 0.01071399
vt 0.64282697 0.01021099
vt 0.64888102 0.01037198
vt 0.65314502 0.00000000
vt 0.64888102 0.01037198
vt 0.64888102 0.00000000
vt 0.64282697 0.01021099
vt 0.64282697 0.00000000
vt 0.63634801 0.01024997
vt 0.63634700 0.00000000
vt 0.63083100 0.01048499
vt 0.63083202 0.00000000
vt 0.62760502 0.01088595
vt 0.62760502 0.00000000
vt 0.62773901 0.00000000
vt 0.63163102 0.00000000
vt 0.63845700 0.00000000
vt 0.62760502 0.00000000
vt 0.64608097 0.00000000
vt 0.65195602 0.00000000
vt 0.63083202 0.00000000
vt 0.65441102 0.00000000
vt 0.64282697 0.00000000
vt 0.65314502 0.00000000
vt 0.63634700 0.00000000
vt 0.64888102 0.00000000
vt 0.50340199 0.00631297
vt 0.50088501 0.00659299
vt 0.50048000 0.00655299
vt 0.49952400 0.00694597
vt 0.50049198 0.00663298
vt 0.50375903 0.00689399
vt 0.49952301 0.00653696
vt 0.49952200 0.00627398
vt 0.49856600 0.00655299
vt 0.49816099 0.00659299
vt 0.49528700 0.00689399
vt 0.49855500 0.00663298
vt 0.49564499 0.00631297
vt 0.49952301 0.00664997
vt 0.49268499 0.00642395
vt 0.49232900 0.00675797
vt 0.49142900 0.00658494
vt 0.49142900 0.00000000
vt 0.49142900 0.00658494
vt 0.49232900 0.00675797
vt 0.49268499 0.00000000
vt 0.49268499 0.00642395
vt 0.49232900 0.00000000
vt 0.49528700 0.00689399
vt 0.49528700 0.00000000
vt 0.49952400 0.00694597
vt 0.49952200 0.00000000
vt 0.50375903 0.00689399
vt 0.50671703 0.00675797
vt 0.50375903 0.00000000
vt 0.50671703 0.00675797
vt 0.50636101 0.00642395
vt 0.50761801 0.00658494
vt 0.50671703 0.00000000
vt 0.50761801 0.00658494
vt 0.50761801 0.00000000
vt 0.50636101 0.00642395
vt 0.50636101 0.00000000
vt 0.50340199 0.00631297
vt 0.50340098 0.00000000
vt 0.49952200 0.00627398
vt 0.49952400 0.00000000
vt 0.49564499 0.00631297
vt 0.49564400 0.00000000
vt 0.49268499 0.00000000
vt 0.49142900 0.00000000
vt 0.49232900 0.00000000
vt 0.49564400 0.00000000
vt 0.49528700 0.00000000
vt 0.49952200 0.00000000
vt 0.49952400 0.00000000
vt 0.50375903 0.00000000
vt 0.50636101 0.00000000
vt 0.50671703 0.00000000
vt 0.50340098 0.00000000
vt 0.50761801 0.00000000
vt 0.45853201 0.56690902
vt 0.04003596 0.33805200
vt 0.45853201 0.33805200
vt 0.45853201 0.36961100
vt 0.45853201 0.54474199
vt 0.04003596 0.36961100
vt 0.04003596 0.56690902
vt 0.04003596 0.54474199
f 1/1 2/2 3/3
f 4/4 5/5 6/6
f 7/7 1/1 3/3
f 8/8 9/9 10/10
f 11/11 8/8 10/10
f 12/12 13/13 14/14
f 15/15 12/12 14/14
f 16/16 17/17 5/5
f 16/16 5/5 4/4
f 18/18 19/19 20/20
f 21/21 4/4 6/6
f 22/22 21/21 6/6
f 18/18 23/23 19/19
f 24/24 25/25 26/26
f 27/27 25/25 24/24
f 8/8 28/28 9/9
f 29/29 30/30 31/31
f 24/24 26/26 32/32
f 33/33 34/34 35/35
f 29/29 31/31 36/36
f 33/33 37/37 34/34
f 11/11 38/38 8/8
f 39/39 40/40 41/41
f 42/42 33/33 35/35
f 43/43 44/44 45/45
f 39/39 46/46 40/40
f 47/47 48/48 49/49
f 39/39 41/41 50/50
f 51/51 50/50 41/41
f 47/47 52/52 48/48
f 53/53 54/54 55/55
f 53/53 56/56 54/54
f 57/57 49/49 58/58
f 59/59 49/49 57/57
f 47/47 49/49 59/59
f 60/60 61/61 62/62
f 63/63 64/64 37/37
f 65/65 66/66 67/67
f 33/33 63/63 37/37
f 68/68 69/69 66/66
f 70/70 66/66 69/69
f 65/65 68/68 66/66
f 70/70 71/71 66/66
f 60/60 62/62 72/72
f 73/73 74/74 75/75
f 60/60 76/76 61/61
f 24/24 32/32 77/77
f 63/63 78/78 64/64
f 79/79 80/80 81/81
f 79/79 82/82 80/80
f 83/83 67/67 84/84
f 83/83 65/65 67/67
f 85/85 86/86 87/87
f 88/88 89/89 86/86
f 90/90 86/86 85/85
f 90/90 88/88 86/86
f 33/33 91/91 63/63
f 92/92 93/93 94/94
f 92/92 95/95 93/93
f 96/96 97/97 98/98
f 99/99 97/97 96/96
f 42/42 100/100 33/33
f 101/101 102/102 103/103
f 104/104 105/105 106/106
f 107/107 105/105 104/104
f 101/101 103/103 108/108
f 109/109 44/44 43/43
f 110/110 111/111 112/112
f 113/113 83/83 84/84
f 114/114 113/113 84/84
f 110/110 115/115 111/111
f 116/116 117/117 89/89
f 88/88 116/116 89/89
f 70/70 69/69 118/118
f 119/119 120/120 121/121
f 122/122 70/70 118/118
f 123/123 122/122 118/118
f 124/124 125/125 126/126
f 127/127 128/128 129/129
f 130/130 119/119 121/121
f 127/127 131/131 128/128
f 65/65 132/132 68/68
f 133/133 134/134 135/135
f 136/136 127/127 129/129
f 137/137 136/136 129/129
f 133/133 138/138 134/134
f 139/139 140/140 141/141
f 142/142 140/140 139/139
f 83/83 143/143 65/65
f 144/144 145/145 146/146
f 147/147 144/144 148/148
f 149/149 150/150 151/151
f 152/152 150/150 149/149
f 153/153 154/154 155/155
f 152/152 156/156 150/150
f 157/157 150/150 156/156
f 158/158 153/153 155/155
f 158/158 155/155 159/159
f 160/160 150/150 157/157
f 160/160 161/161 162/162
f 163/163 164/164 165/165
f 114/114 166/166 113/113
f 167/167 168/168 169/169
f 163/163 165/165 170/170
f 73/73 171/171 166/166
f 172/172 173/173 174/174
f 114/114 73/73 166/166
f 167/167 169/169 175/175
f 75/75 176/176 171/171
f 177/177 178/178 179/179
f 73/73 75/75 171/171
f 172/172 174/174 180/180
f 181/181 182/182 176/176
f 183/183 184/184 185/185
f 186/186 181/181 176/176
f 75/75 186/186 176/176
f 177/177 179/179 187/187
f 188/188 187/187 179/179
f 189/189 184/184 183/183
f 188/188 179/179 190/190
f 191/191 192/192 193/193
f 194/194 192/192 191/191
f 195/195 196/196 181/181
f 197/197 198/198 199/199
f 186/186 195/195 181/181
f 191/191 193/193 200/200
f 201/201 202/202 196/196
f 203/203 204/204 205/205
f 195/195 201/201 196/196
f 197/197 199/199 206/206
f 207/207 208/208 202/202
f 209/209 210/210 211/211
f 201/201 207/207 202/202
f 203/203 205/205 212/212
f 213/213 214/214 208/208
f 215/215 216/216 217/217
f 207/207 213/213 208/208
f 218/218 216/216 215/215
f 209/209 211/211 219/219
f 220/220 221/221 214/214
f 222/222 223/223 224/224
f 225/225 220/220 214/214
f 213/213 225/225 214/214
f 226/226 215/215 217/217
f 227/227 223/223 222/222
f 226/226 217/217 228/228
f 229/229 230/230 231/231
f 232/232 230/230 229/229
f 233/233 230/230 232/232
f 233/233 234/234 230/230
f 235/235 236/236 220/220
f 237/237 238/238 239/239
f 225/225 235/235 220/220
f 240/240 241/241 236/236
f 242/242 243/243 244/244
f 235/235 240/240 236/236
f 237/237 239/239 245/245
f 246/246 247/247 241/241
f 248/248 249/249 250/250
f 240/240 246/246 241/241
f 242/242 244/244 251/251
f 252/252 253/253 247/247
f 254/254 255/255 256/256
f 246/246 252/252 247/247
f 248/248 250/250 257/257
f 258/258 259/259 253/253
f 260/260 261/261 262/262
f 263/263 258/258 253/253
f 252/252 263/263 253/253
f 254/254 256/256 264/264
f 265/265 264/264 256/256
f 266/266 261/261 260/260
f 265/265 256/256 267/267
f 268/268 269/269 270/270
f 271/271 269/269 268/268
f 272/272 273/273 258/258
f 274/274 275/275 276/276
f 263/263 272/272 258/258
f 268/268 270/270 277/277
f 278/278 279/279 273/273
f 280/280 281/281 282/282
f 272/272 278/278 273/273
f 274/274 276/276 283/283
f 284/284 285/285 279/279
f 286/286 287/287 288/288
f 278/278 284/284 279/279
f 280/280 282/282 289/289
f 290/290 291/291 285/285
f 292/292 293/293 294/294
f 284/284 290/290 285/285
f 295/295 293/293 292/292
f 286/286 288/288 296/296
f 290/290 297/297 291/291
f 298/298 299/299 300/300
f 301/301 292/292 294/294
f 298/298 302/302 303/303
f 304/304 294/294 305/305
f 306/306 301/301 294/294
f 304/304 306/306 294/294
f 290/290 307/307 297/297
f 308/308 309/309 310/310
f 311/311 309/309 308/308
f 311/311 312/312 309/309
f 313/313 314/314 307/307
f 315/315 316/316 317/317
f 318/318 313/313 307/307
f 290/290 318/318 307/307
f 319/319 316/316 315/315
f 320/320 321/321 322/322
f 323/323 321/321 320/320
f 324/324 321/321 323/323
f 324/324 325/325 321/321
f 326/326 327/327 313/313
f 328/328 329/329 330/330
f 318/318 326/326 313/313
f 331/331 332/332 327/327
f 333/333 334/334 335/335
f 326/326 331/331 327/327
f 336/336 334/334 333/333
f 328/328 330/330 337/337
f 338/338 339/339 340/340
f 341/341 333/333 335/335
f 341/341 335/335 342/342
f 343/343 344/344 345/345
f 346/346 344/344 343/343
f 346/346 347/347 344/344
f 338/338 340/340 348/348
f 349/349 350/350 351/351
f 352/352 353/353 354/354
f 355/355 353/353 352/352
f 349/349 351/351 356/356
f 284/284 357/357 290/290
f 358/358 359/359 360/360
f 361/361 352/352 354/354
f 358/358 362/362 359/359
f 363/363 364/364 365/365
f 366/366 361/361 354/354
f 367/367 368/368 369/369
f 358/358 360/360 370/370
f 371/371 372/372 373/373
f 374/374 368/368 367/367
f 371/371 373/373 375/375
f 376/376 377/377 378/378
f 379/379 380/380 381/381
f 376/376 378/378 382/382
f 383/383 384/384 385/385
f 379/379 381/381 386/386
f 387/387 388/388 389/389
f 383/383 385/385 390/390
f 246/246 391/391 252/252
f 358/358 370/370 392/392
f 393/393 387/387 389/389
f 394/394 395/395 396/396
f 358/358 392/392 397/397
f 398/398 399/399 400/400
f 401/401 395/395 394/394
f 398/398 400/400 402/402
f 403/403 404/404 405/405
f 394/394 396/396 406/406
f 407/407 408/408 409/409
f 403/403 405/405 410/410
f 411/411 412/412 413/413
f 407/407 409/409 414/414
f 415/415 416/416 417/417
f 418/418 416/416 415/415
f 411/411 413/413 419/419
f 207/207 420/420 213/213
f 60/60 397/397 421/421
f 422/422 415/415 417/417
f 60/60 358/358 397/397
f 423/423 422/422 417/417
f 57/57 58/58 424/424
f 60/60 421/421 76/76
f 425/425 426/426 427/427
f 428/428 429/429 430/430
f 425/425 427/427 431/431
f 432/432 433/433 434/434
f 428/428 430/430 435/435
f 16/16 436/436 17/17
f 432/432 434/434 437/437
f 438/438 439/439 440/440
f 24/24 77/77 441/441
f 438/438 440/440 442/442
f 443/443 444/444 445/445
f 446/446 444/444 443/443
f 447/447 448/448 449/449
f 447/447 450/450 448/448
f 60/60 72/72 451/451
f 452/452 453/453 454/454
f 123/123 455/455 122/122
f 456/456 457/457 458/458
f 459/459 457/457 456/456
f 452/452 454/454 460/460
f 461/461 462/462 463/463
f 464/464 456/456 458/458
f 465/465 464/464 458/458
f 466/466 467/467 125/125
f 461/461 463/463 468/468
f 124/124 466/466 125/125
f 469/469 470/470 471/471
f 472/472 470/470 469/469
f 473/473 474/474 466/466
f 475/475 476/476 477/477
f 478/478 473/473 466/466
f 124/124 478/478 466/466
f 479/479 480/480 481/481
f 482/482 483/483 480/480
f 475/475 477/477 484/484
f 485/485 482/482 480/480
f 486/486 485/485 480/480
f 487/487 486/486 480/480
f 479/479 487/487 480/480
f 488/488 489/489 490/490
f 479/479 481/481 491/491
f 492/492 493/493 494/494
f 488/488 490/490 495/495
f 496/496 494/494 497/497
f 496/496 492/492 494/494
f 498/498 497/497 499/499
f 500/500 496/496 497/497
f 498/498 500/500 497/497
f 136/136 501/501 127/127
f 502/502 503/503 504/504
f 502/502 505/505 503/503
f 506/506 507/507 508/508
f 509/509 507/507 506/506
f 137/137 510/510 136/136
f 511/511 512/512 513/513
f 514/514 515/515 516/516
f 517/517 515/515 518/518
f 514/514 518/518 515/515
f 511/511 513/513 519/519
f 464/464 520/520 456/456
f 498/498 85/85 500/500
f 446/446 443/443 521/521
f 498/498 90/90 85/85
f 522/522 446/446 521/521
f 523/523 522/522 521/521
f 524/524 525/525 117/117
f 116/116 524/524 117/117
f 526/526 527/527 525/525
f 524/524 526/526 525/525
f 528/528 529/529 527/527
f 530/530 531/531 532/532
f 533/533 528/528 527/527
f 526/526 533/533 527/527
f 534/534 531/531 530/530
f 27/27 24/24 535/535
f 536/536 537/537 528/528
f 533/533 536/536 528/528
f 538/538 539/539 537/537
f 536/536 538/538 537/537
f 540/540 541/541 539/539
f 538/538 540/540 539/539
f 542/542 543/543 541/541
f 540/540 542/542 541/541
f 544/544 545/545 543/543
f 546/546 547/547 548/548
f 549/549 544/544 543/543
f 542/542 549/549 543/543
f 550/550 47/47 59/59
f 551/551 546/546 548/548
f 422/422 552/552 415/415
f 553/553 554/554 544/544
f 549/549 553/553 544/544
f 555/555 556/556 554/554
f 553/553 555/555 554/554
f 557/557 558/558 556/556
f 555/555 557/557 556/556
f 559/559 560/560 558/558
f 557/557 559/559 558/558
f 561/561 562/562 560/560
f 563/563 564/564 565/565
f 566/566 561/561 560/560
f 559/559 566/566 560/560
f 567/567 564/564 563/563
f 568/568 394/394 569/569
f 570/570 401/401 394/394
f 568/568 570/570 394/394
f 393/393 571/571 387/387
f 572/572 573/573 571/571
f 393/393 572/572 571/571
f 574/574 575/575 561/561
f 566/566 574/574 561/561
f 576/576 577/577 575/575
f 574/574 576/576 575/575
f 578/578 579/579 577/577
f 576/576 578/578 577/577
f 580/580 581/581 579/579
f 374/374 367/367 582/582
f 578/578 580/580 579/579
f 583/583 584/584 581/581
f 585/585 586/586 587/587
f 588/588 583/583 581/581
f 580/580 588/588 581/581
f 589/589 582/582 590/590
f 589/589 374/374 582/582
f 361/361 591/591 352/352
f 585/585 587/587 592/592
f 593/593 594/594 583/583
f 588/588 593/593 583/583
f 595/595 596/596 594/594
f 346/346 343/343 597/597
f 593/593 595/595 594/594
f 598/598 599/599 600/600
f 601/601 346/346 597/597
f 598/598 602/602 599/599
f 341/341 603/603 333/333
f 578/578 604/604 580/580
f 605/605 606/606 607/607
f 608/608 324/324 323/323
f 609/609 605/605 607/607
f 301/301 610/610 292/292
f 557/557 611/611 559/559
f 612/612 613/613 614/614
f 615/615 271/271 268/268
f 612/612 616/616 613/613
f 540/540 617/617 542/542
f 618/618 619/619 620/620
f 621/621 233/233 232/232
f 622/622 618/618 620/620
f 226/226 623/623 215/215
f 524/524 624/624 526/526
f 625/625 626/626 627/627
f 628/628 194/194 191/191
f 625/625 629/629 626/626
f 152/152 149/149 630/630
f 631/631 152/152 630/630
f 482/482 491/491 483/483
f 482/482 632/632 491/491
f 633/633 491/491 632/632
f 634/634 479/479 491/491
f 633/633 634/634 491/491
f 465/465 635/635 464/464
f 636/636 637/637 638/638
f 639/639 640/640 637/637
f 639/639 637/637 636/636
f 641/641 638/638 642/642
f 641/641 636/636 638/638
f 643/643 642/642 644/644
f 643/643 641/641 642/642
f 645/645 644/644 646/646
f 645/645 643/643 644/644
f 647/647 646/646 648/648
f 647/647 645/645 646/646
f 649/649 648/648 650/650
f 649/649 647/647 648/648
f 651/651 650/650 640/640
f 651/651 649/649 650/650
f 639/639 651/651 640/640
f 522/522 652/652 446/446
f 653/653 654/654 655/655
f 653/653 656/656 654/654
f 522/522 657/657 652/652
f 658/658 46/46 39/39
f 523/523 659/659 522/522
f 660/660 661/661 662/662
f 663/663 60/60 451/451
f 664/664 660/660 662/662
f 665/665 666/666 667/667
f 668/668 666/666 665/665
f 669/669 363/363 365/365
f 670/670 671/671 50/50
f 672/672 50/50 51/51
f 673/673 50/50 672/672
f 673/673 670/670 50/50
f 674/674 675/675 676/676
f 674/674 677/677 675/675
f 678/678 676/676 679/679
f 678/678 680/680 676/676
f 681/681 676/676 680/680
f 682/682 674/674 676/676
f 681/681 682/682 676/676
f 683/683 684/684 685/685
f 683/683 686/686 684/684
f 550/550 687/687 47/47
f 688/688 689/689 690/690
f 691/691 692/692 693/693
f 694/694 692/692 691/691
f 688/688 690/690 695/695
f 422/422 696/696 697/697
f 698/698 699/699 700/700
f 701/701 698/698 700/700
f 702/702 701/701 700/700
f 703/703 702/702 700/700
f 423/423 696/696 422/422
f 704/704 422/422 697/697
f 705/705 706/706 707/707
f 708/708 705/705 707/707
f 589/589 709/709 710/710
f 589/589 710/710 374/374
f 711/711 712/712 713/713
f 361/361 714/714 715/715
f 366/366 714/714 361/361
f 711/711 713/713 716/716
f 717/717 718/718 719/719
f 720/720 361/361 715/715
f 721/721 717/717 719/719
f 722/722 723/723 724/724
f 722/722 725/725 723/723
f 726/726 727/727 728/728
f 726/726 728/728 729/729
f 730/730 731/731 732/732
f 730/730 733/733 731/731
f 601/601 734/734 346/346
f 735/735 736/736 737/737
f 738/738 739/739 740/740
f 735/735 737/737 741/741
f 742/742 743/743 739/739
f 738/738 744/744 739/739
f 745/745 739/739 744/744
f 746/746 742/742 739/739
f 745/745 746/746 739/739
f 738/738 740/740 747/747
f 748/748 341/341 342/342
f 742/742 747/747 743/743
f 749/749 738/738 747/747
f 750/750 749/749 747/747
f 751/751 750/750 747/747
f 742/742 751/751 747/747
f 752/752 753/753 754/754
f 752/752 755/755 753/753
f 608/608 756/756 324/324
f 757/757 758/758 759/759
f 760/760 761/761 762/762
f 763/763 761/761 760/760
f 757/757 759/759 764/764
f 765/765 766/766 767/767
f 768/768 755/755 752/752
f 765/765 767/767 769/769
f 770/770 771/771 772/772
f 773/773 770/770 772/772
f 774/774 775/775 776/776
f 777/777 778/778 779/779
f 778/778 780/780 781/781
f 774/774 777/777 775/775
f 780/780 304/304 305/305
f 306/306 782/782 301/301
f 774/774 776/776 306/306
f 778/778 783/783 306/306
f 774/774 306/306 783/783
f 784/784 778/778 306/306
f 304/304 785/785 306/306
f 784/784 306/306 785/785
f 786/786 787/787 788/788
f 789/789 790/790 791/791
f 786/786 792/792 787/787
f 793/793 794/794 795/795
f 784/784 780/780 778/778
f 793/793 796/796 794/794
f 797/797 798/798 799/799
f 800/800 798/798 797/797
f 801/801 790/790 789/789
f 802/802 803/803 804/804
f 805/805 806/806 807/807
f 802/802 808/808 803/803
f 809/809 810/810 811/811
f 809/809 812/812 810/810
f 813/813 814/814 815/815
f 816/816 814/814 813/813
f 817/817 806/806 805/805
f 818/818 819/819 820/820
f 821/821 822/822 819/819
f 823/823 821/821 819/819
f 824/824 823/823 819/819
f 825/825 824/824 819/819
f 818/818 825/825 819/819
f 818/818 820/820 826/826
f 821/821 826/826 822/822
f 827/827 828/828 826/826
f 818/818 826/826 828/828
f 829/829 827/827 826/826
f 821/821 829/829 826/826
f 830/830 831/831 832/832
f 830/830 833/833 831/831
f 621/621 834/834 233/233
f 835/835 836/836 837/837
f 838/838 839/839 840/840
f 841/841 839/839 838/838
f 835/835 837/837 842/842
f 843/843 226/226 228/228
f 844/844 845/845 846/846
f 847/847 848/848 845/845
f 849/849 847/847 845/845
f 850/850 849/849 845/845
f 851/851 850/850 845/845
f 844/844 851/851 845/845
f 844/844 846/846 852/852
f 847/847 852/852 848/848
f 853/853 854/854 852/852
f 844/844 852/852 854/854
f 855/855 853/853 852/852
f 847/847 855/855 852/852
f 153/153 856/856 154/154
f 857/857 858/858 859/859
f 157/157 156/156 856/856
f 860/860 861/861 862/862
f 863/863 864/864 856/856
f 161/161 856/856 864/864
f 153/153 863/863 856/856
f 865/865 157/157 856/856
f 161/161 865/865 856/856
f 866/866 857/857 859/859
f 860/860 862/862 867/867
f 631/631 868/868 152/152
f 801/801 869/869 870/870
f 161/161 864/864 158/158
f 792/792 871/871 872/872
f 801/801 789/789 869/869
f 800/800 873/873 874/874
f 800/800 797/797 873/873
f 796/796 875/875 876/876
f 793/793 875/875 796/796
f 786/786 871/871 792/792
f 817/817 877/877 878/878
f 808/808 879/879 880/880
f 817/817 805/805 877/877
f 816/816 881/881 882/882
f 816/816 813/813 881/881
f 812/812 883/883 884/884
f 809/809 883/883 812/812
f 802/802 879/879 808/808
f 885/885 142/142 139/139
f 886/886 887/887 888/888
f 889/889 890/890 887/887
f 889/889 887/887 886/886
f 891/891 888/888 892/892
f 891/891 886/886 888/888
f 893/893 892/892 894/894
f 893/893 891/891 892/892
f 895/895 894/894 896/896
f 895/895 893/893 894/894
f 897/897 896/896 898/898
f 897/897 895/895 896/896
f 899/899 898/898 900/900
f 899/899 897/897 898/898
f 901/901 900/900 890/890
f 901/901 899/899 900/900
f 889/889 901/901 890/890
f 902/902 903/903 904/904
f 905/905 906/906 903/903
f 907/907 905/905 903/903
f 902/902 907/907 903/903
f 902/902 904/904 908/908
f 909/909 908/908 910/910
f 909/909 902/902 908/908
f 909/909 910/910 911/911
f 912/912 911/911 913/913
f 914/914 911/911 912/912
f 914/914 909/909 911/911
f 912/912 913/913 915/915
f 905/905 915/915 906/906
f 905/905 912/912 915/915
f 916/916 917/917 918/918
f 919/919 920/920 921/921
f 922/922 923/923 920/920
f 922/922 920/920 919/919
f 916/916 912/912 917/917
f 924/924 921/921 925/925
f 924/924 919/919 921/921
f 926/926 925/925 927/927
f 916/916 914/914 912/912
f 926/926 924/924 925/925
f 928/928 927/927 929/929
f 928/928 926/926 927/927
f 902/902 930/930 907/907
f 931/931 929/929 932/932
f 931/931 928/928 929/929
f 933/933 934/934 930/930
f 935/935 932/932 936/936
f 902/902 933/933 930/930
f 935/935 931/931 932/932
f 937/937 936/936 938/938
f 937/937 935/935 936/936
f 939/939 938/938 940/940
f 939/939 937/937 938/938
f 941/941 940/940 942/942
f 941/941 939/939 940/940
f 943/943 942/942 944/944
f 943/943 941/941 942/942
f 945/945 944/944 923/923
f 945/945 943/943 944/944
f 922/922 945/945 923/923
f 946/946 947/947 948/948
f 949/949 948/948 950/950
f 946/946 948/948 949/949
f 949/949 950/950 951/951
f 952/952 951/951 953/953
f 949/949 951/951 952/952
f 954/954 953/953 955/955
f 956/956 953/953 954/954
f 952/952 953/953 956/956
f 954/954 955/955 957/957
f 958/958 959/959 960/960
f 961/961 962/962 959/959
f 961/961 959/959 958/958
f 963/963 960/960 964/964
f 963/963 958/958 960/960
f 965/965 964/964 966/966
f 965/965 963/963 964/964
f 967/967 966/966 968/968
f 967/967 965/965 966/966
f 969/969 968/968 970/970
f 969/969 967/967 968/968
f 971/971 970/970 972/972
f 971/971 969/969 970/970
f 973/973 972/972 962/962
f 973/973 971/971 972/972
f 961/961 973/973 962/962
f 974/974 975/975 976/976
f 977/977 978/978 975/975
f 979/979 977/977 975/975
f 974/974 979/979 975/975
f 974/974 976/976 980/980
f 981/981 980/980 982/982
f 981/981 974/974 980/980
f 981/981 982/982 983/983
f 984/984 983/983 985/985
f 986/986 983/983 984/984
f 986/986 981/981 983/983
f 984/984 985/985 987/987
f 977/977 987/987 978/978
f 977/977 984/984 987/987
f 988/988 989/989 990/990
f 991/991 992/992 993/993
f 994/994 995/995 992/992
f 994/994 992/992 991/991
f 988/988 984/984 989/989
f 996/996 993/993 997/997
f 996/996 991/991 993/993
f 998/998 997/997 999/999
f 988/988 986/986 984/984
f 998/998 996/996 997/997
f 1000/1000 999/999 1001/1001
f 1000/1000 998/998 999/999
f 974/974 1002/1002 979/979
f 1003/1003 1001/1001 1004/1004
f 1003/1003 1000/1000 1001/1001
f 1005/1005 1006/1006 1002/1002
f 1007/1007 1004/1004 1008/1008
f 974/974 1005/1005 1002/1002
f 1007/1007 1003/1003 1004/1004
f 1009/1009 1008/1008 1010/1010
f 1009/1009 1007/1007 1008/1008
f 1011/1011 1010/1010 1012/1012
f 1011/1011 1009/1009 1010/1010
f 1013/1013 1012/1012 1014/1014
f 1013/1013 1011/1011 1012/1012
f 1015/1015 1014/1014 1016/1016
f 1015/1015 1013/1013 1014/1014
f 1017/1017 1016/1016 995/995
f 1017/1017 1015/1015 1016/1016
f 994/994 1017/1017 995/995
f 1018/1018 1019/1019 1020/1020
f 1021/1021 1020/1020 1022/1022
f 1018/1018 1020/1020 1021/1021
f 1021/1021 1022/1022 1023/1023
f 1024/1024 1023/1023 1025/1025
f 1021/1021 1023/1023 1024/1024
f 1026/1026 1025/1025 1027/1027
f 1028/1028 1025/1025 1026/1026
f 1024/1024 1025/1025 1028/1028
f 1026/1026 1027/1027 1029/1029
f 1030/1030 1031/1031 1032/1032
f 1033/1033 1034/1034 1031/1031
f 1033/1033 1031/1031 1030/1030
f 1035/1035 1032/1032 1036/1036
f 1035/1035 1030/1030 1032/1032
f 1037/1037 1036/1036 1038/1038
f 1037/1037 1035/1035 1036/1036
f 1039/1039 1038/1038 1040/1040
f 1039/1039 1037/1037 1038/1038
f 1041/1041 1040/1040 1042/1042
f 1041/1041 1039/1039 1040/1040
f 1043/1043 1042/1042 1044/1044
f 1043/1043 1041/1041 1042/1042
f 1045/1045 1044/1044 1034/1034
f 1045/1045 1043/1043 1044/1044
f 1033/1033 1045/1045 1034/1034
f 1046/1046 1047/1047 1048/1048
f 1049/1049 1050/1050 1047/1047
f 1051/1051 1049/1049 1047/1047
f 1046/1046 1051/1051 1047/1047
f 1046/1046 1048/1048 1052/1052
f 1053/1053 1052/1052 1054/1054
f 1053/1053 1046/1046 1052/1052
f 1053/1053 1054/1054 1055/1055
f 1056/1056 1055/1055 1057/1057
f 1058/1058 1055/1055 1056/1056
f 1058/1058 1053/1053 1055/1055
f 1056/1056 1057/1057 1059/1059
f 1049/1049 1059/1059 1050/1050
f 1049/1049 1056/1056 1059/1059
f 1060/1060 1061/1061 1062/1062
f 1063/1063 1064/1064 1065/1065
f 1066/1066 1067/1067 1064/1064
f 1066/1066 1064/1064 1063/1063
f 1060/1060 1056/1056 1061/1061
f 1068/1068 1065/1065 1069/1069
f 1068/1068 1063/1063 1065/1065
f 1070/1070 1069/1069 1071/1071
f 1060/1060 1058/1058 1056/1056
f 1070/1070 1068/1068 1069/1069
f 1072/1072 1071/1071 1073/1073
f 1072/1072 1070/1070 1071/1071
f 1046/1046 1074/1074 1051/1051
f 1075/1075 1073/1073 1076/1076
f 1075/1075 1072/1072 1073/1073
f 1077/1077 1078/1078 1074/1074
f 1079/1079 1076/1076 1080/1080
f 1046/1046 1077/1077 1074/1074
f 1079/1079 1075/1075 1076/1076
f 1081/1081 1080/1080 1082/1082
f 1081/1081 1079/1079 1080/1080
f 1083/1083 1082/1082 1084/1084
f 1083/1083 1081/1081 1082/1082
f 1085/1085 1084/1084 1086/1086
f 1085/1085 1083/1083 1084/1084
f 1087/1087 1086/1086 1088/1088
f 1087/1087 1085/1085 1086/1086
f 1089/1089 1088/1088 1067/1067
f 1089/1089 1087/1087 1088/1088
f 1066/1066 1089/1089 1067/1067
f 1090/1090 1091/1091 1092/1092
f 1093/1093 1092/1092 1094/1094
f 1090/1090 1092/1092 1093/1093
f 1093/1093 1094/1094 1095/1095
f 1096/1096 1095/1095 1097/1097
f 1093/1093 1095/1095 1096/1096
f 1098/1098 1097/1097 1099/1099
f 1100/1100 1097/1097 1098/1098
f 1096/1096 1097/1097 1100/1100
f 1098/1098 1099/1099 1101/1101
f 1102/1102 589/589 590/590
f 572/572 1103/1103 573/573
f 1104/1104 1105/1105 1106/1106
f 1104/1104 1107/1107 1105/1105
f 1108/1108 1109/1109 1110/1110
f 1111/1111 1106/1106 1112/1112
f 1111/1111 1113/1113 1106/1106
f 1114/1114 1106/1106 1113/1113
f 1115/1115 1104/1104 1106/1106
f 1114/1114 1115/1115 1106/1106
f 1116/1116 1117/1117 1118/1118
f 1108/1108 1110/1110 1119/1119
f 1116/1116 1118/1118 1120/1120
f 1111/1111 1112/1112 1107/1107
f 1121/1121 1111/1111 1107/1107
f 1122/1122 1121/1121 1107/1107
f 1123/1123 1122/1122 1107/1107
f 1104/1104 1123/1123 1107/1107
f 1124/1124 1125/1125 1126/1126
f 1127/1127 1128/1128 1125/1125
f 1127/1127 1125/1125 1124/1124
f 1129/1129 1126/1126 1130/1130
f 1129/1129 1124/1124 1126/1126
f 1131/1131 1130/1130 1132/1132
f 1131/1131 1129/1129 1130/1130
f 1133/1133 1132/1132 1134/1134
f 1133/1133 1131/1131 1132/1132
f 1135/1135 1134/1134 1136/1136
f 1135/1135 1133/1133 1134/1134
f 1137/1137 1136/1136 1138/1138
f 1137/1137 1135/1135 1136/1136
f 1139/1139 1138/1138 1128/1128
f 1139/1139 1137/1137 1138/1138
f 1127/1127 1139/1139 1128/1128
f 1140/1140 1141/1141 1142/1142
f 1143/1143 1144/1144 1141/1141
f 1145/1145 1143/1143 1141/1141
f 1140/1140 1145/1145 1141/1141
f 1140/1140 1142/1142 1146/1146
f 1147/1147 1146/1146 1148/1148
f 1147/1147 1140/1140 1146/1146
f 1147/1147 1148/1148 1149/1149
f 1150/1150 1149/1149 1151/1151
f 1152/1152 1149/1149 1150/1150
f 1152/1152 1147/1147 1149/1149
f 1150/1150 1151/1151 1153/1153
f 1143/1143 1153/1153 1144/1144
f 1143/1143 1150/1150 1153/1153
f 1154/1154 1155/1155 1156/1156
f 1157/1157 1158/1158 1159/1159
f 1160/1160 1161/1161 1158/1158
f 1160/1160 1158/1158 1157/1157
f 1154/1154 1150/1150 1155/1155
f 1162/1162 1159/1159 1163/1163
f 1162/1162 1157/1157 1159/1159
f 1164/1164 1163/1163 1165/1165
f 1154/1154 1152/1152 1150/1150
f 1164/1164 1162/1162 1163/1163
f 1166/1166 1165/1165 1167/1167
f 1166/1166 1164/1164 1165/1165
f 1140/1140 1168/1168 1145/1145
f 1169/1169 1167/1167 1170/1170
f 1169/1169 1166/1166 1167/1167
f 1171/1171 1172/1172 1168/1168
f 1173/1173 1170/1170 1174/1174
f 1140/1140 1171/1171 1168/1168
f 1173/1173 1169/1169 1170/1170
f 1175/1175 1174/1174 1176/1176
f 1175/1175 1173/1173 1174/1174
f 1177/1177 1176/1176 1178/1178
f 1177/1177 1175/1175 1176/1176
f 1179/1179 1178/1178 1180/1180
f 1179/1179 1177/1177 1178/1178
f 1181/1181 1180/1180 1182/1182
f 1181/1181 1179/1179 1180/1180
f 1183/1183 1182/1182 1161/1161
f 1183/1183 1181/1181 1182/1182
f 1160/1160 1183/1183 1161/1161
f 1184/1184 1185/1185 1186/1186
f 1187/1187 1186/1186 1188/1188
f 1184/1184 1186/1186 1187/1187
f 1187/1187 1188/1188 1189/1189
f 1190/1190 1189/1189 1191/1191
f 1187/1187 1189/1189 1190/1190
f 1192/1192 1191/1191 1193/1193
f 1194/1194 1191/1191 1192/1192
f 1190/1190 1191/1191 1194/1194
f 1192/1192 1193/1193 1195/1195
f 678/678 679/679 677/677
f 1196/1196 678/678 677/677
f 1197/1197 1196/1196 677/677
f 1198/1198 1197/1197 677/677
f 674/674 1198/1198 677/677
f 1199/1199 1200/1200 1201/1201
f 1202/1202 1203/1203 1200/1200
f 1202/1202 1200/1200 1199/1199
f 1204/1204 1201/1201 1205/1205
f 1204/1204 1199/1199 1201/1201
f 1206/1206 1205/1205 1207/1207
f 1206/1206 1204/1204 1205/1205
f 1208/1208 1207/1207 1209/1209
f 1208/1208 1206/1206 1207/1207
f 1210/1210 1209/1209 1211/1211
f 1210/1210 1208/1208 1209/1209
f 1212/1212 1211/1211 1213/1213
f 1212/1212 1210/1210 1211/1211
f 1214/1214 1213/1213 1203/1203
f 1214/1214 1212/1212 1213/1213
f 1202/1202 1214/1214 1203/1203
f 1215/1215 1216/1216 1217/1217
f 1218/1218 1219/1219 1216/1216
f 1220/1220 1218/1218 1216/1216
f 1215/1215 1220/1220 1216/1216
f 1215/1215 1217/1217 1221/1221
f 1222/1222 1221/1221 1223/1223
f 1222/1222 1215/1215 1221/1221
f 1222/1222 1223/1223 1224/1224
f 1225/1225 1224/1224 1226/1226
f 1227/1227 1224/1224 1225/1225
f 1227/1227 1222/1222 1224/1224
f 1225/1225 1226/1226 1228/1228
f 1218/1218 1228/1228 1219/1219
f 1218/1218 1225/1225 1228/1228
f 1229/1229 1230/1230 1231/1231
f 1232/1232 1233/1233 1234/1234
f 1235/1235 1236/1236 1233/1233
f 1235/1235 1233/1233 1232/1232
f 1229/1229 1225/1225 1230/1230
f 1237/1237 1234/1234 1238/1238
f 1237/1237 1232/1232 1234/1234
f 1239/1239 1238/1238 1240/1240
f 1229/1229 1227/1227 1225/1225
f 1239/1239 1237/1237 1238/1238
f 1241/1241 1240/1240 1242/1242
f 1241/1241 1239/1239 1240/1240
f 1215/1215 1243/1243 1220/1220
f 1244/1244 1242/1242 1245/1245
f 1244/1244 1241/1241 1242/1242
f 1246/1246 1247/1247 1243/1243
f 1248/1248 1245/1245 1249/1249
f 1215/1215 1246/1246 1243/1243
f 1248/1248 1244/1244 1245/1245
f 1250/1250 1249/1249 1251/1251
f 1250/1250 1248/1248 1249/1249
f 1252/1252 1251/1251 1253/1253
f 1252/1252 1250/1250 1251/1251
f 1254/1254 1253/1253 1255/1255
f 1254/1254 1252/1252 1253/1253
f 1256/1256 1255/1255 1257/1257
f 1256/1256 1254/1254 1255/1255
f 1258/1258 1257/1257 1236/1236
f 1258/1258 1256/1256 1257/1257
f 1235/1235 1258/1258 1236/1236
f 1259/1259 1260/1260 1261/1261
f 1262/1262 1261/1261 1263/1263
f 1259/1259 1261/1261 1262/1262
f 1262/1262 1263/1263 1264/1264
f 1265/1265 1264/1264 1266/1266
f 1262/1262 1264/1264 1265/1265
f 1267/1267 1266/1266 1268/1268
f 1269/1269 1266/1266 1267/1267
f 1265/1265 1266/1266 1269/1269
f 1267/1267 1268/1268 1270/1270
f 1271/1271 1272/1272 1273/1273
f 1274/1274 1275/1275 1272/1272
f 1276/1276 1274/1274 1272/1272
f 1271/1271 1276/1276 1272/1272
f 1271/1271 1273/1273 1277/1277
f 1278/1278 1277/1277 1279/1279
f 1278/1278 1271/1271 1277/1277
f 1278/1278 1279/1279 1280/1280
f 1281/1281 1280/1280 1282/1282
f 1283/1283 1280/1280 1281/1281
f 1283/1283 1278/1278 1280/1280
f 1281/1281 1282/1282 1284/1284
f 1274/1274 1284/1284 1275/1275
f 1274/1274 1281/1281 1284/1284
f 1285/1285 1286/1286 1287/1287
f 1288/1288 1289/1289 1290/1290
f 1291/1291 1292/1292 1289/1289
f 1291/1291 1289/1289 1288/1288
f 1285/1285 1281/1281 1286/1286
f 1293/1293 1290/1290 1294/1294
f 1293/1293 1288/1288 1290/1290
f 1295/1295 1294/1294 1296/1296
f 1285/1285 1283/1283 1281/1281
f 1295/1295 1293/1293 1294/1294
f 1297/1297 1296/1296 1298/1298
f 1297/1297 1295/1295 1296/1296
f 1271/1271 1299/1299 1276/1276
f 1300/1300 1298/1298 1301/1301
f 1300/1300 1297/1297 1298/1298
f 1302/1302 1303/1303 1299/1299
f 1304/1304 1301/1301 1305/1305
f 1271/1271 1302/1302 1299/1299
f 1304/1304 1300/1300 1301/1301
f 1306/1306 1305/1305 1307/1307
f 1306/1306 1304/1304 1305/1305
f 1308/1308 1307/1307 1309/1309
f 1308/1308 1306/1306 1307/1307
f 1310/1310 1309/1309 1311/1311
f 1310/1310 1308/1308 1309/1309
f 1312/1312 1311/1311 1313/1313
f 1312/1312 1310/1310 1311/1311
f 1314/1314 1313/1313 1292/1292
f 1314/1314 1312/1312 1313/1313
f 1291/1291 1314/1314 1292/1292
f 1315/1315 1316/1316 1317/1317
f 1318/1318 1317/1317 1319/1319
f 1315/1315 1317/1317 1318/1318
f 1318/1318 1319/1319 1320/1320
f 1321/1321 1320/1320 1322/1322
f 1318/1318 1320/1320 1321/1321
f 1323/1323 1322/1322 1324/1324
f 1325/1325 1322/1322 1323/1323
f 1321/1321 1322/1322 1325/1325
f 1323/1323 1324/1324 1326/1326
f 162/162 161/161 158/158
f 1327/1327 148/148 144/144
f 780/780 305/305 781/781
f 1328/1328 299/299 298/298
f 160/160 162/162 1329/1329
f 144/144 1330/1330 1331/1331
f 778/778 781/781 779/779
f 1332/1332 1328/1328 298/298
f 159/159 162/162 158/158
f 1331/1331 1327/1327 144/144
f 1329/1329 150/150 160/160
f 146/146 1330/1330 144/144
f 777/777 779/779 1333/1333
f 1334/1334 1332/1332 298/298
f 1333/1333 775/775 777/777
f 303/303 1334/1334 298/298

