mtllib material.mtl
usemtl material_wrist2_0
v -0.00000008 0.05704709 0.16306477
v 0.00593671 0.05704709 0.16265879
v -0.01176305 0.05704708 0.16144800
v -0.00593686 0.05704709 0.16265879
v -0.03186411 0.05704708 0.14922436
v -0.02751515 0.05704708 0.15328600
v -0.02265364 0.05704708 0.15671757
v -0.01737013 0.05704708 0.15945532
v -0.04108212 0.05704707 0.13406596
v -0.03871136 0.05704707 0.13952408
v -0.03561950 0.05704707 0.14460832
v -0.04349787 0.05704707 0.11649008
v -0.04349787 0.05704707 0.12244071
v -0.04268759 0.05704707 0.12833582
v -0.03871136 0.05704707 0.09940679
v -0.04108212 0.05704707 0.10486484
v -0.04268759 0.05704707 0.11059486
v -0.02751515 0.05704707 0.08564489
v -0.03186411 0.05704707 0.08970647
v -0.03561950 0.05704707 0.09432250
v -0.01176307 0.05704708 0.07748276
v -0.01737013 0.05704708 0.07947554
v -0.02265364 0.05704708 0.08221329
v 0.00593671 0.05704709 0.07627208
v -0.00000008 0.05704708 0.07586608
v -0.00593686 0.05704708 0.07627208
v 0.02265349 0.05704709 0.08221329
v 0.01736999 0.05704709 0.07947554
v 0.01176291 0.05704709 0.07748276
v 0.03561935 0.05704710 0.09432250
v 0.03186396 0.05704709 0.08970647
v 0.02751500 0.05704709 0.08564489
v 0.04268744 0.05704710 0.11059486
v 0.04108197 0.05704710 0.10486484
v 0.03871121 0.05704710 0.09940679
v 0.04268744 0.05704710 0.12833582
v 0.04349771 0.05704710 0.12244071
v 0.04349771 0.05704710 0.11649008
v 0.03561935 0.05704710 0.14460832
v 0.03871121 0.05704710 0.13952408
v 0.04108197 0.05704710 0.13406596
v 0.02265349 0.05704709 0.15671757
v 0.02751500 0.05704710 0.15328600
v 0.03186396 0.05704710 0.14922436
v 0.01176291 0.05704709 0.16144800
v 0.01736999 0.05704709 0.15945532
v 0.00105291 0.04824696 0.16319717
v -0.00000008 0.05704709 0.16306477
v -0.00322227 0.04824555 0.16308647
v -0.00322227 0.04824555 0.16308647
v -0.00000008 0.05704709 0.16306477
v -0.00593686 0.05704709 0.16265879
v -0.01176305 0.05704708 0.16144800
v -0.01147982 0.04824775 0.16167760
v -0.00729277 0.04823996 0.16258968
v -0.01176305 0.05704708 0.16144800
v -0.00729277 0.04823996 0.16258968
v -0.00593686 0.05704709 0.16265879
v -0.00593686 0.05704709 0.16265879
v -0.00729277 0.04823996 0.16258968
v -0.00322227 0.04824555 0.16308647
v -0.01147982 0.04824775 0.16167760
v -0.01176305 0.05704708 0.16144800
v -0.01544899 0.04823105 0.16037212
v -0.01544899 0.04823105 0.16037212
v -0.01176305 0.05704708 0.16144800
v -0.01737013 0.05704708 0.15945532
v -0.01544899 0.04823105 0.16037212
v -0.01737013 0.05704708 0.15945532
v -0.01929461 0.04825672 0.15873304
v -0.01929461 0.04825672 0.15873304
v -0.01737013 0.05704708 0.15945532
v -0.02265364 0.05704708 0.15671757
v -0.01929461 0.04825672 0.15873304
v -0.02265364 0.05704708 0.15671757
v -0.02299954 0.04824061 0.15666726
v -0.02299954 0.04824061 0.15666726
v -0.02265364 0.05704708 0.15671757
v -0.02751515 0.05704708 0.15328600
v -0.02299954 0.04824061 0.15666726
v -0.02751515 0.05704708 0.15328600
v -0.02656827 0.04824716 0.15421769
v -0.03186411 0.05704708 0.14922436
v -0.02982176 0.04824559 0.15146313
v -0.02751515 0.05704708 0.15328600
v -0.02751515 0.05704708 0.15328600
v -0.02982176 0.04824559 0.15146313
v -0.02656827 0.04824716 0.15421769
v -0.03561950 0.05704707 0.14460832
v -0.03538675 0.04824735 0.14518311
v -0.03268538 0.04823969 0.14852637
v -0.03186411 0.05704708 0.14922436
v -0.03186411 0.05704708 0.14922436
v -0.03268538 0.04823969 0.14852637
v -0.02982176 0.04824559 0.15146313
v -0.03538675 0.04824735 0.14518311
v -0.03561950 0.05704707 0.14460832
v -0.03773590 0.04824567 0.14158336
v -0.03773590 0.04824567 0.14158336
v -0.03561950 0.05704707 0.14460832
v -0.03871136 0.05704707 0.13952408
v -0.03773590 0.04824567 0.14158336
v -0.03871136 0.05704707 0.13952408
v -0.03966683 0.04824283 0.13789721
v -0.03966683 0.04824283 0.13789721
v -0.03871136 0.05704707 0.13952408
v -0.04108212 0.05704707 0.13406596
v -0.03966683 0.04824283 0.13789721
v -0.04108212 0.05704707 0.13406596
v -0.04122581 0.04824055 0.13407325
v -0.04122581 0.04824055 0.13407325
v -0.04108212 0.05704707 0.13406596
v -0.04268759 0.05704707 0.12833582
v -0.04122581 0.04824055 0.13407325
v -0.04268759 0.05704707 0.12833582
v -0.04247772 0.04824716 0.12991721
v -0.04349787 0.05704707 0.12244071
v -0.04328678 0.04824566 0.12574666
v -0.04268759 0.05704707 0.12833582
v -0.04268759 0.05704707 0.12833582
v -0.04328678 0.04824566 0.12574666
v -0.04247772 0.04824716 0.12991721
v -0.04349787 0.05704707 0.11649008
v -0.04369369 0.04824719 0.11735207
v -0.04368201 0.04824053 0.12166412
v -0.04349787 0.05704707 0.12244071
v -0.04349787 0.05704707 0.12244071
v -0.04368201 0.04824053 0.12166412
v -0.04328678 0.04824566 0.12574666
v -0.04369369 0.04824719 0.11735207
v -0.04349787 0.05704707 0.11649008
v -0.04327272 0.04824568 0.11308773
v -0.04327272 0.04824568 0.11308773
v -0.04349787 0.05704707 0.11649008
v -0.04268759 0.05704707 0.11059486
v -0.04327272 0.04824568 0.11308773
v -0.04268759 0.05704707 0.11059486
v -0.04248215 0.04823995 0.10906528
v -0.04248215 0.04823995 0.10906528
v -0.04268759 0.05704707 0.11059486
v -0.04108212 0.05704707 0.10486484
v -0.04248215 0.04823995 0.10906528
v -0.04108212 0.05704707 0.10486484
v -0.04127197 0.04824800 0.10496323
v -0.03871136 0.05704707 0.09940679
v -0.03959731 0.04825485 0.10086059
v -0.04108212 0.05704707 0.10486484
v -0.04108212 0.05704707 0.10486484
v -0.03959731 0.04825485 0.10086059
v -0.04127197 0.04824800 0.10496323
v -0.03561950 0.05704707 0.09432250
v -0.03760441 0.04823025 0.09715135
v -0.03871136 0.05704707 0.09940679
v -0.03871136 0.05704707 0.09940679
v -0.03760441 0.04823025 0.09715135
v -0.03959731 0.04825485 0.10086059
v -0.03186411 0.05704707 0.08970647
v -0.03273932 0.04824719 0.09045274
v -0.03543699 0.04824048 0.09383013
v -0.03186411 0.05704707 0.08970647
v -0.03543699 0.04824048 0.09383013
v -0.03561950 0.05704707 0.09432250
v -0.03561950 0.05704707 0.09432250
v -0.03543699 0.04824048 0.09383013
v -0.03760441 0.04823025 0.09715135
v -0.03273932 0.04824719 0.09045274
v -0.03186411 0.05704707 0.08970647
v -0.02975034 0.04824564 0.08740116
v -0.02975034 0.04824564 0.08740116
v -0.03186411 0.05704707 0.08970647
v -0.02751515 0.05704707 0.08564489
v -0.02975034 0.04824564 0.08740116
v -0.02751515 0.05704707 0.08564489
v -0.02661408 0.04823979 0.08475848
v -0.02661408 0.04823979 0.08475848
v -0.02751515 0.05704707 0.08564489
v -0.02265364 0.05704708 0.08221329
v -0.02661408 0.04823979 0.08475848
v -0.02265364 0.05704708 0.08221329
v -0.02309060 0.04824760 0.08231075
v -0.01737013 0.05704708 0.07947554
v -0.01932256 0.04824586 0.08022443
v -0.02265364 0.05704708 0.08221329
v -0.02265364 0.05704708 0.08221329
v -0.01932256 0.04824586 0.08022443
v -0.02309060 0.04824760 0.08231075
v -0.01176307 0.05704708 0.07748276
v -0.01551148 0.04824298 0.07856805
v -0.01737013 0.05704708 0.07947554
v -0.01737013 0.05704708 0.07947554
v -0.01551148 0.04824298 0.07856805
v -0.01932256 0.04824586 0.08022443
v -0.00593686 0.05704708 0.07627208
v -0.00735239 0.04824705 0.07634321
v -0.01158092 0.04824045 0.07728925
v -0.00593686 0.05704708 0.07627208
v -0.01158092 0.04824045 0.07728925
v -0.01176307 0.05704708 0.07748276
v -0.01176307 0.05704708 0.07748276
v -0.01158092 0.04824045 0.07728925
v -0.01551148 0.04824298 0.07856805
v -0.00735239 0.04824705 0.07634321
v -0.00593686 0.05704708 0.07627208
v -0.00319682 0.04824593 0.07584466
v -0.00319682 0.04824593 0.07584466
v -0.00593686 0.05704708 0.07627208
v -0.00000008 0.05704708 0.07586608
v -0.00319682 0.04824593 0.07584466
v -0.00000008 0.05704708 0.07586608
v 0.00106274 0.04816240 0.07585196
v 0.00106274 0.04816240 0.07585196
v -0.00000008 0.05704708 0.07586608
v 0.00593671 0.05704709 0.07627208
v 0.00106274 0.04816240 0.07585196
v 0.00593671 0.05704709 0.07627208
v 0.00526892 0.04824745 0.07603893
v 0.01176291 0.05704709 0.07748276
v 0.00949984 0.04824582 0.07676930
v 0.00593671 0.05704709 0.07627208
v 0.00593671 0.05704709 0.07627208
v 0.00949984 0.04824582 0.07676930
v 0.00526892 0.04824745 0.07603893
v 0.01736999 0.05704709 0.07947554
v 0.01351663 0.04824279 0.07786649
v 0.01176291 0.05704709 0.07748276
v 0.01176291 0.05704709 0.07748276
v 0.01351663 0.04824279 0.07786649
v 0.00949984 0.04824582 0.07676930
v 0.02265349 0.05704709 0.08221329
v 0.02127657 0.04824723 0.08124366
v 0.01737410 0.04824057 0.07932704
v 0.02265349 0.05704709 0.08221329
v 0.01737410 0.04824057 0.07932704
v 0.01736999 0.05704709 0.07947554
v 0.01736999 0.05704709 0.07947554
v 0.01737410 0.04824057 0.07932704
v 0.01351663 0.04824279 0.07786649
v 0.02127657 0.04824723 0.08124366
v 0.02265349 0.05704709 0.08221329
v 0.02487733 0.04824572 0.08348890
v 0.02487733 0.04824572 0.08348890
v 0.02265349 0.05704709 0.08221329
v 0.02751500 0.05704709 0.08564489
v 0.02487733 0.04824572 0.08348890
v 0.02751500 0.05704709 0.08564489
v 0.02813676 0.04824052 0.08598014
v 0.02813676 0.04824052 0.08598014
v 0.02751500 0.05704709 0.08564489
v 0.03186396 0.05704709 0.08970647
v 0.03130500 0.04824715 0.08891078
v 0.03561935 0.05704710 0.09432250
v 0.03413782 0.04824568 0.09211944
v 0.03186396 0.05704709 0.08970647
v 0.03186396 0.05704709 0.08970647
v 0.03413782 0.04824568 0.09211944
v 0.03130500 0.04824715 0.08891078
v 0.03871121 0.05704710 0.09940679
v 0.03872699 0.04824791 0.09912131
v 0.03654585 0.04824002 0.09543863
v 0.03871121 0.05704710 0.09940679
v 0.03654585 0.04824002 0.09543863
v 0.03561935 0.05704710 0.09432250
v 0.03561935 0.05704710 0.09432250
v 0.03654585 0.04824002 0.09543863
v 0.03413782 0.04824568 0.09211944
v 0.03872699 0.04824791 0.09912131
v 0.03871121 0.05704710 0.09940679
v 0.04059002 0.04825505 0.10313946
v 0.04059002 0.04825505 0.10313946
v 0.03871121 0.05704710 0.09940679
v 0.04108197 0.05704710 0.10486484
v 0.04059002 0.04825505 0.10313946
v 0.04108197 0.05704710 0.10486484
v 0.04194836 0.04823033 0.10712310
v 0.04194836 0.04823033 0.10712310
v 0.04108197 0.05704710 0.10486484
v 0.04268744 0.05704710 0.11059486
v 0.04194836 0.04823033 0.10712310
v 0.04268744 0.05704710 0.11059486
v 0.04290471 0.04824057 0.11097256
v 0.04290471 0.04824057 0.11097256
v 0.04268744 0.05704710 0.11059486
v 0.04349771 0.05704710 0.11649008
v 0.04290471 0.04824057 0.11097256
v 0.04349771 0.05704710 0.11649008
v 0.04354103 0.04824712 0.11525130
v 0.04349771 0.05704710 0.12244071
v 0.04373999 0.04824570 0.11951415
v 0.04349771 0.05704710 0.11649008
v 0.04349771 0.05704710 0.11649008
v 0.04373999 0.04824570 0.11951415
v 0.04354103 0.04824712 0.11525130
v 0.04268744 0.05704710 0.12833582
v 0.04293170 0.04824755 0.12786153
v 0.04353945 0.04823983 0.12361090
v 0.04349771 0.05704710 0.12244071
v 0.04349771 0.05704710 0.12244071
v 0.04353945 0.04823983 0.12361090
v 0.04373999 0.04824570 0.11951415
v 0.04293170 0.04824755 0.12786153
v 0.04268744 0.05704710 0.12833582
v 0.04191902 0.04823112 0.13190809
v 0.04191902 0.04823112 0.13190809
v 0.04268744 0.05704710 0.12833582
v 0.04108197 0.05704710 0.13406596
v 0.04191902 0.04823112 0.13190809
v 0.04108197 0.05704710 0.13406596
v 0.04056139 0.04825655 0.13586583
v 0.04056139 0.04825655 0.13586583
v 0.04108197 0.05704710 0.13406596
v 0.03871121 0.05704710 0.13952408
v 0.04056139 0.04825655 0.13586583
v 0.03871121 0.05704710 0.13952408
v 0.03877201 0.04824057 0.13970589
v 0.03877201 0.04824057 0.13970589
v 0.03871121 0.05704710 0.13952408
v 0.03561935 0.05704710 0.14460832
v 0.03877201 0.04824057 0.13970589
v 0.03561935 0.05704710 0.14460832
v 0.03658274 0.04824724 0.14345063
v 0.03186396 0.05704710 0.14922436
v 0.03407697 0.04824576 0.14688719
v 0.03561935 0.05704710 0.14460832
v 0.03561935 0.05704710 0.14460832
v 0.03407697 0.04824576 0.14688719
v 0.03658274 0.04824724 0.14345063
v 0.02751500 0.05704710 0.15328600
v 0.02820980 0.04824732 0.15289910
v 0.03135547 0.04823991 0.14995665
v 0.03186396 0.05704710 0.14922436
v 0.03186396 0.05704710 0.14922436
v 0.03135547 0.04823991 0.14995665
v 0.03407697 0.04824576 0.14688719
v 0.02820980 0.04824732 0.15289910
v 0.02751500 0.05704710 0.15328600
v 0.02479736 0.04824582 0.15549718
v 0.02479736 0.04824582 0.15549718
v 0.02751500 0.05704710 0.15328600
v 0.02265349 0.05704709 0.15671757
v 0.02479736 0.04824582 0.15549718
v 0.02265349 0.05704709 0.15671757
v 0.02131384 0.04824014 0.15765734
v 0.02131384 0.04824014 0.15765734
v 0.02265349 0.05704709 0.15671757
v 0.01736999 0.05704709 0.15945532
v 0.02131384 0.04824014 0.15765734
v 0.01736999 0.05704709 0.15945532
v 0.01748112 0.04824802 0.15956642
v 0.01176291 0.05704709 0.16144800
v 0.01343681 0.04824198 0.16108911
v 0.01736999 0.05704709 0.15945532
v 0.01736999 0.05704709 0.15945532
v 0.01343681 0.04824198 0.16108911
v 0.01748112 0.04824802 0.15956642
v 0.00593671 0.05704709 0.16265879
v 0.00940514 0.04824576 0.16218238
v 0.01176291 0.05704709 0.16144800
v 0.01176291 0.05704709 0.16144800
v 0.00940514 0.04824576 0.16218238
v 0.01343681 0.04824198 0.16108911
v -0.00000008 0.05704709 0.16306477
v 0.00105291 0.04824696 0.16319717
v 0.00536049 0.04824047 0.16287288
v -0.00000008 0.05704709 0.16306477
v 0.00536049 0.04824047 0.16287288
v 0.00593671 0.05704709 0.16265879
v 0.00593671 0.05704709 0.16265879
v 0.00536049 0.04824047 0.16287288
v 0.00940514 0.04824576 0.16218238
v 0.00106274 0.04816240 0.07585196
v 0.00526892 0.04824745 0.07603893
v 0.00094735 0.04840445 0.07567029
v 0.00106274 0.04816240 0.07585196
v 0.00094735 0.04840445 0.07567029
v -0.00319682 0.04824593 0.07584466
v 0.00311676 0.05630930 0.07570862
v 0.00526892 0.04824745 0.07603893
v 0.00885971 0.05630656 0.07650245
v 0.00885971 0.05630656 0.07650245
v 0.00526892 0.04824745 0.07603893
v 0.00949984 0.04824582 0.07676930
v 0.00885971 0.05630656 0.07650245
v 0.00949984 0.04824582 0.07676930
v 0.01351663 0.04824279 0.07786649
v 0.00885971 0.05630656 0.07650245
v 0.01351663 0.04824279 0.07786649
v 0.01497263 0.05634969 0.07819201
v 0.01497263 0.05634969 0.07819201
v 0.01351663 0.04824279 0.07786649
v 0.02000202 0.05629547 0.08041784
v 0.01351663 0.04824279 0.07786649
v 0.01737410 0.04824057 0.07932704
v 0.02000202 0.05629547 0.08041784
v 0.02000202 0.05629547 0.08041784
v 0.01737410 0.04824057 0.07932704
v 0.02127657 0.04824723 0.08124366
v 0.02000202 0.05629547 0.08041784
v 0.02127657 0.04824723 0.08124366
v 0.02516204 0.05611868 0.08364408
v 0.02487733 0.04824572 0.08348890
v 0.02487733 0.04824572 0.08348890
v 0.02813676 0.04824052 0.08598014
v 0.02516204 0.05611868 0.08364408
v 0.02516204 0.05611868 0.08364408
v 0.02813676 0.04824052 0.08598014
v 0.02991601 0.05631410 0.08736520
v 0.02991601 0.05631410 0.08736520
v 0.02813676 0.04824052 0.08598014
v 0.03130500 0.04824715 0.08891078
v 0.02991601 0.05631410 0.08736520
v 0.03130500 0.04824715 0.08891078
v 0.03416298 0.05634769 0.09189393
v 0.03416298 0.05634769 0.09189393
v 0.03130500 0.04824715 0.08891078
v 0.03413782 0.04824568 0.09211944
v 0.03416298 0.05634769 0.09189393
v 0.03413782 0.04824568 0.09211944
v 0.03756094 0.05628923 0.09681228
v 0.03756094 0.05628923 0.09681228
v 0.03413782 0.04824568 0.09211944
v 0.03654585 0.04824002 0.09543863
v 0.03756094 0.05628923 0.09681228
v 0.03654585 0.04824002 0.09543863
v 0.03872699 0.04824791 0.09912131
v 0.03756094 0.05628923 0.09681228
v 0.03872699 0.04824791 0.09912131
v 0.04020924 0.05630899 0.10191818
v 0.04020924 0.05630899 0.10191818
v 0.03872699 0.04824791 0.09912131
v 0.04059002 0.04825505 0.10313946
v 0.04020924 0.05630899 0.10191818
v 0.04059002 0.04825505 0.10313946
v 0.04212149 0.05611297 0.10756730
v 0.04194836 0.04823033 0.10712310
v 0.04194836 0.04823033 0.10712310
v 0.04290471 0.04824057 0.11097256
v 0.04212149 0.05611297 0.10756730
v 0.04212149 0.05611297 0.10756730
v 0.04290471 0.04824057 0.11097256
v 0.04346036 0.05631276 0.11343093
v 0.04346036 0.05631276 0.11343093
v 0.04290471 0.04824057 0.11097256
v 0.04354103 0.04824712 0.11525130
v 0.04346036 0.05631276 0.11343093
v 0.04354103 0.04824712 0.11525130
v 0.04390121 0.05634804 0.11966114
v 0.04390121 0.05634804 0.11966114
v 0.04354103 0.04824712 0.11525130
v 0.04373999 0.04824570 0.11951415
v 0.04390121 0.05634804 0.11966114
v 0.04373999 0.04824570 0.11951415
v 0.04344356 0.05630877 0.12558767
v 0.04344356 0.05630877 0.12558767
v 0.04373999 0.04824570 0.11951415
v 0.04353945 0.04823983 0.12361090
v 0.04344356 0.05630877 0.12558767
v 0.04353945 0.04823983 0.12361090
v 0.04293170 0.04824755 0.12786153
v 0.04344356 0.05630877 0.12558767
v 0.04293170 0.04824755 0.12786153
v 0.04214780 0.05613378 0.13133089
v 0.04214780 0.05613378 0.13133089
v 0.04293170 0.04824755 0.12786153
v 0.04191902 0.04823112 0.13190809
v 0.04214780 0.05613378 0.13133089
v 0.04191902 0.04823112 0.13190809
v 0.04056139 0.04825655 0.13586583
v 0.04214780 0.05613378 0.13133089
v 0.04056139 0.04825655 0.13586583
v 0.04015991 0.05634945 0.13720801
v 0.04015991 0.05634945 0.13720801
v 0.04056139 0.04825655 0.13586583
v 0.03756783 0.05629508 0.14212335
v 0.04056139 0.04825655 0.13586583
v 0.03877201 0.04824057 0.13970589
v 0.03756783 0.05629508 0.14212335
v 0.03756783 0.05629508 0.14212335
v 0.03877201 0.04824057 0.13970589
v 0.03658274 0.04824724 0.14345063
v 0.03756783 0.05629508 0.14212335
v 0.03658274 0.04824724 0.14345063
v 0.03391748 0.05634838 0.14734069
v 0.03391748 0.05634838 0.14734069
v 0.03658274 0.04824724 0.14345063
v 0.03407697 0.04824576 0.14688719
v 0.03391748 0.05634838 0.14734069
v 0.03407697 0.04824576 0.14688719
v 0.02984038 0.05631014 0.15163023
v 0.02984038 0.05631014 0.15163023
v 0.03407697 0.04824576 0.14688719
v 0.03135547 0.04823991 0.14995665
v 0.02984038 0.05631014 0.15163023
v 0.03135547 0.04823991 0.14995665
v 0.02820980 0.04824732 0.15289910
v 0.02984038 0.05631014 0.15163023
v 0.02820980 0.04824732 0.15289910
v 0.02522653 0.05613383 0.15525448
v 0.02522653 0.05613383 0.15525448
v 0.02820980 0.04824732 0.15289910
v 0.02479736 0.04824582 0.15549718
v 0.02522653 0.05613383 0.15525448
v 0.02479736 0.04824582 0.15549718
v 0.02131384 0.04824014 0.15765734
v 0.01998655 0.05631268 0.15851974
v 0.01998655 0.05631268 0.15851974
v 0.02131384 0.04824014 0.15765734
v 0.01748112 0.04824802 0.15956642
v 0.01998655 0.05631268 0.15851974
v 0.01748112 0.04824802 0.15956642
v 0.01476158 0.05630989 0.16078041
v 0.01476158 0.05630989 0.16078041
v 0.01748112 0.04824802 0.15956642
v 0.01343681 0.04824198 0.16108911
v 0.01476158 0.05630989 0.16078041
v 0.01343681 0.04824198 0.16108911
v 0.00900289 0.05611681 0.16230329
v 0.00900289 0.05611681 0.16230329
v 0.01343681 0.04824198 0.16108911
v 0.00940514 0.04824576 0.16218238
v 0.00940514 0.04824576 0.16218238
v 0.00536049 0.04824047 0.16287288
v 0.00900289 0.05611681 0.16230329
v 0.00900289 0.05611681 0.16230329
v 0.00536049 0.04824047 0.16287288
v 0.00304525 0.05631366 0.16323828
v 0.00304525 0.05631366 0.16323828
v 0.00536049 0.04824047 0.16287288
v 0.00105291 0.04824696 0.16319717
v 0.00304525 0.05631366 0.16323828
v 0.00105291 0.04824696 0.16319717
v -0.00317587 0.05634779 0.16325157
v -0.00317587 0.05634779 0.16325157
v 0.00105291 0.04824696 0.16319717
v -0.00322227 0.04824555 0.16308647
v -0.00317587 0.05634779 0.16325157
v -0.00322227 0.04824555 0.16308647
v -0.00907093 0.05628932 0.16238069
v -0.00907093 0.05628932 0.16238069
v -0.00322227 0.04824555 0.16308647
v -0.00729277 0.04823996 0.16258968
v -0.00907093 0.05628932 0.16238069
v -0.00729277 0.04823996 0.16258968
v -0.01147982 0.04824775 0.16167760
v -0.00907093 0.05628932 0.16238069
v -0.01147982 0.04824775 0.16167760
v -0.01462124 0.05630845 0.16082771
v -0.01462124 0.05630845 0.16082771
v -0.01147982 0.04824775 0.16167760
v -0.01544899 0.04823105 0.16037212
v -0.01462124 0.05630845 0.16082771
v -0.01544899 0.04823105 0.16037212
v -0.01929461 0.04825672 0.15873304
v -0.01462124 0.05630845 0.16082771
v -0.01929461 0.04825672 0.15873304
v -0.02043024 0.05634914 0.15832645
v -0.02043024 0.05634914 0.15832645
v -0.01929461 0.04825672 0.15873304
v -0.02520264 0.05629470 0.15537528
v -0.01929461 0.04825672 0.15873304
v -0.02299954 0.04824061 0.15666726
v -0.02520264 0.05629470 0.15537528
v -0.02520264 0.05629470 0.15537528
v -0.02299954 0.04824061 0.15666726
v -0.02656827 0.04824716 0.15421769
v -0.02520264 0.05629470 0.15537528
v -0.02656827 0.04824716 0.15421769
v -0.03011396 0.05634810 0.15141122
v -0.03011396 0.05634810 0.15141122
v -0.02656827 0.04824716 0.15421769
v -0.02982176 0.04824559 0.15146313
v -0.03011396 0.05634810 0.15141122
v -0.02982176 0.04824559 0.15146313
v -0.03415318 0.05632985 0.14702029
v -0.03415318 0.05632985 0.14702029
v -0.02982176 0.04824559 0.15146313
v -0.03268538 0.04823969 0.14852637
v -0.03415318 0.05632985 0.14702029
v -0.03268538 0.04823969 0.14852637
v -0.03538675 0.04824735 0.14518311
v -0.03415318 0.05632985 0.14702029
v -0.03538675 0.04824735 0.14518311
v -0.03743579 0.05613381 0.14217665
v -0.03743579 0.05613381 0.14217665
v -0.03538675 0.04824735 0.14518311
v -0.03773590 0.04824567 0.14158336
v -0.03743579 0.05613381 0.14217665
v -0.03773590 0.04824567 0.14158336
v -0.03966683 0.04824283 0.13789721
v -0.03743579 0.05613381 0.14217665
v -0.03966683 0.04824283 0.13789721
v -0.04038112 0.05634955 0.13669973
v -0.04038112 0.05634955 0.13669973
v -0.03966683 0.04824283 0.13789721
v -0.04219618 0.05629517 0.13147558
v -0.03966683 0.04824283 0.13789721
v -0.04122581 0.04824055 0.13407325
v -0.04219618 0.05629517 0.13147558
v -0.04219618 0.05629517 0.13147558
v -0.04122581 0.04824055 0.13407325
v -0.04247772 0.04824716 0.12991721
v -0.04219618 0.05629517 0.13147558
v -0.04247772 0.04824716 0.12991721
v -0.04335603 0.05612066 0.12552666
v -0.04328678 0.04824566 0.12574666
v -0.04328678 0.04824566 0.12574666
v -0.04368201 0.04824053 0.12166412
v -0.04335603 0.05612066 0.12552666
v -0.04335603 0.05612066 0.12552666
v -0.04368201 0.04824053 0.12166412
v -0.04387997 0.05631451 0.11950585
v -0.04387997 0.05631451 0.11950585
v -0.04368201 0.04824053 0.12166412
v -0.04369369 0.04824719 0.11735207
v -0.04387997 0.05631451 0.11950585
v -0.04369369 0.04824719 0.11735207
v -0.04346476 0.05630558 0.11355112
v -0.04346476 0.05630558 0.11355112
v -0.04369369 0.04824719 0.11735207
v -0.04327272 0.04824568 0.11308773
v -0.04346476 0.05630558 0.11355112
v -0.04327272 0.04824568 0.11308773
v -0.04248215 0.04823995 0.10906528
v -0.04346476 0.05630558 0.11355112
v -0.04248215 0.04823995 0.10906528
v -0.04219145 0.05631162 0.10744510
v -0.04219145 0.05631162 0.10744510
v -0.04248215 0.04823995 0.10906528
v -0.04127197 0.04824800 0.10496323
v -0.04219145 0.05631162 0.10744510
v -0.04127197 0.04824800 0.10496323
v -0.04026985 0.05630944 0.10205527
v -0.04026985 0.05630944 0.10205527
v -0.04127197 0.04824800 0.10496323
v -0.03959731 0.04825485 0.10086059
v -0.04026985 0.05630944 0.10205527
v -0.03959731 0.04825485 0.10086059
v -0.03744942 0.05611486 0.09680458
v -0.03760441 0.04823025 0.09715135
v -0.03760441 0.04823025 0.09715135
v -0.03543699 0.04824048 0.09383013
v -0.03744942 0.05611486 0.09680458
v -0.03744942 0.05611486 0.09680458
v -0.03543699 0.04824048 0.09383013
v -0.03407225 0.05631318 0.09181819
v -0.03407225 0.05631318 0.09181819
v -0.03543699 0.04824048 0.09383013
v -0.03273932 0.04824719 0.09045274
v -0.03407225 0.05631318 0.09181819
v -0.03273932 0.04824719 0.09045274
v -0.02982750 0.05634790 0.08725256
v -0.02982750 0.05634790 0.08725256
v -0.03273932 0.04824719 0.09045274
v -0.02975034 0.04824564 0.08740116
v -0.02982750 0.05634790 0.08725256
v -0.02975034 0.04824564 0.08740116
v -0.02517732 0.05630825 0.08353680
v -0.02517732 0.05630825 0.08353680
v -0.02975034 0.04824564 0.08740116
v -0.02661408 0.04823979 0.08475848
v -0.02517732 0.05630825 0.08353680
v -0.02661408 0.04823979 0.08475848
v -0.02309060 0.04824760 0.08231075
v -0.02517732 0.05630825 0.08353680
v -0.02309060 0.04824760 0.08231075
v -0.02015748 0.05612773 0.08060248
v -0.02015748 0.05612773 0.08060248
v -0.02309060 0.04824760 0.08231075
v -0.01932256 0.04824586 0.08022443
v -0.02015748 0.05612773 0.08060248
v -0.01932256 0.04824586 0.08022443
v -0.01443014 0.05631159 0.07802498
v -0.01443014 0.05631159 0.07802498
v -0.01932256 0.04824586 0.08022443
v -0.01551148 0.04824298 0.07856805
v -0.01443014 0.05631159 0.07802498
v -0.01551148 0.04824298 0.07856805
v -0.00906288 0.05629493 0.07654019
v -0.01551148 0.04824298 0.07856805
v -0.01158092 0.04824045 0.07728925
v -0.00906288 0.05629493 0.07654019
v -0.00906288 0.05629493 0.07654019
v -0.01158092 0.04824045 0.07728925
v -0.00735239 0.04824705 0.07634321
v -0.00906288 0.05629493 0.07654019
v -0.00735239 0.04824705 0.07634321
v -0.00298894 0.05629960 0.07571341
v -0.00298894 0.05629960 0.07571341
v -0.00735239 0.04824705 0.07634321
v -0.00319682 0.04824593 0.07584466
v -0.00298894 0.05629960 0.07571341
v -0.00319682 0.04824593 0.07584466
v 0.00094735 0.04840445 0.07567029
v -0.00298894 0.05629960 0.07571341
v 0.00094735 0.04840445 0.07567029
v 0.00311676 0.05630930 0.07570862
v 0.00311676 0.05630930 0.07570862
v 0.00094735 0.04840445 0.07567029
v 0.00526892 0.04824745 0.07603893
v -0.02371970 -0.03826334 0.06656604
v -0.02880145 -0.03460973 0.06656612
v -0.02542992 -0.03587812 0.06656604
v -0.04267923 -0.01419812 0.06656605
v -0.04402237 -0.00928854 0.06656724
v -0.04246182 -0.01174942 0.06656604
v 0.00592269 0.04481706 0.06656604
v 0.01213974 0.04363368 0.06656598
v 0.00897173 0.04332250 0.06656604
v -0.04478223 -0.00442178 0.06656691
v -0.04368634 -0.00585673 0.06656604
v 0.00592286 -0.04452140 0.06656605
v -0.00030732 -0.04487922 0.06656605
v 0.00300924 -0.04384638 0.06656604
v -0.04409706 0.00014781 0.06656604
v -0.04501787 0.00019135 0.06656814
v -0.02886906 0.03481889 0.06656640
v -0.02285577 0.03914141 0.06656597
v -0.02542994 0.03617373 0.06656604
v -0.03818527 0.02405610 0.06656697
v -0.03631888 0.02684195 0.06656611
v -0.03767740 0.02305990 0.06656604
v -0.03420662 0.02797691 0.06656604
v -0.04044633 0.01771610 0.06656604
v -0.04052319 0.01983069 0.06656662
v -0.04399937 0.00965996 0.06656849
v -0.04246182 0.01204504 0.06656604
v -0.04368634 0.00615234 0.06656604
v -0.04477859 0.00469763 0.06656727
v -0.03767738 -0.02276428 0.06656604
v -0.03784175 -0.02432219 0.06656630
v -0.04063320 -0.01930956 0.06656724
v -0.04044632 -0.01742048 0.06656604
v -0.03271975 -0.03089888 0.06656604
v -0.03552934 -0.02757968 0.06656637
v -0.03420660 -0.02768128 0.06656604
v -0.03009860 -0.03207987 0.06656604
v 0.02542983 -0.03587810 0.06656604
v 0.02863304 -0.03472892 0.06656630
v 0.02212879 -0.03926170 0.06656604
v 0.01799810 0.04155745 0.06656602
v 0.01476711 0.04169872 0.06656604
v 0.02028742 0.03930091 0.06656604
v -0.01476726 0.04169871 0.06656604
v -0.01133675 0.04382304 0.06656600
v -0.00897187 0.04332250 0.06656604
v -0.04260271 0.01471518 0.06656653
v -0.01730661 -0.04160202 0.06656599
v -0.02028753 -0.03900527 0.06656604
v -0.01137551 -0.04351601 0.06656604
v -0.01476723 -0.04140307 0.06656604
v 0.03278766 -0.03081859 0.06656618
v 0.03009851 -0.03207985 0.06656604
v 0.04481890 -0.00402710 0.06656765
v 0.04403356 -0.00920673 0.06656804
v 0.04368622 -0.00585670 0.06656604
v 0.04246171 -0.01174939 0.06656604
v 0.04268727 -0.01415582 0.06656659
v 0.04246171 0.01204507 0.06656604
v 0.04274055 0.01430948 0.06656673
v 0.04415480 0.00898486 0.06656672
v 0.04368622 0.00615237 0.06656604
v 0.02664286 0.03654549 0.06656630
v 0.02542981 0.03617375 0.06656604
v 0.02324207 0.03886316 0.06656604
v -0.00030724 0.04517485 0.06656605
v 0.00300921 0.04414202 0.06656604
v -0.00644318 0.04475210 0.06656604
v -0.00300936 0.04414202 0.06656604
v -0.00656537 -0.04444297 0.06656605
v -0.00897184 -0.04302686 0.06656604
v -0.00300933 -0.04384638 0.06656604
v 0.01476714 -0.04140306 0.06656604
v 0.01552339 -0.04224452 0.06656602
v 0.01070337 -0.04367141 0.06656601
v 0.00897176 -0.04302686 0.06656604
v 0.02028745 -0.03900526 0.06656604
v 0.04107370 -0.01830245 0.06656752
v 0.04044622 -0.01742046 0.06656604
v 0.04409695 0.00014784 0.06656604
v 0.04500368 0.00005175 0.06656652
v 0.04482800 0.00414064 0.06656788
v 0.04044621 0.01771613 0.06656604
v 0.04063673 0.01959426 0.06656701
v 0.03767727 0.02305992 0.06656604
v 0.03787996 0.02455993 0.06656626
v 0.03420647 0.02797693 0.06656604
v 0.03544649 0.02798621 0.06656624
v 0.02918583 0.03454798 0.06656640
v 0.03281006 0.03108782 0.06656620
v 0.03009849 0.03237550 0.06656604
v -0.01619657 0.04229019 0.06656601
v -0.03284225 0.03105379 0.06656614
v -0.03009862 0.03237548 0.06656604
v 0.03517727 -0.02803712 0.06656663
v 0.03420649 -0.02768126 0.06656604
v 0.03942306 -0.02167486 0.06656604
v 0.03782170 -0.02435580 0.06656666
v 0.03767729 -0.02276426 0.06656604
v -0.02028756 0.03930090 0.06656604
v 0.04344356 0.05630877 0.12558767
v 0.04214780 0.05613378 0.13133089
v 0.04246402 0.05644710 0.13136330
v 0.04246402 0.05644710 0.13136330
v 0.04214780 0.05613378 0.13133089
v 0.04015991 0.05634945 0.13720801
v 0.02522653 0.05613383 0.15525448
v 0.02543119 0.05644709 0.15549338
v 0.02984038 0.05631014 0.15163023
v 0.02543119 0.05644709 0.15549338
v 0.02522653 0.05613383 0.15525448
v 0.01998655 0.05631268 0.15851974
v 0.00900289 0.05611681 0.16230329
v 0.00304525 0.05631366 0.16323828
v 0.00897222 0.05644709 0.16264239
v 0.00897222 0.05644709 0.16264239
v 0.01476158 0.05630989 0.16078041
v 0.00900289 0.05611681 0.16230329
v -0.03415318 0.05632985 0.14702029
v -0.03743579 0.05613381 0.14217665
v -0.03767948 0.05644707 0.14237864
v -0.03767948 0.05644707 0.14237864
v -0.03743579 0.05613381 0.14217665
v -0.04038112 0.05634955 0.13669973
v -0.04219618 0.05629517 0.13147558
v -0.04335603 0.05612066 0.12552666
v -0.04368876 0.05644707 0.12547027
v -0.04368876 0.05644707 0.12547027
v -0.04335603 0.05612066 0.12552666
v -0.04387997 0.05631451 0.11950585
v -0.03744942 0.05611486 0.09680458
v -0.03407225 0.05631318 0.09181819
v -0.03767948 0.05644707 0.09655197
v -0.03767948 0.05644707 0.09655197
v -0.04026985 0.05630944 0.10205527
v -0.03744942 0.05611486 0.09680458
v -0.02517732 0.05630825 0.08353680
v -0.02015748 0.05612773 0.08060248
v -0.02028869 0.05644707 0.08031023
v -0.02028869 0.05644707 0.08031023
v -0.02015748 0.05612773 0.08060248
v -0.01443014 0.05631159 0.07802498
v 0.02000202 0.05629547 0.08041784
v 0.02516204 0.05611868 0.08364408
v 0.02543119 0.05644709 0.08343751
v 0.02543119 0.05644709 0.08343751
v 0.02516204 0.05611868 0.08364408
v 0.02991601 0.05631410 0.08736520
v 0.04212149 0.05611297 0.10756730
v 0.04346036 0.05631276 0.11343093
v 0.04246402 0.05644710 0.10756760
v 0.04246402 0.05644710 0.10756760
v 0.04020924 0.05630899 0.10191818
v 0.04212149 0.05611297 0.10756730
v -0.03284225 0.03105379 0.06656614
v -0.03631888 0.02684195 0.06656611
v -0.03563622 0.02732997 0.08702038
v -0.02534219 0.03713549 0.07784592
v -0.02285577 0.03914141 0.06656597
v -0.02886906 0.03481889 0.06656640
v -0.02082799 0.03988696 0.07615503
v -0.02285577 0.03914141 0.06656597
v -0.02534219 0.03713549 0.07784592
v -0.01627814 0.04199913 0.07486166
v -0.01619657 0.04229019 0.06656601
v -0.02082799 0.03988696 0.07615503
v -0.02082799 0.03988696 0.07615503
v -0.01619657 0.04229019 0.06656601
v -0.02285577 0.03914141 0.06656597
v -0.01250129 0.04330096 0.07441638
v -0.01133675 0.04382304 0.06656600
v -0.01619657 0.04229019 0.06656601
v -0.00630216 0.04470130 0.07325803
v -0.01133675 0.04382304 0.06656600
v -0.01000238 0.04398580 0.07415316
v -0.01000238 0.04398580 0.07415316
v -0.01133675 0.04382304 0.06656600
v -0.01250129 0.04330096 0.07441638
v -0.00644318 0.04475210 0.06656604
v -0.00258564 0.04509352 0.07327531
v -0.00644318 0.04475210 0.06656604
v -0.00630216 0.04470130 0.07325803
v -0.00003526 0.04516483 0.07314815
v -0.00030724 0.04517485 0.06656605
v -0.00258564 0.04509352 0.07327531
v -0.00258564 0.04509352 0.07327531
v -0.00030724 0.04517485 0.06656605
v -0.00644318 0.04475210 0.06656604
v 0.00251284 0.04509036 0.07320403
v -0.00030724 0.04517485 0.06656605
v -0.00003526 0.04516483 0.07314815
v 0.00505138 0.04485749 0.07329346
v 0.00592269 0.04481706 0.06656604
v 0.00251284 0.04509036 0.07320403
v 0.00251284 0.04509036 0.07320403
v 0.00592269 0.04481706 0.06656604
v -0.00030724 0.04517485 0.06656605
v 0.00872015 0.04427154 0.07358705
v 0.00592269 0.04481706 0.06656604
v 0.00505138 0.04485749 0.07329346
v 0.00872015 0.04427154 0.07358705
v 0.01213974 0.04363368 0.06656598
v 0.00592269 0.04481706 0.06656604
v 0.01253510 0.04330340 0.07460034
v 0.01213974 0.04363368 0.06656598
v 0.00872015 0.04427154 0.07358705
v 0.01614951 0.04205481 0.07492494
v 0.01213974 0.04363368 0.06656598
v 0.01253510 0.04330340 0.07460034
v 0.01614951 0.04205481 0.07492494
v 0.01799810 0.04155745 0.06656602
v 0.01213974 0.04363368 0.06656598
v 0.01975889 0.04041793 0.07591980
v 0.01799810 0.04155745 0.06656602
v 0.01614951 0.04205481 0.07492494
v 0.02313661 0.03856519 0.07701271
v 0.02324207 0.03886316 0.06656604
v 0.01975889 0.04041793 0.07591980
v 0.01975889 0.04041793 0.07591980
v 0.02324207 0.03886316 0.06656604
v 0.01799810 0.04155745 0.06656602
v 0.02664286 0.03654549 0.06656630
v 0.02324207 0.03886316 0.06656604
v 0.02313661 0.03856519 0.07701271
v 0.04499150 0.00014222 0.11128335
v 0.04500368 0.00005175 0.06656652
v 0.04482800 0.00414064 0.06656788
v 0.04495206 -0.00174510 0.11676409
v 0.04499150 0.00014222 0.11128335
v 0.04499973 0.00667577 0.11918505
v 0.04274041 0.01854884 0.10437754
v 0.04081268 0.02453792 0.10041979
v 0.04280002 0.02149832 0.10552713
v -0.04499087 0.00019275 0.11190274
v -0.04480555 0.00440367 0.10605452
v -0.04477859 0.00469763 0.06656727
v -0.04477859 0.00469763 0.06656727
v -0.04501787 0.00019135 0.06656814
v -0.04499087 0.00019275 0.11190274
v 0.00253469 0.04576167 0.07423636
v 0.00000447 0.04582957 0.07415915
v 0.00092273 0.04667936 0.07445783
v 0.00856368 0.04578806 0.07527700
v 0.00506250 0.04547815 0.07441530
v 0.00456983 0.04644416 0.07468930
v 0.00506250 0.04547815 0.07441530
v 0.00253469 0.04576167 0.07423636
v 0.00456983 0.04644416 0.07468930
v 0.00456983 0.04644416 0.07468930
v 0.00253469 0.04576167 0.07423636
v 0.00092273 0.04667936 0.07445783
v 0.02751290 0.03557414 0.08060962
v 0.03007966 0.03352112 0.08317331
v 0.03221366 0.03127866 0.08159516
v 0.02308902 0.03873522 0.07888418
v 0.02751290 0.03557414 0.08060962
v 0.02313661 0.03856519 0.07701271
v 0.02308902 0.03873522 0.07888418
v 0.02313661 0.03856519 0.07701271
v 0.01860876 0.04111173 0.07679353
v 0.01860876 0.04111173 0.07679353
v 0.02313661 0.03856519 0.07701271
v 0.01975889 0.04041793 0.07591980
v 0.01860876 0.04111173 0.07679353
v 0.01975889 0.04041793 0.07591980
v 0.01614951 0.04205481 0.07492494
v 0.01860876 0.04111173 0.07679353
v 0.01614951 0.04205481 0.07492494
v 0.01495733 0.04264275 0.07572249
v 0.01495733 0.04264275 0.07572249
v 0.01614951 0.04205481 0.07492494
v 0.01253510 0.04330340 0.07460034
v 0.02664286 0.03654549 0.06656630
v 0.02313661 0.03856519 0.07701271
v 0.02751290 0.03557414 0.08060962
v 0.02664286 0.03654549 0.06656630
v 0.02751290 0.03557414 0.08060962
v 0.02918583 0.03454798 0.06656640
v 0.02918583 0.03454798 0.06656640
v 0.02751290 0.03557414 0.08060962
v 0.03221366 0.03127866 0.08159516
v 0.03836241 0.02809325 0.09587926
v 0.03548642 0.02939375 0.09060489
v 0.03528989 0.03168544 0.09150879
v 0.03528989 0.03168544 0.09150879
v 0.03548642 0.02939375 0.09060489
v 0.03210889 0.03294430 0.08699067
v 0.03232432 0.03445754 0.08814802
v 0.03232432 0.03445754 0.08814802
v 0.03210889 0.03294430 0.08699067
v 0.03023159 0.03461360 0.08529102
v 0.03232432 0.03445754 0.08814802
v 0.03023159 0.03461360 0.08529102
v 0.02951178 0.03665441 0.08547127
v 0.02951178 0.03665441 0.08547127
v 0.03023159 0.03461360 0.08529102
v 0.02829698 0.03615291 0.08372151
v 0.02951178 0.03665441 0.08547127
v 0.02829698 0.03615291 0.08372151
v 0.02627298 0.03759375 0.08225210
v 0.02516214 0.03948297 0.08214272
v 0.02516214 0.03948297 0.08214272
v 0.02627298 0.03759375 0.08225210
v 0.02308761 0.03957724 0.08023061
v 0.02516214 0.03948297 0.08214272
v 0.02308761 0.03957724 0.08023061
v 0.02090548 0.04166287 0.07960330
v 0.04274041 0.01854884 0.10437754
v 0.04280002 0.02149832 0.10552713
v 0.04406184 0.01735750 0.11028986
v 0.03007966 0.03352112 0.08317331
v 0.03207408 0.03158730 0.08466099
v 0.03221366 0.03127866 0.08159516
v 0.03221366 0.03127866 0.08159516
v 0.03207408 0.03158730 0.08466099
v 0.03542928 0.02769089 0.08750288
v 0.03787996 0.02455993 0.06656626
v 0.03544649 0.02798621 0.06656624
v 0.03838632 0.02334675 0.09009406
v 0.03838632 0.02334675 0.09009406
v 0.04063673 0.01959426 0.06656701
v 0.03787996 0.02455993 0.06656626
v 0.04403381 0.00937308 0.10128299
v 0.04480040 0.00460475 0.10742661
v 0.04415480 0.00898486 0.06656672
v 0.04403381 0.00937308 0.10128299
v 0.04415480 0.00898486 0.06656672
v 0.04267720 0.01433637 0.09855528
v 0.04079634 0.01896085 0.09385378
v 0.04267720 0.01433637 0.09855528
v 0.04063673 0.01959426 0.06656701
v 0.04079634 0.01896085 0.09385378
v 0.03542928 0.02769089 0.08750288
v 0.03838632 0.02334675 0.09009406
v 0.03544649 0.02798621 0.06656624
v 0.03542928 0.02769089 0.08750288
v 0.03544649 0.02798621 0.06656624
v 0.03221366 0.03127866 0.08159516
v 0.04480040 0.00460475 0.10742661
v 0.04480040 0.00460475 0.10742661
v 0.04482800 0.00414064 0.06656788
v 0.04415480 0.00898486 0.06656672
v 0.04267720 0.01433637 0.09855528
v 0.04415480 0.00898486 0.06656672
v 0.04274055 0.01430948 0.06656673
v 0.04267720 0.01433637 0.09855528
v 0.04274055 0.01430948 0.06656673
v 0.04063673 0.01959426 0.06656701
v 0.03544649 0.02798621 0.06656624
v 0.03281006 0.03108782 0.06656620
v 0.03221366 0.03127866 0.08159516
v -0.04478779 0.00939243 0.11329853
v -0.04499932 0.00695441 0.11924035
v -0.04479975 0.01392785 0.11506500
v -0.04478779 0.00939243 0.11329853
v -0.04479975 0.01392785 0.11506500
v -0.04406991 0.01735516 0.11028047
v -0.04499087 0.00019275 0.11190274
v -0.04491178 0.00019066 0.11656788
v -0.04499932 0.00695441 0.11924035
v -0.04403437 0.01164087 0.10652272
v -0.04478779 0.00939243 0.11329853
v -0.04406991 0.01735516 0.11028047
v -0.04403437 0.01164087 0.10652272
v -0.04406991 0.01735516 0.11028047
v -0.04257269 0.02161031 0.10483344
v -0.04499087 0.00019275 0.11190274
v -0.04499932 0.00695441 0.11924035
v -0.04478779 0.00939243 0.11329853
v -0.04269894 0.01620709 0.10209187
v -0.04269894 0.01620709 0.10209187
v -0.04257269 0.02161031 0.10483344
v -0.04060120 0.02491557 0.09996226
v -0.04060120 0.02491557 0.09996226
v -0.03802776 0.02860005 0.09533937
v -0.04081130 0.02063104 0.09782970
v -0.04060120 0.02491557 0.09996226
v -0.04081130 0.02063104 0.09782970
v -0.04269894 0.01620709 0.10209187
v -0.04478779 0.00939243 0.11329853
v -0.04403437 0.01164087 0.10652272
v -0.04480555 0.00440367 0.10605452
v -0.04478779 0.00939243 0.11329853
v -0.04480555 0.00440367 0.10605452
v -0.04499087 0.00019275 0.11190274
v -0.03839649 0.02484856 0.09377781
v -0.04081130 0.02063104 0.09782970
v -0.03802776 0.02860005 0.09533937
v -0.03839649 0.02484856 0.09377781
v -0.03802776 0.02860005 0.09533937
v -0.03527924 0.03161936 0.09149718
v -0.04404488 0.00931542 0.10135279
v -0.04480555 0.00440367 0.10605452
v -0.04403437 0.01164087 0.10652272
v -0.04404488 0.00931542 0.10135279
v -0.04403437 0.01164087 0.10652272
v -0.04269894 0.01620709 0.10209187
v -0.03548682 0.02880383 0.08998260
v -0.03839649 0.02484856 0.09377781
v -0.03527924 0.03161936 0.09149718
v -0.03548682 0.02880383 0.08998260
v -0.03527924 0.03161936 0.09149718
v -0.03213095 0.03315465 0.08716935
v -0.03213095 0.03315465 0.08716935
v -0.03527924 0.03161936 0.09149718
v -0.03166112 0.03502193 0.08745027
v -0.03213095 0.03315465 0.08716935
v -0.03166112 0.03502193 0.08745027
v -0.03023172 0.03461360 0.08529101
v -0.03023172 0.03461360 0.08529101
v -0.03166112 0.03502193 0.08745027
v -0.02829711 0.03615291 0.08372150
v -0.02829711 0.03615291 0.08372150
v -0.03166112 0.03502193 0.08745027
v -0.02883989 0.03712679 0.08491886
v -0.02829711 0.03615291 0.08372150
v -0.02883989 0.03712679 0.08491886
v -0.02627312 0.03759374 0.08225211
v -0.04272136 0.01416290 0.09758468
v -0.04272136 0.01416290 0.09758468
v -0.04269894 0.01620709 0.10209187
v -0.04081130 0.02063104 0.09782970
v -0.00508417 0.04612201 0.07471450
v -0.00302732 0.04656077 0.07456433
v -0.00253100 0.04582258 0.07426914
v 0.00506250 0.04547815 0.07441530
v 0.00856368 0.04578806 0.07527700
v 0.00756087 0.04491130 0.07454618
v 0.00756087 0.04491130 0.07454618
v 0.00856368 0.04578806 0.07527700
v 0.01183685 0.04498655 0.07600572
v 0.00756087 0.04491130 0.07454618
v 0.01183685 0.04498655 0.07600572
v 0.01003462 0.04440691 0.07502757
v 0.01003462 0.04440691 0.07502757
v 0.01183685 0.04498655 0.07600572
v 0.01254954 0.04392326 0.07580324
v 0.01254954 0.04392326 0.07580324
v 0.01183685 0.04498655 0.07600572
v 0.01659500 0.04345735 0.07761822
v 0.01254954 0.04392326 0.07580324
v 0.01659500 0.04345735 0.07761822
v 0.01501191 0.04325077 0.07665142
v -0.00756102 0.04491130 0.07454618
v -0.00880446 0.04565356 0.07529959
v -0.00508417 0.04612201 0.07471450
v -0.00756102 0.04491130 0.07454618
v -0.00508417 0.04612201 0.07471450
v -0.00501291 0.04518429 0.07407528
v -0.00501291 0.04518429 0.07407528
v -0.00508417 0.04612201 0.07471450
v -0.00253100 0.04582258 0.07426914
v -0.00302732 0.04656077 0.07456433
v 0.00092273 0.04667936 0.07445783
v -0.00253100 0.04582258 0.07426914
v -0.00253100 0.04582258 0.07426914
v 0.00092273 0.04667936 0.07445783
v 0.00000447 0.04582957 0.07415915
v -0.02309448 0.03873403 0.07889231
v -0.02082799 0.03988696 0.07615503
v -0.02534219 0.03713549 0.07784592
v -0.02309448 0.03873403 0.07889231
v -0.02534219 0.03713549 0.07784592
v -0.02627444 0.03658599 0.08061673
v -0.02627444 0.03658599 0.08061673
v -0.02534219 0.03713549 0.07784592
v -0.02835868 0.03491977 0.08175907
v -0.03017724 0.03341214 0.08319801
v -0.02835868 0.03491977 0.08175907
v -0.03235664 0.03113870 0.08132753
v -0.03017724 0.03341214 0.08319801
v -0.03235664 0.03113870 0.08132753
v -0.03209986 0.03161213 0.08496092
v -0.01259580 0.04450233 0.07619279
v -0.00880446 0.04565356 0.07529959
v -0.01012397 0.04455025 0.07516073
v -0.01012397 0.04455025 0.07516073
v -0.00880446 0.04565356 0.07529959
v -0.00756102 0.04491130 0.07454618
v 0.04403415 0.01148868 0.10633332
v 0.04480338 0.01300697 0.11506441
v 0.04480040 0.00460475 0.10742661
v 0.04480040 0.00460475 0.10742661
v 0.04480338 0.01300697 0.11506441
v 0.04499973 0.00667577 0.11918505
v 0.04499150 0.00014222 0.11128335
v 0.03839557 0.02481138 0.09372921
v 0.03542928 0.02769089 0.08750288
v 0.03548642 0.02939375 0.09060489
v 0.03548642 0.02939375 0.09060489
v 0.03542928 0.02769089 0.08750288
v 0.03207408 0.03158730 0.08466099
v 0.03548642 0.02939375 0.09060489
v 0.03207408 0.03158730 0.08466099
v 0.03210889 0.03294430 0.08699067
v 0.03210889 0.03294430 0.08699067
v 0.03207408 0.03158730 0.08466099
v 0.03007966 0.03352112 0.08317331
v 0.03210889 0.03294430 0.08699067
v 0.03007966 0.03352112 0.08317331
v 0.03023159 0.03461360 0.08529102
v 0.03023159 0.03461360 0.08529102
v 0.03007966 0.03352112 0.08317331
v 0.02735287 0.03597845 0.08167405
v 0.03023159 0.03461360 0.08529102
v 0.02735287 0.03597845 0.08167405
v 0.02829698 0.03615291 0.08372151
v 0.02829698 0.03615291 0.08372151
v 0.02735287 0.03597845 0.08167405
v 0.02627298 0.03759375 0.08225210
v 0.02627298 0.03759375 0.08225210
v 0.02735287 0.03597845 0.08167405
v 0.02308902 0.03873522 0.07888418
v 0.02627298 0.03759375 0.08225210
v 0.02308902 0.03873522 0.07888418
v 0.02308761 0.03957724 0.08023061
v 0.02308761 0.03957724 0.08023061
v 0.02308902 0.03873522 0.07888418
v 0.01855789 0.04160406 0.07771427
v 0.01855789 0.04160406 0.07771427
v 0.01495733 0.04264275 0.07572249
v 0.01501191 0.04325077 0.07665142
v 0.01501191 0.04325077 0.07665142
v 0.01495733 0.04264275 0.07572249
v 0.01254954 0.04392326 0.07580324
v 0.00000447 0.04582957 0.07415915
v -0.00258564 0.04509352 0.07327531
v -0.00253100 0.04582258 0.07426914
v -0.00253100 0.04582258 0.07426914
v -0.00258564 0.04509352 0.07327531
v -0.00501291 0.04518429 0.07407528
v -0.01259580 0.04450233 0.07619279
v -0.01377748 0.04342174 0.07598342
v -0.01625608 0.04353142 0.07745364
v 0.04081064 0.02057397 0.09775668
v 0.04274041 0.01854884 0.10437754
v 0.04267720 0.01433637 0.09855528
v 0.04267720 0.01433637 0.09855528
v 0.04274041 0.01854884 0.10437754
v 0.04403415 0.01148868 0.10633332
v -0.01502245 0.04262346 0.07575316
v -0.01250129 0.04330096 0.07441638
v -0.01627814 0.04199913 0.07486166
v -0.01502245 0.04262346 0.07575316
v -0.01627814 0.04199913 0.07486166
v -0.01857709 0.04112951 0.07679023
v -0.01857709 0.04112951 0.07679023
v -0.01627814 0.04199913 0.07486166
v -0.02082799 0.03988696 0.07615503
v -0.02088166 0.04165265 0.07958022
v -0.01625608 0.04353142 0.07745364
v -0.01855802 0.04160405 0.07771427
v -0.01855802 0.04160405 0.07771427
v -0.01625608 0.04353142 0.07745364
v -0.01377748 0.04342174 0.07598342
v -0.01377748 0.04342174 0.07598342
v -0.01012397 0.04455025 0.07516073
v -0.01000238 0.04398580 0.07415316
v -0.01000238 0.04398580 0.07415316
v -0.01012397 0.04455025 0.07516073
v -0.00756102 0.04491130 0.07454618
v 0.00251284 0.04509036 0.07320403
v 0.00506250 0.04547815 0.07441530
v 0.00505138 0.04485749 0.07329346
v 0.00505138 0.04485749 0.07329346
v 0.00506250 0.04547815 0.07441530
v 0.00756087 0.04491130 0.07454618
v 0.02308902 0.03873522 0.07888418
v 0.02735287 0.03597845 0.08167405
v 0.02751290 0.03557414 0.08060962
v 0.02751290 0.03557414 0.08060962
v 0.02735287 0.03597845 0.08167405
v 0.03007966 0.03352112 0.08317331
v -0.01855802 0.04160405 0.07771427
v -0.01377748 0.04342174 0.07598342
v -0.01502245 0.04262346 0.07575316
v -0.01000238 0.04398580 0.07415316
v -0.00756102 0.04491130 0.07454618
v -0.00630216 0.04470130 0.07325803
v -0.00630216 0.04470130 0.07325803
v -0.00756102 0.04491130 0.07454618
v -0.00501291 0.04518429 0.07407528
v -0.00258564 0.04509352 0.07327531
v -0.00630216 0.04470130 0.07325803
v -0.00501291 0.04518429 0.07407528
v -0.02544825 0.03932647 0.08234065
v -0.02088166 0.04165265 0.07958022
v -0.02308774 0.03957722 0.08023061
v -0.02308774 0.03957722 0.08023061
v -0.02088166 0.04165265 0.07958022
v -0.01855802 0.04160405 0.07771427
v 0.00505138 0.04485749 0.07329346
v 0.00756087 0.04491130 0.07454618
v 0.00872015 0.04427154 0.07358705
v 0.00872015 0.04427154 0.07358705
v 0.00756087 0.04491130 0.07454618
v 0.01003462 0.04440691 0.07502757
v 0.00872015 0.04427154 0.07358705
v 0.01003462 0.04440691 0.07502757
v 0.01253510 0.04330340 0.07460034
v -0.01377748 0.04342174 0.07598342
v -0.01259580 0.04450233 0.07619279
v -0.01012397 0.04455025 0.07516073
v -0.00258564 0.04509352 0.07327531
v 0.00000447 0.04582957 0.07415915
v -0.00003526 0.04516483 0.07314815
v -0.00003526 0.04516483 0.07314815
v 0.00000447 0.04582957 0.07415915
v 0.00253469 0.04576167 0.07423636
v -0.00003526 0.04516483 0.07314815
v 0.00253469 0.04576167 0.07423636
v 0.00251284 0.04509036 0.07320403
v 0.00251284 0.04509036 0.07320403
v 0.00253469 0.04576167 0.07423636
v 0.00506250 0.04547815 0.07441530
v 0.01003462 0.04440691 0.07502757
v 0.01254954 0.04392326 0.07580324
v 0.01253510 0.04330340 0.07460034
v 0.01253510 0.04330340 0.07460034
v 0.01254954 0.04392326 0.07580324
v 0.01495733 0.04264275 0.07572249
v 0.01495733 0.04264275 0.07572249
v 0.01855789 0.04160406 0.07771427
v 0.01860876 0.04111173 0.07679353
v 0.01860876 0.04111173 0.07679353
v 0.01855789 0.04160406 0.07771427
v 0.02308902 0.03873522 0.07888418
v 0.03542928 0.02769089 0.08750288
v 0.03839557 0.02481138 0.09372921
v 0.03838632 0.02334675 0.09009406
v 0.03838632 0.02334675 0.09009406
v 0.03839557 0.02481138 0.09372921
v 0.04081064 0.02057397 0.09775668
v 0.03838632 0.02334675 0.09009406
v 0.04081064 0.02057397 0.09775668
v 0.04079634 0.01896085 0.09385378
v 0.04079634 0.01896085 0.09385378
v 0.04081064 0.02057397 0.09775668
v 0.04267720 0.01433637 0.09855528
v 0.04267720 0.01433637 0.09855528
v 0.04403415 0.01148868 0.10633332
v 0.04403381 0.00937308 0.10128299
v 0.04403381 0.00937308 0.10128299
v 0.04403415 0.01148868 0.10633332
v 0.04480040 0.00460475 0.10742661
v 0.01501191 0.04325077 0.07665142
v 0.01659500 0.04345735 0.07761822
v 0.01855789 0.04160406 0.07771427
v 0.01855789 0.04160406 0.07771427
v 0.01659500 0.04345735 0.07761822
v 0.02090548 0.04166287 0.07960330
v 0.01855789 0.04160406 0.07771427
v 0.02090548 0.04166287 0.07960330
v 0.02308761 0.03957724 0.08023061
v 0.03548642 0.02939375 0.09060489
v 0.03836241 0.02809325 0.09587926
v 0.03839557 0.02481138 0.09372921
v 0.03839557 0.02481138 0.09372921
v 0.03836241 0.02809325 0.09587926
v 0.04081268 0.02453792 0.10041979
v 0.04081064 0.02057397 0.09775668
v 0.04081064 0.02057397 0.09775668
v 0.04081268 0.02453792 0.10041979
v 0.04274041 0.01854884 0.10437754
v 0.04274041 0.01854884 0.10437754
v 0.04406184 0.01735750 0.11028986
v 0.04403415 0.01148868 0.10633332
v 0.04403415 0.01148868 0.10633332
v 0.04406184 0.01735750 0.11028986
v 0.04480338 0.01300697 0.11506441
v -0.03213095 0.03315465 0.08716935
v -0.03023172 0.03461360 0.08529101
v -0.03209986 0.03161213 0.08496092
v -0.03213095 0.03315465 0.08716935
v -0.03209986 0.03161213 0.08496092
v -0.03548682 0.02880383 0.08998260
v -0.03839649 0.02484856 0.09377781
v -0.03548682 0.02880383 0.08998260
v -0.03844638 0.02331531 0.09047582
v -0.03839649 0.02484856 0.09377781
v -0.03844638 0.02331531 0.09047582
v -0.04084764 0.01884892 0.09394541
v -0.04404488 0.00931542 0.10135279
v -0.04272136 0.01416290 0.09758468
v -0.04260271 0.01471518 0.06656653
v -0.04404488 0.00931542 0.10135279
v -0.04260271 0.01471518 0.06656653
v -0.04399937 0.00965996 0.06656849
v -0.03818527 0.02405610 0.06656697
v -0.04052319 0.01983069 0.06656662
v -0.04084764 0.01884892 0.09394541
v -0.03818527 0.02405610 0.06656697
v -0.04084764 0.01884892 0.09394541
v -0.03844638 0.02331531 0.09047582
v -0.01857709 0.04112951 0.07679023
v -0.02309448 0.03873403 0.07889231
v -0.01855802 0.04160405 0.07771427
v -0.01857709 0.04112951 0.07679023
v -0.01855802 0.04160405 0.07771427
v -0.01502245 0.04262346 0.07575316
v -0.04052319 0.01983069 0.06656662
v -0.04260271 0.01471518 0.06656653
v -0.04272136 0.01416290 0.09758468
v -0.04052319 0.01983069 0.06656662
v -0.04272136 0.01416290 0.09758468
v -0.04084764 0.01884892 0.09394541
v -0.03563622 0.02732997 0.08702038
v -0.03844638 0.02331531 0.09047582
v -0.03548682 0.02880383 0.08998260
v -0.03563622 0.02732997 0.08702038
v -0.03548682 0.02880383 0.08998260
v -0.03209986 0.03161213 0.08496092
v -0.03017724 0.03341214 0.08319801
v -0.03209986 0.03161213 0.08496092
v -0.03023172 0.03461360 0.08529101
v -0.03017724 0.03341214 0.08319801
v -0.03023172 0.03461360 0.08529101
v -0.02835868 0.03491977 0.08175907
v -0.02835868 0.03491977 0.08175907
v -0.03023172 0.03461360 0.08529101
v -0.02829711 0.03615291 0.08372150
v -0.02835868 0.03491977 0.08175907
v -0.02829711 0.03615291 0.08372150
v -0.02627444 0.03658599 0.08061673
v -0.02627444 0.03658599 0.08061673
v -0.02829711 0.03615291 0.08372150
v -0.02627312 0.03759374 0.08225211
v -0.02627444 0.03658599 0.08061673
v -0.02627312 0.03759374 0.08225211
v -0.02309448 0.03873403 0.07889231
v -0.02309448 0.03873403 0.07889231
v -0.02627312 0.03759374 0.08225211
v -0.02308774 0.03957722 0.08023061
v -0.02309448 0.03873403 0.07889231
v -0.02308774 0.03957722 0.08023061
v -0.01855802 0.04160405 0.07771427
v -0.04399937 0.00965996 0.06656849
v -0.04477859 0.00469763 0.06656727
v -0.04480555 0.00440367 0.10605452
v -0.04399937 0.00965996 0.06656849
v -0.04480555 0.00440367 0.10605452
v -0.04404488 0.00931542 0.10135279
v -0.04084764 0.01884892 0.09394541
v -0.04081130 0.02063104 0.09782970
v -0.02886906 0.03481889 0.06656640
v -0.03235664 0.03113870 0.08132753
v -0.02835868 0.03491977 0.08175907
v -0.02886906 0.03481889 0.06656640
v -0.02835868 0.03491977 0.08175907
v -0.02534219 0.03713549 0.07784592
v -0.02082799 0.03988696 0.07615503
v -0.02309448 0.03873403 0.07889231
v -0.01857709 0.04112951 0.07679023
v -0.03284225 0.03105379 0.06656614
v -0.03563622 0.02732997 0.08702038
v -0.03235664 0.03113870 0.08132753
v -0.03235664 0.03113870 0.08132753
v -0.03563622 0.02732997 0.08702038
v -0.03209986 0.03161213 0.08496092
v -0.03631888 0.02684195 0.06656611
v -0.03818527 0.02405610 0.06656697
v -0.03563622 0.02732997 0.08702038
v -0.03563622 0.02732997 0.08702038
v -0.03818527 0.02405610 0.06656697
v -0.03844638 0.02331531 0.09047582
v -0.02883989 0.03712679 0.08491886
v -0.02544825 0.03932647 0.08234065
v -0.02627312 0.03759374 0.08225211
v -0.02627312 0.03759374 0.08225211
v -0.02544825 0.03932647 0.08234065
v -0.02308774 0.03957722 0.08023061
v -0.01502245 0.04262346 0.07575316
v -0.01377748 0.04342174 0.07598342
v -0.01250129 0.04330096 0.07441638
v -0.01250129 0.04330096 0.07441638
v -0.01377748 0.04342174 0.07598342
v -0.01000238 0.04398580 0.07415316
v 0.03221366 0.03127866 0.08159516
v 0.03281006 0.03108782 0.06656620
v 0.02918583 0.03454798 0.06656640
v -0.01627814 0.04199913 0.07486166
v -0.01250129 0.04330096 0.07441638
v -0.01619657 0.04229019 0.06656601
v -0.03284225 0.03105379 0.06656614
v -0.04480190 -0.00408387 0.10574693
v -0.04499087 0.00019275 0.11190274
v -0.04501787 0.00019135 0.06656814
v -0.04478223 -0.00442178 0.06656691
v -0.04498823 -0.01167299 0.11828196
v -0.04498647 -0.00483198 0.11833796
v -0.04478778 -0.00810560 0.11238904
v -0.01828260 -0.04256768 0.07833948
v -0.01365831 -0.04359560 0.07631260
v -0.01297095 -0.04441785 0.07635391
v -0.00739515 -0.04500612 0.07482635
v -0.00856602 -0.04558039 0.07528952
v -0.00998947 -0.04450757 0.07534209
v -0.00998947 -0.04450757 0.07534209
v -0.00856602 -0.04558039 0.07528952
v -0.01297095 -0.04441785 0.07635391
v 0.04480653 -0.01350810 0.11511401
v 0.04435905 -0.01714483 0.11191915
v 0.04399010 -0.01735187 0.10996187
v 0.04479205 -0.00829432 0.11258634
v 0.04495206 -0.00174510 0.11676409
v 0.04498484 -0.01136346 0.11839626
v 0.04480681 -0.00413391 0.10618932
v 0.04499150 0.00014222 0.11128335
v 0.04495206 -0.00174510 0.11676409
v 0.04499150 0.00014222 0.11128335
v 0.04480681 -0.00413391 0.10618932
v 0.04500368 0.00005175 0.06656652
v 0.02863304 -0.03472892 0.06656630
v 0.02801308 -0.03484863 0.08110879
v 0.02212879 -0.03926170 0.06656604
v 0.02212879 -0.03926170 0.06656604
v 0.02801308 -0.03484863 0.08110879
v 0.02319069 -0.03823673 0.07702844
v 0.02212879 -0.03926170 0.06656604
v 0.02319069 -0.03823673 0.07702844
v 0.01862598 -0.04069076 0.07555424
v 0.02212879 -0.03926170 0.06656604
v 0.01862598 -0.04069076 0.07555424
v 0.01552339 -0.04224452 0.06656602
v 0.01552339 -0.04224452 0.06656602
v 0.01862598 -0.04069076 0.07555424
v 0.01347655 -0.04272596 0.07481876
v 0.01552339 -0.04224452 0.06656602
v 0.01347655 -0.04272596 0.07481876
v 0.01070337 -0.04367141 0.06656601
v 0.01070337 -0.04367141 0.06656601
v 0.01347655 -0.04272596 0.07481876
v 0.00859863 -0.04400236 0.07366824
v 0.01070337 -0.04367141 0.06656601
v 0.00859863 -0.04400236 0.07366824
v 0.00592286 -0.04452140 0.06656605
v 0.00592286 -0.04452140 0.06656605
v 0.00859863 -0.04400236 0.07366824
v 0.00511491 -0.04456882 0.07345723
v 0.00592286 -0.04452140 0.06656605
v 0.00511491 -0.04456882 0.07345723
v 0.00258961 -0.04479769 0.07327561
v 0.00592286 -0.04452140 0.06656605
v 0.00258961 -0.04479769 0.07327561
v -0.00030732 -0.04487922 0.06656605
v -0.00030732 -0.04487922 0.06656605
v 0.00258961 -0.04479769 0.07327561
v 0.00003729 -0.04486920 0.07314818
v -0.00030732 -0.04487922 0.06656605
v 0.00003729 -0.04486920 0.07314818
v -0.00251120 -0.04479483 0.07320393
v -0.00030732 -0.04487922 0.06656605
v -0.00251120 -0.04479483 0.07320393
v -0.00656537 -0.04444297 0.06656605
v -0.00656537 -0.04444297 0.06656605
v -0.00251120 -0.04479483 0.07320393
v -0.00505545 -0.04458345 0.07351501
v -0.00656537 -0.04444297 0.06656605
v -0.00505545 -0.04458345 0.07351501
v -0.00761342 -0.04419428 0.07376053
v -0.00656537 -0.04444297 0.06656605
v -0.00761342 -0.04419428 0.07376053
v -0.01115620 -0.04340177 0.07384135
v -0.00656537 -0.04444297 0.06656605
v -0.01115620 -0.04340177 0.07384135
v -0.01137551 -0.04351601 0.06656604
v -0.01137551 -0.04351601 0.06656604
v -0.01115620 -0.04340177 0.07384135
v -0.01730661 -0.04160202 0.06656599
v -0.01730661 -0.04160202 0.06656599
v -0.01626846 -0.04170599 0.07485491
v -0.01969967 -0.04014883 0.07583520
v -0.01730661 -0.04160202 0.06656599
v -0.01969967 -0.04014883 0.07583520
v -0.02306543 -0.03831582 0.07700886
v -0.01730661 -0.04160202 0.06656599
v -0.02306543 -0.03831582 0.07700886
v -0.02371970 -0.03826334 0.06656604
v -0.02371970 -0.03826334 0.06656604
v -0.02306543 -0.03831582 0.07700886
v -0.02757736 -0.03520024 0.07863840
v -0.02371970 -0.03826334 0.06656604
v -0.02757736 -0.03520024 0.07863840
v -0.02880145 -0.03460973 0.06656612
v 0.00504970 -0.04583518 0.07471577
v 0.00756161 -0.04472889 0.07466408
v 0.00879290 -0.04541350 0.07531129
v 0.01251534 -0.04436109 0.07620908
v 0.01502082 -0.04306176 0.07672670
v 0.01624492 -0.04331375 0.07746893
v 0.03237514 -0.03082604 0.08131328
v 0.03148971 -0.03186961 0.08386983
v 0.02801308 -0.03484863 0.08110879
v 0.02801308 -0.03484863 0.08110879
v 0.02524555 -0.03701008 0.07980883
v 0.02319069 -0.03823673 0.07702844
v 0.02319069 -0.03823673 0.07702844
v 0.02524555 -0.03701008 0.07980883
v 0.02209075 -0.03901730 0.07843741
v 0.02319069 -0.03823673 0.07702844
v 0.02209075 -0.03901730 0.07843741
v 0.01862598 -0.04069076 0.07555424
v 0.01855135 -0.04087966 0.07693332
v 0.01862598 -0.04069076 0.07555424
v 0.01855135 -0.04087966 0.07693332
v 0.01347655 -0.04272596 0.07481876
v 0.01347655 -0.04272596 0.07481876
v 0.01855135 -0.04087966 0.07693332
v 0.01509519 -0.04233892 0.07589767
v 0.00859863 -0.04400236 0.07366824
v 0.01347655 -0.04272596 0.07481876
v 0.01010024 -0.04398363 0.07489402
v 0.02863304 -0.03472892 0.06656630
v 0.03237514 -0.03082604 0.08131328
v 0.02801308 -0.03484863 0.08110879
v 0.04090662 -0.01835572 0.09370501
v 0.03782170 -0.02435580 0.06656666
v 0.03942306 -0.02167486 0.06656604
v 0.04481890 -0.00402710 0.06656765
v 0.04500368 0.00005175 0.06656652
v 0.04480681 -0.00413391 0.10618932
v 0.04481890 -0.00402710 0.06656765
v 0.04480681 -0.00413391 0.10618932
v 0.04404191 -0.00902857 0.10133068
v 0.03553857 -0.02720011 0.08675055
v 0.03517727 -0.02803712 0.06656663
v 0.03844563 -0.02302141 0.09047775
v 0.03844563 -0.02302141 0.09047775
v 0.03517727 -0.02803712 0.06656663
v 0.03782170 -0.02435580 0.06656666
v 0.03844563 -0.02302141 0.09047775
v 0.03782170 -0.02435580 0.06656666
v 0.04090662 -0.01835572 0.09370501
v 0.04272113 -0.01386761 0.09758466
v 0.04090662 -0.01835572 0.09370501
v 0.04268727 -0.01415582 0.06656659
v 0.04272113 -0.01386761 0.09758466
v 0.04268727 -0.01415582 0.06656659
v 0.04404191 -0.00902857 0.10133068
v 0.04403356 -0.00920673 0.06656804
v 0.04403356 -0.00920673 0.06656804
v 0.04090662 -0.01835572 0.09370501
v 0.03942306 -0.02167486 0.06656604
v 0.04107370 -0.01830245 0.06656752
v 0.04090662 -0.01835572 0.09370501
v 0.04107370 -0.01830245 0.06656752
v 0.04268727 -0.01415582 0.06656659
v 0.03278766 -0.03081859 0.06656618
v 0.03517727 -0.02803712 0.06656663
v 0.03237514 -0.03082604 0.08131328
v 0.03237514 -0.03082604 0.08131328
v 0.03517727 -0.02803712 0.06656663
v 0.03553857 -0.02720011 0.08675055
v 0.03237514 -0.03082604 0.08131328
v 0.03553857 -0.02720011 0.08675055
v 0.03148971 -0.03186961 0.08386983
v -0.04283787 -0.02111247 0.10564243
v -0.04426483 -0.01661486 0.11123465
v -0.04274053 -0.01825323 0.10437754
v 0.00504970 -0.04583518 0.07471577
v 0.00183365 -0.04632032 0.07448137
v 0.00252926 -0.04552763 0.07426967
v 0.00252926 -0.04552763 0.07426967
v 0.00183365 -0.04632032 0.07448137
v -0.00000790 -0.04558847 0.07420929
v -0.00000790 -0.04558847 0.07420929
v -0.00369426 -0.04620191 0.07459101
v -0.00253381 -0.04546656 0.07423688
v -0.00253381 -0.04546656 0.07423688
v -0.00369426 -0.04620191 0.07459101
v -0.00506243 -0.04537495 0.07451945
v -0.00506243 -0.04537495 0.07451945
v -0.00369426 -0.04620191 0.07459101
v -0.00856602 -0.04558039 0.07528952
v -0.00000790 -0.04558847 0.07420929
v 0.00183365 -0.04632032 0.07448137
v -0.00369426 -0.04620191 0.07459101
v -0.02523097 -0.03911973 0.08218998
v -0.02959798 -0.03622110 0.08553509
v -0.02630786 -0.03748330 0.08242596
v -0.02131423 -0.04121083 0.07982740
v -0.02523097 -0.03911973 0.08218998
v -0.02197851 -0.03986736 0.07963195
v -0.02131423 -0.04121083 0.07982740
v -0.02197851 -0.03986736 0.07963195
v -0.01828260 -0.04256768 0.07833948
v -0.01828260 -0.04256768 0.07833948
v -0.02197851 -0.03986736 0.07963195
v -0.01855762 -0.04152303 0.07793917
v -0.01828260 -0.04256768 0.07833948
v -0.01855762 -0.04152303 0.07793917
v -0.01365831 -0.04359560 0.07631260
v -0.01297095 -0.04441785 0.07635391
v -0.01365831 -0.04359560 0.07631260
v -0.00998947 -0.04450757 0.07534209
v -0.00739515 -0.04500612 0.07482635
v -0.01502271 -0.04269049 0.07638219
v -0.01365831 -0.04359560 0.07631260
v -0.01855762 -0.04152303 0.07793917
v -0.02504887 -0.03776617 0.08105157
v -0.02197851 -0.03986736 0.07963195
v -0.02523097 -0.03911973 0.08218998
v -0.02504887 -0.03776617 0.08105157
v -0.02523097 -0.03911973 0.08218998
v -0.02630786 -0.03748330 0.08242596
v -0.02933893 -0.03510135 0.08449251
v -0.02630786 -0.03748330 0.08242596
v -0.02959798 -0.03622110 0.08553509
v -0.02933893 -0.03510135 0.08449251
v -0.02959798 -0.03622110 0.08553509
v -0.03211214 -0.03221861 0.08654950
v -0.03211214 -0.03221861 0.08654950
v -0.02959798 -0.03622110 0.08553509
v -0.03214308 -0.03422024 0.08795117
v -0.03211214 -0.03221861 0.08654950
v -0.03214308 -0.03422024 0.08795117
v -0.03548653 -0.02909802 0.09060477
v -0.03548653 -0.02909802 0.09060477
v -0.03214308 -0.03422024 0.08795117
v -0.03523232 -0.03146769 0.09144622
v -0.03548653 -0.02909802 0.09060477
v -0.03523232 -0.03146769 0.09144622
v -0.03819745 -0.02809063 0.09565095
v -0.04403388 -0.01367763 0.10863189
v -0.04478778 -0.00810560 0.11238904
v -0.04402646 -0.00915665 0.10248477
v -0.04403388 -0.01367763 0.10863189
v -0.04402646 -0.00915665 0.10248477
v -0.04267725 -0.01404091 0.09855511
v -0.04081076 -0.02027837 0.09775678
v -0.04267725 -0.01404091 0.09855511
v -0.04079609 -0.01866633 0.09385440
v -0.04081076 -0.02027837 0.09775678
v -0.04079609 -0.01866633 0.09385440
v -0.03838581 -0.02305255 0.09009484
v -0.04481170 -0.01335842 0.11518160
v -0.04498823 -0.01167299 0.11828196
v -0.04478778 -0.00810560 0.11238904
v -0.04481170 -0.01335842 0.11518160
v -0.04478778 -0.00810560 0.11238904
v -0.04403388 -0.01367763 0.10863189
v -0.03548653 -0.02909802 0.09060477
v -0.03839567 -0.02451582 0.09372924
v -0.03542795 -0.02739821 0.08750433
v -0.03548653 -0.02909802 0.09060477
v -0.03542795 -0.02739821 0.08750433
v -0.03211214 -0.03221861 0.08654950
v -0.03211214 -0.03221861 0.08654950
v -0.03542795 -0.02739821 0.08750433
v -0.03197546 -0.03123967 0.08378724
v -0.03211214 -0.03221861 0.08654950
v -0.03197546 -0.03123967 0.08378724
v -0.02933932 -0.03434524 0.08356998
v -0.02928856 -0.03389510 0.08231053
v -0.02933932 -0.03434524 0.08356998
v -0.02928856 -0.03389510 0.08231053
v -0.02504887 -0.03776617 0.08105157
v -0.02504887 -0.03776617 0.08105157
v -0.02928856 -0.03389510 0.08231053
v -0.02526166 -0.03699754 0.07981175
v -0.02504887 -0.03776617 0.08105157
v -0.02526166 -0.03699754 0.07981175
v -0.02085813 -0.03972054 0.07786035
v -0.02504887 -0.03776617 0.08105157
v -0.02630786 -0.03748330 0.08242596
v -0.02933932 -0.03434524 0.08356998
v -0.02933932 -0.03434524 0.08356998
v -0.02630786 -0.03748330 0.08242596
v -0.02933893 -0.03510135 0.08449251
v -0.02933932 -0.03434524 0.08356998
v -0.02933893 -0.03510135 0.08449251
v -0.03211214 -0.03221861 0.08654950
v -0.03839567 -0.02451582 0.09372924
v -0.03548653 -0.02909802 0.09060477
v -0.03819745 -0.02809063 0.09565095
v -0.03839567 -0.02451582 0.09372924
v -0.03819745 -0.02809063 0.09565095
v -0.04073817 -0.02441003 0.10028220
v -0.04274053 -0.01825323 0.10437754
v -0.04073817 -0.02441003 0.10028220
v -0.04283787 -0.02111247 0.10564243
v -0.04426483 -0.01661486 0.11123465
v -0.04481170 -0.01335842 0.11518160
v -0.04403388 -0.01367763 0.10863189
v -0.04426483 -0.01661486 0.11123465
v -0.04403388 -0.01367763 0.10863189
v -0.04274053 -0.01825323 0.10437754
v -0.04073817 -0.02441003 0.10028220
v -0.04274053 -0.01825323 0.10437754
v -0.04081076 -0.02027837 0.09775678
v -0.04073817 -0.02441003 0.10028220
v -0.04081076 -0.02027837 0.09775678
v -0.03839567 -0.02451582 0.09372924
v -0.02197851 -0.03986736 0.07963195
v -0.02504887 -0.03776617 0.08105157
v -0.02085813 -0.03972054 0.07786035
v -0.02197851 -0.03986736 0.07963195
v -0.02085813 -0.03972054 0.07786035
v -0.01855762 -0.04152303 0.07793917
v -0.01855762 -0.04152303 0.07793917
v -0.02085813 -0.03972054 0.07786035
v -0.01623289 -0.04187357 0.07607808
v -0.01855762 -0.04152303 0.07793917
v -0.01623289 -0.04187357 0.07607808
v -0.01502271 -0.04269049 0.07638219
v -0.01502271 -0.04269049 0.07638219
v -0.01131974 -0.04355349 0.07483698
v -0.01365831 -0.04359560 0.07631260
v -0.01365831 -0.04359560 0.07631260
v -0.01131974 -0.04355349 0.07483698
v -0.00998947 -0.04450757 0.07534209
v 0.00252926 -0.04552763 0.07426967
v 0.00509386 -0.04509719 0.07428795
v 0.00504970 -0.04583518 0.07471577
v 0.00504970 -0.04583518 0.07471577
v 0.00509386 -0.04509719 0.07428795
v 0.00756161 -0.04472889 0.07466408
v 0.00756161 -0.04472889 0.07466408
v 0.01010024 -0.04398363 0.07489402
v 0.00879290 -0.04541350 0.07531129
v 0.00879290 -0.04541350 0.07531129
v 0.01010024 -0.04398363 0.07489402
v 0.01251534 -0.04436109 0.07620908
v 0.01502082 -0.04306176 0.07672670
v 0.01855753 -0.04152302 0.07793917
v 0.01624492 -0.04331375 0.07746893
v 0.01624492 -0.04331375 0.07746893
v 0.01855753 -0.04152302 0.07793917
v 0.02105693 -0.04130913 0.07966776
v 0.02105693 -0.04130913 0.07966776
v 0.01855753 -0.04152302 0.07793917
v 0.02197843 -0.03986734 0.07963195
v 0.02105693 -0.04130913 0.07966776
v 0.02197843 -0.03986734 0.07963195
v 0.02526290 -0.03817188 0.08169744
v 0.02105693 -0.04130913 0.07966776
v 0.02526290 -0.03817188 0.08169744
v 0.02550106 -0.03901310 0.08238445
v 0.02550106 -0.03901310 0.08238445
v 0.02526290 -0.03817188 0.08169744
v 0.02950356 -0.03631127 0.08546532
v 0.02950356 -0.03631127 0.08546532
v 0.03207109 -0.03241085 0.08674076
v 0.03211947 -0.03429641 0.08792036
v 0.03211947 -0.03429641 0.08792036
v 0.03207109 -0.03241085 0.08674076
v 0.03541005 -0.03120943 0.09166025
v 0.04399010 -0.01735187 0.10996187
v 0.04479205 -0.00829432 0.11258634
v 0.04480653 -0.01350810 0.11511401
v 0.04480653 -0.01350810 0.11511401
v 0.04479205 -0.00829432 0.11258634
v 0.04498484 -0.01136346 0.11839626
v -0.00000790 -0.04558847 0.07420929
v 0.00258961 -0.04479769 0.07327561
v 0.00252926 -0.04552763 0.07426967
v 0.00252926 -0.04552763 0.07426967
v 0.00258961 -0.04479769 0.07327561
v 0.00511491 -0.04456882 0.07345723
v 0.00252926 -0.04552763 0.07426967
v 0.00511491 -0.04456882 0.07345723
v 0.00509386 -0.04509719 0.07428795
v 0.00509386 -0.04509719 0.07428795
v 0.00511491 -0.04456882 0.07345723
v 0.00756161 -0.04472889 0.07466408
v 0.01509519 -0.04233892 0.07589767
v 0.01855135 -0.04087966 0.07693332
v 0.01855753 -0.04152302 0.07793917
v 0.01855753 -0.04152302 0.07793917
v 0.01855135 -0.04087966 0.07693332
v 0.02209075 -0.03901730 0.07843741
v 0.02197843 -0.03986734 0.07963195
v 0.02197843 -0.03986734 0.07963195
v 0.02209075 -0.03901730 0.07843741
v 0.02527301 -0.03740112 0.08082036
v 0.04403426 -0.01134508 0.10652262
v 0.04480681 -0.00413391 0.10618932
v 0.04479205 -0.00829432 0.11258634
v 0.04479205 -0.00829432 0.11258634
v 0.04480681 -0.00413391 0.10618932
v 0.04495206 -0.00174510 0.11676409
v -0.00998947 -0.04450757 0.07534209
v -0.01131974 -0.04355349 0.07483698
v -0.00739515 -0.04500612 0.07482635
v -0.01131974 -0.04355349 0.07483698
v -0.00761342 -0.04419428 0.07376053
v -0.00739515 -0.04500612 0.07482635
v -0.00739515 -0.04500612 0.07482635
v -0.00761342 -0.04419428 0.07376053
v -0.00505545 -0.04458345 0.07351501
v -0.00739515 -0.04500612 0.07482635
v -0.00505545 -0.04458345 0.07351501
v -0.00506243 -0.04537495 0.07451945
v -0.00506243 -0.04537495 0.07451945
v -0.00505545 -0.04458345 0.07351501
v -0.00253381 -0.04546656 0.07423688
v 0.01259442 -0.04346952 0.07563512
v 0.01509519 -0.04233892 0.07589767
v 0.01502082 -0.04306176 0.07672670
v 0.01502082 -0.04306176 0.07672670
v 0.01509519 -0.04233892 0.07589767
v 0.01855753 -0.04152302 0.07793917
v 0.02197843 -0.03986734 0.07963195
v 0.02527301 -0.03740112 0.08082036
v 0.02526290 -0.03817188 0.08169744
v 0.02526290 -0.03817188 0.08169744
v 0.02527301 -0.03740112 0.08082036
v 0.02933922 -0.03434522 0.08357000
v 0.02526290 -0.03817188 0.08169744
v 0.02933922 -0.03434522 0.08357000
v 0.02933884 -0.03510132 0.08449251
v 0.02933884 -0.03510132 0.08449251
v 0.02933922 -0.03434522 0.08357000
v 0.03207109 -0.03241085 0.08674076
v 0.03207109 -0.03241085 0.08674076
v 0.03549897 -0.02780805 0.08886281
v 0.03550387 -0.02913981 0.09059418
v 0.03550387 -0.02913981 0.09059418
v 0.03549897 -0.02780805 0.08886281
v 0.03839638 -0.02455294 0.09377787
v 0.00511491 -0.04456882 0.07345723
v 0.00859863 -0.04400236 0.07366824
v 0.00756161 -0.04472889 0.07466408
v 0.00756161 -0.04472889 0.07466408
v 0.00859863 -0.04400236 0.07366824
v 0.01010024 -0.04398363 0.07489402
v 0.03148971 -0.03186961 0.08386983
v 0.03553857 -0.02720011 0.08675055
v 0.03549897 -0.02780805 0.08886281
v 0.03549897 -0.02780805 0.08886281
v 0.03553857 -0.02720011 0.08675055
v 0.03844563 -0.02302141 0.09047775
v -0.00505545 -0.04458345 0.07351501
v -0.00251120 -0.04479483 0.07320393
v -0.00253381 -0.04546656 0.07423688
v -0.00253381 -0.04546656 0.07423688
v -0.00251120 -0.04479483 0.07320393
v 0.00003729 -0.04486920 0.07314818
v -0.00253381 -0.04546656 0.07423688
v 0.00003729 -0.04486920 0.07314818
v -0.00000790 -0.04558847 0.07420929
v -0.00000790 -0.04558847 0.07420929
v 0.00003729 -0.04486920 0.07314818
v 0.00258961 -0.04479769 0.07327561
v 0.01010024 -0.04398363 0.07489402
v 0.01347655 -0.04272596 0.07481876
v 0.01259442 -0.04346952 0.07563512
v 0.01259442 -0.04346952 0.07563512
v 0.01347655 -0.04272596 0.07481876
v 0.01509519 -0.04233892 0.07589767
v 0.02209075 -0.03901730 0.07843741
v 0.02524555 -0.03701008 0.07980883
v 0.02527301 -0.03740112 0.08082036
v 0.02527301 -0.03740112 0.08082036
v 0.02524555 -0.03701008 0.07980883
v 0.02801308 -0.03484863 0.08110879
v 0.02527301 -0.03740112 0.08082036
v 0.02801308 -0.03484863 0.08110879
v 0.02933922 -0.03434522 0.08357000
v 0.02933922 -0.03434522 0.08357000
v 0.02801308 -0.03484863 0.08110879
v 0.03148971 -0.03186961 0.08386983
v 0.03207109 -0.03241085 0.08674076
v 0.03207109 -0.03241085 0.08674076
v 0.03148971 -0.03186961 0.08386983
v 0.03549897 -0.02780805 0.08886281
v 0.03549897 -0.02780805 0.08886281
v 0.03844563 -0.02302141 0.09047775
v 0.03839638 -0.02455294 0.09377787
v 0.03839638 -0.02455294 0.09377787
v 0.03844563 -0.02302141 0.09047775
v 0.04090662 -0.01835572 0.09370501
v 0.04081119 -0.02033545 0.09782975
v 0.04081119 -0.02033545 0.09782975
v 0.04090662 -0.01835572 0.09370501
v 0.04272113 -0.01386761 0.09758466
v 0.04081119 -0.02033545 0.09782975
v 0.04272113 -0.01386761 0.09758466
v 0.04269882 -0.01591152 0.10209188
v 0.04269882 -0.01591152 0.10209188
v 0.04272113 -0.01386761 0.09758466
v 0.04404191 -0.00902857 0.10133068
v 0.04403426 -0.01134508 0.10652262
v 0.04403426 -0.01134508 0.10652262
v 0.04404191 -0.00902857 0.10133068
v 0.04480681 -0.00413391 0.10618932
v -0.01502271 -0.04269049 0.07638219
v -0.01623289 -0.04187357 0.07607808
v -0.01131974 -0.04355349 0.07483698
v 0.01010024 -0.04398363 0.07489402
v 0.01259442 -0.04346952 0.07563512
v 0.01251534 -0.04436109 0.07620908
v 0.01251534 -0.04436109 0.07620908
v 0.01259442 -0.04346952 0.07563512
v 0.01502082 -0.04306176 0.07672670
v 0.02526290 -0.03817188 0.08169744
v 0.02933884 -0.03510132 0.08449251
v 0.02950356 -0.03631127 0.08546532
v 0.02950356 -0.03631127 0.08546532
v 0.02933884 -0.03510132 0.08449251
v 0.03207109 -0.03241085 0.08674076
v 0.03550387 -0.02913981 0.09059418
v 0.03541005 -0.03120943 0.09166025
v 0.03550387 -0.02913981 0.09059418
v 0.03839638 -0.02455294 0.09377787
v 0.03541005 -0.03120943 0.09166025
v 0.03839638 -0.02455294 0.09377787
v 0.03815285 -0.02819622 0.09558962
v 0.03815285 -0.02819622 0.09558962
v 0.03839638 -0.02455294 0.09377787
v 0.04081119 -0.02033545 0.09782975
v 0.03815285 -0.02819622 0.09558962
v 0.04081119 -0.02033545 0.09782975
v 0.04061883 -0.02458193 0.09999818
v 0.04061883 -0.02458193 0.09999818
v 0.04081119 -0.02033545 0.09782975
v 0.04269882 -0.01591152 0.10209188
v 0.04061883 -0.02458193 0.09999818
v 0.04269882 -0.01591152 0.10209188
v 0.04264616 -0.02117106 0.10504354
v 0.04264616 -0.02117106 0.10504354
v 0.04269882 -0.01591152 0.10209188
v 0.04403426 -0.01134508 0.10652262
v 0.04399010 -0.01735187 0.10996187
v 0.04399010 -0.01735187 0.10996187
v 0.04403426 -0.01134508 0.10652262
v 0.04479205 -0.00829432 0.11258634
v -0.04498647 -0.00483198 0.11833796
v -0.04491178 0.00019066 0.11656788
v -0.04499087 0.00019275 0.11190274
v -0.04498647 -0.00483198 0.11833796
v -0.04499087 0.00019275 0.11190274
v -0.04478778 -0.00810560 0.11238904
v -0.04478778 -0.00810560 0.11238904
v -0.04499087 0.00019275 0.11190274
v -0.04480190 -0.00408387 0.10574693
v -0.04478778 -0.00810560 0.11238904
v -0.04480190 -0.00408387 0.10574693
v -0.04402646 -0.00915665 0.10248477
v -0.03838581 -0.02305255 0.09009484
v -0.04079609 -0.01866633 0.09385440
v -0.04063320 -0.01930956 0.06656724
v -0.04267725 -0.01404091 0.09855511
v -0.04402646 -0.00915665 0.10248477
v -0.04402237 -0.00928854 0.06656724
v -0.04267725 -0.01404091 0.09855511
v -0.04402237 -0.00928854 0.06656724
v -0.04267923 -0.01419812 0.06656605
v -0.04079609 -0.01866633 0.09385440
v -0.04267725 -0.01404091 0.09855511
v -0.04063320 -0.01930956 0.06656724
v -0.04063320 -0.01930956 0.06656724
v -0.04267725 -0.01404091 0.09855511
v -0.04267923 -0.01419812 0.06656605
v -0.04402646 -0.00915665 0.10248477
v -0.04480190 -0.00408387 0.10574693
v -0.04478223 -0.00442178 0.06656691
v -0.04402237 -0.00928854 0.06656724
v -0.02928856 -0.03389510 0.08231053
v -0.03197546 -0.03123967 0.08378724
v -0.02757736 -0.03520024 0.07863840
v -0.02928856 -0.03389510 0.08231053
v -0.02757736 -0.03520024 0.07863840
v -0.02526166 -0.03699754 0.07981175
v -0.02526166 -0.03699754 0.07981175
v -0.02757736 -0.03520024 0.07863840
v -0.02306543 -0.03831582 0.07700886
v -0.02526166 -0.03699754 0.07981175
v -0.02306543 -0.03831582 0.07700886
v -0.02085813 -0.03972054 0.07786035
v -0.02085813 -0.03972054 0.07786035
v -0.02306543 -0.03831582 0.07700886
v -0.01969967 -0.04014883 0.07583520
v -0.02085813 -0.03972054 0.07786035
v -0.01969967 -0.04014883 0.07583520
v -0.01623289 -0.04187357 0.07607808
v -0.01623289 -0.04187357 0.07607808
v -0.01969967 -0.04014883 0.07583520
v -0.01626846 -0.04170599 0.07485491
v -0.01623289 -0.04187357 0.07607808
v -0.01626846 -0.04170599 0.07485491
v -0.01131974 -0.04355349 0.07483698
v -0.01131974 -0.04355349 0.07483698
v -0.01626846 -0.04170599 0.07485491
v -0.01115620 -0.04340177 0.07384135
v -0.01131974 -0.04355349 0.07483698
v -0.01115620 -0.04340177 0.07384135
v -0.00761342 -0.04419428 0.07376053
v -0.03552934 -0.02757968 0.06656637
v -0.03271975 -0.03089888 0.06656604
v -0.03197546 -0.03123967 0.08378724
v -0.03552934 -0.02757968 0.06656637
v -0.03197546 -0.03123967 0.08378724
v -0.03542795 -0.02739821 0.08750433
v -0.03784175 -0.02432219 0.06656630
v -0.03542795 -0.02739821 0.08750433
v -0.03838581 -0.02305255 0.09009484
v -0.03552934 -0.02757968 0.06656637
v -0.03552934 -0.02757968 0.06656637
v -0.03838581 -0.02305255 0.09009484
v -0.03784175 -0.02432219 0.06656630
v -0.04274053 -0.01825323 0.10437754
v -0.04403388 -0.01367763 0.10863189
v -0.04267725 -0.01404091 0.09855511
v -0.04274053 -0.01825323 0.10437754
v -0.04267725 -0.01404091 0.09855511
v -0.04081076 -0.02027837 0.09775678
v -0.03839567 -0.02451582 0.09372924
v -0.04081076 -0.02027837 0.09775678
v -0.03838581 -0.02305255 0.09009484
v -0.03839567 -0.02451582 0.09372924
v -0.03838581 -0.02305255 0.09009484
v -0.03542795 -0.02739821 0.08750433
v -0.03197546 -0.03123967 0.08378724
v -0.03271975 -0.03089888 0.06656604
v -0.02880145 -0.03460973 0.06656612
v -0.03197546 -0.03123967 0.08378724
v -0.02880145 -0.03460973 0.06656612
v -0.02757736 -0.03520024 0.07863840
v -0.01626846 -0.04170599 0.07485491
v -0.01730661 -0.04160202 0.06656599
v -0.01115620 -0.04340177 0.07384135
v 0.03237514 -0.03082604 0.08131328
v 0.02863304 -0.03472892 0.06656630
v 0.03278766 -0.03081859 0.06656618
v -0.03946230 0.05644707 0.14109126
v -0.03622776 0.05644707 0.14615810
v -0.03415318 0.05632985 0.14702029
v -0.03415318 0.05632985 0.14702029
v -0.03622776 0.05644707 0.14615810
v -0.03234672 0.05644707 0.15074863
v -0.03415318 0.05632985 0.14702029
v -0.03234672 0.05644707 0.15074863
v -0.03011396 0.05634810 0.15141122
v -0.03011396 0.05634810 0.15141122
v -0.03234672 0.05644707 0.15074863
v -0.02788846 0.05644708 0.15478099
v -0.03011396 0.05634810 0.15141122
v -0.02788846 0.05644708 0.15478099
v -0.02520264 0.05629470 0.15537528
v -0.02520264 0.05629470 0.15537528
v -0.02788846 0.05644708 0.15478099
v -0.02293253 0.05644708 0.15818305
v -0.02520264 0.05629470 0.15537528
v -0.02293253 0.05644708 0.15818305
v -0.02043024 0.05634914 0.15832645
v -0.02043024 0.05634914 0.15832645
v -0.02293253 0.05644708 0.15818305
v -0.01756736 0.05644708 0.16089410
v -0.01462124 0.05630845 0.16082771
v -0.01462124 0.05630845 0.16082771
v -0.01756736 0.05644708 0.16089410
v -0.01188871 0.05644708 0.16286588
v -0.01462124 0.05630845 0.16082771
v -0.01188871 0.05644708 0.16286588
v -0.00907093 0.05628932 0.16238069
v -0.00907093 0.05628932 0.16238069
v -0.01188871 0.05644708 0.16286588
v -0.00599791 0.05644708 0.16406327
v -0.00907093 0.05628932 0.16238069
v -0.00599791 0.05644708 0.16406327
v -0.00317587 0.05634779 0.16325157
v -0.00317587 0.05634779 0.16325157
v -0.00599791 0.05644708 0.16406327
v -0.00000008 0.05644709 0.16446476
v 0.00304525 0.05631366 0.16323828
v 0.00304525 0.05631366 0.16323828
v -0.00000008 0.05644709 0.16446476
v 0.00599776 0.05644709 0.16406327
v 0.00304525 0.05631366 0.16323828
v 0.00599776 0.05644709 0.16406327
v 0.00897222 0.05644709 0.16264239
v 0.00897222 0.05644709 0.16264239
v 0.00599776 0.05644709 0.16406327
v 0.01188857 0.05644709 0.16286588
v 0.00897222 0.05644709 0.16264239
v 0.01188857 0.05644709 0.16286588
v 0.01476158 0.05630989 0.16078041
v 0.01476158 0.05630989 0.16078041
v 0.01188857 0.05644709 0.16286588
v 0.01756721 0.05644709 0.16089410
v 0.01476158 0.05630989 0.16078041
v 0.01756721 0.05644709 0.16089410
v 0.01998655 0.05631268 0.15851974
v 0.01998655 0.05631268 0.15851974
v 0.01756721 0.05644709 0.16089410
v 0.02293237 0.05644709 0.15818305
v 0.01998655 0.05631268 0.15851974
v 0.02293237 0.05644709 0.15818305
v 0.02543119 0.05644709 0.15549338
v 0.02543119 0.05644709 0.15549338
v 0.02293237 0.05644709 0.15818305
v 0.02788831 0.05644709 0.15478099
v 0.02543119 0.05644709 0.15549338
v 0.02788831 0.05644709 0.15478099
v 0.02984038 0.05631014 0.15163023
v 0.02984038 0.05631014 0.15163023
v 0.02788831 0.05644709 0.15478099
v 0.03234657 0.05644709 0.15074863
v 0.02984038 0.05631014 0.15163023
v 0.03234657 0.05644709 0.15074863
v 0.03391748 0.05634838 0.14734069
v 0.03391748 0.05634838 0.14734069
v 0.03234657 0.05644709 0.15074863
v 0.03622760 0.05644710 0.14615810
v 0.03756783 0.05629508 0.14212335
v 0.03756783 0.05629508 0.14212335
v 0.03622760 0.05644710 0.14615810
v 0.03946216 0.05644710 0.14109126
v 0.03756783 0.05629508 0.14212335
v 0.03946216 0.05644710 0.14109126
v 0.04015991 0.05634945 0.13720801
v 0.04015991 0.05634945 0.13720801
v 0.03946216 0.05644710 0.14109126
v 0.04199250 0.05644710 0.13563863
v 0.04015991 0.05634945 0.13720801
v 0.04199250 0.05644710 0.13563863
v 0.04246402 0.05644710 0.13136330
v 0.04246402 0.05644710 0.13136330
v 0.04199250 0.05644710 0.13563863
v 0.04377349 0.05644710 0.12989711
v 0.04246402 0.05644710 0.13136330
v 0.04377349 0.05644710 0.12989711
v 0.04344356 0.05630877 0.12558767
v 0.04344356 0.05630877 0.12558767
v 0.04377349 0.05644710 0.12989711
v 0.04477334 0.05644710 0.12396969
v 0.04344356 0.05630877 0.12558767
v 0.04477334 0.05644710 0.12396969
v 0.04390121 0.05634804 0.11966114
v 0.04390121 0.05634804 0.11966114
v 0.04477334 0.05644710 0.12396969
v 0.04497421 0.05644710 0.11796177
v 0.04390121 0.05634804 0.11966114
v 0.04497421 0.05644710 0.11796177
v 0.04346036 0.05631276 0.11343093
v 0.04346036 0.05631276 0.11343093
v 0.04497421 0.05644710 0.11796177
v 0.04437251 0.05644710 0.11198074
v 0.04346036 0.05631276 0.11343093
v 0.04437251 0.05644710 0.11198074
v 0.04246402 0.05644710 0.10756760
v 0.04246402 0.05644710 0.10756760
v 0.04437251 0.05644710 0.11198074
v 0.04297898 0.05644710 0.10613322
v 0.04246402 0.05644710 0.10756760
v 0.04297898 0.05644710 0.10613322
v 0.04020924 0.05630899 0.10191818
v 0.04020924 0.05630899 0.10191818
v 0.04297898 0.05644710 0.10613322
v 0.04081848 0.05644710 0.10052359
v 0.04020924 0.05630899 0.10191818
v 0.04081848 0.05644710 0.10052359
v 0.03756094 0.05628923 0.09681228
v 0.03756094 0.05628923 0.09681228
v 0.04081848 0.05644710 0.10052359
v 0.03792958 0.05644709 0.09525206
v 0.03756094 0.05628923 0.09681228
v 0.03792958 0.05644709 0.09525206
v 0.03416298 0.05634769 0.09189393
v 0.03416298 0.05634769 0.09189393
v 0.03792958 0.05644709 0.09525206
v 0.03436382 0.05644709 0.09041252
v 0.03416298 0.05634769 0.09189393
v 0.03436382 0.05644709 0.09041252
v 0.02991601 0.05631410 0.08736520
v 0.02991601 0.05631410 0.08736520
v 0.03436382 0.05644709 0.09041252
v 0.03018485 0.05644709 0.08609153
v 0.02991601 0.05631410 0.08736520
v 0.03018485 0.05644709 0.08609153
v 0.02543119 0.05644709 0.08343751
v 0.02543119 0.05644709 0.08343751
v 0.03018485 0.05644709 0.08609153
v 0.02546721 0.05644709 0.08236611
v 0.02543119 0.05644709 0.08343751
v 0.02546721 0.05644709 0.08236611
v 0.02000202 0.05629547 0.08041784
v 0.02000202 0.05629547 0.08041784
v 0.02546721 0.05644709 0.08236611
v 0.02029512 0.05644709 0.07930256
v 0.02000202 0.05629547 0.08041784
v 0.02029512 0.05644709 0.07930256
v 0.01497263 0.05634969 0.07819201
v 0.01497263 0.05634969 0.07819201
v 0.02029512 0.05644709 0.07930256
v 0.01476085 0.05644709 0.07695578
v 0.01497263 0.05634969 0.07819201
v 0.01476085 0.05644709 0.07695578
v 0.00885971 0.05630656 0.07650245
v 0.00885971 0.05630656 0.07650245
v 0.01476085 0.05644709 0.07695578
v 0.00896318 0.05644708 0.07536780
v 0.00885971 0.05630656 0.07650245
v 0.00896318 0.05644708 0.07536780
v 0.00311676 0.05630930 0.07570862
v 0.00300555 0.05644708 0.07456642
v 0.00311676 0.05630930 0.07570862
v 0.00300555 0.05644708 0.07456642
v -0.00298894 0.05629960 0.07571341
v -0.00298894 0.05629960 0.07571341
v 0.00300555 0.05644708 0.07456642
v -0.00300570 0.05644708 0.07456642
v -0.00298894 0.05629960 0.07571341
v -0.00300570 0.05644708 0.07456642
v -0.00906288 0.05629493 0.07654019
v -0.00896333 0.05644708 0.07536780
v -0.00906288 0.05629493 0.07654019
v -0.00896333 0.05644708 0.07536780
v -0.01443014 0.05631159 0.07802498
v -0.01443014 0.05631159 0.07802498
v -0.00896333 0.05644708 0.07536780
v -0.01476100 0.05644708 0.07695578
v -0.01443014 0.05631159 0.07802498
v -0.01476100 0.05644708 0.07695578
v -0.02028869 0.05644707 0.08031023
v -0.02028869 0.05644707 0.08031023
v -0.01476100 0.05644708 0.07695578
v -0.02029526 0.05644707 0.07930256
v -0.02028869 0.05644707 0.08031023
v -0.02029526 0.05644707 0.07930256
v -0.02517732 0.05630825 0.08353680
v -0.02517732 0.05630825 0.08353680
v -0.02029526 0.05644707 0.07930256
v -0.02546737 0.05644707 0.08236611
v -0.02517732 0.05630825 0.08353680
v -0.02546737 0.05644707 0.08236611
v -0.02982750 0.05634790 0.08725256
v -0.02982750 0.05634790 0.08725256
v -0.02546737 0.05644707 0.08236611
v -0.03018500 0.05644707 0.08609153
v -0.02982750 0.05634790 0.08725256
v -0.03018500 0.05644707 0.08609153
v -0.03407225 0.05631318 0.09181819
v -0.03407225 0.05631318 0.09181819
v -0.03018500 0.05644707 0.08609153
v -0.03436398 0.05644707 0.09041252
v -0.03407225 0.05631318 0.09181819
v -0.03436398 0.05644707 0.09041252
v -0.03767948 0.05644707 0.09655197
v -0.03767948 0.05644707 0.09655197
v -0.03436398 0.05644707 0.09041252
v -0.03792974 0.05644707 0.09525206
v -0.03767948 0.05644707 0.09655197
v -0.03792974 0.05644707 0.09525206
v -0.04026985 0.05630944 0.10205527
v -0.04026985 0.05630944 0.10205527
v -0.03792974 0.05644707 0.09525206
v -0.04081863 0.05644707 0.10052359
v -0.04026985 0.05630944 0.10205527
v -0.04081863 0.05644707 0.10052359
v -0.04219145 0.05631162 0.10744510
v -0.04219145 0.05631162 0.10744510
v -0.04081863 0.05644707 0.10052359
v -0.04297913 0.05644707 0.10613322
v -0.04219145 0.05631162 0.10744510
v -0.04297913 0.05644707 0.10613322
v -0.04346476 0.05630558 0.11355112
v -0.04346476 0.05630558 0.11355112
v -0.04297913 0.05644707 0.10613322
v -0.04437266 0.05644707 0.11198074
v -0.04346476 0.05630558 0.11355112
v -0.04437266 0.05644707 0.11198074
v -0.04387997 0.05631451 0.11950585
v -0.04387997 0.05631451 0.11950585
v -0.04437266 0.05644707 0.11198074
v -0.04497436 0.05644707 0.11796177
v -0.04387997 0.05631451 0.11950585
v -0.04497436 0.05644707 0.11796177
v -0.04368876 0.05644707 0.12547027
v -0.04368876 0.05644707 0.12547027
v -0.04497436 0.05644707 0.11796177
v -0.04477350 0.05644707 0.12396969
v -0.04368876 0.05644707 0.12547027
v -0.04477350 0.05644707 0.12396969
v -0.04219618 0.05629517 0.13147558
v -0.04219618 0.05629517 0.13147558
v -0.04477350 0.05644707 0.12396969
v -0.04377365 0.05644707 0.12989711
v -0.04219618 0.05629517 0.13147558
v -0.04377365 0.05644707 0.12989711
v -0.04038112 0.05634955 0.13669973
v -0.04038112 0.05634955 0.13669973
v -0.04377365 0.05644707 0.12989711
v -0.04199265 0.05644707 0.13563863
v -0.04038112 0.05634955 0.13669973
v -0.04199265 0.05644707 0.13563863
v -0.03767948 0.05644707 0.14237864
v -0.03767948 0.05644707 0.14237864
v -0.04199265 0.05644707 0.13563863
v -0.03946230 0.05644707 0.14109126
v -0.03767948 0.05644707 0.14237864
v -0.03946230 0.05644707 0.14109126
v -0.03415318 0.05632985 0.14702029
v 0.04498484 -0.01136346 0.11839626
v 0.04473008 -0.02729153 0.12492368
v 0.04493430 -0.03047858 0.11700248
v 0.04495206 -0.00174510 0.11676409
v 0.04499973 0.00667577 0.11918505
v 0.04498484 -0.01136346 0.11839626
v 0.04499973 0.00667577 0.11918505
v 0.04477334 0.05644710 0.12396969
v 0.04498484 -0.01136346 0.11839626
v 0.04499973 0.00667577 0.11918505
v 0.04497421 0.05644710 0.11796177
v 0.04477334 0.05644710 0.12396969
v 0.04493430 -0.03047858 0.11700248
v 0.04480653 -0.01350810 0.11511401
v 0.04498484 -0.01136346 0.11839626
v 0.04493430 -0.03047858 0.11700248
v 0.04435905 -0.01714483 0.11191915
v 0.04480653 -0.01350810 0.11511401
v 0.04409474 -0.03310219 0.11048006
v 0.04435905 -0.01714483 0.11191915
v 0.04409474 -0.03310219 0.11048006
v 0.04399010 -0.01735187 0.10996187
v 0.04399010 -0.01735187 0.10996187
v 0.04409474 -0.03310219 0.11048006
v 0.04264616 -0.02117106 0.10504354
v 0.04262456 -0.03529264 0.10504364
v 0.04036796 -0.03746646 0.09963648
v 0.04061883 -0.02458193 0.09999818
v 0.04061883 -0.02458193 0.09999818
v 0.04264616 -0.02117106 0.10504354
v 0.04262456 -0.03529264 0.10504364
v 0.04262456 -0.03529264 0.10504364
v 0.03816564 -0.03907905 0.09561417
v 0.03815285 -0.02819622 0.09558962
v 0.04036796 -0.03746646 0.09963648
v 0.03815285 -0.02819622 0.09558962
v 0.03816564 -0.03907905 0.09561417
v 0.03541005 -0.03120943 0.09166025
v 0.04036796 -0.03746646 0.09963648
v 0.03815285 -0.02819622 0.09558962
v 0.04061883 -0.02458193 0.09999818
v 0.03541005 -0.03120943 0.09166025
v 0.03816564 -0.03907905 0.09561417
v 0.03656450 -0.04003726 0.09323604
v 0.03541005 -0.03120943 0.09166025
v 0.03656450 -0.04003726 0.09323604
v 0.03372827 -0.04146668 0.08968660
v 0.02950356 -0.03631127 0.08546532
v 0.03372827 -0.04146668 0.08968660
v 0.03086528 -0.04265887 0.08671669
v 0.02950356 -0.03631127 0.08546532
v 0.03211947 -0.03429641 0.08792036
v 0.03372827 -0.04146668 0.08968660
v 0.03372827 -0.04146668 0.08968660
v 0.03211947 -0.03429641 0.08792036
v 0.03541005 -0.03120943 0.09166025
v 0.02868472 -0.04343326 0.08479141
v 0.02642433 -0.04413894 0.08303142
v 0.02550106 -0.03901310 0.08238445
v 0.02950356 -0.03631127 0.08546532
v 0.02868472 -0.04343326 0.08479141
v 0.02950356 -0.03631127 0.08546532
v 0.03086528 -0.04265887 0.08671669
v 0.02168486 -0.04534689 0.08003562
v 0.01921403 -0.04585380 0.07877664
v 0.02105693 -0.04130913 0.07966776
v 0.02168486 -0.04534689 0.08003562
v 0.02105693 -0.04130913 0.07966776
v 0.02411028 -0.04477072 0.08146081
v 0.02411028 -0.04477072 0.08146081
v 0.02105693 -0.04130913 0.07966776
v 0.02642433 -0.04413894 0.08303142
v 0.02642433 -0.04413894 0.08303142
v 0.02105693 -0.04130913 0.07966776
v 0.02550106 -0.03901310 0.08238445
v 0.01400766 -0.04668771 0.07670627
v 0.01251534 -0.04436109 0.07620908
v 0.01624492 -0.04331375 0.07746893
v 0.01400766 -0.04668771 0.07670627
v 0.01624492 -0.04331375 0.07746893
v 0.01661208 -0.04630853 0.07764838
v 0.01661208 -0.04630853 0.07764838
v 0.01624492 -0.04331375 0.07746893
v 0.01921403 -0.04585380 0.07877664
v 0.01921403 -0.04585380 0.07877664
v 0.01624492 -0.04331375 0.07746893
v 0.02105693 -0.04130913 0.07966776
v 0.00592547 -0.04742959 0.07485867
v 0.00504970 -0.04583518 0.07471577
v 0.00879290 -0.04541350 0.07531129
v 0.00592547 -0.04742959 0.07485867
v 0.00879290 -0.04541350 0.07531129
v 0.00858389 -0.04725487 0.07529295
v 0.00858389 -0.04725487 0.07529295
v 0.00879290 -0.04541350 0.07531129
v 0.01131665 -0.04700547 0.07591154
v 0.01131665 -0.04700547 0.07591154
v 0.00879290 -0.04541350 0.07531129
v 0.01251534 -0.04436109 0.07620908
v 0.01131665 -0.04700547 0.07591154
v 0.01251534 -0.04436109 0.07620908
v 0.01400766 -0.04668771 0.07670627
v -0.00841765 -0.04726762 0.07526164
v -0.00856602 -0.04558039 0.07528952
v -0.00562368 -0.04744529 0.07481989
v -0.00562368 -0.04744529 0.07481989
v -0.00856602 -0.04558039 0.07528952
v -0.00369426 -0.04620191 0.07459101
v -0.00562368 -0.04744529 0.07481989
v -0.00369426 -0.04620191 0.07459101
v -0.00280996 -0.04755187 0.07455644
v -0.00280996 -0.04755187 0.07455644
v -0.00369426 -0.04620191 0.07459101
v 0.00024060 -0.04758843 0.07446592
v 0.00024060 -0.04758843 0.07446592
v -0.00369426 -0.04620191 0.07459101
v 0.00183365 -0.04632032 0.07448137
v 0.00024060 -0.04758843 0.07446592
v 0.00183365 -0.04632032 0.07448137
v 0.00315114 -0.04754276 0.07457746
v 0.00315114 -0.04754276 0.07457746
v 0.00183365 -0.04632032 0.07448137
v 0.00592547 -0.04742959 0.07485867
v 0.00592547 -0.04742959 0.07485867
v 0.00183365 -0.04632032 0.07448137
v 0.00504970 -0.04583518 0.07471577
v -0.01930510 -0.04583661 0.07882153
v -0.01828260 -0.04256768 0.07833948
v -0.01666685 -0.04629992 0.07766760
v -0.01666685 -0.04629992 0.07766760
v -0.01828260 -0.04256768 0.07833948
v -0.01297095 -0.04441785 0.07635391
v -0.01666685 -0.04629992 0.07766760
v -0.01297095 -0.04441785 0.07635391
v -0.01399806 -0.04668913 0.07669996
v -0.01399806 -0.04668913 0.07669996
v -0.01297095 -0.04441785 0.07635391
v -0.01128280 -0.04700899 0.07590386
v -0.01128280 -0.04700899 0.07590386
v -0.01297095 -0.04441785 0.07635391
v -0.00856602 -0.04558039 0.07528952
v -0.01128280 -0.04700899 0.07590386
v -0.00856602 -0.04558039 0.07528952
v -0.00841765 -0.04726762 0.07526164
v -0.02185094 -0.04531016 0.08012518
v -0.02131423 -0.04121083 0.07982740
v -0.01930510 -0.04583661 0.07882153
v -0.01930510 -0.04583661 0.07882153
v -0.02131423 -0.04121083 0.07982740
v -0.01828260 -0.04256768 0.07833948
v -0.03105867 -0.04258584 0.08689623
v -0.02959798 -0.03622110 0.08553509
v -0.02768650 -0.04375495 0.08399614
v -0.02768650 -0.04375495 0.08399614
v -0.02959798 -0.03622110 0.08553509
v -0.02523097 -0.03911973 0.08218998
v -0.02185094 -0.04531016 0.08012518
v -0.02431030 -0.04471802 0.08160315
v -0.02131423 -0.04121083 0.07982740
v -0.02523097 -0.03911973 0.08218998
v -0.02523097 -0.03911973 0.08218998
v -0.02431030 -0.04471802 0.08160315
v -0.02768650 -0.04375495 0.08399614
v -0.03523232 -0.03146769 0.09144622
v -0.03214308 -0.03422024 0.08795117
v -0.03385434 -0.04140827 0.08982743
v -0.03385434 -0.04140827 0.08982743
v -0.03214308 -0.03422024 0.08795117
v -0.02959798 -0.03622110 0.08553509
v -0.02959798 -0.03622110 0.08553509
v -0.03105867 -0.04258584 0.08689623
v -0.03385434 -0.04140827 0.08982743
v -0.03818679 -0.03906298 0.09565714
v -0.03819745 -0.02809063 0.09565095
v -0.03523232 -0.03146769 0.09144622
v -0.03385434 -0.04140827 0.08982743
v -0.03669123 -0.03996593 0.09341348
v -0.03523232 -0.03146769 0.09144622
v -0.03523232 -0.03146769 0.09144622
v -0.03669123 -0.03996593 0.09341348
v -0.03818679 -0.03906298 0.09565714
v -0.03819745 -0.02809063 0.09565095
v -0.03818679 -0.03906298 0.09565714
v -0.04038517 -0.03745322 0.09966822
v -0.04073817 -0.02441003 0.10028220
v -0.04073817 -0.02441003 0.10028220
v -0.04038517 -0.03745322 0.09966822
v -0.04207173 -0.03590919 0.10349926
v -0.04283787 -0.02111247 0.10564243
v -0.04073817 -0.02441003 0.10028220
v -0.04308123 -0.03472774 0.10643382
v -0.04308123 -0.03472774 0.10643382
v -0.04073817 -0.02441003 0.10028220
v -0.04207173 -0.03590919 0.10349926
v -0.04283787 -0.02111247 0.10564243
v -0.04308123 -0.03472774 0.10643382
v -0.04442484 -0.03244370 0.11211364
v -0.04283787 -0.02111247 0.10564243
v -0.04442484 -0.03244370 0.11211364
v -0.04426483 -0.01661486 0.11123465
v -0.04496169 -0.03017956 0.11774347
v -0.04498823 -0.01167299 0.11828196
v -0.04481170 -0.01335842 0.11518160
v -0.04496169 -0.03017956 0.11774347
v -0.04481170 -0.01335842 0.11518160
v -0.04426483 -0.01661486 0.11123465
v -0.04496169 -0.03017956 0.11774347
v -0.04426483 -0.01661486 0.11123465
v -0.04442484 -0.03244370 0.11211364
v -0.04497436 0.05644707 0.11796177
v -0.04499932 0.00695441 0.11924035
v -0.04477350 0.05644707 0.12396969
v -0.04498647 -0.00483198 0.11833796
v -0.04476293 -0.02759984 0.12415689
v -0.04476293 -0.02759984 0.12415689
v -0.04498647 -0.00483198 0.11833796
v -0.04498823 -0.01167299 0.11828196
v -0.04498823 -0.01167299 0.11828196
v -0.04496169 -0.03017956 0.11774347
v -0.04499932 0.00695441 0.11924035
v -0.04491178 0.00019066 0.11656788
v -0.04498647 -0.00483198 0.11833796
v -0.04497436 0.05644707 0.11796177
v -0.04479975 0.01392785 0.11506500
v -0.04499932 0.00695441 0.11924035
v -0.04437266 0.05644707 0.11198074
v -0.04406991 0.01735516 0.11028047
v -0.04497436 0.05644707 0.11796177
v -0.04497436 0.05644707 0.11796177
v -0.04406991 0.01735516 0.11028047
v -0.04479975 0.01392785 0.11506500
v -0.04060120 0.02491557 0.09996226
v -0.04257269 0.02161031 0.10483344
v -0.04297913 0.05644707 0.10613322
v -0.04297913 0.05644707 0.10613322
v -0.04257269 0.02161031 0.10483344
v -0.04437266 0.05644707 0.11198074
v -0.04437266 0.05644707 0.11198074
v -0.04257269 0.02161031 0.10483344
v -0.04406991 0.01735516 0.11028047
v -0.03802776 0.02860005 0.09533937
v -0.04060120 0.02491557 0.09996226
v -0.04081863 0.05644707 0.10052359
v -0.04081863 0.05644707 0.10052359
v -0.04060120 0.02491557 0.09996226
v -0.04297913 0.05644707 0.10613322
v -0.03527924 0.03161936 0.09149718
v -0.03802776 0.02860005 0.09533937
v -0.03792974 0.05644707 0.09525206
v -0.03792974 0.05644707 0.09525206
v -0.03802776 0.02860005 0.09533937
v -0.04081863 0.05644707 0.10052359
v -0.03436398 0.05644707 0.09041252
v -0.03166112 0.03502193 0.08745027
v -0.03527924 0.03161936 0.09149718
v -0.03436398 0.05644707 0.09041252
v -0.03527924 0.03161936 0.09149718
v -0.03792974 0.05644707 0.09525206
v -0.03018500 0.05644707 0.08609153
v -0.03166112 0.03502193 0.08745027
v -0.03436398 0.05644707 0.09041252
v -0.02544825 0.03932647 0.08234065
v -0.03018500 0.05644707 0.08609153
v -0.02546737 0.05644707 0.08236611
v -0.02544825 0.03932647 0.08234065
v -0.02883989 0.03712679 0.08491886
v -0.03018500 0.05644707 0.08609153
v -0.03018500 0.05644707 0.08609153
v -0.02883989 0.03712679 0.08491886
v -0.03166112 0.03502193 0.08745027
v -0.02029526 0.05644707 0.07930256
v -0.02088166 0.04165265 0.07958022
v -0.02546737 0.05644707 0.08236611
v -0.02546737 0.05644707 0.08236611
v -0.02088166 0.04165265 0.07958022
v -0.02544825 0.03932647 0.08234065
v -0.01625608 0.04353142 0.07745364
v -0.02029526 0.05644707 0.07930256
v -0.01476100 0.05644708 0.07695578
v -0.02029526 0.05644707 0.07930256
v -0.01625608 0.04353142 0.07745364
v -0.02088166 0.04165265 0.07958022
v -0.00896333 0.05644708 0.07536780
v -0.00880446 0.04565356 0.07529959
v -0.01476100 0.05644708 0.07695578
v -0.01476100 0.05644708 0.07695578
v -0.00880446 0.04565356 0.07529959
v -0.01259580 0.04450233 0.07619279
v -0.01259580 0.04450233 0.07619279
v -0.01625608 0.04353142 0.07745364
v -0.01476100 0.05644708 0.07695578
v -0.00300570 0.05644708 0.07456642
v -0.00302732 0.04656077 0.07456433
v -0.00896333 0.05644708 0.07536780
v -0.00896333 0.05644708 0.07536780
v -0.00302732 0.04656077 0.07456433
v -0.00508417 0.04612201 0.07471450
v -0.00508417 0.04612201 0.07471450
v -0.00880446 0.04565356 0.07529959
v -0.00896333 0.05644708 0.07536780
v 0.00300555 0.05644708 0.07456642
v 0.00092273 0.04667936 0.07445783
v -0.00300570 0.05644708 0.07456642
v -0.00300570 0.05644708 0.07456642
v 0.00092273 0.04667936 0.07445783
v -0.00302732 0.04656077 0.07456433
v 0.00300555 0.05644708 0.07456642
v 0.00456983 0.04644416 0.07468930
v 0.00092273 0.04667936 0.07445783
v 0.00456983 0.04644416 0.07468930
v 0.00300555 0.05644708 0.07456642
v 0.00856368 0.04578806 0.07527700
v 0.01476085 0.05644709 0.07695578
v 0.01183685 0.04498655 0.07600572
v 0.00856368 0.04578806 0.07527700
v 0.01476085 0.05644709 0.07695578
v 0.00856368 0.04578806 0.07527700
v 0.00896318 0.05644708 0.07536780
v 0.00896318 0.05644708 0.07536780
v 0.00856368 0.04578806 0.07527700
v 0.00300555 0.05644708 0.07456642
v 0.02090548 0.04166287 0.07960330
v 0.01659500 0.04345735 0.07761822
v 0.02029512 0.05644709 0.07930256
v 0.02029512 0.05644709 0.07930256
v 0.01659500 0.04345735 0.07761822
v 0.01476085 0.05644709 0.07695578
v 0.01476085 0.05644709 0.07695578
v 0.01659500 0.04345735 0.07761822
v 0.01183685 0.04498655 0.07600572
v 0.02516214 0.03948297 0.08214272
v 0.02090548 0.04166287 0.07960330
v 0.02546721 0.05644709 0.08236611
v 0.02029512 0.05644709 0.07930256
v 0.02951178 0.03665441 0.08547127
v 0.02516214 0.03948297 0.08214272
v 0.03018485 0.05644709 0.08609153
v 0.03018485 0.05644709 0.08609153
v 0.02516214 0.03948297 0.08214272
v 0.02546721 0.05644709 0.08236611
v 0.03528989 0.03168544 0.09150879
v 0.03232432 0.03445754 0.08814802
v 0.03436382 0.05644709 0.09041252
v 0.03232432 0.03445754 0.08814802
v 0.02951178 0.03665441 0.08547127
v 0.03436382 0.05644709 0.09041252
v 0.03436382 0.05644709 0.09041252
v 0.02951178 0.03665441 0.08547127
v 0.03018485 0.05644709 0.08609153
v 0.03836241 0.02809325 0.09587926
v 0.03528989 0.03168544 0.09150879
v 0.03792958 0.05644709 0.09525206
v 0.03792958 0.05644709 0.09525206
v 0.03528989 0.03168544 0.09150879
v 0.03436382 0.05644709 0.09041252
v 0.04081268 0.02453792 0.10041979
v 0.03836241 0.02809325 0.09587926
v 0.04081848 0.05644710 0.10052359
v 0.04081848 0.05644710 0.10052359
v 0.03836241 0.02809325 0.09587926
v 0.03792958 0.05644709 0.09525206
v 0.04280002 0.02149832 0.10552713
v 0.04081268 0.02453792 0.10041979
v 0.04297898 0.05644710 0.10613322
v 0.04081848 0.05644710 0.10052359
v 0.04437251 0.05644710 0.11198074
v 0.04406184 0.01735750 0.11028986
v 0.04280002 0.02149832 0.10552713
v 0.04437251 0.05644710 0.11198074
v 0.04280002 0.02149832 0.10552713
v 0.04297898 0.05644710 0.10613322
v 0.04497421 0.05644710 0.11796177
v 0.04499973 0.00667577 0.11918505
v 0.04480338 0.01300697 0.11506441
v 0.04497421 0.05644710 0.11796177
v 0.04480338 0.01300697 0.11506441
v 0.04437251 0.05644710 0.11198074
v 0.04437251 0.05644710 0.11198074
v 0.04480338 0.01300697 0.11506441
v 0.04406184 0.01735750 0.11028986
v -0.00000008 0.05644709 0.16446476
v -0.00315121 -0.01143144 0.16435437
v -0.00023655 -0.01138571 0.16446787
v -0.01188871 0.05644708 0.16286588
v -0.01131868 -0.01196895 0.16301809
v -0.00858531 -0.01171942 0.16363827
v -0.01188871 0.05644708 0.16286588
v -0.00858531 -0.01171942 0.16363827
v -0.00595792 -0.01154655 0.16407067
v -0.01188871 0.05644708 0.16286588
v -0.00595792 -0.01154655 0.16407067
v -0.00599791 0.05644708 0.16406327
v -0.00599791 0.05644708 0.16406327
v -0.00595792 -0.01154655 0.16407067
v -0.00000008 0.05644709 0.16446476
v -0.00000008 0.05644709 0.16446476
v -0.00595792 -0.01154655 0.16407067
v -0.00315121 -0.01143144 0.16435437
v -0.01756736 0.05644708 0.16089410
v -0.01661125 -0.01266533 0.16128660
v -0.01399944 -0.01228550 0.16222449
v -0.01756736 0.05644708 0.16089410
v -0.01399944 -0.01228550 0.16222449
v -0.01188871 0.05644708 0.16286588
v -0.01188871 0.05644708 0.16286588
v -0.01399944 -0.01228550 0.16222449
v -0.01131868 -0.01196895 0.16301809
v -0.02168495 -0.01362732 0.15889523
v -0.01918293 -0.01311406 0.16017121
v -0.02293253 0.05644708 0.15818305
v -0.01756736 0.05644708 0.16089410
v -0.01756736 0.05644708 0.16089410
v -0.01918293 -0.01311406 0.16017121
v -0.01661125 -0.01266533 0.16128660
v -0.02788846 0.05644708 0.15478099
v -0.02759347 -0.01519019 0.15501529
v -0.02411108 -0.01420580 0.15744925
v -0.02293253 0.05644708 0.15818305
v -0.02293253 0.05644708 0.15818305
v -0.02411108 -0.01420580 0.15744925
v -0.02168495 -0.01362732 0.15889523
v -0.03347625 -0.01738099 0.14955996
v -0.03088978 -0.01632508 0.15218812
v -0.03234672 0.05644707 0.15074863
v -0.03234672 0.05644707 0.15074863
v -0.03088978 -0.01632508 0.15218812
v -0.02759347 -0.01519019 0.15501529
v -0.03234672 0.05644707 0.15074863
v -0.02759347 -0.01519019 0.15501529
v -0.02788846 0.05644708 0.15478099
v -0.03730079 -0.01933832 0.14469291
v -0.03347625 -0.01738099 0.14955996
v -0.03622776 0.05644707 0.14615810
v -0.03622776 0.05644707 0.14615810
v -0.03347625 -0.01738099 0.14955996
v -0.03234672 0.05644707 0.15074863
v -0.03946230 0.05644707 0.14109126
v -0.03730079 -0.01933832 0.14469291
v -0.03622776 0.05644707 0.14615810
v -0.04199265 0.05644707 0.13563863
v -0.04239503 -0.02339763 0.13460455
v -0.03999805 -0.02118886 0.14009478
v -0.04199265 0.05644707 0.13563863
v -0.03999805 -0.02118886 0.14009478
v -0.03946230 0.05644707 0.14109126
v -0.03946230 0.05644707 0.14109126
v -0.03999805 -0.02118886 0.14009478
v -0.03730079 -0.01933832 0.14469291
v -0.04377365 0.05644707 0.12989711
v -0.04392038 -0.02554933 0.12925673
v -0.04239503 -0.02339763 0.13460455
v -0.04377365 0.05644707 0.12989711
v -0.04239503 -0.02339763 0.13460455
v -0.04199265 0.05644707 0.13563863
v -0.04499932 0.00695441 0.11924035
v -0.04476293 -0.02759984 0.12415689
v -0.04477350 0.05644707 0.12396969
v -0.04476293 -0.02759984 0.12415689
v -0.04392038 -0.02554933 0.12925673
v -0.04477350 0.05644707 0.12396969
v -0.04477350 0.05644707 0.12396969
v -0.04392038 -0.02554933 0.12925673
v -0.04377365 0.05644707 0.12989711
v 0.04473008 -0.02729153 0.12492368
v 0.04498484 -0.01136346 0.11839626
v 0.04477334 0.05644710 0.12396969
v 0.04377349 0.05644710 0.12989711
v 0.04343538 -0.02474186 0.13126389
v 0.04473008 -0.02729153 0.12492368
v 0.04377349 0.05644710 0.12989711
v 0.04473008 -0.02729153 0.12492368
v 0.04477334 0.05644710 0.12396969
v 0.04204915 -0.02304382 0.13548364
v 0.04343538 -0.02474186 0.13126389
v 0.04377349 0.05644710 0.12989711
v 0.04002063 -0.02120887 0.14004318
v 0.04204915 -0.02304382 0.13548364
v 0.04199250 0.05644710 0.13563863
v 0.04199250 0.05644710 0.13563863
v 0.04204915 -0.02304382 0.13548364
v 0.04377349 0.05644710 0.12989711
v 0.03946216 0.05644710 0.14109126
v 0.03736331 -0.01938027 0.14458603
v 0.04002063 -0.02120887 0.14004318
v 0.03946216 0.05644710 0.14109126
v 0.04002063 -0.02120887 0.14004318
v 0.04199250 0.05644710 0.13563863
v 0.03351629 -0.01740481 0.14949736
v 0.03736331 -0.01938027 0.14458603
v 0.03622760 0.05644710 0.14615810
v 0.03622760 0.05644710 0.14615810
v 0.03736331 -0.01938027 0.14458603
v 0.03946216 0.05644710 0.14109126
v 0.02774346 -0.01523802 0.15489418
v 0.03234657 0.05644709 0.15074863
v 0.02788831 0.05644709 0.15478099
v 0.03234657 0.05644709 0.15074863
v 0.02774346 -0.01523802 0.15489418
v 0.03107172 -0.01639458 0.15201522
v 0.03107172 -0.01639458 0.15201522
v 0.03351629 -0.01740481 0.14949736
v 0.03234657 0.05644709 0.15074863
v 0.03234657 0.05644709 0.15074863
v 0.03351629 -0.01740481 0.14949736
v 0.03622760 0.05644710 0.14615810
v 0.02427850 -0.01424889 0.15734155
v 0.02774346 -0.01523802 0.15489418
v 0.02788831 0.05644709 0.15478099
v 0.02293237 0.05644709 0.15818305
v 0.02427850 -0.01424889 0.15734155
v 0.02788831 0.05644709 0.15478099
v 0.01931081 -0.01313851 0.16010961
v 0.02293237 0.05644709 0.15818305
v 0.01756721 0.05644709 0.16089410
v 0.01931081 -0.01313851 0.16010961
v 0.02185781 -0.01366575 0.15879974
v 0.02293237 0.05644709 0.15818305
v 0.02293237 0.05644709 0.15818305
v 0.02185781 -0.01366575 0.15879974
v 0.02427850 -0.01424889 0.15734155
v 0.01398990 -0.01228425 0.16222760
v 0.01666908 -0.01267459 0.16126350
v 0.01756721 0.05644709 0.16089410
v 0.01188857 0.05644709 0.16286588
v 0.01128257 -0.01196518 0.16302748
v 0.01398990 -0.01228425 0.16222760
v 0.01188857 0.05644709 0.16286588
v 0.01398990 -0.01228425 0.16222760
v 0.01756721 0.05644709 0.16089410
v 0.01756721 0.05644709 0.16089410
v 0.01666908 -0.01267459 0.16126350
v 0.01931081 -0.01313851 0.16010961
v 0.00599776 0.05644709 0.16406327
v 0.00563436 -0.01152948 0.16411527
v 0.01188857 0.05644709 0.16286588
v 0.01188857 0.05644709 0.16286588
v 0.00563436 -0.01152948 0.16411527
v 0.00840503 -0.01170549 0.16367297
v 0.00840503 -0.01170549 0.16367297
v 0.01128257 -0.01196518 0.16302748
v 0.01188857 0.05644709 0.16286588
v -0.00000008 0.05644709 0.16446476
v -0.00023655 -0.01138571 0.16446787
v 0.00280259 -0.01142219 0.16437317
v -0.00000008 0.05644709 0.16446476
v 0.00280259 -0.01142219 0.16437317
v 0.00599776 0.05644709 0.16406327
v 0.00599776 0.05644709 0.16406327
v 0.00280259 -0.01142219 0.16437317
v 0.00563436 -0.01152948 0.16411527
f 1 2 3
f 3 4 1
f 5 6 3
f 3 6 7
f 3 7 8
f 9 10 3
f 3 10 11
f 3 11 5
f 12 13 3
f 3 13 14
f 3 14 9
f 15 16 3
f 3 16 17
f 3 17 12
f 18 19 3
f 3 19 20
f 3 20 15
f 21 22 3
f 3 22 23
f 3 23 18
f 24 25 3
f 3 25 26
f 3 26 21
f 27 28 3
f 3 28 29
f 3 29 24
f 30 31 3
f 3 31 32
f 3 32 27
f 33 34 3
f 3 34 35
f 3 35 30
f 36 37 3
f 3 37 38
f 3 38 33
f 39 40 3
f 3 40 41
f 3 41 36
f 42 43 3
f 3 43 44
f 3 44 39
f 2 45 3
f 3 45 46
f 3 46 42
f 47 48 49
f 50 51 52
f 53 54 55
f 56 57 58
f 59 60 61
f 62 63 64
f 65 66 67
f 68 69 70
f 71 72 73
f 74 75 76
f 77 78 79
f 80 81 82
f 83 84 85
f 86 87 88
f 89 90 91
f 89 91 92
f 93 94 95
f 96 97 98
f 99 100 101
f 102 103 104
f 105 106 107
f 108 109 110
f 111 112 113
f 114 115 116
f 117 118 119
f 120 121 122
f 123 124 125
f 123 125 126
f 127 128 129
f 130 131 132
f 133 134 135
f 136 137 138
f 139 140 141
f 142 143 144
f 145 146 147
f 148 149 150
f 151 152 153
f 154 155 156
f 157 158 159
f 160 161 162
f 163 164 165
f 166 167 168
f 169 170 171
f 172 173 174
f 175 176 177
f 178 179 180
f 181 182 183
f 184 185 186
f 187 188 189
f 190 191 192
f 193 194 195
f 196 197 198
f 199 200 201
f 202 203 204
f 205 206 207
f 208 209 210
f 211 212 213
f 214 215 216
f 217 218 219
f 220 221 222
f 223 224 225
f 226 227 228
f 229 230 231
f 232 233 234
f 235 236 237
f 238 239 240
f 241 242 243
f 244 245 246
f 247 248 249
f 247 249 250
f 251 252 253
f 254 255 256
f 257 258 259
f 260 261 262
f 263 264 265
f 266 267 268
f 269 270 271
f 272 273 274
f 275 276 277
f 278 279 280
f 281 282 283
f 284 285 286
f 287 288 289
f 290 291 292
f 293 294 295
f 293 295 296
f 297 298 299
f 300 301 302
f 303 304 305
f 306 307 308
f 309 310 311
f 312 313 314
f 315 316 317
f 318 319 320
f 321 322 323
f 324 325 326
f 327 328 329
f 327 329 330
f 331 332 333
f 334 335 336
f 337 338 339
f 340 341 342
f 343 344 345
f 346 347 348
f 349 350 351
f 352 353 354
f 355 356 357
f 358 359 360
f 361 362 363
f 364 365 366
f 367 368 369
f 370 371 372
f 373 374 375
f 376 377 378
f 379 380 381
f 382 383 384
f 385 386 387
f 388 389 390
f 391 392 393
f 394 395 396
f 397 398 399
f 399 398 400
f 401 402 403
f 404 405 406
f 407 408 409
f 410 411 412
f 413 414 415
f 416 417 418
f 419 420 421
f 422 423 424
f 425 426 427
f 428 429 430
f 431 432 433
f 433 432 434
f 435 436 437
f 438 439 440
f 441 442 443
f 444 445 446
f 447 448 449
f 450 451 452
f 453 454 455
f 456 457 458
f 459 460 461
f 462 463 464
f 465 466 467
f 468 469 470
f 471 472 473
f 474 475 476
f 477 478 479
f 480 481 482
f 483 484 485
f 486 487 488
f 489 490 491
f 492 493 494
f 495 496 497
f 498 499 500
f 501 502 503
f 501 503 504
f 505 506 507
f 508 509 510
f 511 512 513
f 514 515 516
f 517 518 519
f 520 521 522
f 523 524 525
f 526 527 528
f 529 530 531
f 532 533 534
f 535 536 537
f 538 539 540
f 541 542 543
f 544 545 546
f 547 548 549
f 550 551 552
f 553 554 555
f 556 557 558
f 559 560 561
f 562 563 564
f 565 566 567
f 568 569 570
f 571 572 573
f 574 575 576
f 577 578 579
f 580 581 582
f 583 584 585
f 586 587 588
f 589 590 591
f 592 593 594
f 595 596 597
f 598 599 600
f 601 602 603
f 603 602 604
f 605 606 607
f 608 609 610
f 611 612 613
f 614 615 616
f 617 618 619
f 620 621 622
f 623 624 625
f 626 627 628
f 629 630 631
f 632 633 634
f 635 636 637
f 637 636 638
f 639 640 641
f 642 643 644
f 645 646 647
f 648 649 650
f 651 652 653
f 654 655 656
f 657 658 659
f 660 661 662
f 663 664 665
f 666 667 668
f 669 670 671
f 672 673 674
f 675 676 677
f 678 679 680
f 681 682 683
f 684 685 686
f 687 688 689
f 690 691 692
f 693 694 695
f 696 697 698
f 699 700 701
f 702 703 704
f 705 706 707
f 703 708 709
f 710 711 712
f 709 708 713
f 713 708 714
f 715 716 717
f 718 719 720
f 720 719 721
f 722 723 720
f 720 723 718
f 724 725 726
f 724 726 727
f 713 714 726
f 726 714 727
f 704 703 709
f 728 729 730
f 728 730 731
f 732 733 734
f 734 733 728
f 728 733 729
f 701 700 735
f 735 700 732
f 736 737 738
f 706 739 740
f 740 739 741
f 707 706 740
f 742 743 744
f 724 745 725
f 725 745 722
f 722 745 723
f 731 730 702
f 731 702 704
f 735 732 734
f 746 699 747
f 747 699 701
f 748 746 749
f 750 737 751
f 751 737 736
f 752 753 754
f 754 753 755
f 755 753 756
f 757 758 759
f 757 759 760
f 761 762 763
f 764 705 765
f 765 705 707
f 766 764 767
f 767 764 765
f 749 746 747
f 768 748 769
f 769 748 749
f 712 711 770
f 771 772 773
f 771 773 774
f 775 738 771
f 771 738 772
f 736 738 775
f 776 777 756
f 756 777 755
f 752 754 778
f 752 778 779
f 760 759 780
f 760 780 778
f 778 780 779
f 781 782 757
f 757 782 758
f 783 784 782
f 783 782 781
f 785 786 783
f 783 786 784
f 787 788 789
f 789 788 785
f 785 788 786
f 762 761 787
f 762 787 789
f 743 766 744
f 744 766 767
f 742 790 743
f 791 715 792
f 792 715 717
f 711 768 770
f 770 768 769
f 773 710 774
f 774 710 712
f 793 750 794
f 794 750 751
f 795 796 797
f 797 796 794
f 794 796 793
f 776 795 777
f 777 795 797
f 739 763 741
f 741 763 762
f 798 716 742
f 742 716 790
f 717 716 798
f 719 791 721
f 721 791 792
f 799 800 801
f 802 803 804
f 805 806 807
f 808 809 810
f 811 812 813
f 814 815 816
f 817 818 819
f 820 821 822
f 823 824 825
f 826 827 828
f 829 830 831
f 832 833 834
f 835 836 837
f 838 839 840
f 841 842 843
f 844 845 846
f 847 848 849
f 850 851 852
f 853 854 855
f 856 857 858
f 859 860 861
f 862 863 864
f 865 866 867
f 868 869 870
f 871 872 873
f 874 875 876
f 871 877 872
f 878 879 880
f 881 882 883
f 884 885 886
f 887 888 889
f 890 891 892
f 893 894 895
f 896 897 898
f 899 900 901
f 902 903 904
f 905 906 907
f 908 909 910
f 911 912 913
f 914 915 916
f 917 918 919
f 920 921 922
f 923 924 925
f 926 927 928
f 929 930 931
f 932 933 934
f 935 936 937
f 938 939 940
f 941 942 943
f 944 945 946
f 947 948 949
f 950 951 952
f 953 954 955
f 956 957 958
f 959 960 961
f 962 963 964
f 965 966 967
f 968 969 970
f 971 972 973
f 974 975 976
f 977 978 979
f 980 981 982
f 983 984 985
f 983 985 986
f 987 988 989
f 990 991 992
f 993 994 995
f 996 997 998
f 996 998 999
f 1000 1001 1002
f 1003 1004 1005
f 1006 1007 1008
f 1009 1010 1011
f 1012 1013 1014
f 1015 1016 1017
f 1018 1019 1020
f 1021 1022 1023
f 1024 1025 1026
f 1027 1028 1029
f 1030 1019 1018
f 1031 1032 1033
f 1034 1035 1036
f 1037 923 925
f 1038 1039 1040
f 1041 1042 1043
f 1044 1045 1046
f 1047 1048 1049
f 1050 1051 1052
f 1053 1054 1055
f 1056 1057 1058
f 1059 1060 1061
f 1062 1063 1064
f 1065 1066 1067
f 1068 1062 1064
f 1069 1070 1071
f 1072 1073 1074
f 1075 1076 1077
f 1078 1079 1080
f 1081 1082 1083
f 1084 1085 1086
f 1087 1088 1089
f 1090 1091 1092
f 1093 1094 1095
f 1096 1097 1098
f 1099 1100 1101
f 1102 1103 1104
f 1105 1106 1107
f 1108 1109 1110
f 1111 1112 1113
f 1114 1115 1116
f 1117 1093 1095
f 1118 1119 1120
f 1121 1122 1123
f 1124 1125 1126
f 1127 1128 1129
f 1130 1131 1132
f 1133 1134 1135
f 1136 1137 1138
f 1139 1140 1141
f 1142 1143 1144
f 1145 1146 1147
f 1148 1149 1150
f 1151 1152 1153
f 1154 1155 1156
f 1157 1158 1159
f 1160 1161 1162
f 1163 1164 1165
f 1166 1167 1168
f 1169 1170 1171
f 1172 1173 1174
f 1175 1176 1177
f 1178 1179 1180
f 1181 1182 1183
f 1183 1184 1181
f 1185 1186 1187
f 1188 1189 1190
f 1191 1192 1193
f 1194 1195 1196
f 1197 1198 1199
f 1200 1201 1202
f 1203 1204 1205
f 1206 1207 1208
f 1209 1210 1211
f 1212 1213 1214
f 1215 1216 1217
f 1218 1219 1220
f 1221 1222 1223
f 1224 1225 1226
f 1227 1228 1229
f 1230 1231 1232
f 1233 1234 1235
f 1236 1237 1238
f 1239 1240 1241
f 1242 1243 1244
f 1245 1246 1247
f 1248 1249 1250
f 1251 1252 1253
f 1254 1255 1256
f 1257 1258 1259
f 1260 1261 1262
f 1263 1264 1265
f 1266 1267 1268
f 1269 1270 1271
f 1272 1273 1274
f 1275 1276 1277
f 1278 1279 1280
f 1281 1282 1283
f 1284 1285 1286
f 1287 1288 1289
f 1290 1291 1292
f 1293 1294 1295
f 1296 1297 1298
f 1299 1300 1301
f 1302 1303 1304
f 1305 1306 1307
f 1308 1309 1310
f 1311 1312 1313
f 1314 1315 1316
f 1317 1318 1319
f 1320 1321 1322
f 1323 1324 1325
f 1326 1327 1328
f 1329 1330 1331
f 1332 1333 1334
f 1335 1336 1337
f 1338 1339 1340
f 1341 1342 1343
f 1344 1345 1346
f 1347 1348 1349
f 1350 1351 1352
f 1353 1354 1355
f 1356 1357 1358
f 1356 1358 1359
f 1360 1361 1362
f 1363 1364 1365
f 1366 1367 1368
f 1369 1370 1371
f 1372 1373 1374
f 1375 1376 1377
f 1378 1379 1380
f 1381 1382 1383
f 1384 1385 1386
f 1387 1388 1389
f 1390 1391 1392
f 1393 1394 1395
f 1396 1397 1398
f 1399 1400 1401
f 1402 1403 1404
f 1405 1406 1407
f 1408 1409 1410
f 1411 1412 1413
f 1414 1415 1416
f 1417 1418 1419
f 1420 1421 1422
f 1423 1424 1425
f 1426 1427 1428
f 1429 1430 1431
f 1432 1433 1434
f 1435 1436 1437
f 1438 1439 1440
f 1441 1118 1120
f 1380 1442 1378
f 1443 1444 1445
f 1446 1447 1448
f 1449 1450 1451
f 1452 1453 1454
f 1455 1456 1457
f 1458 1459 1460
f 1461 1462 1463
f 1464 1465 1466
f 1467 1468 1469
f 1470 1471 1472
f 1473 1474 1475
f 1476 1477 1478
f 1479 1480 1481
f 1444 1443 1482
f 1483 1484 1485
f 1483 1485 1486
f 1487 1488 1489
f 1490 1491 1492
f 1493 1494 1495
f 1496 1497 1498
f 1499 1500 1501
f 1502 1503 1504
f 1505 1506 1507
f 1508 1509 1510
f 1511 1512 1513
f 1514 1515 1516
f 1517 1518 1519
f 1520 1521 1522
f 1523 1524 1525
f 1526 1527 1528
f 1529 1530 1531
f 1532 1533 1534
f 1535 1536 1537
f 1538 1539 1540
f 1541 1542 1543
f 1544 1545 1546
f 1547 1548 1549
f 1550 1551 1552
f 1553 1554 1555
f 1556 1557 1558
f 1559 1560 1561
f 1562 1563 1564
f 1565 1566 1567
f 1568 1569 1570
f 1571 1572 1573
f 1574 1575 1576
f 1577 1578 1579
f 1580 1581 1582
f 1583 1584 1585
f 1586 1587 1588
f 1589 1590 1591
f 1592 1593 1594
f 1595 1596 1597
f 1598 1599 1600
f 1600 1599 1601
f 1602 1603 1604
f 1605 1606 1607
f 1608 1609 1610
f 1611 1612 1613
f 1614 1615 1616
f 1617 1618 1619
f 1620 1621 1622
f 1623 1624 1625
f 1626 1627 1628
f 1629 1630 1631
f 1632 1633 1634
f 1635 1636 1637
f 1637 1636 1638
f 1622 1639 1620
f 1640 1641 1642
f 1643 1644 1645
f 1646 1647 1648
f 1649 1650 1651
f 1652 1653 1654
f 1655 1656 1657
f 1658 1659 1660
f 1661 1662 1663
f 1664 1665 1666
f 1667 1668 1669
f 1670 1671 1672
f 1673 1674 1675
f 1676 1677 1678
f 1679 1680 1681
f 1682 1683 1684
f 1685 1686 1687
f 1688 1689 1690
f 1691 1692 1693
f 1670 1672 1694
f 1695 1696 1697
f 1698 1699 1700
f 1701 1702 1703
f 1704 1705 1706
f 1707 1708 1709
f 1710 1711 1712
f 1713 1714 1715
f 1716 1717 1718
f 1719 1720 1721
f 1722 1723 1724
f 1725 1726 1727
f 1728 1729 1730
f 1731 1732 1733
f 1734 1735 1736
f 1737 1738 1739
f 1740 1741 1742
f 1743 1744 1745
f 1746 1747 1748
f 1749 1750 1751
f 1751 1750 1752
f 1753 1754 1755
f 1756 1757 1758
f 1759 1760 1761
f 1762 1763 1764
f 1765 1766 1767
f 1768 1769 1770
f 1771 1772 1773
f 1774 1775 1776
f 1777 1778 1779
f 1780 1781 1782
f 1783 1784 1785
f 1786 1787 1788
f 1789 1790 1791
f 1792 1793 1794
f 1795 1796 1797
f 1798 1799 1800
f 1801 1802 1803
f 1804 1805 1806
f 1807 1808 1809
f 1810 1811 1812
f 1813 1814 1815
f 1816 1817 1818
f 1819 1820 1821
f 1822 1823 1824
f 1825 1826 1827
f 1828 1829 1830
f 1831 1832 1833
f 1834 1835 1836
f 1837 1838 1839
f 1840 1841 1842
f 1843 1844 1845
f 1846 1847 1848
f 1849 1850 1851
f 1852 1853 1854
f 1855 1856 1857
f 1858 1859 1860
f 1861 1862 1863
f 1864 1865 1866
f 1867 1868 1869
f 1867 1869 1870
f 1871 1872 1873
f 1874 1875 1876
f 1877 1878 1879
f 1880 1881 1882
f 1883 1884 1885
f 1886 1887 1888
f 1889 1890 1891
f 1892 1893 1894
f 1895 1896 1897
f 1898 1899 1900
f 1901 1902 1903
f 1904 1905 1906
f 1907 1908 1909
f 1910 1911 1912
f 1913 1914 1915
f 1916 1917 1918
f 1919 1920 1921
f 1922 1923 1924
f 1925 1926 1927
f 1928 1929 1930
f 1931 1932 1933
f 1934 1935 1936
f 1937 1938 1939
f 1940 1941 1942
f 1943 1944 1945
f 1946 1947 1948
f 1949 1950 1951
f 1952 1953 1954
f 1955 1956 1957
f 1958 1959 1960
f 1958 1960 1961
f 1962 1963 1964
f 1965 1966 1967
f 1968 1969 1970
f 1968 1970 1971
f 1972 1973 1974
f 1975 1976 1977
f 1978 1979 1980
f 1978 1980 1981
f 1982 1983 1984
f 1985 1986 1987
f 1988 1989 1990
f 1991 1992 1993
f 1994 1995 1996
f 1997 1998 1999
f 1844 2000 1845
f 2001 2002 2003
f 2004 2005 2006
f 2007 2008 2009
f 2010 2011 2012
f 2013 2014 2015
f 2016 2017 2018
f 2019 2020 2021
f 2019 2021 2022
f 2023 2024 2025
f 2026 2027 2028
f 2029 2030 2031
f 2032 2033 2034
f 2035 2036 2037
f 2038 2039 2040
f 2041 2042 2043
f 2044 2045 2046
f 2047 2048 2049
f 2050 2051 2052
f 2053 2054 2055
f 2053 2055 2056
f 2057 2058 2059
f 2060 2061 2062
f 2063 2064 2065
f 2066 2067 2068
f 2069 2070 2071
f 2072 2073 2074
f 2075 2076 2077
f 2078 2079 2080
f 2081 2082 2083
f 2084 2085 2086
f 2087 2088 2089
f 2090 2091 2092
f 2038 2040 2093
f 2094 2095 2096
f 2097 2098 2099
f 2100 2101 2102
f 2103 2104 2105
f 2106 2107 2108
f 2109 2110 2111
f 2112 2113 2114
f 2115 2116 2117
f 2118 2119 2120
f 2121 2122 2123
f 2124 2125 2126
f 2127 2128 2129
f 2130 2131 2132
f 2133 2134 2135
f 2136 2137 2138
f 2139 2140 2141
f 2142 2143 2144
f 2145 2146 2147
f 2145 2147 2148
f 2149 2150 2151
f 2152 2153 2154
f 2155 2156 2157
f 2158 2159 2160
f 2161 2162 2163
f 2161 2163 2164
f 2165 2166 2167
f 2168 2169 2170
f 2171 2172 2173
f 2174 2175 2176
f 2177 2178 2179
f 2180 2181 2182
f 2183 2184 2185
f 2186 2187 2188
f 2189 2190 2191
f 2192 2193 2194
f 2195 2196 2197
f 2198 2199 2200
f 2201 2202 2203
f 2201 2203 2204
f 2205 2206 2207
f 2208 2209 2210
f 2211 2212 2213
f 2214 2215 2216
f 2217 2218 2219
f 2220 2221 2222
f 2223 2224 2225
f 2226 2227 2228
f 2229 2230 2231
f 2232 2233 2234
f 2235 2236 2237
f 2238 2239 2240
f 2241 2242 2243
f 2244 2245 2246
f 2247 2248 2249
f 2250 2251 2252
f 2253 2254 2255
f 2256 2257 2258
f 2259 2260 2261
f 2262 2263 2264
f 2265 2266 2267
f 2268 2269 2270
f 2271 2272 2273
f 2274 2275 2276
f 2277 2278 2279
f 2280 2281 2282
f 2283 2284 2285
f 2286 2287 2288
f 2289 2290 2291
f 2292 2293 2294
f 2294 2293 2295
f 2296 2297 2298
f 2299 2300 2301
f 2302 2303 2304
f 2304 2303 2305
f 2306 2307 2308
f 2309 2310 2311
f 2312 2313 2314
f 2315 2316 2317
f 2318 2319 2320
f 2321 2322 2323
f 2324 2325 2326
f 2327 2328 2329
f 2330 2331 2332
f 2333 2334 2335
f 2336 2337 2338
f 2339 2340 2341
f 2342 2343 2344
f 2345 2346 2347
f 2348 2349 2350
f 2351 2352 2353
f 2354 2355 2356
f 2357 2358 2359
f 2360 2361 2362
f 2363 2364 2365
f 2366 2367 2368
f 2369 2370 2371
f 2372 2373 2374
f 2375 2376 2377
f 2378 2379 2380
f 2381 2382 2383
f 2384 2385 2386
f 2387 2388 2389
f 2390 2391 2392
f 2393 2394 2395
f 2396 2397 2398
f 2399 2400 2401
f 2402 2403 2404
f 2405 2406 2407
f 2408 2409 2410
f 2408 2411 2409
f 2412 2413 2414
f 2415 2416 2417
f 2418 2419 2420
f 2421 2422 2423
f 2416 2424 2417
f 2425 2426 2427
f 2428 2429 2430
f 2431 2432 2433
f 2434 2435 2436
f 2437 2438 2439
f 2440 2441 2442
f 2443 2444 2445
f 2446 2447 2448
f 2449 2450 2451
f 2449 2451 2452
f 2453 2454 2455
f 2456 2457 2458
f 2459 2460 2461
f 2462 2463 2464
f 2465 2466 2467
f 2468 2469 2470
f 2471 2472 2473
f 2474 2475 2476
f 2477 2478 2479
f 2480 2481 2482
f 2483 2484 2485
f 2486 2487 2488
f 2489 2490 2491
f 2492 2493 2494
f 2495 2496 2497
f 2498 2499 2500
f 2501 2502 2503
f 2504 2505 2506
f 2507 2508 2509
f 2510 2511 2512
f 2513 2514 2515
f 2516 2517 2518
f 2519 2520 2521
f 2522 2523 2524
f 2525 2526 2527
f 2528 2529 2530
f 2531 2532 2533
f 2534 2535 2536
f 2537 2538 2539
f 2540 2541 2542
f 2543 2544 2545
f 2546 2547 2548
f 2549 2550 2551
f 2551 2550 2552
f 2553 2554 2555
f 2556 2557 2558
f 2559 2560 2561
f 2562 2563 2564
f 2565 2566 2567
f 2568 2569 2570
f 2571 2572 2573
f 2574 2575 2576
f 2577 2574 2576
f 2578 2579 2580
f 2581 2582 2583
f 2584 2585 2586
f 2587 2588 2589
f 2590 2591 2592
f 2593 2594 2595
f 2596 2597 2598
f 2599 2600 2601
f 2602 2603 2604
f 2603 2605 2606
f 2607 2608 2609
f 2610 2611 2606
f 2612 2613 2614
f 2615 2616 2617
f 2618 2619 2620
f 2621 2622 2623
f 2624 2625 2626
f 2627 2628 2629
f 2630 2631 2632
f 2633 2634 2635
f 2636 2637 2638
f 2639 2640 2641
f 2642 2643 2644
f 2645 2646 2647
f 2648 2649 2650
f 2651 2652 2653
f 2654 2655 2656
f 2657 2658 2659
f 2660 2661 2662
f 2663 2664 2665
f 2666 2667 2668
f 2669 2670 2671
f 2672 2673 2674
f 2675 2676 2677
f 2678 2679 2680
f 2681 2682 2683
f 2684 2685 2686
f 2687 2688 2689
f 2690 2691 2692
f 2693 2694 2695
f 2696 2697 2698
f 2699 2700 2701
f 2702 2703 2704
f 2705 2706 2707
f 2708 2709 2710
f 2711 2712 2713
f 2714 2715 2716
f 2717 2718 2719
f 2720 2721 2722
f 2723 2724 2725
f 2725 2724 2726
f 2727 2728 2729
f 2730 2731 2732
f 2733 2734 2735
f 2736 2737 2738
f 2739 2740 2741
f 2742 2743 2744
f 2745 2746 2747
f 2748 2749 2750
f 2751 2752 2753
f 2754 2755 2756
f 2756 2755 2757
f 2758 2759 2760
f 2761 2762 2763
f 2764 2765 2766
f 2767 2768 2769
f 2770 2771 2772
f 2773 2774 2775
f 2776 2777 2778
f 2779 2780 2781
f 2782 2783 2784
f 2785 2786 2787
f 2788 2789 2790
f 2791 2792 2793
f 2794 2795 2796
f 2797 2798 2799
f 2800 2801 2802
f 2802 2801 2803
f 2804 2805 2806
f 2807 2808 2809
f 2807 2809 2810
f 2811 2812 2813
f 2814 2815 2816
f 2817 2818 2819
f 2820 2821 2822
f 2823 2824 2825
f 2826 2827 2828
f 2829 2830 2831
f 2832 2833 2834
f 2835 2836 2837
f 2838 2839 2840
f 2841 2842 2843
f 2844 2845 2846
f 2847 2848 2849
f 2850 2851 2852
f 2853 2854 2855
f 2856 2857 2858
f 2859 2860 2861
f 2862 2863 2864
f 2865 2866 2867
f 2868 2869 2870
f 2871 2872 2873
f 2874 2875 2876
f 2877 2878 2879
f 2880 2881 2882
f 2883 2884 2885
f 2886 2887 2888
f 2889 2890 2891
f 2892 2893 2894
f 2895 2896 2897
f 2898 2899 2900
f 2901 2902 2903
f 2904 2905 2906
f 2907 2908 2909
f 2910 2911 2912
f 2913 2914 2915
f 2916 2917 2918
f 2919 2920 2921
f 2922 2923 2924
f 2925 2926 2927
f 2928 2929 2930
f 2931 2932 2933
f 2934 2935 2936
f 2937 2938 2939
f 2940 2941 2942
