# https://github.com/mikedh/trimesh
mtllib mtl_imetro_hatch_handle

o grab_handle-mesh
usemtl material_imetro_hatch_handle_0
v 0.08627754 0.01090860 0.00922191
v 0.07919776 0.01116132 0.00914818
v 0.07919776 0.00982720 0.00935936
v 0.07027810 0.00852495 0.00960588
v 0.07067215 0.00852495 0.00952500
v 0.07054829 0.01147013 0.00905818
v 0.08622759 0.00937652 0.00948685
v 0.07919776 0.00982720 0.00935936
v 0.07919776 0.00899166 0.00950408
v 0.08622044 0.00852495 0.00952500
v 0.07919776 0.00899166 0.00950408
v 0.07919776 0.00852495 0.00952500
v 0.07919776 0.00243056 0.00952500
v 0.07067215 0.00852495 0.00952500
v 0.07105964 -0.00463170 0.00952500
v 0.07027810 0.00852495 0.00960588
v 0.07105964 -0.00463170 0.00952500
v 0.07067215 0.00852495 0.00952500
v 0.08644717 0.01331079 0.00823534
v 0.07919776 0.01367986 0.00799477
v 0.07919776 0.01247149 0.00861049
v 0.06990402 0.01331830 0.00849813
v 0.07054829 0.01147013 0.00905818
v 0.07041519 0.01412689 0.00770330
v 0.08627754 0.01090860 0.00922191
v 0.07919776 0.01247149 0.00861049
v 0.07919776 0.01116132 0.00914818
v 0.07027810 0.00852495 0.00960588
v 0.07054829 0.01147013 0.00905818
v 0.06996482 0.00852495 0.00981808
v 0.06990402 0.01331830 0.00849813
v 0.06996482 0.00852495 0.00981808
v 0.07054829 0.01147013 0.00905818
v 0.08685553 0.01668030 0.00492084
v 0.07919776 0.01709645 0.00400931
v 0.07919776 0.01549094 0.00621682
v 0.06984525 0.01687806 0.00492704
v 0.07041519 0.01412689 0.00770330
v 0.07020616 0.01758509 0.00293904
v 0.08665329 0.01519858 0.00679600
v 0.07919776 0.01549094 0.00621682
v 0.07919776 0.01470661 0.00721258
v 0.08644717 0.01331079 0.00823534
v 0.07919776 0.01470661 0.00721258
v 0.07919776 0.01367986 0.00799477
v 0.06984525 0.01687806 0.00492704
v 0.06990402 0.01331830 0.00849813
v 0.07041519 0.01412689 0.00770330
v 0.08701318 0.01769781 -0.00256592
v 0.07919776 0.01764523 -0.00273961
v 0.07919776 0.01764535 -0.00000607
v 0.06981861 0.01819640 0.00000000
v 0.07020616 0.01758509 0.00293904
v 0.07020616 0.01758486 -0.00293964
v 0.08707118 0.01804995 0.00000000
v 0.07919776 0.01764535 -0.00000607
v 0.07919776 0.01783293 0.00137204
v 0.08700984 0.01767712 0.00263828
v 0.07919776 0.01783293 0.00137204
v 0.07919776 0.01763445 0.00277805
v 0.08700984 0.01767712 0.00263828
v 0.07919776 0.01709645 0.00400931
v 0.08685553 0.01668030 0.00492084
v 0.06981861 0.01819640 0.00000000
v 0.06984525 0.01687806 0.00492704
v 0.07020616 0.01758509 0.00293904
v 0.08666044 0.01525491 -0.00674039
v 0.07919776 0.01473653 -0.00718290
v 0.07919776 0.01631164 -0.00501656
v 0.06984525 0.01687806 -0.00492704
v 0.07020616 0.01758486 -0.00293964
v 0.07041525 0.01412642 -0.00770378
v 0.08686459 0.01674127 -0.00481850
v 0.07919776 0.01631164 -0.00501656
v 0.07919776 0.01712954 -0.00395381
v 0.08701318 0.01769781 -0.00256592
v 0.07919776 0.01712954 -0.00395381
v 0.07919776 0.01764523 -0.00273961
v 0.06984525 0.01687806 -0.00492704
v 0.06981861 0.01819640 0.00000000
v 0.07020616 0.01758486 -0.00293964
v 0.08645397 0.01338392 -0.00819242
v 0.07919776 0.01251053 -0.00858742
v 0.07919776 0.01371979 -0.00797135
v 0.06990402 0.01331830 -0.00849813
v 0.07041525 0.01412642 -0.00770378
v 0.07054829 0.01146960 -0.00905836
v 0.08645397 0.01338392 -0.00819242
v 0.07919776 0.01473653 -0.00718290
v 0.08666044 0.01525491 -0.00674039
v 0.06990402 0.01331830 -0.00849813
v 0.06984525 0.01687806 -0.00492704
v 0.07041525 0.01412642 -0.00770378
v 0.08622044 0.00852495 -0.00952500
v 0.07919776 0.00852495 -0.00952500
v 0.07919776 0.00984442 -0.00931585
v 0.06990402 0.01331830 -0.00849813
v 0.07054829 0.01146960 -0.00905836
v 0.07067215 0.00852495 -0.00952500
v 0.08622688 0.00933254 -0.00949067
v 0.07919776 0.00984442 -0.00931585
v 0.07919776 0.01029062 -0.00929683
v 0.08628344 0.01102614 -0.00919074
v 0.07919776 0.01029062 -0.00929683
v 0.07919776 0.01122575 -0.00913107
v 0.08628344 0.01102614 -0.00919074
v 0.07919776 0.01251053 -0.00858742
v 0.08645397 0.01338392 -0.00819242
v 0.08622044 -0.18632500 -0.00952500
v 0.08322781 -0.14882170 -0.00952500
v 0.08622044 -0.14882170 -0.00952500
v 0.07030302 -0.01618129 -0.01005285
v 0.07067215 0.00852495 -0.00952500
v 0.07105946 -0.00462729 -0.00952500
v 0.08309113 -0.14882170 -0.00952500
v 0.07030302 -0.01618129 -0.01005285
v 0.07027810 0.00852495 -0.00960588
v 0.07067215 0.00852495 -0.00952500
v 0.06990402 0.01331830 -0.00849813
v 0.07067215 0.00852495 -0.00952500
v 0.07027810 0.00852495 -0.00960588
v 0.08939564 0.00852495 -0.00867468
v 0.08622044 0.00852495 -0.00952500
v 0.08622688 0.00933254 -0.00949067
v 0.08876770 -0.03000783 -0.00884282
v 0.08622044 0.00852495 -0.00952500
v 0.08939564 0.00852495 -0.00867468
v 0.08706974 0.01277643 -0.00848478
v 0.08622688 0.00933254 -0.00949067
v 0.08628344 0.01102614 -0.00919074
v 0.08946120 0.00852495 -0.00863629
v 0.08939564 0.00852495 -0.00867468
v 0.08622688 0.00933254 -0.00949067
v 0.08991670 0.01092785 -0.00805402
v 0.08946120 0.00852495 -0.00863629
v 0.08622688 0.00933254 -0.00949067
v 0.08706974 0.01277643 -0.00848478
v 0.08991670 0.01092785 -0.00805402
v 0.08622688 0.00933254 -0.00949067
v 0.08706974 0.01277643 -0.00848478
v 0.08628344 0.01102614 -0.00919074
v 0.08645397 0.01338392 -0.00819242
v 0.08706974 0.01277643 -0.00848478
v 0.08645397 0.01338392 -0.00819242
v 0.08666044 0.01525491 -0.00674039
v 0.08849251 0.01519620 -0.00643086
v 0.08666044 0.01525491 -0.00674039
v 0.08686459 0.01674127 -0.00481850
v 0.08706974 0.01277643 -0.00848478
v 0.08666044 0.01525491 -0.00674039
v 0.08849251 0.01519620 -0.00643086
v 0.08969569 0.01670169 -0.00352842
v 0.08686459 0.01674127 -0.00481850
v 0.08701318 0.01769781 -0.00256592
v 0.08849251 0.01519620 -0.00643086
v 0.08686459 0.01674127 -0.00481850
v 0.08969569 0.01670169 -0.00352842
v 0.09017378 0.01724034 -0.00002014
v 0.08701318 0.01769781 -0.00256592
v 0.08707118 0.01804995 0.00000000
v 0.08969569 0.01670169 -0.00352842
v 0.08701318 0.01769781 -0.00256592
v 0.09017378 0.01724034 -0.00002014
v 0.09017378 0.01724034 -0.00002014
v 0.08707118 0.01804995 0.00000000
v 0.08700984 0.01767712 0.00263828
v 0.08970576 0.01671338 0.00349206
v 0.08700984 0.01767712 0.00263828
v 0.08685553 0.01668030 0.00492084
v 0.09017378 0.01724034 -0.00002014
v 0.08700984 0.01767712 0.00263828
v 0.08970576 0.01671338 0.00349206
v 0.08850812 0.01521772 0.00640315
v 0.08685553 0.01668030 0.00492084
v 0.08665329 0.01519858 0.00679600
v 0.08970576 0.01671338 0.00349206
v 0.08685553 0.01668030 0.00492084
v 0.08850812 0.01521772 0.00640315
v 0.08850812 0.01521772 0.00640315
v 0.08665329 0.01519858 0.00679600
v 0.08644717 0.01331079 0.00823534
v 0.08708417 0.01280844 0.00846726
v 0.08644717 0.01331079 0.00823534
v 0.08627754 0.01090860 0.00922191
v 0.08850812 0.01521772 0.00640315
v 0.08644717 0.01331079 0.00823534
v 0.08708417 0.01280844 0.00846726
v 0.08708417 0.01280844 0.00846726
v 0.08627754 0.01090860 0.00922191
v 0.08622759 0.00937652 0.00948685
v 0.08991676 0.01092803 0.00805402
v 0.08622759 0.00937652 0.00948685
v 0.08622044 0.00852495 0.00952500
v 0.08708417 0.01280844 0.00846726
v 0.08622759 0.00937652 0.00948685
v 0.08991676 0.01092803 0.00805402
v 0.07919776 -0.18632500 0.00952500
v 0.07366472 -0.14882170 0.00952500
v 0.07067215 -0.18632500 0.00952500
v 0.08878445 -0.14882170 0.00883830
v 0.08622044 -0.18632500 0.00952500
v 0.08939564 -0.18632500 0.00867468
v 0.07105946 -0.17317259 0.00952500
v 0.07309126 -0.14882170 0.00952500
v 0.07167220 -0.16130219 0.00952500
v 0.07274132 -0.14882170 0.00952500
v 0.07088828 -0.14882170 0.00952500
v 0.06967216 -0.16130219 0.00952500
v 0.07167220 -0.01649773 0.00952500
v 0.07919782 -0.03000783 0.00952500
v 0.07919782 -0.00355375 0.00952500
v 0.08939570 0.00852495 0.00867462
v 0.08684831 -0.03000783 0.00935680
v 0.08939564 -0.03000783 0.00867462
v 0.08991676 0.01092803 0.00805402
v 0.08622044 0.00852495 0.00952500
v 0.08939570 0.00852495 0.00867462
v 0.07919776 -0.18764231 0.00931656
v 0.07067215 -0.18632500 0.00952500
v 0.07054853 -0.18926470 0.00905996
v 0.07054853 -0.18926470 0.00905996
v 0.07919776 -0.18808840 0.00929755
v 0.07919776 -0.18764231 0.00931656
v 0.08939564 -0.18632500 0.00867468
v 0.08622044 -0.18632500 0.00952500
v 0.08622688 -0.18713249 0.00949067
v 0.07030129 -0.16161950 0.01005440
v 0.07067215 -0.18632500 0.00952500
v 0.07105946 -0.17317259 0.00952500
v 0.06990402 -0.19111840 0.00849813
v 0.07054853 -0.18926470 0.00905996
v 0.07067215 -0.18632500 0.00952500
v 0.07027810 -0.18632500 0.00960588
v 0.06990402 -0.19111840 0.00849813
v 0.07067215 -0.18632500 0.00952500
v 0.07030129 -0.16161950 0.01005440
v 0.07027810 -0.18632500 0.00960588
v 0.07067215 -0.18632500 0.00952500
v 0.07030129 -0.16161950 0.01005440
v 0.07105946 -0.17317259 0.00952500
v 0.07167220 -0.16130219 0.00952500
v 0.07030129 -0.16161950 0.01005440
v 0.07167220 -0.16130219 0.00952500
v 0.06967216 -0.16130219 0.00952500
v 0.06967216 -0.01649773 0.00952500
v 0.07148557 -0.03000783 0.00952500
v 0.06862354 -0.01673233 0.00910664
v 0.06967216 -0.03000783 0.00952500
v 0.06967216 -0.01649773 0.00952500
v 0.06862765 -0.16106980 0.00911075
v 0.06958162 -0.14882170 0.00948888
v 0.06862729 -0.14882170 0.00911039
v 0.06814819 -0.16328220 0.01233416
v 0.07030129 -0.16161950 0.01005440
v 0.06967216 -0.16130219 0.00952500
v 0.06862765 -0.16106980 0.00911075
v 0.06814819 -0.16328220 0.01233416
v 0.06967216 -0.16130219 0.00952500
v 0.07030284 -0.01618129 0.01005303
v 0.06967216 -0.01649773 0.00952500
v 0.07167220 -0.01649773 0.00952500
v 0.06862354 -0.01673233 0.00910664
v 0.06967216 -0.01649773 0.00952500
v 0.07030284 -0.01618129 0.01005303
v 0.07027810 0.00852495 0.00960588
v 0.07167220 -0.01649773 0.00952500
v 0.07105964 -0.00463170 0.00952500
v 0.07027810 0.00852495 0.00960588
v 0.07030284 -0.01618129 0.01005303
v 0.07167220 -0.01649773 0.00952500
v 0.06996482 0.00852495 0.00981808
v 0.06984359 -0.01578056 0.01067090
v 0.07030284 -0.01618129 0.01005303
v 0.06862354 -0.01673233 0.00910664
v 0.07030284 -0.01618129 0.01005303
v 0.06984359 -0.01578056 0.01067090
v 0.09342116 -0.18245040 0.00000000
v 0.09306621 -0.14882170 -0.00269616
v 0.09342116 -0.14882170 0.00000000
v 0.07027810 0.00852495 0.00960588
v 0.06996482 0.00852495 0.00981808
v 0.07030284 -0.01618129 0.01005303
v 0.06967216 -0.00391841 0.01089012
v 0.06967216 -0.01524049 0.01142925
v 0.06984359 -0.01578056 0.01067090
v 0.06862354 -0.01673233 0.00910664
v 0.06984359 -0.01578056 0.01067090
v 0.06967216 -0.01524049 0.01142925
v 0.06967216 0.00852495 0.01052486
v 0.06967216 -0.00391841 0.01089012
v 0.06984359 -0.01578056 0.01067090
v 0.06996482 0.00852495 0.00981808
v 0.06967216 0.00852495 0.01052486
v 0.06984359 -0.01578056 0.01067090
v 0.06967216 0.01393944 0.01298421
v 0.06967216 -0.01524049 0.01142925
v 0.06967216 -0.00391841 0.01089012
v 0.06967216 -0.01193386 0.01484858
v 0.06814819 -0.01451778 0.01233416
v 0.06967216 -0.01524049 0.01142925
v 0.06967216 -0.01193386 0.01484858
v 0.06827640 -0.01699185 0.00861263
v 0.06862354 -0.01673233 0.00910664
v 0.06967216 -0.01524049 0.01142925
v 0.06814819 -0.01451778 0.01233416
v 0.06827640 -0.01699185 0.00861263
v 0.06967216 -0.01524049 0.01142925
v 0.06967216 0.00852495 0.01052486
v 0.06990402 0.01331830 0.00849813
v 0.06967216 0.00852495 0.01052486
v 0.06996482 0.00852495 0.00981808
v 0.06967216 0.01672577 0.00911838
v 0.06967216 0.01441019 0.00842339
v 0.06990402 0.01331830 0.00849813
v 0.06967216 0.01441019 0.00842339
v 0.06967216 0.00852495 0.01052486
v 0.09298843 -0.18245040 0.00328690
v 0.09334337 -0.14882170 0.00059078
v 0.09298843 -0.14882170 0.00328690
v 0.06814819 0.01835554 0.00509614
v 0.06967216 0.01845932 0.00470662
v 0.06967216 0.01905000 0.00000000
v 0.06967216 0.01854979 0.00000696
v 0.06967216 0.01905000 0.00000000
v 0.06967216 0.01845932 0.00470662
v 0.06814819 0.01905000 0.00000000
v 0.06814819 0.01835554 0.00509614
v 0.06967216 0.01905000 0.00000000
v 0.06967216 0.01845610 -0.00471944
v 0.06814819 0.01905000 0.00000000
v 0.06967216 0.01905000 0.00000000
v 0.06967216 0.01805710 -0.00321949
v 0.06967216 0.01845610 -0.00471944
v 0.06814819 0.01835554 0.00509614
v 0.06967216 0.01672577 0.00911838
v 0.06967216 0.01845932 0.00470662
v 0.06967216 0.01662617 0.00612062
v 0.06967216 0.01805335 0.00323188
v 0.06814819 0.01632320 0.00982088
v 0.06967216 0.01393944 0.01298421
v 0.06967216 0.01672577 0.00911838
v 0.06814819 0.01835554 0.00509614
v 0.06814819 0.01632320 0.00982088
v 0.06967216 0.01672577 0.00911838
v 0.06967216 0.01028656 0.01603376
v 0.06814819 0.01310116 0.01382958
v 0.06967216 0.01028656 0.01603376
v 0.06967216 0.01393944 0.01298421
v 0.06814819 0.01632320 0.00982088
v 0.06814819 0.01310116 0.01382958
v 0.06967216 0.01393944 0.01298421
v 0.06967216 -0.00790548 0.01733219
v 0.06967216 0.00600332 0.01807928
v 0.06814819 0.00892395 0.01683044
v 0.06967216 0.00600332 0.01807928
v 0.06967216 0.01028656 0.01603376
v 0.06814819 0.01310116 0.01382958
v 0.06814819 0.00892395 0.01683044
v 0.06967216 0.01028656 0.01603376
v 0.06967216 -0.00337642 0.01874834
v 0.06967216 0.00135499 0.01900172
v 0.06814819 0.00409621 0.01860421
v 0.06967216 0.00135499 0.01900172
v 0.06967216 0.00600332 0.01807928
v 0.06814819 0.00892395 0.01683044
v 0.06814819 0.00409621 0.01860421
v 0.06967216 0.00600332 0.01807928
v 0.06814819 -0.00102985 0.01902198
v 0.06967216 -0.00337642 0.01874834
v 0.06967216 0.00135499 0.01900172
v 0.06814819 0.00409621 0.01860421
v 0.06814819 -0.00102985 0.01902198
v 0.06967216 0.00135499 0.01900172
v 0.06814819 -0.00608110 0.01805329
v 0.06967216 -0.00790548 0.01733219
v 0.06967216 -0.00337642 0.01874834
v 0.06814819 -0.00102985 0.01902198
v 0.06814819 -0.00608110 0.01805329
v 0.06967216 -0.00337642 0.01874834
v 0.06814819 -0.01068902 0.01576834
v 0.06967216 -0.01193386 0.01484858
v 0.06967216 -0.00790548 0.01733219
v 0.06814819 -0.00608110 0.01805329
v 0.06814819 -0.01068902 0.01576834
v 0.06967216 -0.00790548 0.01733219
v 0.06814819 -0.01068902 0.01576834
v 0.06814819 -0.01451778 0.01233416
v 0.06967216 -0.01193386 0.01484858
v 0.06827741 -0.16080950 0.00861508
v 0.06830620 -0.14882170 0.00865597
v 0.06827729 -0.14882170 0.00861484
v 0.06862729 -0.14882170 0.00911039
v 0.06862765 -0.16106980 0.00911075
v 0.06814819 -0.01451778 0.01233416
v 0.06814819 -0.01728820 0.00800097
v 0.06827640 -0.01699185 0.00861263
v 0.06827741 -0.16080950 0.00861508
v 0.06827729 -0.14882170 0.00861484
v 0.06826657 -0.14882170 0.00856376
v 0.05714982 -0.01649922 0.00952226
v 0.06814819 -0.01728820 0.00800097
v 0.06814819 -0.01451778 0.01233416
v 0.06814819 -0.16051160 0.00800097
v 0.06814819 -0.15919560 0.00409621
v 0.06814819 -0.14882170 0.00800097
v 0.06814819 -0.14882170 0.00438160
v 0.05714982 -0.01649922 0.00952226
v 0.05714982 -0.01905000 0.00000000
v 0.06814819 -0.01728820 0.00800097
v 0.06814819 -0.01860421 0.00409621
v 0.06814819 -0.01728820 0.00800097
v 0.05714982 -0.01905000 0.00000000
v 0.06814819 -0.15874989 0.00000000
v 0.06814819 -0.14882170 0.00056153
v 0.06814819 -0.14882170 0.00029019
v 0.05714982 -0.01649922 0.00952226
v 0.06814819 -0.01451778 0.01233416
v 0.06814819 -0.01068902 0.01576834
v 0.05714982 -0.00953114 0.01649409
v 0.06814819 -0.01068902 0.01576834
v 0.06814819 -0.00608110 0.01805329
v 0.05714982 -0.00953114 0.01649409
v 0.05714982 -0.01649922 0.00952226
v 0.06814819 -0.01068902 0.01576834
v 0.05714982 -0.00492299 0.01840275
v 0.06814819 -0.00608110 0.01805329
v 0.06814819 -0.00102985 0.01902198
v 0.05714982 -0.00492299 0.01840275
v 0.05714982 -0.00953114 0.01649409
v 0.06814819 -0.00608110 0.01805329
v 0.05714982 0.00001873 0.01904988
v 0.06814819 -0.00102985 0.01902198
v 0.06814819 0.00409621 0.01860421
v 0.05714982 0.00001873 0.01904988
v 0.05714982 -0.00492299 0.01840275
v 0.06814819 -0.00102985 0.01902198
v 0.05714982 0.00001873 0.01904988
v 0.06814819 0.00409621 0.01860421
v 0.06814819 0.00892395 0.01683044
v 0.05714982 0.00953543 0.01649165
v 0.06814819 0.00892395 0.01683044
v 0.06814819 0.01310116 0.01382958
v 0.05714982 0.00953543 0.01649165
v 0.05714982 0.00001873 0.01904988
v 0.06814819 0.00892395 0.01683044
v 0.05714982 0.00953543 0.01649165
v 0.06814819 0.01310116 0.01382958
v 0.06814819 0.01632320 0.00982088
v 0.05714982 0.01649177 0.00953525
v 0.06814819 0.01632320 0.00982088
v 0.06814819 0.01835554 0.00509614
v 0.05714982 0.01649177 0.00953525
v 0.05714982 0.00953543 0.01649165
v 0.06814819 0.01632320 0.00982088
v 0.05714982 0.01839786 0.00494123
v 0.05714982 0.01839786 0.00494123
v 0.05714982 0.01649177 0.00953525
v 0.06814819 0.01835554 0.00509614
v 0.06814819 0.01835554 -0.00509614
v 0.06814819 0.01905000 0.00000000
v 0.06967216 0.01845610 -0.00471944
v 0.05714982 0.01905000 0.00000000
v 0.06814819 0.01905000 0.00000000
v 0.06814819 0.01835554 -0.00509614
v 0.05714982 0.01839786 0.00494123
v 0.06814819 0.01905000 0.00000000
v 0.05714982 0.01905000 0.00000000
v 0.06967216 0.01672327 -0.00912321
v 0.06967216 0.01442188 -0.00841463
v 0.06967216 0.00852495 -0.01052486
v 0.06995439 0.00852495 -0.00982875
v 0.06967216 0.00852495 -0.01052486
v 0.06967216 0.01442188 -0.00841463
v 0.06967216 0.01394963 -0.01297324
v 0.06967216 -0.01524049 -0.01142925
v 0.06967216 -0.00393063 -0.01089060
v 0.06995439 0.00852495 -0.00982875
v 0.06967216 -0.00393063 -0.01089060
v 0.06967216 0.00852495 -0.01052486
v 0.06967216 0.01663291 -0.00611126
v 0.06990402 0.01331830 -0.00849813
v 0.06967216 0.01442188 -0.00841463
v 0.06967216 0.01663291 -0.00611126
v 0.09342116 -0.18245040 0.00000000
v 0.09342116 -0.14882170 0.00000000
v 0.06990402 0.01331830 -0.00849813
v 0.06995439 0.00852495 -0.00982875
v 0.06967216 0.01442188 -0.00841463
v 0.06984525 0.01687806 -0.00492704
v 0.06967216 0.01663291 -0.00611126
v 0.06967216 0.01805710 -0.00321949
v 0.06990402 0.01331830 -0.00849813
v 0.06967216 0.01663291 -0.00611126
v 0.06984525 0.01687806 -0.00492704
v 0.06981861 0.01819640 0.00000000
v 0.06967216 0.01805710 -0.00321949
v 0.06967216 0.01854979 0.00000696
v 0.06984525 0.01687806 -0.00492704
v 0.06967216 0.01805710 -0.00321949
v 0.06981861 0.01819640 0.00000000
v 0.06981861 0.01819640 0.00000000
v 0.06967216 0.01854979 0.00000696
v 0.06967216 0.01805335 0.00323188
v 0.06984525 0.01687806 0.00492704
v 0.06967216 0.01805335 0.00323188
v 0.06967216 0.01662617 0.00612062
v 0.06981861 0.01819640 0.00000000
v 0.06967216 0.01805335 0.00323188
v 0.06984525 0.01687806 0.00492704
v 0.06984525 0.01687806 0.00492704
v 0.06967216 0.01662617 0.00612062
v 0.06967216 0.01441019 0.00842339
v 0.06984525 0.01687806 0.00492704
v 0.06967216 0.01441019 0.00842339
v 0.06990402 0.01331830 0.00849813
v 0.06814819 0.01835554 -0.00509614
v 0.06967216 0.01845610 -0.00471944
v 0.06967216 0.01672327 -0.00912321
v 0.06814819 0.01632320 -0.00982088
v 0.06967216 0.01672327 -0.00912321
v 0.06967216 0.01394963 -0.01297324
v 0.06814819 0.01632320 -0.00982088
v 0.06814819 0.01835554 -0.00509614
v 0.06967216 0.01672327 -0.00912321
v 0.06967216 -0.01194417 -0.01484042
v 0.06967216 0.01031625 -0.01601487
v 0.06814819 0.01310116 -0.01382958
v 0.06967216 0.01394963 -0.01297324
v 0.06967216 0.01031625 -0.01601487
v 0.06814819 0.01310116 -0.01382958
v 0.06814819 0.01632320 -0.00982088
v 0.06967216 0.01394963 -0.01297324
v 0.06967216 -0.00791049 -0.01732993
v 0.06967216 0.00604397 -0.01806575
v 0.06814819 0.00892395 -0.01683044
v 0.06967216 0.01031625 -0.01601487
v 0.06967216 0.00604397 -0.01806575
v 0.06814819 0.00892395 -0.01683044
v 0.06814819 0.01310116 -0.01382958
v 0.06967216 0.01031625 -0.01601487
v 0.06967216 -0.00336182 -0.01875096
v 0.06967216 0.00138998 -0.01899904
v 0.06814819 0.00409621 -0.01860421
v 0.06967216 0.00604397 -0.01806575
v 0.06967216 0.00138998 -0.01899904
v 0.06814819 0.00409621 -0.01860421
v 0.06814819 0.00892395 -0.01683044
v 0.06967216 0.00604397 -0.01806575
v 0.06814819 -0.00102985 -0.01902198
v 0.06967216 0.00138998 -0.01899904
v 0.06967216 -0.00336182 -0.01875096
v 0.06814819 -0.00102985 -0.01902198
v 0.06814819 0.00409621 -0.01860421
v 0.06967216 0.00138998 -0.01899904
v 0.06814819 -0.00608110 -0.01805329
v 0.06967216 -0.00336182 -0.01875096
v 0.06967216 -0.00791049 -0.01732993
v 0.06814819 -0.00608110 -0.01805329
v 0.06814819 -0.00102985 -0.01902198
v 0.06967216 -0.00336182 -0.01875096
v 0.06814819 -0.01068902 -0.01576834
v 0.06967216 -0.00791049 -0.01732993
v 0.06967216 -0.01194417 -0.01484042
v 0.06814819 -0.01068902 -0.01576834
v 0.06814819 -0.00608110 -0.01805329
v 0.06967216 -0.00791049 -0.01732993
v 0.06814819 -0.01451778 -0.01233416
v 0.06967216 -0.01194417 -0.01484042
v 0.06967216 -0.01524049 -0.01142925
v 0.06814819 -0.01451778 -0.01233416
v 0.06814819 -0.01068902 -0.01576834
v 0.06967216 -0.01194417 -0.01484042
v 0.06995439 0.00852495 -0.00982875
v 0.06967216 -0.01524049 -0.01142925
v 0.06967216 -0.00393063 -0.01089060
v 0.06984394 -0.01578122 -0.01067006
v 0.06967216 -0.01524049 -0.01142925
v 0.06995439 0.00852495 -0.00982875
v 0.06814819 -0.01451778 -0.01233416
v 0.06967216 -0.01524049 -0.01142925
v 0.06984394 -0.01578122 -0.01067006
v 0.07030302 -0.01618129 -0.01005285
v 0.07105946 -0.00462729 -0.00952500
v 0.07167220 -0.01649773 -0.00952500
v 0.08300769 -0.14882170 -0.00952500
v 0.06967216 -0.01649773 -0.00952500
v 0.07030302 -0.01618129 -0.01005285
v 0.07167220 -0.01649773 -0.00952500
v 0.07167220 -0.01649773 -0.00952500
v 0.07098859 -0.03000783 -0.00952500
v 0.06967216 -0.01649773 -0.00952500
v 0.07030302 -0.01618129 -0.01005285
v 0.06995439 0.00852495 -0.00982875
v 0.07027810 0.00852495 -0.00960588
v 0.06990402 0.01331830 -0.00849813
v 0.07027810 0.00852495 -0.00960588
v 0.06995439 0.00852495 -0.00982875
v 0.09298843 -0.18245040 -0.00328690
v 0.09298843 -0.14882170 -0.00328690
v 0.07030302 -0.01618129 -0.01005285
v 0.06984394 -0.01578122 -0.01067006
v 0.06995439 0.00852495 -0.00982875
v 0.06814819 -0.01451778 -0.01233416
v 0.06984394 -0.01578122 -0.01067006
v 0.07030302 -0.01618129 -0.01005285
v 0.06814819 -0.01451778 -0.01233416
v 0.07030302 -0.01618129 -0.01005285
v 0.06967216 -0.01649773 -0.00952500
v 0.07919776 -0.18023060 -0.00952500
v 0.07067215 -0.18632500 -0.00952500
v 0.07105964 -0.17316820 -0.00952500
v 0.07919776 -0.18679170 -0.00950408
v 0.08622044 -0.18632500 -0.00952500
v 0.08622759 -0.18717650 -0.00948685
v 0.07027810 -0.18632500 -0.00960588
v 0.07105964 -0.17316820 -0.00952500
v 0.07067215 -0.18632500 -0.00952500
v 0.08622759 -0.18717650 -0.00948685
v 0.07919776 -0.18762711 -0.00935936
v 0.07919776 -0.18679170 -0.00950408
v 0.07054752 -0.18928631 -0.00905293
v 0.07919776 -0.18762711 -0.00935936
v 0.07919776 -0.18896849 -0.00914585
v 0.07027810 -0.18632500 -0.00960588
v 0.07067215 -0.18632500 -0.00952500
v 0.07054752 -0.18928631 -0.00905293
v 0.07167220 -0.16130219 -0.00952500
v 0.07919782 -0.14882170 -0.00952500
v 0.07919776 -0.17424610 -0.00952500
v 0.08991676 -0.18872800 -0.00805396
v 0.08622759 -0.18717650 -0.00948685
v 0.08622044 -0.18632500 -0.00952500
v 0.08939570 -0.18632500 -0.00867462
v 0.08991676 -0.18872800 -0.00805396
v 0.08622044 -0.18632500 -0.00952500
v 0.08939564 -0.03000783 -0.00867462
v 0.06967216 -0.16130219 -0.00952500
v 0.07149982 -0.14882170 -0.00952500
v 0.06862884 -0.16107041 -0.00911182
v 0.06967216 -0.14882170 -0.00952500
v 0.06967216 -0.16130219 -0.00952500
v 0.06862467 -0.01673161 -0.00910765
v 0.06957465 -0.03000783 -0.00948638
v 0.06862503 -0.03000783 -0.00910801
v 0.06814819 -0.01451778 -0.01233416
v 0.06967216 -0.01649773 -0.00952500
v 0.06862467 -0.01673161 -0.00910765
v 0.07030153 -0.16161940 -0.01005429
v 0.06967216 -0.16130219 -0.00952500
v 0.07167220 -0.16130219 -0.00952500
v 0.06862884 -0.16107041 -0.00911182
v 0.06967216 -0.16130219 -0.00952500
v 0.07030153 -0.16161940 -0.01005429
v 0.07027810 -0.18632500 -0.00960588
v 0.07167220 -0.16130219 -0.00952500
v 0.07105964 -0.17316820 -0.00952500
v 0.07030153 -0.16161940 -0.01005429
v 0.07167220 -0.16130219 -0.00952500
v 0.07027810 -0.18632500 -0.00960588
v 0.07054853 -0.18926470 0.00905996
v 0.07919776 -0.18902360 0.00913185
v 0.07919776 -0.18808840 0.00929755
v 0.08706969 -0.19057640 0.00848478
v 0.08622688 -0.18713249 0.00949067
v 0.08628344 -0.18882610 0.00919074
v 0.08946120 -0.18632500 0.00863629
v 0.08939564 -0.18632500 0.00867468
v 0.08622688 -0.18713249 0.00949067
v 0.08991670 -0.18872800 0.00805402
v 0.08946120 -0.18632500 0.00863629
v 0.08622688 -0.18713249 0.00949067
v 0.08706969 -0.19057640 0.00848478
v 0.08991670 -0.18872800 0.00805402
v 0.08622688 -0.18713249 0.00949067
v 0.07054853 -0.18926470 0.00905996
v 0.07919776 -0.19030830 0.00858819
v 0.07919776 -0.18902360 0.00913185
v 0.08706969 -0.19057640 0.00848478
v 0.08628344 -0.18882610 0.00919074
v 0.08645397 -0.19118389 0.00819242
v 0.07041627 -0.19190760 0.00771749
v 0.07919776 -0.19252780 0.00718921
v 0.07919776 -0.19151130 0.00797748
v 0.08706969 -0.19057640 0.00848478
v 0.08645397 -0.19118389 0.00819242
v 0.08666038 -0.19305490 0.00674039
v 0.07041627 -0.19190760 0.00771749
v 0.07919776 -0.19030830 0.00858819
v 0.07054853 -0.18926470 0.00905996
v 0.07020729 -0.19536820 0.00299090
v 0.07919776 -0.19492181 0.00397724
v 0.07919776 -0.19410411 0.00503975
v 0.08849251 -0.19299620 0.00643086
v 0.08666038 -0.19305490 0.00674039
v 0.08686459 -0.19454120 0.00481850
v 0.07041627 -0.19190760 0.00771749
v 0.07919776 -0.19410411 0.00503975
v 0.07919776 -0.19252780 0.00718921
v 0.08706969 -0.19057640 0.00848478
v 0.08666038 -0.19305490 0.00674039
v 0.08849251 -0.19299620 0.00643086
v 0.07020729 -0.19536820 0.00299090
v 0.07919776 -0.19543751 0.00276345
v 0.07919776 -0.19492181 0.00397724
v 0.08969569 -0.19450180 0.00352842
v 0.08686459 -0.19454120 0.00481850
v 0.08701318 -0.19549780 0.00256592
v 0.08849251 -0.19299620 0.00643086
v 0.08686459 -0.19454120 0.00481850
v 0.08969569 -0.19450180 0.00352842
v 0.07020485 -0.19540361 -0.00288135
v 0.07919776 -0.19564161 -0.00134504
v 0.07919776 -0.19545400 0.00003310
v 0.09017378 -0.19504040 0.00002013
v 0.08701318 -0.19549780 0.00256592
v 0.08707118 -0.19585000 0.00000000
v 0.07020729 -0.19536820 0.00299090
v 0.07919776 -0.19545400 0.00003310
v 0.07919776 -0.19543751 0.00276345
v 0.08969569 -0.19450180 0.00352842
v 0.08701318 -0.19549780 0.00256592
v 0.09017378 -0.19504040 0.00002013
v 0.07020485 -0.19540361 -0.00288135
v 0.07919776 -0.19544300 -0.00275135
v 0.07919776 -0.19564161 -0.00134504
v 0.09017378 -0.19504040 0.00002013
v 0.08707118 -0.19585000 0.00000000
v 0.08700984 -0.19547731 -0.00263846
v 0.07020485 -0.19540361 -0.00288135
v 0.07919776 -0.19490489 -0.00398290
v 0.07919776 -0.19544300 -0.00275135
v 0.08970576 -0.19451331 -0.00349206
v 0.08700984 -0.19547731 -0.00263846
v 0.08685553 -0.19448020 -0.00492096
v 0.09017378 -0.19504040 0.00002013
v 0.08700984 -0.19547731 -0.00263846
v 0.08970576 -0.19451331 -0.00349206
v 0.07029229 -0.19406410 -0.00555241
v 0.07919776 -0.19348410 -0.00622940
v 0.07919776 -0.19428781 -0.00521290
v 0.08850812 -0.19301771 -0.00640315
v 0.08685553 -0.19448020 -0.00492096
v 0.08665329 -0.19299871 -0.00679600
v 0.07029229 -0.19406410 -0.00555241
v 0.07919776 -0.19490489 -0.00398290
v 0.07020485 -0.19540361 -0.00288135
v 0.08970576 -0.19451331 -0.00349206
v 0.08685553 -0.19448020 -0.00492096
v 0.08850812 -0.19301771 -0.00640315
v 0.07041358 -0.19195721 -0.00768125
v 0.07919776 -0.19149350 -0.00798482
v 0.07919776 -0.19252060 -0.00720245
v 0.08850812 -0.19301771 -0.00640315
v 0.08665329 -0.19299871 -0.00679600
v 0.08644717 -0.19111080 -0.00823539
v 0.07041358 -0.19195721 -0.00768125
v 0.07919776 -0.19348410 -0.00622940
v 0.07029229 -0.19406410 -0.00555241
v 0.07054752 -0.18928631 -0.00905293
v 0.07919776 -0.18896849 -0.00914585
v 0.07919776 -0.19027890 -0.00860810
v 0.08708417 -0.19060840 -0.00846732
v 0.08644717 -0.19111080 -0.00823539
v 0.08627754 -0.18870860 -0.00922191
v 0.07041358 -0.19195721 -0.00768125
v 0.07919776 -0.19027890 -0.00860810
v 0.07919776 -0.19149350 -0.00798482
v 0.08850812 -0.19301771 -0.00640315
v 0.08644717 -0.19111080 -0.00823539
v 0.08708417 -0.19060840 -0.00846732
v 0.08708417 -0.19060840 -0.00846732
v 0.08627754 -0.18870860 -0.00922191
v 0.08622759 -0.18717650 -0.00948685
v 0.08708417 -0.19060840 -0.00846732
v 0.08622759 -0.18717650 -0.00948685
v 0.08991676 -0.18872800 -0.00805396
v 0.06990402 -0.19111840 -0.00849813
v 0.07054752 -0.18928631 -0.00905293
v 0.07041358 -0.19195721 -0.00768125
v 0.06996482 -0.18632500 -0.00981808
v 0.07054752 -0.18928631 -0.00905293
v 0.06990402 -0.19111840 -0.00849813
v 0.07027810 -0.18632500 -0.00960588
v 0.07054752 -0.18928631 -0.00905293
v 0.06996482 -0.18632500 -0.00981808
v 0.06990402 -0.19111840 -0.00849813
v 0.07041358 -0.19195721 -0.00768125
v 0.07029229 -0.19406410 -0.00555241
v 0.06984525 -0.19467820 -0.00492704
v 0.07029229 -0.19406410 -0.00555241
v 0.07020485 -0.19540361 -0.00288135
v 0.06990402 -0.19111840 -0.00849813
v 0.07029229 -0.19406410 -0.00555241
v 0.06984525 -0.19467820 -0.00492704
v 0.06981861 -0.19599640 0.00000000
v 0.07020485 -0.19540361 -0.00288135
v 0.07020729 -0.19536820 0.00299090
v 0.06984525 -0.19467820 -0.00492704
v 0.07020485 -0.19540361 -0.00288135
v 0.06981861 -0.19599640 0.00000000
v 0.06984525 -0.19467820 0.00492704
v 0.07020729 -0.19536820 0.00299090
v 0.07041627 -0.19190760 0.00771749
v 0.06981861 -0.19599640 0.00000000
v 0.07020729 -0.19536820 0.00299090
v 0.06984525 -0.19467820 0.00492704
v 0.06990402 -0.19111840 0.00849813
v 0.07041627 -0.19190760 0.00771749
v 0.07054853 -0.18926470 0.00905996
v 0.06984525 -0.19467820 0.00492704
v 0.07041627 -0.19190760 0.00771749
v 0.06990402 -0.19111840 0.00849813
v 0.06967216 -0.19222060 0.00841558
v 0.06996482 -0.18632500 0.00981808
v 0.06967216 -0.18632500 0.01052486
v 0.06967216 -0.17386930 0.01089060
v 0.06967216 -0.18632500 0.01052486
v 0.06996482 -0.18632500 0.00981808
v 0.06967216 -0.19452330 0.00912321
v 0.06967216 -0.19222060 0.00841558
v 0.06967216 -0.18632500 0.01052486
v 0.06967216 -0.17386930 0.01089060
v 0.06967216 -0.16255949 0.01142925
v 0.06967216 -0.19174960 0.01297324
v 0.09275341 -0.03000783 -0.00385433
v 0.09171968 0.00465035 -0.00634992
v 0.09298843 0.00465035 -0.00328690
v 0.09298843 -0.18245040 -0.00328690
v 0.09194767 -0.14882170 -0.00579935
v 0.09298843 -0.14882170 -0.00328690
v 0.06984364 -0.16201919 0.01067090
v 0.06967216 -0.16255949 0.01142925
v 0.06996482 -0.18632500 0.00981808
v 0.06967216 -0.17386930 0.01089060
v 0.06996482 -0.18632500 0.00981808
v 0.06967216 -0.16255949 0.01142925
v 0.06967216 -0.19222060 0.00841558
v 0.06990402 -0.19111840 0.00849813
v 0.06996482 -0.18632500 0.00981808
v 0.07027810 -0.18632500 0.00960588
v 0.06996482 -0.18632500 0.00981808
v 0.06990402 -0.19111840 0.00849813
v 0.07030129 -0.16161950 0.01005440
v 0.06996482 -0.18632500 0.00981808
v 0.07027810 -0.18632500 0.00960588
v 0.07030129 -0.16161950 0.01005440
v 0.06984364 -0.16201919 0.01067090
v 0.06996482 -0.18632500 0.00981808
v 0.06967216 -0.19443190 0.00611264
v 0.06984525 -0.19467820 0.00492704
v 0.06990402 -0.19111840 0.00849813
v 0.06967216 -0.19222060 0.00841558
v 0.06967216 -0.19443190 0.00611264
v 0.06990402 -0.19111840 0.00849813
v 0.06967216 -0.19585679 0.00322104
v 0.06981861 -0.19599640 0.00000000
v 0.06984525 -0.19467820 0.00492704
v 0.06967216 -0.19443190 0.00611264
v 0.06967216 -0.19585679 0.00322104
v 0.06984525 -0.19467820 0.00492704
v 0.06967216 -0.19585380 -0.00323033
v 0.06984525 -0.19467820 -0.00492704
v 0.06981861 -0.19599640 0.00000000
v 0.06967216 -0.19634990 -0.00000533
v 0.06967216 -0.19585380 -0.00323033
v 0.06981861 -0.19599640 0.00000000
v 0.06967216 -0.19585679 0.00322104
v 0.06967216 -0.19634990 -0.00000533
v 0.06981861 -0.19599640 0.00000000
v 0.06967216 -0.19221160 -0.00842243
v 0.06990402 -0.19111840 -0.00849813
v 0.06984525 -0.19467820 -0.00492704
v 0.06967216 -0.19442730 -0.00611925
v 0.06967216 -0.19221160 -0.00842243
v 0.06984525 -0.19467820 -0.00492704
v 0.06967216 -0.19585380 -0.00323033
v 0.06967216 -0.19442730 -0.00611925
v 0.06984525 -0.19467820 -0.00492704
v 0.09298843 0.00465035 0.00328690
v 0.09228867 0.01031661 0.00524229
v 0.09183913 0.00933784 0.00613838
v 0.06967216 -0.18632500 -0.01052486
v 0.06996482 -0.18632500 -0.00981808
v 0.06990402 -0.19111840 -0.00849813
v 0.06967216 -0.19221160 -0.00842243
v 0.06967216 -0.18632500 -0.01052486
v 0.06990402 -0.19111840 -0.00849813
v 0.09298843 0.00465035 0.00328690
v 0.09265333 0.01083838 0.00434887
v 0.09228867 0.01031661 0.00524229
v 0.07030153 -0.16161940 -0.01005429
v 0.07027810 -0.18632500 -0.00960588
v 0.06996482 -0.18632500 -0.00981808
v 0.06984400 -0.16201849 -0.01067000
v 0.06996482 -0.18632500 -0.00981808
v 0.06967216 -0.18632500 -0.01052486
v 0.06984400 -0.16201849 -0.01067000
v 0.07030153 -0.16161940 -0.01005429
v 0.06996482 -0.18632500 -0.00981808
v 0.06967216 -0.19452579 -0.00911838
v 0.06967216 -0.18632500 -0.01052486
v 0.06967216 -0.19221160 -0.00842243
v 0.06967216 -0.19173940 -0.01298421
v 0.06967216 -0.17388150 -0.01089012
v 0.06984400 -0.16201849 -0.01067000
v 0.06967216 -0.18632500 -0.01052486
v 0.06967216 -0.17388150 -0.01089012
v 0.06967216 -0.19442730 -0.00611925
v 0.06967216 -0.19625939 -0.00470662
v 0.06967216 -0.19585380 -0.00323033
v 0.06967216 -0.19634990 -0.00000533
v 0.06967216 -0.19685000 0.00000000
v 0.06967216 -0.19585679 0.00322104
v 0.06967216 -0.19625610 0.00471944
v 0.06967216 -0.19443190 0.00611264
v 0.06814819 -0.16328220 0.01233416
v 0.06967216 -0.16255949 0.01142925
v 0.06984364 -0.16201919 0.01067090
v 0.06967216 -0.16585580 0.01484042
v 0.06814819 -0.16328220 0.01233416
v 0.06967216 -0.16585580 0.01484042
v 0.06967216 -0.16255949 0.01142925
v 0.06814819 -0.16328220 0.01233416
v 0.06984364 -0.16201919 0.01067090
v 0.07030129 -0.16161950 0.01005440
v 0.06967216 -0.18811630 0.01601487
v 0.06967216 -0.16988949 0.01732993
v 0.06814819 -0.16711091 0.01576834
v 0.06967216 -0.16988949 0.01732993
v 0.06967216 -0.16585580 0.01484042
v 0.06814819 -0.16328220 0.01233416
v 0.06814819 -0.16711091 0.01576834
v 0.06967216 -0.16585580 0.01484042
v 0.06967216 -0.18384400 0.01806575
v 0.06967216 -0.17443810 0.01875096
v 0.06814819 -0.17171881 0.01805329
v 0.06967216 -0.17443810 0.01875096
v 0.06967216 -0.16988949 0.01732993
v 0.06814819 -0.16711091 0.01576834
v 0.06814819 -0.17171881 0.01805329
v 0.06967216 -0.16988949 0.01732993
v 0.06967216 -0.17918999 0.01899904
v 0.06814819 -0.17677000 0.01902198
v 0.06967216 -0.17918999 0.01899904
v 0.06967216 -0.17443810 0.01875096
v 0.06814819 -0.17171881 0.01805329
v 0.06814819 -0.17677000 0.01902198
v 0.06967216 -0.17443810 0.01875096
v 0.06814819 -0.18189630 0.01860421
v 0.06967216 -0.18384400 0.01806575
v 0.06967216 -0.17918999 0.01899904
v 0.06814819 -0.17677000 0.01902198
v 0.06814819 -0.18189630 0.01860421
v 0.06967216 -0.17918999 0.01899904
v 0.06814819 -0.18672401 0.01683044
v 0.06967216 -0.18811630 0.01601487
v 0.06967216 -0.18384400 0.01806575
v 0.06814819 -0.18189630 0.01860421
v 0.06814819 -0.18672401 0.01683044
v 0.06967216 -0.18384400 0.01806575
v 0.06814819 -0.19090120 0.01382958
v 0.06967216 -0.19174960 0.01297324
v 0.06967216 -0.18811630 0.01601487
v 0.06814819 -0.18672401 0.01683044
v 0.06814819 -0.19090120 0.01382958
v 0.06967216 -0.18811630 0.01601487
v 0.06814819 -0.19412330 0.00982088
v 0.06967216 -0.19452330 0.00912321
v 0.06967216 -0.19174960 0.01297324
v 0.06814819 -0.19090120 0.01382958
v 0.06814819 -0.19412330 0.00982088
v 0.06967216 -0.19174960 0.01297324
v 0.06814819 -0.19615570 0.00509614
v 0.06967216 -0.19625610 0.00471944
v 0.06967216 -0.19452330 0.00912321
v 0.06814819 -0.19412330 0.00982088
v 0.06814819 -0.19615570 0.00509614
v 0.06967216 -0.19452330 0.00912321
v 0.06814819 -0.19685000 0.00000000
v 0.06967216 -0.19685000 0.00000000
v 0.06967216 -0.19625610 0.00471944
v 0.06814819 -0.19615570 0.00509614
v 0.06814819 -0.19685000 0.00000000
v 0.06967216 -0.19625610 0.00471944
v 0.06814819 -0.19615570 -0.00509614
v 0.06967216 -0.19685000 0.00000000
v 0.06814819 -0.19685000 0.00000000
v 0.06814819 -0.19615570 -0.00509614
v 0.06967216 -0.19625939 -0.00470662
v 0.06967216 -0.19685000 0.00000000
v 0.05714982 -0.19685000 0.00000000
v 0.06814819 -0.19685000 0.00000000
v 0.06814819 -0.19615570 0.00509614
v 0.05714982 -0.19619800 -0.00494123
v 0.05714982 -0.19685000 0.00000000
v 0.05714982 -0.19429921 0.00952226
v 0.06814819 -0.19615570 0.00509614
v 0.06814819 -0.19412330 0.00982088
v 0.05714982 -0.19429921 0.00952226
v 0.05714982 -0.19685000 0.00000000
v 0.06814819 -0.19615570 0.00509614
v 0.05714982 -0.19429921 0.00952226
v 0.06814819 -0.19412330 0.00982088
v 0.06814819 -0.19090120 0.01382958
v 0.05714982 -0.18733110 0.01649409
v 0.06814819 -0.19090120 0.01382958
v 0.06814819 -0.18672401 0.01683044
v 0.05714982 -0.18733110 0.01649409
v 0.05714982 -0.19429921 0.00952226
v 0.06814819 -0.19090120 0.01382958
v 0.05714982 -0.18272300 0.01840275
v 0.06814819 -0.18672401 0.01683044
v 0.06814819 -0.18189630 0.01860421
v 0.05714982 -0.18272300 0.01840275
v 0.05714982 -0.18733110 0.01649409
v 0.06814819 -0.18672401 0.01683044
v 0.05714982 -0.17778119 0.01904988
v 0.06814819 -0.18189630 0.01860421
v 0.06814819 -0.17677000 0.01902198
v 0.05714982 -0.17778119 0.01904988
v 0.05714982 -0.18272300 0.01840275
v 0.06814819 -0.18189630 0.01860421
v 0.05714982 -0.17778119 0.01904988
v 0.06814819 -0.17677000 0.01902198
v 0.06814819 -0.17171881 0.01805329
v 0.05714982 -0.16826449 0.01649165
v 0.06814819 -0.17171881 0.01805329
v 0.06814819 -0.16711091 0.01576834
v 0.05714982 -0.16826449 0.01649165
v 0.05714982 -0.17778119 0.01904988
v 0.06814819 -0.17171881 0.01805329
v 0.05714982 -0.16826449 0.01649165
v 0.06814819 -0.16711091 0.01576834
v 0.06814819 -0.16328220 0.01233416
v 0.06827741 -0.16080950 0.00861508
v 0.06814819 -0.16051160 0.00800097
v 0.06814819 -0.16328220 0.01233416
v 0.05714982 -0.16130820 0.00953525
v 0.06814819 -0.16328220 0.01233416
v 0.06814819 -0.16051160 0.00800097
v 0.06862765 -0.16106980 0.00911075
v 0.06827741 -0.16080950 0.00861508
v 0.06814819 -0.16328220 0.01233416
v 0.05714982 -0.16130820 0.00953525
v 0.05714982 -0.16826449 0.01649165
v 0.06814819 -0.16328220 0.01233416
v 0.05714982 -0.15940200 0.00494123
v 0.06814819 -0.16051160 0.00800097
v 0.06814819 -0.15919560 0.00409621
v 0.05714982 -0.15940200 0.00494123
v 0.05714982 -0.16130820 0.00953525
v 0.06814819 -0.16051160 0.00800097
v 0.06967216 -0.16255949 -0.01142925
v 0.06984400 -0.16201849 -0.01067000
v 0.06967216 -0.17388150 -0.01089012
v 0.06967216 -0.16255949 -0.01142925
v 0.06967216 -0.16586611 -0.01484858
v 0.06814819 -0.16328220 -0.01233416
v 0.06967216 -0.16255949 -0.01142925
v 0.06967216 -0.16586611 -0.01484858
v 0.06862884 -0.16107041 -0.00911182
v 0.06984400 -0.16201849 -0.01067000
v 0.06967216 -0.16255949 -0.01142925
v 0.06827825 -0.16081050 -0.00861704
v 0.06862884 -0.16107041 -0.00911182
v 0.06967216 -0.16255949 -0.01142925
v 0.06814819 -0.16328220 -0.01233416
v 0.06827825 -0.16081050 -0.00861704
v 0.06967216 -0.16255949 -0.01142925
v 0.06967216 -0.18808660 -0.01603376
v 0.06967216 -0.16989450 -0.01733219
v 0.06814819 -0.16711091 -0.01576834
v 0.06967216 -0.16586611 -0.01484858
v 0.06967216 -0.16989450 -0.01733219
v 0.06814819 -0.16711091 -0.01576834
v 0.06814819 -0.16328220 -0.01233416
v 0.06967216 -0.16586611 -0.01484858
v 0.06967216 -0.18380339 -0.01807928
v 0.06967216 -0.17442331 -0.01874834
v 0.06814819 -0.17171881 -0.01805329
v 0.06967216 -0.16989450 -0.01733219
v 0.06967216 -0.17442331 -0.01874834
v 0.06814819 -0.17171881 -0.01805329
v 0.06814819 -0.16711091 -0.01576834
v 0.06967216 -0.16989450 -0.01733219
v 0.06967216 -0.17915490 -0.01900172
v 0.06814819 -0.17677000 -0.01902198
v 0.06967216 -0.17442331 -0.01874834
v 0.06967216 -0.17915490 -0.01900172
v 0.06814819 -0.17677000 -0.01902198
v 0.06814819 -0.17171881 -0.01805329
v 0.06967216 -0.17442331 -0.01874834
v 0.06814819 -0.18189630 -0.01860421
v 0.06967216 -0.17915490 -0.01900172
v 0.06967216 -0.18380339 -0.01807928
v 0.06814819 -0.18189630 -0.01860421
v 0.06814819 -0.17677000 -0.01902198
v 0.06967216 -0.17915490 -0.01900172
v 0.06814819 -0.18672401 -0.01683044
v 0.06967216 -0.18380339 -0.01807928
v 0.06967216 -0.18808660 -0.01603376
v 0.06814819 -0.18672401 -0.01683044
v 0.06814819 -0.18189630 -0.01860421
v 0.06967216 -0.18380339 -0.01807928
v 0.06814819 -0.19090120 -0.01382958
v 0.06967216 -0.18808660 -0.01603376
v 0.06967216 -0.19173940 -0.01298421
v 0.06814819 -0.19090120 -0.01382958
v 0.06814819 -0.18672401 -0.01683044
v 0.06967216 -0.18808660 -0.01603376
v 0.06814819 -0.19412330 -0.00982088
v 0.06967216 -0.19173940 -0.01298421
v 0.06967216 -0.19452579 -0.00911838
v 0.06814819 -0.19412330 -0.00982088
v 0.06814819 -0.19090120 -0.01382958
v 0.06967216 -0.19173940 -0.01298421
v 0.06814819 -0.19615570 -0.00509614
v 0.06967216 -0.19452579 -0.00911838
v 0.06967216 -0.19625939 -0.00470662
v 0.06814819 -0.19615570 -0.00509614
v 0.06814819 -0.19412330 -0.00982088
v 0.06967216 -0.19452579 -0.00911838
v 0.06862884 -0.16107041 -0.00911182
v 0.07030153 -0.16161940 -0.01005429
v 0.06984400 -0.16201849 -0.01067000
v 0.06862467 -0.01673161 -0.00910765
v 0.06862503 -0.03000783 -0.00910801
v 0.06859272 -0.03000783 -0.00906241
v 0.06814819 -0.16328220 -0.01233416
v 0.06814819 -0.16051160 -0.00800097
v 0.06827825 -0.16081050 -0.00861704
v 0.06827723 -0.01699090 -0.00861460
v 0.06827729 -0.03000783 -0.00861478
v 0.06826549 -0.03000783 -0.00855893
v 0.06827723 -0.01699090 -0.00861460
v 0.06827729 -0.03000783 -0.00861478
v 0.05714982 -0.16130070 -0.00952226
v 0.06814819 -0.16051160 -0.00800097
v 0.06814819 -0.16328220 -0.01233416
v 0.06814819 -0.01728820 -0.00800097
v 0.06814819 -0.03000783 -0.00800097
v 0.06814819 -0.01860421 -0.00409621
v 0.06814819 -0.03000783 -0.00800097
v 0.06814819 -0.03000789 -0.00441003
v 0.06814819 -0.01905000 0.00000000
v 0.06814819 -0.15919560 -0.00409621
v 0.06814819 -0.14882170 -0.00733972
v 0.06814819 -0.16051160 -0.00800097
v 0.05714982 -0.15874989 0.00000000
v 0.06814819 -0.15919560 -0.00409621
v 0.06814819 -0.16051160 -0.00800097
v 0.05714982 -0.16130070 -0.00952226
v 0.05714982 -0.15874989 0.00000000
v 0.06814819 -0.16051160 -0.00800097
v 0.05714982 -0.16130070 -0.00952226
v 0.06814819 -0.16328220 -0.01233416
v 0.06814819 -0.16711091 -0.01576834
v 0.05714982 -0.16826870 -0.01649409
v 0.06814819 -0.16711091 -0.01576834
v 0.06814819 -0.17171881 -0.01805329
v 0.05714982 -0.16130070 -0.00952226
v 0.06814819 -0.16711091 -0.01576834
v 0.05714982 -0.16826870 -0.01649409
v 0.05714982 -0.17287700 -0.01840275
v 0.06814819 -0.17171881 -0.01805329
v 0.06814819 -0.17677000 -0.01902198
v 0.05714982 -0.16826870 -0.01649409
v 0.06814819 -0.17171881 -0.01805329
v 0.05714982 -0.17287700 -0.01840275
v 0.05714982 -0.17781870 -0.01904988
v 0.06814819 -0.17677000 -0.01902198
v 0.06814819 -0.18189630 -0.01860421
v 0.05714982 -0.17287700 -0.01840275
v 0.06814819 -0.17677000 -0.01902198
v 0.05714982 -0.17781870 -0.01904988
v 0.05714982 -0.17781870 -0.01904988
v 0.06814819 -0.18189630 -0.01860421
v 0.06814819 -0.18672401 -0.01683044
v 0.05714982 -0.18733540 -0.01649165
v 0.06814819 -0.18672401 -0.01683044
v 0.06814819 -0.19090120 -0.01382958
v 0.05714982 -0.17781870 -0.01904988
v 0.06814819 -0.18672401 -0.01683044
v 0.05714982 -0.18733540 -0.01649165
v 0.05714982 -0.18733540 -0.01649165
v 0.06814819 -0.19090120 -0.01382958
v 0.06814819 -0.19412330 -0.00982088
v 0.05714982 -0.19429180 -0.00953525
v 0.06814819 -0.19412330 -0.00982088
v 0.06814819 -0.19615570 -0.00509614
v 0.05714982 -0.18733540 -0.01649165
v 0.06814819 -0.19412330 -0.00982088
v 0.05714982 -0.19429180 -0.00953525
v 0.05714982 -0.19429180 -0.00953525
v 0.06814819 -0.19615570 -0.00509614
v 0.05714982 -0.19619800 -0.00494123
v 0.06814819 -0.01451778 -0.01233416
v 0.06862467 -0.01673161 -0.00910765
v 0.06827723 -0.01699090 -0.00861460
v 0.06814819 -0.01451778 -0.01233416
v 0.06827723 -0.01699090 -0.00861460
v 0.06814819 -0.01728820 -0.00800097
v 0.05714982 -0.01649177 -0.00953525
v 0.06814819 -0.01451778 -0.01233416
v 0.06814819 -0.01728820 -0.00800097
v 0.05714982 -0.01839786 -0.00494123
v 0.05714982 -0.01649177 -0.00953525
v 0.06814819 -0.01728820 -0.00800097
v 0.06814819 -0.01860421 -0.00409621
v 0.05714982 -0.01839786 -0.00494123
v 0.06814819 -0.01728820 -0.00800097
v 0.05714982 0.01649922 -0.00952226
v 0.06814819 0.01835554 -0.00509614
v 0.06814819 0.01632320 -0.00982088
v 0.05714982 0.01649922 -0.00952226
v 0.05714982 0.01905000 0.00000000
v 0.06814819 0.01835554 -0.00509614
v 0.05714982 0.01649922 -0.00952226
v 0.06814819 0.01632320 -0.00982088
v 0.06814819 0.01310116 -0.01382958
v 0.05714982 0.00953114 -0.01649409
v 0.06814819 0.01310116 -0.01382958
v 0.06814819 0.00892395 -0.01683044
v 0.05714982 0.00953114 -0.01649409
v 0.05714982 0.01649922 -0.00952226
v 0.06814819 0.01310116 -0.01382958
v 0.05714982 0.00492299 -0.01840275
v 0.06814819 0.00892395 -0.01683044
v 0.06814819 0.00409621 -0.01860421
v 0.05714982 0.00492299 -0.01840275
v 0.05714982 0.00953114 -0.01649409
v 0.06814819 0.00892395 -0.01683044
v 0.05714982 -0.00001873 -0.01904988
v 0.06814819 0.00409621 -0.01860421
v 0.06814819 -0.00102985 -0.01902198
v 0.05714982 -0.00001873 -0.01904988
v 0.05714982 0.00492299 -0.01840275
v 0.06814819 0.00409621 -0.01860421
v 0.05714982 -0.00001873 -0.01904988
v 0.06814819 -0.00102985 -0.01902198
v 0.06814819 -0.00608110 -0.01805329
v 0.05714982 -0.00953543 -0.01649165
v 0.06814819 -0.00608110 -0.01805329
v 0.06814819 -0.01068902 -0.01576834
v 0.05714982 -0.00953543 -0.01649165
v 0.05714982 -0.00001873 -0.01904988
v 0.06814819 -0.00608110 -0.01805329
v 0.05714982 -0.00953543 -0.01649165
v 0.06814819 -0.01068902 -0.01576834
v 0.06814819 -0.01451778 -0.01233416
v 0.05714982 -0.01649177 -0.00953525
v 0.05714982 -0.00953543 -0.01649165
v 0.06814819 -0.01451778 -0.01233416
v 0.05714982 0.00952500 0.00000000
v 0.05714982 0.01905000 0.00000000
v 0.05714982 0.01649922 -0.00952226
v 0.05714982 0.00770664 0.00559729
v 0.05714982 0.01839786 0.00494123
v 0.05714982 -0.01649177 -0.00953525
v 0.05714982 0.00953114 -0.01649409
v 0.05714982 -0.00294614 -0.00905776
v 0.05714982 0.00905573 -0.00295264
v 0.05714982 0.00769877 -0.00560802
v 0.05714982 0.00293714 -0.00906068
v 0.05714982 -0.00953543 -0.01649165
v 0.05714982 0.00492299 -0.01840275
v 0.05714982 -0.00001873 -0.01904988
v 0.05714982 -0.01839786 -0.00494123
v 0.06814819 -0.01905000 0.00000000
v 0.05714982 -0.01905000 0.00000000
v 0.05714982 -0.01839786 -0.00494123
v 0.05714982 -0.00770664 -0.00559729
v 0.05714982 -0.01905000 0.00000000
v 0.06814819 -0.01860421 -0.00409621
v 0.06814819 -0.01905000 0.00000000
v 0.05714982 -0.01839786 -0.00494123
v 0.06814819 -0.01860421 0.00409621
v 0.05714982 -0.01905000 0.00000000
v 0.06814819 -0.01905000 0.00000000
v 0.05714982 -0.00952500 0.00000000
v 0.05714982 -0.01649922 0.00952226
v 0.06814819 -0.14882170 0.00000000
v 0.06814819 -0.14882170 -0.00379300
v 0.05714982 0.01649177 0.00953525
v 0.05714982 -0.00953114 0.01649409
v 0.05714982 0.00294614 0.00905776
v 0.05714982 -0.00905573 0.00295264
v 0.05714982 -0.00769877 0.00560802
v 0.05714982 -0.00293714 0.00906068
v 0.05714982 0.00953543 0.01649165
v 0.05714982 -0.00492299 0.01840275
v 0.05714982 0.00001873 0.01904988
v 0.00965196 0.00952500 0.00000000
v 0.05714982 0.00952500 0.00000000
v 0.05714982 0.00905573 -0.00295264
v 0.00965196 0.00905573 0.00295264
v 0.05714982 0.00770664 0.00559729
v 0.05714982 0.00952500 0.00000000
v 0.00965196 0.00905573 0.00295264
v 0.05714982 0.00952500 0.00000000
v 0.00965196 0.00952500 0.00000000
v 0.00965196 0.00770664 -0.00559729
v 0.05714982 0.00905573 -0.00295264
v 0.05714982 0.00769877 -0.00560802
v 0.00965196 0.00770664 -0.00559729
v 0.00965196 0.00952500 0.00000000
v 0.05714982 0.00905573 -0.00295264
v 0.00965196 0.00294614 -0.00905776
v 0.05714982 0.00769877 -0.00560802
v 0.05714982 0.00293714 -0.00906068
v 0.00965196 0.00770664 -0.00559729
v 0.00965196 -0.00293714 -0.00906068
v 0.05714982 0.00293714 -0.00906068
v 0.05714982 -0.00294614 -0.00905776
v 0.00965196 0.00294614 -0.00905776
v 0.00965196 -0.00769877 -0.00560802
v 0.05714982 -0.00294614 -0.00905776
v 0.05714982 -0.00770664 -0.00559729
v 0.00965196 -0.00293714 -0.00906068
v 0.00965196 -0.00905573 -0.00295264
v 0.05714982 -0.00770664 -0.00559729
v 0.05714982 -0.00952500 0.00000000
v 0.00965196 -0.00905573 -0.00295264
v 0.00965196 -0.00769877 -0.00560802
v 0.05714982 -0.00770664 -0.00559729
v 0.00965196 -0.00952500 0.00000000
v 0.05714982 -0.00952500 0.00000000
v 0.05714982 -0.00905573 0.00295264
v 0.00965196 -0.00905573 -0.00295264
v 0.05714982 -0.00952500 0.00000000
v 0.00965196 -0.00952500 0.00000000
v 0.00965196 -0.00770664 0.00559729
v 0.05714982 -0.00905573 0.00295264
v 0.05714982 -0.00769877 0.00560802
v 0.00965196 -0.00770664 0.00559729
v 0.00965196 -0.00952500 0.00000000
v 0.05714982 -0.00905573 0.00295264
v 0.00965196 -0.00294614 0.00905776
v 0.05714982 -0.00769877 0.00560802
v 0.05714982 -0.00293714 0.00906068
v 0.00965196 -0.00770664 0.00559729
v 0.00965196 0.00293714 0.00906068
v 0.05714982 -0.00293714 0.00906068
v 0.05714982 0.00294614 0.00905776
v 0.00965196 -0.00294614 0.00905776
v 0.00965196 0.00769877 0.00560802
v 0.05714982 0.00294614 0.00905776
v 0.05714982 0.00770664 0.00559729
v 0.00965196 0.00293714 0.00906068
v 0.00965196 0.00905573 0.00295264
v 0.00965196 0.00769877 0.00560802
v 0.05714982 0.00770664 0.00559729
v 0.00965196 0.00965196 0.00965196
v 0.00965196 0.00905573 0.00295264
v 0.00965196 0.00952500 0.00000000
v 0.00965196 0.00965196 -0.00965196
v 0.00965196 0.00770664 -0.00559729
v 0.00965196 -0.00965196 0.00965196
v 0.00965196 -0.00952500 0.00000000
v 0.00965196 -0.00770664 0.00559729
v 0.00965196 -0.00965196 -0.00965196
v 0.00965196 -0.00905573 -0.00295264
v 0.00965196 -0.00294614 0.00905776
v 0.00965196 0.00293714 0.00906068
v 0.00965196 0.00769877 0.00560802
v 0.00965196 0.00294614 -0.00905776
v 0.00965196 -0.00293714 -0.00906068
v 0.00965196 -0.00769877 -0.00560802
v 0.00875842 0.00965196 0.01180791
v 0.00965196 -0.00965196 0.00965196
v 0.00965196 0.00965196 0.00965196
v 0.00875842 -0.01180791 0.00965196
v 0.00965196 -0.00965196 -0.00965196
v 0.00965196 -0.00965196 0.00965196
v 0.00875842 -0.00965196 0.01180791
v 0.00875926 -0.01117599 0.01117599
v 0.00965196 -0.00965196 0.00965196
v 0.00875842 -0.00965196 0.01180791
v 0.00843781 -0.01208657 0.00965196
v 0.00965196 -0.00965196 0.00965196
v 0.00875926 -0.01117599 0.01117599
v 0.00875842 -0.01180791 0.00965196
v 0.00965196 -0.00965196 0.00965196
v 0.00843781 -0.01208657 0.00965196
v 0.00875842 0.01180791 -0.00965196
v 0.00965196 0.00965196 0.00965196
v 0.00965196 0.00965196 -0.00965196
v 0.00924361 0.01072961 0.01072961
v 0.00875842 0.00965196 0.01180791
v 0.00965196 0.00965196 0.00965196
v 0.00875842 0.01180791 0.00965196
v 0.00924361 0.01072961 0.01072961
v 0.00965196 0.00965196 0.00965196
v 0.00875842 0.01180791 0.00965196
v 0.00875842 -0.00965196 -0.01180791
v 0.00965196 0.00965196 -0.00965196
v 0.00965196 -0.00965196 -0.00965196
v 0.00875842 0.00965196 -0.01180791
v 0.00875926 0.01117599 -0.01117599
v 0.00965196 0.00965196 -0.00965196
v 0.00875842 0.00965196 -0.01180791
v 0.00843781 0.01208657 -0.00965196
v 0.00965196 0.00965196 -0.00965196
v 0.00875926 0.01117599 -0.01117599
v 0.00875842 0.01180791 -0.00965196
v 0.00965196 0.00965196 -0.00965196
v 0.00843781 0.01208657 -0.00965196
v 0.00875842 -0.01180791 -0.00965196
v 0.00875926 -0.01117599 -0.01117599
v 0.00965196 -0.00965196 -0.00965196
v 0.00875842 -0.01180791 -0.00965196
v 0.00843781 -0.00965196 -0.01208657
v 0.00965196 -0.00965196 -0.00965196
v 0.00875926 -0.01117599 -0.01117599
v 0.00875842 -0.00965196 -0.01180791
v 0.00965196 -0.00965196 -0.00965196
v 0.00843781 -0.00965196 -0.01208657
v 0.00843781 -0.00965196 0.01208657
v 0.00776923 0.00965196 0.01246827
v 0.00660396 0.00965196 0.01269996
v 0.00660396 0.01085132 0.01245409
v 0.00660396 0.00965196 0.01269996
v 0.00776923 0.00965196 0.01246827
v 0.00660396 -0.00965196 0.01269996
v 0.00843781 -0.00965196 0.01208657
v 0.00660396 0.00965196 0.01269996
v 0.00000000 -0.00965196 0.01269996
v 0.00660396 -0.00965196 0.01269996
v 0.00660396 0.00965196 0.01269996
v 0.00000000 0.00965196 0.01269996
v 0.00660396 0.00965196 0.01269996
v 0.00660396 0.01085132 0.01245409
v 0.00000000 0.00965196 0.01269996
v 0.00875842 -0.00965196 0.01180791
v 0.00875842 0.00965196 0.01180791
v 0.00776923 0.00965196 0.01246827
v 0.00812799 0.01151835 0.01151835
v 0.00776923 0.00965196 0.01246827
v 0.00875842 0.00965196 0.01180791
v 0.00843781 -0.00965196 0.01208657
v 0.00875842 -0.00965196 0.01180791
v 0.00776923 0.00965196 0.01246827
v 0.00660396 0.01180773 0.01180648
v 0.00660396 0.01085132 0.01245409
v 0.00776923 0.00965196 0.01246827
v 0.00812799 0.01151835 0.01151835
v 0.00660396 0.01180773 0.01180648
v 0.00776923 0.00965196 0.01246827
v 0.00924361 0.01072961 0.01072961
v 0.00812799 0.01151835 0.01151835
v 0.00875842 0.00965196 0.01180791
v 0.00875926 -0.01117599 0.01117599
v 0.00875842 -0.00965196 0.01180791
v 0.00843781 -0.00965196 0.01208657
v 0.00660396 -0.01177412 0.01183968
v 0.00843781 -0.00965196 0.01208657
v 0.00660396 -0.00965196 0.01269996
v 0.00875926 -0.01117599 0.01117599
v 0.00843781 -0.00965196 0.01208657
v 0.00660396 -0.01177412 0.01183968
v 0.00000000 -0.01180720 0.01180726
v 0.00660396 -0.01177412 0.01183968
v 0.00660396 -0.00965196 0.01269996
v 0.00000000 -0.00965196 0.01269996
v 0.00000000 -0.01180720 0.01180726
v 0.00660396 -0.00965196 0.01269996
v 0.00000000 0.00965196 0.01269996
v 0.00660396 0.01085132 0.01245409
v 0.00660396 0.01180773 0.01180648
v 0.00660396 0.01183968 0.01177412
v 0.00660396 0.01180773 0.01180648
v 0.00812799 0.01151835 0.01151835
v 0.00000000 0.01180726 0.01180720
v 0.00660396 0.01180773 0.01180648
v 0.00660396 0.01183968 0.01177412
v 0.00000000 0.01180726 0.01180720
v 0.00000000 0.00965196 0.01269996
v 0.00660396 0.01180773 0.01180648
v 0.00776923 0.01246827 0.00965196
v 0.00812799 0.01151835 0.01151835
v 0.00924361 0.01072961 0.01072961
v 0.00776923 0.01246827 0.00965196
v 0.00660396 0.01269996 0.00965196
v 0.00812799 0.01151835 0.01151835
v 0.00660396 0.01183968 0.01177412
v 0.00812799 0.01151835 0.01151835
v 0.00660396 0.01269996 0.00965196
v 0.00875842 0.01180791 0.00965196
v 0.00776923 0.01246827 0.00965196
v 0.00924361 0.01072961 0.01072961
v 0.00660396 0.01269996 -0.00965196
v 0.00660396 0.01269996 0.00965196
v 0.00776923 0.01246827 0.00965196
v 0.00000000 0.01180726 0.01180720
v 0.00660396 0.01183968 0.01177412
v 0.00660396 0.01269996 0.00965196
v 0.00000000 0.01269996 0.00965196
v 0.00000000 0.01180726 0.01180720
v 0.00660396 0.01269996 0.00965196
v 0.00660396 0.01269996 -0.00965196
v 0.00000000 0.01269996 0.00965196
v 0.00660396 0.01269996 0.00965196
v 0.00843781 0.01208657 -0.00965196
v 0.00776923 0.01246827 0.00965196
v 0.00875842 0.01180791 0.00965196
v 0.00843781 0.01208657 -0.00965196
v 0.00660396 0.01269996 -0.00965196
v 0.00776923 0.01246827 0.00965196
v 0.00875842 0.01180791 -0.00965196
v 0.00843781 0.01208657 -0.00965196
v 0.00875842 0.01180791 0.00965196
v 0.00000000 0.00965196 -0.01269996
v 0.00000000 0.00965196 0.01269996
v 0.00000000 0.01180726 0.01180720
v 0.00000000 0.00279295 -0.00279301
v 0.00000000 -0.00279295 0.00279301
v 0.00000000 -0.00965196 0.01269996
v 0.00000000 0.00394994 0.00000000
v 0.00000000 0.00279301 0.00279295
v 0.00000000 0.00000000 0.00394994
v 0.00000000 0.01180720 -0.01180726
v 0.00000000 0.01269996 0.00965196
v 0.00000000 0.01269996 -0.00965196
v 0.00000000 0.01269996 -0.00965196
v 0.00660396 0.01245409 -0.01085132
v 0.00000000 0.01269996 -0.00965196
v 0.00660396 0.01269996 -0.00965196
v 0.00000000 0.01180720 -0.01180726
v 0.00000000 0.01269996 -0.00965196
v 0.00660396 0.01245409 -0.01085132
v 0.00843781 0.01208657 -0.00965196
v 0.00660396 0.01245409 -0.01085132
v 0.00660396 0.01269996 -0.00965196
v 0.00000000 0.01180720 -0.01180726
v 0.00660396 0.01177412 -0.01183968
v 0.00660396 0.00965196 -0.01269996
v 0.00843781 0.00965196 -0.01208657
v 0.00660396 0.00965196 -0.01269996
v 0.00660396 0.01177412 -0.01183968
v 0.00000000 0.00965196 -0.01269996
v 0.00000000 0.01180720 -0.01180726
v 0.00660396 0.00965196 -0.01269996
v 0.00660396 -0.00965196 -0.01269996
v 0.00000000 0.00965196 -0.01269996
v 0.00660396 0.00965196 -0.01269996
v 0.00843781 0.00965196 -0.01208657
v 0.00660396 -0.00965196 -0.01269996
v 0.00660396 0.00965196 -0.01269996
v 0.00000000 0.01180720 -0.01180726
v 0.00660396 0.01245409 -0.01085132
v 0.00660396 0.01177412 -0.01183968
v 0.00875926 0.01117599 -0.01117599
v 0.00660396 0.01177412 -0.01183968
v 0.00660396 0.01245409 -0.01085132
v 0.00875926 0.01117599 -0.01117599
v 0.00843781 0.00965196 -0.01208657
v 0.00660396 0.01177412 -0.01183968
v 0.00843781 0.01208657 -0.00965196
v 0.00875926 0.01117599 -0.01117599
v 0.00660396 0.01245409 -0.01085132
v 0.00000000 -0.00965196 -0.01269996
v 0.00000000 -0.00965196 -0.01269996
v 0.00660396 -0.01085132 -0.01245409
v 0.00000000 -0.00965196 -0.01269996
v 0.00660396 -0.00965196 -0.01269996
v 0.00000000 -0.01180726 -0.01180720
v 0.00000000 -0.00965196 -0.01269996
v 0.00660396 -0.01085132 -0.01245409
v 0.00000000 -0.01180726 -0.01180720
v 0.00000000 0.00000000 -0.00394994
v 0.00000000 -0.00279301 -0.00279295
v 0.00000000 -0.00394994 0.00000000
v 0.00843781 -0.00965196 -0.01208657
v 0.00660396 -0.01085132 -0.01245409
v 0.00660396 -0.00965196 -0.01269996
v 0.00843781 -0.00965196 -0.01208657
v 0.00000000 -0.01180726 -0.01180720
v 0.00660396 -0.01183968 -0.01177412
v 0.00660396 -0.01269996 -0.00965196
v 0.00843781 -0.01208657 -0.00965196
v 0.00660396 -0.01269996 -0.00965196
v 0.00660396 -0.01183968 -0.01177412
v 0.00000000 -0.01269996 -0.00965196
v 0.00000000 -0.01180726 -0.01180720
v 0.00660396 -0.01269996 -0.00965196
v 0.00660396 -0.01269996 0.00965196
v 0.00000000 -0.01269996 -0.00965196
v 0.00660396 -0.01269996 -0.00965196
v 0.00843781 -0.01208657 -0.00965196
v 0.00660396 -0.01269996 0.00965196
v 0.00660396 -0.01269996 -0.00965196
v 0.00000000 -0.01180726 -0.01180720
v 0.00660396 -0.01085132 -0.01245409
v 0.00660396 -0.01183968 -0.01177412
v 0.00875926 -0.01117599 -0.01117599
v 0.00660396 -0.01183968 -0.01177412
v 0.00660396 -0.01085132 -0.01245409
v 0.00875926 -0.01117599 -0.01117599
v 0.00843781 -0.01208657 -0.00965196
v 0.00660396 -0.01183968 -0.01177412
v 0.00843781 -0.00965196 -0.01208657
v 0.00875926 -0.01117599 -0.01117599
v 0.00660396 -0.01085132 -0.01245409
v 0.00000000 -0.01180720 0.01180726
v 0.00000000 -0.01269996 -0.00965196
v 0.00000000 -0.01269996 0.00965196
v 0.00000000 -0.01269996 0.00965196
v 0.00660396 -0.01245409 0.01085132
v 0.00000000 -0.01269996 0.00965196
v 0.00660396 -0.01269996 0.00965196
v 0.00000000 -0.01180720 0.01180726
v 0.00000000 -0.01269996 0.00965196
v 0.00660396 -0.01245409 0.01085132
v 0.00843781 -0.01208657 0.00965196
v 0.00660396 -0.01245409 0.01085132
v 0.00660396 -0.01269996 0.00965196
v 0.00843781 -0.01208657 0.00965196
v 0.00000000 -0.01180720 0.01180726
v 0.00660396 -0.01245409 0.01085132
v 0.00660396 -0.01177412 0.01183968
v 0.00875926 -0.01117599 0.01117599
v 0.00660396 -0.01177412 0.01183968
v 0.00660396 -0.01245409 0.01085132
v 0.00843781 -0.01208657 0.00965196
v 0.00875926 -0.01117599 0.01117599
v 0.00660396 -0.01245409 0.01085132
v 0.01999998 0.00394994 0.00000000
v 0.00000000 0.00394994 0.00000000
v 0.00000000 0.00279295 -0.00279301
v 0.01999998 0.00278968 0.00279617
v 0.00000000 0.00279301 0.00279295
v 0.00000000 0.00394994 0.00000000
v 0.01999998 0.00394994 0.00000000
v 0.01999998 0.00279301 -0.00279295
v 0.00000000 0.00279295 -0.00279301
v 0.00000000 0.00000000 -0.00394994
v 0.01999998 0.00279301 -0.00279295
v 0.01999998 0.00000000 -0.00394994
v 0.00000000 0.00000000 -0.00394994
v 0.00000000 -0.00279301 -0.00279295
v 0.01999998 0.00000000 -0.00394994
v 0.01999998 -0.00279295 -0.00279301
v 0.00000000 -0.00279301 -0.00279295
v 0.00000000 -0.00394994 0.00000000
v 0.01999998 -0.00279295 -0.00279301
v 0.01999998 -0.00394994 0.00000000
v 0.00000000 -0.00394994 0.00000000
v 0.00000000 -0.00279295 0.00279301
v 0.01999998 -0.00394994 0.00000000
v 0.01999998 -0.00279629 0.00278950
v 0.00000000 -0.00279295 0.00279301
v 0.00000000 0.00000000 0.00394994
v 0.01999998 -0.00279629 0.00278950
v 0.01999998 0.00000000 0.00394994
v 0.00000000 0.00000000 0.00394994
v 0.00000000 0.00279301 0.00279295
v 0.01999998 0.00000000 0.00394994
v 0.01999998 0.00278968 0.00279617
v 0.01999998 0.00000000 -0.00394994
v 0.01999998 0.00000000 0.00394994
v 0.01999998 0.00278968 0.00279617
v 0.01999998 -0.00279295 -0.00279301
v 0.01999998 -0.00279629 0.00278950
v 0.01999998 0.00279301 -0.00279295
v 0.01999998 0.00394994 0.00000000
v 0.01999998 -0.00394994 0.00000000
v 0.00875842 -0.01180791 -0.00965196
v 0.00875842 -0.01180791 0.00965196
v 0.00843781 -0.01208657 0.00965196
v 0.00843781 -0.01208657 -0.00965196
v 0.00875926 -0.01117599 -0.01117599
v 0.00875842 -0.01180791 -0.00965196
v 0.00843781 -0.01208657 -0.00965196
v 0.00875842 0.00965196 -0.01180791
v 0.00875842 -0.00965196 -0.01180791
v 0.00843781 -0.00965196 -0.01208657
v 0.00843781 0.00965196 -0.01208657
v 0.00875926 0.01117599 -0.01117599
v 0.00875842 0.00965196 -0.01180791
v 0.00843781 0.00965196 -0.01208657
v 0.05714982 -0.15940200 0.00494123
v 0.06814819 -0.15919560 0.00409621
v 0.06814819 -0.15874989 0.00000000
v 0.05714982 -0.15874989 0.00000000
v 0.06814819 -0.15874989 0.00000000
v 0.06814819 -0.15919560 -0.00409621
v 0.05714982 -0.15874989 0.00000000
v 0.05714982 -0.15940200 0.00494123
v 0.06814819 -0.15874989 0.00000000
v 0.05714982 -0.18732500 0.00000000
v 0.05714982 -0.19685000 0.00000000
v 0.05714982 -0.19429921 0.00952226
v 0.05714982 -0.18550670 -0.00559729
v 0.05714982 -0.19619800 -0.00494123
v 0.05714982 -0.16130820 0.00953525
v 0.05714982 -0.18733110 0.01649409
v 0.05714982 -0.17485380 0.00905776
v 0.05714982 -0.18685570 0.00295264
v 0.05714982 -0.18549889 0.00560802
v 0.05714982 -0.18073709 0.00906068
v 0.05714982 -0.16826449 0.01649165
v 0.05714982 -0.18272300 0.01840275
v 0.05714982 -0.17778119 0.01904988
v 0.05714982 -0.15940200 0.00494123
v 0.05714982 -0.17009319 0.00559729
v 0.05714982 -0.15874989 0.00000000
v 0.05714982 -0.16827489 0.00000000
v 0.05714982 -0.16130070 -0.00952226
v 0.05714982 -0.18074609 -0.00905776
v 0.05714982 -0.19429180 -0.00953525
v 0.05714982 -0.16826870 -0.01649409
v 0.05714982 -0.18733540 -0.01649165
v 0.05714982 -0.17287700 -0.01840275
v 0.05714982 -0.17781870 -0.01904988
v 0.05714982 -0.16874421 -0.00295264
v 0.05714982 -0.17010111 -0.00560802
v 0.05714982 -0.17486280 -0.00906068
v 0.00965196 -0.18732500 0.00000000
v 0.05714982 -0.18732500 0.00000000
v 0.05714982 -0.18685570 0.00295264
v 0.00965196 -0.18685570 -0.00295264
v 0.05714982 -0.18550670 -0.00559729
v 0.05714982 -0.18732500 0.00000000
v 0.00965196 -0.18732500 0.00000000
v 0.00965196 -0.18685570 -0.00295264
v 0.05714982 -0.18732500 0.00000000
v 0.00965196 -0.18550670 0.00559729
v 0.05714982 -0.18685570 0.00295264
v 0.05714982 -0.18549889 0.00560802
v 0.00965196 -0.18550670 0.00559729
v 0.00965196 -0.18732500 0.00000000
v 0.05714982 -0.18685570 0.00295264
v 0.00965196 -0.18074609 0.00905776
v 0.05714982 -0.18549889 0.00560802
v 0.05714982 -0.18073709 0.00906068
v 0.00965196 -0.18550670 0.00559729
v 0.00965196 -0.17486280 0.00906068
v 0.05714982 -0.18073709 0.00906068
v 0.05714982 -0.17485380 0.00905776
v 0.00965196 -0.18074609 0.00905776
v 0.00965196 -0.17010111 0.00560802
v 0.05714982 -0.17485380 0.00905776
v 0.05714982 -0.17009319 0.00559729
v 0.00965196 -0.17486280 0.00906068
v 0.00965196 -0.16874421 0.00295264
v 0.05714982 -0.17009319 0.00559729
v 0.05714982 -0.16827489 0.00000000
v 0.00965196 -0.16874421 0.00295264
v 0.00965196 -0.17010111 0.00560802
v 0.05714982 -0.17009319 0.00559729
v 0.00965196 -0.16827489 0.00000000
v 0.05714982 -0.16827489 0.00000000
v 0.05714982 -0.16874421 -0.00295264
v 0.00965196 -0.16874421 0.00295264
v 0.05714982 -0.16827489 0.00000000
v 0.00965196 -0.16827489 0.00000000
v 0.00965196 -0.17009319 -0.00559729
v 0.05714982 -0.16874421 -0.00295264
v 0.05714982 -0.17010111 -0.00560802
v 0.00965196 -0.17009319 -0.00559729
v 0.00965196 -0.16827489 0.00000000
v 0.05714982 -0.16874421 -0.00295264
v 0.00965196 -0.17485380 -0.00905776
v 0.05714982 -0.17010111 -0.00560802
v 0.05714982 -0.17486280 -0.00906068
v 0.00965196 -0.17009319 -0.00559729
v 0.00965196 -0.18073709 -0.00906068
v 0.05714982 -0.17486280 -0.00906068
v 0.05714982 -0.18074609 -0.00905776
v 0.00965196 -0.17485380 -0.00905776
v 0.00965196 -0.18549889 -0.00560802
v 0.05714982 -0.18074609 -0.00905776
v 0.05714982 -0.18550670 -0.00559729
v 0.00965196 -0.18073709 -0.00906068
v 0.00965196 -0.18685570 -0.00295264
v 0.00965196 -0.18549889 -0.00560802
v 0.05714982 -0.18550670 -0.00559729
v 0.00965196 -0.16814800 -0.00965196
v 0.00965196 -0.16827489 0.00000000
v 0.00965196 -0.17009319 -0.00559729
v 0.00965196 -0.16814800 0.00965196
v 0.00965196 -0.16874421 0.00295264
v 0.00965196 -0.17485380 -0.00905776
v 0.00965196 -0.18745200 -0.00965196
v 0.00965196 -0.18073709 -0.00906068
v 0.00965196 -0.18549889 -0.00560802
v 0.00965196 -0.18685570 -0.00295264
v 0.00965196 -0.18732500 0.00000000
v 0.00965196 -0.18745200 0.00965196
v 0.00965196 -0.18550670 0.00559729
v 0.00965196 -0.18074609 0.00905776
v 0.00965196 -0.17486280 0.00906068
v 0.00965196 -0.17010111 0.00560802
v 0.00875842 -0.18960799 0.00965196
v 0.00965196 -0.18745200 -0.00965196
v 0.00965196 -0.18745200 0.00965196
v 0.00875842 -0.18745200 -0.01180791
v 0.00965196 -0.16814800 -0.00965196
v 0.00965196 -0.18745200 -0.00965196
v 0.00875842 -0.18960799 -0.00965196
v 0.00875926 -0.18897600 -0.01117599
v 0.00965196 -0.18745200 -0.00965196
v 0.00875842 -0.18960799 -0.00965196
v 0.00843781 -0.18745200 -0.01208657
v 0.00965196 -0.18745200 -0.00965196
v 0.00875926 -0.18897600 -0.01117599
v 0.00875842 -0.18745200 -0.01180791
v 0.00965196 -0.18745200 -0.00965196
v 0.00843781 -0.18745200 -0.01208657
v 0.00875842 -0.16814800 0.01180791
v 0.00965196 -0.18745200 0.00965196
v 0.00965196 -0.16814800 0.00965196
v 0.00924361 -0.18852960 0.01072961
v 0.00875842 -0.18960799 0.00965196
v 0.00965196 -0.18745200 0.00965196
v 0.00875842 -0.18745200 0.01180791
v 0.00924361 -0.18852960 0.01072961
v 0.00965196 -0.18745200 0.00965196
v 0.00875842 -0.18745200 0.01180791
v 0.00875842 -0.16599190 -0.00965196
v 0.00965196 -0.16814800 0.00965196
v 0.00965196 -0.16814800 -0.00965196
v 0.00875842 -0.16599190 0.00965196
v 0.00875926 -0.16662399 0.01117599
v 0.00965196 -0.16814800 0.00965196
v 0.00875842 -0.16599190 0.00965196
v 0.00843781 -0.16814800 0.01208657
v 0.00965196 -0.16814800 0.00965196
v 0.00875926 -0.16662399 0.01117599
v 0.00875842 -0.16814800 0.01180791
v 0.00965196 -0.16814800 0.00965196
v 0.00843781 -0.16814800 0.01208657
v 0.00875842 -0.16814800 -0.01180791
v 0.00875926 -0.16662399 -0.01117599
v 0.00965196 -0.16814800 -0.00965196
v 0.00875842 -0.16814800 -0.01180791
v 0.00843781 -0.16571340 -0.00965196
v 0.00965196 -0.16814800 -0.00965196
v 0.00875926 -0.16662399 -0.01117599
v 0.00875842 -0.16599190 -0.00965196
v 0.00965196 -0.16814800 -0.00965196
v 0.00843781 -0.16571340 -0.00965196
v 0.00776923 -0.19026829 0.00965196
v 0.00843781 -0.18988660 -0.00965196
v 0.00875842 -0.18960799 -0.00965196
v 0.00875926 -0.18897600 -0.01117599
v 0.00875842 -0.18960799 -0.00965196
v 0.00843781 -0.18988660 -0.00965196
v 0.00875842 -0.18960799 0.00965196
v 0.00776923 -0.19026829 0.00965196
v 0.00875842 -0.18960799 -0.00965196
v 0.00660396 -0.19050001 0.00965196
v 0.00660396 -0.19050001 -0.00965196
v 0.00843781 -0.18988660 -0.00965196
v 0.00660396 -0.18963981 -0.01177412
v 0.00843781 -0.18988660 -0.00965196
v 0.00660396 -0.19050001 -0.00965196
v 0.00776923 -0.19026829 0.00965196
v 0.00660396 -0.19050001 0.00965196
v 0.00843781 -0.18988660 -0.00965196
v 0.00660396 -0.18963981 -0.01177412
v 0.00875926 -0.18897600 -0.01117599
v 0.00843781 -0.18988660 -0.00965196
v 0.00000000 -0.19050001 -0.00965196
v 0.00660396 -0.19050001 -0.00965196
v 0.00660396 -0.19050001 0.00965196
v 0.00000000 -0.18960731 -0.01180720
v 0.00660396 -0.18963981 -0.01177412
v 0.00660396 -0.19050001 -0.00965196
v 0.00000000 -0.19050001 -0.00965196
v 0.00000000 -0.18960731 -0.01180720
v 0.00660396 -0.19050001 -0.00965196
v 0.00660396 -0.19025411 0.01085132
v 0.00660396 -0.19050001 0.00965196
v 0.00776923 -0.19026829 0.00965196
v 0.00000000 -0.19050001 0.00965196
v 0.00000000 -0.19050001 0.00965196
v 0.00660396 -0.19050001 0.00965196
v 0.00660396 -0.19025411 0.01085132
v 0.00812799 -0.18931849 0.01151835
v 0.00776923 -0.19026829 0.00965196
v 0.00875842 -0.18960799 0.00965196
v 0.00660396 -0.18960661 0.01180773
v 0.00776923 -0.19026829 0.00965196
v 0.00812799 -0.18931849 0.01151835
v 0.00660396 -0.19025411 0.01085132
v 0.00776923 -0.19026829 0.00965196
v 0.00660396 -0.18960661 0.01180773
v 0.00812799 -0.18931849 0.01151835
v 0.00875842 -0.18960799 0.00965196
v 0.00924361 -0.18852960 0.01072961
v 0.00660396 -0.18865129 -0.01245409
v 0.00843781 -0.18745200 -0.01208657
v 0.00875926 -0.18897600 -0.01117599
v 0.00660396 -0.18963981 -0.01177412
v 0.00660396 -0.18865129 -0.01245409
v 0.00875926 -0.18897600 -0.01117599
v 0.00660396 -0.18865129 -0.01245409
v 0.00660396 -0.18745200 -0.01269996
v 0.00843781 -0.18745200 -0.01208657
v 0.00843781 -0.16814800 -0.01208657
v 0.00843781 -0.18745200 -0.01208657
v 0.00660396 -0.18745200 -0.01269996
v 0.00875842 -0.16814800 -0.01180791
v 0.00875842 -0.18745200 -0.01180791
v 0.00843781 -0.18745200 -0.01208657
v 0.00843781 -0.16814800 -0.01208657
v 0.00000000 -0.18745200 -0.01269996
v 0.00660396 -0.18745200 -0.01269996
v 0.00660396 -0.18865129 -0.01245409
v 0.00000000 -0.16814800 -0.01269996
v 0.00660396 -0.18745200 -0.01269996
v 0.00000000 -0.18745200 -0.01269996
v 0.00660396 -0.16814800 -0.01269996
v 0.00660396 -0.16814800 -0.01269996
v 0.00000000 -0.18960731 -0.01180720
v 0.00660396 -0.18865129 -0.01245409
v 0.00660396 -0.18963981 -0.01177412
v 0.00000000 -0.18960731 -0.01180720
v 0.00000000 -0.18745200 -0.01269996
v 0.00660396 -0.18865129 -0.01245409
v 0.00000000 -0.18745200 0.01269996
v 0.00000000 -0.18745200 -0.01269996
v 0.00000000 -0.18960731 -0.01180720
v 0.00000000 -0.17500700 -0.00279301
v 0.00000000 -0.16814800 -0.01269996
v 0.00000000 -0.18058971 0.00279617
v 0.00000000 -0.17779990 -0.00394994
v 0.00000000 -0.18059300 -0.00279295
v 0.00000000 -0.18174990 0.00000000
v 0.00000000 -0.18960720 0.01180726
v 0.00000000 -0.19050001 -0.00965196
v 0.00000000 -0.19050001 0.00965196
v 0.00000000 -0.16599271 -0.01180726
v 0.00660396 -0.16814800 -0.01269996
v 0.00000000 -0.16814800 -0.01269996
v 0.00660396 -0.16602580 -0.01183968
v 0.00843781 -0.16814800 -0.01208657
v 0.00660396 -0.16814800 -0.01269996
v 0.00000000 -0.16599271 -0.01180726
v 0.00660396 -0.16602580 -0.01183968
v 0.00660396 -0.16814800 -0.01269996
v 0.00000000 -0.16599271 0.01180720
v 0.00000000 -0.16599271 -0.01180726
v 0.00000000 -0.16814800 0.01269996
v 0.00875926 -0.16662399 -0.01117599
v 0.00875842 -0.16814800 -0.01180791
v 0.00843781 -0.16814800 -0.01208657
v 0.00660396 -0.16602580 -0.01183968
v 0.00875926 -0.16662399 -0.01117599
v 0.00843781 -0.16814800 -0.01208657
v 0.00660396 -0.16534591 -0.01085132
v 0.00843781 -0.16571340 -0.00965196
v 0.00875926 -0.16662399 -0.01117599
v 0.00660396 -0.16602580 -0.01183968
v 0.00660396 -0.16534591 -0.01085132
v 0.00875926 -0.16662399 -0.01117599
v 0.00660396 -0.16534591 -0.01085132
v 0.00660396 -0.16509999 -0.00965196
v 0.00843781 -0.16571340 -0.00965196
v 0.00843781 -0.16571340 0.00965196
v 0.00843781 -0.16571340 -0.00965196
v 0.00660396 -0.16509999 -0.00965196
v 0.00875842 -0.16599190 0.00965196
v 0.00875842 -0.16599190 -0.00965196
v 0.00843781 -0.16571340 -0.00965196
v 0.00843781 -0.16571340 0.00965196
v 0.00000000 -0.16509999 -0.00965196
v 0.00660396 -0.16509999 -0.00965196
v 0.00660396 -0.16534591 -0.01085132
v 0.00000000 -0.16509999 0.00965196
v 0.00660396 -0.16509999 -0.00965196
v 0.00000000 -0.16509999 -0.00965196
v 0.00660396 -0.16509999 0.00965196
v 0.00660396 -0.16509999 0.00965196
v 0.00000000 -0.16599271 -0.01180726
v 0.00660396 -0.16534591 -0.01085132
v 0.00660396 -0.16602580 -0.01183968
v 0.00000000 -0.16599271 -0.01180726
v 0.00000000 -0.16509999 -0.00965196
v 0.00660396 -0.16534591 -0.01085132
v 0.00000000 -0.16509999 0.00965196
v 0.00000000 -0.16509999 -0.00965196
v 0.00000000 -0.16599271 0.01180720
v 0.00660396 -0.16509999 0.00965196
v 0.00000000 -0.16509999 0.00965196
v 0.00660396 -0.16596010 0.01177412
v 0.00843781 -0.16571340 0.00965196
v 0.00660396 -0.16509999 0.00965196
v 0.00000000 -0.16599271 0.01180720
v 0.00660396 -0.16596010 0.01177412
v 0.00660396 -0.16509999 0.00965196
v 0.00875926 -0.16662399 0.01117599
v 0.00875842 -0.16599190 0.00965196
v 0.00843781 -0.16571340 0.00965196
v 0.00660396 -0.16596010 0.01177412
v 0.00875926 -0.16662399 0.01117599
v 0.00843781 -0.16571340 0.00965196
v 0.00660396 -0.16694860 0.01245409
v 0.00843781 -0.16814800 0.01208657
v 0.00875926 -0.16662399 0.01117599
v 0.00660396 -0.16596010 0.01177412
v 0.00660396 -0.16694860 0.01245409
v 0.00875926 -0.16662399 0.01117599
v 0.00660396 -0.16694860 0.01245409
v 0.00660396 -0.16814800 0.01269996
v 0.00843781 -0.16814800 0.01208657
v 0.00776923 -0.18745200 0.01246827
v 0.00843781 -0.16814800 0.01208657
v 0.00660396 -0.16814800 0.01269996
v 0.00875842 -0.18745200 0.01180791
v 0.00875842 -0.16814800 0.01180791
v 0.00843781 -0.16814800 0.01208657
v 0.00776923 -0.18745200 0.01246827
v 0.00875842 -0.18745200 0.01180791
v 0.00843781 -0.16814800 0.01208657
v 0.00000000 -0.16814800 0.01269996
v 0.00660396 -0.16814800 0.01269996
v 0.00660396 -0.16694860 0.01245409
v 0.00000000 -0.18745200 0.01269996
v 0.00660396 -0.16814800 0.01269996
v 0.00000000 -0.16814800 0.01269996
v 0.00660396 -0.18745200 0.01269996
v 0.00776923 -0.18745200 0.01246827
v 0.00660396 -0.16814800 0.01269996
v 0.00660396 -0.18745200 0.01269996
v 0.00000000 -0.16599271 0.01180720
v 0.00660396 -0.16694860 0.01245409
v 0.00660396 -0.16596010 0.01177412
v 0.00000000 -0.16599271 0.01180720
v 0.00000000 -0.16814800 0.01269996
v 0.00660396 -0.16694860 0.01245409
v 0.00000000 -0.17384990 0.00000000
v 0.00000000 -0.17500350 0.00278950
v 0.00000000 -0.17779990 0.00394994
v 0.00000000 -0.18960720 0.01180726
v 0.00660396 -0.18745200 0.01269996
v 0.00000000 -0.18745200 0.01269996
v 0.00812799 -0.18931849 0.01151835
v 0.00776923 -0.18745200 0.01246827
v 0.00660396 -0.18745200 0.01269996
v 0.00660396 -0.18957409 0.01183968
v 0.00812799 -0.18931849 0.01151835
v 0.00660396 -0.18745200 0.01269996
v 0.00000000 -0.18960720 0.01180726
v 0.00660396 -0.18957409 0.01183968
v 0.00660396 -0.18745200 0.01269996
v 0.00924361 -0.18852960 0.01072961
v 0.00875842 -0.18745200 0.01180791
v 0.00776923 -0.18745200 0.01246827
v 0.00812799 -0.18931849 0.01151835
v 0.00924361 -0.18852960 0.01072961
v 0.00776923 -0.18745200 0.01246827
v 0.00660396 -0.18957409 0.01183968
v 0.00660396 -0.18960661 0.01180773
v 0.00812799 -0.18931849 0.01151835
v 0.00000000 -0.18960720 0.01180726
v 0.00660396 -0.18960661 0.01180773
v 0.00660396 -0.18957409 0.01183968
v 0.00000000 -0.19050001 0.00965196
v 0.00660396 -0.19025411 0.01085132
v 0.00660396 -0.18960661 0.01180773
v 0.00000000 -0.18960720 0.01180726
v 0.00000000 -0.19050001 0.00965196
v 0.00660396 -0.18960661 0.01180773
v 0.01999998 -0.17384990 0.00000000
v 0.00000000 -0.17384990 0.00000000
v 0.00000000 -0.17500700 -0.00279301
v 0.01999998 -0.17501020 0.00279617
v 0.00000000 -0.17500350 0.00278950
v 0.00000000 -0.17384990 0.00000000
v 0.01999998 -0.17384990 0.00000000
v 0.01999998 -0.17500690 -0.00279295
v 0.00000000 -0.17500700 -0.00279301
v 0.00000000 -0.17779990 -0.00394994
v 0.01999998 -0.17500690 -0.00279295
v 0.01999998 -0.17779990 -0.00394994
v 0.00000000 -0.17779990 -0.00394994
v 0.00000000 -0.18059300 -0.00279295
v 0.01999998 -0.17779990 -0.00394994
v 0.01999998 -0.18059300 -0.00279301
v 0.00000000 -0.18059300 -0.00279295
v 0.00000000 -0.18174990 0.00000000
v 0.01999998 -0.18059300 -0.00279301
v 0.01999998 -0.18174990 0.00000000
v 0.00000000 -0.18174990 0.00000000
v 0.00000000 -0.18058971 0.00279617
v 0.01999998 -0.18174990 0.00000000
v 0.01999998 -0.18059640 0.00278950
v 0.00000000 -0.18058971 0.00279617
v 0.00000000 -0.17779990 0.00394994
v 0.01999998 -0.18059640 0.00278950
v 0.01999998 -0.17779990 0.00394994
v 0.00000000 -0.17779990 0.00394994
v 0.00000000 -0.17500350 0.00278950
v 0.01999998 -0.17779990 0.00394994
v 0.01999998 -0.17501020 0.00279617
v 0.01999998 -0.18059640 0.00278950
v 0.01999998 -0.17779990 0.00394994
v 0.01999998 -0.17501020 0.00279617
v 0.01999998 -0.17384990 0.00000000
v 0.01999998 -0.18174990 0.00000000
v 0.01999998 -0.17500690 -0.00279295
v 0.01999998 -0.18059300 -0.00279301
v 0.01999998 -0.17779990 -0.00394994
v 0.08939570 0.00852495 0.00867462
v 0.08939564 -0.03000783 0.00867462
v 0.08940863 -0.03000783 0.00866699
v 0.09171968 -0.18632500 0.00634992
v 0.08946120 -0.18632500 0.00863629
v 0.08991670 -0.18872800 0.00805402
v 0.08946120 0.00852495 0.00863629
v 0.08946120 -0.03000783 0.00863629
v 0.08990782 -0.03000783 0.00818413
v 0.08946120 0.00852495 0.00863629
v 0.08940863 -0.03000783 0.00866699
v 0.08946120 -0.03000783 0.00863629
v 0.08706969 -0.19057640 0.00848478
v 0.09091424 -0.19058751 0.00651652
v 0.08991670 -0.18872800 0.00805402
v 0.09212154 -0.18782510 0.00559652
v 0.08991670 -0.18872800 0.00805402
v 0.09091424 -0.19058751 0.00651652
v 0.09187877 -0.18726350 0.00606614
v 0.09171968 -0.18632500 0.00634992
v 0.08991670 -0.18872800 0.00805402
v 0.09212154 -0.18782510 0.00559652
v 0.09187877 -0.18726350 0.00606614
v 0.08991670 -0.18872800 0.00805402
v 0.08849251 -0.19299620 0.00643086
v 0.09191232 -0.19185171 0.00426954
v 0.09091424 -0.19058751 0.00651652
v 0.09294700 -0.18899430 0.00343782
v 0.09091424 -0.19058751 0.00651652
v 0.09191232 -0.19185171 0.00426954
v 0.08849251 -0.19299620 0.00643086
v 0.09249591 -0.18842719 0.00475866
v 0.09212154 -0.18782510 0.00559652
v 0.09091424 -0.19058751 0.00651652
v 0.09294700 -0.18899430 0.00343782
v 0.09249591 -0.18842719 0.00475866
v 0.09091424 -0.19058751 0.00651652
v 0.08969569 -0.19450180 0.00352842
v 0.09252697 -0.19251880 0.00149447
v 0.09191232 -0.19185171 0.00426954
v 0.09329658 -0.18937340 0.00177461
v 0.09191232 -0.19185171 0.00426954
v 0.09252697 -0.19251880 0.00149447
v 0.08849251 -0.19299620 0.00643086
v 0.08969569 -0.19450180 0.00352842
v 0.09191232 -0.19185171 0.00426954
v 0.09329658 -0.18937340 0.00177461
v 0.09294700 -0.18899430 0.00343782
v 0.09191232 -0.19185171 0.00426954
v 0.09017378 -0.19504040 0.00002013
v 0.09252703 -0.19251880 -0.00149387
v 0.09252697 -0.19251880 0.00149447
v 0.09342116 -0.18949990 -0.00002164
v 0.09252697 -0.19251880 0.00149447
v 0.09252703 -0.19251880 -0.00149387
v 0.08969569 -0.19450180 0.00352842
v 0.09017378 -0.19504040 0.00002013
v 0.09252697 -0.19251880 0.00149447
v 0.09342116 -0.18949990 -0.00002164
v 0.09329658 -0.18937340 0.00177461
v 0.09252697 -0.19251880 0.00149447
v 0.08970576 -0.19451331 -0.00349206
v 0.09191250 -0.19185190 -0.00426912
v 0.09252703 -0.19251880 -0.00149387
v 0.09329020 -0.18936680 -0.00181937
v 0.09252703 -0.19251880 -0.00149387
v 0.09191250 -0.19185190 -0.00426912
v 0.09017378 -0.19504040 0.00002013
v 0.08970576 -0.19451331 -0.00349206
v 0.09252703 -0.19251880 -0.00149387
v 0.09329020 -0.18936680 -0.00181937
v 0.09342116 -0.18949990 -0.00002164
v 0.09252703 -0.19251880 -0.00149387
v 0.08850812 -0.19301771 -0.00640315
v 0.09091436 -0.19058760 -0.00651634
v 0.09191250 -0.19185190 -0.00426912
v 0.09293496 -0.18898050 -0.00348031
v 0.09191250 -0.19185190 -0.00426912
v 0.09091436 -0.19058760 -0.00651634
v 0.08970576 -0.19451331 -0.00349206
v 0.08850812 -0.19301771 -0.00640315
v 0.09191250 -0.19185190 -0.00426912
v 0.09293496 -0.18898050 -0.00348031
v 0.09329020 -0.18936680 -0.00181937
v 0.09191250 -0.19185190 -0.00426912
v 0.08708417 -0.19060840 -0.00846732
v 0.08991676 -0.18872800 -0.00805396
v 0.09091436 -0.19058760 -0.00651634
v 0.09248459 -0.18841121 -0.00478667
v 0.09091436 -0.19058760 -0.00651634
v 0.08991676 -0.18872800 -0.00805396
v 0.08850812 -0.19301771 -0.00640315
v 0.09248459 -0.18841121 -0.00478667
v 0.09293496 -0.18898050 -0.00348031
v 0.09091436 -0.19058760 -0.00651634
v 0.08939570 -0.18632500 -0.00867462
v 0.08946120 -0.18632500 -0.00863629
v 0.08991676 -0.18872800 -0.00805396
v 0.09187835 -0.18726221 -0.00606692
v 0.08991676 -0.18872800 -0.00805396
v 0.08946120 -0.18632500 -0.00863629
v 0.09211724 -0.18781690 -0.00560516
v 0.09248459 -0.18841121 -0.00478667
v 0.08991676 -0.18872800 -0.00805396
v 0.09187835 -0.18726221 -0.00606692
v 0.09211724 -0.18781690 -0.00560516
v 0.08991676 -0.18872800 -0.00805396
v 0.08946120 0.00852495 -0.00863629
v 0.08946120 -0.03000783 -0.00863629
v 0.08944821 -0.03000783 -0.00864386
v 0.09171968 -0.18632500 -0.00634992
v 0.09187835 -0.18726221 -0.00606692
v 0.08946120 -0.18632500 -0.00863629
v 0.09171968 -0.18245040 -0.00634992
v 0.09171968 -0.18632500 -0.00634992
v 0.08946120 -0.18632500 -0.00863629
v 0.09127300 -0.03000783 -0.00680208
v 0.08946120 0.00852495 -0.00863629
v 0.09171968 0.00852495 -0.00634992
v 0.09171968 0.00465035 -0.00634992
v 0.09171968 -0.03000783 -0.00634992
v 0.09130978 -0.03000783 -0.00676483
v 0.08944821 -0.03000783 -0.00864386
v 0.08939564 0.00852495 -0.00867468
v 0.08946120 0.00852495 -0.00863629
v 0.09171968 -0.18245040 0.00634992
v 0.09171968 -0.18632500 0.00634992
v 0.09187877 -0.18726350 0.00606614
v 0.08991688 -0.03000783 0.00817495
v 0.09171968 -0.18245040 0.00634992
v 0.09187877 -0.18726350 0.00606614
v 0.09212154 -0.18782510 0.00559652
v 0.09171968 -0.18245040 0.00634992
v 0.09212154 -0.18782510 0.00559652
v 0.09249591 -0.18842719 0.00475866
v 0.09171968 -0.18245040 0.00634992
v 0.09249591 -0.18842719 0.00475866
v 0.09294700 -0.18899430 0.00343782
v 0.09298843 -0.18245040 0.00328690
v 0.09294700 -0.18899430 0.00343782
v 0.09329658 -0.18937340 0.00177461
v 0.09298843 -0.18245040 0.00328690
v 0.09171968 -0.18245040 0.00634992
v 0.09294700 -0.18899430 0.00343782
v 0.09342116 -0.18245040 0.00000000
v 0.09329658 -0.18937340 0.00177461
v 0.09342116 -0.18949990 -0.00002164
v 0.09298843 -0.18245040 0.00328690
v 0.09329658 -0.18937340 0.00177461
v 0.09342116 -0.18245040 0.00000000
v 0.09342116 -0.18245040 0.00000000
v 0.09342116 -0.18949990 -0.00002164
v 0.09329020 -0.18936680 -0.00181937
v 0.09298843 -0.18245040 -0.00328690
v 0.09329020 -0.18936680 -0.00181937
v 0.09293496 -0.18898050 -0.00348031
v 0.09342116 -0.18245040 0.00000000
v 0.09329020 -0.18936680 -0.00181937
v 0.09298843 -0.18245040 -0.00328690
v 0.09298843 -0.18245040 -0.00328690
v 0.09293496 -0.18898050 -0.00348031
v 0.09248459 -0.18841121 -0.00478667
v 0.09298843 -0.18245040 -0.00328690
v 0.09248459 -0.18841121 -0.00478667
v 0.09211724 -0.18781690 -0.00560516
v 0.09298843 -0.18245040 -0.00328690
v 0.09211724 -0.18781690 -0.00560516
v 0.09187835 -0.18726221 -0.00606692
v 0.09298843 -0.18245040 -0.00328690
v 0.09187835 -0.18726221 -0.00606692
v 0.09171968 -0.18632500 -0.00634992
v 0.09171968 -0.18632500 -0.00634992
v 0.09171968 -0.18245040 -0.00634992
v 0.09171968 0.00465035 0.00634992
v 0.09171968 0.00852495 0.00634992
v 0.09298843 0.00465035 0.00328690
v 0.09171968 0.00852495 0.00634992
v 0.09171968 0.00465035 0.00634992
v 0.09183913 0.00933784 0.00613838
v 0.08946120 0.00852495 0.00863629
v 0.09171968 0.00852495 0.00634992
v 0.09298843 0.00465035 0.00328690
v 0.09183913 0.00933784 0.00613838
v 0.09171968 0.00852495 0.00634992
v 0.09276038 -0.14882170 0.00383747
v 0.09298843 -0.14882170 0.00328690
v 0.08991676 0.01092803 0.00805402
v 0.08939570 0.00852495 0.00867462
v 0.08946120 0.00852495 0.00863629
v 0.09183913 0.00933784 0.00613838
v 0.08991676 0.01092803 0.00805402
v 0.08946120 0.00852495 0.00863629
v 0.09171968 0.00852495 -0.00634992
v 0.08946120 0.00852495 -0.00863629
v 0.08991670 0.01092785 -0.00805402
v 0.08706974 0.01277643 -0.00848478
v 0.09091424 0.01278752 -0.00651663
v 0.08991670 0.01092785 -0.00805402
v 0.09228920 0.01031744 -0.00524122
v 0.08991670 0.01092785 -0.00805402
v 0.09091424 0.01278752 -0.00651663
v 0.09183800 0.00933391 -0.00614053
v 0.09171968 0.00852495 -0.00634992
v 0.08991670 0.01092785 -0.00805402
v 0.09228920 0.01031744 -0.00524122
v 0.09183800 0.00933391 -0.00614053
v 0.08991670 0.01092785 -0.00805402
v 0.08849251 0.01519620 -0.00643086
v 0.09191232 0.01405179 -0.00426954
v 0.09091424 0.01278752 -0.00651663
v 0.09265697 0.01084309 -0.00433892
v 0.09091424 0.01278752 -0.00651663
v 0.09191232 0.01405179 -0.00426954
v 0.08849251 0.01519620 -0.00643086
v 0.09265697 0.01084309 -0.00433892
v 0.09228920 0.01031744 -0.00524122
v 0.09091424 0.01278752 -0.00651663
v 0.08969569 0.01670169 -0.00352842
v 0.09252697 0.01471877 -0.00149447
v 0.09191232 0.01405179 -0.00426954
v 0.09332293 0.01160049 -0.00157666
v 0.09191232 0.01405179 -0.00426954
v 0.09252697 0.01471877 -0.00149447
v 0.08849251 0.01519620 -0.00643086
v 0.08969569 0.01670169 -0.00352842
v 0.09191232 0.01405179 -0.00426954
v 0.09304535 0.01130515 -0.00306660
v 0.09265697 0.01084309 -0.00433892
v 0.09191232 0.01405179 -0.00426954
v 0.09332293 0.01160049 -0.00157666
v 0.09304535 0.01130515 -0.00306660
v 0.09191232 0.01405179 -0.00426954
v 0.09017378 0.01724034 -0.00002014
v 0.09252703 0.01471883 0.00149387
v 0.09252697 0.01471877 -0.00149447
v 0.09342116 0.01169997 0.00000000
v 0.09252697 0.01471877 -0.00149447
v 0.09252703 0.01471883 0.00149387
v 0.08969569 0.01670169 -0.00352842
v 0.09017378 0.01724034 -0.00002014
v 0.09252697 0.01471877 -0.00149447
v 0.09342116 0.01169997 0.00000000
v 0.09332293 0.01160049 -0.00157666
v 0.09252697 0.01471877 -0.00149447
v 0.08970576 0.01671338 0.00349206
v 0.09191250 0.01405191 0.00426912
v 0.09252703 0.01471883 0.00149387
v 0.09332197 0.01159954 0.00158429
v 0.09252703 0.01471883 0.00149387
v 0.09191250 0.01405191 0.00426912
v 0.09017378 0.01724034 -0.00002014
v 0.08970576 0.01671338 0.00349206
v 0.09252703 0.01471883 0.00149387
v 0.09332197 0.01159954 0.00158429
v 0.09342116 0.01169997 0.00000000
v 0.09252703 0.01471883 0.00149387
v 0.08850812 0.01521772 0.00640315
v 0.09091436 0.01278764 0.00651634
v 0.09191250 0.01405191 0.00426912
v 0.09304249 0.01130199 0.00307810
v 0.09191250 0.01405191 0.00426912
v 0.09091436 0.01278764 0.00651634
v 0.08970576 0.01671338 0.00349206
v 0.08850812 0.01521772 0.00640315
v 0.09191250 0.01405191 0.00426912
v 0.09304249 0.01130199 0.00307810
v 0.09332197 0.01159954 0.00158429
v 0.09191250 0.01405191 0.00426912
v 0.08708417 0.01280844 0.00846726
v 0.08991676 0.01092803 0.00805402
v 0.09091436 0.01278764 0.00651634
v 0.09228867 0.01031661 0.00524229
v 0.09091436 0.01278764 0.00651634
v 0.08991676 0.01092803 0.00805402
v 0.08850812 0.01521772 0.00640315
v 0.09265333 0.01083838 0.00434887
v 0.09304249 0.01130199 0.00307810
v 0.09091436 0.01278764 0.00651634
v 0.09228867 0.01031661 0.00524229
v 0.09265333 0.01083838 0.00434887
v 0.09091436 0.01278764 0.00651634
v 0.09183913 0.00933784 0.00613838
v 0.09228867 0.01031661 0.00524229
v 0.08991676 0.01092803 0.00805402
v 0.09171968 0.00465035 -0.00634992
v 0.09171968 0.00852495 -0.00634992
v 0.09183800 0.00933391 -0.00614053
v 0.09171968 0.00465035 -0.00634992
v 0.09183800 0.00933391 -0.00614053
v 0.09228920 0.01031744 -0.00524122
v 0.09171968 0.00465035 -0.00634992
v 0.09228920 0.01031744 -0.00524122
v 0.09265697 0.01084309 -0.00433892
v 0.09298843 0.00465035 -0.00328690
v 0.09265697 0.01084309 -0.00433892
v 0.09304535 0.01130515 -0.00306660
v 0.09298843 0.00465035 -0.00328690
v 0.09171968 0.00465035 -0.00634992
v 0.09265697 0.01084309 -0.00433892
v 0.09298843 0.00465035 -0.00328690
v 0.09304535 0.01130515 -0.00306660
v 0.09332293 0.01160049 -0.00157666
v 0.09298843 0.00465035 -0.00328690
v 0.09332293 0.01160049 -0.00157666
v 0.09342116 0.01169997 0.00000000
v 0.09342116 0.00465035 0.00000000
v 0.09342116 0.01169997 0.00000000
v 0.09332197 0.01159954 0.00158429
v 0.09342116 0.00465035 0.00000000
v 0.09298843 0.00465035 -0.00328690
v 0.09342116 0.01169997 0.00000000
v 0.09342116 0.00465035 0.00000000
v 0.09332197 0.01159954 0.00158429
v 0.09304249 0.01130199 0.00307810
v 0.09298843 0.00465035 0.00328690
v 0.09304249 0.01130199 0.00307810
v 0.09265333 0.01083838 0.00434887
v 0.09298843 0.00465035 0.00328690
v 0.09342116 0.00465035 0.00000000
v 0.09304249 0.01130199 0.00307810
v 0.08246570 -0.03000783 0.00952500
v 0.08622044 0.00852495 0.00952500
v 0.07919776 0.00852495 -0.00952500
v 0.07374691 -0.03000783 -0.00952500
v 0.07067215 0.00852495 -0.00952500
v 0.07919776 0.01371979 -0.00797135
v 0.07041525 0.01412642 -0.00770378
v 0.07041525 0.01412642 -0.00770378
v 0.07020616 0.01758486 -0.00293964
v 0.07054829 0.01147013 0.00905818
v 0.08256602 -0.14882170 -0.00952500
v 0.08622688 -0.18713249 0.00949067
v 0.08622044 -0.18632500 0.00952500
v 0.07919782 -0.07345283 0.00952500
v 0.08300518 -0.03000783 0.00952500
v 0.08291947 -0.03000783 0.00952500
v 0.07054829 0.01146960 -0.00905836
v 0.07041525 0.01412642 -0.00770378
v 0.07919776 0.01763445 0.00277805
v 0.07020616 0.01758509 0.00293904
v 0.07041519 0.01412689 0.00770330
v 0.07041519 0.01412689 0.00770330
v 0.07054829 0.01147013 0.00905818
v 0.08627754 -0.18870860 -0.00922191
v 0.07020616 0.01758486 -0.00293964
v 0.07919776 -0.19252060 -0.00720245
v 0.08665329 -0.19299871 -0.00679600
v 0.07020616 0.01758509 0.00293904
v 0.07041519 0.01412689 0.00770330
v 0.07919776 0.00852495 0.00952500
v 0.07020616 0.01758509 0.00293904
v 0.08644717 -0.19111080 -0.00823539
v 0.08665329 -0.19299871 -0.00679600
v 0.08700984 -0.19547731 -0.00263846
v 0.07067215 0.00852495 0.00952500
v 0.07020616 0.01758486 -0.00293964
v 0.07020616 0.01758509 0.00293904
v 0.07919776 -0.18632500 -0.00952500
v 0.07919782 -0.11425520 -0.00952500
v 0.08300769 -0.14882170 -0.00952500
v 0.08256602 -0.14882170 -0.00952500
v 0.07919782 -0.06354475 0.00952500
v 0.08246570 -0.03000783 0.00952500
v 0.07919776 -0.19151130 0.00797748
v 0.08645397 -0.19118389 0.00819242
v 0.07919776 0.01122575 -0.00913107
v 0.07054829 0.01146960 -0.00905836
v 0.08644717 -0.19111080 -0.00823539
v 0.07919776 -0.19428781 -0.00521290
v 0.08685553 -0.19448020 -0.00492096
v 0.08700984 -0.19547731 -0.00263846
v 0.08707118 -0.19585000 0.00000000
v 0.08701318 -0.19549780 0.00256592
v 0.08686459 -0.19454120 0.00481850
v 0.07041519 0.01412689 0.00770330
v 0.08628344 -0.18882610 0.00919074
v 0.08622688 -0.18713249 0.00949067
v 0.07054829 0.01147013 0.00905818
v 0.07067215 0.00852495 0.00952500
v 0.08645397 -0.19118389 0.00819242
v 0.07919776 -0.10216190 -0.00952500
v 0.07282954 -0.03000783 -0.00952500
v 0.07317721 -0.03000783 -0.00952500
v 0.07919776 -0.18632500 0.00952500
v 0.08622044 -0.18632500 0.00952500
v 0.07919776 -0.07563805 0.00952500
v 0.08314561 -0.03000783 0.00952500
v 0.07054829 0.01146960 -0.00905836
v 0.08627754 -0.18870860 -0.00922191
v 0.08644717 -0.19111080 -0.00823539
v 0.08665329 -0.19299871 -0.00679600
v 0.08685553 -0.19448020 -0.00492096
v 0.08701318 -0.19549780 0.00256592
v 0.08666038 -0.19305490 0.00674039
v 0.08628344 -0.18882610 0.00919074
v 0.07067215 -0.18632500 -0.00952500
v 0.07020616 0.01758509 0.00293904
v 0.08622044 -0.03000783 0.00952500
v 0.07919782 -0.07948195 0.00952500
v 0.08622044 -0.14882170 0.00952500
v 0.07919782 -0.09831809 -0.00952500
v 0.07374691 -0.03000783 -0.00952500
v 0.07067215 0.00852495 -0.00952500
v 0.07054829 0.01146960 -0.00905836
v 0.07020616 0.01758486 -0.00293964
v 0.08707118 -0.19585000 0.00000000
v 0.08701318 -0.19549780 0.00256592
v 0.08686459 -0.19454120 0.00481850
v 0.08666038 -0.19305490 0.00674039
v 0.07067215 0.00852495 0.00952500
v 0.07919776 -0.18632500 -0.00952500
v 0.07067215 -0.18632500 -0.00952500
v 0.08946120 -0.03000783 -0.00863629
v 0.08989590 -0.14882170 -0.00819623
v 0.08946120 -0.14882170 -0.00863629
v 0.07105946 -0.00462729 -0.00952500
v 0.09334099 -0.03000783 -0.00060887
v 0.08876770 -0.03000783 -0.00884282
v 0.08939570 -0.14882170 -0.00867462
v 0.08683156 -0.14882170 -0.00936133
v 0.08939564 -0.03000783 0.00867462
v 0.08878445 -0.14882170 0.00883830
v 0.08939564 -0.14882170 0.00867462
v 0.07919776 -0.03000783 -0.00952500
v 0.06814819 -0.03000789 -0.00441003
v 0.06814819 -0.14882170 -0.00733972
v 0.06814819 -0.03000783 -0.00061977
v 0.06859272 -0.03000783 -0.00906241
v 0.06862848 -0.14882170 -0.00911146
v 0.06830704 -0.14882170 -0.00865781
v 0.06814819 -0.03000783 0.00800097
v 0.06815963 -0.03000783 0.00805539
v 0.06814819 -0.01728820 0.00800097
v 0.09171968 -0.03000783 0.00634992
v 0.09195470 -0.03000783 0.00578249
v 0.08991688 -0.03000783 0.00817495
v 0.09128499 -0.14882170 0.00678998
v 0.09132194 -0.14882170 0.00675255
v 0.08291947 -0.03000783 0.00952500
v 0.08946120 -0.03000783 0.00863629
v 0.08944857 -0.14882170 0.00864363
v 0.08946120 -0.14882170 0.00863629
v 0.06984454 -0.14882170 0.00952500
v 0.07088828 -0.14882170 0.00952500
v 0.06967216 -0.03000783 0.00952500
v 0.06958162 -0.14882170 0.00948888
v 0.06967216 -0.14882170 0.00952500
v 0.09306859 -0.03000783 0.00267798
v 0.09171968 -0.03000783 -0.00634992
v 0.09194767 -0.14882170 -0.00579935
v 0.09171968 -0.14882170 -0.00634992
v 0.08622044 -0.03000783 -0.00952500
v 0.08622044 0.00852495 -0.00952500
v 0.06814819 -0.03000783 0.00728148
v 0.06814819 -0.03000783 0.00765097
v 0.06814819 -0.01728820 0.00800097
v 0.06827646 -0.03000783 0.00861281
v 0.08939564 -0.03000783 -0.00867462
v 0.08940827 -0.14882170 -0.00866723
v 0.08939570 -0.14882170 -0.00867462
v 0.09298843 -0.03000783 0.00328690
v 0.06985872 -0.03000783 -0.00952500
v 0.06814819 -0.03000783 -0.00800097
v 0.06815868 -0.14882170 -0.00805092
v 0.06814819 -0.14882170 -0.00800097
v 0.06862503 -0.03000783 -0.00910801
v 0.06871724 -0.14882170 -0.00914681
v 0.06862848 -0.14882170 -0.00911146
v 0.06827729 -0.03000783 -0.00861478
v 0.06827813 -0.14882170 -0.00861681
v 0.06859165 -0.03000783 0.00906134
v 0.06862390 -0.03000783 0.00910699
v 0.06862354 -0.01673233 0.00910664
v 0.09127300 -0.03000783 -0.00680208
v 0.08990466 -0.14882170 -0.00818729
v 0.06967216 -0.03000783 -0.00952500
v 0.06814819 -0.03000783 0.00376284
v 0.06814819 -0.03000783 0.00000000
v 0.09342116 -0.03000783 0.00000000
v 0.08622044 -0.03000783 0.00952500
v 0.08622044 0.00852495 0.00952500
v 0.06814819 -0.03000783 -0.00061977
v 0.06814819 -0.03000783 -0.00032029
v 0.06814819 -0.03000783 0.00800097
v 0.08314561 -0.03000783 0.00952500
v 0.08622044 -0.03000783 0.00952500
v 0.06862390 -0.03000783 0.00910699
v 0.06871980 -0.03000783 0.00914502
v 0.08300518 -0.03000783 0.00952500
v 0.07919782 -0.03000783 0.00952500
v 0.09298843 -0.03000783 -0.00328690
v 0.06814819 -0.03000783 -0.00800097
v 0.06814819 -0.14882170 -0.00767922
v 0.09171968 -0.03000783 0.00634992
v 0.09171968 -0.14882170 0.00634992
v 0.08944821 -0.03000783 -0.00864386
v 0.08946120 -0.14882170 -0.00863629
v 0.08940827 -0.14882170 -0.00866723
v 0.07098859 -0.03000783 -0.00952500
v 0.07919782 -0.10434720 -0.00952500
v 0.06967216 -0.03000783 0.00952500
v 0.07148557 -0.03000783 0.00952500
v 0.08990782 -0.03000783 0.00818413
v 0.08946120 -0.14882170 0.00863629
v 0.08622044 -0.03000783 -0.00952500
v 0.08622044 -0.14882170 -0.00952500
v 0.06814819 -0.01860421 0.00409621
v 0.09130978 -0.03000783 -0.00676483
v 0.09171968 -0.14882170 -0.00634992
v 0.06967216 -0.03000783 -0.00952500
v 0.06967216 -0.01649773 -0.00952500
v 0.07317721 -0.03000783 -0.00952500
v 0.08940863 -0.03000783 0.00866699
v 0.08939564 -0.14882170 0.00867462
v 0.08944857 -0.14882170 0.00864363
v 0.06826549 -0.03000783 -0.00855893
v 0.06827813 -0.14882170 -0.00861681
v 0.06859165 -0.03000783 0.00906134
v 0.06827640 -0.01699185 0.00861263
v 0.06827646 -0.03000783 0.00861281
v 0.06830620 -0.14882170 0.00865597
v 0.06827646 -0.03000783 0.00861281
v 0.06827729 -0.14882170 0.00861484
v 0.06814819 -0.14882170 -0.00767922
v 0.09306621 -0.14882170 -0.00269616
v 0.09298843 -0.03000783 -0.00328690
v 0.09334099 -0.03000783 -0.00060887
v 0.07366472 -0.14882170 0.00952500
v 0.07919776 -0.14882170 0.00952500
v 0.08322781 -0.14882170 -0.00952500
v 0.09128499 -0.14882170 0.00678998
v 0.08946120 -0.18632500 0.00863629
v 0.09171968 -0.18632500 0.00634992
v 0.06827813 -0.14882170 -0.00861681
v 0.06814819 -0.16051160 -0.00800097
v 0.06815868 -0.14882170 -0.00805092
v 0.06827813 -0.14882170 -0.00861681
v 0.06830704 -0.14882170 -0.00865781
v 0.06827825 -0.16081050 -0.00861704
v 0.06814819 -0.14882170 0.00800097
v 0.06815963 -0.03000783 0.00805539
v 0.06814819 -0.03000783 0.00800097
v 0.08939564 -0.14882170 0.00867462
v 0.09171968 -0.14882170 0.00634992
v 0.09195470 -0.03000783 0.00578249
v 0.09171968 -0.03000783 0.00634992
v 0.09334337 -0.14882170 0.00059078
v 0.09342116 -0.03000783 0.00000000
v 0.09306859 -0.03000783 0.00267798
v 0.08622044 -0.03000783 -0.00952500
v 0.06814819 -0.14882170 0.00438160
v 0.06814819 -0.03000783 0.00728148
v 0.06814819 -0.14882170 0.00056153
v 0.06826657 -0.14882170 0.00856376
v 0.06827646 -0.03000783 0.00861281
v 0.06814819 -0.14882170 -0.00800097
v 0.09171968 -0.14882170 -0.00634992
v 0.09298843 -0.14882170 0.00328690
v 0.09298843 -0.03000783 0.00328690
v 0.06985872 -0.03000783 -0.00952500
v 0.07274132 -0.14882170 0.00952500
v 0.08990466 -0.14882170 -0.00818729
v 0.08940827 -0.14882170 -0.00866723
v 0.08946120 -0.18632500 -0.00863629
v 0.08939570 -0.18632500 -0.00867462
v 0.06862729 -0.14882170 0.00911039
v 0.06859165 -0.03000783 0.00906134
v 0.06967216 -0.14882170 0.00952500
v 0.06967216 -0.16130219 0.00952500
v 0.06862848 -0.14882170 -0.00911146
v 0.08946120 -0.14882170 -0.00863629
v 0.08989590 -0.14882170 -0.00819623
v 0.06967216 -0.14882170 -0.00952500
v 0.07149982 -0.14882170 -0.00952500
v 0.09342116 -0.14882170 0.00000000
v 0.09342116 -0.03000783 0.00000000
v 0.06814819 -0.14882170 0.00029019
v 0.06814819 -0.03000783 0.00000000
v 0.06814819 -0.14882170 0.00000000
v 0.08622044 -0.14882170 0.00952500
v 0.08684831 -0.03000783 0.00935680
v 0.08622044 -0.03000783 0.00952500
v 0.06814819 -0.14882170 -0.00379300
v 0.08622044 -0.14882170 -0.00952500
v 0.08683156 -0.14882170 -0.00936133
v 0.08622044 -0.18632500 -0.00952500
v 0.06814819 -0.14882170 -0.00800097
v 0.06814819 -0.14882170 0.00800097
v 0.06814819 -0.03000783 0.00765097
v 0.09276038 -0.14882170 0.00383747
v 0.09298843 -0.03000783 0.00328690
v 0.08946120 -0.14882170 0.00863629
v 0.08944857 -0.14882170 0.00864363
v 0.08946120 -0.18632500 0.00863629
v 0.07919776 -0.14882170 0.00952500
v 0.08622044 -0.18632500 0.00952500
v 0.08622044 -0.14882170 0.00952500
v 0.06862729 -0.14882170 0.00911039
v 0.06871980 -0.03000783 0.00914502
v 0.06862390 -0.03000783 0.00910699
v 0.09298843 -0.14882170 -0.00328690
v 0.09275341 -0.03000783 -0.00385433
v 0.09298843 -0.03000783 -0.00328690
v 0.08944857 -0.14882170 0.00864363
v 0.08939564 -0.18632500 0.00867468
v 0.08946120 -0.18632500 0.00863629
v 0.06984454 -0.14882170 0.00952500
v 0.06967216 -0.14882170 0.00952500
v 0.06862848 -0.14882170 -0.00911146
v 0.06871724 -0.14882170 -0.00914681
v 0.09171968 -0.18245040 0.00634992
v 0.09132194 -0.14882170 0.00675255
v 0.08939570 -0.18632500 -0.00867462
v 0.07919782 -0.14882170 -0.00952500
v 0.06814819 -0.03000783 0.00376284
v 0.06967216 -0.14882170 -0.00952500
v 0.06957465 -0.03000783 -0.00948638
v 0.06967216 -0.03000783 -0.00952500
v 0.06814819 -0.14882170 0.00000000
v 0.06814819 -0.03000783 -0.00032029
v 0.08309113 -0.14882170 -0.00952500
v 0.07309126 -0.14882170 0.00952500
v 0.09171968 -0.14882170 0.00634992
v 0.08939570 -0.14882170 -0.00867462
v 0.08627754 0.01090860 0.00922191
v 0.08622759 0.00937652 0.00948685
v 0.08644717 0.01331079 0.00823534
v 0.08685553 0.01668030 0.00492084
v 0.08665329 0.01519858 0.00679600
v 0.08701318 0.01769781 -0.00256592
v 0.08707118 0.01804995 0.00000000
v 0.08666044 0.01525491 -0.00674039
v 0.08686459 0.01674127 -0.00481850
v 0.08622044 0.00852495 -0.00952500
v 0.08622688 0.00933254 -0.00949067
v 0.08622044 -0.03000783 -0.00952500
v 0.08622044 -0.14882170 0.00952500
v 0.06967216 -0.03000783 0.00952500
v 0.06814819 -0.14882170 0.00800097
v 0.06814819 -0.16051160 0.00800097
v 0.07282954 -0.03000783 -0.00952500
v 0.08627754 -0.18870860 -0.00922191
v 0.07067215 -0.18632500 -0.00952500
v 0.06967216 -0.14882170 -0.00952500
v 0.07020729 -0.19536820 0.00299090
v 0.07020485 -0.19540361 -0.00288135
v 0.07054752 -0.18928631 -0.00905293
v 0.09171968 -0.03000783 -0.00634992
v 0.06814819 -0.01728820 -0.00800097
v 0.08946120 0.00852495 0.00863629
v 0.08946120 -0.03000783 -0.00863629
v 0.08939564 -0.03000783 -0.00867462
v 0.09171968 -0.03000783 0.00634992
v 0.09171968 -0.14882170 0.00634992
v 0.07919776 -0.03000783 -0.00952500
v 0.07054829 0.01146960 -0.00905836
v 0.08685553 -0.19448020 -0.00492096
v 0.08666038 -0.19305490 0.00674039
v 0.08645397 -0.19118389 0.00819242
v 0.09298843 -0.03000783 -0.00328690
v 0.08939564 -0.03000783 -0.00867462
v 0.06862503 -0.03000783 -0.00910801
v 0.08940863 -0.03000783 0.00866699
v 0.09342116 -0.03000783 0.00000000
v 0.06827640 -0.01699185 0.00861263
v 0.08944821 -0.03000783 -0.00864386
v 0.09298843 -0.03000783 0.00328690
v 0.06814819 -0.14882170 -0.00800097
v 0.08946120 -0.03000783 -0.00863629
v 0.06967216 -0.14882170 0.00952500
v 0.08946120 -0.03000783 0.00863629
v 0.09171968 -0.03000783 -0.00634992
v 0.08939564 -0.03000783 0.00867462
v 0.06827729 -0.03000783 -0.00861478
v 0.06862354 -0.01673233 0.00910664
v 0.06830620 -0.14882170 0.00865597
v 0.06859165 -0.03000783 0.00906134
v 0.06827646 -0.03000783 0.00861281
v 0.09298843 -0.14882170 -0.00328690
v 0.08946120 -0.14882170 0.00863629
v 0.06827825 -0.16081050 -0.00861704
v 0.09342116 -0.14882170 0.00000000
v 0.08622044 -0.14882170 -0.00952500
v 0.06827729 -0.14882170 0.00861484
v 0.09171968 -0.14882170 -0.00634992
v 0.08940827 -0.14882170 -0.00866723
v 0.08946120 -0.14882170 -0.00863629
v 0.08946120 -0.18632500 -0.00863629
v 0.06862390 -0.03000783 0.00910699
v 0.06862884 -0.16107041 -0.00911182
v 0.06967216 -0.03000783 -0.00952500
v 0.06814819 -0.03000783 0.00800097
v 0.09298843 -0.14882170 0.00328690
v 0.08939564 -0.14882170 0.00867462
v 0.08939570 -0.14882170 -0.00867462
v 0.06814819 -0.03000783 0.00000000
vt 0.10695990 0.53674418
vt 0.10846760 0.55135840
vt 0.10658170 0.55090940
vt 0.10391930 0.56837189
vt 0.10358580 0.56654000
vt 0.10768650 0.56975508
vt 0.10435070 0.53689408
vt 0.10658170 0.55090940
vt 0.10548500 0.55032128
vt 0.10348760 0.53727132
vt 0.10548500 0.55032128
vt 0.10513600 0.54973853
vt 0.09556716 0.54840910
vt 0.10358580 0.56654000
vt 0.08499807 0.56145221
vt 0.10391930 0.56837189
vt 0.08499807 0.56145221
vt 0.10358580 0.56654000
vt 0.11159360 0.53627002
vt 0.11250790 0.55222750
vt 0.11057690 0.55183029
vt 0.11047310 0.57314438
vt 0.10768650 0.56975508
vt 0.11187180 0.57169968
vt 0.10695990 0.53674418
vt 0.11057690 0.55183029
vt 0.10846760 0.55135840
vt 0.10391930 0.56837189
vt 0.10768650 0.56975508
vt 0.10454040 0.57145047
vt 0.11047310 0.57314438
vt 0.10454040 0.57145047
vt 0.10768650 0.56975508
vt 0.11963120 0.53617603
vt 0.12099180 0.55345571
vt 0.11617920 0.55320227
vt 0.11856640 0.57549542
vt 0.11187180 0.57169968
vt 0.12115400 0.57375711
vt 0.11568090 0.53619742
vt 0.11617920 0.55320227
vt 0.11434810 0.55265093
vt 0.11159360 0.53627002
vt 0.11434810 0.55265093
vt 0.11250790 0.55222750
vt 0.11856640 0.57549542
vt 0.11047310 0.57314438
vt 0.11187180 0.57169968
vt 0.13164911 0.53603780
vt 0.13193010 0.55426902
vt 0.12697271 0.55438387
vt 0.12559640 0.57670152
vt 0.12115400 0.57375711
vt 0.13021570 0.57489401
vt 0.12771989 0.53615481
vt 0.12697271 0.55438387
vt 0.12497440 0.55391657
vt 0.12359780 0.53614032
vt 0.12497440 0.55391657
vt 0.12288620 0.55366910
vt 0.12359780 0.53614032
vt 0.12099180 0.55345571
vt 0.11963120 0.53617603
vt 0.12559640 0.57670152
vt 0.11856640 0.57549542
vt 0.12115400 0.57375711
vt 0.13906489 0.53559071
vt 0.14081970 0.55344111
vt 0.13576500 0.55406088
vt 0.13327280 0.57761562
vt 0.13021570 0.57489401
vt 0.14029720 0.57580119
vt 0.13537499 0.53585172
vt 0.13576500 0.55406088
vt 0.13382331 0.55407012
vt 0.13164911 0.53603780
vt 0.13382331 0.55407012
vt 0.13193010 0.55426902
vt 0.13327280 0.57761562
vt 0.12559640 0.57670152
vt 0.13021570 0.57489401
vt 0.14237189 0.53496891
vt 0.14472599 0.55242372
vt 0.14265931 0.55292988
vt 0.14142570 0.57811701
vt 0.14029720 0.57580119
vt 0.14549451 0.57624739
vt 0.14237189 0.53496891
vt 0.14081970 0.55344111
vt 0.13906489 0.53559071
vt 0.14142570 0.57811701
vt 0.13327280 0.57761562
vt 0.14029720 0.57580119
vt 0.14602970 0.53148341
vt 0.14955769 0.55021143
vt 0.14757350 0.55110741
vt 0.14142570 0.57811701
vt 0.14549451 0.57624739
vt 0.15147570 0.57646853
vt 0.14759910 0.53295863
vt 0.14757350 0.55110741
vt 0.14794140 0.55135453
vt 0.14589851 0.53419882
vt 0.14794140 0.55135453
vt 0.14689250 0.55188072
vt 0.14589851 0.53419882
vt 0.14472599 0.55242372
vt 0.14237189 0.53496891
vt 0.36046579 0.52081567
vt 0.25631741 0.39718691
vt 0.26267999 0.36137110
vt 0.17272720 0.57083881
vt 0.15147570 0.57646853
vt 0.16825800 0.56641042
vt 0.26226050 0.42535061
vt 0.17272720 0.57083881
vt 0.14966990 0.57837850
vt 0.15147570 0.57646853
vt 0.14142570 0.57811701
vt 0.15147570 0.57646853
vt 0.14966990 0.57837850
vt 0.14565051 0.52439028
vt 0.14602970 0.53148341
vt 0.14759910 0.53295863
vt 0.24507640 0.37528250
vt 0.14602970 0.53148341
vt 0.14565051 0.52439028
vt 0.14349090 0.53299367
vt 0.14759910 0.53295863
vt 0.14589851 0.53419882
vt 0.15207399 0.52496231
vt 0.14565051 0.52439028
vt 0.14759910 0.53295863
vt 0.14566880 0.52658272
vt 0.15207399 0.52496231
vt 0.14759910 0.53295863
vt 0.14349090 0.53299367
vt 0.14566880 0.52658272
vt 0.14759910 0.53295863
vt 0.14349090 0.53299367
vt 0.14589851 0.53419882
vt 0.14237189 0.53496891
vt 0.14349090 0.53299367
vt 0.14237189 0.53496891
vt 0.13906489 0.53559071
vt 0.13854460 0.53220910
vt 0.13906489 0.53559071
vt 0.13537499 0.53585172
vt 0.14349090 0.53299367
vt 0.13906489 0.53559071
vt 0.13854460 0.53220910
vt 0.13338570 0.53098983
vt 0.13537499 0.53585172
vt 0.13164911 0.53603780
vt 0.13854460 0.53220910
vt 0.13537499 0.53585172
vt 0.13338570 0.53098983
vt 0.12792410 0.53041452
vt 0.13164911 0.53603780
vt 0.12771989 0.53615481
vt 0.13338570 0.53098983
vt 0.13164911 0.53603780
vt 0.12792410 0.53041452
vt 0.12792410 0.53041452
vt 0.12771989 0.53615481
vt 0.12359780 0.53614032
vt 0.12224510 0.53098470
vt 0.12359780 0.53614032
vt 0.11963120 0.53617603
vt 0.12792410 0.53041452
vt 0.12359780 0.53614032
vt 0.12224510 0.53098470
vt 0.11658510 0.53252012
vt 0.11963120 0.53617603
vt 0.11568090 0.53619742
vt 0.12224510 0.53098470
vt 0.11963120 0.53617603
vt 0.11658510 0.53252012
vt 0.11658510 0.53252012
vt 0.11568090 0.53619742
vt 0.11159360 0.53627002
vt 0.11074260 0.53462398
vt 0.11159360 0.53627002
vt 0.10695990 0.53674418
vt 0.11658510 0.53252012
vt 0.11159360 0.53627002
vt 0.11074260 0.53462398
vt 0.11074260 0.53462398
vt 0.10695990 0.53674418
vt 0.10435070 0.53689408
vt 0.10749200 0.52746809
vt 0.10435070 0.53689408
vt 0.10348760 0.53727132
vt 0.11074260 0.53462398
vt 0.10435070 0.53689408
vt 0.10749200 0.52746809
vt 0.40848580 0.53453302
vt 0.51007581 0.49838650
vt 0.40999311 0.56111550
vt 0.50498903 0.36856249
vt 0.40516940 0.51524532
vt 0.40462381 0.50781059
vt 0.42805031 0.55276698
vt 0.49994549 0.51823252
vt 0.44300520 0.55027992
vt 0.49892971 0.53096610
vt 0.49772719 0.55015111
vt 0.43398729 0.56608450
vt 0.06990164 0.56485927
vt 0.01924037 0.52178359
vt 0.08597165 0.54449880
vt 0.10349390 0.52731007
vt 0.00597680 0.33724150
vt 0.01773130 0.30079219
vt 0.10749200 0.52746809
vt 0.10348760 0.53727132
vt 0.10349390 0.52731007
vt 0.40638810 0.53543222
vt 0.40999311 0.56111550
vt 0.40406469 0.56093341
vt 0.40406469 0.56093341
vt 0.40670919 0.53569531
vt 0.40638810 0.53543222
vt 0.40462381 0.50781059
vt 0.40516940 0.51524532
vt 0.40655169 0.51672453
vt 0.43336269 0.55879217
vt 0.40999311 0.56111550
vt 0.42805031 0.55276698
vt 0.40003371 0.56289089
vt 0.40406469 0.56093341
vt 0.40999311 0.56111550
vt 0.40835661 0.56310087
vt 0.40003371 0.56289089
vt 0.40999311 0.56111550
vt 0.43336269 0.55879217
vt 0.40835661 0.56310087
vt 0.40999311 0.56111550
vt 0.43336269 0.55879217
vt 0.42805031 0.55276698
vt 0.44300520 0.55027992
vt 0.43336269 0.55879217
vt 0.44300520 0.55027992
vt 0.43398729 0.56608450
vt 0.07974725 0.58008927
vt 0.01615732 0.56479150
vt 0.08638209 0.59029758
vt 0.02090334 0.58187181
vt 0.07974725 0.58008927
vt 0.42793661 0.57576972
vt 0.48276681 0.58287370
vt 0.47545230 0.59496242
vt 0.41246021 0.57933831
vt 0.43336269 0.55879217
vt 0.43398729 0.56608450
vt 0.42793661 0.57576972
vt 0.41246021 0.57933831
vt 0.43398729 0.56608450
vt 0.08059138 0.57463902
vt 0.07974725 0.58008927
vt 0.06990164 0.56485927
vt 0.08638209 0.59029758
vt 0.07974725 0.58008927
vt 0.08059138 0.57463902
vt 0.10391930 0.56837189
vt 0.06990164 0.56485927
vt 0.08499807 0.56145221
vt 0.10391930 0.56837189
vt 0.08059138 0.57463902
vt 0.06990164 0.56485927
vt 0.10454040 0.57145047
vt 0.08828014 0.58008581
vt 0.08059138 0.57463902
vt 0.08638209 0.59029758
vt 0.08059138 0.57463902
vt 0.08828014 0.58008581
vt 0.39225000 0.46384001
vt 0.36019179 0.03476524
vt 0.40474141 0.00014204
vt 0.10391930 0.56837189
vt 0.10454040 0.57145047
vt 0.08059138 0.57463902
vt 0.09820359 0.57992160
vt 0.09389990 0.58551252
vt 0.08828014 0.58008581
vt 0.08638209 0.59029758
vt 0.08828014 0.58008581
vt 0.09389990 0.58551252
vt 0.10541710 0.57514602
vt 0.09820359 0.57992160
vt 0.08828014 0.58008581
vt 0.10454040 0.57145047
vt 0.10541710 0.57514602
vt 0.08828014 0.58008581
vt 0.11009620 0.58198410
vt 0.09389990 0.58551252
vt 0.09820359 0.57992160
vt 0.10087280 0.58937460
vt 0.09914875 0.59205621
vt 0.09389990 0.58551252
vt 0.10087280 0.58937460
vt 0.09260410 0.59626430
vt 0.08638209 0.59029758
vt 0.09389990 0.58551252
vt 0.09914875 0.59205621
vt 0.09260410 0.59626430
vt 0.09389990 0.58551252
vt 0.10541710 0.57514602
vt 0.11047310 0.57314438
vt 0.10541710 0.57514602
vt 0.10454040 0.57145047
vt 0.11446110 0.58058321
vt 0.11213630 0.57608342
vt 0.11047310 0.57314438
vt 0.11213630 0.57608342
vt 0.10541710 0.57514602
vt 0.41001120 0.46750641
vt 0.41953710 0.03859186
vt 0.45748621 0.07850873
vt 0.11976440 0.58299351
vt 0.12005200 0.57976979
vt 0.12561791 0.58002043
vt 0.12557860 0.57823187
vt 0.12561791 0.58002043
vt 0.12005200 0.57976979
vt 0.12548301 0.58325273
vt 0.11976440 0.58299351
vt 0.12561791 0.58002043
vt 0.13134900 0.58165622
vt 0.12548301 0.58325273
vt 0.12561791 0.58002043
vt 0.12992451 0.57928920
vt 0.13134900 0.58165622
vt 0.11976440 0.58299351
vt 0.11446110 0.58058321
vt 0.12005200 0.57976979
vt 0.11735020 0.57705343
vt 0.12152010 0.57782561
vt 0.11452840 0.58415782
vt 0.11009620 0.58198410
vt 0.11446110 0.58058321
vt 0.11976440 0.58299351
vt 0.11452840 0.58415782
vt 0.11446110 0.58058321
vt 0.10932240 0.58601087
vt 0.11109980 0.58495581
vt 0.10932240 0.58601087
vt 0.11009620 0.58198410
vt 0.11452840 0.58415782
vt 0.11109980 0.58495581
vt 0.11009620 0.58198410
vt 0.10431060 0.59011167
vt 0.10853910 0.58806062
vt 0.10951130 0.58785659
vt 0.10853910 0.58806062
vt 0.10932240 0.58601087
vt 0.11109980 0.58495581
vt 0.10951130 0.58785659
vt 0.10932240 0.58601087
vt 0.10637450 0.58983302
vt 0.10767070 0.58918542
vt 0.10861220 0.58900481
vt 0.10767070 0.58918542
vt 0.10853910 0.58806062
vt 0.10951130 0.58785659
vt 0.10861220 0.58900481
vt 0.10853910 0.58806062
vt 0.10743360 0.59002572
vt 0.10637450 0.58983302
vt 0.10767070 0.58918542
vt 0.10861220 0.58900481
vt 0.10743360 0.59002572
vt 0.10767070 0.58918542
vt 0.10583460 0.59072131
vt 0.10431060 0.59011167
vt 0.10637450 0.58983302
vt 0.10743360 0.59002572
vt 0.10583460 0.59072131
vt 0.10637450 0.58983302
vt 0.10304950 0.59172451
vt 0.10087280 0.58937460
vt 0.10431060 0.59011167
vt 0.10583460 0.59072131
vt 0.10304950 0.59172451
vt 0.10431060 0.59011167
vt 0.10304950 0.59172451
vt 0.09914875 0.59205621
vt 0.10087280 0.58937460
vt 0.42139131 0.58204627
vt 0.46801910 0.60431290
vt 0.46118781 0.61135751
vt 0.47545230 0.59496242
vt 0.42793661 0.57576972
vt 0.09914875 0.59205621
vt 0.09954965 0.60227042
vt 0.09260410 0.59626430
vt 0.42139131 0.58204627
vt 0.46118781 0.61135751
vt 0.45429239 0.61835182
vt 0.11710740 0.60498911
vt 0.09954965 0.60227042
vt 0.09914875 0.59205621
vt 0.41428521 0.58807331
vt 0.40260971 0.60029912
vt 0.44560051 0.62632757
vt 0.42471731 0.63999963
vt 0.11710740 0.60498911
vt 0.12461690 0.61300719
vt 0.09954965 0.60227042
vt 0.11254020 0.61203092
vt 0.09954965 0.60227042
vt 0.12461690 0.61300719
vt 0.38622010 0.60656178
vt 0.40054780 0.64832437
vt 0.39143410 0.64911407
vt 0.11710740 0.60498911
vt 0.09914875 0.59205621
vt 0.10304950 0.59172451
vt 0.11326760 0.59703219
vt 0.10304950 0.59172451
vt 0.10583460 0.59072131
vt 0.11326760 0.59703219
vt 0.11710740 0.60498911
vt 0.10304950 0.59172451
vt 0.11165730 0.59483522
vt 0.10583460 0.59072131
vt 0.10743360 0.59002572
vt 0.11165730 0.59483522
vt 0.11326760 0.59703219
vt 0.10583460 0.59072131
vt 0.11066320 0.59407049
vt 0.10743360 0.59002572
vt 0.10861220 0.58900481
vt 0.11066320 0.59407049
vt 0.11165730 0.59483522
vt 0.10743360 0.59002572
vt 0.11066320 0.59407049
vt 0.10861220 0.58900481
vt 0.10951130 0.58785659
vt 0.11175490 0.59492409
vt 0.10951130 0.58785659
vt 0.11109980 0.58495581
vt 0.11175490 0.59492409
vt 0.11066320 0.59407049
vt 0.10951130 0.58785659
vt 0.11175490 0.59492409
vt 0.11109980 0.58495581
vt 0.11452840 0.58415782
vt 0.11571060 0.59930688
vt 0.11452840 0.58415782
vt 0.11976440 0.58299351
vt 0.11571060 0.59930688
vt 0.11175490 0.59492409
vt 0.11452840 0.58415782
vt 0.11995450 0.59971780
vt 0.11995450 0.59971780
vt 0.11571060 0.59930688
vt 0.11976440 0.58299351
vt 0.13117141 0.58493501
vt 0.12548301 0.58325273
vt 0.13134900 0.58165622
vt 0.12425690 0.60009468
vt 0.12548301 0.58325273
vt 0.13117141 0.58493501
vt 0.11995450 0.59971780
vt 0.12548301 0.58325273
vt 0.12425690 0.60009468
vt 0.13654479 0.58390361
vt 0.13921340 0.58018970
vt 0.14621460 0.58223832
vt 0.14782239 0.58016437
vt 0.14621460 0.58223832
vt 0.13921340 0.58018970
vt 0.13971600 0.58718622
vt 0.15853240 0.58292592
vt 0.15309320 0.58218652
vt 0.14782239 0.58016437
vt 0.15309320 0.58218652
vt 0.14621460 0.58223832
vt 0.13476831 0.57957220
vt 0.14142570 0.57811701
vt 0.13921340 0.58018970
vt 0.13476831 0.57957220
vt 0.39225000 0.46384001
vt 0.40474141 0.00014204
vt 0.14142570 0.57811701
vt 0.14782239 0.58016437
vt 0.13921340 0.58018970
vt 0.13327280 0.57761562
vt 0.13476831 0.57957220
vt 0.12992451 0.57928920
vt 0.14142570 0.57811701
vt 0.13476831 0.57957220
vt 0.13327280 0.57761562
vt 0.12559640 0.57670152
vt 0.12992451 0.57928920
vt 0.12557860 0.57823187
vt 0.13327280 0.57761562
vt 0.12992451 0.57928920
vt 0.12559640 0.57670152
vt 0.12559640 0.57670152
vt 0.12557860 0.57823187
vt 0.12152010 0.57782561
vt 0.11856640 0.57549542
vt 0.12152010 0.57782561
vt 0.11735020 0.57705343
vt 0.12559640 0.57670152
vt 0.12152010 0.57782561
vt 0.11856640 0.57549542
vt 0.11856640 0.57549542
vt 0.11735020 0.57705343
vt 0.11213630 0.57608342
vt 0.11856640 0.57549542
vt 0.11213630 0.57608342
vt 0.11047310 0.57314438
vt 0.13117141 0.58493501
vt 0.13134900 0.58165622
vt 0.13654479 0.58390361
vt 0.13606361 0.58687347
vt 0.13654479 0.58390361
vt 0.13971600 0.58718622
vt 0.13606361 0.58687347
vt 0.13117141 0.58493501
vt 0.13654479 0.58390361
vt 0.14989281 0.58797920
vt 0.13997850 0.58956993
vt 0.13837031 0.58943462
vt 0.13971600 0.58718622
vt 0.13997850 0.58956993
vt 0.13837031 0.58943462
vt 0.13606361 0.58687347
vt 0.13971600 0.58718622
vt 0.14552110 0.58965170
vt 0.14066020 0.59047443
vt 0.13986190 0.59062719
vt 0.13997850 0.58956993
vt 0.14066020 0.59047443
vt 0.13986190 0.59062719
vt 0.13837031 0.58943462
vt 0.13997850 0.58956993
vt 0.14293130 0.59040022
vt 0.14148690 0.59066498
vt 0.14077979 0.59104222
vt 0.14066020 0.59047443
vt 0.14148690 0.59066498
vt 0.14077979 0.59104222
vt 0.13986190 0.59062719
vt 0.14066020 0.59047443
vt 0.14191601 0.59104282
vt 0.14148690 0.59066498
vt 0.14293130 0.59040022
vt 0.14191601 0.59104282
vt 0.14077979 0.59104222
vt 0.14148690 0.59066498
vt 0.14366820 0.59099859
vt 0.14293130 0.59040022
vt 0.14552110 0.58965170
vt 0.14366820 0.59099859
vt 0.14191601 0.59104282
vt 0.14293130 0.59040022
vt 0.14733990 0.59038651
vt 0.14552110 0.58965170
vt 0.14989281 0.58797920
vt 0.14733990 0.59038651
vt 0.14366820 0.59099859
vt 0.14552110 0.58965170
vt 0.15209641 0.59195161
vt 0.14989281 0.58797920
vt 0.15853240 0.58292592
vt 0.15209641 0.59195161
vt 0.14733990 0.59038651
vt 0.14989281 0.58797920
vt 0.14782239 0.58016437
vt 0.15853240 0.58292592
vt 0.15309320 0.58218652
vt 0.16596220 0.57729131
vt 0.15853240 0.58292592
vt 0.14782239 0.58016437
vt 0.15209641 0.59195161
vt 0.15853240 0.58292592
vt 0.16596220 0.57729131
vt 0.17272720 0.57083881
vt 0.16825800 0.56641042
vt 0.18220180 0.56218880
vt 0.26851141 0.45334759
vt 0.17348421 0.57797772
vt 0.17272720 0.57083881
vt 0.18220180 0.56218880
vt 0.18220180 0.56218880
vt 0.23873501 0.55724537
vt 0.17348421 0.57797772
vt 0.17272720 0.57083881
vt 0.14782239 0.58016437
vt 0.14966990 0.57837850
vt 0.14142570 0.57811701
vt 0.14966990 0.57837850
vt 0.14782239 0.58016437
vt 0.37352040 0.46457511
vt 0.34607270 0.06834942
vt 0.17272720 0.57083881
vt 0.16596220 0.57729131
vt 0.14782239 0.58016437
vt 0.15209641 0.59195161
vt 0.16596220 0.57729131
vt 0.17272720 0.57083881
vt 0.15209641 0.59195161
vt 0.17272720 0.57083881
vt 0.17348421 0.57797772
vt 0.35222259 0.53357190
vt 0.36144659 0.55192691
vt 0.34188741 0.54826272
vt 0.36286050 0.53491187
vt 0.36046579 0.52081567
vt 0.36150339 0.52053392
vt 0.36170480 0.55373901
vt 0.34188741 0.54826272
vt 0.36144659 0.55192691
vt 0.36150339 0.52053392
vt 0.36402690 0.53544140
vt 0.36286050 0.53491187
vt 0.36573741 0.55509621
vt 0.36402690 0.53544140
vt 0.36603799 0.53579962
vt 0.36170480 0.55373901
vt 0.36144659 0.55192691
vt 0.36573741 0.55509621
vt 0.32573009 0.55347878
vt 0.27491170 0.51337951
vt 0.34198329 0.53028172
vt 0.36514020 0.51110041
vt 0.36150339 0.52053392
vt 0.36046579 0.52081567
vt 0.36080241 0.51058102
vt 0.36514020 0.51110041
vt 0.36046579 0.52081567
vt 0.24716550 0.34000829
vt 0.33605811 0.56870967
vt 0.27354240 0.55759811
vt 0.34290981 0.57890671
vt 0.27850589 0.57495821
vt 0.33605811 0.56870967
vt 0.16763911 0.58760363
vt 0.22293600 0.59096181
vt 0.21560749 0.60304087
vt 0.15209641 0.59195161
vt 0.17348421 0.57797772
vt 0.16763911 0.58760363
vt 0.33667120 0.56310463
vt 0.33605811 0.56870967
vt 0.32573009 0.55347878
vt 0.34290981 0.57890671
vt 0.33605811 0.56870967
vt 0.33667120 0.56310463
vt 0.36170480 0.55373901
vt 0.32573009 0.55347878
vt 0.34188741 0.54826272
vt 0.33667120 0.56310463
vt 0.32573009 0.55347878
vt 0.36170480 0.55373901
vt 0.40406469 0.56093341
vt 0.40557700 0.53622693
vt 0.40670919 0.53569531
vt 0.40203530 0.51686811
vt 0.40655169 0.51672453
vt 0.40464699 0.51803750
vt 0.41070300 0.50836051
vt 0.40462381 0.50781059
vt 0.40655169 0.51672453
vt 0.40411940 0.51020563
vt 0.41070300 0.50836051
vt 0.40655169 0.51672453
vt 0.40203530 0.51686811
vt 0.40411940 0.51020563
vt 0.40655169 0.51672453
vt 0.40406469 0.56093341
vt 0.40330261 0.53677619
vt 0.40557700 0.53622693
vt 0.40203530 0.51686811
vt 0.40464699 0.51803750
vt 0.40089259 0.51887459
vt 0.39886600 0.56060052
vt 0.39921081 0.53780210
vt 0.40115249 0.53728551
vt 0.40203530 0.51686811
vt 0.40089259 0.51887459
vt 0.39742640 0.51952881
vt 0.39886600 0.56060052
vt 0.40330261 0.53677619
vt 0.40406469 0.56093341
vt 0.38850859 0.55992383
vt 0.39194790 0.53845000
vt 0.39399299 0.53843367
vt 0.39686951 0.51606351
vt 0.39742640 0.51952881
vt 0.39360020 0.51980042
vt 0.39886600 0.56060052
vt 0.39399299 0.53843367
vt 0.39921081 0.53780210
vt 0.40203530 0.51686811
vt 0.39742640 0.51952881
vt 0.39686951 0.51606351
vt 0.38850859 0.55992383
vt 0.38994560 0.53865319
vt 0.39194790 0.53845000
vt 0.39157650 0.51481789
vt 0.39360020 0.51980042
vt 0.38974389 0.51997572
vt 0.39686951 0.51606351
vt 0.39360020 0.51980042
vt 0.39157650 0.51481789
vt 0.37891591 0.55907577
vt 0.38265339 0.53829771
vt 0.38476941 0.53876662
vt 0.38593140 0.51416469
vt 0.38974389 0.51997572
vt 0.38566679 0.52005732
vt 0.38850859 0.55992383
vt 0.38476941 0.53876662
vt 0.38994560 0.53865319
vt 0.39157650 0.51481789
vt 0.38974389 0.51997572
vt 0.38593140 0.51416469
vt 0.37891591 0.55907577
vt 0.38043270 0.53804177
vt 0.38265339 0.53829771
vt 0.38593140 0.51416469
vt 0.38566679 0.52005732
vt 0.38139480 0.51998311
vt 0.37891591 0.55907577
vt 0.37839839 0.53781247
vt 0.38043270 0.53804177
vt 0.38003591 0.51466912
vt 0.38139480 0.51998311
vt 0.37731171 0.51993728
vt 0.38593140 0.51416469
vt 0.38139480 0.51998311
vt 0.38003591 0.51466912
vt 0.37480530 0.55831999
vt 0.37436941 0.53723288
vt 0.37627819 0.53745937
vt 0.37417459 0.51621121
vt 0.37731171 0.51993728
vt 0.37326461 0.51993883
vt 0.37480530 0.55831999
vt 0.37839839 0.53781247
vt 0.37891591 0.55907577
vt 0.38003591 0.51466912
vt 0.37731171 0.51993728
vt 0.37417459 0.51621121
vt 0.37029311 0.55702692
vt 0.37030500 0.53647959
vt 0.37222931 0.53679818
vt 0.37417459 0.51621121
vt 0.37326461 0.51993883
vt 0.36909750 0.52004558
vt 0.37029311 0.55702692
vt 0.37436941 0.53723288
vt 0.37480530 0.55831999
vt 0.36573741 0.55509621
vt 0.36603799 0.53579962
vt 0.36825791 0.53617811
vt 0.36822921 0.51839781
vt 0.36909750 0.52004558
vt 0.36427361 0.52047962
vt 0.37029311 0.55702692
vt 0.36825791 0.53617811
vt 0.37030500 0.53647959
vt 0.37417459 0.51621121
vt 0.36909750 0.52004558
vt 0.36822921 0.51839781
vt 0.36822921 0.51839781
vt 0.36427361 0.52047962
vt 0.36150339 0.52053392
vt 0.36822921 0.51839781
vt 0.36150339 0.52053392
vt 0.36514020 0.51110041
vt 0.36864680 0.55852830
vt 0.36573741 0.55509621
vt 0.37029311 0.55702692
vt 0.36221850 0.55687129
vt 0.36573741 0.55509621
vt 0.36864680 0.55852830
vt 0.36170480 0.55373901
vt 0.36573741 0.55509621
vt 0.36221850 0.55687129
vt 0.36864680 0.55852830
vt 0.37029311 0.55702692
vt 0.37480530 0.55831999
vt 0.37641969 0.56041157
vt 0.37480530 0.55831999
vt 0.37891591 0.55907577
vt 0.36864680 0.55852830
vt 0.37480530 0.55831999
vt 0.37641969 0.56041157
vt 0.38358119 0.56189293
vt 0.37891591 0.55907577
vt 0.38850859 0.55992383
vt 0.37641969 0.56041157
vt 0.37891591 0.55907577
vt 0.38358119 0.56189293
vt 0.39162251 0.56254232
vt 0.38850859 0.55992383
vt 0.39886600 0.56060052
vt 0.38358119 0.56189293
vt 0.38850859 0.55992383
vt 0.39162251 0.56254232
vt 0.40003371 0.56289089
vt 0.39886600 0.56060052
vt 0.40406469 0.56093341
vt 0.39162251 0.56254232
vt 0.39886600 0.56060052
vt 0.40003371 0.56289089
vt 0.39782679 0.56499797
vt 0.40667340 0.56495309
vt 0.40519661 0.56715822
vt 0.41287601 0.56838399
vt 0.40519661 0.56715822
vt 0.40667340 0.56495309
vt 0.39516631 0.56878901
vt 0.39782679 0.56499797
vt 0.40519661 0.56715822
vt 0.41287601 0.56838399
vt 0.41911599 0.57033718
vt 0.39858621 0.57204181
vt 0.20912620 0.11805480
vt 0.16867299 0.49026719
vt 0.15185399 0.48337170
vt 0.37352040 0.46457511
vt 0.31020740 0.10430860
vt 0.34607270 0.06834942
vt 0.42656901 0.56498349
vt 0.41911599 0.57033718
vt 0.40667340 0.56495309
vt 0.41287601 0.56838399
vt 0.40667340 0.56495309
vt 0.41911599 0.57033718
vt 0.39782679 0.56499797
vt 0.40003371 0.56289089
vt 0.40667340 0.56495309
vt 0.40835661 0.56310087
vt 0.40667340 0.56495309
vt 0.40003371 0.56289089
vt 0.43336269 0.55879217
vt 0.40667340 0.56495309
vt 0.40835661 0.56310087
vt 0.43336269 0.55879217
vt 0.42656901 0.56498349
vt 0.40667340 0.56495309
vt 0.39319971 0.56448090
vt 0.39162251 0.56254232
vt 0.40003371 0.56289089
vt 0.39782679 0.56499797
vt 0.39319971 0.56448090
vt 0.40003371 0.56289089
vt 0.38816920 0.56430900
vt 0.38358119 0.56189293
vt 0.39162251 0.56254232
vt 0.39319971 0.56448090
vt 0.38816920 0.56430900
vt 0.39162251 0.56254232
vt 0.37947020 0.56288803
vt 0.37641969 0.56041157
vt 0.38358119 0.56189293
vt 0.38361549 0.56338561
vt 0.37947020 0.56288803
vt 0.38358119 0.56189293
vt 0.38816920 0.56430900
vt 0.38361549 0.56338561
vt 0.38358119 0.56189293
vt 0.37015009 0.56137937
vt 0.36864680 0.55852830
vt 0.37641969 0.56041157
vt 0.37526119 0.56216568
vt 0.37015009 0.56137937
vt 0.37641969 0.56041157
vt 0.37947020 0.56288803
vt 0.37526119 0.56216568
vt 0.37641969 0.56041157
vt 0.11575280 0.48142931
vt 0.11348240 0.51548159
vt 0.10926450 0.51348197
vt 0.36299670 0.56065941
vt 0.36221850 0.55687129
vt 0.36864680 0.55852830
vt 0.37015009 0.56137937
vt 0.36299670 0.56065941
vt 0.36864680 0.55852830
vt 0.11575280 0.48142931
vt 0.11645530 0.51580989
vt 0.11348240 0.51548159
vt 0.33667120 0.56310463
vt 0.36170480 0.55373901
vt 0.36221850 0.55687129
vt 0.34439611 0.56832421
vt 0.36221850 0.55687129
vt 0.36299670 0.56065941
vt 0.34439611 0.56832421
vt 0.33667120 0.56310463
vt 0.36221850 0.55687129
vt 0.37240389 0.56583428
vt 0.36299670 0.56065941
vt 0.37015009 0.56137937
vt 0.36781561 0.56735039
vt 0.35498631 0.56679231
vt 0.34439611 0.56832421
vt 0.36299670 0.56065941
vt 0.35498631 0.56679231
vt 0.37526119 0.56216568
vt 0.37803209 0.56490028
vt 0.37947020 0.56288803
vt 0.38361549 0.56338561
vt 0.38371021 0.56515121
vt 0.38816920 0.56430900
vt 0.38968521 0.56664592
vt 0.39319971 0.56448090
vt 0.41246021 0.57933831
vt 0.41911599 0.57033718
vt 0.42656901 0.56498349
vt 0.41021591 0.57492697
vt 0.41246021 0.57933831
vt 0.41021591 0.57492697
vt 0.41911599 0.57033718
vt 0.41246021 0.57933831
vt 0.42656901 0.56498349
vt 0.43336269 0.55879217
vt 0.39915961 0.57473212
vt 0.40563399 0.57615387
vt 0.40749061 0.57719219
vt 0.40563399 0.57615387
vt 0.41021591 0.57492697
vt 0.41246021 0.57933831
vt 0.40749061 0.57719219
vt 0.41021591 0.57492697
vt 0.40010491 0.57592160
vt 0.40284380 0.57650107
vt 0.40361670 0.57734221
vt 0.40284380 0.57650107
vt 0.40563399 0.57615387
vt 0.40749061 0.57719219
vt 0.40361670 0.57734221
vt 0.40563399 0.57615387
vt 0.40118670 0.57640922
vt 0.40165040 0.57699662
vt 0.40118670 0.57640922
vt 0.40284380 0.57650107
vt 0.40361670 0.57734221
vt 0.40165040 0.57699662
vt 0.40284380 0.57650107
vt 0.40027821 0.57665437
vt 0.40010491 0.57592160
vt 0.40118670 0.57640922
vt 0.40165040 0.57699662
vt 0.40027821 0.57665437
vt 0.40118670 0.57640922
vt 0.39909670 0.57593530
vt 0.39915961 0.57473212
vt 0.40010491 0.57592160
vt 0.40027821 0.57665437
vt 0.39909670 0.57593530
vt 0.40010491 0.57592160
vt 0.39732289 0.57448381
vt 0.39858621 0.57204181
vt 0.39915961 0.57473212
vt 0.39909670 0.57593530
vt 0.39732289 0.57448381
vt 0.39915961 0.57473212
vt 0.39472091 0.57184011
vt 0.39516631 0.56878901
vt 0.39858621 0.57204181
vt 0.39732289 0.57448381
vt 0.39472091 0.57184011
vt 0.39858621 0.57204181
vt 0.38955209 0.56997383
vt 0.38968521 0.56664592
vt 0.39516631 0.56878901
vt 0.39472091 0.57184011
vt 0.38955209 0.56997383
vt 0.39516631 0.56878901
vt 0.38364619 0.56840050
vt 0.38371021 0.56515121
vt 0.38968521 0.56664592
vt 0.38955209 0.56997383
vt 0.38364619 0.56840050
vt 0.38968521 0.56664592
vt 0.37779269 0.56821299
vt 0.38371021 0.56515121
vt 0.38364619 0.56840050
vt 0.37779269 0.56821299
vt 0.37803209 0.56490028
vt 0.38371021 0.56515121
vt 0.38262349 0.58553052
vt 0.38364619 0.56840050
vt 0.38955209 0.56997383
vt 0.37826419 0.58530468
vt 0.38262349 0.58553052
vt 0.39280361 0.58626378
vt 0.38955209 0.56997383
vt 0.39472091 0.57184011
vt 0.39280361 0.58626378
vt 0.38262349 0.58553052
vt 0.38955209 0.56997383
vt 0.39280361 0.58626378
vt 0.39472091 0.57184011
vt 0.39732289 0.57448381
vt 0.39746800 0.58277690
vt 0.39732289 0.57448381
vt 0.39909670 0.57593530
vt 0.39746800 0.58277690
vt 0.39280361 0.58626378
vt 0.39732289 0.57448381
vt 0.39812401 0.58109909
vt 0.39909670 0.57593530
vt 0.40027821 0.57665437
vt 0.39812401 0.58109909
vt 0.39746800 0.58277690
vt 0.39909670 0.57593530
vt 0.39787209 0.58028901
vt 0.40027821 0.57665437
vt 0.40165040 0.57699662
vt 0.39787209 0.58028901
vt 0.39812401 0.58109909
vt 0.40027821 0.57665437
vt 0.39787209 0.58028901
vt 0.40165040 0.57699662
vt 0.40361670 0.57734221
vt 0.39723581 0.58337671
vt 0.40361670 0.57734221
vt 0.40749061 0.57719219
vt 0.39723581 0.58337671
vt 0.39787209 0.58028901
vt 0.40361670 0.57734221
vt 0.39723581 0.58337671
vt 0.40749061 0.57719219
vt 0.41246021 0.57933831
vt 0.42139131 0.58204627
vt 0.41428521 0.58807331
vt 0.41246021 0.57933831
vt 0.39434779 0.59314680
vt 0.41246021 0.57933831
vt 0.41428521 0.58807331
vt 0.42793661 0.57576972
vt 0.42139131 0.58204627
vt 0.41246021 0.57933831
vt 0.39434779 0.59314680
vt 0.39723581 0.58337671
vt 0.41246021 0.57933831
vt 0.39010060 0.59776402
vt 0.41428521 0.58807331
vt 0.40260971 0.60029912
vt 0.39010060 0.59776402
vt 0.39434779 0.59314680
vt 0.41428521 0.58807331
vt 0.35003969 0.57351333
vt 0.34439611 0.56832421
vt 0.35498631 0.56679231
vt 0.35003969 0.57351333
vt 0.35725990 0.57690138
vt 0.35550249 0.57999867
vt 0.35003969 0.57351333
vt 0.35725990 0.57690138
vt 0.34290981 0.57890671
vt 0.34439611 0.56832421
vt 0.35003969 0.57351333
vt 0.34895191 0.58499002
vt 0.34290981 0.57890671
vt 0.35003969 0.57351333
vt 0.35550249 0.57999867
vt 0.34895191 0.58499002
vt 0.35003969 0.57351333
vt 0.36676079 0.57171160
vt 0.36088619 0.57720208
vt 0.35960820 0.57910597
vt 0.35725990 0.57690138
vt 0.36088619 0.57720208
vt 0.35960820 0.57910597
vt 0.35550249 0.57999867
vt 0.35725990 0.57690138
vt 0.36572871 0.57407719
vt 0.36312681 0.57652789
vt 0.36255941 0.57765800
vt 0.36088619 0.57720208
vt 0.36312681 0.57652789
vt 0.36255941 0.57765800
vt 0.35960820 0.57910597
vt 0.36088619 0.57720208
vt 0.36461821 0.57551998
vt 0.36435449 0.57656997
vt 0.36312681 0.57652789
vt 0.36461821 0.57551998
vt 0.36435449 0.57656997
vt 0.36255941 0.57765800
vt 0.36312681 0.57652789
vt 0.36576119 0.57520121
vt 0.36461821 0.57551998
vt 0.36572871 0.57407719
vt 0.36576119 0.57520121
vt 0.36435449 0.57656997
vt 0.36461821 0.57551998
vt 0.36691231 0.57370758
vt 0.36572871 0.57407719
vt 0.36676079 0.57171160
vt 0.36691231 0.57370758
vt 0.36576119 0.57520121
vt 0.36572871 0.57407719
vt 0.36877361 0.57050771
vt 0.36676079 0.57171160
vt 0.36781561 0.56735039
vt 0.36877361 0.57050771
vt 0.36691231 0.57370758
vt 0.36676079 0.57171160
vt 0.37242889 0.56950980
vt 0.36781561 0.56735039
vt 0.37240389 0.56583428
vt 0.37242889 0.56950980
vt 0.36877361 0.57050771
vt 0.36781561 0.56735039
vt 0.37779269 0.56821299
vt 0.37240389 0.56583428
vt 0.37803209 0.56490028
vt 0.37779269 0.56821299
vt 0.37242889 0.56950980
vt 0.37240389 0.56583428
vt 0.34290981 0.57890671
vt 0.33667120 0.56310463
vt 0.34439611 0.56832421
vt 0.16763911 0.58760363
vt 0.21560749 0.60304087
vt 0.20876411 0.61108112
vt 0.35550249 0.57999867
vt 0.35595390 0.59110212
vt 0.34895191 0.58499002
vt 0.16087461 0.59372282
vt 0.20081440 0.62024242
vt 0.19352970 0.62756783
vt 0.16087461 0.59372282
vt 0.20081440 0.62024242
vt 0.37440351 0.59260672
vt 0.35595390 0.59110212
vt 0.35550249 0.57999867
vt 0.15377750 0.59963310
vt 0.18470161 0.63573557
vt 0.14287040 0.61072230
vt 0.18470161 0.63573557
vt 0.16522340 0.64884567
vt 0.12772509 0.61643970
vt 0.36976281 0.60182643
vt 0.33608189 0.63554960
vt 0.35595390 0.59110212
vt 0.38284409 0.60086977
vt 0.36976281 0.60182643
vt 0.35595390 0.59110212
vt 0.37440351 0.59260672
vt 0.38284409 0.60086977
vt 0.35595390 0.59110212
vt 0.37440351 0.59260672
vt 0.35550249 0.57999867
vt 0.35960820 0.57910597
vt 0.37050170 0.58419383
vt 0.35960820 0.57910597
vt 0.36255941 0.57765800
vt 0.37440351 0.59260672
vt 0.35960820 0.57910597
vt 0.37050170 0.58419383
vt 0.36899251 0.58176631
vt 0.36255941 0.57765800
vt 0.36435449 0.57656997
vt 0.37050170 0.58419383
vt 0.36255941 0.57765800
vt 0.36899251 0.58176631
vt 0.36813900 0.58074617
vt 0.36435449 0.57656997
vt 0.36576119 0.57520121
vt 0.36899251 0.58176631
vt 0.36435449 0.57656997
vt 0.36813900 0.58074617
vt 0.36813900 0.58074617
vt 0.36576119 0.57520121
vt 0.36691231 0.57370758
vt 0.36957079 0.58109188
vt 0.36691231 0.57370758
vt 0.36877361 0.57050771
vt 0.36813900 0.58074617
vt 0.36691231 0.57370758
vt 0.36957079 0.58109188
vt 0.36957079 0.58109188
vt 0.36877361 0.57050771
vt 0.37242889 0.56950980
vt 0.37393779 0.58508819
vt 0.37242889 0.56950980
vt 0.37779269 0.56821299
vt 0.36957079 0.58109188
vt 0.37242889 0.56950980
vt 0.37393779 0.58508819
vt 0.37393779 0.58508819
vt 0.37779269 0.56821299
vt 0.37826419 0.58530468
vt 0.15209641 0.59195161
vt 0.16763911 0.58760363
vt 0.16087461 0.59372282
vt 0.15209641 0.59195161
vt 0.16087461 0.59372282
vt 0.15377750 0.59963310
vt 0.13516460 0.60597932
vt 0.15209641 0.59195161
vt 0.15377750 0.59963310
vt 0.13132299 0.61019093
vt 0.13516460 0.60597932
vt 0.15377750 0.59963310
vt 0.14287040 0.61072230
vt 0.13132299 0.61019093
vt 0.15377750 0.59963310
vt 0.13422140 0.60100073
vt 0.13117141 0.58493501
vt 0.13606361 0.58687347
vt 0.13422140 0.60100073
vt 0.12425690 0.60009468
vt 0.13117141 0.58493501
vt 0.13422140 0.60100073
vt 0.13606361 0.58687347
vt 0.13837031 0.58943462
vt 0.13855121 0.59718561
vt 0.13837031 0.58943462
vt 0.13986190 0.59062719
vt 0.13855121 0.59718561
vt 0.13422140 0.60100073
vt 0.13837031 0.58943462
vt 0.13906591 0.59526122
vt 0.13986190 0.59062719
vt 0.14077979 0.59104222
vt 0.13906591 0.59526122
vt 0.13855121 0.59718561
vt 0.13986190 0.59062719
vt 0.13866919 0.59419513
vt 0.14077979 0.59104222
vt 0.14191601 0.59104282
vt 0.13866919 0.59419513
vt 0.13906591 0.59526122
vt 0.14077979 0.59104222
vt 0.13866919 0.59419513
vt 0.14191601 0.59104282
vt 0.14366820 0.59099859
vt 0.13785730 0.59676552
vt 0.14366820 0.59099859
vt 0.14733990 0.59038651
vt 0.13785730 0.59676552
vt 0.13866919 0.59419513
vt 0.14366820 0.59099859
vt 0.13785730 0.59676552
vt 0.14733990 0.59038651
vt 0.15209641 0.59195161
vt 0.13516460 0.60597932
vt 0.13785730 0.59676552
vt 0.15209641 0.59195161
vt 0.12808430 0.61597902
vt 0.12425690 0.60009468
vt 0.13422140 0.60100073
vt 0.12154720 0.61747122
vt 0.11995450 0.59971780
vt 0.13516460 0.60597932
vt 0.13855121 0.59718561
vt 0.12944479 0.61888379
vt 0.12535860 0.61685580
vt 0.12297800 0.61812150
vt 0.12776750 0.62083751
vt 0.13785730 0.59676552
vt 0.13906591 0.59526122
vt 0.13866919 0.59419513
vt 0.13132299 0.61019093
vt 0.12772509 0.61643970
vt 0.12461690 0.61300719
vt 0.13132299 0.61019093
vt 0.12995110 0.61904937
vt 0.12461690 0.61300719
vt 0.14287040 0.61072230
vt 0.12772509 0.61643970
vt 0.13132299 0.61019093
vt 0.11254020 0.61203092
vt 0.12461690 0.61300719
vt 0.12772509 0.61643970
vt 0.13048659 0.61715019
vt 0.11710740 0.60498911
vt 0.38221991 0.64946121
vt 0.35777470 0.64512020
vt 0.11571060 0.59930688
vt 0.11326760 0.59703219
vt 0.11802050 0.61795378
vt 0.12191740 0.61770451
vt 0.11542960 0.61827141
vt 0.11768620 0.61997932
vt 0.11175490 0.59492409
vt 0.11165730 0.59483522
vt 0.11066320 0.59407049
vt 0.10857160 0.89444470
vt 0.12808430 0.61597902
vt 0.12535860 0.61685580
vt 0.11448050 0.89213860
vt 0.12154720 0.61747122
vt 0.12808430 0.61597902
vt 0.11448050 0.89213860
vt 0.12808430 0.61597902
vt 0.10857160 0.89444470
vt 0.11181070 0.89839190
vt 0.12535860 0.61685580
vt 0.12297800 0.61812150
vt 0.11181070 0.89839190
vt 0.10857160 0.89444470
vt 0.12535860 0.61685580
vt 0.11370080 0.90280741
vt 0.12297800 0.61812150
vt 0.12776750 0.62083751
vt 0.11181070 0.89839190
vt 0.11361740 0.90956438
vt 0.12776750 0.62083751
vt 0.12944479 0.61888379
vt 0.11370080 0.90280741
vt 0.12155020 0.91497642
vt 0.12944479 0.61888379
vt 0.12995110 0.61904937
vt 0.11361740 0.90956438
vt 0.11582930 0.91018277
vt 0.12995110 0.61904937
vt 0.13048659 0.61715019
vt 0.11582930 0.91018277
vt 0.12155020 0.91497642
vt 0.12995110 0.61904937
vt 0.10798370 0.90578812
vt 0.13048659 0.61715019
vt 0.12191740 0.61770451
vt 0.11582930 0.91018277
vt 0.13048659 0.61715019
vt 0.10798370 0.90578812
vt 0.10838290 0.89911801
vt 0.12191740 0.61770451
vt 0.11542960 0.61827141
vt 0.10838290 0.89911801
vt 0.10798370 0.90578812
vt 0.12191740 0.61770451
vt 0.11220410 0.89464313
vt 0.11542960 0.61827141
vt 0.11768620 0.61997932
vt 0.10838290 0.89911801
vt 0.11527040 0.89092600
vt 0.11768620 0.61997932
vt 0.11802050 0.61795378
vt 0.11220410 0.89464313
vt 0.11985480 0.89147401
vt 0.11802050 0.61795378
vt 0.12154720 0.61747122
vt 0.11527040 0.89092600
vt 0.11448050 0.89213860
vt 0.11985480 0.89147401
vt 0.12154720 0.61747122
vt 0.11652510 0.89609790
vt 0.11448050 0.89213860
vt 0.10857160 0.89444470
vt 0.11292450 0.90464282
vt 0.11181070 0.89839190
vt 0.10763010 0.90367401
vt 0.10798370 0.90578812
vt 0.10838290 0.89911801
vt 0.11548940 0.93492258
vt 0.11582930 0.91018277
vt 0.11220410 0.89464313
vt 0.11527040 0.89092600
vt 0.11985480 0.89147401
vt 0.11370080 0.90280741
vt 0.11361740 0.90956438
vt 0.12155020 0.91497642
vt 0.11409950 0.90075243
vt 0.10763010 0.90367401
vt 0.11652510 0.89609790
vt 0.10716620 0.90977710
vt 0.11548940 0.93492258
vt 0.10763010 0.90367401
vt 0.10987040 0.90914059
vt 0.10770490 0.91157508
vt 0.10763010 0.90367401
vt 0.10987040 0.90914059
vt 0.10460260 0.91382033
vt 0.10763010 0.90367401
vt 0.10770490 0.91157508
vt 0.10716620 0.90977710
vt 0.10763010 0.90367401
vt 0.10460260 0.91382033
vt 0.11229170 0.90928769
vt 0.11652510 0.89609790
vt 0.11292450 0.90464282
vt 0.11600530 0.90006882
vt 0.11409950 0.90075243
vt 0.11652510 0.89609790
vt 0.11711280 0.90074033
vt 0.11600530 0.90006882
vt 0.11652510 0.89609790
vt 0.11711280 0.90074033
vt 0.11055660 0.94406128
vt 0.11292450 0.90464282
vt 0.11548940 0.93492258
vt 0.11611940 0.91044629
vt 0.11470040 0.91188568
vt 0.11292450 0.90464282
vt 0.11611940 0.91044629
vt 0.11223040 0.91241831
vt 0.11292450 0.90464282
vt 0.11470040 0.91188568
vt 0.11229170 0.90928769
vt 0.11292450 0.90464282
vt 0.11223040 0.91241831
vt 0.11876390 0.94939470
vt 0.11349650 0.95120901
vt 0.11548940 0.93492258
vt 0.11876390 0.94939470
vt 0.10909810 0.95005941
vt 0.11548940 0.93492258
vt 0.11349650 0.95120901
vt 0.11055660 0.94406128
vt 0.11548940 0.93492258
vt 0.10909810 0.95005941
vt 0.10951870 0.91157722
vt 0.11311470 0.90372503
vt 0.11304670 0.90705693
vt 0.11430130 0.90630859
vt 0.11304670 0.90705693
vt 0.11311470 0.90372503
vt 0.10908060 0.91457939
vt 0.10951870 0.91157722
vt 0.11304670 0.90705693
vt 0.10894540 0.91860271
vt 0.10908060 0.91457939
vt 0.11304670 0.90705693
vt 0.11381980 0.91343480
vt 0.11304670 0.90705693
vt 0.11430130 0.90630859
vt 0.11381980 0.91343480
vt 0.10987040 0.90914059
vt 0.11409950 0.90075243
vt 0.11311470 0.90372503
vt 0.11543880 0.90314609
vt 0.11311470 0.90372503
vt 0.11409950 0.90075243
vt 0.10951870 0.91157722
vt 0.10987040 0.90914059
vt 0.11311470 0.90372503
vt 0.11504130 0.90593201
vt 0.11430130 0.90630859
vt 0.11311470 0.90372503
vt 0.11543880 0.90314609
vt 0.11504130 0.90593201
vt 0.11311470 0.90372503
vt 0.11600530 0.90006882
vt 0.11543880 0.90314609
vt 0.11409950 0.90075243
vt 0.10770490 0.91157508
vt 0.10987040 0.90914059
vt 0.10951870 0.91157722
vt 0.10816730 0.91609138
vt 0.10951870 0.91157722
vt 0.10908060 0.91457939
vt 0.10770490 0.91157508
vt 0.10951870 0.91157722
vt 0.10816730 0.91609138
vt 0.11272060 0.92065930
vt 0.10816730 0.91609138
vt 0.10908060 0.91457939
vt 0.10894540 0.91860271
vt 0.11272060 0.92065930
vt 0.10908060 0.91457939
vt 0.11381980 0.91343480
vt 0.11430130 0.90630859
vt 0.11504130 0.90593201
vt 0.11472950 0.90580612
vt 0.11504130 0.90593201
vt 0.11543880 0.90314609
vt 0.11441590 0.91144460
vt 0.11504130 0.90593201
vt 0.11472950 0.90580612
vt 0.11441590 0.91144460
vt 0.11381980 0.91343480
vt 0.11504130 0.90593201
vt 0.11712750 0.90394193
vt 0.11543880 0.90314609
vt 0.11600530 0.90006882
vt 0.11712750 0.90394193
vt 0.11643340 0.90670681
vt 0.11543880 0.90314609
vt 0.11472950 0.90580612
vt 0.11543880 0.90314609
vt 0.11643340 0.90670681
vt 0.11711280 0.90074033
vt 0.11712750 0.90394193
vt 0.11600530 0.90006882
vt 0.11309730 0.91583782
vt 0.11643340 0.90670681
vt 0.11712750 0.90394193
vt 0.11441590 0.91144460
vt 0.11472950 0.90580612
vt 0.11643340 0.90670681
vt 0.11420500 0.91015100
vt 0.11441590 0.91144460
vt 0.11643340 0.90670681
vt 0.11309730 0.91583782
vt 0.11420500 0.91015100
vt 0.11643340 0.90670681
vt 0.11223040 0.91241831
vt 0.11712750 0.90394193
vt 0.11711280 0.90074033
vt 0.11223040 0.91241831
vt 0.11309730 0.91583782
vt 0.11712750 0.90394193
vt 0.11229170 0.90928769
vt 0.11223040 0.91241831
vt 0.11711280 0.90074033
vt 0.11326670 0.92588991
vt 0.11381980 0.91343480
vt 0.11441590 0.91144460
vt 0.10509630 0.92887288
vt 0.11098830 0.92839569
vt 0.10894540 0.91860271
vt 0.10798610 0.92774731
vt 0.10930210 0.92648429
vt 0.10965330 0.92680162
vt 0.11225270 0.92251861
vt 0.11420500 0.91015100
vt 0.11152440 0.91927928
vt 0.11152440 0.91927928
vt 0.11391840 0.91627407
vt 0.11152440 0.91927928
vt 0.11309730 0.91583782
vt 0.11225270 0.92251861
vt 0.11152440 0.91927928
vt 0.11391840 0.91627407
vt 0.11223040 0.91241831
vt 0.11391840 0.91627407
vt 0.11309730 0.91583782
vt 0.11225270 0.92251861
vt 0.11490280 0.91725433
vt 0.11804220 0.92008817
vt 0.11822660 0.91438937
vt 0.11804220 0.92008817
vt 0.11490280 0.91725433
vt 0.11326670 0.92588991
vt 0.11225270 0.92251861
vt 0.11804220 0.92008817
vt 0.10942220 0.95693761
vt 0.11326670 0.92588991
vt 0.11804220 0.92008817
vt 0.11822660 0.91438937
vt 0.10942220 0.95693761
vt 0.11804220 0.92008817
vt 0.11225270 0.92251861
vt 0.11391840 0.91627407
vt 0.11490280 0.91725433
vt 0.11470040 0.91188568
vt 0.11490280 0.91725433
vt 0.11391840 0.91627407
vt 0.11470040 0.91188568
vt 0.11822660 0.91438937
vt 0.11490280 0.91725433
vt 0.11223040 0.91241831
vt 0.11470040 0.91188568
vt 0.11391840 0.91627407
vt 0.10282730 0.96460801
vt 0.10282730 0.96460801
vt 0.10947170 0.95872831
vt 0.10282730 0.96460801
vt 0.10942220 0.95693761
vt 0.10405770 0.98178852
vt 0.10282730 0.96460801
vt 0.10947170 0.95872831
vt 0.10405770 0.98178852
vt 0.10706040 0.93285978
vt 0.10640910 0.93418872
vt 0.10708300 0.93165320
vt 0.10909810 0.95005941
vt 0.10947170 0.95872831
vt 0.10942220 0.95693761
vt 0.10909810 0.95005941
vt 0.10405770 0.98178852
vt 0.10867540 0.96190649
vt 0.11038520 0.96976948
vt 0.11588740 0.95832878
vt 0.11038520 0.96976948
vt 0.10867540 0.96190649
vt 0.11120620 0.99985802
vt 0.10405770 0.98178852
vt 0.11038520 0.96976948
vt 0.10608610 0.92008632
vt 0.11120620 0.99985802
vt 0.11038520 0.96976948
vt 0.11588740 0.95832878
vt 0.10608610 0.92008632
vt 0.11038520 0.96976948
vt 0.10405770 0.98178852
vt 0.10947170 0.95872831
vt 0.10867540 0.96190649
vt 0.11349650 0.95120901
vt 0.10867540 0.96190649
vt 0.10947170 0.95872831
vt 0.11349650 0.95120901
vt 0.11588740 0.95832878
vt 0.10867540 0.96190649
vt 0.10909810 0.95005941
vt 0.11349650 0.95120901
vt 0.10947170 0.95872831
vt 0.11272060 0.92065930
vt 0.11120620 0.99985802
vt 0.11738780 0.92597967
vt 0.11738780 0.92597967
vt 0.10736070 0.91792822
vt 0.11738780 0.92597967
vt 0.10608610 0.92008632
vt 0.11272060 0.92065930
vt 0.11738780 0.92597967
vt 0.10736070 0.91792822
vt 0.10460260 0.91382033
vt 0.10736070 0.91792822
vt 0.10608610 0.92008632
vt 0.10460260 0.91382033
vt 0.11272060 0.92065930
vt 0.10736070 0.91792822
vt 0.10816730 0.91609138
vt 0.10770490 0.91157508
vt 0.10816730 0.91609138
vt 0.10736070 0.91792822
vt 0.10460260 0.91382033
vt 0.10770490 0.91157508
vt 0.10736070 0.91792822
vt 0.10795900 0.92954439
vt 0.10798610 0.92774731
vt 0.10509630 0.92887288
vt 0.10801520 0.92949063
vt 0.10930210 0.92648429
vt 0.10798610 0.92774731
vt 0.10795900 0.92954439
vt 0.10789530 0.92964768
vt 0.10509630 0.92887288
vt 0.10706040 0.93285978
vt 0.10789530 0.92964768
vt 0.10788650 0.92975777
vt 0.10706040 0.93285978
vt 0.10640910 0.93418872
vt 0.10788650 0.92975777
vt 0.10787650 0.92978102
vt 0.10640910 0.93418872
vt 0.10708300 0.93165320
vt 0.10787650 0.92978102
vt 0.10792220 0.92970657
vt 0.10708300 0.93165320
vt 0.11098830 0.92839569
vt 0.10792220 0.92970657
vt 0.10800120 0.92957801
vt 0.11098830 0.92839569
vt 0.10965330 0.92680162
vt 0.10800120 0.92957801
vt 0.10802000 0.92949742
vt 0.10965330 0.92680162
vt 0.10930210 0.92648429
vt 0.10802000 0.92949742
vt 0.10801520 0.92949063
vt 0.10788650 0.92975777
vt 0.10802000 0.92949742
vt 0.10801520 0.92949063
vt 0.10787650 0.92978102
vt 0.10800120 0.92957801
vt 0.10789530 0.92964768
vt 0.10795900 0.92954439
vt 0.10792220 0.92970657
vt 0.11876390 0.94939470
vt 0.10716620 0.90977710
vt 0.10460260 0.91382033
vt 0.11588740 0.95832878
vt 0.11349650 0.95120901
vt 0.11876390 0.94939470
vt 0.11588740 0.95832878
vt 0.11611940 0.91044629
vt 0.11055660 0.94406128
vt 0.10909810 0.95005941
vt 0.11822660 0.91438937
vt 0.11470040 0.91188568
vt 0.11611940 0.91044629
vt 0.11822660 0.91438937
vt 0.39010060 0.59776402
vt 0.40260971 0.60029912
vt 0.38622010 0.60656178
vt 0.38284409 0.60086977
vt 0.38622010 0.60656178
vt 0.36976281 0.60182643
vt 0.38284409 0.60086977
vt 0.39010060 0.59776402
vt 0.38622010 0.60656178
vt 0.38659200 0.60167670
vt 0.38262349 0.58553052
vt 0.39280361 0.58626378
vt 0.37991109 0.60351777
vt 0.37826419 0.58530468
vt 0.39434779 0.59314680
vt 0.39746800 0.58277690
vt 0.38826621 0.60451311
vt 0.38399890 0.60237050
vt 0.38190579 0.60350662
vt 0.38666919 0.60617721
vt 0.39723581 0.58337671
vt 0.39812401 0.58109909
vt 0.39787209 0.58028901
vt 0.39010060 0.59776402
vt 0.38834029 0.60507900
vt 0.38284409 0.60086977
vt 0.38845190 0.60371977
vt 0.37440351 0.59260672
vt 0.37610519 0.60439831
vt 0.37393779 0.58508819
vt 0.37050170 0.58419383
vt 0.36957079 0.58109188
vt 0.36899251 0.58176631
vt 0.36813900 0.58074617
vt 0.37996781 0.60449761
vt 0.37319320 0.60520381
vt 0.37556329 0.60674751
vt 0.36845979 0.87385482
vt 0.38659200 0.60167670
vt 0.38399890 0.60237050
vt 0.37399831 0.87583941
vt 0.37991109 0.60351777
vt 0.38659200 0.60167670
vt 0.36845979 0.87385482
vt 0.37399831 0.87583941
vt 0.38659200 0.60167670
vt 0.37147510 0.87222880
vt 0.38399890 0.60237050
vt 0.38190579 0.60350662
vt 0.37147510 0.87222880
vt 0.36845979 0.87385482
vt 0.38399890 0.60237050
vt 0.37523279 0.87240881
vt 0.38190579 0.60350662
vt 0.38666919 0.60617721
vt 0.37147510 0.87222880
vt 0.37790719 0.87443697
vt 0.38666919 0.60617721
vt 0.38826621 0.60451311
vt 0.37523279 0.87240881
vt 0.38237479 0.87926418
vt 0.38826621 0.60451311
vt 0.38834029 0.60507900
vt 0.37790719 0.87443697
vt 0.37473151 0.88307208
vt 0.38834029 0.60507900
vt 0.38845190 0.60371977
vt 0.37473151 0.88307208
vt 0.38237479 0.87926418
vt 0.38834029 0.60507900
vt 0.36640880 0.88899630
vt 0.38845190 0.60371977
vt 0.37996781 0.60449761
vt 0.37473151 0.88307208
vt 0.38845190 0.60371977
vt 0.36640880 0.88899630
vt 0.36837691 0.89547968
vt 0.37996781 0.60449761
vt 0.37319320 0.60520381
vt 0.36837691 0.89547968
vt 0.36640880 0.88899630
vt 0.37996781 0.60449761
vt 0.37528560 0.89156222
vt 0.37319320 0.60520381
vt 0.37556329 0.60674751
vt 0.36837691 0.89547968
vt 0.37620160 0.88251352
vt 0.37556329 0.60674751
vt 0.37610519 0.60439831
vt 0.37528560 0.89156222
vt 0.37897789 0.87918568
vt 0.37610519 0.60439831
vt 0.37991109 0.60351777
vt 0.37620160 0.88251352
vt 0.37399831 0.87583941
vt 0.37897789 0.87918568
vt 0.37991109 0.60351777
vt 0.36981401 0.91523552
vt 0.36640880 0.88899630
vt 0.36837691 0.89547968
vt 0.37991631 0.88406020
vt 0.37473151 0.88307208
vt 0.37528560 0.89156222
vt 0.37485531 0.88422132
vt 0.37620160 0.88251352
vt 0.37897789 0.87918568
vt 0.37399831 0.87583941
vt 0.36845979 0.87385482
vt 0.37188160 0.87729508
vt 0.37147510 0.87222880
vt 0.37523279 0.87240881
vt 0.37790719 0.87443697
vt 0.38237479 0.87926418
vt 0.37085691 0.88199937
vt 0.37485531 0.88422132
vt 0.37188160 0.87729508
vt 0.37267569 0.88982451
vt 0.36981401 0.91523552
vt 0.37485531 0.88422132
vt 0.37578079 0.88992381
vt 0.37301251 0.89184421
vt 0.37485531 0.88422132
vt 0.37578079 0.88992381
vt 0.36935320 0.89311397
vt 0.37485531 0.88422132
vt 0.37301251 0.89184421
vt 0.37267569 0.88982451
vt 0.37485531 0.88422132
vt 0.36935320 0.89311397
vt 0.37814581 0.88865542
vt 0.37188160 0.87729508
vt 0.37991631 0.88406020
vt 0.37250370 0.88119608
vt 0.37085691 0.88199937
vt 0.37188160 0.87729508
vt 0.37381250 0.88192117
vt 0.37250370 0.88119608
vt 0.37188160 0.87729508
vt 0.37381250 0.88192117
vt 0.36775979 0.92753178
vt 0.37991631 0.88406020
vt 0.36981401 0.91523552
vt 0.38128340 0.89052200
vt 0.37971249 0.89143258
vt 0.37991631 0.88406020
vt 0.38128340 0.89052200
vt 0.37736049 0.89124012
vt 0.37991631 0.88406020
vt 0.37971249 0.89143258
vt 0.37814581 0.88865542
vt 0.37991631 0.88406020
vt 0.37736049 0.89124012
vt 0.37580910 0.92529601
vt 0.37233290 0.93086618
vt 0.36981401 0.91523552
vt 0.37580910 0.92529601
vt 0.36811671 0.93595189
vt 0.36981401 0.91523552
vt 0.37233290 0.93086618
vt 0.36775979 0.92753178
vt 0.36981401 0.91523552
vt 0.36811671 0.93595189
vt 0.37058231 0.88488048
vt 0.37497869 0.89263451
vt 0.37578079 0.88992381
vt 0.37301251 0.89184421
vt 0.37578079 0.88992381
vt 0.37497869 0.89263451
vt 0.37085691 0.88199937
vt 0.37058231 0.88488048
vt 0.37578079 0.88992381
vt 0.37120691 0.88777500
vt 0.37395731 0.89576328
vt 0.37497869 0.89263451
vt 0.37219340 0.89646178
vt 0.37497869 0.89263451
vt 0.37395731 0.89576328
vt 0.37058231 0.88488048
vt 0.37120691 0.88777500
vt 0.37497869 0.89263451
vt 0.37219340 0.89646178
vt 0.37301251 0.89184421
vt 0.37497869 0.89263451
vt 0.37500229 0.89926273
vt 0.37395731 0.89576328
vt 0.37120691 0.88777500
vt 0.37413841 0.90231258
vt 0.37219340 0.89646178
vt 0.37395731 0.89576328
vt 0.37500229 0.89926273
vt 0.37413841 0.90231258
vt 0.37395731 0.89576328
vt 0.37221891 0.88715988
vt 0.37120691 0.88777500
vt 0.37058231 0.88488048
vt 0.37301970 0.89126730
vt 0.37301970 0.89126730
vt 0.37120691 0.88777500
vt 0.37221891 0.88715988
vt 0.37266880 0.88431042
vt 0.37058231 0.88488048
vt 0.37085691 0.88199937
vt 0.37295100 0.88708538
vt 0.37058231 0.88488048
vt 0.37266880 0.88431042
vt 0.37221891 0.88715988
vt 0.37058231 0.88488048
vt 0.37295100 0.88708538
vt 0.37266880 0.88431042
vt 0.37085691 0.88199937
vt 0.37250370 0.88119608
vt 0.37078100 0.89766741
vt 0.36935320 0.89311397
vt 0.37301251 0.89184421
vt 0.37219340 0.89646178
vt 0.37078100 0.89766741
vt 0.37301251 0.89184421
vt 0.37078100 0.89766741
vt 0.36874849 0.89938891
vt 0.36935320 0.89311397
vt 0.37476969 0.93056202
vt 0.36935320 0.89311397
vt 0.36874849 0.89938891
vt 0.37580910 0.92529601
vt 0.37267569 0.88982451
vt 0.36935320 0.89311397
vt 0.37476969 0.93056202
vt 0.37294799 0.90542048
vt 0.36874849 0.89938891
vt 0.37078100 0.89766741
vt 0.38023591 0.94364339
vt 0.36874849 0.89938891
vt 0.37294799 0.90542048
vt 0.37434810 0.93632293
vt 0.37434810 0.93632293
vt 0.37413841 0.90231258
vt 0.37078100 0.89766741
vt 0.37219340 0.89646178
vt 0.37413841 0.90231258
vt 0.37294799 0.90542048
vt 0.37078100 0.89766741
vt 0.37338731 0.89475632
vt 0.37294799 0.90542048
vt 0.37413841 0.90231258
vt 0.38049230 0.92003328
vt 0.38023591 0.94364339
vt 0.37587181 0.90433007
vt 0.37813351 0.91528147
vt 0.37718761 0.91103047
vt 0.37645110 0.90757680
vt 0.37283859 0.89267761
vt 0.37500229 0.89926273
vt 0.37301970 0.89126730
vt 0.37799960 0.96108103
vt 0.37434810 0.93632293
vt 0.38023591 0.94364339
vt 0.37305981 0.93972301
vt 0.37476969 0.93056202
vt 0.37434810 0.93632293
vt 0.37799960 0.96108103
vt 0.37305981 0.93972301
vt 0.37434810 0.93632293
vt 0.37390390 0.90050089
vt 0.37799960 0.96108103
vt 0.37758920 0.89879382
vt 0.37233290 0.93086618
vt 0.37580910 0.92529601
vt 0.37476969 0.93056202
vt 0.37305981 0.93972301
vt 0.37233290 0.93086618
vt 0.37476969 0.93056202
vt 0.37303171 0.94327682
vt 0.36811671 0.93595189
vt 0.37233290 0.93086618
vt 0.37305981 0.93972301
vt 0.37303171 0.94327682
vt 0.37233290 0.93086618
vt 0.37303171 0.94327682
vt 0.37354431 0.94877630
vt 0.36811671 0.93595189
vt 0.38240170 0.89486021
vt 0.36811671 0.93595189
vt 0.37354431 0.94877630
vt 0.38128340 0.89052200
vt 0.36775979 0.92753178
vt 0.36811671 0.93595189
vt 0.38240170 0.89486021
vt 0.36967281 0.97813559
vt 0.37354431 0.94877630
vt 0.37303171 0.94327682
vt 0.36884850 0.90544182
vt 0.37354431 0.94877630
vt 0.36967281 0.97813559
vt 0.38035670 0.90035498
vt 0.38035670 0.90035498
vt 0.37799960 0.96108103
vt 0.37303171 0.94327682
vt 0.37305981 0.93972301
vt 0.37799960 0.96108103
vt 0.36967281 0.97813559
vt 0.37303171 0.94327682
vt 0.36884850 0.90544182
vt 0.36967281 0.97813559
vt 0.37390390 0.90050089
vt 0.38035670 0.90035498
vt 0.36884850 0.90544182
vt 0.37839559 0.89662051
vt 0.38240170 0.89486021
vt 0.38035670 0.90035498
vt 0.37390390 0.90050089
vt 0.37839559 0.89662051
vt 0.38035670 0.90035498
vt 0.37971249 0.89143258
vt 0.38128340 0.89052200
vt 0.38240170 0.89486021
vt 0.37839559 0.89662051
vt 0.37971249 0.89143258
vt 0.38240170 0.89486021
vt 0.37792799 0.89542991
vt 0.37736049 0.89124012
vt 0.37971249 0.89143258
vt 0.37839559 0.89662051
vt 0.37792799 0.89542991
vt 0.37971249 0.89143258
vt 0.37792799 0.89542991
vt 0.37762061 0.89456773
vt 0.37736049 0.89124012
vt 0.37460101 0.88515848
vt 0.37736049 0.89124012
vt 0.37762061 0.89456773
vt 0.37381250 0.88192117
vt 0.37814581 0.88865542
vt 0.37736049 0.89124012
vt 0.37460101 0.88515848
vt 0.37381250 0.88192117
vt 0.37736049 0.89124012
vt 0.37758920 0.89879382
vt 0.37762061 0.89456773
vt 0.37792799 0.89542991
vt 0.37338731 0.89475632
vt 0.37762061 0.89456773
vt 0.37758920 0.89879382
vt 0.37450749 0.88831210
vt 0.37460101 0.88515848
vt 0.37762061 0.89456773
vt 0.37450749 0.88831210
vt 0.37390390 0.90050089
vt 0.37792799 0.89542991
vt 0.37839559 0.89662051
vt 0.37390390 0.90050089
vt 0.37758920 0.89879382
vt 0.37792799 0.89542991
vt 0.38036311 0.91444701
vt 0.37867850 0.90991360
vt 0.37700829 0.90690517
vt 0.37283859 0.89267761
vt 0.37450749 0.88831210
vt 0.37338731 0.89475632
vt 0.37266880 0.88431042
vt 0.37460101 0.88515848
vt 0.37450749 0.88831210
vt 0.37255889 0.88722581
vt 0.37266880 0.88431042
vt 0.37450749 0.88831210
vt 0.37283859 0.89267761
vt 0.37255889 0.88722581
vt 0.37450749 0.88831210
vt 0.37250370 0.88119608
vt 0.37381250 0.88192117
vt 0.37460101 0.88515848
vt 0.37266880 0.88431042
vt 0.37250370 0.88119608
vt 0.37460101 0.88515848
vt 0.37255889 0.88722581
vt 0.37295100 0.88708538
vt 0.37266880 0.88431042
vt 0.37283859 0.89267761
vt 0.37295100 0.88708538
vt 0.37255889 0.88722581
vt 0.37301970 0.89126730
vt 0.37221891 0.88715988
vt 0.37295100 0.88708538
vt 0.37283859 0.89267761
vt 0.37301970 0.89126730
vt 0.37295100 0.88708538
vt 0.37817749 0.91136461
vt 0.38036311 0.91444701
vt 0.38049230 0.92003328
vt 0.37812841 0.91113633
vt 0.37867850 0.90991360
vt 0.38036311 0.91444701
vt 0.37817749 0.91136461
vt 0.37812269 0.91151112
vt 0.38049230 0.92003328
vt 0.37813351 0.91528147
vt 0.37812269 0.91151112
vt 0.37801909 0.91142762
vt 0.37813351 0.91528147
vt 0.37718761 0.91103047
vt 0.37801909 0.91142762
vt 0.37792400 0.91121972
vt 0.37718761 0.91103047
vt 0.37645110 0.90757680
vt 0.37792400 0.91121972
vt 0.37788990 0.91101098
vt 0.37645110 0.90757680
vt 0.37587181 0.90433007
vt 0.37788990 0.91101098
vt 0.37793571 0.91089082
vt 0.37587181 0.90433007
vt 0.37700829 0.90690517
vt 0.37793571 0.91089082
vt 0.37802181 0.91094857
vt 0.37700829 0.90690517
vt 0.37867850 0.90991360
vt 0.37802181 0.91094857
vt 0.37812841 0.91113633
vt 0.37793571 0.91089082
vt 0.37802181 0.91094857
vt 0.37812841 0.91113633
vt 0.37817749 0.91136461
vt 0.37788990 0.91101098
vt 0.37812269 0.91151112
vt 0.37792400 0.91121972
vt 0.37801909 0.91142762
vt 0.10349390 0.52731007
vt 0.01773130 0.30079219
vt 0.01608395 0.27009970
vt 0.40462321 0.50029671
vt 0.41070300 0.50836051
vt 0.40411940 0.51020563
vt 0.09492653 0.52520871
vt 0.01486968 0.23927300
vt 0.01849550 0.20721290
vt 0.09492653 0.52520871
vt 0.01608395 0.27009970
vt 0.01486968 0.23927300
vt 0.40203530 0.51686811
vt 0.39929399 0.50973612
vt 0.40411940 0.51020563
vt 0.40209761 0.50288469
vt 0.40411940 0.51020563
vt 0.39929399 0.50973612
vt 0.40306211 0.50251830
vt 0.40462321 0.50029671
vt 0.40411940 0.51020563
vt 0.40209761 0.50288469
vt 0.40306211 0.50251830
vt 0.40411940 0.51020563
vt 0.39686951 0.51606351
vt 0.39450309 0.50872588
vt 0.39929399 0.50973612
vt 0.39642009 0.50160462
vt 0.39929399 0.50973612
vt 0.39450309 0.50872588
vt 0.39686951 0.51606351
vt 0.39991871 0.50240731
vt 0.40209761 0.50288469
vt 0.39929399 0.50973612
vt 0.39642009 0.50160462
vt 0.39991871 0.50240731
vt 0.39929399 0.50973612
vt 0.39157650 0.51481789
vt 0.38915190 0.50782549
vt 0.39450309 0.50872588
vt 0.39187279 0.50070512
vt 0.39450309 0.50872588
vt 0.38915190 0.50782549
vt 0.39686951 0.51606351
vt 0.39157650 0.51481789
vt 0.39450309 0.50872588
vt 0.39187279 0.50070512
vt 0.39642009 0.50160462
vt 0.39450309 0.50872588
vt 0.38593140 0.51416469
vt 0.38330960 0.50752258
vt 0.38915190 0.50782549
vt 0.38689169 0.49998751
vt 0.38915190 0.50782549
vt 0.38330960 0.50752258
vt 0.39157650 0.51481789
vt 0.38593140 0.51416469
vt 0.38915190 0.50782549
vt 0.38689169 0.49998751
vt 0.39187279 0.50070512
vt 0.38915190 0.50782549
vt 0.38003591 0.51466912
vt 0.37740290 0.50802678
vt 0.38330960 0.50752258
vt 0.38178879 0.49963731
vt 0.38330960 0.50752258
vt 0.37740290 0.50802678
vt 0.38593140 0.51416469
vt 0.38003591 0.51466912
vt 0.38330960 0.50752258
vt 0.38178879 0.49963731
vt 0.38689169 0.49998751
vt 0.38330960 0.50752258
vt 0.37417459 0.51621121
vt 0.37150469 0.50932652
vt 0.37740290 0.50802678
vt 0.37667069 0.49934140
vt 0.37740290 0.50802678
vt 0.37150469 0.50932652
vt 0.38003591 0.51466912
vt 0.37417459 0.51621121
vt 0.37740290 0.50802678
vt 0.37667069 0.49934140
vt 0.38178879 0.49963731
vt 0.37740290 0.50802678
vt 0.36822921 0.51839781
vt 0.36514020 0.51110041
vt 0.37150469 0.50932652
vt 0.37222141 0.49896100
vt 0.37150469 0.50932652
vt 0.36514020 0.51110041
vt 0.37417459 0.51621121
vt 0.37222141 0.49896100
vt 0.37667069 0.49934140
vt 0.37150469 0.50932652
vt 0.36080241 0.51058102
vt 0.35256371 0.50846022
vt 0.36514020 0.51110041
vt 0.36790851 0.49694780
vt 0.36514020 0.51110041
vt 0.35256371 0.50846022
vt 0.36956039 0.49818531
vt 0.37222141 0.49896100
vt 0.36514020 0.51110041
vt 0.36790851 0.49694780
vt 0.36956039 0.49818531
vt 0.36514020 0.51110041
vt 0.15207399 0.52496231
vt 0.25603330 0.27254021
vt 0.25145289 0.30620050
vt 0.36599049 0.49372020
vt 0.36790851 0.49694780
vt 0.35256371 0.50846022
vt 0.35541511 0.47031811
vt 0.36599049 0.49372020
vt 0.35256371 0.50846022
vt 0.24147239 0.23161741
vt 0.15207399 0.52496231
vt 0.14637519 0.51718301
vt 0.16867299 0.49026719
vt 0.23738080 0.15908410
vt 0.24201681 0.19588260
vt 0.25145289 0.30620050
vt 0.14565051 0.52439028
vt 0.15207399 0.52496231
vt 0.42663431 0.47403881
vt 0.40462321 0.50029671
vt 0.40306211 0.50251830
vt 0.01752489 0.17645331
vt 0.42663431 0.47403881
vt 0.40306211 0.50251830
vt 0.40209761 0.50288469
vt 0.42663431 0.47403881
vt 0.40209761 0.50288469
vt 0.39991871 0.50240731
vt 0.42663431 0.47403881
vt 0.39991871 0.50240731
vt 0.39642009 0.50160462
vt 0.41001120 0.46750641
vt 0.39642009 0.50160462
vt 0.39187279 0.50070512
vt 0.41001120 0.46750641
vt 0.42663431 0.47403881
vt 0.39642009 0.50160462
vt 0.39225000 0.46384001
vt 0.39187279 0.50070512
vt 0.38689169 0.49998751
vt 0.41001120 0.46750641
vt 0.39187279 0.50070512
vt 0.39225000 0.46384001
vt 0.39225000 0.46384001
vt 0.38689169 0.49998751
vt 0.38178879 0.49963731
vt 0.37352040 0.46457511
vt 0.38178879 0.49963731
vt 0.37667069 0.49934140
vt 0.39225000 0.46384001
vt 0.38178879 0.49963731
vt 0.37352040 0.46457511
vt 0.37352040 0.46457511
vt 0.37667069 0.49934140
vt 0.37222141 0.49896100
vt 0.37352040 0.46457511
vt 0.37222141 0.49896100
vt 0.36956039 0.49818531
vt 0.37352040 0.46457511
vt 0.36956039 0.49818531
vt 0.36790851 0.49694780
vt 0.37352040 0.46457511
vt 0.36790851 0.49694780
vt 0.36599049 0.49372020
vt 0.36599049 0.49372020
vt 0.35541511 0.47031811
vt 0.09777849 0.48701701
vt 0.10818200 0.51048923
vt 0.11575280 0.48142931
vt 0.10818200 0.51048923
vt 0.09777849 0.48701701
vt 0.10926450 0.51348197
vt 0.09492653 0.52520871
vt 0.10818200 0.51048923
vt 0.11575280 0.48142931
vt 0.10926450 0.51348197
vt 0.10818200 0.51048923
vt 0.46728781 0.11577820
vt 0.45748621 0.07850873
vt 0.10749200 0.52746809
vt 0.10349390 0.52731007
vt 0.09492653 0.52520871
vt 0.10926450 0.51348197
vt 0.10749200 0.52746809
vt 0.09492653 0.52520871
vt 0.14637519 0.51718301
vt 0.15207399 0.52496231
vt 0.14566880 0.52658272
vt 0.14349090 0.53299367
vt 0.14097790 0.52610010
vt 0.14566880 0.52658272
vt 0.14243090 0.51920718
vt 0.14566880 0.52658272
vt 0.14097790 0.52610010
vt 0.14578751 0.51883328
vt 0.14637519 0.51718301
vt 0.14566880 0.52658272
vt 0.14243090 0.51920718
vt 0.14578751 0.51883328
vt 0.14566880 0.52658272
vt 0.13854460 0.53220910
vt 0.13616750 0.52495182
vt 0.14097790 0.52610010
vt 0.14037590 0.51862639
vt 0.14097790 0.52610010
vt 0.13616750 0.52495182
vt 0.13854460 0.53220910
vt 0.14037590 0.51862639
vt 0.14243090 0.51920718
vt 0.14097790 0.52610010
vt 0.13338570 0.53098983
vt 0.13095281 0.52419728
vt 0.13616750 0.52495182
vt 0.13285470 0.51709318
vt 0.13616750 0.52495182
vt 0.13095281 0.52419728
vt 0.13854460 0.53220910
vt 0.13338570 0.53098983
vt 0.13616750 0.52495182
vt 0.13681130 0.51767027
vt 0.14037590 0.51862639
vt 0.13616750 0.52495182
vt 0.13285470 0.51709318
vt 0.13681130 0.51767027
vt 0.13616750 0.52495182
vt 0.12792410 0.53041452
vt 0.12533490 0.52399230
vt 0.13095281 0.52419728
vt 0.12873790 0.51666760
vt 0.13095281 0.52419728
vt 0.12533490 0.52399230
vt 0.13338570 0.53098983
vt 0.12792410 0.53041452
vt 0.13095281 0.52419728
vt 0.12873790 0.51666760
vt 0.13285470 0.51709318
vt 0.13095281 0.52419728
vt 0.12224510 0.53098470
vt 0.11970090 0.52456731
vt 0.12533490 0.52399230
vt 0.12442340 0.51631212
vt 0.12533490 0.52399230
vt 0.11970090 0.52456731
vt 0.12792410 0.53041452
vt 0.12224510 0.53098470
vt 0.12533490 0.52399230
vt 0.12442340 0.51631212
vt 0.12873790 0.51666760
vt 0.12533490 0.52399230
vt 0.11658510 0.53252012
vt 0.11410880 0.52573657
vt 0.11970090 0.52456731
vt 0.12014870 0.51612461
vt 0.11970090 0.52456731
vt 0.11410880 0.52573657
vt 0.12224510 0.53098470
vt 0.11658510 0.53252012
vt 0.11970090 0.52456731
vt 0.12014870 0.51612461
vt 0.12442340 0.51631212
vt 0.11970090 0.52456731
vt 0.11074260 0.53462398
vt 0.10749200 0.52746809
vt 0.11410880 0.52573657
vt 0.11348240 0.51548159
vt 0.11410880 0.52573657
vt 0.10749200 0.52746809
vt 0.11658510 0.53252012
vt 0.11645530 0.51580989
vt 0.12014870 0.51612461
vt 0.11410880 0.52573657
vt 0.11348240 0.51548159
vt 0.11645530 0.51580989
vt 0.11410880 0.52573657
vt 0.10926450 0.51348197
vt 0.11348240 0.51548159
vt 0.10749200 0.52746809
vt 0.16867299 0.49026719
vt 0.14637519 0.51718301
vt 0.14578751 0.51883328
vt 0.16867299 0.49026719
vt 0.14578751 0.51883328
vt 0.14243090 0.51920718
vt 0.16867299 0.49026719
vt 0.14243090 0.51920718
vt 0.14037590 0.51862639
vt 0.15185399 0.48337170
vt 0.14037590 0.51862639
vt 0.13681130 0.51767027
vt 0.15185399 0.48337170
vt 0.16867299 0.49026719
vt 0.14037590 0.51862639
vt 0.15185399 0.48337170
vt 0.13681130 0.51767027
vt 0.13285470 0.51709318
vt 0.15185399 0.48337170
vt 0.13285470 0.51709318
vt 0.12873790 0.51666760
vt 0.13440201 0.48029780
vt 0.12873790 0.51666760
vt 0.12442340 0.51631212
vt 0.13440201 0.48029780
vt 0.15185399 0.48337170
vt 0.12873790 0.51666760
vt 0.13440201 0.48029780
vt 0.12442340 0.51631212
vt 0.12014870 0.51612461
vt 0.11575280 0.48142931
vt 0.12014870 0.51612461
vt 0.11645530 0.51580989
vt 0.11575280 0.48142931
vt 0.13440201 0.48029780
vt 0.12014870 0.51612461
vt 0.01905328 0.49075079
vt 0.10348760 0.53727132
vt 0.14955769 0.55021143
vt 0.25165021 0.50525558
vt 0.15147570 0.57646853
vt 0.14265931 0.55292988
vt 0.14029720 0.57580119
vt 0.14029720 0.57580119
vt 0.13021570 0.57489401
vt 0.10768650 0.56975508
vt 0.27444229 0.48209161
vt 0.40655169 0.51672453
vt 0.40516940 0.51524532
vt 0.81575137 0.70959389
vt 0.80683309 0.54479808
vt 0.80816460 0.54479808
vt 0.14549451 0.57624739
vt 0.14029720 0.57580119
vt 0.12288620 0.55366910
vt 0.12115400 0.57375711
vt 0.11187180 0.57169968
vt 0.11187180 0.57169968
vt 0.10768650 0.56975508
vt 0.36427361 0.52047962
vt 0.13021570 0.57489401
vt 0.37222931 0.53679818
vt 0.37326461 0.51993883
vt 0.12115400 0.57375711
vt 0.11187180 0.57169968
vt 0.10513600 0.54973853
vt 0.12115400 0.57375711
vt 0.36909750 0.52004558
vt 0.37326461 0.51993883
vt 0.38139480 0.51998311
vt 0.10358580 0.56654000
vt 0.13021570 0.57489401
vt 0.12115400 0.57375711
vt 0.36248669 0.53437048
vt 0.65800363 0.94499677
vt 0.66387397 1.08212495
vt 0.66291970 1.08212495
vt 0.81658989 0.66205591
vt 0.80917090 0.54479808
vt 0.40115249 0.53728551
vt 0.40089259 0.51887459
vt 0.14689250 0.55188072
vt 0.14549451 0.57624739
vt 0.36909750 0.52004558
vt 0.37627819 0.53745937
vt 0.37731171 0.51993728
vt 0.38139480 0.51998311
vt 0.38566679 0.52005732
vt 0.38974389 0.51997572
vt 0.39360020 0.51980042
vt 0.11187180 0.57169968
vt 0.40464699 0.51803750
vt 0.40655169 0.51672453
vt 0.10768650 0.56975508
vt 0.10358580 0.56654000
vt 0.40089259 0.51887459
vt 0.65964091 0.87378508
vt 0.64900512 0.54479808
vt 0.65127653 0.54479808
vt 0.40848580 0.53453302
vt 0.40516940 0.51524532
vt 0.81469649 0.75566971
vt 0.80519217 0.54479808
vt 0.14549451 0.57624739
vt 0.36427361 0.52047962
vt 0.36909750 0.52004558
vt 0.37326461 0.51993883
vt 0.37731171 0.51993728
vt 0.38974389 0.51997572
vt 0.39742640 0.51952881
vt 0.40464699 0.51803750
vt 0.36144659 0.55192691
vt 0.12115400 0.57375711
vt 0.79697132 0.54479808
vt 0.81348127 0.80056453
vt 0.79233742 1.08212495
vt 0.66059887 0.83815062
vt 0.65316808 0.54479808
vt 0.15147570 0.57646853
vt 0.14549451 0.57624739
vt 0.13021570 0.57489401
vt 0.38566679 0.52005732
vt 0.38974389 0.51997572
vt 0.39360020 0.51980042
vt 0.39742640 0.51952881
vt 0.10358580 0.56654000
vt 0.36248669 0.53437048
vt 0.36144659 0.55192691
vt 0.69699460 0.54479808
vt 0.69734722 1.08212495
vt 0.69273162 1.08212495
vt 0.16825800 0.56641042
vt 0.16180500 0.03940761
vt 0.68328959 0.54479808
vt 0.68363190 1.08212495
vt 0.67788547 1.08212495
vt 0.78482223 0.54479808
vt 0.78550941 1.08212495
vt 0.78021717 1.08212495
vt 0.66346008 0.54479808
vt 0.60390341 0.54479808
vt 0.60176837 1.08212495
vt 0.59592611 0.54479808
vt 0.62456530 0.54479808
vt 0.62797087 1.08212495
vt 0.62360352 1.08212495
vt 0.06355494 0.63201457
vt 0.05618929 0.62603819
vt 0.09954965 0.60227042
vt 0.04366213 0.13971360
vt 0.05323088 0.10628120
vt 0.76392710 0.54479808
vt 0.76329923 1.08212495
vt 0.75817931 1.08212495
vt 0.01290363 0.46146241
vt 0.77429718 0.54479808
vt 0.77497083 1.08212495
vt 0.76976448 1.08212495
vt 0.83771187 1.08212495
vt 0.83327478 1.08212495
vt 0.84407860 0.54479808
vt 0.84957510 1.08212495
vt 0.84359342 1.08212495
vt 0.10291750 0.03546619
vt 0.71222472 0.54479808
vt 0.71259707 1.08212495
vt 0.70785463 1.08212495
vt 0.24795000 0.41490391
vt 0.14602970 0.53148341
vt 0.08040803 0.64479929
vt 0.07179355 0.63859242
vt 0.09954965 0.60227042
vt 0.04813998 0.61795741
vt 0.68781787 0.54479808
vt 0.68816149 1.08212495
vt 0.68363190 1.08212495
vt 0.08884620 0.06976795
vt 0.23435380 0.57184207
vt 0.61146390 0.54479808
vt 0.61486971 1.08212495
vt 0.61050242 1.08212495
vt 0.62893307 0.54479808
vt 0.63233870 1.08212495
vt 0.62797087 1.08212495
vt 0.62019789 0.54479808
vt 0.61923653 1.08212495
vt 0.04054671 0.60925370
vt 0.03386569 0.60185939
vt 0.08638209 0.59029758
vt 0.70278221 0.54479808
vt 0.70200092 1.08212495
vt 0.22873040 0.58163053
vt 0.10067960 0.65393150
vt 0.12348860 0.65804207
vt 0.14711480 0.00014204
vt 0.00699025 0.36788091
vt 0.10348760 0.53727132
vt 0.14268570 0.65684313
vt 0.13313679 0.65767699
vt 0.06355494 0.63201457
vt 0.00014204 0.40417099
vt 0.00699025 0.36788091
vt 0.03386569 0.60185939
vt 0.02722978 0.59419912
vt 0.00636107 0.43290010
vt 0.81722122 0.54479808
vt 0.19938740 0.08000683
vt 0.61146390 0.54479808
vt 0.60613662 1.08212495
vt 0.75759411 0.54479808
vt 0.75309789 1.08212495
vt 0.69238561 0.54479808
vt 0.69273162 1.08212495
vt 0.68816149 1.08212495
vt 0.64515162 0.54479808
vt 0.65876549 0.90940303
vt 0.84407860 0.54479808
vt 0.83818841 0.54479808
vt 0.76909441 0.54479808
vt 0.76976448 1.08212495
vt 0.67758381 0.54479808
vt 0.67343861 1.08212495
vt 0.11254020 0.61203092
vt 0.70748562 0.54479808
vt 0.70785463 1.08212495
vt 0.22873040 0.58163053
vt 0.17348421 0.57797772
vt 0.24138790 0.52533931
vt 0.77953893 0.54479808
vt 0.78021717 1.08212495
vt 0.77497083 1.08212495
vt 0.61583072 0.54479808
vt 0.61923653 1.08212495
vt 0.04054671 0.60925370
vt 0.09260410 0.59626430
vt 0.04813998 0.61795741
vt 0.86183143 1.08212495
vt 0.86862302 0.54479808
vt 0.86810678 1.08212495
vt 0.32779551 0.62968051
vt 0.72369897 1.08212495
vt 0.72327739 0.54479808
vt 0.72961420 0.54479808
vt 0.82226717 1.08212495
vt 0.80930972 1.08212495
vt 0.66666472 1.08212495
vt 0.50033802 0.22722130
vt 0.41070300 0.50836051
vt 0.40462321 0.50029671
vt 0.30493250 0.60994917
vt 0.35595390 0.59110212
vt 0.31286210 0.61786062
vt 0.30493250 0.60994917
vt 0.29827380 0.60353321
vt 0.34895191 0.58499002
vt 0.88095248 1.08212495
vt 0.87500513 0.54479808
vt 0.88148612 0.54479808
vt 0.50691450 0.33393049
vt 0.75309789 1.08212495
vt 0.75251752 0.54479808
vt 0.75759411 0.54479808
vt 0.73499662 1.08212495
vt 0.73452210 0.54479808
vt 0.74096882 0.54479808
vt 0.67758381 0.54479808
vt 0.89245880 1.08212495
vt 0.89470631 0.54479808
vt 0.90482008 1.08212495
vt 0.87448031 1.08212495
vt 0.86862302 0.54479808
vt 0.31986800 0.62346268
vt 0.30059740 0.13705911
vt 0.74149340 1.08212495
vt 0.74596089 0.54479808
vt 0.64203483 0.54479808
vt 0.82799661 1.08212495
vt 0.27430820 0.17334510
vt 0.27221861 0.26509199
vt 0.35256371 0.50846022
vt 0.36080241 0.51058102
vt 0.85565448 1.08212495
vt 0.86233968 0.54479808
vt 0.48815230 0.57381171
vt 0.43398729 0.56608450
vt 0.29113820 0.59464997
vt 0.27130780 0.23489280
vt 0.27500799 0.20345870
vt 0.63670617 1.08212495
vt 0.64107311 1.08212495
vt 0.73008472 1.08212495
vt 0.73452210 0.54479808
vt 0.91168308 1.08212495
vt 0.91850239 0.54479808
vt 0.91850239 1.08212495
vt 0.79233742 1.08212495
vt 0.79160011 0.54479808
vt 0.79697132 0.54479808
vt 0.59430349 1.08212495
vt 0.26267999 0.36137110
vt 0.26174930 0.33131239
vt 0.36046579 0.52081567
vt 0.31986800 0.62346268
vt 0.88095248 1.08212495
vt 0.88806373 0.54479808
vt 0.74648988 1.08212495
vt 0.74596089 0.54479808
vt 0.51503527 0.26773500
vt 0.51087880 0.30077460
vt 0.41070300 0.50836051
vt 0.51503527 0.45730400
vt 0.40516940 0.51524532
vt 0.50782639 0.40785721
vt 0.85565448 1.08212495
vt 0.85006797 0.54479808
vt 0.85615581 0.54479808
vt 0.71887189 1.08212495
vt 0.71845382 0.54479808
vt 0.72327739 0.54479808
vt 0.51087880 0.30077460
vt 0.40462381 0.50781059
vt 0.41070300 0.50836051
vt 0.49339631 0.56431109
vt 0.48815230 0.57381171
vt 0.29113820 0.59464997
vt 0.28484151 0.58729470
vt 0.42663431 0.47403881
vt 0.50054687 0.19226070
vt 0.36080241 0.51058102
vt 0.65652388 1.08212495
vt 0.90611732 0.54479808
vt 0.63670617 1.08212495
vt 0.63330072 0.54479808
vt 0.63766849 0.54479808
vt 0.58631730 1.08212495
vt 0.59155750 0.54479808
vt 0.66512209 1.08212495
vt 0.82484812 1.08212495
vt 0.49579659 0.15623450
vt 0.27349550 0.29517841
vt 0.10695990 0.53674418
vt 0.10435070 0.53689408
vt 0.11159360 0.53627002
vt 0.11963120 0.53617603
vt 0.11568090 0.53619742
vt 0.13164911 0.53603780
vt 0.12771989 0.53615481
vt 0.13906489 0.53559071
vt 0.13537499 0.53585172
vt 0.14602970 0.53148341
vt 0.14759910 0.53295863
vt 0.24795000 0.41490391
vt 0.50782639 0.40785721
vt 0.02090334 0.58187181
vt 0.44560051 0.62632757
vt 0.41428521 0.58807331
vt 0.23992090 0.53824502
vt 0.36427361 0.52047962
vt 0.36144659 0.55192691
vt 0.27850589 0.57495821
vt 0.38850859 0.55992383
vt 0.37891591 0.55907577
vt 0.36573741 0.55509621
vt 0.23738080 0.15908410
vt 0.15377750 0.59963310
vt 0.09492653 0.52520871
vt 0.25603330 0.27254021
vt 0.24716550 0.34000829
vt 0.04366213 0.13971360
vt 0.49579659 0.15623450
vt 0.25603339 0.46429411
vt 0.14549451 0.57624739
vt 0.37731171 0.51993728
vt 0.39742640 0.51952881
vt 0.40089259 0.51887459
vt 0.19938740 0.08000683
vt 0.68781787 0.54479808
vt 0.62893307 0.54479808
vt 0.77953893 0.54479808
vt 0.14711480 0.00014204
vt 0.09260410 0.59626430
vt 0.69238561 0.54479808
vt 0.08884620 0.06976795
vt 0.61050242 1.08212495
vt 0.69699460 0.54479808
vt 0.84359342 1.08212495
vt 0.77429718 0.54479808
vt 0.71222472 0.54479808
vt 0.78482223 0.54479808
vt 0.62019789 0.54479808
vt 0.08638209 0.59029758
vt 0.86183143 1.08212495
vt 0.86233968 0.54479808
vt 0.86862302 0.54479808
vt 0.71887189 1.08212495
vt 0.51503527 0.26773500
vt 0.34895191 0.58499002
vt 0.73008472 1.08212495
vt 0.67343861 1.08212495
vt 0.86810678 1.08212495
vt 0.30059740 0.13705911
vt 0.27221861 0.26509199
vt 0.27130780 0.23489280
vt 0.35256371 0.50846022
vt 0.85615581 0.54479808
vt 0.34290981 0.57890671
vt 0.63766849 0.54479808
vt 0.88148612 0.54479808
vt 0.74149340 1.08212495
vt 0.50691450 0.33393049
vt 0.27349550 0.29517841
vt 0.58719158 0.54479808
f 1/1 2/2 3/3
f 4/4 5/5 6/6
f 7/7 8/8 9/9
f 10/10 11/11 12/12
f 13/13 14/14 15/15
f 16/16 17/17 18/18
f 19/19 20/20 21/21
f 22/22 23/23 24/24
f 25/25 26/26 27/27
f 28/28 29/29 30/30
f 31/31 32/32 33/33
f 34/34 35/35 36/36
f 37/37 38/38 39/39
f 40/40 41/41 42/42
f 43/43 44/44 45/45
f 46/46 47/47 48/48
f 49/49 50/50 51/51
f 52/52 53/53 54/54
f 55/55 56/56 57/57
f 58/58 59/59 60/60
f 61/61 62/62 63/63
f 64/64 65/65 66/66
f 67/67 68/68 69/69
f 70/70 71/71 72/72
f 73/73 74/74 75/75
f 76/76 77/77 78/78
f 79/79 80/80 81/81
f 82/82 83/83 84/84
f 85/85 86/86 87/87
f 88/88 89/89 90/90
f 91/91 92/92 93/93
f 94/94 95/95 96/96
f 97/97 98/98 99/99
f 100/100 101/101 102/102
f 103/103 104/104 105/105
f 106/106 107/107 108/108
f 109/109 110/110 111/111
f 112/112 113/113 114/114
f 109/109 115/115 110/110
f 116/116 117/117 118/118
f 119/119 120/120 121/121
f 122/122 123/123 124/124
f 125/125 126/126 127/127
f 128/128 129/129 130/130
f 131/131 132/132 133/133
f 134/134 135/135 136/136
f 137/137 138/138 139/139
f 140/140 141/141 142/142
f 143/143 144/144 145/145
f 146/146 147/147 148/148
f 149/149 150/150 151/151
f 152/152 153/153 154/154
f 155/155 156/156 157/157
f 158/158 159/159 160/160
f 161/161 162/162 163/163
f 164/164 165/165 166/166
f 167/167 168/168 169/169
f 170/170 171/171 172/172
f 173/173 174/174 175/175
f 176/176 177/177 178/178
f 179/179 180/180 181/181
f 182/182 183/183 184/184
f 185/185 186/186 187/187
f 188/188 189/189 190/190
f 191/191 192/192 193/193
f 194/194 195/195 196/196
f 197/197 198/198 199/199
f 200/200 201/201 202/202
f 203/203 198/198 204/204
f 205/205 204/204 206/206
f 205/205 207/207 208/208
f 209/209 210/210 211/211
f 15/15 211/211 13/13
f 212/212 213/213 214/214
f 215/215 216/216 217/217
f 218/218 219/219 220/220
f 221/221 222/222 223/223
f 224/224 225/225 226/226
f 227/227 228/228 229/229
f 230/230 231/231 232/232
f 233/233 234/234 235/235
f 236/236 237/237 238/238
f 239/239 240/240 241/241
f 242/242 243/243 244/244
f 245/245 246/246 209/209
f 247/247 248/248 249/249
f 250/250 251/251 252/252
f 253/253 254/254 255/255
f 256/256 257/257 258/258
f 259/259 260/260 261/261
f 262/262 263/263 264/264
f 265/265 266/266 267/267
f 268/268 269/269 270/270
f 271/271 272/272 273/273
f 274/274 275/275 276/276
f 277/277 278/278 279/279
f 280/280 281/281 282/282
f 283/283 284/284 285/285
f 286/286 287/287 288/288
f 289/289 290/290 291/291
f 292/292 293/293 294/294
f 295/295 296/296 297/297
f 298/298 296/296 295/295
f 299/299 300/300 301/301
f 302/302 303/303 304/304
f 305/305 306/306 307/307
f 295/295 297/297 308/308
f 309/309 310/310 311/311
f 295/295 308/308 312/312
f 313/313 312/312 308/308
f 314/314 315/315 316/316
f 317/317 318/318 319/319
f 320/320 321/321 322/322
f 323/323 324/324 325/325
f 326/326 327/327 328/328
f 329/329 330/330 331/331
f 323/323 332/332 324/324
f 333/333 324/324 332/332
f 334/334 335/335 336/336
f 337/337 325/325 312/312
f 338/338 323/323 325/325
f 337/337 338/338 325/325
f 339/339 340/340 341/341
f 342/342 343/343 344/344
f 313/313 337/337 312/312
f 298/298 295/295 345/345
f 346/346 347/347 348/348
f 349/349 350/350 351/351
f 352/352 345/345 353/353
f 354/354 355/355 356/356
f 298/298 345/345 352/352
f 357/357 358/358 359/359
f 360/360 353/353 361/361
f 362/362 363/363 364/364
f 352/352 353/353 360/360
f 365/365 366/366 367/367
f 368/368 369/369 370/370
f 371/371 372/372 373/373
f 374/374 375/375 376/376
f 377/377 378/378 379/379
f 380/380 381/381 382/382
f 383/383 384/384 385/385
f 386/386 387/387 388/388
f 389/389 390/390 391/391
f 392/392 389/389 393/393
f 394/394 395/395 396/396
f 397/397 398/398 399/399
f 400/400 401/401 402/402
f 399/399 403/403 397/397
f 404/404 405/405 406/406
f 407/407 408/408 409/409
f 410/410 411/411 412/412
f 413/413 414/414 415/415
f 413/413 406/406 414/414
f 416/416 417/417 418/418
f 419/419 420/420 421/421
f 422/422 423/423 424/424
f 425/425 426/426 427/427
f 428/428 429/429 430/430
f 431/431 432/432 433/433
f 434/434 435/435 436/436
f 437/437 438/438 439/439
f 440/440 441/441 442/442
f 443/443 444/444 445/445
f 446/446 447/447 448/448
f 449/449 450/450 451/451
f 452/452 453/453 454/454
f 455/455 327/327 326/326
f 456/456 457/457 458/458
f 459/459 460/460 461/461
f 462/462 463/463 464/464
f 465/465 466/466 467/467
f 468/468 469/469 470/470
f 471/471 472/472 473/473
f 474/474 468/468 470/470
f 475/475 474/474 470/470
f 476/476 475/475 470/470
f 477/477 478/478 479/479
f 333/333 480/480 469/469
f 481/481 482/482 483/483
f 468/468 333/333 469/469
f 484/484 485/485 318/318
f 486/486 487/487 488/488
f 333/333 332/332 480/480
f 489/489 490/490 491/491
f 492/492 493/493 494/494
f 495/495 496/496 497/497
f 498/498 499/499 500/500
f 501/501 502/502 503/503
f 504/504 505/505 506/506
f 507/507 508/508 509/509
f 510/510 511/511 512/512
f 513/513 514/514 515/515
f 516/516 517/517 518/518
f 519/519 520/520 521/521
f 522/522 523/523 524/524
f 525/525 526/526 474/474
f 527/527 528/528 529/529
f 475/475 525/525 474/474
f 530/530 531/531 532/532
f 533/533 534/534 526/526
f 535/535 536/536 537/537
f 525/525 533/533 526/526
f 538/538 539/539 540/540
f 541/541 542/542 534/534
f 543/543 544/544 545/545
f 533/533 541/541 534/534
f 546/546 547/547 548/548
f 549/549 550/550 551/551
f 552/552 553/553 554/554
f 555/555 556/556 557/557
f 558/558 559/559 560/560
f 561/561 562/562 563/563
f 564/564 565/565 566/566
f 567/567 568/568 569/569
f 570/570 571/571 572/572
f 573/573 574/574 575/575
f 576/576 577/577 578/578
f 579/579 580/580 581/581
f 582/582 583/583 584/584
f 109/109 585/585 115/115
f 586/586 587/587 588/588
f 589/589 590/590 591/591
f 592/592 593/593 594/594
f 595/595 596/596 597/597
f 598/598 599/599 278/278
f 600/600 601/601 602/602
f 603/603 604/604 605/605
f 606/606 607/607 608/608
f 609/609 610/610 611/611
f 612/612 613/613 614/614
f 615/615 616/616 617/617
f 618/618 619/619 620/620
f 621/621 622/622 623/623
f 624/624 625/625 626/626
f 627/627 628/628 629/629
f 611/611 629/629 609/609
f 630/630 631/631 632/632
f 633/633 634/634 635/635
f 127/127 636/636 125/125
f 637/637 638/638 627/627
f 639/639 640/640 641/641
f 642/642 643/643 644/644
f 645/645 646/646 647/647
f 648/648 649/649 650/650
f 651/651 652/652 653/653
f 654/654 655/655 656/656
f 657/657 658/658 659/659
f 660/660 661/661 662/662
f 663/663 664/664 665/665
f 666/666 667/667 668/668
f 669/669 670/670 671/671
f 672/672 673/673 674/674
f 675/675 676/676 677/677
f 678/678 679/679 680/680
f 681/681 682/682 683/683
f 684/684 685/685 686/686
f 687/687 688/688 689/689
f 690/690 691/691 692/692
f 693/693 694/694 695/695
f 696/696 697/697 698/698
f 699/699 700/700 701/701
f 702/702 703/703 704/704
f 705/705 706/706 707/707
f 708/708 709/709 710/710
f 711/711 712/712 713/713
f 714/714 715/715 716/716
f 717/717 718/718 719/719
f 720/720 721/721 722/722
f 723/723 724/724 725/725
f 726/726 727/727 728/728
f 729/729 730/730 731/731
f 732/732 733/733 734/734
f 735/735 736/736 737/737
f 738/738 739/739 740/740
f 741/741 742/742 743/743
f 744/744 745/745 746/746
f 747/747 748/748 749/749
f 750/750 751/751 752/752
f 753/753 754/754 755/755
f 756/756 757/757 758/758
f 759/759 760/760 761/761
f 762/762 763/763 764/764
f 765/765 766/766 767/767
f 768/768 769/769 770/770
f 771/771 772/772 773/773
f 774/774 775/775 776/776
f 777/777 778/778 779/779
f 780/780 781/781 782/782
f 783/783 784/784 785/785
f 786/786 787/787 788/788
f 789/789 790/790 791/791
f 792/792 793/793 794/794
f 795/795 796/796 797/797
f 798/798 799/799 800/800
f 801/801 802/802 803/803
f 804/804 805/805 806/806
f 807/807 808/808 809/809
f 810/810 811/811 812/812
f 813/813 814/814 815/815
f 816/816 817/817 818/818
f 819/819 820/820 821/821
f 822/822 823/823 821/821
f 824/824 821/821 823/823
f 819/819 821/821 824/824
f 825/825 826/826 827/827
f 828/828 829/829 830/830
f 831/831 832/832 833/833
f 834/834 835/835 836/836
f 837/837 838/838 839/839
f 840/840 841/841 842/842
f 843/843 844/844 845/845
f 846/846 847/847 848/848
f 849/849 850/850 851/851
f 852/852 853/853 854/854
f 855/855 856/856 857/857
f 858/858 859/859 860/860
f 861/861 862/862 863/863
f 864/864 865/865 866/866
f 867/867 868/868 869/869
f 870/870 871/871 872/872
f 873/873 874/874 875/875
f 876/876 877/877 878/878
f 879/879 880/880 881/881
f 882/882 883/883 884/884
f 885/885 886/886 887/887
f 888/888 889/889 890/890
f 891/891 892/892 893/893
f 894/894 895/895 896/896
f 897/897 898/898 899/899
f 900/900 901/901 902/902
f 903/903 904/904 901/901
f 905/905 906/906 907/907
f 900/900 903/903 901/901
f 900/900 902/902 908/908
f 909/909 908/908 910/910
f 909/909 900/900 908/908
f 909/909 910/910 911/911
f 912/912 911/911 913/913
f 909/909 911/911 912/912
f 914/914 913/913 915/915
f 912/912 913/913 914/914
f 914/914 915/915 820/820
f 914/914 820/820 819/819
f 916/916 917/917 918/918
f 824/824 823/823 919/919
f 920/920 921/921 922/922
f 923/923 924/924 925/925
f 926/926 919/919 927/927
f 928/928 929/929 930/930
f 824/824 919/919 926/926
f 931/931 932/932 933/933
f 934/934 927/927 935/935
f 936/936 937/937 938/938
f 926/926 927/927 934/934
f 939/939 940/940 941/941
f 934/934 935/935 942/942
f 943/943 944/944 945/945
f 946/946 947/947 948/948
f 949/949 950/950 951/951
f 952/952 953/953 954/954
f 955/955 956/956 957/957
f 958/958 959/959 960/960
f 961/961 962/962 963/963
f 964/964 965/965 966/966
f 967/967 968/968 969/969
f 970/970 971/971 972/972
f 973/973 974/974 975/975
f 976/976 977/977 978/978
f 979/979 980/980 981/981
f 982/982 983/983 984/984
f 985/985 986/986 987/987
f 988/988 989/989 990/990
f 991/991 992/992 993/993
f 994/994 985/985 987/987
f 994/994 987/987 995/995
f 996/996 997/997 998/998
f 999/999 1000/1000 1001/1001
f 1002/1002 1003/1003 1004/1004
f 1005/1005 1006/1006 1007/1007
f 1008/1008 1009/1009 1010/1010
f 1011/1011 1012/1012 1013/1013
f 1014/1014 1015/1015 1016/1016
f 1017/1017 1018/1018 1019/1019
f 1020/1020 1021/1021 1022/1022
f 1023/1023 1024/1024 1025/1025
f 1026/1026 1027/1027 1028/1028
f 1029/1029 1030/1030 1031/1031
f 1032/1032 1033/1033 1034/1034
f 1035/1035 1036/1036 1037/1037
f 1038/1038 1039/1039 1040/1040
f 1041/1041 1042/1042 1043/1043
f 1044/1044 1045/1045 1046/1046
f 1047/1047 1048/1048 1049/1049
f 1050/1050 1051/1051 1052/1052
f 903/903 1053/1053 904/904
f 1054/1054 1055/1055 1056/1056
f 903/903 1057/1057 1053/1053
f 1058/1058 1059/1059 1060/1060
f 1061/1061 1062/1062 1063/1063
f 1064/1064 1065/1065 1066/1066
f 1067/1067 1068/1068 1069/1069
f 1070/1070 1071/1071 1057/1057
f 1072/1072 1073/1073 1074/1074
f 903/903 1070/1070 1057/1057
f 1075/1075 1076/1076 1077/1077
f 1078/1078 1079/1079 1071/1071
f 1080/1080 1081/1081 1082/1082
f 1070/1070 1078/1078 1071/1071
f 1083/1083 1084/1084 1085/1085
f 1078/1078 1086/1086 1079/1079
f 1087/1087 1088/1088 1089/1089
f 1090/1090 1091/1091 1092/1092
f 1093/1093 1094/1094 1095/1095
f 1096/1096 1097/1097 1098/1098
f 1099/1099 1100/1100 1101/1101
f 1102/1102 1103/1103 1104/1104
f 1105/1105 1106/1106 1107/1107
f 1108/1108 1109/1109 1110/1110
f 1111/1111 1112/1112 1113/1113
f 1114/1114 1115/1115 1116/1116
f 1117/1117 1118/1118 1119/1119
f 1120/1120 1121/1121 1122/1122
f 1123/1123 1124/1124 1125/1125
f 1126/1126 1127/1127 1128/1128
f 1129/1129 1130/1130 1131/1131
f 1132/1132 1133/1133 1134/1134
f 1135/1135 1128/1128 1136/1136
f 1137/1137 1138/1138 1139/1139
f 1140/1140 1134/1134 1141/1141
f 1142/1142 1143/1143 1144/1144
f 1144/1144 1145/1145 1142/1142
f 1146/1146 1147/1147 1148/1148
f 1149/1149 1150/1150 1151/1151
f 1152/1152 1153/1153 1154/1154
f 1155/1155 1156/1156 1157/1157
f 1158/1158 1159/1159 1160/1160
f 1161/1161 1162/1162 1163/1163
f 1164/1164 1165/1165 1166/1166
f 1167/1167 1168/1168 1169/1169
f 1170/1170 1171/1171 1172/1172
f 1173/1173 1174/1174 1175/1175
f 1176/1176 1177/1177 1178/1178
f 1179/1179 1180/1180 1181/1181
f 1182/1182 1183/1183 1184/1184
f 1185/1185 1186/1186 1187/1187
f 1188/1188 1189/1189 1190/1190
f 1191/1191 1192/1192 1193/1193
f 1194/1194 1195/1195 1196/1196
f 1197/1197 1198/1198 1199/1199
f 1200/1200 1201/1201 1202/1202
f 1203/1203 1204/1204 1205/1205
f 1206/1206 1207/1207 1208/1208
f 1209/1209 1210/1210 1211/1211
f 1212/1212 1213/1213 1214/1214
f 1215/1215 1216/1216 1217/1217
f 1218/1218 1219/1219 1220/1220
f 1221/1221 1222/1222 1223/1223
f 1224/1224 1225/1225 1226/1226
f 1227/1227 1228/1228 1229/1229
f 1230/1230 1231/1231 1232/1232
f 1233/1233 1234/1234 1235/1235
f 1236/1236 1237/1237 1238/1238
f 1239/1239 1240/1240 1241/1241
f 1242/1242 1243/1243 1244/1244
f 1245/1245 1246/1246 1247/1247
f 1248/1248 1249/1249 1250/1250
f 1251/1251 1252/1252 1253/1253
f 1254/1254 1255/1255 1256/1256
f 1257/1257 1258/1258 1255/1255
f 1257/1257 1255/1255 1254/1254
f 1259/1259 1256/1256 1260/1260
f 1261/1261 1256/1256 1259/1259
f 1262/1262 1254/1254 1256/1256
f 1263/1263 1262/1262 1256/1256
f 1264/1264 1263/1263 1256/1256
f 1261/1261 1264/1264 1256/1256
f 1265/1265 1260/1260 1266/1266
f 1259/1259 1260/1260 1265/1265
f 1265/1265 1266/1266 1267/1267
f 1261/1261 1259/1259 1268/1268
f 1269/1269 1270/1270 1271/1271
f 1272/1272 1268/1268 1273/1273
f 1274/1274 1275/1275 1276/1276
f 1272/1272 1261/1261 1268/1268
f 1277/1277 1278/1278 1279/1279
f 1280/1280 1273/1273 1281/1281
f 1280/1280 1272/1272 1273/1273
f 413/413 415/415 1282/1282
f 413/413 1283/1283 1146/1146
f 1284/1284 1281/1281 1285/1285
f 1286/1286 1281/1281 1284/1284
f 1287/1287 1280/1280 1281/1281
f 1288/1288 1287/1287 1281/1281
f 1289/1289 1288/1288 1281/1281
f 1286/1286 1289/1289 1281/1281
f 1290/1290 1285/1285 1291/1291
f 1284/1284 1285/1285 1290/1290
f 1290/1290 1291/1291 1292/1292
f 1286/1286 1284/1284 1258/1258
f 1257/1257 1286/1286 1258/1258
f 1293/1293 1294/1294 1295/1295
f 1296/1296 1297/1297 1298/1298
f 1299/1299 1300/1300 1301/1301
f 1302/1302 1303/1303 1304/1304
f 1305/1305 1306/1306 1307/1307
f 1308/1308 1309/1309 1310/1310
f 1308/1308 1311/1311 1309/1309
f 1312/1312 1313/1313 1314/1314
f 1312/1312 1315/1315 1313/1313
f 1316/1316 1317/1317 1318/1318
f 1316/1316 1319/1319 1317/1317
f 1320/1320 1321/1321 1322/1322
f 1323/1323 1324/1324 1325/1325
f 1326/1326 1327/1327 1328/1328
f 1329/1329 1330/1330 1331/1331
f 1332/1332 1333/1333 1334/1334
f 1335/1335 1336/1336 1337/1337
f 1338/1338 1339/1339 1340/1340
f 1338/1338 1341/1341 1339/1339
f 1342/1342 1343/1343 1344/1344
f 1342/1342 1345/1345 1343/1343
f 1346/1346 1347/1347 1348/1348
f 1346/1346 1349/1349 1347/1347
f 1350/1350 1351/1351 1352/1352
f 1353/1353 1354/1354 1355/1355
f 1356/1356 1355/1355 1357/1357
f 1356/1356 1353/1353 1355/1355
f 1358/1358 1359/1359 1360/1360
f 1361/1361 1362/1362 1359/1359
f 1361/1361 1359/1359 1358/1358
f 1358/1358 1360/1360 1363/1363
f 1353/1353 1363/1363 1364/1364
f 1353/1353 1358/1358 1363/1363
f 1353/1353 1364/1364 1365/1365
f 1353/1353 1365/1365 1354/1354
f 1356/1356 1357/1357 1366/1366
f 1361/1361 1366/1366 1367/1367
f 1361/1361 1356/1356 1366/1366
f 1361/1361 1367/1367 1368/1368
f 1361/1361 1368/1368 1362/1362
f 1369/1369 1370/1370 1371/1371
f 1372/1372 1373/1373 1374/1374
f 1375/1375 1370/1370 1369/1369
f 1376/1376 1377/1377 1378/1378
f 1379/1379 1380/1380 1381/1381
f 1382/1382 1383/1383 1384/1384
f 1385/1385 1386/1386 1387/1387
f 1388/1388 1389/1389 1390/1390
f 1391/1391 1392/1392 1393/1393
f 1385/1385 1394/1394 1386/1386
f 1395/1395 1396/1396 1397/1397
f 1398/1398 1396/1396 1395/1395
f 1399/1399 1400/1400 1401/1401
f 1402/1402 1403/1403 1404/1404
f 1405/1405 1406/1406 1407/1407
f 1408/1408 1373/1373 1372/1372
f 1409/1409 1410/1410 1411/1411
f 1412/1412 1413/1413 1414/1414
f 1415/1415 1416/1416 1417/1417
f 1418/1418 1419/1419 1420/1420
f 1421/1421 1422/1422 1423/1423
f 1424/1424 1425/1425 1426/1426
f 1427/1427 1428/1428 1429/1429
f 1430/1430 1431/1431 1432/1432
f 1427/1427 1429/1429 1433/1433
f 1434/1434 1435/1435 1436/1436
f 1437/1437 1438/1438 1439/1439
f 1440/1440 1441/1441 1442/1442
f 1443/1443 1444/1444 1445/1445
f 1446/1446 1447/1447 1448/1448
f 1449/1449 1450/1450 1451/1451
f 1452/1452 1453/1453 1454/1454
f 1455/1455 1456/1456 1457/1457
f 1458/1458 1459/1459 1460/1460
f 1461/1461 1462/1462 1463/1463
f 1464/1464 1465/1465 1466/1466
f 1467/1467 1468/1468 1469/1469
f 1470/1470 1471/1471 1472/1472
f 1473/1473 1474/1474 1475/1475
f 1476/1476 1477/1477 1478/1478
f 1479/1479 1480/1480 1481/1481
f 1482/1482 1483/1483 1484/1484
f 1485/1485 1486/1486 1487/1487
f 1488/1488 1489/1489 1490/1490
f 1491/1491 1492/1492 1493/1493
f 1494/1494 1495/1495 1496/1496
f 1497/1497 1498/1498 1499/1499
f 1500/1500 1501/1501 1502/1502
f 1503/1503 1504/1504 1505/1505
f 1506/1506 1507/1507 1508/1508
f 1509/1509 1510/1510 1511/1511
f 1512/1512 1513/1513 1514/1514
f 1515/1515 1513/1513 1512/1512
f 1516/1516 1517/1517 1513/1513
f 1515/1515 1518/1518 1513/1513
f 1519/1519 1513/1513 1518/1518
f 1520/1520 1516/1516 1513/1513
f 1519/1519 1520/1520 1513/1513
f 1521/1521 1514/1514 1522/1522
f 1512/1512 1514/1514 1521/1521
f 1500/1500 1523/1523 1501/1501
f 1521/1521 1522/1522 1524/1524
f 1525/1525 1526/1526 1527/1527
f 1528/1528 1529/1529 1530/1530
f 1531/1531 1532/1532 1533/1533
f 1534/1534 1535/1535 1536/1536
f 1537/1537 1538/1538 1539/1539
f 1540/1540 1541/1541 1542/1542
f 1543/1543 1544/1544 1545/1545
f 1546/1546 1547/1547 1548/1548
f 1549/1549 1550/1550 1551/1551
f 1552/1552 1553/1553 1554/1554
f 1555/1555 1556/1556 1557/1557
f 1558/1558 1559/1559 1560/1560
f 1543/1543 1561/1561 1544/1544
f 1515/1515 1512/1512 1562/1562
f 1563/1563 1564/1564 1565/1565
f 1566/1566 1567/1567 1568/1568
f 1517/1517 1562/1562 1569/1569
f 1516/1516 1562/1562 1517/1517
f 1570/1570 1515/1515 1562/1562
f 1571/1571 1570/1570 1562/1562
f 1572/1572 1571/1571 1562/1562
f 1516/1516 1572/1572 1562/1562
f 1573/1573 1574/1574 1575/1575
f 1546/1546 1576/1576 1547/1547
f 1577/1577 1578/1578 1579/1579
f 1580/1580 1581/1581 1582/1582
f 1583/1583 1584/1584 1585/1585
f 1586/1586 1587/1587 1588/1588
f 1589/1589 1590/1590 1591/1591
f 1592/1592 1593/1593 1594/1594
f 1595/1595 1596/1596 1597/1597
f 1598/1598 1599/1599 1600/1600
f 1601/1601 1602/1602 1603/1603
f 1604/1604 1569/1569 1605/1605
f 1517/1517 1569/1569 1604/1604
f 1586/1586 1606/1606 1587/1587
f 1604/1604 1605/1605 1607/1607
f 1608/1608 1609/1609 1610/1610
f 1611/1611 1612/1612 1613/1613
f 1614/1614 1615/1615 1616/1616
f 1589/1589 1617/1617 1590/1590
f 1618/1618 1619/1619 1620/1620
f 1621/1621 1622/1622 1623/1623
f 1624/1624 1625/1625 1626/1626
f 1627/1627 1628/1628 1629/1629
f 1630/1630 1631/1631 1632/1632
f 1633/1633 1630/1630 1632/1632
f 1634/1634 1635/1635 1636/1636
f 1637/1637 1627/1627 1629/1629
f 1638/1638 1639/1639 1640/1640
f 1641/1641 1634/1634 1636/1636
f 1642/1642 1643/1643 1644/1644
f 1645/1645 1638/1638 1640/1640
f 1646/1646 1647/1647 1648/1648
f 1649/1649 1642/1642 1644/1644
f 1650/1650 1651/1651 1652/1652
f 1653/1653 1646/1646 1648/1648
f 1654/1654 1655/1655 1656/1656
f 1650/1650 1652/1652 1657/1657
f 1658/1658 1654/1654 1656/1656
f 1659/1659 1660/1660 1661/1661
f 1662/1662 1660/1660 1659/1659
f 1663/1663 1660/1660 1662/1662
f 1664/1664 1661/1661 1665/1665
f 1659/1659 1661/1661 1664/1664
f 1663/1663 1662/1662 1666/1666
f 1667/1667 1668/1668 1669/1669
f 1670/1670 1667/1667 1669/1669
f 1671/1671 1672/1672 1673/1673
f 1674/1674 1675/1675 1676/1676
f 1677/1677 1674/1674 1676/1676
f 1678/1678 1679/1679 1680/1680
f 1681/1681 1682/1682 1683/1683
f 1684/1684 1685/1685 1686/1686
f 1687/1687 1688/1688 1689/1689
f 1690/1690 1691/1691 1692/1692
f 1693/1693 1694/1694 1691/1691
f 1693/1693 1691/1691 1690/1690
f 1695/1695 1692/1692 1696/1696
f 1697/1697 1692/1692 1695/1695
f 1698/1698 1690/1690 1692/1692
f 1699/1699 1698/1698 1692/1692
f 1700/1700 1699/1699 1692/1692
f 1697/1697 1700/1700 1692/1692
f 1701/1701 1696/1696 1702/1702
f 1695/1695 1696/1696 1701/1701
f 1701/1701 1702/1702 1703/1703
f 1697/1697 1695/1695 1704/1704
f 1705/1705 1704/1704 1706/1706
f 1705/1705 1697/1697 1704/1704
f 1707/1707 1706/1706 1708/1708
f 1707/1707 1705/1705 1706/1706
f 1709/1709 1710/1710 1694/1694
f 1693/1693 1709/1709 1694/1694
f 1711/1711 1712/1712 1710/1710
f 1708/1708 1711/1711 1710/1710
f 1709/1709 1708/1708 1710/1710
f 1713/1713 1714/1714 1712/1712
f 1711/1711 1713/1713 1712/1712
f 1715/1715 1707/1707 1708/1708
f 1716/1716 1715/1715 1708/1708
f 1717/1717 1716/1716 1708/1708
f 1709/1709 1717/1717 1708/1708
f 1718/1718 1719/1719 1720/1720
f 1721/1721 1722/1722 1723/1723
f 1724/1724 1725/1725 1726/1726
f 1727/1727 1728/1728 1729/1729
f 1730/1730 1731/1731 1732/1732
f 1733/1733 1734/1734 1735/1735
f 1733/1733 1736/1736 1734/1734
f 1737/1737 1738/1738 1739/1739
f 1737/1737 1740/1740 1738/1738
f 1741/1741 1742/1742 1743/1743
f 1741/1741 1744/1744 1742/1742
f 1745/1745 1746/1746 1747/1747
f 1748/1748 1749/1749 1750/1750
f 1751/1751 1752/1752 1753/1753
f 1754/1754 1755/1755 1756/1756
f 1757/1757 1758/1758 1759/1759
f 1760/1760 1761/1761 1762/1762
f 1763/1763 1764/1764 1765/1765
f 1763/1763 1766/1766 1764/1764
f 1767/1767 1768/1768 1769/1769
f 1767/1767 1770/1770 1768/1768
f 1771/1771 1772/1772 1773/1773
f 1771/1771 1774/1774 1772/1772
f 1775/1775 1776/1776 1777/1777
f 1778/1778 1779/1779 1780/1780
f 1781/1781 1782/1782 1779/1779
f 1778/1778 1781/1781 1779/1779
f 1778/1778 1780/1780 1783/1783
f 1784/1784 1783/1783 1785/1785
f 1778/1778 1783/1783 1784/1784
f 1784/1784 1785/1785 1786/1786
f 1784/1784 1786/1786 1787/1787
f 1784/1784 1787/1787 1788/1788
f 1789/1789 1788/1788 1790/1790
f 1789/1789 1784/1784 1788/1788
f 1789/1789 1790/1790 1791/1791
f 1781/1781 1791/1791 1792/1792
f 1781/1781 1789/1789 1791/1791
f 1781/1781 1792/1792 1793/1793
f 1781/1781 1793/1793 1782/1782
f 1794/1794 1795/1795 1796/1796
f 1797/1797 1798/1798 1799/1799
f 1794/1794 1800/1800 1795/1795
f 1801/1801 1802/1802 1803/1803
f 1804/1804 1805/1805 1806/1806
f 1807/1807 1808/1808 1809/1809
f 1810/1810 1811/1811 1812/1812
f 1813/1813 1814/1814 1815/1815
f 1816/1816 1811/1811 1810/1810
f 1817/1817 1818/1818 1819/1819
f 1820/1820 1821/1821 1822/1822
f 1823/1823 1821/1821 1820/1820
f 1824/1824 1825/1825 1826/1826
f 1827/1827 1828/1828 1829/1829
f 1830/1830 1831/1831 1832/1832
f 1833/1833 1798/1798 1797/1797
f 1834/1834 1835/1835 1836/1836
f 1837/1837 1838/1838 1839/1839
f 1840/1840 1841/1841 1842/1842
f 1843/1843 1844/1844 1845/1845
f 1846/1846 1847/1847 1848/1848
f 1849/1849 1850/1850 1851/1851
f 1852/1852 1853/1853 1854/1854
f 1855/1855 1856/1856 1857/1857
f 1858/1858 1859/1859 1860/1860
f 1861/1861 1862/1862 1863/1863
f 1864/1864 1865/1865 1866/1866
f 1867/1867 1868/1868 1869/1869
f 1870/1870 1871/1871 1872/1872
f 1873/1873 1874/1874 1875/1875
f 1876/1876 1864/1864 1866/1866
f 1877/1877 1878/1878 1879/1879
f 1880/1880 1881/1881 1882/1882
f 1883/1883 1884/1884 1885/1885
f 1886/1886 1887/1887 1888/1888
f 1889/1889 1890/1890 1891/1891
f 1892/1892 1893/1893 1894/1894
f 1895/1895 1896/1896 1897/1897
f 1898/1898 1899/1899 1900/1900
f 1901/1901 1902/1902 1903/1903
f 1904/1904 1905/1905 1906/1906
f 1907/1907 1904/1904 1906/1906
f 1908/1908 1909/1909 1910/1910
f 1911/1911 1912/1912 1913/1913
f 1911/1911 1914/1914 1912/1912
f 1901/1901 1903/1903 1915/1915
f 1916/1916 1917/1917 1918/1918
f 1919/1919 1920/1920 1921/1921
f 1922/1922 1923/1923 1924/1924
f 1925/1925 1926/1926 1923/1923
f 1927/1927 1923/1923 1922/1922
f 1928/1928 1925/1925 1923/1923
f 1929/1929 1928/1928 1923/1923
f 1930/1930 1929/1929 1923/1923
f 1927/1927 1930/1930 1923/1923
f 1931/1931 1924/1924 1932/1932
f 1931/1931 1922/1922 1924/1924
f 1931/1931 1932/1932 1933/1933
f 1934/1934 1935/1935 1936/1936
f 1937/1937 1938/1938 1939/1939
f 1940/1940 1941/1941 1942/1942
f 1943/1943 1944/1944 1926/1926
f 1943/1943 1926/1926 1945/1945
f 1925/1925 1945/1945 1926/1926
f 1946/1946 1947/1947 1948/1948
f 1949/1949 1950/1950 1951/1951
f 1952/1952 1953/1953 1954/1954
f 1955/1955 1956/1956 1957/1957
f 1958/1958 1959/1959 1960/1960
f 1961/1961 1962/1962 1963/1963
f 1964/1964 1965/1965 1966/1966
f 1967/1967 1964/1964 1966/1966
f 1968/1968 1969/1969 1970/1970
f 1971/1971 1972/1972 1973/1973
f 1971/1971 1974/1974 1972/1972
f 1961/1961 1963/1963 1975/1975
f 1976/1976 1977/1977 1978/1978
f 1979/1979 1980/1980 1981/1981
f 1982/1982 1983/1983 1944/1944
f 1943/1943 1982/1982 1944/1944
f 1984/1984 1985/1985 1986/1986
f 1987/1987 1988/1988 1989/1989
f 1990/1990 1991/1991 1992/1992
f 1993/1993 1994/1994 1995/1995
f 1996/1996 1997/1997 1998/1998
f 1999/1999 2000/2000 2001/2001
f 2002/2002 2003/2003 2004/2004
f 2005/2005 2006/2006 2007/2007
f 2008/2008 2009/2009 2010/2010
f 2011/2011 2012/2012 2013/2013
f 2014/2014 2015/2015 2016/2016
f 2017/2017 2018/2018 2019/2019
f 2020/2020 2021/2021 2022/2022
f 2020/2020 2023/2023 2021/2021
f 2024/2024 2025/2025 2026/2026
f 2027/2027 2028/2028 2029/2029
f 2030/2030 2031/2031 2032/2032
f 1927/1927 1922/1922 1945/1945
f 1925/1925 2033/2033 1945/1945
f 2034/2034 1945/1945 2033/2033
f 2035/2035 1927/1927 1945/1945
f 2034/2034 2035/2035 1945/1945
f 2036/2036 2037/2037 2038/2038
f 2039/2039 2040/2040 2041/2041
f 2042/2042 2043/2043 2044/2044
f 2045/2045 2046/2046 2047/2047
f 2048/2048 2049/2049 2050/2050
f 2051/2051 2052/2052 2053/2053
f 2054/2054 2055/2055 2056/2056
f 2057/2057 2058/2058 2059/2059
f 2060/2060 2061/2061 2062/2062
f 2063/2063 2064/2064 2065/2065
f 2066/2066 2067/2067 2068/2068
f 2069/2069 2070/2070 2071/2071
f 2072/2072 2069/2069 2071/2071
f 2073/2073 2074/2074 2075/2075
f 2076/2076 2066/2066 2068/2068
f 2077/2077 2078/2078 2079/2079
f 2080/2080 2073/2073 2075/2075
f 2081/2081 2082/2082 2083/2083
f 2084/2084 2077/2077 2079/2079
f 2085/2085 2086/2086 2087/2087
f 2088/2088 2081/2081 2083/2083
f 2089/2089 2090/2090 2091/2091
f 2092/2092 2085/2085 2087/2087
f 2093/2093 2094/2094 2095/2095
f 2089/2089 2091/2091 2096/2096
f 2097/2097 2093/2093 2095/2095
f 2098/2098 2099/2099 2100/2100
f 2098/2098 2100/2100 2101/2101
f 2102/2102 2101/2101 2103/2103
f 2098/2098 2101/2101 2102/2102
f 2104/2104 2103/2103 2105/2105
f 2102/2102 2103/2103 2104/2104
f 2106/2106 2107/2107 2108/2108
f 2109/2109 2110/2110 2111/2111
f 2112/2112 2113/2113 2114/2114
f 2115/2115 2116/2116 2117/2117
f 2118/2118 2119/2119 2120/2120
f 2121/2121 2122/2122 2123/2123
f 2124/2124 2125/2125 2126/2126
f 2127/2127 2128/2128 2129/2129
f 2130/2130 2131/2131 2132/2132
f 2133/2133 2134/2134 2135/2135
f 2118/2118 2136/2136 2119/2119
f 2137/2137 2138/2138 2139/2139
f 2140/2140 2141/2141 2142/2142
f 2143/2143 2144/2144 2145/2145
f 2146/2146 2147/2147 2148/2148
f 2149/2149 2150/2150 2151/2151
f 2152/2152 2153/2153 2154/2154
f 2155/2155 2156/2156 2157/2157
f 2158/2158 2159/2159 2160/2160
f 2161/2161 2162/2162 2163/2163
f 2164/2164 2165/2165 2166/2166
f 2167/2167 2168/2168 2169/2169
f 2170/2170 2171/2171 2172/2172
f 2173/2173 2174/2174 2175/2175
f 2176/2176 2177/2177 2178/2178
f 2179/2179 2180/2180 2181/2181
f 2182/2182 2183/2183 2184/2184
f 2185/2185 2186/2186 2187/2187
f 2188/2188 2189/2189 2190/2190
f 2191/2191 2192/2192 2193/2193
f 2194/2194 2195/2195 2196/2196
f 2197/2197 2191/2191 2193/2193
f 2198/2198 2199/2199 2200/2200
f 2201/2201 2202/2202 2203/2203
f 2204/2204 2205/2205 2206/2206
f 2207/2207 2208/2208 2209/2209
f 2210/2210 2211/2211 2212/2212
f 2213/2213 2214/2214 2215/2215
f 2216/2216 2217/2217 2218/2218
f 2219/2219 2220/2220 2221/2221
f 2222/2222 2223/2223 2224/2224
f 2225/2225 2222/2222 2224/2224
f 2225/2225 2226/2226 2227/2227
f 2228/2228 2229/2229 2230/2230
f 2231/2231 2232/2232 2233/2233
f 2112/2112 2114/2114 2234/2234
f 2235/2235 2236/2236 2237/2237
f 2238/2238 2239/2239 2240/2240
f 2241/2241 2242/2242 2243/2243
f 2244/2244 2245/2245 2246/2246
f 2247/2247 2248/2248 2249/2249
f 2250/2250 2251/2251 2252/2252
f 2253/2253 2254/2254 2255/2255
f 2256/2256 2257/2257 2258/2258
f 2259/2259 2260/2260 2261/2261
f 2262/2262 2263/2263 2264/2264
f 2265/2265 2266/2266 2267/2267
f 2268/2268 2269/2269 2270/2270
f 2271/2271 2272/2272 2273/2273
f 2274/2274 2275/2275 2276/2276
f 828/828 2277/2277 2278/2278
f 2112/2112 2279/2279 2280/2280
f 2281/2281 2282/2282 2283/2283
f 2284/2284 2285/2285 2286/2286
f 2287/2287 2288/2288 2289/2289
f 2234/2234 2279/2279 2112/2112
f 2290/2290 2248/2248 2247/2247
f 2247/2247 2291/2291 2290/2290
f 2292/2292 2293/2293 2294/2294
f 2295/2295 2296/2296 2297/2297
f 2298/2298 2299/2299 2300/2300
f 2301/2301 2302/2302 2303/2303
f 2304/2304 2305/2305 2306/2306
f 2307/2307 2308/2308 2309/2309
f 2310/2310 2311/2311 2312/2312
f 2313/2313 2314/2314 2315/2315
f 2316/2316 2317/2317 2318/2318
f 2301/2301 2319/2319 2302/2302
f 2320/2320 2321/2321 2322/2322
f 2323/2323 2324/2324 2325/2325
f 2326/2326 2327/2327 2328/2328
f 2329/2329 2330/2330 2331/2331
f 2332/2332 2333/2333 2334/2334
f 2335/2335 2336/2336 2337/2337
f 2338/2338 2339/2339 2340/2340
f 2341/2341 2342/2342 2343/2343
f 2344/2344 2345/2345 2346/2346
f 2347/2347 2348/2348 2349/2349
f 2350/2350 2351/2351 2352/2352
f 2353/2353 2354/2354 2355/2355
f 2356/2356 2357/2357 2358/2358
f 2359/2359 2360/2360 2361/2361
f 2362/2362 2363/2363 2364/2364
f 2365/2365 2366/2366 2367/2367
f 2368/2368 2369/2369 2370/2370
f 2371/2371 2372/2372 2373/2373
f 2374/2374 2375/2375 2376/2376
f 2377/2377 2378/2378 2379/2379
f 2380/2380 2374/2374 2376/2376
f 2381/2381 2382/2382 2383/2383
f 2384/2384 2385/2385 2386/2386
f 2387/2387 2388/2388 2389/2389
f 2390/2390 2391/2391 2392/2392
f 2393/2393 2394/2394 2395/2395
f 2396/2396 2397/2397 2398/2398
f 2399/2399 2400/2400 2401/2401
f 2402/2402 2403/2403 2404/2404
f 2405/2405 2406/2406 2407/2407
f 2408/2408 2409/2409 2410/2410
f 2411/2411 2412/2412 2413/2413
f 2414/2414 2415/2415 2416/2416
f 2417/2417 2418/2418 2419/2419
f 2420/2420 2421/2421 2422/2422
f 2423/2423 2424/2424 2425/2425
f 211/211 2426/2426 2427/2427
f 2428/2428 2429/2429 2430/2430
f 89/89 2431/2431 2432/2432
f 69/69 2433/2433 2434/2434
f 27/27 26/26 2435/2435
f 629/629 2436/2436 109/109
f 223/223 2437/2437 2438/2438
f 2439/2439 2440/2440 2441/2441
f 105/105 104/104 2442/2442
f 83/83 2443/2443 84/84
f 62/62 2444/2444 2445/2445
f 42/42 41/41 2446/2446
f 21/21 2447/2447 2448/2448
f 623/623 622/622 2449/2449
f 78/78 77/77 2450/2450
f 757/757 2451/2451 2452/2452
f 36/36 2453/2453 2454/2454
f 2455/2455 13/13 2427/2427
f 57/57 56/56 2456/2456
f 13/13 211/211 2427/2427
f 752/752 2457/2457 2458/2458
f 730/730 2459/2459 731/731
f 9/9 8/8 2460/2460
f 51/51 2461/2461 2462/2462
f 609/609 629/629 109/109
f 2463/2463 609/609 109/109
f 2464/2464 2465/2465 2466/2466
f 2467/2467 2441/2441 2468/2468
f 688/688 2469/2469 2470/2470
f 107/107 2471/2471 2472/2472
f 767/767 766/766 2473/2473
f 745/745 2474/2474 2475/2475
f 725/725 2476/2476 2477/2477
f 704/704 2478/2478 2479/2479
f 45/45 44/44 2480/2480
f 662/662 2481/2481 2482/2482
f 3/3 2483/2483 2484/2484
f 682/682 2485/2485 683/683
f 2486/2486 2487/2487 2488/2488
f 2489/2489 218/218 2490/2490
f 2491/2491 2492/2492 2440/2440
f 102/102 101/101 2493/2493
f 761/761 2494/2494 2495/2495
f 740/740 2496/2496 2497/2497
f 719/719 718/718 2498/2498
f 698/698 697/697 2499/2499
f 676/676 2500/2500 677/677
f 620/620 619/619 2501/2501
f 60/60 59/59 2502/2502
f 2503/2503 2504/2504 2505/2505
f 2506/2506 2488/2488 2507/2507
f 96/96 2508/2508 2509/2509
f 75/75 74/74 2510/2510
f 713/713 2511/2511 2512/2512
f 692/692 2513/2513 2514/2514
f 12/12 11/11 2515/2515
f 2516/2516 612/612 2517/2517
f 2518/2518 2519/2519 2520/2520
f 2429/2429 2521/2521 2430/2430
f 2522/2522 2415/2415 2414/2414
f 2523/2523 2524/2524 2525/2525
f 2526/2526 2527/2527 2528/2528
f 2507/2507 2529/2529 2506/2506
f 2530/2530 2531/2531 2532/2532
f 2533/2533 2534/2534 2535/2535
f 2536/2536 2537/2537 2538/2538
f 2539/2539 2540/2540 2283/2283
f 2541/2541 2542/2542 2543/2543
f 2426/2426 2544/2544 2427/2427
f 2545/2545 2546/2546 2547/2547
f 2548/2548 2549/2549 2467/2467
f 2550/2550 2551/2551 2552/2552
f 2553/2553 2424/2424 2423/2423
f 2554/2554 2555/2555 2556/2556
f 2557/2557 2428/2428 2558/2558
f 2559/2559 2560/2560 2561/2561
f 2562/2562 2538/2538 2537/2537
f 2563/2563 2564/2564 2565/2565
f 2566/2566 2553/2553 2423/2423
f 590/590 2567/2567 591/591
f 2568/2568 2569/2569 2570/2570
f 2571/2571 2572/2572 2573/2573
f 2574/2574 2535/2535 2575/2575
f 2576/2576 2577/2577 2578/2578
f 2579/2579 2580/2580 2519/2519
f 2567/2567 2581/2581 591/591
f 2582/2582 1145/1145 2583/2583
f 2584/2584 2522/2522 2414/2414
f 2585/2585 213/213 2586/2586
f 2587/2587 2588/2588 1145/1145
f 2560/2560 2589/2589 2561/2561
f 2540/2540 2281/2281 2283/2283
f 2590/2590 2591/2591 2427/2427
f 2592/2592 2593/2593 247/247
f 2544/2544 2594/2594 2427/2427
f 2468/2468 2595/2595 2467/2467
f 2596/2596 825/825 827/827
f 2597/2597 2598/2598 2530/2530
f 2599/2599 2543/2543 2600/2600
f 2601/2601 2602/2602 2603/2603
f 2594/2594 2590/2590 2427/2427
f 2604/2604 2605/2605 2464/2464
f 2606/2606 2548/2548 2607/2607
f 2608/2608 2609/2609 2542/2542
f 2610/2610 2525/2525 2611/2611
f 2559/2559 2612/2612 2582/2582
f 2613/2613 2614/2614 2580/2580
f 2615/2615 643/643 2616/2616
f 2617/2617 589/589 2521/2521
f 2618/2618 2619/2619 2620/2620
f 2621/2621 2622/2622 2569/2569
f 2588/2588 2583/2583 1145/1145
f 2623/2623 2624/2624 2625/2625
f 2626/2626 2627/2627 2628/2628
f 1147/1147 2629/2629 1148/1148
f 2630/2630 2631/2631 2632/2632
f 2633/2633 2634/2634 2504/2504
f 2635/2635 2486/2486 2506/2506
f 2636/2636 2637/2637 2638/2638
f 2639/2639 2640/2640 2641/2641
f 2642/2642 2643/2643 2644/2644
f 2645/2645 2646/2646 2647/2647
f 2648/2648 200/200 202/202
f 2649/2649 2650/2650 2651/2651
f 2652/2652 2653/2653 2654/2654
f 2506/2506 2529/2529 2655/2655
f 2656/2656 2657/2657 2658/2658
f 2659/2659 2660/2660 2646/2646
f 2661/2661 2641/2641 2640/2640
f 2662/2662 829/829 2278/2278
f 2663/2663 2654/2654 2664/2664
f 2665/2665 2604/2604 2464/2464
f 2666/2666 2491/2491 2439/2439
f 2667/2667 2219/2219 2221/2221
f 2668/2668 2669/2669 2670/2670
f 2671/2671 2672/2672 2626/2626
f 2673/2673 251/251 2674/2674
f 2675/2675 2644/2644 2643/2643
f 2676/2676 2677/2677 2221/2221
f 2678/2678 2665/2665 2679/2679
f 2680/2680 2632/2632 2681/2681
f 2682/2682 2683/2683 2684/2684
f 2685/2685 2686/2686 2687/2687
f 2688/2688 2532/2532 2531/2531
f 2689/2689 2690/2690 2691/2691
f 2629/2629 2692/2692 1148/1148
f 2693/2693 2694/2694 2656/2656
f 2695/2695 2696/2696 2650/2650
f 2697/2697 2698/2698 2699/2699
f 2700/2700 2701/2701 2702/2702
f 2703/2703 2704/2704 2705/2705
f 2706/2706 2707/2707 2708/2708
f 2709/2709 2710/2710 2711/2711
f 2712/2712 2713/2713 208/208
f 2714/2714 2715/2715 639/639
f 2636/2636 2716/2716 2717/2717
f 2690/2690 2718/2718 2691/2691
f 2436/2436 585/585 109/109
f 2549/2549 2439/2439 2467/2467
f 2466/2466 2719/2719 2464/2464
f 2658/2658 2720/2720 2682/2682
f 2721/2721 2722/2722 2723/2723
f 2724/2724 2725/2725 2688/2688
f 2726/2726 2605/2605 2486/2486
f 2727/2727 2504/2504 2491/2491
f 2728/2728 2717/2717 2716/2716
f 2677/2677 2667/2667 2221/2221
f 2729/2729 2668/2668 2670/2670
f 207/207 2712/2712 208/208
f 7/7 2730/2730 8/8
f 10/10 2731/2731 11/11
f 13/13 2455/2455 14/14
f 25/25 2732/2732 26/26
f 40/40 2733/2733 41/41
f 43/43 2734/2734 44/44
f 55/55 2735/2735 56/56
f 58/58 2736/2736 59/59
f 61/61 2444/2444 62/62
f 73/73 2737/2737 74/74
f 76/76 2738/2738 77/77
f 88/88 2431/2431 89/89
f 100/100 2739/2739 101/101
f 103/103 2740/2740 104/104
f 106/106 2471/2471 107/107
f 125/125 2741/2741 126/126
f 197/197 2700/2700 198/198
f 200/200 2742/2742 201/201
f 203/203 199/199 198/198
f 205/205 203/203 204/204
f 205/205 206/206 207/207
f 209/209 246/246 210/210
f 15/15 209/209 211/211
f 212/212 2586/2586 213/213
f 218/218 2489/2489 219/219
f 245/245 2743/2743 246/246
f 247/247 2593/2593 248/248
f 250/250 2674/2674 251/251
f 277/277 598/598 278/278
f 317/317 484/484 318/318
f 392/392 390/390 389/389
f 399/399 2744/2744 403/403
f 404/404 2745/2745 405/405
f 413/413 404/404 406/406
f 589/589 2746/2746 590/590
f 609/609 2463/2463 610/610
f 612/612 2516/2516 613/613
f 618/618 2747/2747 619/619
f 621/621 2748/2748 622/622
f 627/627 638/638 628/628
f 611/611 627/627 629/629
f 637/637 2749/2749 638/638
f 639/639 2715/2715 640/640
f 642/642 2616/2616 643/643
f 687/687 2469/2469 688/688
f 696/696 2750/2750 697/697
f 717/717 2751/2751 718/718
f 744/744 2474/2474 745/745
f 756/756 2451/2451 757/757
f 765/765 2752/2752 766/766
f 825/825 2753/2753 826/826
f 828/828 2278/2278 829/829
f 1135/1135 1126/1126 1128/1128
f 1140/1140 1132/1132 1134/1134
f 1142/1142 2754/2754 1143/1143
f 1144/1144 2587/2587 1145/1145
f 1146/1146 1283/1283 1147/1147
f 413/413 1282/1282 1283/1283
f 2755/2755 2106/2106 2108/2108
f 2222/2222 2756/2756 2223/2223
f 2225/2225 2227/2227 2222/2222
f 2228/2228 2757/2757 2229/2229
f 2234/2234 2758/2758 2279/2279
f 2290/2290 2759/2759 2248/2248
f 211/211 210/210 2426/2426
f 2428/2428 2760/2760 2429/2429
f 69/69 68/68 2433/2433
f 629/629 628/628 2436/2436
f 223/223 222/222 2437/2437
f 2439/2439 2491/2491 2440/2440
f 83/83 2761/2761 2443/2443
f 21/21 20/20 2447/2447
f 36/36 35/35 2453/2453
f 752/752 751/751 2457/2457
f 730/730 2762/2762 2459/2459
f 51/51 50/50 2461/2461
f 2464/2464 2605/2605 2465/2465
f 2467/2467 2439/2439 2441/2441
f 725/725 724/724 2476/2476
f 704/704 703/703 2478/2478
f 662/662 661/661 2481/2481
f 3/3 2/2 2483/2483
f 682/682 2763/2763 2485/2485
f 2486/2486 2605/2605 2487/2487
f 2491/2491 2504/2504 2492/2492
f 761/761 760/760 2494/2494
f 740/740 739/739 2496/2496
f 676/676 2764/2764 2500/2500
f 2492/2492 2504/2504 2503/2503
f 2504/2504 2634/2634 2505/2505
f 2506/2506 2486/2486 2488/2488
f 96/96 95/95 2508/2508
f 713/713 712/712 2511/2511
f 692/692 691/691 2513/2513
f 2518/2518 2579/2579 2519/2519
f 2429/2429 2617/2617 2521/2521
f 2522/2522 2765/2765 2415/2415
f 2523/2523 2766/2766 2524/2524
f 2526/2526 2686/2686 2527/2527
f 2530/2530 2598/2598 2531/2531
f 2533/2533 2767/2767 2534/2534
f 2541/2541 2608/2608 2542/2542
f 2545/2545 2768/2768 2546/2546
f 2467/2467 2595/2595 2607/2607
f 2607/2607 2548/2548 2467/2467
f 2550/2550 2704/2704 2551/2551
f 2553/2553 2769/2769 2424/2424
f 2554/2554 2707/2707 2555/2555
f 2557/2557 2760/2760 2428/2428
f 2562/2562 2770/2770 2538/2538
f 2563/2563 2771/2771 2564/2564
f 2568/2568 2621/2621 2569/2569
f 2571/2571 2722/2722 2572/2572
f 2574/2574 2533/2533 2535/2535
f 2579/2579 2613/2613 2580/2580
f 2582/2582 2612/2612 1145/1145
f 2540/2540 2772/2772 2281/2281
f 2597/2597 2773/2773 2598/2598
f 2599/2599 2541/2541 2543/2543
f 2601/2601 2774/2774 2602/2602
f 2604/2604 2487/2487 2605/2605
f 2606/2606 2775/2775 2548/2548
f 2608/2608 2776/2776 2609/2609
f 2610/2610 2523/2523 2525/2525
f 2559/2559 2561/2561 2612/2612
f 2613/2613 2777/2777 2614/2614
f 2617/2617 2746/2746 589/589
f 2618/2618 2778/2778 2619/2619
f 2621/2621 2779/2779 2622/2622
f 2623/2623 2780/2780 2624/2624
f 2781/2781 2782/2782 2783/2783
f 2630/2630 2784/2784 2631/2631
f 2635/2635 2726/2726 2486/2486
f 2636/2636 2785/2785 2637/2637
f 2639/2639 2786/2786 2640/2640
f 2645/2645 2659/2659 2646/2646
f 2649/2649 2695/2695 2650/2650
f 2652/2652 2787/2787 2653/2653
f 2655/2655 2788/2788 2506/2506
f 2788/2788 2635/2635 2506/2506
f 2656/2656 2694/2694 2657/2657
f 2659/2659 2789/2789 2660/2660
f 2663/2663 2652/2652 2654/2654
f 2464/2464 2719/2719 2679/2679
f 2679/2679 2665/2665 2464/2464
f 2666/2666 2727/2727 2491/2491
f 2667/2667 2790/2790 2219/2219
f 2791/2791 2792/2792 2793/2793
f 2671/2671 2794/2794 2672/2672
f 2675/2675 2795/2795 2644/2644
f 2678/2678 2796/2796 2665/2665
f 2680/2680 2630/2630 2632/2632
f 2682/2682 2720/2720 2683/2683
f 2685/2685 2527/2527 2686/2686
f 2688/2688 2725/2725 2532/2532
f 2693/2693 2797/2797 2694/2694
f 2695/2695 2798/2798 2696/2696
f 2700/2700 197/197 2701/2701
f 2703/2703 2551/2551 2704/2704
f 2706/2706 2555/2555 2707/2707
f 2709/2709 2799/2799 2710/2710
f 2636/2636 2638/2638 2716/2716
f 2690/2690 2800/2800 2718/2718
f 2549/2549 2666/2666 2439/2439
f 2658/2658 2657/2657 2720/2720
f 2721/2721 2572/2572 2722/2722
f 2724/2724 2801/2801 2725/2725
f 2726/2726 2465/2465 2605/2605
f 2727/2727 2633/2633 2504/2504
