mtllib material.mtl
usemtl mtl_paddle_latch_housing
v 0.06538470 -0.00146396 0.05550139
v 0.06554314 -0.00183214 0.05542700
v 0.06388320 -0.00115570 0.05542700
v 0.06388320 -0.00195326 0.05542700
v 0.06388320 -0.00097609 0.05550139
v 0.06222326 -0.00183214 0.05542700
v 0.06276785 -0.00241525 0.05542700
v 0.06554314 -0.00522906 0.05542700
v 0.06607658 -0.00261997 0.05542700
v 0.06631268 -0.00274121 0.05550139
v 0.06546054 -0.00353060 0.05542700
v 0.06499854 -0.00241525 0.05542700
v 0.06606477 -0.00446915 0.05542700
v 0.06625799 -0.00355333 0.05542700
v 0.06631268 -0.00431999 0.05550139
v 0.06538470 -0.00559724 0.05550139
v 0.06388320 -0.00608511 0.05550139
v 0.06388320 -0.00590550 0.05542700
v 0.06499854 -0.00464595 0.05542700
v 0.06238170 -0.00559724 0.05550139
v 0.06388320 -0.00510794 0.05542700
v 0.06222326 -0.00522906 0.05542700
v 0.06388320 -0.00615950 0.05568100
v 0.06202429 -0.00538951 0.05568100
v 0.06574211 -0.00538951 0.05568100
v 0.06651210 -0.00353060 0.05568100
v 0.06574211 -0.00167169 0.05568100
v 0.06388320 -0.00090170 0.05568100
v 0.06238170 -0.00146396 0.05550139
v 0.06388320 -0.00615950 0.05606200
v 0.06202429 -0.00538951 0.05606200
v 0.06574211 -0.00538951 0.05606200
v 0.06651210 -0.00353060 0.05606200
v 0.06574211 -0.00167169 0.05606200
v 0.06202429 -0.00167169 0.05568100
v 0.06388320 -0.00090170 0.05606200
v 0.06168982 -0.00444123 0.05542700
v 0.06170162 -0.00259205 0.05542700
v 0.06230586 -0.00353060 0.05542700
v 0.06150841 -0.00350787 0.05542700
v 0.06145372 -0.00274121 0.05550139
v 0.06145372 -0.00431999 0.05550139
v 0.06276786 -0.00464595 0.05542700
v 0.06388320 -0.00510794 0.00647700
v 0.06499854 -0.00464595 0.00647700
v 0.06276785 -0.00464595 0.00647700
v 0.06230586 -0.00353060 0.00647700
v 0.06276786 -0.00241525 0.00647700
v 0.06388320 -0.00195326 0.00647700
v 0.06499854 -0.00241525 0.00647700
v 0.06546054 -0.00353060 0.00647700
v 0.06125430 -0.00353060 0.05568100
v 0.06202429 -0.00167169 0.05606200
v 0.06125430 -0.00353060 0.05606200
v 0.06388320 -0.00097609 0.05624161
v 0.06538470 -0.00146396 0.05624161
v 0.06145372 -0.00274121 0.05624161
v 0.06238170 -0.00146396 0.05624161
v 0.06145372 -0.00431999 0.05624161
v 0.06238170 -0.00559724 0.05624161
v 0.06388320 -0.00608511 0.05624161
v 0.06631268 -0.00274121 0.05624161
v 0.06631268 -0.00431999 0.05624161
v 0.06538470 -0.00559724 0.05624161
v 0.06388320 -0.00115570 0.05631600
v 0.06388320 -0.00590550 0.05631600
v 0.06554314 -0.00522906 0.05631600
v 0.06222326 -0.00183214 0.05631600
v 0.06222326 -0.00522906 0.05631600
v 0.06554314 -0.00183214 0.05631600
v 0.06607658 -0.00444123 0.05631600
v 0.06606477 -0.00259205 0.05631600
v 0.06625799 -0.00350787 0.05631600
v 0.06168982 -0.00261997 0.05631600
v 0.06170162 -0.00446915 0.05631600
v 0.06150841 -0.00355333 0.05631600
v 0.05733404 -0.00909320 0.02762805
v 0.05733404 -0.01031240 0.02762805
v 0.05822436 -0.01031240 0.03095200
v 0.06776940 -0.01031240 0.02371300
v 0.05822436 -0.00909320 0.03095200
v 0.05733404 -0.01031240 0.03427595
v 0.05627723 -0.00909320 0.02625035
v 0.05627601 -0.01031240 0.02624913
v 0.05489831 -0.00909320 0.02519233
v 0.05489831 -0.01031240 0.02519233
v 0.05157436 -0.00909320 0.02430200
v 0.05157436 -0.01031240 0.02430200
v 0.03962620 -0.00909320 0.02430200
v 0.03962620 -0.01031240 0.02430200
v 0.08603200 -0.01031240 0.02267120
v 0.06776940 -0.00909320 0.02430200
v 0.03962620 -0.00909320 0.02297600
v 0.06776940 -0.00909320 0.03760200
v 0.05733404 -0.00909320 0.03427595
v 0.05489831 -0.00909320 0.03671167
v 0.05489831 -0.01031240 0.03671167
v 0.05157436 -0.01031240 0.03760200
v 0.06776940 -0.01031240 0.03819100
v 0.05157436 -0.00909320 0.03760200
v 0.03962620 -0.01031240 0.03760200
v 0.03962620 -0.01031240 0.03923280
v 0.05627601 -0.00909320 0.03565487
v 0.05627723 -0.01031240 0.03565365
v 0.08603200 -0.00909320 0.03892800
v 0.03962620 -0.00909320 0.03760200
v 0.03962620 -0.00953957 0.04000563
v 0.03962620 -0.00909320 0.03892800
v 0.08603200 -0.01031240 0.03892800
v 0.08603200 -0.01031240 0.03923280
v 0.03962620 -0.01379220 0.03923280
v 0.06898860 -0.01031240 0.03819100
v 0.03962620 -0.01061720 0.04045200
v 0.08603200 -0.00953957 0.04000563
v 0.08603200 -0.01130001 0.04045200
v 0.08603200 -0.01130001 0.03923280
v 0.08353981 -0.01379220 0.03923280
v 0.08603200 -0.01061720 0.04045200
v 0.08725120 -0.01031240 0.02297600
v 0.08725120 -0.01031240 0.03892800
v 0.08845455 -0.00959165 0.03892800
v 0.08603200 -0.01031240 0.02297600
v 0.07960580 -0.01031240 0.03760200
v 0.08725120 -0.00909320 0.03892800
v 0.08759245 -0.01045375 0.02297600
v 0.08759245 -0.01045375 0.03892800
v 0.08603200 -0.00909320 0.02297600
v 0.08845455 -0.00959165 0.02297600
v 0.08895300 -0.01079500 0.02297600
v 0.08603200 -0.00953957 0.02189837
v 0.03962620 -0.01031240 0.02267120
v 0.08603200 -0.01130001 0.02267120
v 0.06898860 -0.01031240 0.02430200
v 0.06898860 -0.01031240 0.02371300
v 0.07960580 -0.01031240 0.02430200
v 0.08603200 -0.01061720 0.02145200
v 0.03962620 -0.00953957 0.02189837
v 0.03962620 -0.01379220 0.02145200
v 0.03962620 -0.01379220 0.02267120
v 0.08353981 -0.01379220 0.02267120
v 0.03962620 -0.01061720 0.02145200
v 0.06898860 -0.01348740 0.02371300
v 0.06863151 -0.00945030 0.02430200
v 0.06898860 -0.01031240 0.03760200
v 0.07960580 -0.00909320 0.02430200
v 0.07960580 -0.00909320 0.03760200
v 0.06863151 -0.00945030 0.03760200
v 0.06776940 -0.01348740 0.03819100
v 0.06898860 -0.01348740 0.03819100
v 0.06776940 -0.01348740 0.02371300
v 0.08725120 -0.00909320 0.02297600
v 0.08353981 -0.01379220 0.02145200
v 0.08603200 -0.01130001 0.02145200
v 0.08773380 -0.01079500 0.02297600
v 0.08882346 -0.01144625 0.02297600
v 0.08769707 -0.01097968 0.02297600
v 0.08773380 -0.01079500 0.03892800
v 0.08759245 -0.01113625 0.02297600
v 0.08769707 -0.01097968 0.03892800
v 0.08845455 -0.01199835 0.02297600
v 0.08673035 -0.01199835 0.02297600
v 0.07929829 -0.01943041 0.02373800
v 0.07929829 -0.01943041 0.03816600
v 0.08673035 -0.01199835 0.03892800
v 0.08759245 -0.01113625 0.03892800
v 0.08759245 -0.01286046 0.02297600
v 0.08759245 -0.01286046 0.02145200
v 0.08673035 -0.01199835 0.02145200
v 0.07977173 -0.01895697 0.02212155
v 0.08845455 -0.01199835 0.03892800
v 0.08016039 -0.02029252 0.02373800
v 0.08063383 -0.01981907 0.02212155
v 0.08177684 -0.01867607 0.02145200
v 0.08882346 -0.01144625 0.03892800
v 0.08895300 -0.01079500 0.03892800
v 0.08016039 -0.02029252 0.03816600
v 0.08759245 -0.01286046 0.03892800
v 0.08063383 -0.01981907 0.03978245
v 0.08759245 -0.01286046 0.04045200
v 0.08177684 -0.01867607 0.04045200
v 0.07977173 -0.01895697 0.03978245
v 0.08673035 -0.01199835 0.04045200
v 0.08091473 -0.01781397 0.04045200
v 0.08091473 -0.01781397 0.02145200
v 0.08353981 -0.01379220 0.04045200
v 0.03962620 -0.01379220 0.04045200
v 0.03830491 -0.03463231 0.02891356
v 0.03944571 -0.03478080 0.02960850
v 0.03810220 -0.03478080 0.02905200
v 0.03675870 -0.03478080 0.02960850
v 0.03667678 -0.03456476 0.02938810
v 0.04008259 -0.03470042 0.03095200
v 0.04000220 -0.03478080 0.03095200
v 0.03998584 -0.03470042 0.03034059
v 0.03970543 -0.03470042 0.02978943
v 0.04007641 -0.03470042 0.03110826
v 0.03620220 -0.03478080 0.03095200
v 0.03944570 -0.03478080 0.03229550
v 0.04005792 -0.03470042 0.03126359
v 0.03989427 -0.03462467 0.03010914
v 0.03877224 -0.03462459 0.02908841
v 0.03910986 -0.03454918 0.02924714
v 0.03760802 -0.03454910 0.02903426
v 0.03591919 -0.03449779 0.03095200
v 0.03661451 -0.03447292 0.02964482
v 0.03675869 -0.03478080 0.03229550
v 0.03618329 -0.03445462 0.03208057
v 0.03634056 -0.03432013 0.03185673
v 0.03613675 -0.03439597 0.03070924
v 0.03810220 -0.03478080 0.03285200
v 0.03699108 -0.03441254 0.03292947
v 0.03930236 -0.03432753 0.03297622
v 0.03715551 -0.03424459 0.03269145
v 0.04012899 -0.03465401 0.03095200
v 0.04053880 -0.03424420 0.03095200
v 0.03937310 -0.03409168 0.03247080
v 0.04010007 -0.03467676 0.03110915
v 0.03829799 -0.03416862 0.03292268
v 0.04007556 -0.03453097 0.03009901
v 0.03998130 -0.03394013 0.03032678
v 0.04038038 -0.03421229 0.03000150
v 0.04000758 -0.03401560 0.03149186
v 0.03936404 -0.01654856 0.02879381
v 0.03984617 -0.01633509 0.02993624
v 0.04010010 -0.01639091 0.03095200
v 0.04015550 -0.01623870 0.03095200
v 0.04060220 -0.01668080 0.03095200
v 0.04004036 -0.01641445 0.03140028
v 0.03974500 -0.01633909 0.03212184
v 0.03911118 -0.01628044 0.02918117
v 0.03990077 -0.01615280 0.02989817
v 0.03811283 -0.01648131 0.02845202
v 0.03809039 -0.01622507 0.02889377
v 0.03914314 -0.01606889 0.02911077
v 0.03683974 -0.01641300 0.02879418
v 0.03705219 -0.01616959 0.02915828
v 0.03560220 -0.01628080 0.03095200
v 0.03598399 -0.01606037 0.03095200
v 0.03699851 -0.01589942 0.02907576
v 0.03684036 -0.01614856 0.03311019
v 0.03625450 -0.01600453 0.03202871
v 0.03586458 -0.01573229 0.03095200
v 0.03703426 -0.01594987 0.03282771
v 0.03614393 -0.01564646 0.03209780
v 0.03809157 -0.01608131 0.03345198
v 0.03921199 -0.01583910 0.03285011
v 0.03696930 -0.01556261 0.03295292
v 0.04060220 -0.01588080 0.03095200
v 0.04034071 -0.01572983 0.03095200
v 0.03929918 -0.01539289 0.03298726
v 0.03936466 -0.01601300 0.03310982
v 0.03936404 -0.01574856 0.02879381
v 0.04005430 -0.01567403 0.02981553
v 0.04052414 -0.01522587 0.03095200
v 0.03923105 -0.01561940 0.02897256
v 0.04003889 -0.01511807 0.02943325
v 0.03811283 -0.01568131 0.02845202
v 0.03693259 -0.01550861 0.02894953
v 0.03870536 -0.01501140 0.02852585
v 0.03560220 -0.01548080 0.03095200
v 0.03574338 -0.01539929 0.03095200
v 0.03633443 -0.01501140 0.02918423
v 0.03683974 -0.01561300 0.02879418
v 0.03840603 -0.01501140 0.02847053
v 0.03810220 -0.01501140 0.02845200
v 0.03684036 -0.01534856 0.03311019
v 0.03604572 -0.01534353 0.03214828
v 0.03560220 -0.01501140 0.03095200
v 0.03691327 -0.01528889 0.03303567
v 0.03633443 -0.01501140 0.03271976
v 0.03809157 -0.01528131 0.03345198
v 0.03811468 -0.01523350 0.03337113
v 0.03810220 -0.01501140 0.03345200
v 0.03936466 -0.01521300 0.03310982
v 0.03933302 -0.01517804 0.03305806
v 0.04060220 -0.01508080 0.03095200
v 0.04058133 -0.01506875 0.03095200
v 0.03986997 -0.01501140 0.03271977
v 0.04051106 -0.01504668 0.03028311
v 0.04050050 -0.01504050 0.03028468
v 0.04060220 -0.01501140 0.03095200
v 0.04024424 -0.01501140 0.02966295
v 0.04051105 -0.01501140 0.03028309
v 0.04007215 -0.01509588 0.02941275
v 0.04060220 -0.01379220 0.03095200
v 0.04060220 -0.01518080 0.03095200
v 0.03936404 -0.01531304 0.03311019
v 0.03811283 -0.01538029 0.03345198
v 0.03683974 -0.01544860 0.03310982
v 0.03560220 -0.01558080 0.03095200
v 0.03684036 -0.01571304 0.02879381
v 0.03809157 -0.01578029 0.02845202
v 0.03936466 -0.01584860 0.02879418
v 0.04060220 -0.01598080 0.03095200
v 0.03936404 -0.01611304 0.03311019
v 0.03811283 -0.01618029 0.03345198
v 0.03683974 -0.01624860 0.03310982
v 0.03560220 -0.01638080 0.03095200
v 0.03684036 -0.01651304 0.02879381
v 0.03809157 -0.01658029 0.02845202
v 0.03936466 -0.01664860 0.02879418
v 0.03988046 -0.01643903 0.03182362
v 0.03936466 -0.01681300 0.03310982
v 0.04060220 -0.01678080 0.03095200
v 0.03908213 -0.01651452 0.03267295
v 0.03809157 -0.01688131 0.03345198
v 0.03936404 -0.01691304 0.03311019
v 0.03794486 -0.01659055 0.03292612
v 0.03684036 -0.01694856 0.03311019
v 0.03811283 -0.01698029 0.03345198
v 0.03620782 -0.01674344 0.03152928
v 0.03560220 -0.01708080 0.03095200
v 0.03683974 -0.01704860 0.03310982
v 0.03686032 -0.01666755 0.03249462
v 0.03687051 -0.01689488 0.02940124
v 0.03683974 -0.01721300 0.02879418
v 0.03560220 -0.01718080 0.03095200
v 0.03621120 -0.01681891 0.03036376
v 0.03795597 -0.01697175 0.02897702
v 0.03811283 -0.01728131 0.02845202
v 0.03684036 -0.01731304 0.02879381
v 0.03909247 -0.01704786 0.02923698
v 0.03936404 -0.01734856 0.02879381
v 0.03809157 -0.01738029 0.02845202
v 0.03988603 -0.01712341 0.03009185
v 0.04060220 -0.01748080 0.03095200
v 0.03936466 -0.01744860 0.02879418
v 0.03955652 -0.01727602 0.03229620
v 0.03936466 -0.01761300 0.03310982
v 0.04060220 -0.01758080 0.03095200
v 0.04006094 -0.01719914 0.03124396
v 0.03854799 -0.01735234 0.03288156
v 0.03809157 -0.01768131 0.03345198
v 0.03936404 -0.01771304 0.03311019
v 0.03738542 -0.01742788 0.03279812
v 0.03684036 -0.01774856 0.03311019
v 0.03811283 -0.01778029 0.03345198
v 0.03612184 -0.01758022 0.03096156
v 0.03560220 -0.01788080 0.03095200
v 0.03683974 -0.01784860 0.03310982
v 0.03647018 -0.01750363 0.03207380
v 0.03645949 -0.01765675 0.02984591
v 0.03683974 -0.01801300 0.02879418
v 0.03560220 -0.01798080 0.03095200
v 0.03736722 -0.01773243 0.02911305
v 0.03811283 -0.01808131 0.02845202
v 0.03684036 -0.01811304 0.02879381
v 0.03852889 -0.01780798 0.02901813
v 0.03936404 -0.01814856 0.02879381
v 0.03809157 -0.01818029 0.02845202
v 0.04005796 -0.01796120 0.03064067
v 0.04060220 -0.01828080 0.03095200
v 0.03936466 -0.01824860 0.02879418
v 0.03954316 -0.01788438 0.02959348
v 0.03910980 -0.01811243 0.03265690
v 0.03936466 -0.01841300 0.03310982
v 0.04060220 -0.01838080 0.03095200
v 0.03989451 -0.01803689 0.03179434
v 0.03797580 -0.01818861 0.03292835
v 0.03809157 -0.01848131 0.03345198
v 0.03936404 -0.01851304 0.03311019
v 0.03684036 -0.01854856 0.03311019
v 0.03811283 -0.01858029 0.03345198
v 0.03621732 -0.01834136 0.03155957
v 0.03560220 -0.01868080 0.03095200
v 0.03683974 -0.01864860 0.03310982
v 0.03688628 -0.01826545 0.03251516
v 0.03684465 -0.01849278 0.02942213
v 0.03683974 -0.01881300 0.02879418
v 0.03560220 -0.01878080 0.03095200
v 0.03620212 -0.01841685 0.03039378
v 0.03792467 -0.01856978 0.02897959
v 0.03811283 -0.01888131 0.02845202
v 0.03684036 -0.01891304 0.02879381
v 0.03906490 -0.01864578 0.02922135
v 0.03936404 -0.01894856 0.02879381
v 0.03809157 -0.01898029 0.02845202
v 0.03987154 -0.01872125 0.03006241
v 0.04060220 -0.01908080 0.03095200
v 0.03936466 -0.01904860 0.02879418
v 0.03957833 -0.01887400 0.03227221
v 0.03936466 -0.01921300 0.03310982
v 0.04060220 -0.01918080 0.03095200
v 0.04006529 -0.01879715 0.03121315
v 0.03857997 -0.01895020 0.03287389
v 0.03809157 -0.01928131 0.03345198
v 0.03936404 -0.01931304 0.03311019
v 0.03741524 -0.01902578 0.03280942
v 0.03684036 -0.01934856 0.03311019
v 0.03811283 -0.01938029 0.03345198
v 0.03612226 -0.01917825 0.03099370
v 0.03560220 -0.01948080 0.03095200
v 0.03683974 -0.01944860 0.03310982
v 0.03648951 -0.01910146 0.03210142
v 0.03644221 -0.01925472 0.02987202
v 0.03683974 -0.01961300 0.02879418
v 0.03560220 -0.01958080 0.03095200
v 0.03733716 -0.01933029 0.02912535
v 0.03811283 -0.01968131 0.02845202
v 0.03684036 -0.01971304 0.02879381
v 0.03849834 -0.01940596 0.02901164
v 0.03936404 -0.01974856 0.02879381
v 0.03809157 -0.01978029 0.02845202
v 0.04005247 -0.01955907 0.03060798
v 0.04060220 -0.01988080 0.03095200
v 0.03936466 -0.01984860 0.02879418
v 0.03952106 -0.01948241 0.02957042
v 0.03913736 -0.01971033 0.03264030
v 0.03936466 -0.02001300 0.03310982
v 0.04060220 -0.01998080 0.03095200
v 0.03990769 -0.01963481 0.03176572
v 0.03800841 -0.01978657 0.03293016
v 0.03809157 -0.02008131 0.03345198
v 0.03936404 -0.02011304 0.03311019
v 0.03684036 -0.02014856 0.03311019
v 0.03811283 -0.02018029 0.03345198
v 0.03622745 -0.01993924 0.03159013
v 0.03560220 -0.02028080 0.03095200
v 0.03683974 -0.02024860 0.03310982
v 0.03691071 -0.01986349 0.03253386
v 0.03682104 -0.02009084 0.02944185
v 0.03683974 -0.02041300 0.02879418
v 0.03560220 -0.02038080 0.03095200
v 0.03619326 -0.02001473 0.03042487
v 0.03789206 -0.02016771 0.02898280
v 0.03811283 -0.02048131 0.02845202
v 0.03684036 -0.02051304 0.02879381
v 0.03903669 -0.02024368 0.02920596
v 0.03936404 -0.02054856 0.02879381
v 0.03809157 -0.02058029 0.02845202
v 0.03985724 -0.02031919 0.03003453
v 0.04060220 -0.02068080 0.03095200
v 0.03936466 -0.02064860 0.02879418
v 0.03959939 -0.02047201 0.03224828
v 0.03936466 -0.02081300 0.03310982
v 0.04060220 -0.02078080 0.03095200
v 0.04006940 -0.02039504 0.03118011
v 0.03861050 -0.02054814 0.03286604
v 0.03809157 -0.02088131 0.03345198
v 0.03936404 -0.02091304 0.03311019
v 0.03744588 -0.02062363 0.03282047
v 0.03684036 -0.02094856 0.03311019
v 0.03811283 -0.02098029 0.03345198
v 0.03612320 -0.02077624 0.03102618
v 0.03560220 -0.02108080 0.03095200
v 0.03683974 -0.02104860 0.03310982
v 0.03650776 -0.02069946 0.03212661
v 0.03642425 -0.02085255 0.02990015
v 0.03683974 -0.02121300 0.02879418
v 0.03560220 -0.02118080 0.03095200
v 0.03730783 -0.02092818 0.02913792
v 0.03811283 -0.02128131 0.02845202
v 0.03684036 -0.02131304 0.02879381
v 0.03846575 -0.02100381 0.02900527
v 0.03936404 -0.02134856 0.02879381
v 0.03809157 -0.02138029 0.02845202
v 0.04004680 -0.02115705 0.03057721
v 0.04060220 -0.02148080 0.03095200
v 0.03936466 -0.02144860 0.02879418
v 0.03949862 -0.02108046 0.02954775
v 0.03916411 -0.02130828 0.03262360
v 0.03936466 -0.02161300 0.03310982
v 0.04060220 -0.02158080 0.03095200
v 0.03992086 -0.02123266 0.03173583
v 0.03803993 -0.02138462 0.03293141
v 0.03809157 -0.02168131 0.03345198
v 0.03936404 -0.02171304 0.03311019
v 0.03684036 -0.02174856 0.03311019
v 0.03811283 -0.02178029 0.03345198
v 0.03623787 -0.02153715 0.03161997
v 0.03560220 -0.02188080 0.03095200
v 0.03683974 -0.02184860 0.03310982
v 0.03693730 -0.02146137 0.03255354
v 0.03679603 -0.02168877 0.02946343
v 0.03683974 -0.02201300 0.02879418
v 0.03560220 -0.02198080 0.03095200
v 0.03618508 -0.02161266 0.03045545
v 0.03786118 -0.02176574 0.02898634
v 0.03811283 -0.02208131 0.02845202
v 0.03684036 -0.02211304 0.02879381
v 0.03900843 -0.02184158 0.02919113
v 0.03936404 -0.02214856 0.02879381
v 0.03809157 -0.02218029 0.02845202
v 0.03984188 -0.02191705 0.03000573
v 0.04060220 -0.02228080 0.03095200
v 0.03936466 -0.02224860 0.02879418
v 0.03962049 -0.02206997 0.03222350
v 0.03936466 -0.02241300 0.03310982
v 0.04060220 -0.02238080 0.03095200
v 0.04007274 -0.02199307 0.03114927
v 0.03864203 -0.02214600 0.03285739
v 0.03809157 -0.02248131 0.03345198
v 0.03936404 -0.02251304 0.03311019
v 0.03747588 -0.02222154 0.03283073
v 0.03684036 -0.02254856 0.03311019
v 0.03811283 -0.02258029 0.03345198
v 0.03612467 -0.02237425 0.03105822
v 0.03560220 -0.02268080 0.03095200
v 0.03683974 -0.02264860 0.03310982
v 0.03652774 -0.02229733 0.03215325
v 0.03640772 -0.02245050 0.02992699
v 0.03683974 -0.02281300 0.02879418
v 0.03560220 -0.02278080 0.03095200
v 0.03727772 -0.02252601 0.02915140
v 0.03811283 -0.02288131 0.02845202
v 0.03684036 -0.02291304 0.02879381
v 0.03843505 -0.02260180 0.02899979
v 0.03936404 -0.02294856 0.02879381
v 0.03809157 -0.02298029 0.02845202
v 0.04004027 -0.02275491 0.03054478
v 0.04060220 -0.02308080 0.03095200
v 0.03936466 -0.02304860 0.02879418
v 0.03947548 -0.02267848 0.02952511
v 0.03919178 -0.02290614 0.03260571
v 0.03936466 -0.02321300 0.03310982
v 0.04060220 -0.02318080 0.03095200
v 0.03993324 -0.02283056 0.03170646
v 0.03807216 -0.02298264 0.03293216
v 0.03809157 -0.02328131 0.03345198
v 0.03936404 -0.02331304 0.03311019
v 0.03684036 -0.02334856 0.03311019
v 0.03811283 -0.02338029 0.03345198
v 0.03624906 -0.02313502 0.03165043
v 0.03560220 -0.02348080 0.03095200
v 0.03683974 -0.02344860 0.03310982
v 0.03696261 -0.02305937 0.03257164
v 0.03677277 -0.02328683 0.02948417
v 0.03683974 -0.02361300 0.02879418
v 0.03560220 -0.02358080 0.03095200
v 0.03617728 -0.02321057 0.03048658
v 0.03782844 -0.02336363 0.02899063
v 0.03811283 -0.02368131 0.02845202
v 0.03684036 -0.02371304 0.02879381
v 0.03897984 -0.02343947 0.02917671
v 0.03936404 -0.02374856 0.02879381
v 0.03809157 -0.02378029 0.02845202
v 0.03982666 -0.02351499 0.02997826
v 0.04060220 -0.02388080 0.03095200
v 0.03936466 -0.02384860 0.02879418
v 0.03964063 -0.02366797 0.03219906
v 0.03936466 -0.02401300 0.03310982
v 0.04060220 -0.02398080 0.03095200
v 0.04007577 -0.02359098 0.03111620
v 0.03867251 -0.02374392 0.03284849
v 0.03809157 -0.02408131 0.03345198
v 0.03936404 -0.02411304 0.03311019
v 0.03750720 -0.02381938 0.03284089
v 0.03684036 -0.02414856 0.03311019
v 0.03811283 -0.02418029 0.03345198
v 0.03612667 -0.02397223 0.03109059
v 0.03560220 -0.02428080 0.03095200
v 0.03683974 -0.02424860 0.03310982
v 0.03654690 -0.02389534 0.03217795
v 0.03639095 -0.02404835 0.02995524
v 0.03683974 -0.02441300 0.02879418
v 0.03560220 -0.02438080 0.03095200
v 0.03724885 -0.02412391 0.02916490
v 0.03811283 -0.02448131 0.02845202
v 0.03684036 -0.02451304 0.02879381
v 0.03840172 -0.02419963 0.02899440
v 0.03936404 -0.02454856 0.02879381
v 0.03809157 -0.02458029 0.02845202
v 0.04003351 -0.02435286 0.03051387
v 0.04060220 -0.02468080 0.03095200
v 0.03936466 -0.02464860 0.02879418
v 0.03945209 -0.02427649 0.02950296
v 0.03921785 -0.02450411 0.03258823
v 0.03936466 -0.02481300 0.03310982
v 0.04060220 -0.02478080 0.03095200
v 0.03994547 -0.02442840 0.03167608
v 0.03810431 -0.02458067 0.03293238
v 0.03809157 -0.02488131 0.03345198
v 0.03936404 -0.02491304 0.03311019
v 0.03698990 -0.02465723 0.03259051
v 0.03684036 -0.02494856 0.03311019
v 0.03811283 -0.02498029 0.03345198
v 0.03626049 -0.02473292 0.03168002
v 0.03560220 -0.02508080 0.03095200
v 0.03683974 -0.02504860 0.03310982
v 0.03674874 -0.02488480 0.02950629
v 0.03683974 -0.02521300 0.02879418
v 0.03560220 -0.02518080 0.03095200
v 0.03616994 -0.02480846 0.03051806
v 0.03779768 -0.02496164 0.02899517
v 0.03811283 -0.02528131 0.02845202
v 0.03684036 -0.02531304 0.02879381
v 0.03895085 -0.02503735 0.02916267
v 0.03936404 -0.02534856 0.02879381
v 0.03809157 -0.02538029 0.02845202
v 0.03981041 -0.02511285 0.02995003
v 0.04060220 -0.02548080 0.03095200
v 0.03936466 -0.02544860 0.02879418
v 0.03966103 -0.02526589 0.03217346
v 0.03936466 -0.02561300 0.03310982
v 0.04060220 -0.02558080 0.03095200
v 0.04007810 -0.02518903 0.03108515
v 0.03870350 -0.02534179 0.03283889
v 0.03809157 -0.02568131 0.03345198
v 0.03936404 -0.02571304 0.03311019
v 0.03753734 -0.02541731 0.03285012
v 0.03684036 -0.02574856 0.03311019
v 0.03811283 -0.02578029 0.03345198
v 0.03612918 -0.02557021 0.03112270
v 0.03560220 -0.02588080 0.03095200
v 0.03683974 -0.02584860 0.03310982
v 0.03656778 -0.02549323 0.03220400
v 0.03637519 -0.02564627 0.02998278
v 0.03683974 -0.02601300 0.02879418
v 0.03560220 -0.02598080 0.03095200
v 0.03721941 -0.02572175 0.02917926
v 0.03811283 -0.02608131 0.02845202
v 0.03684036 -0.02611304 0.02879381
v 0.03837077 -0.02579763 0.02898991
v 0.03936404 -0.02614856 0.02879381
v 0.03809157 -0.02618029 0.02845202
v 0.04002590 -0.02595070 0.03048159
v 0.04060220 -0.02628080 0.03095200
v 0.03936466 -0.02624860 0.02879418
v 0.03942804 -0.02587447 0.02948092
v 0.03924526 -0.02610196 0.03256920
v 0.03936466 -0.02641300 0.03310982
v 0.04060220 -0.02638080 0.03095200
v 0.03995692 -0.02602629 0.03164622
v 0.03813630 -0.02617871 0.03293209
v 0.03809157 -0.02648131 0.03345198
v 0.03936404 -0.02651304 0.03311019
v 0.03701611 -0.02625519 0.03260800
v 0.03684036 -0.02654856 0.03311019
v 0.03811283 -0.02658029 0.03345198
v 0.03627277 -0.02633076 0.03171036
v 0.03560220 -0.02668080 0.03095200
v 0.03683974 -0.02664860 0.03310982
v 0.03672578 -0.02648285 0.02952814
v 0.03683974 -0.02681300 0.02879418
v 0.03560220 -0.02678080 0.03095200
v 0.03616325 -0.02640641 0.03054901
v 0.03776508 -0.02655952 0.02900052
v 0.03811283 -0.02688131 0.02845202
v 0.03684036 -0.02691304 0.02879381
v 0.03892196 -0.02663525 0.02914925
v 0.03936404 -0.02694856 0.02879381
v 0.03809157 -0.02698029 0.02845202
v 0.03979415 -0.02671078 0.02992280
v 0.04060220 -0.02708080 0.03095200
v 0.03936466 -0.02704860 0.02879418
v 0.03968025 -0.02686389 0.03214853
v 0.03936466 -0.02721300 0.03310982
v 0.04060220 -0.02718080 0.03095200
v 0.04008004 -0.02678698 0.03105226
v 0.03873383 -0.02693969 0.03282895
v 0.03809157 -0.02728131 0.03345198
v 0.03936404 -0.02731304 0.03311019
v 0.03756888 -0.02701516 0.03285922
v 0.03684036 -0.02734856 0.03311019
v 0.03811283 -0.02738029 0.03345198
v 0.03613225 -0.02716816 0.03115503
v 0.03560220 -0.02748080 0.03095200
v 0.03683974 -0.02744860 0.03310982
v 0.03658780 -0.02709125 0.03222814
v 0.03635936 -0.02724412 0.03001156
v 0.03683974 -0.02761300 0.02879418
v 0.03560220 -0.02758080 0.03095200
v 0.03719106 -0.02731966 0.02919366
v 0.03811283 -0.02768131 0.02845202
v 0.03684036 -0.02771304 0.02879381
v 0.03833769 -0.02739551 0.02898567
v 0.03936404 -0.02774856 0.02879381
v 0.03809157 -0.02778029 0.02845202
v 0.04001812 -0.02754863 0.03045084
v 0.04060220 -0.02788080 0.03095200
v 0.03936466 -0.02784860 0.02879418
v 0.03940387 -0.02747246 0.02945949
v 0.03927065 -0.02769995 0.03255095
v 0.03936466 -0.02801300 0.03310982
v 0.04060220 -0.02798080 0.03095200
v 0.03996822 -0.02762411 0.03161525
v 0.03816885 -0.02777671 0.03293126
v 0.03809157 -0.02808131 0.03345198
v 0.03936404 -0.02811304 0.03311019
v 0.03704390 -0.02785305 0.03262589
v 0.03684036 -0.02814856 0.03311019
v 0.03811283 -0.02818029 0.03345198
v 0.03628521 -0.02792866 0.03173970
v 0.03560220 -0.02828080 0.03095200
v 0.03683974 -0.02824860 0.03310982
v 0.03670288 -0.02808089 0.02955064
v 0.03683974 -0.02841300 0.02879418
v 0.03560220 -0.02838080 0.03095200
v 0.03615682 -0.02800428 0.03058129
v 0.03773433 -0.02815751 0.02900608
v 0.03811283 -0.02848131 0.02845202
v 0.03684036 -0.02851304 0.02879381
v 0.03889234 -0.02823311 0.02913607
v 0.03936404 -0.02854856 0.02879381
v 0.03809157 -0.02858029 0.02845202
v 0.03977719 -0.02830869 0.02989544
v 0.04060220 -0.02868080 0.03095200
v 0.03936466 -0.02864860 0.02879418
v 0.03969988 -0.02846179 0.03212219
v 0.03936466 -0.02881300 0.03310982
v 0.04060220 -0.02878080 0.03095200
v 0.04008139 -0.02838503 0.03102096
v 0.03876432 -0.02853756 0.03281842
v 0.03809157 -0.02888131 0.03345198
v 0.03936404 -0.02891304 0.03311019
v 0.03759927 -0.02861309 0.03286746
v 0.03684036 -0.02894856 0.03311019
v 0.03811283 -0.02898029 0.03345198
v 0.03613580 -0.02876613 0.03118689
v 0.03560220 -0.02908080 0.03095200
v 0.03683974 -0.02904860 0.03310982
v 0.03660934 -0.02868917 0.03225327
v 0.03634448 -0.02884203 0.03003968
v 0.03683974 -0.02921300 0.02879418
v 0.03560220 -0.02918080 0.03095200
v 0.03716188 -0.02891749 0.02920909
v 0.03811283 -0.02928131 0.02845202
v 0.03684036 -0.02931304 0.02879381
v 0.03830637 -0.02899351 0.02898217
v 0.03936404 -0.02934856 0.02879381
v 0.03809157 -0.02938029 0.02845202
v 0.04000954 -0.02914647 0.03041911
v 0.04060220 -0.02948080 0.03095200
v 0.03936466 -0.02944860 0.02879418
v 0.03937934 -0.02907043 0.02943845
v 0.03929761 -0.02929780 0.03253090
v 0.03936466 -0.02961300 0.03310982
v 0.04060220 -0.02958080 0.03095200
v 0.03997863 -0.02922202 0.03158518
v 0.03820105 -0.02937471 0.03292992
v 0.03809157 -0.02968131 0.03345198
v 0.03936404 -0.02971304 0.03311019
v 0.03707088 -0.02945098 0.03264265
v 0.03684036 -0.02974856 0.03311019
v 0.03811283 -0.02978029 0.03345198
v 0.03629855 -0.02952649 0.03176977
v 0.03560220 -0.02988080 0.03095200
v 0.03683974 -0.02984860 0.03310982
v 0.03668027 -0.02967892 0.02957359
v 0.03683974 -0.03001300 0.02879418
v 0.03560220 -0.02998080 0.03095200
v 0.03615118 -0.02960225 0.03061223
v 0.03770193 -0.02975537 0.02901249
v 0.03811283 -0.03008131 0.02845202
v 0.03684036 -0.03011304 0.02879381
v 0.03886313 -0.02983102 0.02912364
v 0.03936404 -0.03014856 0.02879381
v 0.03809157 -0.03018029 0.02845202
v 0.03975977 -0.02990660 0.02986831
v 0.04060220 -0.03028080 0.03095200
v 0.03936466 -0.03024860 0.02879418
v 0.03971815 -0.03005978 0.03209682
v 0.03936466 -0.03041300 0.03310982
v 0.04060220 -0.03038080 0.03095200
v 0.04008225 -0.02998304 0.03098854
v 0.03879446 -0.03013545 0.03280745
v 0.03809157 -0.03048131 0.03345198
v 0.03936404 -0.03051304 0.03311019
v 0.03763087 -0.03021097 0.03287548
v 0.03684036 -0.03054856 0.03311019
v 0.03811283 -0.03058029 0.03345198
v 0.03613991 -0.03036406 0.03121912
v 0.03560220 -0.03068080 0.03095200
v 0.03683974 -0.03064860 0.03310982
v 0.03663015 -0.03028722 0.03227677
v 0.03632967 -0.03043988 0.03006880
v 0.03683974 -0.03081300 0.02879418
v 0.03560220 -0.03078080 0.03095200
v 0.03713416 -0.03051542 0.02922433
v 0.03811283 -0.03088131 0.02845202
v 0.03684036 -0.03091304 0.02879381
v 0.03827328 -0.03059142 0.02897902
v 0.03936404 -0.03094856 0.02879381
v 0.03809157 -0.03098029 0.02845202
v 0.04000073 -0.03074439 0.03038853
v 0.04060220 -0.03108080 0.03095200
v 0.03936466 -0.03104860 0.02879418
v 0.03935431 -0.03066838 0.02941768
v 0.03932249 -0.03089580 0.03251175
v 0.03936466 -0.03121300 0.03310982
v 0.04060220 -0.03118080 0.03095200
v 0.03998889 -0.03081986 0.03155394
v 0.03823347 -0.03097269 0.03292803
v 0.03809157 -0.03128131 0.03345198
v 0.03936404 -0.03131304 0.03311019
v 0.03709913 -0.03104883 0.03265956
v 0.03684036 -0.03134856 0.03311019
v 0.03811283 -0.03138028 0.03345198
v 0.03631195 -0.03112439 0.03179871
v 0.03560220 -0.03148080 0.03095200
v 0.03683974 -0.03144860 0.03310982
v 0.03665810 -0.03127694 0.02959683
v 0.03683974 -0.03161300 0.02879418
v 0.03560220 -0.03158080 0.03095200
v 0.03614574 -0.03120011 0.03064513
v 0.03767104 -0.03135332 0.02901912
v 0.03811283 -0.03168131 0.02845202
v 0.03684036 -0.03171304 0.02879381
v 0.03883281 -0.03142886 0.02911131
v 0.03936404 -0.03174856 0.02879381
v 0.03809157 -0.03178029 0.02845202
v 0.03974217 -0.03150454 0.02984186
v 0.04060220 -0.03188080 0.03095200
v 0.03936466 -0.03184860 0.02879418
v 0.03973693 -0.03165766 0.03206985
v 0.03936466 -0.03201300 0.03310982
v 0.04060220 -0.03198080 0.03095200
v 0.04008258 -0.03158109 0.03095679
v 0.03882431 -0.03173334 0.03279604
v 0.03809157 -0.03208131 0.03345198
v 0.03936404 -0.03211304 0.03311019
v 0.03766165 -0.03180891 0.03288276
v 0.03684036 -0.03214856 0.03311019
v 0.03811283 -0.03218029 0.03345198
v 0.03614445 -0.03196203 0.03125057
v 0.03560220 -0.03228080 0.03095200
v 0.03683974 -0.03224860 0.03310982
v 0.03665221 -0.03188519 0.03230088
v 0.03631572 -0.03203779 0.03009737
v 0.03683974 -0.03241300 0.02879418
v 0.03560220 -0.03238080 0.03095200
v 0.03710562 -0.03211326 0.02924064
v 0.03811283 -0.03248131 0.02845202
v 0.03684036 -0.03251304 0.02879381
v 0.03824170 -0.03218943 0.02897654
v 0.03936404 -0.03254856 0.02879381
v 0.03809157 -0.03258029 0.02845202
v 0.03999110 -0.03234223 0.03035702
v 0.04060220 -0.03268080 0.03095200
v 0.03936466 -0.03264860 0.02879418
v 0.03932916 -0.03226634 0.02939749
v 0.03934857 -0.03249368 0.03249099
v 0.03936466 -0.03281300 0.03310982
v 0.04060220 -0.03278080 0.03095200
v 0.03999832 -0.03241776 0.03152353
v 0.03826598 -0.03257065 0.03292560
v 0.03809157 -0.03288131 0.03345198
v 0.03936404 -0.03291304 0.03311019
v 0.03712668 -0.03264675 0.03267545
v 0.03684036 -0.03294856 0.03311019
v 0.03811283 -0.03298029 0.03345198
v 0.03632627 -0.03272222 0.03182834
v 0.03560220 -0.03308080 0.03095200
v 0.03683974 -0.03304860 0.03310982
v 0.03663604 -0.03287493 0.02962073
v 0.03683974 -0.03321300 0.02879418
v 0.03560220 -0.03318080 0.03095200
v 0.03614112 -0.03279810 0.03067616
v 0.03763890 -0.03295117 0.02902657
v 0.03811283 -0.03328132 0.02845202
v 0.03684036 -0.03331304 0.02879381
v 0.03880315 -0.03302676 0.02909981
v 0.03936404 -0.03334856 0.02879381
v 0.03809157 -0.03338028 0.02845202
v 0.04008240 -0.03317913 0.03092470
v 0.04060220 -0.03348080 0.03095200
v 0.03936466 -0.03344860 0.02879418
v 0.03972356 -0.03310242 0.02981485
v 0.03975445 -0.03325563 0.03204379
v 0.03936466 -0.03361300 0.03310982
v 0.04060220 -0.03358080 0.03095200
v 0.03885436 -0.03333121 0.03278399
v 0.03809157 -0.03368131 0.03345198
v 0.03936404 -0.03371304 0.03311019
v 0.03769320 -0.03340681 0.03288969
v 0.03684036 -0.03374856 0.03311019
v 0.03811283 -0.03378029 0.03345198
v 0.03614963 -0.03355994 0.03128276
v 0.03560220 -0.03388080 0.03095200
v 0.03683974 -0.03384860 0.03310982
v 0.03667384 -0.03348325 0.03232376
v 0.03630197 -0.03363565 0.03012671
v 0.03633358 -0.03398074 0.02918508
v 0.03560220 -0.03398080 0.03095200
v 0.03707850 -0.03371120 0.02925672
v 0.03714413 -0.03403072 0.02864287
v 0.03633432 -0.03408079 0.02918434
v 0.03820894 -0.03378738 0.02897449
v 0.03810331 -0.03408085 0.02845200
v 0.03810220 -0.03418080 0.02845200
v 0.03930355 -0.03386428 0.02937762
v 0.03986997 -0.03418080 0.02918423
v 0.03905891 -0.03418080 0.02864230
v 0.03968757 -0.03441437 0.02933234
v 0.03797580 -0.03447299 0.02897565
v 0.03688506 -0.03439605 0.02938979
v 0.03621717 -0.03432021 0.03034490
v 0.03620247 -0.03424466 0.03151142
v 0.03684624 -0.03416870 0.03248317
v 0.03792574 -0.03409176 0.03292451
v 0.03906672 -0.03401568 0.03268163
v 0.03987249 -0.03394021 0.03183968
v 0.04006509 -0.03386435 0.03068936
v 0.03957676 -0.03378745 0.02963003
v 0.03857818 -0.03371128 0.02902967
v 0.03741387 -0.03363573 0.02909509
v 0.03648830 -0.03356001 0.02980429
v 0.03612224 -0.03348332 0.03091088
v 0.03644225 -0.03340688 0.03203204
v 0.03733763 -0.03333128 0.03277884
v 0.03849744 -0.03325570 0.03289254
v 0.03952096 -0.03317920 0.03233369
v 0.04005257 -0.03310249 0.03129549
v 0.03990800 -0.03302684 0.03013897
v 0.03913703 -0.03295125 0.02926349
v 0.03800793 -0.03287500 0.02897386
v 0.03691145 -0.03279817 0.02936959
v 0.03622712 -0.03272230 0.03031482
v 0.03619344 -0.03264682 0.03147978
v 0.03682163 -0.03257072 0.03246265
v 0.03789422 -0.03249376 0.03292143
v 0.03903789 -0.03241783 0.03269739
v 0.03985807 -0.03234230 0.03186788
v 0.04006912 -0.03226641 0.03072144
v 0.03959839 -0.03218949 0.02965456
v 0.03860861 -0.03211333 0.02903746
v 0.03744425 -0.03203785 0.02908411
v 0.03650733 -0.03196209 0.02977798
v 0.03612314 -0.03188525 0.03087950
v 0.03642490 -0.03180897 0.03200490
v 0.03730799 -0.03173341 0.03276615
v 0.03846673 -0.03165773 0.03289855
v 0.03949846 -0.03158115 0.03235641
v 0.04004664 -0.03150460 0.03132759
v 0.03992077 -0.03142893 0.03016797
v 0.03916491 -0.03135338 0.02928090
v 0.03804030 -0.03127700 0.02897258
v 0.03693656 -0.03120017 0.02935100
v 0.03623792 -0.03112446 0.03028389
v 0.03618524 -0.03104889 0.03144918
v 0.03679700 -0.03097275 0.03244143
v 0.03786118 -0.03089586 0.03291766
v 0.03900980 -0.03081992 0.03271217
v 0.03984264 -0.03074445 0.03189687
v 0.04007260 -0.03066844 0.03075338
v 0.03961888 -0.03059147 0.02967858
v 0.03864023 -0.03051548 0.02904610
v 0.03747420 -0.03043994 0.02907383
v 0.03652633 -0.03036412 0.02975260
v 0.03612460 -0.03028727 0.03084697
v 0.03640836 -0.03021102 0.03197807
v 0.03727889 -0.03013551 0.03275313
v 0.03843447 -0.03005984 0.03290431
v 0.03947584 -0.02998309 0.03237855
v 0.04004038 -0.02990665 0.03135867
v 0.03993344 -0.02983108 0.03019802
v 0.03919135 -0.02975543 0.02929801
v 0.03807231 -0.02967897 0.02897184
v 0.03696359 -0.02960231 0.02933167
v 0.03624888 -0.02952655 0.03025405
v 0.03617727 -0.02945103 0.03141737
v 0.03677284 -0.02937477 0.03241989
v 0.03783014 -0.02929786 0.03291361
v 0.03898051 -0.02922208 0.03272696
v 0.03982728 -0.02914653 0.03192464
v 0.04007559 -0.02907049 0.03078569
v 0.03963999 -0.02899357 0.02970415
v 0.03867053 -0.02891755 0.02905492
v 0.03750520 -0.02884208 0.02906374
v 0.03654614 -0.02876618 0.02972700
v 0.03612651 -0.02868923 0.03081572
v 0.03639174 -0.02861315 0.03195012
v 0.03724993 -0.02853762 0.03273961
v 0.03840370 -0.02846184 0.03290930
v 0.03945236 -0.02838508 0.03240079
v 0.04003353 -0.02830874 0.03139005
v 0.03994526 -0.02823316 0.03022739
v 0.03921869 -0.02815756 0.02931634
v 0.03810441 -0.02808093 0.02897162
v 0.03698939 -0.02800433 0.02931383
v 0.03626069 -0.02792871 0.03022346
v 0.03617008 -0.02785310 0.03138654
v 0.03674922 -0.02777676 0.03239816
v 0.03779703 -0.02770000 0.03290873
v 0.03895199 -0.02762417 0.03274079
v 0.03981094 -0.02754868 0.03195306
v 0.04007803 -0.02747251 0.03081782
v 0.03965959 -0.02739556 0.02972870
v 0.03870197 -0.02731971 0.02906462
v 0.03753552 -0.02724417 0.02905442
v 0.03656613 -0.02716821 0.02970203
v 0.03612905 -0.02709129 0.03078282
v 0.03637613 -0.02701520 0.03192289
v 0.03722100 -0.02693973 0.03272553
v 0.03837131 -0.02686393 0.03291402
v 0.03942936 -0.02678702 0.03242189
v 0.04002617 -0.02671083 0.03142130
v 0.03995683 -0.02663530 0.03025755
v 0.03924428 -0.02655957 0.02933410
v 0.03813642 -0.02648289 0.02897191
v 0.03701667 -0.02640645 0.02929563
v 0.03627262 -0.02633081 0.03019401
v 0.03616311 -0.02625524 0.03135432
v 0.03672570 -0.02617875 0.03237579
v 0.03776628 -0.02610200 0.03290369
v 0.03892221 -0.02602633 0.03275464
v 0.03979475 -0.02595074 0.03198021
v 0.04007996 -0.02587451 0.03084997
v 0.03967992 -0.02579767 0.02975503
v 0.03873211 -0.02572179 0.02907447
v 0.03756699 -0.02564632 0.02904531
v 0.03658677 -0.02557025 0.02967709
v 0.03613197 -0.02549327 0.03075168
v 0.03636032 -0.02541735 0.03189421
v 0.03719262 -0.02534183 0.03271114
v 0.03834016 -0.02526593 0.03291804
v 0.03940478 -0.02518907 0.03244371
v 0.04001844 -0.02511289 0.03145194
v 0.03996773 -0.02503739 0.03028738
v 0.03927102 -0.02496168 0.02935332
v 0.03816801 -0.02488484 0.02897271
v 0.03704322 -0.02480850 0.02927854
v 0.03628535 -0.02473296 0.03016398
v 0.03615698 -0.02465727 0.03132353
v 0.03670295 -0.02458071 0.03235344
v 0.03773354 -0.02450415 0.03289777
v 0.03889308 -0.02442843 0.03276761
v 0.03977736 -0.02435289 0.03200830
v 0.04008136 -0.02427653 0.03088245
v 0.03969856 -0.02419967 0.02978001
v 0.03876298 -0.02412394 0.02908511
v 0.03759750 -0.02404839 0.02903700
v 0.03660765 -0.02397226 0.02965268
v 0.03613562 -0.02389538 0.03071858
v 0.03634558 -0.02381941 0.03186645
v 0.03716399 -0.02374395 0.03269604
v 0.03830773 -0.02366800 0.03292169
v 0.03938124 -0.02359101 0.03246395
v 0.04000998 -0.02351502 0.03148331
v 0.03997826 -0.02343950 0.03031772
v 0.03929591 -0.02336366 0.02937181
v 0.03820055 -0.02328686 0.02897406
v 0.03707058 -0.02321060 0.02926153
v 0.03629816 -0.02313505 0.03013507
v 0.03615104 -0.02305940 0.03129098
v 0.03668046 -0.02298266 0.03233061
v 0.03770284 -0.02290617 0.03289170
v 0.03886303 -0.02283059 0.03278040
v 0.03976032 -0.02275494 0.03203485
v 0.04008223 -0.02267851 0.03091454
v 0.03971824 -0.02260183 0.02980730
v 0.03879286 -0.02252604 0.02909595
v 0.03762925 -0.02245053 0.02902892
v 0.03662906 -0.02237428 0.02962845
v 0.03613954 -0.02229736 0.03068765
v 0.03633066 -0.02222157 0.03183720
v 0.03713622 -0.02214603 0.03268082
v 0.03827628 -0.02207000 0.03292472
v 0.03935577 -0.02199310 0.03248513
v 0.04000134 -0.02191707 0.03151341
v 0.03998825 -0.02184161 0.03034807
v 0.03932201 -0.02176576 0.02939188
v 0.03823157 -0.02168879 0.02897585
v 0.03709805 -0.02161269 0.02924507
v 0.03631176 -0.02153718 0.03010570
v 0.03614597 -0.02146139 0.03126038
v 0.03665825 -0.02138464 0.03230734
v 0.03767072 -0.02130830 0.03288481
v 0.03883358 -0.02123269 0.03279238
v 0.03974205 -0.02115708 0.03206233
v 0.04008258 -0.02108048 0.03094682
v 0.03973602 -0.02100383 0.02983282
v 0.03882357 -0.02092821 0.02910767
v 0.03765984 -0.02085257 0.02902165
v 0.03665064 -0.02077627 0.02960482
v 0.03614425 -0.02069948 0.03065478
v 0.03631676 -0.02062365 0.03180880
v 0.03710789 -0.02054816 0.03266468
v 0.03824392 -0.02047203 0.03292731
v 0.03933166 -0.02039506 0.03250453
v 0.03999185 -0.02031921 0.03154457
v 0.03999772 -0.02024370 0.03037846
v 0.03934630 -0.02016773 0.02941117
v 0.03826443 -0.02009086 0.02897827
v 0.03712538 -0.02001475 0.02922929
v 0.03632545 -0.01993926 0.03007730
v 0.03614110 -0.01986350 0.03122774
v 0.03663691 -0.01978659 0.03228424
v 0.03764008 -0.01971035 0.03287771
v 0.03880322 -0.01963483 0.03280416
v 0.03972435 -0.01955909 0.03208803
v 0.04008241 -0.01948243 0.03097865
v 0.03975451 -0.01940597 0.02986030
v 0.03885312 -0.01933030 0.02911950
v 0.03769233 -0.01925473 0.02901449
v 0.03667287 -0.01917826 0.02958126
v 0.03614914 -0.01910147 0.03062415
v 0.03630294 -0.01902580 0.03177940
v 0.03708083 -0.01895022 0.03264868
v 0.03821220 -0.01887402 0.03292933
v 0.03930546 -0.01879717 0.03252492
v 0.03998227 -0.01872126 0.03157430
v 0.04000675 -0.01864580 0.03040920
v 0.03937155 -0.01856979 0.02943191
v 0.03829499 -0.01849279 0.02898102
v 0.03715355 -0.01841687 0.02921361
v 0.03633987 -0.01834137 0.03004861
v 0.03613707 -0.01826546 0.03119733
v 0.03661520 -0.01818862 0.03225996
v 0.03760894 -0.01811244 0.03286997
v 0.03877375 -0.01803690 0.03281505
v 0.03970516 -0.01796121 0.03211495
v 0.04008172 -0.01788439 0.03101048
v 0.03977147 -0.01780799 0.02988642
v 0.03888299 -0.01773244 0.02913203
v 0.03772293 -0.01765676 0.02900827
v 0.03669523 -0.01758023 0.02955831
v 0.03615499 -0.01750364 0.03059106
v 0.03628990 -0.01742789 0.03175042
v 0.03705289 -0.01735235 0.03263154
v 0.03817993 -0.01727602 0.03293086
v 0.03928068 -0.01719915 0.03254357
v 0.03997174 -0.01712342 0.03160527
v 0.04001516 -0.01704787 0.03043965
v 0.03939542 -0.01697176 0.02945216
v 0.03832794 -0.01689488 0.02898452
v 0.03718111 -0.01681892 0.02919886
v 0.03635453 -0.01674345 0.03002057
v 0.03613326 -0.01666756 0.03116455
v 0.03659496 -0.01659055 0.03223659
v 0.03757814 -0.01651452 0.03286179
v 0.03874329 -0.01643903 0.03282575
v 0.03941154 -0.01643903 0.03243778
v 0.03929748 -0.01638797 0.03255425
v 0.03936692 -0.01379220 0.02879550
v 0.03809129 -0.01379220 0.02845202
v 0.03683652 -0.01379220 0.02879607
v 0.03560220 -0.01379220 0.03095200
v 0.04185220 -0.01379220 0.03095200
v 0.03936788 -0.01379220 0.03310793
v 0.04077661 -0.01379220 0.03358069
v 0.04077661 -0.01379220 0.02832331
v 0.03542779 -0.01379220 0.02832331
v 0.03435220 -0.01379220 0.03095200
v 0.03683748 -0.01379220 0.03310850
v 0.03542779 -0.01379220 0.03358069
v 0.03435220 -0.01299220 0.03095200
v 0.03542779 -0.01299220 0.02832331
v 0.03954485 -0.01379220 0.03441339
v 0.03662933 -0.01379220 0.03440065
v 0.03542779 -0.01299220 0.03358069
v 0.03811311 -0.01379220 0.03345197
v 0.03807511 -0.01379220 0.03470190
v 0.03665955 -0.01299220 0.03441339
v 0.03812929 -0.01299220 0.03470190
v 0.03957507 -0.01299220 0.03440065
v 0.04077661 -0.01299220 0.03358069
v 0.04185220 -0.01299220 0.03095200
v 0.03665955 -0.01379220 0.02749061
v 0.03957507 -0.01379220 0.02750336
v 0.04077661 -0.01299220 0.02832331
v 0.03812929 -0.01379220 0.02720210
v 0.03954485 -0.01299220 0.02749061
v 0.03807511 -0.01299220 0.02720210
v 0.03662933 -0.01299220 0.02750336
v 0.03684821 -0.02483358 0.03311475
v 0.03684821 -0.02753360 0.03311475
v 0.03560220 -0.02753360 0.03095200
v 0.03410170 -0.02753360 0.03095200
v 0.03560220 -0.02483358 0.03095200
v 0.03684821 -0.02753360 0.02878925
v 0.03463767 -0.02753360 0.02895175
v 0.03809902 -0.02483358 0.03345200
v 0.03810538 -0.02753360 0.03345200
v 0.03463766 -0.02753360 0.03295225
v 0.03935619 -0.02483358 0.03311475
v 0.03935619 -0.02753360 0.03311475
v 0.04010245 -0.02753360 0.03441653
v 0.04060220 -0.02483358 0.03095200
v 0.04060220 -0.02753360 0.03095200
v 0.04156673 -0.02753360 0.03295225
v 0.03935619 -0.02483358 0.02878925
v 0.03935619 -0.02753360 0.02878925
v 0.04210270 -0.02753360 0.03095200
v 0.04210270 -0.02483358 0.03095200
v 0.04156673 -0.02483358 0.02895175
v 0.04156674 -0.02483358 0.03295225
v 0.03610195 -0.02483358 0.03441653
v 0.03463767 -0.02483358 0.03295225
v 0.03684821 -0.02483358 0.02878925
v 0.03410170 -0.02483358 0.03095200
v 0.03810538 -0.02483358 0.02845200
v 0.03809902 -0.02753360 0.02845200
v 0.04156674 -0.02753360 0.02895175
v 0.03610195 -0.02753360 0.02748747
v 0.03463766 -0.02483358 0.02895175
v 0.04010245 -0.02483358 0.02748747
v 0.04108996 -0.02744161 0.03384640
v 0.03610195 -0.02753360 0.03441653
v 0.03810219 -0.02753360 0.03495250
v 0.03911515 -0.02744165 0.03498656
v 0.03911494 -0.02492557 0.03498667
v 0.04010245 -0.02483358 0.03441653
v 0.04210270 -0.02744166 0.03209196
v 0.04210270 -0.02717629 0.03326169
v 0.04210270 -0.02744162 0.02981182
v 0.04210270 -0.02492552 0.03209196
v 0.04010245 -0.02753360 0.02748747
v 0.04108975 -0.02744165 0.02805749
v 0.04210270 -0.02717629 0.02864231
v 0.03810220 -0.02753360 0.02695150
v 0.03911494 -0.02744161 0.02691733
v 0.04108996 -0.02492557 0.02805760
v 0.03708925 -0.02744165 0.02691744
v 0.03810220 -0.02717629 0.02633262
v 0.03511444 -0.02744161 0.02805760
v 0.03610195 -0.02483358 0.02748747
v 0.03708946 -0.02492557 0.02691733
v 0.03410170 -0.02744162 0.02981182
v 0.03410170 -0.02717629 0.02864231
v 0.03410170 -0.02744166 0.03209196
v 0.03410170 -0.02492556 0.02981182
v 0.03511465 -0.02744165 0.03384651
v 0.03410170 -0.02717629 0.03326169
v 0.03708946 -0.02744161 0.03498667
v 0.03511444 -0.02492557 0.03384640
v 0.03810220 -0.02717629 0.03557138
v 0.03708925 -0.02492554 0.03498656
v 0.03810220 -0.02519089 0.03557138
v 0.04108975 -0.02492554 0.03384651
v 0.04210270 -0.02519089 0.03326169
v 0.03810220 -0.02483358 0.03495250
v 0.04210270 -0.02492556 0.02981182
v 0.04210270 -0.02519089 0.02864231
v 0.03911515 -0.02492554 0.02691744
v 0.03810220 -0.02519089 0.02633262
v 0.03810219 -0.02483358 0.02695150
v 0.03511465 -0.02492554 0.02805749
v 0.03410170 -0.02519089 0.02864231
v 0.03410170 -0.02492552 0.03209196
v 0.03410170 -0.02519089 0.03326169
v 0.04034873 -0.02875280 0.03253807
v 0.04034873 -0.02753360 0.03253807
v 0.04085220 -0.02753360 0.03095200
v 0.04513800 -0.02753360 0.05541220
v 0.04085220 -0.02875280 0.03095200
v 0.04034873 -0.02753360 0.02936593
v 0.04513800 -0.02753360 0.00649180
v 0.03899868 -0.02875280 0.03355177
v 0.03893716 -0.02753360 0.03357218
v 0.03106640 -0.02753360 0.05541220
v 0.03726724 -0.02875280 0.03357218
v 0.03720572 -0.02753360 0.03355177
v 0.03585567 -0.02875280 0.03253807
v 0.03585567 -0.02753360 0.03253807
v 0.03535220 -0.02875280 0.03095200
v 0.03535220 -0.02753360 0.03095200
v 0.03585567 -0.02875280 0.02936593
v 0.03585567 -0.02753360 0.02936593
v 0.03106640 -0.02753360 0.00649180
v 0.03106640 -0.02875280 0.05541220
v 0.03106640 -0.02875280 0.00649180
v 0.04513800 -0.02875280 0.05541220
v 0.04034873 -0.02875280 0.02936593
v 0.04513800 -0.02875280 0.00649180
v 0.03720572 -0.02875280 0.02835223
v 0.03726724 -0.02753360 0.02833182
v 0.03893716 -0.02875280 0.02833182
v 0.03899868 -0.02753360 0.02835223
v 0.03016838 -0.02716163 0.00649180
v 0.03106640 -0.02678835 0.05819350
v 0.03016838 -0.02716163 0.05541220
v 0.03016838 -0.02676651 0.05739857
v 0.04513800 -0.02678835 0.00371050
v 0.03106640 -0.02678835 0.00371050
v 0.04603603 -0.02716163 0.05541220
v 0.04603603 -0.02716163 0.00649180
v 0.04603603 -0.02676651 0.00450543
v 0.04513800 -0.02678835 0.05819350
v 0.02979640 -0.02626360 0.00649180
v 0.02979640 -0.02626360 0.05541220
v 0.02979640 -0.02568870 0.05755816
v 0.02979640 -0.02392680 0.05541220
v 0.02979640 -0.02335396 0.05679516
v 0.03016838 -0.02676651 0.00450543
v 0.02979640 -0.02568870 0.00434584
v 0.02979640 -0.02392680 0.00649180
v 0.03106640 -0.02475230 0.06022955
v 0.03016838 -0.02197100 0.06060283
v 0.03106640 -0.02197100 0.06097480
v 0.03106640 -0.00640080 0.06097480
v 0.04513800 -0.02475230 0.06022955
v 0.04513800 -0.02197100 0.06097480
v 0.03016838 -0.02395737 0.06020771
v 0.02979640 -0.02197100 0.05970480
v 0.03016838 -0.00640080 0.06060283
v 0.03016838 -0.02564133 0.05908253
v 0.02979640 -0.02411696 0.05912990
v 0.02979640 -0.02500654 0.05844731
v 0.02979640 -0.00640080 0.05970480
v 0.02979640 -0.02197100 0.05736800
v 0.04603603 -0.02564133 0.05908253
v 0.04603603 -0.02676651 0.05739857
v 0.04603603 -0.02395737 0.06020771
v 0.04603603 -0.02197100 0.06060283
v 0.04603603 -0.00640080 0.06060283
v 0.04513800 -0.00640080 0.06097480
v 0.04640800 -0.02568870 0.05755816
v 0.04640800 -0.02626360 0.05541220
v 0.04640800 -0.02392680 0.05541220
v 0.04640800 -0.02392680 0.00649180
v 0.04640800 -0.02626360 0.00649180
v 0.04640800 -0.02500611 0.05844774
v 0.04640800 -0.00640080 0.05736800
v 0.04640800 -0.02335396 0.05679516
v 0.04640800 -0.02197100 0.05736800
v 0.04640800 -0.02411696 0.05912990
v 0.04640800 -0.02197100 0.05970480
v 0.04640800 -0.00640080 0.05970480
v 0.04640800 -0.02335396 0.00510884
v 0.04640800 -0.02568870 0.00434584
v 0.04640800 -0.00640080 0.00219920
v 0.04640800 -0.02500654 0.00345669
v 0.04640800 -0.02197100 0.00453600
v 0.04640800 -0.02411696 0.00277410
v 0.04603603 -0.02564133 0.00282147
v 0.04640800 -0.02197100 0.00219920
v 0.04603603 -0.02395737 0.00169629
v 0.04603603 -0.00640080 0.00130117
v 0.04603603 -0.02197100 0.00130117
v 0.04640800 -0.00640080 0.00453600
v 0.04762720 -0.00640080 0.00453600
v 0.04689813 -0.00640080 0.00043907
v 0.04762720 -0.02197100 0.00453600
v 0.04762720 -0.02335396 0.00510884
v 0.04762720 -0.02392680 0.00649180
v 0.04762720 -0.02392680 0.05541220
v 0.04762720 -0.02335396 0.05679516
v 0.04762720 -0.02197100 0.05736800
v 0.04689813 -0.00640080 0.06146493
v 0.04762720 -0.00640080 0.05970480
v 0.04762720 -0.00640080 0.05736800
v 0.04513800 -0.02475230 0.00167445
v 0.04513800 -0.02197100 0.00092920
v 0.04513800 -0.00640080 0.00092920
v 0.03106640 -0.02475230 0.00167445
v 0.03106640 -0.02197100 0.00092920
v 0.04513800 -0.00640080 -0.00029000
v 0.03106640 -0.00640080 0.00092920
v 0.03106640 -0.00640080 -0.00029000
v 0.03016838 -0.00640080 0.00130117
v 0.03016838 -0.02395737 0.00169629
v 0.03016838 -0.02197100 0.00130117
v 0.02930627 -0.00640080 0.00043907
v 0.03016838 -0.02564133 0.00282147
v 0.02979640 -0.02500611 0.00345626
v 0.02979640 -0.00640080 0.00453600
v 0.02979640 -0.02197100 0.00453600
v 0.02979640 -0.02335396 0.00510884
v 0.02979640 -0.02411696 0.00277410
v 0.02979640 -0.02197100 0.00219920
v 0.02979640 -0.00640080 0.00219920
v 0.02857720 -0.02197100 0.00453600
v 0.02857720 -0.00640080 0.00219920
v 0.02857720 -0.00640080 0.00453600
v 0.02979640 -0.00640080 0.05736800
v 0.02857720 -0.00640080 0.05736800
v 0.02930627 -0.00640080 0.06146493
v 0.02857720 -0.02197100 0.05736800
v 0.02857720 -0.02335396 0.05679516
v 0.02857720 -0.02392680 0.05541220
v 0.02857720 -0.02392680 0.00649180
v 0.02857720 -0.02335396 0.00510884
v 0.02857720 -0.02197100 0.00219920
v 0.02857720 -0.02568870 0.00434584
v 0.02857720 -0.02411696 0.00277410
v 0.02857720 -0.02500654 0.00345669
v 0.02930627 -0.02197100 0.00043907
v 0.04513800 -0.02197100 -0.00029000
v 0.03106640 -0.02197100 -0.00029000
v 0.04762720 -0.00640080 0.00219920
v 0.04689813 -0.02197100 0.00043907
v 0.04762720 -0.02197100 0.00219920
v 0.04762720 -0.02568870 0.00434584
v 0.04762720 -0.02411696 0.00277410
v 0.04762720 -0.02500611 0.00345626
v 0.02857720 -0.02626360 0.00649180
v 0.02857720 -0.02626360 0.05541220
v 0.02857720 -0.02568870 0.05755816
v 0.02857720 -0.00640080 0.05970480
v 0.02857720 -0.02197100 0.05970480
v 0.02857720 -0.02411696 0.05912990
v 0.02857720 -0.02500611 0.05844774
v 0.03106640 -0.00640080 0.06219400
v 0.04513800 -0.00640080 0.06219400
v 0.04762720 -0.02197100 0.05970480
v 0.04762720 -0.02568870 0.05755816
v 0.04762720 -0.02500654 0.05844731
v 0.04762720 -0.02411696 0.05912990
v 0.04689813 -0.02197100 0.06146493
v 0.03106640 -0.02197100 0.06219400
v 0.04513800 -0.02197100 0.06219400
v 0.02930627 -0.02197100 0.06146493
v 0.04762720 -0.02626360 0.05541220
v 0.04762720 -0.02626360 0.00649180
v 0.04689813 -0.02802373 0.05541220
v 0.04689813 -0.02756299 0.00417552
v 0.04689813 -0.02802373 0.00649180
v 0.04689813 -0.02756299 0.05772848
v 0.04689813 -0.02625093 0.05969213
v 0.04689813 -0.02428728 0.06100420
v 0.04689813 -0.02428728 0.00089981
v 0.04689813 -0.02625093 0.00221187
v 0.04513800 -0.02536190 0.00061859
v 0.04513800 -0.02784421 0.00310090
v 0.03106640 -0.02536190 0.00061859
v 0.03106640 -0.02784421 0.00310090
v 0.02930627 -0.02428728 0.00089981
v 0.02930627 -0.02625093 0.00221187
v 0.02930627 -0.02756299 0.00417552
v 0.02930627 -0.02802373 0.00649180
v 0.02930627 -0.02802373 0.05541220
v 0.02930627 -0.02428728 0.06100420
v 0.02930627 -0.02625093 0.05969213
v 0.02930627 -0.02756299 0.05772848
v 0.03106640 -0.02536190 0.06128541
v 0.04513800 -0.02536190 0.06128541
v 0.04513800 -0.02784421 0.05880310
v 0.03106640 -0.02784421 0.05880310
v 0.04007422 -0.01501140 0.03286867
v 0.04007423 -0.01379220 0.03286867
v 0.04085220 -0.01379220 0.03095200
v 0.05035516 -0.01379220 0.03524460
v 0.04085220 -0.01501140 0.03095200
v 0.04007422 -0.01379220 0.02903533
v 0.03919519 -0.01501140 0.03347546
v 0.03915266 -0.01379220 0.03349347
v 0.03813486 -0.01501140 0.03370181
v 0.03806954 -0.01379220 0.03370181
v 0.07529796 -0.01379220 0.04085800
v 0.03705174 -0.01501140 0.03349347
v 0.03700921 -0.01379220 0.03347546
v 0.03237196 -0.01379220 0.04085800
v 0.03613017 -0.01501140 0.03286867
v 0.03613018 -0.01379220 0.03286867
v 0.03535220 -0.01501140 0.03095200
v 0.03535220 -0.01379220 0.03095200
v 0.03613018 -0.01501140 0.02903533
v 0.03613017 -0.01379220 0.02903533
v 0.03237196 -0.01379220 0.02104600
v 0.03237196 -0.01501140 0.04085800
v 0.03237196 -0.01501140 0.02104600
v 0.05035516 -0.01501140 0.02665940
v 0.04007423 -0.01501140 0.02903533
v 0.03700921 -0.01501140 0.02842854
v 0.03705174 -0.01379220 0.02841054
v 0.03806954 -0.01501140 0.02820219
v 0.03813486 -0.01379220 0.02820219
v 0.03915266 -0.01501140 0.02841054
v 0.03919519 -0.01379220 0.02842854
v 0.07529796 -0.01501140 0.02104600
v 0.03242804 -0.01373654 0.04101667
v 0.03237196 -0.01466614 0.04180566
v 0.03237196 -0.01379220 0.04230914
v 0.03249969 -0.01366544 0.04232569
v 0.06983696 -0.01379220 0.02729440
v 0.07529796 -0.01379220 0.02104600
v 0.07535404 -0.01373654 0.02088733
v 0.05035516 -0.01379220 0.02665940
v 0.06066756 -0.01379220 0.02665940
v 0.05157436 -0.01379220 0.02665940
v 0.03237196 -0.01379220 0.01959486
v 0.03242802 -0.01373656 0.02088736
v 0.07542568 -0.01366544 0.01957830
v 0.07529796 -0.01379220 0.01959486
v 0.07529796 -0.01466614 0.02009834
v 0.05157436 -0.01379220 0.03524460
v 0.06066756 -0.01379220 0.03524460
v 0.06130256 -0.01379220 0.03460960
v 0.06983696 -0.01379220 0.03460960
v 0.07529796 -0.01501140 0.04085800
v 0.07529796 -0.01379220 0.04230914
v 0.07535402 -0.01373656 0.04101665
v 0.05157436 -0.01031240 0.03524460
v 0.05035516 -0.01031240 0.02665940
v 0.05035516 -0.01031240 0.03524460
v 0.05121727 -0.01465430 0.03524460
v 0.06130256 -0.01501140 0.03460960
v 0.06066756 -0.01501140 0.03524460
v 0.05035516 -0.01501140 0.03524460
v 0.06983696 -0.01501140 0.03460960
v 0.06130256 -0.01379220 0.02729440
v 0.06983696 -0.01501140 0.02729440
v 0.06066756 -0.01501140 0.02665940
v 0.06130256 -0.01501140 0.02729440
v 0.05121727 -0.01465431 0.02665940
v 0.05157436 -0.01031240 0.02665940
v 0.03237196 -0.01466614 0.02009834
v 0.03249969 -0.01366544 0.01957830
v 0.07542568 -0.01366544 0.04232569
v 0.07529796 -0.01466614 0.04180566
v 0.03262789 -0.01353820 0.01957280
v 0.07555389 -0.01353820 0.01957280
v 0.07543621 -0.01365499 0.02082044
v 0.03784889 -0.00835660 0.01957280
v 0.07555389 -0.01353820 0.02079200
v 0.08077490 -0.00835660 0.01957280
v 0.03262789 -0.01353820 0.02079200
v 0.03784889 -0.00835660 0.02079200
v 0.03251020 -0.01365500 0.02082045
v 0.08175371 -0.00738518 0.02125855
v 0.08202896 -0.00711200 0.01991027
v 0.08202896 -0.00711200 0.02203660
v 0.08202896 -0.00589280 0.02203660
v 0.03882767 -0.00738521 0.02125850
v 0.08202896 -0.00589280 0.03064720
v 0.08202896 -0.00711200 0.03064720
v 0.07242776 -0.00711200 0.03064720
v 0.07242776 -0.00711200 0.02371300
v 0.03910296 -0.00711200 0.02371300
v 0.03910296 -0.00711200 0.02203660
v 0.08143752 -0.00769898 0.01966219
v 0.03910296 -0.00711200 0.01991027
v 0.08202896 -0.00621922 0.02081107
v 0.03910296 -0.00621922 0.02081107
v 0.08077490 -0.00835660 0.02079200
v 0.03851319 -0.00769732 0.01966264
v 0.08135014 -0.00778570 0.02093066
v 0.03842410 -0.00778573 0.02093064
v 0.07242776 -0.00589280 0.03064720
v 0.07242776 -0.00589280 0.02371300
v 0.03910296 -0.00589280 0.02203660
v 0.03910296 -0.00589280 0.02371300
v 0.07555389 -0.01353820 0.04233120
v 0.03262789 -0.01353820 0.04233120
v 0.03251021 -0.01365499 0.04108356
v 0.03784889 -0.00835660 0.04233120
v 0.03262789 -0.01353820 0.04111200
v 0.07555389 -0.01353820 0.04111200
v 0.08077490 -0.00835660 0.04233120
v 0.08077490 -0.00835660 0.04111200
v 0.07543620 -0.01365500 0.04108355
v 0.03882771 -0.00738518 0.04064545
v 0.03851152 -0.00769898 0.04224182
v 0.03910296 -0.00711200 0.04199373
v 0.08202896 -0.00711200 0.04199373
v 0.03910296 -0.00711200 0.03986740
v 0.03910296 -0.00589280 0.03986740
v 0.03910296 -0.00621922 0.04109293
v 0.08202896 -0.00621922 0.04109294
v 0.03784889 -0.00835660 0.04111200
v 0.08143919 -0.00769732 0.04224135
v 0.03842414 -0.00778570 0.04097334
v 0.08175367 -0.00738521 0.04064550
v 0.08135010 -0.00778573 0.04097336
v 0.03910296 -0.00589280 0.03819100
v 0.03910296 -0.00711200 0.03819100
v 0.07242776 -0.00711200 0.03819100
v 0.08202896 -0.00711200 0.03986740
v 0.08202896 -0.00589280 0.03986740
v 0.07242776 -0.00589280 0.03819100
v 0.07242776 -0.00589280 0.03125680
v 0.08202896 -0.00589280 0.03125680
v 0.07242776 -0.00711200 0.03125680
v 0.08202896 -0.00711200 0.03125680
v 0.04035655 -0.01623060 0.03252693
v 0.04035655 -0.01501140 0.03252693
v 0.06914100 -0.01501140 0.05192180
v 0.04085220 -0.01623060 0.03095200
v 0.04035655 -0.01501140 0.02937707
v 0.06792180 -0.01501140 0.04365200
v 0.03901241 -0.01623060 0.03354700
v 0.03973390 -0.01501140 0.03316561
v 0.03892479 -0.01501140 0.03357609
v 0.03815585 -0.01623060 0.03370148
v 0.03804855 -0.01501140 0.03370148
v 0.03727961 -0.01623060 0.03357609
v 0.03719199 -0.01501140 0.03354700
v 0.03584785 -0.01623060 0.03252693
v 0.03584785 -0.01501140 0.03252693
v 0.02664108 -0.01501140 0.05192180
v 0.03647050 -0.01623060 0.03316561
v 0.03535220 -0.01623060 0.03095200
v 0.02664108 -0.01501140 0.00998220
v 0.03584785 -0.01623060 0.02937707
v 0.03584785 -0.01501140 0.02937707
v 0.02664108 -0.01623060 0.05192180
v 0.06914100 -0.01623060 0.00998220
v 0.04035655 -0.01623060 0.02937707
v 0.03719199 -0.01623060 0.02835700
v 0.03647050 -0.01501140 0.02873839
v 0.03727961 -0.01501140 0.02832791
v 0.03804855 -0.01623060 0.02820252
v 0.03815585 -0.01501140 0.02820252
v 0.03892479 -0.01623060 0.02832791
v 0.03901241 -0.01501140 0.02835700
v 0.03973390 -0.01623060 0.02873839
v 0.02664108 -0.01623060 0.00998220
v 0.06914100 -0.01501140 0.04365200
v 0.07161917 -0.01520433 0.04365200
v 0.06792180 -0.01501140 0.01825200
v 0.06914100 -0.01623060 0.01825200
v 0.06914100 -0.01623060 0.04365200
v 0.07089292 -0.01576138 0.04365200
v 0.07001928 -0.01483595 0.05192180
v 0.07001575 -0.01483741 0.04365200
v 0.02664108 -0.01483739 0.05279661
v 0.06914100 -0.01483739 0.05279661
v 0.06989884 -0.01455499 0.05306376
v 0.02611666 -0.01495043 0.00998220
v 0.02611741 -0.01495061 0.05192180
v 0.02569872 -0.01461549 0.05279661
v 0.06914100 -0.01501140 0.01825200
v 0.06914100 -0.01501140 0.00998220
v 0.06914100 -0.01483739 0.00910739
v 0.02664108 -0.01483739 0.00910739
v 0.07001575 -0.01483741 0.01825200
v 0.07001253 -0.01483874 0.00998220
v 0.07161994 -0.01520357 0.01825200
v 0.07217699 -0.01447732 0.01825200
v 0.07089292 -0.01576138 0.01825200
v 0.07005174 -0.01611021 0.00998220
v 0.06914100 -0.01623060 0.05192180
v 0.07142700 -0.01272540 0.01825200
v 0.07264620 -0.01272540 0.01825200
v 0.07264620 -0.00899361 0.01825200
v 0.07264620 -0.01272540 0.00998220
v 0.07142700 -0.00777441 0.01825200
v 0.07264620 -0.00796669 0.01837039
v 0.07075739 -0.01434190 0.01825200
v 0.07125302 -0.01360015 0.01825200
v 0.07217951 -0.01447293 0.00998220
v 0.07089871 -0.01575804 0.00998220
v 0.07075410 -0.01434519 0.00998220
v 0.07125155 -0.01360368 0.00998220
v 0.07142700 -0.00228600 0.00998220
v 0.07142700 -0.01272540 0.00998220
v 0.07142700 -0.00674730 0.01837044
v 0.07264620 -0.00710009 0.01868514
v 0.07142700 -0.00588063 0.01868527
v 0.07264620 -0.00606412 0.01957113
v 0.07142700 -0.00484497 0.01957106
v 0.07264620 -0.00576072 0.02053800
v 0.07142700 -0.00454152 0.02053800
v 0.07264620 -0.00576072 0.04136600
v 0.07142700 -0.00454152 0.04136600
v 0.07264620 -0.00228600 0.00998220
v 0.07264620 -0.00228600 0.05192180
v 0.07125299 -0.00228600 0.00910739
v 0.07085550 -0.01371527 0.00883920
v 0.07125299 -0.01272540 0.00910739
v 0.07142700 -0.00228600 0.05192180
v 0.07189569 -0.00053499 0.05192180
v 0.07189569 -0.00053499 0.00998220
v 0.07168600 -0.00053499 0.00892803
v 0.07142700 -0.00484492 0.04233287
v 0.07142700 -0.01272540 0.05192180
v 0.07125299 -0.01272540 0.05279661
v 0.07125299 -0.00228600 0.05279661
v 0.07142700 -0.00777441 0.04365200
v 0.07142700 -0.01272540 0.04365200
v 0.07125302 -0.01360015 0.04365200
v 0.07142700 -0.00674749 0.04353360
v 0.07142700 -0.00588089 0.04321885
v 0.07125434 -0.01359694 0.05192180
v 0.07264620 -0.01272540 0.04365200
v 0.07217699 -0.01447732 0.04365200
v 0.07264620 -0.00899361 0.04365200
v 0.07264620 -0.00796650 0.04353356
v 0.07264620 -0.00709983 0.04321873
v 0.07264620 -0.00606417 0.04233294
v 0.07013087 -0.01443990 0.00883920
v 0.06914100 -0.01470513 0.00883920
v 0.06914100 -0.01434185 0.00836576
v 0.06971198 -0.01371437 0.00800187
v 0.06914100 -0.01386736 0.00800187
v 0.07112073 -0.01272540 0.00883920
v 0.07012997 -0.01329638 0.00800187
v 0.07075745 -0.01272540 0.00836576
v 0.07075745 -0.00228600 0.00836575
v 0.07028297 -0.01272540 0.00800187
v 0.07001582 -0.01272540 0.00787021
v 0.06914100 -0.01272540 0.00769620
v 0.06914100 -0.00228600 0.00769620
v 0.06914100 -0.01360021 0.00787021
v 0.02664108 -0.01360021 0.00787021
v 0.02664108 -0.01272540 0.00769620
v 0.06264392 -0.00476987 0.00769620
v 0.06550094 -0.00285643 0.00769620
v 0.06388320 -0.00528320 0.00769620
v 0.06512247 -0.00476988 0.00769620
v 0.06563580 -0.00353060 0.00769620
v 0.07001581 -0.00228600 0.00787021
v 0.02664108 -0.01434185 0.00836576
v 0.02569872 -0.01461549 0.00910739
v 0.02562108 -0.01477122 0.00998220
v 0.02591983 -0.01417201 0.00836576
v 0.02625074 -0.01350830 0.00787021
v 0.00876300 -0.00228600 0.00769620
v 0.00876300 -0.00381172 0.00769620
v 0.00837266 -0.00459462 0.00787021
v 0.06213060 -0.00353060 0.00769620
v 0.06511713 -0.00228600 0.00769620
v 0.06914100 -0.00053499 0.00722751
v 0.06550094 -0.00285642 0.00647700
v 0.06455100 -0.00191021 0.00767600
v 0.06511713 -0.00228600 0.00647700
v 0.00788819 -0.00228600 0.00787021
v 0.00788819 -0.00381172 0.00787021
v 0.00801910 -0.00427206 0.00787021
v 0.06226546 -0.00285642 0.00769620
v 0.06264927 -0.00228600 0.00769620
v 0.06321540 -0.00191022 0.00767600
v 0.00876300 -0.00053499 0.00722751
v 0.00770883 -0.00053499 0.00743720
v 0.06388320 -0.00177800 0.00765919
v 0.06264927 -0.00228600 0.00647700
v 0.06321467 -0.00191051 0.00644595
v 0.06226546 -0.00285643 0.00647700
v 0.06213060 -0.00353060 0.00647700
v 0.06264393 -0.00476988 0.00647700
v 0.06388320 -0.00528320 0.00647700
v 0.06512249 -0.00476987 0.00647700
v 0.06563580 -0.00353060 0.00647700
v 0.06914100 0.00074959 0.00594360
v 0.00876300 0.00074959 0.00594360
v 0.00721749 0.00074959 0.00625102
v 0.06914100 0.00121920 0.00419100
v 0.00876300 0.00121920 0.00419100
v 0.00587088 0.00121920 0.00496487
v 0.00000000 0.00121920 -0.00304800
v 0.07068650 0.00074959 0.00625102
v 0.07790400 0.00121920 -0.00304800
v 0.07203313 0.00121920 0.00496487
v 0.07019518 -0.00053499 0.00743720
v 0.06455088 -0.00191016 0.00644589
v 0.06388320 -0.00177800 0.00641984
v 0.00681514 -0.00053499 0.00803434
v 0.00714655 -0.00228600 0.00836575
v 0.00621800 -0.00053499 0.00892803
v 0.00665101 -0.00228600 0.00910739
v 0.00714655 -0.00381172 0.00836576
v 0.00600831 -0.00053499 0.00998220
v 0.00647700 -0.00228600 0.00998220
v 0.00665101 -0.00381172 0.00910739
v 0.00647700 -0.00228600 0.05192180
v 0.00647700 -0.00381172 0.00998220
v 0.00472440 0.00074959 0.00998220
v 0.00600831 -0.00053499 0.05192180
v 0.00503182 0.00074959 0.00843669
v 0.00590728 0.00074959 0.00712648
v 0.00297180 0.00121920 0.00998220
v 0.00472440 0.00074959 0.05192180
v 0.00374567 0.00121920 0.00709007
v 0.00466975 0.00121920 0.00588545
v 0.00297180 0.00121920 0.05192180
v 0.00738845 -0.00466231 0.00836575
v 0.00696707 -0.00492307 0.00910739
v 0.00681909 -0.00501464 0.00998220
v 0.00681910 -0.00501465 0.05192180
v 0.00647700 -0.00381172 0.05192180
v 0.00656472 -0.00443889 0.05192180
v 0.00804174 -0.00525833 0.00836576
v 0.00782063 -0.00570181 0.00910739
v 0.00722102 -0.00549935 0.00998220
v 0.00774299 -0.00585754 0.05192180
v 0.00774299 -0.00585754 0.00998220
v 0.02562108 -0.01477122 0.05192180
v 0.00782063 -0.00570181 0.05279661
v 0.00696707 -0.00492307 0.05279661
v 0.00804174 -0.00525833 0.05353824
v 0.02591983 -0.01417201 0.05353824
v 0.00837266 -0.00459462 0.05403379
v 0.02625074 -0.01350830 0.05403379
v 0.02664108 -0.01434185 0.05353824
v 0.00876300 -0.00381172 0.05420780
v 0.02664108 -0.01272540 0.05420780
v 0.02664108 -0.01360021 0.05403379
v 0.06264927 -0.00228600 0.05420780
v 0.06914100 -0.01360021 0.05403379
v 0.06914100 -0.01272540 0.05420780
v 0.06388320 -0.00528320 0.05420780
v 0.06226546 -0.00285643 0.05420780
v 0.06264393 -0.00476988 0.05420780
v 0.06213060 -0.00353060 0.05420780
v 0.00801910 -0.00427206 0.05403379
v 0.00876300 -0.00228600 0.05420780
v 0.00788819 -0.00381172 0.05403379
v 0.00738845 -0.00466231 0.05353825
v 0.06914100 -0.01434185 0.05353824
v 0.06914100 -0.01470573 0.05306376
v 0.06914100 -0.01386840 0.05390153
v 0.06957841 -0.01378139 0.05390153
v 0.06994922 -0.01353362 0.05390153
v 0.07019699 -0.01316281 0.05390153
v 0.07001582 -0.01272540 0.05403379
v 0.07001582 -0.00228600 0.05403379
v 0.06914100 -0.00228600 0.05420780
v 0.06512249 -0.00476987 0.05420780
v 0.07054131 -0.01412571 0.05306376
v 0.07028400 -0.01272540 0.05390153
v 0.07097059 -0.01348324 0.05306376
v 0.07075745 -0.00228600 0.05353824
v 0.07075745 -0.01272540 0.05353824
v 0.07076079 -0.01433850 0.05192180
v 0.07075750 -0.01434179 0.04365200
v 0.07112134 -0.01272540 0.05306376
v 0.07088853 -0.01576391 0.05192180
v 0.07217363 -0.01448311 0.05192180
v 0.07252581 -0.01363615 0.05192180
v 0.07264620 -0.01272540 0.05192180
v 0.06914100 -0.01576191 0.05367281
v 0.07065926 -0.01535509 0.05367281
v 0.07177070 -0.01424365 0.05367281
v 0.07217659 -0.00228600 0.05367440
v 0.07217751 -0.01272540 0.05367281
v 0.02664108 -0.01576099 0.00822960
v 0.06914100 -0.01576099 0.00822960
v 0.07030267 -0.01552992 0.00822960
v 0.02583676 -0.01613707 0.05192180
v 0.02552361 -0.01554782 0.00822960
v 0.02598468 -0.01616859 0.00998220
v 0.02664108 -0.01576099 0.05367440
v 0.02664108 -0.01447800 0.00694661
v 0.06914100 -0.01447641 0.00694569
v 0.06981108 -0.01434312 0.00694569
v 0.02664108 -0.01272540 0.00647700
v 0.06914100 -0.01272540 0.00647700
v 0.07037915 -0.01396355 0.00694569
v 0.07075872 -0.01339548 0.00694569
v 0.07089201 -0.01272540 0.00694569
v 0.07089360 -0.00228600 0.00694661
v 0.06914100 -0.00228600 0.00647700
v 0.02599591 -0.01435492 0.00694661
v 0.02585908 -0.01429386 0.00694661
v 0.00876300 -0.00381172 0.00647700
v 0.07217659 -0.01272540 0.00822960
v 0.07194552 -0.01388707 0.00822960
v 0.07217659 -0.00228600 0.00822960
v 0.07128749 -0.01487189 0.00822960
v 0.07282021 -0.00141119 0.00998220
v 0.07266178 -0.00114404 0.05338016
v 0.07282021 -0.00141119 0.05192180
v 0.07089360 -0.00228600 0.05495739
v 0.07089360 -0.01272540 0.05495739
v 0.07065880 -0.01360170 0.05495739
v 0.06914100 -0.00228600 0.05542700
v 0.06914100 -0.01272540 0.05542700
v 0.06550094 -0.00285643 0.05542700
v 0.07001730 -0.01424320 0.05495739
v 0.06914100 -0.01447800 0.05495739
v 0.02664108 -0.01447800 0.05495739
v 0.02664108 -0.01272540 0.05542700
v 0.06264392 -0.00476987 0.05542700
v 0.06388320 -0.00528320 0.05542700
v 0.06512247 -0.00476988 0.05542700
v 0.06563580 -0.00353060 0.05542700
v 0.06914100 -0.00141119 0.05560101
v 0.06511713 -0.00228600 0.05542700
v 0.07183569 -0.00114404 0.05461649
v 0.06914100 -0.00114404 0.05573267
v 0.07059935 -0.00114404 0.05544258
v 0.02528661 -0.01544206 0.05367440
v 0.02507707 -0.01586232 0.05192180
v 0.02585908 -0.01429386 0.05495739
v 0.00798099 -0.00538018 0.05495739
v 0.00876300 -0.00381172 0.05542700
v 0.00876300 -0.00228600 0.05542700
v 0.06213060 -0.00353060 0.05542700
v 0.00719899 -0.00694864 0.05192180
v 0.02535073 -0.01598445 0.00998220
v 0.02521256 -0.01592630 0.00998220
v 0.02507707 -0.01586232 0.00998220
v 0.00719899 -0.00694864 0.00998220
v 0.00740853 -0.00652837 0.05367440
v 0.02528661 -0.01544206 0.00822960
v 0.00740853 -0.00652837 0.00822960
v 0.00798099 -0.00538018 0.00694661
v 0.00762235 -0.00451757 0.00674382
v 0.00876300 -0.00228600 0.00647700
v 0.00701040 -0.00381172 0.00694661
v 0.00665536 -0.00511596 0.00750365
v 0.00600923 -0.00551580 0.00864082
v 0.00639884 -0.00639961 0.05192180
v 0.00578235 -0.00565620 0.05192180
v 0.00578235 -0.00565620 0.00998220
v 0.06914100 -0.00141119 0.00630299
v 0.07059935 -0.00114404 0.00646142
v 0.00876300 -0.00141119 0.00630299
v 0.00701040 -0.00228600 0.00694661
v 0.00876300 -0.00114404 0.00617133
v 0.06914100 -0.00114404 0.00617133
v 0.00876300 -0.00066955 0.00580745
v 0.06914100 -0.00066955 0.00580745
v 0.07091979 -0.00030627 0.00568782
v 0.00876300 -0.00030627 0.00533400
v 0.06914100 -0.00030627 0.00533400
v 0.00876300 -0.00017401 0.00506581
v 0.06914100 -0.00017401 0.00506581
v 0.07203311 0.00000000 0.00496487
v 0.00876300 0.00000000 0.00419100
v 0.06914100 0.00000000 0.00419100
v 0.07790400 0.00000000 -0.00304800
v 0.00698421 -0.00030627 0.00568782
v 0.00587087 0.00000000 0.00496487
v -0.00000000 0.00000000 -0.00304800
v 0.00730464 -0.00114404 0.00646142
v 0.07295187 -0.00114404 0.00998220
v 0.07266178 -0.00114404 0.00852384
v 0.07331575 -0.00066955 0.00998220
v 0.07295187 -0.00114404 0.05192180
v 0.07183569 -0.00114404 0.00728751
v 0.07343537 -0.00030627 0.00820341
v 0.07378920 -0.00030627 0.00998220
v 0.07242777 -0.00030627 0.00669543
v 0.07415833 0.00000000 0.00709007
v 0.07493220 0.00000000 0.00998220
v 0.07405739 -0.00017401 0.00998220
v 0.07405739 -0.00017401 0.05192180
v 0.07493220 0.00000000 0.05192180
v 0.07323425 0.00000000 0.00588545
v 0.07378920 -0.00030627 0.05192180
v 0.07331575 -0.00066955 0.05192180
v 0.07343537 -0.00030627 0.05370059
v 0.07415833 0.00000000 0.05481392
v 0.07790400 0.00000000 0.06495200
v 0.00876300 -0.00141119 0.05560101
v 0.06455147 -0.00191041 0.05545807
v 0.06388320 -0.00177800 0.05548416
v 0.06914100 -0.00066955 0.05609655
v 0.00876300 -0.00114404 0.05573267
v 0.07091979 -0.00030627 0.05621618
v 0.06914100 -0.00030627 0.05657000
v 0.07242777 -0.00030627 0.05520857
v 0.07203313 0.00000000 0.05693913
v 0.06914100 0.00000000 0.05771300
v 0.06914100 -0.00017401 0.05683818
v 0.00876300 -0.00017401 0.05683818
v 0.00876300 0.00000000 0.05771300
v -0.00000000 0.00000000 0.06495200
v 0.07323775 0.00000000 0.05601504
v 0.00876300 -0.00030627 0.05657000
v 0.00876300 -0.00066955 0.05609655
v 0.06511713 -0.00228600 0.05420780
v 0.06550094 -0.00285642 0.05420780
v 0.06455100 -0.00191022 0.05422800
v 0.06321467 -0.00191051 0.05545805
v 0.06388320 -0.00177800 0.05424481
v 0.06264927 -0.00228600 0.05542700
v 0.06321540 -0.00191021 0.05422800
v 0.06226546 -0.00285642 0.05542700
v 0.00730464 -0.00114404 0.05544258
v 0.00701040 -0.00228600 0.05495739
v 0.00698421 -0.00030627 0.05621618
v 0.00587088 0.00000000 0.05693914
v 0.00762235 -0.00451757 0.05516018
v 0.00701040 -0.00381172 0.05495739
v 0.06563580 -0.00353060 0.05420780
v 0.00665536 -0.00511596 0.05440035
v 0.00600923 -0.00551580 0.05326318
v 0.00525780 -0.00381172 0.05192180
v 0.00539221 -0.00477306 0.00998220
v 0.00525780 -0.00381172 0.00998220
v 0.00525780 -0.00228600 0.00998220
v 0.00572741 -0.00381172 0.05367440
v 0.00525780 -0.00228600 0.05192180
v 0.00572741 -0.00381172 0.00822960
v 0.00572741 -0.00228600 0.00822960
v 0.00572741 -0.00228600 0.05367440
v 0.00508379 -0.00141119 0.05192180
v 0.00606831 -0.00114404 0.05461649
v 0.00495213 -0.00114404 0.05192180
v 0.00524222 -0.00114404 0.05338016
v 0.00524222 -0.00114404 0.00852384
v 0.00508379 -0.00141119 0.00998220
v 0.00606831 -0.00114404 0.00728751
v 0.00547623 -0.00030627 0.00669543
v 0.00495213 -0.00114404 0.00998220
v 0.00446862 -0.00030627 0.00820341
v 0.00458825 -0.00066955 0.00998220
v 0.00458825 -0.00066955 0.05192180
v 0.00466625 0.00000000 0.00588895
v 0.00374567 0.00000000 0.00709008
v 0.00384661 -0.00017401 0.00998220
v 0.00297180 0.00000000 0.00998220
v 0.00411480 -0.00030627 0.00998220
v 0.00297180 0.00000000 0.05192180
v 0.00384661 -0.00017401 0.05192180
v 0.00411480 -0.00030627 0.05192180
v 0.08054386 0.00000000 0.06342762
v 0.08095200 0.00000000 0.00000000
v 0.08095200 0.00000000 0.06190400
v 0.08095200 0.00121920 0.06190400
v 0.08054386 0.00121920 0.06342762
v 0.08054386 0.00000000 -0.00152362
v 0.08095200 0.00121920 -0.00000000
v 0.08005904 0.00000000 0.06405949
v 0.08005948 0.00000000 -0.00215504
v 0.08054386 0.00121920 -0.00152362
v 0.07942762 0.00000000 0.06454387
v 0.07942762 0.00000000 -0.00263986
v 0.08005904 0.00121920 -0.00215549
v 0.07942762 0.00121920 -0.00263986
v -0.00152362 0.00000000 0.06454387
v -0.00152362 0.00000000 -0.00263986
v -0.00215549 0.00000000 0.06405903
v -0.00215504 0.00000000 -0.00215549
v -0.00152362 0.00121920 -0.00263986
v -0.00263986 0.00000000 0.06342762
v -0.00263986 0.00000000 -0.00152362
v -0.00215549 0.00121920 -0.00215504
v -0.00304800 0.00000000 0.06190400
v -0.00304800 0.00000000 0.00000000
v -0.00263986 0.00121920 -0.00152362
v -0.00304800 0.00121920 -0.00000000
v -0.00304800 0.00121920 0.06190400
v -0.00263986 0.00121920 0.06342762
v -0.00215504 0.00121920 0.06405949
v -0.00152362 0.00121920 0.06454387
v 0.00000000 0.00121920 0.06495200
v 0.00466975 0.00000000 0.05601855
v 0.00374567 0.00000000 0.05481393
v 0.07790400 0.00121920 0.06495200
v 0.07942762 0.00121920 0.06454387
v 0.08005948 0.00121920 0.06405903
v 0.00547623 -0.00030627 0.05520857
v 0.00446862 -0.00030627 0.05370059
v 0.00876300 0.00121920 0.05771300
v 0.07493220 0.00121920 0.00998220
v 0.07493220 0.00121920 0.05192180
v 0.07415833 0.00121920 0.05481393
v 0.06914100 0.00121920 0.05771300
v 0.07203311 0.00121920 0.05693914
v 0.07323425 0.00121920 0.05601855
v 0.00374567 0.00121920 0.05481392
v 0.00466625 0.00121920 0.05601504
v 0.00587087 0.00121920 0.05693913
v 0.07415833 0.00121920 0.00709008
v 0.07323775 0.00121920 0.00588895
v 0.07317960 0.00074959 0.00998220
v 0.07287218 0.00074959 0.05346730
v 0.07317960 0.00074959 0.05192180
v 0.07287218 0.00074959 0.00843669
v 0.07199672 0.00074959 0.00712648
v 0.00503182 0.00074959 0.05346730
v 0.00590728 0.00074959 0.05477752
v 0.00721749 0.00074959 0.05565298
v 0.06914100 0.00074959 0.05596040
v 0.00876300 0.00074959 0.05596040
v 0.07068650 0.00074959 0.05565298
v 0.07199672 0.00074959 0.05477752
v 0.07019518 -0.00053499 0.05446680
v 0.06914100 -0.00053499 0.05467649
v 0.07108886 -0.00053499 0.05386966
v 0.07168600 -0.00053499 0.05297597
v 0.00876300 -0.00053499 0.05467649
v 0.00770883 -0.00053499 0.05446680
v 0.00788819 -0.00228600 0.05403379
v 0.00665101 -0.00228600 0.05279661
v 0.00665101 -0.00381172 0.05279661
v 0.00714655 -0.00228600 0.05353825
v 0.00714655 -0.00381172 0.05353824
v 0.00681514 -0.00053499 0.05386966
v 0.00621800 -0.00053499 0.05297597
v 0.07108886 -0.00053499 0.00803434
v 0.03942210 -0.02935224 0.03322334
v 0.03942210 -0.02875280 0.03322334
v 0.04072920 -0.02875280 0.03095200
v 0.04310282 -0.02875280 0.03095200
v 0.04072920 -0.02935224 0.03095200
v 0.03942210 -0.02875280 0.02868066
v 0.04216269 -0.02875280 0.02803332
v 0.03810710 -0.02935224 0.03357900
v 0.03809730 -0.02875280 0.03357900
v 0.04216269 -0.02875280 0.03387068
v 0.03678229 -0.02935224 0.03322334
v 0.03678230 -0.02875280 0.03322334
v 0.03404171 -0.02875280 0.03387068
v 0.03547520 -0.02935224 0.03095200
v 0.03547520 -0.02875280 0.03095200
v 0.03678230 -0.02935224 0.02868066
v 0.03678229 -0.02875280 0.02868066
v 0.03310157 -0.02875280 0.03095200
v 0.03310157 -0.02935224 0.03095200
v 0.03404171 -0.02935224 0.02803332
v 0.03404171 -0.02935224 0.03387068
v 0.04216269 -0.02935224 0.03387068
v 0.03942210 -0.02935224 0.02868066
v 0.04310282 -0.02935224 0.03095200
v 0.03809730 -0.02935224 0.02832500
v 0.03810710 -0.02875280 0.02832500
v 0.03404171 -0.02875280 0.02803332
v 0.04216269 -0.02935224 0.02803332
v 0.04107227 -0.02875280 0.02692895
v 0.03651784 -0.02875280 0.02620900
v 0.03965092 -0.02875280 0.02619724
v 0.03807532 -0.02875280 0.02595145
v 0.03655348 -0.02935224 0.02619724
v 0.03513213 -0.02935224 0.02692895
v 0.03812908 -0.02935224 0.02595145
v 0.03968656 -0.02935224 0.02620900
v 0.03513213 -0.02875280 0.03497505
v 0.03968656 -0.02875280 0.03569500
v 0.03655348 -0.02875280 0.03570676
v 0.03812908 -0.02875280 0.03595255
v 0.03965092 -0.02935224 0.03570676
v 0.04107227 -0.02935224 0.03497505
v 0.03807532 -0.02935224 0.03595255
v 0.03651784 -0.02935224 0.03569500
v 0.03684821 -0.02935224 0.03311475
v 0.03684821 -0.03205226 0.03311475
v 0.03560220 -0.03205226 0.03095200
v 0.03410170 -0.03205226 0.03095200
v 0.03560220 -0.02935224 0.03095200
v 0.03684821 -0.03205226 0.02878925
v 0.03463767 -0.03205226 0.02895175
v 0.03809902 -0.02935224 0.03345200
v 0.03810538 -0.03205226 0.03345200
v 0.03463766 -0.03205226 0.03295225
v 0.03935619 -0.02935224 0.03311475
v 0.03935619 -0.03205226 0.03311475
v 0.04010245 -0.03205226 0.03441653
v 0.04060220 -0.02935224 0.03095200
v 0.04060220 -0.03205226 0.03095200
v 0.04156673 -0.03205226 0.03295225
v 0.03935619 -0.02935224 0.02878925
v 0.03935619 -0.03205226 0.02878925
v 0.04210270 -0.03205226 0.03095200
v 0.04210270 -0.02935224 0.03095200
v 0.04156673 -0.02935224 0.02895175
v 0.04156674 -0.02935224 0.03295225
v 0.03610195 -0.02935224 0.03441653
v 0.03463767 -0.02935224 0.03295225
v 0.03684821 -0.02935224 0.02878925
v 0.03410170 -0.02935224 0.03095200
v 0.03810538 -0.02935224 0.02845200
v 0.03809902 -0.03205226 0.02845200
v 0.04156674 -0.03205226 0.02895175
v 0.03610195 -0.03205226 0.02748747
v 0.03463766 -0.02935224 0.02895175
v 0.04010245 -0.02935224 0.02748747
v 0.04108996 -0.03196027 0.03384640
v 0.03610195 -0.03205226 0.03441653
v 0.03810219 -0.03205226 0.03495250
v 0.03911515 -0.03196030 0.03498656
v 0.03911494 -0.02944423 0.03498667
v 0.04010245 -0.02935224 0.03441653
v 0.04210270 -0.03196032 0.03209196
v 0.04210270 -0.03169495 0.03326169
v 0.04210270 -0.03196028 0.02981182
v 0.04210270 -0.02944418 0.03209196
v 0.04010245 -0.03205226 0.02748747
v 0.04108975 -0.03196030 0.02805749
v 0.04210270 -0.03169495 0.02864231
v 0.03810220 -0.03205226 0.02695150
v 0.03911494 -0.03196027 0.02691733
v 0.04108996 -0.02944423 0.02805760
v 0.03708925 -0.03196030 0.02691744
v 0.03810220 -0.03169495 0.02633262
v 0.03511444 -0.03196027 0.02805760
v 0.03610195 -0.02935224 0.02748747
v 0.03708946 -0.02944423 0.02691733
v 0.03410170 -0.03196028 0.02981182
v 0.03410170 -0.03169495 0.02864231
v 0.03410170 -0.03196032 0.03209196
v 0.03410170 -0.02944422 0.02981182
v 0.03511465 -0.03196030 0.03384651
v 0.03410170 -0.03169495 0.03326169
v 0.03708946 -0.03196027 0.03498667
v 0.03511444 -0.02944423 0.03384640
v 0.03810220 -0.03169495 0.03557138
v 0.03708925 -0.02944420 0.03498656
v 0.03810220 -0.02970955 0.03557138
v 0.04108975 -0.02944420 0.03384651
v 0.04210270 -0.02970955 0.03326169
v 0.03810220 -0.02935224 0.03495250
v 0.04210270 -0.02944422 0.02981182
v 0.04210270 -0.02970955 0.02864231
v 0.03911515 -0.02944420 0.02691744
v 0.03810220 -0.02970955 0.02633262
v 0.03810219 -0.02935224 0.02695150
v 0.03511465 -0.02944420 0.02805749
v 0.03410170 -0.02970955 0.02864231
v 0.03410170 -0.02944418 0.03209196
v 0.03410170 -0.02970955 0.03326169
f 1 2 3
f 4 3 2
f 5 1 3
f 6 5 3
f 7 6 3
f 4 7 3
f 8 2 9
f 10 9 2
f 11 2 8
f 1 10 2
f 12 4 2
f 11 12 2
f 13 9 14
f 10 14 9
f 8 9 13
f 15 13 14
f 10 15 14
f 16 8 13
f 15 16 13
f 17 18 8
f 19 8 18
f 16 17 8
f 19 11 8
f 20 18 17
f 21 18 22
f 20 22 18
f 19 18 21
f 23 17 16
f 24 17 23
f 20 17 24
f 25 16 15
f 25 23 16
f 26 15 10
f 26 25 15
f 27 10 1
f 27 26 10
f 27 1 5
f 28 27 5
f 29 28 5
f 29 5 6
f 30 23 25
f 31 24 23
f 30 31 23
f 32 25 26
f 32 30 25
f 33 26 27
f 32 26 33
f 34 27 28
f 34 33 27
f 29 35 28
f 36 28 35
f 34 28 36
f 37 38 6
f 29 6 38
f 22 37 6
f 39 22 6
f 7 39 6
f 37 40 38
f 41 38 40
f 29 38 41
f 42 40 37
f 41 40 42
f 42 37 22
f 43 21 22
f 39 43 22
f 42 22 20
f 44 21 43
f 45 19 21
f 44 45 21
f 46 43 39
f 46 44 43
f 47 39 7
f 47 46 39
f 48 7 4
f 48 47 7
f 49 4 12
f 48 4 49
f 50 12 11
f 50 49 12
f 51 11 19
f 51 50 11
f 45 51 19
f 41 52 35
f 53 35 52
f 29 41 35
f 53 36 35
f 42 24 52
f 54 52 24
f 41 42 52
f 54 53 52
f 42 20 24
f 31 54 24
f 55 36 53
f 56 34 36
f 56 36 55
f 57 53 54
f 58 55 53
f 57 58 53
f 59 54 31
f 59 57 54
f 60 31 30
f 60 59 31
f 61 30 32
f 60 30 61
f 62 33 34
f 63 32 33
f 63 33 62
f 62 34 56
f 64 32 63
f 61 32 64
f 65 66 67
f 64 67 66
f 68 66 65
f 61 64 66
f 69 61 66
f 68 69 66
f 70 67 71
f 63 71 67
f 65 67 70
f 64 63 67
f 72 71 73
f 63 73 71
f 70 71 72
f 62 72 73
f 63 62 73
f 56 70 72
f 62 56 72
f 55 65 70
f 56 55 70
f 58 65 55
f 58 68 65
f 60 61 69
f 74 75 69
f 60 69 75
f 68 74 69
f 74 76 75
f 59 75 76
f 60 75 59
f 57 76 74
f 59 76 57
f 57 74 68
f 57 68 58
f 48 49 50
f 48 50 51
f 47 51 45
f 48 51 47
f 46 45 44
f 47 45 46
f 77 78 79
f 80 79 78
f 81 77 79
f 82 81 79
f 80 82 79
f 83 84 78
f 80 78 84
f 77 83 78
f 85 86 84
f 80 84 86
f 83 85 84
f 87 88 86
f 80 86 88
f 85 87 86
f 89 88 87
f 90 91 88
f 80 88 91
f 89 90 88
f 92 87 85
f 93 89 87
f 92 93 87
f 92 85 83
f 94 83 77
f 94 92 83
f 94 77 81
f 95 81 82
f 94 81 95
f 96 97 98
f 99 98 97
f 100 96 98
f 101 100 98
f 102 101 98
f 99 102 98
f 103 104 97
f 99 97 104
f 96 103 97
f 95 82 104
f 80 104 82
f 103 95 104
f 80 99 104
f 94 95 103
f 94 103 96
f 105 96 100
f 94 96 105
f 106 100 101
f 105 100 106
f 107 101 102
f 108 106 101
f 107 108 101
f 109 110 102
f 111 102 110
f 112 109 102
f 99 112 102
f 107 102 113
f 111 113 102
f 105 110 109
f 114 110 105
f 115 116 110
f 117 110 116
f 118 115 110
f 114 118 110
f 117 111 110
f 119 120 109
f 121 109 120
f 122 119 109
f 123 122 109
f 112 123 109
f 105 109 124
f 121 124 109
f 125 120 119
f 126 120 125
f 126 121 120
f 127 119 122
f 128 119 127
f 129 125 119
f 128 129 119
f 123 91 122
f 130 122 91
f 130 127 122
f 90 131 91
f 132 91 131
f 133 134 91
f 80 91 134
f 135 133 91
f 123 135 91
f 136 91 132
f 130 91 136
f 89 131 90
f 137 131 89
f 138 139 131
f 140 131 139
f 141 138 131
f 137 141 131
f 132 131 140
f 142 134 133
f 142 80 134
f 143 133 135
f 143 144 133
f 142 133 144
f 145 135 123
f 145 92 135
f 143 135 92
f 112 144 123
f 146 123 144
f 145 123 146
f 142 144 112
f 147 146 144
f 147 144 143
f 148 112 99
f 149 142 112
f 148 149 112
f 148 99 80
f 150 80 142
f 148 80 150
f 108 105 106
f 137 89 93
f 145 127 93
f 130 93 127
f 145 93 92
f 130 137 93
f 124 151 127
f 128 127 151
f 105 124 127
f 145 105 127
f 121 151 124
f 121 128 151
f 107 105 108
f 146 94 105
f 145 146 105
f 107 114 105
f 147 92 94
f 147 143 92
f 147 94 146
f 152 139 138
f 152 140 139
f 136 138 141
f 136 152 138
f 136 141 137
f 130 136 137
f 153 132 140
f 152 153 140
f 136 132 153
f 136 153 152
f 129 154 125
f 126 125 154
f 155 156 154
f 157 154 156
f 129 155 154
f 157 126 154
f 155 158 156
f 159 156 158
f 159 157 156
f 160 161 158
f 162 158 161
f 155 160 158
f 163 158 162
f 164 165 158
f 159 158 165
f 163 164 158
f 160 166 161
f 167 161 166
f 168 161 167
f 162 161 169
f 168 169 161
f 170 166 160
f 171 166 170
f 172 166 171
f 173 167 166
f 172 173 166
f 170 160 155
f 174 155 129
f 174 170 155
f 175 129 128
f 175 174 129
f 121 175 128
f 164 170 174
f 176 171 170
f 177 176 170
f 164 177 170
f 165 174 175
f 164 174 165
f 157 175 121
f 159 165 175
f 159 175 157
f 157 121 126
f 162 171 176
f 169 172 171
f 162 169 171
f 177 178 176
f 163 176 178
f 163 162 176
f 179 180 178
f 181 178 180
f 177 179 178
f 163 178 181
f 182 180 179
f 183 180 182
f 181 180 183
f 182 179 177
f 182 177 164
f 168 167 173
f 184 173 172
f 168 173 184
f 169 184 172
f 168 184 169
f 183 182 164
f 181 183 164
f 163 181 164
f 185 116 115
f 117 116 185
f 113 115 118
f 185 115 113
f 113 118 114
f 107 113 114
f 111 186 113
f 185 113 186
f 117 186 111
f 117 185 186
f 150 142 149
f 148 150 149
f 187 188 189
f 190 189 188
f 191 187 189
f 190 191 189
f 192 193 188
f 190 188 193
f 194 192 188
f 195 194 188
f 187 195 188
f 196 193 192
f 190 193 197
f 198 197 193
f 199 198 193
f 196 199 193
f 200 192 194
f 196 192 199
f 200 199 192
f 200 194 195
f 201 195 187
f 202 195 201
f 202 200 195
f 203 187 191
f 203 201 187
f 197 204 191
f 205 191 204
f 190 197 191
f 205 203 191
f 206 204 197
f 207 204 206
f 208 204 207
f 209 205 204
f 208 209 204
f 198 206 197
f 198 210 206
f 211 206 210
f 211 207 206
f 212 210 198
f 212 211 210
f 199 212 198
f 208 207 211
f 213 211 212
f 213 208 211
f 214 215 212
f 216 212 215
f 217 214 212
f 199 217 212
f 218 213 212
f 216 218 212
f 219 215 214
f 220 215 221
f 219 221 215
f 222 216 215
f 220 222 215
f 200 214 217
f 219 214 200
f 200 217 199
f 223 224 225
f 226 225 224
f 227 223 225
f 228 227 225
f 229 228 225
f 226 229 225
f 223 230 224
f 231 224 230
f 231 226 224
f 232 233 230
f 234 230 233
f 223 232 230
f 231 230 234
f 235 236 233
f 234 233 236
f 232 235 233
f 237 238 236
f 239 236 238
f 235 237 236
f 234 236 239
f 240 241 238
f 242 238 241
f 237 240 238
f 239 238 242
f 240 243 241
f 244 241 243
f 242 241 244
f 245 246 243
f 247 243 246
f 240 245 243
f 244 243 247
f 248 249 246
f 250 246 249
f 251 248 246
f 245 251 246
f 247 246 250
f 252 253 249
f 254 249 253
f 248 252 249
f 250 249 254
f 252 255 253
f 256 253 255
f 256 254 253
f 257 258 255
f 259 255 258
f 252 257 255
f 256 255 259
f 260 261 258
f 262 258 261
f 263 260 258
f 257 263 258
f 264 259 258
f 265 264 258
f 262 265 258
f 266 267 261
f 268 261 267
f 260 266 261
f 268 262 261
f 266 269 267
f 270 267 269
f 270 268 267
f 271 272 269
f 273 269 272
f 266 271 269
f 270 269 273
f 274 275 272
f 273 272 275
f 271 274 272
f 276 277 275
f 278 275 277
f 274 276 275
f 273 275 278
f 279 280 277
f 281 277 280
f 276 279 277
f 278 277 281
f 279 282 280
f 283 280 282
f 281 280 283
f 284 282 279
f 285 282 284
f 283 282 285
f 284 279 276
f 286 276 274
f 284 276 286
f 287 274 271
f 286 274 287
f 288 271 266
f 287 271 288
f 289 266 260
f 288 266 289
f 290 260 263
f 289 260 290
f 291 263 257
f 290 263 291
f 292 257 252
f 291 257 292
f 293 252 248
f 292 252 293
f 294 248 251
f 293 248 294
f 295 251 245
f 294 251 295
f 296 245 240
f 295 245 296
f 297 240 237
f 296 240 297
f 298 237 235
f 297 237 298
f 299 235 232
f 298 235 299
f 300 232 223
f 299 232 300
f 301 223 227
f 300 223 301
f 302 303 227
f 304 227 303
f 228 302 227
f 301 227 304
f 305 306 303
f 307 303 306
f 302 305 303
f 304 303 307
f 308 309 306
f 310 306 309
f 305 308 306
f 307 306 310
f 311 312 309
f 313 309 312
f 314 311 309
f 308 314 309
f 310 309 313
f 315 316 312
f 317 312 316
f 318 315 312
f 311 318 312
f 313 312 317
f 319 320 316
f 321 316 320
f 315 319 316
f 317 316 321
f 322 323 320
f 324 320 323
f 319 322 320
f 321 320 324
f 325 326 323
f 327 323 326
f 322 325 323
f 324 323 327
f 328 329 326
f 330 326 329
f 331 328 326
f 325 331 326
f 327 326 330
f 332 333 329
f 334 329 333
f 328 332 329
f 330 329 334
f 335 336 333
f 337 333 336
f 332 335 333
f 334 333 337
f 338 339 336
f 340 336 339
f 341 338 336
f 335 341 336
f 337 336 340
f 342 343 339
f 344 339 343
f 338 342 339
f 340 339 344
f 345 346 343
f 347 343 346
f 342 345 343
f 344 343 347
f 348 349 346
f 350 346 349
f 345 348 346
f 347 346 350
f 351 352 349
f 353 349 352
f 354 351 349
f 348 354 349
f 350 349 353
f 355 356 352
f 357 352 356
f 358 355 352
f 351 358 352
f 353 352 357
f 359 360 356
f 361 356 360
f 355 359 356
f 357 356 361
f 359 362 360
f 363 360 362
f 361 360 363
f 364 365 362
f 366 362 365
f 367 364 362
f 359 367 362
f 363 362 366
f 368 369 365
f 370 365 369
f 371 368 365
f 364 371 365
f 366 365 370
f 372 373 369
f 374 369 373
f 368 372 369
f 370 369 374
f 375 376 373
f 377 373 376
f 372 375 373
f 374 373 377
f 378 379 376
f 380 376 379
f 375 378 376
f 377 376 380
f 381 382 379
f 383 379 382
f 384 381 379
f 378 384 379
f 380 379 383
f 385 386 382
f 387 382 386
f 381 385 382
f 383 382 387
f 388 389 386
f 390 386 389
f 385 388 386
f 387 386 390
f 391 392 389
f 393 389 392
f 394 391 389
f 388 394 389
f 390 389 393
f 395 396 392
f 397 392 396
f 391 395 392
f 393 392 397
f 398 399 396
f 400 396 399
f 395 398 396
f 397 396 400
f 401 402 399
f 403 399 402
f 398 401 399
f 400 399 403
f 404 405 402
f 406 402 405
f 407 404 402
f 401 407 402
f 403 402 406
f 408 409 405
f 410 405 409
f 411 408 405
f 404 411 405
f 406 405 410
f 412 413 409
f 414 409 413
f 408 412 409
f 410 409 414
f 412 415 413
f 416 413 415
f 414 413 416
f 417 418 415
f 419 415 418
f 420 417 415
f 412 420 415
f 416 415 419
f 421 422 418
f 423 418 422
f 424 421 418
f 417 424 418
f 419 418 423
f 425 426 422
f 427 422 426
f 421 425 422
f 423 422 427
f 428 429 426
f 430 426 429
f 425 428 426
f 427 426 430
f 431 432 429
f 433 429 432
f 428 431 429
f 430 429 433
f 434 435 432
f 436 432 435
f 437 434 432
f 431 437 432
f 433 432 436
f 438 439 435
f 440 435 439
f 434 438 435
f 436 435 440
f 441 442 439
f 443 439 442
f 438 441 439
f 440 439 443
f 444 445 442
f 446 442 445
f 447 444 442
f 441 447 442
f 443 442 446
f 448 449 445
f 450 445 449
f 444 448 445
f 446 445 450
f 451 452 449
f 453 449 452
f 448 451 449
f 450 449 453
f 454 455 452
f 456 452 455
f 451 454 452
f 453 452 456
f 457 458 455
f 459 455 458
f 460 457 455
f 454 460 455
f 456 455 459
f 461 462 458
f 463 458 462
f 464 461 458
f 457 464 458
f 459 458 463
f 465 466 462
f 467 462 466
f 461 465 462
f 463 462 467
f 465 468 466
f 469 466 468
f 467 466 469
f 470 471 468
f 472 468 471
f 473 470 468
f 465 473 468
f 469 468 472
f 474 475 471
f 476 471 475
f 477 474 471
f 470 477 471
f 472 471 476
f 478 479 475
f 480 475 479
f 474 478 475
f 476 475 480
f 481 482 479
f 483 479 482
f 478 481 479
f 480 479 483
f 484 485 482
f 486 482 485
f 481 484 482
f 483 482 486
f 487 488 485
f 489 485 488
f 490 487 485
f 484 490 485
f 486 485 489
f 491 492 488
f 493 488 492
f 487 491 488
f 489 488 493
f 494 495 492
f 496 492 495
f 491 494 492
f 493 492 496
f 497 498 495
f 499 495 498
f 500 497 495
f 494 500 495
f 496 495 499
f 501 502 498
f 503 498 502
f 497 501 498
f 499 498 503
f 504 505 502
f 506 502 505
f 501 504 502
f 503 502 506
f 507 508 505
f 509 505 508
f 504 507 505
f 506 505 509
f 510 511 508
f 512 508 511
f 513 510 508
f 507 513 508
f 509 508 512
f 514 515 511
f 516 511 515
f 517 514 511
f 510 517 511
f 512 511 516
f 518 519 515
f 520 515 519
f 514 518 515
f 516 515 520
f 518 521 519
f 522 519 521
f 520 519 522
f 523 524 521
f 525 521 524
f 526 523 521
f 518 526 521
f 522 521 525
f 527 528 524
f 529 524 528
f 530 527 524
f 523 530 524
f 525 524 529
f 531 532 528
f 533 528 532
f 527 531 528
f 529 528 533
f 534 535 532
f 536 532 535
f 531 534 532
f 533 532 536
f 537 538 535
f 539 535 538
f 534 537 535
f 536 535 539
f 540 541 538
f 542 538 541
f 543 540 538
f 537 543 538
f 539 538 542
f 544 545 541
f 546 541 545
f 540 544 541
f 542 541 546
f 547 548 545
f 549 545 548
f 544 547 545
f 546 545 549
f 550 551 548
f 552 548 551
f 553 550 548
f 547 553 548
f 549 548 552
f 554 555 551
f 556 551 555
f 550 554 551
f 552 551 556
f 557 558 555
f 559 555 558
f 554 557 555
f 556 555 559
f 560 561 558
f 562 558 561
f 557 560 558
f 559 558 562
f 563 564 561
f 565 561 564
f 566 563 561
f 560 566 561
f 562 561 565
f 567 568 564
f 569 564 568
f 570 567 564
f 563 570 564
f 565 564 569
f 571 572 568
f 573 568 572
f 567 571 568
f 569 568 573
f 574 575 572
f 576 572 575
f 571 574 572
f 573 572 576
f 577 578 575
f 579 575 578
f 574 577 575
f 576 575 579
f 580 581 578
f 582 578 581
f 583 580 578
f 577 583 578
f 579 578 582
f 584 585 581
f 586 581 585
f 580 584 581
f 582 581 586
f 587 588 585
f 589 585 588
f 584 587 585
f 586 585 589
f 590 591 588
f 592 588 591
f 587 590 588
f 589 588 592
f 593 594 591
f 595 591 594
f 596 593 591
f 590 596 591
f 592 591 595
f 597 598 594
f 599 594 598
f 593 597 594
f 595 594 599
f 600 601 598
f 602 598 601
f 597 600 598
f 599 598 602
f 603 604 601
f 605 601 604
f 606 603 601
f 600 606 601
f 602 601 605
f 607 608 604
f 609 604 608
f 603 607 604
f 605 604 609
f 610 611 608
f 612 608 611
f 607 610 608
f 609 608 612
f 613 614 611
f 615 611 614
f 610 613 611
f 612 611 615
f 616 617 614
f 618 614 617
f 619 616 614
f 613 619 614
f 615 614 618
f 620 621 617
f 622 617 621
f 623 620 617
f 616 623 617
f 618 617 622
f 624 625 621
f 626 621 625
f 620 624 621
f 622 621 626
f 627 628 625
f 629 625 628
f 624 627 625
f 626 625 629
f 630 631 628
f 632 628 631
f 627 630 628
f 629 628 632
f 633 634 631
f 635 631 634
f 636 633 631
f 630 636 631
f 632 631 635
f 637 638 634
f 639 634 638
f 633 637 634
f 635 634 639
f 640 641 638
f 642 638 641
f 637 640 638
f 639 638 642
f 643 644 641
f 645 641 644
f 640 643 641
f 642 641 645
f 646 647 644
f 648 644 647
f 649 646 644
f 643 649 644
f 645 644 648
f 650 651 647
f 652 647 651
f 646 650 647
f 648 647 652
f 653 654 651
f 655 651 654
f 650 653 651
f 652 651 655
f 656 657 654
f 658 654 657
f 659 656 654
f 653 659 654
f 655 654 658
f 660 661 657
f 662 657 661
f 656 660 657
f 658 657 662
f 663 664 661
f 665 661 664
f 660 663 661
f 662 661 665
f 666 667 664
f 668 664 667
f 663 666 664
f 665 664 668
f 669 670 667
f 671 667 670
f 672 669 667
f 666 672 667
f 668 667 671
f 673 674 670
f 675 670 674
f 676 673 670
f 669 676 670
f 671 670 675
f 677 678 674
f 679 674 678
f 673 677 674
f 675 674 679
f 680 681 678
f 682 678 681
f 677 680 678
f 679 678 682
f 683 684 681
f 685 681 684
f 680 683 681
f 682 681 685
f 686 687 684
f 688 684 687
f 689 686 684
f 683 689 684
f 685 684 688
f 690 691 687
f 692 687 691
f 686 690 687
f 688 687 692
f 693 694 691
f 695 691 694
f 690 693 691
f 692 691 695
f 696 697 694
f 698 694 697
f 693 696 694
f 695 694 698
f 699 700 697
f 701 697 700
f 702 699 697
f 696 702 697
f 698 697 701
f 703 704 700
f 705 700 704
f 699 703 700
f 701 700 705
f 706 707 704
f 708 704 707
f 703 706 704
f 705 704 708
f 709 710 707
f 711 707 710
f 712 709 707
f 706 712 707
f 708 707 711
f 713 714 710
f 715 710 714
f 709 713 710
f 711 710 715
f 716 717 714
f 718 714 717
f 713 716 714
f 715 714 718
f 719 720 717
f 721 717 720
f 716 719 717
f 718 717 721
f 722 723 720
f 724 720 723
f 725 722 720
f 719 725 720
f 721 720 724
f 726 727 723
f 728 723 727
f 729 726 723
f 722 729 723
f 724 723 728
f 730 731 727
f 732 727 731
f 726 730 727
f 728 727 732
f 733 734 731
f 735 731 734
f 730 733 731
f 732 731 735
f 736 737 734
f 738 734 737
f 733 736 734
f 735 734 738
f 739 740 737
f 741 737 740
f 742 739 737
f 736 742 737
f 738 737 741
f 743 744 740
f 745 740 744
f 739 743 740
f 741 740 745
f 746 747 744
f 748 744 747
f 743 746 744
f 745 744 748
f 749 750 747
f 751 747 750
f 746 749 747
f 748 747 751
f 752 753 750
f 754 750 753
f 755 752 750
f 749 755 750
f 751 750 754
f 756 757 753
f 758 753 757
f 752 756 753
f 754 753 758
f 759 760 757
f 761 757 760
f 756 759 757
f 758 757 761
f 762 763 760
f 764 760 763
f 765 762 760
f 759 765 760
f 761 760 764
f 766 767 763
f 768 763 767
f 762 766 763
f 764 763 768
f 769 770 767
f 771 767 770
f 766 769 767
f 768 767 771
f 772 773 770
f 774 770 773
f 769 772 770
f 771 770 774
f 775 776 773
f 777 773 776
f 778 775 773
f 772 778 773
f 774 773 777
f 779 780 776
f 781 776 780
f 782 779 776
f 775 782 776
f 777 776 781
f 783 784 780
f 785 780 784
f 779 783 780
f 781 780 785
f 786 787 784
f 788 784 787
f 783 786 784
f 785 784 788
f 789 790 787
f 791 787 790
f 786 789 787
f 788 787 791
f 792 793 790
f 794 790 793
f 795 792 790
f 789 795 790
f 791 790 794
f 796 797 793
f 798 793 797
f 792 796 793
f 794 793 798
f 799 800 797
f 801 797 800
f 796 799 797
f 798 797 801
f 802 803 800
f 804 800 803
f 799 802 800
f 801 800 804
f 805 806 803
f 807 803 806
f 808 805 803
f 802 808 803
f 804 803 807
f 809 810 806
f 811 806 810
f 805 809 806
f 807 806 811
f 812 813 810
f 814 810 813
f 809 812 810
f 811 810 814
f 815 816 813
f 817 813 816
f 818 815 813
f 812 818 813
f 814 813 817
f 819 820 816
f 821 816 820
f 815 819 816
f 817 816 821
f 822 823 820
f 824 820 823
f 819 822 820
f 821 820 824
f 825 826 823
f 827 823 826
f 822 825 823
f 824 823 827
f 828 829 826
f 830 826 829
f 831 828 826
f 825 831 826
f 827 826 830
f 832 833 829
f 834 829 833
f 835 832 829
f 828 835 829
f 830 829 834
f 836 837 833
f 838 833 837
f 832 836 833
f 834 833 838
f 839 840 837
f 841 837 840
f 836 839 837
f 838 837 841
f 842 843 840
f 844 840 843
f 839 842 840
f 841 840 844
f 845 846 843
f 847 843 846
f 848 845 843
f 842 848 843
f 844 843 847
f 849 850 846
f 851 846 850
f 845 849 846
f 847 846 851
f 852 853 850
f 854 850 853
f 849 852 850
f 851 850 854
f 855 856 853
f 857 853 856
f 858 855 853
f 852 858 853
f 854 853 857
f 859 860 856
f 861 856 860
f 855 859 856
f 857 856 861
f 862 863 860
f 864 860 863
f 859 862 860
f 861 860 864
f 865 866 863
f 867 863 866
f 862 865 863
f 864 863 867
f 868 869 866
f 870 866 869
f 871 868 866
f 865 871 866
f 867 866 870
f 872 873 869
f 874 869 873
f 868 872 869
f 870 869 874
f 875 876 873
f 877 873 876
f 872 875 873
f 874 873 877
f 878 879 876
f 880 876 879
f 875 878 876
f 877 876 880
f 881 882 879
f 883 879 882
f 878 881 879
f 883 880 879
f 220 221 882
f 219 882 221
f 881 220 882
f 884 882 219
f 883 882 884
f 885 201 203
f 885 202 201
f 886 203 205
f 886 885 203
f 887 205 209
f 887 886 205
f 888 209 208
f 888 887 209
f 889 208 213
f 889 888 208
f 890 213 218
f 890 889 213
f 891 218 216
f 891 890 218
f 892 216 222
f 892 891 216
f 893 222 220
f 893 892 222
f 894 220 881
f 894 893 220
f 895 881 878
f 895 894 881
f 896 878 875
f 896 895 878
f 897 875 872
f 897 896 875
f 898 872 868
f 898 897 872
f 899 868 871
f 899 898 868
f 900 871 865
f 900 899 871
f 901 865 862
f 901 900 865
f 902 862 859
f 902 901 862
f 903 859 855
f 903 902 859
f 904 855 858
f 904 903 855
f 905 858 852
f 905 904 858
f 906 852 849
f 906 905 852
f 907 849 845
f 907 906 849
f 908 845 848
f 908 907 845
f 909 848 842
f 909 908 848
f 910 842 839
f 910 909 842
f 911 839 836
f 911 910 839
f 912 836 832
f 912 911 836
f 913 832 835
f 913 912 832
f 914 835 828
f 914 913 835
f 915 828 831
f 915 914 828
f 916 831 825
f 916 915 831
f 917 825 822
f 917 916 825
f 918 822 819
f 918 917 822
f 919 819 815
f 919 918 819
f 920 815 818
f 920 919 815
f 921 818 812
f 921 920 818
f 922 812 809
f 922 921 812
f 923 809 805
f 923 922 809
f 924 805 808
f 924 923 805
f 925 808 802
f 925 924 808
f 926 802 799
f 926 925 802
f 927 799 796
f 927 926 799
f 928 796 792
f 928 927 796
f 929 792 795
f 929 928 792
f 930 795 789
f 930 929 795
f 931 789 786
f 931 930 789
f 932 786 783
f 932 931 786
f 933 783 779
f 933 932 783
f 934 779 782
f 934 933 779
f 935 782 775
f 935 934 782
f 936 775 778
f 936 935 775
f 937 778 772
f 937 936 778
f 938 772 769
f 938 937 772
f 939 769 766
f 939 938 769
f 940 766 762
f 940 939 766
f 941 762 765
f 941 940 762
f 942 765 759
f 942 941 765
f 943 759 756
f 943 942 759
f 944 756 752
f 944 943 756
f 945 752 755
f 945 944 752
f 946 755 749
f 946 945 755
f 947 749 746
f 947 946 749
f 948 746 743
f 948 947 746
f 949 743 739
f 949 948 743
f 950 739 742
f 950 949 739
f 951 742 736
f 951 950 742
f 952 736 733
f 952 951 736
f 953 733 730
f 953 952 733
f 954 730 726
f 954 953 730
f 955 726 729
f 955 954 726
f 956 729 722
f 956 955 729
f 957 722 725
f 957 956 722
f 958 725 719
f 958 957 725
f 959 719 716
f 959 958 719
f 960 716 713
f 960 959 716
f 961 713 709
f 961 960 713
f 962 709 712
f 962 961 709
f 963 712 706
f 963 962 712
f 964 706 703
f 964 963 706
f 965 703 699
f 965 964 703
f 966 699 702
f 966 965 699
f 967 702 696
f 967 966 702
f 968 696 693
f 968 967 696
f 969 693 690
f 969 968 693
f 970 690 686
f 970 969 690
f 971 686 689
f 971 970 686
f 972 689 683
f 972 971 689
f 973 683 680
f 973 972 683
f 974 680 677
f 974 973 680
f 975 677 673
f 975 974 677
f 976 673 676
f 976 975 673
f 977 676 669
f 977 976 676
f 978 669 672
f 978 977 669
f 979 672 666
f 979 978 672
f 980 666 663
f 980 979 666
f 981 663 660
f 981 980 663
f 982 660 656
f 982 981 660
f 983 656 659
f 983 982 656
f 984 659 653
f 984 983 659
f 985 653 650
f 985 984 653
f 986 650 646
f 986 985 650
f 987 646 649
f 987 986 646
f 988 649 643
f 988 987 649
f 989 643 640
f 989 988 643
f 990 640 637
f 990 989 640
f 991 637 633
f 991 990 637
f 992 633 636
f 992 991 633
f 993 636 630
f 993 992 636
f 994 630 627
f 994 993 630
f 995 627 624
f 995 994 627
f 996 624 620
f 996 995 624
f 997 620 623
f 997 996 620
f 998 623 616
f 998 997 623
f 999 616 619
f 999 998 616
f 1000 619 613
f 1000 999 619
f 1001 613 610
f 1001 1000 613
f 1002 610 607
f 1002 1001 610
f 1003 607 603
f 1003 1002 607
f 1004 603 606
f 1004 1003 603
f 1005 606 600
f 1005 1004 606
f 1006 600 597
f 1006 1005 600
f 1007 597 593
f 1007 1006 597
f 1008 593 596
f 1008 1007 593
f 1009 596 590
f 1009 1008 596
f 1010 590 587
f 1010 1009 590
f 1011 587 584
f 1011 1010 587
f 1012 584 580
f 1012 1011 584
f 1013 580 583
f 1013 1012 580
f 1014 583 577
f 1014 1013 583
f 1015 577 574
f 1015 1014 577
f 1016 574 571
f 1016 1015 574
f 1017 571 567
f 1017 1016 571
f 1018 567 570
f 1018 1017 567
f 1019 570 563
f 1019 1018 570
f 1020 563 566
f 1020 1019 563
f 1021 566 560
f 1021 1020 566
f 1022 560 557
f 1022 1021 560
f 1023 557 554
f 1023 1022 557
f 1024 554 550
f 1024 1023 554
f 1025 550 553
f 1025 1024 550
f 1026 553 547
f 1026 1025 553
f 1027 547 544
f 1027 1026 547
f 1028 544 540
f 1028 1027 544
f 1029 540 543
f 1029 1028 540
f 1030 543 537
f 1030 1029 543
f 1031 537 534
f 1031 1030 537
f 1032 534 531
f 1032 1031 534
f 1033 531 527
f 1033 1032 531
f 1034 527 530
f 1034 1033 527
f 1035 530 523
f 1035 1034 530
f 1036 523 526
f 1036 1035 523
f 1037 526 518
f 1037 1036 526
f 1038 518 514
f 1038 1037 518
f 1039 514 517
f 1039 1038 514
f 1040 517 510
f 1040 1039 517
f 1041 510 513
f 1041 1040 510
f 1042 513 507
f 1042 1041 513
f 1043 507 504
f 1043 1042 507
f 1044 504 501
f 1044 1043 504
f 1045 501 497
f 1045 1044 501
f 1046 497 500
f 1046 1045 497
f 1047 500 494
f 1047 1046 500
f 1048 494 491
f 1048 1047 494
f 1049 491 487
f 1049 1048 491
f 1050 487 490
f 1050 1049 487
f 1051 490 484
f 1051 1050 490
f 1052 484 481
f 1052 1051 484
f 1053 481 478
f 1053 1052 481
f 1054 478 474
f 1054 1053 478
f 1055 474 477
f 1055 1054 474
f 1056 477 470
f 1056 1055 477
f 1057 470 473
f 1057 1056 470
f 1058 473 465
f 1058 1057 473
f 1059 465 461
f 1059 1058 465
f 1060 461 464
f 1060 1059 461
f 1061 464 457
f 1061 1060 464
f 1062 457 460
f 1062 1061 457
f 1063 460 454
f 1063 1062 460
f 1064 454 451
f 1064 1063 454
f 1065 451 448
f 1065 1064 451
f 1066 448 444
f 1066 1065 448
f 1067 444 447
f 1067 1066 444
f 1068 447 441
f 1068 1067 447
f 1069 441 438
f 1069 1068 441
f 1070 438 434
f 1070 1069 438
f 1071 434 437
f 1071 1070 434
f 1072 437 431
f 1072 1071 437
f 1073 431 428
f 1073 1072 431
f 1074 428 425
f 1074 1073 428
f 1075 425 421
f 1075 1074 425
f 1076 421 424
f 1076 1075 421
f 1077 424 417
f 1077 1076 424
f 1078 417 420
f 1078 1077 417
f 1079 420 412
f 1079 1078 420
f 1080 412 408
f 1080 1079 412
f 1081 408 411
f 1081 1080 408
f 1082 411 404
f 1082 1081 411
f 1083 404 407
f 1083 1082 404
f 1084 407 401
f 1084 1083 407
f 1085 401 398
f 1085 1084 401
f 1086 398 395
f 1086 1085 398
f 1087 395 391
f 1087 1086 395
f 1088 391 394
f 1088 1087 391
f 1089 394 388
f 1089 1088 394
f 1090 388 385
f 1090 1089 388
f 1091 385 381
f 1091 1090 385
f 1092 381 384
f 1092 1091 381
f 1093 384 378
f 1093 1092 384
f 1094 378 375
f 1094 1093 378
f 1095 375 372
f 1095 1094 375
f 1096 372 368
f 1096 1095 372
f 1097 368 371
f 1097 1096 368
f 1098 371 364
f 1098 1097 371
f 1099 364 367
f 1099 1098 364
f 1100 367 359
f 1100 1099 367
f 1101 359 355
f 1101 1100 359
f 1102 355 358
f 1102 1101 355
f 1103 358 351
f 1103 1102 358
f 1104 351 354
f 1104 1103 351
f 1105 354 348
f 1105 1104 354
f 1106 348 345
f 1106 1105 348
f 1107 345 342
f 1107 1106 345
f 1108 342 338
f 1108 1107 342
f 1109 338 341
f 1109 1108 338
f 1110 341 335
f 1110 1109 341
f 1111 335 332
f 1111 1110 335
f 1112 332 328
f 1112 1111 332
f 1113 328 331
f 1113 1112 328
f 1114 331 325
f 1114 1113 331
f 1115 325 322
f 1115 1114 325
f 1116 322 319
f 1116 1115 322
f 1117 319 315
f 1117 1116 319
f 1118 315 318
f 1118 1117 315
f 1119 318 311
f 1119 1118 318
f 1120 311 314
f 1120 1119 311
f 1121 314 308
f 1121 1120 314
f 1122 308 305
f 1121 308 1122
f 1123 305 302
f 1122 305 1123
f 229 302 228
f 229 1123 302
f 1124 1122 1123
f 229 1124 1123
f 295 1122 1124
f 296 1121 1122
f 295 296 1122
f 295 1124 229
f 295 229 226
f 294 226 231
f 294 295 226
f 884 200 202
f 884 219 200
f 880 202 885
f 880 884 202
f 880 885 886
f 877 886 887
f 877 880 886
f 874 887 888
f 874 877 887
f 874 888 889
f 870 889 890
f 870 874 889
f 867 890 891
f 867 870 890
f 864 891 892
f 864 867 891
f 861 892 893
f 861 864 892
f 861 893 894
f 857 894 895
f 857 861 894
f 854 895 896
f 854 857 895
f 851 896 897
f 851 854 896
f 851 897 898
f 847 898 899
f 847 851 898
f 844 899 900
f 844 847 899
f 841 900 901
f 841 844 900
f 838 901 902
f 838 841 901
f 838 902 903
f 834 903 904
f 834 838 903
f 834 904 905
f 830 905 906
f 830 834 905
f 824 906 907
f 827 830 906
f 824 827 906
f 824 907 908
f 821 908 909
f 821 824 908
f 821 909 910
f 817 910 911
f 817 821 910
f 814 911 912
f 814 817 911
f 811 912 913
f 811 814 912
f 807 913 914
f 807 811 913
f 807 914 915
f 804 915 916
f 804 807 915
f 801 916 917
f 801 804 916
f 798 917 918
f 798 801 917
f 798 918 919
f 794 919 920
f 794 798 919
f 791 920 921
f 791 794 920
f 788 921 922
f 788 791 921
f 785 922 923
f 785 788 922
f 785 923 924
f 781 924 925
f 781 785 924
f 781 925 926
f 777 926 927
f 777 781 926
f 771 927 928
f 774 777 927
f 771 774 927
f 771 928 929
f 768 929 930
f 768 771 929
f 768 930 931
f 764 931 932
f 764 768 931
f 761 932 933
f 761 764 932
f 758 933 934
f 758 761 933
f 754 934 935
f 754 758 934
f 754 935 936
f 751 936 937
f 751 754 936
f 748 937 938
f 748 751 937
f 745 938 939
f 745 748 938
f 745 939 940
f 741 940 941
f 741 745 940
f 738 941 942
f 738 741 941
f 735 942 943
f 735 738 942
f 732 943 944
f 732 735 943
f 732 944 945
f 728 945 946
f 728 732 945
f 728 946 947
f 724 947 948
f 724 728 947
f 718 948 949
f 721 724 948
f 718 721 948
f 718 949 950
f 715 950 951
f 715 718 950
f 715 951 952
f 711 952 953
f 711 715 952
f 708 953 954
f 708 711 953
f 705 954 955
f 705 708 954
f 701 955 956
f 701 705 955
f 701 956 957
f 698 957 958
f 698 701 957
f 695 958 959
f 695 698 958
f 692 959 960
f 692 695 959
f 692 960 961
f 688 961 962
f 688 692 961
f 685 962 963
f 685 688 962
f 682 963 964
f 682 685 963
f 679 964 965
f 679 682 964
f 679 965 966
f 675 966 967
f 675 679 966
f 675 967 968
f 671 968 969
f 671 675 968
f 668 969 970
f 668 671 969
f 665 970 971
f 665 668 970
f 662 971 972
f 662 665 971
f 662 972 973
f 658 973 974
f 658 662 973
f 655 974 975
f 655 658 974
f 652 975 976
f 652 655 975
f 648 976 977
f 648 652 976
f 648 977 978
f 645 978 979
f 645 648 978
f 642 979 980
f 642 645 979
f 639 980 981
f 639 642 980
f 639 981 982
f 635 982 983
f 635 639 982
f 632 983 984
f 632 635 983
f 629 984 985
f 629 632 984
f 626 985 986
f 626 629 985
f 626 986 987
f 622 987 988
f 622 626 987
f 622 988 989
f 618 989 990
f 618 622 989
f 615 990 991
f 615 618 990
f 612 991 992
f 612 615 991
f 609 992 993
f 609 612 992
f 609 993 994
f 605 994 995
f 605 609 994
f 602 995 996
f 602 605 995
f 599 996 997
f 599 602 996
f 595 997 998
f 595 599 997
f 595 998 999
f 592 999 1000
f 592 595 999
f 589 1000 1001
f 589 592 1000
f 586 1001 1002
f 586 589 1001
f 586 1002 1003
f 582 1003 1004
f 582 586 1003
f 579 1004 1005
f 579 582 1004
f 576 1005 1006
f 576 579 1005
f 573 1006 1007
f 573 576 1006
f 573 1007 1008
f 569 1008 1009
f 569 573 1008
f 569 1009 1010
f 565 1010 1011
f 565 569 1010
f 562 1011 1012
f 562 565 1011
f 559 1012 1013
f 559 562 1012
f 556 1013 1014
f 556 559 1013
f 556 1014 1015
f 552 1015 1016
f 552 556 1015
f 549 1016 1017
f 549 552 1016
f 546 1017 1018
f 546 549 1017
f 542 1018 1019
f 542 546 1018
f 542 1019 1020
f 539 1020 1021
f 539 542 1020
f 536 1021 1022
f 536 539 1021
f 533 1022 1023
f 533 536 1022
f 533 1023 1024
f 529 1024 1025
f 529 533 1024
f 525 1025 1026
f 525 529 1025
f 522 1026 1027
f 522 525 1026
f 520 1027 1028
f 520 522 1027
f 520 1028 1029
f 516 1029 1030
f 516 520 1029
f 516 1030 1031
f 512 1031 1032
f 512 516 1031
f 509 1032 1033
f 509 512 1032
f 506 1033 1034
f 506 509 1033
f 503 1034 1035
f 503 506 1034
f 503 1035 1036
f 499 1036 1037
f 499 503 1036
f 496 1037 1038
f 496 499 1037
f 493 1038 1039
f 493 496 1038
f 489 1039 1040
f 489 493 1039
f 489 1040 1041
f 486 1041 1042
f 486 489 1041
f 483 1042 1043
f 483 486 1042
f 480 1043 1044
f 480 483 1043
f 480 1044 1045
f 476 1045 1046
f 476 480 1045
f 472 1046 1047
f 472 476 1046
f 469 1047 1048
f 469 472 1047
f 467 1048 1049
f 467 469 1048
f 467 1049 1050
f 463 1050 1051
f 463 467 1050
f 463 1051 1052
f 459 1052 1053
f 459 463 1052
f 456 1053 1054
f 456 459 1053
f 453 1054 1055
f 453 456 1054
f 450 1055 1056
f 450 453 1055
f 450 1056 1057
f 446 1057 1058
f 446 450 1057
f 443 1058 1059
f 443 446 1058
f 440 1059 1060
f 440 443 1059
f 436 1060 1061
f 436 440 1060
f 436 1061 1062
f 433 1062 1063
f 433 436 1062
f 430 1063 1064
f 430 433 1063
f 427 1064 1065
f 427 430 1064
f 427 1065 1066
f 423 1066 1067
f 423 427 1066
f 419 1067 1068
f 419 423 1067
f 416 1068 1069
f 416 419 1068
f 414 1069 1070
f 414 416 1069
f 414 1070 1071
f 410 1071 1072
f 410 414 1071
f 410 1072 1073
f 406 1073 1074
f 406 410 1073
f 403 1074 1075
f 403 406 1074
f 400 1075 1076
f 400 403 1075
f 397 1076 1077
f 397 400 1076
f 397 1077 1078
f 393 1078 1079
f 393 397 1078
f 390 1079 1080
f 390 393 1079
f 387 1080 1081
f 387 390 1080
f 387 1081 1082
f 383 1082 1083
f 383 387 1082
f 380 1083 1084
f 380 383 1083
f 377 1084 1085
f 377 380 1084
f 374 1085 1086
f 374 377 1085
f 374 1086 1087
f 370 1087 1088
f 370 374 1087
f 370 1088 1089
f 366 1089 1090
f 366 370 1089
f 361 1090 1091
f 363 366 1090
f 361 363 1090
f 361 1091 1092
f 357 1092 1093
f 357 361 1092
f 357 1093 1094
f 353 1094 1095
f 353 357 1094
f 350 1095 1096
f 350 353 1095
f 347 1096 1097
f 347 350 1096
f 344 1097 1098
f 344 347 1097
f 344 1098 1099
f 340 1099 1100
f 340 344 1099
f 337 1100 1101
f 337 340 1100
f 334 1101 1102
f 334 337 1101
f 334 1102 1103
f 330 1103 1104
f 330 334 1103
f 327 1104 1105
f 327 330 1104
f 324 1105 1106
f 324 327 1105
f 321 1106 1107
f 321 324 1106
f 321 1107 1108
f 317 1108 1109
f 317 321 1108
f 317 1109 1110
f 313 1110 1111
f 313 317 1110
f 307 1111 1112
f 310 313 1111
f 307 310 1111
f 307 1112 1113
f 304 1113 1114
f 304 307 1113
f 304 1114 1115
f 301 1115 1116
f 301 304 1115
f 300 1116 1117
f 300 301 1116
f 299 1117 1118
f 299 300 1117
f 298 1118 1119
f 298 299 1118
f 298 1119 1120
f 297 1120 1121
f 297 298 1120
f 296 297 1121
f 287 250 254
f 286 287 254
f 256 286 254
f 288 247 250
f 287 288 250
f 289 244 247
f 288 289 247
f 290 242 244
f 289 290 244
f 291 239 242
f 290 291 242
f 292 234 239
f 291 292 239
f 293 231 234
f 292 293 234
f 293 294 231
f 883 884 880
f 256 284 286
f 256 259 284
f 1125 284 259
f 1125 285 284
f 1125 259 264
f 1125 264 265
f 1126 265 262
f 1126 1125 265
f 1127 262 268
f 1127 1126 262
f 1128 1127 268
f 270 1128 268
f 1129 285 1125
f 281 283 285
f 1130 281 285
f 1129 1131 285
f 1130 285 1131
f 1132 1125 1126
f 1132 1129 1125
f 1133 1126 1127
f 1133 1132 1126
f 1133 1127 1128
f 1133 1128 1134
f 1135 1134 1128
f 270 1135 1128
f 278 281 1130
f 1135 1136 1134
f 1137 1134 1136
f 1138 1133 1134
f 1137 1138 1134
f 1139 1140 1136
f 1141 1136 1140
f 1131 1139 1136
f 1142 1131 1136
f 1135 1142 1136
f 1141 1137 1136
f 1139 1143 1140
f 1144 1140 1143
f 1141 1140 1144
f 1145 1143 1139
f 1144 1143 1145
f 1146 1139 1131
f 1145 1139 1146
f 1147 1131 1129
f 1142 1130 1131
f 1146 1131 1147
f 1148 1129 1132
f 1147 1129 1148
f 1149 1150 1132
f 1151 1132 1150
f 1133 1149 1132
f 1151 1148 1132
f 1149 1152 1150
f 1153 1150 1152
f 1153 1151 1150
f 1154 1152 1149
f 1154 1153 1152
f 1155 1149 1133
f 1155 1154 1149
f 1138 1155 1133
f 278 1130 1142
f 273 1142 1135
f 273 278 1142
f 270 273 1135
f 1137 1148 1151
f 1141 1148 1137
f 1141 1147 1148
f 1138 1151 1153
f 1137 1151 1138
f 1155 1153 1154
f 1138 1153 1155
f 1144 1146 1147
f 1141 1144 1147
f 1144 1145 1146
f 1156 1157 1158
f 1159 1158 1157
f 1160 1156 1158
f 1161 1160 1158
f 1162 1161 1158
f 1159 1162 1158
f 1163 1164 1157
f 1165 1157 1164
f 1156 1163 1157
f 1165 1159 1157
f 1166 1167 1164
f 1168 1164 1167
f 1163 1166 1164
f 1165 1164 1168
f 1169 1170 1167
f 1171 1167 1170
f 1166 1169 1167
f 1171 1168 1167
f 1172 1170 1169
f 1172 1173 1170
f 1174 1170 1173
f 1174 1171 1170
f 1175 1169 1166
f 1176 1172 1169
f 1176 1169 1175
f 1177 1166 1163
f 1177 1175 1166
f 1178 1163 1156
f 1177 1163 1178
f 1179 1156 1160
f 1179 1178 1156
f 1180 1160 1161
f 1181 1160 1180
f 1179 1160 1181
f 1182 1183 1173
f 1184 1173 1183
f 1172 1182 1173
f 1184 1174 1173
f 1180 1161 1183
f 1185 1183 1161
f 1182 1180 1183
f 1185 1184 1183
f 1162 1185 1161
f 1186 1180 1182
f 1186 1181 1180
f 1187 1182 1172
f 1186 1182 1187
f 1176 1187 1172
f 1188 1168 1171
f 1189 1165 1168
f 1190 1189 1168
f 1191 1190 1168
f 1192 1191 1168
f 1193 1168 1188
f 1193 1192 1168
f 1194 1171 1174
f 1188 1171 1195
f 1194 1195 1171
f 1196 1174 1184
f 1175 1174 1196
f 1197 1194 1174
f 1175 1197 1174
f 1185 1198 1184
f 1199 1184 1198
f 1196 1184 1200
f 1199 1200 1184
f 1185 1201 1198
f 1202 1198 1201
f 1187 1198 1202
f 1203 1199 1198
f 1187 1203 1198
f 1204 1201 1185
f 1202 1201 1205
f 1204 1205 1201
f 1206 1185 1162
f 1207 1185 1206
f 1208 1204 1185
f 1207 1208 1185
f 1209 1162 1159
f 1206 1162 1210
f 1209 1210 1162
f 1211 1159 1165
f 1181 1159 1211
f 1212 1209 1159
f 1181 1212 1159
f 1213 1165 1189
f 1211 1165 1214
f 1213 1214 1165
f 1215 1189 1190
f 1178 1189 1215
f 1216 1213 1189
f 1178 1216 1189
f 1217 1215 1190
f 1191 1217 1190
f 1218 1215 1217
f 1218 1178 1215
f 1219 1217 1191
f 1218 1217 1219
f 1192 1219 1191
f 1220 1188 1195
f 1221 1220 1195
f 1194 1221 1195
f 1220 1193 1188
f 1222 1219 1192
f 1222 1218 1219
f 1222 1192 1193
f 1177 1193 1220
f 1177 1178 1193
f 1222 1193 1178
f 1177 1220 1221
f 1197 1221 1194
f 1177 1221 1197
f 1223 1196 1200
f 1224 1223 1200
f 1199 1224 1200
f 1223 1175 1196
f 1177 1197 1175
f 1176 1175 1223
f 1176 1223 1224
f 1203 1224 1199
f 1176 1224 1203
f 1225 1202 1205
f 1226 1225 1205
f 1204 1226 1205
f 1225 1187 1202
f 1176 1203 1187
f 1227 1187 1225
f 1227 1207 1187
f 1186 1187 1207
f 1227 1225 1226
f 1208 1226 1204
f 1227 1226 1208
f 1228 1206 1210
f 1229 1228 1210
f 1209 1229 1210
f 1228 1207 1206
f 1227 1208 1207
f 1186 1207 1228
f 1186 1228 1229
f 1212 1229 1209
f 1186 1229 1212
f 1230 1214 1231
f 1213 1231 1214
f 1179 1230 1231
f 1216 1231 1213
f 1179 1231 1216
f 1230 1211 1214
f 1230 1181 1211
f 1186 1212 1181
f 1179 1181 1230
f 1179 1216 1178
f 1222 1178 1218
f 1232 1233 1234
f 1235 1234 1233
f 1236 1232 1234
f 1237 1236 1234
f 1238 1237 1234
f 1235 1238 1234
f 1239 1240 1233
f 1241 1233 1240
f 1232 1239 1233
f 1235 1233 1241
f 1242 1243 1240
f 1241 1240 1243
f 1239 1242 1240
f 1244 1245 1243
f 1241 1243 1245
f 1242 1244 1243
f 1246 1247 1245
f 1241 1245 1247
f 1244 1246 1245
f 1248 1247 1246
f 1248 1249 1247
f 1250 1247 1249
f 1250 1241 1247
f 1251 1246 1244
f 1252 1248 1246
f 1251 1252 1246
f 1253 1244 1242
f 1251 1244 1253
f 1253 1242 1239
f 1253 1239 1232
f 1253 1232 1236
f 1254 1236 1237
f 1255 1236 1254
f 1253 1236 1255
f 1256 1257 1249
f 1238 1249 1257
f 1248 1256 1249
f 1238 1250 1249
f 1258 1259 1257
f 1238 1257 1259
f 1256 1258 1257
f 1254 1237 1259
f 1238 1259 1237
f 1258 1254 1259
f 1252 1254 1258
f 1252 1255 1254
f 1252 1258 1256
f 1252 1256 1248
f 1260 1241 1250
f 1261 1235 1241
f 1260 1262 1241
f 1263 1241 1262
f 1261 1241 1263
f 1264 1250 1238
f 1265 1260 1250
f 1265 1250 1264
f 1266 1238 1235
f 1267 1238 1266
f 1268 1238 1267
f 1264 1238 1268
f 1269 1235 1261
f 1266 1235 1269
f 1270 1271 1262
f 1272 1262 1271
f 1260 1270 1262
f 1272 1263 1262
f 1273 1271 1270
f 1274 1272 1271
f 1273 1274 1271
f 1275 1270 1260
f 1275 1276 1270
f 1277 1270 1276
f 1277 1273 1270
f 1275 1260 1265
f 1278 1279 1280
f 1281 1280 1279
f 1282 1278 1280
f 1283 1282 1280
f 1281 1283 1280
f 1278 1284 1279
f 1285 1279 1284
f 1286 1279 1285
f 1281 1279 1286
f 1278 1287 1284
f 1288 1284 1287
f 1288 1285 1284
f 1261 1263 1287
f 1289 1287 1263
f 1278 1261 1287
f 1289 1288 1287
f 1272 1289 1263
f 1269 1261 1278
f 1282 1269 1278
f 1290 1285 1288
f 1286 1285 1290
f 1290 1288 1289
f 1290 1289 1272
f 1291 1290 1272
f 1274 1291 1272
f 1292 1269 1282
f 1293 1269 1292
f 1266 1269 1293
f 1294 1282 1283
f 1292 1282 1294
f 1294 1283 1295
f 1296 1295 1283
f 1297 1283 1281
f 1296 1283 1297
f 1293 1298 1299
f 1300 1299 1298
f 1266 1293 1299
f 1267 1266 1299
f 1301 1302 1299
f 1267 1299 1302
f 1300 1301 1299
f 1292 1303 1298
f 1304 1298 1303
f 1293 1292 1298
f 1305 1300 1298
f 1306 1305 1298
f 1304 1306 1298
f 1294 1307 1303
f 1304 1303 1307
f 1292 1294 1303
f 1295 1308 1307
f 1304 1307 1308
f 1294 1295 1307
f 1309 1308 1295
f 1309 1304 1308
f 1296 1309 1295
f 1310 1311 1302
f 1267 1302 1311
f 1301 1310 1302
f 1312 1313 1311
f 1268 1311 1313
f 1314 1312 1311
f 1310 1314 1311
f 1268 1267 1311
f 1312 1315 1313
f 1316 1313 1315
f 1316 1268 1313
f 1312 1317 1315
f 1318 1315 1317
f 1318 1316 1315
f 1319 1317 1312
f 1320 1318 1317
f 1319 1320 1317
f 1314 1321 1312
f 1322 1312 1321
f 1323 1319 1312
f 1322 1323 1312
f 1322 1321 1314
f 1324 1314 1310
f 1324 1322 1314
f 1325 1310 1301
f 1325 1324 1310
f 1326 1301 1300
f 1325 1301 1326
f 1327 1300 1305
f 1326 1300 1327
f 1328 1305 1306
f 1328 1327 1305
f 1329 1306 1304
f 1328 1306 1329
f 1330 1304 1309
f 1331 1332 1304
f 1329 1304 1332
f 1330 1331 1304
f 1330 1309 1296
f 1264 1268 1316
f 1333 1316 1318
f 1333 1264 1316
f 1333 1318 1320
f 1333 1320 1334
f 1335 1334 1320
f 1319 1335 1320
f 1336 1333 1334
f 1337 1334 1335
f 1336 1334 1337
f 1265 1264 1333
f 1336 1265 1333
f 1338 1335 1319
f 1339 1337 1335
f 1340 1339 1335
f 1338 1340 1335
f 1323 1338 1319
f 1341 1337 1339
f 1342 1336 1337
f 1342 1337 1343
f 1341 1343 1337
f 1340 1344 1339
f 1341 1339 1344
f 1345 1265 1336
f 1275 1265 1345
f 1345 1336 1342
f 1345 1346 1276
f 1347 1276 1346
f 1275 1345 1276
f 1348 1276 1347
f 1349 1277 1276
f 1348 1349 1276
f 1342 1350 1346
f 1347 1346 1350
f 1345 1342 1346
f 1343 1351 1350
f 1347 1350 1351
f 1342 1343 1350
f 1352 1351 1343
f 1352 1347 1351
f 1341 1352 1343
f 1344 1347 1352
f 1353 1348 1347
f 1354 1355 1347
f 1353 1347 1355
f 1344 1354 1347
f 1341 1344 1352
f 1291 1356 1290
f 1357 1290 1356
f 1358 1290 1357
f 1358 1286 1290
f 1357 1356 1291
f 1359 1291 1274
f 1357 1291 1359
f 1360 1274 1273
f 1360 1359 1274
f 1361 1273 1277
f 1360 1273 1361
f 1362 1277 1349
f 1361 1277 1362
f 1363 1349 1348
f 1363 1362 1349
f 1363 1348 1353
f 1353 1355 1354
f 1364 1354 1344
f 1365 1353 1354
f 1366 1354 1364
f 1367 1354 1366
f 1365 1354 1367
f 1368 1344 1340
f 1368 1364 1344
f 1369 1340 1338
f 1370 1340 1369
f 1368 1340 1370
f 1369 1338 1323
f 1322 1371 1323
f 1372 1323 1371
f 1372 1369 1323
f 1373 1371 1322
f 1372 1371 1373
f 1374 1322 1324
f 1375 1373 1322
f 1376 1375 1322
f 1374 1376 1322
f 1365 1363 1353
f 1377 1362 1363
f 1378 1361 1362
f 1378 1362 1377
f 1377 1363 1365
f 1379 1360 1361
f 1378 1379 1361
f 1379 1359 1360
f 1379 1357 1359
f 1380 1358 1357
f 1381 1380 1357
f 1382 1381 1357
f 1383 1382 1357
f 1379 1383 1357
f 1384 1281 1286
f 1358 1384 1286
f 1385 1297 1281
f 1384 1385 1281
f 1330 1296 1297
f 1385 1330 1297
f 1329 1332 1331
f 1386 1331 1330
f 1387 1329 1331
f 1388 1387 1331
f 1389 1388 1331
f 1386 1389 1331
f 1390 1330 1385
f 1390 1386 1330
f 1391 1385 1384
f 1392 1385 1391
f 1390 1385 1392
f 1391 1384 1358
f 1393 1358 1380
f 1393 1391 1358
f 1393 1380 1381
f 1387 1328 1329
f 1394 1327 1328
f 1395 1326 1327
f 1394 1395 1327
f 1387 1394 1328
f 1374 1325 1326
f 1374 1326 1395
f 1374 1324 1325
f 1396 1395 1394
f 1397 1374 1395
f 1397 1395 1398
f 1396 1398 1395
f 1396 1394 1387
f 1399 1387 1388
f 1399 1396 1387
f 1400 1388 1389
f 1400 1399 1388
f 1401 1389 1386
f 1401 1400 1389
f 1401 1386 1390
f 1372 1373 1375
f 1402 1375 1376
f 1372 1375 1402
f 1403 1376 1374
f 1402 1376 1403
f 1403 1374 1397
f 1402 1404 1369
f 1370 1369 1404
f 1372 1402 1369
f 1403 1405 1404
f 1406 1404 1405
f 1402 1403 1404
f 1406 1370 1404
f 1398 1255 1405
f 1407 1405 1255
f 1397 1398 1405
f 1403 1397 1405
f 1406 1405 1407
f 1253 1255 1398
f 1407 1255 1252
f 1253 1398 1396
f 1406 1368 1370
f 1408 1364 1368
f 1408 1366 1364
f 1406 1408 1368
f 1409 1367 1366
f 1408 1409 1366
f 1410 1365 1367
f 1409 1410 1367
f 1411 1377 1365
f 1410 1411 1365
f 1378 1377 1411
f 1252 1411 1410
f 1412 1411 1252
f 1412 1378 1411
f 1407 1410 1409
f 1407 1252 1410
f 1406 1409 1408
f 1406 1407 1409
f 1412 1252 1251
f 1393 1381 1382
f 1413 1382 1383
f 1413 1393 1382
f 1414 1383 1379
f 1413 1383 1414
f 1415 1379 1378
f 1414 1379 1415
f 1415 1378 1412
f 1413 1391 1393
f 1416 1392 1391
f 1413 1416 1391
f 1417 1390 1392
f 1416 1417 1392
f 1417 1401 1390
f 1253 1396 1399
f 1418 1399 1400
f 1418 1253 1399
f 1417 1400 1401
f 1417 1418 1400
f 1251 1253 1418
f 1419 1418 1417
f 1419 1251 1418
f 1416 1419 1417
f 1412 1251 1419
f 1414 1419 1416
f 1415 1412 1419
f 1414 1415 1419
f 1413 1414 1416
f 1420 1421 1422
f 1423 1422 1421
f 1424 1420 1422
f 1425 1424 1422
f 1423 1425 1422
f 1426 1427 1421
f 1423 1421 1427
f 1420 1426 1421
f 1428 1429 1427
f 1430 1427 1429
f 1426 1428 1427
f 1423 1427 1430
f 1431 1432 1429
f 1433 1429 1432
f 1428 1431 1429
f 1430 1429 1433
f 1434 1435 1432
f 1433 1432 1435
f 1431 1434 1432
f 1436 1437 1435
f 1433 1435 1437
f 1434 1436 1435
f 1438 1437 1436
f 1438 1439 1437
f 1440 1437 1439
f 1440 1433 1437
f 1441 1436 1434
f 1442 1438 1436
f 1442 1436 1441
f 1441 1434 1431
f 1441 1431 1428
f 1441 1428 1426
f 1441 1426 1420
f 1443 1420 1424
f 1443 1441 1420
f 1444 1424 1425
f 1443 1424 1444
f 1445 1446 1439
f 1440 1439 1446
f 1438 1445 1439
f 1447 1448 1446
f 1440 1446 1448
f 1445 1447 1446
f 1449 1450 1448
f 1440 1448 1450
f 1447 1449 1448
f 1444 1425 1450
f 1440 1450 1425
f 1449 1444 1450
f 1423 1440 1425
f 1443 1444 1449
f 1451 1449 1447
f 1443 1449 1451
f 1442 1447 1445
f 1451 1447 1442
f 1442 1445 1438
f 1441 1433 1440
f 1452 1430 1433
f 1453 1454 1433
f 1455 1433 1454
f 1441 1453 1433
f 1452 1433 1455
f 1456 1457 1440
f 1458 1440 1457
f 1459 1440 1423
f 1460 1456 1440
f 1461 1460 1440
f 1459 1461 1440
f 1442 1440 1462
f 1463 1462 1440
f 1442 1441 1440
f 1463 1440 1458
f 1456 1430 1457
f 1451 1457 1430
f 1464 1457 1465
f 1466 1465 1457
f 1458 1457 1464
f 1466 1457 1451
f 1467 1423 1430
f 1468 1467 1430
f 1469 1468 1430
f 1470 1469 1430
f 1456 1470 1430
f 1471 1451 1430
f 1472 1471 1430
f 1473 1472 1430
f 1473 1430 1452
f 1474 1423 1467
f 1475 1459 1423
f 1476 1423 1474
f 1476 1475 1423
f 1477 1467 1468
f 1477 1461 1467
f 1474 1467 1461
f 1478 1468 1469
f 1479 1480 1468
f 1477 1468 1480
f 1479 1468 1478
f 1478 1469 1470
f 1481 1470 1456
f 1478 1470 1481
f 1460 1482 1456
f 1483 1456 1482
f 1481 1456 1483
f 1484 1482 1460
f 1485 1482 1484
f 1483 1482 1485
f 1484 1460 1461
f 1475 1461 1459
f 1486 1484 1461
f 1477 1486 1461
f 1474 1461 1487
f 1475 1487 1461
f 1488 1442 1462
f 1466 1488 1462
f 1489 1465 1462
f 1466 1462 1465
f 1463 1489 1462
f 1472 1454 1453
f 1490 1454 1472
f 1490 1455 1454
f 1491 1453 1441
f 1472 1453 1491
f 1491 1441 1471
f 1481 1471 1441
f 1443 1480 1441
f 1479 1441 1480
f 1479 1481 1441
f 1451 1442 1488
f 1466 1451 1488
f 1489 1464 1465
f 1492 1493 1464
f 1494 1464 1493
f 1489 1492 1464
f 1494 1458 1464
f 1495 1493 1492
f 1496 1493 1497
f 1495 1497 1493
f 1496 1494 1493
f 1498 1492 1489
f 1499 1495 1492
f 1498 1499 1492
f 1500 1498 1489
f 1500 1489 1463
f 1481 1451 1471
f 1484 1443 1451
f 1485 1484 1451
f 1483 1485 1451
f 1481 1483 1451
f 1501 1502 1503
f 1504 1503 1502
f 1505 1501 1503
f 1506 1507 1503
f 1508 1503 1507
f 1504 1506 1503
f 1509 1503 1508
f 1510 1503 1509
f 1511 1503 1510
f 1505 1503 1511
f 1501 1512 1502
f 1513 1502 1512
f 1514 1504 1502
f 1515 1514 1502
f 1513 1515 1502
f 1516 1497 1512
f 1517 1512 1497
f 1518 1516 1512
f 1501 1518 1512
f 1517 1513 1512
f 1516 1496 1497
f 1495 1517 1497
f 1500 1458 1494
f 1500 1463 1458
f 1500 1494 1496
f 1499 1496 1516
f 1498 1496 1499
f 1500 1496 1498
f 1499 1516 1518
f 1505 1518 1501
f 1519 1499 1518
f 1505 1519 1518
f 1520 1507 1506
f 1508 1507 1520
f 1521 1506 1504
f 1521 1520 1506
f 1522 1504 1514
f 1521 1504 1522
f 1515 1522 1514
f 1511 1522 1515
f 1523 1521 1522
f 1510 1523 1522
f 1511 1510 1522
f 1511 1515 1513
f 1511 1513 1517
f 1519 1517 1495
f 1505 1511 1517
f 1505 1517 1519
f 1519 1495 1499
f 1508 1520 1521
f 1509 1521 1523
f 1509 1508 1521
f 1510 1509 1523
f 1472 1491 1471
f 1473 1490 1472
f 1486 1480 1443
f 1477 1480 1486
f 1486 1443 1484
f 1479 1478 1481
f 1524 1525 1455
f 1526 1455 1525
f 1490 1524 1455
f 1526 1452 1455
f 1527 1525 1524
f 1528 1525 1527
f 1528 1526 1525
f 1529 1524 1490
f 1530 1527 1524
f 1529 1531 1524
f 1530 1524 1531
f 1532 1529 1490
f 1532 1490 1473
f 1533 1534 1535
f 1536 1535 1534
f 1537 1533 1535
f 1538 1537 1535
f 1539 1538 1535
f 1540 1539 1535
f 1540 1535 1536
f 1541 1527 1534
f 1542 1534 1527
f 1543 1541 1534
f 1533 1543 1534
f 1536 1534 1542
f 1541 1528 1527
f 1542 1527 1530
f 1532 1452 1526
f 1532 1473 1452
f 1532 1526 1528
f 1529 1528 1541
f 1532 1528 1529
f 1531 1541 1543
f 1529 1541 1531
f 1544 1543 1533
f 1545 1531 1543
f 1544 1545 1543
f 1544 1533 1537
f 1546 1537 1538
f 1546 1547 1537
f 1548 1537 1547
f 1549 1537 1548
f 1544 1537 1549
f 1550 1538 1539
f 1550 1546 1538
f 1540 1550 1539
f 1551 1547 1546
f 1548 1547 1551
f 1550 1551 1546
f 1550 1552 1551
f 1548 1551 1552
f 1550 1553 1552
f 1554 1552 1553
f 1554 1548 1552
f 1555 1553 1550
f 1554 1553 1555
f 1555 1550 1549
f 1540 1549 1550
f 1555 1549 1548
f 1554 1555 1548
f 1542 1544 1549
f 1536 1542 1549
f 1540 1536 1549
f 1530 1531 1545
f 1542 1545 1544
f 1542 1530 1545
f 1476 1474 1487
f 1476 1487 1475
f 1556 1557 1424
f 1558 1424 1557
f 1559 1556 1424
f 1560 1559 1424
f 1561 1560 1424
f 1558 1561 1424
f 1562 1563 1557
f 1558 1557 1563
f 1556 1562 1557
f 1562 1564 1563
f 1558 1563 1564
f 1565 1566 1564
f 1558 1564 1566
f 1562 1565 1564
f 1567 1568 1566
f 1558 1566 1568
f 1565 1567 1566
f 1569 1570 1568
f 1571 1568 1570
f 1572 1569 1568
f 1567 1572 1568
f 1571 1558 1568
f 1573 1436 1570
f 1574 1570 1436
f 1569 1573 1570
f 1574 1571 1570
f 1575 1436 1573
f 1575 1576 1436
f 1574 1436 1576
f 1577 1573 1569
f 1577 1575 1573
f 1577 1569 1572
f 1577 1572 1567
f 1577 1567 1565
f 1577 1565 1562
f 1577 1562 1556
f 1578 1556 1559
f 1577 1556 1578
f 1579 1559 1560
f 1578 1559 1579
f 1580 1581 1576
f 1574 1576 1581
f 1575 1580 1576
f 1580 1582 1581
f 1574 1581 1582
f 1583 1584 1582
f 1574 1582 1584
f 1580 1583 1582
f 1585 1586 1584
f 1574 1584 1586
f 1583 1585 1584
f 1579 1560 1586
f 1574 1586 1560
f 1587 1579 1586
f 1585 1587 1586
f 1574 1560 1561
f 1578 1579 1587
f 1578 1587 1585
f 1578 1585 1583
f 1578 1583 1580
f 1588 1580 1575
f 1588 1578 1580
f 1577 1588 1575
f 1558 1589 1561
f 1590 1561 1589
f 1591 1574 1561
f 1592 1591 1561
f 1593 1592 1561
f 1594 1593 1561
f 1590 1594 1561
f 1595 1589 1558
f 1596 1589 1595
f 1590 1589 1596
f 1597 1558 1571
f 1598 1558 1597
f 1599 1558 1598
f 1599 1595 1558
f 1600 1571 1574
f 1601 1571 1600
f 1602 1571 1601
f 1597 1571 1602
f 1603 1604 1574
f 1605 1574 1604
f 1591 1603 1574
f 1606 1574 1605
f 1600 1574 1606
f 1607 1604 1603
f 1608 1604 1607
f 1605 1604 1608
f 1592 1603 1591
f 1609 1603 1592
f 1609 1610 1603
f 1607 1603 1610
f 1577 1592 1593
f 1611 1609 1592
f 1612 1611 1592
f 1577 1578 1592
f 1612 1592 1578
f 1613 1593 1594
f 1577 1593 1613
f 1614 1615 1616
f 1617 1616 1615
f 1618 1614 1616
f 1619 1618 1616
f 1617 1619 1616
f 1620 1610 1615
f 1617 1615 1610
f 1621 1620 1615
f 1614 1621 1615
f 1622 1610 1609
f 1620 1607 1610
f 1622 1617 1610
f 1623 1609 1611
f 1622 1609 1623
f 1623 1611 1612
f 1624 1607 1620
f 1624 1608 1607
f 1625 1620 1621
f 1625 1624 1620
f 1625 1621 1614
f 1626 1614 1618
f 1626 1627 1614
f 1625 1614 1627
f 1619 1628 1618
f 1626 1618 1628
f 1629 1630 1628
f 1626 1628 1630
f 1619 1629 1628
f 1631 1632 1630
f 1626 1630 1632
f 1629 1631 1630
f 1633 1634 1632
f 1626 1632 1634
f 1631 1633 1632
f 1635 1634 1633
f 1636 1626 1634
f 1635 1636 1634
f 1637 1633 1631
f 1638 1635 1633
f 1637 1638 1633
f 1617 1631 1629
f 1637 1631 1617
f 1617 1629 1619
f 1639 1627 1626
f 1640 1625 1627
f 1641 1640 1627
f 1639 1641 1627
f 1636 1642 1626
f 1643 1626 1642
f 1644 1626 1643
f 1645 1626 1644
f 1645 1639 1626
f 1646 1647 1642
f 1648 1642 1647
f 1636 1646 1642
f 1649 1642 1648
f 1643 1642 1649
f 1650 1651 1647
f 1652 1647 1651
f 1653 1650 1647
f 1654 1653 1647
f 1646 1654 1647
f 1648 1647 1655
f 1652 1655 1647
f 1656 1651 1650
f 1657 1652 1651
f 1656 1657 1651
f 1658 1650 1653
f 1658 1656 1650
f 1659 1653 1654
f 1659 1658 1653
f 1660 1654 1646
f 1659 1654 1660
f 1661 1646 1636
f 1660 1646 1661
f 1661 1636 1635
f 1662 1608 1624
f 1663 1605 1608
f 1662 1663 1608
f 1640 1624 1625
f 1640 1662 1624
f 1606 1605 1663
f 1664 1663 1662
f 1606 1663 1664
f 1665 1662 1640
f 1666 1662 1665
f 1664 1662 1666
f 1641 1667 1640
f 1668 1640 1667
f 1665 1640 1668
f 1639 1667 1641
f 1669 1668 1667
f 1670 1669 1667
f 1670 1667 1639
f 1671 1672 1673
f 1674 1673 1672
f 1668 1671 1673
f 1665 1668 1673
f 1675 1665 1673
f 1676 1675 1673
f 1677 1676 1673
f 1678 1677 1673
f 1679 1673 1674
f 1680 1678 1673
f 1681 1680 1673
f 1682 1681 1673
f 1679 1682 1673
f 1683 1672 1671
f 1683 1674 1672
f 1669 1671 1668
f 1683 1671 1669
f 1675 1666 1665
f 1684 1666 1675
f 1684 1664 1666
f 1676 1684 1675
f 1684 1606 1664
f 1683 1669 1670
f 1685 1606 1684
f 1686 1606 1685
f 1600 1606 1686
f 1687 1684 1676
f 1685 1684 1687
f 1688 1676 1677
f 1687 1676 1688
f 1689 1690 1677
f 1691 1677 1690
f 1692 1689 1677
f 1678 1692 1677
f 1688 1677 1691
f 1679 1674 1693
f 1694 1693 1674
f 1695 1679 1693
f 1696 1693 1694
f 1697 1693 1696
f 1695 1693 1697
f 1683 1694 1674
f 1698 1690 1689
f 1699 1690 1698
f 1700 1690 1699
f 1691 1690 1700
f 1701 1702 1689
f 1703 1689 1702
f 1692 1701 1689
f 1694 1704 1689
f 1705 1689 1704
f 1706 1694 1689
f 1703 1706 1689
f 1705 1698 1689
f 1707 1702 1701
f 1708 1703 1702
f 1708 1702 1707
f 1709 1701 1692
f 1707 1701 1709
f 1710 1692 1678
f 1709 1692 1710
f 1711 1678 1680
f 1710 1678 1711
f 1712 1680 1681
f 1711 1680 1712
f 1713 1681 1682
f 1712 1681 1713
f 1714 1682 1679
f 1713 1682 1714
f 1714 1679 1695
f 1715 1716 1704
f 1717 1704 1716
f 1694 1715 1704
f 1717 1705 1704
f 1718 1719 1716
f 1720 1716 1719
f 1715 1718 1716
f 1720 1717 1716
f 1721 1719 1718
f 1721 1720 1719
f 1722 1718 1715
f 1723 1721 1718
f 1724 1723 1718
f 1722 1724 1718
f 1725 1715 1694
f 1722 1715 1725
f 1706 1696 1694
f 1725 1694 1683
f 1726 1696 1706
f 1726 1697 1696
f 1727 1706 1703
f 1726 1706 1727
f 1727 1703 1708
f 1728 1729 1698
f 1699 1698 1729
f 1705 1728 1698
f 1730 1731 1729
f 1732 1729 1731
f 1728 1730 1729
f 1732 1699 1729
f 1733 1734 1731
f 1735 1731 1734
f 1730 1733 1731
f 1735 1732 1731
f 1736 1734 1733
f 1737 1735 1734
f 1736 1737 1734
f 1738 1733 1730
f 1739 1733 1738
f 1739 1736 1733
f 1740 1730 1728
f 1740 1738 1730
f 1741 1728 1705
f 1741 1740 1728
f 1717 1741 1705
f 1742 1738 1740
f 1743 1738 1742
f 1743 1739 1738
f 1744 1740 1741
f 1744 1742 1740
f 1745 1741 1717
f 1745 1744 1741
f 1720 1745 1717
f 1721 1742 1744
f 1746 1742 1721
f 1743 1742 1746
f 1721 1744 1745
f 1721 1745 1720
f 1700 1699 1732
f 1747 1732 1735
f 1747 1700 1732
f 1748 1735 1737
f 1748 1747 1735
f 1749 1748 1737
f 1750 1749 1737
f 1736 1751 1737
f 1752 1737 1751
f 1752 1750 1737
f 1691 1700 1747
f 1753 1747 1748
f 1753 1691 1747
f 1754 1748 1749
f 1754 1753 1748
f 1755 1754 1749
f 1756 1755 1749
f 1750 1756 1749
f 1688 1691 1753
f 1687 1753 1754
f 1687 1688 1753
f 1755 1757 1754
f 1685 1754 1757
f 1685 1687 1754
f 1756 1757 1755
f 1686 1685 1757
f 1756 1686 1757
f 1601 1600 1686
f 1758 1601 1686
f 1756 1758 1686
f 1602 1601 1758
f 1759 1758 1756
f 1759 1602 1758
f 1760 1759 1756
f 1750 1760 1756
f 1761 1762 1602
f 1597 1602 1762
f 1759 1761 1602
f 1763 1764 1762
f 1765 1762 1764
f 1761 1763 1762
f 1765 1597 1762
f 1766 1767 1764
f 1768 1764 1767
f 1763 1766 1764
f 1768 1765 1764
f 1769 1767 1766
f 1770 1768 1767
f 1771 1770 1767
f 1772 1771 1767
f 1773 1767 1769
f 1774 1772 1767
f 1775 1774 1767
f 1773 1775 1767
f 1776 1766 1763
f 1769 1766 1777
f 1778 1777 1766
f 1776 1778 1766
f 1776 1763 1761
f 1779 1761 1759
f 1779 1776 1761
f 1760 1779 1759
f 1598 1597 1765
f 1780 1765 1768
f 1781 1598 1765
f 1780 1781 1765
f 1782 1780 1768
f 1770 1782 1768
f 1599 1598 1781
f 1783 1781 1780
f 1599 1781 1783
f 1783 1780 1782
f 1771 1782 1770
f 1783 1782 1771
f 1784 1783 1771
f 1785 1784 1771
f 1786 1785 1771
f 1787 1786 1771
f 1787 1771 1788
f 1789 1788 1771
f 1772 1789 1771
f 1599 1783 1784
f 1790 1784 1785
f 1599 1784 1790
f 1786 1791 1785
f 1792 1785 1791
f 1790 1785 1792
f 1793 1791 1786
f 1794 1792 1791
f 1793 1794 1791
f 1793 1786 1787
f 1790 1795 1595
f 1796 1595 1795
f 1599 1790 1595
f 1796 1596 1595
f 1792 1655 1795
f 1652 1795 1655
f 1790 1792 1795
f 1652 1796 1795
f 1797 1648 1655
f 1792 1797 1655
f 1649 1648 1797
f 1794 1797 1792
f 1649 1797 1794
f 1649 1794 1793
f 1657 1596 1796
f 1657 1590 1596
f 1657 1796 1652
f 1798 1594 1590
f 1798 1613 1594
f 1799 1590 1657
f 1799 1798 1590
f 1800 1657 1656
f 1800 1799 1657
f 1638 1656 1658
f 1801 1800 1656
f 1638 1801 1656
f 1638 1658 1659
f 1802 1613 1798
f 1802 1577 1613
f 1803 1798 1799
f 1803 1802 1798
f 1804 1799 1800
f 1804 1803 1799
f 1804 1800 1801
f 1805 1801 1638
f 1805 1806 1801
f 1804 1801 1806
f 1807 1578 1588
f 1807 1808 1578
f 1809 1578 1808
f 1612 1578 1809
f 1810 1588 1577
f 1811 1807 1588
f 1812 1588 1810
f 1811 1588 1812
f 1813 1577 1802
f 1810 1577 1813
f 1814 1815 1808
f 1816 1808 1815
f 1807 1814 1808
f 1816 1809 1808
f 1817 1818 1815
f 1816 1815 1818
f 1814 1817 1815
f 1712 1818 1817
f 1819 1816 1818
f 1820 1819 1818
f 1821 1820 1818
f 1822 1821 1818
f 1713 1823 1818
f 1822 1818 1823
f 1712 1713 1818
f 1824 1817 1814
f 1824 1825 1817
f 1826 1817 1825
f 1707 1817 1826
f 1711 1712 1817
f 1710 1711 1817
f 1709 1710 1817
f 1707 1709 1817
f 1824 1814 1807
f 1824 1807 1811
f 1622 1827 1617
f 1637 1617 1827
f 1622 1828 1827
f 1821 1827 1828
f 1829 1827 1821
f 1829 1637 1827
f 1622 1830 1828
f 1820 1828 1830
f 1821 1828 1820
f 1623 1809 1830
f 1819 1830 1809
f 1622 1623 1830
f 1820 1830 1819
f 1623 1612 1809
f 1819 1809 1816
f 1829 1821 1822
f 1638 1661 1635
f 1638 1660 1661
f 1638 1659 1660
f 1831 1638 1637
f 1832 1805 1638
f 1833 1638 1831
f 1832 1638 1833
f 1829 1831 1637
f 1834 1835 1806
f 1836 1806 1835
f 1805 1834 1806
f 1836 1804 1806
f 1837 1838 1835
f 1836 1835 1838
f 1834 1837 1835
f 1839 1838 1837
f 1840 1836 1838
f 1841 1840 1838
f 1842 1841 1838
f 1843 1842 1838
f 1844 1843 1838
f 1845 1844 1838
f 1846 1845 1838
f 1847 1846 1838
f 1839 1847 1838
f 1848 1837 1834
f 1849 1837 1848
f 1839 1837 1849
f 1850 1834 1805
f 1851 1848 1834
f 1852 1851 1834
f 1850 1852 1834
f 1832 1850 1805
f 1841 1802 1803
f 1813 1802 1841
f 1840 1803 1804
f 1841 1803 1840
f 1840 1804 1836
f 1842 1813 1841
f 1853 1813 1842
f 1853 1854 1813
f 1810 1813 1854
f 1855 1842 1843
f 1855 1853 1842
f 1856 1855 1843
f 1857 1843 1858
f 1859 1858 1843
f 1856 1843 1857
f 1844 1859 1843
f 1860 1854 1853
f 1861 1810 1854
f 1862 1861 1854
f 1863 1862 1854
f 1864 1863 1854
f 1860 1864 1854
f 1865 1853 1855
f 1865 1860 1853
f 1856 1865 1855
f 1812 1810 1861
f 1866 1861 1862
f 1811 1812 1861
f 1811 1861 1866
f 1866 1862 1863
f 1867 1866 1863
f 1864 1867 1863
f 1811 1866 1825
f 1868 1825 1866
f 1824 1811 1825
f 1868 1826 1825
f 1867 1868 1866
f 1869 1826 1868
f 1870 1707 1826
f 1871 1870 1826
f 1869 1871 1826
f 1872 1868 1867
f 1872 1869 1868
f 1873 1867 1864
f 1873 1872 1867
f 1874 1864 1860
f 1874 1875 1864
f 1876 1864 1875
f 1873 1864 1876
f 1695 1697 1823
f 1726 1823 1697
f 1714 1695 1823
f 1713 1714 1823
f 1726 1727 1823
f 1877 1823 1727
f 1878 1823 1877
f 1822 1823 1878
f 1879 1707 1870
f 1879 1708 1707
f 1880 1879 1870
f 1880 1870 1871
f 1879 1727 1708
f 1879 1877 1727
f 1881 1882 1877
f 1878 1877 1882
f 1879 1881 1877
f 1883 1884 1882
f 1885 1882 1884
f 1881 1883 1882
f 1885 1878 1882
f 1886 1887 1884
f 1885 1884 1887
f 1883 1886 1884
f 1888 1889 1887
f 1890 1887 1889
f 1886 1888 1887
f 1885 1887 1890
f 1891 1892 1889
f 1890 1889 1892
f 1888 1891 1889
f 1893 1892 1891
f 1893 1890 1892
f 1894 1891 1888
f 1894 1895 1891
f 1896 1891 1895
f 1896 1893 1891
f 1894 1888 1886
f 1897 1886 1883
f 1894 1886 1897
f 1897 1883 1881
f 1880 1881 1879
f 1897 1881 1880
f 1829 1898 1831
f 1833 1831 1898
f 1829 1899 1898
f 1900 1898 1899
f 1901 1898 1900
f 1901 1833 1898
f 1829 1902 1899
f 1903 1899 1902
f 1904 1899 1903
f 1900 1899 1904
f 1822 1878 1902
f 1905 1902 1878
f 1829 1822 1902
f 1903 1902 1905
f 1905 1878 1885
f 1903 1906 1907
f 1893 1907 1906
f 1908 1903 1907
f 1909 1908 1907
f 1910 1909 1907
f 1893 1910 1907
f 1905 1911 1906
f 1893 1906 1911
f 1903 1905 1906
f 1885 1890 1911
f 1893 1911 1890
f 1905 1885 1911
f 1908 1904 1903
f 1912 1904 1908
f 1913 1900 1904
f 1912 1913 1904
f 1909 1912 1908
f 1913 1901 1900
f 1832 1833 1901
f 1914 1901 1913
f 1914 1832 1901
f 1914 1913 1912
f 1915 1912 1909
f 1914 1912 1915
f 1915 1909 1910
f 1916 1915 1910
f 1916 1910 1893
f 1917 1848 1851
f 1918 1849 1848
f 1919 1918 1848
f 1858 1919 1848
f 1917 1858 1848
f 1920 1851 1852
f 1921 1851 1920
f 1921 1917 1851
f 1922 1852 1850
f 1923 1852 1922
f 1920 1852 1923
f 1924 1850 1832
f 1922 1850 1924
f 1924 1832 1914
f 1922 1925 1926
f 1916 1926 1925
f 1927 1922 1926
f 1928 1927 1926
f 1929 1928 1926
f 1930 1929 1926
f 1916 1930 1926
f 1924 1931 1925
f 1916 1925 1931
f 1922 1924 1925
f 1914 1915 1931
f 1916 1931 1915
f 1924 1914 1931
f 1927 1923 1922
f 1932 1923 1927
f 1933 1920 1923
f 1932 1933 1923
f 1928 1932 1927
f 1933 1921 1920
f 1934 1849 1918
f 1935 1839 1849
f 1935 1849 1934
f 1936 1918 1919
f 1934 1918 1936
f 1858 1937 1919
f 1938 1919 1937
f 1936 1919 1938
f 1858 1939 1937
f 1940 1937 1939
f 1938 1937 1940
f 1941 1939 1858
f 1769 1939 1941
f 1940 1939 1769
f 1942 1858 1917
f 1943 1857 1858
f 1859 1941 1858
f 1942 1943 1858
f 1942 1917 1921
f 1944 1921 1933
f 1942 1921 1944
f 1944 1933 1932
f 1945 1932 1928
f 1944 1932 1945
f 1945 1928 1929
f 1945 1929 1930
f 1946 1856 1857
f 1947 1946 1857
f 1943 1947 1857
f 1773 1941 1859
f 1773 1769 1941
f 1775 1859 1844
f 1773 1859 1775
f 1774 1844 1845
f 1775 1844 1774
f 1772 1845 1846
f 1774 1845 1772
f 1789 1846 1847
f 1772 1846 1789
f 1948 1847 1839
f 1789 1847 1948
f 1948 1839 1935
f 1874 1860 1865
f 1949 1865 1856
f 1874 1865 1875
f 1950 1875 1865
f 1950 1865 1949
f 1949 1856 1946
f 1876 1875 1951
f 1950 1951 1875
f 1952 1876 1951
f 1953 1952 1951
f 1954 1953 1951
f 1955 1951 1950
f 1956 1951 1955
f 1954 1951 1956
f 1957 1876 1952
f 1873 1876 1957
f 1957 1952 1953
f 1958 1953 1954
f 1958 1957 1953
f 1947 1949 1946
f 1955 1950 1949
f 1947 1955 1949
f 1959 1955 1947
f 1959 1956 1955
f 1943 1959 1947
f 1960 1956 1959
f 1960 1954 1956
f 1961 1959 1943
f 1962 1960 1959
f 1963 1962 1959
f 1961 1963 1959
f 1942 1961 1943
f 1964 1958 1954
f 1965 1964 1954
f 1960 1965 1954
f 1880 1871 1957
f 1872 1957 1871
f 1958 1880 1957
f 1873 1957 1872
f 1872 1871 1869
f 1966 1880 1958
f 1966 1897 1880
f 1964 1966 1958
f 1894 1897 1966
f 1967 1966 1964
f 1894 1966 1967
f 1965 1968 1964
f 1969 1964 1968
f 1967 1964 1969
f 1962 1968 1965
f 1970 1969 1968
f 1971 1970 1968
f 1971 1968 1962
f 1962 1965 1960
f 1967 1972 1895
f 1896 1895 1972
f 1894 1967 1895
f 1969 1973 1972
f 1896 1972 1973
f 1967 1969 1972
f 1974 1975 1973
f 1896 1973 1975
f 1976 1974 1973
f 1969 1976 1973
f 1977 1975 1974
f 1930 1896 1975
f 1977 1930 1975
f 1978 1974 1976
f 1978 1977 1974
f 1970 1976 1969
f 1979 1976 1970
f 1978 1976 1979
f 1971 1979 1970
f 1980 1981 1982
f 1983 1982 1981
f 1984 1980 1982
f 1983 1984 1982
f 1980 1985 1981
f 1986 1981 1985
f 1986 1983 1981
f 1987 1988 1985
f 1989 1985 1988
f 1980 1987 1985
f 1986 1985 1989
f 1990 1991 1988
f 1992 1988 1991
f 1987 1990 1988
f 1989 1988 1992
f 1916 1893 1991
f 1993 1991 1893
f 1990 1916 1991
f 1992 1991 1993
f 1723 1893 1896
f 1993 1893 1723
f 1994 1995 1896
f 1721 1896 1995
f 1930 1994 1896
f 1723 1896 1721
f 1996 1997 1995
f 1998 1995 1997
f 1994 1996 1995
f 1721 1995 1998
f 1999 2000 1997
f 2001 1997 2000
f 1996 1999 1997
f 1998 1997 2001
f 2002 2003 2000
f 2004 2000 2003
f 1999 2002 2000
f 2001 2000 2004
f 2005 2003 2002
f 2004 2003 2005
f 2006 2002 1999
f 2006 2005 2002
f 2007 1999 1996
f 2006 1999 2007
f 2008 1996 1994
f 2007 1996 2008
f 2009 1994 1930
f 2008 1994 2009
f 2010 1930 1916
f 2011 1945 1930
f 2012 2011 1930
f 1977 2012 1930
f 2009 1930 2010
f 2013 1916 1990
f 2010 1916 2013
f 2014 1990 1987
f 2014 2013 1990
f 2015 1987 1980
f 2015 2014 1987
f 1984 2015 1980
f 1944 1945 2011
f 2016 2011 2012
f 2016 1944 2011
f 2017 2012 1977
f 2017 2016 2012
f 1978 2017 1977
f 1723 2013 2014
f 2018 2010 2013
f 2019 2013 1723
f 2019 2020 2013
f 2021 2013 2020
f 2022 2018 2013
f 2023 2022 2013
f 2024 2023 2013
f 2021 2024 2013
f 1993 2014 2015
f 1993 1723 2014
f 1992 2015 1984
f 1992 1993 2015
f 1989 1984 1983
f 1989 1992 1984
f 1986 1989 1983
f 1721 1998 2010
f 2009 2010 1998
f 1746 1721 2010
f 2025 1746 2010
f 2026 2025 2010
f 2027 2026 2010
f 2018 2027 2010
f 2007 2004 2005
f 2006 2007 2005
f 2008 2001 2004
f 2007 2008 2004
f 2009 1998 2001
f 2008 2009 2001
f 2028 2019 1723
f 2029 2028 1723
f 1724 2029 1723
f 2030 2020 2019
f 2031 2021 2020
f 2031 2020 2032
f 2030 2032 2020
f 2030 2019 2028
f 2033 2028 2029
f 2033 2030 2028
f 2034 2029 1724
f 2033 2029 2034
f 2034 1724 1722
f 1743 1746 2025
f 2035 2025 2026
f 2035 1743 2025
f 2036 2026 2027
f 2036 2035 2026
f 2037 2027 2018
f 2037 2036 2027
f 2038 2018 2022
f 2039 2018 2038
f 2037 2018 2039
f 2038 2022 2023
f 2040 2023 2024
f 2040 2038 2023
f 2041 2024 2021
f 2040 2024 2041
f 2041 2021 2031
f 2042 1787 1788
f 2043 2042 1788
f 1938 2043 1788
f 1936 1938 1788
f 1934 1936 1788
f 1935 1934 1788
f 1948 1935 1788
f 1789 1948 1788
f 2044 1793 1787
f 2042 2044 1787
f 2045 1649 1793
f 2044 2045 1793
f 2045 1643 1649
f 2032 1643 2045
f 1644 1643 2032
f 2031 2045 2044
f 2031 2032 2045
f 2041 2044 2042
f 2041 2031 2044
f 2040 2042 2043
f 2040 2041 2042
f 2040 2043 2038
f 2039 2038 2043
f 2046 2039 2043
f 1938 2046 2043
f 2030 1644 2032
f 2047 2039 2046
f 2047 2037 2039
f 1769 1777 2046
f 2048 2046 1777
f 1940 1769 2046
f 1938 1940 2046
f 2047 2046 2048
f 2048 1777 1778
f 2049 2050 1751
f 1752 1751 2050
f 1736 2049 1751
f 2051 2052 2050
f 1760 2050 2052
f 2049 2051 2050
f 1750 2050 1760
f 1752 2050 1750
f 2048 1778 2052
f 1779 2052 1778
f 2051 2048 2052
f 1760 2052 1779
f 1779 1778 1776
f 2047 2048 2051
f 2053 2051 2049
f 2047 2051 2053
f 2054 2049 1736
f 2053 2049 2054
f 2054 1736 1739
f 2035 1739 1743
f 2054 1739 2035
f 2054 2035 2036
f 2053 2036 2037
f 2053 2054 2036
f 2047 2053 2037
f 2033 1644 2030
f 2033 1645 1644
f 2055 1670 1639
f 1645 2055 1639
f 1725 1683 1670
f 2055 1725 1670
f 1722 1725 2055
f 2034 2055 1645
f 2034 1722 2055
f 2033 2034 1645
f 1942 1944 2016
f 1961 2016 2017
f 1942 2016 1961
f 1978 1979 2017
f 1963 2017 1979
f 1961 2017 1963
f 1971 1963 1979
f 1971 1962 1963
f 2056 2057 2058
f 2059 2058 2057
f 2060 2056 2058
f 2061 2060 2058
f 2062 2061 2058
f 2059 2062 2058
f 2063 2064 2057
f 2065 2057 2064
f 2056 2063 2057
f 2065 2059 2057
f 2066 2067 2064
f 2068 2064 2067
f 2063 2066 2064
f 2068 2065 2064
f 2069 2070 2067
f 2068 2067 2070
f 2066 2069 2067
f 2071 2070 2069
f 2071 2072 2070
f 2073 2070 2072
f 2068 2070 2073
f 2074 2069 2066
f 2075 2071 2069
f 2075 2069 2074
f 2076 2066 2063
f 2074 2066 2076
f 2077 2063 2056
f 2076 2063 2077
f 2077 2056 2060
f 2078 2060 2061
f 2079 2060 2078
f 2077 2060 2079
f 2080 2081 2072
f 2082 2072 2081
f 2071 2080 2072
f 2082 2073 2072
f 2078 2061 2081
f 2062 2081 2061
f 2080 2078 2081
f 2062 2082 2081
f 2083 2078 2080
f 2083 2079 2078
f 2075 2080 2071
f 2083 2080 2075
f 2074 2073 2082
f 2076 2068 2073
f 2074 2076 2073
f 2084 2085 2082
f 2075 2082 2085
f 2062 2084 2082
f 2075 2074 2082
f 2086 2087 2085
f 2088 2085 2087
f 2084 2086 2085
f 2089 2075 2085
f 2088 2089 2085
f 2090 2087 2086
f 2090 2088 2087
f 2091 2086 2084
f 2091 2090 2086
f 2091 2084 2062
f 2083 2062 2059
f 2083 2091 2062
f 2079 2059 2065
f 2083 2059 2079
f 2092 2093 2065
f 2077 2065 2093
f 2068 2092 2065
f 2077 2079 2065
f 2094 2095 2093
f 2096 2093 2095
f 2092 2094 2093
f 2097 2077 2093
f 2096 2097 2093
f 2098 2095 2094
f 2098 2096 2095
f 2099 2094 2092
f 2099 2098 2094
f 2099 2092 2068
f 2076 2099 2068
f 2076 2077 2097
f 2099 2097 2096
f 2076 2097 2099
f 2099 2096 2098
f 2083 2075 2089
f 2091 2089 2088
f 2083 2089 2091
f 2091 2088 2090
f 2100 2101 2102
f 2103 2102 2101
f 2104 2100 2102
f 2105 2104 2102
f 2106 2105 2102
f 2103 2106 2102
f 2107 2108 2101
f 2109 2101 2108
f 2100 2107 2101
f 2109 2103 2101
f 2110 2111 2108
f 2112 2108 2111
f 2107 2110 2108
f 2109 2108 2112
f 2113 2114 2111
f 2115 2111 2114
f 2110 2113 2111
f 2115 2112 2111
f 2116 2114 2113
f 2116 2117 2114
f 2118 2114 2117
f 2118 2115 2114
f 2119 2113 2110
f 2120 2116 2113
f 2120 2113 2119
f 2121 2110 2107
f 2121 2119 2110
f 2122 2107 2100
f 2121 2107 2122
f 2123 2100 2104
f 2123 2122 2100
f 2124 2104 2105
f 2125 2104 2124
f 2123 2104 2125
f 2126 2127 2117
f 2128 2117 2127
f 2116 2126 2117
f 2128 2118 2117
f 2124 2105 2127
f 2129 2127 2105
f 2126 2124 2127
f 2129 2128 2127
f 2106 2129 2105
f 2130 2124 2126
f 2130 2125 2124
f 2131 2126 2116
f 2130 2126 2131
f 2120 2131 2116
f 2132 2112 2115
f 2133 2109 2112
f 2134 2133 2112
f 2135 2134 2112
f 2136 2135 2112
f 2137 2112 2132
f 2137 2136 2112
f 2138 2115 2118
f 2132 2115 2139
f 2138 2139 2115
f 2140 2118 2128
f 2119 2118 2140
f 2141 2138 2118
f 2119 2141 2118
f 2129 2142 2128
f 2143 2128 2142
f 2140 2128 2144
f 2143 2144 2128
f 2129 2145 2142
f 2146 2142 2145
f 2131 2142 2146
f 2147 2143 2142
f 2131 2147 2142
f 2148 2145 2129
f 2146 2145 2149
f 2148 2149 2145
f 2150 2129 2106
f 2151 2129 2150
f 2152 2148 2129
f 2151 2152 2129
f 2153 2106 2103
f 2150 2106 2154
f 2153 2154 2106
f 2155 2103 2109
f 2125 2103 2155
f 2156 2153 2103
f 2125 2156 2103
f 2157 2109 2133
f 2155 2109 2158
f 2157 2158 2109
f 2159 2133 2134
f 2122 2133 2159
f 2160 2157 2133
f 2122 2160 2133
f 2161 2159 2134
f 2135 2161 2134
f 2162 2159 2161
f 2162 2122 2159
f 2163 2161 2135
f 2162 2161 2163
f 2136 2163 2135
f 2164 2132 2139
f 2165 2164 2139
f 2138 2165 2139
f 2164 2137 2132
f 2166 2163 2136
f 2166 2162 2163
f 2166 2136 2137
f 2121 2137 2164
f 2121 2122 2137
f 2166 2137 2122
f 2121 2164 2165
f 2141 2165 2138
f 2121 2165 2141
f 2167 2140 2144
f 2168 2167 2144
f 2143 2168 2144
f 2167 2119 2140
f 2121 2141 2119
f 2120 2119 2167
f 2120 2167 2168
f 2147 2168 2143
f 2120 2168 2147
f 2169 2146 2149
f 2170 2169 2149
f 2148 2170 2149
f 2169 2131 2146
f 2120 2147 2131
f 2171 2131 2169
f 2171 2151 2131
f 2130 2131 2151
f 2171 2169 2170
f 2152 2170 2148
f 2171 2170 2152
f 2172 2150 2154
f 2173 2172 2154
f 2153 2173 2154
f 2172 2151 2150
f 2171 2152 2151
f 2130 2151 2172
f 2130 2172 2173
f 2156 2173 2153
f 2130 2173 2156
f 2174 2158 2175
f 2157 2175 2158
f 2123 2174 2175
f 2160 2175 2157
f 2123 2175 2160
f 2174 2155 2158
f 2174 2125 2155
f 2130 2156 2125
f 2123 2125 2174
f 2123 2160 2122
f 2166 2122 2162
