mtllib material.mtl
usemtl material_forearm_2
v 0.05543827 -0.01687932 0.06267351
v 0.05727595 -0.00862970 0.06267351
v 0.05728303 -0.00863119 0.06275458
v 0.05241902 -0.02477346 0.06267351
v 0.05543827 -0.01687932 0.06267351
v 0.05544507 -0.01688179 0.06275456
v 0.03704121 -0.04469904 0.06267268
v 0.04311702 -0.03883346 0.06267351
v 0.04312213 -0.03883858 0.06275456
v 0.02264219 -0.05348195 0.06267351
v 0.03015875 -0.04961741 0.06267351
v 0.03016216 -0.04962380 0.06275458
v 0.01464305 -0.05621088 0.06267351
v 0.02264219 -0.05348195 0.06267351
v 0.02264464 -0.05348875 0.06275459
v -0.01050948 -0.05713663 0.06267268
v -0.00211436 -0.05805472 0.06267351
v -0.00211502 -0.05806193 0.06275457
v -0.02647108 -0.05168704 0.06267351
v -0.01869248 -0.05499261 0.06267351
v -0.01869522 -0.05499930 0.06275457
v -0.03368550 -0.04728416 0.06267351
v -0.02647108 -0.05168704 0.06267351
v -0.02647475 -0.05169329 0.06275458
v -0.05773846 -0.00442638 0.06267351
v -0.05650786 -0.01278813 0.06267351
v -0.05651501 -0.01278931 0.06275456
v -0.05773846 0.00402544 0.06267351
v -0.05773846 -0.00442638 0.06267351
v -0.05774570 -0.00442651 0.06275456
v -0.04018199 0.04147684 0.06267350
v -0.04582205 0.03518215 0.06267350
v -0.04582751 0.03518688 0.06275457
v -0.03368553 0.04688323 0.06267350
v -0.04018199 0.04147684 0.06267350
v -0.04018670 0.04148232 0.06275458
v 0.00633178 0.05734515 0.06267350
v -0.00211440 0.05765382 0.06267350
v -0.00211426 0.05766105 0.06275458
v 0.01464301 0.05580999 0.06267350
v 0.00633178 0.05734515 0.06267350
v 0.00633297 0.05735228 0.06275458
v 0.04828253 0.03174300 0.06267350
v 0.04311700 0.03843258 0.06267350
v 0.04312265 0.03843710 0.06275458
v 0.05543825 0.01647846 0.06267351
v 0.05241900 0.02437260 0.06267350
v 0.05242572 0.02437529 0.06275457
v 0.05727995 0.00823658 0.06267267
v 0.05543825 0.01647846 0.06267351
v 0.05544529 0.01648015 0.06275456
v -0.05046685 -0.02852043 0.06283956
v -0.05407979 -0.02088380 0.06275458
v -0.05048646 -0.02854293 0.06267268
v -0.05048646 -0.02854293 0.06267268
v -0.05407979 -0.02088380 0.06275458
v -0.05407290 -0.02088161 0.06267351
v -0.04579079 -0.03555034 0.06285956
v -0.05046685 -0.02852043 0.06283956
v -0.04582799 -0.03558717 0.06275459
v -0.04582799 -0.03558717 0.06275459
v -0.05046685 -0.02852043 0.06283956
v -0.05048646 -0.02854293 0.06267268
v -0.04582799 -0.03558717 0.06275459
v -0.05048646 -0.02854293 0.06267268
v -0.04582202 -0.03558309 0.06267351
v -0.05405035 0.02047522 0.06283956
v -0.05049158 0.02813725 0.06275456
v -0.05408019 0.02047589 0.06267267
v -0.05408019 0.02047589 0.06267267
v -0.05049158 0.02813725 0.06275456
v -0.05048548 0.02813335 0.06267350
v -0.01868229 0.05457086 0.06283955
v -0.01051643 0.05673661 0.06275457
v -0.01870085 0.05459422 0.06267267
v -0.01870085 0.05459422 0.06267267
v -0.01051643 0.05673661 0.06275457
v -0.01051551 0.05672942 0.06267350
v 0.03014926 0.04919534 0.06283955
v 0.03703745 0.04430406 0.06275456
v 0.03015534 0.04922455 0.06267267
v 0.03015534 0.04922455 0.06267267
v 0.03703745 0.04430406 0.06275456
v 0.03703249 0.04429877 0.06267350
v 0.04824149 -0.03212487 0.06285956
v 0.04307918 -0.03880869 0.06285954
v 0.04312213 -0.03883858 0.06275456
v 0.04824149 -0.03212487 0.06285956
v 0.04312213 -0.03883858 0.06275456
v 0.04828834 -0.03214819 0.06275458
v 0.04828834 -0.03214819 0.06275458
v 0.04312213 -0.03883858 0.06275456
v 0.04311702 -0.03883346 0.06267351
v 0.04828255 -0.03214386 0.06267351
v 0.00632020 -0.05770234 0.06285956
v -0.00211955 -0.05800978 0.06285956
v -0.00211502 -0.05806193 0.06275457
v 0.00632020 -0.05770234 0.06285956
v -0.00211502 -0.05806193 0.06275457
v 0.00633219 -0.05775327 0.06275460
v 0.00633219 -0.05775327 0.06275460
v -0.00211502 -0.05806193 0.06275457
v -0.00211436 -0.05805472 0.06267351
v 0.00633182 -0.05774604 0.06267351
v -0.04015583 -0.04184085 0.06285956
v -0.04579079 -0.03555034 0.06285956
v -0.04582799 -0.03558717 0.06275459
v -0.04015583 -0.04184085 0.06285956
v -0.04582799 -0.03558717 0.06275459
v -0.04018727 -0.04188268 0.06275460
v -0.04018727 -0.04188268 0.06275460
v -0.04582799 -0.03558717 0.06275459
v -0.04582202 -0.03558309 0.06267351
v -0.04018196 -0.04187775 0.06267351
v -0.05646390 0.01238364 0.06285846
v -0.05405035 0.02047522 0.06283956
v -0.05651484 0.01238915 0.06275456
v -0.05651484 0.01238915 0.06275456
v -0.05405035 0.02047522 0.06283956
v -0.05408019 0.02047589 0.06267267
v -0.05651484 0.01238915 0.06275456
v -0.05408019 0.02047589 0.06267267
v -0.05650787 0.01238719 0.06267351
v -0.02644460 0.05124948 0.06285956
v -0.01868229 0.05457086 0.06283955
v -0.02647404 0.05129275 0.06275457
v -0.02647404 0.05129275 0.06275457
v -0.01868229 0.05457086 0.06283955
v -0.01870085 0.05459422 0.06267267
v -0.02647404 0.05129275 0.06275457
v -0.01870085 0.05459422 0.06267267
v -0.02647111 0.05128613 0.06267350
v 0.02263092 0.05303726 0.06285955
v 0.03014926 0.04919534 0.06283955
v 0.02264536 0.05308756 0.06275455
v 0.02264536 0.05308756 0.06275455
v 0.03014926 0.04919534 0.06283955
v 0.03015534 0.04922455 0.06267267
v 0.02264536 0.05308756 0.06275455
v 0.03015534 0.04922455 0.06267267
v 0.02264216 0.05308106 0.06267350
v 0.05237686 -0.02476046 0.06285848
v 0.04824149 -0.03212487 0.06285956
v 0.04828834 -0.03214819 0.06275458
v 0.05237686 -0.02476046 0.06285848
v 0.04828834 -0.03214819 0.06275458
v 0.05242539 -0.02477690 0.06275458
v 0.05242539 -0.02477690 0.06275458
v 0.04828834 -0.03214819 0.06275458
v 0.04828255 -0.03214386 0.06267351
v 0.05241902 -0.02477346 0.06267351
v 0.01462609 -0.05617014 0.06285848
v 0.00632020 -0.05770234 0.06285956
v 0.00633219 -0.05775327 0.06275460
v 0.01462609 -0.05617014 0.06285848
v 0.00633219 -0.05775327 0.06275460
v 0.01464448 -0.05621797 0.06275459
v 0.01464448 -0.05621797 0.06275459
v 0.00633219 -0.05775327 0.06275460
v 0.00633182 -0.05774604 0.06267351
v 0.01464305 -0.05621088 0.06267351
v -0.03366505 -0.04724506 0.06285847
v -0.04015583 -0.04184085 0.06285956
v -0.04018727 -0.04188268 0.06275460
v -0.03366505 -0.04724506 0.06285847
v -0.04018727 -0.04188268 0.06275460
v -0.03369003 -0.04728980 0.06275459
v -0.03369003 -0.04728980 0.06275459
v -0.04018727 -0.04188268 0.06275460
v -0.04018196 -0.04187775 0.06267351
v -0.03368550 -0.04728416 0.06267351
v -0.05768508 0.00402211 0.06286845
v -0.05646390 0.01238364 0.06285846
v -0.05651484 0.01238915 0.06275456
v -0.05768508 0.00402211 0.06286845
v -0.05651484 0.01238915 0.06275456
v -0.05774564 0.00402638 0.06275456
v -0.05774564 0.00402638 0.06275456
v -0.05651484 0.01238915 0.06275456
v -0.05650787 0.01238719 0.06267351
v -0.05773846 0.00402544 0.06267351
v -0.03365514 0.04685126 0.06285846
v -0.02644460 0.05124948 0.06285956
v -0.02647404 0.05129275 0.06275457
v -0.03365514 0.04685126 0.06285846
v -0.02647404 0.05129275 0.06275457
v -0.03368942 0.04688933 0.06275455
v -0.03368942 0.04688933 0.06275455
v -0.02647404 0.05129275 0.06275457
v -0.02647111 0.05128613 0.06267350
v -0.03368553 0.04688323 0.06267350
v 0.01463788 0.05576616 0.06285847
v 0.02263092 0.05303726 0.06285955
v 0.02264536 0.05308756 0.06275455
v 0.01463788 0.05576616 0.06285847
v 0.02264536 0.05308756 0.06275455
v 0.01464523 0.05581687 0.06275457
v 0.01464523 0.05581687 0.06275457
v 0.02264536 0.05308756 0.06275455
v 0.02264216 0.05308106 0.06267350
v 0.01464301 0.05580999 0.06267350
v 0.05544507 -0.01688179 0.06275456
v 0.05544507 -0.01688179 0.06275456
v 0.05728303 -0.00863119 0.06275458
v 0.05723132 -0.00862806 0.06285909
v 0.05544507 -0.01688179 0.06275456
v 0.05723132 -0.00862806 0.06285909
v 0.05539435 -0.01687120 0.06285909
v 0.02264464 -0.05348875 0.06275459
v 0.02264464 -0.05348875 0.06275459
v 0.03016216 -0.04962380 0.06275458
v 0.03013147 -0.04958207 0.06285909
v 0.02262037 -0.05344302 0.06285908
v -0.02647475 -0.05169329 0.06275458
v -0.02647475 -0.05169329 0.06275458
v -0.01869522 -0.05499930 0.06275457
v -0.01868276 -0.05494901 0.06285911
v -0.02647475 -0.05169329 0.06275458
v -0.01868276 -0.05494901 0.06285911
v -0.02645512 -0.05164535 0.06285909
v -0.05774570 -0.00442651 0.06275456
v -0.05774570 -0.00442651 0.06275456
v -0.05651501 -0.01278931 0.06275456
v -0.05646655 -0.01277266 0.06285846
v -0.05774570 -0.00442651 0.06275456
v -0.05646655 -0.01277266 0.06285846
v -0.05768592 -0.00440403 0.06286910
v -0.04018670 0.04148232 0.06275458
v -0.04018670 0.04148232 0.06275458
v -0.04582751 0.03518688 0.06275457
v -0.04578395 0.03515886 0.06285910
v -0.04014767 0.04144824 0.06285910
v 0.00633297 0.05735228 0.06275458
v 0.00633297 0.05735228 0.06275458
v -0.00211426 0.05766105 0.06275458
v -0.00210791 0.05760964 0.06285908
v 0.00633176 0.05730049 0.06285910
v 0.04828878 0.03174663 0.06275459
v 0.04828878 0.03174663 0.06275459
v 0.04312265 0.03843710 0.06275458
v 0.04308718 0.03839933 0.06285910
v 0.04824818 0.03171446 0.06285910
v 0.05544529 0.01648015 0.06275456
v 0.05544529 0.01648015 0.06275456
v 0.05242572 0.02437529 0.06275457
v 0.05238087 0.02434934 0.06285910
v 0.05539817 0.01646003 0.06285846
v 0.05784920 -0.00020654 0.06285846
v 0.05723132 -0.00862806 0.06285909
v 0.05728303 -0.00863119 0.06275458
v 0.05784920 -0.00020654 0.06285846
v 0.05728303 -0.00863119 0.06275458
v 0.05790011 -0.00020084 0.06275456
v 0.05790011 -0.00020084 0.06275456
v 0.05728303 -0.00863119 0.06275458
v 0.05727595 -0.00862970 0.06267351
v 0.05789289 -0.00020043 0.06267351
v 0.05242539 -0.02477690 0.06275458
v 0.05242539 -0.02477690 0.06275458
v 0.05544507 -0.01688179 0.06275456
v 0.05539435 -0.01687120 0.06285909
v 0.05237686 -0.02476046 0.06285848
v 0.03704121 -0.04469904 0.06267268
v 0.04312213 -0.03883858 0.06275456
v 0.03701552 -0.04468386 0.06283956
v 0.03701552 -0.04468386 0.06283956
v 0.04312213 -0.03883858 0.06275456
v 0.04307918 -0.03880869 0.06285954
v 0.03701552 -0.04468386 0.06283956
v 0.03013147 -0.04958207 0.06285909
v 0.03016216 -0.04962380 0.06275458
v 0.03701552 -0.04468386 0.06283956
v 0.03016216 -0.04962380 0.06275458
v 0.03704121 -0.04469904 0.06267268
v 0.03704121 -0.04469904 0.06267268
v 0.03016216 -0.04962380 0.06275458
v 0.03015875 -0.04961741 0.06267351
v 0.01464448 -0.05621797 0.06275459
v 0.01464448 -0.05621797 0.06275459
v 0.02264464 -0.05348875 0.06275459
v 0.02262037 -0.05344302 0.06285908
v 0.01462609 -0.05617014 0.06285848
v -0.01050948 -0.05713663 0.06267268
v -0.00211502 -0.05806193 0.06275457
v -0.01051421 -0.05710717 0.06283956
v -0.01051421 -0.05710717 0.06283956
v -0.00211502 -0.05806193 0.06275457
v -0.00211955 -0.05800978 0.06285956
v -0.01051421 -0.05710717 0.06283956
v -0.01868276 -0.05494901 0.06285911
v -0.01869522 -0.05499930 0.06275457
v -0.01051421 -0.05710717 0.06283956
v -0.01869522 -0.05499930 0.06275457
v -0.01050948 -0.05713663 0.06267268
v -0.01050948 -0.05713663 0.06267268
v -0.01869522 -0.05499930 0.06275457
v -0.01869248 -0.05499261 0.06267351
v -0.03369003 -0.04728980 0.06275459
v -0.03369003 -0.04728980 0.06275459
v -0.02647475 -0.05169329 0.06275458
v -0.02645512 -0.05164535 0.06285909
v -0.03366505 -0.04724506 0.06285847
v -0.05046685 -0.02852043 0.06283956
v -0.05403318 -0.02086119 0.06285910
v -0.05407979 -0.02088380 0.06275458
v -0.05403318 -0.02086119 0.06285910
v -0.05646655 -0.01277266 0.06285846
v -0.05651501 -0.01278931 0.06275456
v -0.05407979 -0.02088380 0.06275458
v -0.05407979 -0.02088380 0.06275458
v -0.05651501 -0.01278931 0.06275456
v -0.05650786 -0.01278813 0.06267351
v -0.05407290 -0.02088161 0.06267351
v -0.05774564 0.00402638 0.06275456
v -0.05774564 0.00402638 0.06275456
v -0.05774570 -0.00442651 0.06275456
v -0.05768592 -0.00440403 0.06286910
v -0.05774564 0.00402638 0.06275456
v -0.05768592 -0.00440403 0.06286910
v -0.05768508 0.00402211 0.06286845
v -0.05768508 0.00402211 0.06286845
v -0.05768592 -0.00440403 0.06286910
v -0.05779926 -0.00020047 0.06289670
v -0.05405035 0.02047522 0.06283956
v -0.05044440 0.02811586 0.06285910
v -0.05049158 0.02813725 0.06275456
v -0.05044440 0.02811586 0.06285910
v -0.04578395 0.03515886 0.06285910
v -0.04582751 0.03518688 0.06275457
v -0.05044440 0.02811586 0.06285910
v -0.04582751 0.03518688 0.06275457
v -0.05049158 0.02813725 0.06275456
v -0.05049158 0.02813725 0.06275456
v -0.04582751 0.03518688 0.06275457
v -0.04582205 0.03518215 0.06267350
v -0.05048548 0.02813335 0.06267350
v -0.03368942 0.04688933 0.06275455
v -0.03368942 0.04688933 0.06275455
v -0.04018670 0.04148232 0.06275458
v -0.04014767 0.04144824 0.06285910
v -0.03365514 0.04685126 0.06285846
v -0.01868229 0.05457086 0.06283955
v -0.01050267 0.05668664 0.06285911
v -0.01051643 0.05673661 0.06275457
v -0.01050267 0.05668664 0.06285911
v -0.00210791 0.05760964 0.06285908
v -0.00211426 0.05766105 0.06275458
v -0.01051643 0.05673661 0.06275457
v -0.01051643 0.05673661 0.06275457
v -0.00211426 0.05766105 0.06275458
v -0.00211440 0.05765382 0.06267350
v -0.01051551 0.05672942 0.06267350
v 0.01464523 0.05581687 0.06275457
v 0.01464523 0.05581687 0.06275457
v 0.00633297 0.05735228 0.06275458
v 0.00633176 0.05730049 0.06285910
v 0.01463788 0.05576616 0.06285847
v 0.03014926 0.04919534 0.06283955
v 0.03700786 0.04426153 0.06285910
v 0.03703745 0.04430406 0.06275456
v 0.03700786 0.04426153 0.06285910
v 0.04308718 0.03839933 0.06285910
v 0.04312265 0.03843710 0.06275458
v 0.03700786 0.04426153 0.06285910
v 0.04312265 0.03843710 0.06275458
v 0.03703745 0.04430406 0.06275456
v 0.03703745 0.04430406 0.06275456
v 0.04312265 0.03843710 0.06275458
v 0.04311700 0.03843258 0.06267350
v 0.03703249 0.04429877 0.06267350
v 0.04824818 0.03171446 0.06285910
v 0.05238087 0.02434934 0.06285910
v 0.05242572 0.02437529 0.06275457
v 0.04828878 0.03174663 0.06275459
v 0.04828878 0.03174663 0.06275459
v 0.05242572 0.02437529 0.06275457
v 0.05241900 0.02437260 0.06267350
v 0.04828253 0.03174300 0.06267350
v 0.05727995 0.00823658 0.06267267
v 0.05544529 0.01648015 0.06275456
v 0.05725360 0.00822256 0.06283955
v 0.05725360 0.00822256 0.06283955
v 0.05544529 0.01648015 0.06275456
v 0.05539817 0.01646003 0.06285846
v 0.05789289 -0.00020043 0.06267351
v 0.05727995 0.00823658 0.06267267
v 0.05790011 -0.00020084 0.06275456
v 0.05790011 -0.00020084 0.06275456
v 0.05727995 0.00823658 0.06267267
v 0.05725360 0.00822256 0.06283955
v 0.05790011 -0.00020084 0.06275456
v 0.05725360 0.00822256 0.06283955
v 0.05784920 -0.00020654 0.06285846
v -0.05754284 0.00401218 0.06298112
v -0.05779926 -0.00020047 0.06289670
v -0.05753643 -0.00442389 0.06298828
v -0.05753643 -0.00442389 0.06298828
v -0.05779926 -0.00020047 0.06289670
v -0.05768592 -0.00440403 0.06286910
v -0.05753643 -0.00442389 0.06298828
v -0.05768592 -0.00440403 0.06286910
v -0.05627086 -0.01276155 0.06303442
v -0.05627086 -0.01276155 0.06303442
v -0.05768592 -0.00440403 0.06286910
v -0.05646655 -0.01277266 0.06285846
v -0.05627086 -0.01276155 0.06303442
v -0.05646655 -0.01277266 0.06285846
v -0.05387469 -0.02081746 0.06299776
v -0.05387469 -0.02081746 0.06299776
v -0.05646655 -0.01277266 0.06285846
v -0.05403318 -0.02086119 0.06285910
v -0.05387469 -0.02081746 0.06299776
v -0.05403318 -0.02086119 0.06285910
v -0.05030324 -0.02843425 0.06299728
v -0.05046685 -0.02852043 0.06283956
v -0.05030324 -0.02843425 0.06299728
v -0.05046685 -0.02852043 0.06283956
v -0.04565629 -0.03545759 0.06299729
v -0.04579079 -0.03555034 0.06285956
v -0.04565629 -0.03545759 0.06299729
v -0.04579079 -0.03555034 0.06285956
v -0.04003149 -0.04173215 0.06299997
v -0.04015583 -0.04184085 0.06285956
v -0.04003149 -0.04173215 0.06299997
v -0.04015583 -0.04184085 0.06285956
v -0.03355558 -0.04712131 0.06299778
v -0.03355558 -0.04712131 0.06299778
v -0.04015583 -0.04184085 0.06285956
v -0.03366505 -0.04724506 0.06285847
v -0.03355558 -0.04712131 0.06299778
v -0.03366505 -0.04724506 0.06285847
v -0.02636625 -0.05150704 0.06299775
v -0.02636625 -0.05150704 0.06299775
v -0.03366505 -0.04724506 0.06285847
v -0.02645512 -0.05164535 0.06285909
v -0.02636625 -0.05150704 0.06299775
v -0.02645512 -0.05164535 0.06285909
v -0.01859171 -0.05477645 0.06303440
v -0.01859171 -0.05477645 0.06303440
v -0.02645512 -0.05164535 0.06285909
v -0.01868276 -0.05494901 0.06285911
v -0.01859171 -0.05477645 0.06303440
v -0.01868276 -0.05494901 0.06285911
v -0.01047412 -0.05690642 0.06302089
v -0.01047412 -0.05690642 0.06302089
v -0.01868276 -0.05494901 0.06285911
v -0.01051421 -0.05710717 0.06283956
v -0.01047412 -0.05690642 0.06302089
v -0.01051421 -0.05710717 0.06283956
v -0.00210481 -0.05784705 0.06299730
v -0.00210481 -0.05784705 0.06299730
v -0.01051421 -0.05710717 0.06283956
v -0.00211955 -0.05800978 0.06285956
v -0.00210481 -0.05784705 0.06299730
v -0.00211955 -0.05800978 0.06285956
v 0.00631101 -0.05753921 0.06299730
v 0.00631101 -0.05753921 0.06299730
v -0.00211955 -0.05800978 0.06285956
v 0.00632020 -0.05770234 0.06285956
v 0.00631101 -0.05753921 0.06299730
v 0.00632020 -0.05770234 0.06285956
v 0.01459714 -0.05600660 0.06299994
v 0.01462609 -0.05617014 0.06285848
v 0.01459714 -0.05600660 0.06299994
v 0.01462609 -0.05617014 0.06285848
v 0.02257127 -0.05327522 0.06300914
v 0.02262037 -0.05344302 0.06285908
v 0.02257127 -0.05327522 0.06300914
v 0.02262037 -0.05344302 0.06285908
v 0.03005847 -0.04942322 0.06300916
v 0.03005847 -0.04942322 0.06300916
v 0.02262037 -0.05344302 0.06285908
v 0.03013147 -0.04958207 0.06285909
v 0.03005847 -0.04942322 0.06300916
v 0.03013147 -0.04958207 0.06285909
v 0.03689404 -0.04453140 0.06300867
v 0.03689404 -0.04453140 0.06300867
v 0.03013147 -0.04958207 0.06285909
v 0.03701552 -0.04468386 0.06283956
v 0.03689404 -0.04453140 0.06300867
v 0.03701552 -0.04468386 0.06283956
v 0.04296352 -0.03869328 0.06299728
v 0.04296352 -0.03869328 0.06299728
v 0.03701552 -0.04468386 0.06283956
v 0.04307918 -0.03880869 0.06285954
v 0.04296352 -0.03869328 0.06299728
v 0.04307918 -0.03880869 0.06285954
v 0.04809265 -0.03201823 0.06302088
v 0.04809265 -0.03201823 0.06302088
v 0.04307918 -0.03880869 0.06285954
v 0.04824149 -0.03212487 0.06285956
v 0.04809265 -0.03201823 0.06302088
v 0.04824149 -0.03212487 0.06285956
v 0.05223261 -0.02467808 0.06299996
v 0.05223261 -0.02467808 0.06299996
v 0.04824149 -0.03212487 0.06285956
v 0.05237686 -0.02476046 0.06285848
v 0.05223261 -0.02467808 0.06299996
v 0.05237686 -0.02476046 0.06285848
v 0.05522608 -0.01679412 0.06302135
v 0.05522608 -0.01679412 0.06302135
v 0.05237686 -0.02476046 0.06285848
v 0.05539435 -0.01687120 0.06285909
v 0.05522608 -0.01679412 0.06302135
v 0.05539435 -0.01687120 0.06285909
v 0.05704508 -0.00856988 0.06303441
v 0.05723132 -0.00862806 0.06285909
v 0.05704508 -0.00856988 0.06303441
v 0.05723132 -0.00862806 0.06285909
v 0.05768361 -0.00019317 0.06299996
v 0.05768361 -0.00019317 0.06299996
v 0.05723132 -0.00862806 0.06285909
v 0.05784920 -0.00020654 0.06285846
v 0.05768361 -0.00019317 0.06299996
v 0.05784920 -0.00020654 0.06285846
v 0.05707000 0.00820052 0.06299728
v 0.05725360 0.00822256 0.06283955
v 0.05707000 0.00820052 0.06299728
v 0.05725360 0.00822256 0.06283955
v 0.05523864 0.01642045 0.06299728
v 0.05523864 0.01642045 0.06299728
v 0.05725360 0.00822256 0.06283955
v 0.05539817 0.01646003 0.06285846
v 0.05523864 0.01642045 0.06299728
v 0.05539817 0.01646003 0.06285846
v 0.05238087 0.02434934 0.06285910
v 0.05523864 0.01642045 0.06299728
v 0.05238087 0.02434934 0.06285910
v 0.05222997 0.02428613 0.06299728
v 0.05222997 0.02428613 0.06299728
v 0.05238087 0.02434934 0.06285910
v 0.04824818 0.03171446 0.06285910
v 0.05222997 0.02428613 0.06299728
v 0.04824818 0.03171446 0.06285910
v 0.04807694 0.03162238 0.06303961
v 0.04807694 0.03162238 0.06303961
v 0.04824818 0.03171446 0.06285910
v 0.04292332 0.03829340 0.06303441
v 0.04292332 0.03829340 0.06303441
v 0.04824818 0.03171446 0.06285910
v 0.04308718 0.03839933 0.06285910
v 0.04292332 0.03829340 0.06303441
v 0.04308718 0.03839933 0.06285910
v 0.03686115 0.04413287 0.06303441
v 0.03686115 0.04413287 0.06303441
v 0.04308718 0.03839933 0.06285910
v 0.03700786 0.04426153 0.06285910
v 0.03686115 0.04413287 0.06303441
v 0.03700786 0.04426153 0.06285910
v 0.03004008 0.04902218 0.06302088
v 0.03004008 0.04902218 0.06302088
v 0.03700786 0.04426153 0.06285910
v 0.03014926 0.04919534 0.06283955
v 0.03004008 0.04902218 0.06302088
v 0.03014926 0.04919534 0.06283955
v 0.02255906 0.05289052 0.06299728
v 0.02255906 0.05289052 0.06299728
v 0.03014926 0.04919534 0.06283955
v 0.02263092 0.05303726 0.06285955
v 0.02255906 0.05289052 0.06299728
v 0.02263092 0.05303726 0.06285955
v 0.01457437 0.05559131 0.06302550
v 0.01457437 0.05559131 0.06302550
v 0.02263092 0.05303726 0.06285955
v 0.01463788 0.05576616 0.06285847
v 0.01457437 0.05559131 0.06302550
v 0.01463788 0.05576616 0.06285847
v 0.00629818 0.05713955 0.06299776
v 0.00629818 0.05713955 0.06299776
v 0.01463788 0.05576616 0.06285847
v 0.00633176 0.05730049 0.06285910
v 0.00629818 0.05713955 0.06299776
v 0.00633176 0.05730049 0.06285910
v -0.00211768 0.05744551 0.06299777
v -0.00211768 0.05744551 0.06299777
v 0.00633176 0.05730049 0.06285910
v -0.00210791 0.05760964 0.06285908
v -0.00211768 0.05744551 0.06299777
v -0.00210791 0.05760964 0.06285908
v -0.01048845 0.05652287 0.06299777
v -0.01048845 0.05652287 0.06299777
v -0.00210791 0.05760964 0.06285908
v -0.01050267 0.05668664 0.06285911
v -0.01048845 0.05652287 0.06299777
v -0.01050267 0.05668664 0.06285911
v -0.01861901 0.05437617 0.06302089
v -0.01861901 0.05437617 0.06302089
v -0.01050267 0.05668664 0.06285911
v -0.01868229 0.05457086 0.06283955
v -0.01861901 0.05437617 0.06302089
v -0.01868229 0.05457086 0.06283955
v -0.02637780 0.05110037 0.06299728
v -0.02637780 0.05110037 0.06299728
v -0.01868229 0.05457086 0.06283955
v -0.02644460 0.05124948 0.06285956
v -0.02637780 0.05110037 0.06299728
v -0.02644460 0.05124948 0.06285956
v -0.03356967 0.04670882 0.06299995
v -0.03365514 0.04685126 0.06285846
v -0.03356967 0.04670882 0.06299995
v -0.03365514 0.04685126 0.06285846
v -0.04004545 0.04131949 0.06299778
v -0.04004545 0.04131949 0.06299778
v -0.03365514 0.04685126 0.06285846
v -0.04014767 0.04144824 0.06285910
v -0.04004545 0.04131949 0.06299778
v -0.04014767 0.04144824 0.06285910
v -0.04565000 0.03501698 0.06303441
v -0.04565000 0.03501698 0.06303441
v -0.04014767 0.04144824 0.06285910
v -0.04578395 0.03515886 0.06285910
v -0.04565000 0.03501698 0.06303441
v -0.04578395 0.03515886 0.06285910
v -0.05029123 0.02799498 0.06303442
v -0.05029123 0.02799498 0.06303442
v -0.04578395 0.03515886 0.06285910
v -0.05044440 0.02811586 0.06285910
v -0.05029123 0.02799498 0.06303442
v -0.05044440 0.02811586 0.06285910
v -0.05387947 0.02040457 0.06299728
v -0.05387947 0.02040457 0.06299728
v -0.05044440 0.02811586 0.06285910
v -0.05405035 0.02047522 0.06283956
v -0.05387947 0.02040457 0.06299728
v -0.05405035 0.02047522 0.06283956
v -0.05630519 0.01233462 0.06299995
v -0.05646390 0.01238364 0.06285846
v -0.05630519 0.01233462 0.06299995
v -0.05646390 0.01238364 0.06285846
v -0.05754284 0.00401218 0.06298112
v -0.05754284 0.00401218 0.06298112
v -0.05646390 0.01238364 0.06285846
v -0.05768508 0.00402211 0.06286845
v -0.05754284 0.00401218 0.06298112
v -0.05768508 0.00402211 0.06286845
v -0.05779926 -0.00020047 0.06289670
v 0.05707000 0.00820052 0.06299728
v 0.05764796 -0.00020051 0.06312003
v 0.05768361 -0.00019317 0.06299996
v 0.05768361 -0.00019317 0.06299996
v 0.05764796 -0.00020051 0.06312003
v 0.05704508 -0.00856988 0.06303441
v 0.05522608 -0.01679412 0.06302135
v 0.05219722 -0.02466959 0.06312004
v 0.05223261 -0.02467808 0.06299996
v 0.05223261 -0.02467808 0.06299996
v 0.05219722 -0.02466959 0.06312004
v 0.04809265 -0.03201823 0.06302088
v 0.04809265 -0.03201823 0.06302088
v 0.04293456 -0.03867007 0.06312002
v 0.04296352 -0.03869328 0.06299728
v 0.04296352 -0.03869328 0.06299728
v 0.04293456 -0.03867007 0.06312002
v 0.03689404 -0.04453140 0.06300867
v 0.02257127 -0.05327522 0.06300914
v 0.01458102 -0.05597395 0.06312003
v 0.01459714 -0.05600660 0.06299994
v 0.01459714 -0.05600660 0.06299994
v 0.01458102 -0.05597395 0.06312003
v 0.00630495 -0.05750261 0.06312004
v 0.01459714 -0.05600660 0.06299994
v 0.00630495 -0.05750261 0.06312004
v 0.00631101 -0.05753921 0.06299730
v 0.00631101 -0.05753921 0.06299730
v 0.00630495 -0.05750261 0.06312004
v -0.00210542 -0.05781172 0.06310353
v 0.00631101 -0.05753921 0.06299730
v -0.00210542 -0.05781172 0.06310353
v -0.00210481 -0.05784705 0.06299730
v -0.00210481 -0.05784705 0.06299730
v -0.00210542 -0.05781172 0.06310353
v -0.01047412 -0.05690642 0.06302089
v -0.01859171 -0.05477645 0.06303440
v -0.02635913 -0.05146922 0.06311999
v -0.02636625 -0.05150704 0.06299775
v -0.02636625 -0.05150704 0.06299775
v -0.02635913 -0.05146922 0.06311999
v -0.03354305 -0.04708492 0.06312003
v -0.02636625 -0.05150704 0.06299775
v -0.03354305 -0.04708492 0.06312003
v -0.03355558 -0.04712131 0.06299778
v -0.03355558 -0.04712131 0.06299778
v -0.03354305 -0.04708492 0.06312003
v -0.04001203 -0.04170139 0.06312003
v -0.03355558 -0.04712131 0.06299778
v -0.04001203 -0.04170139 0.06312003
v -0.04003149 -0.04173215 0.06299997
v -0.04003149 -0.04173215 0.06299997
v -0.04001203 -0.04170139 0.06312003
v -0.04562821 -0.03543334 0.06312002
v -0.04003149 -0.04173215 0.06299997
v -0.04562821 -0.03543334 0.06312002
v -0.04565629 -0.03545759 0.06299729
v -0.04565629 -0.03545759 0.06299729
v -0.04562821 -0.03543334 0.06312002
v -0.05027338 -0.02841533 0.06310351
v -0.04565629 -0.03545759 0.06299729
v -0.05027338 -0.02841533 0.06310351
v -0.05030324 -0.02843425 0.06299728
v -0.05030324 -0.02843425 0.06299728
v -0.05027338 -0.02841533 0.06310351
v -0.05384417 -0.02079405 0.06312003
v -0.05030324 -0.02843425 0.06299728
v -0.05384417 -0.02079405 0.06312003
v -0.05387469 -0.02081746 0.06299776
v -0.05387469 -0.02081746 0.06299776
v -0.05384417 -0.02079405 0.06312003
v -0.05627086 -0.01276155 0.06303442
v -0.05627086 -0.01276155 0.06303442
v -0.05749593 -0.00440870 0.06310349
v -0.05753643 -0.00442389 0.06298828
v -0.05753643 -0.00442389 0.06298828
v -0.05749593 -0.00440870 0.06310349
v -0.05749420 0.00400762 0.06312002
v -0.05754284 0.00401218 0.06298112
v -0.05754284 0.00401218 0.06298112
v -0.05749420 0.00400762 0.06312002
v -0.05626879 0.01233401 0.06312002
v -0.05754284 0.00401218 0.06298112
v -0.05626879 0.01233401 0.06312002
v -0.05630519 0.01233462 0.06299995
v -0.05630519 0.01233462 0.06299995
v -0.05626879 0.01233401 0.06312002
v -0.05384581 0.02039372 0.06310351
v -0.05630519 0.01233462 0.06299995
v -0.05384581 0.02039372 0.06310351
v -0.05387947 0.02040457 0.06299728
v -0.05387947 0.02040457 0.06299728
v -0.05384581 0.02039372 0.06310351
v -0.05029123 0.02799498 0.06303442
v -0.04565000 0.03501698 0.06303441
v -0.04001195 0.04130056 0.06312004
v -0.04004545 0.04131949 0.06299778
v -0.04004545 0.04131949 0.06299778
v -0.04001195 0.04130056 0.06312004
v -0.03354297 0.04668409 0.06312003
v -0.04004545 0.04131949 0.06299778
v -0.03354297 0.04668409 0.06312003
v -0.03356967 0.04670882 0.06299995
v -0.03356967 0.04670882 0.06299995
v -0.03354297 0.04668409 0.06312003
v -0.02635904 0.05106836 0.06312003
v -0.03356967 0.04670882 0.06299995
v -0.02635904 0.05106836 0.06312003
v -0.02637780 0.05110037 0.06299728
v -0.02637780 0.05110037 0.06299728
v -0.02635904 0.05106836 0.06312003
v -0.01861901 0.05437617 0.06302089
v -0.01861901 0.05437617 0.06302089
v -0.01047094 0.05648861 0.06312004
v -0.01048845 0.05652287 0.06299777
v -0.01048845 0.05652287 0.06299777
v -0.01047094 0.05648861 0.06312004
v -0.00210537 0.05740907 0.06312004
v -0.01048845 0.05652287 0.06299777
v -0.00210537 0.05740907 0.06312004
v -0.00211768 0.05744551 0.06299777
v -0.00211768 0.05744551 0.06299777
v -0.00210537 0.05740907 0.06312004
v 0.00630506 0.05710169 0.06312002
v -0.00211768 0.05744551 0.06299777
v 0.00630506 0.05710169 0.06312002
v 0.00629818 0.05713955 0.06299776
v 0.00629818 0.05713955 0.06299776
v 0.00630506 0.05710169 0.06312002
v 0.01457437 0.05559131 0.06302550
v 0.01457437 0.05559131 0.06302550
v 0.02254643 0.05285562 0.06312003
v 0.02255906 0.05289052 0.06299728
v 0.02255906 0.05289052 0.06299728
v 0.02254643 0.05285562 0.06312003
v 0.03004008 0.04902218 0.06302088
v 0.04807694 0.03162238 0.06303961
v 0.05219878 0.02426946 0.06310350
v 0.05222997 0.02428613 0.06299728
v 0.05222997 0.02428613 0.06299728
v 0.05219878 0.02426946 0.06310350
v 0.05520537 0.01640848 0.06310349
v 0.05222997 0.02428613 0.06299728
v 0.05520537 0.01640848 0.06310349
v 0.05523864 0.01642045 0.06299728
v 0.05523864 0.01642045 0.06299728
v 0.05520537 0.01640848 0.06310349
v 0.05703364 0.00819310 0.06312003
v 0.05523864 0.01642045 0.06299728
v 0.05703364 0.00819310 0.06312003
v 0.05707000 0.00820052 0.06299728
v 0.05703364 0.00819310 0.06312003
v 0.04293456 -0.03867007 0.06312002
v 0.03687941 -0.04451962 0.06318668
v 0.03689404 -0.04453140 0.06300867
v 0.03689404 -0.04453140 0.06300867
v 0.03687941 -0.04451962 0.06318668
v 0.03003348 -0.04941701 0.06318668
v 0.03689404 -0.04453140 0.06300867
v 0.03003348 -0.04941701 0.06318668
v 0.03005847 -0.04942322 0.06300916
v 0.03005847 -0.04942322 0.06300916
v 0.03003348 -0.04941701 0.06318668
v 0.02254745 -0.05326543 0.06318668
v 0.03005847 -0.04942322 0.06300916
v 0.02254745 -0.05326543 0.06318668
v 0.02257127 -0.05327522 0.06300914
v 0.02257127 -0.05327522 0.06300914
v 0.02254745 -0.05326543 0.06318668
v 0.01458102 -0.05597395 0.06312003
v 0.05704508 -0.00856988 0.06303441
v 0.05521971 -0.01681588 0.06320134
v 0.05522608 -0.01679412 0.06302135
v 0.05522608 -0.01679412 0.06302135
v 0.05521971 -0.01681588 0.06320134
v 0.05219722 -0.02466959 0.06312004
v 0.05219722 -0.02466959 0.06312004
v 0.04809154 -0.03202016 0.06320135
v 0.04809265 -0.03201823 0.06302088
v 0.04809265 -0.03201823 0.06302088
v 0.04809154 -0.03202016 0.06320135
v 0.04293456 -0.03867007 0.06312002
v -0.00210542 -0.05781172 0.06310353
v -0.01047632 -0.05690616 0.06320135
v -0.01047412 -0.05690642 0.06302089
v -0.01047412 -0.05690642 0.06302089
v -0.01047632 -0.05690616 0.06320135
v -0.01859171 -0.05477645 0.06303440
v -0.02635904 0.05106836 0.06312003
v -0.01861696 0.05437702 0.06320136
v -0.01861901 0.05437617 0.06302089
v -0.01861901 0.05437617 0.06302089
v -0.01861696 0.05437702 0.06320136
v -0.01047094 0.05648861 0.06312004
v 0.00630506 0.05710169 0.06312002
v 0.01458761 0.05558927 0.06320137
v 0.01457437 0.05559131 0.06302550
v 0.01457437 0.05559131 0.06302550
v 0.01458761 0.05558927 0.06320137
v 0.02254643 0.05285562 0.06312003
v 0.02254643 0.05285562 0.06312003
v 0.03004205 0.04902115 0.06320135
v 0.03004008 0.04902218 0.06302088
v 0.03004008 0.04902218 0.06302088
v 0.03004205 0.04902115 0.06320135
v 0.03686115 0.04413287 0.06303441
v 0.05764796 -0.00020051 0.06312003
v 0.05705991 -0.00859965 0.06321527
v 0.05704508 -0.00856988 0.06303441
v 0.05704508 -0.00856988 0.06303441
v 0.05705991 -0.00859965 0.06321527
v 0.05521971 -0.01681588 0.06320134
v 0.00630495 -0.05750261 0.06312004
v -0.00210811 -0.05783671 0.06321525
v -0.00210542 -0.05781172 0.06310353
v -0.00210542 -0.05781172 0.06310353
v -0.00210811 -0.05783671 0.06321525
v -0.01047632 -0.05690616 0.06320135
v -0.01047632 -0.05690616 0.06320135
v -0.01862369 -0.05478562 0.06321528
v -0.01859171 -0.05477645 0.06303440
v -0.01859171 -0.05477645 0.06303440
v -0.01862369 -0.05478562 0.06321528
v -0.02635913 -0.05146922 0.06311999
v -0.04562821 -0.03543334 0.06312002
v -0.05029613 -0.02842603 0.06321528
v -0.05027338 -0.02841533 0.06310351
v -0.05027338 -0.02841533 0.06310351
v -0.05029613 -0.02842603 0.06321528
v -0.05384417 -0.02079405 0.06312003
v -0.05384417 -0.02079405 0.06312003
v -0.05629537 -0.01273903 0.06321528
v -0.05627086 -0.01276155 0.06303442
v -0.05627086 -0.01276155 0.06303442
v -0.05629537 -0.01273903 0.06321528
v -0.05752108 -0.00440874 0.06321529
v -0.05627086 -0.01276155 0.06303442
v -0.05752108 -0.00440874 0.06321529
v -0.05749593 -0.00440870 0.06310349
v -0.05749593 -0.00440870 0.06310349
v -0.05752108 -0.00440874 0.06321529
v -0.05749420 0.00400762 0.06312002
v -0.05626879 0.01233401 0.06312002
v -0.05386860 0.02040436 0.06321529
v -0.05384581 0.02039372 0.06310351
v -0.05384581 0.02039372 0.06310351
v -0.05386860 0.02040436 0.06321529
v -0.05029446 0.02802812 0.06321529
v -0.05384581 0.02039372 0.06310351
v -0.05029446 0.02802812 0.06321529
v -0.05029123 0.02799498 0.06303442
v -0.05029123 0.02799498 0.06303442
v -0.05029446 0.02802812 0.06321529
v -0.04564837 0.03505022 0.06321529
v -0.05029123 0.02799498 0.06303442
v -0.04564837 0.03505022 0.06321529
v -0.04565000 0.03501698 0.06303441
v -0.04565000 0.03501698 0.06303441
v -0.04564837 0.03505022 0.06321529
v -0.04001195 0.04130056 0.06312004
v 0.03004205 0.04902115 0.06320135
v 0.03689432 0.04413002 0.06321528
v 0.03686115 0.04413287 0.06303441
v 0.03686115 0.04413287 0.06303441
v 0.03689432 0.04413002 0.06321528
v 0.04295572 0.03828576 0.06321529
v 0.03686115 0.04413287 0.06303441
v 0.04295572 0.03828576 0.06321529
v 0.04292332 0.03829340 0.06303441
v 0.04292332 0.03829340 0.06303441
v 0.04295572 0.03828576 0.06321529
v 0.04810158 0.03162123 0.06321528
v 0.04292332 0.03829340 0.06303441
v 0.04810158 0.03162123 0.06321528
v 0.04807694 0.03162238 0.06303961
v 0.04807694 0.03162238 0.06303961
v 0.04810158 0.03162123 0.06321528
v 0.05222225 0.02427847 0.06321528
v 0.04807694 0.03162238 0.06303961
v 0.05222225 0.02427847 0.06321528
v 0.05219878 0.02426946 0.06310350
v 0.05219878 0.02426946 0.06310350
v 0.05222225 0.02427847 0.06321528
v 0.05522991 0.01641396 0.06321527
v 0.05520537 0.01640848 0.06310349
v 0.05520537 0.01640848 0.06310349
v 0.05522991 0.01641396 0.06321527
v 0.05703364 0.00819310 0.06312003
v 0.05703364 0.00819310 0.06312003
v 0.05768487 -0.00020156 0.06322843
v 0.05764796 -0.00020051 0.06312003
v 0.05764796 -0.00020051 0.06312003
v 0.05768487 -0.00020156 0.06322843
v 0.05705991 -0.00859965 0.06321527
v 0.05521971 -0.01681588 0.06320134
v 0.05223019 -0.02468620 0.06322843
v 0.05219722 -0.02466959 0.06312004
v 0.05219722 -0.02466959 0.06312004
v 0.05223019 -0.02468620 0.06322843
v 0.04809154 -0.03202016 0.06320135
v 0.04809154 -0.03202016 0.06320135
v 0.04296135 -0.03869548 0.06322842
v 0.04293456 -0.03867007 0.06312002
v 0.04293456 -0.03867007 0.06312002
v 0.04296135 -0.03869548 0.06322842
v 0.03687941 -0.04451962 0.06318668
v 0.02254745 -0.05326543 0.06318668
v 0.01458934 -0.05600990 0.06322842
v 0.01458102 -0.05597395 0.06312003
v 0.01458102 -0.05597395 0.06312003
v 0.01458934 -0.05600990 0.06322842
v 0.00630793 -0.05753939 0.06322841
v 0.00630495 -0.05750261 0.06312004
v 0.00630495 -0.05750261 0.06312004
v 0.00630793 -0.05753939 0.06322841
v -0.00210811 -0.05783671 0.06321525
v -0.01862369 -0.05478562 0.06321528
v -0.02637696 -0.05150154 0.06322842
v -0.02635913 -0.05146922 0.06311999
v -0.02635913 -0.05146922 0.06311999
v -0.02637696 -0.05150154 0.06322842
v -0.03356539 -0.04711432 0.06322842
v -0.03354305 -0.04708492 0.06312003
v -0.03354305 -0.04708492 0.06312003
v -0.03356539 -0.04711432 0.06322842
v -0.04003842 -0.04172723 0.06322844
v -0.04001203 -0.04170139 0.06312003
v -0.04001203 -0.04170139 0.06312003
v -0.04003842 -0.04172723 0.06322844
v -0.04565809 -0.03545506 0.06322845
v -0.04562821 -0.03543334 0.06312002
v -0.04562821 -0.03543334 0.06312002
v -0.04565809 -0.03545506 0.06322845
v -0.05029613 -0.02842603 0.06321528
v -0.05029613 -0.02842603 0.06321528
v -0.05387903 -0.02080622 0.06322844
v -0.05384417 -0.02079405 0.06312003
v -0.05384417 -0.02079405 0.06312003
v -0.05387903 -0.02080622 0.06322844
v -0.05629537 -0.01273903 0.06321528
v -0.05752108 -0.00440874 0.06321529
v -0.05753091 0.00401139 0.06322842
v -0.05749420 0.00400762 0.06312002
v -0.05749420 0.00400762 0.06312002
v -0.05753091 0.00401139 0.06322842
v -0.05630458 0.01234309 0.06322843
v -0.05626879 0.01233401 0.06312002
v -0.05626879 0.01233401 0.06312002
v -0.05630458 0.01234309 0.06322843
v -0.05386860 0.02040436 0.06321529
v -0.04564837 0.03505022 0.06321529
v -0.04003679 0.04132789 0.06322845
v -0.04001195 0.04130056 0.06312004
v -0.04001195 0.04130056 0.06312004
v -0.04003679 0.04132789 0.06322845
v -0.03356356 0.04671472 0.06322843
v -0.03354297 0.04668409 0.06312003
v -0.03354297 0.04668409 0.06312003
v -0.03356356 0.04671472 0.06322843
v -0.02637498 0.05110165 0.06322842
v -0.02635904 0.05106836 0.06312003
v -0.02635904 0.05106836 0.06312003
v -0.02637498 0.05110165 0.06322842
v -0.01861696 0.05437702 0.06320136
v -0.01861696 0.05437702 0.06320136
v -0.01047659 0.05652509 0.06322845
v -0.01047094 0.05648861 0.06312004
v -0.01047094 0.05648861 0.06312004
v -0.01047659 0.05652509 0.06322845
v -0.00210567 0.05744599 0.06322842
v -0.00210537 0.05740907 0.06312004
v -0.00210537 0.05740907 0.06312004
v -0.00210567 0.05744599 0.06322842
v 0.00631013 0.05713825 0.06322842
v 0.00630506 0.05710169 0.06312002
v 0.00630506 0.05710169 0.06312002
v 0.00631013 0.05713825 0.06322842
v 0.01458761 0.05558927 0.06320137
v 0.01458761 0.05558927 0.06320137
v 0.02256184 0.05288917 0.06322843
v 0.02254643 0.05285562 0.06312003
v 0.02254643 0.05285562 0.06312003
v 0.02256184 0.05288917 0.06322843
v 0.03004205 0.04902115 0.06320135
v 0.05522991 0.01641396 0.06321527
v 0.05707030 0.00819743 0.06322842
v 0.05703364 0.00819310 0.06312003
v 0.05707030 0.00819743 0.06322842
v 0.05707030 0.00819743 0.06322842
v 0.05777301 -0.00021693 0.06330187
v 0.05768487 -0.00020156 0.06322843
v 0.05768487 -0.00020156 0.06322843
v 0.05777301 -0.00021693 0.06330187
v 0.05715494 -0.00862858 0.06330187
v 0.05768487 -0.00020156 0.06322843
v 0.05715494 -0.00862858 0.06330187
v 0.05705991 -0.00859965 0.06321527
v 0.05705991 -0.00859965 0.06321527
v 0.05715494 -0.00862858 0.06330187
v 0.05531872 -0.01686060 0.06330187
v 0.05705991 -0.00859965 0.06321527
v 0.05531872 -0.01686060 0.06330187
v 0.05521971 -0.01681588 0.06320134
v 0.05521971 -0.01681588 0.06320134
v 0.05531872 -0.01686060 0.06330187
v 0.05230347 -0.02473752 0.06330187
v 0.05521971 -0.01681588 0.06320134
v 0.05230347 -0.02473752 0.06330187
v 0.05223019 -0.02468620 0.06322843
v 0.05223019 -0.02468620 0.06322843
v 0.05230347 -0.02473752 0.06330187
v 0.04817345 -0.03209153 0.06330187
v 0.05223019 -0.02468620 0.06322843
v 0.04817345 -0.03209153 0.06330187
v 0.04809154 -0.03202016 0.06320135
v 0.04809154 -0.03202016 0.06320135
v 0.04817345 -0.03209153 0.06330187
v 0.04301673 -0.03876573 0.06330187
v 0.04809154 -0.03202016 0.06320135
v 0.04301673 -0.03876573 0.06330187
v 0.04296135 -0.03869548 0.06322842
v 0.04296135 -0.03869548 0.06322842
v 0.04301673 -0.03876573 0.06330187
v 0.03694315 -0.04461808 0.06330188
v 0.04296135 -0.03869548 0.06322842
v 0.03694315 -0.04461808 0.06330188
v 0.03687941 -0.04451962 0.06318668
v 0.03687941 -0.04451962 0.06318668
v 0.03694315 -0.04461808 0.06330188
v 0.03008223 -0.04952369 0.06330187
v 0.03687941 -0.04451962 0.06318668
v 0.03008223 -0.04952369 0.06330187
v 0.03003348 -0.04941701 0.06318668
v 0.03003348 -0.04941701 0.06318668
v 0.03008223 -0.04952369 0.06330187
v 0.02258011 -0.05337810 0.06330188
v 0.03003348 -0.04941701 0.06318668
v 0.02258011 -0.05337810 0.06330188
v 0.02254745 -0.05326543 0.06318668
v 0.02254745 -0.05326543 0.06318668
v 0.02258011 -0.05337810 0.06330188
v 0.01459679 -0.05609908 0.06330188
v 0.02254745 -0.05326543 0.06318668
v 0.01459679 -0.05609908 0.06330188
v 0.01458934 -0.05600990 0.06322842
v 0.01458934 -0.05600990 0.06322842
v 0.01459679 -0.05609908 0.06330188
v 0.00630230 -0.05762870 0.06330187
v 0.01458934 -0.05600990 0.06322842
v 0.00630230 -0.05762870 0.06330187
v 0.00630793 -0.05753939 0.06322841
v 0.00630793 -0.05753939 0.06322841
v 0.00630230 -0.05762870 0.06330187
v -0.00212648 -0.05793432 0.06330187
v 0.00630793 -0.05753939 0.06322841
v -0.00212648 -0.05793432 0.06330187
v -0.00210811 -0.05783671 0.06321525
v -0.00210811 -0.05783671 0.06321525
v -0.00212648 -0.05793432 0.06330187
v -0.01050995 -0.05700946 0.06330187
v -0.00210811 -0.05783671 0.06321525
v -0.01050995 -0.05700946 0.06330187
v -0.01047632 -0.05690616 0.06320135
v -0.01047632 -0.05690616 0.06320135
v -0.01050995 -0.05700946 0.06330187
v -0.01866941 -0.05487382 0.06330188
v -0.01047632 -0.05690616 0.06320135
v -0.01866941 -0.05487382 0.06330188
v -0.01862369 -0.05478562 0.06321528
v -0.01862369 -0.05478562 0.06321528
v -0.01866941 -0.05487382 0.06330188
v -0.02643096 -0.05157289 0.06330187
v -0.01862369 -0.05478562 0.06321528
v -0.02643096 -0.05157289 0.06330187
v -0.02637696 -0.05150154 0.06322842
v -0.02637696 -0.05150154 0.06322842
v -0.02643096 -0.05157289 0.06330187
v -0.03362916 -0.04717706 0.06330187
v -0.02637696 -0.05150154 0.06322842
v -0.03362916 -0.04717706 0.06330187
v -0.03356539 -0.04711432 0.06322842
v -0.03356539 -0.04711432 0.06322842
v -0.03362916 -0.04717706 0.06330187
v -0.04011063 -0.04178001 0.06330187
v -0.03356539 -0.04711432 0.06322842
v -0.04011063 -0.04178001 0.06330187
v -0.04003842 -0.04172723 0.06322844
v -0.04003842 -0.04172723 0.06322844
v -0.04011063 -0.04178001 0.06330187
v -0.04573726 -0.03549674 0.06330188
v -0.04003842 -0.04172723 0.06322844
v -0.04573726 -0.03549674 0.06330188
v -0.04565809 -0.03545506 0.06322845
v -0.04565809 -0.03545506 0.06322845
v -0.04573726 -0.03549674 0.06330188
v -0.05038901 -0.02846124 0.06330187
v -0.04565809 -0.03545506 0.06322845
v -0.05038901 -0.02846124 0.06330187
v -0.05029613 -0.02842603 0.06321528
v -0.05029613 -0.02842603 0.06321528
v -0.05038901 -0.02846124 0.06330187
v -0.05396684 -0.02082336 0.06330188
v -0.05029613 -0.02842603 0.06321528
v -0.05396684 -0.02082336 0.06330188
v -0.05387903 -0.02080622 0.06322844
v -0.05387903 -0.02080622 0.06322844
v -0.05396684 -0.02082336 0.06330188
v -0.05639445 -0.01274596 0.06330187
v -0.05387903 -0.02080622 0.06322844
v -0.05639445 -0.01274596 0.06330187
v -0.05629537 -0.01273903 0.06321528
v -0.05629537 -0.01273903 0.06321528
v -0.05639445 -0.01274596 0.06330187
v -0.05762011 -0.00440117 0.06330187
v -0.05629537 -0.01273903 0.06321528
v -0.05762011 -0.00440117 0.06330187
v -0.05752108 -0.00440874 0.06321529
v -0.05752108 -0.00440874 0.06321529
v -0.05762011 -0.00440117 0.06330187
v -0.05761771 0.00403316 0.06330187
v -0.05752108 -0.00440874 0.06321529
v -0.05761771 0.00403316 0.06330187
v -0.05753091 0.00401139 0.06322842
v -0.05753091 0.00401139 0.06322842
v -0.05761771 0.00403316 0.06330187
v -0.05638728 0.01237723 0.06330187
v -0.05753091 0.00401139 0.06322842
v -0.05638728 0.01237723 0.06330187
v -0.05630458 0.01234309 0.06322843
v -0.05630458 0.01234309 0.06322843
v -0.05638728 0.01237723 0.06330187
v -0.05395506 0.02045326 0.06330187
v -0.05630458 0.01234309 0.06322843
v -0.05395506 0.02045326 0.06330187
v -0.05386860 0.02040436 0.06321529
v -0.05386860 0.02040436 0.06321529
v -0.05395506 0.02045326 0.06330187
v -0.05037286 0.02808908 0.06330187
v -0.05029446 0.02802812 0.06321529
v -0.05029446 0.02802812 0.06321529
v -0.05037286 0.02808908 0.06330187
v -0.04571709 0.03512194 0.06330186
v -0.05029446 0.02802812 0.06321529
v -0.04571709 0.03512194 0.06330186
v -0.04564837 0.03505022 0.06321529
v -0.04564837 0.03505022 0.06321529
v -0.04571709 0.03512194 0.06330186
v -0.04008690 0.04140199 0.06330186
v -0.04564837 0.03505022 0.06321529
v -0.04008690 0.04140199 0.06330186
v -0.04003679 0.04132789 0.06322845
v -0.04003679 0.04132789 0.06322845
v -0.04008690 0.04140199 0.06330186
v -0.03360236 0.04679535 0.06330186
v -0.04003679 0.04132789 0.06322845
v -0.03360236 0.04679535 0.06330186
v -0.03356356 0.04671472 0.06322843
v -0.03356356 0.04671472 0.06322843
v -0.03360236 0.04679535 0.06330186
v -0.02640164 0.05118707 0.06330186
v -0.03356356 0.04671472 0.06322843
v -0.02640164 0.05118707 0.06330186
v -0.02637498 0.05110165 0.06322842
v -0.02637498 0.05110165 0.06322842
v -0.02640164 0.05118707 0.06330186
v -0.01863819 0.05448357 0.06330188
v -0.02637498 0.05110165 0.06322842
v -0.01863819 0.05448357 0.06330188
v -0.01861696 0.05437702 0.06320136
v -0.01861696 0.05437702 0.06320136
v -0.01863819 0.05448357 0.06330188
v -0.01047753 0.05661456 0.06330186
v -0.01861696 0.05437702 0.06320136
v -0.01047753 0.05661456 0.06330186
v -0.01047659 0.05652509 0.06322845
v -0.01047659 0.05652509 0.06322845
v -0.01047753 0.05661456 0.06330186
v -0.00209354 0.05753464 0.06330188
v -0.01047659 0.05652509 0.06322845
v -0.00209354 0.05753464 0.06330188
v -0.00210567 0.05744599 0.06322842
v -0.00210567 0.05744599 0.06322842
v -0.00209354 0.05753464 0.06330188
v 0.00633507 0.05722418 0.06330186
v -0.00210567 0.05744599 0.06322842
v 0.00633507 0.05722418 0.06330186
v 0.00631013 0.05713825 0.06322842
v 0.00631013 0.05713825 0.06322842
v 0.00633507 0.05722418 0.06330186
v 0.01462869 0.05568984 0.06330188
v 0.00631013 0.05713825 0.06322842
v 0.01462869 0.05568984 0.06330188
v 0.01458761 0.05558927 0.06320137
v 0.01458761 0.05558927 0.06320137
v 0.01462869 0.05568984 0.06330188
v 0.02261046 0.05296428 0.06330186
v 0.01458761 0.05558927 0.06320137
v 0.02261046 0.05296428 0.06330186
v 0.02256184 0.05288917 0.06322843
v 0.02256184 0.05288917 0.06322843
v 0.02261046 0.05296428 0.06330186
v 0.03011036 0.04910561 0.06330186
v 0.02256184 0.05288917 0.06322843
v 0.03011036 0.04910561 0.06330186
v 0.03004205 0.04902115 0.06320135
v 0.03004205 0.04902115 0.06320135
v 0.03011036 0.04910561 0.06330186
v 0.03696853 0.04419606 0.06330186
v 0.03004205 0.04902115 0.06320135
v 0.03696853 0.04419606 0.06330186
v 0.03689432 0.04413002 0.06321528
v 0.03689432 0.04413002 0.06321528
v 0.03696853 0.04419606 0.06330186
v 0.04303872 0.03834032 0.06330186
v 0.03689432 0.04413002 0.06321528
v 0.04303872 0.03834032 0.06330186
v 0.04295572 0.03828576 0.06321529
v 0.04295572 0.03828576 0.06321529
v 0.04303872 0.03834032 0.06330186
v 0.04819165 0.03166310 0.06330186
v 0.04295572 0.03828576 0.06321529
v 0.04819165 0.03166310 0.06330186
v 0.04810158 0.03162123 0.06321528
v 0.04810158 0.03162123 0.06321528
v 0.04819165 0.03166310 0.06330186
v 0.05231747 0.02430676 0.06330187
v 0.04810158 0.03162123 0.06321528
v 0.05231747 0.02430676 0.06330187
v 0.05222225 0.02427847 0.06321528
v 0.05222225 0.02427847 0.06321528
v 0.05231747 0.02430676 0.06330187
v 0.05532822 0.01642812 0.06330187
v 0.05222225 0.02427847 0.06321528
v 0.05532822 0.01642812 0.06330187
v 0.05522991 0.01641396 0.06321527
v 0.05522991 0.01641396 0.06321527
v 0.05532822 0.01642812 0.06330187
v 0.05715974 0.00819505 0.06330187
v 0.05522991 0.01641396 0.06321527
v 0.05715974 0.00819505 0.06330187
v 0.05707030 0.00819743 0.06322842
v 0.05707030 0.00819743 0.06322842
v 0.05715974 0.00819505 0.06330187
v 0.05777301 -0.00021693 0.06330187
v 0.05730779 0.00824714 0.06332567
v 0.05715974 0.00819505 0.06330187
v 0.05546711 0.01650118 0.06332567
v 0.05532822 0.01642812 0.06330187
v 0.05546711 0.01650118 0.06332567
v 0.05532822 0.01642812 0.06330187
v 0.05244423 0.02439928 0.06332566
v 0.05244423 0.02439928 0.06332566
v 0.05532822 0.01642812 0.06330187
v 0.05231747 0.02430676 0.06330187
v 0.05244423 0.02439928 0.06332566
v 0.05231747 0.02430676 0.06330187
v 0.04830359 0.03177310 0.06332566
v 0.04830359 0.03177310 0.06332566
v 0.05231747 0.02430676 0.06330187
v 0.04819165 0.03166310 0.06330186
v 0.04830359 0.03177310 0.06332566
v 0.04819165 0.03166310 0.06330186
v 0.04313347 0.03846542 0.06332566
v 0.04303872 0.03834032 0.06330186
v 0.04313347 0.03846542 0.06332566
v 0.04303872 0.03834032 0.06330186
v 0.03704400 0.04433365 0.06332566
v 0.03704400 0.04433365 0.06332566
v 0.04303872 0.03834032 0.06330186
v 0.03696853 0.04419606 0.06330186
v 0.03704400 0.04433365 0.06332566
v 0.03696853 0.04419606 0.06330186
v 0.03015114 0.04922431 0.06331803
v 0.03015114 0.04922431 0.06331803
v 0.03696853 0.04419606 0.06330186
v 0.03011036 0.04910561 0.06330186
v 0.03015114 0.04922431 0.06331803
v 0.03011036 0.04910561 0.06330186
v 0.02263352 0.05308766 0.06331803
v 0.02263352 0.05308766 0.06331803
v 0.03011036 0.04910561 0.06330186
v 0.02261046 0.05296428 0.06330186
v 0.02263352 0.05308766 0.06331803
v 0.02261046 0.05296428 0.06330186
v 0.01463350 0.05581527 0.06331803
v 0.01463350 0.05581527 0.06331803
v 0.02261046 0.05296428 0.06330186
v 0.01462869 0.05568984 0.06330188
v 0.01463350 0.05581527 0.06331803
v 0.01462869 0.05568984 0.06330188
v 0.00632213 0.05738058 0.06332566
v 0.00632213 0.05738058 0.06332566
v 0.01462869 0.05568984 0.06330188
v 0.00633507 0.05722418 0.06330186
v 0.00632213 0.05738058 0.06332566
v 0.00633507 0.05722418 0.06330186
v -0.00212907 0.05768748 0.06332566
v -0.00212907 0.05768748 0.06332566
v 0.00633507 0.05722418 0.06330186
v -0.00209354 0.05753464 0.06330188
v -0.00212907 0.05768748 0.06332566
v -0.00209354 0.05753464 0.06330188
v -0.01053498 0.05676058 0.06332566
v -0.01047753 0.05661456 0.06330186
v -0.01053498 0.05676058 0.06332566
v -0.01047753 0.05661456 0.06330186
v -0.01871629 0.05461968 0.06332566
v -0.01863819 0.05448357 0.06330188
v -0.01871629 0.05461968 0.06332566
v -0.01863819 0.05448357 0.06330188
v -0.02649872 0.05131036 0.06332566
v -0.02640164 0.05118707 0.06330186
v -0.02649872 0.05131036 0.06332566
v -0.02640164 0.05118707 0.06330186
v -0.03371636 0.04690320 0.06332566
v -0.03360236 0.04679535 0.06330186
v -0.03371636 0.04690320 0.06332566
v -0.03360236 0.04679535 0.06330186
v -0.04021540 0.04149209 0.06332566
v -0.04008690 0.04140199 0.06330186
v -0.04021540 0.04149209 0.06332566
v -0.04008690 0.04140199 0.06330186
v -0.04585734 0.03519238 0.06332566
v -0.04585734 0.03519238 0.06332566
v -0.04008690 0.04140199 0.06330186
v -0.04571709 0.03512194 0.06330186
v -0.04585734 0.03519238 0.06332566
v -0.04571709 0.03512194 0.06330186
v -0.05052187 0.02813835 0.06332566
v -0.05052187 0.02813835 0.06332566
v -0.04571709 0.03512194 0.06330186
v -0.05037286 0.02808908 0.06330187
v -0.05052187 0.02813835 0.06332566
v -0.05037286 0.02808908 0.06330187
v -0.05410964 0.02048031 0.06332566
v -0.05410964 0.02048031 0.06332566
v -0.05037286 0.02808908 0.06330187
v -0.05395506 0.02045326 0.06330187
v -0.05410964 0.02048031 0.06332566
v -0.05395506 0.02045326 0.06330187
v -0.05654416 0.01238147 0.06332567
v -0.05654416 0.01238147 0.06332567
v -0.05395506 0.02045326 0.06330187
v -0.05638728 0.01237723 0.06330187
v -0.05654416 0.01238147 0.06332567
v -0.05638728 0.01237723 0.06330187
v -0.05777353 0.00401452 0.06332567
v -0.05761771 0.00403316 0.06330187
v -0.05777353 0.00401452 0.06332567
v -0.05761771 0.00403316 0.06330187
v -0.05777157 -0.00444229 0.06332567
v -0.05777157 -0.00444229 0.06332567
v -0.05761771 0.00403316 0.06330187
v -0.05762011 -0.00440117 0.06330187
v -0.05777157 -0.00444229 0.06332567
v -0.05762011 -0.00440117 0.06330187
v -0.05653829 -0.01280870 0.06332567
v -0.05639445 -0.01274596 0.06330187
v -0.05653829 -0.01280870 0.06332567
v -0.05639445 -0.01274596 0.06330187
v -0.05410002 -0.02090638 0.06332567
v -0.05410002 -0.02090638 0.06332567
v -0.05639445 -0.01274596 0.06330187
v -0.05396684 -0.02082336 0.06330188
v -0.05410002 -0.02090638 0.06332567
v -0.05396684 -0.02082336 0.06330188
v -0.05050868 -0.02856277 0.06332567
v -0.05050868 -0.02856277 0.06332567
v -0.05396684 -0.02082336 0.06330188
v -0.05038901 -0.02846124 0.06330187
v -0.05050868 -0.02856277 0.06332567
v -0.05038901 -0.02846124 0.06330187
v -0.04581774 -0.03559305 0.06331803
v -0.04581774 -0.03559305 0.06331803
v -0.05038901 -0.02846124 0.06330187
v -0.04573726 -0.03549674 0.06330188
v -0.04581774 -0.03559305 0.06331803
v -0.04573726 -0.03549674 0.06330188
v -0.04019599 -0.04191170 0.06332567
v -0.04019599 -0.04191170 0.06332567
v -0.04573726 -0.03549674 0.06330188
v -0.04011063 -0.04178001 0.06330187
v -0.04019599 -0.04191170 0.06332567
v -0.04011063 -0.04178001 0.06330187
v -0.03369445 -0.04731977 0.06332567
v -0.03362916 -0.04717706 0.06330187
v -0.03369445 -0.04731977 0.06332567
v -0.03362916 -0.04717706 0.06330187
v -0.02647469 -0.05172362 0.06332567
v -0.02643096 -0.05157289 0.06330187
v -0.02647469 -0.05172362 0.06332567
v -0.02643096 -0.05157289 0.06330187
v -0.01869077 -0.05502931 0.06332568
v -0.01866941 -0.05487382 0.06330188
v -0.01869077 -0.05502931 0.06332568
v -0.01866941 -0.05487382 0.06330188
v -0.01050559 -0.05713492 0.06331803
v -0.01050559 -0.05713492 0.06331803
v -0.01866941 -0.05487382 0.06330188
v -0.01050995 -0.05700946 0.06330187
v -0.01050559 -0.05713492 0.06331803
v -0.01050995 -0.05700946 0.06330187
v -0.00210215 -0.05808937 0.06332567
v -0.00210215 -0.05808937 0.06332567
v -0.01050995 -0.05700946 0.06330187
v -0.00212648 -0.05793432 0.06330187
v -0.00210215 -0.05808937 0.06332567
v -0.00212648 -0.05793432 0.06330187
v 0.00634893 -0.05777855 0.06332567
v 0.00634893 -0.05777855 0.06332567
v -0.00212648 -0.05793432 0.06330187
v 0.00630230 -0.05762870 0.06330187
v 0.00634893 -0.05777855 0.06332567
v 0.00630230 -0.05762870 0.06330187
v 0.01465390 -0.05621084 0.06331803
v 0.01465390 -0.05621084 0.06331803
v 0.00630230 -0.05762870 0.06330187
v 0.01459679 -0.05609908 0.06330188
v 0.01465390 -0.05621084 0.06331803
v 0.01459679 -0.05609908 0.06330188
v 0.02266795 -0.05350814 0.06332567
v 0.02266795 -0.05350814 0.06332567
v 0.01459679 -0.05609908 0.06330188
v 0.02258011 -0.05337810 0.06330188
v 0.02266795 -0.05350814 0.06332567
v 0.02258011 -0.05337810 0.06330188
v 0.03018804 -0.04963958 0.06332567
v 0.03018804 -0.04963958 0.06332567
v 0.02258011 -0.05337810 0.06330188
v 0.03008223 -0.04952369 0.06330187
v 0.03018804 -0.04963958 0.06332567
v 0.03008223 -0.04952369 0.06330187
v 0.03706475 -0.04471730 0.06332567
v 0.03706475 -0.04471730 0.06332567
v 0.03008223 -0.04952369 0.06330187
v 0.03694315 -0.04461808 0.06330188
v 0.03706475 -0.04471730 0.06332567
v 0.03694315 -0.04461808 0.06330188
v 0.04315145 -0.03884625 0.06332567
v 0.04315145 -0.03884625 0.06332567
v 0.03694315 -0.04461808 0.06330188
v 0.04301673 -0.03876573 0.06330187
v 0.04315145 -0.03884625 0.06332567
v 0.04301673 -0.03876573 0.06330187
v 0.04831846 -0.03215150 0.06332567
v 0.04817345 -0.03209153 0.06330187
v 0.04831846 -0.03215150 0.06332567
v 0.04817345 -0.03209153 0.06330187
v 0.05245568 -0.02477577 0.06332567
v 0.05245568 -0.02477577 0.06332567
v 0.04817345 -0.03209153 0.06330187
v 0.05230347 -0.02473752 0.06330187
v 0.05245568 -0.02477577 0.06332567
v 0.05230347 -0.02473752 0.06330187
v 0.05547487 -0.01687629 0.06332567
v 0.05547487 -0.01687629 0.06332567
v 0.05230347 -0.02473752 0.06330187
v 0.05531872 -0.01686060 0.06330187
v 0.05547487 -0.01687629 0.06332567
v 0.05531872 -0.01686060 0.06330187
v 0.05728015 -0.00861967 0.06331803
v 0.05728015 -0.00861967 0.06331803
v 0.05531872 -0.01686060 0.06330187
v 0.05715494 -0.00862858 0.06330187
v 0.05728015 -0.00861967 0.06331803
v 0.05715494 -0.00862858 0.06330187
v 0.05792707 -0.00018698 0.06332567
v 0.05792707 -0.00018698 0.06332567
v 0.05715494 -0.00862858 0.06330187
v 0.05777301 -0.00021693 0.06330187
v 0.05792707 -0.00018698 0.06332567
v 0.05777301 -0.00021693 0.06330187
v 0.05730779 0.00824714 0.06332567
v 0.05715974 0.00819505 0.06330187
v -0.05660983 0.01240707 0.06342089
v -0.05410964 0.02048031 0.06332566
v -0.05654416 0.01238147 0.06332567
v -0.01872862 0.05468907 0.06342088
v -0.01053498 0.05676058 0.06332566
v -0.01871629 0.05461968 0.06332566
v 0.03019717 0.04930715 0.06338888
v 0.03704400 0.04433365 0.06332566
v 0.03015114 0.04922431 0.06331803
v 0.04837065 -0.03219887 0.06342086
v 0.04319618 -0.03890070 0.06342088
v 0.04315145 -0.03884625 0.06332567
v 0.04837065 -0.03219887 0.06342086
v 0.04315145 -0.03884625 0.06332567
v 0.04831846 -0.03215150 0.06332567
v 0.00634313 -0.05784863 0.06341927
v -0.00211540 -0.05815859 0.06342089
v -0.00210215 -0.05808937 0.06332567
v 0.00634313 -0.05784863 0.06341927
v -0.00210215 -0.05808937 0.06332567
v 0.00634893 -0.05777855 0.06332567
v -0.04025355 -0.04195208 0.06341923
v -0.04589031 -0.03565398 0.06338888
v -0.04019599 -0.04191170 0.06332567
v -0.04019599 -0.04191170 0.06332567
v -0.04589031 -0.03565398 0.06338888
v -0.04581774 -0.03559305 0.06331803
v -0.05784222 0.00403029 0.06342088
v -0.05660983 0.01240707 0.06342089
v -0.05654416 0.01238147 0.06332567
v -0.05777353 0.00401452 0.06332567
v -0.02651832 0.05137789 0.06341923
v -0.01872862 0.05468907 0.06342088
v -0.01871629 0.05461968 0.06332566
v -0.02651832 0.05137789 0.06341923
v -0.01871629 0.05461968 0.06332566
v -0.02649872 0.05131036 0.06332566
v 0.02266699 0.05317631 0.06338888
v 0.03019717 0.04930715 0.06338888
v 0.03015114 0.04922431 0.06331803
v 0.02263352 0.05308766 0.06331803
v 0.05251420 -0.02481506 0.06342088
v 0.04837065 -0.03219887 0.06342086
v 0.04831846 -0.03215150 0.06332567
v 0.05251420 -0.02481506 0.06342088
v 0.04831846 -0.03215150 0.06332567
v 0.05245568 -0.02477577 0.06332567
v 0.01465495 -0.05630859 0.06338917
v 0.00634313 -0.05784863 0.06341927
v 0.00634893 -0.05777855 0.06332567
v 0.01465495 -0.05630859 0.06338917
v 0.00634893 -0.05777855 0.06332567
v 0.01465390 -0.05621084 0.06331803
v -0.03374883 -0.04736655 0.06342106
v -0.04025355 -0.04195208 0.06341923
v -0.04019599 -0.04191170 0.06332567
v -0.03374883 -0.04736655 0.06342106
v -0.04019599 -0.04191170 0.06332567
v -0.03369445 -0.04731977 0.06332567
v -0.05784139 -0.00443394 0.06341925
v -0.05784222 0.00403029 0.06342088
v -0.05777353 0.00401452 0.06332567
v -0.05784139 -0.00443394 0.06341925
v -0.05777353 0.00401452 0.06332567
v -0.05777157 -0.00444229 0.06332567
v -0.03374304 0.04696978 0.06342105
v -0.02651832 0.05137789 0.06341923
v -0.02649872 0.05131036 0.06332566
v -0.03374304 0.04696978 0.06342105
v -0.02649872 0.05131036 0.06332566
v -0.03371636 0.04690320 0.06332566
v 0.01466537 0.05590256 0.06338629
v 0.02266699 0.05317631 0.06338888
v 0.02263352 0.05308766 0.06331803
v 0.01466537 0.05590256 0.06338629
v 0.02263352 0.05308766 0.06331803
v 0.01463350 0.05581527 0.06331803
v 0.05547487 -0.01687629 0.06332567
v 0.05728015 -0.00861967 0.06331803
v 0.05737053 -0.00865696 0.06338916
v 0.05547487 -0.01687629 0.06332567
v 0.05737053 -0.00865696 0.06338916
v 0.05553710 -0.01690902 0.06341925
v 0.02266795 -0.05350814 0.06332567
v 0.03018804 -0.04963958 0.06332567
v 0.03020980 -0.04970793 0.06342107
v 0.02266795 -0.05350814 0.06332567
v 0.03020980 -0.04970793 0.06342107
v 0.02267953 -0.05357893 0.06342106
v -0.02647469 -0.05172362 0.06332567
v -0.01869077 -0.05502931 0.06332568
v -0.01872939 -0.05508975 0.06342106
v -0.02647469 -0.05172362 0.06332567
v -0.01872939 -0.05508975 0.06342106
v -0.02652174 -0.05177778 0.06342105
v -0.05653829 -0.01280870 0.06332567
v -0.05410002 -0.02090638 0.06332567
v -0.05417118 -0.02091536 0.06342105
v -0.05653829 -0.01280870 0.06332567
v -0.05417118 -0.02091536 0.06342105
v -0.05661002 -0.01280722 0.06342107
v -0.04021540 0.04149209 0.06332566
v -0.04585734 0.03519238 0.06332566
v -0.04590373 0.03524520 0.06341925
v -0.04021540 0.04149209 0.06332566
v -0.04590373 0.03524520 0.06341925
v -0.04025391 0.04155234 0.06342216
v 0.00632213 0.05738058 0.06332566
v -0.00212907 0.05768748 0.06332566
v -0.00211462 0.05775774 0.06342105
v 0.00632213 0.05738058 0.06332566
v -0.00211462 0.05775774 0.06342105
v 0.00634670 0.05744799 0.06342104
v 0.04830359 0.03177310 0.06332566
v 0.04313347 0.03846542 0.06332566
v 0.04319673 0.03849923 0.06342105
v 0.04830359 0.03177310 0.06332566
v 0.04319673 0.03849923 0.06342105
v 0.04837111 0.03179733 0.06342105
v 0.05546711 0.01650118 0.06332567
v 0.05244423 0.02439928 0.06332566
v 0.05251455 0.02441344 0.06342105
v 0.05546711 0.01650118 0.06332567
v 0.05251455 0.02441344 0.06342105
v 0.05553706 0.01650822 0.06341925
v 0.05799608 -0.00020040 0.06341925
v 0.05737053 -0.00865696 0.06338916
v 0.05792707 -0.00018698 0.06332567
v 0.05792707 -0.00018698 0.06332567
v 0.05737053 -0.00865696 0.06338916
v 0.05728015 -0.00861967 0.06331803
v 0.05245568 -0.02477577 0.06332567
v 0.05547487 -0.01687629 0.06332567
v 0.05553710 -0.01690902 0.06341925
v 0.05245568 -0.02477577 0.06332567
v 0.05553710 -0.01690902 0.06341925
v 0.05251420 -0.02481506 0.06342088
v 0.03706475 -0.04471730 0.06332567
v 0.04315145 -0.03884625 0.06332567
v 0.04319618 -0.03890070 0.06342088
v 0.03710106 -0.04477769 0.06342089
v 0.03710106 -0.04477769 0.06342089
v 0.03020980 -0.04970793 0.06342107
v 0.03018804 -0.04963958 0.06332567
v 0.03710106 -0.04477769 0.06342089
v 0.03018804 -0.04963958 0.06332567
v 0.03706475 -0.04471730 0.06332567
v 0.01465390 -0.05621084 0.06331803
v 0.02266795 -0.05350814 0.06332567
v 0.01465495 -0.05630859 0.06338917
v 0.01465495 -0.05630859 0.06338917
v 0.02266795 -0.05350814 0.06332567
v 0.02267953 -0.05357893 0.06342106
v -0.01050559 -0.05713492 0.06331803
v -0.00210215 -0.05808937 0.06332567
v -0.01051900 -0.05722872 0.06338888
v -0.01051900 -0.05722872 0.06338888
v -0.00210215 -0.05808937 0.06332567
v -0.00211540 -0.05815859 0.06342089
v -0.01051900 -0.05722872 0.06338888
v -0.01872939 -0.05508975 0.06342106
v -0.01869077 -0.05502931 0.06332568
v -0.01051900 -0.05722872 0.06338888
v -0.01869077 -0.05502931 0.06332568
v -0.01050559 -0.05713492 0.06331803
v -0.03369445 -0.04731977 0.06332567
v -0.02647469 -0.05172362 0.06332567
v -0.02652174 -0.05177778 0.06342105
v -0.03369445 -0.04731977 0.06332567
v -0.02652174 -0.05177778 0.06342105
v -0.03374883 -0.04736655 0.06342106
v -0.05050868 -0.02856277 0.06332567
v -0.04581774 -0.03559305 0.06331803
v -0.04589031 -0.03565398 0.06338888
v -0.05050868 -0.02856277 0.06332567
v -0.04589031 -0.03565398 0.06338888
v -0.05057467 -0.02858749 0.06342089
v -0.05057467 -0.02858749 0.06342089
v -0.05417118 -0.02091536 0.06342105
v -0.05410002 -0.02090638 0.06332567
v -0.05057467 -0.02858749 0.06342089
v -0.05410002 -0.02090638 0.06332567
v -0.05050868 -0.02856277 0.06332567
v -0.05777157 -0.00444229 0.06332567
v -0.05653829 -0.01280870 0.06332567
v -0.05661002 -0.01280722 0.06342107
v -0.05777157 -0.00444229 0.06332567
v -0.05661002 -0.01280722 0.06342107
v -0.05784139 -0.00443394 0.06341925
v -0.05660983 0.01240707 0.06342089
v -0.05417087 0.02051521 0.06342089
v -0.05410964 0.02048031 0.06332566
v -0.05410964 0.02048031 0.06332566
v -0.05417087 0.02051521 0.06342089
v -0.05052187 0.02813835 0.06332566
v -0.05417087 0.02051521 0.06342089
v -0.05057430 0.02818729 0.06342107
v -0.05052187 0.02813835 0.06332566
v -0.05057430 0.02818729 0.06342107
v -0.04590373 0.03524520 0.06341925
v -0.04585734 0.03519238 0.06332566
v -0.05057430 0.02818729 0.06342107
v -0.04585734 0.03519238 0.06332566
v -0.05052187 0.02813835 0.06332566
v -0.03371636 0.04690320 0.06332566
v -0.04021540 0.04149209 0.06332566
v -0.04025391 0.04155234 0.06342216
v -0.03371636 0.04690320 0.06332566
v -0.04025391 0.04155234 0.06342216
v -0.03374304 0.04696978 0.06342105
v -0.01872862 0.05468907 0.06342088
v -0.01053086 0.05683221 0.06342102
v -0.01053498 0.05676058 0.06332566
v -0.01053086 0.05683221 0.06342102
v -0.00211462 0.05775774 0.06342105
v -0.00212907 0.05768748 0.06332566
v -0.01053086 0.05683221 0.06342102
v -0.00212907 0.05768748 0.06332566
v -0.01053498 0.05676058 0.06332566
v 0.01463350 0.05581527 0.06331803
v 0.00632213 0.05738058 0.06332566
v 0.01466537 0.05590256 0.06338629
v 0.01466537 0.05590256 0.06338629
v 0.00632213 0.05738058 0.06332566
v 0.00634670 0.05744799 0.06342104
v 0.03019717 0.04930715 0.06338888
v 0.03710167 0.04437632 0.06342106
v 0.03704400 0.04433365 0.06332566
v 0.03710167 0.04437632 0.06342106
v 0.04319673 0.03849923 0.06342105
v 0.04313347 0.03846542 0.06332566
v 0.03710167 0.04437632 0.06342106
v 0.04313347 0.03846542 0.06332566
v 0.03704400 0.04433365 0.06332566
v 0.04837111 0.03179733 0.06342105
v 0.05251455 0.02441344 0.06342105
v 0.05244423 0.02439928 0.06332566
v 0.04837111 0.03179733 0.06342105
v 0.05244423 0.02439928 0.06332566
v 0.04830359 0.03177310 0.06332566
v 0.05730779 0.00824714 0.06332567
v 0.05546711 0.01650118 0.06332567
v 0.05553706 0.01650822 0.06341925
v 0.05730779 0.00824714 0.06332567
v 0.05553706 0.01650822 0.06341925
v 0.05737826 0.00824667 0.06342087
v 0.05792707 -0.00018698 0.06332567
v 0.05730779 0.00824714 0.06332567
v 0.05737826 0.00824667 0.06342087
v 0.05792707 -0.00018698 0.06332567
v 0.05737826 0.00824667 0.06342087
v 0.05799608 -0.00020040 0.06341925
v 0.05737826 0.00824667 0.06342087
v 0.05737621 0.00824991 0.07533636
v 0.05799608 -0.00020040 0.06341925
v 0.05799404 -0.00020061 0.07533860
v 0.05799608 -0.00020040 0.06341925
v 0.05799404 -0.00020061 0.07533860
v 0.05737053 -0.00865696 0.06338916
v 0.05737630 -0.00864988 0.07533656
v 0.05737053 -0.00865696 0.06338916
v 0.05737630 -0.00864988 0.07533656
v 0.05553710 -0.01690902 0.06341925
v 0.05553462 -0.01691391 0.07533657
v 0.05553710 -0.01690902 0.06341925
v 0.05553462 -0.01691391 0.07533657
v 0.05251420 -0.02481506 0.06342088
v 0.05250931 -0.02482170 0.07533657
v 0.05251420 -0.02481506 0.06342088
v 0.05250931 -0.02482170 0.07533657
v 0.04837065 -0.03219887 0.06342086
v 0.04836681 -0.03219983 0.07533860
v 0.04837065 -0.03219887 0.06342086
v 0.04836681 -0.03219983 0.07533860
v 0.04319618 -0.03890070 0.06342088
v 0.04319737 -0.03889705 0.07533636
v 0.04319618 -0.03890070 0.06342088
v 0.04319737 -0.03889705 0.07533636
v 0.03710106 -0.04477769 0.06342089
v 0.03710276 -0.04477425 0.07533636
v 0.03710106 -0.04477769 0.06342089
v 0.03710276 -0.04477425 0.07533636
v 0.03020980 -0.04970793 0.06342107
v 0.03020741 -0.04970747 0.07533657
v 0.03020980 -0.04970793 0.06342107
v 0.03020741 -0.04970747 0.07533657
v 0.02267953 -0.05357893 0.06342106
v 0.02267725 -0.05357812 0.07533656
v 0.02267953 -0.05357893 0.06342106
v 0.02267725 -0.05357812 0.07533656
v 0.01465495 -0.05630859 0.06338917
v 0.01466848 -0.05630879 0.07533859
v 0.01465495 -0.05630859 0.06338917
v 0.01466848 -0.05630879 0.07533859
v 0.00634923 -0.05784703 0.07533636
v 0.00634313 -0.05784863 0.06341927
v 0.00634313 -0.05784863 0.06341927
v 0.00634923 -0.05784703 0.07533636
v -0.00211540 -0.05815859 0.06342089
v -0.00211182 -0.05815716 0.07533637
v -0.00211540 -0.05815859 0.06342089
v -0.00211182 -0.05815716 0.07533637
v -0.01051900 -0.05722872 0.06338888
v -0.01052790 -0.05723206 0.07533633
v -0.01051900 -0.05722872 0.06338888
v -0.01052790 -0.05723206 0.07533633
v -0.01872939 -0.05508975 0.06342106
v -0.01873055 -0.05508763 0.07533656
v -0.01872939 -0.05508975 0.06342106
v -0.01873055 -0.05508763 0.07533656
v -0.02652174 -0.05177778 0.06342105
v -0.02652260 -0.05177550 0.07533659
v -0.02652174 -0.05177778 0.06342105
v -0.02652260 -0.05177550 0.07533659
v -0.03374883 -0.04736655 0.06342106
v -0.03374932 -0.04736418 0.07533659
v -0.03374883 -0.04736655 0.06342106
v -0.03374932 -0.04736418 0.07533659
v -0.04025355 -0.04195208 0.06341923
v -0.04025229 -0.04195045 0.07533860
v -0.04025355 -0.04195208 0.06341923
v -0.04025229 -0.04195045 0.07533860
v -0.04589031 -0.03565398 0.06338888
v -0.04589031 -0.03565398 0.06338888
v -0.04025229 -0.04195045 0.07533860
v -0.04589915 -0.03565054 0.07533636
v -0.04589031 -0.03565398 0.06338888
v -0.04589915 -0.03565054 0.07533636
v -0.05057467 -0.02858749 0.06342089
v -0.05057160 -0.02858980 0.07533636
v -0.05057467 -0.02858749 0.06342089
v -0.05057160 -0.02858980 0.07533636
v -0.05417118 -0.02091536 0.06342105
v -0.05417029 -0.02091310 0.07533658
v -0.05417118 -0.02091536 0.06342105
v -0.05417029 -0.02091310 0.07533658
v -0.05661002 -0.01280722 0.06342107
v -0.05660664 -0.01280996 0.07533858
v -0.05661002 -0.01280722 0.06342107
v -0.05660664 -0.01280996 0.07533858
v -0.05784002 -0.00444009 0.07533636
v -0.05784139 -0.00443394 0.06341925
v -0.05784139 -0.00443394 0.06341925
v -0.05784002 -0.00444009 0.07533636
v -0.05784222 0.00403029 0.06342088
v -0.05784093 0.00402667 0.07533636
v -0.05784222 0.00403029 0.06342088
v -0.05784093 0.00402667 0.07533636
v -0.05660983 0.01240707 0.06342089
v -0.05660907 0.01240331 0.07533635
v -0.05660983 0.01240707 0.06342089
v -0.05660907 0.01240331 0.07533635
v -0.05417087 0.02051521 0.06342089
v -0.05417068 0.02051136 0.07533636
v -0.05417087 0.02051521 0.06342089
v -0.05417068 0.02051136 0.07533636
v -0.05057430 0.02818729 0.06342107
v -0.05057201 0.02818805 0.07533656
v -0.05057430 0.02818729 0.06342107
v -0.05057201 0.02818805 0.07533656
v -0.04590373 0.03524520 0.06341925
v -0.04589968 0.03524887 0.07533657
v -0.04590373 0.03524520 0.06341925
v -0.04589968 0.03524887 0.07533657
v -0.04025391 0.04155234 0.06342216
v -0.04024908 0.04155414 0.07533658
v -0.04025391 0.04155234 0.06342216
v -0.04024908 0.04155414 0.07533658
v -0.03374304 0.04696978 0.06342105
v -0.03374064 0.04696949 0.07533657
v -0.03374304 0.04696978 0.06342105
v -0.03374064 0.04696949 0.07533657
v -0.02651832 0.05137789 0.06341923
v -0.02651720 0.05137618 0.07533860
v -0.02651832 0.05137789 0.06341923
v -0.02651720 0.05137618 0.07533860
v -0.01872862 0.05468907 0.06342088
v -0.01873148 0.05468645 0.07533636
v -0.01872862 0.05468907 0.06342088
v -0.01873148 0.05468645 0.07533636
v -0.01053086 0.05683221 0.06342102
v -0.01052880 0.05683092 0.07533659
v -0.01053086 0.05683221 0.06342102
v -0.01052880 0.05683092 0.07533659
v -0.00211462 0.05775774 0.06342105
v -0.00211278 0.05775617 0.07533656
v -0.00211462 0.05775774 0.06342105
v -0.00211278 0.05775617 0.07533656
v 0.00634670 0.05744799 0.06342104
v 0.00634830 0.05744617 0.07533656
v 0.00634670 0.05744799 0.06342104
v 0.00634830 0.05744617 0.07533656
v 0.01466537 0.05590256 0.06338629
v 0.01466877 0.05590781 0.07533859
v 0.01466537 0.05590256 0.06338629
v 0.01466877 0.05590781 0.07533859
v 0.02266699 0.05317631 0.06338888
v 0.02267641 0.05317764 0.07533635
v 0.02266699 0.05317631 0.06338888
v 0.02267641 0.05317764 0.07533635
v 0.03019717 0.04930715 0.06338888
v 0.03020666 0.04930710 0.07533634
v 0.03019717 0.04930715 0.06338888
v 0.03020666 0.04930710 0.07533634
v 0.03710167 0.04437632 0.06342106
v 0.03710200 0.04437392 0.07533657
v 0.03710167 0.04437632 0.06342106
v 0.03710200 0.04437392 0.07533657
v 0.04319673 0.03849923 0.06342105
v 0.04319671 0.03849681 0.07533658
v 0.04319673 0.03849923 0.06342105
v 0.04319671 0.03849681 0.07533658
v 0.04837111 0.03179733 0.06342105
v 0.04836698 0.03179868 0.07533859
v 0.04837111 0.03179733 0.06342105
v 0.04836698 0.03179868 0.07533859
v 0.05251193 0.02441707 0.07533494
v 0.05251455 0.02441344 0.06342105
v 0.05251455 0.02441344 0.06342105
v 0.05251193 0.02441707 0.07533494
v 0.05553706 0.01650822 0.06341925
v 0.05553517 0.01650743 0.07533859
v 0.05553706 0.01650822 0.06341925
v 0.05553517 0.01650743 0.07533859
v 0.05737826 0.00824667 0.06342087
v 0.05737621 0.00824991 0.07533636
v 0.05799404 -0.00020061 0.07533860
v 0.05791628 -0.00021316 0.07542438
v 0.05737630 -0.00864988 0.07533656
v 0.05729724 -0.00864570 0.07542438
v 0.05737630 -0.00864988 0.07533656
v 0.05729724 -0.00864570 0.07542438
v 0.05553462 -0.01691391 0.07533657
v 0.05553462 -0.01691391 0.07533657
v 0.05729724 -0.00864570 0.07542438
v 0.05545701 -0.01689823 0.07542438
v 0.05553462 -0.01691391 0.07533657
v 0.05545701 -0.01689823 0.07542438
v 0.05250931 -0.02482170 0.07533657
v 0.05250931 -0.02482170 0.07533657
v 0.05545701 -0.01689823 0.07542438
v 0.05243481 -0.02479491 0.07542438
v 0.05250931 -0.02482170 0.07533657
v 0.05243481 -0.02479491 0.07542438
v 0.04836681 -0.03219983 0.07533860
v 0.04836681 -0.03219983 0.07533860
v 0.05243481 -0.02479491 0.07542438
v 0.04829504 -0.03216737 0.07542438
v 0.04836681 -0.03219983 0.07533860
v 0.04829504 -0.03216737 0.07542438
v 0.04319737 -0.03889705 0.07533636
v 0.04319737 -0.03889705 0.07533636
v 0.04829504 -0.03216737 0.07542438
v 0.04312595 -0.03885854 0.07542438
v 0.04319737 -0.03889705 0.07533636
v 0.04312595 -0.03885854 0.07542438
v 0.03710276 -0.04477425 0.07533636
v 0.03710276 -0.04477425 0.07533636
v 0.04312595 -0.03885854 0.07542438
v 0.03703772 -0.04472576 0.07542438
v 0.03710276 -0.04477425 0.07533636
v 0.03703772 -0.04472576 0.07542438
v 0.03020741 -0.04970747 0.07533657
v 0.03020741 -0.04970747 0.07533657
v 0.03703772 -0.04472576 0.07542438
v 0.03016006 -0.04964401 0.07542438
v 0.03020741 -0.04970747 0.07533657
v 0.03016006 -0.04964401 0.07542438
v 0.02267725 -0.05357812 0.07533656
v 0.02267725 -0.05357812 0.07533656
v 0.03016006 -0.04964401 0.07542438
v 0.02263962 -0.05350846 0.07542438
v 0.02267725 -0.05357812 0.07533656
v 0.02263962 -0.05350846 0.07542438
v 0.01466848 -0.05630879 0.07533859
v 0.01466848 -0.05630879 0.07533859
v 0.02263962 -0.05350846 0.07542438
v 0.01463669 -0.05623673 0.07542438
v 0.01466848 -0.05630879 0.07533859
v 0.01463669 -0.05623673 0.07542438
v 0.00634923 -0.05784703 0.07533636
v 0.00634923 -0.05784703 0.07533636
v 0.01463669 -0.05623673 0.07542438
v 0.00632176 -0.05777068 0.07542438
v 0.00634923 -0.05784703 0.07533636
v 0.00632176 -0.05777068 0.07542438
v -0.00211182 -0.05815716 0.07533637
v -0.00211182 -0.05815716 0.07533637
v 0.00632176 -0.05777068 0.07542438
v -0.00212796 -0.05807764 0.07542438
v -0.00211182 -0.05815716 0.07533637
v -0.00212796 -0.05807764 0.07542438
v -0.01052790 -0.05723206 0.07533633
v -0.01052790 -0.05723206 0.07533633
v -0.00212796 -0.05807764 0.07542438
v -0.01053224 -0.05715105 0.07542438
v -0.01052790 -0.05723206 0.07533633
v -0.01053224 -0.05715105 0.07542438
v -0.01873055 -0.05508763 0.07533656
v -0.01873055 -0.05508763 0.07533656
v -0.01053224 -0.05715105 0.07542438
v -0.01871207 -0.05501065 0.07542438
v -0.01873055 -0.05508763 0.07533656
v -0.01871207 -0.05501065 0.07542438
v -0.02652260 -0.05177550 0.07533659
v -0.02652260 -0.05177550 0.07533659
v -0.01871207 -0.05501065 0.07542438
v -0.02649307 -0.05170205 0.07542438
v -0.02652260 -0.05177550 0.07533659
v -0.02649307 -0.05170205 0.07542438
v -0.03374932 -0.04736418 0.07533659
v -0.03374932 -0.04736418 0.07533659
v -0.02649307 -0.05170205 0.07542438
v -0.03370947 -0.04729576 0.07542438
v -0.03374932 -0.04736418 0.07533659
v -0.03370947 -0.04729576 0.07542438
v -0.04025229 -0.04195045 0.07533860
v -0.04025229 -0.04195045 0.07533860
v -0.03370947 -0.04729576 0.07542438
v -0.04020734 -0.04188580 0.07542438
v -0.04025229 -0.04195045 0.07533860
v -0.04020734 -0.04188580 0.07542438
v -0.04589915 -0.03565054 0.07533636
v -0.04589915 -0.03565054 0.07533636
v -0.04020734 -0.04188580 0.07542438
v -0.04584830 -0.03558733 0.07542438
v -0.04589915 -0.03565054 0.07533636
v -0.04584830 -0.03558733 0.07542438
v -0.05057160 -0.02858980 0.07533636
v -0.05057160 -0.02858980 0.07533636
v -0.04584830 -0.03558733 0.07542438
v -0.05051208 -0.02853466 0.07542438
v -0.05057160 -0.02858980 0.07533636
v -0.05051208 -0.02853466 0.07542438
v -0.05417029 -0.02091310 0.07533658
v -0.05417029 -0.02091310 0.07533658
v -0.05051208 -0.02853466 0.07542438
v -0.05409930 -0.02087807 0.07542438
v -0.05417029 -0.02091310 0.07533658
v -0.05409930 -0.02087807 0.07542438
v -0.05660664 -0.01280996 0.07533858
v -0.05660664 -0.01280996 0.07533858
v -0.05409930 -0.02087807 0.07542438
v -0.05653347 -0.01278081 0.07542438
v -0.05660664 -0.01280996 0.07533858
v -0.05653347 -0.01278081 0.07542438
v -0.05784002 -0.00444009 0.07533636
v -0.05784002 -0.00444009 0.07533636
v -0.05653347 -0.01278081 0.07542438
v -0.05776273 -0.00441541 0.07542438
v -0.05784002 -0.00444009 0.07533636
v -0.05776273 -0.00441541 0.07542438
v -0.05784093 0.00402667 0.07533636
v -0.05784093 0.00402667 0.07533636
v -0.05776273 -0.00441541 0.07542438
v -0.05776087 0.00403985 0.07542438
v -0.05784093 0.00402667 0.07533636
v -0.05776087 0.00403985 0.07542438
v -0.05660907 0.01240331 0.07533635
v -0.05660907 0.01240331 0.07533635
v -0.05776087 0.00403985 0.07542438
v -0.05652795 0.01240467 0.07542438
v -0.05660907 0.01240331 0.07533635
v -0.05652795 0.01240467 0.07542438
v -0.05417068 0.02051136 0.07533636
v -0.05417068 0.02051136 0.07533636
v -0.05652795 0.01240467 0.07542438
v -0.05409022 0.02050092 0.07542438
v -0.05417068 0.02051136 0.07533636
v -0.05409022 0.02050092 0.07542438
v -0.05057201 0.02818805 0.07533656
v -0.05057201 0.02818805 0.07533656
v -0.05409022 0.02050092 0.07542438
v -0.05049966 0.02815589 0.07542438
v -0.05057201 0.02818805 0.07533656
v -0.05049966 0.02815589 0.07542438
v -0.04589968 0.03524887 0.07533657
v -0.04589968 0.03524887 0.07533657
v -0.05049966 0.02815589 0.07542438
v -0.04583280 0.03520651 0.07542438
v -0.04589968 0.03524887 0.07533657
v -0.04583280 0.03520651 0.07542438
v -0.04024908 0.04155414 0.07533658
v -0.04024908 0.04155414 0.07533658
v -0.04583280 0.03520651 0.07542438
v -0.04018907 0.04150250 0.07542438
v -0.04024908 0.04155414 0.07533658
v -0.04018907 0.04150250 0.07542438
v -0.03374064 0.04696949 0.07533657
v -0.03374064 0.04696949 0.07533657
v -0.04018907 0.04150250 0.07542438
v -0.03368881 0.04690966 0.07542438
v -0.03374064 0.04696949 0.07533657
v -0.03368881 0.04690966 0.07542438
v -0.02651720 0.05137618 0.07533860
v -0.02651720 0.05137618 0.07533860
v -0.03368881 0.04690966 0.07542438
v -0.02647052 0.05131274 0.07542438
v -0.02651720 0.05137618 0.07533860
v -0.02647052 0.05131274 0.07542438
v -0.01873148 0.05468645 0.07533636
v -0.01873148 0.05468645 0.07533636
v -0.02647052 0.05131274 0.07542438
v -0.01868802 0.05461792 0.07542439
v -0.01873148 0.05468645 0.07533636
v -0.01868802 0.05461792 0.07542439
v -0.01052880 0.05683092 0.07533659
v -0.01052880 0.05683092 0.07533659
v -0.01868802 0.05461792 0.07542439
v -0.01050724 0.05675474 0.07542438
v -0.01052880 0.05683092 0.07533659
v -0.01050724 0.05675474 0.07542438
v -0.00211278 0.05775617 0.07533656
v -0.00211278 0.05775617 0.07533656
v -0.01050724 0.05675474 0.07542438
v -0.00210256 0.05767766 0.07542438
v -0.00211278 0.05775617 0.07533656
v -0.00210256 0.05767766 0.07542438
v 0.00634830 0.05744617 0.07533656
v 0.00634830 0.05744617 0.07533656
v -0.00210256 0.05767766 0.07542438
v 0.00634699 0.05736700 0.07542438
v 0.00634830 0.05744617 0.07533656
v 0.00634699 0.05736700 0.07542438
v 0.01466877 0.05590781 0.07533859
v 0.01466877 0.05590781 0.07533859
v 0.00634699 0.05736700 0.07542438
v 0.01466122 0.05582941 0.07542438
v 0.01466877 0.05590781 0.07533859
v 0.01466122 0.05582941 0.07542438
v 0.02267641 0.05317764 0.07533635
v 0.02267641 0.05317764 0.07533635
v 0.01466122 0.05582941 0.07542438
v 0.02266303 0.05309761 0.07542438
v 0.02267641 0.05317764 0.07533635
v 0.02266303 0.05309761 0.07542438
v 0.03020666 0.04930710 0.07533634
v 0.03020666 0.04930710 0.07533634
v 0.02266303 0.05309761 0.07542438
v 0.03018176 0.04922988 0.07542438
v 0.03020666 0.04930710 0.07533634
v 0.03018176 0.04922988 0.07542438
v 0.03710200 0.04437392 0.07533657
v 0.03710200 0.04437392 0.07533657
v 0.03018176 0.04922988 0.07542438
v 0.03705724 0.04430862 0.07542438
v 0.03710200 0.04437392 0.07533657
v 0.03705724 0.04430862 0.07542438
v 0.04319671 0.03849681 0.07533658
v 0.04319671 0.03849681 0.07533658
v 0.03705724 0.04430862 0.07542438
v 0.04314291 0.03843872 0.07542438
v 0.04319671 0.03849681 0.07533658
v 0.04314291 0.03843872 0.07542438
v 0.04836698 0.03179868 0.07533859
v 0.04836698 0.03179868 0.07533859
v 0.04314291 0.03843872 0.07542438
v 0.04830904 0.03174532 0.07542438
v 0.04836698 0.03179868 0.07533859
v 0.04830904 0.03174532 0.07542438
v 0.05251193 0.02441707 0.07533494
v 0.05244559 0.02437099 0.07542438
v 0.05251193 0.02441707 0.07533494
v 0.05244559 0.02437099 0.07542438
v 0.05553517 0.01650743 0.07533859
v 0.05553517 0.01650743 0.07533859
v 0.05244559 0.02437099 0.07542438
v 0.05546432 0.01647303 0.07542438
v 0.05553517 0.01650743 0.07533859
v 0.05546432 0.01647303 0.07542438
v 0.05737621 0.00824991 0.07533636
v 0.05737621 0.00824991 0.07533636
v 0.05546432 0.01647303 0.07542438
v 0.05730094 0.00821967 0.07542438
v 0.05737621 0.00824991 0.07533636
v 0.05730094 0.00821967 0.07542438
v 0.05799404 -0.00020061 0.07533860
v 0.05799404 -0.00020061 0.07533860
v 0.05730094 0.00821967 0.07542438
v 0.05791628 -0.00021316 0.07542438
v 0.05729724 -0.00864570 0.07542438
v 0.05791628 -0.00021316 0.07542438
v 0.05775715 -0.00018294 0.07545022
v 0.05545701 -0.01689823 0.07542438
v 0.05729724 -0.00864570 0.07542438
v 0.05714421 -0.00859264 0.07545022
v 0.04312595 -0.03885854 0.07542438
v 0.04829504 -0.03216737 0.07542438
v 0.04817900 -0.03205439 0.07545022
v 0.03016006 -0.04964401 0.07542438
v 0.03703772 -0.04472576 0.07542438
v 0.03695913 -0.04458416 0.07545022
v 0.02263962 -0.05350846 0.07542438
v 0.03016006 -0.04964401 0.07542438
v 0.03010298 -0.04949245 0.07545022
v -0.02649307 -0.05170205 0.07542438
v -0.01871207 -0.05501065 0.07542438
v -0.01863208 -0.05486979 0.07545022
v -0.03370947 -0.04729576 0.07542438
v -0.02649307 -0.05170205 0.07542438
v -0.02639347 -0.05157432 0.07545023
v -0.05653347 -0.01278081 0.07542438
v -0.05409930 -0.02087807 0.07542438
v -0.05393988 -0.02084946 0.07545022
v -0.05776273 -0.00441541 0.07542438
v -0.05653347 -0.01278081 0.07542438
v -0.05637158 -0.01277569 0.07545022
v -0.04583280 0.03520651 0.07542438
v -0.05049966 0.02815589 0.07542438
v -0.05037569 0.02805167 0.07545022
v -0.03368881 0.04690966 0.07542438
v -0.04018907 0.04150250 0.07542438
v -0.04010037 0.04136698 0.07545022
v -0.02647052 0.05131274 0.07542438
v -0.03368881 0.04690966 0.07542438
v -0.03362078 0.04676266 0.07545022
v -0.01868802 0.05461792 0.07542439
v -0.02647052 0.05131274 0.07542438
v -0.02642459 0.05115744 0.07545022
v -0.00210256 0.05767766 0.07542438
v -0.01050724 0.05675474 0.07542438
v -0.01050805 0.05659279 0.07545022
v 0.00634699 0.05736700 0.07542438
v -0.00210256 0.05767766 0.07542438
v -0.00212693 0.05751755 0.07545020
v 0.03018176 0.04922988 0.07542438
v 0.02266303 0.05309761 0.07542438
v 0.02257297 0.05296298 0.07545023
v 0.04314291 0.03843872 0.07542438
v 0.03705724 0.04430862 0.07542438
v 0.03693221 0.04420565 0.07545022
v 0.04830904 0.03174532 0.07542438
v 0.04314291 0.03843872 0.07542438
v 0.04300424 0.03835503 0.07545022
v 0.05730094 0.00821967 0.07542438
v 0.05546432 0.01647303 0.07542438
v 0.05530325 0.01645613 0.07545022
v -0.05752047 -0.00440111 0.07573467
v -0.05749971 -0.00441016 0.07557700
v -0.05627403 -0.01273731 0.07557700
v -0.04001498 -0.04170636 0.07557701
v -0.04563185 -0.03543783 0.07557700
v -0.04007516 -0.04179219 0.07545022
v -0.04001498 -0.04170636 0.07557701
v -0.04007516 -0.04179219 0.07545022
v -0.03359228 -0.04718396 0.07545022
v -0.00209196 -0.05791972 0.07545022
v -0.01047364 -0.05700006 0.07545022
v -0.01053224 -0.05715105 0.07542438
v -0.00212796 -0.05807764 0.07542438
v -0.05629548 -0.01273957 0.07573830
v -0.05752047 -0.00440111 0.07573467
v -0.05627403 -0.01273731 0.07557700
v -0.05629548 -0.01273957 0.07573830
v -0.05627403 -0.01273731 0.07557700
v -0.05384894 -0.02079729 0.07557700
v -0.03354523 -0.04709027 0.07557703
v -0.04001498 -0.04170636 0.07557701
v -0.03359228 -0.04718396 0.07545022
v -0.03354523 -0.04709027 0.07557703
v -0.03359228 -0.04718396 0.07545022
v -0.02639347 -0.05157432 0.07545023
v 0.00633438 -0.05760923 0.07545021
v -0.00209196 -0.05791972 0.07545022
v -0.00212796 -0.05807764 0.07542438
v 0.00632176 -0.05777068 0.07542438
v -0.04002990 0.04132082 0.07573829
v -0.03355040 0.04671032 0.07573467
v -0.04001680 0.04130369 0.07557700
v -0.04002990 0.04132082 0.07573829
v -0.04001680 0.04130369 0.07557700
v -0.04563342 0.03503490 0.07557700
v -0.05749990 0.00400673 0.07557701
v -0.05627457 0.01233393 0.07557701
v -0.05760438 0.00399808 0.07545022
v -0.05749990 0.00400673 0.07557701
v -0.05760438 0.00399808 0.07545022
v -0.05760182 -0.00443391 0.07545022
v -0.04570392 -0.03551396 0.07545022
v -0.05035855 -0.02848312 0.07545022
v -0.05051208 -0.02853466 0.07542438
v -0.04570392 -0.03551396 0.07545022
v -0.05051208 -0.02853466 0.07542438
v -0.04584830 -0.03558733 0.07542438
v 0.00630915 0.05712846 0.07573829
v 0.01459653 0.05559550 0.07573466
v 0.00630437 0.05710742 0.07557700
v 0.00630915 0.05712846 0.07573829
v 0.00630437 0.05710742 0.07557700
v -0.00210691 0.05741464 0.07557702
v -0.03354731 0.04668789 0.07557700
v -0.02636280 0.05107275 0.07557700
v -0.03362078 0.04676266 0.07545022
v -0.03354731 0.04668789 0.07557700
v -0.03362078 0.04676266 0.07545022
v -0.04010037 0.04136698 0.07545022
v -0.05637920 0.01234060 0.07545022
v -0.05395240 0.02041583 0.07545022
v -0.05409022 0.02050092 0.07542438
v -0.05637920 0.01234060 0.07545022
v -0.05409022 0.02050092 0.07542438
v -0.05652795 0.01240467 0.07542438
v 0.05706022 -0.00859917 0.07573830
v 0.05522929 -0.01681771 0.07573830
v 0.05703938 -0.00859361 0.07557700
v 0.05706022 -0.00859917 0.07573830
v 0.05703938 -0.00859361 0.07557700
v 0.05765359 -0.00019919 0.07557700
v 0.04808227 0.03161201 0.07557700
v 0.05220181 0.02427215 0.07557700
v 0.04815968 0.03168271 0.07545022
v 0.04808227 0.03161201 0.07557700
v 0.04815968 0.03168271 0.07545022
v 0.04300424 0.03835503 0.07545022
v 0.01459174 0.05568311 0.07545022
v 0.02257297 0.05296298 0.07545023
v 0.02266303 0.05309761 0.07542438
v 0.01466122 0.05582941 0.07542438
v 0.03004423 -0.04943208 0.07573830
v 0.02255587 -0.05328193 0.07573832
v 0.03003518 -0.04941250 0.07557700
v 0.03004423 -0.04943208 0.07573830
v 0.03003518 -0.04941250 0.07557700
v 0.03686117 -0.04453379 0.07571252
v 0.05520947 -0.01680919 0.07557700
v 0.05220287 -0.02467078 0.07557700
v 0.05531334 -0.01682349 0.07545022
v 0.05520947 -0.01680919 0.07557700
v 0.05531334 -0.01682349 0.07545022
v 0.05714421 -0.00859264 0.07545022
v 0.05228870 0.02433080 0.07545022
v 0.05530325 0.01645613 0.07545022
v 0.05546432 0.01647303 0.07542438
v 0.05244559 0.02437099 0.07542438
v -0.01862329 -0.05478601 0.07573830
v -0.02637254 -0.05149274 0.07573830
v -0.01861404 -0.05476652 0.07557700
v -0.01862329 -0.05478601 0.07573830
v -0.01861404 -0.05476652 0.07557700
v -0.01047079 -0.05689525 0.07557700
v 0.02254974 -0.05326123 0.07557702
v 0.01458375 -0.05597904 0.07557700
v 0.02260519 -0.05335021 0.07545022
v 0.02254974 -0.05326123 0.07557702
v 0.02260519 -0.05335021 0.07545022
v 0.03010298 -0.04949245 0.07545022
v 0.05230355 -0.02470004 0.07545021
v 0.04817900 -0.03205439 0.07545022
v 0.04829504 -0.03216737 0.07542438
v 0.05243481 -0.02479491 0.07542438
v -0.05386983 -0.02080265 0.07573830
v -0.05386983 -0.02080265 0.07573830
v -0.05384894 -0.02079729 0.07557700
v -0.05027618 -0.02841825 0.07557701
v -0.02636054 -0.05147482 0.07557701
v -0.03354523 -0.04709027 0.07557703
v -0.02639347 -0.05157432 0.07545023
v -0.02636054 -0.05147482 0.07557701
v -0.02639347 -0.05157432 0.07545023
v -0.01863208 -0.05486979 0.07545022
v 0.01462565 -0.05607515 0.07545021
v 0.00633438 -0.05760923 0.07545021
v 0.00632176 -0.05777068 0.07542438
v 0.01463669 -0.05623673 0.07542438
v -0.04564887 0.03504994 0.07573830
v -0.04564887 0.03504994 0.07573830
v -0.04563342 0.03503490 0.07557700
v -0.05027742 0.02801515 0.07557700
v -0.05749971 -0.00441016 0.07557700
v -0.05749990 0.00400673 0.07557701
v -0.05760182 -0.00443391 0.07545022
v -0.05749971 -0.00441016 0.07557700
v -0.05760182 -0.00443391 0.07545022
v -0.05637158 -0.01277569 0.07545022
v -0.04007516 -0.04179219 0.07545022
v -0.04570392 -0.03551396 0.07545022
v -0.04584830 -0.03558733 0.07542438
v -0.04020734 -0.04188580 0.07542438
v -0.00210523 0.05743615 0.07573829
v -0.00210523 0.05743615 0.07573829
v -0.00210691 0.05741464 0.07557702
v -0.01047327 0.05649389 0.07557702
v -0.04001680 0.04130369 0.07557700
v -0.03354731 0.04668789 0.07557700
v -0.04010037 0.04136698 0.07545022
v -0.04001680 0.04130369 0.07557700
v -0.04010037 0.04136698 0.07545022
v -0.04572531 0.03508535 0.07545022
v -0.05760438 0.00399808 0.07545022
v -0.05637920 0.01234060 0.07545022
v -0.05652795 0.01240467 0.07542438
v -0.05776087 0.00403985 0.07542438
v 0.05767362 -0.00020972 0.07573467
v 0.05767362 -0.00020972 0.07573467
v 0.05765359 -0.00019919 0.07557700
v 0.05703901 0.00819523 0.07557700
v 0.04294939 0.03828337 0.07554707
v 0.04808227 0.03161201 0.07557700
v 0.04300424 0.03835503 0.07545022
v 0.04294939 0.03828337 0.07554707
v 0.04300424 0.03835503 0.07545022
v 0.03693221 0.04420565 0.07545022
v 0.00629957 0.05721215 0.07545022
v 0.01459174 0.05568311 0.07545022
v 0.01466122 0.05582941 0.07542438
v 0.00634699 0.05736700 0.07542438
v 0.05703938 -0.00859361 0.07557700
v 0.05520947 -0.01680919 0.07557700
v 0.05714421 -0.00859264 0.07545022
v 0.05703938 -0.00859361 0.07557700
v 0.05714421 -0.00859264 0.07545022
v 0.05775715 -0.00018294 0.07545022
v 0.04815968 0.03168271 0.07545022
v 0.05228870 0.02433080 0.07545022
v 0.05244559 0.02437099 0.07542438
v 0.04830904 0.03174532 0.07542438
v -0.01049128 -0.05691315 0.07573781
v -0.01862329 -0.05478601 0.07573830
v -0.01047079 -0.05689525 0.07557700
v -0.01049128 -0.05691315 0.07573781
v -0.01047079 -0.05689525 0.07557700
v -0.00210438 -0.05781564 0.07557700
v 0.03003518 -0.04941250 0.07557700
v 0.02254974 -0.05326123 0.07557702
v 0.03010298 -0.04949245 0.07545022
v 0.03003518 -0.04941250 0.07557700
v 0.03010298 -0.04949245 0.07545022
v 0.03695913 -0.04458416 0.07545022
v 0.05531334 -0.01682349 0.07545022
v 0.05230355 -0.02470004 0.07545021
v 0.05243481 -0.02479491 0.07542438
v 0.05545701 -0.01689823 0.07542438
v -0.05030306 -0.02841395 0.07573782
v -0.05386983 -0.02080265 0.07573830
v -0.05027618 -0.02841825 0.07557701
v -0.05030306 -0.02841395 0.07573782
v -0.05027618 -0.02841825 0.07557701
v -0.04563185 -0.03543783 0.07557700
v -0.01861404 -0.05476652 0.07557700
v -0.02636054 -0.05147482 0.07557701
v -0.01863208 -0.05486979 0.07545022
v -0.01861404 -0.05476652 0.07557700
v -0.01863208 -0.05486979 0.07545022
v -0.01047364 -0.05700006 0.07545022
v 0.02260519 -0.05335021 0.07545022
v 0.01462565 -0.05607515 0.07545021
v 0.01463669 -0.05623673 0.07542438
v 0.02263962 -0.05350846 0.07542438
v -0.05029491 0.02802776 0.07573830
v -0.05029491 0.02802776 0.07573830
v -0.05027742 0.02801515 0.07557700
v -0.05384986 0.02039401 0.07557700
v -0.05627403 -0.01273731 0.07557700
v -0.05749971 -0.00441016 0.07557700
v -0.05637158 -0.01277569 0.07545022
v -0.05627403 -0.01273731 0.07557700
v -0.05637158 -0.01277569 0.07545022
v -0.05393988 -0.02084946 0.07545022
v -0.03359228 -0.04718396 0.07545022
v -0.04007516 -0.04179219 0.07545022
v -0.04020734 -0.04188580 0.07542438
v -0.03359228 -0.04718396 0.07545022
v -0.04020734 -0.04188580 0.07542438
v -0.03370947 -0.04729576 0.07542438
v -0.01047475 0.05651541 0.07573829
v -0.01047475 0.05651541 0.07573829
v -0.01047327 0.05649389 0.07557702
v -0.01861644 0.05436480 0.07557700
v -0.04563342 0.03503490 0.07557700
v -0.04001680 0.04130369 0.07557700
v -0.04572531 0.03508535 0.07545022
v -0.04563342 0.03503490 0.07557700
v -0.04572531 0.03508535 0.07545022
v -0.05037569 0.02805167 0.07545022
v -0.05760182 -0.00443391 0.07545022
v -0.05760438 0.00399808 0.07545022
v -0.05776087 0.00403985 0.07542438
v -0.05776273 -0.00441541 0.07542438
v -0.00212693 0.05751755 0.07545020
v 0.03007309 0.04910978 0.07545022
v 0.02257297 0.05296298 0.07545023
v 0.03003298 0.04901293 0.07557702
v 0.03007309 0.04910978 0.07545022
v 0.03003298 0.04901293 0.07557702
v 0.03687847 0.04411562 0.07557700
v 0.05520874 0.01641073 0.07557700
v 0.05220181 0.02427215 0.07557700
v 0.05523404 0.01640068 0.07573782
v 0.05520874 0.01641073 0.07557700
v 0.05523404 0.01640068 0.07573782
v 0.05706258 0.00818163 0.07573782
v 0.04314291 0.03843872 0.07542438
v 0.03693221 0.04420565 0.07545022
v 0.04300424 0.03835503 0.07545022
v 0.05713911 0.00822638 0.07545022
v 0.05530325 0.01645613 0.07545022
v 0.05703901 0.00819523 0.07557700
v 0.05713911 0.00822638 0.07545022
v 0.05703901 0.00819523 0.07557700
v 0.05765359 -0.00019919 0.07557700
v 0.04808366 -0.03201080 0.07557699
v 0.05220287 -0.02467078 0.07557700
v 0.04809457 -0.03203062 0.07573467
v 0.04808366 -0.03201080 0.07557699
v 0.04809457 -0.03203062 0.07573467
v 0.04294424 -0.03869966 0.07573782
v 0.05714421 -0.00859264 0.07545022
v 0.04302761 -0.03872985 0.07545022
v 0.04817900 -0.03205439 0.07545022
v 0.04293963 -0.03867284 0.07557700
v 0.04302761 -0.03872985 0.07545022
v 0.04293963 -0.03867284 0.07557700
v 0.03688953 -0.04452670 0.07554710
v 0.00630689 -0.05750805 0.07557700
v 0.01458375 -0.05597904 0.07557700
v 0.00629243 -0.05753111 0.07573782
v 0.00630689 -0.05750805 0.07557700
v 0.00629243 -0.05753111 0.07573782
v -0.00212204 -0.05783632 0.07573780
v 0.03010298 -0.04949245 0.07545022
v -0.00209196 -0.05791972 0.07545022
v 0.00633438 -0.05760923 0.07545021
v -0.00210438 -0.05781564 0.07557700
v -0.00209196 -0.05791972 0.07545022
v -0.00210438 -0.05781564 0.07557700
v -0.01047079 -0.05689525 0.07557700
v -0.04001498 -0.04170636 0.07557701
v -0.03354523 -0.04709027 0.07557703
v -0.04003646 -0.04171350 0.07573469
v -0.04001498 -0.04170636 0.07557701
v -0.04003646 -0.04171350 0.07573469
v -0.04565906 -0.03543750 0.07573782
v -0.02639347 -0.05157432 0.07545023
v -0.05035855 -0.02848312 0.07545022
v -0.04570392 -0.03551396 0.07545022
v -0.05027618 -0.02841825 0.07557701
v -0.05035855 -0.02848312 0.07545022
v -0.05027618 -0.02841825 0.07557701
v -0.05384894 -0.02079729 0.07557700
v -0.05627457 0.01233393 0.07557701
v -0.05749990 0.00400673 0.07557701
v -0.05629184 0.01234858 0.07573467
v -0.05627457 0.01233393 0.07557701
v -0.05629184 0.01234858 0.07573467
v -0.05386375 0.02041741 0.07573782
v -0.05653347 -0.01278081 0.07542438
v -0.05393988 -0.02084946 0.07545022
v -0.05637158 -0.01277569 0.07545022
v -0.05395240 0.02041583 0.07545022
v -0.05637920 0.01234060 0.07545022
v -0.05384986 0.02039401 0.07557700
v -0.05395240 0.02041583 0.07545022
v -0.05384986 0.02039401 0.07557700
v -0.05027742 0.02801515 0.07557700
v -0.02636280 0.05107275 0.07557700
v -0.03354731 0.04668789 0.07557700
v -0.02635752 0.05109945 0.07573781
v -0.02636280 0.05107275 0.07557700
v -0.02635752 0.05109945 0.07573781
v -0.01860734 0.05439043 0.07573781
v -0.04583280 0.03520651 0.07542438
v -0.05037569 0.02805167 0.07545022
v -0.04572531 0.03508535 0.07545022
v -0.01866525 0.05445759 0.07545020
v -0.02642459 0.05115744 0.07545022
v -0.01861644 0.05436480 0.07557700
v -0.01866525 0.05445759 0.07545020
v -0.01861644 0.05436480 0.07557700
v -0.01047327 0.05649389 0.07557702
v 0.02254741 0.05286132 0.07557700
v 0.01458127 0.05557880 0.07557697
v 0.02257132 0.05287434 0.07573781
v 0.02254741 0.05286132 0.07557700
v 0.02257132 0.05287434 0.07573781
v 0.03005852 0.04902234 0.07573781
v -0.03368881 0.04690966 0.07542438
v -0.04010037 0.04136698 0.07545022
v -0.03362078 0.04676266 0.07545022
v -0.00212693 0.05751755 0.07545020
v -0.01050805 0.05659279 0.07545022
v -0.00210691 0.05741464 0.07557702
v -0.00212693 0.05751755 0.07545020
v -0.00210691 0.05741464 0.07557702
v 0.00630437 0.05710742 0.07557700
v 0.03687847 0.04411562 0.07557700
v 0.03003298 0.04901293 0.07557702
v 0.03689406 0.04413053 0.07573829
v 0.03687847 0.04411562 0.07557700
v 0.03689406 0.04413053 0.07573829
v 0.04293615 0.03827005 0.07566012
v 0.05222829 0.02426590 0.07573782
v 0.05523404 0.01640068 0.07573782
v 0.05220181 0.02427215 0.07557700
v 0.05222829 0.02426590 0.07573782
v 0.05220181 0.02427215 0.07557700
v 0.04808227 0.03161201 0.07557700
v 0.04293615 0.03827005 0.07566012
v 0.04808227 0.03161201 0.07557700
v 0.04294939 0.03828337 0.07554707
v 0.04293615 0.03827005 0.07566012
v 0.04294939 0.03828337 0.07554707
v 0.03687847 0.04411562 0.07557700
v 0.02254741 0.05286132 0.07557700
v 0.03003298 0.04901293 0.07557702
v 0.02257297 0.05296298 0.07545023
v 0.02254741 0.05286132 0.07557700
v 0.02257297 0.05296298 0.07545023
v 0.01459174 0.05568311 0.07545022
v -0.01866525 0.05445759 0.07545020
v -0.01050805 0.05659279 0.07545022
v -0.01050724 0.05675474 0.07542438
v -0.01866525 0.05445759 0.07545020
v -0.01050724 0.05675474 0.07542438
v -0.01868802 0.05461792 0.07542439
v 0.00629957 0.05721215 0.07545022
v 0.03693221 0.04420565 0.07545022
v 0.03007309 0.04910978 0.07545022
v 0.03687847 0.04411562 0.07557700
v 0.03693221 0.04420565 0.07545022
v 0.03687847 0.04411562 0.07557700
v 0.04294939 0.03828337 0.07554707
v 0.05703901 0.00819523 0.07557700
v 0.05520874 0.01641073 0.07557700
v 0.05706258 0.00818163 0.07573782
v 0.05703901 0.00819523 0.07557700
v 0.05706258 0.00818163 0.07573782
v 0.05767362 -0.00020972 0.07573467
v 0.03007309 0.04910978 0.07545022
v 0.05228870 0.02433080 0.07545022
v 0.04815968 0.03168271 0.07545022
v 0.05220181 0.02427215 0.07557700
v 0.05228870 0.02433080 0.07545022
v 0.05220181 0.02427215 0.07557700
v 0.05520874 0.01641073 0.07557700
v 0.05520947 -0.01680919 0.07557700
v 0.05520947 -0.01680919 0.07557700
v 0.05522929 -0.01681771 0.07573830
v 0.05222124 -0.02468208 0.07573830
v 0.05222124 -0.02468208 0.07573830
v 0.04809457 -0.03203062 0.07573467
v 0.05220287 -0.02467078 0.07557700
v 0.05220287 -0.02467078 0.07557700
v 0.05520874 0.01641073 0.07557700
v 0.05703901 0.00819523 0.07557700
v 0.05530325 0.01645613 0.07545022
v 0.05520874 0.01641073 0.07557700
v 0.05530325 0.01645613 0.07545022
v 0.05228870 0.02433080 0.07545022
v 0.03007309 0.04910978 0.07545022
v 0.03693221 0.04420565 0.07545022
v 0.03705724 0.04430862 0.07542438
v 0.03018176 0.04922988 0.07542438
v 0.04815968 0.03168271 0.07545022
v 0.05775715 -0.00018294 0.07545022
v 0.05713911 0.00822638 0.07545022
v 0.05765359 -0.00019919 0.07557700
v 0.05775715 -0.00018294 0.07545022
v 0.05765359 -0.00019919 0.07557700
v 0.05703938 -0.00859361 0.07557700
v 0.04293963 -0.03867284 0.07557700
v 0.04808366 -0.03201080 0.07557699
v 0.04294424 -0.03869966 0.07573782
v 0.04293963 -0.03867284 0.07557700
v 0.04294424 -0.03869966 0.07573782
v 0.03686117 -0.04453379 0.07571252
v 0.05730094 0.00821967 0.07542438
v 0.05530325 0.01645613 0.07545022
v 0.05713911 0.00822638 0.07545022
v 0.05230355 -0.02470004 0.07545021
v 0.05531334 -0.01682349 0.07545022
v 0.05220287 -0.02467078 0.07557700
v 0.05230355 -0.02470004 0.07545021
v 0.05220287 -0.02467078 0.07557700
v 0.04808366 -0.03201080 0.07557699
v 0.03688953 -0.04452670 0.07554710
v 0.04293963 -0.03867284 0.07557700
v 0.03686117 -0.04453379 0.07571252
v 0.03688953 -0.04452670 0.07554710
v 0.03686117 -0.04453379 0.07571252
v 0.03003518 -0.04941250 0.07557700
v 0.02254974 -0.05326123 0.07557702
v 0.02254974 -0.05326123 0.07557702
v 0.02255587 -0.05328193 0.07573832
v 0.01457862 -0.05600111 0.07573469
v 0.01457862 -0.05600111 0.07573469
v 0.00629243 -0.05753111 0.07573782
v 0.01458375 -0.05597904 0.07557700
v 0.01457862 -0.05600111 0.07573469
v 0.01458375 -0.05597904 0.07557700
v 0.02254974 -0.05326123 0.07557702
v 0.04808366 -0.03201080 0.07557699
v 0.04293963 -0.03867284 0.07557700
v 0.04817900 -0.03205439 0.07545022
v 0.04808366 -0.03201080 0.07557699
v 0.04817900 -0.03205439 0.07545022
v 0.05230355 -0.02470004 0.07545021
v 0.05713911 0.00822638 0.07545022
v 0.05775715 -0.00018294 0.07545022
v 0.05791628 -0.00021316 0.07542438
v 0.05730094 0.00821967 0.07542438
v 0.05545701 -0.01689823 0.07542438
v 0.05714421 -0.00859264 0.07545022
v 0.05531334 -0.01682349 0.07545022
v 0.03695913 -0.04458416 0.07545022
v 0.04302761 -0.03872985 0.07545022
v 0.03688953 -0.04452670 0.07554710
v 0.03695913 -0.04458416 0.07545022
v 0.03688953 -0.04452670 0.07554710
v 0.03003518 -0.04941250 0.07557700
v -0.00210438 -0.05781564 0.07557700
v 0.00630689 -0.05750805 0.07557700
v -0.00212204 -0.05783632 0.07573780
v -0.00210438 -0.05781564 0.07557700
v -0.00212204 -0.05783632 0.07573780
v -0.01049128 -0.05691315 0.07573781
v 0.04302761 -0.03872985 0.07545022
v 0.01462565 -0.05607515 0.07545021
v 0.02260519 -0.05335021 0.07545022
v 0.01458375 -0.05597904 0.07557700
v 0.01462565 -0.05607515 0.07545021
v 0.01458375 -0.05597904 0.07557700
v 0.00630689 -0.05750805 0.07557700
v -0.02636054 -0.05147482 0.07557701
v -0.02636054 -0.05147482 0.07557701
v -0.02637254 -0.05149274 0.07573830
v -0.03355971 -0.04710628 0.07573830
v -0.03355971 -0.04710628 0.07573830
v -0.04003646 -0.04171350 0.07573469
v -0.03354523 -0.04709027 0.07557703
v -0.03354523 -0.04709027 0.07557703
v 0.00630689 -0.05750805 0.07557700
v -0.00210438 -0.05781564 0.07557700
v 0.00633438 -0.05760923 0.07545021
v 0.00630689 -0.05750805 0.07557700
v 0.00633438 -0.05760923 0.07545021
v 0.01462565 -0.05607515 0.07545021
v 0.04302761 -0.03872985 0.07545022
v 0.03695913 -0.04458416 0.07545022
v 0.03703772 -0.04472576 0.07542438
v 0.04302761 -0.03872985 0.07545022
v 0.03703772 -0.04472576 0.07542438
v 0.04312595 -0.03885854 0.07542438
v 0.02260519 -0.05335021 0.07545022
v -0.01047364 -0.05700006 0.07545022
v -0.00209196 -0.05791972 0.07545022
v -0.01047079 -0.05689525 0.07557700
v -0.01047364 -0.05700006 0.07545022
v -0.01047079 -0.05689525 0.07557700
v -0.01861404 -0.05476652 0.07557700
v -0.04563185 -0.03543783 0.07557700
v -0.04001498 -0.04170636 0.07557701
v -0.04565906 -0.03543750 0.07573782
v -0.04563185 -0.03543783 0.07557700
v -0.04565906 -0.03543750 0.07573782
v -0.05030306 -0.02841395 0.07573782
v -0.05752047 -0.00440111 0.07573467
v -0.05752146 0.00401677 0.07574014
v -0.05749971 -0.00441016 0.07557700
v -0.05752146 0.00401677 0.07574014
v -0.05629184 0.01234858 0.07573467
v -0.05749990 0.00400673 0.07557701
v -0.05749990 0.00400673 0.07557701
v -0.04563185 -0.03543783 0.07557700
v -0.05027618 -0.02841825 0.07557701
v -0.04570392 -0.03551396 0.07545022
v -0.04563185 -0.03543783 0.07557700
v -0.04570392 -0.03551396 0.07545022
v -0.04007516 -0.04179219 0.07545022
v -0.01047364 -0.05700006 0.07545022
v -0.01863208 -0.05486979 0.07545022
v -0.01871207 -0.05501065 0.07542438
v -0.01047364 -0.05700006 0.07545022
v -0.01871207 -0.05501065 0.07542438
v -0.01053224 -0.05715105 0.07542438
v -0.03359228 -0.04718396 0.07545022
v -0.05393988 -0.02084946 0.07545022
v -0.05035855 -0.02848312 0.07545022
v -0.05384894 -0.02079729 0.07557700
v -0.05393988 -0.02084946 0.07545022
v -0.05384894 -0.02079729 0.07557700
v -0.05627403 -0.01273731 0.07557700
v -0.05384986 0.02039401 0.07557700
v -0.05627457 0.01233393 0.07557701
v -0.05386375 0.02041741 0.07573782
v -0.05384986 0.02039401 0.07557700
v -0.05386375 0.02041741 0.07573782
v -0.05029491 0.02802776 0.07573830
v -0.03355040 0.04671032 0.07573467
v -0.02635752 0.05109945 0.07573781
v -0.03354731 0.04668789 0.07557700
v -0.03355040 0.04671032 0.07573467
v -0.03354731 0.04668789 0.07557700
v -0.04001680 0.04130369 0.07557700
v -0.05627457 0.01233393 0.07557701
v -0.05384986 0.02039401 0.07557700
v -0.05637920 0.01234060 0.07545022
v -0.05627457 0.01233393 0.07557701
v -0.05637920 0.01234060 0.07545022
v -0.05760438 0.00399808 0.07545022
v -0.05035855 -0.02848312 0.07545022
v -0.05393988 -0.02084946 0.07545022
v -0.05409930 -0.02087807 0.07542438
v -0.05035855 -0.02848312 0.07545022
v -0.05409930 -0.02087807 0.07542438
v -0.05051208 -0.02853466 0.07542438
v -0.05760182 -0.00443391 0.07545022
v -0.05037569 0.02805167 0.07545022
v -0.05395240 0.02041583 0.07545022
v -0.05027742 0.02801515 0.07557700
v -0.05037569 0.02805167 0.07545022
v -0.05027742 0.02801515 0.07557700
v -0.04563342 0.03503490 0.07557700
v -0.01861644 0.05436480 0.07557700
v -0.02636280 0.05107275 0.07557700
v -0.01860734 0.05439043 0.07573781
v -0.01861644 0.05436480 0.07557700
v -0.01860734 0.05439043 0.07573781
v -0.01047475 0.05651541 0.07573829
v 0.01459653 0.05559550 0.07573466
v 0.02257132 0.05287434 0.07573781
v 0.01458127 0.05557880 0.07557697
v 0.01459653 0.05559550 0.07573466
v 0.01458127 0.05557880 0.07557697
v 0.00630437 0.05710742 0.07557700
v -0.02636280 0.05107275 0.07557700
v -0.01861644 0.05436480 0.07557700
v -0.02642459 0.05115744 0.07545022
v -0.02636280 0.05107275 0.07557700
v -0.02642459 0.05115744 0.07545022
v -0.03362078 0.04676266 0.07545022
v -0.05395240 0.02041583 0.07545022
v -0.05037569 0.02805167 0.07545022
v -0.05049966 0.02815589 0.07542438
v -0.05395240 0.02041583 0.07545022
v -0.05049966 0.02815589 0.07542438
v -0.05409022 0.02050092 0.07542438
v 0.04297160 0.03829905 0.07576057
v 0.04810478 0.03161427 0.07573466
v 0.04293615 0.03827005 0.07566012
v 0.04297160 0.03829905 0.07576057
v 0.04293615 0.03827005 0.07566012
v 0.03689406 0.04413053 0.07573829
v 0.03005852 0.04902234 0.07573781
v 0.03689406 0.04413053 0.07573829
v 0.03003298 0.04901293 0.07557702
v 0.03005852 0.04902234 0.07573781
v 0.03003298 0.04901293 0.07557702
v 0.02254741 0.05286132 0.07557700
v -0.01047327 0.05649389 0.07557702
v -0.00210691 0.05741464 0.07557702
v -0.01050805 0.05659279 0.07545022
v -0.01047327 0.05649389 0.07557702
v -0.01050805 0.05659279 0.07545022
v -0.01866525 0.05445759 0.07545020
v -0.04572531 0.03508535 0.07545022
v -0.04010037 0.04136698 0.07545022
v -0.04018907 0.04150250 0.07542438
v -0.04583280 0.03520651 0.07542438
v -0.02642459 0.05115744 0.07545022
v 0.00629957 0.05721215 0.07545022
v -0.00212693 0.05751755 0.07545020
v 0.00630437 0.05710742 0.07557700
v 0.00629957 0.05721215 0.07545022
v 0.00630437 0.05710742 0.07557700
v 0.01458127 0.05557880 0.07557697
v -0.01866525 0.05445759 0.07545020
v 0.01459174 0.05568311 0.07545022
v 0.00629957 0.05721215 0.07545022
v 0.01458127 0.05557880 0.07557697
v 0.01459174 0.05568311 0.07545022
v 0.01458127 0.05557880 0.07557697
v 0.02254741 0.05286132 0.07557700
v 0.04808227 0.03161201 0.07557700
v 0.04293615 0.03827005 0.07566012
v 0.04810478 0.03161427 0.07573466
v 0.04808227 0.03161201 0.07557700
v 0.04810478 0.03161427 0.07573466
v 0.05222829 0.02426590 0.07573782
v 0.05706258 0.00818163 0.07573782
v 0.05726117 0.00824289 0.07591836
v 0.05767362 -0.00020972 0.07573467
v 0.05767362 -0.00020972 0.07573467
v 0.05726117 0.00824289 0.07591836
v 0.05788133 -0.00019237 0.07592123
v 0.05767362 -0.00020972 0.07573467
v 0.05788133 -0.00019237 0.07592123
v 0.05706022 -0.00859917 0.07573830
v 0.05706022 -0.00859917 0.07573830
v 0.05788133 -0.00019237 0.07592123
v 0.05726366 -0.00862694 0.07591820
v 0.05706022 -0.00859917 0.07573830
v 0.05726366 -0.00862694 0.07591820
v 0.05522929 -0.01681771 0.07573830
v 0.05542652 -0.01687479 0.07591820
v 0.05522929 -0.01681771 0.07573830
v 0.05542652 -0.01687479 0.07591820
v 0.05222124 -0.02468208 0.07573830
v 0.05241198 -0.02476127 0.07592123
v 0.05222124 -0.02468208 0.07573830
v 0.05241198 -0.02476127 0.07592123
v 0.04828091 -0.03212355 0.07591836
v 0.05222124 -0.02468208 0.07573830
v 0.04828091 -0.03212355 0.07591836
v 0.04809457 -0.03203062 0.07573467
v 0.04809457 -0.03203062 0.07573467
v 0.04828091 -0.03212355 0.07591836
v 0.04294424 -0.03869966 0.07573782
v 0.04294424 -0.03869966 0.07573782
v 0.04828091 -0.03212355 0.07591836
v 0.04311835 -0.03881313 0.07591836
v 0.04294424 -0.03869966 0.07573782
v 0.04311835 -0.03881313 0.07591836
v 0.03686117 -0.04453379 0.07571252
v 0.03686117 -0.04453379 0.07571252
v 0.04311835 -0.03881313 0.07591836
v 0.03703681 -0.04467973 0.07591837
v 0.03686117 -0.04453379 0.07571252
v 0.03703681 -0.04467973 0.07591837
v 0.03004423 -0.04943208 0.07573830
v 0.03004423 -0.04943208 0.07573830
v 0.03703681 -0.04467973 0.07591837
v 0.03015304 -0.04960619 0.07591820
v 0.03004423 -0.04943208 0.07573830
v 0.03015304 -0.04960619 0.07591820
v 0.02255587 -0.05328193 0.07573832
v 0.02263815 -0.05347004 0.07591821
v 0.02255587 -0.05328193 0.07573832
v 0.02263815 -0.05347004 0.07591821
v 0.01457862 -0.05600111 0.07573469
v 0.01457862 -0.05600111 0.07573469
v 0.02263815 -0.05347004 0.07591821
v 0.01464793 -0.05619768 0.07592126
v 0.01457862 -0.05600111 0.07573469
v 0.01464793 -0.05619768 0.07592126
v 0.00629243 -0.05753111 0.07573782
v 0.00629243 -0.05753111 0.07573782
v 0.01464793 -0.05619768 0.07592126
v 0.00634640 -0.05773180 0.07591837
v 0.00629243 -0.05753111 0.07573782
v 0.00634640 -0.05773180 0.07591837
v -0.00212204 -0.05783632 0.07573780
v -0.00212204 -0.05783632 0.07573780
v 0.00634640 -0.05773180 0.07591837
v -0.00209787 -0.05804275 0.07591836
v -0.00212204 -0.05783632 0.07573780
v -0.00209787 -0.05804275 0.07591836
v -0.01049128 -0.05691315 0.07573781
v -0.01049128 -0.05691315 0.07573781
v -0.00209787 -0.05804275 0.07591836
v -0.01049742 -0.05712089 0.07591836
v -0.01049128 -0.05691315 0.07573781
v -0.01049742 -0.05712089 0.07591836
v -0.01862329 -0.05478601 0.07573830
v -0.01868753 -0.05498101 0.07591820
v -0.01862329 -0.05478601 0.07573830
v -0.01868753 -0.05498101 0.07591820
v -0.02637254 -0.05149274 0.07573830
v -0.02646450 -0.05167632 0.07591821
v -0.02637254 -0.05149274 0.07573830
v -0.02646450 -0.05167632 0.07591821
v -0.03355971 -0.04710628 0.07573830
v -0.03355971 -0.04710628 0.07573830
v -0.02646450 -0.05167632 0.07591821
v -0.03367222 -0.04727945 0.07592125
v -0.03355971 -0.04710628 0.07573830
v -0.03367222 -0.04727945 0.07592125
v -0.04016170 -0.04187984 0.07591836
v -0.03355971 -0.04710628 0.07573830
v -0.04016170 -0.04187984 0.07591836
v -0.04003646 -0.04171350 0.07573469
v -0.04003646 -0.04171350 0.07573469
v -0.04016170 -0.04187984 0.07591836
v -0.04565906 -0.03543750 0.07573782
v -0.04565906 -0.03543750 0.07573782
v -0.04016170 -0.04187984 0.07591836
v -0.04580227 -0.03558810 0.07591836
v -0.04565906 -0.03543750 0.07573782
v -0.04580227 -0.03558810 0.07591836
v -0.05030306 -0.02841395 0.07573782
v -0.05030306 -0.02841395 0.07573782
v -0.04580227 -0.03558810 0.07591836
v -0.05045185 -0.02852527 0.07589712
v -0.05030306 -0.02841395 0.07573782
v -0.05045185 -0.02852527 0.07589712
v -0.05386983 -0.02080265 0.07573830
v -0.05406083 -0.02087802 0.07591820
v -0.05386983 -0.02080265 0.07573830
v -0.05406083 -0.02087802 0.07591820
v -0.05629548 -0.01273957 0.07573830
v -0.05649539 -0.01278635 0.07591820
v -0.05629548 -0.01273957 0.07573830
v -0.05649539 -0.01278635 0.07591820
v -0.05752047 -0.00440111 0.07573467
v -0.05752047 -0.00440111 0.07573467
v -0.05649539 -0.01278635 0.07591820
v -0.05772586 -0.00442644 0.07591818
v -0.05752047 -0.00440111 0.07573467
v -0.05772586 -0.00442644 0.07591818
v -0.05752146 0.00401677 0.07574014
v -0.05752146 0.00401677 0.07574014
v -0.05772586 -0.00442644 0.07591818
v -0.05772601 0.00402356 0.07591818
v -0.05752146 0.00401677 0.07574014
v -0.05772601 0.00402356 0.07591818
v -0.05629184 0.01234858 0.07573467
v -0.05629184 0.01234858 0.07573467
v -0.05772601 0.00402356 0.07591818
v -0.05649835 0.01237682 0.07592123
v -0.05629184 0.01234858 0.07573467
v -0.05649835 0.01237682 0.07592123
v -0.05386375 0.02041741 0.07573782
v -0.05386375 0.02041741 0.07573782
v -0.05649835 0.01237682 0.07592123
v -0.05406690 0.02046118 0.07591835
v -0.05386375 0.02041741 0.07573782
v -0.05406690 0.02046118 0.07591835
v -0.05029491 0.02802776 0.07573830
v -0.05047500 0.02812636 0.07591819
v -0.05029491 0.02802776 0.07573830
v -0.05047500 0.02812636 0.07591819
v -0.04564887 0.03504994 0.07573830
v -0.04581269 0.03517372 0.07591819
v -0.04564887 0.03504994 0.07573830
v -0.04581269 0.03517372 0.07591819
v -0.04002990 0.04132082 0.07573829
v -0.04017976 0.04146293 0.07592125
v -0.04002990 0.04132082 0.07573829
v -0.04017976 0.04146293 0.07592125
v -0.03369126 0.04686367 0.07591835
v -0.04002990 0.04132082 0.07573829
v -0.03369126 0.04686367 0.07591835
v -0.03355040 0.04671032 0.07573467
v -0.03355040 0.04671032 0.07573467
v -0.03369126 0.04686367 0.07591835
v -0.02635752 0.05109945 0.07573781
v -0.02635752 0.05109945 0.07573781
v -0.03369126 0.04686367 0.07591835
v -0.02647961 0.05126763 0.07591835
v -0.02635752 0.05109945 0.07573781
v -0.02647961 0.05126763 0.07591835
v -0.01860734 0.05439043 0.07573781
v -0.01860734 0.05439043 0.07573781
v -0.02647961 0.05126763 0.07591835
v -0.01868976 0.05455699 0.07589711
v -0.01860734 0.05439043 0.07573781
v -0.01868976 0.05455699 0.07589711
v -0.01047475 0.05651541 0.07573829
v -0.01051419 0.05671691 0.07591819
v -0.01047475 0.05651541 0.07573829
v -0.01051419 0.05671691 0.07591819
v -0.00210523 0.05743615 0.07573829
v -0.00211490 0.05764124 0.07591819
v -0.00210523 0.05743615 0.07573829
v -0.00211490 0.05764124 0.07591819
v 0.00630915 0.05712846 0.07573829
v 0.00632250 0.05733454 0.07592123
v 0.00630915 0.05712846 0.07573829
v 0.00632250 0.05733454 0.07592123
v 0.01462430 0.05580188 0.07591835
v 0.01459653 0.05559550 0.07573466
v 0.01459653 0.05559550 0.07573466
v 0.01462430 0.05580188 0.07591835
v 0.02257132 0.05287434 0.07573781
v 0.02257132 0.05287434 0.07573781
v 0.01462430 0.05580188 0.07591835
v 0.02262248 0.05307577 0.07591835
v 0.02257132 0.05287434 0.07573781
v 0.02262248 0.05307577 0.07591835
v 0.03005852 0.04902234 0.07573781
v 0.03005852 0.04902234 0.07573781
v 0.02262248 0.05307577 0.07591835
v 0.03013847 0.04921416 0.07591836
v 0.03005852 0.04902234 0.07573781
v 0.03013847 0.04921416 0.07591836
v 0.03689406 0.04413053 0.07573829
v 0.03689406 0.04413053 0.07573829
v 0.03013847 0.04921416 0.07591836
v 0.03702372 0.04428973 0.07591819
v 0.03689406 0.04413053 0.07573829
v 0.03702372 0.04428973 0.07591819
v 0.04297160 0.03829905 0.07576057
v 0.04297160 0.03829905 0.07576057
v 0.03702372 0.04428973 0.07591819
v 0.04310301 0.03843088 0.07592123
v 0.04297160 0.03829905 0.07576057
v 0.04310301 0.03843088 0.07592123
v 0.04826319 0.03174945 0.07591835
v 0.04810478 0.03161427 0.07573466
v 0.04810478 0.03161427 0.07573466
v 0.04826319 0.03174945 0.07591835
v 0.05222829 0.02426590 0.07573782
v 0.05222829 0.02426590 0.07573782
v 0.04826319 0.03174945 0.07591835
v 0.05240081 0.02438179 0.07591835
v 0.05222829 0.02426590 0.07573782
v 0.05240081 0.02438179 0.07591835
v 0.05523404 0.01640068 0.07573782
v 0.05523404 0.01640068 0.07573782
v 0.05240081 0.02438179 0.07591835
v 0.05542160 0.01649019 0.07591836
v 0.05523404 0.01640068 0.07573782
v 0.05542160 0.01649019 0.07591836
v 0.05706258 0.00818163 0.07573782
v 0.05706258 0.00818163 0.07573782
v 0.05542160 0.01649019 0.07591836
v 0.05726117 0.00824289 0.07591836
v 0.05726366 -0.00862694 0.07591820
v 0.05788133 -0.00019237 0.07592123
v 0.05789520 -0.00022246 0.07607351
v 0.05726366 -0.00862694 0.07591820
v 0.05789520 -0.00022246 0.07607351
v 0.05727749 -0.00863672 0.07607346
v 0.05241198 -0.02476127 0.07592123
v 0.05542652 -0.01687479 0.07591820
v 0.05543875 -0.01688651 0.07607346
v 0.05241198 -0.02476127 0.07592123
v 0.05543875 -0.01688651 0.07607346
v 0.05241848 -0.02478062 0.07607346
v 0.04311835 -0.03881313 0.07591836
v 0.04828091 -0.03212355 0.07591836
v 0.04828097 -0.03215086 0.07607346
v 0.04311835 -0.03881313 0.07591836
v 0.04828097 -0.03215086 0.07607346
v 0.04312867 -0.03882422 0.07607358
v 0.03703681 -0.04467973 0.07591837
v 0.04311835 -0.03881313 0.07591836
v 0.04312867 -0.03882422 0.07607358
v 0.03703681 -0.04467973 0.07591837
v 0.04312867 -0.03882422 0.07607358
v 0.03703105 -0.04470307 0.07607364
v 0.03015304 -0.04960619 0.07591820
v 0.03703681 -0.04467973 0.07591837
v 0.03703105 -0.04470307 0.07607364
v 0.03015304 -0.04960619 0.07591820
v 0.03703105 -0.04470307 0.07607364
v 0.03014115 -0.04963087 0.07607351
v 0.01464793 -0.05619768 0.07592126
v 0.02263815 -0.05347004 0.07591821
v 0.02263700 -0.05348692 0.07607346
v 0.01464793 -0.05619768 0.07592126
v 0.02263700 -0.05348692 0.07607346
v 0.01463721 -0.05621504 0.07607346
v -0.00209787 -0.05804275 0.07591836
v 0.00634640 -0.05773180 0.07591837
v 0.00632542 -0.05774931 0.07607346
v -0.00209787 -0.05804275 0.07591836
v 0.00632542 -0.05774931 0.07607346
v -0.00209985 -0.05805776 0.07607358
v -0.01049742 -0.05712089 0.07591836
v -0.00209787 -0.05804275 0.07591836
v -0.00209985 -0.05805776 0.07607358
v -0.01049742 -0.05712089 0.07591836
v -0.00209985 -0.05805776 0.07607358
v -0.01051907 -0.05713141 0.07607364
v -0.01868753 -0.05498101 0.07591820
v -0.01049742 -0.05712089 0.07591836
v -0.01051907 -0.05713141 0.07607364
v -0.01868753 -0.05498101 0.07591820
v -0.01051907 -0.05713141 0.07607364
v -0.01871410 -0.05498767 0.07607352
v -0.03367222 -0.04727945 0.07592125
v -0.02646450 -0.05167632 0.07591821
v -0.02647823 -0.05168623 0.07607346
v -0.03367222 -0.04727945 0.07592125
v -0.02647823 -0.05168623 0.07607346
v -0.03369243 -0.04728233 0.07607346
v -0.04580227 -0.03558810 0.07591836
v -0.04016170 -0.04187984 0.07591836
v -0.04018854 -0.04187495 0.07607346
v -0.04580227 -0.03558810 0.07591836
v -0.04018854 -0.04187495 0.07607346
v -0.04581504 -0.03559623 0.07607358
v -0.05045185 -0.02852527 0.07589712
v -0.04580227 -0.03558810 0.07591836
v -0.05049956 -0.02852984 0.07607491
v -0.05049956 -0.02852984 0.07607491
v -0.04580227 -0.03558810 0.07591836
v -0.04581504 -0.03559623 0.07607358
v -0.05406083 -0.02087802 0.07591820
v -0.05045185 -0.02852527 0.07589712
v -0.05049956 -0.02852984 0.07607491
v -0.05406083 -0.02087802 0.07591820
v -0.05049956 -0.02852984 0.07607491
v -0.05408294 -0.02086183 0.07607351
v -0.05772586 -0.00442644 0.07591818
v -0.05649539 -0.01278635 0.07591820
v -0.05651181 -0.01278214 0.07607346
v -0.05772586 -0.00442644 0.07591818
v -0.05651181 -0.01278214 0.07607346
v -0.05774149 -0.00441987 0.07607346
v -0.05649835 0.01237682 0.07592123
v -0.05772601 0.00402356 0.07591818
v -0.05774051 0.00403233 0.07607346
v -0.05649835 0.01237682 0.07592123
v -0.05774051 0.00403233 0.07607346
v -0.05651351 0.01237344 0.07607357
v -0.05406690 0.02046118 0.07591835
v -0.05649835 0.01237682 0.07592123
v -0.05651351 0.01237344 0.07607357
v -0.05406690 0.02046118 0.07591835
v -0.05651351 0.01237344 0.07607357
v -0.05407331 0.02048438 0.07607364
v -0.05047500 0.02812636 0.07591819
v -0.05406690 0.02046118 0.07591835
v -0.05407331 0.02048438 0.07607364
v -0.05047500 0.02812636 0.07591819
v -0.05407331 0.02048438 0.07607364
v -0.05047672 0.02815370 0.07607351
v -0.04017976 0.04146293 0.07592125
v -0.04581269 0.03517372 0.07591819
v -0.04581995 0.03518904 0.07607346
v -0.04017976 0.04146293 0.07592125
v -0.04581995 0.03518904 0.07607346
v -0.04017893 0.04148332 0.07607346
v -0.02647961 0.05126763 0.07591835
v -0.03369126 0.04686367 0.07591835
v -0.03368154 0.04688921 0.07607346
v -0.02647961 0.05126763 0.07591835
v -0.03368154 0.04688921 0.07607346
v -0.02648529 0.05128167 0.07607357
v -0.01868976 0.05455699 0.07589711
v -0.02647961 0.05126763 0.07591835
v -0.01868563 0.05460472 0.07607491
v -0.01868563 0.05460472 0.07607491
v -0.02647961 0.05126763 0.07591835
v -0.02648529 0.05128167 0.07607357
v -0.01051419 0.05671691 0.07591819
v -0.01868976 0.05455699 0.07589711
v -0.01868563 0.05460472 0.07607491
v -0.01051419 0.05671691 0.07591819
v -0.01868563 0.05460472 0.07607491
v -0.01049426 0.05673570 0.07607351
v 0.00632250 0.05733454 0.07592123
v -0.00211490 0.05764124 0.07591819
v -0.00210779 0.05765661 0.07607346
v 0.00632250 0.05733454 0.07592123
v -0.00210779 0.05765661 0.07607346
v 0.00633874 0.05734694 0.07607346
v 0.02262248 0.05307577 0.07591835
v 0.01462430 0.05580188 0.07591835
v 0.01465012 0.05581076 0.07607346
v 0.02262248 0.05307577 0.07591835
v 0.01465012 0.05581076 0.07607346
v 0.02262967 0.05308909 0.07607357
v 0.03013847 0.04921416 0.07591836
v 0.02262248 0.05307577 0.07591835
v 0.02262967 0.05308909 0.07607357
v 0.03013847 0.04921416 0.07591836
v 0.02262967 0.05308909 0.07607357
v 0.03016244 0.04921624 0.07607364
v 0.03702372 0.04428973 0.07591819
v 0.03013847 0.04921416 0.07591836
v 0.03016244 0.04921624 0.07607364
v 0.03702372 0.04428973 0.07591819
v 0.03016244 0.04921624 0.07607364
v 0.03705093 0.04428644 0.07607351
v 0.04826319 0.03174945 0.07591835
v 0.04310301 0.03843088 0.07592123
v 0.04312337 0.03842928 0.07607346
v 0.04826319 0.03174945 0.07591835
v 0.04312337 0.03842928 0.07607346
v 0.04828835 0.03173882 0.07607346
v 0.05542160 0.01649019 0.07591836
v 0.05240081 0.02438179 0.07591835
v 0.05242416 0.02436759 0.07607346
v 0.05542160 0.01649019 0.07591836
v 0.05242416 0.02436759 0.07607346
v 0.05544263 0.01647274 0.07607346
v 0.05789520 -0.00022246 0.07607351
v 0.05773844 -0.00442634 0.07607335
v 0.05727749 -0.00863672 0.07607346
v 0.05650785 -0.01278809 0.07607335
v 0.05543875 -0.01688651 0.07607346
v 0.05727749 -0.00863672 0.07607346
v 0.05543875 -0.01688651 0.07607346
v 0.05542652 -0.01687479 0.07591820
v 0.05727749 -0.00863672 0.07607346
v 0.05542652 -0.01687479 0.07591820
v 0.05726366 -0.00862694 0.07591820
v 0.05407289 -0.02088158 0.07607335
v 0.05241848 -0.02478062 0.07607346
v 0.05048546 -0.02853425 0.07607335
v 0.04828097 -0.03215086 0.07607346
v 0.05241848 -0.02478062 0.07607346
v 0.04828097 -0.03215086 0.07607346
v 0.04828091 -0.03212355 0.07591836
v 0.05241848 -0.02478062 0.07607346
v 0.04828091 -0.03212355 0.07591836
v 0.05241198 -0.02476127 0.07592123
v 0.04582203 -0.03558306 0.07607335
v 0.04312867 -0.03882422 0.07607358
v 0.02647108 -0.05168703 0.07607335
v 0.02263700 -0.05348692 0.07607346
v 0.03014115 -0.04963087 0.07607351
v 0.03014115 -0.04963087 0.07607351
v 0.02263700 -0.05348692 0.07607346
v 0.02263815 -0.05347004 0.07591821
v 0.03014115 -0.04963087 0.07607351
v 0.02263815 -0.05347004 0.07591821
v 0.03015304 -0.04960619 0.07591820
v 0.01869249 -0.05499260 0.07607335
v 0.01463721 -0.05621504 0.07607346
v 0.01051549 -0.05713034 0.07607336
v 0.00632542 -0.05774931 0.07607346
v 0.01463721 -0.05621504 0.07607346
v 0.00632542 -0.05774931 0.07607346
v 0.00634640 -0.05773180 0.07591837
v 0.01463721 -0.05621504 0.07607346
v 0.00634640 -0.05773180 0.07591837
v 0.01464793 -0.05619768 0.07592126
v 0.00211437 -0.05805472 0.07607336
v -0.00209985 -0.05805776 0.07607358
v -0.02264218 -0.05348196 0.07607335
v -0.02647823 -0.05168623 0.07607346
v -0.01871410 -0.05498767 0.07607352
v -0.01871410 -0.05498767 0.07607352
v -0.02647823 -0.05168623 0.07607346
v -0.02646450 -0.05167632 0.07591821
v -0.01871410 -0.05498767 0.07607352
v -0.02646450 -0.05167632 0.07591821
v -0.01868753 -0.05498101 0.07591820
v -0.03015874 -0.04961743 0.07607335
v -0.03369243 -0.04728233 0.07607346
v -0.03703252 -0.04469967 0.07607335
v -0.04018854 -0.04187495 0.07607346
v -0.03369243 -0.04728233 0.07607346
v -0.04018854 -0.04187495 0.07607346
v -0.04016170 -0.04187984 0.07591836
v -0.03369243 -0.04728233 0.07607346
v -0.04016170 -0.04187984 0.07591836
v -0.03367222 -0.04727945 0.07592125
v -0.04311702 -0.03883349 0.07607335
v -0.04581504 -0.03559623 0.07607358
v -0.05543827 -0.01687936 0.07607335
v -0.05651181 -0.01278214 0.07607346
v -0.05408294 -0.02086183 0.07607351
v -0.05408294 -0.02086183 0.07607351
v -0.05651181 -0.01278214 0.07607346
v -0.05649539 -0.01278635 0.07591820
v -0.05408294 -0.02086183 0.07607351
v -0.05649539 -0.01278635 0.07591820
v -0.05406083 -0.02087802 0.07591820
v -0.05727596 -0.00862974 0.07607335
v -0.05774149 -0.00441987 0.07607346
v -0.05789291 -0.00020047 0.07607335
v -0.05774051 0.00403233 0.07607346
v -0.05774149 -0.00441987 0.07607346
v -0.05774051 0.00403233 0.07607346
v -0.05772601 0.00402356 0.07591818
v -0.05774149 -0.00441987 0.07607346
v -0.05772601 0.00402356 0.07591818
v -0.05772586 -0.00442644 0.07591818
v -0.05727597 0.00822881 0.07607335
v -0.05651351 0.01237344 0.07607357
v -0.04828257 0.03174296 0.07607335
v -0.04581995 0.03518904 0.07607346
v -0.05047672 0.02815370 0.07607351
v -0.05047672 0.02815370 0.07607351
v -0.04581995 0.03518904 0.07607346
v -0.04581269 0.03517372 0.07591819
v -0.05047672 0.02815370 0.07607351
v -0.04581269 0.03517372 0.07591819
v -0.05047500 0.02812636 0.07591819
v -0.04311704 0.03843255 0.07607335
v -0.04017893 0.04148332 0.07607346
v -0.03703255 0.04429875 0.07607335
v -0.03368154 0.04688921 0.07607346
v -0.04017893 0.04148332 0.07607346
v -0.03368154 0.04688921 0.07607346
v -0.03369126 0.04686367 0.07591835
v -0.04017893 0.04148332 0.07607346
v -0.03369126 0.04686367 0.07591835
v -0.04017976 0.04146293 0.07592125
v -0.03015877 0.04921651 0.07607335
v -0.02648529 0.05128167 0.07607357
v -0.00633185 0.05734515 0.07607335
v -0.00210779 0.05765661 0.07607346
v -0.01049426 0.05673570 0.07607351
v -0.01049426 0.05673570 0.07607351
v -0.00210779 0.05765661 0.07607346
v -0.00211490 0.05764124 0.07591819
v -0.01049426 0.05673570 0.07607351
v -0.00211490 0.05764124 0.07591819
v -0.01051419 0.05671691 0.07591819
v 0.00211433 0.05765383 0.07607335
v 0.00633874 0.05734694 0.07607346
v 0.01051545 0.05672943 0.07607335
v 0.01465012 0.05581076 0.07607346
v 0.00633874 0.05734694 0.07607346
v 0.01465012 0.05581076 0.07607346
v 0.01462430 0.05580188 0.07591835
v 0.00633874 0.05734694 0.07607346
v 0.01462430 0.05580188 0.07591835
v 0.00632250 0.05733454 0.07592123
v 0.01869245 0.05459169 0.07607335
v 0.02262967 0.05308909 0.07607357
v 0.04018193 0.04147687 0.07607335
v 0.04312337 0.03842928 0.07607346
v 0.03705093 0.04428644 0.07607351
v 0.03705093 0.04428644 0.07607351
v 0.04312337 0.03842928 0.07607346
v 0.04310301 0.03843088 0.07592123
v 0.03705093 0.04428644 0.07607351
v 0.04310301 0.03843088 0.07592123
v 0.03702372 0.04428973 0.07591819
v 0.04582200 0.03518218 0.07607335
v 0.04828835 0.03173882 0.07607346
v 0.05048545 0.02813338 0.07607335
v 0.05242416 0.02436759 0.07607346
v 0.04828835 0.03173882 0.07607346
v 0.05242416 0.02436759 0.07607346
v 0.05240081 0.02438179 0.07591835
v 0.04828835 0.03173882 0.07607346
v 0.05240081 0.02438179 0.07591835
v 0.04826319 0.03174945 0.07591835
v 0.05407288 0.02048069 0.07607335
v 0.05544263 0.01647274 0.07607346
v 0.05726117 0.00824289 0.07591836
v 0.05542160 0.01649019 0.07591836
v 0.05544263 0.01647274 0.07607346
v 0.05726117 0.00824289 0.07591836
v 0.05544263 0.01647274 0.07607346
v 0.05727629 0.00824372 0.07607357
v 0.05727629 0.00824372 0.07607357
v 0.05650784 0.01238723 0.07607335
v 0.05788133 -0.00019237 0.07592123
v 0.05726117 0.00824289 0.07591836
v 0.05727629 0.00824372 0.07607357
v 0.05788133 -0.00019237 0.07592123
v 0.05727629 0.00824372 0.07607357
v 0.05789520 -0.00022246 0.07607351
v 0.04342706 -0.00785779 0.51771758
v 0.04369689 -0.00622054 0.51703161
v 0.04409699 -0.00020042 0.51771758
v 0.04369689 -0.00622054 0.51703161
v 0.04342706 -0.00785779 0.51771758
v 0.04205064 -0.01351825 0.51703241
v 0.04205064 -0.01351825 0.51703241
v 0.04342706 -0.00785779 0.51771758
v 0.04143763 -0.01528248 0.51771758
v 0.04205064 -0.01351825 0.51703241
v 0.04143763 -0.01528248 0.51771758
v 0.03917113 -0.02045138 0.51713421
v 0.03917113 -0.02045138 0.51713421
v 0.04143763 -0.01528248 0.51771758
v 0.03818912 -0.02224893 0.51771758
v 0.03917113 -0.02045138 0.51713421
v 0.03818912 -0.02224893 0.51771758
v 0.03518502 -0.02678028 0.51713470
v 0.03518502 -0.02678028 0.51713470
v 0.03818912 -0.02224893 0.51771758
v 0.03378026 -0.02854543 0.51771758
v 0.03518502 -0.02678028 0.51713470
v 0.03378026 -0.02854543 0.51771758
v 0.03018668 -0.03234441 0.51713519
v 0.03018668 -0.03234441 0.51713519
v 0.03378026 -0.02854543 0.51771758
v 0.02834500 -0.03398068 0.51771758
v 0.03018668 -0.03234441 0.51713519
v 0.02834500 -0.03398068 0.51771758
v 0.02431988 -0.03698373 0.51713550
v 0.02431988 -0.03698373 0.51713550
v 0.02834500 -0.03398068 0.51771758
v 0.02204851 -0.03838954 0.51771758
v 0.02431988 -0.03698373 0.51713550
v 0.02204851 -0.03838954 0.51771758
v 0.01775343 -0.04056478 0.51713580
v 0.01775343 -0.04056478 0.51713580
v 0.02204851 -0.03838954 0.51771758
v 0.01508207 -0.04163805 0.51771758
v 0.01775343 -0.04056478 0.51713580
v 0.01508207 -0.04163805 0.51771758
v 0.01067624 -0.04298456 0.51713598
v 0.01067624 -0.04298456 0.51713598
v 0.01508207 -0.04163805 0.51771758
v 0.00765737 -0.04362751 0.51771758
v 0.01067624 -0.04298456 0.51713598
v 0.00765737 -0.04362751 0.51771758
v 0.00329352 -0.04419082 0.51702771
v 0.00329352 -0.04419082 0.51702771
v 0.00765737 -0.04362751 0.51771758
v 0.00000000 -0.04429743 0.51771758
v 0.00329352 -0.04419082 0.51702771
v 0.00000000 -0.04429743 0.51771758
v -0.00418438 -0.04409770 0.51713690
v -0.00418438 -0.04409770 0.51713690
v 0.00000000 -0.04429743 0.51771758
v -0.00765736 -0.04362751 0.51771758
v -0.00418438 -0.04409770 0.51713690
v -0.00765736 -0.04362751 0.51771758
v -0.01154562 -0.04275815 0.51713629
v -0.01154562 -0.04275815 0.51713629
v -0.00765736 -0.04362751 0.51771758
v -0.01508206 -0.04163806 0.51771758
v -0.01154562 -0.04275815 0.51713629
v -0.01508206 -0.04163806 0.51771758
v -0.01857970 -0.04021028 0.51702789
v -0.01857970 -0.04021028 0.51702789
v -0.01508206 -0.04163806 0.51771758
v -0.02204850 -0.03838956 0.51771758
v -0.01857970 -0.04021028 0.51702789
v -0.02204850 -0.03838956 0.51771758
v -0.02506090 -0.03648304 0.51713556
v -0.02506090 -0.03648304 0.51713556
v -0.02204850 -0.03838956 0.51771758
v -0.02834501 -0.03398070 0.51771758
v -0.02506090 -0.03648304 0.51713556
v -0.02834501 -0.03398070 0.51771758
v -0.03083233 -0.03172574 0.51713556
v -0.03083233 -0.03172574 0.51713556
v -0.02834501 -0.03398070 0.51771758
v -0.03378026 -0.02854546 0.51771758
v -0.03083233 -0.03172574 0.51713556
v -0.03378026 -0.02854546 0.51771758
v -0.03571674 -0.02606148 0.51713549
v -0.03571674 -0.02606148 0.51713549
v -0.03378026 -0.02854546 0.51771758
v -0.03818914 -0.02224895 0.51771758
v -0.03571674 -0.02606148 0.51713549
v -0.03818914 -0.02224895 0.51771758
v -0.03957361 -0.01965320 0.51713519
v -0.03957361 -0.01965320 0.51713519
v -0.03818914 -0.02224895 0.51771758
v -0.04143764 -0.01528250 0.51771758
v -0.03957361 -0.01965320 0.51713519
v -0.04143764 -0.01528250 0.51771758
v -0.04229198 -0.01268529 0.51713501
v -0.04229198 -0.01268529 0.51713501
v -0.04143764 -0.01528250 0.51771758
v -0.04342708 -0.00785781 0.51771758
v -0.04229198 -0.01268529 0.51713501
v -0.04342708 -0.00785781 0.51771758
v -0.04379364 -0.00535818 0.51713470
v -0.04379364 -0.00535818 0.51713470
v -0.04342708 -0.00785781 0.51771758
v -0.04409702 -0.00020044 0.51771758
v -0.04379364 -0.00535818 0.51713470
v -0.04409702 -0.00020044 0.51771758
v -0.04403541 0.00211732 0.51713421
v -0.04403541 0.00211732 0.51713421
v -0.04409702 -0.00020044 0.51771758
v -0.04342709 0.00745691 0.51771758
v -0.04403541 0.00211732 0.51713421
v -0.04342709 0.00745691 0.51771758
v -0.04301539 0.00956014 0.51703326
v -0.04301539 0.00956014 0.51703326
v -0.04342709 0.00745691 0.51771758
v -0.04143765 0.01488163 0.51771758
v -0.04301539 0.00956014 0.51703326
v -0.04143765 0.01488163 0.51771758
v -0.04074761 0.01668920 0.51703259
v -0.04074761 0.01668920 0.51703259
v -0.04143765 0.01488163 0.51771758
v -0.03818915 0.02184806 0.51771758
v -0.04074761 0.01668920 0.51703259
v -0.03818915 0.02184806 0.51771758
v -0.03731298 0.02329938 0.51713409
v -0.03731298 0.02329938 0.51713409
v -0.03818915 0.02184806 0.51771758
v -0.03378028 0.02814457 0.51771758
v -0.03731298 0.02329938 0.51713409
v -0.03378028 0.02814457 0.51771758
v -0.03281639 0.02928265 0.51702429
v -0.03281639 0.02928265 0.51702429
v -0.03378028 0.02814457 0.51771758
v -0.02834503 0.03357982 0.51771758
v -0.03281639 0.02928265 0.51702429
v -0.02834503 0.03357982 0.51771758
v -0.02733894 0.03441653 0.51703009
v -0.02733894 0.03441653 0.51703009
v -0.02834503 0.03357982 0.51771758
v -0.02204853 0.03798869 0.51771758
v -0.02733894 0.03441653 0.51703009
v -0.02204853 0.03798869 0.51771758
v -0.02108401 0.03854850 0.51702618
v -0.01508209 0.04123720 0.51771758
v -0.01425663 0.04153786 0.51706109
v -0.02204853 0.03798869 0.51771758
v -0.02204853 0.03798869 0.51771758
v -0.01425663 0.04153786 0.51706109
v -0.02108401 0.03854850 0.51702618
v -0.00000003 0.04389657 0.51771758
v 0.00046234 0.04390258 0.51706140
v -0.00765739 0.04322664 0.51771758
v 0.00046234 0.04390258 0.51706140
v -0.00699727 0.04334663 0.51706127
v -0.00765739 0.04322664 0.51771758
v -0.00765739 0.04322664 0.51771758
v -0.00699727 0.04334663 0.51706127
v -0.01508209 0.04123720 0.51771758
v -0.01508209 0.04123720 0.51771758
v -0.00699727 0.04334663 0.51706127
v -0.01425663 0.04153786 0.51706109
v 0.00046234 0.04390258 0.51706140
v -0.00000003 0.04389657 0.51771758
v 0.00790263 0.04319036 0.51706268
v 0.00790263 0.04319036 0.51706268
v -0.00000003 0.04389657 0.51771758
v 0.00765734 0.04322664 0.51771758
v 0.00790263 0.04319036 0.51706268
v 0.00765734 0.04322664 0.51771758
v 0.01508204 0.04123721 0.51771758
v 0.00790263 0.04319036 0.51706268
v 0.01508204 0.04123721 0.51771758
v 0.01512379 0.04123117 0.51706060
v 0.02204848 0.03798871 0.51771758
v 0.02189328 0.03808653 0.51706256
v 0.01508204 0.04123721 0.51771758
v 0.01508204 0.04123721 0.51771758
v 0.02189328 0.03808653 0.51706256
v 0.01512379 0.04123117 0.51706060
v 0.02834498 0.03357983 0.51771758
v 0.02804727 0.03383638 0.51706390
v 0.02204848 0.03798871 0.51771758
v 0.02204848 0.03798871 0.51771758
v 0.02804727 0.03383638 0.51706390
v 0.02189328 0.03808653 0.51706256
v 0.03378024 0.02814459 0.51771758
v 0.03339453 0.02862164 0.51702691
v 0.02834498 0.03357983 0.51771758
v 0.02834498 0.03357983 0.51771758
v 0.03339453 0.02862164 0.51702691
v 0.02804727 0.03383638 0.51706390
v 0.03818911 0.02184808 0.51771758
v 0.03778366 0.02256459 0.51702789
v 0.03378024 0.02814459 0.51771758
v 0.03378024 0.02814459 0.51771758
v 0.03778366 0.02256459 0.51702789
v 0.03339453 0.02862164 0.51702691
v 0.04143762 0.01488165 0.51771758
v 0.04108640 0.01585281 0.51702887
v 0.03818911 0.02184808 0.51771758
v 0.03818911 0.02184808 0.51771758
v 0.04108640 0.01585281 0.51702887
v 0.03778366 0.02256459 0.51702789
v 0.04342705 0.00745694 0.51771758
v 0.04320765 0.00867926 0.51702978
v 0.04143762 0.01488165 0.51771758
v 0.04143762 0.01488165 0.51771758
v 0.04320765 0.00867926 0.51702978
v 0.04108640 0.01585281 0.51702887
v 0.04369689 -0.00622054 0.51703161
v 0.04408627 0.00125024 0.51703070
v 0.04409699 -0.00020042 0.51771758
v 0.04409699 -0.00020042 0.51771758
v 0.04408627 0.00125024 0.51703070
v 0.04342705 0.00745694 0.51771758
v 0.04342705 0.00745694 0.51771758
v 0.04408627 0.00125024 0.51703070
v 0.04320765 0.00867926 0.51702978
v 0.04450516 0.00122675 0.51702466
v 0.04360371 0.00869421 0.51697351
v 0.04433122 0.00130516 0.51690179
v 0.04410639 -0.00631535 0.51702575
v 0.04450516 0.00122675 0.51702466
v 0.04394801 -0.00620850 0.51690179
v 0.04394801 -0.00620850 0.51690179
v 0.04450516 0.00122675 0.51702466
v 0.04433122 0.00130516 0.51690179
v 0.04243931 -0.01369323 0.51703180
v 0.04410639 -0.00631535 0.51702575
v 0.04230048 -0.01354933 0.51690179
v 0.04230048 -0.01354933 0.51690179
v 0.04410639 -0.00631535 0.51702575
v 0.04394801 -0.00620850 0.51690179
v 0.03955310 -0.02066807 0.51703607
v 0.04243931 -0.01369323 0.51703180
v 0.03943606 -0.02050614 0.51690179
v 0.03943606 -0.02050614 0.51690179
v 0.04243931 -0.01369323 0.51703180
v 0.04230048 -0.01354933 0.51690179
v 0.03552572 -0.02705852 0.51703766
v 0.03955310 -0.02066807 0.51703607
v 0.03543714 -0.02687879 0.51690179
v 0.03543714 -0.02687879 0.51690179
v 0.03955310 -0.02066807 0.51703607
v 0.03943606 -0.02050614 0.51690179
v 0.03047647 -0.03267592 0.51703900
v 0.03552572 -0.02705852 0.51703766
v 0.03041876 -0.03248394 0.51690179
v 0.03041876 -0.03248394 0.51690179
v 0.03552572 -0.02705852 0.51703766
v 0.03543714 -0.02687879 0.51690179
v 0.02456978 -0.03736037 0.51707727
v 0.03047647 -0.03267592 0.51703900
v 0.02453573 -0.03728482 0.51695166
v 0.02453573 -0.03728482 0.51695166
v 0.03047647 -0.03267592 0.51703900
v 0.03041876 -0.03248394 0.51690179
v 0.02453573 -0.03728482 0.51695166
v 0.03041876 -0.03248394 0.51690179
v 0.02447462 -0.03712229 0.51691071
v 0.01793694 -0.04097819 0.51707806
v 0.02456978 -0.03736037 0.51707727
v 0.01791551 -0.04089798 0.51695166
v 0.01791551 -0.04089798 0.51695166
v 0.02456978 -0.03736037 0.51707727
v 0.02453573 -0.03728482 0.51695166
v 0.01791551 -0.04089798 0.51695166
v 0.02453573 -0.03728482 0.51695166
v 0.01788278 -0.04072742 0.51691071
v 0.01788278 -0.04072742 0.51691071
v 0.02453573 -0.03728482 0.51695166
v 0.02447462 -0.03712229 0.51691071
v 0.01788278 -0.04072742 0.51691071
v 0.02447462 -0.03712229 0.51691071
v 0.01778069 -0.04060405 0.51699408
v 0.01078810 -0.04342312 0.51707886
v 0.01793694 -0.04097819 0.51707806
v 0.01077989 -0.04334032 0.51695166
v 0.01077989 -0.04334032 0.51695166
v 0.01793694 -0.04097819 0.51707806
v 0.01791551 -0.04089798 0.51695166
v 0.01077989 -0.04334032 0.51695166
v 0.01791551 -0.04089798 0.51695166
v 0.01077642 -0.04316668 0.51691071
v 0.01077642 -0.04316668 0.51691071
v 0.01791551 -0.04089798 0.51695166
v 0.01788278 -0.04072742 0.51691071
v 0.01077642 -0.04316668 0.51691071
v 0.01788278 -0.04072742 0.51691071
v 0.01069668 -0.04302783 0.51699408
v 0.01069668 -0.04302783 0.51699408
v 0.01788278 -0.04072742 0.51691071
v 0.01778069 -0.04060405 0.51699408
v 0.00332880 -0.04462484 0.51707971
v 0.01078810 -0.04342312 0.51707886
v 0.00333415 -0.04454161 0.51695166
v 0.00333415 -0.04454161 0.51695166
v 0.01078810 -0.04342312 0.51707886
v 0.01077989 -0.04334032 0.51695166
v 0.00333415 -0.04454161 0.51695166
v 0.01077989 -0.04334032 0.51695166
v 0.00336010 -0.04436989 0.51691071
v 0.00336010 -0.04436989 0.51691071
v 0.01077989 -0.04334032 0.51695166
v 0.01077642 -0.04316668 0.51691071
v 0.00336010 -0.04436989 0.51691071
v 0.01077642 -0.04316668 0.51691071
v 0.00329352 -0.04419082 0.51702771
v 0.00329352 -0.04419082 0.51702771
v 0.01077642 -0.04316668 0.51691071
v 0.01069668 -0.04302783 0.51699408
v -0.00423303 -0.04454835 0.51707989
v 0.00332880 -0.04462484 0.51707971
v -0.00420749 -0.04446726 0.51695166
v -0.00420749 -0.04446726 0.51695166
v 0.00332880 -0.04462484 0.51707971
v 0.00333415 -0.04454161 0.51695166
v -0.00420749 -0.04446726 0.51695166
v 0.00333415 -0.04454161 0.51695166
v -0.00415289 -0.04430241 0.51691071
v -0.00415289 -0.04430241 0.51691071
v 0.00333415 -0.04454161 0.51695166
v 0.00336010 -0.04436989 0.51691071
v -0.00415289 -0.04430241 0.51691071
v 0.00336010 -0.04436989 0.51691071
v -0.00418185 -0.04414492 0.51699408
v -0.00418185 -0.04414492 0.51699408
v 0.00336010 -0.04436989 0.51691071
v 0.00329352 -0.04419082 0.51702771
v -0.01166959 -0.04319433 0.51708038
v -0.00423303 -0.04454835 0.51707989
v -0.01162813 -0.04311946 0.51695166
v -0.01162813 -0.04311946 0.51695166
v -0.00423303 -0.04454835 0.51707989
v -0.00420749 -0.04446726 0.51695166
v -0.01162813 -0.04311946 0.51695166
v -0.00420749 -0.04446726 0.51695166
v -0.01154639 -0.04296621 0.51691071
v -0.01154639 -0.04296621 0.51691071
v -0.00420749 -0.04446726 0.51695166
v -0.00415289 -0.04430241 0.51691071
v -0.01154639 -0.04296621 0.51691071
v -0.00415289 -0.04430241 0.51691071
v -0.01154834 -0.04280610 0.51699408
v -0.01154834 -0.04280610 0.51699408
v -0.00415289 -0.04430241 0.51691071
v -0.00418185 -0.04414492 0.51699408
v -0.01876321 -0.04060602 0.51707989
v -0.01518173 -0.04191219 0.51708307
v -0.01166959 -0.04319433 0.51708038
v -0.01876321 -0.04060602 0.51707989
v -0.01166959 -0.04319433 0.51708038
v -0.01871419 -0.04053694 0.51695166
v -0.01871419 -0.04053694 0.51695166
v -0.01166959 -0.04319433 0.51708038
v -0.01162813 -0.04311946 0.51695166
v -0.01871419 -0.04053694 0.51695166
v -0.01162813 -0.04311946 0.51695166
v -0.01860779 -0.04039969 0.51691071
v -0.01860779 -0.04039969 0.51691071
v -0.01162813 -0.04311946 0.51695166
v -0.01154639 -0.04296621 0.51691071
v -0.01860779 -0.04039969 0.51691071
v -0.01154639 -0.04296621 0.51691071
v -0.01857970 -0.04021028 0.51702789
v -0.01857970 -0.04021028 0.51702789
v -0.01154639 -0.04296621 0.51691071
v -0.01154834 -0.04280610 0.51699408
v -0.04189118 0.01469137 0.51720910
v -0.04345201 0.00962697 0.51707916
v -0.04116638 0.01682837 0.51707885
v -0.04116638 0.01682837 0.51707885
v -0.04345201 0.00962697 0.51707916
v -0.04109444 0.01678496 0.51695166
v -0.04116638 0.01682837 0.51707885
v -0.04109444 0.01678496 0.51695166
v -0.03763279 0.02348565 0.51695166
v -0.01439959 0.04186985 0.51695166
v -0.02130237 0.03883117 0.51695166
v -0.01435929 0.04166179 0.51691400
v -0.01439959 0.04186985 0.51695166
v -0.01435929 0.04166179 0.51691400
v -0.00707804 0.04348636 0.51691400
v 0.02811821 0.03397556 0.51691400
v 0.02194478 0.03819139 0.51693396
v 0.02804727 0.03383638 0.51706390
v 0.02811821 0.03397556 0.51691400
v 0.02804727 0.03383638 0.51706390
v 0.03339453 0.02862164 0.51702691
v -0.03314016 0.02955263 0.51705889
v -0.03769670 0.02353997 0.51707879
v -0.03308851 0.02950492 0.51695166
v -0.03314016 0.02955263 0.51705889
v -0.03308851 0.02950492 0.51695166
v -0.02759233 0.03466961 0.51695166
v 0.00043824 0.04426375 0.51695166
v -0.00708254 0.04369824 0.51695166
v 0.00040691 0.04405413 0.51691400
v 0.00043824 0.04426375 0.51695166
v 0.00040691 0.04405413 0.51691400
v 0.00788010 0.04334881 0.51691400
v -0.02133287 0.03889985 0.51706475
v -0.02763473 0.03472867 0.51706146
v -0.02130237 0.03883117 0.51695166
v -0.02133287 0.03889985 0.51706475
v -0.02130237 0.03883117 0.51695166
v -0.01439959 0.04186985 0.51695166
v 0.01522600 0.04157785 0.51695166
v 0.00794640 0.04355010 0.51695166
v 0.01512664 0.04139065 0.51691400
v 0.01522600 0.04157785 0.51695166
v 0.01512664 0.04139065 0.51691400
v 0.02200140 0.03833580 0.51691351
v 0.03792729 0.02268515 0.51691070
v 0.03351407 0.02876570 0.51691070
v 0.03778366 0.02256459 0.51702789
v 0.03792729 0.02268515 0.51691070
v 0.03778366 0.02256459 0.51702789
v 0.04108640 0.01585281 0.51702887
v -0.00708403 0.04377785 0.51707141
v -0.01441618 0.04194555 0.51706817
v -0.00708254 0.04369824 0.51695166
v -0.00708403 0.04377785 0.51707141
v -0.00708254 0.04369824 0.51695166
v 0.00043824 0.04426375 0.51695166
v 0.02829685 0.03414113 0.51697149
v 0.02200140 0.03833580 0.51691351
v 0.02811821 0.03397556 0.51691400
v 0.02829685 0.03414113 0.51697149
v 0.02811821 0.03397556 0.51691400
v 0.03351407 0.02876570 0.51691070
v 0.04338489 0.00874277 0.51691070
v 0.04124944 0.01594621 0.51691070
v 0.04320765 0.00867926 0.51702978
v 0.04338489 0.00874277 0.51691070
v 0.04320765 0.00867926 0.51702978
v 0.04408627 0.00125024 0.51703070
v 0.03522743 -0.02680182 0.51699408
v 0.03921638 -0.02046571 0.51699408
v 0.03518502 -0.02678028 0.51713470
v 0.03522743 -0.02680182 0.51699408
v 0.03518502 -0.02678028 0.51713470
v 0.03018668 -0.03234441 0.51713519
v 0.00797512 0.04362787 0.51707659
v 0.00045207 0.04434400 0.51707415
v 0.00794640 0.04355010 0.51695166
v 0.00797512 0.04362787 0.51707659
v 0.00794640 0.04355010 0.51695166
v 0.01522600 0.04157785 0.51695166
v 0.03814016 0.02272779 0.51697320
v 0.03371173 0.02884906 0.51697339
v 0.03792729 0.02268515 0.51691070
v 0.03814016 0.02272779 0.51697320
v 0.03792729 0.02268515 0.51691070
v 0.04124944 0.01594621 0.51691070
v 0.04394801 -0.00620850 0.51690179
v 0.04433122 0.00130516 0.51690179
v 0.04369689 -0.00622054 0.51703161
v 0.04394801 -0.00620850 0.51690179
v 0.04369689 -0.00622054 0.51703161
v 0.04205064 -0.01351825 0.51703241
v 0.02435319 -0.03701793 0.51699408
v 0.03022506 -0.03237264 0.51699408
v 0.02431988 -0.03698373 0.51713550
v 0.02435319 -0.03701793 0.51699408
v 0.02431988 -0.03698373 0.51713550
v 0.01775343 -0.04056478 0.51713580
v 0.04360371 0.00869421 0.51697351
v 0.04147030 0.01594244 0.51697320
v 0.04338489 0.00874277 0.51691070
v 0.04360371 0.00869421 0.51697351
v 0.04338489 0.00874277 0.51691070
v 0.04433122 0.00130516 0.51690179
v 0.03943606 -0.02050614 0.51690179
v 0.04230048 -0.01354933 0.51690179
v 0.03921638 -0.02046571 0.51699408
v 0.03943606 -0.02050614 0.51690179
v 0.03921638 -0.02046571 0.51699408
v 0.03522743 -0.02680182 0.51699408
v 0.01069668 -0.04302783 0.51699408
v 0.01778069 -0.04060405 0.51699408
v 0.01067624 -0.04298456 0.51713598
v 0.01069668 -0.04302783 0.51699408
v 0.01067624 -0.04298456 0.51713598
v 0.00329352 -0.04419082 0.51702771
v 0.02879603 0.03387397 0.51733208
v 0.02829685 0.03414113 0.51697149
v 0.03371173 0.02884906 0.51697339
v 0.03041876 -0.03248394 0.51690179
v 0.03543714 -0.02687879 0.51690179
v 0.03022506 -0.03237264 0.51699408
v 0.03041876 -0.03248394 0.51690179
v 0.03022506 -0.03237264 0.51699408
v 0.02435319 -0.03701793 0.51699408
v -0.00418185 -0.04414492 0.51699408
v 0.00329352 -0.04419082 0.51702771
v -0.00418438 -0.04409770 0.51713690
v -0.00418185 -0.04414492 0.51699408
v -0.00418438 -0.04409770 0.51713690
v -0.01154562 -0.04275815 0.51713629
v -0.04172393 -0.01538309 0.51708307
v -0.03998212 -0.01985017 0.51708020
v -0.04272546 -0.01281780 0.51708087
v -0.04272546 -0.01281780 0.51708087
v -0.03998212 -0.01985017 0.51708020
v -0.04264352 -0.01280152 0.51695166
v -0.04272546 -0.01281780 0.51708087
v -0.04264352 -0.01280152 0.51695166
v -0.04415971 -0.00541349 0.51695166
v -0.03763279 0.02348565 0.51695166
v -0.04109444 0.01678496 0.51695166
v -0.03751014 0.02336269 0.51691070
v -0.03763279 0.02348565 0.51695166
v -0.03751014 0.02336269 0.51691070
v -0.03298842 0.02936299 0.51691070
v 0.00040691 0.04405413 0.51691400
v -0.00707804 0.04348636 0.51691400
v 0.00046234 0.04390258 0.51706140
v 0.00040691 0.04405413 0.51691400
v 0.00046234 0.04390258 0.51706140
v 0.00790263 0.04319036 0.51706268
v -0.04447717 -0.00019949 0.51723400
v -0.04424409 -0.00540877 0.51707971
v -0.04448786 0.00214285 0.51707940
v -0.04448786 0.00214285 0.51707940
v -0.04424409 -0.00540877 0.51707971
v -0.04440553 0.00212453 0.51695166
v -0.04448786 0.00214285 0.51707940
v -0.04440553 0.00212453 0.51695166
v -0.04337389 0.00959565 0.51695166
v -0.02759233 0.03466961 0.51695166
v -0.03308851 0.02950492 0.51695166
v -0.02751767 0.03451281 0.51691070
v -0.02759233 0.03466961 0.51695166
v -0.02751767 0.03451281 0.51691070
v -0.02125529 0.03866399 0.51691070
v 0.01512664 0.04139065 0.51691400
v 0.00788010 0.04334881 0.51691400
v 0.01512379 0.04123117 0.51706060
v 0.01512664 0.04139065 0.51691400
v 0.01512379 0.04123117 0.51706060
v 0.02189328 0.03808653 0.51706256
v -0.00707804 0.04348636 0.51691400
v 0.00040691 0.04405413 0.51691400
v -0.00708254 0.04369824 0.51695166
v -0.00708254 0.04369824 0.51695166
v -0.03763279 0.02348565 0.51695166
v -0.03763279 0.02348565 0.51695166
v -0.03769670 0.02353997 0.51707879
v -0.04116638 0.01682837 0.51707885
v -0.04116638 0.01682837 0.51707885
v -0.03769670 0.02353997 0.51707879
v -0.03874467 0.02159277 0.51719799
v 0.03339453 0.02862164 0.51702691
v 0.03778366 0.02256459 0.51702789
v 0.03351407 0.02876570 0.51691070
v 0.03339453 0.02862164 0.51702691
v 0.03351407 0.02876570 0.51691070
v 0.02811821 0.03397556 0.51691400
v 0.02194478 0.03819139 0.51693396
v 0.02811821 0.03397556 0.51691400
v 0.02200140 0.03833580 0.51691351
v 0.02194478 0.03819139 0.51693396
v 0.02200140 0.03833580 0.51691351
v 0.01512664 0.04139065 0.51691400
v 0.00788010 0.04334881 0.51691400
v 0.00788010 0.04334881 0.51691400
v 0.00794640 0.04355010 0.51695166
v 0.00043824 0.04426375 0.51695166
v -0.02759233 0.03466961 0.51695166
v -0.02763473 0.03472867 0.51706146
v 0.03917113 -0.02045138 0.51713421
v 0.03518502 -0.02678028 0.51713470
v 0.03921638 -0.02046571 0.51699408
v 0.03917113 -0.02045138 0.51713421
v 0.03921638 -0.02046571 0.51699408
v 0.04205064 -0.01351825 0.51703241
v 0.04108640 0.01585281 0.51702887
v 0.04320765 0.00867926 0.51702978
v 0.04124944 0.01594621 0.51691070
v 0.04108640 0.01585281 0.51702887
v 0.04124944 0.01594621 0.51691070
v 0.03792729 0.02268515 0.51691070
v -0.01439959 0.04186985 0.51695166
v -0.00708254 0.04369824 0.51695166
v -0.01441618 0.04194555 0.51706817
v -0.01439959 0.04186985 0.51695166
v -0.01441618 0.04194555 0.51706817
v -0.02133287 0.03889985 0.51706475
v 0.03018668 -0.03234441 0.51713519
v 0.02431988 -0.03698373 0.51713550
v 0.03022506 -0.03237264 0.51699408
v 0.03018668 -0.03234441 0.51713519
v 0.03022506 -0.03237264 0.51699408
v 0.03522743 -0.02680182 0.51699408
v 0.04408627 0.00125024 0.51703070
v 0.04369689 -0.00622054 0.51703161
v 0.04433122 0.00130516 0.51690179
v 0.04408627 0.00125024 0.51703070
v 0.04433122 0.00130516 0.51690179
v 0.04338489 0.00874277 0.51691070
v 0.03351407 0.02876570 0.51691070
v 0.03792729 0.02268515 0.51691070
v 0.03371173 0.02884906 0.51697339
v 0.03351407 0.02876570 0.51691070
v 0.03371173 0.02884906 0.51697339
v 0.02829685 0.03414113 0.51697149
v 0.02200140 0.03833580 0.51691351
v 0.02829685 0.03414113 0.51697149
v 0.02211807 0.03844088 0.51701275
v 0.02200140 0.03833580 0.51691351
v 0.02211807 0.03844088 0.51701275
v 0.01522600 0.04157785 0.51695166
v 0.00043824 0.04426375 0.51695166
v 0.00794640 0.04355010 0.51695166
v 0.00045207 0.04434400 0.51707415
v 0.00043824 0.04426375 0.51695166
v 0.00045207 0.04434400 0.51707415
v -0.00708403 0.04377785 0.51707141
v 0.01775343 -0.04056478 0.51713580
v 0.01067624 -0.04298456 0.51713598
v 0.01778069 -0.04060405 0.51699408
v 0.01775343 -0.04056478 0.51713580
v 0.01778069 -0.04060405 0.51699408
v 0.02435319 -0.03701793 0.51699408
v 0.04205064 -0.01351825 0.51703241
v 0.03921638 -0.02046571 0.51699408
v 0.04230048 -0.01354933 0.51690179
v 0.04205064 -0.01351825 0.51703241
v 0.04230048 -0.01354933 0.51690179
v 0.04394801 -0.00620850 0.51690179
v 0.04124944 0.01594621 0.51691070
v 0.04338489 0.00874277 0.51691070
v 0.04147030 0.01594244 0.51697320
v 0.04124944 0.01594621 0.51691070
v 0.04147030 0.01594244 0.51697320
v 0.03814016 0.02272779 0.51697320
v 0.01522600 0.04157785 0.51695166
v 0.02211807 0.03844088 0.51701275
v 0.01526835 0.04165031 0.51707849
v 0.01522600 0.04157785 0.51695166
v 0.01526835 0.04165031 0.51707849
v 0.00797512 0.04362787 0.51707659
v 0.03522743 -0.02680182 0.51699408
v 0.03022506 -0.03237264 0.51699408
v 0.03543714 -0.02687879 0.51690179
v 0.03522743 -0.02680182 0.51699408
v 0.03543714 -0.02687879 0.51690179
v 0.03943606 -0.02050614 0.51690179
v 0.02447462 -0.03712229 0.51691071
v 0.03041876 -0.03248394 0.51690179
v 0.02435319 -0.03701793 0.51699408
v 0.02447462 -0.03712229 0.51691071
v 0.02435319 -0.03701793 0.51699408
v 0.01778069 -0.04060405 0.51699408
v -0.01154834 -0.04280610 0.51699408
v -0.00418185 -0.04414492 0.51699408
v -0.01154562 -0.04275815 0.51713629
v -0.01154834 -0.04280610 0.51699408
v -0.01154562 -0.04275815 0.51713629
v -0.01857970 -0.04021028 0.51702789
v -0.02532199 -0.03685396 0.51708026
v -0.02219509 -0.03864215 0.51708307
v -0.01876321 -0.04060602 0.51707989
v -0.02532199 -0.03685396 0.51708026
v -0.01876321 -0.04060602 0.51707989
v -0.02526194 -0.03679403 0.51695166
v -0.02526194 -0.03679403 0.51695166
v -0.01876321 -0.04060602 0.51707989
v -0.01871419 -0.04053694 0.51695166
v -0.02526194 -0.03679403 0.51695166
v -0.01871419 -0.04053694 0.51695166
v -0.02513387 -0.03667672 0.51691071
v -0.02513387 -0.03667672 0.51691071
v -0.01871419 -0.04053694 0.51695166
v -0.01860779 -0.04039969 0.51691071
v -0.02513387 -0.03667672 0.51691071
v -0.01860779 -0.04039969 0.51691071
v -0.02508232 -0.03652512 0.51699408
v -0.02508232 -0.03652512 0.51699408
v -0.01860779 -0.04039969 0.51691071
v -0.01857970 -0.04021028 0.51702789
v -0.02508232 -0.03652512 0.51699408
v -0.01857970 -0.04021028 0.51702789
v -0.02506090 -0.03648304 0.51713556
v -0.02506090 -0.03648304 0.51713556
v -0.03083233 -0.03172574 0.51713556
v -0.02508232 -0.03652512 0.51699408
v -0.02508232 -0.03652512 0.51699408
v -0.03083233 -0.03172574 0.51713556
v -0.03086044 -0.03176369 0.51699408
v -0.02508232 -0.03652512 0.51699408
v -0.03086044 -0.03176369 0.51699408
v -0.02513387 -0.03667672 0.51691071
v -0.02513387 -0.03667672 0.51691071
v -0.03086044 -0.03176369 0.51699408
v -0.03093685 -0.03190442 0.51691071
v -0.02513387 -0.03667672 0.51691071
v -0.03093685 -0.03190442 0.51691071
v -0.02526194 -0.03679403 0.51695166
v -0.02526194 -0.03679403 0.51695166
v -0.03093685 -0.03190442 0.51691071
v -0.03108291 -0.03199839 0.51695166
v -0.02526194 -0.03679403 0.51695166
v -0.03108291 -0.03199839 0.51695166
v -0.02532199 -0.03685396 0.51708026
v -0.03083233 -0.03172574 0.51713556
v -0.03571674 -0.02606148 0.51713549
v -0.03086044 -0.03176369 0.51699408
v -0.03086044 -0.03176369 0.51699408
v -0.03571674 -0.02606148 0.51713549
v -0.03575076 -0.02609426 0.51699408
v -0.03086044 -0.03176369 0.51699408
v -0.03575076 -0.02609426 0.51699408
v -0.03093685 -0.03190442 0.51691071
v -0.03093685 -0.03190442 0.51691071
v -0.03575076 -0.02609426 0.51699408
v -0.03584986 -0.02622002 0.51691071
v -0.03093685 -0.03190442 0.51691071
v -0.03584986 -0.02622002 0.51691071
v -0.03108291 -0.03199839 0.51695166
v -0.03108291 -0.03199839 0.51695166
v -0.03584986 -0.02622002 0.51691071
v -0.03600968 -0.02628797 0.51695166
v -0.03571674 -0.02606148 0.51713549
v -0.03957361 -0.01965320 0.51713519
v -0.03575076 -0.02609426 0.51699408
v -0.03575076 -0.02609426 0.51699408
v -0.03957361 -0.01965320 0.51713519
v -0.03961260 -0.01967987 0.51699408
v -0.03575076 -0.02609426 0.51699408
v -0.03961260 -0.01967987 0.51699408
v -0.03584986 -0.02622002 0.51691071
v -0.03584986 -0.02622002 0.51691071
v -0.03961260 -0.01967987 0.51699408
v -0.03973152 -0.01978709 0.51691071
v -0.03584986 -0.02622002 0.51691071
v -0.03973152 -0.01978709 0.51691071
v -0.03600968 -0.02628797 0.51695166
v -0.03600968 -0.02628797 0.51695166
v -0.03973152 -0.01978709 0.51691071
v -0.03990054 -0.01982704 0.51695166
v -0.03957361 -0.01965320 0.51713519
v -0.04229198 -0.01268529 0.51713501
v -0.03961260 -0.01967987 0.51699408
v -0.03961260 -0.01967987 0.51699408
v -0.04229198 -0.01268529 0.51713501
v -0.04233486 -0.01270513 0.51699408
v -0.03961260 -0.01967987 0.51699408
v -0.04233486 -0.01270513 0.51699408
v -0.03973152 -0.01978709 0.51691071
v -0.03973152 -0.01978709 0.51691071
v -0.04233486 -0.01270513 0.51699408
v -0.04247019 -0.01279071 0.51691070
v -0.03973152 -0.01978709 0.51691071
v -0.04247019 -0.01279071 0.51691070
v -0.03990054 -0.01982704 0.51695166
v -0.03990054 -0.01982704 0.51695166
v -0.04247019 -0.01279071 0.51691070
v -0.04264352 -0.01280152 0.51695166
v -0.04229198 -0.01268529 0.51713501
v -0.04379364 -0.00535818 0.51713470
v -0.04233486 -0.01270513 0.51699408
v -0.04233486 -0.01270513 0.51699408
v -0.04379364 -0.00535818 0.51713470
v -0.04383920 -0.00537064 0.51699408
v -0.04233486 -0.01270513 0.51699408
v -0.04383920 -0.00537064 0.51699408
v -0.04247019 -0.01279071 0.51691070
v -0.04247019 -0.01279071 0.51691070
v -0.04383920 -0.00537064 0.51699408
v -0.04398706 -0.00543211 0.51691070
v -0.04247019 -0.01279071 0.51691070
v -0.04398706 -0.00543211 0.51691070
v -0.04264352 -0.01280152 0.51695166
v -0.04264352 -0.01280152 0.51695166
v -0.04398706 -0.00543211 0.51691070
v -0.04415971 -0.00541349 0.51695166
v -0.04379364 -0.00535818 0.51713470
v -0.04403541 0.00211732 0.51713421
v -0.04383920 -0.00537064 0.51699408
v -0.04383920 -0.00537064 0.51699408
v -0.04403541 0.00211732 0.51713421
v -0.04408239 0.00211257 0.51699408
v -0.04383920 -0.00537064 0.51699408
v -0.04408239 0.00211257 0.51699408
v -0.04398706 -0.00543211 0.51691070
v -0.04398706 -0.00543211 0.51691070
v -0.04408239 0.00211257 0.51699408
v -0.04423850 0.00207700 0.51691070
v -0.04398706 -0.00543211 0.51691070
v -0.04423850 0.00207700 0.51691070
v -0.04415971 -0.00541349 0.51695166
v -0.04403541 0.00211732 0.51713421
v -0.04301539 0.00956014 0.51703326
v -0.04408239 0.00211257 0.51699408
v -0.04408239 0.00211257 0.51699408
v -0.04301539 0.00956014 0.51703326
v -0.04423850 0.00207700 0.51691070
v -0.04423850 0.00207700 0.51691070
v -0.04301539 0.00956014 0.51703326
v -0.04321729 0.00952056 0.51691070
v -0.04301539 0.00956014 0.51703326
v -0.04074761 0.01668920 0.51703259
v -0.04321729 0.00952056 0.51691070
v -0.04321729 0.00952056 0.51691070
v -0.04074761 0.01668920 0.51703259
v -0.04095280 0.01668447 0.51691070
v -0.04074761 0.01668920 0.51703259
v -0.03731298 0.02329938 0.51713409
v -0.03735649 0.02331762 0.51699408
v -0.04074761 0.01668920 0.51703259
v -0.03735649 0.02331762 0.51699408
v -0.04095280 0.01668447 0.51691070
v -0.04095280 0.01668447 0.51691070
v -0.03735649 0.02331762 0.51699408
v -0.03751014 0.02336269 0.51691070
v -0.03731298 0.02329938 0.51713409
v -0.03281639 0.02928265 0.51702429
v -0.03735649 0.02331762 0.51699408
v -0.03735649 0.02331762 0.51699408
v -0.03281639 0.02928265 0.51702429
v -0.03751014 0.02336269 0.51691070
v -0.02853467 -0.03420456 0.51708307
v -0.02532199 -0.03685396 0.51708026
v -0.03115230 -0.03204734 0.51708050
v -0.03115230 -0.03204734 0.51708050
v -0.02532199 -0.03685396 0.51708026
v -0.03108291 -0.03199839 0.51695166
v -0.03115230 -0.03204734 0.51708050
v -0.03108291 -0.03199839 0.51695166
v -0.03600968 -0.02628797 0.51695166
v -0.04440553 0.00212453 0.51695166
v -0.04415971 -0.00541349 0.51695166
v -0.04423850 0.00207700 0.51691070
v -0.04440553 0.00212453 0.51695166
v -0.04423850 0.00207700 0.51691070
v -0.04321729 0.00952056 0.51691070
v -0.03298842 0.02936299 0.51691070
v -0.03751014 0.02336269 0.51691070
v -0.03281639 0.02928265 0.51702429
v -0.03298842 0.02936299 0.51691070
v -0.03281639 0.02928265 0.51702429
v -0.02733894 0.03441653 0.51703009
v -0.03400818 -0.02873393 0.51708307
v -0.03115230 -0.03204734 0.51708050
v -0.03608633 -0.02632450 0.51708038
v -0.03608633 -0.02632450 0.51708038
v -0.03115230 -0.03204734 0.51708050
v -0.03600968 -0.02628797 0.51695166
v -0.03608633 -0.02632450 0.51708038
v -0.03600968 -0.02628797 0.51695166
v -0.03990054 -0.01982704 0.51695166
v -0.04337389 0.00959565 0.51695166
v -0.04440553 0.00212453 0.51695166
v -0.04321729 0.00952056 0.51691070
v -0.04337389 0.00959565 0.51695166
v -0.04321729 0.00952056 0.51691070
v -0.04095280 0.01668447 0.51691070
v -0.02751767 0.03451281 0.51691070
v -0.03298842 0.02936299 0.51691070
v -0.02733894 0.03441653 0.51703009
v -0.02751767 0.03451281 0.51691070
v -0.02733894 0.03441653 0.51703009
v -0.02108401 0.03854850 0.51702618
v -0.01435929 0.04166179 0.51691400
v -0.02108401 0.03854850 0.51702618
v -0.01425663 0.04153786 0.51706109
v -0.01435929 0.04166179 0.51691400
v -0.01425663 0.04153786 0.51706109
v -0.00699727 0.04334663 0.51706127
v -0.00699727 0.04334663 0.51706127
v 0.00046234 0.04390258 0.51706140
v -0.00707804 0.04348636 0.51691400
v -0.00699727 0.04334663 0.51706127
v -0.00707804 0.04348636 0.51691400
v -0.01435929 0.04166179 0.51691400
v -0.02108401 0.03854850 0.51702618
v -0.01435929 0.04166179 0.51691400
v -0.02125529 0.03866399 0.51691070
v -0.02108401 0.03854850 0.51702618
v -0.02125529 0.03866399 0.51691070
v -0.02751767 0.03451281 0.51691070
v -0.04095280 0.01668447 0.51691070
v -0.04095280 0.01668447 0.51691070
v -0.04109444 0.01678496 0.51695166
v -0.04337389 0.00959565 0.51695166
v -0.03990054 -0.01982704 0.51695166
v -0.04264352 -0.01280152 0.51695166
v -0.03998212 -0.01985017 0.51708020
v -0.03990054 -0.01982704 0.51695166
v -0.03998212 -0.01985017 0.51708020
v -0.03608633 -0.02632450 0.51708038
v -0.03608633 -0.02632450 0.51708038
v -0.03998212 -0.01985017 0.51708020
v -0.03844954 -0.02239608 0.51708307
v 0.00790263 0.04319036 0.51706268
v 0.01512379 0.04123117 0.51706060
v 0.00788010 0.04334881 0.51691400
v 0.00790263 0.04319036 0.51706268
v 0.00788010 0.04334881 0.51691400
v 0.00040691 0.04405413 0.51691400
v -0.03298842 0.02936299 0.51691070
v -0.02751767 0.03451281 0.51691070
v -0.03308851 0.02950492 0.51695166
v -0.03308851 0.02950492 0.51695166
v -0.04415971 -0.00541349 0.51695166
v -0.04440553 0.00212453 0.51695166
v -0.04424409 -0.00540877 0.51707971
v -0.04415971 -0.00541349 0.51695166
v -0.04424409 -0.00540877 0.51707971
v -0.04272546 -0.01281780 0.51708087
v -0.04382143 0.00735264 0.51722210
v -0.04448786 0.00214285 0.51707940
v -0.04345201 0.00962697 0.51707916
v -0.04345201 0.00962697 0.51707916
v -0.04448786 0.00214285 0.51707940
v -0.04337389 0.00959565 0.51695166
v -0.04345201 0.00962697 0.51707916
v -0.04337389 0.00959565 0.51695166
v -0.04109444 0.01678496 0.51695166
v -0.02130237 0.03883117 0.51695166
v -0.02759233 0.03466961 0.51695166
v -0.02125529 0.03866399 0.51691070
v -0.02130237 0.03883117 0.51695166
v -0.02125529 0.03866399 0.51691070
v -0.01435929 0.04166179 0.51691400
v 0.02194478 0.03819139 0.51693396
v 0.01512664 0.04139065 0.51691400
v 0.02189328 0.03808653 0.51706256
v 0.02194478 0.03819139 0.51693396
v 0.02189328 0.03808653 0.51706256
v 0.02804727 0.03383638 0.51706390
v 0.03955310 -0.02066807 0.51703607
v 0.04007785 -0.01983946 0.51735156
v 0.04276368 -0.01296420 0.51734948
v 0.03955310 -0.02066807 0.51703607
v 0.04276368 -0.01296420 0.51734948
v 0.04243931 -0.01369323 0.51703180
v 0.04007785 -0.01983946 0.51735156
v 0.03955310 -0.02066807 0.51703607
v 0.03552572 -0.02705852 0.51703766
v 0.04007785 -0.01983946 0.51735156
v 0.03552572 -0.02705852 0.51703766
v 0.03632948 -0.02610599 0.51733856
v 0.03632948 -0.02610599 0.51733856
v 0.03552572 -0.02705852 0.51703766
v 0.03405447 -0.02877460 0.51729608
v 0.03405447 -0.02877460 0.51729608
v 0.03552572 -0.02705852 0.51703766
v 0.03047647 -0.03267592 0.51703900
v 0.03405447 -0.02877460 0.51729608
v 0.03047647 -0.03267592 0.51703900
v 0.03156984 -0.03173048 0.51733605
v 0.03156984 -0.03173048 0.51733605
v 0.03047647 -0.03267592 0.51703900
v 0.02857417 -0.03425487 0.51729608
v 0.02857417 -0.03425487 0.51729608
v 0.03047647 -0.03267592 0.51703900
v 0.02456978 -0.03736037 0.51707727
v 0.02857417 -0.03425487 0.51729608
v 0.02456978 -0.03736037 0.51707727
v 0.02594924 -0.03649531 0.51733380
v 0.02594924 -0.03649531 0.51733380
v 0.02456978 -0.03736037 0.51707727
v 0.02222729 -0.03870331 0.51729608
v 0.02222729 -0.03870331 0.51729608
v 0.02456978 -0.03736037 0.51707727
v 0.01793694 -0.04097819 0.51707806
v 0.02222729 -0.03870331 0.51729608
v 0.01793694 -0.04097819 0.51707806
v 0.01965915 -0.04028652 0.51738806
v 0.01965915 -0.04028652 0.51738806
v 0.01793694 -0.04097819 0.51707806
v 0.01520512 -0.04198559 0.51729608
v 0.01520512 -0.04198559 0.51729608
v 0.01793694 -0.04097819 0.51707806
v 0.01078810 -0.04342312 0.51707886
v 0.01520512 -0.04198559 0.51729608
v 0.01078810 -0.04342312 0.51707886
v 0.01279433 -0.04297438 0.51738720
v 0.01279433 -0.04297438 0.51738720
v 0.01078810 -0.04342312 0.51707886
v 0.00771925 -0.04400242 0.51729608
v 0.00771925 -0.04400242 0.51729608
v 0.01078810 -0.04342312 0.51707886
v 0.00332880 -0.04462484 0.51707971
v 0.00771925 -0.04400242 0.51729608
v 0.00332880 -0.04462484 0.51707971
v 0.00558033 -0.04449602 0.51738629
v 0.00558033 -0.04449602 0.51738629
v 0.00332880 -0.04462484 0.51707971
v -0.00000472 -0.04469248 0.51729608
v -0.00000472 -0.04469248 0.51729608
v 0.00332880 -0.04462484 0.51707971
v -0.00423303 -0.04454835 0.51707989
v -0.00000472 -0.04469248 0.51729608
v -0.00423303 -0.04454835 0.51707989
v -0.00178606 -0.04480969 0.51738549
v -0.00178606 -0.04480969 0.51738549
v -0.00423303 -0.04454835 0.51707989
v -0.00915125 -0.04385308 0.51730957
v -0.00915125 -0.04385308 0.51730957
v -0.00423303 -0.04454835 0.51707989
v -0.01166959 -0.04319433 0.51708038
v -0.04383392 -0.00793444 0.51729608
v -0.04365540 -0.00935666 0.51729815
v -0.04272546 -0.01281780 0.51708087
v -0.04272546 -0.01281780 0.51708087
v -0.04365540 -0.00935666 0.51729815
v -0.04156416 -0.01638770 0.51730920
v -0.04272546 -0.01281780 0.51708087
v -0.04156416 -0.01638770 0.51730920
v -0.04172393 -0.01538309 0.51708307
v -0.03998212 -0.01985017 0.51708020
v -0.03998212 -0.01985017 0.51708020
v -0.04156416 -0.01638770 0.51730920
v -0.03832910 -0.02301672 0.51730609
v -0.03998212 -0.01985017 0.51708020
v -0.03832910 -0.02301672 0.51730609
v -0.03844954 -0.02239608 0.51708307
v -0.03844954 -0.02239608 0.51708307
v -0.03832910 -0.02301672 0.51730609
v -0.03608633 -0.02632450 0.51708038
v -0.03608633 -0.02632450 0.51708038
v -0.03832910 -0.02301672 0.51730609
v -0.03404311 -0.02902341 0.51730059
v -0.03608633 -0.02632450 0.51708038
v -0.03404311 -0.02902341 0.51730059
v -0.03400818 -0.02873393 0.51708307
v -0.03115230 -0.03204734 0.51708050
v -0.03115230 -0.03204734 0.51708050
v -0.03404311 -0.02902341 0.51730059
v -0.02882149 -0.03424469 0.51729998
v -0.03115230 -0.03204734 0.51708050
v -0.02882149 -0.03424469 0.51729998
v -0.02853467 -0.03420456 0.51708307
v -0.02532199 -0.03685396 0.51708026
v -0.02532199 -0.03685396 0.51708026
v -0.02882149 -0.03424469 0.51729998
v -0.02282356 -0.03852549 0.51730419
v -0.02532199 -0.03685396 0.51708026
v -0.02282356 -0.03852549 0.51730419
v -0.02219509 -0.03864215 0.51708307
v -0.01876321 -0.04060602 0.51707989
v -0.01876321 -0.04060602 0.51707989
v -0.02282356 -0.03852549 0.51730419
v -0.01620461 -0.04175907 0.51730719
v -0.01876321 -0.04060602 0.51707989
v -0.01620461 -0.04175907 0.51730719
v -0.01518173 -0.04191219 0.51708307
v -0.01166959 -0.04319433 0.51708038
v -0.01166959 -0.04319433 0.51708038
v -0.01620461 -0.04175907 0.51730719
v -0.00915125 -0.04385308 0.51730957
v -0.04383392 -0.00793444 0.51729608
v -0.04272546 -0.01281780 0.51708087
v -0.04424409 -0.00540877 0.51707971
v -0.04383392 -0.00793444 0.51729608
v -0.04424409 -0.00540877 0.51707971
v -0.04460775 -0.00201018 0.51738567
v -0.04460775 -0.00201018 0.51738567
v -0.04424409 -0.00540877 0.51707971
v -0.04447717 -0.00019949 0.51723400
v -0.04447717 -0.00019949 0.51723400
v -0.04448786 0.00214285 0.51707940
v -0.04429703 0.00535172 0.51738519
v -0.04429703 0.00535172 0.51738519
v -0.04448786 0.00214285 0.51707940
v -0.04382143 0.00735264 0.51722210
v -0.04382143 0.00735264 0.51722210
v -0.04345201 0.00962697 0.51707916
v -0.04277955 0.01256239 0.51738470
v -0.04277955 0.01256239 0.51738470
v -0.04345201 0.00962697 0.51707916
v -0.04189118 0.01469137 0.51720910
v -0.04189118 0.01469137 0.51720910
v -0.04116638 0.01682837 0.51707885
v -0.04009650 0.01942565 0.51738409
v -0.04009650 0.01942565 0.51738409
v -0.04116638 0.01682837 0.51707885
v -0.03874467 0.02159277 0.51719799
v -0.03874467 0.02159277 0.51719799
v -0.03769670 0.02353997 0.51707879
v -0.03632076 0.02575460 0.51738378
v -0.03632076 0.02575460 0.51738378
v -0.03769670 0.02353997 0.51707879
v -0.03314016 0.02955263 0.51705889
v -0.03632076 0.02575460 0.51738378
v -0.03314016 0.02955263 0.51705889
v -0.03405449 0.02837373 0.51729607
v -0.03405449 0.02837373 0.51729607
v -0.03314016 0.02955263 0.51705889
v -0.03155495 0.03137663 0.51738347
v -0.03155495 0.03137663 0.51738347
v -0.03314016 0.02955263 0.51705889
v -0.02763473 0.03472867 0.51706146
v -0.03155495 0.03137663 0.51738347
v -0.02763473 0.03472867 0.51706146
v -0.02857420 0.03385401 0.51729607
v -0.02857420 0.03385401 0.51729607
v -0.02763473 0.03472867 0.51706146
v -0.02592878 0.03613840 0.51738335
v -0.02592878 0.03613840 0.51738335
v -0.02763473 0.03472867 0.51706146
v -0.02133287 0.03889985 0.51706475
v -0.02592878 0.03613840 0.51738335
v -0.02133287 0.03889985 0.51706475
v -0.02222732 0.03830244 0.51729607
v -0.02222732 0.03830244 0.51729607
v -0.02133287 0.03889985 0.51706475
v -0.01959551 0.03990983 0.51738360
v -0.01959551 0.03990983 0.51738360
v -0.02133287 0.03889985 0.51706475
v -0.01441618 0.04194555 0.51706817
v -0.01959551 0.03990983 0.51738360
v -0.01441618 0.04194555 0.51706817
v -0.01281334 0.04253596 0.51731908
v -0.01281334 0.04253596 0.51731908
v -0.01441618 0.04194555 0.51706817
v -0.00708403 0.04377785 0.51707141
v -0.01281334 0.04253596 0.51731908
v -0.00708403 0.04377785 0.51707141
v -0.00557778 0.04406388 0.51731701
v -0.00557778 0.04406388 0.51731701
v -0.00708403 0.04377785 0.51707141
v 0.00045207 0.04434400 0.51707415
v -0.00557778 0.04406388 0.51731701
v 0.00045207 0.04434400 0.51707415
v 0.00180425 0.04437586 0.51731438
v 0.00180425 0.04437586 0.51731438
v 0.00797512 0.04362787 0.51707659
v 0.00180425 0.04437586 0.51731438
v 0.00797512 0.04362787 0.51707659
v 0.00914731 0.04346793 0.51733318
v 0.00914731 0.04346793 0.51733318
v 0.00797512 0.04362787 0.51707659
v 0.01526835 0.04165031 0.51707849
v 0.00914731 0.04346793 0.51733318
v 0.01526835 0.04165031 0.51707849
v 0.01626648 0.04136722 0.51738158
v 0.01626648 0.04136722 0.51738158
v 0.01526835 0.04165031 0.51707849
v 0.02211807 0.03844088 0.51701275
v 0.01626648 0.04136722 0.51738158
v 0.02211807 0.03844088 0.51701275
v 0.02278400 0.03814526 0.51731689
v 0.02278400 0.03814526 0.51731689
v 0.02211807 0.03844088 0.51701275
v 0.02829685 0.03414113 0.51697149
v 0.02278400 0.03814526 0.51731689
v 0.02829685 0.03414113 0.51697149
v 0.02879603 0.03387397 0.51733208
v 0.04243931 -0.01369323 0.51703180
v 0.04276368 -0.01296420 0.51734948
v 0.04410639 -0.00631535 0.51702575
v 0.04410639 -0.00631535 0.51702575
v 0.04276368 -0.01296420 0.51734948
v 0.04428081 -0.00571733 0.51734466
v 0.04410639 -0.00631535 0.51702575
v 0.04428081 -0.00571733 0.51734466
v 0.04450516 0.00122675 0.51702466
v 0.04450516 0.00122675 0.51702466
v 0.04428081 -0.00571733 0.51734466
v 0.04458505 0.00165065 0.51734570
v 0.04450516 0.00122675 0.51702466
v 0.04458505 0.00165065 0.51734570
v 0.04360371 0.00869421 0.51697351
v 0.04360371 0.00869421 0.51697351
v 0.04458505 0.00165065 0.51734570
v 0.04368970 0.00899089 0.51739049
v 0.04360371 0.00869421 0.51697351
v 0.04368970 0.00899089 0.51739049
v 0.04147030 0.01594244 0.51697320
v 0.04147030 0.01594244 0.51697320
v 0.04368970 0.00899089 0.51739049
v 0.04158453 0.01605062 0.51739147
v 0.04147030 0.01594244 0.51697320
v 0.04158453 0.01605062 0.51739147
v 0.03814016 0.02272779 0.51697320
v 0.03814016 0.02272779 0.51697320
v 0.04158453 0.01605062 0.51739147
v 0.03834870 0.02266557 0.51739226
v 0.03814016 0.02272779 0.51697320
v 0.03834870 0.02266557 0.51739226
v 0.03371173 0.02884906 0.51697339
v 0.03371173 0.02884906 0.51697339
v 0.03834870 0.02266557 0.51739226
v 0.03407030 0.02865770 0.51739275
v 0.03371173 0.02884906 0.51697339
v 0.03407030 0.02865770 0.51739275
v 0.02879603 0.03387397 0.51733208
v -0.02900496 -0.03437718 0.51744616
v -0.03434197 -0.02925684 0.51734667
v -0.02906019 -0.03453959 0.51734631
v -0.02298405 -0.03868511 0.51744616
v -0.02900496 -0.03437718 0.51744616
v -0.02906019 -0.03453959 0.51734631
v -0.02298405 -0.03868511 0.51744616
v -0.02906019 -0.03453959 0.51734631
v -0.02301180 -0.03885440 0.51734631
v -0.01633622 -0.04194328 0.51744616
v -0.02298405 -0.03868511 0.51744616
v -0.02301180 -0.03885440 0.51734631
v -0.01633622 -0.04194328 0.51744616
v -0.02301180 -0.03885440 0.51734631
v -0.01633571 -0.04211483 0.51734631
v 0.01633621 0.04154242 0.51744616
v 0.02297317 0.03823032 0.51745385
v 0.02301177 0.03845353 0.51734630
v 0.01633621 0.04154242 0.51744616
v 0.02301177 0.03845353 0.51734630
v 0.01633569 0.04171394 0.51734630
v -0.00924274 -0.04406283 0.51744616
v -0.01633622 -0.04194328 0.51744616
v -0.01633571 -0.04211483 0.51734631
v -0.00924274 -0.04406283 0.51744616
v -0.01633571 -0.04211483 0.51734631
v -0.00923492 -0.04422377 0.51735040
v 0.00925002 0.04360741 0.51745385
v 0.01633621 0.04154242 0.51744616
v 0.01633569 0.04171394 0.51734630
v 0.00925002 0.04360741 0.51745385
v 0.01633569 0.04171394 0.51734630
v 0.00921402 0.04383107 0.51734630
v -0.00178606 -0.04480969 0.51738549
v -0.00924274 -0.04406283 0.51744616
v -0.00188847 -0.04503917 0.51744018
v -0.00188847 -0.04503917 0.51744018
v -0.00924274 -0.04406283 0.51744616
v -0.00923492 -0.04422377 0.51735040
v -0.00188847 -0.04503917 0.51744018
v -0.00923492 -0.04422377 0.51735040
v -0.00185955 -0.04515811 0.51729669
v 0.00185572 0.04443909 0.51741039
v 0.00925002 0.04360741 0.51745385
v 0.00189718 0.04458503 0.51744616
v 0.00189718 0.04458503 0.51744616
v 0.00925002 0.04360741 0.51745385
v 0.00921402 0.04383107 0.51734630
v 0.00189718 0.04458503 0.51744616
v 0.00921402 0.04383107 0.51734630
v 0.00184099 0.04474712 0.51734630
v 0.00558033 -0.04449602 0.51738629
v -0.00178606 -0.04480969 0.51738549
v -0.00188847 -0.04503917 0.51744018
v 0.00558033 -0.04449602 0.51738629
v -0.00188847 -0.04503917 0.51744018
v 0.00550012 -0.04468733 0.51744616
v 0.00550012 -0.04468733 0.51744616
v -0.00188847 -0.04503917 0.51744018
v 0.00558222 -0.04483797 0.51734631
v 0.00558222 -0.04483797 0.51734631
v -0.00188847 -0.04503917 0.51744018
v -0.00185955 -0.04515811 0.51729669
v -0.00551700 0.04413571 0.51741039
v 0.00185572 0.04443909 0.51741039
v 0.00189718 0.04458503 0.51744616
v -0.00551700 0.04413571 0.51741039
v 0.00189718 0.04458503 0.51744616
v -0.00550016 0.04428649 0.51744616
v -0.00550016 0.04428649 0.51744616
v 0.00189718 0.04458503 0.51744616
v 0.00184099 0.04474712 0.51734630
v -0.00550016 0.04428649 0.51744616
v 0.00184099 0.04474712 0.51734630
v -0.00558225 0.04443712 0.51734630
v 0.01279433 -0.04297438 0.51738720
v 0.00558033 -0.04449602 0.51738629
v 0.00550012 -0.04468733 0.51744616
v 0.01279433 -0.04297438 0.51738720
v 0.00550012 -0.04468733 0.51744616
v 0.01274743 -0.04317531 0.51744616
v 0.01274743 -0.04317531 0.51744616
v 0.00550012 -0.04468733 0.51744616
v 0.00558222 -0.04483797 0.51734631
v 0.01274743 -0.04317531 0.51744616
v 0.00558222 -0.04483797 0.51734631
v 0.01285317 -0.04331037 0.51734631
v -0.01273926 0.04262294 0.51741039
v -0.00551700 0.04413571 0.51741039
v -0.00550016 0.04428649 0.51744616
v -0.01274742 0.04277445 0.51744616
v -0.01274742 0.04277445 0.51744616
v -0.00550016 0.04428649 0.51744616
v -0.00558225 0.04443712 0.51734630
v -0.01274742 0.04277445 0.51744616
v -0.00558225 0.04443712 0.51734630
v -0.01285320 0.04290951 0.51734630
v 0.01965915 -0.04028652 0.51738806
v 0.01279433 -0.04297438 0.51738720
v 0.01274743 -0.04317531 0.51744616
v 0.01965915 -0.04028652 0.51738806
v 0.01274743 -0.04317531 0.51744616
v 0.01964700 -0.04049103 0.51744616
v 0.01964700 -0.04049103 0.51744616
v 0.01274743 -0.04317531 0.51744616
v 0.01285317 -0.04331037 0.51734631
v 0.01964700 -0.04049103 0.51744616
v 0.01285317 -0.04331037 0.51734631
v 0.01975203 -0.04061321 0.51735046
v -0.01959551 0.03990983 0.51738360
v -0.01273926 0.04262294 0.51741039
v -0.01274742 0.04277445 0.51744616
v -0.01959551 0.03990983 0.51738360
v -0.01274742 0.04277445 0.51744616
v -0.01964702 0.04009016 0.51744616
v -0.01964702 0.04009016 0.51744616
v -0.01274742 0.04277445 0.51744616
v -0.01285320 0.04290951 0.51734630
v -0.01964702 0.04009016 0.51744616
v -0.01285320 0.04290951 0.51734630
v -0.01977358 0.04020597 0.51734630
v 0.02594924 -0.03649531 0.51733380
v 0.01965915 -0.04028652 0.51738806
v 0.02596559 -0.03667615 0.51745385
v 0.02596559 -0.03667615 0.51745385
v 0.01965915 -0.04028652 0.51738806
v 0.01964700 -0.04049103 0.51744616
v 0.02596559 -0.03667615 0.51745385
v 0.01964700 -0.04049103 0.51744616
v 0.01975203 -0.04061321 0.51735046
v 0.02596559 -0.03667615 0.51745385
v 0.01975203 -0.04061321 0.51735046
v 0.02612122 -0.03682455 0.51734667
v -0.02592878 0.03613840 0.51738335
v -0.01959551 0.03990983 0.51738360
v -0.01964702 0.04009016 0.51744616
v -0.02592878 0.03613840 0.51738335
v -0.01964702 0.04009016 0.51744616
v -0.02601069 0.03630685 0.51744616
v -0.02601069 0.03630685 0.51744616
v -0.01964702 0.04009016 0.51744616
v -0.01977358 0.04020597 0.51734630
v -0.02601069 0.03630685 0.51744616
v -0.01977358 0.04020597 0.51734630
v -0.02613438 0.03641010 0.51735046
v 0.03156984 -0.03173048 0.51733605
v 0.02594924 -0.03649531 0.51733380
v 0.02596559 -0.03667615 0.51745385
v 0.03156984 -0.03173048 0.51733605
v 0.02596559 -0.03667615 0.51745385
v 0.03161520 -0.03190482 0.51745385
v 0.03161520 -0.03190482 0.51745385
v 0.02596559 -0.03667615 0.51745385
v 0.02612122 -0.03682455 0.51734667
v 0.03161520 -0.03190482 0.51745385
v 0.02612122 -0.03682455 0.51734667
v 0.03181058 -0.03201228 0.51734338
v -0.03155495 0.03137663 0.51738347
v -0.02592878 0.03613840 0.51738335
v -0.02601069 0.03630685 0.51744616
v -0.03155495 0.03137663 0.51738347
v -0.02601069 0.03630685 0.51744616
v -0.03166483 0.03152773 0.51744616
v -0.03166483 0.03152773 0.51744616
v -0.02601069 0.03630685 0.51744616
v -0.02613438 0.03641010 0.51735046
v -0.03166483 0.03152773 0.51744616
v -0.02613438 0.03641010 0.51735046
v -0.03179312 0.03162478 0.51734667
v 0.04494533 0.00167676 0.51734240
v 0.04403217 0.00900894 0.51734667
v 0.04388077 0.00895463 0.51744616
v 0.04494533 0.00167676 0.51734240
v 0.04388077 0.00895463 0.51744616
v 0.04473807 0.00158680 0.51745385
v 0.04473807 0.00158680 0.51745385
v 0.04388077 0.00895463 0.51744616
v 0.04368970 0.00899089 0.51739049
v 0.04473807 0.00158680 0.51745385
v 0.04368970 0.00899089 0.51739049
v 0.04458505 0.00165065 0.51734570
v 0.04310832 -0.01305803 0.51734667
v 0.04463787 -0.00579304 0.51734008
v 0.04442207 -0.00580122 0.51745385
v 0.04310832 -0.01305803 0.51734667
v 0.04442207 -0.00580122 0.51745385
v 0.04289436 -0.01303644 0.51745385
v 0.04289436 -0.01303644 0.51745385
v 0.04442207 -0.00580122 0.51745385
v 0.04428081 -0.00571733 0.51734466
v 0.04289436 -0.01303644 0.51745385
v 0.04428081 -0.00571733 0.51734466
v 0.04276368 -0.01296420 0.51734948
v 0.03660574 -0.02634149 0.51735046
v 0.04040408 -0.01997806 0.51734667
v 0.04019659 -0.01992157 0.51745385
v 0.03660574 -0.02634149 0.51735046
v 0.04019659 -0.01992157 0.51745385
v 0.03640239 -0.02626872 0.51745385
v 0.03640239 -0.02626872 0.51745385
v 0.04019659 -0.01992157 0.51745385
v 0.04007785 -0.01983946 0.51735156
v 0.03640239 -0.02626872 0.51745385
v 0.04007785 -0.01983946 0.51735156
v 0.03632948 -0.02610599 0.51733856
v -0.03404311 -0.02902341 0.51730059
v -0.03409923 -0.02906863 0.51741039
v -0.02882149 -0.03424469 0.51729998
v -0.02888261 -0.03428745 0.51741039
v -0.02882149 -0.03424469 0.51729998
v -0.02888261 -0.03428745 0.51741039
v -0.02282356 -0.03852549 0.51730419
v -0.04191583 -0.01653166 0.51734667
v -0.03865612 -0.02320803 0.51734667
v -0.03853055 -0.02310753 0.51744616
v -0.04191583 -0.01653166 0.51734667
v -0.03853055 -0.02310753 0.51744616
v -0.04177543 -0.01645316 0.51744616
v -0.04177543 -0.01645316 0.51744616
v -0.03853055 -0.02310753 0.51744616
v -0.03838571 -0.02306236 0.51741039
v -0.04177543 -0.01645316 0.51744616
v -0.03838571 -0.02306236 0.51741039
v -0.04162513 -0.01643249 0.51741039
v -0.04162513 -0.01643249 0.51741039
v -0.03838571 -0.02306236 0.51741039
v -0.03832910 -0.02301672 0.51730609
v -0.04162513 -0.01643249 0.51741039
v -0.03832910 -0.02301672 0.51730609
v -0.04156416 -0.01638770 0.51730920
v -0.04494327 -0.00205519 0.51735046
v -0.04403219 -0.00940982 0.51734667
v -0.04388079 -0.00935548 0.51744616
v -0.04494327 -0.00205519 0.51735046
v -0.04388079 -0.00935548 0.51744616
v -0.04478918 -0.00200809 0.51744616
v -0.04478918 -0.00200809 0.51744616
v -0.04388079 -0.00935548 0.51744616
v -0.04372913 -0.00935982 0.51741039
v -0.04478918 -0.00200809 0.51744616
v -0.04372913 -0.00935982 0.51741039
v -0.04460775 -0.00201018 0.51738567
v -0.04460775 -0.00201018 0.51738567
v -0.04372913 -0.00935982 0.51741039
v -0.04365540 -0.00935666 0.51729815
v -0.04310833 0.01265716 0.51734667
v -0.04465058 0.00536533 0.51729669
v -0.04452965 0.00538436 0.51744018
v -0.04310833 0.01265716 0.51734667
v -0.04452965 0.00538436 0.51744018
v -0.04294932 0.01263286 0.51744616
v -0.04294932 0.01263286 0.51744616
v -0.04452965 0.00538436 0.51744018
v -0.04429703 0.00535172 0.51738519
v -0.04294932 0.01263286 0.51744616
v -0.04429703 0.00535172 0.51738519
v -0.04277955 0.01256239 0.51738470
v -0.03659775 0.02595775 0.51734667
v -0.04040410 0.01957720 0.51734667
v -0.04025126 0.01952707 0.51744616
v -0.03659775 0.02595775 0.51734667
v -0.04025126 0.01952707 0.51744616
v -0.03645525 0.02588315 0.51744616
v -0.03645525 0.02588315 0.51744616
v -0.04025126 0.01952707 0.51744616
v -0.04009650 0.01942565 0.51738409
v -0.03645525 0.02588315 0.51744616
v -0.04009650 0.01942565 0.51738409
v -0.03632076 0.02575460 0.51738378
v 0.03865610 0.02280718 0.51734667
v 0.03434196 0.02885597 0.51734667
v 0.03423463 0.02873616 0.51744616
v 0.03865610 0.02280718 0.51734667
v 0.03423463 0.02873616 0.51744616
v 0.03853053 0.02270664 0.51744616
v 0.03853053 0.02270664 0.51744616
v 0.03423463 0.02873616 0.51744616
v 0.03407030 0.02865770 0.51739275
v 0.03853053 0.02270664 0.51744616
v 0.03407030 0.02865770 0.51739275
v 0.03834870 0.02266557 0.51739226
v 0.04158453 0.01605062 0.51739147
v 0.04368970 0.00899089 0.51739049
v 0.04388077 0.00895463 0.51744616
v 0.04158453 0.01605062 0.51739147
v 0.04388077 0.00895463 0.51744616
v 0.04177542 0.01605229 0.51744616
v 0.04177542 0.01605229 0.51744616
v 0.04388077 0.00895463 0.51744616
v 0.04403217 0.00900894 0.51734667
v 0.04177542 0.01605229 0.51744616
v 0.04403217 0.00900894 0.51734667
v 0.04191581 0.01613081 0.51734667
v 0.04458505 0.00165065 0.51734570
v 0.04428081 -0.00571733 0.51734466
v 0.04442207 -0.00580122 0.51745385
v 0.04458505 0.00165065 0.51734570
v 0.04442207 -0.00580122 0.51745385
v 0.04473807 0.00158680 0.51745385
v 0.04473807 0.00158680 0.51745385
v 0.04442207 -0.00580122 0.51745385
v 0.04463787 -0.00579304 0.51734008
v 0.04473807 0.00158680 0.51745385
v 0.04463787 -0.00579304 0.51734008
v 0.04494533 0.00167676 0.51734240
v 0.04494533 0.00167676 0.51734240
v 0.04463787 -0.00579304 0.51734008
v 0.04499940 -0.00020041 0.51724450
v 0.04276368 -0.01296420 0.51734948
v 0.04007785 -0.01983946 0.51735156
v 0.04019659 -0.01992157 0.51745385
v 0.04276368 -0.01296420 0.51734948
v 0.04019659 -0.01992157 0.51745385
v 0.04289436 -0.01303644 0.51745385
v 0.04289436 -0.01303644 0.51745385
v 0.04019659 -0.01992157 0.51745385
v 0.04040408 -0.01997806 0.51734667
v 0.04289436 -0.01303644 0.51745385
v 0.04040408 -0.01997806 0.51734667
v 0.04310832 -0.01305803 0.51734667
v 0.03181058 -0.03201228 0.51734338
v 0.03660574 -0.02634149 0.51735046
v 0.03640239 -0.02626872 0.51745385
v 0.03181058 -0.03201228 0.51734338
v 0.03640239 -0.02626872 0.51745385
v 0.03161520 -0.03190482 0.51745385
v 0.03161520 -0.03190482 0.51745385
v 0.03640239 -0.02626872 0.51745385
v 0.03632948 -0.02610599 0.51733856
v 0.03161520 -0.03190482 0.51745385
v 0.03632948 -0.02610599 0.51733856
v 0.03156984 -0.03173048 0.51733605
v 0.03156984 -0.03173048 0.51733605
v 0.03632948 -0.02610599 0.51733856
v 0.03405447 -0.02877460 0.51729608
v 0.03156984 -0.03173048 0.51733605
v 0.02857417 -0.03425487 0.51729608
v 0.02594924 -0.03649531 0.51733380
v -0.00178606 -0.04480969 0.51738549
v -0.00917786 -0.04392568 0.51741039
v -0.00924274 -0.04406283 0.51744616
v -0.00924274 -0.04406283 0.51744616
v -0.00917786 -0.04392568 0.51741039
v -0.01633622 -0.04194328 0.51744616
v -0.02900496 -0.03437718 0.51744616
v -0.03423469 -0.02913700 0.51744616
v -0.03434197 -0.02925684 0.51734667
v 0.02594924 -0.03649531 0.51733380
v 0.02222729 -0.03870331 0.51729608
v 0.01965915 -0.04028652 0.51738806
v -0.00917786 -0.04392568 0.51741039
v -0.01624965 -0.04181870 0.51741039
v -0.01633622 -0.04194328 0.51744616
v -0.01633622 -0.04194328 0.51744616
v -0.01624965 -0.04181870 0.51741039
v -0.02298405 -0.03868511 0.51744616
v 0.01965915 -0.04028652 0.51738806
v 0.01520512 -0.04198559 0.51729608
v 0.01279433 -0.04297438 0.51738720
v -0.01624965 -0.04181870 0.51741039
v -0.02287814 -0.03857646 0.51741039
v -0.02298405 -0.03868511 0.51744616
v -0.02298405 -0.03868511 0.51744616
v -0.02287814 -0.03857646 0.51741039
v -0.02900496 -0.03437718 0.51744616
v 0.01279433 -0.04297438 0.51738720
v 0.00771925 -0.04400242 0.51729608
v 0.00558033 -0.04449602 0.51738629
v -0.02287814 -0.03857646 0.51741039
v -0.02888261 -0.03428745 0.51741039
v -0.02900496 -0.03437718 0.51744616
v -0.02900496 -0.03437718 0.51744616
v -0.02888261 -0.03428745 0.51741039
v -0.03423469 -0.02913700 0.51744616
v 0.00558033 -0.04449602 0.51738629
v -0.00000472 -0.04469248 0.51729608
v -0.00178606 -0.04480969 0.51738549
v -0.02888261 -0.03428745 0.51741039
v -0.03409923 -0.02906863 0.51741039
v -0.03423469 -0.02913700 0.51744616
v -0.00178606 -0.04480969 0.51738549
v -0.00915125 -0.04385308 0.51730957
v -0.00917786 -0.04392568 0.51741039
v -0.00917786 -0.04392568 0.51741039
v -0.00915125 -0.04385308 0.51730957
v -0.01624965 -0.04181870 0.51741039
v -0.00915125 -0.04385308 0.51730957
v -0.01620461 -0.04175907 0.51730719
v -0.01624965 -0.04181870 0.51741039
v -0.01624965 -0.04181870 0.51741039
v -0.01620461 -0.04175907 0.51730719
v -0.02287814 -0.03857646 0.51741039
v -0.01620461 -0.04175907 0.51730719
v -0.02282356 -0.03852549 0.51730419
v -0.02287814 -0.03857646 0.51741039
v -0.02287814 -0.03857646 0.51741039
v -0.02282356 -0.03852549 0.51730419
v -0.02888261 -0.03428745 0.51741039
v -0.03404311 -0.02902341 0.51730059
v -0.03832910 -0.02301672 0.51730609
v -0.03838571 -0.02306236 0.51741039
v -0.03404311 -0.02902341 0.51730059
v -0.03838571 -0.02306236 0.51741039
v -0.03409923 -0.02906863 0.51741039
v -0.03409923 -0.02906863 0.51741039
v -0.03838571 -0.02306236 0.51741039
v -0.03853055 -0.02310753 0.51744616
v -0.03409923 -0.02906863 0.51741039
v -0.03853055 -0.02310753 0.51744616
v -0.03423469 -0.02913700 0.51744616
v -0.03423469 -0.02913700 0.51744616
v -0.03853055 -0.02310753 0.51744616
v -0.03865612 -0.02320803 0.51734667
v -0.03423469 -0.02913700 0.51744616
v -0.03865612 -0.02320803 0.51734667
v -0.03434197 -0.02925684 0.51734667
v -0.04156416 -0.01638770 0.51730920
v -0.04365540 -0.00935666 0.51729815
v -0.04372913 -0.00935982 0.51741039
v -0.04156416 -0.01638770 0.51730920
v -0.04372913 -0.00935982 0.51741039
v -0.04162513 -0.01643249 0.51741039
v -0.04162513 -0.01643249 0.51741039
v -0.04372913 -0.00935982 0.51741039
v -0.04388079 -0.00935548 0.51744616
v -0.04162513 -0.01643249 0.51741039
v -0.04388079 -0.00935548 0.51744616
v -0.04177543 -0.01645316 0.51744616
v -0.04177543 -0.01645316 0.51744616
v -0.04388079 -0.00935548 0.51744616
v -0.04403219 -0.00940982 0.51734667
v -0.04177543 -0.01645316 0.51744616
v -0.04403219 -0.00940982 0.51734667
v -0.04191583 -0.01653166 0.51734667
v -0.04365540 -0.00935666 0.51729815
v -0.04383392 -0.00793444 0.51729608
v -0.04460775 -0.00201018 0.51738567
v -0.04447717 -0.00019949 0.51723400
v -0.04429703 0.00535172 0.51738519
v -0.04460775 -0.00201018 0.51738567
v -0.04460775 -0.00201018 0.51738567
v -0.04429703 0.00535172 0.51738519
v -0.04452965 0.00538436 0.51744018
v -0.04460775 -0.00201018 0.51738567
v -0.04452965 0.00538436 0.51744018
v -0.04478918 -0.00200809 0.51744616
v -0.04478918 -0.00200809 0.51744616
v -0.04452965 0.00538436 0.51744018
v -0.04494327 -0.00205519 0.51735046
v -0.04494327 -0.00205519 0.51735046
v -0.04452965 0.00538436 0.51744018
v -0.04465058 0.00536533 0.51729669
v -0.04429703 0.00535172 0.51738519
v -0.04382143 0.00735264 0.51722210
v -0.04277955 0.01256239 0.51738470
v -0.04189118 0.01469137 0.51720910
v -0.04009650 0.01942565 0.51738409
v -0.04277955 0.01256239 0.51738470
v -0.04277955 0.01256239 0.51738470
v -0.04009650 0.01942565 0.51738409
v -0.04025126 0.01952707 0.51744616
v -0.04294932 0.01263286 0.51744616
v -0.04294932 0.01263286 0.51744616
v -0.04025126 0.01952707 0.51744616
v -0.04040410 0.01957720 0.51734667
v -0.04294932 0.01263286 0.51744616
v -0.04040410 0.01957720 0.51734667
v -0.04310833 0.01265716 0.51734667
v -0.04009650 0.01942565 0.51738409
v -0.03874467 0.02159277 0.51719799
v -0.03632076 0.02575460 0.51738378
v -0.03179312 0.03162478 0.51734667
v -0.03659775 0.02595775 0.51734667
v -0.03645525 0.02588315 0.51744616
v -0.03179312 0.03162478 0.51734667
v -0.03645525 0.02588315 0.51744616
v -0.03166483 0.03152773 0.51744616
v -0.03166483 0.03152773 0.51744616
v -0.03645525 0.02588315 0.51744616
v -0.03632076 0.02575460 0.51738378
v -0.03166483 0.03152773 0.51744616
v -0.03632076 0.02575460 0.51738378
v -0.03155495 0.03137663 0.51738347
v -0.03155495 0.03137663 0.51738347
v -0.03632076 0.02575460 0.51738378
v -0.03405449 0.02837373 0.51729607
v -0.03155495 0.03137663 0.51738347
v -0.02857420 0.03385401 0.51729607
v -0.02592878 0.03613840 0.51738335
v -0.02592878 0.03613840 0.51738335
v -0.02222732 0.03830244 0.51729607
v -0.01959551 0.03990983 0.51738360
v 0.00925002 0.04360741 0.51745385
v 0.01626648 0.04136722 0.51738158
v 0.01633621 0.04154242 0.51744616
v 0.01633621 0.04154242 0.51744616
v 0.01626648 0.04136722 0.51738158
v 0.02297317 0.03823032 0.51745385
v -0.01959551 0.03990983 0.51738360
v -0.01281334 0.04253596 0.51731908
v -0.01273926 0.04262294 0.51741039
v -0.01273926 0.04262294 0.51741039
v -0.01281334 0.04253596 0.51731908
v -0.00551700 0.04413571 0.51741039
v -0.01281334 0.04253596 0.51731908
v -0.00557778 0.04406388 0.51731701
v -0.00551700 0.04413571 0.51741039
v -0.00551700 0.04413571 0.51741039
v -0.00557778 0.04406388 0.51731701
v 0.00185572 0.04443909 0.51741039
v 0.00185572 0.04443909 0.51741039
v 0.00914731 0.04346793 0.51733318
v 0.00925002 0.04360741 0.51745385
v 0.00925002 0.04360741 0.51745385
v 0.00914731 0.04346793 0.51733318
v 0.01626648 0.04136722 0.51738158
v -0.00557778 0.04406388 0.51731701
v 0.00180425 0.04437586 0.51731438
v 0.00185572 0.04443909 0.51741039
v 0.00185572 0.04443909 0.51741039
v 0.00180425 0.04437586 0.51731438
v 0.00914731 0.04346793 0.51733318
v 0.01626648 0.04136722 0.51738158
v 0.02278400 0.03814526 0.51731689
v 0.02297317 0.03823032 0.51745385
v 0.02906016 0.03413873 0.51734630
v 0.02301177 0.03845353 0.51734630
v 0.02297317 0.03823032 0.51745385
v 0.02906016 0.03413873 0.51734630
v 0.02297317 0.03823032 0.51745385
v 0.02898534 0.03392491 0.51745385
v 0.02898534 0.03392491 0.51745385
v 0.02297317 0.03823032 0.51745385
v 0.02278400 0.03814526 0.51731689
v 0.02898534 0.03392491 0.51745385
v 0.02278400 0.03814526 0.51731689
v 0.02879603 0.03387397 0.51733208
v 0.02879603 0.03387397 0.51733208
v 0.03407030 0.02865770 0.51739275
v 0.02898534 0.03392491 0.51745385
v 0.02898534 0.03392491 0.51745385
v 0.03407030 0.02865770 0.51739275
v 0.03423463 0.02873616 0.51744616
v 0.02898534 0.03392491 0.51745385
v 0.03423463 0.02873616 0.51744616
v 0.03434196 0.02885597 0.51734667
v 0.02898534 0.03392491 0.51745385
v 0.03434196 0.02885597 0.51734667
v 0.02906016 0.03413873 0.51734630
v 0.04191581 0.01613081 0.51734667
v 0.03865610 0.02280718 0.51734667
v 0.03853053 0.02270664 0.51744616
v 0.04191581 0.01613081 0.51734667
v 0.03853053 0.02270664 0.51744616
v 0.04177542 0.01605229 0.51744616
v 0.04177542 0.01605229 0.51744616
v 0.03853053 0.02270664 0.51744616
v 0.03834870 0.02266557 0.51739226
v 0.04177542 0.01605229 0.51744616
v 0.03834870 0.02266557 0.51739226
v 0.04158453 0.01605062 0.51739147
v 0.04494297 0.00166071 0.50872499
v 0.04494533 0.00167676 0.51734240
v 0.04488429 -0.00019565 0.50883110
v 0.04488429 -0.00019565 0.50883110
v 0.04494533 0.00167676 0.51734240
v 0.04499940 -0.00020041 0.51724450
v 0.04488429 -0.00019565 0.50883110
v 0.04499940 -0.00020041 0.51724450
v 0.04463688 -0.00578663 0.50872908
v 0.04463688 -0.00578663 0.50872908
v 0.04499940 -0.00020041 0.51724450
v 0.04463787 -0.00579304 0.51734008
v 0.04463688 -0.00578663 0.50872908
v 0.04463787 -0.00579304 0.51734008
v 0.04310940 -0.01305541 0.50872920
v 0.04310832 -0.01305803 0.51734667
v 0.04310940 -0.01305541 0.50872920
v 0.04310832 -0.01305803 0.51734667
v 0.04040558 -0.01997566 0.50872920
v 0.04040408 -0.01997806 0.51734667
v 0.04040558 -0.01997566 0.50872920
v 0.04040408 -0.01997806 0.51734667
v 0.03659960 -0.02635648 0.50872920
v 0.03660574 -0.02634149 0.51735046
v 0.03659960 -0.02635648 0.50872920
v 0.03660574 -0.02634149 0.51735046
v 0.03181058 -0.03201228 0.51734338
v 0.03179529 -0.03202384 0.50872920
v 0.03179529 -0.03202384 0.50872920
v 0.03181058 -0.03201228 0.51734338
v 0.02612369 -0.03682314 0.50872920
v 0.02612122 -0.03682455 0.51734667
v 0.02612369 -0.03682314 0.50872920
v 0.02612122 -0.03682455 0.51734667
v 0.01975777 -0.04061039 0.50872499
v 0.01975203 -0.04061321 0.51735046
v 0.01975777 -0.04061039 0.50872499
v 0.01975203 -0.04061321 0.51735046
v 0.01285587 -0.04330925 0.50872881
v 0.01285317 -0.04331037 0.51734631
v 0.01285587 -0.04330925 0.50872881
v 0.01285317 -0.04331037 0.51734631
v 0.00558506 -0.04483731 0.50872881
v 0.00558222 -0.04483797 0.51734631
v 0.00558506 -0.04483731 0.50872881
v 0.00558222 -0.04483797 0.51734631
v -0.00183813 -0.04514780 0.50872881
v -0.00185955 -0.04515811 0.51729669
v -0.00183813 -0.04514780 0.50872881
v -0.00185955 -0.04515811 0.51729669
v -0.00921115 -0.04423225 0.50872881
v -0.00921115 -0.04423225 0.50872881
v -0.00185955 -0.04515811 0.51729669
v -0.00923492 -0.04422377 0.51735040
v -0.00921115 -0.04423225 0.50872881
v -0.00923492 -0.04422377 0.51735040
v -0.01633289 -0.04211560 0.50872881
v -0.01633571 -0.04211483 0.51734631
v -0.01633289 -0.04211560 0.50872881
v -0.01633571 -0.04211483 0.51734631
v -0.02300916 -0.03885562 0.50872881
v -0.02301180 -0.03885440 0.51734631
v -0.02300916 -0.03885562 0.50872881
v -0.02301180 -0.03885440 0.51734631
v -0.02905778 -0.03454123 0.50872881
v -0.02906019 -0.03453959 0.51734631
v -0.02905778 -0.03454123 0.50872881
v -0.02906019 -0.03453959 0.51734631
v -0.03434038 -0.02925918 0.50872920
v -0.03434197 -0.02925684 0.51734667
v -0.03434038 -0.02925918 0.50872920
v -0.03434197 -0.02925684 0.51734667
v -0.03865492 -0.02321062 0.50872920
v -0.03865612 -0.02320803 0.51734667
v -0.03865492 -0.02321062 0.50872920
v -0.03865612 -0.02320803 0.51734667
v -0.04191508 -0.01653439 0.50872920
v -0.04191583 -0.01653166 0.51734667
v -0.04191508 -0.01653439 0.50872920
v -0.04191583 -0.01653166 0.51734667
v -0.04403190 -0.00941263 0.50872920
v -0.04403219 -0.00940982 0.51734667
v -0.04403190 -0.00941263 0.50872920
v -0.04403219 -0.00940982 0.51734667
v -0.04494298 -0.00206158 0.50872499
v -0.04494327 -0.00205519 0.51735046
v -0.04494298 -0.00206158 0.50872499
v -0.04494327 -0.00205519 0.51735046
v -0.04465037 0.00536701 0.50877888
v -0.04465058 0.00536533 0.51729669
v -0.04465037 0.00536701 0.50877888
v -0.04465058 0.00536533 0.51729669
v -0.04310941 0.01265453 0.50872920
v -0.04310833 0.01265716 0.51734667
v -0.04310941 0.01265453 0.50872920
v -0.04310833 0.01265716 0.51734667
v -0.04040559 0.01957480 0.50872920
v -0.04040410 0.01957720 0.51734667
v -0.04040559 0.01957480 0.50872920
v -0.04040410 0.01957720 0.51734667
v -0.03659962 0.02595562 0.50872920
v -0.03659775 0.02595775 0.51734667
v -0.03659962 0.02595562 0.50872920
v -0.03659775 0.02595775 0.51734667
v -0.03179531 0.03162299 0.50872920
v -0.03179312 0.03162478 0.51734667
v -0.03179531 0.03162299 0.50872920
v -0.03179312 0.03162478 0.51734667
v -0.02613957 0.03640637 0.50872499
v -0.02613438 0.03641010 0.51735046
v -0.02613957 0.03640637 0.50872499
v -0.02613438 0.03641010 0.51735046
v -0.01977605 0.04020443 0.50872880
v -0.01977358 0.04020597 0.51734630
v -0.01977605 0.04020443 0.50872880
v -0.01977358 0.04020597 0.51734630
v -0.01285589 0.04290839 0.50872880
v -0.01285320 0.04290951 0.51734630
v -0.01285589 0.04290839 0.50872880
v -0.01285320 0.04290951 0.51734630
v -0.00558508 0.04443645 0.50872880
v -0.00558225 0.04443712 0.51734630
v -0.00558508 0.04443645 0.50872880
v -0.00558225 0.04443712 0.51734630
v 0.00183808 0.04474693 0.50872880
v 0.00184099 0.04474712 0.51734630
v 0.00183808 0.04474693 0.50872880
v 0.00184099 0.04474712 0.51734630
v 0.00921113 0.04383136 0.50872880
v 0.00921402 0.04383107 0.51734630
v 0.00921113 0.04383136 0.50872880
v 0.00921402 0.04383107 0.51734630
v 0.01633289 0.04171473 0.50872880
v 0.01633569 0.04171394 0.51734630
v 0.01633289 0.04171473 0.50872880
v 0.01633569 0.04171394 0.51734630
v 0.02300913 0.03845476 0.50872880
v 0.02301177 0.03845353 0.51734630
v 0.02300913 0.03845476 0.50872880
v 0.02301177 0.03845353 0.51734630
v 0.02905775 0.03414037 0.50872880
v 0.02906016 0.03413873 0.51734630
v 0.02905775 0.03414037 0.50872880
v 0.02906016 0.03413873 0.51734630
v 0.03434035 0.02885831 0.50872920
v 0.03434196 0.02885597 0.51734667
v 0.03434035 0.02885831 0.50872920
v 0.03434196 0.02885597 0.51734667
v 0.03865490 0.02280975 0.50872920
v 0.03865610 0.02280718 0.51734667
v 0.03865490 0.02280975 0.50872920
v 0.03865610 0.02280718 0.51734667
v 0.04191505 0.01613354 0.50872920
v 0.04191581 0.01613081 0.51734667
v 0.04191505 0.01613354 0.50872920
v 0.04191581 0.01613081 0.51734667
v 0.04403187 0.00901176 0.50872920
v 0.04403217 0.00900894 0.51734667
v 0.04403187 0.00901176 0.50872920
v 0.04403217 0.00900894 0.51734667
v 0.04494297 0.00166071 0.50872499
v 0.04494533 0.00167676 0.51734240
v -0.02888212 -0.03438914 0.50862108
v -0.03411549 -0.02916901 0.50862108
v -0.03405170 -0.02901353 0.50876918
v -0.02888212 -0.03438914 0.50862108
v -0.03405170 -0.02901353 0.50876918
v -0.02882369 -0.03424331 0.50876948
v -0.02286096 -0.03867666 0.50862108
v -0.02888212 -0.03438914 0.50862108
v -0.02882369 -0.03424331 0.50876948
v -0.02286096 -0.03867666 0.50862108
v -0.02882369 -0.03424331 0.50876948
v -0.02282601 -0.03852478 0.50876579
v -0.01621615 -0.04191471 0.50862108
v -0.02286096 -0.03867666 0.50862108
v -0.02282601 -0.03852478 0.50876579
v -0.01621615 -0.04191471 0.50862108
v -0.02282601 -0.03852478 0.50876579
v -0.01620689 -0.04175908 0.50876338
v 0.01621614 0.04151384 0.50862108
v 0.02290967 0.03832899 0.50862938
v 0.02285811 0.03815295 0.50868409
v 0.01621614 0.04151384 0.50862108
v 0.02285811 0.03815295 0.50868409
v 0.01621636 0.04136031 0.50875560
v 0.01621636 0.04136031 0.50875560
v 0.02285811 0.03815295 0.50868409
v 0.02228263 0.03838784 0.50877940
v -0.00912909 -0.04401485 0.50862108
v -0.01621615 -0.04191471 0.50862108
v -0.01620689 -0.04175908 0.50876338
v -0.00912909 -0.04401485 0.50862108
v -0.01620689 -0.04175908 0.50876338
v -0.00915125 -0.04385368 0.50876479
v 0.00912905 0.04361399 0.50862108
v 0.01621614 0.04151384 0.50862108
v 0.01621636 0.04136031 0.50875560
v 0.00912905 0.04361399 0.50862108
v 0.01621636 0.04136031 0.50875560
v 0.00914533 0.04346539 0.50875428
v -0.00183813 -0.04514780 0.50872881
v -0.00912909 -0.04401485 0.50862108
v -0.00181052 -0.04498985 0.50862938
v -0.00181052 -0.04498985 0.50862938
v -0.00912909 -0.04401485 0.50862108
v -0.00180412 -0.04481031 0.50868779
v -0.00180412 -0.04481031 0.50868779
v -0.00912909 -0.04401485 0.50862108
v -0.00915125 -0.04385368 0.50876479
v 0.00183808 0.04474693 0.50872880
v 0.00912905 0.04361399 0.50862108
v 0.00179286 0.04451901 0.50862108
v 0.00179286 0.04451901 0.50862108
v 0.00912905 0.04361399 0.50862108
v 0.00914533 0.04346539 0.50875428
v 0.00179286 0.04451901 0.50862108
v 0.00914533 0.04346539 0.50875428
v 0.00182126 0.04437693 0.50875199
v 0.00558506 -0.04483731 0.50872881
v -0.00183813 -0.04514780 0.50872881
v -0.00181052 -0.04498985 0.50862938
v 0.00558506 -0.04483731 0.50872881
v -0.00181052 -0.04498985 0.50862938
v 0.00558631 -0.04467697 0.50862938
v 0.00558631 -0.04467697 0.50862938
v -0.00181052 -0.04498985 0.50862938
v -0.00180412 -0.04481031 0.50868779
v 0.00557338 -0.04449705 0.50868889
v 0.00557338 -0.04449705 0.50868889
v -0.00180412 -0.04481031 0.50868779
v 0.00024746 -0.04466709 0.50883369
v -0.00558508 0.04443645 0.50872880
v 0.00183808 0.04474693 0.50872880
v 0.00179286 0.04451901 0.50862108
v -0.00558508 0.04443645 0.50872880
v 0.00179286 0.04451901 0.50862108
v -0.00559214 0.04420421 0.50862108
v -0.00559214 0.04420421 0.50862108
v 0.00179286 0.04451901 0.50862108
v 0.00182126 0.04437693 0.50875199
v -0.00559214 0.04420421 0.50862108
v 0.00182126 0.04437693 0.50875199
v -0.00555699 0.04406826 0.50874949
v 0.01285587 -0.04330925 0.50872881
v 0.00558506 -0.04483731 0.50872881
v 0.00558631 -0.04467697 0.50862938
v 0.01285587 -0.04330925 0.50872881
v 0.00558631 -0.04467697 0.50862938
v 0.01283072 -0.04315090 0.50862938
v 0.01283072 -0.04315090 0.50862938
v 0.00558631 -0.04467697 0.50862938
v 0.00557338 -0.04449705 0.50868889
v 0.01283072 -0.04315090 0.50862938
v 0.00557338 -0.04449705 0.50868889
v 0.01278781 -0.04297650 0.50868800
v 0.01278781 -0.04297650 0.50868800
v 0.00557338 -0.04449705 0.50868889
v 0.00771925 -0.04400242 0.50877940
v -0.01285589 0.04290839 0.50872880
v -0.00558508 0.04443645 0.50872880
v -0.00559214 0.04420421 0.50862108
v -0.01285589 0.04290839 0.50872880
v -0.00559214 0.04420421 0.50862108
v -0.01282464 0.04267814 0.50862108
v -0.01282464 0.04267814 0.50862108
v -0.00559214 0.04420421 0.50862108
v -0.00555699 0.04406826 0.50874949
v -0.01278794 0.04254557 0.50874678
v 0.01975777 -0.04061039 0.50872499
v 0.01285587 -0.04330925 0.50872881
v 0.01283072 -0.04315090 0.50862938
v 0.01975777 -0.04061039 0.50872499
v 0.01283072 -0.04315090 0.50862938
v 0.01972514 -0.04045325 0.50862938
v 0.01972514 -0.04045325 0.50862938
v 0.01283072 -0.04315090 0.50862938
v 0.01278781 -0.04297650 0.50868800
v 0.01965328 -0.04028958 0.50868700
v 0.01965328 -0.04028958 0.50868700
v 0.01278781 -0.04297650 0.50868800
v 0.01520512 -0.04198559 0.50877940
v -0.01977605 0.04020443 0.50872880
v -0.01285589 0.04290839 0.50872880
v -0.01282464 0.04267814 0.50862108
v -0.01977605 0.04020443 0.50872880
v -0.01282464 0.04267814 0.50862108
v -0.01970731 0.03998248 0.50862108
v -0.01970731 0.03998248 0.50862108
v -0.01282464 0.04267814 0.50862108
v -0.01278794 0.04254557 0.50874678
v -0.01970731 0.03998248 0.50862108
v -0.01278794 0.04254557 0.50874678
v -0.01958095 0.03988034 0.50876377
v 0.02612369 -0.03682314 0.50872920
v 0.01975777 -0.04061039 0.50872499
v 0.01972514 -0.04045325 0.50862938
v 0.02612369 -0.03682314 0.50872920
v 0.01972514 -0.04045325 0.50862938
v 0.02608146 -0.03665762 0.50862938
v 0.02608146 -0.03665762 0.50862938
v 0.01972514 -0.04045325 0.50862938
v 0.01965328 -0.04028958 0.50868700
v 0.02608146 -0.03665762 0.50862938
v 0.01965328 -0.04028958 0.50868700
v 0.02598253 -0.03650984 0.50868599
v 0.02598253 -0.03650984 0.50868599
v 0.01965328 -0.04028958 0.50868700
v 0.02222729 -0.03870331 0.50877940
v -0.02613957 0.03640637 0.50872499
v -0.01977605 0.04020443 0.50872880
v -0.01970731 0.03998248 0.50862108
v -0.02613957 0.03640637 0.50872499
v -0.01970731 0.03998248 0.50862108
v -0.02605240 0.03619073 0.50862108
v -0.02605240 0.03619073 0.50862108
v -0.01970731 0.03998248 0.50862108
v -0.01958095 0.03988034 0.50876377
v -0.02605240 0.03619073 0.50862108
v -0.01958095 0.03988034 0.50876377
v -0.02591055 0.03611090 0.50876408
v -0.02591055 0.03611090 0.50876408
v -0.01958095 0.03988034 0.50876377
v -0.02222732 0.03830244 0.50877940
v 0.03179529 -0.03202384 0.50872920
v 0.02612369 -0.03682314 0.50872920
v 0.02608146 -0.03665762 0.50862938
v 0.03179529 -0.03202384 0.50872920
v 0.02608146 -0.03665762 0.50862938
v 0.03172642 -0.03186749 0.50862938
v 0.03172642 -0.03186749 0.50862938
v 0.02608146 -0.03665762 0.50862938
v 0.02598253 -0.03650984 0.50868599
v 0.03158493 -0.03175488 0.50868660
v 0.03158493 -0.03175488 0.50868660
v 0.02598253 -0.03650984 0.50868599
v 0.02857417 -0.03425487 0.50877940
v -0.03179531 0.03162299 0.50872920
v -0.02613957 0.03640637 0.50872499
v -0.02605240 0.03619073 0.50862108
v -0.03179531 0.03162299 0.50872920
v -0.02605240 0.03619073 0.50862108
v -0.03168688 0.03140631 0.50862108
v -0.03168688 0.03140631 0.50862108
v -0.02605240 0.03619073 0.50862108
v -0.02591055 0.03611090 0.50876408
v -0.03168688 0.03140631 0.50862108
v -0.02591055 0.03611090 0.50876408
v -0.03153343 0.03135125 0.50876429
v -0.03153343 0.03135125 0.50876429
v -0.02591055 0.03611090 0.50876408
v -0.02857420 0.03385401 0.50877940
v 0.04460820 0.00168358 0.50868388
v 0.04367944 0.00897007 0.50871260
v 0.04382501 0.00905519 0.50862318
v 0.04460820 0.00168358 0.50868388
v 0.04382501 0.00905519 0.50862318
v 0.04478594 0.00169395 0.50862938
v 0.04478594 0.00169395 0.50862938
v 0.04382501 0.00905519 0.50862318
v 0.04403187 0.00901176 0.50872920
v 0.04478594 0.00169395 0.50862938
v 0.04403187 0.00901176 0.50872920
v 0.04494297 0.00166071 0.50872499
v 0.04278433 -0.01294002 0.50868980
v 0.04431117 -0.00568273 0.50868349
v 0.04448692 -0.00570343 0.50862938
v 0.04278433 -0.01294002 0.50868980
v 0.04448692 -0.00570343 0.50862938
v 0.04297442 -0.01295068 0.50862938
v 0.04297442 -0.01295068 0.50862938
v 0.04448692 -0.00570343 0.50862938
v 0.04463688 -0.00578663 0.50872908
v 0.04297442 -0.01295068 0.50862938
v 0.04463688 -0.00578663 0.50872908
v 0.04310940 -0.01305541 0.50872920
v 0.03634614 -0.02612899 0.50868599
v 0.04006801 -0.01982948 0.50874840
v 0.04023266 -0.01980592 0.50862108
v 0.03634614 -0.02612899 0.50868599
v 0.04023266 -0.01980592 0.50862108
v 0.03650594 -0.02621363 0.50862938
v 0.03650594 -0.02621363 0.50862938
v 0.04023266 -0.01980592 0.50862108
v 0.04040558 -0.01997566 0.50872920
v 0.03650594 -0.02621363 0.50862938
v 0.04040558 -0.01997566 0.50872920
v 0.03659960 -0.02635648 0.50872920
v -0.04156388 -0.01639046 0.50876338
v -0.03833191 -0.02301302 0.50876509
v -0.03841827 -0.02315870 0.50862108
v -0.04156388 -0.01639046 0.50876338
v -0.03841827 -0.02315870 0.50862108
v -0.04167309 -0.01652216 0.50862108
v -0.04167309 -0.01652216 0.50862108
v -0.03841827 -0.02315870 0.50862108
v -0.03865492 -0.02321062 0.50872920
v -0.04167309 -0.01652216 0.50862108
v -0.03865492 -0.02321062 0.50872920
v -0.04191508 -0.01653439 0.50872920
v -0.04383392 -0.00793444 0.50877940
v -0.04366008 -0.00933870 0.50876820
v -0.04460812 -0.00200300 0.50868968
v -0.04460812 -0.00200300 0.50868968
v -0.04366008 -0.00933870 0.50876820
v -0.04379120 -0.00944034 0.50862108
v -0.04460812 -0.00200300 0.50868968
v -0.04379120 -0.00944034 0.50862108
v -0.04478596 -0.00209481 0.50862938
v -0.04478596 -0.00209481 0.50862938
v -0.04379120 -0.00944034 0.50862108
v -0.04403190 -0.00941263 0.50872920
v -0.04478596 -0.00209481 0.50862938
v -0.04403190 -0.00941263 0.50872920
v -0.04494298 -0.00206158 0.50872499
v -0.04382143 0.00735261 0.50885337
v -0.04429619 0.00535891 0.50869020
v -0.04274930 0.01254253 0.50876420
v -0.04274930 0.01254253 0.50876420
v -0.04429619 0.00535891 0.50869020
v -0.04291093 0.01251559 0.50862108
v -0.04291093 0.01251559 0.50862108
v -0.04429619 0.00535891 0.50869020
v -0.04453780 0.00531914 0.50863530
v -0.04291093 0.01251559 0.50862108
v -0.04453780 0.00531914 0.50863530
v -0.04310941 0.01265453 0.50872920
v -0.04310941 0.01265453 0.50872920
v -0.04453780 0.00531914 0.50863530
v -0.04465037 0.00536701 0.50877888
v -0.03874462 0.02159285 0.50887748
v -0.04006915 0.01940414 0.50876429
v -0.03629623 0.02573124 0.50876429
v -0.03629623 0.02573124 0.50876429
v -0.04006915 0.01940414 0.50876429
v -0.04023270 0.01940507 0.50862108
v -0.03629623 0.02573124 0.50876429
v -0.04023270 0.01940507 0.50862108
v -0.03645700 0.02575976 0.50862108
v -0.03645700 0.02575976 0.50862108
v -0.04023270 0.01940507 0.50862108
v -0.04040559 0.01957480 0.50872920
v -0.03645700 0.02575976 0.50862108
v -0.04040559 0.01957480 0.50872920
v -0.03659962 0.02595562 0.50872920
v 0.03834630 0.02266846 0.50868348
v 0.03406637 0.02865962 0.50868379
v 0.03417886 0.02880258 0.50862938
v 0.03834630 0.02266846 0.50868348
v 0.03417886 0.02880258 0.50862938
v 0.03848643 0.02278137 0.50862938
v 0.03848643 0.02278137 0.50862938
v 0.03417886 0.02880258 0.50862938
v 0.03434035 0.02885831 0.50872920
v 0.03848643 0.02278137 0.50862938
v 0.03434035 0.02885831 0.50872920
v 0.03865490 0.02280975 0.50872920
v 0.04191505 0.01613354 0.50872920
v 0.04403187 0.00901176 0.50872920
v 0.04382501 0.00905519 0.50862318
v 0.04191505 0.01613354 0.50872920
v 0.04382501 0.00905519 0.50862318
v 0.04174421 0.01613327 0.50862938
v 0.04174421 0.01613327 0.50862938
v 0.04382501 0.00905519 0.50862318
v 0.04158389 0.01605396 0.50868339
v 0.04158389 0.01605396 0.50868339
v 0.04382501 0.00905519 0.50862318
v 0.04367944 0.00897007 0.50871260
v 0.04488429 -0.00019565 0.50883110
v 0.04463688 -0.00578663 0.50872908
v 0.04494297 0.00166071 0.50872499
v 0.04494297 0.00166071 0.50872499
v 0.04463688 -0.00578663 0.50872908
v 0.04448692 -0.00570343 0.50862938
v 0.04494297 0.00166071 0.50872499
v 0.04448692 -0.00570343 0.50862938
v 0.04478594 0.00169395 0.50862938
v 0.04478594 0.00169395 0.50862938
v 0.04448692 -0.00570343 0.50862938
v 0.04431117 -0.00568273 0.50868349
v 0.04460820 0.00168358 0.50868388
v 0.04310940 -0.01305541 0.50872920
v 0.04040558 -0.01997566 0.50872920
v 0.04023266 -0.01980592 0.50862108
v 0.04310940 -0.01305541 0.50872920
v 0.04023266 -0.01980592 0.50862108
v 0.04297442 -0.01295068 0.50862938
v 0.04297442 -0.01295068 0.50862938
v 0.04023266 -0.01980592 0.50862108
v 0.04278433 -0.01294002 0.50868980
v 0.04278433 -0.01294002 0.50868980
v 0.04023266 -0.01980592 0.50862108
v 0.04006801 -0.01982948 0.50874840
v 0.03358947 -0.02929134 0.50887608
v 0.03634614 -0.02612899 0.50868599
v 0.03158493 -0.03175488 0.50868660
v 0.03158493 -0.03175488 0.50868660
v 0.03634614 -0.02612899 0.50868599
v 0.03650594 -0.02621363 0.50862938
v 0.03158493 -0.03175488 0.50868660
v 0.03650594 -0.02621363 0.50862938
v 0.03172642 -0.03186749 0.50862938
v 0.03172642 -0.03186749 0.50862938
v 0.03650594 -0.02621363 0.50862938
v 0.03659960 -0.02635648 0.50872920
v 0.03172642 -0.03186749 0.50862938
v 0.03659960 -0.02635648 0.50872920
v 0.03179529 -0.03202384 0.50872920
v -0.00183813 -0.04514780 0.50872881
v -0.00921115 -0.04423225 0.50872881
v -0.00912909 -0.04401485 0.50862108
v -0.00912909 -0.04401485 0.50862108
v -0.00921115 -0.04423225 0.50872881
v -0.01621615 -0.04191471 0.50862108
v -0.00921115 -0.04423225 0.50872881
v -0.01633289 -0.04211560 0.50872881
v -0.01621615 -0.04191471 0.50862108
v -0.01621615 -0.04191471 0.50862108
v -0.01633289 -0.04211560 0.50872881
v -0.02286096 -0.03867666 0.50862108
v -0.01633289 -0.04211560 0.50872881
v -0.02300916 -0.03885562 0.50872881
v -0.02286096 -0.03867666 0.50862108
v -0.02286096 -0.03867666 0.50862108
v -0.02300916 -0.03885562 0.50872881
v -0.02888212 -0.03438914 0.50862108
v -0.02300916 -0.03885562 0.50872881
v -0.02905778 -0.03454123 0.50872881
v -0.02888212 -0.03438914 0.50862108
v -0.02888212 -0.03438914 0.50862108
v -0.02905778 -0.03454123 0.50872881
v -0.03411549 -0.02916901 0.50862108
v -0.02905778 -0.03454123 0.50872881
v -0.03434038 -0.02925918 0.50872920
v -0.03411549 -0.02916901 0.50862108
v -0.03434038 -0.02925918 0.50872920
v -0.03865492 -0.02321062 0.50872920
v -0.03841827 -0.02315870 0.50862108
v -0.03434038 -0.02925918 0.50872920
v -0.03841827 -0.02315870 0.50862108
v -0.03411549 -0.02916901 0.50862108
v -0.03411549 -0.02916901 0.50862108
v -0.03841827 -0.02315870 0.50862108
v -0.03833191 -0.02301302 0.50876509
v -0.03411549 -0.02916901 0.50862108
v -0.03833191 -0.02301302 0.50876509
v -0.03405170 -0.02901353 0.50876918
v -0.04191508 -0.01653439 0.50872920
v -0.04403190 -0.00941263 0.50872920
v -0.04379120 -0.00944034 0.50862108
v -0.04191508 -0.01653439 0.50872920
v -0.04379120 -0.00944034 0.50862108
v -0.04167309 -0.01652216 0.50862108
v -0.04167309 -0.01652216 0.50862108
v -0.04379120 -0.00944034 0.50862108
v -0.04366008 -0.00933870 0.50876820
v -0.04167309 -0.01652216 0.50862108
v -0.04366008 -0.00933870 0.50876820
v -0.04156388 -0.01639046 0.50876338
v -0.04494298 -0.00206158 0.50872499
v -0.04465037 0.00536701 0.50877888
v -0.04453780 0.00531914 0.50863530
v -0.04494298 -0.00206158 0.50872499
v -0.04453780 0.00531914 0.50863530
v -0.04478596 -0.00209481 0.50862938
v -0.04478596 -0.00209481 0.50862938
v -0.04453780 0.00531914 0.50863530
v -0.04429619 0.00535891 0.50869020
v -0.04478596 -0.00209481 0.50862938
v -0.04429619 0.00535891 0.50869020
v -0.04460812 -0.00200300 0.50868968
v -0.04460812 -0.00200300 0.50868968
v -0.04429619 0.00535891 0.50869020
v -0.04447716 -0.00019953 0.50884150
v -0.04310941 0.01265453 0.50872920
v -0.04040559 0.01957480 0.50872920
v -0.04023270 0.01940507 0.50862108
v -0.04310941 0.01265453 0.50872920
v -0.04023270 0.01940507 0.50862108
v -0.04291093 0.01251559 0.50862108
v -0.04291093 0.01251559 0.50862108
v -0.04023270 0.01940507 0.50862108
v -0.04006915 0.01940414 0.50876429
v -0.04291093 0.01251559 0.50862108
v -0.04006915 0.01940414 0.50876429
v -0.04274930 0.01254253 0.50876420
v -0.04274930 0.01254253 0.50876420
v -0.04006915 0.01940414 0.50876429
v -0.04189117 0.01469140 0.50886637
v -0.03405449 0.02837373 0.50877940
v -0.03629623 0.02573124 0.50876429
v -0.03153343 0.03135125 0.50876429
v -0.03153343 0.03135125 0.50876429
v -0.03629623 0.02573124 0.50876429
v -0.03645700 0.02575976 0.50862108
v -0.03153343 0.03135125 0.50876429
v -0.03645700 0.02575976 0.50862108
v -0.03168688 0.03140631 0.50862108
v -0.03168688 0.03140631 0.50862108
v -0.03645700 0.02575976 0.50862108
v -0.03659962 0.02595562 0.50872920
v -0.03168688 0.03140631 0.50862108
v -0.03659962 0.02595562 0.50872920
v -0.03179531 0.03162299 0.50872920
v 0.00183808 0.04474693 0.50872880
v 0.00921113 0.04383136 0.50872880
v 0.00912905 0.04361399 0.50862108
v 0.00912905 0.04361399 0.50862108
v 0.00921113 0.04383136 0.50872880
v 0.01621614 0.04151384 0.50862108
v 0.00921113 0.04383136 0.50872880
v 0.01633289 0.04171473 0.50872880
v 0.01621614 0.04151384 0.50862108
v 0.01621614 0.04151384 0.50862108
v 0.01633289 0.04171473 0.50872880
v 0.02290967 0.03832899 0.50862938
v 0.01633289 0.04171473 0.50872880
v 0.02300913 0.03845476 0.50872880
v 0.02290967 0.03832899 0.50862938
v 0.02882557 0.03388188 0.50869050
v 0.02285811 0.03815295 0.50868409
v 0.02290967 0.03832899 0.50862938
v 0.02882557 0.03388188 0.50869050
v 0.02290967 0.03832899 0.50862938
v 0.02893895 0.03403268 0.50862938
v 0.02893895 0.03403268 0.50862938
v 0.02290967 0.03832899 0.50862938
v 0.02300913 0.03845476 0.50872880
v 0.02893895 0.03403268 0.50862938
v 0.02300913 0.03845476 0.50872880
v 0.02905775 0.03414037 0.50872880
v 0.02905775 0.03414037 0.50872880
v 0.03434035 0.02885831 0.50872920
v 0.03417886 0.02880258 0.50862938
v 0.02905775 0.03414037 0.50872880
v 0.03417886 0.02880258 0.50862938
v 0.02893895 0.03403268 0.50862938
v 0.02893895 0.03403268 0.50862938
v 0.03417886 0.02880258 0.50862938
v 0.03406637 0.02865962 0.50868379
v 0.02893895 0.03403268 0.50862938
v 0.03406637 0.02865962 0.50868379
v 0.02882557 0.03388188 0.50869050
v 0.04158389 0.01605396 0.50868339
v 0.03834630 0.02266846 0.50868348
v 0.03848643 0.02278137 0.50862938
v 0.04174421 0.01613327 0.50862938
v 0.04174421 0.01613327 0.50862938
v 0.03848643 0.02278137 0.50862938
v 0.03865490 0.02280975 0.50872920
v 0.04174421 0.01613327 0.50862938
v 0.03865490 0.02280975 0.50872920
v 0.04191505 0.01613354 0.50872920
v -0.01167663 -0.04315996 0.50907280
v -0.00915125 -0.04385368 0.50876479
v -0.01620689 -0.04175908 0.50876338
v -0.01167663 -0.04315996 0.50907280
v -0.01620689 -0.04175908 0.50876338
v -0.01518173 -0.04191219 0.50899238
v -0.01518173 -0.04191219 0.50899238
v -0.01620689 -0.04175908 0.50876338
v -0.01874851 -0.04057692 0.50907499
v -0.01874851 -0.04057692 0.50907499
v -0.01620689 -0.04175908 0.50876338
v -0.02282601 -0.03852478 0.50876579
v -0.01874851 -0.04057692 0.50907499
v -0.02282601 -0.03852478 0.50876579
v -0.02219509 -0.03864215 0.50899238
v -0.02219509 -0.03864215 0.50899238
v -0.02282601 -0.03852478 0.50876579
v -0.02529968 -0.03683037 0.50907389
v -0.02529968 -0.03683037 0.50907389
v -0.02282601 -0.03852478 0.50876579
v -0.02882369 -0.03424331 0.50876948
v -0.02529968 -0.03683037 0.50907389
v -0.02882369 -0.03424331 0.50876948
v -0.02853467 -0.03420456 0.50899238
v -0.02853467 -0.03420456 0.50899238
v -0.02882369 -0.03424331 0.50876948
v -0.03112471 -0.03203000 0.50907319
v -0.03112471 -0.03203000 0.50907319
v -0.02882369 -0.03424331 0.50876948
v -0.03405170 -0.02901353 0.50876918
v -0.03112471 -0.03203000 0.50907319
v -0.03405170 -0.02901353 0.50876918
v -0.03400818 -0.02873393 0.50899238
v -0.03400818 -0.02873393 0.50899238
v -0.03405170 -0.02901353 0.50876918
v -0.03605460 -0.02631416 0.50907337
v -0.03605460 -0.02631416 0.50907337
v -0.03405170 -0.02901353 0.50876918
v -0.03833191 -0.02301302 0.50876509
v -0.03605460 -0.02631416 0.50907337
v -0.03833191 -0.02301302 0.50876509
v -0.03844954 -0.02239608 0.50899238
v -0.03844954 -0.02239608 0.50899238
v -0.03833191 -0.02301302 0.50876509
v -0.03994713 -0.01984889 0.50907408
v -0.03994713 -0.01984889 0.50907408
v -0.03833191 -0.02301302 0.50876509
v -0.04156388 -0.01639046 0.50876338
v -0.03994713 -0.01984889 0.50907408
v -0.04156388 -0.01639046 0.50876338
v -0.04172393 -0.01538309 0.50899238
v -0.04172393 -0.01538309 0.50899238
v -0.04156388 -0.01639046 0.50876338
v -0.04269059 -0.01283659 0.50906910
v -0.04269059 -0.01283659 0.50906910
v -0.04156388 -0.01639046 0.50876338
v -0.04366008 -0.00933870 0.50876820
v -0.04269059 -0.01283659 0.50906910
v -0.04366008 -0.00933870 0.50876820
v -0.04383392 -0.00793444 0.50877940
v -0.01167663 -0.04315996 0.50907280
v -0.00422672 -0.04451462 0.50907698
v -0.00915125 -0.04385368 0.50876479
v -0.00915125 -0.04385368 0.50876479
v -0.00422672 -0.04451462 0.50907698
v -0.00180412 -0.04481031 0.50868779
v -0.00180412 -0.04481031 0.50868779
v -0.00422672 -0.04451462 0.50907698
v 0.00024746 -0.04466709 0.50883369
v 0.00024746 -0.04466709 0.50883369
v 0.00330557 -0.04459591 0.50907438
v 0.00557338 -0.04449705 0.50868889
v 0.00557338 -0.04449705 0.50868889
v 0.00330557 -0.04459591 0.50907438
v 0.00771925 -0.04400242 0.50877940
v 0.00771925 -0.04400242 0.50877940
v 0.00330557 -0.04459591 0.50907438
v 0.01075494 -0.04339915 0.50907579
v 0.00771925 -0.04400242 0.50877940
v 0.01075494 -0.04339915 0.50907579
v 0.01278781 -0.04297650 0.50868800
v 0.01278781 -0.04297650 0.50868800
v 0.01075494 -0.04339915 0.50907579
v 0.01520512 -0.04198559 0.50877940
v 0.01075494 -0.04339915 0.50907579
v 0.01790040 -0.04096045 0.50907627
v 0.01520512 -0.04198559 0.50877940
v 0.01520512 -0.04198559 0.50877940
v 0.01790040 -0.04096045 0.50907627
v 0.01965328 -0.04028958 0.50868700
v 0.01965328 -0.04028958 0.50868700
v 0.01790040 -0.04096045 0.50907627
v 0.02222729 -0.03870331 0.50877940
v 0.01790040 -0.04096045 0.50907627
v 0.02452956 -0.03735078 0.50907649
v 0.02222729 -0.03870331 0.50877940
v 0.02222729 -0.03870331 0.50877940
v 0.02452956 -0.03735078 0.50907649
v 0.02598253 -0.03650984 0.50868599
v 0.02598253 -0.03650984 0.50868599
v 0.02452956 -0.03735078 0.50907649
v 0.02857417 -0.03425487 0.50877940
v 0.02452956 -0.03735078 0.50907649
v 0.03044804 -0.03267501 0.50907917
v 0.02857417 -0.03425487 0.50877940
v 0.02857417 -0.03425487 0.50877940
v 0.03044804 -0.03267501 0.50907917
v 0.03158493 -0.03175488 0.50868660
v 0.03158493 -0.03175488 0.50868660
v 0.03044804 -0.03267501 0.50907917
v 0.03358947 -0.02929134 0.50887608
v 0.03358947 -0.02929134 0.50887608
v 0.03550054 -0.02705531 0.50908158
v 0.03634614 -0.02612899 0.50868599
v 0.03634614 -0.02612899 0.50868599
v 0.03550054 -0.02705531 0.50908158
v 0.03952958 -0.02066227 0.50908329
v 0.03634614 -0.02612899 0.50868599
v 0.03952958 -0.02066227 0.50908329
v 0.04006801 -0.01982948 0.50874840
v 0.04006801 -0.01982948 0.50874840
v 0.03952958 -0.02066227 0.50908329
v 0.04241887 -0.01368941 0.50908347
v 0.04006801 -0.01982948 0.50874840
v 0.04241887 -0.01368941 0.50908347
v 0.04278433 -0.01294002 0.50868980
v 0.04278433 -0.01294002 0.50868980
v 0.04241887 -0.01368941 0.50908347
v 0.04409227 -0.00631597 0.50908128
v 0.04278433 -0.01294002 0.50868980
v 0.04409227 -0.00631597 0.50908128
v 0.04431117 -0.00568273 0.50868349
v 0.04431117 -0.00568273 0.50868349
v 0.04409227 -0.00631597 0.50908128
v 0.04460820 0.00168358 0.50868388
v 0.04460820 0.00168358 0.50868388
v 0.04409227 -0.00631597 0.50908128
v 0.04449244 0.00121635 0.50908189
v 0.04460820 0.00168358 0.50868388
v 0.04449244 0.00121635 0.50908189
v 0.04367944 0.00897007 0.50871260
v 0.04367944 0.00897007 0.50871260
v 0.04449244 0.00121635 0.50908189
v 0.04361039 0.00872018 0.50908378
v 0.04367944 0.00897007 0.50871260
v 0.04361039 0.00872018 0.50908378
v 0.04158389 0.01605396 0.50868339
v 0.04158389 0.01605396 0.50868339
v 0.04361039 0.00872018 0.50908378
v 0.04147178 0.01596729 0.50908540
v 0.04158389 0.01605396 0.50868339
v 0.04147178 0.01596729 0.50908540
v 0.03834630 0.02266846 0.50868348
v 0.03834630 0.02266846 0.50868348
v 0.04147178 0.01596729 0.50908540
v 0.03813806 0.02274885 0.50908649
v 0.03834630 0.02266846 0.50868348
v 0.03813806 0.02274885 0.50908649
v 0.03406637 0.02865962 0.50868379
v 0.03406637 0.02865962 0.50868379
v 0.03813806 0.02274885 0.50908649
v 0.03371419 0.02888543 0.50905268
v 0.03406637 0.02865962 0.50868379
v 0.03371419 0.02888543 0.50905268
v 0.02882557 0.03388188 0.50869050
v 0.02882557 0.03388188 0.50869050
v 0.02830055 0.03415272 0.50908659
v 0.02285811 0.03815295 0.50868409
v 0.02285811 0.03815295 0.50868409
v 0.02830055 0.03415272 0.50908659
v 0.02210939 0.03843611 0.50908039
v 0.02285811 0.03815295 0.50868409
v 0.02210939 0.03843611 0.50908039
v 0.02228263 0.03838784 0.50877940
v 0.02228263 0.03838784 0.50877940
v 0.02210939 0.03843611 0.50908039
v 0.01621636 0.04136031 0.50875560
v 0.01621636 0.04136031 0.50875560
v 0.02210939 0.03843611 0.50908039
v 0.01520506 0.04164494 0.50907188
v 0.01621636 0.04136031 0.50875560
v 0.01520506 0.04164494 0.50907188
v 0.00914533 0.04346539 0.50875428
v 0.00914533 0.04346539 0.50875428
v 0.01520506 0.04164494 0.50907188
v 0.00791551 0.04361335 0.50907059
v 0.00914533 0.04346539 0.50875428
v 0.00791551 0.04361335 0.50907059
v 0.00182126 0.04437693 0.50875199
v 0.00182126 0.04437693 0.50875199
v 0.00791551 0.04361335 0.50907059
v 0.00039867 0.04432108 0.50906989
v 0.00182126 0.04437693 0.50875199
v 0.00039867 0.04432108 0.50906989
v -0.00555699 0.04406826 0.50874949
v -0.00555699 0.04406826 0.50874949
v 0.00039867 0.04432108 0.50906989
v -0.00712923 0.04374803 0.50906989
v -0.00555699 0.04406826 0.50874949
v -0.00712923 0.04374803 0.50906989
v -0.01278794 0.04254557 0.50874678
v -0.01278794 0.04254557 0.50874678
v -0.00712923 0.04374803 0.50906989
v -0.01445167 0.04191087 0.50907059
v -0.01278794 0.04254557 0.50874678
v -0.01445167 0.04191087 0.50907059
v -0.01958095 0.03988034 0.50876377
v -0.01958095 0.03988034 0.50876377
v -0.01445167 0.04191087 0.50907059
v -0.02135791 0.03886263 0.50907178
v -0.01958095 0.03988034 0.50876377
v -0.02135791 0.03886263 0.50907178
v -0.02222732 0.03830244 0.50877940
v -0.02222732 0.03830244 0.50877940
v -0.02135791 0.03886263 0.50907178
v -0.02591055 0.03611090 0.50876408
v -0.02591055 0.03611090 0.50876408
v -0.02135791 0.03886263 0.50907178
v -0.02764919 0.03469125 0.50907359
v -0.02591055 0.03611090 0.50876408
v -0.02764919 0.03469125 0.50907359
v -0.02857420 0.03385401 0.50877940
v -0.02857420 0.03385401 0.50877940
v -0.02764919 0.03469125 0.50907359
v -0.03153343 0.03135125 0.50876429
v -0.03153343 0.03135125 0.50876429
v -0.02764919 0.03469125 0.50907359
v -0.03314693 0.02954432 0.50901679
v -0.03153343 0.03135125 0.50876429
v -0.03314693 0.02954432 0.50901679
v -0.03405449 0.02837373 0.50877940
v -0.03405449 0.02837373 0.50877940
v -0.03314693 0.02954432 0.50901679
v -0.03629623 0.02573124 0.50876429
v -0.03629623 0.02573124 0.50876429
v -0.03314693 0.02954432 0.50901679
v -0.03769565 0.02348636 0.50907380
v -0.03629623 0.02573124 0.50876429
v -0.03769565 0.02348636 0.50907380
v -0.03874462 0.02159285 0.50887748
v -0.04006915 0.01940414 0.50876429
v -0.03874462 0.02159285 0.50887748
v -0.04115414 0.01677943 0.50907407
v -0.04006915 0.01940414 0.50876429
v -0.04115414 0.01677943 0.50907407
v -0.04189117 0.01469140 0.50886637
v -0.04274930 0.01254253 0.50876420
v -0.04189117 0.01469140 0.50886637
v -0.04342997 0.00958550 0.50907447
v -0.04274930 0.01254253 0.50876420
v -0.04342997 0.00958550 0.50907447
v -0.04382143 0.00735261 0.50885337
v -0.04429619 0.00535891 0.50869020
v -0.04382143 0.00735261 0.50885337
v -0.04445823 0.00211112 0.50907469
v -0.04429619 0.00535891 0.50869020
v -0.04445823 0.00211112 0.50907469
v -0.04447716 -0.00019953 0.50884150
v -0.04460812 -0.00200300 0.50868968
v -0.04447716 -0.00019953 0.50884150
v -0.04420967 -0.00542196 0.50907517
v -0.04460812 -0.00200300 0.50868968
v -0.04420967 -0.00542196 0.50907517
v -0.04383392 -0.00793444 0.50877940
v -0.04383392 -0.00793444 0.50877940
v -0.04420967 -0.00542196 0.50907517
v -0.04269059 -0.01283659 0.50906910
v 0.04407539 0.00123154 0.50897209
v 0.04320443 0.00869094 0.50904408
v 0.04413492 0.00122541 0.50909467
v 0.04368428 -0.00622568 0.50896769
v 0.04409699 -0.00020042 0.50893278
v 0.04407539 0.00123154 0.50897209
v 0.04368428 -0.00622568 0.50896769
v 0.04407539 0.00123154 0.50897209
v 0.04374103 -0.00625395 0.50909467
v 0.04374103 -0.00625395 0.50909467
v 0.04407539 0.00123154 0.50897209
v 0.04413492 0.00122541 0.50909467
v 0.04203301 -0.01353018 0.50895790
v 0.04368428 -0.00622568 0.50896769
v 0.04208882 -0.01355914 0.50909467
v 0.04208882 -0.01355914 0.50909467
v 0.04368428 -0.00622568 0.50896769
v 0.04374103 -0.00625395 0.50909467
v 0.03917533 -0.02044225 0.50895668
v 0.04203301 -0.01353018 0.50895790
v 0.03922577 -0.02048004 0.50909467
v 0.03922577 -0.02048004 0.50909467
v 0.04203301 -0.01353018 0.50895790
v 0.04208882 -0.01355914 0.50909467
v 0.03922577 -0.02048004 0.50909467
v 0.04208882 -0.01355914 0.50909467
v 0.03933667 -0.02061023 0.50916898
v 0.03519061 -0.02677191 0.50895570
v 0.03917533 -0.02044225 0.50895668
v 0.03523426 -0.02681755 0.50909468
v 0.03523426 -0.02681755 0.50909468
v 0.03917533 -0.02044225 0.50895668
v 0.03922577 -0.02048004 0.50909467
v 0.03523426 -0.02681755 0.50909468
v 0.03922577 -0.02048004 0.50909467
v 0.03532157 -0.02696458 0.50916898
v 0.03532157 -0.02696458 0.50916898
v 0.03922577 -0.02048004 0.50909467
v 0.03933667 -0.02061023 0.50916898
v 0.03019348 -0.03233708 0.50895488
v 0.03519061 -0.02677191 0.50895570
v 0.03022915 -0.03238929 0.50909468
v 0.03022915 -0.03238929 0.50909468
v 0.03519061 -0.02677191 0.50895570
v 0.03523426 -0.02681755 0.50909468
v 0.03022915 -0.03238929 0.50909468
v 0.03523426 -0.02681755 0.50909468
v 0.03029033 -0.03254898 0.50916898
v 0.03029033 -0.03254898 0.50916898
v 0.03523426 -0.02681755 0.50909468
v 0.03532157 -0.02696458 0.50916898
v 0.02433978 -0.03699047 0.50904649
v 0.03019348 -0.03233708 0.50895488
v 0.03022915 -0.03238929 0.50909468
v 0.02433978 -0.03699047 0.50904649
v 0.03022915 -0.03238929 0.50909468
v 0.02438770 -0.03720278 0.50916899
v 0.02438770 -0.03720278 0.50916899
v 0.03022915 -0.03238929 0.50909468
v 0.03029033 -0.03254898 0.50916898
v 0.01776198 -0.04055985 0.50895100
v 0.02433978 -0.03699047 0.50904649
v 0.01777898 -0.04062113 0.50909468
v 0.01777898 -0.04062113 0.50909468
v 0.02433978 -0.03699047 0.50904649
v 0.01778348 -0.04079208 0.50916899
v 0.01778348 -0.04079208 0.50916899
v 0.02433978 -0.03699047 0.50904649
v 0.02438770 -0.03720278 0.50916899
v 0.01068538 -0.04298136 0.50895320
v 0.01776198 -0.04055985 0.50895100
v 0.01069213 -0.04304436 0.50909468
v 0.01777898 -0.04062113 0.50909468
v 0.01069213 -0.04304436 0.50909468
v 0.01777898 -0.04062113 0.50909468
v 0.01066768 -0.04321362 0.50916899
v 0.01066768 -0.04321362 0.50916899
v 0.01777898 -0.04062113 0.50909468
v 0.01778348 -0.04079208 0.50916899
v 0.01066768 -0.04321362 0.50916899
v 0.01778348 -0.04079208 0.50916899
v 0.01075494 -0.04339915 0.50907579
v 0.00330535 -0.04418865 0.50904548
v 0.01068538 -0.04298136 0.50895320
v 0.01069213 -0.04304436 0.50909468
v 0.00330535 -0.04418865 0.50904548
v 0.01069213 -0.04304436 0.50909468
v 0.00324491 -0.04439777 0.50916899
v 0.00324491 -0.04439777 0.50916899
v 0.01069213 -0.04304436 0.50909468
v 0.01066768 -0.04321362 0.50916899
v 0.00324491 -0.04439777 0.50916899
v 0.01066768 -0.04321362 0.50916899
v 0.00330557 -0.04459591 0.50907438
v 0.00330557 -0.04459591 0.50907438
v 0.01066768 -0.04321362 0.50916899
v 0.01075494 -0.04339915 0.50907579
v -0.00417717 -0.04409704 0.50895009
v 0.00330535 -0.04418865 0.50904548
v -0.00419165 -0.04415900 0.50909468
v -0.00419165 -0.04415900 0.50909468
v 0.00330535 -0.04418865 0.50904548
v -0.00427109 -0.04431043 0.50916899
v -0.00427109 -0.04431043 0.50916899
v 0.00330535 -0.04418865 0.50904548
v 0.00324491 -0.04439777 0.50916899
v -0.00427109 -0.04431043 0.50916899
v 0.00324491 -0.04439777 0.50916899
v -0.00422672 -0.04451462 0.50907698
v -0.00422672 -0.04451462 0.50907698
v 0.00324491 -0.04439777 0.50916899
v 0.00330557 -0.04459591 0.50907438
v -0.01153650 -0.04275963 0.50895259
v -0.00417717 -0.04409704 0.50895009
v -0.01156039 -0.04281830 0.50909468
v -0.00419165 -0.04415900 0.50909468
v -0.01156039 -0.04281830 0.50909468
v -0.00419165 -0.04415900 0.50909468
v -0.01166431 -0.04295412 0.50916899
v -0.01166431 -0.04295412 0.50916899
v -0.00419165 -0.04415900 0.50909468
v -0.00427109 -0.04431043 0.50916899
v -0.01166431 -0.04295412 0.50916899
v -0.00427109 -0.04431043 0.50916899
v -0.01167663 -0.04315996 0.50907280
v -0.01167663 -0.04315996 0.50907280
v -0.00427109 -0.04431043 0.50916899
v -0.00422672 -0.04451462 0.50907698
v -0.01856867 -0.04021396 0.50904530
v -0.01153650 -0.04275963 0.50895259
v -0.01156039 -0.04281830 0.50909468
v -0.01856867 -0.04021396 0.50904530
v -0.01156039 -0.04281830 0.50909468
v -0.01872189 -0.04036789 0.50916899
v -0.01872189 -0.04036789 0.50916899
v -0.01156039 -0.04281830 0.50909468
v -0.01166431 -0.04295412 0.50916899
v -0.01872189 -0.04036789 0.50916899
v -0.01166431 -0.04295412 0.50916899
v -0.01874851 -0.04057692 0.50907499
v -0.01874851 -0.04057692 0.50907499
v -0.01166431 -0.04295412 0.50916899
v -0.01167663 -0.04315996 0.50907280
v -0.03731473 0.02329528 0.50895609
v -0.04074909 0.01665011 0.50895689
v -0.03736465 0.02333270 0.50909467
v -0.03731473 0.02329528 0.50895609
v -0.03736465 0.02333270 0.50909467
v -0.03283471 0.02925322 0.50904310
v -0.01425499 0.04154371 0.50904618
v -0.02110312 0.03853419 0.50904499
v -0.01427703 0.04175311 0.50916898
v -0.01425499 0.04154371 0.50904618
v -0.01427703 0.04175311 0.50916898
v -0.00698151 0.04356248 0.50916898
v 0.02206089 0.03823458 0.50916898
v 0.01524799 0.04141005 0.50916898
v 0.02210939 0.03843611 0.50908039
v 0.02206089 0.03823458 0.50916898
v 0.02210939 0.03843611 0.50908039
v 0.02830055 0.03415272 0.50908659
v 0.03364055 0.02876863 0.50915928
v 0.02830055 0.03415272 0.50908659
v 0.03371419 0.02888543 0.50905268
v 0.03364055 0.02876863 0.50915928
v 0.03371419 0.02888543 0.50905268
v 0.03813806 0.02274885 0.50908649
v 0.00046170 0.04390969 0.50904877
v -0.00699712 0.04335283 0.50904749
v 0.00051490 0.04411287 0.50916898
v 0.00046170 0.04390969 0.50904877
v 0.00051490 0.04411287 0.50916898
v 0.00799647 0.04338844 0.50916898
v 0.01512465 0.04123992 0.50905109
v 0.00790697 0.04319850 0.50905000
v 0.01524799 0.04141005 0.50916898
v 0.01512465 0.04123992 0.50905109
v 0.01524799 0.04141005 0.50916898
v 0.02206089 0.03823458 0.50916898
v 0.04130981 0.01584428 0.50916898
v 0.03800403 0.02259489 0.50916898
v 0.04147178 0.01596729 0.50908540
v 0.04130981 0.01584428 0.50916898
v 0.04147178 0.01596729 0.50908540
v 0.04361039 0.00872018 0.50908378
v 0.02803072 0.03386399 0.50905119
v 0.02187349 0.03810960 0.50905149
v 0.02823910 0.03395342 0.50916898
v 0.02803072 0.03386399 0.50905119
v 0.02823910 0.03395342 0.50916898
v 0.03349537 0.02867123 0.50914149
v 0.04429522 0.00116583 0.50916898
v 0.04342716 0.00863212 0.50916898
v 0.04449244 0.00121635 0.50908189
v 0.04429522 0.00116583 0.50916898
v 0.04449244 0.00121635 0.50908189
v 0.04409227 -0.00631597 0.50908128
v 0.03777596 0.02258347 0.50905088
v 0.03349537 0.02867123 0.50914149
v 0.03800403 0.02259489 0.50916898
v 0.03777596 0.02258347 0.50905088
v 0.03800403 0.02259489 0.50916898
v 0.04130981 0.01584428 0.50916898
v 0.04222012 -0.01366873 0.50916898
v 0.04388897 -0.00633976 0.50916898
v 0.04241887 -0.01368941 0.50908347
v 0.04222012 -0.01366873 0.50916898
v 0.04241887 -0.01368941 0.50908347
v 0.03952958 -0.02066227 0.50908329
v 0.04320443 0.00869094 0.50904408
v 0.04107768 0.01588042 0.50904838
v 0.04342716 0.00863212 0.50916898
v 0.04320443 0.00869094 0.50904408
v 0.04342716 0.00863212 0.50916898
v 0.04429522 0.00116583 0.50916898
v 0.03532157 -0.02696458 0.50916898
v 0.03933667 -0.02061023 0.50916898
v 0.03550054 -0.02705531 0.50908158
v 0.03532157 -0.02696458 0.50916898
v 0.03550054 -0.02705531 0.50908158
v 0.03044804 -0.03267501 0.50907917
v 0.04374103 -0.00625395 0.50909467
v 0.04413492 0.00122541 0.50909467
v 0.04388897 -0.00633976 0.50916898
v 0.04374103 -0.00625395 0.50909467
v 0.04388897 -0.00633976 0.50916898
v 0.04222012 -0.01366873 0.50916898
v 0.02438770 -0.03720278 0.50916899
v 0.03029033 -0.03254898 0.50916898
v 0.02452956 -0.03735078 0.50907649
v 0.02438770 -0.03720278 0.50916899
v 0.02452956 -0.03735078 0.50907649
v 0.01790040 -0.04096045 0.50907627
v -0.04379192 -0.00536307 0.50895198
v -0.04228879 -0.01269177 0.50895329
v -0.04385503 -0.00536403 0.50909467
v -0.04379192 -0.00536307 0.50895198
v -0.04385503 -0.00536403 0.50909467
v -0.04405248 0.00211348 0.50904728
v -0.03736465 0.02333270 0.50909467
v -0.04080432 0.01667954 0.50909467
v -0.03746411 0.02347180 0.50916898
v -0.03736465 0.02333270 0.50909467
v -0.03746411 0.02347180 0.50916898
v -0.03292457 0.02946280 0.50916898
v -0.00698151 0.04356248 0.50916898
v -0.01427703 0.04175311 0.50916898
v -0.00712923 0.04374803 0.50906989
v -0.00698151 0.04356248 0.50916898
v -0.00712923 0.04374803 0.50906989
v 0.00039867 0.04432108 0.50906989
v -0.04301067 0.00952038 0.50895579
v -0.04405248 0.00211348 0.50904728
v -0.04307011 0.00954079 0.50909467
v -0.04301067 0.00952038 0.50895579
v -0.04307011 0.00954079 0.50909467
v -0.04080432 0.01667954 0.50909467
v -0.02736886 0.03439854 0.50905079
v -0.03283471 0.02925322 0.50904310
v -0.02743790 0.03460038 0.50916898
v -0.02736886 0.03439854 0.50905079
v -0.02743790 0.03460038 0.50916898
v -0.02116188 0.03873681 0.50916898
v 0.00799647 0.04338844 0.50916898
v 0.00051490 0.04411287 0.50916898
v 0.00791551 0.04361335 0.50907059
v 0.00799647 0.04338844 0.50916898
v 0.00791551 0.04361335 0.50907059
v 0.01520506 0.04164494 0.50907188
v 0.02830055 0.03415272 0.50908659
v 0.03364055 0.02876863 0.50915928
v 0.02823910 0.03395342 0.50916898
v 0.02830055 0.03415272 0.50908659
v 0.02823910 0.03395342 0.50916898
v 0.02206089 0.03823458 0.50916898
v -0.00698151 0.04356248 0.50916898
v 0.00051490 0.04411287 0.50916898
v -0.00699712 0.04335283 0.50904749
v -0.00698151 0.04356248 0.50916898
v -0.00699712 0.04335283 0.50904749
v -0.01425499 0.04154371 0.50904618
v 0.03813806 0.02274885 0.50908649
v 0.04147178 0.01596729 0.50908540
v 0.03800403 0.02259489 0.50916898
v 0.03813806 0.02274885 0.50908649
v 0.03800403 0.02259489 0.50916898
v 0.03364055 0.02876863 0.50915928
v 0.00799647 0.04338844 0.50916898
v 0.01524799 0.04141005 0.50916898
v 0.00790697 0.04319850 0.50905000
v 0.00799647 0.04338844 0.50916898
v 0.00790697 0.04319850 0.50905000
v 0.00046170 0.04390969 0.50904877
v 0.04361039 0.00872018 0.50908378
v 0.04449244 0.00121635 0.50908189
v 0.04342716 0.00863212 0.50916898
v 0.04361039 0.00872018 0.50908378
v 0.04342716 0.00863212 0.50916898
v 0.04130981 0.01584428 0.50916898
v 0.03364055 0.02876863 0.50915928
v 0.03800403 0.02259489 0.50916898
v 0.03349537 0.02867123 0.50914149
v 0.03364055 0.02876863 0.50915928
v 0.03349537 0.02867123 0.50914149
v 0.02823910 0.03395342 0.50916898
v 0.02206089 0.03823458 0.50916898
v 0.02823910 0.03395342 0.50916898
v 0.02187349 0.03810960 0.50905149
v 0.02206089 0.03823458 0.50916898
v 0.02187349 0.03810960 0.50905149
v 0.01512465 0.04123992 0.50905109
v 0.03550054 -0.02705531 0.50908158
v 0.03358947 -0.02929134 0.50887608
v 0.03044804 -0.03267501 0.50907917
v 0.04409227 -0.00631597 0.50908128
v 0.04241887 -0.01368941 0.50908347
v 0.04388897 -0.00633976 0.50916898
v 0.04409227 -0.00631597 0.50908128
v 0.04388897 -0.00633976 0.50916898
v 0.04429522 0.00116583 0.50916898
v 0.03952958 -0.02066227 0.50908329
v 0.03550054 -0.02705531 0.50908158
v 0.03933667 -0.02061023 0.50916898
v 0.03952958 -0.02066227 0.50908329
v 0.03933667 -0.02061023 0.50916898
v 0.04222012 -0.01366873 0.50916898
v 0.04130981 0.01584428 0.50916898
v 0.04342716 0.00863212 0.50916898
v 0.04107768 0.01588042 0.50904838
v 0.04130981 0.01584428 0.50916898
v 0.04107768 0.01588042 0.50904838
v 0.03777596 0.02258347 0.50905088
v 0.03349537 0.02867123 0.50914149
v 0.03777596 0.02258347 0.50905088
v 0.03338773 0.02861871 0.50901359
v 0.03349537 0.02867123 0.50914149
v 0.03338773 0.02861871 0.50901359
v 0.02803072 0.03386399 0.50905119
v 0.00024746 -0.04466709 0.50883369
v -0.00422672 -0.04451462 0.50907698
v 0.00330557 -0.04459591 0.50907438
v 0.03044804 -0.03267501 0.50907917
v 0.02452956 -0.03735078 0.50907649
v 0.03029033 -0.03254898 0.50916898
v 0.03044804 -0.03267501 0.50907917
v 0.03029033 -0.03254898 0.50916898
v 0.03532157 -0.02696458 0.50916898
v 0.04429522 0.00116583 0.50916898
v 0.04388897 -0.00633976 0.50916898
v 0.04413492 0.00122541 0.50909467
v 0.04429522 0.00116583 0.50916898
v 0.04413492 0.00122541 0.50909467
v 0.04320443 0.00869094 0.50904408
v 0.04208882 -0.01355914 0.50909467
v 0.04374103 -0.00625395 0.50909467
v 0.04222012 -0.01366873 0.50916898
v 0.04208882 -0.01355914 0.50909467
v 0.04222012 -0.01366873 0.50916898
v 0.03933667 -0.02061023 0.50916898
v 0.01778348 -0.04079208 0.50916899
v 0.02438770 -0.03720278 0.50916899
v 0.01790040 -0.04096045 0.50907627
v 0.01778348 -0.04079208 0.50916899
v 0.01790040 -0.04096045 0.50907627
v 0.01075494 -0.04339915 0.50907579
v -0.01874851 -0.04057692 0.50907499
v -0.01167663 -0.04315996 0.50907280
v -0.01518173 -0.04191219 0.50899238
v -0.02505323 -0.03648663 0.50895189
v -0.01856867 -0.04021396 0.50904530
v -0.02509772 -0.03653263 0.50909468
v -0.02509772 -0.03653263 0.50909468
v -0.01856867 -0.04021396 0.50904530
v -0.02524097 -0.03662607 0.50916899
v -0.02524097 -0.03662607 0.50916899
v -0.01856867 -0.04021396 0.50904530
v -0.01872189 -0.04036789 0.50916899
v -0.02524097 -0.03662607 0.50916899
v -0.01872189 -0.04036789 0.50916899
v -0.02529968 -0.03683037 0.50907389
v -0.02529968 -0.03683037 0.50907389
v -0.01872189 -0.04036789 0.50916899
v -0.01874851 -0.04057692 0.50907499
v -0.02529968 -0.03683037 0.50907389
v -0.01874851 -0.04057692 0.50907499
v -0.02219509 -0.03864215 0.50899238
v -0.02529968 -0.03683037 0.50907389
v -0.02853467 -0.03420456 0.50899238
v -0.03112471 -0.03203000 0.50907319
v -0.02529968 -0.03683037 0.50907389
v -0.03112471 -0.03203000 0.50907319
v -0.02524097 -0.03662607 0.50916899
v -0.02524097 -0.03662607 0.50916899
v -0.03112471 -0.03203000 0.50907319
v -0.03103388 -0.03183639 0.50916898
v -0.02524097 -0.03662607 0.50916899
v -0.03103388 -0.03183639 0.50916898
v -0.02509772 -0.03653263 0.50909468
v -0.02509772 -0.03653263 0.50909468
v -0.03103388 -0.03183639 0.50916898
v -0.03087691 -0.03176848 0.50909468
v -0.02509772 -0.03653263 0.50909468
v -0.03087691 -0.03176848 0.50909468
v -0.02505323 -0.03648663 0.50895189
v -0.02505323 -0.03648663 0.50895189
v -0.03087691 -0.03176848 0.50909468
v -0.03082558 -0.03173042 0.50895210
v -0.03112471 -0.03203000 0.50907319
v -0.03400818 -0.02873393 0.50899238
v -0.03605460 -0.02631416 0.50907337
v -0.03112471 -0.03203000 0.50907319
v -0.03605460 -0.02631416 0.50907337
v -0.03103388 -0.03183639 0.50916898
v -0.03103388 -0.03183639 0.50916898
v -0.03605460 -0.02631416 0.50907337
v -0.03593397 -0.02613661 0.50916898
v -0.03103388 -0.03183639 0.50916898
v -0.03593397 -0.02613661 0.50916898
v -0.03087691 -0.03176848 0.50909468
v -0.03087691 -0.03176848 0.50909468
v -0.03593397 -0.02613661 0.50916898
v -0.03576779 -0.02609619 0.50909468
v -0.03087691 -0.03176848 0.50909468
v -0.03576779 -0.02609619 0.50909468
v -0.03082558 -0.03173042 0.50895210
v -0.03605460 -0.02631416 0.50907337
v -0.03844954 -0.02239608 0.50899238
v -0.03994713 -0.01984889 0.50907408
v -0.03605460 -0.02631416 0.50907337
v -0.03994713 -0.01984889 0.50907408
v -0.03593397 -0.02613661 0.50916898
v -0.03593397 -0.02613661 0.50916898
v -0.03994713 -0.01984889 0.50907408
v -0.03980032 -0.01969065 0.50916898
v -0.03593397 -0.02613661 0.50916898
v -0.03980032 -0.01969065 0.50916898
v -0.03576779 -0.02609619 0.50909468
v -0.03576779 -0.02609619 0.50909468
v -0.03980032 -0.01969065 0.50916898
v -0.03962970 -0.01967892 0.50909467
v -0.03994713 -0.01984889 0.50907408
v -0.04172393 -0.01538309 0.50899238
v -0.04269059 -0.01283659 0.50906910
v -0.03994713 -0.01984889 0.50907408
v -0.04269059 -0.01283659 0.50906910
v -0.03980032 -0.01969065 0.50916898
v -0.03980032 -0.01969065 0.50916898
v -0.04269059 -0.01283659 0.50906910
v -0.04252168 -0.01268405 0.50916898
v -0.03980032 -0.01969065 0.50916898
v -0.04252168 -0.01268405 0.50916898
v -0.03962970 -0.01967892 0.50909467
v -0.03962970 -0.01967892 0.50909467
v -0.04252168 -0.01268405 0.50916898
v -0.04235156 -0.01270129 0.50909467
v -0.04269059 -0.01283659 0.50906910
v -0.04420967 -0.00542196 0.50907517
v -0.04252168 -0.01268405 0.50916898
v -0.04252168 -0.01268405 0.50916898
v -0.04420967 -0.00542196 0.50907517
v -0.04401980 -0.00531827 0.50916898
v -0.04252168 -0.01268405 0.50916898
v -0.04401980 -0.00531827 0.50916898
v -0.04235156 -0.01270129 0.50909467
v -0.04235156 -0.01270129 0.50909467
v -0.04401980 -0.00531827 0.50916898
v -0.04385503 -0.00536403 0.50909467
v -0.04420967 -0.00542196 0.50907517
v -0.04447716 -0.00019953 0.50884150
v -0.04445823 0.00211112 0.50907469
v -0.04420967 -0.00542196 0.50907517
v -0.04445823 0.00211112 0.50907469
v -0.04401980 -0.00531827 0.50916898
v -0.04401980 -0.00531827 0.50916898
v -0.04445823 0.00211112 0.50907469
v -0.04425153 0.00219474 0.50916898
v -0.04401980 -0.00531827 0.50916898
v -0.04425153 0.00219474 0.50916898
v -0.04385503 -0.00536403 0.50909467
v -0.04445823 0.00211112 0.50907469
v -0.04382143 0.00735261 0.50885337
v -0.04342997 0.00958550 0.50907447
v -0.04445823 0.00211112 0.50907469
v -0.04342997 0.00958550 0.50907447
v -0.04425153 0.00219474 0.50916898
v -0.04425153 0.00219474 0.50916898
v -0.04342997 0.00958550 0.50907447
v -0.04321023 0.00963882 0.50916898
v -0.04342997 0.00958550 0.50907447
v -0.04189117 0.01469140 0.50886637
v -0.04115414 0.01677943 0.50907407
v -0.04342997 0.00958550 0.50907447
v -0.04115414 0.01677943 0.50907407
v -0.04321023 0.00963882 0.50916898
v -0.04321023 0.00963882 0.50916898
v -0.04115414 0.01677943 0.50907407
v -0.04092585 0.01679986 0.50916898
v -0.04115414 0.01677943 0.50907407
v -0.03874462 0.02159285 0.50887748
v -0.03769565 0.02348636 0.50907380
v -0.04115414 0.01677943 0.50907407
v -0.03769565 0.02348636 0.50907380
v -0.04092585 0.01679986 0.50916898
v -0.04092585 0.01679986 0.50916898
v -0.03769565 0.02348636 0.50907380
v -0.03746411 0.02347180 0.50916898
v -0.03769565 0.02348636 0.50907380
v -0.03314693 0.02954432 0.50901679
v -0.03308929 0.02952524 0.50910947
v -0.03769565 0.02348636 0.50907380
v -0.03308929 0.02952524 0.50910947
v -0.03746411 0.02347180 0.50916898
v -0.03746411 0.02347180 0.50916898
v -0.03308929 0.02952524 0.50910947
v -0.03292457 0.02946280 0.50916898
v -0.03314693 0.02954432 0.50901679
v -0.02764919 0.03469125 0.50907359
v -0.03308929 0.02952524 0.50910947
v -0.03308929 0.02952524 0.50910947
v -0.02764919 0.03469125 0.50907359
v -0.03292457 0.02946280 0.50916898
v -0.03571107 -0.02606702 0.50895228
v -0.03082558 -0.03173042 0.50895210
v -0.03576779 -0.02609619 0.50909468
v -0.03571107 -0.02606702 0.50895228
v -0.03576779 -0.02609619 0.50909468
v -0.03962970 -0.01967892 0.50909467
v -0.04405248 0.00211348 0.50904728
v -0.04385503 -0.00536403 0.50909467
v -0.04425153 0.00219474 0.50916898
v -0.04405248 0.00211348 0.50904728
v -0.04425153 0.00219474 0.50916898
v -0.04321023 0.00963882 0.50916898
v -0.02743790 0.03460038 0.50916898
v -0.03292457 0.02946280 0.50916898
v -0.02764919 0.03469125 0.50907359
v -0.02743790 0.03460038 0.50916898
v -0.02764919 0.03469125 0.50907359
v -0.02135791 0.03886263 0.50907178
v -0.03956914 -0.01965937 0.50895280
v -0.03571107 -0.02606702 0.50895228
v -0.03962970 -0.01967892 0.50909467
v -0.03956914 -0.01965937 0.50895280
v -0.03962970 -0.01967892 0.50909467
v -0.04235156 -0.01270129 0.50909467
v -0.04307011 0.00954079 0.50909467
v -0.04405248 0.00211348 0.50904728
v -0.04321023 0.00963882 0.50916898
v -0.04307011 0.00954079 0.50909467
v -0.04321023 0.00963882 0.50916898
v -0.04092585 0.01679986 0.50916898
v -0.02116188 0.03873681 0.50916898
v -0.02743790 0.03460038 0.50916898
v -0.02135791 0.03886263 0.50907178
v -0.02116188 0.03873681 0.50916898
v -0.02135791 0.03886263 0.50907178
v -0.01445167 0.04191087 0.50907059
v -0.01445167 0.04191087 0.50907059
v -0.00712923 0.04374803 0.50906989
v -0.01427703 0.04175311 0.50916898
v -0.01445167 0.04191087 0.50907059
v -0.01427703 0.04175311 0.50916898
v -0.02116188 0.03873681 0.50916898
v -0.04092585 0.01679986 0.50916898
v -0.03746411 0.02347180 0.50916898
v -0.04080432 0.01667954 0.50909467
v -0.04092585 0.01679986 0.50916898
v -0.04080432 0.01667954 0.50909467
v -0.04307011 0.00954079 0.50909467
v -0.04235156 -0.01270129 0.50909467
v -0.04385503 -0.00536403 0.50909467
v -0.04228879 -0.01269177 0.50895329
v -0.04235156 -0.01270129 0.50909467
v -0.04228879 -0.01269177 0.50895329
v -0.03956914 -0.01965937 0.50895280
v 0.02882557 0.03388188 0.50869050
v 0.03371419 0.02888543 0.50905268
v 0.02830055 0.03415272 0.50908659
v 0.00039867 0.04432108 0.50906989
v 0.00791551 0.04361335 0.50907059
v 0.00051490 0.04411287 0.50916898
v 0.00039867 0.04432108 0.50906989
v 0.00051490 0.04411287 0.50916898
v -0.00698151 0.04356248 0.50916898
v -0.03292457 0.02946280 0.50916898
v -0.02743790 0.03460038 0.50916898
v -0.03283471 0.02925322 0.50904310
v -0.03292457 0.02946280 0.50916898
v -0.03283471 0.02925322 0.50904310
v -0.03736465 0.02333270 0.50909467
v -0.04074909 0.01665011 0.50895689
v -0.04080432 0.01667954 0.50909467
v -0.02110312 0.03853419 0.50904499
v -0.02736886 0.03439854 0.50905079
v -0.02116188 0.03873681 0.50916898
v -0.02110312 0.03853419 0.50904499
v -0.02116188 0.03873681 0.50916898
v -0.01427703 0.04175311 0.50916898
v 0.01524799 0.04141005 0.50916898
v 0.00799647 0.04338844 0.50916898
v 0.01520506 0.04164494 0.50907188
v 0.01524799 0.04141005 0.50916898
v 0.01520506 0.04164494 0.50907188
v 0.02210939 0.03843611 0.50908039
v 0.04342706 -0.00785779 0.50846779
v 0.04409699 -0.00020042 0.50846779
v 0.04368428 -0.00622568 0.50896769
v 0.03917533 -0.02044225 0.50895668
v 0.03818912 -0.02224893 0.50846779
v 0.04143763 -0.01528248 0.50846779
v 0.04342706 -0.00785779 0.50846779
v 0.04368428 -0.00622568 0.50896769
v 0.04203301 -0.01353018 0.50895790
v 0.04342706 -0.00785779 0.50846779
v 0.04203301 -0.01353018 0.50895790
v 0.04143763 -0.01528248 0.50846779
v 0.04143763 -0.01528248 0.50846779
v 0.04203301 -0.01353018 0.50895790
v 0.03917533 -0.02044225 0.50895668
v 0.03019348 -0.03233708 0.50895488
v 0.02834500 -0.03398068 0.50846779
v 0.03378026 -0.02854544 0.50846779
v 0.03818912 -0.02224893 0.50846779
v 0.03917533 -0.02044225 0.50895668
v 0.03519061 -0.02677191 0.50895570
v 0.03818912 -0.02224893 0.50846779
v 0.03519061 -0.02677191 0.50895570
v 0.03378026 -0.02854544 0.50846779
v 0.03378026 -0.02854544 0.50846779
v 0.03519061 -0.02677191 0.50895570
v 0.03019348 -0.03233708 0.50895488
v 0.01776198 -0.04055985 0.50895100
v 0.01508207 -0.04163805 0.50846779
v 0.02204851 -0.03838954 0.50846779
v 0.02834500 -0.03398068 0.50846779
v 0.03019348 -0.03233708 0.50895488
v 0.02433978 -0.03699047 0.50904649
v 0.02834500 -0.03398068 0.50846779
v 0.02433978 -0.03699047 0.50904649
v 0.02204851 -0.03838954 0.50846779
v 0.02204851 -0.03838954 0.50846779
v 0.02433978 -0.03699047 0.50904649
v 0.01776198 -0.04055985 0.50895100
v 0.00330535 -0.04418865 0.50904548
v 0.00000000 -0.04429743 0.50846779
v 0.00765737 -0.04362751 0.50846779
v 0.01508207 -0.04163805 0.50846779
v 0.01776198 -0.04055985 0.50895100
v 0.01068538 -0.04298136 0.50895320
v 0.01508207 -0.04163805 0.50846779
v 0.01068538 -0.04298136 0.50895320
v 0.00765737 -0.04362751 0.50846779
v 0.00765737 -0.04362751 0.50846779
v 0.01068538 -0.04298136 0.50895320
v 0.00330535 -0.04418865 0.50904548
v -0.01153650 -0.04275963 0.50895259
v -0.01508206 -0.04163806 0.50846779
v -0.00765736 -0.04362751 0.50846779
v 0.00330535 -0.04418865 0.50904548
v -0.00417717 -0.04409704 0.50895009
v 0.00000000 -0.04429743 0.50846779
v 0.00000000 -0.04429743 0.50846779
v -0.00417717 -0.04409704 0.50895009
v -0.00765736 -0.04362751 0.50846779
v -0.00765736 -0.04362751 0.50846779
v -0.00417717 -0.04409704 0.50895009
v -0.01153650 -0.04275963 0.50895259
v -0.01508206 -0.04163806 0.50846779
v -0.01153650 -0.04275963 0.50895259
v -0.01856867 -0.04021396 0.50904530
v -0.01508206 -0.04163806 0.50846779
v -0.01856867 -0.04021396 0.50904530
v -0.02204850 -0.03838956 0.50846779
v -0.01856867 -0.04021396 0.50904530
v -0.02505323 -0.03648663 0.50895189
v -0.02204850 -0.03838956 0.50846779
v -0.02204850 -0.03838956 0.50846779
v -0.02505323 -0.03648663 0.50895189
v -0.02834501 -0.03398070 0.50846779
v -0.02505323 -0.03648663 0.50895189
v -0.03082558 -0.03173042 0.50895210
v -0.02834501 -0.03398070 0.50846779
v -0.02834501 -0.03398070 0.50846779
v -0.03082558 -0.03173042 0.50895210
v -0.03378026 -0.02854546 0.50846779
v -0.03082558 -0.03173042 0.50895210
v -0.03571107 -0.02606702 0.50895228
v -0.03378026 -0.02854546 0.50846779
v -0.03378026 -0.02854546 0.50846779
v -0.03571107 -0.02606702 0.50895228
v -0.03818914 -0.02224895 0.50846779
v -0.03571107 -0.02606702 0.50895228
v -0.03956914 -0.01965937 0.50895280
v -0.03818914 -0.02224895 0.50846779
v -0.03818914 -0.02224895 0.50846779
v -0.03956914 -0.01965937 0.50895280
v -0.04143764 -0.01528250 0.50846779
v -0.03956914 -0.01965937 0.50895280
v -0.04228879 -0.01269177 0.50895329
v -0.04143764 -0.01528250 0.50846779
v -0.04143764 -0.01528250 0.50846779
v -0.04228879 -0.01269177 0.50895329
v -0.04342708 -0.00785781 0.50846779
v -0.04228879 -0.01269177 0.50895329
v -0.04379192 -0.00536307 0.50895198
v -0.04342708 -0.00785781 0.50846779
v -0.04342708 -0.00785781 0.50846779
v -0.04379192 -0.00536307 0.50895198
v -0.04409702 -0.00020044 0.50846779
v -0.04409702 -0.00020044 0.50846779
v -0.04379192 -0.00536307 0.50895198
v -0.04405248 0.00211348 0.50904728
v -0.04409702 -0.00020044 0.50846779
v -0.04405248 0.00211348 0.50904728
v -0.04342709 0.00745691 0.50846779
v -0.04405248 0.00211348 0.50904728
v -0.04301067 0.00952038 0.50895579
v -0.04342709 0.00745691 0.50846779
v -0.04342709 0.00745691 0.50846779
v -0.04301067 0.00952038 0.50895579
v -0.04143765 0.01488163 0.50846779
v -0.04301067 0.00952038 0.50895579
v -0.04074909 0.01665011 0.50895689
v -0.04143765 0.01488163 0.50846779
v -0.04143765 0.01488163 0.50846779
v -0.04074909 0.01665011 0.50895689
v -0.03818915 0.02184806 0.50846779
v -0.04074909 0.01665011 0.50895689
v -0.03731473 0.02329528 0.50895609
v -0.03818915 0.02184806 0.50846779
v -0.03818915 0.02184806 0.50846779
v -0.03731473 0.02329528 0.50895609
v -0.03378028 0.02814457 0.50846779
v -0.03378028 0.02814457 0.50846779
v -0.03731473 0.02329528 0.50895609
v -0.03283471 0.02925322 0.50904310
v -0.03378028 0.02814457 0.50846779
v -0.03283471 0.02925322 0.50904310
v -0.02834503 0.03357982 0.50846779
v -0.02834503 0.03357982 0.50846779
v -0.03283471 0.02925322 0.50904310
v -0.02736886 0.03439854 0.50905079
v -0.02834503 0.03357982 0.50846779
v -0.02736886 0.03439854 0.50905079
v -0.02204853 0.03798869 0.50846779
v -0.02736886 0.03439854 0.50905079
v -0.02110312 0.03853419 0.50904499
v -0.02204853 0.03798869 0.50846779
v -0.02204853 0.03798869 0.50846779
v -0.02110312 0.03853419 0.50904499
v -0.01508209 0.04123720 0.50846779
v -0.02110312 0.03853419 0.50904499
v -0.01425499 0.04154371 0.50904618
v -0.01508209 0.04123720 0.50846779
v -0.01508209 0.04123720 0.50846779
v -0.01425499 0.04154371 0.50904618
v -0.00765739 0.04322664 0.50846779
v -0.01425499 0.04154371 0.50904618
v -0.00699712 0.04335283 0.50904749
v -0.00765739 0.04322664 0.50846779
v -0.00765739 0.04322664 0.50846779
v -0.00699712 0.04335283 0.50904749
v -0.00000003 0.04389657 0.50846779
v -0.00699712 0.04335283 0.50904749
v 0.00046170 0.04390969 0.50904877
v -0.00000003 0.04389657 0.50846779
v -0.00000003 0.04389657 0.50846779
v 0.00046170 0.04390969 0.50904877
v 0.00765734 0.04322664 0.50846779
v 0.00046170 0.04390969 0.50904877
v 0.00790697 0.04319850 0.50905000
v 0.00765734 0.04322664 0.50846779
v 0.00765734 0.04322664 0.50846779
v 0.00790697 0.04319850 0.50905000
v 0.01508204 0.04123721 0.50846779
v 0.00790697 0.04319850 0.50905000
v 0.01512465 0.04123992 0.50905109
v 0.01508204 0.04123721 0.50846779
v 0.01508204 0.04123721 0.50846779
v 0.01512465 0.04123992 0.50905109
v 0.02204848 0.03798871 0.50846779
v 0.01512465 0.04123992 0.50905109
v 0.02187349 0.03810960 0.50905149
v 0.02204848 0.03798871 0.50846779
v 0.02204848 0.03798871 0.50846779
v 0.02187349 0.03810960 0.50905149
v 0.02834498 0.03357983 0.50846779
v 0.02187349 0.03810960 0.50905149
v 0.02803072 0.03386399 0.50905119
v 0.02834498 0.03357983 0.50846779
v 0.02834498 0.03357983 0.50846779
v 0.02803072 0.03386399 0.50905119
v 0.03378024 0.02814459 0.50846779
v 0.02803072 0.03386399 0.50905119
v 0.03338773 0.02861871 0.50901359
v 0.03378024 0.02814459 0.50846779
v 0.03378024 0.02814459 0.50846779
v 0.03338773 0.02861871 0.50901359
v 0.03818911 0.02184808 0.50846779
v 0.03338773 0.02861871 0.50901359
v 0.03777596 0.02258347 0.50905088
v 0.03818911 0.02184808 0.50846779
v 0.03818911 0.02184808 0.50846779
v 0.03777596 0.02258347 0.50905088
v 0.04143762 0.01488165 0.50846779
v 0.04143762 0.01488165 0.50846779
v 0.03777596 0.02258347 0.50905088
v 0.04107768 0.01588042 0.50904838
v 0.04143762 0.01488165 0.50846779
v 0.04107768 0.01588042 0.50904838
v 0.04320443 0.00869094 0.50904408
v 0.04143762 0.01488165 0.50846779
v 0.04320443 0.00869094 0.50904408
v 0.04342705 0.00745694 0.50846779
v 0.04342705 0.00745694 0.50846779
v 0.04320443 0.00869094 0.50904408
v 0.04407539 0.00123154 0.50897209
v 0.04342705 0.00745694 0.50846779
v 0.04407539 0.00123154 0.50897209
v 0.04409699 -0.00020042 0.50846779
v 0.04409699 -0.00020042 0.50846779
v 0.04407539 0.00123154 0.50897209
v 0.04409699 -0.00020042 0.50893278
v 0.04409699 -0.00020042 0.50846779
v 0.04409699 -0.00020042 0.50893278
v 0.04368428 -0.00622568 0.50896769
v -0.00000003 0.05669883 0.52689318
v 0.00648371 0.05676389 0.52736656
v 0.04346147 0.05669884 0.56583475
v -0.01855890 0.05669882 0.53102740
v -0.01259681 0.05669882 0.52874703
v 0.04346147 0.05669884 0.56583475
v -0.01259681 0.05669882 0.52874703
v -0.00660179 0.05676919 0.52737596
v 0.04346147 0.05669884 0.56583475
v -0.00660179 0.05676919 0.52737596
v -0.00000003 0.05669883 0.52689318
v -0.03355721 0.05676983 0.54255704
v -0.02917775 0.05669882 0.53805258
v 0.04346147 0.05669884 0.56583475
v 0.04346147 0.05669884 0.56583475
v -0.02917775 0.05669882 0.53805258
v -0.02384448 0.05675878 0.53395229
v -0.02384448 0.05675878 0.53395229
v -0.01855890 0.05669882 0.53102740
v -0.04216170 0.05676126 0.55894305
v -0.04040668 0.05676844 0.55386628
v -0.04040668 0.05676844 0.55386628
v -0.03732236 0.05669881 0.54783938
v -0.03732236 0.05669881 0.54783938
v -0.03355721 0.05676983 0.54255704
v -0.04299652 0.05669881 0.57855870
v -0.04371470 0.05677079 0.57199348
v -0.04371470 0.05677079 0.57199348
v -0.04346153 0.05669881 0.56583475
v -0.04346153 0.05669881 0.56583475
v -0.04216170 0.05676126 0.55894305
v -0.03556016 0.05669882 0.59605793
v -0.03888545 0.05669882 0.59060933
v -0.03888545 0.05669882 0.59060933
v -0.04134008 0.05676942 0.58491391
v -0.04134008 0.05676942 0.58491391
v -0.04299652 0.05669881 0.57855870
v -0.02154448 0.05676947 0.60868600
v -0.02672287 0.05669882 0.60522413
v 0.04346147 0.05669884 0.56583475
v -0.02672287 0.05669882 0.60522413
v -0.03147695 0.05669882 0.60096442
v -0.00319166 0.05669883 0.61422401
v -0.00918063 0.05676871 0.61338412
v 0.04346147 0.05669884 0.56583475
v -0.00918063 0.05676871 0.61338412
v -0.01561953 0.05669882 0.61145574
v -0.01561953 0.05669882 0.61145574
v -0.02154448 0.05676947 0.60868600
v 0.01561946 0.05669883 0.61145574
v 0.00922932 0.05676988 0.61336910
v 0.00922932 0.05676988 0.61336910
v 0.00319160 0.05669883 0.61422401
v 0.00319160 0.05669883 0.61422401
v -0.00319166 0.05669883 0.61422401
v 0.03147689 0.05669884 0.60096442
v 0.02672280 0.05669884 0.60522413
v 0.04346147 0.05669884 0.56583475
v 0.02672280 0.05669884 0.60522413
v 0.02152252 0.05676972 0.60869857
v 0.04346147 0.05669884 0.56583475
v 0.02152252 0.05676972 0.60869857
v 0.01561946 0.05669883 0.61145574
v 0.04133177 0.05676917 0.58493692
v 0.03888540 0.05669884 0.59060933
v 0.04346147 0.05669884 0.56583475
v 0.03888540 0.05669884 0.59060933
v 0.03556009 0.05669884 0.59605793
v 0.04346147 0.05669884 0.56583475
v 0.04372210 0.05676896 0.57192738
v 0.04299645 0.05669884 0.57855870
v 0.04346147 0.05669884 0.56583475
v 0.04299645 0.05669884 0.57855870
v 0.04133177 0.05676917 0.58493692
v 0.03732231 0.05669884 0.54783938
v 0.04039041 0.05676899 0.55383582
v 0.04346147 0.05669884 0.56583475
v 0.04346147 0.05669884 0.56583475
v 0.04039041 0.05676899 0.55383582
v 0.04230204 0.05669884 0.55955773
v 0.02377142 0.05676822 0.53389956
v 0.02917768 0.05669884 0.53805258
v 0.04346147 0.05669884 0.56583475
v 0.04346147 0.05669884 0.56583475
v 0.02917768 0.05669884 0.53805258
v 0.03357231 0.05676992 0.54257455
v 0.04346147 0.05669884 0.56583475
v 0.03357231 0.05676992 0.54257455
v 0.03732231 0.05669884 0.54783938
v 0.00648371 0.05676389 0.52736656
v 0.01259676 0.05669883 0.52874703
v 0.01259676 0.05669883 0.52874703
v 0.01855883 0.05669883 0.53102740
v 0.04346147 0.05669884 0.56583475
v 0.01855883 0.05669883 0.53102740
v 0.02377142 0.05676822 0.53389956
v -0.00660179 0.05676919 0.52737596
v -0.00216045 0.05679220 0.52694304
v -0.00000003 0.05669883 0.52689318
v -0.01259681 0.05669882 0.52874703
v -0.01110720 0.05680082 0.52832742
v -0.00660179 0.05676919 0.52737596
v -0.01110720 0.05680082 0.52832742
v -0.01259681 0.05669882 0.52874703
v -0.01536622 0.05679238 0.52967854
v -0.01536622 0.05679238 0.52967854
v -0.01259681 0.05669882 0.52874703
v -0.01855890 0.05669882 0.53102740
v -0.01536622 0.05679238 0.52967854
v -0.01855890 0.05669882 0.53102740
v -0.01945554 0.05679362 0.53145830
v -0.01855890 0.05669882 0.53102740
v -0.02384448 0.05675878 0.53395229
v -0.01945554 0.05679362 0.53145830
v -0.02711016 0.05679245 0.53630822
v -0.02384448 0.05675878 0.53395229
v -0.02917775 0.05669882 0.53805258
v -0.02711016 0.05679245 0.53630822
v -0.02917775 0.05669882 0.53805258
v -0.03044247 0.05679353 0.53922840
v -0.03044247 0.05679353 0.53922840
v -0.02917775 0.05669882 0.53805258
v -0.03355721 0.05676983 0.54255704
v -0.03732236 0.05669881 0.54783938
v -0.03627540 0.05679246 0.54620219
v -0.03355721 0.05676983 0.54255704
v -0.04040668 0.05676844 0.55386628
v -0.03855399 0.05679367 0.54998657
v -0.03732236 0.05669881 0.54783938
v -0.03732236 0.05669881 0.54783938
v -0.03855399 0.05679367 0.54998657
v -0.03627540 0.05679246 0.54620219
v -0.04346153 0.05669881 0.56583475
v -0.04300514 0.05679398 0.56270771
v -0.04216170 0.05676126 0.55894305
v -0.04371470 0.05677079 0.57199348
v -0.04358608 0.05679363 0.56712801
v -0.04346153 0.05669881 0.56583475
v -0.04346153 0.05669881 0.56583475
v -0.04358608 0.05679363 0.56712801
v -0.04300514 0.05679398 0.56270771
v -0.04299652 0.05669881 0.57855870
v -0.04336475 0.05679369 0.57623409
v -0.04371470 0.05677079 0.57199348
v -0.04134008 0.05676942 0.58491391
v -0.04257972 0.05679219 0.58056844
v -0.04299652 0.05669881 0.57855870
v -0.04299652 0.05669881 0.57855870
v -0.04257972 0.05679219 0.58056844
v -0.04336475 0.05679369 0.57623409
v -0.03961295 0.05680080 0.58912613
v -0.04134008 0.05676942 0.58491391
v -0.03888545 0.05669882 0.59060933
v -0.03556016 0.05669882 0.59605793
v -0.03752258 0.05679235 0.59306981
v -0.03888545 0.05669882 0.59060933
v -0.03888545 0.05669882 0.59060933
v -0.03752258 0.05679235 0.59306981
v -0.03961295 0.05680080 0.58912613
v -0.03207560 0.05679396 0.60033320
v -0.03556016 0.05669882 0.59605793
v -0.03147695 0.05669882 0.60096442
v -0.03207560 0.05679396 0.60033320
v -0.03503350 0.05679361 0.59678137
v -0.03556016 0.05669882 0.59605793
v -0.03556016 0.05669882 0.59605793
v -0.03503350 0.05679361 0.59678137
v -0.03752258 0.05679235 0.59306981
v -0.02672287 0.05669882 0.60522413
v -0.02889528 0.05679244 0.60343637
v -0.03147695 0.05669882 0.60096442
v -0.03147695 0.05669882 0.60096442
v -0.02889528 0.05679244 0.60343637
v -0.03207560 0.05679396 0.60033320
v -0.02154448 0.05676947 0.60868600
v -0.02542340 0.05679353 0.60619262
v -0.02672287 0.05669882 0.60522413
v -0.02672287 0.05669882 0.60522413
v -0.02542340 0.05679353 0.60619262
v -0.02889528 0.05679244 0.60343637
v -0.01751966 0.05679245 0.61068017
v -0.02154448 0.05676947 0.60868600
v -0.01561953 0.05669882 0.61145574
v -0.01751966 0.05679245 0.61068017
v -0.01561953 0.05669882 0.61145574
v -0.01338636 0.05679365 0.61224412
v -0.01338636 0.05679365 0.61224412
v -0.01561953 0.05669882 0.61145574
v -0.00918063 0.05676871 0.61338412
v -0.00319166 0.05669883 0.61422401
v -0.00447293 0.05679378 0.61411342
v -0.00918063 0.05676871 0.61338412
v -0.00447293 0.05679378 0.61411342
v -0.00319166 0.05669883 0.61422401
v -0.00005482 0.05679242 0.61434413
v -0.00005482 0.05679242 0.61434413
v -0.00319166 0.05669883 0.61422401
v 0.00319160 0.05669883 0.61422401
v -0.00005482 0.05679242 0.61434413
v 0.00319160 0.05669883 0.61422401
v 0.00438459 0.05679364 0.61412202
v 0.00319160 0.05669883 0.61422401
v 0.00922932 0.05676988 0.61336910
v 0.00438459 0.05679364 0.61412202
v 0.01327304 0.05679247 0.61228062
v 0.00922932 0.05676988 0.61336910
v 0.01561946 0.05669883 0.61145574
v 0.01327304 0.05679247 0.61228062
v 0.01561946 0.05669883 0.61145574
v 0.01741647 0.05679358 0.61072503
v 0.01741647 0.05679358 0.61072503
v 0.01561946 0.05669883 0.61145574
v 0.02152252 0.05676972 0.60869857
v 0.02672280 0.05669884 0.60522413
v 0.02535057 0.05679372 0.60624475
v 0.02152252 0.05676972 0.60869857
v 0.03147689 0.05669884 0.60096442
v 0.02881336 0.05679235 0.60350858
v 0.02672280 0.05669884 0.60522413
v 0.02672280 0.05669884 0.60522413
v 0.02881336 0.05679235 0.60350858
v 0.02535057 0.05679372 0.60624475
v 0.03498628 0.05679392 0.59684405
v 0.03147689 0.05669884 0.60096442
v 0.03556009 0.05669884 0.59605793
v 0.03498628 0.05679392 0.59684405
v 0.03202382 0.05679365 0.60038917
v 0.03147689 0.05669884 0.60096442
v 0.03147689 0.05669884 0.60096442
v 0.03202382 0.05679365 0.60038917
v 0.02881336 0.05679235 0.60350858
v 0.03888540 0.05669884 0.59060933
v 0.03746580 0.05679245 0.59316398
v 0.03556009 0.05669884 0.59605793
v 0.03556009 0.05669884 0.59605793
v 0.03746580 0.05679245 0.59316398
v 0.03498628 0.05679392 0.59684405
v 0.04133177 0.05676917 0.58493692
v 0.03955625 0.05679355 0.58925192
v 0.03888540 0.05669884 0.59060933
v 0.03888540 0.05669884 0.59060933
v 0.03955625 0.05679355 0.58925192
v 0.03746580 0.05679245 0.59316398
v 0.04255974 0.05679370 0.58065206
v 0.04133177 0.05676917 0.58493692
v 0.04299645 0.05669884 0.57855870
v 0.04255974 0.05679370 0.58065206
v 0.04299645 0.05669884 0.57855870
v 0.04335400 0.05679226 0.57631758
v 0.04335400 0.05679226 0.57631758
v 0.04299645 0.05669884 0.57855870
v 0.04372210 0.05676896 0.57192738
v 0.04346147 0.05669884 0.56583475
v 0.04359371 0.05679376 0.56721980
v 0.04372210 0.05676896 0.57192738
v 0.04359371 0.05679376 0.56721980
v 0.04346147 0.05669884 0.56583475
v 0.04302920 0.05679241 0.56283540
v 0.04302920 0.05679241 0.56283540
v 0.04346147 0.05669884 0.56583475
v 0.04230204 0.05669884 0.55955773
v 0.04302920 0.05679241 0.56283540
v 0.04230204 0.05669884 0.55955773
v 0.04201318 0.05679363 0.55850037
v 0.04230204 0.05669884 0.55955773
v 0.04039041 0.05676899 0.55383582
v 0.04201318 0.05679363 0.55850037
v 0.03859847 0.05679376 0.55006896
v 0.04039041 0.05676899 0.55383582
v 0.03732231 0.05669884 0.54783938
v 0.03859847 0.05679376 0.55006896
v 0.03732231 0.05669884 0.54783938
v 0.03633601 0.05679217 0.54629118
v 0.03633601 0.05679217 0.54629118
v 0.03732231 0.05669884 0.54783938
v 0.03357231 0.05676992 0.54257455
v 0.02917768 0.05669884 0.53805258
v 0.03050732 0.05679369 0.53929097
v 0.03357231 0.05676992 0.54257455
v 0.02377142 0.05676822 0.53389956
v 0.02719622 0.05679232 0.53637602
v 0.02917768 0.05669884 0.53805258
v 0.02917768 0.05669884 0.53805258
v 0.02719622 0.05679232 0.53637602
v 0.03050732 0.05679369 0.53929097
v 0.01952880 0.05679388 0.53149486
v 0.02377142 0.05676822 0.53389956
v 0.01855883 0.05669883 0.53102740
v 0.01259676 0.05669883 0.52874703
v 0.01546835 0.05679246 0.52971724
v 0.01855883 0.05669883 0.53102740
v 0.01855883 0.05669883 0.53102740
v 0.01546835 0.05679246 0.52971724
v 0.01952880 0.05679388 0.53149486
v 0.00648371 0.05676389 0.52736656
v 0.01124936 0.05679365 0.52836331
v 0.01259676 0.05669883 0.52874703
v 0.01259676 0.05669883 0.52874703
v 0.01124936 0.05679365 0.52836331
v 0.01546835 0.05679246 0.52971724
v -0.00216045 0.05679220 0.52694304
v 0.00224579 0.05679370 0.52694774
v -0.00000003 0.05669883 0.52689318
v -0.00000003 0.05669883 0.52689318
v 0.00224579 0.05679370 0.52694774
v 0.00648371 0.05676389 0.52736656
v -0.01945554 0.05679362 0.53145830
v -0.02384448 0.05675878 0.53395229
v -0.02348845 0.05671146 0.53344094
v -0.02348845 0.05671146 0.53344094
v -0.02384448 0.05675878 0.53395229
v -0.02711016 0.05679245 0.53630822
v -0.00660179 0.05676919 0.52737596
v -0.01110720 0.05680082 0.52832742
v -0.00943763 0.05670859 0.52758036
v -0.00943763 0.05670859 0.52758036
v -0.01110720 0.05680082 0.52832742
v -0.01536622 0.05679238 0.52967854
v 0.00648371 0.05676389 0.52736656
v 0.00224579 0.05679370 0.52694774
v 0.00858563 0.05670860 0.52740233
v 0.00648371 0.05676389 0.52736656
v 0.00858563 0.05670860 0.52740233
v 0.01124936 0.05679365 0.52836331
v -0.03961295 0.05680080 0.58912613
v -0.03752258 0.05679235 0.59306981
v -0.03931007 0.05671291 0.59036843
v -0.03961295 0.05680080 0.58912613
v -0.03931007 0.05671291 0.59036843
v -0.04134008 0.05676942 0.58491391
v -0.03507525 0.05670419 0.54387831
v -0.03355721 0.05676983 0.54255704
v -0.03627540 0.05679246 0.54620219
v -0.03507525 0.05670419 0.54387831
v -0.03627540 0.05679246 0.54620219
v -0.03889925 0.05670333 0.54993487
v -0.03889925 0.05670333 0.54993487
v -0.03627540 0.05679246 0.54620219
v -0.03855399 0.05679367 0.54998657
v -0.03889925 0.05670333 0.54993487
v -0.03855399 0.05679367 0.54998657
v -0.04154537 0.05670418 0.55581120
v -0.04040668 0.05676844 0.55386628
v -0.04154537 0.05670418 0.55581120
v -0.04040668 0.05676844 0.55386628
v -0.04216170 0.05676126 0.55894305
v -0.04154537 0.05670418 0.55581120
v -0.04216170 0.05676126 0.55894305
v -0.04369869 0.05670367 0.56462407
v -0.04369869 0.05670367 0.56462407
v -0.04216170 0.05676126 0.55894305
v -0.04300514 0.05679398 0.56270771
v -0.04369869 0.05670367 0.56462407
v -0.04300514 0.05679398 0.56270771
v -0.04358608 0.05679363 0.56712801
v -0.04369869 0.05670367 0.56462407
v -0.04358608 0.05679363 0.56712801
v -0.04399774 0.05670418 0.57368694
v -0.04399774 0.05670418 0.57368694
v -0.04358608 0.05679363 0.56712801
v -0.04371470 0.05677079 0.57199348
v -0.04399774 0.05670418 0.57368694
v -0.04371470 0.05677079 0.57199348
v -0.04336475 0.05679369 0.57623409
v -0.04399774 0.05670418 0.57368694
v -0.04336475 0.05679369 0.57623409
v -0.04244178 0.05670367 0.58262475
v -0.04244178 0.05670367 0.58262475
v -0.04336475 0.05679369 0.57623409
v -0.04257972 0.05679219 0.58056844
v -0.04244178 0.05670367 0.58262475
v -0.04257972 0.05679219 0.58056844
v -0.04134008 0.05676942 0.58491391
v -0.04244178 0.05670367 0.58262475
v -0.04134008 0.05676942 0.58491391
v -0.03931007 0.05671291 0.59036843
v -0.03931007 0.05671291 0.59036843
v -0.03752258 0.05679235 0.59306981
v -0.03408166 0.05670368 0.59861569
v -0.03408166 0.05670368 0.59861569
v -0.03752258 0.05679235 0.59306981
v -0.03503350 0.05679361 0.59678137
v -0.03408166 0.05670368 0.59861569
v -0.03503350 0.05679361 0.59678137
v -0.03207560 0.05679396 0.60033320
v -0.03408166 0.05670368 0.59861569
v -0.03207560 0.05679396 0.60033320
v -0.02763406 0.05670418 0.60499116
v -0.02763406 0.05670418 0.60499116
v -0.03207560 0.05679396 0.60033320
v -0.02889528 0.05679244 0.60343637
v -0.02763406 0.05670418 0.60499116
v -0.02889528 0.05679244 0.60343637
v -0.02542340 0.05679353 0.60619262
v -0.02763406 0.05670418 0.60499116
v -0.02542340 0.05679353 0.60619262
v -0.01845713 0.05667199 0.61129644
v -0.01845713 0.05667199 0.61129644
v -0.02542340 0.05679353 0.60619262
v -0.02154448 0.05676947 0.60868600
v -0.01845713 0.05667199 0.61129644
v -0.02154448 0.05676947 0.60868600
v -0.01587101 0.05670420 0.61176714
v -0.01587101 0.05670420 0.61176714
v -0.02154448 0.05676947 0.60868600
v -0.01751966 0.05679245 0.61068017
v -0.01587101 0.05670420 0.61176714
v -0.01751966 0.05679245 0.61068017
v -0.01338636 0.05679365 0.61224412
v -0.01587101 0.05670420 0.61176714
v -0.01338636 0.05679365 0.61224412
v -0.00898643 0.05670334 0.61374630
v -0.00898643 0.05670334 0.61374630
v -0.01338636 0.05679365 0.61224412
v -0.00918063 0.05676871 0.61338412
v -0.00898643 0.05670334 0.61374630
v -0.00918063 0.05676871 0.61338412
v -0.00260400 0.05670419 0.61464478
v -0.00260400 0.05670419 0.61464478
v -0.00918063 0.05676871 0.61338412
v -0.00447293 0.05679378 0.61411342
v -0.00260400 0.05670419 0.61464478
v -0.00447293 0.05679378 0.61411342
v -0.00005482 0.05679242 0.61434413
v -0.00260400 0.05670419 0.61464478
v -0.00005482 0.05679242 0.61434413
v 0.00646021 0.05670370 0.61424879
v 0.00646021 0.05670370 0.61424879
v -0.00005482 0.05679242 0.61434413
v 0.00438459 0.05679364 0.61412202
v 0.00646021 0.05670370 0.61424879
v 0.00438459 0.05679364 0.61412202
v 0.00922932 0.05676988 0.61336910
v 0.00646021 0.05670370 0.61424879
v 0.00922932 0.05676988 0.61336910
v 0.01524409 0.05670421 0.61200328
v 0.01327304 0.05679247 0.61228062
v 0.01524409 0.05670421 0.61200328
v 0.01327304 0.05679247 0.61228062
v 0.01741647 0.05679358 0.61072503
v 0.01524409 0.05670421 0.61200328
v 0.01741647 0.05679358 0.61072503
v 0.02172232 0.05670336 0.60894509
v 0.02172232 0.05670336 0.60894509
v 0.01741647 0.05679358 0.61072503
v 0.02152252 0.05676972 0.60869857
v 0.02172232 0.05670336 0.60894509
v 0.02152252 0.05676972 0.60869857
v 0.02710855 0.05670420 0.60540705
v 0.02710855 0.05670420 0.60540705
v 0.02152252 0.05676972 0.60869857
v 0.02535057 0.05679372 0.60624475
v 0.02710855 0.05670420 0.60540705
v 0.02535057 0.05679372 0.60624475
v 0.02881336 0.05679235 0.60350858
v 0.02710855 0.05670420 0.60540705
v 0.02881336 0.05679235 0.60350858
v 0.03247195 0.05670344 0.60040309
v 0.03247195 0.05670344 0.60040309
v 0.02881336 0.05679235 0.60350858
v 0.03202382 0.05679365 0.60038917
v 0.03247195 0.05670344 0.60040309
v 0.03202382 0.05679365 0.60038917
v 0.03643962 0.05670329 0.59547047
v 0.03643962 0.05670329 0.59547047
v 0.03202382 0.05679365 0.60038917
v 0.03498628 0.05679392 0.59684405
v 0.03643962 0.05670329 0.59547047
v 0.03498628 0.05679392 0.59684405
v 0.03746580 0.05679245 0.59316398
v 0.03643962 0.05670329 0.59547047
v 0.03746580 0.05679245 0.59316398
v 0.04072803 0.05670421 0.58754174
v 0.04072803 0.05670421 0.58754174
v 0.03746580 0.05679245 0.59316398
v 0.03955625 0.05679355 0.58925192
v 0.04072803 0.05670421 0.58754174
v 0.03955625 0.05679355 0.58925192
v 0.04133177 0.05676917 0.58493692
v 0.04072803 0.05670421 0.58754174
v 0.04133177 0.05676917 0.58493692
v 0.04333219 0.05670370 0.57885136
v 0.04333219 0.05670370 0.57885136
v 0.04133177 0.05676917 0.58493692
v 0.04255974 0.05679370 0.58065206
v 0.04333219 0.05670370 0.57885136
v 0.04255974 0.05679370 0.58065206
v 0.04335400 0.05679226 0.57631758
v 0.04333219 0.05670370 0.57885136
v 0.04335400 0.05679226 0.57631758
v 0.04409738 0.05670421 0.56981590
v 0.04409738 0.05670421 0.56981590
v 0.04335400 0.05679226 0.57631758
v 0.04372210 0.05676896 0.57192738
v 0.04409738 0.05670421 0.56981590
v 0.04372210 0.05676896 0.57192738
v 0.04359371 0.05679376 0.56721980
v 0.04409738 0.05670421 0.56981590
v 0.04359371 0.05679376 0.56721980
v 0.04284794 0.05667949 0.55796357
v 0.04284794 0.05667949 0.55796357
v 0.04359371 0.05679376 0.56721980
v 0.04302920 0.05679241 0.56283540
v 0.04284794 0.05667949 0.55796357
v 0.04302920 0.05679241 0.56283540
v 0.04176512 0.05670420 0.55644309
v 0.04176512 0.05670420 0.55644309
v 0.04302920 0.05679241 0.56283540
v 0.04201318 0.05679363 0.55850037
v 0.04176512 0.05670420 0.55644309
v 0.04201318 0.05679363 0.55850037
v 0.04039041 0.05676899 0.55383582
v 0.04176512 0.05670420 0.55644309
v 0.04039041 0.05676899 0.55383582
v 0.03887467 0.05670336 0.54988873
v 0.03887467 0.05670336 0.54988873
v 0.04039041 0.05676899 0.55383582
v 0.03859847 0.05679376 0.55006896
v 0.03887467 0.05670336 0.54988873
v 0.03859847 0.05679376 0.55006896
v 0.03547653 0.05670421 0.54441321
v 0.03547653 0.05670421 0.54441321
v 0.03859847 0.05679376 0.55006896
v 0.03633601 0.05679217 0.54629118
v 0.03547653 0.05670421 0.54441321
v 0.03633601 0.05679217 0.54629118
v 0.03357231 0.05676992 0.54257455
v 0.03547653 0.05670421 0.54441321
v 0.03357231 0.05676992 0.54257455
v 0.03072944 0.05670335 0.53904799
v 0.03072944 0.05670335 0.53904799
v 0.03357231 0.05676992 0.54257455
v 0.03050732 0.05679369 0.53929097
v 0.03072944 0.05670335 0.53904799
v 0.03050732 0.05679369 0.53929097
v 0.02582732 0.05670421 0.53486555
v 0.02582732 0.05670421 0.53486555
v 0.03050732 0.05679369 0.53929097
v 0.02719622 0.05679232 0.53637602
v 0.02582732 0.05670421 0.53486555
v 0.02719622 0.05679232 0.53637602
v 0.02377142 0.05676822 0.53389956
v 0.02582732 0.05670421 0.53486555
v 0.02377142 0.05676822 0.53389956
v 0.01796658 0.05670370 0.53033442
v 0.01796658 0.05670370 0.53033442
v 0.02377142 0.05676822 0.53389956
v 0.01952880 0.05679388 0.53149486
v 0.01796658 0.05670370 0.53033442
v 0.01952880 0.05679388 0.53149486
v 0.01546835 0.05679246 0.52971724
v 0.01796658 0.05670370 0.53033442
v 0.01546835 0.05679246 0.52971724
v 0.00858563 0.05670860 0.52740233
v 0.00858563 0.05670860 0.52740233
v 0.01546835 0.05679246 0.52971724
v 0.01124936 0.05679365 0.52836331
v 0.00033317 0.05670369 0.52651055
v 0.00858563 0.05670860 0.52740233
v 0.00224579 0.05679370 0.52694774
v 0.00033317 0.05670369 0.52651055
v 0.00224579 0.05679370 0.52694774
v -0.00216045 0.05679220 0.52694304
v 0.00033317 0.05670369 0.52651055
v -0.00216045 0.05679220 0.52694304
v -0.00943763 0.05670859 0.52758036
v -0.00943763 0.05670859 0.52758036
v -0.00216045 0.05679220 0.52694304
v -0.00660179 0.05676919 0.52737596
v -0.01735771 0.05670368 0.53006818
v -0.00943763 0.05670859 0.52758036
v -0.01536622 0.05679238 0.52967854
v -0.01735771 0.05670368 0.53006818
v -0.01536622 0.05679238 0.52967854
v -0.01945554 0.05679362 0.53145830
v -0.01735771 0.05670368 0.53006818
v -0.01945554 0.05679362 0.53145830
v -0.02348845 0.05671146 0.53344094
v -0.02886787 0.05670368 0.53726823
v -0.02348845 0.05671146 0.53344094
v -0.02711016 0.05679245 0.53630822
v -0.02886787 0.05670368 0.53726823
v -0.02711016 0.05679245 0.53630822
v -0.03044247 0.05679353 0.53922840
v -0.02886787 0.05670368 0.53726823
v -0.03044247 0.05679353 0.53922840
v -0.03507525 0.05670419 0.54387831
v -0.03507525 0.05670419 0.54387831
v -0.03044247 0.05679353 0.53922840
v -0.03355721 0.05676983 0.54255704
v 0.00636136 0.05669883 0.52637243
v 0.00033317 0.05670369 0.52651055
v -0.00000003 0.05669883 0.52591748
v -0.00636142 0.05669882 0.52637243
v -0.00943763 0.05670859 0.52758036
v -0.00636142 0.05669882 0.52637243
v -0.00943763 0.05670859 0.52758036
v -0.01259331 0.05669882 0.52772807
v -0.01259331 0.05669882 0.52772807
v -0.01735771 0.05670368 0.53006818
v -0.01856884 0.05669882 0.52995692
v -0.02416636 0.05669882 0.53301340
v -0.04066005 0.05669882 0.58918576
v -0.03931007 0.05671291 0.59036843
v -0.03760357 0.05669882 0.59478335
v -0.03760357 0.05669882 0.59478335
v -0.03931007 0.05671291 0.59036843
v -0.03408166 0.05670368 0.59861569
v -0.03378160 0.05669882 0.59988893
v -0.03378160 0.05669882 0.59988893
v -0.03408166 0.05670368 0.59861569
v -0.02927193 0.05669882 0.60439846
v 0.03247195 0.05670344 0.60040309
v 0.03378153 0.05669884 0.59988893
v 0.02927186 0.05669884 0.60439846
v -0.02763406 0.05670418 0.60499116
v -0.02927193 0.05669882 0.60439846
v -0.02416636 0.05669882 0.60822061
v -0.02416636 0.05669882 0.60822061
v -0.02763406 0.05670418 0.60499116
v -0.01845713 0.05667199 0.61129644
v -0.01845713 0.05667199 0.61129644
v -0.01587101 0.05670420 0.61176714
v -0.01259331 0.05669883 0.61350570
v 0.01856878 0.05669884 0.61127703
v 0.02172232 0.05670336 0.60894509
v 0.02416630 0.05669884 0.60822061
v 0.02710855 0.05670420 0.60540705
v 0.02416630 0.05669884 0.60822061
v 0.02710855 0.05670420 0.60540705
v 0.02927186 0.05669884 0.60439846
v 0.03247195 0.05670344 0.60040309
v -0.03760357 0.05669881 0.54645060
v -0.03889925 0.05670333 0.54993487
v -0.04066005 0.05669881 0.55204825
v -0.04154537 0.05670418 0.55581120
v -0.04288881 0.05669881 0.55802375
v -0.04424447 0.05669881 0.57697828
v -0.04244178 0.05670367 0.58262475
v -0.04288881 0.05669881 0.58321019
v -0.04066005 0.05669882 0.58918576
v -0.03931007 0.05671291 0.59036843
v -0.01259331 0.05669883 0.61350570
v -0.01587101 0.05670420 0.61176714
v -0.00898643 0.05670334 0.61374630
v -0.00636142 0.05669883 0.61486133
v -0.00260400 0.05670419 0.61464478
v -0.00000003 0.05669883 0.61531641
v 0.00646021 0.05670370 0.61424879
v 0.00636136 0.05669883 0.61486133
v 0.01259325 0.05669883 0.61350570
v 0.01524409 0.05670421 0.61200328
v -0.04369869 0.05670367 0.56462407
v -0.04424447 0.05669881 0.56425555
v -0.04469945 0.05669881 0.57061691
v -0.04399774 0.05670418 0.57368694
v 0.03378153 0.05669884 0.59988893
v 0.03247195 0.05670344 0.60040309
v 0.03643962 0.05670329 0.59547047
v 0.03643962 0.05670329 0.59547047
v 0.03760351 0.05669884 0.59478335
v 0.03760351 0.05669884 0.59478335
v 0.04065999 0.05669884 0.58918576
v 0.04469939 0.05669884 0.57061691
v 0.04409738 0.05670421 0.56981590
v 0.04424442 0.05669884 0.56425555
v 0.04424442 0.05669884 0.56425555
v 0.04409738 0.05670421 0.56981590
v 0.04284794 0.05667949 0.55796357
v 0.04284794 0.05667949 0.55796357
v 0.04176512 0.05670420 0.55644309
v 0.04065999 0.05669884 0.55204825
v 0.04065999 0.05669884 0.55204825
v 0.04176512 0.05670420 0.55644309
v 0.03887467 0.05670336 0.54988873
v 0.03760351 0.05669884 0.54645060
v 0.03547653 0.05670421 0.54441321
v 0.03760351 0.05669884 0.54645060
v 0.03547653 0.05670421 0.54441321
v 0.03378153 0.05669884 0.54134508
v -0.01735771 0.05670368 0.53006818
v -0.02348845 0.05671146 0.53344094
v -0.02416636 0.05669882 0.53301340
v -0.02416636 0.05669882 0.53301340
v -0.02348845 0.05671146 0.53344094
v -0.02886787 0.05670368 0.53726823
v -0.02886787 0.05670368 0.53726823
v -0.02927193 0.05669882 0.53683543
v -0.02927193 0.05669882 0.53683543
v -0.03378160 0.05669882 0.54134508
v -0.03378160 0.05669882 0.54134508
v -0.02886787 0.05670368 0.53726823
v -0.03507525 0.05670419 0.54387831
v -0.03507525 0.05670419 0.54387831
v -0.03760357 0.05669881 0.54645060
v -0.03507525 0.05670419 0.54387831
v 0.04072803 0.05670421 0.58754174
v 0.04288874 0.05669884 0.58321019
v 0.04333219 0.05670370 0.57885136
v 0.04424442 0.05669884 0.57697828
v 0.03378153 0.05669884 0.54134508
v 0.03547653 0.05670421 0.54441321
v 0.03072944 0.05670335 0.53904799
v 0.03072944 0.05670335 0.53904799
v 0.02927186 0.05669884 0.53683543
v 0.02927186 0.05669884 0.53683543
v 0.02582732 0.05670421 0.53486555
v 0.02582732 0.05670421 0.53486555
v 0.02416630 0.05669883 0.53301340
v 0.02416630 0.05669883 0.53301340
v 0.02582732 0.05670421 0.53486555
v 0.01796658 0.05670370 0.53033442
v 0.01856878 0.05669883 0.52995692
v 0.01259325 0.05669883 0.52772807
v 0.00858563 0.05670860 0.52740233
v 0.01259325 0.05669883 0.52772807
v 0.00858563 0.05670860 0.52740233
v 0.00636136 0.05669883 0.52637243
v -0.00000003 0.05721843 0.61561651
v 0.00636136 0.05669883 0.61486133
v 0.00640405 0.05721844 0.61515833
v 0.00640405 0.05721844 0.61515833
v 0.00636136 0.05669883 0.61486133
v 0.01259325 0.05669883 0.61350570
v 0.01267777 0.05721844 0.61379360
v 0.01267777 0.05721844 0.61379360
v 0.01259325 0.05669883 0.61350570
v 0.01856878 0.05669884 0.61127703
v 0.01869340 0.05721844 0.61154985
v 0.01869340 0.05721844 0.61154985
v 0.01856878 0.05669884 0.61127703
v 0.02416630 0.05669884 0.60822061
v 0.02432848 0.05721844 0.60847287
v 0.02432848 0.05721844 0.60847287
v 0.02416630 0.05669884 0.60822061
v 0.02927186 0.05669884 0.60439846
v 0.02946832 0.05721844 0.60462526
v 0.02946832 0.05721844 0.60462526
v 0.02927186 0.05669884 0.60439846
v 0.03378153 0.05669884 0.59988893
v 0.03400826 0.05721844 0.60008528
v 0.03400826 0.05721844 0.60008528
v 0.03378153 0.05669884 0.59988893
v 0.03760351 0.05669884 0.59478335
v 0.03785588 0.05721845 0.59494545
v 0.03785588 0.05721845 0.59494545
v 0.03760351 0.05669884 0.59478335
v 0.04065999 0.05669884 0.58918576
v 0.04093288 0.05721845 0.58931046
v 0.04093288 0.05721845 0.58931046
v 0.04065999 0.05669884 0.58918576
v 0.04288874 0.05669884 0.58321019
v 0.04317659 0.05721845 0.58329473
v 0.04317659 0.05721845 0.58329473
v 0.04288874 0.05669884 0.58321019
v 0.04424442 0.05669884 0.57697828
v 0.04454135 0.05721845 0.57702100
v 0.04454135 0.05721845 0.57702100
v 0.04424442 0.05669884 0.57697828
v 0.04469939 0.05669884 0.57061691
v 0.04499939 0.05721845 0.57061691
v 0.04499939 0.05721845 0.57061691
v 0.04469939 0.05669884 0.57061691
v 0.04424442 0.05669884 0.56425555
v 0.04454135 0.05721845 0.56421288
v 0.04454135 0.05721845 0.56421288
v 0.04424442 0.05669884 0.56425555
v 0.04284794 0.05667949 0.55796357
v 0.04454135 0.05721845 0.56421288
v 0.04284794 0.05667949 0.55796357
v 0.04317659 0.05721845 0.55793922
v 0.04317659 0.05721845 0.55793922
v 0.04284794 0.05667949 0.55796357
v 0.04065999 0.05669884 0.55204825
v 0.04317659 0.05721845 0.55793922
v 0.04065999 0.05669884 0.55204825
v 0.04093288 0.05721844 0.55192343
v 0.04093288 0.05721844 0.55192343
v 0.04065999 0.05669884 0.55204825
v 0.03760351 0.05669884 0.54645060
v 0.03785588 0.05721844 0.54628837
v 0.03785588 0.05721844 0.54628837
v 0.03760351 0.05669884 0.54645060
v 0.03378153 0.05669884 0.54134508
v 0.03400826 0.05721844 0.54114867
v 0.03400826 0.05721844 0.54114867
v 0.03378153 0.05669884 0.54134508
v 0.02927186 0.05669884 0.53683543
v 0.02946832 0.05721844 0.53660863
v 0.02946832 0.05721844 0.53660863
v 0.02927186 0.05669884 0.53683543
v 0.02416630 0.05669883 0.53301340
v 0.02432848 0.05721844 0.53276108
v 0.02432848 0.05721844 0.53276108
v 0.02416630 0.05669883 0.53301340
v 0.01856878 0.05669883 0.52995692
v 0.01869340 0.05721844 0.52968410
v 0.01869340 0.05721844 0.52968410
v 0.01856878 0.05669883 0.52995692
v 0.01259325 0.05669883 0.52772807
v 0.01267777 0.05721843 0.52744035
v 0.01267777 0.05721843 0.52744035
v 0.01259325 0.05669883 0.52772807
v 0.00636136 0.05669883 0.52637243
v 0.00640405 0.05721843 0.52607544
v 0.00640405 0.05721843 0.52607544
v 0.00636136 0.05669883 0.52637243
v -0.00000003 0.05669883 0.52591748
v -0.00000003 0.05721843 0.52561750
v -0.00000003 0.05721843 0.52561750
v -0.00000003 0.05669883 0.52591748
v -0.00636142 0.05669882 0.52637243
v -0.00640412 0.05721843 0.52607544
v -0.00640412 0.05721843 0.52607544
v -0.00636142 0.05669882 0.52637243
v -0.01259331 0.05669882 0.52772807
v -0.01267783 0.05721843 0.52744035
v -0.01267783 0.05721843 0.52744035
v -0.01259331 0.05669882 0.52772807
v -0.01856884 0.05669882 0.52995692
v -0.01869347 0.05721842 0.52968410
v -0.01869347 0.05721842 0.52968410
v -0.01856884 0.05669882 0.52995692
v -0.02416636 0.05669882 0.53301340
v -0.02432855 0.05721842 0.53276108
v -0.02432855 0.05721842 0.53276108
v -0.02416636 0.05669882 0.53301340
v -0.02927193 0.05669882 0.53683543
v -0.02946839 0.05721842 0.53660863
v -0.02946839 0.05721842 0.53660863
v -0.02927193 0.05669882 0.53683543
v -0.03378160 0.05669882 0.54134508
v -0.03400832 0.05721842 0.54114867
v -0.03400832 0.05721842 0.54114867
v -0.03378160 0.05669882 0.54134508
v -0.03760357 0.05669881 0.54645060
v -0.03785595 0.05721842 0.54628837
v -0.03785595 0.05721842 0.54628837
v -0.03760357 0.05669881 0.54645060
v -0.04066005 0.05669881 0.55204825
v -0.04093294 0.05721842 0.55192343
v -0.04093294 0.05721842 0.55192343
v -0.04066005 0.05669881 0.55204825
v -0.04288881 0.05669881 0.55802375
v -0.04317666 0.05721842 0.55793922
v -0.04317666 0.05721842 0.55793922
v -0.04288881 0.05669881 0.55802375
v -0.04424447 0.05669881 0.56425555
v -0.04454142 0.05721842 0.56421288
v -0.04454142 0.05721842 0.56421288
v -0.04424447 0.05669881 0.56425555
v -0.04469945 0.05669881 0.57061691
v -0.04499945 0.05721842 0.57061691
v -0.04499945 0.05721842 0.57061691
v -0.04469945 0.05669881 0.57061691
v -0.04424447 0.05669881 0.57697828
v -0.04454142 0.05721842 0.57702100
v -0.04454142 0.05721842 0.57702100
v -0.04424447 0.05669881 0.57697828
v -0.04288881 0.05669881 0.58321019
v -0.04317666 0.05721842 0.58329473
v -0.04317666 0.05721842 0.58329473
v -0.04288881 0.05669881 0.58321019
v -0.04066005 0.05669882 0.58918576
v -0.04093294 0.05721842 0.58931046
v -0.04093294 0.05721842 0.58931046
v -0.04066005 0.05669882 0.58918576
v -0.03760357 0.05669882 0.59478335
v -0.03785595 0.05721842 0.59494545
v -0.03785595 0.05721842 0.59494545
v -0.03760357 0.05669882 0.59478335
v -0.03378160 0.05669882 0.59988893
v -0.03400832 0.05721842 0.60008528
v -0.03400832 0.05721842 0.60008528
v -0.03378160 0.05669882 0.59988893
v -0.02927193 0.05669882 0.60439846
v -0.02946839 0.05721842 0.60462526
v -0.02946839 0.05721842 0.60462526
v -0.02927193 0.05669882 0.60439846
v -0.02416636 0.05669882 0.60822061
v -0.02432855 0.05721843 0.60847287
v -0.02432855 0.05721843 0.60847287
v -0.02416636 0.05669882 0.60822061
v -0.01845713 0.05667199 0.61129644
v -0.02432855 0.05721843 0.60847287
v -0.01845713 0.05667199 0.61129644
v -0.01869347 0.05721843 0.61154985
v -0.01869347 0.05721843 0.61154985
v -0.01845713 0.05667199 0.61129644
v -0.01259331 0.05669883 0.61350570
v -0.01869347 0.05721843 0.61154985
v -0.01259331 0.05669883 0.61350570
v -0.01267783 0.05721843 0.61379360
v -0.01267783 0.05721843 0.61379360
v -0.01259331 0.05669883 0.61350570
v -0.00636142 0.05669883 0.61486133
v -0.00640412 0.05721843 0.61515833
v -0.00640412 0.05721843 0.61515833
v -0.00636142 0.05669883 0.61486133
v -0.00000003 0.05669883 0.61531641
v -0.00000003 0.05721843 0.61561651
v -0.00000003 0.05669883 0.61531641
v -0.00000003 0.05721843 0.52561750
v 0.00640405 0.05749882 0.52607544
v 0.00640405 0.05721843 0.52607544
v 0.00640405 0.05721843 0.52607544
v 0.00640405 0.05749882 0.52607544
v 0.01267777 0.05749882 0.52744035
v 0.01267777 0.05721843 0.52744035
v 0.01267777 0.05721843 0.52744035
v 0.01267777 0.05749882 0.52744035
v 0.01869340 0.05749882 0.52968410
v 0.01869340 0.05721844 0.52968410
v 0.01869340 0.05721844 0.52968410
v 0.01869340 0.05749882 0.52968410
v 0.02432848 0.05749882 0.53276108
v 0.02432848 0.05721844 0.53276108
v 0.02432848 0.05721844 0.53276108
v 0.02432848 0.05749882 0.53276108
v 0.02946832 0.05749882 0.53660863
v 0.02946832 0.05721844 0.53660863
v 0.02946832 0.05721844 0.53660863
v 0.02946832 0.05749882 0.53660863
v 0.03400826 0.05749883 0.54114867
v 0.03400826 0.05721844 0.54114867
v 0.03400826 0.05721844 0.54114867
v 0.03400826 0.05749883 0.54114867
v 0.03785588 0.05749883 0.54628837
v 0.03785588 0.05721844 0.54628837
v 0.03785588 0.05721844 0.54628837
v 0.03785588 0.05749883 0.54628837
v 0.04093288 0.05749883 0.55192343
v 0.04093288 0.05721844 0.55192343
v 0.04093288 0.05721844 0.55192343
v 0.04093288 0.05749883 0.55192343
v 0.04317659 0.05749883 0.55793922
v 0.04317659 0.05721845 0.55793922
v 0.04317659 0.05721845 0.55793922
v 0.04317659 0.05749883 0.55793922
v 0.04454135 0.05749883 0.56421288
v 0.04454135 0.05721845 0.56421288
v 0.04454135 0.05721845 0.56421288
v 0.04454135 0.05749883 0.56421288
v 0.04499939 0.05749883 0.57061691
v 0.04499939 0.05721845 0.57061691
v 0.04499939 0.05721845 0.57061691
v 0.04499939 0.05749883 0.57061691
v 0.04454135 0.05749883 0.57702100
v 0.04454135 0.05721845 0.57702100
v 0.04454135 0.05721845 0.57702100
v 0.04454135 0.05749883 0.57702100
v 0.04317659 0.05749883 0.58329473
v 0.04317659 0.05721845 0.58329473
v 0.04317659 0.05721845 0.58329473
v 0.04317659 0.05749883 0.58329473
v 0.04093288 0.05749883 0.58931046
v 0.04093288 0.05721845 0.58931046
v 0.04093288 0.05721845 0.58931046
v 0.04093288 0.05749883 0.58931046
v 0.03785588 0.05749883 0.59494545
v 0.03785588 0.05721845 0.59494545
v 0.03785588 0.05721845 0.59494545
v 0.03785588 0.05749883 0.59494545
v 0.03400826 0.05749883 0.60008528
v 0.03400826 0.05721844 0.60008528
v 0.03400826 0.05721844 0.60008528
v 0.03400826 0.05749883 0.60008528
v 0.02946832 0.05749883 0.60462526
v 0.02946832 0.05721844 0.60462526
v 0.02946832 0.05721844 0.60462526
v 0.02946832 0.05749883 0.60462526
v 0.02432848 0.05749883 0.60847287
v 0.02432848 0.05721844 0.60847287
v 0.02432848 0.05721844 0.60847287
v 0.02432848 0.05749883 0.60847287
v 0.01869340 0.05749882 0.61154985
v 0.01869340 0.05721844 0.61154985
v 0.01869340 0.05721844 0.61154985
v 0.01869340 0.05749882 0.61154985
v 0.01267777 0.05749882 0.61379360
v 0.01267777 0.05721844 0.61379360
v 0.01267777 0.05721844 0.61379360
v 0.01267777 0.05749882 0.61379360
v 0.00640405 0.05749882 0.61515833
v 0.00640405 0.05721844 0.61515833
v 0.00640405 0.05721844 0.61515833
v 0.00640405 0.05749882 0.61515833
v -0.00000003 0.05749882 0.61561651
v -0.00000003 0.05721843 0.61561651
v -0.00000003 0.05721843 0.61561651
v -0.00000003 0.05749882 0.61561651
v -0.00640412 0.05749882 0.61515833
v -0.00640412 0.05721843 0.61515833
v -0.00640412 0.05721843 0.61515833
v -0.00640412 0.05749882 0.61515833
v -0.01267783 0.05749881 0.61379360
v -0.01267783 0.05721843 0.61379360
v -0.01267783 0.05721843 0.61379360
v -0.01267783 0.05749881 0.61379360
v -0.01869347 0.05749881 0.61154985
v -0.01869347 0.05721843 0.61154985
v -0.01869347 0.05721843 0.61154985
v -0.01869347 0.05749881 0.61154985
v -0.02432855 0.05749881 0.60847287
v -0.02432855 0.05721843 0.60847287
v -0.02432855 0.05721843 0.60847287
v -0.02432855 0.05749881 0.60847287
v -0.02946839 0.05749881 0.60462526
v -0.02946839 0.05721842 0.60462526
v -0.02946839 0.05721842 0.60462526
v -0.02946839 0.05749881 0.60462526
v -0.03400832 0.05749881 0.60008528
v -0.03400832 0.05721842 0.60008528
v -0.03400832 0.05721842 0.60008528
v -0.03400832 0.05749881 0.60008528
v -0.03785595 0.05749881 0.59494545
v -0.03785595 0.05721842 0.59494545
v -0.03785595 0.05721842 0.59494545
v -0.03785595 0.05749881 0.59494545
v -0.04093294 0.05749880 0.58931046
v -0.04093294 0.05721842 0.58931046
v -0.04093294 0.05721842 0.58931046
v -0.04093294 0.05749880 0.58931046
v -0.04317666 0.05749880 0.58329473
v -0.04317666 0.05721842 0.58329473
v -0.04317666 0.05721842 0.58329473
v -0.04317666 0.05749880 0.58329473
v -0.04454142 0.05749880 0.57702100
v -0.04454142 0.05721842 0.57702100
v -0.04454142 0.05721842 0.57702100
v -0.04454142 0.05749880 0.57702100
v -0.04499945 0.05749880 0.57061691
v -0.04499945 0.05721842 0.57061691
v -0.04499945 0.05721842 0.57061691
v -0.04499945 0.05749880 0.57061691
v -0.04454142 0.05749880 0.56421288
v -0.04454142 0.05721842 0.56421288
v -0.04454142 0.05721842 0.56421288
v -0.04454142 0.05749880 0.56421288
v -0.04317666 0.05749880 0.55793922
v -0.04317666 0.05721842 0.55793922
v -0.04317666 0.05721842 0.55793922
v -0.04317666 0.05749880 0.55793922
v -0.04093294 0.05749880 0.55192343
v -0.04093294 0.05721842 0.55192343
v -0.04093294 0.05721842 0.55192343
v -0.04093294 0.05749880 0.55192343
v -0.03785595 0.05749880 0.54628837
v -0.03785595 0.05721842 0.54628837
v -0.03785595 0.05721842 0.54628837
v -0.03785595 0.05749880 0.54628837
v -0.03400832 0.05749880 0.54114867
v -0.03400832 0.05721842 0.54114867
v -0.03400832 0.05721842 0.54114867
v -0.03400832 0.05749880 0.54114867
v -0.02946839 0.05749881 0.53660863
v -0.02946839 0.05721842 0.53660863
v -0.02946839 0.05721842 0.53660863
v -0.02946839 0.05749881 0.53660863
v -0.02432855 0.05749881 0.53276108
v -0.02432855 0.05721842 0.53276108
v -0.02432855 0.05721842 0.53276108
v -0.02432855 0.05749881 0.53276108
v -0.01869347 0.05749881 0.52968410
v -0.01869347 0.05721842 0.52968410
v -0.01869347 0.05721842 0.52968410
v -0.01869347 0.05749881 0.52968410
v -0.01267783 0.05749881 0.52744035
v -0.01267783 0.05721843 0.52744035
v -0.01267783 0.05721843 0.52744035
v -0.01267783 0.05749881 0.52744035
v -0.00640412 0.05749881 0.52607544
v -0.00640412 0.05721843 0.52607544
v -0.00640412 0.05721843 0.52607544
v -0.00640412 0.05749881 0.52607544
v -0.00000003 0.05749881 0.52561750
v -0.00000003 0.05721843 0.52561750
v -0.00000003 0.05749881 0.52561750
v 0.01869340 0.05749882 0.61154985
v 0.02432848 0.05749883 0.60847287
v 0.02565820 0.05749883 0.60648064
v 0.02946832 0.05749883 0.60462526
v 0.03060656 0.05749883 0.60236247
v 0.03400826 0.05749883 0.60008528
v 0.03490260 0.05749883 0.59756786
v 0.03785588 0.05749883 0.59494545
v 0.03845473 0.05749883 0.59219879
v 0.04093288 0.05749883 0.58931046
v 0.04118728 0.05749883 0.58636976
v 0.04317659 0.05749883 0.58329473
v 0.04304199 0.05749883 0.58020498
v 0.04454135 0.05749883 0.57702100
v 0.04397934 0.05749883 0.57383574
v 0.04499939 0.05749883 0.57061691
v 0.04397934 0.05749883 0.56739814
v 0.04454135 0.05749883 0.56421288
v 0.04304199 0.05749883 0.56102890
v 0.04317659 0.05749883 0.55793922
v 0.04118728 0.05749883 0.55486407
v 0.04093288 0.05749883 0.55192343
v 0.03845473 0.05749883 0.54903504
v 0.03785588 0.05749883 0.54628837
v 0.03490260 0.05749883 0.54366591
v 0.03400826 0.05749883 0.54114867
v 0.03060656 0.05749882 0.53887117
v 0.02946832 0.05749882 0.53660863
v 0.02565820 0.05749882 0.53475324
v 0.02432848 0.05749882 0.53276108
v 0.02016299 0.05749882 0.53139947
v 0.01869340 0.05749882 0.52968410
v 0.01423803 0.05749882 0.52888180
v 0.01267777 0.05749882 0.52744035
v 0.00800961 0.05749882 0.52725346
v 0.00640405 0.05749882 0.52607544
v 0.00161048 0.05749881 0.52654937
v -0.00000003 0.05749881 0.52561750
v -0.00482297 0.05749881 0.52678447
v -0.00640412 0.05749881 0.52607544
v -0.01115363 0.05749881 0.52795371
v -0.01267783 0.05749881 0.52744035
v -0.01724658 0.05749881 0.53003242
v -0.01869347 0.05749881 0.52968410
v -0.02297194 0.05749881 0.53297604
v -0.02432855 0.05749881 0.53276108
v -0.02820769 0.05749881 0.53672185
v -0.02946839 0.05749881 0.53660863
v -0.03284225 0.05749880 0.54119017
v -0.03400832 0.05749880 0.54114867
v -0.03677683 0.05749880 0.54628569
v -0.03785595 0.05749880 0.54628837
v -0.03992758 0.05749880 0.55189963
v -0.04093294 0.05749880 0.55192343
v -0.04222735 0.05749880 0.55791267
v -0.04317666 0.05749880 0.55793922
v -0.04362711 0.05749880 0.56419634
v -0.04454142 0.05749880 0.56421288
v -0.04409704 0.05749880 0.57061691
v -0.04499945 0.05749880 0.57061691
v -0.04362711 0.05749880 0.57703761
v -0.04454142 0.05749880 0.57702100
v -0.04222735 0.05749880 0.58332122
v -0.04317666 0.05749880 0.58329473
v -0.03992758 0.05749880 0.58933426
v -0.04093294 0.05749880 0.58931046
v -0.03677683 0.05749881 0.59494826
v -0.03785595 0.05749881 0.59494545
v -0.03284225 0.05749881 0.60004372
v -0.03400832 0.05749881 0.60008528
v -0.02820769 0.05749881 0.60451192
v -0.02946839 0.05749881 0.60462526
v -0.02297194 0.05749881 0.60825778
v -0.02432855 0.05749881 0.60847287
v -0.01724658 0.05749881 0.61120147
v -0.01869347 0.05749881 0.61154985
v -0.01115363 0.05749881 0.61328006
v -0.01267783 0.05749881 0.61379360
v -0.00482297 0.05749882 0.61444929
v -0.00640412 0.05749882 0.61515833
v 0.00161048 0.05749882 0.61468464
v -0.00000003 0.05749882 0.61561651
v 0.00800961 0.05749882 0.61398042
v 0.00640405 0.05749882 0.61515833
v 0.01423803 0.05749882 0.61235215
v 0.01267777 0.05749882 0.61379360
v 0.02016299 0.05749882 0.60983418
v -0.04409704 0.05749880 0.57061691
v -0.04362711 0.05749880 0.57703761
v -0.04404390 0.05810419 0.57329156
v -0.04404390 0.05810419 0.57329156
v -0.04362711 0.05749880 0.57703761
v -0.04351718 0.05808197 0.57785272
v -0.04222735 0.05749880 0.58332122
v -0.04256230 0.05806208 0.58219354
v -0.04362711 0.05749880 0.57703761
v -0.04362711 0.05749880 0.57703761
v -0.04256230 0.05806208 0.58219354
v -0.04351718 0.05808197 0.57785272
v -0.04256230 0.05806208 0.58219354
v -0.04222735 0.05749880 0.58332122
v -0.04113935 0.05808462 0.58655079
v -0.04113935 0.05808462 0.58655079
v -0.04222735 0.05749880 0.58332122
v -0.03992758 0.05749880 0.58933426
v -0.04113935 0.05808462 0.58655079
v -0.03992758 0.05749880 0.58933426
v -0.03925636 0.05804182 0.59071931
v -0.03925636 0.05804182 0.59071931
v -0.03992758 0.05749880 0.58933426
v -0.03677683 0.05749881 0.59494826
v -0.03925636 0.05804182 0.59071931
v -0.03677683 0.05749881 0.59494826
v -0.03701212 0.05804502 0.59460366
v -0.03284225 0.05749881 0.60004372
v -0.03434285 0.05801990 0.59828251
v -0.03677683 0.05749881 0.59494826
v -0.03677683 0.05749881 0.59494826
v -0.03434285 0.05801990 0.59828251
v -0.03701212 0.05804502 0.59460366
v -0.02820769 0.05749881 0.60451192
v -0.02791876 0.05808256 0.60477345
v -0.03129942 0.05802594 0.60168707
v -0.02820769 0.05749881 0.60451192
v -0.03129942 0.05802594 0.60168707
v -0.03284225 0.05749881 0.60004372
v -0.03284225 0.05749881 0.60004372
v -0.03129942 0.05802594 0.60168707
v -0.03434285 0.05801990 0.59828251
v -0.02791876 0.05808256 0.60477345
v -0.02820769 0.05749881 0.60451192
v -0.02430180 0.05804799 0.60742533
v -0.02430180 0.05804799 0.60742533
v -0.02820769 0.05749881 0.60451192
v -0.02297194 0.05749881 0.60825778
v -0.02430180 0.05804799 0.60742533
v -0.02297194 0.05749881 0.60825778
v -0.02033980 0.05807876 0.60976039
v -0.02033980 0.05807876 0.60976039
v -0.02297194 0.05749881 0.60825778
v -0.01724658 0.05749881 0.61120147
v -0.02033980 0.05807876 0.60976039
v -0.01724658 0.05749881 0.61120147
v -0.01621445 0.05804362 0.61163316
v -0.01115363 0.05749881 0.61328006
v -0.01201495 0.05810088 0.61307046
v -0.01724658 0.05749881 0.61120147
v -0.01724658 0.05749881 0.61120147
v -0.01201495 0.05810088 0.61307046
v -0.01621445 0.05804362 0.61163316
v -0.00482297 0.05749882 0.61444929
v -0.00752892 0.05801938 0.61406929
v -0.01115363 0.05749881 0.61328006
v -0.01115363 0.05749881 0.61328006
v -0.00752892 0.05801938 0.61406929
v -0.01201495 0.05810088 0.61307046
v 0.00161048 0.05749882 0.61468464
v 0.00152158 0.05802788 0.61469294
v -0.00299513 0.05804707 0.61462183
v 0.00161048 0.05749882 0.61468464
v -0.00299513 0.05804707 0.61462183
v -0.00482297 0.05749882 0.61444929
v -0.00482297 0.05749882 0.61444929
v -0.00299513 0.05804707 0.61462183
v -0.00752892 0.05801938 0.61406929
v 0.00152158 0.05802788 0.61469294
v 0.00161048 0.05749882 0.61468464
v 0.00601853 0.05805986 0.61431172
v 0.00601853 0.05805986 0.61431172
v 0.00161048 0.05749882 0.61468464
v 0.00800961 0.05749882 0.61398042
v 0.00601853 0.05805986 0.61431172
v 0.00800961 0.05749882 0.61398042
v 0.01052609 0.05806517 0.61345364
v 0.01052609 0.05806517 0.61345364
v 0.00800961 0.05749882 0.61398042
v 0.01423803 0.05749882 0.61235215
v 0.01052609 0.05806517 0.61345364
v 0.01423803 0.05749882 0.61235215
v 0.01493585 0.05810123 0.61213334
v 0.02016299 0.05749882 0.60983418
v 0.01901009 0.05808081 0.61042426
v 0.01423803 0.05749882 0.61235215
v 0.01423803 0.05749882 0.61235215
v 0.01901009 0.05808081 0.61042426
v 0.01493585 0.05810123 0.61213334
v 0.01901009 0.05808081 0.61042426
v 0.02016299 0.05749882 0.60983418
v 0.02305208 0.05808452 0.60823239
v 0.02305208 0.05808452 0.60823239
v 0.02016299 0.05749882 0.60983418
v 0.02565820 0.05749883 0.60648064
v 0.02305208 0.05808452 0.60823239
v 0.02565820 0.05749883 0.60648064
v 0.02686889 0.05810058 0.60561322
v 0.03060656 0.05749883 0.60236247
v 0.03023023 0.05802668 0.60272825
v 0.02565820 0.05749883 0.60648064
v 0.02565820 0.05749883 0.60648064
v 0.03023023 0.05802668 0.60272825
v 0.02686889 0.05810058 0.60561322
v 0.03490260 0.05749883 0.59756786
v 0.03339524 0.05808508 0.59944601
v 0.03060656 0.05749883 0.60236247
v 0.03060656 0.05749883 0.60236247
v 0.03339524 0.05808508 0.59944601
v 0.03023023 0.05802668 0.60272825
v 0.03845473 0.05749883 0.59219879
v 0.03858766 0.05804555 0.59197760
v 0.03621285 0.05807902 0.59580738
v 0.03845473 0.05749883 0.59219879
v 0.03621285 0.05807902 0.59580738
v 0.03490260 0.05749883 0.59756786
v 0.03490260 0.05749883 0.59756786
v 0.03621285 0.05807902 0.59580738
v 0.03339524 0.05808508 0.59944601
v 0.03858766 0.05804555 0.59197760
v 0.03845473 0.05749883 0.59219879
v 0.04055764 0.05807979 0.58796703
v 0.04055764 0.05807979 0.58796703
v 0.03845473 0.05749883 0.59219879
v 0.04118728 0.05749883 0.58636976
v 0.04055764 0.05807979 0.58796703
v 0.04118728 0.05749883 0.58636976
v 0.04213719 0.05804502 0.58364659
v 0.04213719 0.05804502 0.58364659
v 0.04118728 0.05749883 0.58636976
v 0.04304199 0.05749883 0.58020498
v 0.04213719 0.05804502 0.58364659
v 0.04304199 0.05749883 0.58020498
v 0.04325815 0.05804375 0.57921727
v 0.04397934 0.05749883 0.57383574
v 0.04390699 0.05804402 0.57478886
v 0.04304199 0.05749883 0.58020498
v 0.04304199 0.05749883 0.58020498
v 0.04390699 0.05804402 0.57478886
v 0.04325815 0.05804375 0.57921727
v 0.04397934 0.05749883 0.56739814
v 0.04409811 0.05801921 0.57023227
v 0.04397934 0.05749883 0.57383574
v 0.04397934 0.05749883 0.57383574
v 0.04409811 0.05801921 0.57023227
v 0.04390699 0.05804402 0.57478886
v 0.04304199 0.05749883 0.56102890
v 0.04308928 0.05802733 0.56121982
v 0.04383377 0.05806671 0.56567228
v 0.04304199 0.05749883 0.56102890
v 0.04383377 0.05806671 0.56567228
v 0.04397934 0.05749883 0.56739814
v 0.04397934 0.05749883 0.56739814
v 0.04383377 0.05806671 0.56567228
v 0.04409811 0.05801921 0.57023227
v 0.04308928 0.05802733 0.56121982
v 0.04304199 0.05749883 0.56102890
v 0.04189494 0.05802046 0.55684603
v 0.04189494 0.05802046 0.55684603
v 0.04304199 0.05749883 0.56102890
v 0.04118728 0.05749883 0.55486407
v 0.04189494 0.05802046 0.55684603
v 0.04118728 0.05749883 0.55486407
v 0.04025519 0.05806535 0.55258071
v 0.04025519 0.05806535 0.55258071
v 0.04118728 0.05749883 0.55486407
v 0.03845473 0.05749883 0.54903504
v 0.04025519 0.05806535 0.55258071
v 0.03845473 0.05749883 0.54903504
v 0.03817199 0.05806334 0.54851429
v 0.03490260 0.05749883 0.54366591
v 0.03572639 0.05802324 0.54476111
v 0.03845473 0.05749883 0.54903504
v 0.03845473 0.05749883 0.54903504
v 0.03572639 0.05802324 0.54476111
v 0.03817199 0.05806334 0.54851429
v 0.03572639 0.05802324 0.54476111
v 0.03490260 0.05749883 0.54366591
v 0.03286228 0.05802460 0.54120549
v 0.03286228 0.05802460 0.54120549
v 0.03490260 0.05749883 0.54366591
v 0.03060656 0.05749882 0.53887117
v 0.03286228 0.05802460 0.54120549
v 0.03060656 0.05749882 0.53887117
v 0.02963130 0.05806224 0.53794302
v 0.02565820 0.05749882 0.53475324
v 0.02620004 0.05808234 0.53512525
v 0.03060656 0.05749882 0.53887117
v 0.03060656 0.05749882 0.53887117
v 0.02620004 0.05808234 0.53512525
v 0.02963130 0.05806224 0.53794302
v 0.02016299 0.05749882 0.53139947
v 0.02236848 0.05804536 0.53260410
v 0.02565820 0.05749882 0.53475324
v 0.02565820 0.05749882 0.53475324
v 0.02236848 0.05804536 0.53260410
v 0.02620004 0.05808234 0.53512525
v 0.01423803 0.05749882 0.52888180
v 0.01409854 0.05804581 0.52882540
v 0.01828886 0.05807914 0.53047412
v 0.01423803 0.05749882 0.52888180
v 0.01828886 0.05807914 0.53047412
v 0.02016299 0.05749882 0.53139947
v 0.02016299 0.05749882 0.53139947
v 0.01828886 0.05807914 0.53047412
v 0.02236848 0.05804536 0.53260410
v 0.01409854 0.05804581 0.52882540
v 0.01423803 0.05749882 0.52888180
v 0.00977216 0.05804101 0.52760972
v 0.00977216 0.05804101 0.52760972
v 0.01423803 0.05749882 0.52888180
v 0.00800961 0.05749882 0.52725346
v 0.00977216 0.05804101 0.52760972
v 0.00800961 0.05749882 0.52725346
v 0.00526371 0.05808473 0.52681475
v 0.00526371 0.05808473 0.52681475
v 0.00800961 0.05749882 0.52725346
v 0.00161048 0.05749881 0.52654937
v 0.00526371 0.05808473 0.52681475
v 0.00161048 0.05749881 0.52654937
v 0.00069528 0.05806295 0.52651318
v -0.00482297 0.05749881 0.52678447
v -0.00375825 0.05806256 0.52666857
v 0.00161048 0.05749881 0.52654937
v 0.00161048 0.05749881 0.52654937
v -0.00375825 0.05806256 0.52666857
v 0.00069528 0.05806295 0.52651318
v -0.00375825 0.05806256 0.52666857
v -0.00482297 0.05749881 0.52678447
v -0.00829837 0.05806492 0.52729362
v -0.00829837 0.05806492 0.52729362
v -0.00482297 0.05749881 0.52678447
v -0.01115363 0.05749881 0.52795371
v -0.00829837 0.05806492 0.52729362
v -0.01115363 0.05749881 0.52795371
v -0.01276474 0.05807999 0.52839096
v -0.01276474 0.05807999 0.52839096
v -0.01115363 0.05749881 0.52795371
v -0.01724658 0.05749881 0.53003242
v -0.01276474 0.05807999 0.52839096
v -0.01724658 0.05749881 0.53003242
v -0.01694811 0.05808274 0.52988752
v -0.02297194 0.05749881 0.53297604
v -0.02103710 0.05807900 0.53184392
v -0.01724658 0.05749881 0.53003242
v -0.01724658 0.05749881 0.53003242
v -0.02103710 0.05807900 0.53184392
v -0.01694811 0.05808274 0.52988752
v -0.02820769 0.05749881 0.53672185
v -0.02859993 0.05808260 0.53702873
v -0.02495835 0.05804551 0.53425185
v -0.02820769 0.05749881 0.53672185
v -0.02495835 0.05804551 0.53425185
v -0.02297194 0.05749881 0.53297604
v -0.02297194 0.05749881 0.53297604
v -0.02495835 0.05804551 0.53425185
v -0.02103710 0.05807900 0.53184392
v -0.02859993 0.05808260 0.53702873
v -0.02820769 0.05749881 0.53672185
v -0.03183017 0.05808030 0.54007489
v -0.03183017 0.05808030 0.54007489
v -0.02820769 0.05749881 0.53672185
v -0.03284225 0.05749880 0.54119017
v -0.03183017 0.05808030 0.54007489
v -0.03284225 0.05749880 0.54119017
v -0.03482719 0.05802475 0.54356075
v -0.03482719 0.05802475 0.54356075
v -0.03284225 0.05749880 0.54119017
v -0.03677683 0.05749880 0.54628569
v -0.03482719 0.05802475 0.54356075
v -0.03677683 0.05749880 0.54628569
v -0.03743669 0.05802412 0.54730520
v -0.03992758 0.05749880 0.55189963
v -0.03961359 0.05804470 0.55122556
v -0.03677683 0.05749880 0.54628569
v -0.03677683 0.05749880 0.54628569
v -0.03961359 0.05804470 0.55122556
v -0.03743669 0.05802412 0.54730520
v -0.03961359 0.05804470 0.55122556
v -0.03992758 0.05749880 0.55189963
v -0.04141854 0.05808483 0.55542320
v -0.04141854 0.05808483 0.55542320
v -0.03992758 0.05749880 0.55189963
v -0.04222735 0.05749880 0.55791267
v -0.04141854 0.05808483 0.55542320
v -0.04222735 0.05749880 0.55791267
v -0.04275637 0.05804061 0.55979955
v -0.04275637 0.05804061 0.55979955
v -0.04222735 0.05749880 0.55791267
v -0.04362711 0.05749880 0.56419634
v -0.04275637 0.05804061 0.55979955
v -0.04362711 0.05749880 0.56419634
v -0.04365454 0.05808317 0.56425744
v -0.04404390 0.05810419 0.57329156
v -0.04407064 0.05807941 0.56869000
v -0.04409704 0.05749880 0.57061691
v -0.04409704 0.05749880 0.57061691
v -0.04407064 0.05807941 0.56869000
v -0.04362711 0.05749880 0.56419634
v -0.04362711 0.05749880 0.56419634
v -0.04407064 0.05807941 0.56869000
v -0.04365454 0.05808317 0.56425744
v -0.01641034 0.05808221 0.61201152
v -0.02054373 0.05813572 0.61008857
v -0.01640825 0.05819029 0.61186833
v -0.01204700 0.05808298 0.61348440
v -0.01641034 0.05808221 0.61201152
v -0.01210596 0.05819806 0.61330984
v -0.01210596 0.05819806 0.61330984
v -0.01641034 0.05808221 0.61201152
v -0.01640825 0.05819029 0.61186833
v -0.00756660 0.05813581 0.61446662
v -0.01204700 0.05808298 0.61348440
v -0.01210596 0.05819806 0.61330984
v -0.00304404 0.05808239 0.61504138
v -0.00756660 0.05813581 0.61446662
v -0.00308481 0.05819029 0.61490461
v 0.00160587 0.05813284 0.61509033
v -0.00304404 0.05808239 0.61504138
v -0.00308481 0.05819029 0.61490461
v 0.00160587 0.05813284 0.61509033
v -0.00308481 0.05819029 0.61490461
v 0.00147134 0.05818897 0.61482868
v 0.00616993 0.05813288 0.61468934
v 0.00160587 0.05813284 0.61509033
v 0.00600486 0.05819482 0.61448469
v 0.00600486 0.05819482 0.61448469
v 0.00160587 0.05813284 0.61509033
v 0.00147134 0.05818897 0.61482868
v 0.01062644 0.05813581 0.61382723
v 0.00616993 0.05813288 0.61468934
v 0.01048434 0.05819482 0.61363454
v 0.01048434 0.05819482 0.61363454
v 0.00616993 0.05813288 0.61468934
v 0.00600486 0.05819482 0.61448469
v 0.01500040 0.05808224 0.61254307
v 0.01062644 0.05813581 0.61382723
v 0.01486936 0.05819806 0.61242777
v 0.01486936 0.05819806 0.61242777
v 0.01062644 0.05813581 0.61382723
v 0.01048434 0.05819482 0.61363454
v 0.01486936 0.05819806 0.61242777
v 0.01048434 0.05819482 0.61363454
v 0.01493585 0.05810123 0.61213334
v 0.01925739 0.05809956 0.61075708
v 0.01500040 0.05808224 0.61254307
v 0.01486936 0.05819806 0.61242777
v 0.01925739 0.05809956 0.61075708
v 0.01486936 0.05819806 0.61242777
v 0.01903990 0.05820293 0.61065668
v 0.01903990 0.05820293 0.61065668
v 0.01486936 0.05819806 0.61242777
v 0.01493585 0.05810123 0.61213334
v 0.01903990 0.05820293 0.61065668
v 0.01493585 0.05810123 0.61213334
v 0.01901009 0.05808081 0.61042426
v 0.02326370 0.05813593 0.60854892
v 0.01925739 0.05809956 0.61075708
v 0.01903990 0.05820293 0.61065668
v 0.02326370 0.05813593 0.60854892
v 0.01903990 0.05820293 0.61065668
v 0.02307202 0.05819582 0.60843087
v 0.02307202 0.05819582 0.60843087
v 0.01903990 0.05820293 0.61065668
v 0.02305208 0.05808452 0.60823239
v 0.02305208 0.05808452 0.60823239
v 0.01903990 0.05820293 0.61065668
v 0.01901009 0.05808081 0.61042426
v -0.03961359 0.05804470 0.55122556
v -0.04141854 0.05808483 0.55542320
v -0.03972136 0.05817264 0.55118131
v -0.03961359 0.05804470 0.55122556
v -0.03972136 0.05817264 0.55118131
v -0.03750250 0.05818896 0.54715640
v -0.02109509 0.05819581 0.53166558
v -0.02506616 0.05819027 0.53397536
v -0.02128039 0.05813583 0.53153771
v -0.02109509 0.05819581 0.53166558
v -0.02128039 0.05813583 0.53153771
v -0.01719089 0.05813281 0.52956905
v 0.02703138 0.05809890 0.60599274
v 0.02326370 0.05813593 0.60854892
v 0.02686015 0.05819841 0.60591534
v 0.02686015 0.05819841 0.60591534
v 0.02326370 0.05813593 0.60854892
v 0.02307202 0.05819582 0.60843087
v 0.02686015 0.05819841 0.60591534
v 0.02307202 0.05819582 0.60843087
v 0.02686889 0.05810058 0.60561322
v 0.02686889 0.05810058 0.60561322
v 0.02307202 0.05819582 0.60843087
v 0.02305208 0.05808452 0.60823239
v -0.03183017 0.05808030 0.54007489
v -0.03489170 0.05818898 0.54342476
v -0.03193106 0.05819989 0.53988666
v -0.03183017 0.05808030 0.54007489
v -0.03193106 0.05819989 0.53988666
v -0.02860237 0.05819989 0.53676664
v -0.02499621 0.05817258 0.53413808
v -0.02860237 0.05819989 0.53676664
v -0.02506616 0.05819027 0.53397536
v -0.02499621 0.05817258 0.53413808
v -0.02506616 0.05819027 0.53397536
v -0.02109509 0.05819581 0.53166558
v -0.01697790 0.05819580 0.52970283
v -0.02109509 0.05819581 0.53166558
v -0.01719089 0.05813281 0.52956905
v -0.01697790 0.05819580 0.52970283
v -0.01719089 0.05813281 0.52956905
v -0.01278624 0.05813231 0.52799021
v 0.03056531 0.05813280 0.60296213
v 0.02703138 0.05809890 0.60599274
v 0.02686015 0.05819841 0.60591534
v 0.03056531 0.05813280 0.60296213
v 0.02686015 0.05819841 0.60591534
v 0.03029136 0.05818893 0.60285435
v 0.03029136 0.05818893 0.60285435
v 0.02686015 0.05819841 0.60591534
v 0.02686889 0.05810058 0.60561322
v 0.03029136 0.05818893 0.60285435
v 0.02686889 0.05810058 0.60561322
v 0.03023023 0.05802668 0.60272825
v -0.03743669 0.05802412 0.54730520
v -0.03961359 0.05804470 0.55122556
v -0.03750250 0.05818896 0.54715640
v -0.03743669 0.05802412 0.54730520
v -0.03750250 0.05818896 0.54715640
v -0.03489170 0.05818898 0.54342476
v -0.02859993 0.05808260 0.53702873
v -0.03183017 0.05808030 0.54007489
v -0.02860237 0.05819989 0.53676664
v -0.02859993 0.05808260 0.53702873
v -0.02860237 0.05819989 0.53676664
v -0.02499621 0.05817258 0.53413808
v -0.01268165 0.05819581 0.52817423
v -0.01697790 0.05819580 0.52970283
v -0.01278624 0.05813231 0.52799021
v -0.01268165 0.05819581 0.52817423
v -0.01278624 0.05813231 0.52799021
v -0.00838789 0.05813580 0.52691698
v 0.03372939 0.05813285 0.59964748
v 0.03056531 0.05813280 0.60296213
v 0.03347856 0.05819582 0.59962392
v 0.03347856 0.05819582 0.59962392
v 0.03056531 0.05813280 0.60296213
v 0.03029136 0.05818893 0.60285435
v 0.03347856 0.05819582 0.59962392
v 0.03029136 0.05818893 0.60285435
v 0.03339524 0.05808508 0.59944601
v 0.03339524 0.05808508 0.59944601
v 0.03029136 0.05818893 0.60285435
v 0.03023023 0.05802668 0.60272825
v 0.03628410 0.05819582 0.59602698
v 0.03621285 0.05807902 0.59580738
v 0.03867661 0.05819255 0.59212860
v 0.04402382 0.05817265 0.57479136
v 0.04341353 0.05820841 0.57941007
v 0.04390699 0.05804402 0.57478886
v 0.04402382 0.05817265 0.57479136
v 0.04390699 0.05804402 0.57478886
v 0.04423480 0.05818896 0.57028470
v 0.04423480 0.05818896 0.57028470
v 0.04390699 0.05804402 0.57478886
v 0.04409811 0.05801921 0.57023227
v 0.04423480 0.05818896 0.57028470
v 0.04409811 0.05801921 0.57023227
v 0.04383377 0.05806671 0.56567228
v 0.03890798 0.05813236 0.59222003
v 0.03650704 0.05813581 0.59605866
v 0.03867661 0.05819255 0.59212860
v 0.03890798 0.05813236 0.59222003
v 0.03867661 0.05819255 0.59212860
v 0.04071871 0.05819991 0.58810753
v 0.04239485 0.05819030 0.58379179
v 0.04071871 0.05819991 0.58810753
v 0.04223909 0.05817264 0.58370811
v 0.04239485 0.05819030 0.58379179
v 0.04223909 0.05817264 0.58370811
v 0.04341353 0.05820841 0.57941007
v 0.04323149 0.05818897 0.56124332
v 0.04383377 0.05806671 0.56567228
v 0.04308928 0.05802733 0.56121982
v 0.04323149 0.05818897 0.56124332
v 0.04308928 0.05802733 0.56121982
v 0.04189494 0.05802046 0.55684603
v 0.04400772 0.05819482 0.56574326
v 0.04423480 0.05818896 0.57028470
v 0.04383377 0.05806671 0.56567228
v 0.04400772 0.05819482 0.56574326
v 0.04383377 0.05806671 0.56567228
v 0.04323149 0.05818897 0.56124332
v 0.04203862 0.05818897 0.55684799
v 0.04203862 0.05818897 0.55684799
v 0.04189494 0.05802046 0.55684603
v 0.04025519 0.05806535 0.55258071
v 0.04044109 0.05819482 0.55259060
v 0.04203862 0.05818897 0.55684799
v 0.04025519 0.05806535 0.55258071
v 0.04044109 0.05819482 0.55259060
v 0.04025519 0.05806535 0.55258071
v 0.03817199 0.05806334 0.54851429
v 0.03585992 0.05818896 0.54471539
v 0.03817199 0.05806334 0.54851429
v 0.03572639 0.05802324 0.54476111
v 0.03585992 0.05818896 0.54471539
v 0.03572639 0.05802324 0.54476111
v 0.03286228 0.05802460 0.54120549
v 0.04422841 0.05813231 0.56567972
v 0.04449568 0.05813584 0.57019950
v 0.04400772 0.05819482 0.56574326
v 0.04422841 0.05813231 0.56567972
v 0.04400772 0.05819482 0.56574326
v 0.04323149 0.05818897 0.56124332
v 0.04060499 0.05813580 0.55241604
v 0.04225210 0.05813286 0.55664529
v 0.04044109 0.05819482 0.55259060
v 0.04060499 0.05813580 0.55241604
v 0.04044109 0.05819482 0.55259060
v 0.03837340 0.05819482 0.54852815
v 0.02244289 0.05817265 0.53251389
v 0.02620004 0.05808234 0.53512525
v 0.02236848 0.05804536 0.53260410
v 0.02244289 0.05817265 0.53251389
v 0.02236848 0.05804536 0.53260410
v 0.01828886 0.05807914 0.53047412
v 0.03318681 0.05813231 0.54096630
v 0.03602345 0.05813584 0.54449512
v 0.03300683 0.05818897 0.54116570
v 0.03318681 0.05813231 0.54096630
v 0.03300683 0.05818897 0.54116570
v 0.02983815 0.05819482 0.53790433
v 0.01854829 0.05820291 0.53034699
v 0.02244289 0.05817265 0.53251389
v 0.01828886 0.05807914 0.53047412
v 0.01854829 0.05820291 0.53034699
v 0.01828886 0.05807914 0.53047412
v 0.01417424 0.05817259 0.52872903
v 0.00979238 0.05817269 0.52749333
v 0.01417424 0.05817259 0.52872903
v 0.00977216 0.05804101 0.52760972
v 0.00979238 0.05817269 0.52749333
v 0.00977216 0.05804101 0.52760972
v 0.00526371 0.05808473 0.52681475
v 0.01426216 0.05819030 0.52857541
v 0.01854829 0.05820291 0.53034699
v 0.01417424 0.05817259 0.52872903
v 0.01426216 0.05819030 0.52857541
v 0.01417424 0.05817259 0.52872903
v 0.00979238 0.05817269 0.52749333
v 0.00542368 0.05820292 0.52661358
v 0.00979238 0.05817269 0.52749333
v 0.00526371 0.05808473 0.52681475
v 0.00542368 0.05820292 0.52661358
v 0.00526371 0.05808473 0.52681475
v 0.00081645 0.05819482 0.52634765
v 0.00081645 0.05819482 0.52634765
v 0.00526371 0.05808473 0.52681475
v 0.00069528 0.05806295 0.52651318
v 0.00081645 0.05819482 0.52634765
v 0.00069528 0.05806295 0.52651318
v -0.00375825 0.05806256 0.52666857
v -0.00825533 0.05819481 0.52711644
v -0.00373899 0.05819484 0.52649816
v -0.00829837 0.05806492 0.52729362
v -0.00825533 0.05819481 0.52711644
v -0.00829837 0.05806492 0.52729362
v -0.01276474 0.05807999 0.52839096
v 0.02256714 0.05808260 0.53223088
v 0.02638012 0.05809945 0.53475373
v 0.02256039 0.05819027 0.53238151
v 0.02256714 0.05808260 0.53223088
v 0.02256039 0.05819027 0.53238151
v 0.01849940 0.05810191 0.53012452
v 0.01849940 0.05810191 0.53012452
v 0.02256039 0.05819027 0.53238151
v 0.01854829 0.05820291 0.53034699
v 0.01849940 0.05810191 0.53012452
v 0.01854829 0.05820291 0.53034699
v 0.01426216 0.05819030 0.52857541
v 0.01425759 0.05808238 0.52843252
v 0.01849940 0.05810191 0.53012452
v 0.01426216 0.05819030 0.52857541
v 0.01425759 0.05808238 0.52843252
v 0.01426216 0.05819030 0.52857541
v 0.00986354 0.05819031 0.52733177
v 0.00078240 0.05813223 0.52612066
v 0.00542368 0.05820292 0.52661358
v 0.00081645 0.05819482 0.52634765
v 0.00078240 0.05813223 0.52612066
v 0.00081645 0.05819482 0.52634765
v -0.00373899 0.05819484 0.52649816
v -0.01697790 0.05819580 0.52970283
v -0.01268165 0.05819581 0.52817423
v -0.01694811 0.05808274 0.52988752
v -0.01697790 0.05819580 0.52970283
v -0.01694811 0.05808274 0.52988752
v -0.02103710 0.05807900 0.53184392
v -0.02499621 0.05817258 0.53413808
v -0.02103710 0.05807900 0.53184392
v -0.02495835 0.05804551 0.53425185
v -0.02499621 0.05817258 0.53413808
v -0.02495835 0.05804551 0.53425185
v -0.02859993 0.05808260 0.53702873
v 0.00983160 0.05808494 0.52718938
v 0.01425759 0.05808238 0.52843252
v 0.00986354 0.05819031 0.52733177
v 0.00983160 0.05808494 0.52718938
v 0.00986354 0.05819031 0.52733177
v 0.00533154 0.05809876 0.52641595
v 0.00533154 0.05809876 0.52641595
v 0.00986354 0.05819031 0.52733177
v 0.00542368 0.05820292 0.52661358
v 0.00533154 0.05809876 0.52641595
v 0.00542368 0.05820292 0.52661358
v 0.00078240 0.05813223 0.52612066
v -0.00389330 0.05813280 0.52628527
v 0.00078240 0.05813223 0.52612066
v -0.00373899 0.05819484 0.52649816
v -0.00389330 0.05813280 0.52628527
v -0.00373899 0.05819484 0.52649816
v -0.00825533 0.05819481 0.52711644
v -0.02109509 0.05819581 0.53166558
v -0.02109509 0.05819581 0.53166558
v -0.02103710 0.05807900 0.53184392
v -0.02499621 0.05817258 0.53413808
v -0.04285709 0.05817263 0.55971740
v -0.04141854 0.05808483 0.55542320
v -0.04275637 0.05804061 0.55979955
v -0.04285709 0.05817263 0.55971740
v -0.04275637 0.05804061 0.55979955
v -0.04365454 0.05808317 0.56425744
v -0.02880399 0.05811556 0.53668004
v -0.02506616 0.05819027 0.53397536
v -0.02860237 0.05819989 0.53676664
v -0.02880399 0.05811556 0.53668004
v -0.02860237 0.05819989 0.53676664
v -0.03193106 0.05819989 0.53988666
v -0.04156511 0.05819988 0.55524541
v -0.03972136 0.05817264 0.55118131
v -0.04141854 0.05808483 0.55542320
v -0.04156511 0.05819988 0.55524541
v -0.04141854 0.05808483 0.55542320
v -0.04285709 0.05817263 0.55971740
v -0.03774429 0.05813233 0.54703946
v -0.03514903 0.05813585 0.54332985
v -0.03750250 0.05818896 0.54715640
v -0.03774429 0.05813233 0.54703946
v -0.03750250 0.05818896 0.54715640
v -0.03986242 0.05819028 0.55107475
v -0.04383049 0.05819988 0.56407269
v -0.04285709 0.05817263 0.55971740
v -0.04365454 0.05808317 0.56425744
v -0.04383049 0.05819988 0.56407269
v -0.04365454 0.05808317 0.56425744
v -0.04407064 0.05807941 0.56869000
v -0.04301699 0.05819026 0.55964190
v -0.04156511 0.05819988 0.55524541
v -0.04285709 0.05817263 0.55971740
v -0.04301699 0.05819026 0.55964190
v -0.04285709 0.05817263 0.55971740
v -0.04383049 0.05819988 0.56407269
v -0.04427107 0.05819988 0.56861419
v -0.04383049 0.05819988 0.56407269
v -0.04407064 0.05807941 0.56869000
v -0.04427107 0.05819988 0.56861419
v -0.04407064 0.05807941 0.56869000
v -0.04404390 0.05810419 0.57329156
v -0.04179170 0.05811895 0.55530461
v -0.03986242 0.05819028 0.55107475
v -0.04156511 0.05819988 0.55524541
v -0.04179170 0.05811895 0.55530461
v -0.04156511 0.05819988 0.55524541
v -0.04301699 0.05819026 0.55964190
v -0.04430048 0.05819803 0.57320923
v -0.04427107 0.05819988 0.56861419
v -0.04404390 0.05810419 0.57329156
v -0.04430048 0.05819803 0.57320923
v -0.04404390 0.05810419 0.57329156
v -0.04371988 0.05819580 0.57774341
v -0.04371988 0.05819580 0.57774341
v -0.04404390 0.05810419 0.57329156
v -0.04351718 0.05808197 0.57785272
v -0.04371988 0.05819580 0.57774341
v -0.04351718 0.05808197 0.57785272
v -0.04273355 0.05819480 0.58220484
v -0.04273355 0.05819480 0.58220484
v -0.04351718 0.05808197 0.57785272
v -0.04256230 0.05806208 0.58219354
v -0.04273355 0.05819480 0.58220484
v -0.04256230 0.05806208 0.58219354
v -0.04113935 0.05808462 0.58655079
v -0.04315913 0.05808218 0.55965795
v -0.04179170 0.05811895 0.55530461
v -0.04301699 0.05819026 0.55964190
v -0.04315913 0.05808218 0.55965795
v -0.04301699 0.05819026 0.55964190
v -0.04403923 0.05811552 0.56414074
v -0.04446895 0.05811898 0.56873913
v -0.04403923 0.05811552 0.56414074
v -0.04427107 0.05819988 0.56861419
v -0.04446895 0.05811898 0.56873913
v -0.04427107 0.05819988 0.56861419
v -0.04430048 0.05819803 0.57320923
v -0.03144679 0.05818894 0.60172851
v -0.03447946 0.05818894 0.59832975
v -0.03129942 0.05802594 0.60168707
v -0.03144679 0.05818894 0.60172851
v -0.03129942 0.05802594 0.60168707
v -0.02791876 0.05808256 0.60477345
v -0.04444775 0.05808218 0.57330212
v -0.04446895 0.05811898 0.56873913
v -0.04430048 0.05819803 0.57320923
v -0.04444775 0.05808218 0.57330212
v -0.04430048 0.05819803 0.57320923
v -0.04391567 0.05813230 0.57782428
v -0.03727469 0.05819027 0.59473147
v -0.03955661 0.05819029 0.59077095
v -0.03711058 0.05817262 0.59466549
v -0.03727469 0.05819027 0.59473147
v -0.03711058 0.05817262 0.59466549
v -0.03447946 0.05818894 0.59832975
v -0.02443202 0.05819253 0.60751841
v -0.02791876 0.05808256 0.60477345
v -0.02430180 0.05804799 0.60742533
v -0.02443202 0.05819253 0.60751841
v -0.02430180 0.05804799 0.60742533
v -0.02033980 0.05807876 0.60976039
v -0.03460736 0.05813282 0.59859525
v -0.03727469 0.05819027 0.59473147
v -0.03447946 0.05818894 0.59832975
v -0.03460736 0.05813282 0.59859525
v -0.03447946 0.05818894 0.59832975
v -0.03144679 0.05818894 0.60172851
v -0.02054111 0.05819579 0.60986335
v -0.02443202 0.05819253 0.60751841
v -0.02033980 0.05807876 0.60976039
v -0.02054111 0.05819579 0.60986335
v -0.02033980 0.05807876 0.60976039
v -0.01631188 0.05817262 0.61171983
v -0.00760422 0.05818897 0.61419459
v -0.01201495 0.05810088 0.61307046
v -0.00752892 0.05801938 0.61406929
v -0.00760422 0.05818897 0.61419459
v -0.00752892 0.05801938 0.61406929
v -0.00299513 0.05804707 0.61462183
v -0.03734819 0.05808271 0.59486306
v -0.03965286 0.05808221 0.59087684
v -0.03727469 0.05819027 0.59473147
v -0.03734819 0.05808271 0.59486306
v -0.03727469 0.05819027 0.59473147
v -0.03460736 0.05813282 0.59859525
v -0.02822890 0.05813227 0.60502131
v -0.03157416 0.05813579 0.60197167
v -0.02813496 0.05819580 0.60483162
v -0.02822890 0.05813227 0.60502131
v -0.02813496 0.05819580 0.60483162
v -0.02443202 0.05819253 0.60751841
v -0.00303943 0.05817264 0.61473371
v -0.00760422 0.05818897 0.61419459
v -0.00299513 0.05804707 0.61462183
v -0.00303943 0.05817264 0.61473371
v -0.00299513 0.05804707 0.61462183
v 0.00147134 0.05818897 0.61482868
v 0.00147134 0.05818897 0.61482868
v -0.00299513 0.05804707 0.61462183
v 0.00152158 0.05802788 0.61469294
v 0.00147134 0.05818897 0.61482868
v 0.00152158 0.05802788 0.61469294
v 0.00601853 0.05805986 0.61431172
v -0.02445955 0.05813282 0.60779471
v -0.02822890 0.05813227 0.60502131
v -0.02443202 0.05819253 0.60751841
v -0.02445955 0.05813282 0.60779471
v -0.02443202 0.05819253 0.60751841
v -0.02054111 0.05819579 0.60986335
v -0.01640825 0.05819029 0.61186833
v -0.02054111 0.05819579 0.60986335
v -0.01631188 0.05817262 0.61171983
v -0.01640825 0.05819029 0.61186833
v -0.01631188 0.05817262 0.61171983
v -0.01210596 0.05819806 0.61330984
v -0.01210596 0.05819806 0.61330984
v -0.01631188 0.05817262 0.61171983
v -0.01201495 0.05810088 0.61307046
v -0.01210596 0.05819806 0.61330984
v -0.01201495 0.05810088 0.61307046
v -0.00760422 0.05818897 0.61419459
v 0.00600486 0.05819482 0.61448469
v 0.00147134 0.05818897 0.61482868
v 0.00601853 0.05805986 0.61431172
v 0.00600486 0.05819482 0.61448469
v 0.00601853 0.05805986 0.61431172
v 0.01052609 0.05806517 0.61345364
v -0.00308481 0.05819029 0.61490461
v -0.00760422 0.05818897 0.61419459
v -0.00303943 0.05817264 0.61473371
v -0.00308481 0.05819029 0.61490461
v -0.00303943 0.05817264 0.61473371
v 0.00147134 0.05818897 0.61482868
v 0.01048434 0.05819482 0.61363454
v 0.00600486 0.05819482 0.61448469
v 0.01052609 0.05806517 0.61345364
v 0.01048434 0.05819482 0.61363454
v 0.01052609 0.05806517 0.61345364
v 0.01493585 0.05810123 0.61213334
v 0.03867661 0.05819255 0.59212860
v 0.03621285 0.05807902 0.59580738
v 0.03858766 0.05804555 0.59197760
v 0.03867661 0.05819255 0.59212860
v 0.03858766 0.05804555 0.59197760
v 0.04055764 0.05807979 0.58796703
v 0.04223909 0.05817264 0.58370811
v 0.04055764 0.05807979 0.58796703
v 0.04213719 0.05804502 0.58364659
v 0.04223909 0.05817264 0.58370811
v 0.04213719 0.05804502 0.58364659
v 0.04325815 0.05804375 0.57921727
v 0.04071871 0.05819991 0.58810753
v 0.03867661 0.05819255 0.59212860
v 0.04055764 0.05807979 0.58796703
v 0.04071871 0.05819991 0.58810753
v 0.04055764 0.05807979 0.58796703
v 0.04223909 0.05817264 0.58370811
v 0.04341353 0.05820841 0.57941007
v 0.04223909 0.05817264 0.58370811
v 0.04325815 0.05804375 0.57921727
v 0.04341353 0.05820841 0.57941007
v 0.04325815 0.05804375 0.57921727
v 0.04390699 0.05804402 0.57478886
v 0.03650704 0.05813581 0.59605866
v 0.03628410 0.05819582 0.59602698
v 0.03867661 0.05819255 0.59212860
v 0.04096169 0.05811607 0.58803704
v 0.03890798 0.05813236 0.59222003
v 0.04071871 0.05819991 0.58810753
v 0.04096169 0.05811607 0.58803704
v 0.04071871 0.05819991 0.58810753
v 0.04239485 0.05819030 0.58379179
v 0.04419344 0.05819030 0.57484135
v 0.04341353 0.05820841 0.57941007
v 0.04402382 0.05817265 0.57479136
v 0.04419344 0.05819030 0.57484135
v 0.04402382 0.05817265 0.57479136
v 0.04423480 0.05818896 0.57028470
v 0.03286228 0.05802460 0.54120549
v 0.02963130 0.05806224 0.53794302
v 0.03300683 0.05818897 0.54116570
v 0.03286228 0.05802460 0.54120549
v 0.03300683 0.05818897 0.54116570
v 0.03585992 0.05818896 0.54471539
v 0.03817199 0.05806334 0.54851429
v 0.03585992 0.05818896 0.54471539
v 0.03837340 0.05819482 0.54852815
v 0.03817199 0.05806334 0.54851429
v 0.03837340 0.05819482 0.54852815
v 0.04044109 0.05819482 0.55259060
v 0.04423480 0.05818896 0.57028470
v 0.04400772 0.05819482 0.56574326
v 0.04449568 0.05813584 0.57019950
v 0.04423480 0.05818896 0.57028470
v 0.04449568 0.05813584 0.57019950
v 0.04419344 0.05819030 0.57484135
v 0.04341353 0.05820841 0.57941007
v 0.04419344 0.05819030 0.57484135
v 0.04365756 0.05809886 0.57934409
v 0.04341353 0.05820841 0.57941007
v 0.04365756 0.05809886 0.57934409
v 0.04239485 0.05819030 0.58379179
v 0.04239485 0.05819030 0.58379179
v 0.04365756 0.05809886 0.57934409
v 0.04253929 0.05808499 0.58377073
v 0.04239485 0.05819030 0.58379179
v 0.04253929 0.05808499 0.58377073
v 0.04096169 0.05811607 0.58803704
v 0.04433279 0.05808280 0.57478361
v 0.04365756 0.05809886 0.57934409
v 0.04419344 0.05819030 0.57484135
v 0.04433279 0.05808280 0.57478361
v 0.04419344 0.05819030 0.57484135
v 0.04449568 0.05813584 0.57019950
v 0.04346480 0.05813284 0.56106394
v 0.04422841 0.05813231 0.56567972
v 0.04323149 0.05818897 0.56124332
v 0.04346480 0.05813284 0.56106394
v 0.04323149 0.05818897 0.56124332
v 0.04203862 0.05818897 0.55684799
v 0.02963130 0.05806224 0.53794302
v 0.02620004 0.05808234 0.53512525
v 0.02983815 0.05819482 0.53790433
v 0.02963130 0.05806224 0.53794302
v 0.02983815 0.05819482 0.53790433
v 0.03300683 0.05818897 0.54116570
v 0.04203862 0.05818897 0.55684799
v 0.04044109 0.05819482 0.55259060
v 0.04225210 0.05813286 0.55664529
v 0.04203862 0.05818897 0.55684799
v 0.04225210 0.05813286 0.55664529
v 0.04346480 0.05813284 0.56106394
v 0.03855019 0.05813227 0.54838148
v 0.04060499 0.05813580 0.55241604
v 0.03837340 0.05819482 0.54852815
v 0.03855019 0.05813227 0.54838148
v 0.03837340 0.05819482 0.54852815
v 0.03585992 0.05818896 0.54471539
v 0.02639372 0.05820293 0.53499286
v 0.02983815 0.05819482 0.53790433
v 0.02620004 0.05808234 0.53512525
v 0.02639372 0.05820293 0.53499286
v 0.02620004 0.05808234 0.53512525
v 0.02244289 0.05817265 0.53251389
v 0.01409854 0.05804581 0.52882540
v 0.01409854 0.05804581 0.52882540
v 0.01417424 0.05817259 0.52872903
v 0.01828886 0.05807914 0.53047412
v 0.03585992 0.05818896 0.54471539
v 0.03300683 0.05818897 0.54116570
v 0.03602345 0.05813584 0.54449512
v 0.03585992 0.05818896 0.54471539
v 0.03602345 0.05813584 0.54449512
v 0.03855019 0.05813227 0.54838148
v 0.02996216 0.05813235 0.53771121
v 0.03318681 0.05813231 0.54096630
v 0.02983815 0.05819482 0.53790433
v 0.02996216 0.05813235 0.53771121
v 0.02983815 0.05819482 0.53790433
v 0.02639372 0.05820293 0.53499286
v 0.02256039 0.05819027 0.53238151
v 0.02639372 0.05820293 0.53499286
v 0.02244289 0.05817265 0.53251389
v 0.02256039 0.05819027 0.53238151
v 0.02244289 0.05817265 0.53251389
v -0.00375825 0.05806256 0.52666857
v -0.00829837 0.05806492 0.52729362
v -0.00373899 0.05819484 0.52649816
v -0.00375825 0.05806256 0.52666857
v -0.00373899 0.05819484 0.52649816
v 0.00081645 0.05819482 0.52634765
v 0.00979238 0.05817269 0.52749333
v 0.00542368 0.05820292 0.52661358
v 0.00986354 0.05819031 0.52733177
v 0.00986354 0.05819031 0.52733177
v 0.02639372 0.05820293 0.53499286
v 0.02256039 0.05819027 0.53238151
v 0.02638012 0.05809945 0.53475373
v 0.02639372 0.05820293 0.53499286
v 0.02638012 0.05809945 0.53475373
v 0.02996216 0.05813235 0.53771121
v -0.01276474 0.05807999 0.52839096
v -0.01694811 0.05808274 0.52988752
v -0.01268165 0.05819581 0.52817423
v -0.01276474 0.05807999 0.52839096
v -0.01268165 0.05819581 0.52817423
v -0.00825533 0.05819481 0.52711644
v -0.00838789 0.05813580 0.52691698
v -0.00389330 0.05813280 0.52628527
v -0.00825533 0.05819481 0.52711644
v -0.00838789 0.05813580 0.52691698
v -0.00825533 0.05819481 0.52711644
v -0.01268165 0.05819581 0.52817423
v -0.03489170 0.05818898 0.54342476
v -0.03183017 0.05808030 0.54007489
v -0.03482719 0.05802475 0.54356075
v -0.03489170 0.05818898 0.54342476
v -0.03482719 0.05802475 0.54356075
v -0.03743669 0.05802412 0.54730520
v -0.03972136 0.05817264 0.55118131
v -0.04156511 0.05819988 0.55524541
v -0.03986242 0.05819028 0.55107475
v -0.03972136 0.05817264 0.55118131
v -0.03986242 0.05819028 0.55107475
v -0.03750250 0.05818896 0.54715640
v -0.03489170 0.05818898 0.54342476
v -0.03750250 0.05818896 0.54715640
v -0.03514903 0.05813585 0.54332985
v -0.03489170 0.05818898 0.54342476
v -0.03514903 0.05813585 0.54332985
v -0.03193106 0.05819989 0.53988666
v -0.03193106 0.05819989 0.53988666
v -0.03514903 0.05813585 0.54332985
v -0.03218392 0.05811600 0.53986750
v -0.03193106 0.05819989 0.53988666
v -0.03218392 0.05811600 0.53986750
v -0.02880399 0.05811556 0.53668004
v -0.02506616 0.05819027 0.53397536
v -0.02880399 0.05811556 0.53668004
v -0.02518395 0.05808213 0.53389388
v -0.02506616 0.05819027 0.53397536
v -0.02518395 0.05808213 0.53389388
v -0.02128039 0.05813583 0.53153771
v -0.04001328 0.05808271 0.55107975
v -0.03774429 0.05813233 0.54703946
v -0.03986242 0.05819028 0.55107475
v -0.04001328 0.05808271 0.55107975
v -0.03986242 0.05819028 0.55107475
v -0.04179170 0.05811895 0.55530461
v -0.03938656 0.05817261 0.59072224
v -0.04113935 0.05808462 0.58655079
v -0.03925636 0.05804182 0.59071931
v -0.03938656 0.05817261 0.59072224
v -0.03925636 0.05804182 0.59071931
v -0.03701212 0.05804502 0.59460366
v -0.03434285 0.05801990 0.59828251
v -0.03129942 0.05802594 0.60168707
v -0.03447946 0.05818894 0.59832975
v -0.03434285 0.05801990 0.59828251
v -0.03447946 0.05818894 0.59832975
v -0.03701212 0.05804502 0.59460366
v -0.03701212 0.05804502 0.59460366
v -0.03447946 0.05818894 0.59832975
v -0.03711058 0.05817262 0.59466549
v -0.03701212 0.05804502 0.59460366
v -0.03711058 0.05817262 0.59466549
v -0.03938656 0.05817261 0.59072224
v -0.04113935 0.05808462 0.58655079
v -0.03938656 0.05817261 0.59072224
v -0.04136839 0.05819989 0.58651038
v -0.04113935 0.05808462 0.58655079
v -0.04136839 0.05819989 0.58651038
v -0.04273355 0.05819480 0.58220484
v -0.04383049 0.05819988 0.56407269
v -0.04427107 0.05819988 0.56861419
v -0.04403923 0.05811552 0.56414074
v -0.04383049 0.05819988 0.56407269
v -0.04403923 0.05811552 0.56414074
v -0.04301699 0.05819026 0.55964190
v -0.04391567 0.05813230 0.57782428
v -0.04430048 0.05819803 0.57320923
v -0.04371988 0.05819580 0.57774341
v -0.04391567 0.05813230 0.57782428
v -0.04371988 0.05819580 0.57774341
v -0.04273355 0.05819480 0.58220484
v -0.03938656 0.05817261 0.59072224
v -0.03938656 0.05817261 0.59072224
v -0.03955661 0.05819029 0.59077095
v -0.04136839 0.05819989 0.58651038
v -0.04273355 0.05819480 0.58220484
v -0.04136839 0.05819989 0.58651038
v -0.04292232 0.05813580 0.58235242
v -0.04273355 0.05819480 0.58220484
v -0.04292232 0.05813580 0.58235242
v -0.04391567 0.05813230 0.57782428
v -0.04151657 0.05811552 0.58667219
v -0.04292232 0.05813580 0.58235242
v -0.04136839 0.05819989 0.58651038
v -0.04151657 0.05811552 0.58667219
v -0.04136839 0.05819989 0.58651038
v -0.03955661 0.05819029 0.59077095
v -0.02813496 0.05819580 0.60483162
v -0.03144679 0.05818894 0.60172851
v -0.02791876 0.05808256 0.60477345
v -0.02813496 0.05819580 0.60483162
v -0.02791876 0.05808256 0.60477345
v -0.02443202 0.05819253 0.60751841
v -0.01621445 0.05804362 0.61163316
v -0.01201495 0.05810088 0.61307046
v -0.01631188 0.05817262 0.61171983
v -0.01621445 0.05804362 0.61163316
v -0.01631188 0.05817262 0.61171983
v -0.02033980 0.05807876 0.60976039
v -0.03144679 0.05818894 0.60172851
v -0.02813496 0.05819580 0.60483162
v -0.03157416 0.05813579 0.60197167
v -0.03157416 0.05813579 0.60197167
v -0.03955661 0.05819029 0.59077095
v -0.03727469 0.05819027 0.59473147
v -0.03965286 0.05808221 0.59087684
v -0.03955661 0.05819029 0.59077095
v -0.03965286 0.05808221 0.59087684
v -0.04151657 0.05811552 0.58667219
v -0.02054111 0.05819579 0.60986335
v -0.01640825 0.05819029 0.61186833
v -0.02054373 0.05813572 0.61008857
v -0.02054111 0.05819579 0.60986335
v -0.02054373 0.05813572 0.61008857
v -0.02445955 0.05813282 0.60779471
v -0.00756660 0.05813581 0.61446662
v -0.01210596 0.05819806 0.61330984
v -0.00760422 0.05818897 0.61419459
v -0.00756660 0.05813581 0.61446662
v -0.00760422 0.05818897 0.61419459
v -0.00308481 0.05819029 0.61490461
v 0.03650704 0.05813581 0.59605866
v 0.03372939 0.05813285 0.59964748
v 0.03628410 0.05819582 0.59602698
v 0.03628410 0.05819582 0.59602698
v 0.03372939 0.05813285 0.59964748
v 0.03347856 0.05819582 0.59962392
v 0.03628410 0.05819582 0.59602698
v 0.03347856 0.05819582 0.59962392
v 0.03621285 0.05807902 0.59580738
v 0.03621285 0.05807902 0.59580738
v 0.03347856 0.05819582 0.59962392
v 0.03339524 0.05808508 0.59944601
v -0.04446895 0.05811898 0.56873913
v -0.04458940 0.05774462 0.56869934
v -0.04403923 0.05811552 0.56414074
v -0.04403923 0.05811552 0.56414074
v -0.04458940 0.05774462 0.56869934
v -0.04421086 0.05768644 0.56424444
v -0.04403923 0.05811552 0.56414074
v -0.04421086 0.05768644 0.56424444
v -0.04315913 0.05808218 0.55965795
v -0.04315913 0.05808218 0.55965795
v -0.04421086 0.05768644 0.56424444
v -0.04332135 0.05768645 0.55973253
v -0.04315913 0.05808218 0.55965795
v -0.04332135 0.05768645 0.55973253
v -0.04179170 0.05811895 0.55530461
v -0.04179170 0.05811895 0.55530461
v -0.04332135 0.05768645 0.55973253
v -0.04189560 0.05775667 0.55524718
v -0.04179170 0.05811895 0.55530461
v -0.04189560 0.05775667 0.55524718
v -0.04001328 0.05808271 0.55107975
v -0.04001328 0.05808271 0.55107975
v -0.04189560 0.05775667 0.55524718
v -0.04008724 0.05775902 0.55101261
v -0.04001328 0.05808271 0.55107975
v -0.04008724 0.05775902 0.55101261
v -0.03774429 0.05813233 0.54703946
v -0.03774429 0.05813233 0.54703946
v -0.04008724 0.05775902 0.55101261
v -0.03790914 0.05771513 0.54703201
v -0.03774429 0.05813233 0.54703946
v -0.03790914 0.05771513 0.54703201
v -0.03514903 0.05813585 0.54332985
v -0.03514903 0.05813585 0.54332985
v -0.03790914 0.05771513 0.54703201
v -0.03526314 0.05771255 0.54322677
v -0.03514903 0.05813585 0.54332985
v -0.03526314 0.05771255 0.54322677
v -0.03218392 0.05811600 0.53986750
v -0.03218392 0.05811600 0.53986750
v -0.03526314 0.05771255 0.54322677
v -0.03222451 0.05771562 0.53971589
v -0.03218392 0.05811600 0.53986750
v -0.03222451 0.05771562 0.53971589
v -0.02880399 0.05811556 0.53668004
v -0.02880399 0.05811556 0.53668004
v -0.03222451 0.05771562 0.53971589
v -0.02889524 0.05775880 0.53661125
v -0.02880399 0.05811556 0.53668004
v -0.02889524 0.05775880 0.53661125
v -0.02518395 0.05808213 0.53389388
v -0.02518395 0.05808213 0.53389388
v -0.02889524 0.05775880 0.53661125
v -0.02524577 0.05775876 0.53382046
v -0.02518395 0.05808213 0.53389388
v -0.02524577 0.05775876 0.53382046
v -0.02128039 0.05813583 0.53153771
v -0.02128039 0.05813583 0.53153771
v -0.02524577 0.05775876 0.53382046
v -0.02137293 0.05768417 0.53138787
v -0.02128039 0.05813583 0.53153771
v -0.02137293 0.05768417 0.53138787
v -0.01719089 0.05813281 0.52956905
v -0.01719089 0.05813281 0.52956905
v -0.02137293 0.05768417 0.53138787
v -0.01716518 0.05774474 0.52941933
v -0.01719089 0.05813281 0.52956905
v -0.01716518 0.05774474 0.52941933
v -0.01278624 0.05813231 0.52799021
v -0.01286984 0.05774415 0.52788193
v -0.01278624 0.05813231 0.52799021
v -0.01286984 0.05774415 0.52788193
v -0.00838789 0.05813580 0.52691698
v -0.00838789 0.05813580 0.52691698
v -0.01286984 0.05774415 0.52788193
v -0.00839825 0.05772720 0.52677257
v -0.00838789 0.05813580 0.52691698
v -0.00839825 0.05772720 0.52677257
v -0.00389330 0.05813280 0.52628527
v -0.00389330 0.05813280 0.52628527
v -0.00839825 0.05772720 0.52677257
v -0.00380555 0.05771566 0.52613318
v -0.00389330 0.05813280 0.52628527
v -0.00380555 0.05771566 0.52613318
v 0.00078240 0.05813223 0.52612066
v 0.00078240 0.05813223 0.52612066
v -0.00380555 0.05771566 0.52613318
v 0.00070454 0.05771516 0.52597559
v 0.00078240 0.05813223 0.52612066
v 0.00070454 0.05771516 0.52597559
v 0.00533154 0.05809876 0.52641595
v 0.00532862 0.05771252 0.52628503
v 0.00533154 0.05809876 0.52641595
v 0.00532862 0.05771252 0.52628503
v 0.00987256 0.05775885 0.52709856
v 0.00533154 0.05809876 0.52641595
v 0.00987256 0.05775885 0.52709856
v 0.00983160 0.05808494 0.52718938
v 0.00983160 0.05808494 0.52718938
v 0.00987256 0.05775885 0.52709856
v 0.01425759 0.05808238 0.52843252
v 0.01425759 0.05808238 0.52843252
v 0.00987256 0.05775885 0.52709856
v 0.01427842 0.05775870 0.52833865
v 0.01425759 0.05808238 0.52843252
v 0.01427842 0.05775870 0.52833865
v 0.01849940 0.05810191 0.53012452
v 0.01849940 0.05810191 0.53012452
v 0.01427842 0.05775870 0.52833865
v 0.01855833 0.05771256 0.53000544
v 0.01849940 0.05810191 0.53012452
v 0.01855833 0.05771256 0.53000544
v 0.02256714 0.05808260 0.53223088
v 0.02256714 0.05808260 0.53223088
v 0.01855833 0.05771256 0.53000544
v 0.02267312 0.05771557 0.53215629
v 0.02256714 0.05808260 0.53223088
v 0.02267312 0.05771557 0.53215629
v 0.02638012 0.05809945 0.53475373
v 0.02638012 0.05809945 0.53475373
v 0.02267312 0.05771557 0.53215629
v 0.02648305 0.05774472 0.53469306
v 0.02638012 0.05809945 0.53475373
v 0.02648305 0.05774472 0.53469306
v 0.02996216 0.05813235 0.53771121
v 0.02996216 0.05813235 0.53771121
v 0.02648305 0.05774472 0.53469306
v 0.02999913 0.05771512 0.53755033
v 0.02996216 0.05813235 0.53771121
v 0.02999913 0.05771512 0.53755033
v 0.03318681 0.05813231 0.54096630
v 0.03318681 0.05813231 0.54096630
v 0.02999913 0.05771512 0.53755033
v 0.03326834 0.05771247 0.54083550
v 0.03318681 0.05813231 0.54096630
v 0.03326834 0.05771247 0.54083550
v 0.03617757 0.05771562 0.54445441
v 0.03602345 0.05813584 0.54449512
v 0.03602345 0.05813584 0.54449512
v 0.03617757 0.05771562 0.54445441
v 0.03855019 0.05813227 0.54838148
v 0.03855019 0.05813227 0.54838148
v 0.03617757 0.05771562 0.54445441
v 0.03863426 0.05771514 0.54823958
v 0.03855019 0.05813227 0.54838148
v 0.03863426 0.05771514 0.54823958
v 0.04060499 0.05813580 0.55241604
v 0.04060499 0.05813580 0.55241604
v 0.03863426 0.05771514 0.54823958
v 0.04073690 0.05774193 0.55237905
v 0.04060499 0.05813580 0.55241604
v 0.04073690 0.05774193 0.55237905
v 0.04225210 0.05813286 0.55664529
v 0.04225210 0.05813286 0.55664529
v 0.04073690 0.05774193 0.55237905
v 0.04242045 0.05771562 0.55669577
v 0.04225210 0.05813286 0.55664529
v 0.04242045 0.05771562 0.55669577
v 0.04346480 0.05813284 0.56106394
v 0.04346480 0.05813284 0.56106394
v 0.04242045 0.05771562 0.55669577
v 0.04360752 0.05774460 0.56111569
v 0.04346480 0.05813284 0.56106394
v 0.04360752 0.05774460 0.56111569
v 0.04422841 0.05813231 0.56567972
v 0.04422841 0.05813231 0.56567972
v 0.04360752 0.05774460 0.56111569
v 0.04437595 0.05768647 0.56552006
v 0.04422841 0.05813231 0.56567972
v 0.04437595 0.05768647 0.56552006
v 0.04449568 0.05813584 0.57019950
v 0.04449568 0.05813584 0.57019950
v 0.04437595 0.05768647 0.56552006
v 0.04464911 0.05771255 0.57020951
v 0.04449568 0.05813584 0.57019950
v 0.04464911 0.05771255 0.57020951
v 0.04433279 0.05808280 0.57478361
v 0.04433279 0.05808280 0.57478361
v 0.04464911 0.05771255 0.57020951
v 0.04444537 0.05771561 0.57484824
v 0.04433279 0.05808280 0.57478361
v 0.04444537 0.05771561 0.57484824
v 0.04365756 0.05809886 0.57934409
v 0.04365756 0.05809886 0.57934409
v 0.04444537 0.05771561 0.57484824
v 0.04379184 0.05771515 0.57931327
v 0.04365756 0.05809886 0.57934409
v 0.04379184 0.05771515 0.57931327
v 0.04253929 0.05808499 0.58377073
v 0.04253929 0.05808499 0.58377073
v 0.04379184 0.05771515 0.57931327
v 0.04268593 0.05768422 0.58379362
v 0.04253929 0.05808499 0.58377073
v 0.04268593 0.05768422 0.58379362
v 0.04096169 0.05811607 0.58803704
v 0.04096169 0.05811607 0.58803704
v 0.04268593 0.05768422 0.58379362
v 0.04105342 0.05771562 0.58816423
v 0.04096169 0.05811607 0.58803704
v 0.04105342 0.05771562 0.58816423
v 0.03890798 0.05813236 0.59222003
v 0.03890798 0.05813236 0.59222003
v 0.04105342 0.05771562 0.58816423
v 0.03903327 0.05775876 0.59224401
v 0.03890798 0.05813236 0.59222003
v 0.03903327 0.05775876 0.59224401
v 0.03650704 0.05813581 0.59605866
v 0.03650704 0.05813581 0.59605866
v 0.03903327 0.05775876 0.59224401
v 0.03660283 0.05775873 0.59614264
v 0.03650704 0.05813581 0.59605866
v 0.03660283 0.05775873 0.59614264
v 0.03372939 0.05813285 0.59964748
v 0.03372939 0.05813285 0.59964748
v 0.03660283 0.05775873 0.59614264
v 0.03380648 0.05771254 0.59978603
v 0.03372939 0.05813285 0.59964748
v 0.03380648 0.05771254 0.59978603
v 0.03056531 0.05813280 0.60296213
v 0.03056531 0.05813280 0.60296213
v 0.03380648 0.05771254 0.59978603
v 0.03059428 0.05774473 0.60311118
v 0.03056531 0.05813280 0.60296213
v 0.03059428 0.05774473 0.60311118
v 0.02703138 0.05809890 0.60599274
v 0.02703138 0.05809890 0.60599274
v 0.03059428 0.05774473 0.60311118
v 0.02713204 0.05772985 0.60606305
v 0.02703138 0.05809890 0.60599274
v 0.02713204 0.05772985 0.60606305
v 0.02326370 0.05813593 0.60854892
v 0.02326370 0.05813593 0.60854892
v 0.02713204 0.05772985 0.60606305
v 0.02336407 0.05768421 0.60869357
v 0.02326370 0.05813593 0.60854892
v 0.02336407 0.05768421 0.60869357
v 0.01925739 0.05809956 0.61075708
v 0.01925739 0.05809956 0.61075708
v 0.02336407 0.05768421 0.60869357
v 0.01926632 0.05775890 0.61086767
v 0.01925739 0.05809956 0.61075708
v 0.01926632 0.05775890 0.61086767
v 0.01500040 0.05808224 0.61254307
v 0.01506748 0.05772979 0.61263535
v 0.01500040 0.05808224 0.61254307
v 0.01506748 0.05772979 0.61263535
v 0.01062644 0.05813581 0.61382723
v 0.01062644 0.05813581 0.61382723
v 0.01506748 0.05772979 0.61263535
v 0.01065153 0.05771268 0.61397859
v 0.01062644 0.05813581 0.61382723
v 0.01065153 0.05771268 0.61397859
v 0.00616993 0.05813288 0.61468934
v 0.00616993 0.05813288 0.61468934
v 0.01065153 0.05771268 0.61397859
v 0.00609037 0.05771559 0.61484601
v 0.00616993 0.05813288 0.61468934
v 0.00609037 0.05771559 0.61484601
v 0.00160587 0.05813284 0.61509033
v 0.00160587 0.05813284 0.61509033
v 0.00609037 0.05771559 0.61484601
v 0.00152938 0.05774460 0.61522131
v 0.00160587 0.05813284 0.61509033
v 0.00152938 0.05774460 0.61522131
v -0.00304404 0.05808239 0.61504138
v -0.00304404 0.05808239 0.61504138
v 0.00152938 0.05774460 0.61522131
v -0.00303285 0.05774432 0.61514472
v -0.00304404 0.05808239 0.61504138
v -0.00303285 0.05774432 0.61514472
v -0.00756660 0.05813581 0.61446662
v -0.00756660 0.05813581 0.61446662
v -0.00303285 0.05774432 0.61514472
v -0.00758699 0.05768420 0.61464143
v -0.00756660 0.05813581 0.61446662
v -0.00758699 0.05768420 0.61464143
v -0.01204700 0.05808298 0.61348440
v -0.01204700 0.05808298 0.61348440
v -0.00758699 0.05768420 0.61464143
v -0.01213122 0.05771555 0.61358370
v -0.01204700 0.05808298 0.61348440
v -0.01213122 0.05771555 0.61358370
v -0.01641034 0.05808221 0.61201152
v -0.01640607 0.05771504 0.61214054
v -0.01641034 0.05808221 0.61201152
v -0.01640607 0.05771504 0.61214054
v -0.02054373 0.05813572 0.61008857
v -0.02054373 0.05813572 0.61008857
v -0.01640607 0.05771504 0.61214054
v -0.02062414 0.05774175 0.61019959
v -0.02054373 0.05813572 0.61008857
v -0.02062414 0.05774175 0.61019959
v -0.02445955 0.05813282 0.60779471
v -0.02445955 0.05813282 0.60779471
v -0.02062414 0.05774175 0.61019959
v -0.02462299 0.05771546 0.60785972
v -0.02445955 0.05813282 0.60779471
v -0.02462299 0.05771546 0.60785972
v -0.02822890 0.05813227 0.60502131
v -0.02822890 0.05813227 0.60502131
v -0.02462299 0.05771546 0.60785972
v -0.02822243 0.05768641 0.60523933
v -0.02822890 0.05813227 0.60502131
v -0.02822243 0.05768641 0.60523933
v -0.03157416 0.05813579 0.60197167
v -0.03168834 0.05772708 0.60206096
v -0.03157416 0.05813579 0.60197167
v -0.03168834 0.05772708 0.60206096
v -0.03460736 0.05813282 0.59859525
v -0.03460736 0.05813282 0.59859525
v -0.03168834 0.05772708 0.60206096
v -0.03476951 0.05773007 0.59861045
v -0.03460736 0.05813282 0.59859525
v -0.03476951 0.05773007 0.59861045
v -0.03734819 0.05808271 0.59486306
v -0.03734819 0.05808271 0.59486306
v -0.03476951 0.05773007 0.59861045
v -0.03744365 0.05775906 0.59489217
v -0.03734819 0.05808271 0.59486306
v -0.03744365 0.05775906 0.59489217
v -0.03965286 0.05808221 0.59087684
v -0.03965286 0.05808221 0.59087684
v -0.03744365 0.05775906 0.59489217
v -0.03973617 0.05772975 0.59095460
v -0.03965286 0.05808221 0.59087684
v -0.03973617 0.05772975 0.59095460
v -0.04151657 0.05811552 0.58667219
v -0.04151657 0.05811552 0.58667219
v -0.03973617 0.05772975 0.59095460
v -0.04161554 0.05775671 0.58672968
v -0.04151657 0.05811552 0.58667219
v -0.04161554 0.05775671 0.58672968
v -0.04308092 0.05771554 0.58233606
v -0.04151657 0.05811552 0.58667219
v -0.04308092 0.05771554 0.58233606
v -0.04292232 0.05813580 0.58235242
v -0.04292232 0.05813580 0.58235242
v -0.04308092 0.05771554 0.58233606
v -0.04391567 0.05813230 0.57782428
v -0.04391567 0.05813230 0.57782428
v -0.04308092 0.05771554 0.58233606
v -0.04404442 0.05771512 0.57792749
v -0.04391567 0.05813230 0.57782428
v -0.04404442 0.05771512 0.57792749
v -0.04444775 0.05808218 0.57330212
v -0.04456898 0.05771252 0.57332232
v -0.04444775 0.05808218 0.57330212
v -0.04456898 0.05771252 0.57332232
v -0.04458940 0.05774462 0.56869934
v -0.04446895 0.05811898 0.56873913
v 0.04379383 0.05764881 0.56095932
v 0.04274100 0.05776026 0.55658566
v 0.04396237 0.05780795 0.56103079
v 0.04468414 0.05772289 0.56557993
v 0.04379383 0.05764881 0.56095932
v 0.04396237 0.05780795 0.56103079
v 0.04484079 0.05766125 0.57015861
v 0.04468414 0.05772289 0.56557993
v 0.04498795 0.05777648 0.57023960
v 0.04463367 0.05766038 0.57476176
v 0.04484079 0.05766125 0.57015861
v 0.04478317 0.05776027 0.57487571
v 0.04478317 0.05776027 0.57487571
v 0.04484079 0.05766125 0.57015861
v 0.04498795 0.05777648 0.57023960
v 0.04379184 0.05771515 0.57931327
v 0.04463367 0.05766038 0.57476176
v 0.04400268 0.05766322 0.57934916
v 0.04400268 0.05766322 0.57934916
v 0.04463367 0.05766038 0.57476176
v 0.04478317 0.05776027 0.57487571
v 0.04400268 0.05766322 0.57934916
v 0.04478317 0.05776027 0.57487571
v 0.04411979 0.05778908 0.57942844
v 0.04268593 0.05768422 0.58379362
v 0.04379184 0.05771515 0.57931327
v 0.04400268 0.05766322 0.57934916
v 0.04268593 0.05768422 0.58379362
v 0.04400268 0.05766322 0.57934916
v 0.04298500 0.05772680 0.58383934
v 0.04298500 0.05772680 0.58383934
v 0.04400268 0.05766322 0.57934916
v 0.04411979 0.05778908 0.57942844
v 0.04105342 0.05771562 0.58816423
v 0.04268593 0.05768422 0.58379362
v 0.04128607 0.05766321 0.58816533
v 0.04128607 0.05766321 0.58816533
v 0.04268593 0.05768422 0.58379362
v 0.04298500 0.05772680 0.58383934
v 0.04128607 0.05766321 0.58816533
v 0.04298500 0.05772680 0.58383934
v 0.04138036 0.05779240 0.58828123
v 0.03903327 0.05775876 0.59224401
v 0.04105342 0.05771562 0.58816423
v 0.03918090 0.05765843 0.59225079
v 0.03918090 0.05765843 0.59225079
v 0.04105342 0.05771562 0.58816423
v 0.04128607 0.05766321 0.58816533
v 0.03918090 0.05765843 0.59225079
v 0.04128607 0.05766321 0.58816533
v 0.03932023 0.05774389 0.59245971
v 0.03932023 0.05774389 0.59245971
v 0.04128607 0.05766321 0.58816533
v 0.04138036 0.05779240 0.58828123
v 0.01427842 0.05775870 0.52833865
v 0.00982110 0.05765843 0.52695098
v 0.01425936 0.05765842 0.52819254
v 0.01425936 0.05765842 0.52819254
v 0.00982110 0.05765843 0.52695098
v 0.00998323 0.05774385 0.52675896
v 0.01425936 0.05765842 0.52819254
v 0.00998323 0.05774385 0.52675896
v 0.01438985 0.05773951 0.52800614
v 0.03660283 0.05775873 0.59614264
v 0.03903327 0.05775876 0.59224401
v 0.03918090 0.05765843 0.59225079
v 0.03660283 0.05775873 0.59614264
v 0.03918090 0.05765843 0.59225079
v 0.03674892 0.05765844 0.59616468
v 0.03674892 0.05765844 0.59616468
v 0.03918090 0.05765843 0.59225079
v 0.03932023 0.05774389 0.59245971
v 0.03674892 0.05765844 0.59616468
v 0.03932023 0.05774389 0.59245971
v 0.03689108 0.05773952 0.59634247
v 0.01855833 0.05771256 0.53000544
v 0.01427842 0.05775870 0.52833865
v 0.01425936 0.05765842 0.52819254
v 0.01855833 0.05771256 0.53000544
v 0.01425936 0.05765842 0.52819254
v 0.01861539 0.05766632 0.52978132
v 0.01861539 0.05766632 0.52978132
v 0.01425936 0.05765842 0.52819254
v 0.01438985 0.05773951 0.52800614
v 0.01861539 0.05766632 0.52978132
v 0.01438985 0.05773951 0.52800614
v 0.01870595 0.05780769 0.52969423
v 0.02267312 0.05771557 0.53215629
v 0.01855833 0.05771256 0.53000544
v 0.01861539 0.05766632 0.52978132
v 0.02267312 0.05771557 0.53215629
v 0.01861539 0.05766632 0.52978132
v 0.02269095 0.05766124 0.53193840
v 0.02269095 0.05766124 0.53193840
v 0.01861539 0.05766632 0.52978132
v 0.02283564 0.05777654 0.53185356
v 0.02283564 0.05777654 0.53185356
v 0.01861539 0.05766632 0.52978132
v 0.01870595 0.05780769 0.52969423
v 0.03380648 0.05771254 0.59978603
v 0.03660283 0.05775873 0.59614264
v 0.03674892 0.05765844 0.59616468
v 0.03380648 0.05771254 0.59978603
v 0.03674892 0.05765844 0.59616468
v 0.03397615 0.05766037 0.59985671
v 0.03397615 0.05766037 0.59985671
v 0.03674892 0.05765844 0.59616468
v 0.03689108 0.05773952 0.59634247
v 0.03397615 0.05766037 0.59985671
v 0.03689108 0.05773952 0.59634247
v 0.03403220 0.05776025 0.60003603
v 0.04484079 0.05766125 0.57015861
v 0.04444537 0.05771561 0.57484824
v 0.04464911 0.05771255 0.57020951
v 0.04255845 0.05766038 0.55654147
v 0.04379383 0.05764881 0.56095932
v 0.04242045 0.05771562 0.55669577
v 0.04242045 0.05771562 0.55669577
v 0.04379383 0.05764881 0.56095932
v 0.04360752 0.05774460 0.56111569
v 0.03893419 0.05775973 0.54808315
v 0.04104471 0.05775984 0.55220565
v 0.04083964 0.05765420 0.55222103
v 0.03893419 0.05775973 0.54808315
v 0.04083964 0.05765420 0.55222103
v 0.03877947 0.05766037 0.54813387
v 0.03877947 0.05766037 0.54813387
v 0.04083964 0.05765420 0.55222103
v 0.03863426 0.05771514 0.54823958
v 0.03863426 0.05771514 0.54823958
v 0.04083964 0.05765420 0.55222103
v 0.04073690 0.05774193 0.55237905
v 0.03642570 0.05775603 0.54422565
v 0.03893419 0.05775973 0.54808315
v 0.03877947 0.05766037 0.54813387
v 0.03642570 0.05775603 0.54422565
v 0.03877947 0.05766037 0.54813387
v 0.03626201 0.05766038 0.54426545
v 0.03626201 0.05766038 0.54426545
v 0.03877947 0.05766037 0.54813387
v 0.03863426 0.05771514 0.54823958
v 0.03626201 0.05766038 0.54426545
v 0.03863426 0.05771514 0.54823958
v 0.03617757 0.05771562 0.54445441
v 0.03023728 0.05775982 0.53731003
v 0.03354517 0.05776016 0.54064385
v 0.03336017 0.05766038 0.54067638
v 0.03023728 0.05775982 0.53731003
v 0.03336017 0.05766038 0.54067638
v 0.03010477 0.05766038 0.53740494
v 0.03010477 0.05766038 0.53740494
v 0.03336017 0.05766038 0.54067638
v 0.03326834 0.05771247 0.54083550
v 0.03010477 0.05766038 0.53740494
v 0.03326834 0.05771247 0.54083550
v 0.02999913 0.05771512 0.53755033
v 0.02667428 0.05775614 0.53439784
v 0.03023728 0.05775982 0.53731003
v 0.03010477 0.05766038 0.53740494
v 0.02667428 0.05775614 0.53439784
v 0.03010477 0.05766038 0.53740494
v 0.02648095 0.05765419 0.53449147
v 0.02648095 0.05765419 0.53449147
v 0.03010477 0.05766038 0.53740494
v 0.02999913 0.05771512 0.53755033
v 0.02648095 0.05765419 0.53449147
v 0.02999913 0.05771512 0.53755033
v 0.02648305 0.05774472 0.53469306
v 0.00072445 0.05775983 0.52563788
v 0.00538953 0.05780836 0.52594537
v 0.00531543 0.05766634 0.52605414
v 0.00072445 0.05775983 0.52563788
v 0.00531543 0.05766634 0.52605414
v 0.00068780 0.05766036 0.52579645
v 0.00068780 0.05766036 0.52579645
v 0.00531543 0.05766634 0.52605414
v 0.00532862 0.05771252 0.52628503
v 0.00068780 0.05766036 0.52579645
v 0.00532862 0.05771252 0.52628503
v 0.00070454 0.05771516 0.52597559
v -0.00387188 0.05777264 0.52579706
v 0.00072445 0.05775983 0.52563788
v -0.00391758 0.05766122 0.52594537
v -0.00391758 0.05766122 0.52594537
v 0.00072445 0.05775983 0.52563788
v 0.00068780 0.05766036 0.52579645
v -0.00391758 0.05766122 0.52594537
v 0.00068780 0.05766036 0.52579645
v 0.00070454 0.05771516 0.52597559
v -0.00391758 0.05766122 0.52594537
v 0.00070454 0.05771516 0.52597559
v -0.00380555 0.05771566 0.52613318
v -0.01292617 0.05776016 0.52752885
v -0.00842745 0.05776027 0.52642803
v -0.00852158 0.05765680 0.52662579
v -0.01292617 0.05776016 0.52752885
v -0.00852158 0.05765680 0.52662579
v -0.01300090 0.05765418 0.52775352
v -0.01300090 0.05765418 0.52775352
v -0.00852158 0.05765680 0.52662579
v -0.00839825 0.05772720 0.52677257
v -0.01300090 0.05765418 0.52775352
v -0.00839825 0.05772720 0.52677257
v -0.01286984 0.05774415 0.52788193
v -0.01732130 0.05773934 0.52911135
v -0.01292617 0.05776016 0.52752885
v -0.01300090 0.05765418 0.52775352
v -0.01732130 0.05773934 0.52911135
v -0.01300090 0.05765418 0.52775352
v -0.01731187 0.05765810 0.52932454
v -0.01731187 0.05765810 0.52932454
v -0.01300090 0.05765418 0.52775352
v -0.01286984 0.05774415 0.52788193
v -0.01731187 0.05765810 0.52932454
v -0.01286984 0.05774415 0.52788193
v -0.01716518 0.05774474 0.52941933
v -0.02540587 0.05774387 0.53349905
v -0.02144068 0.05772726 0.53108349
v -0.02537446 0.05765842 0.53374819
v -0.02537446 0.05765842 0.53374819
v -0.02144068 0.05772726 0.53108349
v -0.02137293 0.05768417 0.53138787
v -0.02537446 0.05765842 0.53374819
v -0.02137293 0.05768417 0.53138787
v -0.02524577 0.05775876 0.53382046
v -0.03552035 0.05775600 0.54301913
v -0.03250761 0.05779198 0.53951051
v -0.03244159 0.05766317 0.53963257
v -0.03552035 0.05775600 0.54301913
v -0.03244159 0.05766317 0.53963257
v -0.03543657 0.05766035 0.54316537
v -0.03543657 0.05766035 0.54316537
v -0.03244159 0.05766317 0.53963257
v -0.03222451 0.05771562 0.53971589
v -0.03543657 0.05766035 0.54316537
v -0.03222451 0.05771562 0.53971589
v -0.03526314 0.05771255 0.54322677
v -0.04221329 0.05774384 0.55508538
v -0.04041059 0.05773945 0.55087523
v -0.04024275 0.05765841 0.55102891
v -0.04221329 0.05774384 0.55508538
v -0.04024275 0.05765841 0.55102891
v -0.04204352 0.05765840 0.55527055
v -0.04204352 0.05765840 0.55527055
v -0.04024275 0.05765841 0.55102891
v -0.04008724 0.05775902 0.55101261
v -0.04204352 0.05765840 0.55527055
v -0.04008724 0.05775902 0.55101261
v -0.04189560 0.05775667 0.55524718
v -0.04494699 0.05777989 0.56867291
v -0.04450781 0.05772676 0.56416735
v -0.04477309 0.05765124 0.56881609
v -0.04477309 0.05765124 0.56881609
v -0.04450781 0.05772676 0.56416735
v -0.04421086 0.05768644 0.56424444
v -0.04477309 0.05765124 0.56881609
v -0.04421086 0.05768644 0.56424444
v -0.04458940 0.05774462 0.56869934
v -0.04439403 0.05777644 0.57791308
v -0.04491481 0.05781511 0.57333105
v -0.04479365 0.05766631 0.57337676
v -0.04439403 0.05777644 0.57791308
v -0.04479365 0.05766631 0.57337676
v -0.04423617 0.05766122 0.57797052
v -0.04423617 0.05766122 0.57797052
v -0.04479365 0.05766631 0.57337676
v -0.04456898 0.05771252 0.57332232
v -0.04423617 0.05766122 0.57797052
v -0.04456898 0.05771252 0.57332232
v -0.04404442 0.05771512 0.57792749
v -0.04339695 0.05777606 0.58248083
v -0.04439403 0.05777644 0.57791308
v -0.04423617 0.05766122 0.57797052
v -0.04339695 0.05777606 0.58248083
v -0.04423617 0.05766122 0.57797052
v -0.04324566 0.05766123 0.58247974
v -0.04324566 0.05766123 0.58247974
v -0.04423617 0.05766122 0.57797052
v -0.04404442 0.05771512 0.57792749
v -0.04324566 0.05766123 0.58247974
v -0.04404442 0.05771512 0.57792749
v -0.04308092 0.05771554 0.58233606
v -0.04007265 0.05776029 0.59105860
v -0.04193794 0.05773941 0.58686389
v -0.03985643 0.05765680 0.59109394
v -0.03985643 0.05765680 0.59109394
v -0.04193794 0.05773941 0.58686389
v -0.04171106 0.05765841 0.58684510
v -0.03985643 0.05765680 0.59109394
v -0.04171106 0.05765841 0.58684510
v -0.03973617 0.05772975 0.59095460
v -0.03973617 0.05772975 0.59095460
v -0.04171106 0.05765841 0.58684510
v -0.04161554 0.05775671 0.58672968
v -0.03775995 0.05774387 0.59505825
v -0.04007265 0.05776029 0.59105860
v -0.03985643 0.05765680 0.59109394
v -0.03775995 0.05774387 0.59505825
v -0.03985643 0.05765680 0.59109394
v -0.03750959 0.05765841 0.59503426
v -0.03750959 0.05765841 0.59503426
v -0.03985643 0.05765680 0.59109394
v -0.03973617 0.05772975 0.59095460
v -0.03750959 0.05765841 0.59503426
v -0.03973617 0.05772975 0.59095460
v -0.03744365 0.05775906 0.59489217
v -0.03195798 0.05776023 0.60227709
v -0.03501868 0.05775612 0.59884872
v -0.03482515 0.05765680 0.59881351
v -0.03195798 0.05776023 0.60227709
v -0.03482515 0.05765680 0.59881351
v -0.03174152 0.05765681 0.60224468
v -0.03174152 0.05765681 0.60224468
v -0.03482515 0.05765680 0.59881351
v -0.03476951 0.05773007 0.59861045
v -0.03174152 0.05765681 0.60224468
v -0.03476951 0.05773007 0.59861045
v -0.03168834 0.05772708 0.60206096
v -0.02078279 0.05775592 0.61050934
v -0.02475163 0.05775979 0.60818027
v -0.02463514 0.05766037 0.60806632
v -0.02078279 0.05775592 0.61050934
v -0.02463514 0.05766037 0.60806632
v -0.02060576 0.05765418 0.61038745
v -0.02060576 0.05765418 0.61038745
v -0.02463514 0.05766037 0.60806632
v -0.02462299 0.05771546 0.60785972
v -0.02060576 0.05765418 0.61038745
v -0.02462299 0.05771546 0.60785972
v -0.02062414 0.05774175 0.61019959
v -0.00759325 0.05772674 0.61494391
v -0.01221879 0.05776033 0.61391103
v -0.01207992 0.05766036 0.61378420
v -0.00759325 0.05772674 0.61494391
v -0.01207992 0.05766036 0.61378420
v -0.00758699 0.05768420 0.61464143
v -0.00758699 0.05768420 0.61464143
v -0.01207992 0.05766036 0.61378420
v -0.01213122 0.05771555 0.61358370
v 0.00617923 0.05780798 0.61518598
v 0.00154937 0.05780804 0.61558563
v 0.00164976 0.05764884 0.61543268
v 0.00617923 0.05780798 0.61518598
v 0.00164976 0.05764884 0.61543268
v 0.00620882 0.05766632 0.61506391
v 0.00620882 0.05766632 0.61506391
v 0.00164976 0.05764884 0.61543268
v 0.00609037 0.05771559 0.61484601
v 0.00609037 0.05771559 0.61484601
v 0.00164976 0.05764884 0.61543268
v 0.00152938 0.05774460 0.61522131
v 0.01512688 0.05776020 0.61298251
v 0.01072216 0.05778915 0.61431184
v 0.01074425 0.05766320 0.61417201
v 0.01512688 0.05776020 0.61298251
v 0.01074425 0.05766320 0.61417201
v 0.01519015 0.05765681 0.61277274
v 0.01519015 0.05765681 0.61277274
v 0.01074425 0.05766320 0.61417201
v 0.01065153 0.05771268 0.61397859
v 0.01519015 0.05765681 0.61277274
v 0.01065153 0.05771268 0.61397859
v 0.01506748 0.05772979 0.61263535
v 0.01939109 0.05774381 0.61120226
v 0.01512688 0.05776020 0.61298251
v 0.01519015 0.05765681 0.61277274
v 0.01939109 0.05774381 0.61120226
v 0.01519015 0.05765681 0.61277274
v 0.01939791 0.05765843 0.61095178
v 0.01939791 0.05765843 0.61095178
v 0.01519015 0.05765681 0.61277274
v 0.01506748 0.05772979 0.61263535
v 0.01939791 0.05765843 0.61095178
v 0.01506748 0.05772979 0.61263535
v 0.01926632 0.05775890 0.61086767
v 0.02732026 0.05775606 0.60635119
v 0.02355888 0.05772675 0.60892519
v 0.02729015 0.05765683 0.60615680
v 0.02729015 0.05765683 0.60615680
v 0.02355888 0.05772675 0.60892519
v 0.02336407 0.05768421 0.60869357
v 0.02729015 0.05765683 0.60615680
v 0.02336407 0.05768421 0.60869357
v 0.02713204 0.05772985 0.60606305
v 0.03084989 0.05780804 0.60337168
v 0.02732026 0.05775606 0.60635119
v 0.03082467 0.05764881 0.60318998
v 0.03082467 0.05764881 0.60318998
v 0.02732026 0.05775606 0.60635119
v 0.02729015 0.05765683 0.60615680
v 0.03082467 0.05764881 0.60318998
v 0.02729015 0.05765683 0.60615680
v 0.02713204 0.05772985 0.60606305
v 0.03082467 0.05764881 0.60318998
v 0.02713204 0.05772985 0.60606305
v 0.03059428 0.05774473 0.60311118
v 0.04437595 0.05768647 0.56552006
v 0.04484079 0.05766125 0.57015861
v 0.04464911 0.05771255 0.57020951
v 0.04379383 0.05764881 0.56095932
v 0.04437595 0.05768647 0.56552006
v 0.04360752 0.05774460 0.56111569
v 0.04104471 0.05775984 0.55220565
v 0.04255845 0.05766038 0.55654147
v 0.04083964 0.05765420 0.55222103
v 0.04083964 0.05765420 0.55222103
v 0.04255845 0.05766038 0.55654147
v 0.04242045 0.05771562 0.55669577
v 0.04083964 0.05765420 0.55222103
v 0.04242045 0.05771562 0.55669577
v 0.04073690 0.05774193 0.55237905
v 0.03354517 0.05776016 0.54064385
v 0.03642570 0.05775603 0.54422565
v 0.03626201 0.05766038 0.54426545
v 0.03354517 0.05776016 0.54064385
v 0.03626201 0.05766038 0.54426545
v 0.03336017 0.05766038 0.54067638
v 0.03336017 0.05766038 0.54067638
v 0.03626201 0.05766038 0.54426545
v 0.03617757 0.05771562 0.54445441
v 0.03336017 0.05766038 0.54067638
v 0.03617757 0.05771562 0.54445441
v 0.03326834 0.05771247 0.54083550
v 0.02283564 0.05777654 0.53185356
v 0.02667428 0.05775614 0.53439784
v 0.02269095 0.05766124 0.53193840
v 0.02269095 0.05766124 0.53193840
v 0.02667428 0.05775614 0.53439784
v 0.02648095 0.05765419 0.53449147
v 0.02269095 0.05766124 0.53193840
v 0.02648095 0.05765419 0.53449147
v 0.02267312 0.05771557 0.53215629
v 0.02267312 0.05771557 0.53215629
v 0.02648095 0.05765419 0.53449147
v 0.02648305 0.05774472 0.53469306
v 0.01427842 0.05775870 0.52833865
v 0.00987256 0.05775885 0.52709856
v 0.00982110 0.05765843 0.52695098
v 0.00987256 0.05775885 0.52709856
v 0.00532862 0.05771252 0.52628503
v 0.00982110 0.05765843 0.52695098
v 0.00982110 0.05765843 0.52695098
v 0.00532862 0.05771252 0.52628503
v 0.00531543 0.05766634 0.52605414
v 0.00982110 0.05765843 0.52695098
v 0.00531543 0.05766634 0.52605414
v 0.00998323 0.05774385 0.52675896
v 0.00998323 0.05774385 0.52675896
v 0.00531543 0.05766634 0.52605414
v 0.00538953 0.05780836 0.52594537
v -0.00380555 0.05771566 0.52613318
v -0.00839825 0.05772720 0.52677257
v -0.00852158 0.05765680 0.52662579
v -0.00380555 0.05771566 0.52613318
v -0.00852158 0.05765680 0.52662579
v -0.00391758 0.05766122 0.52594537
v -0.00391758 0.05766122 0.52594537
v -0.00852158 0.05765680 0.52662579
v -0.00842745 0.05776027 0.52642803
v -0.00391758 0.05766122 0.52594537
v -0.00842745 0.05776027 0.52642803
v -0.00387188 0.05777264 0.52579706
v -0.01716518 0.05774474 0.52941933
v -0.02137293 0.05768417 0.53138787
v -0.01731187 0.05765810 0.52932454
v -0.01731187 0.05765810 0.52932454
v -0.02137293 0.05768417 0.53138787
v -0.02144068 0.05772726 0.53108349
v -0.01731187 0.05765810 0.52932454
v -0.02144068 0.05772726 0.53108349
v -0.01732130 0.05773934 0.52911135
v -0.02915888 0.05774339 0.53636901
v -0.02540587 0.05774387 0.53349905
v -0.02537446 0.05765842 0.53374819
v -0.02915888 0.05774339 0.53636901
v -0.02537446 0.05765842 0.53374819
v -0.02903125 0.05765843 0.53655290
v -0.02903125 0.05765843 0.53655290
v -0.02537446 0.05765842 0.53374819
v -0.02524577 0.05775876 0.53382046
v -0.02903125 0.05765843 0.53655290
v -0.02524577 0.05775876 0.53382046
v -0.02889524 0.05775880 0.53661125
v -0.02889524 0.05775880 0.53661125
v -0.03222451 0.05771562 0.53971589
v -0.02903125 0.05765843 0.53655290
v -0.02903125 0.05765843 0.53655290
v -0.03222451 0.05771562 0.53971589
v -0.03244159 0.05766317 0.53963257
v -0.02903125 0.05765843 0.53655290
v -0.03244159 0.05766317 0.53963257
v -0.02915888 0.05774339 0.53636901
v -0.02915888 0.05774339 0.53636901
v -0.03244159 0.05766317 0.53963257
v -0.03250761 0.05779198 0.53951051
v -0.03815396 0.05776021 0.54678531
v -0.03552035 0.05775600 0.54301913
v -0.03543657 0.05766035 0.54316537
v -0.03815396 0.05776021 0.54678531
v -0.03543657 0.05766035 0.54316537
v -0.03807123 0.05766034 0.54695420
v -0.03807123 0.05766034 0.54695420
v -0.03543657 0.05766035 0.54316537
v -0.03526314 0.05771255 0.54322677
v -0.03807123 0.05766034 0.54695420
v -0.03526314 0.05771255 0.54322677
v -0.03790914 0.05771513 0.54703201
v -0.03790914 0.05771513 0.54703201
v -0.04008724 0.05775902 0.55101261
v -0.04024275 0.05765841 0.55102891
v -0.03790914 0.05771513 0.54703201
v -0.04024275 0.05765841 0.55102891
v -0.03807123 0.05766034 0.54695420
v -0.03807123 0.05766034 0.54695420
v -0.04024275 0.05765841 0.55102891
v -0.04041059 0.05773945 0.55087523
v -0.03807123 0.05766034 0.54695420
v -0.04041059 0.05773945 0.55087523
v -0.03815396 0.05776021 0.54678531
v -0.04357699 0.05772726 0.55949755
v -0.04221329 0.05774384 0.55508538
v -0.04204352 0.05765840 0.55527055
v -0.04357699 0.05772726 0.55949755
v -0.04204352 0.05765840 0.55527055
v -0.04332135 0.05768645 0.55973253
v -0.04332135 0.05768645 0.55973253
v -0.04204352 0.05765840 0.55527055
v -0.04189560 0.05775667 0.55524718
v -0.04421086 0.05768644 0.56424444
v -0.04450781 0.05772676 0.56416735
v -0.04458940 0.05774462 0.56869934
v -0.04456898 0.05771252 0.57332232
v -0.04477309 0.05765124 0.56881609
v -0.04477309 0.05765124 0.56881609
v -0.04456898 0.05771252 0.57332232
v -0.04479365 0.05766631 0.57337676
v -0.04477309 0.05765124 0.56881609
v -0.04479365 0.05766631 0.57337676
v -0.04494699 0.05777989 0.56867291
v -0.04494699 0.05777989 0.56867291
v -0.04479365 0.05766631 0.57337676
v -0.04491481 0.05781511 0.57333105
v -0.04494699 0.05777989 0.56867291
v -0.04491481 0.05781511 0.57333105
v -0.04499945 0.05786208 0.57061691
v -0.04308092 0.05771554 0.58233606
v -0.04161554 0.05775671 0.58672968
v -0.04171106 0.05765841 0.58684510
v -0.04308092 0.05771554 0.58233606
v -0.04171106 0.05765841 0.58684510
v -0.04324566 0.05766123 0.58247974
v -0.04324566 0.05766123 0.58247974
v -0.04171106 0.05765841 0.58684510
v -0.04193794 0.05773941 0.58686389
v -0.04324566 0.05766123 0.58247974
v -0.04193794 0.05773941 0.58686389
v -0.04339695 0.05777606 0.58248083
v -0.03744365 0.05775906 0.59489217
v -0.03476951 0.05773007 0.59861045
v -0.03750959 0.05765841 0.59503426
v -0.03750959 0.05765841 0.59503426
v -0.03476951 0.05773007 0.59861045
v -0.03482515 0.05765680 0.59881351
v -0.03750959 0.05765841 0.59503426
v -0.03482515 0.05765680 0.59881351
v -0.03775995 0.05774387 0.59505825
v -0.03775995 0.05774387 0.59505825
v -0.03482515 0.05765680 0.59881351
v -0.03501868 0.05775612 0.59884872
v -0.02854392 0.05772730 0.60537104
v -0.03195798 0.05776023 0.60227709
v -0.03174152 0.05765681 0.60224468
v -0.02854392 0.05772730 0.60537104
v -0.03174152 0.05765681 0.60224468
v -0.02822243 0.05768641 0.60523933
v -0.02822243 0.05768641 0.60523933
v -0.03174152 0.05765681 0.60224468
v -0.03168834 0.05772708 0.60206096
v -0.02822243 0.05768641 0.60523933
v -0.02462299 0.05771546 0.60785972
v -0.02463514 0.05766037 0.60806632
v -0.02822243 0.05768641 0.60523933
v -0.02463514 0.05766037 0.60806632
v -0.02854392 0.05772730 0.60537104
v -0.02854392 0.05772730 0.60537104
v -0.02463514 0.05766037 0.60806632
v -0.02475163 0.05775979 0.60818027
v -0.01659881 0.05777640 0.61243253
v -0.02078279 0.05775592 0.61050934
v -0.01646820 0.05766122 0.61232664
v -0.01646820 0.05766122 0.61232664
v -0.02078279 0.05775592 0.61050934
v -0.02060576 0.05765418 0.61038745
v -0.01646820 0.05766122 0.61232664
v -0.02060576 0.05765418 0.61038745
v -0.01640607 0.05771504 0.61214054
v -0.01640607 0.05771504 0.61214054
v -0.02060576 0.05765418 0.61038745
v -0.02062414 0.05774175 0.61019959
v -0.01640607 0.05771504 0.61214054
v -0.01213122 0.05771555 0.61358370
v -0.01207992 0.05766036 0.61378420
v -0.01640607 0.05771504 0.61214054
v -0.01207992 0.05766036 0.61378420
v -0.01646820 0.05766122 0.61232664
v -0.01646820 0.05766122 0.61232664
v -0.01207992 0.05766036 0.61378420
v -0.01221879 0.05776033 0.61391103
v -0.01646820 0.05766122 0.61232664
v -0.01221879 0.05776033 0.61391103
v -0.01659881 0.05777640 0.61243253
v -0.00306850 0.05775608 0.61549371
v -0.00759325 0.05772674 0.61494391
v -0.00295486 0.05765421 0.61531097
v -0.00295486 0.05765421 0.61531097
v -0.00759325 0.05772674 0.61494391
v -0.00758699 0.05768420 0.61464143
v -0.00295486 0.05765421 0.61531097
v -0.00758699 0.05768420 0.61464143
v -0.00303285 0.05774432 0.61514472
v -0.00303285 0.05774432 0.61514472
v 0.00152938 0.05774460 0.61522131
v 0.00164976 0.05764884 0.61543268
v -0.00303285 0.05774432 0.61514472
v 0.00164976 0.05764884 0.61543268
v -0.00295486 0.05765421 0.61531097
v -0.00295486 0.05765421 0.61531097
v 0.00164976 0.05764884 0.61543268
v -0.00306850 0.05775608 0.61549371
v -0.00306850 0.05775608 0.61549371
v 0.00164976 0.05764884 0.61543268
v 0.00154937 0.05780804 0.61558563
v 0.00609037 0.05771559 0.61484601
v 0.01065153 0.05771268 0.61397859
v 0.01074425 0.05766320 0.61417201
v 0.00609037 0.05771559 0.61484601
v 0.01074425 0.05766320 0.61417201
v 0.00620882 0.05766632 0.61506391
v 0.00620882 0.05766632 0.61506391
v 0.01074425 0.05766320 0.61417201
v 0.01072216 0.05778915 0.61431184
v 0.00620882 0.05766632 0.61506391
v 0.01072216 0.05778915 0.61431184
v 0.00617923 0.05780798 0.61518598
v 0.01926632 0.05775890 0.61086767
v 0.02336407 0.05768421 0.60869357
v 0.01939791 0.05765843 0.61095178
v 0.01939791 0.05765843 0.61095178
v 0.01939791 0.05765843 0.61095178
v 0.02355888 0.05772675 0.60892519
v 0.01939109 0.05774381 0.61120226
v 0.03403220 0.05776025 0.60003603
v 0.03084989 0.05780804 0.60337168
v 0.03082467 0.05764881 0.60318998
v 0.03403220 0.05776025 0.60003603
v 0.03082467 0.05764881 0.60318998
v 0.03397615 0.05766037 0.59985671
v 0.03397615 0.05766037 0.59985671
v 0.03082467 0.05764881 0.60318998
v 0.03380648 0.05771254 0.59978603
v 0.03380648 0.05771254 0.59978603
v 0.03082467 0.05764881 0.60318998
v 0.03059428 0.05774473 0.60311118
v 0.04104471 0.05775984 0.55220565
v 0.04274100 0.05776026 0.55658566
v 0.04255845 0.05766038 0.55654147
v 0.04255845 0.05766038 0.55654147
v 0.04274100 0.05776026 0.55658566
v 0.04379383 0.05764881 0.56095932
v 0.04379383 0.05764881 0.56095932
v 0.04468414 0.05772289 0.56557993
v 0.04437595 0.05768647 0.56552006
v 0.04437595 0.05768647 0.56552006
v 0.04468414 0.05772289 0.56557993
v 0.04484079 0.05766125 0.57015861
v 0.04484079 0.05766125 0.57015861
v 0.04463367 0.05766038 0.57476176
v 0.04444537 0.05771561 0.57484824
v 0.04444537 0.05771561 0.57484824
v 0.04463367 0.05766038 0.57476176
v 0.04379184 0.05771515 0.57931327
v -0.04493168 0.06641202 0.56873852
v -0.04494699 0.05777989 0.56867291
v -0.04499945 0.05786208 0.57061691
v -0.04493168 0.06641202 0.56873852
v -0.04499945 0.05786208 0.57061691
v -0.04489956 0.06638149 0.57333105
v -0.04489956 0.06638149 0.57333105
v -0.04499945 0.05786208 0.57061691
v -0.04491481 0.05781511 0.57333105
v -0.04489956 0.06638149 0.57333105
v -0.04491481 0.05781511 0.57333105
v -0.04439168 0.06637770 0.57789911
v -0.04439403 0.05777644 0.57791308
v -0.04439168 0.06637770 0.57789911
v -0.04439403 0.05777644 0.57791308
v -0.04340638 0.06632953 0.58246924
v -0.04339695 0.05777606 0.58248083
v -0.04340638 0.06632953 0.58246924
v -0.04339695 0.05777606 0.58248083
v -0.04194945 0.06638148 0.58685218
v -0.04193794 0.05773941 0.58686389
v -0.04194945 0.06638148 0.58685218
v -0.04193794 0.05773941 0.58686389
v -0.04007443 0.06637765 0.59105439
v -0.04007265 0.05776029 0.59105860
v -0.04007443 0.06637765 0.59105439
v -0.04007265 0.05776029 0.59105860
v -0.03776614 0.06639413 0.59504787
v -0.03775995 0.05774387 0.59505825
v -0.03776614 0.06639413 0.59504787
v -0.03775995 0.05774387 0.59505825
v -0.03502187 0.06634515 0.59886294
v -0.03502187 0.06634515 0.59886294
v -0.03775995 0.05774387 0.59505825
v -0.03501868 0.05775612 0.59884872
v -0.03502187 0.06634515 0.59886294
v -0.03501868 0.05775612 0.59884872
v -0.03195798 0.05776023 0.60227709
v -0.03502187 0.06634515 0.59886294
v -0.03195798 0.05776023 0.60227709
v -0.03193591 0.06641467 0.60227367
v -0.03193591 0.06641467 0.60227367
v -0.03195798 0.05776023 0.60227709
v -0.02856202 0.06641071 0.60535535
v -0.02854392 0.05772730 0.60537104
v -0.02856202 0.06641071 0.60535535
v -0.02854392 0.05772730 0.60537104
v -0.02477978 0.06632958 0.60817423
v -0.02475163 0.05775979 0.60818027
v -0.02477978 0.06632958 0.60817423
v -0.02475163 0.05775979 0.60818027
v -0.02079331 0.06639817 0.61049658
v -0.02079331 0.06639817 0.61049658
v -0.02475163 0.05775979 0.60818027
v -0.02078279 0.05775592 0.61050934
v -0.02079331 0.06639817 0.61049658
v -0.02078279 0.05775592 0.61050934
v -0.01662439 0.06639410 0.61241154
v -0.01659881 0.05777640 0.61243253
v -0.01662439 0.06639410 0.61241154
v -0.01659881 0.05777640 0.61243253
v -0.01222303 0.06637768 0.61390950
v -0.01221879 0.05776033 0.61391103
v -0.01222303 0.06637768 0.61390950
v -0.01221879 0.05776033 0.61391103
v -0.00764221 0.06637732 0.61494831
v -0.00759325 0.05772674 0.61494391
v -0.00764221 0.06637732 0.61494831
v -0.00759325 0.05772674 0.61494391
v -0.00308959 0.06641468 0.61547790
v -0.00306850 0.05775608 0.61549371
v -0.00308959 0.06641468 0.61547790
v -0.00306850 0.05775608 0.61549371
v 0.00153516 0.06636161 0.61558007
v 0.00154937 0.05780804 0.61558563
v 0.00153516 0.06636161 0.61558007
v 0.00154937 0.05780804 0.61558563
v 0.00622323 0.06641015 0.61515759
v 0.00617923 0.05780798 0.61518598
v 0.00622323 0.06641015 0.61515759
v 0.00617923 0.05780798 0.61518598
v 0.01071476 0.06638131 0.61430385
v 0.01072216 0.05778915 0.61431184
v 0.01071476 0.06638131 0.61430385
v 0.01072216 0.05778915 0.61431184
v 0.01513604 0.06636157 0.61298361
v 0.01512688 0.05776020 0.61298251
v 0.01513604 0.06636157 0.61298361
v 0.01512688 0.05776020 0.61298251
v 0.01937993 0.06639420 0.61120714
v 0.01939109 0.05774381 0.61120226
v 0.01937993 0.06639420 0.61120714
v 0.01939109 0.05774381 0.61120226
v 0.02351531 0.06634536 0.60897561
v 0.02351531 0.06634536 0.60897561
v 0.01939109 0.05774381 0.61120226
v 0.02355888 0.05772675 0.60892519
v 0.02351531 0.06634536 0.60897561
v 0.02355888 0.05772675 0.60892519
v 0.02729401 0.06641465 0.60635333
v 0.02729401 0.06641465 0.60635333
v 0.02355888 0.05772675 0.60892519
v 0.02732026 0.05775606 0.60635119
v 0.02729401 0.06641465 0.60635333
v 0.02732026 0.05775606 0.60635119
v 0.03078367 0.06641080 0.60340268
v 0.03084989 0.05780804 0.60337168
v 0.03078367 0.06641080 0.60340268
v 0.03084989 0.05780804 0.60337168
v 0.03402897 0.06637772 0.60003932
v 0.03403220 0.05776025 0.60003603
v 0.03402897 0.06637772 0.60003932
v 0.03403220 0.05776025 0.60003603
v 0.03687985 0.06639805 0.59635852
v 0.03689108 0.05773952 0.59634247
v 0.03687985 0.06639805 0.59635852
v 0.03689108 0.05773952 0.59634247
v 0.03932775 0.06637769 0.59245672
v 0.03932023 0.05774389 0.59245971
v 0.03932775 0.06637769 0.59245672
v 0.03932023 0.05774389 0.59245971
v 0.04135261 0.06639416 0.58831187
v 0.04138036 0.05779240 0.58828123
v 0.04135261 0.06639416 0.58831187
v 0.04138036 0.05779240 0.58828123
v 0.04297851 0.06641028 0.58386229
v 0.04298500 0.05772680 0.58383934
v 0.04297851 0.06641028 0.58386229
v 0.04298500 0.05772680 0.58383934
v 0.04409284 0.06641467 0.57944120
v 0.04409284 0.06641467 0.57944120
v 0.04298500 0.05772680 0.58383934
v 0.04411979 0.05778908 0.57942844
v 0.04409284 0.06641467 0.57944120
v 0.04411979 0.05778908 0.57942844
v 0.04476616 0.06641076 0.57492161
v 0.04476616 0.06641076 0.57492161
v 0.04411979 0.05778908 0.57942844
v 0.04478317 0.05776027 0.57487571
v 0.04476616 0.06641076 0.57492161
v 0.04478317 0.05776027 0.57487571
v 0.04497149 0.06641076 0.57029587
v 0.04498795 0.05777648 0.57023960
v 0.04497149 0.06641076 0.57029587
v 0.04498795 0.05777648 0.57023960
v 0.04470088 0.06638148 0.56560044
v 0.04470088 0.06638148 0.56560044
v 0.04498795 0.05777648 0.57023960
v 0.04468414 0.05772289 0.56557993
v 0.04470088 0.06638148 0.56560044
v 0.04468414 0.05772289 0.56557993
v 0.04395492 0.06641074 0.56110361
v 0.04396237 0.05780795 0.56103079
v 0.04395492 0.06641074 0.56110361
v 0.04396237 0.05780795 0.56103079
v 0.04274313 0.06632974 0.55655966
v 0.04274313 0.06632974 0.55655966
v 0.04396237 0.05780795 0.56103079
v 0.04274100 0.05776026 0.55658566
v 0.04274313 0.06632974 0.55655966
v 0.04274100 0.05776026 0.55658566
v 0.04106534 0.06632950 0.55222604
v 0.04104471 0.05775984 0.55220565
v 0.04106534 0.06632950 0.55222604
v 0.04104471 0.05775984 0.55220565
v 0.03895664 0.06632966 0.54810115
v 0.03893419 0.05775973 0.54808315
v 0.03895664 0.06632966 0.54810115
v 0.03893419 0.05775973 0.54808315
v 0.03642716 0.06641468 0.54425214
v 0.03642570 0.05775603 0.54422565
v 0.03642716 0.06641468 0.54425214
v 0.03642570 0.05775603 0.54422565
v 0.03354805 0.06637780 0.54064758
v 0.03354805 0.06637780 0.54064758
v 0.03642570 0.05775603 0.54422565
v 0.03354517 0.05776016 0.54064385
v 0.03354805 0.06637780 0.54064758
v 0.03354517 0.05776016 0.54064385
v 0.03025024 0.06636109 0.53731553
v 0.03023728 0.05775982 0.53731003
v 0.03025024 0.06636109 0.53731553
v 0.03023728 0.05775982 0.53731003
v 0.02668364 0.06641462 0.53442256
v 0.02668364 0.06641462 0.53442256
v 0.03023728 0.05775982 0.53731003
v 0.02667428 0.05775614 0.53439784
v 0.02668364 0.06641462 0.53442256
v 0.02667428 0.05775614 0.53439784
v 0.02283606 0.06636143 0.53185411
v 0.02283606 0.06636143 0.53185411
v 0.02667428 0.05775614 0.53439784
v 0.02283564 0.05777654 0.53185356
v 0.02283606 0.06636143 0.53185411
v 0.02283564 0.05777654 0.53185356
v 0.01866675 0.06639366 0.52969331
v 0.01870595 0.05780769 0.52969423
v 0.01866675 0.06639366 0.52969331
v 0.01870595 0.05780769 0.52969423
v 0.01440840 0.06639805 0.52801236
v 0.01440840 0.06639805 0.52801236
v 0.01870595 0.05780769 0.52969423
v 0.01438985 0.05773951 0.52800614
v 0.01440840 0.06639805 0.52801236
v 0.01438985 0.05773951 0.52800614
v 0.00996649 0.06636138 0.52674547
v 0.00998323 0.05774385 0.52675896
v 0.00996649 0.06636138 0.52674547
v 0.00998323 0.05774385 0.52675896
v 0.00539343 0.06634538 0.52594855
v 0.00539343 0.06634538 0.52594855
v 0.00998323 0.05774385 0.52675896
v 0.00538953 0.05780836 0.52594537
v 0.00539343 0.06634538 0.52594855
v 0.00538953 0.05780836 0.52594537
v 0.00073823 0.06636109 0.52563349
v 0.00072445 0.05775983 0.52563788
v 0.00073823 0.06636109 0.52563349
v 0.00072445 0.05775983 0.52563788
v -0.00386411 0.06638158 0.52580188
v -0.00386411 0.06638158 0.52580188
v 0.00072445 0.05775983 0.52563788
v -0.00387188 0.05777264 0.52579706
v -0.00386411 0.06638158 0.52580188
v -0.00387188 0.05777264 0.52579706
v -0.00842312 0.06637767 0.52642755
v -0.00842745 0.05776027 0.52642803
v -0.00842312 0.06637767 0.52642755
v -0.00842745 0.05776027 0.52642803
v -0.01292150 0.06637779 0.52752787
v -0.01292617 0.05776016 0.52752885
v -0.01292150 0.06637779 0.52752787
v -0.01292617 0.05776016 0.52752885
v -0.01730308 0.06639820 0.52910372
v -0.01732130 0.05773934 0.52911135
v -0.01730308 0.06639820 0.52910372
v -0.01732130 0.05773934 0.52911135
v -0.02146253 0.06637782 0.53108209
v -0.02144068 0.05772726 0.53108349
v -0.02146253 0.06637782 0.53108209
v -0.02144068 0.05772726 0.53108349
v -0.02541389 0.06637770 0.53349838
v -0.02540587 0.05774387 0.53349905
v -0.02541389 0.06637770 0.53349838
v -0.02540587 0.05774387 0.53349905
v -0.02915525 0.06641022 0.53637413
v -0.02915888 0.05774339 0.53636901
v -0.02915525 0.06641022 0.53637413
v -0.02915888 0.05774339 0.53636901
v -0.03250889 0.06634520 0.53951166
v -0.03250761 0.05779198 0.53951051
v -0.03250889 0.06634520 0.53951166
v -0.03250761 0.05779198 0.53951051
v -0.03551394 0.06638151 0.54301095
v -0.03552035 0.05775600 0.54301913
v -0.03551394 0.06638151 0.54301095
v -0.03552035 0.05775600 0.54301913
v -0.03816984 0.06634546 0.54679642
v -0.03815396 0.05776021 0.54678531
v -0.03816984 0.06634546 0.54679642
v -0.03815396 0.05776021 0.54678531
v -0.04040995 0.06638142 0.55085905
v -0.04041059 0.05773945 0.55087523
v -0.04040995 0.06638142 0.55085905
v -0.04041059 0.05773945 0.55087523
v -0.04222021 0.06637768 0.55508940
v -0.04221329 0.05774384 0.55508538
v -0.04222021 0.06637768 0.55508940
v -0.04221329 0.05774384 0.55508538
v -0.04357050 0.06641074 0.55947454
v -0.04357050 0.06641074 0.55947454
v -0.04221329 0.05774384 0.55508538
v -0.04357699 0.05772726 0.55949755
v -0.04357050 0.06641074 0.55947454
v -0.04357699 0.05772726 0.55949755
v -0.04450495 0.06641025 0.56414355
v -0.04450781 0.05772676 0.56416735
v -0.04450495 0.06641025 0.56414355
v -0.04450781 0.05772676 0.56416735
v -0.04493168 0.06641202 0.56873852
v -0.04493168 0.06641202 0.56873852
v -0.04450781 0.05772676 0.56416735
v -0.04494699 0.05777989 0.56867291
v 0.04497149 0.06641076 0.57029587
v 0.04470088 0.06638148 0.56560044
v 0.04455317 0.06647717 0.56568137
v 0.04497149 0.06641076 0.57029587
v 0.04455317 0.06647717 0.56568137
v 0.04466419 0.06645071 0.57015861
v 0.04466419 0.06645071 0.57015861
v 0.04455317 0.06647717 0.56568137
v 0.04437335 0.06642241 0.56568186
v -0.01292150 0.06637779 0.52752787
v -0.01730308 0.06639820 0.52910372
v -0.01279866 0.06648335 0.52769273
v -0.01279866 0.06648335 0.52769273
v -0.01730308 0.06639820 0.52910372
v -0.01715773 0.06647942 0.52926033
v -0.01279866 0.06648335 0.52769273
v -0.01715773 0.06647942 0.52926033
v -0.01717817 0.06639556 0.52942189
v -0.01283669 0.06639337 0.52787192
v -0.03776614 0.06639413 0.59504787
v -0.03502187 0.06634515 0.59886294
v -0.03496075 0.06649348 0.59864652
v -0.03776614 0.06639413 0.59504787
v -0.03496075 0.06649348 0.59864652
v -0.03759029 0.06647909 0.59490987
v -0.03759029 0.06647909 0.59490987
v -0.03496075 0.06649348 0.59864652
v -0.03473822 0.06637849 0.59862723
v -0.03759029 0.06647909 0.59490987
v -0.03473822 0.06637849 0.59862723
v -0.03744085 0.06638071 0.59489968
v -0.01222303 0.06637768 0.61390950
v -0.00764221 0.06637732 0.61494831
v -0.00774324 0.06648334 0.61473414
v -0.01222303 0.06637768 0.61390950
v -0.00774324 0.06648334 0.61473414
v -0.01221300 0.06647715 0.61374685
v -0.01221300 0.06647715 0.61374685
v -0.00774324 0.06648334 0.61473414
v -0.01210959 0.06642503 0.61359463
v -0.01210959 0.06642503 0.61359463
v -0.00774324 0.06648334 0.61473414
v -0.00759646 0.06639274 0.61459620
v 0.04476616 0.06641076 0.57492161
v 0.04497149 0.06641076 0.57029587
v 0.04466419 0.06645071 0.57015861
v 0.04447458 0.06645071 0.57475352
v -0.00842312 0.06637767 0.52642755
v -0.01292150 0.06637779 0.52752787
v -0.01279866 0.06648335 0.52769273
v -0.00842312 0.06637767 0.52642755
v -0.01279866 0.06648335 0.52769273
v -0.00832708 0.06648072 0.52658868
v -0.00832708 0.06648072 0.52658868
v -0.01279866 0.06648335 0.52769273
v -0.00841524 0.06640737 0.52677935
v -0.00841524 0.06640737 0.52677935
v -0.01279866 0.06648335 0.52769273
v -0.01283669 0.06639337 0.52787192
v -0.04007443 0.06637765 0.59105439
v -0.03776614 0.06639413 0.59504787
v -0.03994820 0.06647714 0.59095143
v -0.03994820 0.06647714 0.59095143
v -0.03776614 0.06639413 0.59504787
v -0.03759029 0.06647909 0.59490987
v -0.03994820 0.06647714 0.59095143
v -0.03759029 0.06647909 0.59490987
v -0.03978016 0.06642234 0.59088740
v -0.03978016 0.06642234 0.59088740
v -0.03759029 0.06647909 0.59490987
v -0.03744085 0.06638071 0.59489968
v -0.01662439 0.06639410 0.61241154
v -0.01222303 0.06637768 0.61390950
v -0.01221300 0.06647715 0.61374685
v -0.01662439 0.06639410 0.61241154
v -0.01221300 0.06647715 0.61374685
v -0.01656190 0.06647910 0.61219657
v -0.01656190 0.06647910 0.61219657
v -0.01221300 0.06647715 0.61374685
v -0.01210959 0.06642503 0.61359463
v -0.01656190 0.06647910 0.61219657
v -0.01210959 0.06642503 0.61359463
v -0.01645207 0.06637878 0.61209782
v 0.04409284 0.06641467 0.57944120
v 0.04476616 0.06641076 0.57492161
v 0.04447458 0.06645071 0.57475352
v 0.04380174 0.06645335 0.57939884
v -0.00386411 0.06638158 0.52580188
v -0.00842312 0.06637767 0.52642755
v -0.00832708 0.06648072 0.52658868
v -0.00378634 0.06647717 0.52595154
v -0.00378634 0.06647717 0.52595154
v -0.00832708 0.06648072 0.52658868
v -0.00387498 0.06642183 0.52613916
v -0.00387498 0.06642183 0.52613916
v -0.00832708 0.06648072 0.52658868
v -0.00841524 0.06640737 0.52677935
v -0.04194945 0.06638148 0.58685218
v -0.04007443 0.06637765 0.59105439
v -0.03994820 0.06647714 0.59095143
v -0.04194945 0.06638148 0.58685218
v -0.03994820 0.06647714 0.59095143
v -0.04180860 0.06648334 0.58668958
v -0.04180860 0.06648334 0.58668958
v -0.03994820 0.06647714 0.59095143
v -0.03978016 0.06642234 0.59088740
v -0.04180860 0.06648334 0.58668958
v -0.03978016 0.06642234 0.59088740
v -0.04161485 0.06639293 0.58674457
v -0.02079331 0.06639817 0.61049658
v -0.01662439 0.06639410 0.61241154
v -0.01656190 0.06647910 0.61219657
v -0.02079331 0.06639817 0.61049658
v -0.01656190 0.06647910 0.61219657
v -0.02076635 0.06647942 0.61028437
v -0.02076635 0.06647942 0.61028437
v -0.01656190 0.06647910 0.61219657
v -0.02064100 0.06639343 0.61018818
v -0.02064100 0.06639343 0.61018818
v -0.01656190 0.06647910 0.61219657
v -0.01645207 0.06637878 0.61209782
v 0.04105004 0.06637845 0.58811559
v 0.03904138 0.06641038 0.59226489
v 0.04113957 0.06647912 0.58824364
v 0.04113957 0.06647912 0.58824364
v 0.03904138 0.06641038 0.59226489
v 0.03914232 0.06648073 0.59242791
v 0.04113957 0.06647912 0.58824364
v 0.03914232 0.06648073 0.59242791
v 0.04135261 0.06639416 0.58831187
v 0.04135261 0.06639416 0.58831187
v 0.03914232 0.06648073 0.59242791
v 0.03932775 0.06637769 0.59245672
v 0.04263788 0.06645109 0.58392912
v 0.04105004 0.06637845 0.58811559
v 0.04113957 0.06647912 0.58824364
v 0.04263788 0.06645109 0.58392912
v 0.04113957 0.06647912 0.58824364
v 0.04297851 0.06641028 0.58386229
v 0.04297851 0.06641028 0.58386229
v 0.04113957 0.06647912 0.58824364
v 0.04135261 0.06639416 0.58831187
v 0.04238975 0.06639291 0.55665286
v 0.04365303 0.06645335 0.56112332
v 0.04262968 0.06648874 0.55669278
v 0.04262968 0.06648874 0.55669278
v 0.04365303 0.06645335 0.56112332
v 0.04395492 0.06641074 0.56110361
v 0.04262968 0.06648874 0.55669278
v 0.04395492 0.06641074 0.56110361
v 0.04274313 0.06632974 0.55655966
v 0.04074289 0.06639329 0.55239803
v 0.04238975 0.06639291 0.55665286
v 0.04262968 0.06648874 0.55669278
v 0.04074289 0.06639329 0.55239803
v 0.04262968 0.06648874 0.55669278
v 0.04097230 0.06648874 0.55238393
v 0.04097230 0.06648874 0.55238393
v 0.04262968 0.06648874 0.55669278
v 0.04274313 0.06632974 0.55655966
v 0.04097230 0.06648874 0.55238393
v 0.04274313 0.06632974 0.55655966
v 0.04106534 0.06632950 0.55222604
v 0.03619806 0.06645331 0.54443653
v 0.03865370 0.06639332 0.54830537
v 0.03888025 0.06648874 0.54826747
v 0.03619806 0.06645331 0.54443653
v 0.03888025 0.06648874 0.54826747
v 0.03642716 0.06641468 0.54425214
v 0.03642716 0.06641468 0.54425214
v 0.03888025 0.06648874 0.54826747
v 0.03895664 0.06632966 0.54810115
v 0.02644141 0.06645069 0.53461762
v 0.03004697 0.06642501 0.53758829
v 0.03021238 0.06647631 0.53747922
v 0.02644141 0.06645069 0.53461762
v 0.03021238 0.06647631 0.53747922
v 0.02668364 0.06641462 0.53442256
v 0.02668364 0.06641462 0.53442256
v 0.03021238 0.06647631 0.53747922
v 0.03025024 0.06636109 0.53731553
v 0.01428805 0.06638089 0.52834024
v 0.01857614 0.06639340 0.53003571
v 0.01439887 0.06647912 0.52823966
v 0.01439887 0.06647912 0.52823966
v 0.01857614 0.06639340 0.53003571
v 0.01869716 0.06647943 0.52993324
v 0.01439887 0.06647912 0.52823966
v 0.01869716 0.06647943 0.52993324
v 0.01866675 0.06639366 0.52969331
v 0.01439887 0.06647912 0.52823966
v 0.01866675 0.06639366 0.52969331
v 0.01440840 0.06639805 0.52801236
v 0.00538847 0.06642240 0.52629638
v 0.00983497 0.06642198 0.52706737
v 0.00997170 0.06647629 0.52689653
v 0.00538847 0.06642240 0.52629638
v 0.00997170 0.06647629 0.52689653
v 0.00542024 0.06647434 0.52608484
v 0.00542024 0.06647434 0.52608484
v 0.00997170 0.06647629 0.52689653
v 0.00996649 0.06636138 0.52674547
v 0.00542024 0.06647434 0.52608484
v 0.00996649 0.06636138 0.52674547
v 0.00539343 0.06634538 0.52594855
v 0.00076492 0.06642500 0.52597247
v 0.00538847 0.06642240 0.52629638
v 0.00542024 0.06647434 0.52608484
v 0.00076492 0.06642500 0.52597247
v 0.00542024 0.06647434 0.52608484
v 0.00081841 0.06647629 0.52578119
v 0.00081841 0.06647629 0.52578119
v 0.00542024 0.06647434 0.52608484
v 0.00073823 0.06636109 0.52563349
v 0.00073823 0.06636109 0.52563349
v 0.00542024 0.06647434 0.52608484
v 0.00539343 0.06634538 0.52594855
v -0.02521065 0.06642242 0.53376888
v -0.02134861 0.06640740 0.53141497
v -0.02132163 0.06648070 0.53120599
v -0.02521065 0.06642242 0.53376888
v -0.02132163 0.06648070 0.53120599
v -0.02529570 0.06647715 0.53361056
v -0.02529570 0.06647715 0.53361056
v -0.02132163 0.06648070 0.53120599
v -0.02146253 0.06637782 0.53108209
v -0.02529570 0.06647715 0.53361056
v -0.02146253 0.06637782 0.53108209
v -0.02541389 0.06637770 0.53349838
v -0.02889547 0.06645332 0.53654674
v -0.02521065 0.06642242 0.53376888
v -0.02529570 0.06647715 0.53361056
v -0.02889547 0.06645332 0.53654674
v -0.02529570 0.06647715 0.53361056
v -0.02915525 0.06641022 0.53637413
v -0.02915525 0.06641022 0.53637413
v -0.02529570 0.06647715 0.53361056
v -0.02541389 0.06637770 0.53349838
v -0.03522998 0.06637035 0.54323482
v -0.03224799 0.06639285 0.53976319
v -0.03529175 0.06648492 0.54306362
v -0.03529175 0.06648492 0.54306362
v -0.03224799 0.06639285 0.53976319
v -0.03230760 0.06648811 0.53954096
v -0.03529175 0.06648492 0.54306362
v -0.03230760 0.06648811 0.53954096
v -0.03551394 0.06638151 0.54301095
v -0.03551394 0.06638151 0.54301095
v -0.03230760 0.06648811 0.53954096
v -0.03250889 0.06634520 0.53951166
v -0.04191483 0.06640739 0.55526451
v -0.04011412 0.06640738 0.55103611
v -0.04021344 0.06648071 0.55085026
v -0.04191483 0.06640739 0.55526451
v -0.04021344 0.06648071 0.55085026
v -0.04203264 0.06648071 0.55508959
v -0.04203264 0.06648071 0.55508959
v -0.04021344 0.06648071 0.55085026
v -0.04040995 0.06638142 0.55085905
v -0.04203264 0.06648071 0.55508959
v -0.04040995 0.06638142 0.55085905
v -0.04222021 0.06637768 0.55508940
v -0.04462862 0.06645068 0.56877538
v -0.04420275 0.06645069 0.56419646
v -0.04450495 0.06641025 0.56414355
v -0.04493168 0.06641202 0.56873852
v -0.04403930 0.06639558 0.57787378
v -0.04455891 0.06640780 0.57327984
v -0.04421223 0.06648332 0.57779822
v -0.04421223 0.06648332 0.57779822
v -0.04455891 0.06640780 0.57327984
v -0.04473322 0.06648071 0.57322125
v -0.04421223 0.06648332 0.57779822
v -0.04473322 0.06648071 0.57322125
v -0.04489956 0.06638149 0.57333105
v -0.04439168 0.06637770 0.57789911
v -0.04305245 0.06639288 0.58238055
v -0.04403930 0.06639558 0.57787378
v -0.04421223 0.06648332 0.57779822
v -0.04305245 0.06639288 0.58238055
v -0.04421223 0.06648332 0.57779822
v -0.04329009 0.06648871 0.58232776
v -0.04329009 0.06648871 0.58232776
v -0.04421223 0.06648332 0.57779822
v -0.04439168 0.06637770 0.57789911
v -0.04329009 0.06648871 0.58232776
v -0.04439168 0.06637770 0.57789911
v -0.04340638 0.06632953 0.58246924
v -0.02833779 0.06645335 0.60515235
v -0.03178939 0.06645107 0.60199608
v -0.03193591 0.06641467 0.60227367
v -0.02833779 0.06645335 0.60515235
v -0.03193591 0.06641467 0.60227367
v -0.02856202 0.06641071 0.60535535
v -0.02457242 0.06639295 0.60787412
v -0.02833779 0.06645335 0.60515235
v -0.02478602 0.06648870 0.60799112
v -0.02478602 0.06648870 0.60799112
v -0.02478602 0.06648870 0.60799112
v -0.02856202 0.06641071 0.60535535
v -0.02477978 0.06632958 0.60817423
v 0.00153385 0.06642498 0.61524152
v -0.00316323 0.06645109 0.61517261
v 0.00149079 0.06647628 0.61543518
v 0.00149079 0.06647628 0.61543518
v -0.00316323 0.06645109 0.61517261
v -0.00308959 0.06641468 0.61547790
v 0.00149079 0.06647628 0.61543518
v -0.00308959 0.06641468 0.61547790
v 0.00153516 0.06636161 0.61558007
v 0.00618884 0.06645070 0.61485273
v 0.00153385 0.06642498 0.61524152
v 0.00149079 0.06647628 0.61543518
v 0.00618884 0.06645070 0.61485273
v 0.00149079 0.06647628 0.61543518
v 0.00622323 0.06641015 0.61515759
v 0.00622323 0.06641015 0.61515759
v 0.00149079 0.06647628 0.61543518
v 0.00153516 0.06636161 0.61558007
v 0.01503243 0.06642486 0.61266117
v 0.01059120 0.06642229 0.61398934
v 0.01061428 0.06647718 0.61416774
v 0.01503243 0.06642486 0.61266117
v 0.01061428 0.06647718 0.61416774
v 0.01505068 0.06647631 0.61285892
v 0.01505068 0.06647631 0.61285892
v 0.01061428 0.06647718 0.61416774
v 0.01071476 0.06638131 0.61430385
v 0.01505068 0.06647631 0.61285892
v 0.01071476 0.06638131 0.61430385
v 0.01513604 0.06636157 0.61298361
v 0.02710342 0.06645330 0.60612915
v 0.02331807 0.06637854 0.60866396
v 0.02330928 0.06649352 0.60888680
v 0.02710342 0.06645330 0.60612915
v 0.02330928 0.06649352 0.60888680
v 0.02729401 0.06641465 0.60635333
v 0.02729401 0.06641465 0.60635333
v 0.02330928 0.06649352 0.60888680
v 0.02351531 0.06634536 0.60897561
v 0.03687985 0.06639805 0.59635852
v 0.03932775 0.06637769 0.59245672
v 0.03914232 0.06648073 0.59242791
v 0.03687985 0.06639805 0.59635852
v 0.03914232 0.06648073 0.59242791
v 0.03666394 0.06647912 0.59628656
v 0.03666394 0.06647912 0.59628656
v 0.03914232 0.06648073 0.59242791
v 0.03904138 0.06641038 0.59226489
v 0.03666394 0.06647912 0.59628656
v 0.03904138 0.06641038 0.59226489
v 0.03659293 0.06637878 0.59615674
v 0.04380174 0.06645335 0.57939884
v 0.04263788 0.06645109 0.58392912
v 0.04297851 0.06641028 0.58386229
v 0.04409284 0.06641467 0.57944120
v 0.04470088 0.06638148 0.56560044
v 0.04395492 0.06641074 0.56110361
v 0.04455317 0.06647717 0.56568137
v 0.04455317 0.06647717 0.56568137
v 0.04395492 0.06641074 0.56110361
v 0.04365303 0.06645335 0.56112332
v 0.04455317 0.06647717 0.56568137
v 0.04365303 0.06645335 0.56112332
v 0.04437335 0.06642241 0.56568186
v 0.04106534 0.06632950 0.55222604
v 0.03895664 0.06632966 0.54810115
v 0.03888025 0.06648874 0.54826747
v 0.04106534 0.06632950 0.55222604
v 0.03888025 0.06648874 0.54826747
v 0.04097230 0.06648874 0.55238393
v 0.04097230 0.06648874 0.55238393
v 0.03888025 0.06648874 0.54826747
v 0.03865370 0.06639332 0.54830537
v 0.04097230 0.06648874 0.55238393
v 0.03865370 0.06639332 0.54830537
v 0.04074289 0.06639329 0.55239803
v 0.03330551 0.06642244 0.54088317
v 0.03619806 0.06645331 0.54443653
v 0.03345210 0.06647718 0.54077904
v 0.03345210 0.06647718 0.54077904
v 0.03619806 0.06645331 0.54443653
v 0.03642716 0.06641468 0.54425214
v 0.03345210 0.06647718 0.54077904
v 0.03642716 0.06641468 0.54425214
v 0.03354805 0.06637780 0.54064758
v 0.03354805 0.06637780 0.54064758
v 0.03025024 0.06636109 0.53731553
v 0.03021238 0.06647631 0.53747922
v 0.03354805 0.06637780 0.54064758
v 0.03021238 0.06647631 0.53747922
v 0.03345210 0.06647718 0.54077904
v 0.03345210 0.06647718 0.54077904
v 0.03021238 0.06647631 0.53747922
v 0.03004697 0.06642501 0.53758829
v 0.03345210 0.06647718 0.54077904
v 0.03004697 0.06642501 0.53758829
v 0.03330551 0.06642244 0.54088317
v 0.02261323 0.06642196 0.53212101
v 0.02644141 0.06645069 0.53461762
v 0.02279582 0.06647629 0.53200010
v 0.02279582 0.06647629 0.53200010
v 0.02644141 0.06645069 0.53461762
v 0.02668364 0.06641462 0.53442256
v 0.02279582 0.06647629 0.53200010
v 0.02668364 0.06641462 0.53442256
v 0.02283606 0.06636143 0.53185411
v 0.02283606 0.06636143 0.53185411
v 0.01866675 0.06639366 0.52969331
v 0.02279582 0.06647629 0.53200010
v 0.02279582 0.06647629 0.53200010
v 0.01866675 0.06639366 0.52969331
v 0.01869716 0.06647943 0.52993324
v 0.02279582 0.06647629 0.53200010
v 0.01869716 0.06647943 0.52993324
v 0.02261323 0.06642196 0.53212101
v 0.02261323 0.06642196 0.53212101
v 0.01869716 0.06647943 0.52993324
v 0.01857614 0.06639340 0.53003571
v 0.01440840 0.06639805 0.52801236
v 0.00996649 0.06636138 0.52674547
v 0.00997170 0.06647629 0.52689653
v 0.01440840 0.06639805 0.52801236
v 0.00997170 0.06647629 0.52689653
v 0.01439887 0.06647912 0.52823966
v 0.01439887 0.06647912 0.52823966
v 0.00997170 0.06647629 0.52689653
v 0.00983497 0.06642198 0.52706737
v 0.01439887 0.06647912 0.52823966
v 0.00983497 0.06642198 0.52706737
v 0.01428805 0.06638089 0.52834024
v -0.00387498 0.06642183 0.52613916
v 0.00076492 0.06642500 0.52597247
v 0.00081841 0.06647629 0.52578119
v -0.00387498 0.06642183 0.52613916
v 0.00081841 0.06647629 0.52578119
v -0.00378634 0.06647717 0.52595154
v -0.00378634 0.06647717 0.52595154
v 0.00081841 0.06647629 0.52578119
v -0.00386411 0.06638158 0.52580188
v -0.00386411 0.06638158 0.52580188
v 0.00081841 0.06647629 0.52578119
v 0.00073823 0.06636109 0.52563349
v -0.01730308 0.06639820 0.52910372
v -0.02146253 0.06637782 0.53108209
v -0.02132163 0.06648070 0.53120599
v -0.01730308 0.06639820 0.52910372
v -0.02132163 0.06648070 0.53120599
v -0.01715773 0.06647942 0.52926033
v -0.01715773 0.06647942 0.52926033
v -0.02132163 0.06648070 0.53120599
v -0.02134861 0.06640740 0.53141497
v -0.01715773 0.06647942 0.52926033
v -0.02134861 0.06640740 0.53141497
v -0.01717817 0.06639556 0.52942189
v -0.02915525 0.06641022 0.53637413
v -0.03250889 0.06634520 0.53951166
v -0.03230760 0.06648811 0.53954096
v -0.03230760 0.06648811 0.53954096
v -0.02889547 0.06645332 0.53654674
v -0.03230760 0.06648811 0.53954096
v -0.03224799 0.06639285 0.53976319
v -0.03658314 0.06632717 0.54509454
v -0.03522998 0.06637035 0.54323482
v -0.03788286 0.06639902 0.54701767
v -0.03788286 0.06639902 0.54701767
v -0.03522998 0.06637035 0.54323482
v -0.03529175 0.06648492 0.54306362
v -0.03788286 0.06639902 0.54701767
v -0.03529175 0.06648492 0.54306362
v -0.03800699 0.06648168 0.54681577
v -0.03800699 0.06648168 0.54681577
v -0.03529175 0.06648492 0.54306362
v -0.03551394 0.06638151 0.54301095
v -0.03800699 0.06648168 0.54681577
v -0.03551394 0.06638151 0.54301095
v -0.03816984 0.06634546 0.54679642
v -0.03816984 0.06634546 0.54679642
v -0.04040995 0.06638142 0.55085905
v -0.03800699 0.06648168 0.54681577
v -0.03800699 0.06648168 0.54681577
v -0.04040995 0.06638142 0.55085905
v -0.04021344 0.06648071 0.55085026
v -0.03800699 0.06648168 0.54681577
v -0.04021344 0.06648071 0.55085026
v -0.04011412 0.06640738 0.55103611
v -0.03800699 0.06648168 0.54681577
v -0.04011412 0.06640738 0.55103611
v -0.03788286 0.06639902 0.54701767
v -0.04329163 0.06645332 0.55959173
v -0.04191483 0.06640739 0.55526451
v -0.04203264 0.06648071 0.55508959
v -0.04329163 0.06645332 0.55959173
v -0.04203264 0.06648071 0.55508959
v -0.04357050 0.06641074 0.55947454
v -0.04357050 0.06641074 0.55947454
v -0.04203264 0.06648071 0.55508959
v -0.04222021 0.06637768 0.55508940
v -0.04357050 0.06641074 0.55947454
v -0.04450495 0.06641025 0.56414355
v -0.04420275 0.06645069 0.56419646
v -0.04420275 0.06645069 0.56419646
v -0.04493168 0.06641202 0.56873852
v -0.04489956 0.06638149 0.57333105
v -0.04473322 0.06648071 0.57322125
v -0.04473322 0.06648071 0.57322125
v -0.04462862 0.06645068 0.56877538
v -0.04473322 0.06648071 0.57322125
v -0.04455891 0.06640780 0.57327984
v -0.04161485 0.06639293 0.58674457
v -0.04305245 0.06639288 0.58238055
v -0.04329009 0.06648871 0.58232776
v -0.04161485 0.06639293 0.58674457
v -0.04329009 0.06648871 0.58232776
v -0.04180860 0.06648334 0.58668958
v -0.04180860 0.06648334 0.58668958
v -0.04329009 0.06648871 0.58232776
v -0.04194945 0.06638148 0.58685218
v -0.04194945 0.06638148 0.58685218
v -0.04329009 0.06648871 0.58232776
v -0.04340638 0.06632953 0.58246924
v -0.03502187 0.06634515 0.59886294
v -0.03193591 0.06641467 0.60227367
v -0.03496075 0.06649348 0.59864652
v -0.03496075 0.06649348 0.59864652
v -0.03496075 0.06649348 0.59864652
v -0.03178939 0.06645107 0.60199608
v -0.03473822 0.06637849 0.59862723
v -0.02064100 0.06639343 0.61018818
v -0.02457242 0.06639295 0.60787412
v -0.02478602 0.06648870 0.60799112
v -0.02064100 0.06639343 0.61018818
v -0.02478602 0.06648870 0.60799112
v -0.02076635 0.06647942 0.61028437
v -0.02076635 0.06647942 0.61028437
v -0.02478602 0.06648870 0.60799112
v -0.02079331 0.06639817 0.61049658
v -0.02079331 0.06639817 0.61049658
v -0.02478602 0.06648870 0.60799112
v -0.02477978 0.06632958 0.60817423
v -0.00764221 0.06637732 0.61494831
v -0.00308959 0.06641468 0.61547790
v -0.00774324 0.06648334 0.61473414
v -0.00774324 0.06648334 0.61473414
v -0.00308959 0.06641468 0.61547790
v -0.00316323 0.06645109 0.61517261
v -0.00774324 0.06648334 0.61473414
v -0.00316323 0.06645109 0.61517261
v -0.00759646 0.06639274 0.61459620
v 0.00622323 0.06641015 0.61515759
v 0.01071476 0.06638131 0.61430385
v 0.01061428 0.06647718 0.61416774
v 0.00622323 0.06641015 0.61515759
v 0.01061428 0.06647718 0.61416774
v 0.00618884 0.06645070 0.61485273
v 0.00618884 0.06645070 0.61485273
v 0.01061428 0.06647718 0.61416774
v 0.01059120 0.06642229 0.61398934
v 0.01928268 0.06637863 0.61085986
v 0.01503243 0.06642486 0.61266117
v 0.01926514 0.06647911 0.61101525
v 0.01926514 0.06647911 0.61101525
v 0.01503243 0.06642486 0.61266117
v 0.01505068 0.06647631 0.61285892
v 0.01926514 0.06647911 0.61101525
v 0.01505068 0.06647631 0.61285892
v 0.01937993 0.06639420 0.61120714
v 0.01937993 0.06639420 0.61120714
v 0.01505068 0.06647631 0.61285892
v 0.01513604 0.06636157 0.61298361
v 0.01937993 0.06639420 0.61120714
v 0.02351531 0.06634536 0.60897561
v 0.02330928 0.06649352 0.60888680
v 0.01937993 0.06639420 0.61120714
v 0.02330928 0.06649352 0.60888680
v 0.01926514 0.06647911 0.61101525
v 0.01926514 0.06647911 0.61101525
v 0.02330928 0.06649352 0.60888680
v 0.02331807 0.06637854 0.60866396
v 0.01926514 0.06647911 0.61101525
v 0.02331807 0.06637854 0.60866396
v 0.01928268 0.06637863 0.61085986
v 0.03067580 0.06645067 0.60308378
v 0.03078367 0.06641080 0.60340268
v 0.03381799 0.06642197 0.59976558
v 0.03067580 0.06645067 0.60308378
v 0.03388592 0.06647719 0.59996120
v 0.03388592 0.06647719 0.59996120
v 0.03388592 0.06647719 0.59996120
v 0.03078367 0.06641080 0.60340268
v 0.03402897 0.06637772 0.60003932
v 0.03659293 0.06637878 0.59615674
v 0.03381799 0.06642197 0.59976558
v 0.03666394 0.06647912 0.59628656
v 0.03666394 0.06647912 0.59628656
v 0.03381799 0.06642197 0.59976558
v 0.03388592 0.06647719 0.59996120
v 0.03666394 0.06647912 0.59628656
v 0.03388592 0.06647719 0.59996120
v 0.03687985 0.06639805 0.59635852
v 0.03687985 0.06639805 0.59635852
v 0.03388592 0.06647719 0.59996120
v 0.03402897 0.06637772 0.60003932
v -0.03514519 0.06600475 0.54331746
v -0.03522998 0.06637035 0.54323482
v -0.03658314 0.06632717 0.54509454
v -0.03514519 0.06600475 0.54331746
v -0.03658314 0.06632717 0.54509454
v -0.03778374 0.06605071 0.54706180
v -0.03778374 0.06605071 0.54706180
v -0.03658314 0.06632717 0.54509454
v -0.03788286 0.06639902 0.54701767
v -0.03778374 0.06605071 0.54706180
v -0.03788286 0.06639902 0.54701767
v -0.03999665 0.06605486 0.55104563
v -0.03999665 0.06605486 0.55104563
v -0.03788286 0.06639902 0.54701767
v -0.04011412 0.06640738 0.55103611
v -0.03999665 0.06605486 0.55104563
v -0.04011412 0.06640738 0.55103611
v -0.04178574 0.06603814 0.55525328
v -0.04191483 0.06640739 0.55526451
v -0.04178574 0.06603814 0.55525328
v -0.04191483 0.06640739 0.55526451
v -0.04314230 0.06600520 0.55969585
v -0.04314230 0.06600520 0.55969585
v -0.04191483 0.06640739 0.55526451
v -0.04329163 0.06645332 0.55959173
v -0.04314230 0.06600520 0.55969585
v -0.04329163 0.06645332 0.55959173
v -0.04420275 0.06645069 0.56419646
v -0.04314230 0.06600520 0.55969585
v -0.04420275 0.06645069 0.56419646
v -0.04402332 0.06600170 0.56413677
v -0.04402332 0.06600170 0.56413677
v -0.04420275 0.06645069 0.56419646
v -0.04445902 0.06600469 0.56865454
v -0.04445902 0.06600469 0.56865454
v -0.04420275 0.06645069 0.56419646
v -0.04462862 0.06645068 0.56877538
v -0.04445902 0.06600469 0.56865454
v -0.04462862 0.06645068 0.56877538
v -0.04442019 0.06600520 0.57333337
v -0.04442019 0.06600520 0.57333337
v -0.04462862 0.06645068 0.56877538
v -0.04455891 0.06640780 0.57327984
v -0.04442019 0.06600520 0.57333337
v -0.04455891 0.06640780 0.57327984
v -0.04390546 0.06600521 0.57788629
v -0.04390546 0.06600521 0.57788629
v -0.04455891 0.06640780 0.57327984
v -0.04403930 0.06639558 0.57787378
v -0.04390546 0.06600521 0.57788629
v -0.04403930 0.06639558 0.57787378
v -0.04305245 0.06639288 0.58238055
v -0.04390546 0.06600521 0.57788629
v -0.04305245 0.06639288 0.58238055
v -0.04293435 0.06600172 0.58230835
v -0.04293435 0.06600172 0.58230835
v -0.04305245 0.06639288 0.58238055
v -0.04153173 0.06605480 0.58667566
v -0.04153173 0.06605480 0.58667566
v -0.04305245 0.06639288 0.58238055
v -0.04161485 0.06639293 0.58674457
v -0.04153173 0.06605480 0.58667566
v -0.04161485 0.06639293 0.58674457
v -0.03965180 0.06605538 0.59087904
v -0.03965180 0.06605538 0.59087904
v -0.04161485 0.06639293 0.58674457
v -0.03978016 0.06642234 0.59088740
v -0.03965180 0.06605538 0.59087904
v -0.03978016 0.06642234 0.59088740
v -0.03735829 0.06603550 0.59482894
v -0.03744085 0.06638071 0.59489968
v -0.03735829 0.06603550 0.59482894
v -0.03744085 0.06638071 0.59489968
v -0.03469007 0.06600469 0.59849265
v -0.03473822 0.06637849 0.59862723
v -0.03469007 0.06600469 0.59849265
v -0.03473822 0.06637849 0.59862723
v -0.03160233 0.06603871 0.60197686
v -0.03160233 0.06603871 0.60197686
v -0.03473822 0.06637849 0.59862723
v -0.03178939 0.06645107 0.60199608
v -0.03160233 0.06603871 0.60197686
v -0.03178939 0.06645107 0.60199608
v -0.02821861 0.06600174 0.60502272
v -0.02821861 0.06600174 0.60502272
v -0.03178939 0.06645107 0.60199608
v -0.02833779 0.06645335 0.60515235
v -0.02821861 0.06600174 0.60502272
v -0.02833779 0.06645335 0.60515235
v -0.02455033 0.06603819 0.60775681
v -0.02455033 0.06603819 0.60775681
v -0.02833779 0.06645335 0.60515235
v -0.02457242 0.06639295 0.60787412
v -0.02455033 0.06603819 0.60775681
v -0.02457242 0.06639295 0.60787412
v -0.02056844 0.06603885 0.61010236
v -0.02064100 0.06639343 0.61018818
v -0.02056844 0.06603885 0.61010236
v -0.02064100 0.06639343 0.61018818
v -0.01640810 0.06605546 0.61201255
v -0.01640810 0.06605546 0.61201255
v -0.02064100 0.06639343 0.61018818
v -0.01645207 0.06637878 0.61209782
v -0.01640810 0.06605546 0.61201255
v -0.01645207 0.06637878 0.61209782
v -0.01207928 0.06600167 0.61344375
v -0.01207928 0.06600167 0.61344375
v -0.01645207 0.06637878 0.61209782
v -0.01210959 0.06642503 0.61359463
v -0.01207928 0.06600167 0.61344375
v -0.01210959 0.06642503 0.61359463
v -0.00762371 0.06603815 0.61447999
v -0.00762371 0.06603815 0.61447999
v -0.01210959 0.06642503 0.61359463
v -0.00759646 0.06639274 0.61459620
v -0.00762371 0.06603815 0.61447999
v -0.00759646 0.06639274 0.61459620
v -0.00303495 0.06603854 0.61503461
v -0.00303495 0.06603854 0.61503461
v -0.00759646 0.06639274 0.61459620
v -0.00316323 0.06645109 0.61517261
v -0.00303495 0.06603854 0.61503461
v -0.00316323 0.06645109 0.61517261
v 0.00153010 0.06605247 0.61511731
v 0.00153385 0.06642498 0.61524152
v 0.00153010 0.06605247 0.61511731
v 0.00153385 0.06642498 0.61524152
v 0.00608996 0.06605466 0.61472663
v 0.00608996 0.06605466 0.61472663
v 0.00153385 0.06642498 0.61524152
v 0.00618884 0.06645070 0.61485273
v 0.00608996 0.06605466 0.61472663
v 0.00618884 0.06645070 0.61485273
v 0.01063598 0.06600525 0.61383052
v 0.01063598 0.06600525 0.61383052
v 0.00618884 0.06645070 0.61485273
v 0.01059120 0.06642229 0.61398934
v 0.01063598 0.06600525 0.61383052
v 0.01059120 0.06642229 0.61398934
v 0.01500313 0.06605533 0.61254203
v 0.01500313 0.06605533 0.61254203
v 0.01059120 0.06642229 0.61398934
v 0.01503243 0.06642486 0.61266117
v 0.01500313 0.06605533 0.61254203
v 0.01503243 0.06642486 0.61266117
v 0.01928268 0.06637863 0.61085986
v 0.01919902 0.06600174 0.61075976
v 0.01919902 0.06600174 0.61075976
v 0.01928268 0.06637863 0.61085986
v 0.02322993 0.06603793 0.60859646
v 0.02322993 0.06603793 0.60859646
v 0.01928268 0.06637863 0.61085986
v 0.02331807 0.06637854 0.60866396
v 0.02322993 0.06603793 0.60859646
v 0.02331807 0.06637854 0.60866396
v 0.02705099 0.06600514 0.60595483
v 0.02705099 0.06600514 0.60595483
v 0.02331807 0.06637854 0.60866396
v 0.02710342 0.06645330 0.60612915
v 0.02705099 0.06600514 0.60595483
v 0.02710342 0.06645330 0.60612915
v 0.03067580 0.06645067 0.60308378
v 0.02705099 0.06600514 0.60595483
v 0.03067580 0.06645067 0.60308378
v 0.03052622 0.06605248 0.60303239
v 0.03052622 0.06605248 0.60303239
v 0.03067580 0.06645067 0.60308378
v 0.03364338 0.06600472 0.59974721
v 0.03364338 0.06600472 0.59974721
v 0.03067580 0.06645067 0.60308378
v 0.03381799 0.06642197 0.59976558
v 0.03364338 0.06600472 0.59974721
v 0.03381799 0.06642197 0.59976558
v 0.03651645 0.06600523 0.59605463
v 0.03651645 0.06600523 0.59605463
v 0.03381799 0.06642197 0.59976558
v 0.03659293 0.06637878 0.59615674
v 0.03651645 0.06600523 0.59605463
v 0.03659293 0.06637878 0.59615674
v 0.03893843 0.06600522 0.59216509
v 0.03893843 0.06600522 0.59216509
v 0.03659293 0.06637878 0.59615674
v 0.03904138 0.06641038 0.59226489
v 0.03893843 0.06600522 0.59216509
v 0.03904138 0.06641038 0.59226489
v 0.04105004 0.06637845 0.58811559
v 0.03893843 0.06600522 0.59216509
v 0.04105004 0.06637845 0.58811559
v 0.04093284 0.06601858 0.58809587
v 0.04093284 0.06601858 0.58809587
v 0.04105004 0.06637845 0.58811559
v 0.04252780 0.06602200 0.58376140
v 0.04252780 0.06602200 0.58376140
v 0.04105004 0.06637845 0.58811559
v 0.04263788 0.06645109 0.58392912
v 0.04252780 0.06602200 0.58376140
v 0.04263788 0.06645109 0.58392912
v 0.04363130 0.06600175 0.57935496
v 0.04363130 0.06600175 0.57935496
v 0.04263788 0.06645109 0.58392912
v 0.04380174 0.06645335 0.57939884
v 0.04363130 0.06600175 0.57935496
v 0.04380174 0.06645335 0.57939884
v 0.04429897 0.06600472 0.57486551
v 0.04429897 0.06600472 0.57486551
v 0.04380174 0.06645335 0.57939884
v 0.04447458 0.06645071 0.57475352
v 0.04429897 0.06600472 0.57486551
v 0.04447458 0.06645071 0.57475352
v 0.04450102 0.06600471 0.57028806
v 0.04450102 0.06600471 0.57028806
v 0.04447458 0.06645071 0.57475352
v 0.04466419 0.06645071 0.57015861
v 0.04450102 0.06600471 0.57028806
v 0.04466419 0.06645071 0.57015861
v 0.04422140 0.06600525 0.56561747
v 0.04422140 0.06600525 0.56561747
v 0.04466419 0.06645071 0.57015861
v 0.04437335 0.06642241 0.56568186
v 0.04422140 0.06600525 0.56561747
v 0.04437335 0.06642241 0.56568186
v 0.04347922 0.06600174 0.56115134
v 0.04347922 0.06600174 0.56115134
v 0.04437335 0.06642241 0.56568186
v 0.04365303 0.06645335 0.56112332
v 0.04347922 0.06600174 0.56115134
v 0.04365303 0.06645335 0.56112332
v 0.04230327 0.06605482 0.55671768
v 0.04230327 0.06605482 0.55671768
v 0.04365303 0.06645335 0.56112332
v 0.04238975 0.06639291 0.55665286
v 0.04230327 0.06605482 0.55671768
v 0.04238975 0.06639291 0.55665286
v 0.04064219 0.06605542 0.55242294
v 0.04064219 0.06605542 0.55242294
v 0.04238975 0.06639291 0.55665286
v 0.04074289 0.06639329 0.55239803
v 0.04064219 0.06605542 0.55242294
v 0.04074289 0.06639329 0.55239803
v 0.03856033 0.06605258 0.54835219
v 0.03856033 0.06605258 0.54835219
v 0.04074289 0.06639329 0.55239803
v 0.03865370 0.06639332 0.54830537
v 0.03856033 0.06605258 0.54835219
v 0.03865370 0.06639332 0.54830537
v 0.03607908 0.06600471 0.54456415
v 0.03607908 0.06600471 0.54456415
v 0.03865370 0.06639332 0.54830537
v 0.03619806 0.06645331 0.54443653
v 0.03607908 0.06600471 0.54456415
v 0.03619806 0.06645331 0.54443653
v 0.03317482 0.06603872 0.54092559
v 0.03317482 0.06603872 0.54092559
v 0.03619806 0.06645331 0.54443653
v 0.03330551 0.06642244 0.54088317
v 0.03317482 0.06603872 0.54092559
v 0.03330551 0.06642244 0.54088317
v 0.02993316 0.06602196 0.53767172
v 0.02993316 0.06602196 0.53767172
v 0.03330551 0.06642244 0.54088317
v 0.03004697 0.06642501 0.53758829
v 0.02993316 0.06602196 0.53767172
v 0.03004697 0.06642501 0.53758829
v 0.02644141 0.06645069 0.53461762
v 0.02993316 0.06602196 0.53767172
v 0.02644141 0.06645069 0.53461762
v 0.02641586 0.06603550 0.53478315
v 0.02641586 0.06603550 0.53478315
v 0.02644141 0.06645069 0.53461762
v 0.02259981 0.06605495 0.53225010
v 0.02259981 0.06605495 0.53225010
v 0.02644141 0.06645069 0.53461762
v 0.02261323 0.06642196 0.53212101
v 0.02259981 0.06605495 0.53225010
v 0.02261323 0.06642196 0.53212101
v 0.01851723 0.06605573 0.53012080
v 0.01851723 0.06605573 0.53012080
v 0.02261323 0.06642196 0.53212101
v 0.01857614 0.06639340 0.53003571
v 0.01851723 0.06605573 0.53012080
v 0.01857614 0.06639340 0.53003571
v 0.01426764 0.06601862 0.52845712
v 0.01426764 0.06601862 0.52845712
v 0.01857614 0.06639340 0.53003571
v 0.01428805 0.06638089 0.52834024
v 0.01426764 0.06601862 0.52845712
v 0.01428805 0.06638089 0.52834024
v 0.00986115 0.06605480 0.52719432
v 0.00986115 0.06605480 0.52719432
v 0.01428805 0.06638089 0.52834024
v 0.00983497 0.06642198 0.52706737
v 0.00986115 0.06605480 0.52719432
v 0.00983497 0.06642198 0.52706737
v 0.00532446 0.06605545 0.52640759
v 0.00538847 0.06642240 0.52629638
v 0.00532446 0.06605545 0.52640759
v 0.00538847 0.06642240 0.52629638
v 0.00073475 0.06602208 0.52611017
v 0.00073475 0.06602208 0.52611017
v 0.00538847 0.06642240 0.52629638
v 0.00076492 0.06642500 0.52597247
v 0.00073475 0.06602208 0.52611017
v 0.00076492 0.06642500 0.52597247
v -0.00387498 0.06642183 0.52613916
v 0.00073475 0.06602208 0.52611017
v -0.00387498 0.06642183 0.52613916
v -0.00380464 0.06600174 0.52628228
v -0.00380464 0.06600174 0.52628228
v -0.00387498 0.06642183 0.52613916
v -0.00830219 0.06600473 0.52689586
v -0.00830219 0.06600473 0.52689586
v -0.00387498 0.06642183 0.52613916
v -0.00841524 0.06640737 0.52677935
v -0.00830219 0.06600473 0.52689586
v -0.00841524 0.06640737 0.52677935
v -0.01282831 0.06603871 0.52798386
v -0.01282831 0.06603871 0.52798386
v -0.00841524 0.06640737 0.52677935
v -0.01283669 0.06639337 0.52787192
v -0.01282831 0.06603871 0.52798386
v -0.01283669 0.06639337 0.52787192
v -0.01710717 0.06600170 0.52953914
v -0.01710717 0.06600170 0.52953914
v -0.01283669 0.06639337 0.52787192
v -0.01717817 0.06639556 0.52942189
v -0.01710717 0.06600170 0.52953914
v -0.01717817 0.06639556 0.52942189
v -0.02120428 0.06600467 0.53149120
v -0.02120428 0.06600467 0.53149120
v -0.01717817 0.06639556 0.52942189
v -0.02134861 0.06640740 0.53141497
v -0.02120428 0.06600467 0.53149120
v -0.02134861 0.06640740 0.53141497
v -0.02518634 0.06603868 0.53390468
v -0.02518634 0.06603868 0.53390468
v -0.02134861 0.06640740 0.53141497
v -0.02521065 0.06642242 0.53376888
v -0.02518634 0.06603868 0.53390468
v -0.02521065 0.06642242 0.53376888
v -0.02882947 0.06602198 0.53670152
v -0.02882947 0.06602198 0.53670152
v -0.02521065 0.06642242 0.53376888
v -0.02889547 0.06645332 0.53654674
v -0.02882947 0.06602198 0.53670152
v -0.02889547 0.06645332 0.53654674
v -0.03224799 0.06639285 0.53976319
v -0.02882947 0.06602198 0.53670152
v -0.03224799 0.06639285 0.53976319
v -0.03214575 0.06603565 0.53981879
v -0.03214575 0.06603565 0.53981879
v -0.03224799 0.06639285 0.53976319
v -0.03514519 0.06600475 0.54331746
v -0.03514519 0.06600475 0.54331746
v -0.03224799 0.06639285 0.53976319
v -0.03522998 0.06637035 0.54323482
v -0.04402332 0.06600170 0.56413677
v -0.04445902 0.06600469 0.56865454
v -0.04383941 0.06594170 0.56426708
v -0.04402332 0.06600170 0.56413677
v -0.04383941 0.06594170 0.56426708
v -0.04295413 0.06594170 0.55979290
v -0.04314230 0.06600520 0.55969585
v -0.04402332 0.06600170 0.56413677
v -0.04295413 0.06594170 0.55979290
v -0.04314230 0.06600520 0.55969585
v -0.04295413 0.06594170 0.55979290
v -0.04166490 0.06593459 0.55545946
v -0.03990787 0.06594724 0.55116776
v -0.04166490 0.06593459 0.55545946
v -0.03973697 0.06596488 0.55121336
v -0.03990787 0.06594724 0.55116776
v -0.03973697 0.06596488 0.55121336
v -0.03769849 0.06593948 0.54720590
v -0.03769849 0.06593948 0.54720590
v -0.03973697 0.06596488 0.55121336
v -0.03746706 0.06603720 0.54731839
v -0.03769849 0.06593948 0.54720590
v -0.03746706 0.06603720 0.54731839
v -0.03502490 0.06594171 0.54349745
v -0.03502490 0.06594171 0.54349745
v -0.03746706 0.06603720 0.54731839
v -0.03483043 0.06605245 0.54353951
v -0.03502490 0.06594171 0.54349745
v -0.03483043 0.06605245 0.54353951
v -0.03181601 0.06605564 0.54005798
v -0.03210816 0.06593460 0.54004279
v -0.03502490 0.06594171 0.54349745
v -0.03181601 0.06605564 0.54005798
v -0.03210816 0.06593460 0.54004279
v -0.03181601 0.06605564 0.54005798
v -0.02858679 0.06605467 0.53701750
v -0.00301024 0.06610920 0.61461689
v -0.00756134 0.06607737 0.61407155
v -0.00300029 0.06597256 0.61471772
v -0.00301024 0.06610920 0.61461689
v -0.00300029 0.06597256 0.61471772
v 0.00146882 0.06603554 0.61471442
v 0.01051006 0.06605233 0.61346426
v 0.00598129 0.06603838 0.61432911
v 0.01063379 0.06594173 0.61361843
v 0.01051006 0.06605233 0.61346426
v 0.01063379 0.06594173 0.61361843
v 0.01491507 0.06603638 0.61214042
v 0.01491507 0.06603638 0.61214042
v 0.01063379 0.06594173 0.61361843
v 0.01503155 0.06593951 0.61236973
v 0.01491507 0.06603638 0.61214042
v 0.01503155 0.06593951 0.61236973
v 0.01920507 0.06594173 0.61053418
v 0.02696394 0.06594175 0.60576160
v 0.02322758 0.06594469 0.60842697
v 0.02705099 0.06600514 0.60595483
v 0.02696394 0.06594175 0.60576160
v 0.02705099 0.06600514 0.60595483
v 0.03048186 0.06594725 0.60289317
v 0.01899417 0.06605556 0.61043305
v 0.01491507 0.06603638 0.61214042
v 0.01920507 0.06594173 0.61053418
v 0.01899417 0.06605556 0.61043305
v 0.01920507 0.06594173 0.61053418
v 0.02310754 0.06597256 0.60829880
v 0.03358265 0.06594173 0.59950332
v 0.03048186 0.06594725 0.60289317
v 0.03364338 0.06600472 0.59974721
v 0.03358265 0.06594173 0.59950332
v 0.03364338 0.06600472 0.59974721
v 0.03651645 0.06600523 0.59605463
v 0.04236872 0.06593764 0.58361034
v 0.04080818 0.06593764 0.58789794
v 0.04252780 0.06602200 0.58376140
v 0.04236872 0.06593764 0.58361034
v 0.04252780 0.06602200 0.58376140
v 0.04363130 0.06600175 0.57935496
v 0.03859982 0.06605451 0.59197571
v 0.03620160 0.06605777 0.59582386
v 0.03878124 0.06594173 0.59202319
v 0.03859982 0.06605451 0.59197571
v 0.03878124 0.06594173 0.59202319
v 0.04080818 0.06593764 0.58789794
v 0.04410812 0.06594173 0.57470145
v 0.04343279 0.06594273 0.57922068
v 0.04429897 0.06600472 0.57486551
v 0.04410812 0.06594173 0.57470145
v 0.04429897 0.06600472 0.57486551
v 0.04450102 0.06600471 0.57028806
v 0.04322506 0.06594501 0.56111813
v 0.04399213 0.06594273 0.56560447
v 0.04347922 0.06600174 0.56115134
v 0.04322506 0.06594501 0.56111813
v 0.04347922 0.06600174 0.56115134
v 0.04207463 0.06592724 0.55663626
v 0.03841472 0.06594726 0.54836360
v 0.04049937 0.06594726 0.55243172
v 0.03856033 0.06605258 0.54835219
v 0.03841472 0.06594726 0.54836360
v 0.03856033 0.06605258 0.54835219
v 0.03607908 0.06600471 0.54456415
v 0.04410618 0.06607735 0.57026432
v 0.04391358 0.06605540 0.57482432
v 0.04427434 0.06594273 0.57015452
v 0.04410618 0.06607735 0.57026432
v 0.04427434 0.06594273 0.57015452
v 0.04399213 0.06594273 0.56560447
v 0.03303316 0.06594470 0.54098687
v 0.03607908 0.06600471 0.54456415
v 0.03317482 0.06603872 0.54092559
v 0.03303316 0.06594470 0.54098687
v 0.03317482 0.06603872 0.54092559
v 0.02993316 0.06602196 0.53767172
v 0.03828160 0.06596490 0.54848005
v 0.04033683 0.06597251 0.55253860
v 0.03841472 0.06594726 0.54836360
v 0.03828160 0.06596490 0.54848005
v 0.03841472 0.06594726 0.54836360
v 0.03582750 0.06594173 0.54456690
v 0.02972831 0.06593763 0.53775113
v 0.03303316 0.06594470 0.54098687
v 0.02993316 0.06602196 0.53767172
v 0.02972831 0.06593763 0.53775113
v 0.02993316 0.06602196 0.53767172
v 0.02619786 0.06593462 0.53484858
v 0.02619786 0.06593462 0.53484858
v 0.02993316 0.06602196 0.53767172
v 0.02641586 0.06603550 0.53478315
v 0.02619786 0.06593462 0.53484858
v 0.02641586 0.06603550 0.53478315
v 0.02247075 0.06594727 0.53232877
v 0.02247075 0.06594727 0.53232877
v 0.02641586 0.06603550 0.53478315
v 0.02259981 0.06605495 0.53225010
v 0.02247075 0.06594727 0.53232877
v 0.02259981 0.06605495 0.53225010
v 0.01851723 0.06605573 0.53012080
v 0.04309629 0.06609180 0.56123599
v 0.04383596 0.06607053 0.56569107
v 0.04322506 0.06594501 0.56111813
v 0.04309629 0.06609180 0.56123599
v 0.04322506 0.06594501 0.56111813
v 0.04191165 0.06607694 0.55687258
v 0.04191165 0.06607694 0.55687258
v 0.04322506 0.06594501 0.56111813
v 0.04207463 0.06592724 0.55663626
v 0.04191165 0.06607694 0.55687258
v 0.04207463 0.06592724 0.55663626
v 0.04033683 0.06597251 0.55253860
v 0.01841592 0.06594728 0.53022169
v 0.02247075 0.06594727 0.53232877
v 0.01851723 0.06605573 0.53012080
v 0.01841592 0.06594728 0.53022169
v 0.01851723 0.06605573 0.53012080
v 0.01426764 0.06601862 0.52845712
v 0.03576680 0.06605560 0.54479364
v 0.03828160 0.06596490 0.54848005
v 0.03582750 0.06594173 0.54456690
v 0.03576680 0.06605560 0.54479364
v 0.03582750 0.06594173 0.54456690
v 0.03292832 0.06597254 0.54112798
v 0.00976334 0.06594725 0.52730882
v 0.01426764 0.06601862 0.52845712
v 0.00986115 0.06605480 0.52719432
v 0.00976334 0.06594725 0.52730882
v 0.00986115 0.06605480 0.52719432
v 0.00532446 0.06605545 0.52640759
v 0.02620902 0.06605507 0.53513166
v 0.02964536 0.06605646 0.53794943
v 0.02619786 0.06593462 0.53484858
v 0.02620902 0.06605507 0.53513166
v 0.02619786 0.06593462 0.53484858
v 0.02241199 0.06596493 0.53249589
v 0.01837383 0.06596486 0.53039344
v 0.02241199 0.06596493 0.53249589
v 0.01841592 0.06594728 0.53022169
v 0.01837383 0.06596486 0.53039344
v 0.01841592 0.06594728 0.53022169
v 0.01407982 0.06593765 0.52859665
v 0.02237982 0.06609130 0.53261045
v 0.02620902 0.06605507 0.53513166
v 0.02241199 0.06596493 0.53249589
v 0.02237982 0.06609130 0.53261045
v 0.02241199 0.06596493 0.53249589
v 0.01837383 0.06596486 0.53039344
v 0.01409515 0.06605452 0.52881423
v 0.01837383 0.06596486 0.53039344
v 0.01407982 0.06593765 0.52859665
v 0.01409515 0.06605452 0.52881423
v 0.01407982 0.06593765 0.52859665
v 0.00975706 0.06596485 0.52748545
v 0.00527113 0.06596485 0.52671087
v 0.00975706 0.06596485 0.52748545
v 0.00525863 0.06594723 0.52653466
v 0.00527113 0.06596485 0.52671087
v 0.00525863 0.06594723 0.52653466
v 0.00064248 0.06593997 0.52628558
v -0.00388910 0.06594171 0.52649108
v 0.00064248 0.06593997 0.52628558
v -0.00380464 0.06600174 0.52628228
v -0.00388910 0.06594171 0.52649108
v -0.00380464 0.06600174 0.52628228
v -0.00830219 0.06600473 0.52689586
v -0.01288414 0.06593458 0.52819406
v -0.00830219 0.06600473 0.52689586
v -0.01282831 0.06603871 0.52798386
v -0.01288414 0.06593458 0.52819406
v -0.01282831 0.06603871 0.52798386
v -0.01710717 0.06600170 0.52953914
v 0.00978223 0.06609539 0.52761155
v 0.01409515 0.06605452 0.52881423
v 0.00975706 0.06596485 0.52748545
v 0.00978223 0.06609539 0.52761155
v 0.00975706 0.06596485 0.52748545
v 0.00527113 0.06596485 0.52671087
v -0.01710843 0.06594273 0.52977913
v -0.01288414 0.06593458 0.52819406
v -0.01710717 0.06600170 0.52953914
v -0.01710843 0.06594273 0.52977913
v -0.01710717 0.06600170 0.52953914
v -0.02120428 0.06600467 0.53149120
v -0.02517561 0.06593460 0.53412178
v -0.02120428 0.06600467 0.53149120
v -0.02518634 0.06603868 0.53390468
v -0.02517561 0.06593460 0.53412178
v -0.02518634 0.06603868 0.53390468
v -0.02882947 0.06602198 0.53670152
v -0.02877630 0.06593762 0.53691435
v -0.02517561 0.06593460 0.53412178
v -0.02882947 0.06602198 0.53670152
v -0.02877630 0.06593762 0.53691435
v -0.02882947 0.06602198 0.53670152
v -0.03210816 0.06593460 0.54004279
v -0.03210816 0.06593460 0.54004279
v -0.02882947 0.06602198 0.53670152
v -0.03214575 0.06603565 0.53981879
v -0.03210816 0.06593460 0.54004279
v -0.03214575 0.06603565 0.53981879
v -0.03514519 0.06600475 0.54331746
v -0.00828284 0.06607198 0.52729057
v -0.00373145 0.06605529 0.52666027
v -0.00839199 0.06594271 0.52714256
v -0.00828284 0.06607198 0.52729057
v -0.00839199 0.06594271 0.52714256
v -0.01274519 0.06605691 0.52838486
v -0.01274519 0.06605691 0.52838486
v -0.00839199 0.06594271 0.52714256
v -0.01288414 0.06593458 0.52819406
v -0.01274519 0.06605691 0.52838486
v -0.01288414 0.06593458 0.52819406
v -0.01710843 0.06594273 0.52977913
v -0.03769849 0.06593948 0.54720590
v -0.03514519 0.06600475 0.54331746
v -0.03778374 0.06605071 0.54706180
v -0.03769849 0.06593948 0.54720590
v -0.03778374 0.06605071 0.54706180
v -0.03999665 0.06605486 0.55104563
v -0.01694563 0.06607347 0.52989210
v -0.01274519 0.06605691 0.52838486
v -0.01710843 0.06594273 0.52977913
v -0.01694563 0.06607347 0.52989210
v -0.01710843 0.06594273 0.52977913
v -0.02102732 0.06605775 0.53183800
v -0.02102732 0.06605775 0.53183800
v -0.01710843 0.06594273 0.52977913
v -0.02123370 0.06594171 0.53174089
v -0.02102732 0.06605775 0.53183800
v -0.02123370 0.06594171 0.53174089
v -0.02517561 0.06593460 0.53412178
v -0.03502490 0.06594171 0.54349745
v -0.03210816 0.06593460 0.54004279
v -0.03514519 0.06600475 0.54331746
v -0.03502490 0.06594171 0.54349745
v -0.03514519 0.06600475 0.54331746
v -0.03769849 0.06593948 0.54720590
v -0.02495026 0.06605209 0.53423213
v -0.02102732 0.06605775 0.53183800
v -0.02517561 0.06593460 0.53412178
v -0.02495026 0.06605209 0.53423213
v -0.02517561 0.06593460 0.53412178
v -0.02877630 0.06593762 0.53691435
v -0.04166490 0.06593459 0.55545946
v -0.03990787 0.06594724 0.55116776
v -0.04178574 0.06603814 0.55525328
v -0.04166490 0.06593459 0.55545946
v -0.04178574 0.06603814 0.55525328
v -0.04314230 0.06600520 0.55969585
v -0.04141371 0.06605228 0.55540959
v -0.03973697 0.06596488 0.55121336
v -0.04166490 0.06593459 0.55545946
v -0.04141371 0.06605228 0.55540959
v -0.04166490 0.06593459 0.55545946
v -0.04295413 0.06594170 0.55979290
v -0.04419189 0.06594270 0.57335803
v -0.04423951 0.06594270 0.56879974
v -0.04442019 0.06600520 0.57333337
v -0.04419189 0.06594270 0.57335803
v -0.04442019 0.06600520 0.57333337
v -0.04390546 0.06600521 0.57788629
v -0.04138187 0.06594724 0.58669349
v -0.04293435 0.06600172 0.58230835
v -0.04153173 0.06605480 0.58667566
v -0.04138187 0.06594724 0.58669349
v -0.04153173 0.06605480 0.58667566
v -0.03965180 0.06605538 0.59087904
v -0.03961064 0.06609274 0.55121946
v -0.03746706 0.06603720 0.54731839
v -0.03973697 0.06596488 0.55121336
v -0.03961064 0.06609274 0.55121946
v -0.03973697 0.06596488 0.55121336
v -0.04141371 0.06605228 0.55540959
v -0.04276674 0.06605748 0.55980193
v -0.04141371 0.06605228 0.55540959
v -0.04295413 0.06594170 0.55979290
v -0.04276674 0.06605748 0.55980193
v -0.04295413 0.06594170 0.55979290
v -0.04383941 0.06594170 0.56426708
v -0.04367582 0.06594270 0.57788751
v -0.04419189 0.06594270 0.57335803
v -0.04390546 0.06600521 0.57788629
v -0.04367582 0.06594270 0.57788751
v -0.04390546 0.06600521 0.57788629
v -0.04293435 0.06600172 0.58230835
v -0.03950956 0.06594722 0.59086305
v -0.04138187 0.06594724 0.58669349
v -0.03965180 0.06605538 0.59087904
v -0.03950956 0.06594722 0.59086305
v -0.03965180 0.06605538 0.59087904
v -0.03735829 0.06603550 0.59482894
v -0.03713147 0.06593462 0.59484438
v -0.03950956 0.06594722 0.59086305
v -0.03735829 0.06603550 0.59482894
v -0.03713147 0.06593462 0.59484438
v -0.03735829 0.06603550 0.59482894
v -0.03469007 0.06600469 0.59849265
v -0.04406444 0.06608340 0.56870703
v -0.04365228 0.06605437 0.56424297
v -0.04423951 0.06594270 0.56879974
v -0.04406444 0.06608340 0.56870703
v -0.04423951 0.06594270 0.56879974
v -0.04419189 0.06594270 0.57335803
v -0.04351713 0.06607420 0.57781970
v -0.04402522 0.06608372 0.57328045
v -0.04367582 0.06594270 0.57788751
v -0.04351713 0.06607420 0.57781970
v -0.04367582 0.06594270 0.57788751
v -0.04269678 0.06594270 0.58233966
v -0.03937046 0.06596489 0.59075374
v -0.04123222 0.06596489 0.58659919
v -0.03950956 0.06594722 0.59086305
v -0.03937046 0.06596489 0.59075374
v -0.03950956 0.06594722 0.59086305
v -0.03713147 0.06593462 0.59484438
v -0.03442946 0.06594271 0.59845664
v -0.03713147 0.06593462 0.59484438
v -0.03469007 0.06600469 0.59849265
v -0.03442946 0.06594271 0.59845664
v -0.03469007 0.06600469 0.59849265
v -0.03146442 0.06594468 0.60190795
v -0.04409704 0.06617370 0.57061691
v -0.04406444 0.06608340 0.56870703
v -0.04402522 0.06608372 0.57328045
v -0.04113437 0.06609145 0.58653290
v -0.04256681 0.06607452 0.58217963
v -0.04123222 0.06596489 0.58659919
v -0.04113437 0.06609145 0.58653290
v -0.04123222 0.06596489 0.58659919
v -0.03937046 0.06596489 0.59075374
v -0.03703923 0.06605486 0.59458010
v -0.03937046 0.06596489 0.59075374
v -0.03713147 0.06593462 0.59484438
v -0.03703923 0.06605486 0.59458010
v -0.03713147 0.06593462 0.59484438
v -0.03442946 0.06594271 0.59845664
v -0.03136664 0.06597251 0.60176208
v -0.03442946 0.06594271 0.59845664
v -0.03146442 0.06594468 0.60190795
v -0.03136664 0.06597251 0.60176208
v -0.03146442 0.06594468 0.60190795
v -0.02801198 0.06594171 0.60493245
v -0.02793151 0.06605467 0.60476314
v -0.03136664 0.06597251 0.60176208
v -0.02801198 0.06594171 0.60493245
v -0.02793151 0.06605467 0.60476314
v -0.02801198 0.06594171 0.60493245
v -0.02432233 0.06593460 0.60768607
v -0.01192979 0.06594272 0.61325631
v -0.01631153 0.06594722 0.61190654
v -0.01207928 0.06600167 0.61344375
v -0.01192979 0.06594272 0.61325631
v -0.01207928 0.06600167 0.61344375
v -0.00743512 0.06593123 0.61430482
v -0.00297588 0.06594470 0.61489203
v -0.00743512 0.06593123 0.61430482
v -0.00303495 0.06603854 0.61503461
v -0.00297588 0.06594470 0.61489203
v -0.00303495 0.06603854 0.61503461
v 0.00162116 0.06593950 0.61496363
v 0.00162116 0.06593950 0.61496363
v -0.00303495 0.06603854 0.61503461
v 0.00153010 0.06605247 0.61511731
v 0.00162116 0.06593950 0.61496363
v 0.00153010 0.06605247 0.61511731
v 0.00608996 0.06605466 0.61472663
v -0.00300029 0.06597256 0.61471772
v -0.00743512 0.06593123 0.61430482
v -0.00297588 0.06594470 0.61489203
v -0.00300029 0.06597256 0.61471772
v -0.00297588 0.06594470 0.61489203
v 0.00162116 0.06593950 0.61496363
v 0.03052622 0.06605248 0.60303239
v 0.03364338 0.06600472 0.59974721
v 0.03048186 0.06594725 0.60289317
v 0.03052622 0.06605248 0.60303239
v 0.03048186 0.06594725 0.60289317
v 0.02705099 0.06600514 0.60595483
v 0.01919902 0.06600174 0.61075976
v 0.02322758 0.06594469 0.60842697
v 0.01920507 0.06594173 0.61053418
v 0.01919902 0.06600174 0.61075976
v 0.01920507 0.06594173 0.61053418
v 0.01503155 0.06593951 0.61236973
v 0.00617206 0.06593950 0.61456190
v 0.01063379 0.06594173 0.61361843
v 0.00598129 0.06603838 0.61432911
v 0.00617206 0.06593950 0.61456190
v 0.00598129 0.06603838 0.61432911
v 0.00146882 0.06603554 0.61471442
v 0.02322758 0.06594469 0.60842697
v 0.02696394 0.06594175 0.60576160
v 0.02310754 0.06597256 0.60829880
v 0.02322758 0.06594469 0.60842697
v 0.02310754 0.06597256 0.60829880
v 0.01920507 0.06594173 0.61053418
v 0.03033793 0.06596488 0.60279057
v 0.02696394 0.06594175 0.60576160
v 0.03048186 0.06594725 0.60289317
v 0.03033793 0.06596488 0.60279057
v 0.03048186 0.06594725 0.60289317
v 0.03358265 0.06594173 0.59950332
v 0.03637475 0.06594173 0.59589716
v 0.03358265 0.06594173 0.59950332
v 0.03651645 0.06600523 0.59605463
v 0.03637475 0.06594173 0.59589716
v 0.03651645 0.06600523 0.59605463
v 0.03893843 0.06600522 0.59216509
v 0.04093284 0.06601858 0.58809587
v 0.04252780 0.06602200 0.58376140
v 0.04080818 0.06593764 0.58789794
v 0.04093284 0.06601858 0.58809587
v 0.04080818 0.06593764 0.58789794
v 0.03893843 0.06600522 0.59216509
v 0.03893843 0.06600522 0.59216509
v 0.04080818 0.06593764 0.58789794
v 0.03878124 0.06594173 0.59202319
v 0.03893843 0.06600522 0.59216509
v 0.03878124 0.06594173 0.59202319
v 0.03637475 0.06594173 0.59589716
v 0.02696394 0.06594175 0.60576160
v 0.03033793 0.06596488 0.60279057
v 0.02682343 0.06605681 0.60563843
v 0.02696394 0.06594175 0.60576160
v 0.02682343 0.06605681 0.60563843
v 0.02310754 0.06597256 0.60829880
v 0.02303214 0.06611143 0.60822702
v 0.01899417 0.06605556 0.61043305
v 0.02310754 0.06597256 0.60829880
v 0.02303214 0.06611143 0.60822702
v 0.02310754 0.06597256 0.60829880
v 0.02682343 0.06605681 0.60563843
v 0.03338636 0.06605215 0.59945638
v 0.03033793 0.06596488 0.60279057
v 0.03358265 0.06594173 0.59950332
v 0.03338636 0.06605215 0.59945638
v 0.03358265 0.06594173 0.59950332
v 0.03637475 0.06594173 0.59589716
v 0.04363130 0.06600175 0.57935496
v 0.04429897 0.06600472 0.57486551
v 0.04343279 0.06594273 0.57922068
v 0.04363130 0.06600175 0.57935496
v 0.04343279 0.06594273 0.57922068
v 0.04236872 0.06593764 0.58361034
v 0.03637475 0.06594173 0.59589716
v 0.03637475 0.06594173 0.59589716
v 0.03620160 0.06605777 0.59582386
v 0.03338636 0.06605215 0.59945638
v 0.03033793 0.06596488 0.60279057
v 0.03338636 0.06605215 0.59945638
v 0.03022436 0.06609258 0.60273789
v 0.03033793 0.06596488 0.60279057
v 0.03022436 0.06609258 0.60273789
v 0.02682343 0.06605681 0.60563843
v 0.04054904 0.06605578 0.58799169
v 0.04054904 0.06605578 0.58799169
v 0.04080818 0.06593764 0.58789794
v 0.04236872 0.06593764 0.58361034
v 0.04427434 0.06594273 0.57015452
v 0.04410812 0.06594173 0.57470145
v 0.04450102 0.06600471 0.57028806
v 0.04427434 0.06594273 0.57015452
v 0.04450102 0.06600471 0.57028806
v 0.04422140 0.06600525 0.56561747
v 0.04207463 0.06592724 0.55663626
v 0.04347922 0.06600174 0.56115134
v 0.04230327 0.06605482 0.55671768
v 0.04207463 0.06592724 0.55663626
v 0.04230327 0.06605482 0.55671768
v 0.04064219 0.06605542 0.55242294
v 0.04064219 0.06605542 0.55242294
v 0.03856033 0.06605258 0.54835219
v 0.04049937 0.06594726 0.55243172
v 0.04064219 0.06605542 0.55242294
v 0.04049937 0.06594726 0.55243172
v 0.04207463 0.06592724 0.55663626
v 0.04422140 0.06600525 0.56561747
v 0.04347922 0.06600174 0.56115134
v 0.04399213 0.06594273 0.56560447
v 0.04422140 0.06600525 0.56561747
v 0.04399213 0.06594273 0.56560447
v 0.04427434 0.06594273 0.57015452
v 0.04236872 0.06593764 0.58361034
v 0.04343279 0.06594273 0.57922068
v 0.04214345 0.06605248 0.58366582
v 0.04236872 0.06593764 0.58361034
v 0.04214345 0.06605248 0.58366582
v 0.04054904 0.06605578 0.58799169
v 0.04410812 0.06594173 0.57470145
v 0.04427434 0.06594273 0.57015452
v 0.04391358 0.06605540 0.57482432
v 0.04410812 0.06594173 0.57470145
v 0.04391358 0.06605540 0.57482432
v 0.04343279 0.06594273 0.57922068
v 0.04343279 0.06594273 0.57922068
v 0.04391358 0.06605540 0.57482432
v 0.04326036 0.06607470 0.57922679
v 0.04343279 0.06594273 0.57922068
v 0.04326036 0.06607470 0.57922679
v 0.04214345 0.06605248 0.58366582
v 0.03607908 0.06600471 0.54456415
v 0.03303316 0.06594470 0.54098687
v 0.03582750 0.06594173 0.54456690
v 0.03607908 0.06600471 0.54456415
v 0.03582750 0.06594173 0.54456690
v 0.03841472 0.06594726 0.54836360
v 0.04049937 0.06594726 0.55243172
v 0.03841472 0.06594726 0.54836360
v 0.04033683 0.06597251 0.55253860
v 0.04049937 0.06594726 0.55243172
v 0.04033683 0.06597251 0.55253860
v 0.04207463 0.06592724 0.55663626
v 0.04399213 0.06594273 0.56560447
v 0.04322506 0.06594501 0.56111813
v 0.04383596 0.06607053 0.56569107
v 0.04399213 0.06594273 0.56560447
v 0.04383596 0.06607053 0.56569107
v 0.04410618 0.06607735 0.57026432
v 0.03303316 0.06594470 0.54098687
v 0.02972831 0.06593763 0.53775113
v 0.03292832 0.06597254 0.54112798
v 0.03303316 0.06594470 0.54098687
v 0.03292832 0.06597254 0.54112798
v 0.03582750 0.06594173 0.54456690
v 0.04025374 0.06611054 0.55259871
v 0.04191165 0.06607694 0.55687258
v 0.04033683 0.06597251 0.55253860
v 0.04025374 0.06611054 0.55259871
v 0.04033683 0.06597251 0.55253860
v 0.03818003 0.06609218 0.54853608
v 0.03818003 0.06609218 0.54853608
v 0.04033683 0.06597251 0.55253860
v 0.03828160 0.06596490 0.54848005
v 0.03818003 0.06609218 0.54853608
v 0.03828160 0.06596490 0.54848005
v 0.03576680 0.06605560 0.54479364
v 0.01407982 0.06593765 0.52859665
v 0.01841592 0.06594728 0.53022169
v 0.01426764 0.06601862 0.52845712
v 0.01407982 0.06593765 0.52859665
v 0.01426764 0.06601862 0.52845712
v 0.00976334 0.06594725 0.52730882
v 0.00525863 0.06594723 0.52653466
v 0.00976334 0.06594725 0.52730882
v 0.00532446 0.06605545 0.52640759
v 0.00525863 0.06594723 0.52653466
v 0.00532446 0.06605545 0.52640759
v 0.00073475 0.06602208 0.52611017
v 0.02247075 0.06594727 0.53232877
v 0.02247075 0.06594727 0.53232877
v 0.02241199 0.06596493 0.53249589
v 0.02619786 0.06593462 0.53484858
v 0.02972831 0.06593763 0.53775113
v 0.02619786 0.06593462 0.53484858
v 0.02964536 0.06605646 0.53794943
v 0.02972831 0.06593763 0.53775113
v 0.02964536 0.06605646 0.53794943
v 0.03292832 0.06597254 0.54112798
v 0.03287100 0.06611124 0.54121465
v 0.03576680 0.06605560 0.54479364
v 0.03292832 0.06597254 0.54112798
v 0.03287100 0.06611124 0.54121465
v 0.03292832 0.06597254 0.54112798
v 0.02964536 0.06605646 0.53794943
v 0.00064248 0.06593997 0.52628558
v 0.00525863 0.06594723 0.52653466
v 0.00073475 0.06602208 0.52611017
v 0.00064248 0.06593997 0.52628558
v 0.00073475 0.06602208 0.52611017
v -0.00380464 0.06600174 0.52628228
v 0.00976334 0.06594725 0.52730882
v 0.00976334 0.06594725 0.52730882
v 0.00975706 0.06596485 0.52748545
v 0.01407982 0.06593765 0.52859665
v 0.01832381 0.06609599 0.53050000
v 0.02237982 0.06609130 0.53261045
v 0.01837383 0.06596486 0.53039344
v 0.01832381 0.06609599 0.53050000
v 0.01837383 0.06596486 0.53039344
v 0.01409515 0.06605452 0.52881423
v -0.00839199 0.06594271 0.52714256
v -0.00388910 0.06594171 0.52649108
v -0.00830219 0.06600473 0.52689586
v -0.00839199 0.06594271 0.52714256
v -0.00830219 0.06600473 0.52689586
v -0.01288414 0.06593458 0.52819406
v 0.00064248 0.06593997 0.52628558
v -0.00388910 0.06594171 0.52649108
v 0.00068902 0.06603662 0.52650158
v 0.00064248 0.06593997 0.52628558
v 0.00068902 0.06603662 0.52650158
v 0.00527113 0.06596485 0.52671087
v -0.02120428 0.06600467 0.53149120
v -0.02517561 0.06593460 0.53412178
v -0.02123370 0.06594171 0.53174089
v -0.02120428 0.06600467 0.53149120
v -0.02123370 0.06594171 0.53174089
v -0.01710843 0.06594273 0.52977913
v -0.00388910 0.06594171 0.52649108
v -0.00839199 0.06594271 0.52714256
v -0.00373145 0.06605529 0.52666027
v -0.00388910 0.06594171 0.52649108
v -0.00373145 0.06605529 0.52666027
v 0.00068902 0.06603662 0.52650158
v 0.00527113 0.06596485 0.52671087
v 0.00068902 0.06603662 0.52650158
v 0.00527894 0.06609131 0.52682787
v 0.00527113 0.06596485 0.52671087
v 0.00527894 0.06609131 0.52682787
v 0.00978223 0.06609539 0.52761155
v -0.03999665 0.06605486 0.55104563
v -0.04178574 0.06603814 0.55525328
v -0.03990787 0.06594724 0.55116776
v -0.03999665 0.06605486 0.55104563
v -0.03990787 0.06594724 0.55116776
v -0.03769849 0.06593948 0.54720590
v -0.02858679 0.06605467 0.53701750
v -0.02495026 0.06605209 0.53423213
v -0.02877630 0.06593762 0.53691435
v -0.02877630 0.06593762 0.53691435
v -0.04445902 0.06600469 0.56865454
v -0.04442019 0.06600520 0.57333337
v -0.04423951 0.06594270 0.56879974
v -0.04445902 0.06600469 0.56865454
v -0.04423951 0.06594270 0.56879974
v -0.04383941 0.06594170 0.56426708
v -0.04293435 0.06600172 0.58230835
v -0.04138187 0.06594724 0.58669349
v -0.04269678 0.06594270 0.58233966
v -0.04293435 0.06600172 0.58230835
v -0.04269678 0.06594270 0.58233966
v -0.04367582 0.06594270 0.57788751
v -0.04383941 0.06594170 0.56426708
v -0.04423951 0.06594270 0.56879974
v -0.04365228 0.06605437 0.56424297
v -0.04365228 0.06605437 0.56424297
v -0.03160233 0.06603871 0.60197686
v -0.02821861 0.06600174 0.60502272
v -0.03146442 0.06594468 0.60190795
v -0.03160233 0.06603871 0.60197686
v -0.03146442 0.06594468 0.60190795
v -0.03469007 0.06600469 0.59849265
v -0.04138187 0.06594724 0.58669349
v -0.04138187 0.06594724 0.58669349
v -0.04123222 0.06596489 0.58659919
v -0.04269678 0.06594270 0.58233966
v -0.04419189 0.06594270 0.57335803
v -0.04419189 0.06594270 0.57335803
v -0.04402522 0.06608372 0.57328045
v -0.04406444 0.06608340 0.56870703
v -0.04256681 0.06607452 0.58217963
v -0.04351713 0.06607420 0.57781970
v -0.04269678 0.06594270 0.58233966
v -0.04256681 0.06607452 0.58217963
v -0.04269678 0.06594270 0.58233966
v -0.04123222 0.06596489 0.58659919
v -0.02432233 0.06593460 0.60768607
v -0.02821861 0.06600174 0.60502272
v -0.02455033 0.06603819 0.60775681
v -0.02432233 0.06593460 0.60768607
v -0.02455033 0.06603819 0.60775681
v -0.02056844 0.06603885 0.61010236
v -0.01640810 0.06605546 0.61201255
v -0.01207928 0.06600167 0.61344375
v -0.01631153 0.06594722 0.61190654
v -0.01640810 0.06605546 0.61201255
v -0.01631153 0.06594722 0.61190654
v -0.02056844 0.06603885 0.61010236
v -0.02056844 0.06603885 0.61010236
v -0.01631153 0.06594722 0.61190654
v -0.02036845 0.06593123 0.60997480
v -0.02056844 0.06603885 0.61010236
v -0.02036845 0.06593123 0.60997480
v -0.02432233 0.06593460 0.60768607
v -0.02821861 0.06600174 0.60502272
v -0.02432233 0.06593460 0.60768607
v -0.02801198 0.06594171 0.60493245
v -0.02821861 0.06600174 0.60502272
v -0.02801198 0.06594171 0.60493245
v -0.03146442 0.06594468 0.60190795
v -0.03926442 0.06609477 0.59070381
v -0.04113437 0.06609145 0.58653290
v -0.03937046 0.06596489 0.59075374
v -0.03926442 0.06609477 0.59070381
v -0.03937046 0.06596489 0.59075374
v -0.03703923 0.06605486 0.59458010
v -0.00762371 0.06603815 0.61447999
v -0.00303495 0.06603854 0.61503461
v -0.00743512 0.06593123 0.61430482
v -0.00762371 0.06603815 0.61447999
v -0.00743512 0.06593123 0.61430482
v -0.01207928 0.06600167 0.61344375
v -0.03442946 0.06594271 0.59845664
v -0.03136664 0.06597251 0.60176208
v -0.03436827 0.06607705 0.59826334
v -0.03442946 0.06594271 0.59845664
v -0.03436827 0.06607705 0.59826334
v -0.03703923 0.06605486 0.59458010
v -0.02432978 0.06604935 0.60742228
v -0.02793151 0.06605467 0.60476314
v -0.02432233 0.06593460 0.60768607
v -0.02432978 0.06604935 0.60742228
v -0.02432233 0.06593460 0.60768607
v -0.02036845 0.06593123 0.60997480
v -0.01626989 0.06597249 0.61171666
v -0.02036845 0.06593123 0.60997480
v -0.01631153 0.06594722 0.61190654
v -0.01626989 0.06597249 0.61171666
v -0.01631153 0.06594722 0.61190654
v -0.01192979 0.06594272 0.61325631
v 0.00617206 0.06593950 0.61456190
v 0.00162116 0.06593950 0.61496363
v 0.00608996 0.06605466 0.61472663
v 0.00617206 0.06593950 0.61456190
v 0.00608996 0.06605466 0.61472663
v 0.01063598 0.06600525 0.61383052
v -0.03130939 0.06611012 0.60167748
v -0.03436827 0.06607705 0.59826334
v -0.03136664 0.06597251 0.60176208
v -0.03130939 0.06611012 0.60167748
v -0.03136664 0.06597251 0.60176208
v -0.02793151 0.06605467 0.60476314
v 0.01500313 0.06605533 0.61254203
v 0.01919902 0.06600174 0.61075976
v 0.01503155 0.06593951 0.61236973
v 0.01500313 0.06605533 0.61254203
v 0.01503155 0.06593951 0.61236973
v 0.01063598 0.06600525 0.61383052
v -0.02036845 0.06593123 0.60997480
v -0.01626989 0.06597249 0.61171666
v -0.02036466 0.06607726 0.60974189
v -0.02036845 0.06593123 0.60997480
v -0.02036466 0.06607726 0.60974189
v -0.02432978 0.06604935 0.60742228
v -0.01199553 0.06607406 0.61306405
v -0.01626989 0.06597249 0.61171666
v -0.01192979 0.06594272 0.61325631
v -0.01199553 0.06607406 0.61306405
v -0.01192979 0.06594272 0.61325631
v -0.00743512 0.06593123 0.61430482
v 0.01063379 0.06594173 0.61361843
v 0.00617206 0.06593950 0.61456190
v 0.01063598 0.06600525 0.61383052
v 0.01063379 0.06594173 0.61361843
v 0.01063598 0.06600525 0.61383052
v 0.01503155 0.06593951 0.61236973
v -0.01623645 0.06611216 0.61162108
v -0.02036466 0.06607726 0.60974189
v -0.01626989 0.06597249 0.61171666
v -0.01623645 0.06611216 0.61162108
v -0.01626989 0.06597249 0.61171666
v -0.01199553 0.06607406 0.61306405
v -0.00756134 0.06607737 0.61407155
v -0.01199553 0.06607406 0.61306405
v -0.00743512 0.06593123 0.61430482
v -0.00756134 0.06607737 0.61407155
v -0.00743512 0.06593123 0.61430482
v -0.00300029 0.06597256 0.61471772
v 0.00146882 0.06603554 0.61471442
v -0.00300029 0.06597256 0.61471772
v 0.00162116 0.06593950 0.61496363
v 0.00146882 0.06603554 0.61471442
v 0.00162116 0.06593950 0.61496363
v 0.00617206 0.06593950 0.61456190
v 0.02322758 0.06594469 0.60842697
v 0.01919902 0.06600174 0.61075976
v 0.02322993 0.06603793 0.60859646
v 0.02322758 0.06594469 0.60842697
v 0.02322993 0.06603793 0.60859646
v 0.02705099 0.06600514 0.60595483
v -0.04362711 0.06674869 0.57703761
v -0.04409704 0.06674869 0.57061691
v -0.04402522 0.06608372 0.57328045
v -0.04402522 0.06608372 0.57328045
v -0.04351713 0.06607420 0.57781970
v -0.04362711 0.06674869 0.57703761
v -0.04362711 0.06674869 0.57703761
v -0.04351713 0.06607420 0.57781970
v -0.04222735 0.06674869 0.58332122
v -0.04222735 0.06674869 0.58332122
v -0.04351713 0.06607420 0.57781970
v -0.04256681 0.06607452 0.58217963
v -0.04222735 0.06674869 0.58332122
v -0.04256681 0.06607452 0.58217963
v -0.04113437 0.06609145 0.58653290
v -0.04222735 0.06674869 0.58332122
v -0.04113437 0.06609145 0.58653290
v -0.03992758 0.06674869 0.58933426
v -0.03703923 0.06605486 0.59458010
v -0.03677683 0.06674869 0.59494826
v -0.03926442 0.06609477 0.59070381
v -0.03926442 0.06609477 0.59070381
v -0.03677683 0.06674869 0.59494826
v -0.03992758 0.06674869 0.58933426
v -0.03926442 0.06609477 0.59070381
v -0.03992758 0.06674869 0.58933426
v -0.04113437 0.06609145 0.58653290
v -0.03677683 0.06674869 0.59494826
v -0.03703923 0.06605486 0.59458010
v -0.03436827 0.06607705 0.59826334
v -0.03677683 0.06674869 0.59494826
v -0.03436827 0.06607705 0.59826334
v -0.03284225 0.06674869 0.60004372
v -0.03284225 0.06674869 0.60004372
v -0.03436827 0.06607705 0.59826334
v -0.03130939 0.06611012 0.60167748
v -0.03284225 0.06674869 0.60004372
v -0.03130939 0.06611012 0.60167748
v -0.02820770 0.06674869 0.60451192
v -0.02432978 0.06604935 0.60742228
v -0.02297194 0.06674869 0.60825778
v -0.02793151 0.06605467 0.60476314
v -0.02793151 0.06605467 0.60476314
v -0.02297194 0.06674869 0.60825778
v -0.02820770 0.06674869 0.60451192
v -0.02793151 0.06605467 0.60476314
v -0.02820770 0.06674869 0.60451192
v -0.03130939 0.06611012 0.60167748
v -0.02432978 0.06604935 0.60742228
v -0.02036466 0.06607726 0.60974189
v -0.02297194 0.06674869 0.60825778
v -0.02297194 0.06674869 0.60825778
v -0.02036466 0.06607726 0.60974189
v -0.01724658 0.06674870 0.61120147
v -0.02036466 0.06607726 0.60974189
v -0.01623645 0.06611216 0.61162108
v -0.01724658 0.06674870 0.61120147
v -0.01724658 0.06674870 0.61120147
v -0.01623645 0.06611216 0.61162108
v -0.01115364 0.06674870 0.61328005
v -0.01115364 0.06674870 0.61328005
v -0.01623645 0.06611216 0.61162108
v -0.01199553 0.06607406 0.61306405
v -0.01115364 0.06674870 0.61328005
v -0.01199553 0.06607406 0.61306405
v -0.00756134 0.06607737 0.61407155
v -0.01115364 0.06674870 0.61328005
v -0.00756134 0.06607737 0.61407155
v -0.00482298 0.06674870 0.61444929
v 0.00146882 0.06603554 0.61471442
v 0.00161048 0.06674870 0.61468464
v -0.00301024 0.06610920 0.61461689
v -0.00301024 0.06610920 0.61461689
v 0.00161048 0.06674870 0.61468464
v -0.00482298 0.06674870 0.61444929
v -0.00301024 0.06610920 0.61461689
v -0.00482298 0.06674870 0.61444929
v -0.00756134 0.06607737 0.61407155
v 0.00161048 0.06674870 0.61468464
v 0.00146882 0.06603554 0.61471442
v 0.00598129 0.06603838 0.61432911
v 0.00161048 0.06674870 0.61468464
v 0.00598129 0.06603838 0.61432911
v 0.00800961 0.06674870 0.61398042
v 0.00800961 0.06674870 0.61398042
v 0.00598129 0.06603838 0.61432911
v 0.01051006 0.06605233 0.61346426
v 0.00800961 0.06674870 0.61398042
v 0.01051006 0.06605233 0.61346426
v 0.01423802 0.06674871 0.61235215
v 0.01051006 0.06605233 0.61346426
v 0.01491507 0.06603638 0.61214042
v 0.01423802 0.06674871 0.61235215
v 0.01423802 0.06674871 0.61235215
v 0.01491507 0.06603638 0.61214042
v 0.02016299 0.06674871 0.60983418
v 0.02016299 0.06674871 0.60983418
v 0.01491507 0.06603638 0.61214042
v 0.01899417 0.06605556 0.61043305
v 0.02016299 0.06674871 0.60983418
v 0.01899417 0.06605556 0.61043305
v 0.02303214 0.06611143 0.60822702
v 0.02016299 0.06674871 0.60983418
v 0.02303214 0.06611143 0.60822702
v 0.02565820 0.06674871 0.60648064
v 0.02303214 0.06611143 0.60822702
v 0.02682343 0.06605681 0.60563843
v 0.02565820 0.06674871 0.60648064
v 0.02565820 0.06674871 0.60648064
v 0.02682343 0.06605681 0.60563843
v 0.03060656 0.06674871 0.60236247
v 0.03060656 0.06674871 0.60236247
v 0.02682343 0.06605681 0.60563843
v 0.03022436 0.06609258 0.60273789
v 0.03060656 0.06674871 0.60236247
v 0.03022436 0.06609258 0.60273789
v 0.03338636 0.06605215 0.59945638
v 0.03060656 0.06674871 0.60236247
v 0.03338636 0.06605215 0.59945638
v 0.03490259 0.06674871 0.59756786
v 0.03338636 0.06605215 0.59945638
v 0.03620160 0.06605777 0.59582386
v 0.03490259 0.06674871 0.59756786
v 0.03490259 0.06674871 0.59756786
v 0.03620160 0.06605777 0.59582386
v 0.03845473 0.06674871 0.59219879
v 0.03620160 0.06605777 0.59582386
v 0.03859982 0.06605451 0.59197571
v 0.03845473 0.06674871 0.59219879
v 0.03845473 0.06674871 0.59219879
v 0.03859982 0.06605451 0.59197571
v 0.04118728 0.06674871 0.58636976
v 0.04118728 0.06674871 0.58636976
v 0.03859982 0.06605451 0.59197571
v 0.04054904 0.06605578 0.58799169
v 0.04118728 0.06674871 0.58636976
v 0.04054904 0.06605578 0.58799169
v 0.04214345 0.06605248 0.58366582
v 0.04118728 0.06674871 0.58636976
v 0.04214345 0.06605248 0.58366582
v 0.04304199 0.06674871 0.58020498
v 0.04214345 0.06605248 0.58366582
v 0.04326036 0.06607470 0.57922679
v 0.04304199 0.06674871 0.58020498
v 0.04304199 0.06674871 0.58020498
v 0.04326036 0.06607470 0.57922679
v 0.04397934 0.06674871 0.57383574
v 0.04397934 0.06674871 0.57383574
v 0.04326036 0.06607470 0.57922679
v 0.04391358 0.06605540 0.57482432
v 0.04397934 0.06674871 0.57383574
v 0.04391358 0.06605540 0.57482432
v 0.04410618 0.06607735 0.57026432
v 0.04397934 0.06674871 0.57383574
v 0.04410618 0.06607735 0.57026432
v 0.04397934 0.06674871 0.56739814
v 0.04397934 0.06674871 0.56739814
v 0.04410618 0.06607735 0.57026432
v 0.04383596 0.06607053 0.56569107
v 0.04397934 0.06674871 0.56739814
v 0.04383596 0.06607053 0.56569107
v 0.04304199 0.06674871 0.56102890
v 0.04304199 0.06674871 0.56102890
v 0.04383596 0.06607053 0.56569107
v 0.04309629 0.06609180 0.56123599
v 0.04304199 0.06674871 0.56102890
v 0.04309629 0.06609180 0.56123599
v 0.04191165 0.06607694 0.55687258
v 0.04304199 0.06674871 0.56102890
v 0.04191165 0.06607694 0.55687258
v 0.04118728 0.06674871 0.55486407
v 0.04118728 0.06674871 0.55486407
v 0.04191165 0.06607694 0.55687258
v 0.04025374 0.06611054 0.55259871
v 0.04118728 0.06674871 0.55486407
v 0.04025374 0.06611054 0.55259871
v 0.03845473 0.06674871 0.54903504
v 0.04025374 0.06611054 0.55259871
v 0.03818003 0.06609218 0.54853608
v 0.03845473 0.06674871 0.54903504
v 0.03845473 0.06674871 0.54903504
v 0.03818003 0.06609218 0.54853608
v 0.03490259 0.06674871 0.54366591
v 0.03490259 0.06674871 0.54366591
v 0.03818003 0.06609218 0.54853608
v 0.03576680 0.06605560 0.54479364
v 0.03490259 0.06674871 0.54366591
v 0.03576680 0.06605560 0.54479364
v 0.03287100 0.06611124 0.54121465
v 0.03490259 0.06674871 0.54366591
v 0.03287100 0.06611124 0.54121465
v 0.03060656 0.06674871 0.53887117
v 0.03287100 0.06611124 0.54121465
v 0.02964536 0.06605646 0.53794943
v 0.03060656 0.06674871 0.53887117
v 0.03060656 0.06674871 0.53887117
v 0.02964536 0.06605646 0.53794943
v 0.02565820 0.06674871 0.53475324
v 0.02565820 0.06674871 0.53475324
v 0.02964536 0.06605646 0.53794943
v 0.02620902 0.06605507 0.53513166
v 0.02565820 0.06674871 0.53475324
v 0.02620902 0.06605507 0.53513166
v 0.02237982 0.06609130 0.53261045
v 0.02565820 0.06674871 0.53475324
v 0.02237982 0.06609130 0.53261045
v 0.02016299 0.06674870 0.53139947
v 0.01409515 0.06605452 0.52881423
v 0.01423802 0.06674870 0.52888180
v 0.01832381 0.06609599 0.53050000
v 0.01832381 0.06609599 0.53050000
v 0.01423802 0.06674870 0.52888180
v 0.02016299 0.06674870 0.53139947
v 0.01832381 0.06609599 0.53050000
v 0.02016299 0.06674870 0.53139947
v 0.02237982 0.06609130 0.53261045
v 0.01423802 0.06674870 0.52888180
v 0.01409515 0.06605452 0.52881423
v 0.00978223 0.06609539 0.52761155
v 0.01423802 0.06674870 0.52888180
v 0.00978223 0.06609539 0.52761155
v 0.00800961 0.06674870 0.52725346
v 0.00800961 0.06674870 0.52725346
v 0.00978223 0.06609539 0.52761155
v 0.00527894 0.06609131 0.52682787
v 0.00800961 0.06674870 0.52725346
v 0.00527894 0.06609131 0.52682787
v 0.00161048 0.06674870 0.52654937
v 0.00527894 0.06609131 0.52682787
v 0.00068902 0.06603662 0.52650158
v 0.00161048 0.06674870 0.52654937
v 0.00161048 0.06674870 0.52654937
v 0.00068902 0.06603662 0.52650158
v -0.00482298 0.06674870 0.52678447
v -0.00482298 0.06674870 0.52678447
v 0.00068902 0.06603662 0.52650158
v -0.00373145 0.06605529 0.52666027
v -0.00482298 0.06674870 0.52678447
v -0.00373145 0.06605529 0.52666027
v -0.00828284 0.06607198 0.52729057
v -0.00482298 0.06674870 0.52678447
v -0.00828284 0.06607198 0.52729057
v -0.01115364 0.06674869 0.52795371
v -0.00828284 0.06607198 0.52729057
v -0.01274519 0.06605691 0.52838486
v -0.01115364 0.06674869 0.52795371
v -0.01115364 0.06674869 0.52795371
v -0.01274519 0.06605691 0.52838486
v -0.01724658 0.06674869 0.53003242
v -0.01724658 0.06674869 0.53003242
v -0.01274519 0.06605691 0.52838486
v -0.01694563 0.06607347 0.52989210
v -0.01724658 0.06674869 0.53003242
v -0.01694563 0.06607347 0.52989210
v -0.02102732 0.06605775 0.53183800
v -0.01724658 0.06674869 0.53003242
v -0.02102732 0.06605775 0.53183800
v -0.02297194 0.06674869 0.53297604
v -0.02297194 0.06674869 0.53297604
v -0.02102732 0.06605775 0.53183800
v -0.02495026 0.06605209 0.53423213
v -0.02297194 0.06674869 0.53297604
v -0.02495026 0.06605209 0.53423213
v -0.02820770 0.06674869 0.53672185
v -0.02495026 0.06605209 0.53423213
v -0.02858679 0.06605467 0.53701750
v -0.02820770 0.06674869 0.53672185
v -0.02820770 0.06674869 0.53672185
v -0.02858679 0.06605467 0.53701750
v -0.03284225 0.06674869 0.54119017
v -0.03284225 0.06674869 0.54119017
v -0.02858679 0.06605467 0.53701750
v -0.03181601 0.06605564 0.54005798
v -0.03284225 0.06674869 0.54119017
v -0.03181601 0.06605564 0.54005798
v -0.03483043 0.06605245 0.54353951
v -0.03284225 0.06674869 0.54119017
v -0.03483043 0.06605245 0.54353951
v -0.03677683 0.06674869 0.54628569
v -0.03483043 0.06605245 0.54353951
v -0.03746706 0.06603720 0.54731839
v -0.03677683 0.06674869 0.54628569
v -0.03677683 0.06674869 0.54628569
v -0.03746706 0.06603720 0.54731839
v -0.03992758 0.06674869 0.55189963
v -0.03992758 0.06674869 0.55189963
v -0.03746706 0.06603720 0.54731839
v -0.03961064 0.06609274 0.55121946
v -0.03992758 0.06674869 0.55189963
v -0.03961064 0.06609274 0.55121946
v -0.04141371 0.06605228 0.55540959
v -0.03992758 0.06674869 0.55189963
v -0.04141371 0.06605228 0.55540959
v -0.04222735 0.06674869 0.55791267
v -0.04365228 0.06605437 0.56424297
v -0.04362711 0.06674869 0.56419634
v -0.04276674 0.06605748 0.55980193
v -0.04276674 0.06605748 0.55980193
v -0.04362711 0.06674869 0.56419634
v -0.04222735 0.06674869 0.55791267
v -0.04276674 0.06605748 0.55980193
v -0.04222735 0.06674869 0.55791267
v -0.04141371 0.06605228 0.55540959
v -0.04362711 0.06674869 0.56419634
v -0.04365228 0.06605437 0.56424297
v -0.04406444 0.06608340 0.56870703
v -0.04362711 0.06674869 0.56419634
v -0.04406444 0.06608340 0.56870703
v -0.04409704 0.06674869 0.57061691
v -0.04409704 0.06674869 0.57061691
v -0.04406444 0.06608340 0.56870703
v -0.04409704 0.06617370 0.57061691
v -0.04409704 0.06674869 0.57061691
v -0.04409704 0.06617370 0.57061691
v -0.04402522 0.06608372 0.57328045
f 1 2 3
f 4 5 6
f 7 8 9
f 10 11 12
f 13 14 15
f 16 17 18
f 19 20 21
f 22 23 24
f 25 26 27
f 28 29 30
f 31 32 33
f 34 35 36
f 37 38 39
f 40 41 42
f 43 44 45
f 46 47 48
f 49 50 51
f 52 53 54
f 55 56 57
f 58 59 60
f 61 62 63
f 64 65 66
f 67 68 69
f 70 71 72
f 73 74 75
f 76 77 78
f 79 80 81
f 82 83 84
f 85 86 87
f 88 89 90
f 91 92 93
f 91 93 94
f 95 96 97
f 98 99 100
f 101 102 103
f 101 103 104
f 105 106 107
f 108 109 110
f 111 112 113
f 111 113 114
f 115 116 117
f 118 119 120
f 121 122 123
f 124 125 126
f 127 128 129
f 130 131 132
f 133 134 135
f 136 137 138
f 139 140 141
f 142 143 144
f 145 146 147
f 148 149 150
f 148 150 151
f 152 153 154
f 155 156 157
f 158 159 160
f 158 160 161
f 162 163 164
f 165 166 167
f 168 169 170
f 168 170 171
f 172 173 174
f 175 176 177
f 178 179 180
f 178 180 181
f 182 183 184
f 185 186 187
f 188 189 190
f 188 190 191
f 192 193 194
f 195 196 197
f 198 199 200
f 198 200 201
f 1 3 202
f 203 204 205
f 206 207 208
f 10 12 209
f 210 211 212
f 210 212 213
f 19 21 214
f 215 216 217
f 218 219 220
f 25 27 221
f 222 223 224
f 225 226 227
f 31 33 228
f 229 230 231
f 229 231 232
f 37 39 233
f 234 235 236
f 234 236 237
f 43 45 238
f 239 240 241
f 239 241 242
f 46 48 243
f 244 245 246
f 244 246 247
f 248 249 250
f 251 252 253
f 254 255 256
f 254 256 257
f 4 6 258
f 259 260 261
f 259 261 262
f 263 264 265
f 266 267 268
f 269 270 271
f 272 273 274
f 275 276 277
f 13 15 278
f 279 280 281
f 279 281 282
f 283 284 285
f 286 287 288
f 289 290 291
f 292 293 294
f 295 296 297
f 22 24 298
f 299 300 301
f 299 301 302
f 303 304 305
f 306 307 308
f 306 308 309
f 310 311 312
f 310 312 313
f 28 30 314
f 315 316 317
f 318 319 320
f 321 322 323
f 324 325 326
f 327 328 329
f 330 331 332
f 333 334 335
f 333 335 336
f 34 36 337
f 338 339 340
f 338 340 341
f 342 343 344
f 345 346 347
f 345 347 348
f 349 350 351
f 349 351 352
f 40 42 353
f 354 355 356
f 354 356 357
f 358 359 360
f 361 362 363
f 364 365 366
f 367 368 369
f 367 369 370
f 371 372 373
f 371 373 374
f 375 376 377
f 375 377 378
f 379 380 381
f 382 383 384
f 385 386 387
f 388 389 390
f 391 392 393
f 394 395 396
f 397 398 399
f 400 401 402
f 403 404 405
f 406 407 408
f 409 410 411
f 412 413 414
f 414 413 415
f 416 417 418
f 418 417 419
f 420 421 422
f 422 421 423
f 424 425 426
f 427 428 429
f 430 431 432
f 433 434 435
f 436 437 438
f 439 440 441
f 442 443 444
f 445 446 447
f 448 449 450
f 451 452 453
f 454 455 456
f 457 458 459
f 460 461 462
f 462 461 463
f 464 465 466
f 466 465 467
f 468 469 470
f 471 472 473
f 474 475 476
f 477 478 479
f 480 481 482
f 483 484 485
f 486 487 488
f 489 490 491
f 492 493 494
f 495 496 497
f 498 499 500
f 501 502 503
f 504 505 506
f 506 505 507
f 508 509 510
f 511 512 513
f 514 515 516
f 516 515 517
f 518 519 520
f 521 522 523
f 524 525 526
f 527 528 529
f 530 531 532
f 533 534 535
f 536 537 538
f 539 540 541
f 542 543 544
f 545 546 547
f 548 549 550
f 551 552 553
f 554 555 556
f 557 558 559
f 560 561 562
f 563 564 565
f 566 567 568
f 569 570 571
f 572 573 574
f 575 576 577
f 578 579 580
f 581 582 583
f 584 585 586
f 587 588 589
f 590 591 592
f 593 594 595
f 596 597 598
f 598 597 599
f 600 601 602
f 603 604 605
f 606 607 608
f 609 610 611
f 612 613 614
f 615 616 617
f 618 619 620
f 621 622 623
f 624 625 626
f 626 625 627
f 628 629 630
f 631 632 633
f 634 635 636
f 637 638 639
f 640 641 642
f 643 644 645
f 646 647 648
f 649 650 651
f 652 653 654
f 655 656 657
f 658 659 660
f 661 662 663
f 664 665 666
f 667 668 669
f 670 671 672
f 673 674 675
f 676 677 678
f 679 680 681
f 682 683 684
f 685 686 687
f 688 689 690
f 691 692 693
f 694 695 696
f 697 698 699
f 700 701 702
f 703 704 705
f 706 707 708
f 709 710 711
f 712 713 714
f 712 714 715
f 716 717 718
f 719 720 721
f 722 723 724
f 725 726 727
f 728 729 730
f 731 732 733
f 734 735 736
f 737 738 739
f 740 741 742
f 743 744 745
f 746 747 748
f 749 750 751
f 752 753 754
f 755 756 757
f 758 759 760
f 761 762 763
f 764 765 766
f 767 768 769
f 770 771 772
f 773 774 775
f 776 777 778
f 779 780 781
f 782 783 784
f 785 786 787
f 637 788 638
f 789 790 791
f 792 793 794
f 795 796 797
f 798 799 800
f 801 802 803
f 804 805 806
f 807 808 809
f 810 811 812
f 813 814 815
f 816 817 818
f 819 820 821
f 822 823 824
f 825 826 827
f 828 829 830
f 831 832 833
f 834 835 836
f 837 838 839
f 840 841 842
f 843 844 845
f 846 847 848
f 849 850 851
f 852 853 854
f 855 856 857
f 858 859 860
f 861 862 863
f 864 865 866
f 867 868 869
f 870 871 872
f 873 874 875
f 876 877 878
f 879 880 881
f 882 883 884
f 885 886 887
f 888 889 890
f 891 892 893
f 894 895 896
f 897 898 899
f 900 901 902
f 903 904 905
f 906 907 908
f 909 910 911
f 912 913 914
f 915 916 917
f 918 919 920
f 918 920 921
f 922 923 924
f 925 926 927
f 928 929 930
f 931 932 933
f 934 935 936
f 937 938 939
f 940 941 942
f 943 944 945
f 946 947 948
f 946 948 949
f 950 951 952
f 953 954 955
f 956 957 958
f 956 958 959
f 960 961 962
f 960 962 963
f 964 965 966
f 964 966 967
f 968 969 970
f 971 972 973
f 974 975 976
f 977 978 979
f 980 981 982
f 980 982 983
f 984 985 986
f 987 988 989
f 990 991 992
f 990 992 993
f 994 995 996
f 994 996 997
f 998 999 1000
f 1001 1002 1003
f 1004 1005 1006
f 1004 1006 1007
f 1008 1009 1010
f 1008 1010 1011
f 1012 1013 1014
f 1015 1016 1017
f 1018 1019 1020
f 1021 1022 1023
f 925 1024 926
f 1025 1026 1027
f 1028 1029 1030
f 1031 1032 1033
f 1034 1035 1036
f 1037 1038 1039
f 1040 1041 1042
f 1043 1044 1045
f 1046 1047 1048
f 1049 1050 1051
f 1052 1053 1054
f 1055 1056 1057
f 1058 1059 1060
f 1061 1062 1063
f 1064 1065 1066
f 1067 1068 1069
f 1070 1071 1072
f 1073 1074 1075
f 1076 1077 1078
f 1079 1080 1081
f 1082 1083 1084
f 1085 1086 1087
f 1088 1089 1090
f 1091 1092 1093
f 1094 1095 1096
f 1097 1098 1099
f 1100 1101 1102
f 1103 1104 1105
f 1106 1107 1108
f 1109 1110 1111
f 1112 1113 1114
f 1115 1116 1117
f 1118 1119 1120
f 1121 1122 1123
f 1124 1125 1126
f 1127 1128 1129
f 1130 1131 1132
f 1133 1134 1135
f 1136 1137 1138
f 1139 1140 1141
f 1142 1143 1144
f 1145 1146 1147
f 1148 1149 1150
f 1151 1152 1153
f 1154 1155 1156
f 1157 1158 1159
f 1160 1161 1162
f 1163 1164 1165
f 1166 1167 1168
f 1169 1170 1171
f 1172 1173 1174
f 1172 1174 1175
f 1176 1177 1178
f 1179 1180 1181
f 1182 1183 1184
f 1185 1186 1187
f 1188 1189 1190
f 1191 1192 1193
f 1194 1195 1196
f 1197 1198 1199
f 1200 1201 1202
f 1203 1204 1205
f 1206 1207 1208
f 1209 1210 1211
f 1212 1213 1214
f 1215 1216 1217
f 1218 1219 1220
f 1221 1222 1223
f 1224 1225 1226
f 1227 1228 1229
f 1230 1231 1232
f 1233 1234 1235
f 1236 1237 1238
f 1239 1240 1241
f 1242 1243 1244
f 1245 1246 1247
f 1248 1249 1250
f 1251 1252 1253
f 1254 1255 1256
f 1257 1258 1259
f 1260 1261 1262
f 1263 1264 1265
f 1266 1267 1268
f 1269 1270 1271
f 1272 1273 1274
f 1275 1276 1277
f 1278 1279 1280
f 1281 1282 1283
f 1283 1282 1284
f 1285 1286 1287
f 1288 1289 1290
f 1291 1292 1293
f 1294 1295 1296
f 1297 1298 1299
f 1299 1298 1300
f 1301 1302 1303
f 1304 1305 1306
f 1307 1308 1309
f 1310 1311 1312
f 1313 1314 1315
f 1316 1317 1318
f 1319 1320 1321
f 1322 1323 1324
f 1325 1326 1327
f 1328 1329 1330
f 1331 1332 1333
f 1334 1335 1336
f 1337 1338 1339
f 1339 1338 1340
f 1341 1342 1343
f 1343 1342 1344
f 1345 1346 1347
f 1347 1346 1348
f 1349 1350 1351
f 1351 1350 1352
f 1353 1354 1355
f 1355 1354 1356
f 1357 1358 1359
f 1360 1361 1362
f 1363 1364 1365
f 1366 1367 1368
f 1369 1370 1371
f 1372 1373 1374
f 1375 1376 1377
f 1378 1379 1380
f 1381 1382 1383
f 1383 1382 1384
f 1385 1386 1387
f 1388 1389 1390
f 1391 1392 1393
f 1393 1392 1394
f 1395 1396 1397
f 1398 1399 1400
f 1401 1402 1403
f 1404 1405 1406
f 1407 1408 1409
f 1410 1411 1412
f 1413 1414 1415
f 1416 1417 1418
f 1419 1420 1421
f 1421 1420 1422
f 1423 1424 1425
f 1425 1424 1426
f 1427 1428 1429
f 1429 1428 1430
f 1431 1432 1433
f 1434 1435 1436
f 1437 1438 1439
f 1440 1441 1442
f 1443 1444 1445
f 1446 1447 1448
f 1449 1450 1451
f 1452 1453 1454
f 1455 1456 1457
f 1458 1459 1460
f 1461 1462 1463
f 1464 1465 1466
f 1467 1468 1469
f 1470 1471 1472
f 1473 1474 1475
f 1476 1477 1478
f 1479 1480 1481
f 1481 1480 1482
f 1483 1484 1485
f 1486 1487 1488
f 1489 1490 1491
f 1492 1493 1494
f 1495 1496 1497
f 1498 1499 1500
f 1501 1502 1503
f 1504 1505 1506
f 1507 1508 1509
f 1509 1508 1510
f 1511 1512 1513
f 1514 1515 1516
f 1517 1518 1519
f 1520 1521 1522
f 1523 1524 1525
f 1526 1527 1528
f 1529 1530 1531
f 1532 1533 1534
f 1535 1536 1537
f 1538 1539 1540
f 1538 1540 1541
f 1542 1543 1544
f 1545 1546 1547
f 1548 1549 1550
f 1548 1550 1551
f 1552 1553 1554
f 1555 1556 1557
f 1558 1559 1560
f 1561 1562 1563
f 1564 1565 1566
f 1567 1568 1569
f 1570 1571 1572
f 1573 1574 1575
f 1576 1577 1578
f 1579 1580 1581
f 1582 1583 1584
f 1585 1586 1587
f 1588 1589 1590
f 1591 1592 1593
f 1594 1595 1596
f 1597 1598 1599
f 1600 1601 1602
f 1603 1604 1605
f 1606 1607 1608
f 1609 1610 1611
f 1612 1613 1614
f 1615 1616 1617
f 1618 1619 1620
f 1621 1622 1623
f 1624 1625 1626
f 1627 1628 1629
f 1630 1631 1632
f 1633 1634 1635
f 1636 1637 1638
f 1639 1640 1641
f 1642 1643 1644
f 1645 1646 1647
f 1648 1649 1650
f 1648 1650 1651
f 1652 1653 1654
f 1655 1656 1657
f 1658 1659 1660
f 1661 1662 1663
f 1664 1665 1666
f 1667 1668 1669
f 1670 1671 1672
f 1673 1674 1675
f 1676 1677 1678
f 1679 1680 1681
f 1682 1683 1684
f 1685 1686 1687
f 1688 1689 1690
f 1691 1692 1693
f 1694 1695 1696
f 1697 1698 1699
f 1700 1701 1702
f 1703 1704 1705
f 1706 1707 1708
f 1709 1710 1711
f 1712 1713 1714
f 1715 1716 1717
f 1718 1719 1720
f 1721 1722 1723
f 1724 1725 1726
f 1727 1728 1729
f 1730 1731 1732
f 1733 1734 1735
f 1736 1737 1738
f 1739 1740 1741
f 1742 1743 1744
f 1745 1746 1747
f 1748 1749 1750
f 1751 1752 1753
f 1754 1755 1756
f 1757 1758 1759
f 1760 1761 1762
f 1763 1764 1765
f 1765 1764 1766
f 1767 1768 1769
f 1769 1768 1770
f 1771 1772 1773
f 1773 1772 1774
f 1775 1776 1777
f 1777 1776 1778
f 1779 1780 1781
f 1781 1780 1782
f 1783 1784 1785
f 1785 1784 1786
f 1787 1788 1789
f 1789 1788 1790
f 1791 1792 1793
f 1793 1792 1794
f 1795 1796 1797
f 1797 1796 1798
f 1799 1800 1801
f 1801 1800 1802
f 1803 1804 1805
f 1803 1805 1806
f 1807 1808 1809
f 1809 1808 1810
f 1811 1812 1813
f 1813 1812 1814
f 1815 1816 1817
f 1817 1816 1818
f 1819 1820 1821
f 1821 1820 1822
f 1823 1824 1825
f 1825 1824 1826
f 1827 1828 1829
f 1829 1828 1830
f 1831 1832 1833
f 1834 1835 1836
f 1837 1838 1839
f 1839 1838 1840
f 1841 1842 1843
f 1843 1842 1844
f 1845 1846 1847
f 1847 1846 1848
f 1849 1850 1851
f 1849 1851 1852
f 1853 1854 1855
f 1855 1854 1856
f 1857 1858 1859
f 1859 1858 1860
f 1861 1862 1863
f 1863 1862 1864
f 1865 1866 1867
f 1867 1866 1868
f 1869 1870 1871
f 1871 1870 1872
f 1873 1874 1875
f 1875 1874 1876
f 1877 1878 1879
f 1879 1878 1880
f 1881 1882 1883
f 1883 1882 1884
f 1885 1886 1887
f 1887 1886 1888
f 1889 1890 1891
f 1891 1890 1892
f 1893 1894 1895
f 1895 1894 1896
f 1897 1898 1899
f 1899 1898 1900
f 1901 1902 1903
f 1903 1902 1904
f 1905 1906 1907
f 1907 1906 1908
f 1909 1910 1911
f 1911 1910 1912
f 1913 1914 1915
f 1915 1914 1916
f 1917 1918 1919
f 1919 1918 1920
f 1921 1922 1923
f 1923 1922 1924
f 1925 1926 1927
f 1925 1927 1928
f 1929 1930 1931
f 1931 1930 1932
f 1933 1934 1935
f 1935 1934 1936
f 1937 1938 1939
f 1939 1938 1940
f 1941 1942 1943
f 1944 1945 1946
f 1947 1948 1949
f 1950 1951 1952
f 1953 1954 1955
f 1956 1957 1958
f 1959 1960 1961
f 1962 1963 1964
f 1965 1966 1967
f 1968 1969 1970
f 1971 1972 1973
f 1974 1975 1976
f 1977 1978 1979
f 1980 1981 1982
f 1983 1984 1985
f 1986 1987 1988
f 1989 1990 1991
f 1992 1993 1994
f 1995 1996 1997
f 1998 1999 2000
f 2001 2002 2003
f 2004 2005 2006
f 2007 2008 2009
f 2010 2011 2012
f 2013 2014 2015
f 2016 2017 2018
f 2019 2020 2021
f 2022 2023 2024
f 2025 2026 2027
f 2028 2029 2030
f 2031 2032 2033
f 2034 2035 2036
f 2037 2038 2039
f 2040 2041 2042
f 2043 2044 2045
f 2046 2047 2048
f 2049 2050 2051
f 2052 2053 2054
f 2055 2056 2057
f 2058 2059 2060
f 2061 2062 2063
f 2064 2065 2066
f 2067 2068 2069
f 2070 2071 2072
f 2073 2074 2075
f 2076 2077 2078
f 2079 2080 2081
f 2082 2083 2084
f 2085 2086 2087
f 2088 2089 2090
f 2091 2092 2093
f 2094 2095 2096
f 2097 2098 2099
f 2100 2101 2102
f 2103 2104 2105
f 2106 2107 2108
f 2109 2110 2111
f 2112 2113 2114
f 2115 2116 2117
f 2118 2119 2120
f 2121 2122 2123
f 2124 2125 2126
f 2127 2128 2129
f 2130 2131 2132
f 2133 2134 2135
f 2136 2137 2138
f 2139 2140 2141
f 2142 2143 2144
f 2145 2146 2147
f 2148 2149 2150
f 2151 2152 2153
f 2154 2155 2156
f 2157 2158 2159
f 2160 2161 2162
f 2163 2164 2165
f 2166 2167 2168
f 2169 2170 2171
f 2171 2170 2172
f 2173 2174 2175
f 2176 2177 2178
f 2179 2180 2181
f 2182 2183 2184
f 2185 2186 2187
f 2188 2189 2190
f 2191 2192 2193
f 2194 2195 2196
f 2197 2198 2199
f 2200 2201 2202
f 2203 2204 2205
f 2206 2207 2208
f 2209 2210 2211
f 2212 2213 2214
f 2215 2216 2217
f 2218 2219 2220
f 2221 2222 2223
f 2224 2225 2226
f 2227 2228 2229
f 2230 2231 2232
f 2233 2234 2235
f 2236 2237 2238
f 2239 2240 2241
f 2242 2243 2244
f 2245 2246 2247
f 2248 2249 2250
f 2251 2252 2253
f 2254 2255 2256
f 2257 2258 2259
f 2257 2259 2260
f 2261 2262 2263
f 2264 2265 2266
f 2267 2268 2269
f 2270 2271 2272
f 2273 2274 2275
f 2273 2275 2276
f 2277 2278 2279
f 2280 2281 2282
f 2283 2284 2285
f 2286 2287 2288
f 2289 2290 2291
f 2292 2293 2294
f 2295 2296 2297
f 2298 2299 2300
f 2301 2302 2303
f 2304 2305 2306
f 2307 2308 2309
f 2310 2311 2312
f 2313 2314 2315
f 2316 2317 2318
f 2319 2320 2321
f 2322 2323 2324
f 2325 2326 2327
f 2325 2327 2328
f 2329 2330 2331
f 2332 2333 2334
f 2335 2336 2337
f 2338 2339 2340
f 2341 2342 2343
f 2341 2343 2344
f 2345 2346 2347
f 2348 2349 2350
f 2351 2352 2353
f 2354 2355 2356
f 2357 2358 2359
f 2357 2359 2360
f 2361 2264 2266
f 2362 2363 2364
f 2365 2366 2367
f 2368 2369 2370
f 2371 2372 2373
f 2371 2373 2374
f 2375 2280 2282
f 2376 2377 2378
f 2379 2380 2381
f 2382 2383 2384
f 2385 2386 2387
f 2385 2387 2388
f 2389 2298 2300
f 2390 2391 2392
f 2393 2394 2395
f 2396 2397 2398
f 2399 2400 2401
f 2399 2401 2402
f 2403 2316 2318
f 2404 2405 2406
f 2407 2408 2409
f 2410 2411 2412
f 2413 2414 2415
f 2413 2415 2416
f 2417 2418 2419
f 2420 2421 2422
f 2423 2424 2425
f 2423 2425 2426
f 2427 2428 2429
f 2430 2431 2432
f 2433 2434 2435
f 2436 2437 2438
f 2439 2440 2441
f 2439 2441 2442
f 2443 2444 2445
f 2446 2447 2448
f 2449 2450 2451
f 2452 2453 2454
f 2455 2456 2457
f 2455 2457 2458
f 2459 2376 2378
f 2460 2461 2462
f 2463 2464 2465
f 2466 2467 2468
f 2469 2470 2471
f 2472 2473 2474
f 2475 2390 2392
f 2476 2477 2478
f 2479 2480 2481
f 2482 2483 2484
f 2485 2486 2487
f 2485 2487 2488
f 2230 2232 2489
f 2490 2491 2492
f 2493 2494 2495
f 2496 2497 2498
f 2499 2500 2501
f 2502 2503 2504
f 2505 2506 2507
f 2508 2509 2510
f 2511 2512 2513
f 2514 2515 2516
f 2191 2193 2517
f 2518 2519 2520
f 2521 2522 2523
f 2524 2525 2526
f 2527 2528 2529
f 2200 2202 2530
f 2531 2532 2533
f 2534 2535 2536
f 2537 2538 2539
f 2540 2541 2542
f 2206 2208 2543
f 2544 2545 2546
f 2547 2548 2549
f 2550 2551 2552
f 2553 2554 2555
f 2556 2557 2558
f 2559 2560 2561
f 2562 2563 2564
f 2565 2566 2567
f 2568 2569 2570
f 2571 2572 2573
f 2574 2575 2576
f 2577 2578 2579
f 2580 2581 2582
f 2583 2584 2585
f 2586 2587 2588
f 2589 2590 2591
f 2592 2593 2594
f 2595 2596 2597
f 2598 2599 2600
f 2601 2602 2603
f 2604 2605 2606
f 2607 2608 2609
f 2610 2611 2612
f 2613 2614 2615
f 2616 2617 2618
f 2619 2620 2621
f 2622 2623 2624
f 2233 2235 2625
f 2626 2627 2628
f 2629 2630 2631
f 2632 2633 2634
f 2635 2636 2637
f 2236 2238 2638
f 2639 2640 2641
f 2642 2643 2644
f 2645 2315 2314
f 2646 2647 2648
f 2649 2650 2651
f 2648 2652 2646
f 2653 2654 2655
f 2656 2657 2658
f 2659 2660 2661
f 2659 2661 2662
f 2242 2244 2663
f 2664 2665 2666
f 2667 2668 2669
f 2670 2671 2672
f 2673 2674 2675
f 2676 2677 2678
f 2679 2680 2681
f 2682 2683 2684
f 2685 2686 2687
f 2688 2689 2690
f 2691 2331 2330
f 2692 2693 2694
f 2695 2696 2697
f 2698 2699 2700
f 2701 2702 2703
f 2704 2705 2706
f 2707 2708 2709
f 2707 2709 2710
f 2711 2712 2713
f 2714 2715 2716
f 2717 2718 2719
f 2720 2721 2722
f 2723 2724 2725
f 2197 2199 2726
f 2727 2728 2729
f 2730 2731 2732
f 2733 2347 2346
f 2734 2735 2736
f 2737 2738 2739
f 2736 2740 2734
f 2741 2742 2743
f 2744 2745 2746
f 2747 2748 2749
f 2750 2751 2752
f 2203 2205 2753
f 2754 2755 2756
f 2757 2758 2759
f 2760 2761 2762
f 2763 2764 2765
f 2766 2767 2768
f 2769 2770 2771
f 2767 2772 2768
f 2773 2774 2775
f 2776 2777 2778
f 2779 2780 2781
f 2782 2783 2784
f 2209 2211 2785
f 2786 2787 2788
f 2789 2790 2791
f 2792 2793 2794
f 2795 2796 2797
f 2798 2799 2800
f 2801 2802 2803
f 2804 2805 2806
f 2807 2808 2809
f 2810 2811 2812
f 2813 2814 2815
f 2215 2217 2816
f 2817 2818 2819
f 2820 2821 2822
f 2823 2824 2825
f 2826 2827 2828
f 2829 2830 2831
f 2832 2833 2834
f 2835 2836 2837
f 2838 2839 2840
f 2841 2842 2843
f 2844 2845 2846
f 2847 2848 2849
f 2850 2851 2852
f 2853 2854 2855
f 2856 2857 2858
f 2859 2860 2861
f 2862 2863 2864
f 2865 2866 2867
f 2865 2867 2868
f 2224 2226 2869
f 2870 2871 2872
f 2873 2874 2875
f 2227 2229 2876
f 2877 2878 2879
f 2880 2881 2882
f 2883 2884 2885
f 2886 2887 2888
f 2889 2890 2891
f 2892 2893 2894
f 2895 2896 2897
f 2898 2899 2900
f 2901 2902 2903
f 2903 2902 2904
f 2905 2906 2907
f 2907 2906 2908
f 2909 2910 2911
f 2912 2913 2914
f 2915 2916 2917
f 2918 2919 2920
f 2921 2922 2923
f 2924 2925 2926
f 2927 2928 2929
f 2930 2931 2932
f 2933 2934 2935
f 2935 2934 2936
f 2937 2938 2939
f 2940 2941 2942
f 2943 2944 2945
f 2946 2947 2948
f 2949 2950 2951
f 2952 2953 2954
f 2955 2956 2957
f 2958 2959 2960
f 2961 2962 2963
f 2963 2962 2964
f 2965 2966 2967
f 2967 2966 2968
f 2969 2970 2971
f 2972 2973 2974
f 2975 2976 2977
f 2978 2979 2980
f 2981 2982 2983
f 2984 2985 2986
f 2987 2988 2989
f 2990 2991 2992
f 2993 2994 2995
f 2995 2994 2996
f 2997 2998 2999
f 2999 2998 3000
f 3001 3002 3003
f 3004 3005 3006
f 3007 3008 3009
f 3010 3011 3012
f 3013 3014 3015
f 3016 3017 3018
f 3019 3020 3021
f 3022 3023 3024
f 3025 3026 3027
f 3027 3026 3028
f 3029 3030 3031
f 3031 3030 3032
f 3033 3034 3035
f 3035 3034 3036
f 3037 3038 3039
f 3040 3041 3042
f 3043 3044 3045
f 3046 3047 3048
f 3049 3050 3051
f 3052 3053 3054
f 3055 3056 3057
f 3057 3056 3058
f 3059 3060 3061
f 3061 3060 3062
f 3063 3064 3065
f 3065 3064 3066
f 3067 3068 3069
f 3067 3069 3070
f 3071 3072 3073
f 3074 3075 3076
f 3077 3078 3079
f 3080 3081 3082
f 3083 3084 3085
f 3086 3087 3088
f 3089 3090 3091
f 3092 3093 3094
f 3095 3096 3097
f 3095 3097 3098
f 3099 3100 3101
f 3102 3103 3104
f 3105 3106 3107
f 3108 3109 3110
f 3111 3112 3113
f 3114 3115 3116
f 3117 3118 3119
f 3120 3121 3122
f 3123 3124 3125
f 3126 3127 3128
f 3129 3130 3131
f 3132 3133 3134
f 3135 3136 3137
f 3138 3139 3140
f 3141 3142 3143
f 3144 3145 3146
f 3147 3148 3149
f 3150 3151 3152
f 3153 3154 3155
f 3156 3157 3158
f 3159 3160 3161
f 3162 3163 3164
f 3165 3166 3167
f 3168 3169 3170
f 3171 3172 3173
f 3174 3175 3176
f 3177 3178 3179
f 3180 3181 3182
f 3183 3184 3185
f 3186 3187 3188
f 3189 3190 3191
f 3192 3193 3194
f 3195 3196 3197
f 3198 3199 3200
f 3201 3202 3203
f 3204 3205 3206
f 3207 3208 3209
f 3210 3211 3212
f 3213 3214 3215
f 3216 3217 3218
f 3219 3220 3221
f 3222 3223 3224
f 3225 3226 3227
f 3228 3229 3230
f 3231 3232 3233
f 3234 3235 3236
f 3237 3238 3239
f 3240 3241 3242
f 3243 3244 3245
f 3246 3247 3248
f 3249 3250 3251
f 3252 3253 3254
f 3255 3256 3257
f 3258 3259 3260
f 3261 3262 3263
f 3264 3265 3266
f 3267 3268 3269
f 3270 3271 3272
f 3273 3274 3275
f 3276 3277 3278
f 3279 3280 3281
f 3282 3283 3281
f 3284 3285 3286
f 3287 3288 3289
f 3283 3290 3291
f 3292 3293 3291
f 3294 3295 3296
f 3297 3298 3299
f 3293 3300 3301
f 3302 3303 3304
f 3305 3306 3307
f 3308 3309 3310
f 3303 3311 3312
f 3313 3314 3312
f 3315 3316 3317
f 3318 3319 3320
f 3314 3321 3322
f 3323 3324 3325
f 3326 3327 3328
f 3329 3330 3331
f 3324 3332 3333
f 3334 3335 3333
f 3336 3337 3338
f 3339 3340 3341
f 3335 3342 3343
f 3344 3345 3346
f 3347 3348 3349
f 3350 3351 3352
f 3345 3353 3354
f 3355 3356 3354
f 3357 3358 3359
f 3360 3361 3362
f 3356 3363 3364
f 3365 3366 3367
f 3368 3369 3370
f 3371 3372 3373
f 3366 3374 3375
f 3376 3377 3375
f 3378 3379 3380
f 3381 3382 3383
f 3377 3384 3385
f 3386 3387 3388
f 3389 3390 3391
f 3392 3393 3394
f 3387 3395 3396
f 3397 3398 3396
f 3399 3400 3401
f 3402 3403 3404
f 3398 3405 3406
f 3407 3408 3409
f 3410 3411 3412
f 3413 3414 3415
f 3408 3416 3417
f 3418 3419 3417
f 3420 3421 3422
f 3423 3424 3425
f 3419 3426 3427
f 3428 3429 3430
f 3431 3432 3433
f 3434 3427 3435
f 3436 3437 3438
f 3439 3440 3441
f 3442 3443 3444
f 3445 3446 3447
f 3448 3449 3450
f 3451 3452 3453
f 3454 3455 3456
f 3457 3458 3459
f 3460 3461 3462
f 3463 3464 3465
f 3466 3467 3468
f 3469 3470 3471
f 3472 3473 3474
f 3475 3476 3477
f 3478 3479 3480
f 3481 3482 3483
f 3484 3485 3486
f 3487 3488 3489
f 3490 3491 3492
f 3493 3494 3495
f 3496 3497 3498
f 3499 3500 3501
f 3502 3503 3504
f 3505 3506 3507
f 3508 3509 3510
f 3511 3512 3513
f 3514 3515 3516
f 3517 3518 3519
f 3520 3521 3522
f 3523 3524 3525
f 3526 3527 3528
f 3529 3530 3531
f 3532 3533 3534
f 3535 3536 3537
f 3538 3539 3540
f 3541 3542 3543
f 3544 3545 3546
f 3547 3548 3549
f 3550 3551 3552
f 3553 3554 3555
f 3556 3557 3558
f 3559 3560 3561
f 3562 3563 3564
f 3565 3566 3567
f 3568 3569 3570
f 3571 3572 3573
f 3574 3575 3576
f 3577 3578 3579
f 3580 3581 3582
f 3583 3584 3585
f 3586 3587 3588
f 3589 3590 3591
f 3592 3593 3594
f 3595 3596 3597
f 3598 3599 3600
f 3601 3602 3603
f 3604 3605 3606
f 3607 3608 3609
f 3610 3611 3612
f 3613 3614 3615
f 3616 3617 3618
f 3619 3620 3621
f 3622 3623 3624
f 3625 3626 3627
f 3628 3629 3630
f 3631 3632 3633
f 3634 3635 3636
f 3637 3638 3639
f 3640 3641 3642
f 3643 3644 3645
f 3646 3647 3648
f 3649 3650 3651
f 3652 3653 3654
f 3655 3656 3657
f 3658 3659 3660
f 3661 3662 3663
f 3664 3665 3666
f 3667 3668 3669
f 3670 3671 3672
f 3673 3674 3675
f 3676 3677 3678
f 3679 3680 3681
f 3682 3683 3684
f 3685 3686 3687
f 3688 3689 3690
f 3691 3692 3693
f 3694 3695 3696
f 3697 3698 3699
f 3700 3701 3702
f 3703 3704 3705
f 3706 3707 3708
f 3709 3710 3711
f 3712 3713 3714
f 3715 3716 3717
f 3718 3719 3720
f 3721 3722 3723
f 3724 3725 3726
f 3727 3728 3729
f 3730 3731 3732
f 3733 3734 3735
f 3736 3737 3738
f 3739 3740 3741
f 3742 3743 3744
f 3745 3746 3747
f 3748 3749 3750
f 3751 3752 3753
f 3754 3755 3756
f 3757 3758 3759
f 3760 3761 3762
f 3763 3764 3765
f 3766 3767 3768
f 3769 3770 3771
f 3772 3773 3774
f 3775 3776 3777
f 3778 3779 3780
f 3781 3782 3783
f 3784 3785 3786
f 3787 3788 3789
f 3790 3791 3792
f 3793 3794 3795
f 3796 3797 3798
f 3799 3800 3801
f 3802 3803 3804
f 3805 3806 3807
f 3808 3809 3810
f 3811 3812 3813
f 3814 3815 3816
f 3817 3818 3819
f 3820 3821 3822
f 3823 3824 3825
f 3826 3827 3828
f 3829 3830 3831
f 3832 3833 3834
f 3835 3836 3837
f 3838 3839 3840
f 3841 3842 3843
f 3844 3845 3846
f 3847 3848 3849
f 3850 3851 3852
f 3853 3854 3855
f 3856 3857 3858
f 3859 3860 3861
f 3862 3863 3864
f 3865 3866 3867
f 3868 3869 3870
f 3871 3872 3873
f 3874 3875 3876
f 3877 3878 3879
f 3880 3881 3882
f 3883 3884 3885
f 3886 3887 3888
f 3889 3890 3891
f 3892 3893 3894
f 3895 3896 3897
f 3898 3899 3900
f 3901 3902 3903
f 3904 3905 3906
f 3907 3908 3909
f 3910 3911 3912
f 3913 3914 3915
f 3916 3917 3918
f 3919 3920 3921
f 3922 3923 3924
f 3925 3926 3927
f 3928 3929 3930
f 3931 3932 3933
f 3934 3935 3936
f 3937 3938 3939
f 3940 3941 3942
f 3943 3944 3945
f 3946 3947 3948
f 3949 3950 3951
f 3952 3953 3954
f 3955 3956 3957
f 3958 3959 3960
f 3961 3962 3963
f 3964 3965 3966
f 3967 3968 3969
f 3970 3971 3972
f 3973 3974 3975
f 3976 3977 3978
f 3979 3980 3981
f 3982 3983 3984
f 3985 3986 3987
f 3825 3988 3823
f 3989 3834 3833
f 3990 3991 3992
f 3993 3994 3995
f 3996 3997 3998
f 3999 4000 4001
f 4002 4003 4004
f 4005 4006 4007
f 4008 3852 3851
f 4009 4010 4011
f 4012 3846 3845
f 3837 4013 3835
f 4014 4015 4016
f 4017 4018 4019
f 4020 4021 4022
f 4023 4024 4025
f 4026 4027 4028
f 4029 4030 4031
f 4032 4033 4034
f 4035 4036 4037
f 4038 4039 4040
f 4041 4042 4043
f 4044 4045 4046
f 4047 4048 4049
f 4050 4051 4052
f 4053 4054 4055
f 4056 4057 4058
f 4059 4060 4061
f 4062 4063 4064
f 4065 4066 4067
f 4068 4069 4070
f 4071 4072 4073
f 4074 4075 4076
f 4077 4078 4079
f 4080 4081 4082
f 4083 4084 4085
f 4086 4087 4088
f 4089 4090 4091
f 4092 4093 4094
f 4095 4096 4097
f 4098 4099 4100
f 4101 4102 4103
f 4104 4105 4106
f 4107 4108 4109
f 4110 4111 4112
f 4113 4114 4115
f 4116 4117 4118
f 4119 4120 4121
f 4122 4123 4124
f 4125 4126 4127
f 4128 4129 4130
f 4131 4132 4133
f 4134 4135 4136
f 4137 4138 4139
f 4140 4141 4142
f 4143 4144 4145
f 4146 4147 4148
f 4149 4150 4151
f 4152 4153 4154
f 4155 4156 4157
f 4158 4159 4160
f 4161 4162 4163
f 4164 4165 4166
f 4167 4168 4169
f 4170 4171 4172
f 4173 4174 4175
f 4176 4177 4178
f 4179 4180 4181
f 4182 4183 4184
f 4185 4186 4187
f 4188 4189 4190
f 4191 4192 4193
f 4194 4195 4196
f 4197 4198 4199
f 4200 4201 4202
f 4203 4204 4205
f 4206 4207 4208
f 4209 4210 4211
f 4212 4213 4214
f 4215 4216 4217
f 4218 4219 4220
f 4221 4222 4223
f 4224 4225 4226
f 4227 4228 4229
f 4230 4231 4232
f 4233 4234 4235
f 4236 4237 4238
f 4239 4240 4241
f 4242 4243 4244
f 4245 4246 4247
f 4248 4249 4250
f 4251 4252 4253
f 4254 4255 4256
f 4257 4258 4259
f 4260 4261 4262
f 4263 4264 4265
f 4266 4267 4268
f 4269 4270 4271
f 4272 4273 4274
f 4275 4276 4277
f 4278 4279 4280
f 4281 4282 4283
f 4284 4285 4286
f 4287 4288 4289
f 4290 4291 4292
f 4293 4294 4295
f 4296 4297 4298
f 4299 4300 4301
f 4302 4303 4304
f 4305 4306 4307
f 4308 4309 4310
f 4311 4312 4313
f 4314 4315 4316
f 4317 4318 4319
f 4320 4321 4322
f 4323 4324 4325
f 4326 3954 3953
f 4327 4328 4329
f 4330 4331 4332
f 4333 4334 4335
f 4336 4337 4338
f 4339 4340 4341
f 4342 4343 4344
f 4345 4346 4347
f 3957 4348 3955
f 4349 4350 4351
f 4352 4353 4354
f 4355 4356 4357
f 4358 4359 4360
f 4361 4362 4363
f 4364 4365 4366
f 4367 4368 4369
f 4370 4371 4372
f 4373 4374 4375
f 4376 4377 4378
f 4379 4380 4381
f 4382 4383 4384
f 4385 4386 4387
f 4388 4389 4390
f 4391 4392 4393
f 4394 4395 4396
f 4397 4398 4399
f 4400 4401 4402
f 4403 4404 4405
f 4406 4407 4408
f 4409 4410 4411
f 4412 4413 4414
f 4415 4416 4417
f 4418 4419 4420
f 4421 4422 4423
f 4424 4425 4426
f 4427 4428 4429
f 4430 4431 4432
f 4433 4434 4435
f 4436 4437 4438
f 4439 4440 4441
f 4442 4443 4444
f 4445 4446 4447
f 4448 4449 4450
f 4451 4452 4453
f 4454 4455 4456
f 4456 4455 4457
f 4458 4459 4460
f 4461 4462 4463
f 4464 4465 4466
f 4467 4468 4469
f 4470 4471 4472
f 4472 4471 4473
f 4474 4475 4476
f 4477 4478 4479
f 4479 4478 4480
f 4481 4482 4483
f 4484 4485 4486
f 4486 4485 4487
f 4488 4489 4490
f 4491 4492 4493
f 4493 4492 4494
f 4495 4496 4497
f 4498 4499 4500
f 4501 4502 4503
f 4504 4505 4506
f 4507 4508 4509
f 4510 4511 4512
f 4513 4514 4515
f 4516 4517 4518
f 4519 4520 4521
f 4522 4523 4524
f 4525 4526 4527
f 4528 4529 4530
f 4531 4532 4533
f 4534 4535 4536
f 4537 4538 4539
f 4540 4541 4542
f 4543 4544 4545
f 4546 4547 4548
f 4549 4550 4551
f 4552 4553 4554
f 4555 4556 4557
f 4558 4559 4560
f 4561 4562 4563
f 4564 4565 4566
f 4567 4568 4569
f 4570 4571 4572
f 4573 4058 4574
f 4575 4576 4577
f 4578 4579 4580
f 4581 4582 4583
f 4584 4585 4586
f 4587 4588 4589
f 4590 4591 4592
f 4593 4594 4595
f 4596 4597 4598
f 4599 4600 4601
f 4602 4603 4604
f 4605 4606 4607
f 4608 4609 4610
f 4611 4612 4613
f 4614 4615 4616
f 4617 4618 4619
f 4620 4621 4622
f 4623 4624 4625
f 4626 4627 4628
f 4629 4630 4631
f 4632 4633 4634
f 4635 4636 4637
f 4638 4639 4640
f 4641 4642 4643
f 4644 4645 4646
f 4647 4648 4649
f 4650 4651 4652
f 4653 4654 4655
f 4656 4657 4658
f 4659 4660 4661
f 4662 4663 4664
f 4665 4666 4667
f 4668 4669 4670
f 4671 4672 4673
f 4674 4675 4676
f 4677 4678 4679
f 4680 4681 4682
f 4683 4684 4685
f 4686 4687 4688
f 4689 4690 4691
f 4692 4693 4694
f 4695 4696 4697
f 4698 4699 4700
f 4701 4702 4703
f 4704 4705 4706
f 4707 4708 4709
f 4710 4711 4712
f 4713 4714 4715
f 4716 4717 4718
f 4719 4720 4721
f 4722 4723 4724
f 4722 4724 4725
f 4726 4727 4728
f 4729 4730 4731
f 4732 4733 4734
f 4735 4736 4737
f 4738 4739 4740
f 4741 4742 4743
f 4744 4745 4746
f 4747 4748 4749
f 4750 4751 4752
f 4753 4754 4755
f 4756 4757 4758
f 4759 4760 4761
f 4762 4763 4764
f 4765 4766 4767
f 4768 4769 4770
f 4771 4772 4773
f 4774 4775 4776
f 4777 4778 4779
f 4780 4781 4782
f 4783 4784 4785
f 4786 4787 4788
f 4789 4790 4791
f 4792 4793 4794
f 4795 4796 4797
f 4798 4799 4800
f 4801 4802 4803
f 4804 4805 4806
f 4807 4808 4809
f 4810 4811 4812
f 4813 4814 4815
f 4816 4817 4818
f 4819 4820 4821
f 4822 4823 4824
f 4825 4826 4827
f 4828 4829 4830
f 4831 4832 4833
f 4834 4835 4836
f 4837 4838 4839
f 4840 4841 4842
f 4842 4841 4843
f 4844 4845 4846
f 4847 4848 4849
f 4850 4851 4852
f 4853 4854 4855
f 4856 4857 4858
f 4859 4860 4861
f 4862 4863 4864
f 4865 4866 4867
f 4868 4869 4870
f 4871 4872 4873
f 4874 4875 4876
f 4877 4878 4879
f 4880 4881 4882
f 4883 4884 4885
f 4886 4887 4888
f 4889 4890 4891
f 4892 4893 4894
f 4895 4896 4897
f 4898 4899 4900
f 4901 4902 4903
f 4904 4905 4906
f 4907 4908 4909
f 4910 4911 4912
f 4913 4914 4915
f 4916 4917 4918
f 4919 4920 4921
f 4922 4923 4924
f 4925 4926 4927
f 4928 4929 4930
f 4931 4932 4933
f 4934 4935 4936
f 4937 4938 4939
f 4940 4941 4942
f 4943 4944 4945
f 4946 4947 4948
f 4949 4950 4951
f 4952 4953 4954
f 4955 4956 4957
f 4958 4959 4960
f 4961 4962 4963
f 4964 4965 4966
f 4967 4968 4969
f 4970 4971 4972
f 4973 4974 4975
f 4976 4977 4978
f 4979 4980 4981
f 4982 4983 4984
f 4985 4986 4987
f 4988 4989 4990
f 4991 4992 4993
f 4994 4995 4996
f 4997 4998 4999
f 5000 5001 5002
f 5003 5004 5005
f 5006 5007 5008
f 5009 5010 5011
f 5012 5013 5014
f 5015 5016 5017
f 5018 5019 5020
f 5021 5022 5023
f 5024 5025 5026
f 5027 5028 5029
f 5030 5031 5032
f 5033 5034 5035
f 5036 5037 5038
f 5039 5040 5041
f 5042 5043 5044
f 5045 5046 5047
f 5048 5049 5050
f 5051 5052 5053
f 5054 5055 5056
f 5057 5058 5059
f 5060 5061 5062
f 5063 5064 5065
f 5066 5067 5068
f 5069 5070 5071
f 5072 5073 5074
f 5075 5076 5077
f 5078 5079 5080
f 5081 5082 5083
f 5084 5085 5086
f 5087 5088 5089
f 5090 5091 5092
f 5093 5094 5095
f 5093 5095 5096
f 5097 5098 5099
f 5100 5101 5102
f 5103 5104 5105
f 5106 5107 5108
f 5109 5110 5111
f 5112 5113 5114
f 5115 5116 5117
f 5118 5119 5120
f 5121 5122 5123
f 5124 5125 5126
f 5127 5128 5129
f 5130 5131 5132
f 5133 5134 5135
f 5136 5137 5138
f 5139 5140 5141
f 5142 5143 5144
f 5145 5146 5147
f 5148 5149 5150
f 5151 5152 5153
f 5154 5155 5156
f 5157 5158 5159
f 5160 5161 5162
f 5163 5164 5165
f 5166 5167 5168
f 5169 5170 5171
f 5172 5173 5174
f 5175 5176 5177
f 5178 5179 5180
f 5181 5182 5183
f 5184 5185 5186
f 5187 5188 5189
f 5190 5191 5192
f 5193 5194 5195
f 5196 5197 5198
f 5199 5200 5201
f 5202 5203 5204
f 5205 5206 5207
f 5208 5209 5210
f 5210 5209 5211
f 5212 5213 5214
f 5214 5213 5215
f 5216 5217 5218
f 5218 5217 5219
f 5220 5221 5222
f 5220 5222 5223
f 5224 5225 5226
f 5226 5225 5227
f 5228 5229 5230
f 5230 5229 5231
f 5232 5233 5234
f 5234 5233 5235
f 5236 5237 5238
f 5238 5237 5239
f 5240 5241 5242
f 5242 5241 5243
f 5244 5245 5246
f 5247 5248 5249
f 5250 5251 5252
f 5252 5251 5253
f 5254 5255 5256
f 5256 5255 5257
f 5258 5259 5260
f 5260 5259 5261
f 5262 5263 5264
f 5264 5263 5265
f 5266 5267 5268
f 5268 5267 5269
f 5270 5271 5272
f 5272 5271 5273
f 5274 5275 5276
f 5276 5275 5277
f 5278 5279 5280
f 5280 5279 5281
f 5282 5283 5284
f 5284 5283 5285
f 5286 5287 5288
f 5288 5287 5289
f 5290 5291 5292
f 5292 5291 5293
f 5294 5295 5296
f 5296 5295 5297
f 5298 5299 5300
f 5300 5299 5301
f 5302 5303 5304
f 5304 5303 5305
f 5306 5307 5308
f 5308 5307 5309
f 5310 5311 5312
f 5312 5311 5313
f 5314 5315 5316
f 5316 5315 5317
f 5318 5319 5320
f 5320 5319 5321
f 5322 5323 5324
f 5324 5323 5325
f 5326 5327 5328
f 5328 5327 5329
f 5330 5331 5332
f 5332 5331 5333
f 5334 5335 5336
f 5336 5335 5337
f 5338 5339 5340
f 5340 5339 5341
f 5342 5343 5344
f 5344 5343 5345
f 5346 5347 5348
f 5348 5347 5349
f 5350 5351 5352
f 5352 5351 5353
f 5354 5355 5356
f 5356 5355 5357
f 5358 5359 5360
f 5361 5362 5363
f 5364 5365 5366
f 5367 5368 5369
f 5370 5371 5372
f 5373 5374 5375
f 5376 5377 5378
f 5379 5380 5381
f 5382 5383 5384
f 5385 5386 5387
f 5388 5389 5390
f 5391 5392 5393
f 5394 5395 5396
f 5397 5398 5399
f 5400 5401 5402
f 5403 5404 5405
f 5406 5407 5408
f 5409 5410 5411
f 5412 5413 5414
f 5415 5416 5417
f 5418 5419 5420
f 5421 5422 5423
f 5421 5423 5424
f 5425 5426 5427
f 5428 5429 5430
f 5431 5432 5433
f 5434 5435 5436
f 5437 5438 5439
f 5440 5441 5442
f 5443 5444 5445
f 5446 5447 5448
f 5449 5450 5451
f 5452 5453 5454
f 5455 5456 5457
f 5458 5459 5460
f 5461 5462 5463
f 5461 5463 5464
f 5465 5466 5467
f 5468 5469 5470
f 5471 5472 5473
f 5471 5473 5474
f 5475 5476 5477
f 5478 5479 5480
f 5481 5482 5483
f 5484 5485 5486
f 5487 5488 5489
f 5490 5491 5492
f 5493 5494 5495
f 5496 5497 5498
f 5499 5500 5501
f 5502 5503 5504
f 5505 5506 5507
f 5508 5509 5510
f 5511 5512 5513
f 5514 5515 5516
f 5517 5518 5519
f 5520 5521 5522
f 5523 5524 5525
f 5526 5527 5528
f 5526 5528 5529
f 5530 5531 5532
f 5533 5534 5535
f 5536 5537 5538
f 5539 5540 5541
f 5542 5543 5544
f 5545 5546 5547
f 5548 5549 5550
f 5551 5552 5553
f 5554 5555 5556
f 5557 5558 5559
f 5560 5561 5562
f 5563 5564 5565
f 5566 5567 5568
f 5569 5570 5571
f 5572 5573 5574
f 5575 5576 5577
f 5578 5579 5580
f 5581 5582 5583
f 5584 5585 5586
f 5587 5588 5589
f 5590 5591 5592
f 5593 5594 5595
f 5596 5597 5598
f 5599 5600 5601
f 5602 5603 5604
f 5605 5606 5607
f 5608 5609 5610
f 5611 5612 5613
f 5614 5615 5616
f 5617 5618 5619
f 5620 5621 5622
f 5623 5624 5625
f 5626 5627 5628
f 5629 5630 5631
f 5632 5633 5634
f 5635 5636 5637
f 5638 5639 5640
f 5641 5642 5643
f 5644 5645 5646
f 5647 5648 5649
f 5650 5651 5652
f 5653 5654 5655
f 5656 5657 5658
f 5659 5660 5661
f 5662 5663 5664
f 5665 5666 5667
f 5668 5669 5670
f 5671 5672 5673
f 5674 5675 5676
f 5674 5676 5677
f 5678 5679 5680
f 5681 5682 5683
f 5684 5685 5686
f 5687 5688 5689
f 5690 5691 5692
f 5693 5694 5695
f 5696 5697 5698
f 5699 5700 5701
f 5702 5703 5704
f 5705 5706 5707
f 5708 5709 5710
f 5711 5712 5713
f 5714 5715 5716
f 5717 5718 5719
f 5720 5721 5722
f 5723 5724 5725
f 5726 5727 5728
f 5729 5730 5731
f 5732 5733 5734
f 5735 5736 5737
f 5738 5739 5740
f 5741 5742 5743
f 5744 5745 5746
f 5747 5748 5749
f 5750 5751 5752
f 5753 5754 5755
f 5756 5757 5758
f 5759 5760 5761
f 5762 5763 5764
f 5765 5766 5767
f 5768 5769 5770
f 5771 5772 5773
f 5774 5775 5776
f 5777 5778 5779
f 5780 5781 5782
f 5783 5784 5785
f 5786 5787 5788
f 5789 5790 5791
f 5792 5793 5794
f 5795 5796 5797
f 5798 5799 5800
f 5801 5802 5803
f 5804 5805 5806
f 5807 5808 5809
f 5810 5811 5812
f 5813 5814 5815
f 5816 5817 5818
f 5819 5820 5821
f 5822 5823 5824
f 5825 5826 5827
f 5828 5829 5830
f 5831 5832 5833
f 5834 5835 5836
f 5837 5838 5839
f 5840 5841 5842
f 5840 5842 5843
f 5844 5845 5846
f 5847 5848 5849
f 5850 5851 5852
f 5853 5854 5855
f 5856 5857 5858
f 5859 5860 5861
f 5862 5863 5864
f 5865 5866 5867
f 5868 5869 5870
f 5871 5872 5873
f 5874 5875 5876
f 5877 5878 5879
f 5880 5881 5882
f 5883 5884 5885
f 5886 5887 5888
f 5889 5890 5891
f 5892 5893 5894
f 5895 5896 5897
f 5898 5899 5900
f 5901 5902 5903
f 5904 5905 5906
f 5907 5908 5909
f 5910 5911 5912
f 5913 5914 5915
f 5916 5917 5918
f 5919 5920 5921
f 5922 5923 5924
f 5925 5926 5927
f 5928 5929 5930
f 5931 5932 5933
f 5934 5935 5936
f 5937 5938 5939
f 5940 5941 5942
f 5943 5944 5945
f 5946 5947 5948
f 5949 5950 5951
f 5952 5953 5954
f 5955 5956 5957
f 5958 5959 5960
f 5961 5962 5963
f 5964 5965 5966
f 5967 5968 5969
f 5970 5971 5972
f 5973 5974 5975
f 5976 5977 5978
f 5979 5980 5981
f 5982 5983 5984
f 5985 5986 5987
f 5988 5989 5990
f 5991 5992 5993
f 5994 5995 5996
f 5997 5998 5999
f 6000 6001 6002
f 6003 6004 6005
f 6006 6007 6008
f 6009 6010 6011
f 6012 6013 6014
f 6015 6016 6017
f 6018 6019 6020
f 6021 6022 6023
f 6024 6025 6026
f 6027 6028 6029
f 6030 6031 6032
f 6033 6034 6035
f 6036 6037 6038
f 6039 6040 6041
f 6042 6043 6044
f 6045 6046 6047
f 6048 6049 6050
f 6051 6052 6053
f 6054 6055 6056
f 6057 6058 6059
f 6060 6061 6062
f 6063 6064 6065
f 6066 6067 6068
f 6069 6070 6071
f 6072 6073 6074
f 6075 6076 6077
f 6078 6079 6080
f 6081 6082 6083
f 6084 6085 6086
f 6087 6088 6089
f 6090 6091 6092
f 6093 6094 6095
f 6096 6097 6098
f 6099 6100 6101
f 6102 6103 6104
f 6105 6106 6107
f 6108 6109 6110
f 6111 6112 6113
f 6114 6115 6116
f 6117 6118 6119
f 6120 6121 6122
f 6123 6124 6125
f 6126 6127 6128
f 6129 6130 6131
f 6132 6133 6134
f 6135 6136 6137
f 6138 6139 6140
f 6141 6142 6143
f 6144 6145 6146
f 6147 6148 6149
f 6150 6151 6152
f 6153 6154 6155
f 6156 6157 6158
f 6159 6160 6161
f 6162 6163 6164
f 6165 6166 6167
f 6168 6169 6170
f 6171 6172 6173
f 6174 6175 6176
f 6177 6178 6179
f 6180 6181 6182
f 6183 6184 6185
f 6186 6187 6188
f 6188 6187 6189
f 6190 6191 6192
f 6193 6194 6195
f 6196 6197 6198
f 6199 6200 6201
f 6202 6203 6204
f 6205 6206 6207
f 6208 6209 6210
f 6211 6212 6213
f 6214 6215 6216
f 6217 6218 6219
f 6220 6221 6222
f 6223 6224 6225
f 6226 6227 6228
f 6229 6230 6231
f 6231 6230 6232
f 6233 6234 6235
f 6236 6237 6238
f 6239 6240 6241
f 6242 6243 6244
f 6245 6246 6247
f 6248 6249 6250
f 6251 6252 6253
f 6254 6255 6256
f 6257 6258 6259
f 6260 6261 6262
f 6263 6264 6265
f 6266 6267 6268
f 6269 6270 6271
f 6272 6273 6274
f 6275 6276 6277
f 6278 6279 6280
f 6281 6282 6283
f 6284 6285 6286
f 6287 6288 6289
f 6290 6291 6292
f 6293 6294 6295
f 6296 6297 6298
f 6299 6300 6301
f 6302 6303 6304
f 6305 6306 6307
f 6308 6309 6310
f 6311 6312 6313
f 6314 6315 6316
f 6317 6318 6319
f 6320 6321 6322
f 6323 6324 6325
f 6326 6327 6328
f 6329 6330 6331
f 6332 6333 6334
f 6335 6336 6337
f 6338 6339 6340
f 6341 6342 6343
f 6344 6345 6346
f 6347 6348 6349
f 6350 6351 6352
f 6353 6354 6355
f 6356 6357 6358
f 6359 6360 6361
f 6362 6363 6364
f 6365 6366 6367
f 6368 6369 6370
f 6371 6372 6373
f 6374 6375 6376
f 6377 6378 6379
f 6380 6381 6382
f 6383 6384 6385
f 6386 6387 6388
f 6389 6390 6391
f 6392 6393 6394
f 6395 6396 6397
f 6398 6399 6400
f 6401 6402 6403
f 6404 6405 6406
f 6407 6408 6409
f 6410 6411 6412
f 6413 6414 6415
f 6416 6417 6418
f 6419 6420 6421
f 6422 6423 6424
f 6425 6426 6427
f 6428 6429 6430
f 6431 6432 6433
f 6434 6435 6436
f 6437 6438 6439
f 6440 6441 6442
f 6443 6444 6445
f 6446 6447 6448
f 6449 6450 6451
f 6452 6453 6454
f 6455 6456 6457
f 6458 6459 6460
f 6461 6462 6463
f 6464 6465 6466
f 6467 6468 6469
f 6470 6471 6472
f 6473 6474 6475
f 6476 6477 6478
f 6479 6480 6481
f 6482 6483 6484
f 6485 6486 6487
f 6488 6489 6490
f 6491 6492 6493
f 6494 6495 6496
f 6497 6498 6499
f 6500 6501 6502
f 6503 6504 6505
f 6506 6507 6508
f 6509 6510 6511
f 6512 6513 6514
f 6515 6516 6517
f 6518 6519 6520
f 6521 6522 6523
f 6524 6525 6526
f 6527 6528 6529
f 6530 6531 6532
f 6533 6534 6535
f 6536 6537 6538
f 6539 6540 6541
f 6542 6543 6544
f 6545 6546 6547
f 6548 6549 6550
f 6551 6552 6553
f 6554 6555 6556
f 6557 6558 6559
f 6560 6561 6562
f 6563 6564 6565
f 6566 6567 6568
f 6569 6570 6571
f 6572 6573 6574
f 6575 6576 6577
f 6578 6579 6580
f 6581 6582 6583
f 6584 6585 6586
f 6587 6588 6589
f 6590 6591 6592
f 6593 6594 6595
f 6596 6597 6598
f 6599 6600 6601
f 6602 6603 6604
f 6605 6606 6607
f 6608 6609 6610
f 6611 6612 6613
f 6614 6615 6616
f 6617 6618 6619
f 6620 6621 6622
f 6623 6624 6625
f 6626 6627 6628
f 6629 6630 6631
f 6632 6633 6634
f 6635 6636 6637
f 6638 6639 6640
f 6641 6642 6643
f 6644 6645 6646
f 6647 6648 6649
f 6650 6651 6652
f 6653 6654 6655
f 6656 6657 6658
f 6659 6660 6661
f 6662 6663 6664
f 6665 6666 6667
f 6668 6669 6670
f 6671 6672 6673
f 6674 6675 6676
f 6677 6678 6679
f 6680 6681 6682
f 6683 6684 6685
f 6686 6687 6688
f 6689 6690 6691
f 6692 6693 6694
f 6695 6696 6697
f 6698 6699 6700
f 6701 6702 6703
f 6704 6705 6706
f 6707 6371 6373
f 6261 6708 6262
f 6709 6710 6711
f 6712 6713 6714
f 6715 6716 6717
f 6718 6719 6720
f 6721 6722 6723
f 6724 6725 6726
f 6727 6728 6729
f 6730 6731 6732
f 6733 6734 6735
f 6736 6737 6738
f 6739 6740 6741
f 6742 6743 6744
f 6745 6746 6747
f 6748 6749 6750
f 6751 6752 6753
f 6754 6755 6756
f 6757 6758 6759
f 6760 6761 6762
f 6763 6764 6765
f 6766 6767 6768
f 6769 6770 6771
f 6772 6773 6774
f 6775 6776 6777
f 6778 6779 6780
f 6781 6782 6783
f 6784 6785 6786
f 6787 6788 6789
f 6790 6791 6792
f 6793 6794 6795
f 6796 6797 6798
f 6799 6800 6801
f 6802 6803 6804
f 6805 6806 6807
f 6808 6809 6810
f 6811 6812 6813
f 6814 6815 6816
f 6817 6818 6819
f 6820 6821 6822
f 6823 6824 6825
f 6826 6827 6828
f 6829 6830 6831
f 6832 6833 6834
f 6835 6836 6837
f 6838 6839 6840
f 6841 6842 6843
f 6844 6845 6846
f 6847 6848 6849
f 6850 6851 6852
f 6853 6854 6855
f 6856 6857 6858
f 6859 6860 6861
f 6862 6863 6864
f 6865 6866 6867
f 6868 6869 6870
f 6871 6872 6873
f 6874 6875 6876
f 6877 6878 6879
f 6880 6881 6882
f 6883 6884 6885
f 6886 6887 6888
f 6889 6890 6891
f 6892 6893 6894
f 6895 6896 6897
f 6898 6899 6900
f 6901 6902 6903
f 6904 6905 6906
f 6907 6908 6909
f 6910 6911 6912
f 6913 6914 6915
f 6916 6917 6918
f 6919 6920 6921
f 6922 6923 6924
f 6925 6926 6927
f 6928 6929 6930
f 6931 6932 6933
f 6934 6935 6936
f 6937 6938 6939
f 6940 6941 6942
f 6943 6944 6945
f 6946 6947 6948
f 6945 6949 6950
f 6951 6952 6953
f 6954 6955 6956
f 6957 6958 6959
f 6951 6960 6961
f 6962 6963 6948
f 6956 6964 6965
f 6957 6966 6967
f 6968 6969 6957
f 6956 6970 6971
f 6957 6972 6973
f 6974 6975 6948
f 6957 6976 6977
f 6956 6978 6979
f 6980 6981 6982
f 6948 6983 6984
f 6948 6984 6974
f 6985 6986 6987
f 6982 6988 6989
f 6987 6990 6991
f 6992 6993 6987
f 6982 6994 6995
f 6948 6996 6997
f 6998 6999 6948
f 7000 7001 7002
f 7003 7004 7005
f 7006 7007 7008
f 6948 7009 7010
f 6948 7010 6998
f 7011 7012 7013
f 7014 7015 7016
f 7017 7018 7019
f 7020 7021 7022
f 7023 7024 7025
f 7026 7027 7028
f 7029 7030 7031
f 7032 7033 6951
f 6948 7034 7035
f 7036 7037 7038
f 7039 7040 7041
f 7042 7043 7044
f 7045 7046 7047
f 7048 7049 7050
f 7051 7052 7053
f 7054 7055 7056
f 7057 7058 7059
f 7060 7061 7062
f 7063 7064 7065
f 7066 7067 7068
f 7069 7070 7071
f 7072 7073 7074
f 7075 7076 7077
f 7078 7079 7080
f 7081 7082 7083
f 7084 7085 7086
f 7087 7088 7089
f 7090 7091 7092
f 7093 7094 7095
f 7096 7097 7098
f 7099 7100 7101
f 7102 7103 7104
f 7105 7106 7107
f 7108 7109 7110
f 7111 7112 7113
f 7114 7115 7116
f 7117 7118 7119
f 7120 7121 7122
f 7123 7124 7125
f 7126 7127 7128
f 7129 7130 7131
f 7132 7133 7134
f 7135 7136 7137
f 7138 7139 7140
f 7141 7142 7143
f 7144 7145 7146
f 7147 7148 7149
f 7150 7151 7152
f 7153 7154 7155
f 7156 7157 7158
f 7159 7160 7161
f 7162 7163 7164
f 7165 7166 7167
f 7168 7169 7170
f 7171 7172 7173
f 7174 7175 7176
f 7177 7178 7179
f 7180 7181 7182
f 7183 7184 7185
f 7186 7187 7188
f 7189 7190 7191
f 7192 7193 7194
f 7195 7196 7197
f 7198 7199 7200
f 7201 7202 7203
f 7204 7205 7206
f 7207 7208 7209
f 7210 7211 7212
f 7213 7214 7215
f 7216 7217 7218
f 7219 7220 7221
f 7222 7223 7224
f 7225 7226 7227
f 7228 7229 7230
f 7231 7232 7233
f 7234 7235 7236
f 7237 7238 7239
f 7240 7241 7242
f 7243 7244 7245
f 7246 7247 7248
f 7249 7250 7251
f 7252 7253 7254
f 7255 7256 7257
f 7258 7259 7260
f 7261 7262 7263
f 7264 7265 7266
f 7267 7268 7269
f 7270 7271 7272
f 7273 7274 7275
f 7276 7277 7278
f 7279 7280 7281
f 7282 7283 7284
f 7284 7283 7285
f 7286 7287 7288
f 7289 7290 7291
f 7292 7293 7294
f 7295 7296 7297
f 7298 7299 7300
f 7301 7302 7303
f 7304 7305 7306
f 7307 7308 7309
f 7310 7311 7312
f 7313 7314 7315
f 7316 7317 7318
f 7319 7320 7321
f 7322 7323 7324
f 7325 7326 7327
f 7328 7329 7330
f 7331 7332 7333
f 7334 7335 7336
f 7337 7338 7339
f 7340 7341 7342
f 7343 7344 7345
f 7346 7347 7348
f 7349 7350 7351
f 7352 7353 7354
f 7355 7356 7357
f 7358 7359 7360
f 7361 7362 7363
f 7364 7365 7366
f 7367 7368 7369
f 7370 7371 7372
f 7373 7374 7375
f 7376 7377 7378
f 7378 7377 7379
f 7380 7381 7382
f 7383 7384 7385
f 7386 7387 7388
f 7389 7390 7391
f 7392 7393 7394
f 7395 7396 7397
f 7398 7399 7400
f 7401 7402 7403
f 7404 7405 7406
f 7407 7408 7409
f 7410 7411 7412
f 7413 7414 7415
f 7416 7417 7418
f 7419 7420 7421
f 7422 7423 7424
f 7425 7426 7427
f 7428 7429 7430
f 7431 7432 7433
f 7434 7435 7436
f 7437 7438 7439
f 7440 7441 7442
f 7443 7444 7445
f 7446 7447 7448
f 7449 7450 7451
f 7452 7453 7454
f 7455 7456 7457
f 7458 7459 7460
f 7461 7462 7463
f 7464 7465 7466
f 7467 7468 7469
f 7470 7471 7472
f 7473 7474 7475
f 7476 7477 7478
f 7479 7480 7481
f 7482 7483 7484
f 7485 7486 7487
f 7488 7489 7490
f 7491 7492 7493
f 7494 7495 7496
f 7497 7498 7499
f 7500 7501 7502
f 7503 7504 7505
f 7506 7507 7508
f 7509 7510 7511
f 7512 7513 7514
f 7515 7516 7517
f 7518 7519 7520
f 7521 7522 7523
f 7524 7525 7526
f 7527 7528 7529
f 7530 7531 7532
f 7533 7534 7535
f 7535 7534 7536
f 7536 7534 7537
f 7538 7539 7540
f 7541 7537 7542
f 7541 7542 7543
f 7543 7542 7544
f 7545 7546 7547
f 7548 7549 7550
f 7548 7550 7551
f 7552 7553 7554
f 7555 7556 7557
f 7550 7558 7559
f 7559 7558 7560
f 7561 7562 7563
f 7564 7565 7566
f 7567 7568 7569
f 7569 7568 7570
f 7571 7572 7557
f 7573 7570 7574
f 7575 7576 7577
f 7577 7576 7578
f 7577 7578 7579
f 7580 7581 7582
f 7582 7581 7583
f 7583 7581 7584
f 7585 7586 7587
f 7585 7587 7588
f 7588 7587 7589
f 7588 7589 7590
f 7590 7589 7591
f 7590 7591 7592
f 7592 7591 7593
f 7593 7591 7594
f 7593 7594 7567
f 7567 7594 7568
f 7579 7578 7595
f 7579 7595 7596
f 7596 7595 7597
f 7597 7595 7598
f 7597 7598 7580
f 7580 7598 7581
f 7599 7600 7601
f 7556 7602 7603
f 7604 7601 7605
f 7606 7607 7608
f 7609 7610 7611
f 7612 7613 7614
f 7615 7616 7617
f 7615 7617 7618
f 7618 7617 7619
f 7620 7621 7622
f 7623 7624 7625
f 7626 7627 7628
f 7544 7629 7630
f 7631 7628 7632
f 7633 7634 7635
f 7632 7636 7637
f 7575 7638 7576
f 7601 7639 7605
f 7605 7639 7640
f 7640 7639 7641
f 7640 7641 7642
f 7642 7641 7606
f 7606 7641 7607
f 7643 7644 7645
f 7622 7646 7647
f 7648 7645 7649
f 7647 7650 7651
f 7652 7653 7654
f 7652 7654 7655
f 7655 7654 7656
f 7656 7654 7657
f 7658 7659 7660
f 7533 7657 7534
f 7661 7662 7663
f 7664 7665 7666
f 7664 7666 7667
f 7668 7669 7670
f 7668 7670 7671
f 7672 7673 7674
f 7672 7674 7675
f 7676 7677 7678
f 7676 7678 7679
f 7680 7681 7682
f 7680 7682 7683
f 7684 7685 7686
f 7684 7686 7687
f 7688 7689 7690
f 7688 7690 7691
f 7692 7693 7694
f 7692 7694 7695
f 7696 7697 7698
f 7696 7698 7699
f 7700 7701 7702
f 7700 7702 7703
f 7704 7705 7706
f 7704 7706 7707
f 7708 7709 7710
f 7711 7712 7713
f 7714 7715 7716
f 7717 7718 7719
f 7720 7721 7722
f 7720 7722 7723
f 7724 7725 7726
f 7724 7726 7727
f 7728 7729 7730
f 7728 7730 7731
f 7732 7733 7734
f 7732 7734 7735
f 7736 7737 7738
f 7736 7738 7739
f 7740 7741 7742
f 7740 7742 7743
f 7744 7745 7746
f 7744 7746 7747
f 7748 7749 7750
f 7748 7750 7751
f 7752 7753 7754
f 7752 7754 7755
f 7756 7757 7758
f 7756 7758 7759
f 7760 7761 7762
f 7760 7762 7763
f 7764 7765 7766
f 7764 7766 7767
f 7768 7769 7770
f 7768 7770 7771
f 7772 7773 7774
f 7772 7774 7775
f 7776 7777 7778
f 7776 7778 7779
f 7780 7781 7782
f 7780 7782 7783
f 7784 7785 7786
f 7784 7786 7787
f 7788 7789 7790
f 7788 7790 7791
f 7792 7793 7794
f 7792 7794 7795
f 7796 7797 7798
f 7796 7798 7799
f 7800 7801 7802
f 7800 7802 7803
f 7804 7805 7806
f 7804 7806 7807
f 7808 7809 7810
f 7808 7810 7811
f 7812 7813 7814
f 7812 7814 7815
f 7816 7817 7818
f 7816 7818 7819
f 7820 7821 7822
f 7820 7822 7823
f 7824 7825 7826
f 7827 7828 7829
f 7830 7831 7832
f 7833 7834 7835
f 7836 7837 7838
f 7836 7838 7839
f 7840 7841 7842
f 7840 7842 7843
f 7661 7844 7662
f 7845 7846 7847
f 7848 7849 7850
f 7848 7850 7851
f 7852 7853 7854
f 7852 7854 7855
f 7856 7857 7858
f 7856 7858 7859
f 7860 7861 7862
f 7860 7862 7863
f 7864 7865 7866
f 7864 7866 7867
f 7868 7869 7870
f 7868 7870 7871
f 7872 7873 7874
f 7872 7874 7875
f 7876 7877 7878
f 7876 7878 7879
f 7880 7881 7882
f 7880 7882 7883
f 7884 7885 7886
f 7884 7886 7887
f 7888 7889 7890
f 7888 7890 7891
f 7892 7893 7894
f 7892 7894 7895
f 7896 7897 7898
f 7896 7898 7899
f 7900 7901 7902
f 7900 7902 7903
f 7904 7905 7906
f 7904 7906 7907
f 7908 7909 7910
f 7908 7910 7911
f 7912 7913 7914
f 7912 7914 7915
f 7916 7917 7918
f 7916 7918 7919
f 7920 7921 7922
f 7920 7922 7923
f 7924 7925 7926
f 7924 7926 7927
f 7928 7929 7930
f 7928 7930 7931
f 7932 7933 7934
f 7932 7934 7935
f 7936 7937 7938
f 7936 7938 7939
f 7940 7941 7942
f 7940 7942 7943
f 7944 7945 7946
f 7944 7946 7947
f 7948 7949 7950
f 7948 7950 7951
f 7952 7953 7954
f 7952 7954 7955
f 7956 7957 7958
f 7956 7958 7959
f 7960 7961 7962
f 7960 7962 7963
f 7964 7965 7966
f 7964 7966 7967
f 7968 7969 7970
f 7968 7970 7971
f 7972 7973 7974
f 7972 7974 7975
f 7976 7977 7978
f 7976 7978 7979
f 7980 7981 7982
f 7980 7982 7983
f 7984 7985 7986
f 7984 7986 7987
f 7988 7989 7990
f 7988 7990 7991
f 7992 7993 7994
f 7992 7994 7995
f 7996 7997 7998
f 7996 7998 7999
f 8000 8001 8002
f 8000 8002 8003
f 8004 8005 8006
f 8004 8006 8007
f 8008 8009 8010
f 8008 8010 8011
f 8012 8013 8014
f 8012 8014 8015
f 8016 8017 8018
f 8016 8018 8019
f 7845 8020 7846
f 8021 8022 8023
f 8023 8022 8024
f 8023 8024 8025
f 8025 8024 8026
f 8025 8026 8027
f 8027 8026 8028
f 8027 8028 8029
f 8029 8028 8030
f 8029 8030 8031
f 8031 8030 8032
f 8031 8032 8033
f 8033 8032 8034
f 8033 8034 8035
f 8035 8034 8036
f 8035 8036 8037
f 8037 8036 8038
f 8037 8038 8039
f 8039 8038 8040
f 8039 8040 8041
f 8041 8040 8042
f 8041 8042 8043
f 8043 8042 8044
f 8043 8044 8045
f 8045 8044 8046
f 8045 8046 8047
f 8047 8046 8048
f 8047 8048 8049
f 8049 8048 8050
f 8049 8050 8051
f 8051 8050 8052
f 8051 8052 8053
f 8053 8052 8054
f 8053 8054 8055
f 8055 8054 8056
f 8055 8056 8057
f 8057 8056 8058
f 8057 8058 8059
f 8059 8058 8060
f 8059 8060 8061
f 8061 8060 8062
f 8061 8062 8063
f 8063 8062 8064
f 8063 8064 8065
f 8065 8064 8066
f 8065 8066 8067
f 8067 8066 8068
f 8067 8068 8069
f 8069 8068 8070
f 8069 8070 8071
f 8071 8070 8072
f 8071 8072 8073
f 8073 8072 8074
f 8073 8074 8075
f 8075 8074 8076
f 8075 8076 8077
f 8077 8076 8078
f 8077 8078 8079
f 8079 8078 8080
f 8079 8080 8081
f 8081 8080 8082
f 8081 8082 8083
f 8083 8082 8084
f 8083 8084 8085
f 8085 8084 8086
f 8085 8086 8087
f 8087 8086 8088
f 8087 8088 8089
f 8089 8088 8090
f 8089 8090 8091
f 8091 8090 8092
f 8091 8092 8093
f 8093 8092 8094
f 8093 8094 8095
f 8095 8094 8096
f 8095 8096 8097
f 8097 8096 8098
f 8097 8098 8099
f 8099 8098 8100
f 8099 8100 8101
f 8101 8100 8102
f 8101 8102 8103
f 8103 8102 8104
f 8103 8104 8105
f 8105 8104 8106
f 8105 8106 8107
f 8107 8106 8021
f 8107 8021 8023
f 8108 8109 8110
f 8111 8112 8113
f 8114 8115 8116
f 8117 8118 8119
f 8120 8121 8122
f 8123 8124 8125
f 8126 8127 8128
f 8129 8130 8131
f 8132 8133 8134
f 8135 8136 8137
f 8138 8139 8140
f 8141 8142 8143
f 8144 8145 8146
f 8147 8148 8149
f 8150 8151 8152
f 8153 8154 8155
f 8156 8157 8158
f 8159 8160 8161
f 8162 8163 8164
f 8165 8166 8167
f 8168 8169 8170
f 8171 8172 8173
f 8174 8175 8176
f 8177 8178 8179
f 8180 8181 8182
f 8183 8184 8185
f 8186 8187 8188
f 8189 8190 8191
f 8192 8193 8194
f 8195 8196 8197
f 8198 8199 8200
f 8201 8202 8203
f 8204 8205 8206
f 8207 8208 8209
f 8210 8211 8212
f 8213 8214 8215
f 8216 8217 8218
f 8219 8220 8221
f 8222 8223 8224
f 8225 8226 8227
f 8228 8229 8230
f 8231 8232 8233
f 8234 8235 8236
f 8237 8238 8239
f 8240 8241 8242
f 8243 8244 8245
f 8246 8247 8248
f 8249 8250 8251
f 8252 8253 8254
f 8255 8256 8257
f 8258 8259 8260
f 8261 8262 8263
f 8264 8265 8266
f 8267 8268 8269
f 8270 8271 8272
f 8273 8274 8275
f 8276 8277 8278
f 8279 8280 8281
f 8282 8283 8284
f 8285 8286 8287
f 8288 8289 8290
f 8291 8292 8293
f 8294 8295 8296
f 8297 8298 8299
f 8300 8301 8302
f 8303 8304 8305
f 8306 8307 8308
f 8309 8310 8311
f 8312 8313 8314
f 8315 8316 8317
f 8318 8319 8320
f 8321 8322 8323
f 8324 8325 8326
f 8327 8328 8329
f 8330 8331 8332
f 8333 8334 8335
f 8336 8337 8338
f 8339 8340 8341
f 8342 8343 8344
f 8345 8346 8347
f 8348 8349 8350
f 8351 8352 8353
f 8354 8355 8356
f 8357 8358 8359
f 8360 8361 8362
f 8363 8364 8365
f 8366 8367 8368
f 8369 8370 8371
f 8372 8373 8374
f 8375 8376 8377
f 8378 8379 8380
f 8381 8382 8383
f 8384 8385 8386
f 8387 8388 8389
f 8390 8391 8392
f 8393 8394 8395
f 8396 8397 8398
f 8399 8400 8401
f 8402 8403 8404
f 8405 8406 8407
f 8408 8409 8410
f 8411 8412 8413
f 8414 8415 8416
f 8417 8418 8419
f 8420 8421 8422
f 8423 8424 8425
f 8426 8427 8428
f 8429 8430 8431
f 8432 8433 8434
f 8435 8436 8437
f 8438 8439 8440
f 8441 8442 8443
f 8444 8445 8446
f 8447 8448 8449
f 8450 8451 8452
f 8453 8454 8455
f 8456 8457 8458
f 8459 8460 8461
f 8462 8463 8464
f 8465 8466 8467
f 8468 8469 8470
f 8471 8472 8473
f 8474 8475 8476
f 8477 8478 8479
f 8480 8481 8482
f 8483 8484 8485
f 8486 8487 8488
f 8489 8490 8491
f 8492 8493 8494
f 8495 8496 8497
f 8498 8499 8500
f 8501 8502 8503
f 8504 8505 8506
f 8507 8508 8509
f 8510 8511 8512
f 8513 8514 8515
f 8516 8517 8518
f 8519 8520 8521
f 8522 8523 8524
f 8525 8526 8527
f 8528 8529 8530
f 8531 8532 8533
f 8534 8535 8536
f 8537 8538 8539
f 8540 8541 8542
f 8543 8544 8545
f 8546 8547 8548
f 8549 8550 8551
f 8552 8553 8554
f 8555 8556 8557
f 8558 8559 8560
f 8561 8562 8563
f 8564 8565 8566
f 8567 8568 8569
f 8570 8571 8572
f 8573 8574 8575
f 8576 8577 8578
f 8579 8580 8581
f 8582 8583 8584
f 8585 8586 8587
f 8588 8589 8590
f 8591 8592 8593
f 8594 8595 8596
f 8597 8598 8599
f 8600 8601 8602
f 8603 8604 8605
f 8606 8607 8608
f 8609 8600 8602
f 8610 8611 8612
f 8613 8614 8615
f 8616 8617 8618
f 8619 8620 8621
f 8622 8623 8624
f 8625 8626 8627
f 8628 8629 8630
f 8631 8632 8633
f 8634 8635 8636
f 8637 8638 8639
f 8640 8641 8642
f 8643 8644 8645
f 8646 8647 8648
f 8649 8650 8651
f 8652 8653 8654
f 8655 8656 8657
f 8658 8659 8660
f 8661 8662 8663
f 8664 8665 8666
f 8667 8668 8669
f 8670 8671 8672
f 8673 8674 8675
f 8676 8677 8678
f 8679 8680 8681
f 8682 8683 8684
f 8685 8686 8687
f 8688 8689 8690
f 8691 8692 8693
f 8694 8695 8696
f 8697 8698 8699
f 8700 8701 8702
f 8703 8704 8705
f 8706 8707 8708
f 8709 8710 8711
f 8712 8713 8714
f 8715 8716 8717
f 8718 8719 8720
f 8721 8722 8723
f 8724 8725 8726
f 8727 8728 8729
f 8730 8731 8732
f 8733 8734 8735
f 8736 8737 8738
f 8739 8712 8714
f 8740 8741 8742
f 8743 8744 8745
f 8746 8747 8748
f 8749 8750 8751
f 8752 8753 8754
f 8755 8756 8757
f 8758 8759 8760
f 8761 8762 8763
f 8764 8765 8766
f 8767 8768 8769
f 8770 8771 8772
f 8773 8774 8775
f 8776 8777 8778
f 8779 8780 8781
f 8782 8783 8784
f 8785 8786 8787
f 8788 8789 8790
f 8791 8792 8793
f 8794 8795 8796
f 8797 8798 8799
f 8800 8801 8802
f 8803 8804 8805
f 8806 8807 8808
f 8809 8810 8811
f 8812 8813 8814
f 8815 8816 8817
f 8818 8819 8820
f 8821 8822 8823
f 8824 8825 8826
f 8827 8828 8829
f 8830 8831 8832
f 8833 8834 8835
f 8836 8837 8838
f 8839 8840 8841
f 8842 8843 8844
f 8845 8846 8847
f 8848 8849 8850
f 8851 8852 8853
f 8854 8855 8856
f 8857 8858 8859
f 8860 8861 8862
f 8863 8864 8865
f 8866 8867 8868
f 8869 8870 8871
f 8872 8873 8874
f 8875 8876 8877
f 8878 8879 8880
f 8881 8882 8883
f 8884 8885 8886
f 8887 8888 8889
f 8890 8891 8892
f 8893 8894 8895
f 8896 8897 8898
f 8899 8900 8901
f 8902 8903 8904
f 8905 8906 8907
f 8908 8909 8910
f 8911 8912 8913
f 8914 8915 8916
f 8917 8918 8919
f 8920 8921 8922
f 8923 8924 8925
f 8926 8927 8928
f 8929 8930 8931
f 8932 8933 8934
f 8935 8936 8937
f 8938 8939 8940
f 8941 8942 8943
f 8944 8945 8946
f 8947 8948 8949
f 8950 8951 8952
f 8953 8954 8955
f 8956 8957 8958
f 8959 8960 8961
f 8962 8963 8964
f 8965 8966 8967
f 8968 8969 8970
f 8971 8972 8973
f 8974 8975 8976
f 8977 8978 8979
f 8980 8981 8982
f 8983 8984 8985
f 8986 8987 8988
f 8989 8990 8991
f 8992 8993 8994
f 8995 8996 8997
f 8998 8999 9000
f 9001 9002 9003
f 9004 9005 9006
f 9007 9008 9009
f 9010 9011 9012
f 9013 9014 9015
f 9016 9017 9018
f 9019 9020 9021
f 9022 9023 9024
f 9025 9026 9027
f 9028 8657 8656
f 9029 9030 9031
f 9032 9033 9034
f 9035 9036 9037
f 9038 9039 9040
f 9041 9042 9043
f 9044 9045 9046
f 9047 9048 8662
f 9049 9050 9051
f 9052 9053 9054
f 9055 9056 9057
f 8666 9058 8664
f 9059 9060 9061
f 9062 9063 9064
f 9065 9066 9067
f 9068 9069 9070
f 9071 9072 9073
f 9074 9075 9076
f 9077 9078 9079
f 9080 9081 9082
f 9083 9084 9085
f 9086 9087 9088
f 9089 9090 9091
f 9092 9093 9094
f 9095 9096 9097
f 9098 9099 9100
f 9101 9102 9103
f 9104 9105 9106
f 9107 9108 9109
f 9110 9111 9112
f 9113 9114 9115
f 9116 9117 9118
f 9119 9120 9121
f 9122 9123 9124
f 9125 9126 9127
f 9128 9129 9130
f 9131 9132 9133
f 9134 9135 9136
f 9137 9138 9139
f 9140 9141 9142
f 9143 9144 9145
f 9146 9147 9148
f 9149 8835 8834
f 9150 9151 9152
f 9153 9154 9155
f 9156 9157 9158
f 9159 9160 9161
f 9162 9163 9164
f 9165 9166 9167
f 9168 9169 9170
f 9171 9172 9173
f 9174 9175 9176
f 9177 9178 9179
f 8850 9180 8848
f 9181 9182 9183
f 9184 9185 9186
f 9187 9188 9189
f 9190 9191 9192
f 9193 9194 9195
f 9196 9197 9198
f 9199 9200 9201
f 9202 9203 9204
f 9205 9206 9207
f 9208 9209 9210
f 9211 9212 9213
f 9214 9215 9216
f 9217 9218 9219
f 9220 9221 9222
f 9223 9224 9225
f 9226 9227 9228
f 9229 9230 9231
f 9232 9233 9234
f 9235 9236 9237
f 9238 9239 9240
f 9241 9242 9243
f 9244 9245 9246
f 9247 9248 9249
f 9250 9251 9252
f 9253 9254 9255
f 9256 9257 9258
f 9259 9260 9261
f 9262 9263 9264
f 9265 9266 9267
f 9268 9269 9270
f 9271 9272 9273
f 9274 9275 9276
f 9277 9278 9279
f 9279 9278 9280
f 9281 9282 9283
f 9284 9285 9286
f 9287 9288 9289
f 9290 9291 9292
f 9293 9294 9295
f 9296 9297 9298
f 9299 9300 9301
f 9301 9300 9302
f 9303 9304 9305
f 9306 9307 9308
f 9309 9310 9311
f 9312 9313 9314
f 9315 9316 9317
f 9318 9319 9320
f 9321 9322 9323
f 9324 9325 9326
f 9327 9328 9329
f 9330 9331 9332
f 9333 9334 9335
f 9336 9337 9338
f 9339 9340 9341
f 9342 9343 9344
f 9345 9346 9347
f 9345 9347 9348
f 9349 9350 9351
f 9352 9353 9354
f 9355 9356 9357
f 9358 9359 9360
f 9361 9362 9363
f 9364 9365 9366
f 9367 9368 9369
f 9370 9371 9372
f 9373 9374 9375
f 9376 9377 9378
f 9379 9380 9381
f 9382 9383 9384
f 9385 9386 9387
f 9388 9389 9390
f 9391 9392 9393
f 9394 9395 9396
f 9397 9398 9399
f 9400 9401 9402
f 9403 9404 9405
f 9406 9407 9408
f 9409 9410 9411
f 9412 9413 9414
f 9415 9416 9417
f 9418 9419 9420
f 9421 9422 9423
f 9424 9425 9426
f 9427 9428 9429
f 9430 9431 9432
f 9433 9434 9435
f 9436 9437 9438
f 9439 9440 9441
f 9442 9443 9444
f 9445 9446 9447
f 9448 9449 9450
f 9451 9452 9453
f 9453 9452 9454
f 9455 9456 9457
f 9458 9459 9460
f 9461 9462 9463
f 9464 9465 9466
f 9467 9468 9469
f 9470 9471 9472
f 9473 9474 9475
f 9476 9477 9478
f 9479 9480 9481
f 9482 9483 9484
f 9485 9486 9487
f 9488 9489 9490
f 9491 9492 9493
f 9493 9492 9494
f 9495 9496 9497
f 9498 9499 9500
f 9501 9502 9503
f 9504 9505 9506
f 9507 9508 9509
f 9510 9511 9512
f 9513 9514 9515
f 9515 9514 9516
f 9517 9518 9519
f 9520 9521 9522
f 9523 9524 9525
f 9526 9527 9528
f 9529 9530 9531
f 9532 9533 9534
f 9535 9536 9537
f 9538 9539 9540
f 9541 9542 9543
f 9544 9545 9546
f 9547 9548 9549
f 9550 9551 9552
f 9553 9554 9555
f 9555 9554 9556
f 9557 9558 9559
f 9557 9559 9560
f 9561 9562 9563
f 9564 9565 9566
f 9567 9568 9569
f 9570 9571 9572
f 9573 9574 9575
f 9576 9577 9578
f 9579 9580 9581
f 9582 9583 9584
f 9585 9586 9587
f 9588 9589 9590
f 9591 9592 9593
f 9594 9595 9596
f 9597 9598 9599
f 9600 9601 9602
f 9603 9604 9605
f 9606 9607 9608
f 9609 9610 9611
f 9612 9613 9614
f 9615 9616 9617
f 9618 9619 9620
f 9621 9622 9623
f 9624 9625 9626
f 9627 9628 9629
f 9630 9631 9632
f 9633 9634 9635
f 9636 9637 9638
f 9639 9640 9641
f 9642 9643 9644
f 9645 9646 9647
f 9648 9649 9650
f 9651 9652 9653
f 9654 9655 9656
f 9657 9658 9659
f 9660 9661 9662
f 9663 9664 9665
f 9666 9667 9668
f 9669 9670 9671
f 9672 9673 9674
f 9675 9676 9677
f 9678 9679 9680
f 9681 9682 9683
f 9684 9685 9686
f 9687 9688 9689
f 9690 9691 9692
f 9693 9694 9695
f 9696 9697 9698
f 9699 9700 9701
f 9702 9703 9704
f 9705 9706 9707
f 9708 9709 9710
f 9711 9712 9713
f 9714 9715 9716
f 9717 9718 9719
f 9720 9721 9722
f 9723 9724 9725
f 9726 9727 9728
f 9729 9730 9731
f 9732 9733 9734
f 9735 9736 9737
f 9738 9739 9740
f 9741 9742 9743
f 9744 9745 9746
f 9747 9748 9749
f 9750 9751 9752
f 9753 9754 9755
f 9756 9757 9758
f 9759 9760 9761
f 9762 9763 9764
f 9765 9766 9767
f 9768 9769 9770
f 9771 9772 9773
f 9774 9775 9776
f 9777 9778 9779
f 9780 9781 9782
f 9783 9784 9785
f 9786 9787 9788
f 9789 9790 9791
f 9792 9793 9794
f 9795 9796 9797
f 9798 9799 9800
f 9801 9802 9803
f 9804 9805 9806
f 9807 9808 9809
f 9810 9811 9812
f 9813 9814 9815
f 9816 9817 9818
f 9819 9820 9821
f 9822 9823 9824
f 9825 9826 9827
f 9828 9829 9830
f 9831 9832 9833
f 9834 9835 9836
f 9837 9838 9839
f 9840 9841 9842
f 9843 9844 9845
f 9846 9847 9848
f 9849 9850 9851
f 9852 9853 9854
f 9855 9856 9857
f 9858 9859 9860
f 9861 9862 9863
f 9864 9865 9866
f 9867 9868 9869
f 9870 9871 9872
f 9873 9874 9875
f 9876 9877 9878
f 9879 9880 9881
f 9882 9883 9884
f 9885 9886 9887
f 9888 9889 9890
f 9891 9892 9893
f 9894 9895 9896
f 9897 9898 9899
f 9900 9901 9902
f 9903 9904 9905
f 9906 9907 9908
f 9909 9910 9911
f 9912 9913 9914
f 9915 9916 9917
f 9918 9919 9920
f 9921 9922 9923
f 9924 9925 9926
f 9927 9928 9929
f 9930 9931 9932
f 9933 9934 9935
f 9936 9937 9938
f 9939 9940 9941
f 9942 9943 9944
f 9945 9946 9947
f 9948 9949 9950
f 9951 9952 9953
f 9954 9955 9956
f 9957 9958 9959
f 9960 9961 9962
f 9963 9964 9965
f 9966 9967 9968
f 9969 9970 9971
f 9972 9973 9974
f 9975 9976 9977
f 9978 9979 9980
f 9981 9982 9983
f 9984 9985 9986
f 9987 9988 9989
f 9990 9991 9992
f 9993 9994 9995
f 9996 9997 9998
f 9999 10000 10001
f 10002 10003 10004
f 10005 10006 10007
f 10008 10009 10010
f 10011 10012 10013
f 10014 10015 10016
f 10017 10018 10019
f 10020 10021 10022
f 10023 10024 10025
f 10026 10027 10028
f 10029 10030 10031
f 10032 10033 10034
f 10035 10036 10037
f 10038 10039 10040
f 10041 10042 10043
f 10044 10045 10046
f 10047 10048 10049
f 10050 10051 10052
f 10053 10054 10055
f 10056 10057 10058
f 10059 10060 10061
f 10062 10063 10064
f 10065 10066 10067
f 10068 10069 10070
f 10071 10072 10073
f 10074 10075 10076
f 10077 10078 10079
f 10080 10081 10082
f 10083 10084 10085
f 10086 10087 10088
f 10085 10089 10090
f 10085 10090 10083
f 10091 10092 10093
f 10094 10095 10096
f 10097 10098 10099
f 10100 10101 10102
f 10103 10104 10105
f 10106 10107 10108
f 10109 10110 10111
f 10112 10113 10114
f 10115 10116 10117
f 10118 10119 10120
f 10121 10122 10123
f 10124 10125 10126
f 10127 10128 10129
f 10130 10131 10132
f 10133 10134 10135
f 10136 10137 10138
f 10139 10140 10141
f 10142 10143 10144
f 10145 10146 10147
f 10148 10149 10150
f 10151 10152 10153
f 10154 10155 10156
f 10157 10158 10159
f 10160 10161 10162
f 10163 10164 10165
f 10166 10167 10168
f 10169 10170 10171
f 10172 10173 10174
f 10175 10176 10177
f 10178 10179 10180
f 10181 10182 10183
f 10184 10185 10186
f 10187 10188 10189
f 10190 10191 10192
f 10193 10194 10195
f 10196 10197 10198
f 10199 10200 10201
f 10202 10203 10204
f 10205 10206 10207
f 10208 9941 9940
f 10209 10210 10211
f 10212 10213 10214
f 10215 10216 10217
f 10218 10219 10220
f 10221 10222 10223
f 10224 10225 10226
f 10227 10228 10229
f 10230 10231 10232
f 10233 10234 10235
f 10236 10237 10238
f 10239 10240 10241
f 10242 10243 10244
f 10245 10246 10247
f 10248 10249 10250
f 10251 10252 10253
f 10253 10252 10254
f 10255 10256 10257
f 10257 10256 10258
f 10259 10260 10261
f 10261 10260 10262
f 10263 10264 10265
f 10265 10264 10266
f 10267 10268 10269
f 10269 10268 10270
f 10271 10272 10273
f 10274 10275 10276
f 10277 10278 10279
f 10280 10281 10282
f 10283 10284 10285
f 10285 10284 10286
f 10287 10288 10289
f 10289 10288 10290
f 10291 10292 10293
f 10294 10295 10296
f 10297 10298 10299
f 10299 10298 10300
f 10301 10302 10303
f 10303 10302 10304
f 10305 10306 10307
f 10307 10306 10308
f 10309 10310 10311
f 10311 10310 10312
f 10313 10314 10315
f 10315 10314 10316
f 10317 10318 10319
f 10319 10318 10320
f 10321 10322 10323
f 10323 10322 10324
f 10325 10326 10327
f 10327 10326 10328
f 10329 10330 10331
f 10331 10330 10332
f 10333 10334 10335
f 10336 10337 10338
f 10339 10340 10341
f 10342 10343 10344
f 10345 10346 10347
f 10347 10346 10348
f 10349 10350 10351
f 10351 10350 10352
f 10353 10354 10355
f 10355 10354 10356
f 10357 10358 10359
f 10359 10358 10360
f 10361 10362 10363
f 10363 10362 10364
f 10365 10366 10367
f 10367 10366 10368
f 10369 10370 10371
f 10372 10373 10374
f 10375 10376 10377
f 10378 10379 10380
f 10381 10382 10383
f 10383 10382 10384
f 10385 10386 10387
f 10388 10389 10390
f 10391 10392 10393
f 10393 10392 10394
f 10395 10396 10397
f 10398 10399 10400
f 10401 10402 10403
f 10403 10402 10404
f 10405 10406 10407
f 10407 10406 10408
f 10409 10410 10411
f 10411 10410 10412
f 10413 10414 10415
f 10416 10417 10418
f 10419 10420 10421
f 10421 10420 10422
f 10423 10424 10425
f 10426 10427 10428
f 10429 10430 10431
f 10432 10433 10434
f 10435 10436 10437
f 10437 10436 10438
f 10439 10440 10441
f 10442 10443 10444
f 10445 10446 10447
f 10447 10446 10448
f 10449 10450 10451
f 10452 10453 10454
f 10455 10456 10457
f 10457 10456 10458
f 10459 10460 10461
f 10462 10463 10464
f 10465 10466 10467
f 10467 10466 10468
f 10469 10470 10471
f 10471 10470 10472
f 10473 10474 10475
f 10475 10474 10476
f 10477 10478 10479
f 10479 10478 10480
f 10481 10482 10483
f 10483 10482 10484
f 10485 10486 10487
f 10487 10486 10488
f 10489 10490 10491
f 10491 10490 10492
f 10493 10494 10495
f 10495 10494 10496
f 10497 10498 10499
f 10499 10498 10500
f 10501 10502 10503
f 10503 10502 10504
f 10505 10506 10507
f 10507 10506 10508
f 10509 10510 10511
f 10512 10513 10514
f 10515 10516 10517
f 10517 10516 10518
f 10519 10520 10521
f 10522 10523 10524
f 10525 10526 10527
f 10528 10529 10530
f 10531 10532 10533
f 10534 10535 10536
f 10537 10538 10539
f 10540 10541 10542
f 10540 10542 10543
f 10544 10545 10546
f 10547 10548 10549
f 10550 10551 10552
f 10553 10554 10555
f 10556 10557 10558
f 10559 10560 10561
f 10562 10563 10564
f 10565 10566 10567
f 10568 10569 10570
f 10568 10570 10571
f 10572 10573 10574
f 10575 10576 10577
f 10578 10579 10580
f 10581 10582 10583
f 10584 10585 10586
f 10587 10588 10589
f 10590 10591 10592
f 10593 10594 10595
f 10596 10597 10598
f 10599 10600 10601
f 10602 10603 10604
f 10605 10606 10607
f 10608 10609 10610
f 10608 10610 10611
f 10612 10613 10614
f 10612 10614 10615
f 10616 10617 10618
f 10619 10620 10621
f 10622 10623 10624
f 10625 10626 10627
f 10628 10629 10630
f 10631 10632 10633
f 10634 10635 10636
f 10637 10638 10639
f 10640 10641 10642
f 10643 10644 10645
f 10646 10647 10648
f 10649 10650 10651
f 10652 10653 10654
f 10655 10656 10657
f 10658 10659 10660
f 10661 10662 10663
f 10664 10665 10666
f 10667 10668 10669
f 10670 10671 10672
f 10673 10674 10675
f 10676 10677 10678
f 10679 10680 10681
f 10682 10683 10684
f 10685 10686 10687
f 10688 10689 10690
f 10691 10692 10693
f 10694 10695 10696
f 10697 10698 10699
f 10700 10701 10702
f 10703 10704 10705
f 10706 10707 10708
f 10709 10710 10711
f 10712 10713 10714
f 10715 10716 10717
f 10718 10719 10720
f 10721 10722 10723
f 10724 10725 10726
f 10727 10728 10729
f 10730 10731 10732
f 10733 10734 10735
f 10736 10737 10738
f 10739 10740 10741
f 10742 10743 10744
f 10745 10746 10747
f 10748 10749 10750
f 10751 10752 10753
f 10754 10755 10756
f 10757 10758 10759
f 10760 10761 10762
f 10763 10764 10765
f 10766 10767 10768
f 10769 10770 10771
f 10772 10773 10774
f 10775 10776 10777
f 10778 10779 10780
f 10781 10782 10783
f 10784 10785 10786
f 10787 10788 10789
f 10787 10789 10790
f 10791 10792 10793
f 10794 10795 10796
f 10797 10798 10799
f 10797 10799 10800
f 10801 10802 10803
f 10804 10805 10806
f 10807 10808 10809
f 10810 10811 10812
f 10813 10814 10815
f 10816 10817 10818
f 10819 10820 10821
f 10822 10816 10818
f 10823 10824 10825
f 10826 10827 10828
f 10829 10830 10831
f 10832 10833 10834
f 10835 10836 10837
f 10838 10839 10840
f 10841 10842 10843
f 10844 10845 10846
f 10847 10848 10849
f 10850 10851 10852
f 10853 10854 10855
f 10856 10857 10858
f 10859 10860 10861
f 10862 10863 10864
f 10865 10866 10867
f 10868 10869 10870
f 10871 10872 10873
f 10874 10875 10876
f 10877 10878 10879
f 10877 10879 10880
f 10881 10882 10883
f 10884 10885 10886
f 10887 10888 10889
f 10890 10891 10892
f 10893 10894 10895
f 10896 10897 10898
f 10899 10900 10901
f 10902 10903 10904
f 10905 10906 10907
f 10908 10909 10910
f 10911 10912 10913
f 10914 10915 10916
f 10917 10918 10919
f 10920 10921 10922
f 10923 10924 10925
f 10926 10927 10928
f 10929 10930 10931
f 10932 10933 10934
f 10935 10936 10937
f 10938 10939 10940
f 10941 10942 10943
f 10944 10945 10946
f 10947 10948 10949
f 10950 10951 10952
f 10953 10954 10955
f 10956 10957 10958
f 10959 10960 10961
f 10962 10963 10964
f 10965 10966 10967
f 10968 10969 10970
f 10971 10972 10973
f 10974 10975 10976
f 10977 10978 10979
f 10980 10981 10982
f 10759 10983 10757
f 10984 10985 10986
f 10987 10988 10989
f 10990 10991 10992
f 10993 10994 10995
f 10996 10997 10998
f 10999 11000 11001
f 11002 11003 11004
f 11005 11006 11007
f 11008 11009 11010
f 11011 11012 11013
f 11014 11015 11016
f 11017 11018 11019
f 11020 11021 11022
f 11023 11024 11025
f 11019 11026 11017
f 11027 11028 11029
f 10790 11030 10787
f 11031 11032 11033
f 11034 11035 11036
f 11037 11038 11039
f 11040 11041 11042
f 11043 11044 11045
f 11046 11047 11048
f 11049 10815 10814
f 11050 11051 11052
f 11053 11054 11055
f 11056 11057 11058
f 11059 11060 11061
f 11062 11063 11064
f 11065 11066 11067
f 11068 11069 11070
f 11071 11072 11073
f 11074 11075 11076
f 11077 11078 11079
f 11080 11081 11082
f 11083 11084 11085
f 11086 11087 11088
f 11089 11090 11091
f 11092 11093 11094
f 11095 11096 11097
f 11098 11099 11100
f 11101 11102 11103
f 11104 11105 11106
f 11107 10859 10861
f 11107 10861 11108
f 11109 11110 11111
f 11112 11107 11108
f 11113 11114 11115
f 11116 11117 11118
f 11119 11120 11121
f 11122 11123 11124
f 11125 11126 11127
f 11128 11129 11130
f 11131 11132 11133
f 11134 11135 11136
f 11137 11138 11139
f 11140 11141 11142
f 11143 11144 11145
f 11145 11144 11146
f 11147 11148 11149
f 11150 11151 11152
f 11153 11154 11155
f 11156 11157 11158
f 11159 11160 11161
f 11162 11163 11164
f 11165 11166 11167
f 11168 11169 11170
f 11171 11172 11173
f 11174 11175 11176
f 11177 11178 11179
f 11180 11181 11182
f 11183 11184 11185
f 11186 11187 11188
f 11189 11190 11191
f 11192 11193 11194
f 11195 11196 11197
f 11197 11196 11198
f 11199 11200 11201
f 11201 11200 11202
f 11203 11204 11205
f 11206 11207 11208
f 11209 11210 11211
f 11212 11213 11214
f 11215 11216 11217
f 11218 11219 11220
f 11221 11222 11223
f 11223 11222 11224
f 11225 11226 11227
f 11228 11229 11230
f 11231 11232 11233
f 11234 11235 11236
f 11237 11238 11239
f 11240 11241 11242
f 11243 11244 11245
f 11246 11247 11248
f 11249 11250 11251
f 11251 11250 11252
f 11253 11254 11255
f 11256 11257 11258
f 11259 11260 11261
f 11262 11263 11264
f 11265 11266 11267
f 11268 11269 11270
f 11271 11272 11273
f 11271 11273 11274
f 11275 11276 11277
f 11278 11279 11280
f 11281 11282 11283
f 11284 11285 11286
f 11287 11288 11289
f 11290 11291 11292
f 11293 11294 11295
f 11296 11297 11298
f 11299 11300 11301
f 11302 11303 11304
f 11305 11306 11307
f 11308 11309 11310
f 11311 11312 11313
f 11314 11315 11316
f 11317 11318 11319
f 11320 11321 11322
f 11323 11324 11325
f 11326 11327 11328
f 11329 11330 11331
f 11332 11333 11334
f 11335 11336 11337
f 11338 11339 11340
f 11341 11342 11343
f 11344 11345 11346
f 11347 11348 11349
f 11350 11351 11352
f 11353 11354 11355
f 11356 11357 11358
f 11359 11360 11361
f 11362 11363 11364
f 11365 11366 11367
f 11368 11369 11370
f 11371 11372 11373
f 11374 11375 11376
f 11377 11378 11379
f 11380 11381 11382
f 11383 11384 11385
f 11386 11387 11388
f 11389 11390 11391
f 11392 11393 11394
f 11395 11396 11397
f 11398 11399 11400
f 11401 11402 11403
f 11404 11405 11406
f 11407 11408 11409
f 11410 11411 11412
f 11413 11414 11415
f 11416 11417 11418
f 11419 11420 11421
f 11421 11420 11422
f 11423 11424 11425
f 11426 11427 11428
f 11429 11430 11431
f 11432 11433 11434
f 11435 11436 11437
f 11438 11439 11440
f 11441 11442 11443
f 11444 11445 11446
f 11447 11448 11449
f 11450 11451 11452
f 11453 11454 11455
f 11456 11457 11458
f 11459 11460 11461
f 11462 11463 11464
f 11465 11466 11467
f 11468 11469 11470
f 11471 11472 11473
f 11474 11475 11476
f 11477 11478 11479
f 11480 11481 11482
f 11483 11484 11485
f 11486 11487 11488
f 11489 11490 11491
f 11492 11493 11494
f 11495 11496 11497
f 11498 11499 11500
f 11501 11502 11503
f 11504 11505 11506
f 11507 11508 11509
f 11510 11511 11512
f 11513 11514 11515
f 11516 11517 11518
f 11519 11520 11521
f 11522 11523 11524
f 11525 11526 11527
f 11528 11529 11530
f 11531 11532 11533
f 11534 11535 11536
f 11537 11538 11539
f 11540 11541 11542
f 11543 11544 11545
f 11546 11547 11548
f 11549 11550 11551
f 11552 11553 11554
f 11555 11556 11557
f 11558 11559 11560
f 11561 11562 11563
f 11564 11565 11566
f 11567 11568 11569
f 11570 11571 11572
f 11573 11574 11575
f 11576 11577 11578
f 11579 11580 11581
f 11582 11583 11584
f 11585 11586 11587
f 11588 11589 11590
f 11591 11592 11593
f 11594 11595 11596
f 11597 11598 11599
f 11600 11601 11602
f 11603 11604 11605
f 11606 11607 11608
f 11609 11610 11611
f 11612 11613 11614
f 11615 11616 11617
f 11618 11619 11620
f 11621 11622 11623
f 11624 11625 11626
f 11627 11628 11629
f 11630 11631 11632
f 11633 11634 11635
f 11636 11637 11638
f 11639 11640 11641
f 11642 11643 11644
f 11645 11646 11647
f 11648 11649 11650
f 11651 11652 11653
f 11654 11655 11656
f 11657 11658 11659
f 11660 11661 11662
f 11663 11664 11665
f 11666 11667 11668
f 11669 11670 11671
f 11672 11673 11674
f 11675 11676 11677
f 11678 11679 11680
f 11681 11682 11683
f 11684 11685 11686
f 11687 11688 11689
f 11690 11691 11692
f 11693 11694 11695
f 11696 11697 11698
f 11699 11700 11701
f 11702 11703 11704
f 11705 11706 11707
f 11708 11709 11710
f 11711 11712 11713
f 11714 11715 11716
f 11717 11718 11719
f 11720 11721 11722
f 11723 11724 11725
f 11726 11727 11728
f 11729 11730 11731
f 11732 11733 11734
f 11735 11736 11737
f 11738 11739 11740
f 11741 11742 11743
f 11744 11745 11746
f 11747 11748 11749
f 11750 11751 11752
f 11753 11754 11755
f 11756 11757 11758
f 11759 11760 11761
f 11762 11763 11764
f 11765 11766 11767
f 11768 11769 11770
f 11771 11772 11773
f 11774 11775 11776
f 11777 11778 11779
f 11780 11781 11782
f 11783 11784 11785
f 11786 11787 11788
f 11789 11790 11791
f 11792 11793 11794
f 11795 11796 11797
f 11798 11799 11800
f 11801 11802 11803
f 11804 11805 11806
f 11807 11808 11809
f 11810 11811 11812
f 11813 11814 11815
f 11816 11817 11818
f 11819 11820 11821
f 11822 11823 11824
f 11825 11826 11827
f 11828 11829 11830
f 11831 11832 11833
f 11834 11835 11836
f 11837 11838 11839
f 11840 11841 11842
f 11843 11844 11845
f 11846 11847 11848
f 11849 11850 11851
f 11852 11853 11854
f 11855 11856 11857
f 11858 11859 11860
f 11861 11862 11863
f 11864 11865 11866
f 11867 11868 11869
f 11870 11871 11872
f 11873 11874 11875
f 11876 11877 11878
f 11879 11880 11881
f 11882 11883 11884
f 11885 11886 11887
f 11888 11889 11890
f 11891 11892 11893
f 11894 11895 11896
f 11897 11898 11899
f 11900 11901 11902
f 11903 11904 11905
f 11906 11907 11908
f 11909 11910 11911
f 11912 11913 11914
f 11915 11916 11917
f 11918 11919 11920
f 11921 11922 11923
f 11924 11925 11926
f 11927 11928 11929
f 11930 11931 11932
f 11933 11934 11935
f 11936 11937 11938
f 11939 11940 11941
f 11942 11943 11944
f 11945 11946 11947
f 11948 11949 11950
f 11951 11952 11953
f 11954 11955 11956
f 11957 11958 11959
f 11960 11961 11962
f 11963 11964 11965
f 11966 11563 11562
f 11967 11968 11969
f 11970 11971 11972
f 11973 11974 11975
f 11976 11564 11566
f 11977 11978 11979
f 11980 11981 11982
f 11983 11984 11985
f 11986 11987 11988
f 11989 11990 11991
f 11992 11993 11994
f 11995 11996 11997
f 11998 11999 12000
f 12001 12002 12003
f 12004 12005 12006
f 12007 12008 12009
f 12010 12011 12012
f 12013 12014 12015
f 12016 12017 12018
f 12019 12020 12021
f 12022 12023 12024
f 12025 12026 12027
f 12028 12029 12030
f 12031 12032 12033
f 12034 12035 12036
f 12037 12038 12039
f 12040 12041 12042
f 12043 12044 12045
f 12046 12047 12048
f 12049 12050 12051
f 12052 12053 12054
f 12055 12056 12057
f 12058 12059 12060
f 12061 12062 12063
f 12064 12065 12066
f 12067 12068 12069
f 12070 11659 11658
f 12071 12072 12073
f 12074 12075 12076
f 12077 12078 12079
f 12080 12081 12082
f 12083 12084 12085
f 12086 12087 12088
f 12089 12090 12091
f 12092 11677 11676
f 12093 12094 12095
f 12096 12097 12098
f 12099 12100 12101
f 12102 12103 12104
f 12105 12106 12107
f 12108 12109 12110
f 12111 12112 12113
f 12114 12115 12116
f 12117 12118 12119
f 12120 12121 12122
f 12123 12124 12125
f 12126 12127 12128
f 12129 12130 12131
f 12132 12133 12134
f 12135 12136 12137
f 12138 12139 12140
f 11518 12141 11516
f 12142 12143 12144
f 12145 12146 12147
f 12148 12149 12150
f 12151 12152 12153
f 12154 12155 12156
f 11800 12157 11798
f 12158 12159 12160
f 12161 12162 12163
f 12164 11833 11832
f 12165 12166 12167
f 12168 11827 11826
f 12169 12170 12171
f 12172 12173 12174
f 12175 12176 12177
f 12178 12179 12180
f 12181 12182 12183
f 12184 12185 12186
f 12187 12188 12189
f 12190 12191 12192
f 12193 12194 12195
f 12196 12197 12198
f 12199 12200 12201
f 12202 12203 12204
f 12205 12206 12207
f 12208 12209 12210
f 12211 12212 12213
f 12214 12215 12216
f 12217 12218 12219
f 12220 12221 12222
f 12223 12224 12225
f 12226 12227 12228
f 12229 12230 12231
f 12232 12233 12234
f 12235 12236 12237
f 12238 12239 12240
f 12241 12242 12243
f 12244 12245 12246
f 12247 12248 12249
f 12250 12251 12252
f 12253 12254 12255
f 12256 12257 12258
f 12259 12260 12261
f 12262 12263 12264
f 12265 12266 12267
f 12268 12269 12270
f 12271 12272 12273
f 12274 12275 12276
f 12277 12278 12279
f 12280 12281 12282
f 12283 12284 12285
f 12286 12287 12288
f 12289 12290 12291
f 12292 12293 12294
f 12295 12296 12297
f 12298 12299 12300
f 12301 12302 12303
f 12304 12305 12306
f 12307 12308 12309
f 12310 12311 12312
f 12313 12314 12315
f 12316 12317 12318
f 12319 12320 12321
f 12322 12323 12324
f 12325 12326 12327
f 12328 12329 12330
f 12331 12332 12333
f 12334 12335 12336
f 12337 12338 12339
f 12340 12341 12342
f 12343 12344 12345
f 12346 12347 12348
f 12349 12350 12351
f 12352 12353 12354
f 12355 12356 12357
f 12358 12359 12360
f 12361 12362 12363
f 12364 12365 12366
f 12367 12368 12369
f 12370 12371 12372
f 12373 12374 12375
f 12376 12377 12378
f 12379 12380 12381
f 12382 12383 12384
f 12385 12386 12387
f 12388 12389 12390
f 12391 12392 12393
f 12394 12395 12396
f 12397 12398 12399
f 12400 12401 12402
f 12403 12404 12405
f 12406 12407 12408
f 12409 12410 12411
f 12412 12413 12414
f 12415 12416 12417
f 12418 12419 12420
f 12421 12422 12423
f 12424 12425 12426
f 12427 12428 12429
f 12430 12431 12432
f 12433 12434 12435
f 12436 12437 12438
f 12439 12440 12441
f 12442 12443 12444
f 12445 12446 12447
f 12448 12449 12450
f 12451 12452 12453
f 12454 12455 12456
f 12457 12458 12459
f 12460 12461 12462
f 12463 12464 12465
f 12466 12467 12468
f 12469 12470 12471
f 12472 12473 12474
f 12475 12476 12477
f 12478 12479 12480
f 12481 12482 12483
f 12484 12485 12486
f 12487 12488 12489
f 12490 12491 12492
f 12493 12494 12495
f 12496 12497 12498
f 12499 12500 12501
f 12502 12503 12504
f 12505 12506 12507
f 12508 12509 12510
f 12511 12512 12513
f 12514 12515 12516
f 12517 12518 12519
f 12520 12521 12522
f 12523 12524 12525
f 12526 12527 12528
f 12529 12530 12531
f 12532 12533 12534
f 12535 12536 12537
f 12538 12539 12540
f 12541 12542 12543
f 12544 12545 12546
f 12547 12548 12549
f 12550 12551 12552
f 12553 12554 12555
f 12556 12557 12558
f 12559 12560 12561
f 12562 12563 12564
f 12565 12566 12567
f 12568 12569 12570
f 12571 12572 12573
f 12574 12575 12576
f 12577 12578 12579
f 12580 12581 12582
f 12583 12584 12585
f 12586 12587 12588
f 12589 12590 12591
f 12592 12593 12594
f 12595 12596 12597
f 12598 12599 12600
f 12601 12602 12603
f 12604 12605 12606

