mtllib material.mtl
usemtl material_forearm_1
v -0.05786949 0.05939869 0.00316018
v -0.05719888 0.05940275 0.00806447
v -0.05790629 0.05939760 -0.00065323
v 0.01093276 0.05939876 0.05592554
v 0.00837643 0.05939798 0.05761667
v 0.01876545 0.05937325 0.05477240
v -0.02225078 0.05939875 0.05252049
v -0.02449131 0.05936395 0.05235405
v -0.01423184 0.05939875 0.05519069
v -0.01423184 0.05939875 0.05519069
v -0.02449131 0.05936395 0.05235405
v -0.01384641 0.05934363 0.05635528
v -0.02979549 0.05939875 0.04871121
v -0.02449131 0.05936395 0.05235405
v -0.02225078 0.05939875 0.05252049
v 0.02684800 0.05939877 0.05036537
v 0.03204472 0.05937674 0.04794342
v 0.03402993 0.05939877 0.04590968
v -0.04291595 0.05944613 0.03797553
v -0.03443895 0.05938652 0.04611476
v -0.03670515 0.05939875 0.04384397
v -0.03670515 0.05939875 0.04384397
v -0.03443895 0.05938652 0.04611476
v -0.02979549 0.05939875 0.04871121
v -0.02979549 0.05939875 0.04871121
v -0.03443895 0.05938652 0.04611476
v -0.02449131 0.05936395 0.05235405
v 0.01909385 0.05939877 0.05372794
v 0.01876545 0.05937325 0.05477240
v 0.02684800 0.05939877 0.05036537
v 0.02684800 0.05939877 0.05036537
v 0.01876545 0.05937325 0.05477240
v 0.03204472 0.05937674 0.04794342
v 0.01093276 0.05939876 0.05592554
v -0.00590957 0.05939876 0.05666485
v -0.00298867 0.05939458 0.05834850
v 0.00151680 0.05939876 0.05698593
v 0.00837643 0.05939798 0.05761667
v -0.01423184 0.05939875 0.05519069
v -0.01384641 0.05934363 0.05635528
v -0.00590957 0.05939876 0.05666485
v -0.00590957 0.05939876 0.05666485
v -0.01384641 0.05934363 0.05635528
v -0.00298867 0.05939458 0.05834850
v 0.04048656 0.05939877 0.04045577
v 0.04297066 0.05940728 0.03828606
v 0.04627631 0.05941636 0.03389334
v 0.03402993 0.05939877 0.04590968
v 0.03204472 0.05937674 0.04794342
v 0.04048656 0.05939877 0.04045577
v 0.04048656 0.05939877 0.04045577
v 0.03204472 0.05937674 0.04794342
v 0.04297066 0.05940728 0.03828606
v 0.01093276 0.05939876 0.05592554
v -0.01416306 0.01807173 -0.04649995
v -0.02483445 0.01927884 -0.04290293
v -0.02483246 0.02939304 -0.04757136
v -0.03220179 0.05519438 0.04955814
v -0.02974192 0.05134375 0.05619802
v -0.02474081 0.05659061 0.05377928
v -0.00674992 0.05939009 -0.05843434
v 0.00181826 0.05938763 -0.05879870
v -0.00319742 0.04978408 -0.05855004
v -0.00674992 0.05939009 -0.05843434
v -0.00319742 0.04978408 -0.05855004
v -0.01497355 0.05939284 -0.05685450
v -0.01497355 0.05939284 -0.05685450
v -0.00319742 0.04978408 -0.05855004
v -0.01392259 0.04989626 -0.05682471
v -0.02471265 0.05027818 -0.05302882
v -0.02297933 0.05939172 -0.05408139
v -0.01392259 0.04989626 -0.05682471
v -0.01392259 0.04989626 -0.05682471
v -0.02297933 0.05939172 -0.05408139
v -0.01497355 0.05939284 -0.05685450
v -0.03054015 0.05939644 -0.05011130
v -0.02297933 0.05939172 -0.05408139
v -0.02471265 0.05027818 -0.05302882
v -0.03054015 0.05939644 -0.05011130
v -0.03459228 0.05064892 -0.04710092
v -0.03733749 0.05939629 -0.04517295
v -0.03733749 0.05939629 -0.04517295
v -0.03459228 0.05064892 -0.04710092
v -0.04334831 0.05939306 -0.03931804
v -0.04334831 0.05939306 -0.03931804
v -0.03459228 0.05064892 -0.04710092
v -0.04494115 0.04805184 -0.03702054
v -0.04334831 0.05939306 -0.03931804
v -0.04494115 0.04805184 -0.03702054
v -0.04993408 0.04977286 -0.02990526
v -0.04334831 0.05939306 -0.03931804
v -0.04993408 0.04977286 -0.02990526
v -0.04851860 0.05939741 -0.03251384
v -0.04851860 0.05939741 -0.03251384
v -0.04993408 0.04977286 -0.02990526
v -0.05258382 0.05939680 -0.02516076
v -0.05258382 0.05939680 -0.02516076
v -0.04993408 0.04977286 -0.02990526
v -0.05460767 0.05008887 -0.01993711
v -0.05460767 0.05008887 -0.01993711
v -0.05556568 0.05939747 -0.01719384
v -0.05258382 0.05939680 -0.02516076
v -0.05741979 0.05110463 -0.00876905
v -0.05556568 0.05939747 -0.01719384
v -0.05460767 0.05008887 -0.01993711
v -0.05741979 0.05110463 -0.00876905
v -0.05733752 0.05939850 -0.00894334
v -0.05556568 0.05939747 -0.01719384
v -0.05741979 0.05110463 -0.00876905
v -0.05790629 0.05939760 -0.00065323
v -0.05733752 0.05939850 -0.00894334
v -0.02474081 0.05659061 0.05377928
v -0.01384641 0.05934363 0.05635528
v -0.02449131 0.05936395 0.05235405
v 0.01876545 0.05937325 0.05477240
v 0.02981436 0.05654940 0.05057847
v 0.03204472 0.05937674 0.04794342
v 0.03899753 0.05556611 0.04348375
v 0.04297066 0.05940728 0.03828606
v 0.03204472 0.05937674 0.04794342
v 0.04660973 0.05282715 0.03560371
v 0.04297066 0.05940728 0.03828606
v 0.03899753 0.05556611 0.04348375
v 0.05637336 0.05168068 -0.01429496
v 0.05640704 0.05939774 -0.01398981
v 0.05775410 0.05939849 -0.00528558
v 0.05640704 0.05939774 -0.01398981
v 0.05637336 0.05168068 -0.01429496
v 0.05392124 0.05939792 -0.02200564
v 0.05392124 0.05939792 -0.02200564
v 0.05637336 0.05168068 -0.01429496
v 0.05280277 0.04811517 -0.02399838
v 0.05392124 0.05939792 -0.02200564
v 0.05280277 0.04811517 -0.02399838
v 0.05022854 0.05939406 -0.02973847
v 0.05022854 0.05939406 -0.02973847
v 0.05280277 0.04811517 -0.02399838
v 0.04849055 0.04763912 -0.03202212
v 0.05022854 0.05939406 -0.02973847
v 0.04849055 0.04763912 -0.03202212
v 0.04164620 0.05124590 -0.04109584
v 0.05022854 0.05939406 -0.02973847
v 0.04164620 0.05124590 -0.04109584
v 0.04554240 0.05939651 -0.03667214
v 0.04554240 0.05939651 -0.03667214
v 0.04164620 0.05124590 -0.04109584
v 0.03988952 0.05939685 -0.04288677
v 0.03988952 0.05939685 -0.04288677
v 0.04164620 0.05124590 -0.04109584
v 0.03343426 0.05939490 -0.04819802
v 0.03343426 0.05939490 -0.04819802
v 0.04164620 0.05124590 -0.04109584
v 0.03016844 0.05055443 -0.05010125
v 0.03016844 0.05055443 -0.05010125
v 0.02609727 0.05939411 -0.05261143
v 0.03343426 0.05939490 -0.04819802
v 0.01983862 0.04979753 -0.05499773
v 0.02609727 0.05939411 -0.05261143
v 0.03016844 0.05055443 -0.05010125
v 0.01983862 0.04979753 -0.05499773
v 0.01826810 0.05939423 -0.05586632
v 0.02609727 0.05939411 -0.05261143
v 0.00880227 0.04968103 -0.05785753
v 0.01826810 0.05939423 -0.05586632
v 0.01983862 0.04979753 -0.05499773
v 0.00880227 0.04968103 -0.05785753
v 0.01012056 0.05939595 -0.05793008
v 0.01826810 0.05939423 -0.05586632
v -0.01866145 0.05461182 0.06268193
v -0.01954140 0.05479162 0.05996286
v -0.02649844 0.05127131 0.06265149
v -0.03365072 0.04691492 0.06268021
v -0.02649844 0.05127131 0.06265149
v -0.03458529 0.04696479 0.05848428
v -0.03365072 0.04691492 0.06268021
v -0.03458529 0.04696479 0.05848428
v -0.04018547 0.04148581 0.06267828
v -0.05049076 0.02812923 0.06267518
v -0.04592533 0.03507422 0.06267934
v -0.05103499 0.02829894 0.05440456
v -0.05049076 0.02812923 0.06267518
v -0.05103499 0.02829894 0.05440456
v -0.05405334 0.02055415 0.06267574
v -0.05775171 0.00399967 0.06267470
v -0.05799713 0.00418276 0.03848880
v -0.05774079 -0.00442900 0.06267362
v -0.05774079 -0.00442900 0.06267362
v -0.05799713 0.00418276 0.03848880
v -0.05749509 -0.00565687 0.04460807
v -0.05774079 -0.00442900 0.06267362
v -0.05749509 -0.00565687 0.04460807
v -0.05653769 -0.01269680 0.06266990
v -0.05565013 -0.01674942 0.06267121
v -0.05272979 -0.02416613 0.05585818
v -0.05406258 -0.02091713 0.06267217
v -0.05406258 -0.02091713 0.06267217
v -0.05272979 -0.02416613 0.05585818
v -0.05049647 -0.02852050 0.06267237
v -0.05049647 -0.02852050 0.06267237
v -0.05272979 -0.02416613 0.05585818
v -0.04689475 -0.03411859 0.05547676
v -0.05049647 -0.02852050 0.06267237
v -0.04689475 -0.03411859 0.05547676
v -0.04589946 -0.03549469 0.06267035
v -0.03915834 -0.04268137 0.05450906
v -0.04026290 -0.04181226 0.06267015
v -0.04689475 -0.03411859 0.05547676
v -0.04689475 -0.03411859 0.05547676
v -0.04026290 -0.04181226 0.06267015
v -0.04589946 -0.03549469 0.06267035
v -0.02997964 -0.04953193 0.05408306
v -0.03368192 -0.04729509 0.06266985
v -0.03915834 -0.04268137 0.05450906
v -0.03915834 -0.04268137 0.05450906
v -0.03368192 -0.04729509 0.06266985
v -0.04026290 -0.04181226 0.06267015
v -0.01973121 -0.05432919 0.05332375
v -0.01872278 -0.05499316 0.06266795
v -0.02997964 -0.04953193 0.05408306
v -0.02997964 -0.04953193 0.05408306
v -0.01872278 -0.05499316 0.06266795
v -0.02647788 -0.05168481 0.06267232
v -0.02997964 -0.04953193 0.05408306
v -0.02647788 -0.05168481 0.06267232
v -0.03368192 -0.04729509 0.06266985
v -0.00787432 -0.05739614 0.05400577
v -0.01053094 -0.05713082 0.06267008
v -0.01872278 -0.05499316 0.06266795
v -0.00787432 -0.05739614 0.05400577
v -0.01872278 -0.05499316 0.06266795
v -0.01973121 -0.05432919 0.05332375
v -0.00215582 -0.05806300 0.06267093
v -0.00002325 -0.05803582 0.05593361
v 0.00633182 -0.05774801 0.06267166
v 0.00633182 -0.05774801 0.06267166
v -0.00002325 -0.05803582 0.05593361
v 0.00854622 -0.05721251 0.05358955
v 0.00633182 -0.05774801 0.06267166
v 0.00854622 -0.05721251 0.05358955
v 0.01459769 -0.05623080 0.06266848
v 0.01459769 -0.05623080 0.06266848
v 0.00854622 -0.05721251 0.05358955
v 0.01958752 -0.05441639 0.05349634
v 0.01459769 -0.05623080 0.06266848
v 0.01958752 -0.05441639 0.05349634
v 0.02262185 -0.05349347 0.06267090
v 0.02262185 -0.05349347 0.06267090
v 0.01958752 -0.05441639 0.05349634
v 0.03011337 -0.04965969 0.06266712
v 0.03011337 -0.04965969 0.06266712
v 0.01958752 -0.05441639 0.05349634
v 0.02956530 -0.04972191 0.05375255
v 0.03011337 -0.04965969 0.06266712
v 0.02956530 -0.04972191 0.05375255
v 0.03862348 -0.04315004 0.05441377
v 0.03011337 -0.04965969 0.06266712
v 0.03862348 -0.04315004 0.05441377
v 0.03703978 -0.04469682 0.06267180
v 0.03703978 -0.04469682 0.06267180
v 0.03862348 -0.04315004 0.05441377
v 0.04310196 -0.03886072 0.06267075
v 0.04310196 -0.03886072 0.06267075
v 0.03862348 -0.04315004 0.05441377
v 0.04647669 -0.03467600 0.05529847
v 0.04647669 -0.03467600 0.05529847
v 0.04827064 -0.03216676 0.06267207
v 0.04310196 -0.03886072 0.06267075
v 0.05244114 -0.02395211 0.04906080
v 0.05241581 -0.02480902 0.06267050
v 0.04647669 -0.03467600 0.05529847
v 0.04647669 -0.03467600 0.05529847
v 0.05241581 -0.02480902 0.06267050
v 0.04827064 -0.03216676 0.06267207
v 0.05540142 -0.01635401 0.05050797
v 0.05241581 -0.02480902 0.06267050
v 0.05244114 -0.02395211 0.04906080
v 0.05770758 -0.00770320 0.06267352
v 0.05544184 -0.01687615 0.06267293
v 0.05540142 -0.01635401 0.05050797
v 0.05544184 -0.01687615 0.06267293
v 0.05790013 -0.00016219 0.06266958
v 0.05770758 -0.00770320 0.06267352
v 0.05745233 -0.00541880 0.04323912
v 0.05543975 0.01647886 0.06267355
v 0.05729426 0.00821661 0.06267032
v 0.05471629 0.02009465 0.05418527
v 0.05543975 0.01647886 0.06267355
v 0.05471629 0.02009465 0.05418527
v 0.05241370 0.02440283 0.06267788
v 0.05241370 0.02440283 0.06267788
v 0.05471629 0.02009465 0.05418527
v 0.04836585 0.03163172 0.06266531
v 0.04277823 0.03947488 0.05862353
v 0.04309032 0.03847306 0.06267896
v 0.04836585 0.03163172 0.06266531
v 0.03019480 0.04920226 0.06268012
v 0.03439791 0.04705538 0.05868999
v 0.02477024 0.05261795 0.05983362
v 0.03019480 0.04920226 0.06268012
v 0.02477024 0.05261795 0.05983362
v 0.02265048 0.05308008 0.06267659
v 0.02265048 0.05308008 0.06267659
v 0.02477024 0.05261795 0.05983362
v 0.01453658 0.05585360 0.06267379
v 0.01453658 0.05585360 0.06267379
v 0.02477024 0.05261795 0.05983362
v 0.01410651 0.05631347 0.06045901
v 0.01453658 0.05585360 0.06267379
v 0.00550047 0.05775545 0.06015666
v 0.00633021 0.05734765 0.06267295
v -0.01056123 0.05672362 0.06264649
v -0.00213860 0.05766005 0.06267625
v -0.00559322 0.05773461 0.06017798
v -0.00559322 0.05773461 0.06017798
v -0.00213860 0.05766005 0.06267625
v 0.00002284 0.05798949 0.06026090
v 0.00002284 0.05798949 0.06026090
v -0.00213860 0.05766005 0.06267625
v 0.00550047 0.05775545 0.06015666
v 0.00550047 0.05775545 0.06015666
v -0.00213860 0.05766005 0.06267625
v 0.00633021 0.05734765 0.06267295
v 0.05251350 0.00505771 0.00057990
v 0.05634467 0.00660716 0.01354716
v 0.05251184 -0.00681269 0.01435385
v 0.05251350 0.00505771 0.00057990
v 0.05251184 -0.00681269 0.01435385
v 0.04667653 -0.00138800 -0.00620021
v 0.04667296 -0.01458568 0.00911960
v 0.04667653 -0.00138800 -0.00620021
v 0.04667296 -0.01458568 0.00911960
v 0.03904705 -0.00692898 -0.01209348
v 0.03904125 -0.02127847 0.00455937
v 0.03904705 -0.00692898 -0.01209348
v 0.03904125 -0.02127847 0.00455937
v 0.02991146 -0.01138431 -0.01684404
v 0.02990379 -0.02666281 0.00088512
v 0.02991146 -0.01138431 -0.01684404
v 0.02990379 -0.02666281 0.00088512
v 0.01961419 -0.01459084 -0.02025698
v 0.01960610 -0.03053636 -0.00175109
v 0.01961419 -0.01459084 -0.02025698
v 0.01960610 -0.03053636 -0.00175109
v 0.00866020 -0.02533338 -0.01253012
v 0.05744626 0.01945040 0.03173933
v 0.05471569 0.02764392 0.03880421
v 0.05687213 0.01362085 0.04838296
v 0.05634467 0.00660716 0.01354716
v 0.05799673 0.00900856 0.02796039
v 0.05745233 -0.00541880 0.04323912
v 0.05634467 0.00660716 0.01354716
v 0.05745233 -0.00541880 0.04323912
v 0.05468360 -0.01142356 0.03124231
v 0.05634467 0.00660716 0.01354716
v 0.05468360 -0.01142356 0.03124231
v 0.05251184 -0.00681269 0.01435385
v 0.05251184 -0.00681269 0.01435385
v 0.05468360 -0.01142356 0.03124231
v 0.04982566 -0.02074314 0.02754561
v 0.05251184 -0.00681269 0.01435385
v 0.04982566 -0.02074314 0.02754561
v 0.04667296 -0.01458568 0.00911960
v 0.04667296 -0.01458568 0.00911960
v 0.04982566 -0.02074314 0.02754561
v 0.04487362 -0.02700600 0.02503822
v 0.04667296 -0.01458568 0.00911960
v 0.04487362 -0.02700600 0.02503822
v 0.03904125 -0.02127847 0.00455937
v 0.03904125 -0.02127847 0.00455937
v 0.04487362 -0.02700600 0.02503822
v 0.03903648 -0.03261029 0.02269140
v 0.03904125 -0.02127847 0.00455937
v 0.03903648 -0.03261029 0.02269140
v 0.02990379 -0.02666281 0.00088512
v 0.02989781 -0.03872640 0.02018172
v 0.02990379 -0.02666281 0.00088512
v 0.02989781 -0.03872640 0.02018172
v 0.01960610 -0.03053636 -0.00175109
v 0.01959867 -0.04312605 0.01838586
v 0.01960610 -0.03053636 -0.00175109
v 0.01959867 -0.04312605 0.01838586
v 0.00854727 -0.03987285 0.00725492
v -0.00299901 -0.03849510 0.00427179
v 0.00854727 -0.03987285 0.00725492
v -0.00300384 -0.04466292 0.01460879
v 0.05471569 0.02764392 0.03880421
v 0.05471629 0.02009465 0.05418527
v 0.05687213 0.01362085 0.04838296
v 0.00854727 -0.03987285 0.00725492
v 0.01959867 -0.04312605 0.01838586
v 0.00856103 -0.05064130 0.02822937
v 0.00854727 -0.03987285 0.00725492
v 0.00856103 -0.05064130 0.02822937
v -0.00300384 -0.04466292 0.01460879
v 0.03189163 0.05157514 0.05339726
v 0.03873404 0.04517754 0.05422303
v 0.03896713 0.04946880 0.04801822
v 0.05471569 0.02764392 0.03880421
v 0.05105140 0.03105367 0.04823836
v 0.05471629 0.02009465 0.05418527
v 0.05744626 0.01945040 0.03173933
v 0.05687213 0.01362085 0.04838296
v 0.05729426 0.00821661 0.06267032
v 0.05744626 0.01945040 0.03173933
v 0.05729426 0.00821661 0.06267032
v 0.05799673 0.00900856 0.02796039
v 0.05468360 -0.01142356 0.03124231
v 0.05745233 -0.00541880 0.04323912
v 0.05540142 -0.01635401 0.05050797
v 0.05468360 -0.01142356 0.03124231
v 0.05540142 -0.01635401 0.05050797
v 0.05244114 -0.02395211 0.04906080
v 0.05468360 -0.01142356 0.03124231
v 0.05244114 -0.02395211 0.04906080
v 0.04982566 -0.02074314 0.02754561
v 0.04982566 -0.02074314 0.02754561
v 0.05244114 -0.02395211 0.04906080
v 0.04666695 -0.03197841 0.04288677
v 0.04982566 -0.02074314 0.02754561
v 0.04666695 -0.03197841 0.04288677
v 0.04487362 -0.02700600 0.02503822
v 0.04487362 -0.02700600 0.02503822
v 0.04666695 -0.03197841 0.04288677
v 0.03903648 -0.03261029 0.02269140
v 0.03903648 -0.03261029 0.02269140
v 0.04666695 -0.03197841 0.04288677
v 0.03903336 -0.04018469 0.04124261
v 0.03903648 -0.03261029 0.02269140
v 0.03903336 -0.04018469 0.04124261
v 0.02989781 -0.03872640 0.02018172
v 0.02989342 -0.04679024 0.03991917
v 0.02989781 -0.03872640 0.02018172
v 0.02989342 -0.04679024 0.03991917
v 0.01959867 -0.04312605 0.01838586
v 0.01959867 -0.04312605 0.01838586
v 0.02989342 -0.04679024 0.03991917
v 0.01957674 -0.04960528 0.03348310
v 0.01959867 -0.04312605 0.01838586
v 0.01957674 -0.04960528 0.03348310
v 0.00856103 -0.05064130 0.02822937
v -0.00002325 -0.05803582 0.05593361
v -0.00303665 -0.05658363 0.04594286
v 0.00854622 -0.05721251 0.05358955
v 0.00854622 -0.05721251 0.05358955
v -0.00303665 -0.05658363 0.04594286
v 0.00858658 -0.05539782 0.04335354
v 0.00854622 -0.05721251 0.05358955
v 0.00858658 -0.05539782 0.04335354
v 0.01958752 -0.05441639 0.05349634
v 0.01958752 -0.05441639 0.05349634
v 0.00858658 -0.05539782 0.04335354
v 0.01957435 -0.05264691 0.04361113
v 0.01958752 -0.05441639 0.05349634
v 0.01957435 -0.05264691 0.04361113
v 0.02956530 -0.04972191 0.05375255
v 0.02956530 -0.04972191 0.05375255
v 0.01957435 -0.05264691 0.04361113
v 0.02989342 -0.04679024 0.03991917
v 0.02956530 -0.04972191 0.05375255
v 0.02989342 -0.04679024 0.03991917
v 0.03862348 -0.04315004 0.05441377
v 0.03862348 -0.04315004 0.05441377
v 0.02989342 -0.04679024 0.03991917
v 0.03903336 -0.04018469 0.04124261
v 0.03862348 -0.04315004 0.05441377
v 0.03903336 -0.04018469 0.04124261
v 0.04647669 -0.03467600 0.05529847
v 0.04647669 -0.03467600 0.05529847
v 0.03903336 -0.04018469 0.04124261
v 0.04666695 -0.03197841 0.04288677
v 0.04647669 -0.03467600 0.05529847
v 0.04666695 -0.03197841 0.04288677
v 0.05244114 -0.02395211 0.04906080
v 0.05770758 -0.00770320 0.06267352
v 0.05540142 -0.01635401 0.05050797
v 0.05745233 -0.00541880 0.04323912
v 0.05790013 -0.00016219 0.06266958
v 0.05745233 -0.00541880 0.04323912
v 0.05799673 0.00900856 0.02796039
v 0.05790013 -0.00016219 0.06266958
v 0.05799673 0.00900856 0.02796039
v 0.05729426 0.00821661 0.06267032
v 0.05729426 0.00821661 0.06267032
v 0.05687213 0.01362085 0.04838296
v 0.05471629 0.02009465 0.05418527
v 0.03873404 0.04517754 0.05422303
v 0.04277823 0.03947488 0.05862353
v 0.04651236 0.03758548 0.05092800
v 0.04651236 0.03758548 0.05092800
v 0.04277823 0.03947488 0.05862353
v 0.04836585 0.03163172 0.06266531
v 0.04651236 0.03758548 0.05092800
v 0.04836585 0.03163172 0.06266531
v 0.05105140 0.03105367 0.04823836
v 0.05105140 0.03105367 0.04823836
v 0.04836585 0.03163172 0.06266531
v 0.05471629 0.02009465 0.05418527
v 0.01957674 -0.04960528 0.03348310
v 0.02989342 -0.04679024 0.03991917
v 0.01957435 -0.05264691 0.04361113
v 0.01957674 -0.04960528 0.03348310
v 0.01957435 -0.05264691 0.04361113
v 0.00856103 -0.05064130 0.02822937
v 0.00856103 -0.05064130 0.02822937
v 0.01957435 -0.05264691 0.04361113
v 0.00858658 -0.05539782 0.04335354
v 0.00856103 -0.05064130 0.02822937
v 0.00858658 -0.05539782 0.04335354
v -0.00302236 -0.05380584 0.03558756
v -0.00302236 -0.05380584 0.03558756
v 0.00858658 -0.05539782 0.04335354
v -0.00303665 -0.05658363 0.04594286
v -0.00332695 -0.02800425 -0.01019111
v -0.00299901 -0.03849510 0.00427179
v -0.01412956 -0.03131086 -0.00338022
v -0.01412956 -0.03131086 -0.00338022
v -0.00299901 -0.03849510 0.00427179
v -0.01412702 -0.04422434 0.01701250
v -0.01412956 -0.03131086 -0.00338022
v -0.01412702 -0.04422434 0.01701250
v -0.02487265 -0.02887920 -0.00046491
v -0.02487265 -0.02887920 -0.00046491
v -0.01412702 -0.04422434 0.01701250
v -0.02488188 -0.04120636 0.01930436
v -0.02487265 -0.02887920 -0.00046491
v -0.02488188 -0.04120636 0.01930436
v -0.03463663 -0.02427079 0.00276318
v -0.03464344 -0.03595281 0.02152768
v -0.03463663 -0.02427079 0.00276318
v -0.03464344 -0.03595281 0.02152768
v -0.04107326 -0.01980861 0.00585633
v -0.04107326 -0.01980861 0.00585633
v -0.03464344 -0.03595281 0.02152768
v -0.04306505 -0.02910376 0.02443394
v -0.04107326 -0.01980861 0.00585633
v -0.04306505 -0.02910376 0.02443394
v -0.04667385 -0.01480139 0.00941482
v -0.04667385 -0.01480139 0.00941482
v -0.04306505 -0.02910376 0.02443394
v -0.04983043 -0.02093220 0.02793068
v -0.04667385 -0.01480139 0.00941482
v -0.04983043 -0.02093220 0.02793068
v -0.05251209 -0.00717060 0.01484240
v -0.05251209 -0.00717060 0.01484240
v -0.04983043 -0.02093220 0.02793068
v -0.05468518 -0.01178262 0.03195346
v -0.05251209 -0.00717060 0.01484240
v -0.05468518 -0.01178262 0.03195346
v -0.05634439 0.00586913 0.01440839
v -0.05634439 0.00586913 0.01440839
v -0.05468518 -0.01178262 0.03195346
v -0.05749509 -0.00565687 0.04460807
v -0.05634439 0.00586913 0.01440839
v -0.05749509 -0.00565687 0.04460807
v -0.05794086 0.01601729 0.01758699
v -0.05794086 0.01601729 0.01758699
v -0.05749509 -0.00565687 0.04460807
v -0.05799713 0.00418276 0.03848880
v -0.05632448 0.02671818 0.03170163
v -0.05770367 0.01276363 0.03578053
v -0.05632169 0.01638837 0.04875054
v -0.05632448 0.02671818 0.03170163
v -0.05632169 0.01638837 0.04875054
v -0.05352936 0.03255481 0.03702723
v -0.05352936 0.03255481 0.03702723
v -0.05632169 0.01638837 0.04875054
v -0.05354066 0.02412075 0.05103942
v -0.05352936 0.03255481 0.03702723
v -0.05354066 0.02412075 0.05103942
v -0.05093387 0.03825852 0.03815314
v -0.05103499 0.02829894 0.05440456
v -0.05093387 0.03825852 0.03815314
v -0.05103499 0.02829894 0.05440456
v -0.04662951 0.04096568 0.04545916
v -0.04662951 0.04096568 0.04545916
v -0.05103499 0.02829894 0.05440456
v -0.04814207 0.03359968 0.05394669
v -0.04662951 0.04096568 0.04545916
v -0.04814207 0.03359968 0.05394669
v -0.04297395 0.03992837 0.05589071
v -0.04662951 0.04096568 0.04545916
v -0.04297395 0.03992837 0.05589071
v -0.03896096 0.04725063 0.05059570
v -0.03896096 0.04725063 0.05059570
v -0.04297395 0.03992837 0.05589071
v -0.03458529 0.04696479 0.05848428
v -0.03896096 0.04725063 0.05059570
v -0.03458529 0.04696479 0.05848428
v -0.02974192 0.05134375 0.05619802
v -0.01945992 0.05635204 0.05702268
v -0.02974192 0.05134375 0.05619802
v -0.01954140 0.05479162 0.05996286
v 0.02500724 0.05437406 0.05600092
v 0.01410651 0.05631347 0.06045901
v 0.02477024 0.05261795 0.05983362
v -0.01130182 0.05737974 0.05924926
v -0.01954140 0.05479162 0.05996286
v -0.01056123 0.05672362 0.06264649
v -0.01130182 0.05737974 0.05924926
v -0.01056123 0.05672362 0.06264649
v -0.00559322 0.05773461 0.06017798
v -0.02649844 0.05127131 0.06265149
v -0.01954140 0.05479162 0.05996286
v -0.02974192 0.05134375 0.05619802
v -0.02649844 0.05127131 0.06265149
v -0.02974192 0.05134375 0.05619802
v -0.03458529 0.04696479 0.05848428
v -0.05468577 -0.01752776 0.04638778
v -0.05749509 -0.00565687 0.04460807
v -0.05468518 -0.01178262 0.03195346
v -0.05468577 -0.01752776 0.04638778
v -0.05468518 -0.01178262 0.03195346
v -0.04983328 -0.02746673 0.04417427
v -0.04983328 -0.02746673 0.04417427
v -0.05468518 -0.01178262 0.03195346
v -0.04983043 -0.02093220 0.02793068
v -0.04983328 -0.02746673 0.04417427
v -0.04983043 -0.02093220 0.02793068
v -0.04307232 -0.03632069 0.04227949
v -0.04306505 -0.02910376 0.02443394
v -0.04307232 -0.03632069 0.04227949
v -0.04306505 -0.02910376 0.02443394
v -0.03465585 -0.04373824 0.04071282
v -0.03464344 -0.03595281 0.02152768
v -0.03465585 -0.04373824 0.04071282
v -0.03464344 -0.03595281 0.02152768
v -0.02489824 -0.04942920 0.03951552
v -0.02489824 -0.04942920 0.03951552
v -0.03464344 -0.03595281 0.02152768
v -0.02488188 -0.04120636 0.01930436
v -0.02489824 -0.04942920 0.03951552
v -0.02488188 -0.04120636 0.01930436
v -0.01410384 -0.05107371 0.03275620
v -0.01410384 -0.05107371 0.03275620
v -0.02488188 -0.04120636 0.01930436
v -0.01412702 -0.04422434 0.01701250
v -0.01410384 -0.05107371 0.03275620
v -0.01412702 -0.04422434 0.01701250
v -0.00301131 -0.04979943 0.02509512
v -0.00301131 -0.04979943 0.02509512
v -0.00302236 -0.05380584 0.03558756
v -0.01410384 -0.05107371 0.03275620
v -0.01410384 -0.05107371 0.03275620
v -0.00302236 -0.05380584 0.03558756
v -0.01410842 -0.05420479 0.04307166
v -0.01410384 -0.05107371 0.03275620
v -0.01410842 -0.05420479 0.04307166
v -0.02489824 -0.04942920 0.03951552
v -0.01954140 0.05479162 0.05996286
v -0.01866145 0.05461182 0.06268193
v -0.01056123 0.05672362 0.06264649
v 0.01410651 0.05631347 0.06045901
v 0.00550047 0.05775545 0.06015666
v 0.01453658 0.05585360 0.06267379
v -0.00787432 -0.05739614 0.05400577
v -0.00215582 -0.05806300 0.06267093
v -0.01053094 -0.05713082 0.06267008
v -0.00002325 -0.05803582 0.05593361
v -0.00215582 -0.05806300 0.06267093
v -0.00787432 -0.05739614 0.05400577
v -0.00002325 -0.05803582 0.05593361
v -0.00787432 -0.05739614 0.05400577
v -0.00303665 -0.05658363 0.04594286
v 0.03896713 0.04946880 0.04801822
v 0.03873404 0.04517754 0.05422303
v 0.04661714 0.04416696 0.04187786
v 0.04651236 0.03758548 0.05092800
v 0.04661714 0.04416696 0.04187786
v 0.04651236 0.03758548 0.05092800
v 0.05107144 0.03961017 0.03674264
v 0.05105140 0.03105367 0.04823836
v 0.05107144 0.03961017 0.03674264
v 0.05105140 0.03105367 0.04823836
v 0.05471569 0.02764392 0.03880421
v 0.00866020 -0.02533338 -0.01253012
v 0.01960610 -0.03053636 -0.00175109
v 0.00854727 -0.03987285 0.00725492
v 0.00866020 -0.02533338 -0.01253012
v 0.00854727 -0.03987285 0.00725492
v -0.00332695 -0.02800425 -0.01019111
v -0.00332695 -0.02800425 -0.01019111
v 0.00854727 -0.03987285 0.00725492
v -0.00299901 -0.03849510 0.00427179
v -0.01412702 -0.04422434 0.01701250
v -0.00299901 -0.03849510 0.00427179
v -0.00300384 -0.04466292 0.01460879
v -0.01412702 -0.04422434 0.01701250
v -0.00300384 -0.04466292 0.01460879
v -0.00301131 -0.04979943 0.02509512
v -0.00301131 -0.04979943 0.02509512
v -0.00300384 -0.04466292 0.01460879
v 0.00856103 -0.05064130 0.02822937
v -0.00301131 -0.04979943 0.02509512
v 0.00856103 -0.05064130 0.02822937
v -0.00302236 -0.05380584 0.03558756
v -0.00302236 -0.05380584 0.03558756
v -0.00303665 -0.05658363 0.04594286
v -0.01410842 -0.05420479 0.04307166
v -0.01410842 -0.05420479 0.04307166
v -0.00303665 -0.05658363 0.04594286
v -0.00787432 -0.05739614 0.05400577
v -0.01410842 -0.05420479 0.04307166
v -0.00787432 -0.05739614 0.05400577
v -0.01973121 -0.05432919 0.05332375
v -0.01410842 -0.05420479 0.04307166
v -0.01973121 -0.05432919 0.05332375
v -0.02489824 -0.04942920 0.03951552
v -0.02489824 -0.04942920 0.03951552
v -0.01973121 -0.05432919 0.05332375
v -0.02997964 -0.04953193 0.05408306
v -0.02489824 -0.04942920 0.03951552
v -0.02997964 -0.04953193 0.05408306
v -0.03465585 -0.04373824 0.04071282
v -0.03465585 -0.04373824 0.04071282
v -0.02997964 -0.04953193 0.05408306
v -0.03915834 -0.04268137 0.05450906
v -0.03465585 -0.04373824 0.04071282
v -0.03915834 -0.04268137 0.05450906
v -0.04307232 -0.03632069 0.04227949
v -0.04307232 -0.03632069 0.04227949
v -0.03915834 -0.04268137 0.05450906
v -0.04689475 -0.03411859 0.05547676
v -0.04307232 -0.03632069 0.04227949
v -0.04689475 -0.03411859 0.05547676
v -0.04983328 -0.02746673 0.04417427
v -0.04983328 -0.02746673 0.04417427
v -0.04689475 -0.03411859 0.05547676
v -0.05272979 -0.02416613 0.05585818
v -0.04983328 -0.02746673 0.04417427
v -0.05272979 -0.02416613 0.05585818
v -0.05468577 -0.01752776 0.04638778
v -0.05468577 -0.01752776 0.04638778
v -0.05272979 -0.02416613 0.05585818
v -0.05565013 -0.01674942 0.06267121
v -0.05468577 -0.01752776 0.04638778
v -0.05565013 -0.01674942 0.06267121
v -0.05749509 -0.00565687 0.04460807
v -0.05749509 -0.00565687 0.04460807
v -0.05565013 -0.01674942 0.06267121
v -0.05653769 -0.01269680 0.06266990
v -0.05770367 0.01276363 0.03578053
v -0.05799713 0.00418276 0.03848880
v -0.05775171 0.00399967 0.06267470
v -0.05770367 0.01276363 0.03578053
v -0.05775171 0.00399967 0.06267470
v -0.05632169 0.01638837 0.04875054
v -0.05632169 0.01638837 0.04875054
v -0.05775171 0.00399967 0.06267470
v -0.05648296 0.01257379 0.06267814
v -0.05632169 0.01638837 0.04875054
v -0.05648296 0.01257379 0.06267814
v -0.05354066 0.02412075 0.05103942
v -0.05354066 0.02412075 0.05103942
v -0.05648296 0.01257379 0.06267814
v -0.05405334 0.02055415 0.06267574
v -0.05354066 0.02412075 0.05103942
v -0.05405334 0.02055415 0.06267574
v -0.05103499 0.02829894 0.05440456
v -0.04814207 0.03359968 0.05394669
v -0.05103499 0.02829894 0.05440456
v -0.04592533 0.03507422 0.06267934
v -0.04814207 0.03359968 0.05394669
v -0.04592533 0.03507422 0.06267934
v -0.04297395 0.03992837 0.05589071
v -0.04297395 0.03992837 0.05589071
v -0.04592533 0.03507422 0.06267934
v -0.04018547 0.04148581 0.06267828
v -0.04297395 0.03992837 0.05589071
v -0.04018547 0.04148581 0.06267828
v -0.03458529 0.04696479 0.05848428
v -0.03877720 0.05337418 0.04495457
v -0.04291595 0.05944613 0.03797553
v -0.04656284 0.05348076 0.03545332
v -0.01945992 0.05635204 0.05702268
v -0.01384641 0.05934363 0.05635528
v -0.02474081 0.05659061 0.05377928
v -0.03220179 0.05519438 0.04955814
v -0.02474081 0.05659061 0.05377928
v -0.02449131 0.05936395 0.05235405
v -0.03220179 0.05519438 0.04955814
v -0.02449131 0.05936395 0.05235405
v -0.03443895 0.05938652 0.04611476
v -0.04659569 0.04676994 0.03970887
v -0.05093387 0.03825852 0.03815314
v -0.04662951 0.04096568 0.04545916
v -0.04659569 0.04676994 0.03970887
v -0.04662951 0.04096568 0.04545916
v -0.03877720 0.05337418 0.04495457
v -0.03877720 0.05337418 0.04495457
v -0.04662951 0.04096568 0.04545916
v -0.03896096 0.04725063 0.05059570
v -0.02974192 0.05134375 0.05619802
v -0.03220179 0.05519438 0.04955814
v -0.03896096 0.04725063 0.05059570
v -0.03896096 0.04725063 0.05059570
v -0.03220179 0.05519438 0.04955814
v -0.03877720 0.05337418 0.04495457
v -0.04656284 0.05348076 0.03545332
v -0.04291595 0.05944613 0.03797553
v -0.04802196 0.05942620 0.03142915
v -0.04656284 0.05348076 0.03545332
v -0.04802196 0.05942620 0.03142915
v -0.05110113 0.05173573 0.02840172
v -0.05110113 0.05173573 0.02840172
v -0.04802196 0.05942620 0.03142915
v -0.05227517 0.05940152 0.02400766
v -0.03900691 0.04148019 -0.04166013
v -0.04494115 0.04805184 -0.03702054
v -0.03459228 0.05064892 -0.04710092
v -0.03900691 0.04148019 -0.04166013
v -0.03459228 0.05064892 -0.04710092
v -0.02986321 0.04020143 -0.04832085
v -0.01392259 0.04989626 -0.05682471
v -0.00319742 0.04978408 -0.05855004
v -0.01693100 0.03937788 -0.05415490
v -0.01392259 0.04989626 -0.05682471
v -0.01693100 0.03937788 -0.05415490
v -0.02471265 0.05027818 -0.05302882
v -0.05471274 0.04421225 0.02327019
v -0.05110113 0.05173573 0.02840172
v -0.05227517 0.05940152 0.02400766
v -0.05471274 0.04421225 0.02327019
v -0.05227517 0.05940152 0.02400766
v -0.05532253 0.05939789 0.01614698
v -0.05471274 0.04421225 0.02327019
v -0.05532253 0.05939789 0.01614698
v -0.05743736 0.03988578 0.01343362
v -0.05743736 0.03988578 0.01343362
v -0.05532253 0.05939789 0.01614698
v -0.05719888 0.05940275 0.00806447
v -0.05743736 0.03988578 0.01343362
v -0.05719888 0.05940275 0.00806447
v -0.05786949 0.05939869 0.00316018
v -0.05743736 0.03988578 0.01343362
v -0.05786949 0.05939869 0.00316018
v -0.05794086 0.01601729 0.01758699
v -0.05794086 0.01601729 0.01758699
v -0.05786949 0.05939869 0.00316018
v -0.05790629 0.05939760 -0.00065323
v -0.05794086 0.01601729 0.01758699
v -0.05790629 0.05939760 -0.00065323
v -0.05744556 0.03221663 -0.00140931
v -0.05741979 0.05110463 -0.00876905
v -0.05744556 0.03221663 -0.00140931
v -0.05741979 0.05110463 -0.00876905
v -0.05468411 0.03493844 -0.01471046
v -0.05468411 0.03493844 -0.01471046
v -0.05741979 0.05110463 -0.00876905
v -0.05460767 0.05008887 -0.01993711
v -0.05468411 0.03493844 -0.01471046
v -0.05460767 0.05008887 -0.01993711
v -0.04982822 0.03177589 -0.02440275
v -0.04982822 0.03177589 -0.02440275
v -0.05460767 0.05008887 -0.01993711
v -0.04993408 0.04977286 -0.02990526
v -0.04982822 0.03177589 -0.02440275
v -0.04993408 0.04977286 -0.02990526
v -0.04494115 0.04805184 -0.03702054
v -0.04982822 0.03177589 -0.02440275
v -0.04494115 0.04805184 -0.03702054
v -0.04306190 0.02890267 -0.03298890
v -0.04306190 0.02890267 -0.03298890
v -0.04494115 0.04805184 -0.03702054
v -0.03900691 0.04148019 -0.04166013
v -0.04306190 0.02890267 -0.03298890
v -0.03900691 0.04148019 -0.04166013
v -0.03463755 0.02648693 -0.04017328
v -0.03463755 0.02648693 -0.04017328
v -0.03900691 0.04148019 -0.04166013
v -0.02986321 0.04020143 -0.04832085
v -0.03463755 0.02648693 -0.04017328
v -0.02986321 0.04020143 -0.04832085
v -0.02483246 0.02939304 -0.04757136
v -0.02483246 0.02939304 -0.04757136
v -0.02483445 0.01927884 -0.04290293
v -0.03463755 0.02648693 -0.04017328
v -0.04659569 0.04676994 0.03970887
v -0.03877720 0.05337418 0.04495457
v -0.04656284 0.05348076 0.03545332
v -0.04659569 0.04676994 0.03970887
v -0.04656284 0.05348076 0.03545332
v -0.05093387 0.03825852 0.03815314
v -0.05093387 0.03825852 0.03815314
v -0.04656284 0.05348076 0.03545332
v -0.05110113 0.05173573 0.02840172
v -0.05093387 0.03825852 0.03815314
v -0.05110113 0.05173573 0.02840172
v -0.05471274 0.04421225 0.02327019
v -0.05468425 0.02083701 -0.00631577
v -0.05744556 0.03221663 -0.00140931
v -0.05468411 0.03493844 -0.01471046
v -0.05468425 0.02083701 -0.00631577
v -0.05468411 0.03493844 -0.01471046
v -0.04982764 0.01590701 -0.01502545
v -0.04982822 0.03177589 -0.02440275
v -0.04982764 0.01590701 -0.01502545
v -0.04982822 0.03177589 -0.02440275
v -0.04305927 0.01145792 -0.02271887
v -0.04305927 0.01145792 -0.02271887
v -0.04982822 0.03177589 -0.02440275
v -0.04306190 0.02890267 -0.03298890
v -0.04305927 0.01145792 -0.02271887
v -0.04306190 0.02890267 -0.03298890
v -0.03463315 0.00772255 -0.02915080
v -0.03463755 0.02648693 -0.04017328
v -0.03463315 0.00772255 -0.02915080
v -0.03463755 0.02648693 -0.04017328
v -0.02486600 0.00485864 -0.03408279
v -0.02486600 0.00485864 -0.03408279
v -0.03463755 0.02648693 -0.04017328
v -0.02483445 0.01927884 -0.04290293
v -0.02486600 0.00485864 -0.03408279
v -0.02483445 0.01927884 -0.04290293
v -0.01415373 0.00327930 -0.03752681
v -0.01416306 0.01807173 -0.04649995
v -0.03459228 0.05064892 -0.04710092
v -0.03054015 0.05939644 -0.05011130
v -0.02471265 0.05027818 -0.05302882
v -0.03459228 0.05064892 -0.04710092
v -0.02471265 0.05027818 -0.05302882
v -0.02986321 0.04020143 -0.04832085
v -0.02986321 0.04020143 -0.04832085
v -0.02471265 0.05027818 -0.05302882
v -0.01693100 0.03937788 -0.05415490
v -0.02986321 0.04020143 -0.04832085
v -0.01693100 0.03937788 -0.05415490
v -0.02483246 0.02939304 -0.04757136
v -0.02483246 0.02939304 -0.04757136
v -0.01693100 0.03937788 -0.05415490
v -0.01418197 0.02850707 -0.05128168
v -0.02483246 0.02939304 -0.04757136
v -0.01418197 0.02850707 -0.05128168
v -0.01416306 0.01807173 -0.04649995
v -0.01415373 0.00327930 -0.03752681
v -0.01416306 0.01807173 -0.04649995
v -0.00266001 0.01214742 -0.04518421
v -0.01415373 0.00327930 -0.03752681
v -0.00266001 0.01214742 -0.04518421
v -0.00267396 0.00198918 -0.03853692
v -0.01415373 0.00327930 -0.03752681
v -0.01425377 -0.01529767 -0.02175421
v -0.02486600 0.00485864 -0.03408279
v -0.02486600 0.00485864 -0.03408279
v -0.01425377 -0.01529767 -0.02175421
v -0.02486780 -0.01325266 -0.01863848
v -0.02486600 0.00485864 -0.03408279
v -0.02486780 -0.01325266 -0.01863848
v -0.03463315 0.00772255 -0.02915080
v -0.03463345 -0.00945530 -0.01448717
v -0.03463315 0.00772255 -0.02915080
v -0.03463345 -0.00945530 -0.01448717
v -0.04305927 0.01145792 -0.02271887
v -0.04305927 0.01145792 -0.02271887
v -0.03463345 -0.00945530 -0.01448717
v -0.04106668 -0.00577334 -0.01050645
v -0.04305927 0.01145792 -0.02271887
v -0.04106668 -0.00577334 -0.01050645
v -0.04667238 -0.00165132 -0.00594446
v -0.04305927 0.01145792 -0.02271887
v -0.04667238 -0.00165132 -0.00594446
v -0.04982764 0.01590701 -0.01502545
v -0.04982764 0.01590701 -0.01502545
v -0.04667238 -0.00165132 -0.00594446
v -0.05251145 0.00462679 0.00100565
v -0.04982764 0.01590701 -0.01502545
v -0.05251145 0.00462679 0.00100565
v -0.05468425 0.02083701 -0.00631577
v -0.05468425 0.02083701 -0.00631577
v -0.05251145 0.00462679 0.00100565
v -0.05634439 0.00586913 0.01440839
v -0.05468425 0.02083701 -0.00631577
v -0.05634439 0.00586913 0.01440839
v -0.05744556 0.03221663 -0.00140931
v -0.05744556 0.03221663 -0.00140931
v -0.05634439 0.00586913 0.01440839
v -0.05794086 0.01601729 0.01758699
v -0.05794086 0.01601729 0.01758699
v -0.05799713 0.00418276 0.03848880
v -0.05743736 0.03988578 0.01343362
v -0.05743736 0.03988578 0.01343362
v -0.05799713 0.00418276 0.03848880
v -0.05770367 0.01276363 0.03578053
v -0.05743736 0.03988578 0.01343362
v -0.05770367 0.01276363 0.03578053
v -0.05632448 0.02671818 0.03170163
v -0.05743736 0.03988578 0.01343362
v -0.05632448 0.02671818 0.03170163
v -0.05471274 0.04421225 0.02327019
v -0.05471274 0.04421225 0.02327019
v -0.05632448 0.02671818 0.03170163
v -0.05352936 0.03255481 0.03702723
v -0.01416306 0.01807173 -0.04649995
v -0.01418197 0.02850707 -0.05128168
v -0.00264200 0.02264473 -0.05069591
v -0.01416306 0.01807173 -0.04649995
v -0.00264200 0.02264473 -0.05069591
v -0.00266001 0.01214742 -0.04518421
v 0.04297066 0.05940728 0.03828606
v 0.04660973 0.05282715 0.03560371
v 0.04627631 0.05941636 0.03389334
v 0.04627631 0.05941636 0.03389334
v 0.04660973 0.05282715 0.03560371
v 0.05071951 0.05940630 0.02700187
v 0.05071951 0.05940630 0.02700187
v 0.04660973 0.05282715 0.03560371
v 0.05105321 0.05047510 0.02894154
v 0.05071951 0.05940630 0.02700187
v 0.05105321 0.05047510 0.02894154
v 0.05426252 0.05940741 0.01930183
v 0.05426252 0.05940741 0.01930183
v 0.05105321 0.05047510 0.02894154
v 0.05467478 0.05172964 0.02015849
v 0.05426252 0.05940741 0.01930183
v 0.05467478 0.05172964 0.02015849
v 0.05661031 0.05939724 0.01121278
v 0.05775410 0.05939849 -0.00528558
v 0.05798054 0.04891007 -0.00267041
v 0.05637336 0.05168068 -0.01429496
v 0.04164620 0.05124590 -0.04109584
v 0.04849055 0.04763912 -0.03202212
v 0.03900413 0.04156908 -0.04168574
v 0.04164620 0.05124590 -0.04109584
v 0.03900413 0.04156908 -0.04168574
v 0.03016844 0.05055443 -0.05010125
v 0.03016844 0.05055443 -0.05010125
v 0.03900413 0.04156908 -0.04168574
v 0.02985901 0.04025219 -0.04833655
v 0.03016844 0.05055443 -0.05010125
v 0.02985901 0.04025219 -0.04833655
v 0.01983862 0.04979753 -0.05499773
v 0.01983862 0.04979753 -0.05499773
v 0.02985901 0.04025219 -0.04833655
v 0.01956600 0.03930848 -0.05311188
v 0.01983862 0.04979753 -0.05499773
v 0.01956600 0.03930848 -0.05311188
v 0.00880227 0.04968103 -0.05785753
v 0.00880227 0.04968103 -0.05785753
v 0.01956600 0.03930848 -0.05311188
v 0.00854234 0.03856364 -0.05576370
v 0.00880227 0.04968103 -0.05785753
v 0.00854234 0.03856364 -0.05576370
v -0.00037790 0.04101279 -0.05698456
v -0.00037790 0.04101279 -0.05698456
v 0.00854234 0.03856364 -0.05576370
v -0.00262007 0.03337661 -0.05492935
v 0.03204472 0.05937674 0.04794342
v 0.02981436 0.05654940 0.05057847
v 0.03899753 0.05556611 0.04348375
v 0.05661031 0.05939724 0.01121278
v 0.05467478 0.05172964 0.02015849
v 0.05743781 0.03967633 0.01355326
v 0.05661031 0.05939724 0.01121278
v 0.05743781 0.03967633 0.01355326
v 0.05777447 0.05940117 0.00296125
v 0.05777447 0.05940117 0.00296125
v 0.05743781 0.03967633 0.01355326
v 0.05775410 0.05939849 -0.00528558
v 0.05775410 0.05939849 -0.00528558
v 0.05743781 0.03967633 0.01355326
v 0.05798054 0.04891007 -0.00267041
v 0.05637336 0.05168068 -0.01429496
v 0.05798054 0.04891007 -0.00267041
v 0.05747680 0.03312912 -0.00182250
v 0.05637336 0.05168068 -0.01429496
v 0.05747680 0.03312912 -0.00182250
v 0.05468806 0.03559192 -0.01499889
v 0.05637336 0.05168068 -0.01429496
v 0.05468806 0.03559192 -0.01499889
v 0.05280277 0.04811517 -0.02399838
v 0.05280277 0.04811517 -0.02399838
v 0.05468806 0.03559192 -0.01499889
v 0.04983842 0.03214646 -0.02455420
v 0.05280277 0.04811517 -0.02399838
v 0.04983842 0.03214646 -0.02455420
v 0.04849055 0.04763912 -0.03202212
v 0.04849055 0.04763912 -0.03202212
v 0.04983842 0.03214646 -0.02455420
v 0.04492810 0.02987047 -0.03096401
v 0.04849055 0.04763912 -0.03202212
v 0.04492810 0.02987047 -0.03096401
v 0.03900413 0.04156908 -0.04168574
v 0.03900413 0.04156908 -0.04168574
v 0.04492810 0.02987047 -0.03096401
v 0.03906780 0.02784694 -0.03684484
v 0.03900413 0.04156908 -0.04168574
v 0.03906780 0.02784694 -0.03684484
v 0.02985901 0.04025219 -0.04833655
v 0.02985901 0.04025219 -0.04833655
v 0.03906780 0.02784694 -0.03684484
v 0.02993969 0.02563893 -0.04319749
v 0.02985901 0.04025219 -0.04833655
v 0.02993969 0.02563893 -0.04319749
v 0.01956600 0.03930848 -0.05311188
v 0.01956600 0.03930848 -0.05311188
v 0.02993969 0.02563893 -0.04319749
v 0.01956670 0.02881546 -0.04966386
v 0.01956600 0.03930848 -0.05311188
v 0.01956670 0.02881546 -0.04966386
v 0.00854234 0.03856364 -0.05576370
v 0.00854234 0.03856364 -0.05576370
v 0.01956670 0.02881546 -0.04966386
v 0.00853708 0.02778213 -0.05219288
v 0.00854234 0.03856364 -0.05576370
v 0.00853708 0.02778213 -0.05219288
v -0.00262007 0.03337661 -0.05492935
v 0.01876545 0.05937325 0.05477240
v 0.02229240 0.05732485 0.05443769
v 0.02981436 0.05654940 0.05057847
v 0.05467478 0.05172964 0.02015849
v 0.05105321 0.05047510 0.02894154
v 0.05465886 0.04048335 0.02594810
v 0.05467478 0.05172964 0.02015849
v 0.05465886 0.04048335 0.02594810
v 0.05743781 0.03967633 0.01355326
v 0.01956670 0.02881546 -0.04966386
v 0.02993969 0.02563893 -0.04319749
v 0.01956800 0.01851142 -0.04491442
v 0.01956670 0.02881546 -0.04966386
v 0.01956800 0.01851142 -0.04491442
v 0.00853708 0.02778213 -0.05219288
v 0.00853149 0.01719768 -0.04728176
v -0.05352936 0.03255481 0.03702723
v -0.05093387 0.03825852 0.03815314
v -0.05471274 0.04421225 0.02327019
v 0.00853149 0.01719768 -0.04728176
v -0.00266001 0.01214742 -0.04518421
v -0.00264200 0.02264473 -0.05069591
v 0.00853149 0.01719768 -0.04728176
v -0.00264200 0.02264473 -0.05069591
v 0.00853708 0.02778213 -0.05219288
v 0.00853708 0.02778213 -0.05219288
v -0.00264200 0.02264473 -0.05069591
v -0.00262007 0.03337661 -0.05492935
v -0.00264200 0.02264473 -0.05069591
v -0.01418197 0.02850707 -0.05128168
v -0.00262007 0.03337661 -0.05492935
v -0.00262007 0.03337661 -0.05492935
v -0.01418197 0.02850707 -0.05128168
v -0.01693100 0.03937788 -0.05415490
v -0.00262007 0.03337661 -0.05492935
v -0.01693100 0.03937788 -0.05415490
v -0.00319742 0.04978408 -0.05855004
v -0.00037790 0.04101279 -0.05698456
v -0.00037790 0.04101279 -0.05698456
v -0.00319742 0.04978408 -0.05855004
v 0.00880227 0.04968103 -0.05785753
v 0.00880227 0.04968103 -0.05785753
v -0.00319742 0.04978408 -0.05855004
v 0.00181826 0.05938763 -0.05879870
v 0.00880227 0.04968103 -0.05785753
v 0.00181826 0.05938763 -0.05879870
v 0.01012056 0.05939595 -0.05793008
v 0.05468806 0.03559192 -0.01499889
v 0.05747680 0.03312912 -0.00182250
v 0.05468683 0.02149074 -0.00677792
v 0.05468806 0.03559192 -0.01499889
v 0.05468683 0.02149074 -0.00677792
v 0.04983842 0.03214646 -0.02455420
v 0.04983410 0.01626726 -0.01527152
v 0.04983842 0.03214646 -0.02455420
v 0.04983410 0.01626726 -0.01527152
v 0.04492810 0.02987047 -0.03096401
v 0.04490350 0.01278667 -0.02099202
v 0.04492810 0.02987047 -0.03096401
v 0.04490350 0.01278667 -0.02099202
v 0.03906780 0.02784694 -0.03684484
v 0.03905507 0.00969495 -0.02623359
v 0.03906780 0.02784694 -0.03684484
v 0.03905507 0.00969495 -0.02623359
v 0.02993969 0.02563893 -0.04319749
v 0.02992264 0.00631568 -0.03189995
v 0.02993969 0.02563893 -0.04319749
v 0.02992264 0.00631568 -0.03189995
v 0.01956800 0.01851142 -0.04491442
v 0.01956800 0.01851142 -0.04491442
v 0.02992264 0.00631568 -0.03189995
v 0.01962615 0.00388137 -0.03597462
v 0.01956800 0.01851142 -0.04491442
v 0.01962615 0.00388137 -0.03597462
v 0.00853149 0.01719768 -0.04728176
v 0.00853149 0.01719768 -0.04728176
v 0.01962615 0.00388137 -0.03597462
v 0.00852602 0.00691367 -0.04117583
v 0.00853149 0.01719768 -0.04728176
v 0.00852602 0.00691367 -0.04117583
v -0.00266001 0.01214742 -0.04518421
v -0.00266001 0.01214742 -0.04518421
v 0.00852602 0.00691367 -0.04117583
v -0.00267396 0.00198918 -0.03853692
v -0.00267396 0.00198918 -0.03853692
v -0.00268455 -0.00772818 -0.03089592
v -0.01415373 0.00327930 -0.03752681
v -0.01415373 0.00327930 -0.03752681
v -0.00268455 -0.00772818 -0.03089592
v -0.01425377 -0.01529767 -0.02175421
v 0.00837643 0.05939798 0.05761667
v 0.01411635 0.05766326 0.05784528
v 0.01876545 0.05937325 0.05477240
v 0.01876545 0.05937325 0.05477240
v 0.01411635 0.05766326 0.05784528
v 0.02229240 0.05732485 0.05443769
v 0.03899753 0.05556611 0.04348375
v 0.02981436 0.05654940 0.05057847
v 0.03896713 0.04946880 0.04801822
v 0.03899753 0.05556611 0.04348375
v 0.03896713 0.04946880 0.04801822
v 0.04660973 0.05282715 0.03560371
v 0.04660973 0.05282715 0.03560371
v 0.03896713 0.04946880 0.04801822
v 0.04661714 0.04416696 0.04187786
v 0.04660973 0.05282715 0.03560371
v 0.04661714 0.04416696 0.04187786
v 0.05105321 0.05047510 0.02894154
v 0.05107144 0.03961017 0.03674264
v 0.05105321 0.05047510 0.02894154
v 0.05107144 0.03961017 0.03674264
v 0.05465886 0.04048335 0.02594810
v 0.00852602 0.00691367 -0.04117583
v 0.01962615 0.00388137 -0.03597462
v 0.00853933 -0.00796927 -0.03004247
v 0.00852602 0.00691367 -0.04117583
v 0.00853933 -0.00796927 -0.03004247
v -0.00267396 0.00198918 -0.03853692
v -0.00267396 0.00198918 -0.03853692
v 0.00853933 -0.00796927 -0.03004247
v -0.00268455 -0.00772818 -0.03089592
v -0.00268455 -0.00772818 -0.03089592
v -0.00269209 -0.01689926 -0.02240674
v -0.01425377 -0.01529767 -0.02175421
v -0.03220179 0.05519438 0.04955814
v -0.03443895 0.05938652 0.04611476
v -0.03877720 0.05337418 0.04495457
v -0.00298867 0.05939458 0.05834850
v -0.01384641 0.05934363 0.05635528
v -0.00559322 0.05773461 0.06017798
v -0.00298867 0.05939458 0.05834850
v -0.00559322 0.05773461 0.06017798
v 0.00002284 0.05798949 0.06026090
v -0.00298867 0.05939458 0.05834850
v 0.00002284 0.05798949 0.06026090
v 0.00837643 0.05939798 0.05761667
v 0.00837643 0.05939798 0.05761667
v 0.00002284 0.05798949 0.06026090
v 0.00550047 0.05775545 0.06015666
v 0.00837643 0.05939798 0.05761667
v 0.00550047 0.05775545 0.06015666
v 0.01411635 0.05766326 0.05784528
v 0.02981436 0.05654940 0.05057847
v 0.02229240 0.05732485 0.05443769
v 0.02500724 0.05437406 0.05600092
v 0.02981436 0.05654940 0.05057847
v 0.02500724 0.05437406 0.05600092
v 0.03189163 0.05157514 0.05339726
v 0.02981436 0.05654940 0.05057847
v 0.03189163 0.05157514 0.05339726
v 0.03896713 0.04946880 0.04801822
v 0.05743781 0.03967633 0.01355326
v 0.05465886 0.04048335 0.02594810
v 0.05744626 0.01945040 0.03173933
v 0.05743781 0.03967633 0.01355326
v 0.05744626 0.01945040 0.03173933
v 0.05798054 0.04891007 -0.00267041
v 0.05798054 0.04891007 -0.00267041
v 0.05744626 0.01945040 0.03173933
v 0.05799673 0.00900856 0.02796039
v 0.05798054 0.04891007 -0.00267041
v 0.05799673 0.00900856 0.02796039
v 0.05747680 0.03312912 -0.00182250
v 0.05747680 0.03312912 -0.00182250
v 0.05634467 0.00660716 0.01354716
v 0.05468683 0.02149074 -0.00677792
v 0.05468683 0.02149074 -0.00677792
v 0.05634467 0.00660716 0.01354716
v 0.05251350 0.00505771 0.00057990
v 0.05468683 0.02149074 -0.00677792
v 0.05251350 0.00505771 0.00057990
v 0.04983410 0.01626726 -0.01527152
v 0.04983410 0.01626726 -0.01527152
v 0.05251350 0.00505771 0.00057990
v 0.04667653 -0.00138800 -0.00620021
v 0.04983410 0.01626726 -0.01527152
v 0.04667653 -0.00138800 -0.00620021
v 0.04490350 0.01278667 -0.02099202
v 0.04490350 0.01278667 -0.02099202
v 0.04667653 -0.00138800 -0.00620021
v 0.03905507 0.00969495 -0.02623359
v 0.03905507 0.00969495 -0.02623359
v 0.04667653 -0.00138800 -0.00620021
v 0.03904705 -0.00692898 -0.01209348
v 0.03905507 0.00969495 -0.02623359
v 0.03904705 -0.00692898 -0.01209348
v 0.02992264 0.00631568 -0.03189995
v 0.02991146 -0.01138431 -0.01684404
v 0.02992264 0.00631568 -0.03189995
v 0.02991146 -0.01138431 -0.01684404
v 0.01962615 0.00388137 -0.03597462
v 0.01961419 -0.01459084 -0.02025698
v 0.01962615 0.00388137 -0.03597462
v 0.01961419 -0.01459084 -0.02025698
v 0.00853933 -0.00796927 -0.03004247
v -0.00268455 -0.00772818 -0.03089592
v 0.00853933 -0.00796927 -0.03004247
v -0.00269209 -0.01689926 -0.02240674
v -0.00269209 -0.01689926 -0.02240674
v -0.00332695 -0.02800425 -0.01019111
v -0.01425377 -0.01529767 -0.02175421
v -0.01425377 -0.01529767 -0.02175421
v -0.00332695 -0.02800425 -0.01019111
v -0.01412956 -0.03131086 -0.00338022
v -0.01425377 -0.01529767 -0.02175421
v -0.01412956 -0.03131086 -0.00338022
v -0.02486780 -0.01325266 -0.01863848
v -0.02486780 -0.01325266 -0.01863848
v -0.01412956 -0.03131086 -0.00338022
v -0.02487265 -0.02887920 -0.00046491
v -0.02486780 -0.01325266 -0.01863848
v -0.02487265 -0.02887920 -0.00046491
v -0.03463345 -0.00945530 -0.01448717
v -0.03463663 -0.02427079 0.00276318
v -0.03463345 -0.00945530 -0.01448717
v -0.03463663 -0.02427079 0.00276318
v -0.04106668 -0.00577334 -0.01050645
v -0.04107326 -0.01980861 0.00585633
v -0.04106668 -0.00577334 -0.01050645
v -0.04107326 -0.01980861 0.00585633
v -0.04667238 -0.00165132 -0.00594446
v -0.04667385 -0.01480139 0.00941482
v -0.04667238 -0.00165132 -0.00594446
v -0.04667385 -0.01480139 0.00941482
v -0.05251145 0.00462679 0.00100565
v -0.05251145 0.00462679 0.00100565
v -0.04667385 -0.01480139 0.00941482
v -0.05251209 -0.00717060 0.01484240
v -0.05251145 0.00462679 0.00100565
v -0.05251209 -0.00717060 0.01484240
v -0.05634439 0.00586913 0.01440839
v -0.02474081 0.05659061 0.05377928
v -0.02974192 0.05134375 0.05619802
v -0.01945992 0.05635204 0.05702268
v 0.03189163 0.05157514 0.05339726
v 0.02500724 0.05437406 0.05600092
v 0.03439791 0.04705538 0.05868999
v 0.03189163 0.05157514 0.05339726
v 0.03439791 0.04705538 0.05868999
v 0.03873404 0.04517754 0.05422303
v 0.03873404 0.04517754 0.05422303
v 0.03439791 0.04705538 0.05868999
v 0.04277823 0.03947488 0.05862353
v 0.04277823 0.03947488 0.05862353
v 0.03439791 0.04705538 0.05868999
v 0.03702366 0.04430854 0.06267576
v 0.04277823 0.03947488 0.05862353
v 0.03702366 0.04430854 0.06267576
v 0.04309032 0.03847306 0.06267896
v -0.03443895 0.05938652 0.04611476
v -0.04291595 0.05944613 0.03797553
v -0.03877720 0.05337418 0.04495457
v -0.01384641 0.05934363 0.05635528
v -0.01945992 0.05635204 0.05702268
v -0.01130182 0.05737974 0.05924926
v -0.01384641 0.05934363 0.05635528
v -0.01130182 0.05737974 0.05924926
v -0.00559322 0.05773461 0.06017798
v 0.02229240 0.05732485 0.05443769
v 0.01411635 0.05766326 0.05784528
v 0.02500724 0.05437406 0.05600092
v 0.05465886 0.04048335 0.02594810
v 0.05107144 0.03961017 0.03674264
v 0.05471569 0.02764392 0.03880421
v 0.05465886 0.04048335 0.02594810
v 0.05471569 0.02764392 0.03880421
v 0.05744626 0.01945040 0.03173933
v 0.05747680 0.03312912 -0.00182250
v 0.05799673 0.00900856 0.02796039
v 0.05634467 0.00660716 0.01354716
v 0.00853933 -0.00796927 -0.03004247
v 0.01961419 -0.01459084 -0.02025698
v 0.00866020 -0.02533338 -0.01253012
v 0.00853933 -0.00796927 -0.03004247
v 0.00866020 -0.02533338 -0.01253012
v -0.00269209 -0.01689926 -0.02240674
v -0.00269209 -0.01689926 -0.02240674
v 0.00866020 -0.02533338 -0.01253012
v -0.00332695 -0.02800425 -0.01019111
v -0.01945992 0.05635204 0.05702268
v -0.01954140 0.05479162 0.05996286
v -0.01130182 0.05737974 0.05924926
v 0.01411635 0.05766326 0.05784528
v 0.00550047 0.05775545 0.06015666
v 0.01410651 0.05631347 0.06045901
v 0.01411635 0.05766326 0.05784528
v 0.01410651 0.05631347 0.06045901
v 0.02500724 0.05437406 0.05600092
v 0.02500724 0.05437406 0.05600092
v 0.02477024 0.05261795 0.05983362
v 0.03439791 0.04705538 0.05868999
v 0.03439791 0.04705538 0.05868999
v 0.03019480 0.04920226 0.06268012
v 0.03702366 0.04430854 0.06267576
v 0.05544184 -0.01687615 0.06267293
v 0.05770758 -0.00770320 0.06267352
v 0.05727595 -0.00862970 0.06267351
v -0.05565013 -0.01674942 0.06267121
v -0.05406258 -0.02091713 0.06267217
v -0.05653769 -0.01269680 0.06266990
v 0.05790013 -0.00016219 0.06266958
v -0.01804870 0.05665687 0.52943892
v -0.02436078 0.05664836 0.53280899
v -0.01805350 0.05666450 0.61178862
v -0.01079688 0.05665033 0.61427430
v -0.00366375 0.05665405 0.61543280
v -0.00352260 0.05666189 0.52578894
v 0.00370812 0.05665690 0.61542370
v 0.01102293 0.05665681 0.61420485
v 0.01788549 0.05665218 0.61187602
v -0.01092318 0.05665063 0.52699217
v 0.03038255 0.05665953 0.53747654
v 0.02434213 0.05664882 0.53279770
v 0.03033767 0.05666236 0.60379977
v 0.01784982 0.05665005 0.52933773
v 0.01103515 0.05665668 0.52703203
v 0.02441665 0.05665125 0.60838199
v 0.00371459 0.05665836 0.52581336
v -0.03945007 0.05665885 0.59217663
v -0.03544005 0.05665696 0.59829075
v -0.04249468 0.05665956 0.55592039
v -0.03027231 0.05665521 0.53737009
v -0.03544574 0.05665926 0.54295413
v -0.02453624 0.05665328 0.60829947
v -0.03033439 0.05665373 0.60380996
v 0.03544706 0.05665383 0.59828324
v 0.03949223 0.05665642 0.59211792
v 0.03544470 0.05665353 0.54294686
v 0.03948725 0.05665749 0.54911097
v -0.03949424 0.05665562 0.54912665
v -0.04249468 0.05665956 0.55592039
v -0.04433739 0.05665148 0.56311640
v -0.04497303 0.05664966 0.57058109
v 0.04249403 0.05665250 0.58532717
v 0.04433868 0.05665509 0.57810119
v 0.04249584 0.05665745 0.55593217
v 0.04249584 0.05665745 0.55593217
v 0.04433868 0.05665509 0.57810119
v 0.04497403 0.05664911 0.57060690
v 0.04497403 0.05664911 0.57060690
v 0.04434319 0.05665106 0.56314698
v -0.04497303 0.05664966 0.57058109
v -0.04434124 0.05665371 0.57808618
v -0.04251559 0.05665387 0.58525698
v -0.01092318 0.05665063 0.52699217
v -0.01534330 0.05649882 0.52846963
v -0.01804870 0.05665687 0.52943892
v 0.00370812 0.05665690 0.61542370
v 0.00778905 0.05649883 0.61478303
v 0.01102293 0.05665681 0.61420485
v -0.01805350 0.05666450 0.61178862
v -0.01534330 0.05649883 0.61276431
v -0.01079688 0.05665033 0.61427430
v 0.04459066 -0.03229619 0.56449316
v 0.04424825 -0.01735807 0.56251167
v 0.04499941 -0.02983534 0.57061710
v 0.04499941 -0.02983534 0.57061710
v 0.04424825 -0.01735807 0.56251167
v 0.04487776 -0.01387476 0.56706185
v 0.04499941 -0.02983534 0.57061710
v 0.04487776 -0.01387476 0.56706185
v 0.04499401 0.00589456 0.57019810
v 0.04499401 0.00589456 0.57019810
v 0.04477125 0.01262722 0.56544437
v 0.04497403 0.05664911 0.57060690
v 0.04228432 -0.03602718 0.55522301
v 0.04191822 -0.02296840 0.55420581
v 0.04375555 -0.03406138 0.56011003
v 0.04375555 -0.03406138 0.56011003
v 0.04191822 -0.02296840 0.55420581
v 0.04274467 -0.02083104 0.55646097
v 0.04375555 -0.03406138 0.56011003
v 0.04274467 -0.02083104 0.55646097
v 0.04459066 -0.03229619 0.56449316
v 0.04459066 -0.03229619 0.56449316
v 0.04274467 -0.02083104 0.55646097
v 0.04424825 -0.01735807 0.56251167
v 0.03956877 -0.02699038 0.54920588
v 0.04228432 -0.03602718 0.55522301
v 0.04016454 -0.03799707 0.55032525
v 0.03956877 -0.02699038 0.54920588
v 0.04016454 -0.03799707 0.55032525
v 0.03763146 -0.03975355 0.54596599
v 0.04228432 -0.03602718 0.55522301
v 0.03956877 -0.02699038 0.54920588
v 0.04072055 -0.02518562 0.55162943
v 0.04191822 -0.02296840 0.55420581
v 0.03478579 -0.04131521 0.54207786
v 0.03445405 -0.03264735 0.54167845
v 0.03763146 -0.03975355 0.54596599
v 0.03763146 -0.03975355 0.54596599
v 0.03445405 -0.03264735 0.54167845
v 0.03704798 -0.02992455 0.54506220
v 0.03763146 -0.03975355 0.54596599
v 0.03704798 -0.02992455 0.54506220
v 0.03956877 -0.02699038 0.54920588
v 0.03478579 -0.04131521 0.54207786
v 0.03172979 -0.03490352 0.53870760
v 0.03445405 -0.03264735 0.54167845
v 0.03154229 -0.04274456 0.53852291
v 0.03172979 -0.03490352 0.53870760
v 0.03154229 -0.04274456 0.53852291
v 0.02762403 -0.03801365 0.53510395
v 0.02762882 -0.04412084 0.53510645
v 0.01470240 -0.04694240 0.52808427
v 0.01510101 -0.04409277 0.52822526
v 0.01900294 -0.04261044 0.52982161
v 0.01470240 -0.04694240 0.52808427
v 0.01900294 -0.04261044 0.52982161
v 0.01928475 -0.04618571 0.52999483
v 0.02762403 -0.03801365 0.53510395
v 0.02762882 -0.04412084 0.53510645
v 0.02366508 -0.04031486 0.53232640
v 0.02360771 -0.04524440 0.53230919
v 0.02366508 -0.04031486 0.53232640
v 0.02360771 -0.04524440 0.53230919
v 0.01900294 -0.04261044 0.52982161
v 0.01900294 -0.04261044 0.52982161
v 0.02360771 -0.04524440 0.53230919
v 0.01928475 -0.04618571 0.52999483
v 0.01086591 -0.04529983 0.52694463
v 0.01510101 -0.04409277 0.52822526
v 0.01470240 -0.04694240 0.52808427
v 0.00531824 -0.04780834 0.52593085
v 0.00652890 -0.04624248 0.52608936
v 0.00996450 -0.04748483 0.52674688
v 0.01470240 -0.04694240 0.52808427
v 0.00996450 -0.04748483 0.52674688
v 0.01086591 -0.04529983 0.52694463
v 0.01086591 -0.04529983 0.52694463
v 0.00996450 -0.04748483 0.52674688
v 0.00652890 -0.04624248 0.52608936
v -0.00077546 -0.04662758 0.52563380
v 0.00027621 -0.04793854 0.52561708
v -0.00492782 -0.04782656 0.52589106
v -0.00077546 -0.04662758 0.52563380
v -0.00492782 -0.04782656 0.52589106
v -0.00508624 -0.04620935 0.52590400
v -0.00508624 -0.04620935 0.52590400
v -0.00492782 -0.04782656 0.52589106
v -0.00989604 -0.04749208 0.52673046
v 0.00027621 -0.04793854 0.52561708
v -0.00077546 -0.04662758 0.52563380
v 0.00251745 -0.04657246 0.52568318
v 0.00027621 -0.04793854 0.52561708
v 0.00251745 -0.04657246 0.52568318
v 0.00531824 -0.04780834 0.52593085
v 0.00531824 -0.04780834 0.52593085
v 0.00251745 -0.04657246 0.52568318
v 0.00652890 -0.04624248 0.52608936
v -0.01484403 -0.04692220 0.52813895
v -0.01468690 -0.04424341 0.52808286
v -0.01100112 -0.04536616 0.52697997
v -0.01484403 -0.04692220 0.52813895
v -0.01100112 -0.04536616 0.52697997
v -0.00989604 -0.04749208 0.52673046
v -0.00989604 -0.04749208 0.52673046
v -0.01100112 -0.04536616 0.52697997
v -0.00759682 -0.04597885 0.52630438
v -0.00989604 -0.04749208 0.52673046
v -0.00759682 -0.04597885 0.52630438
v -0.00508624 -0.04620935 0.52590400
v -0.02804310 -0.04399046 0.53542682
v -0.02792963 -0.03780385 0.53534253
v -0.02398066 -0.04009868 0.53252458
v -0.02396758 -0.04515473 0.53252897
v -0.02396758 -0.04515473 0.53252897
v -0.02398066 -0.04009868 0.53252458
v -0.01925406 -0.04248244 0.52994099
v -0.01951985 -0.04614401 0.53006904
v -0.01951985 -0.04614401 0.53006904
v -0.01925406 -0.04248244 0.52994099
v -0.01484403 -0.04692220 0.52813895
v -0.01484403 -0.04692220 0.52813895
v -0.01925406 -0.04248244 0.52994099
v -0.01468690 -0.04424341 0.52808286
v -0.03513398 -0.03199379 0.54249973
v -0.03187038 -0.03484855 0.53884450
v -0.03506642 -0.04117874 0.54241477
v -0.03506642 -0.04117874 0.54241477
v -0.03187038 -0.03484855 0.53884450
v -0.03181939 -0.04263409 0.53879763
v -0.03181939 -0.04263409 0.53879763
v -0.03187038 -0.03484855 0.53884450
v -0.02792963 -0.03780385 0.53534253
v -0.03181939 -0.04263409 0.53879763
v -0.02792963 -0.03780385 0.53534253
v -0.02804310 -0.04399046 0.53542682
v -0.03807257 -0.03948377 0.54662999
v -0.03828237 -0.02850031 0.54697001
v -0.03513398 -0.03199379 0.54249973
v -0.03807257 -0.03948377 0.54662999
v -0.03513398 -0.03199379 0.54249973
v -0.03506642 -0.04117874 0.54241477
v -0.04058505 -0.02518722 0.55118016
v -0.04238335 -0.03591305 0.55550749
v -0.04251274 -0.02210430 0.55586760
v -0.03828237 -0.02850031 0.54697001
v -0.03807257 -0.03948377 0.54662999
v -0.04042907 -0.03778301 0.55085753
v -0.03828237 -0.02850031 0.54697001
v -0.04042907 -0.03778301 0.55085753
v -0.04058505 -0.02518722 0.55118016
v -0.04058505 -0.02518722 0.55118016
v -0.04042907 -0.03778301 0.55085753
v -0.04238335 -0.03591305 0.55550749
v -0.04388777 -0.03375619 0.56087559
v -0.04393354 -0.01881853 0.56098844
v -0.04251274 -0.02210430 0.55586760
v -0.04238335 -0.03591305 0.55550749
v -0.04482727 0.01247662 0.56617605
v -0.04497303 0.05664966 0.57058109
v -0.04408013 0.01735888 0.56156521
v -0.04482727 0.01247662 0.56617605
v -0.04499398 0.00573790 0.56994950
v -0.04497303 0.05664966 0.57058109
v -0.04499485 -0.00650236 0.56992918
v -0.04499398 0.00573790 0.56994950
v -0.04496622 -0.00014056 0.56463958
v -0.04499485 -0.00650236 0.56992918
v -0.04497303 0.05664966 0.57058109
v -0.04499398 0.00573790 0.56994950
v -0.04499485 -0.00650236 0.56992918
v -0.04479785 -0.01050319 0.56549796
v -0.04499942 -0.02983537 0.57061710
v -0.04499942 -0.02983537 0.57061710
v -0.04479785 -0.01050319 0.56549796
v -0.04470995 -0.03179847 0.56573862
v -0.04470995 -0.03179847 0.56573862
v -0.04479785 -0.01050319 0.56549796
v -0.04393354 -0.01881853 0.56098844
v -0.04470995 -0.03179847 0.56573862
v -0.04393354 -0.01881853 0.56098844
v -0.04388777 -0.03375619 0.56087559
v -0.04497303 0.05664966 0.57058109
v -0.04433739 0.05665148 0.56311640
v -0.04408013 0.01735888 0.56156521
v -0.04082371 0.02437585 0.55162522
v -0.04249468 0.05665956 0.55592039
v -0.03850041 0.02794258 0.54734646
v -0.04082371 0.02437585 0.55162522
v -0.04269527 0.02096516 0.55634458
v -0.04249468 0.05665956 0.55592039
v -0.04249468 0.05665956 0.55592039
v -0.04269527 0.02096516 0.55634458
v -0.04433739 0.05665148 0.56311640
v -0.04408013 0.01735888 0.56156521
v -0.03544574 0.05665926 0.54295413
v -0.03543976 0.03128043 0.54287692
v -0.03949424 0.05665562 0.54912665
v -0.03949424 0.05665562 0.54912665
v -0.03543976 0.03128043 0.54287692
v -0.03850041 0.02794258 0.54734646
v -0.04249468 0.05665956 0.55592039
v -0.03949424 0.05665562 0.54912665
v -0.03850041 0.02794258 0.54734646
v -0.02436078 0.05664836 0.53280899
v -0.02057454 0.04147607 0.53059802
v -0.02431713 0.03958495 0.53275510
v -0.02436078 0.05664836 0.53280899
v -0.02431713 0.03958495 0.53275510
v -0.03027231 0.05665521 0.53737009
v -0.03027231 0.05665521 0.53737009
v -0.02431713 0.03958495 0.53275510
v -0.02839027 0.03711733 0.53571496
v -0.03027231 0.05665521 0.53737009
v -0.02839027 0.03711733 0.53571496
v -0.03206095 0.03424065 0.53902571
v -0.03027231 0.05665521 0.53737009
v -0.03206095 0.03424065 0.53902571
v -0.03544574 0.05665926 0.54295413
v -0.03544574 0.05665926 0.54295413
v -0.03206095 0.03424065 0.53902571
v -0.03543976 0.03128043 0.54287692
v -0.01655796 0.04312877 0.52875296
v -0.02057454 0.04147607 0.53059802
v -0.02436078 0.05664836 0.53280899
v -0.01534330 0.05649882 0.52846963
v -0.01298666 0.04427754 0.52752684
v -0.01804870 0.05665687 0.52943892
v -0.01804870 0.05665687 0.52943892
v -0.01298666 0.04427754 0.52752684
v -0.01655796 0.04312877 0.52875296
v -0.01804870 0.05665687 0.52943892
v -0.01655796 0.04312877 0.52875296
v -0.02436078 0.05664836 0.53280899
v -0.01092318 0.05665063 0.52699217
v -0.00790438 0.04545988 0.52630395
v -0.01017231 0.04506845 0.52681768
v -0.01092318 0.05665063 0.52699217
v -0.01017231 0.04506845 0.52681768
v -0.01534330 0.05649882 0.52846963
v -0.01534330 0.05649882 0.52846963
v -0.01017231 0.04506845 0.52681768
v -0.01298666 0.04427754 0.52752684
v -0.00352260 0.05666189 0.52578894
v 0.00006715 0.04617678 0.52560004
v -0.00490672 0.04581236 0.52587226
v -0.00352260 0.05666189 0.52578894
v -0.00490672 0.04581236 0.52587226
v -0.01092318 0.05665063 0.52699217
v -0.01092318 0.05665063 0.52699217
v -0.00490672 0.04581236 0.52587226
v -0.00790438 0.04545988 0.52630395
v 0.00367838 0.04614124 0.52576587
v 0.00371459 0.05665836 0.52581336
v 0.00768490 0.04558694 0.52627667
v 0.00371459 0.05665836 0.52581336
v 0.00367838 0.04614124 0.52576587
v -0.00352260 0.05666189 0.52578894
v -0.00352260 0.05666189 0.52578894
v 0.00367838 0.04614124 0.52576587
v 0.00006715 0.04617678 0.52560004
v 0.01784982 0.05665005 0.52933773
v 0.01270876 0.04437239 0.52745195
v 0.01008703 0.04505631 0.52678167
v 0.01784982 0.05665005 0.52933773
v 0.01008703 0.04505631 0.52678167
v 0.01103515 0.05665668 0.52703203
v 0.01103515 0.05665668 0.52703203
v 0.01008703 0.04505631 0.52678167
v 0.00768490 0.04558694 0.52627667
v 0.01103515 0.05665668 0.52703203
v 0.00768490 0.04558694 0.52627667
v 0.00371459 0.05665836 0.52581336
v 0.02428596 0.03961258 0.53272886
v 0.02013827 0.04162948 0.53037488
v 0.02434213 0.05664882 0.53279770
v 0.02013827 0.04162948 0.53037488
v 0.01643374 0.04317856 0.52871310
v 0.02434213 0.05664882 0.53279770
v 0.02434213 0.05664882 0.53279770
v 0.01643374 0.04317856 0.52871310
v 0.01784982 0.05665005 0.52933773
v 0.01784982 0.05665005 0.52933773
v 0.01643374 0.04317856 0.52871310
v 0.01270876 0.04437239 0.52745195
v 0.02428596 0.03961258 0.53272886
v 0.02434213 0.05664882 0.53279770
v 0.03038255 0.05665953 0.53747654
v 0.02428596 0.03961258 0.53272886
v 0.03038255 0.05665953 0.53747654
v 0.02819769 0.03721369 0.53555414
v 0.03488613 0.03182259 0.54219315
v 0.03174109 0.03457961 0.53871389
v 0.03544470 0.05665353 0.54294686
v 0.03544470 0.05665353 0.54294686
v 0.03174109 0.03457961 0.53871389
v 0.03038255 0.05665953 0.53747654
v 0.03038255 0.05665953 0.53747654
v 0.03174109 0.03457961 0.53871389
v 0.02819769 0.03721369 0.53555414
v 0.03948725 0.05665749 0.54911097
v 0.03773466 0.02881685 0.54609453
v 0.03488613 0.03182259 0.54219315
v 0.03488613 0.03182259 0.54219315
v 0.03544470 0.05665353 0.54294686
v 0.03948725 0.05665749 0.54911097
v 0.04237482 0.02202822 0.55550047
v 0.04017719 0.02560545 0.55033117
v 0.04249584 0.05665745 0.55593217
v 0.04249584 0.05665745 0.55593217
v 0.04017719 0.02560545 0.55033117
v 0.03948725 0.05665749 0.54911097
v 0.03948725 0.05665749 0.54911097
v 0.04017719 0.02560545 0.55033117
v 0.03773466 0.02881685 0.54609453
v 0.04385836 0.01741094 0.56042485
v 0.04237482 0.02202822 0.55550047
v 0.04434319 0.05665106 0.56314698
v 0.04497403 0.05664911 0.57060690
v 0.04477125 0.01262722 0.56544437
v 0.04434319 0.05665106 0.56314698
v 0.04434319 0.05665106 0.56314698
v 0.04477125 0.01262722 0.56544437
v 0.04385836 0.01741094 0.56042485
v 0.04237482 0.02202822 0.55550047
v 0.04249584 0.05665745 0.55593217
v 0.04434319 0.05665106 0.56314698
v -0.01473006 -0.01273243 0.61313736
v -0.00988915 -0.01218048 0.61448842
v -0.01534330 0.05649883 0.61276431
v -0.01534330 0.05649883 0.61276431
v -0.00988915 -0.01218048 0.61448842
v -0.01079688 0.05665033 0.61427430
v -0.02453624 0.05665328 0.60829947
v -0.01917798 -0.01346065 0.61134533
v -0.01805350 0.05666450 0.61178862
v -0.01805350 0.05666450 0.61178862
v -0.01917798 -0.01346065 0.61134533
v -0.01534330 0.05649883 0.61276431
v -0.01534330 0.05649883 0.61276431
v -0.01917798 -0.01346065 0.61134533
v -0.01473006 -0.01273243 0.61313736
v -0.02764717 -0.01555752 0.60610394
v -0.02361365 -0.01442754 0.60892312
v -0.03033439 0.05665373 0.60380996
v -0.03033439 0.05665373 0.60380996
v -0.02361365 -0.01442754 0.60892312
v -0.02453624 0.05665328 0.60829947
v -0.02453624 0.05665328 0.60829947
v -0.02361365 -0.01442754 0.60892312
v -0.01917798 -0.01346065 0.61134533
v -0.03544005 0.05665696 0.59829075
v -0.03154211 -0.01692605 0.60271135
v -0.03033439 0.05665373 0.60380996
v -0.03033439 0.05665373 0.60380996
v -0.03154211 -0.01692605 0.60271135
v -0.02764717 -0.01555752 0.60610394
v -0.03945007 0.05665885 0.59217663
v -0.03766845 -0.01993333 0.59523488
v -0.03482611 -0.01837297 0.59911484
v -0.03945007 0.05665885 0.59217663
v -0.03482611 -0.01837297 0.59911484
v -0.03544005 0.05665696 0.59829075
v -0.03544005 0.05665696 0.59829075
v -0.03482611 -0.01837297 0.59911484
v -0.03154211 -0.01692605 0.60271135
v -0.03945007 0.05665885 0.59217663
v -0.04232939 -0.02368186 0.58591921
v -0.04016426 -0.02167341 0.59090944
v -0.03945007 0.05665885 0.59217663
v -0.04016426 -0.02167341 0.59090944
v -0.03766845 -0.01993333 0.59523488
v -0.04434124 0.05665371 0.57808618
v -0.04375542 -0.02560903 0.58112484
v -0.04232939 -0.02368186 0.58591921
v -0.04434124 0.05665371 0.57808618
v -0.04232939 -0.02368186 0.58591921
v -0.04251559 0.05665387 0.58525698
v -0.04251559 0.05665387 0.58525698
v -0.04232939 -0.02368186 0.58591921
v -0.03945007 0.05665885 0.59217663
v -0.04499485 -0.00650236 0.56992918
v -0.04499942 -0.02983537 0.57061710
v -0.04497303 0.05664966 0.57058109
v -0.04497303 0.05664966 0.57058109
v -0.04499942 -0.02983537 0.57061710
v -0.04469328 -0.02772768 0.57585714
v -0.04375542 -0.02560903 0.58112484
v -0.04434124 0.05665371 0.57808618
v -0.04469328 -0.02772768 0.57585714
v -0.04469328 -0.02772768 0.57585714
v -0.04434124 0.05665371 0.57808618
v -0.04497303 0.05664966 0.57058109
v 0.04468531 -0.02770050 0.57592453
v 0.04497403 0.05664911 0.57060690
v 0.04400346 -0.02609457 0.57991648
v 0.04499941 -0.02983534 0.57061710
v 0.04499401 0.00589456 0.57019810
v 0.04497403 0.05664911 0.57060690
v 0.04499941 -0.02983534 0.57061710
v 0.04497403 0.05664911 0.57060690
v 0.04468531 -0.02770050 0.57592453
v 0.04497403 0.05664911 0.57060690
v 0.04433868 0.05665509 0.57810119
v 0.04400346 -0.02609457 0.57991648
v 0.04012005 -0.02165326 0.59096150
v 0.04249403 0.05665250 0.58532717
v 0.03949223 0.05665642 0.59211792
v 0.04012005 -0.02165326 0.59096150
v 0.03949223 0.05665642 0.59211792
v 0.03807462 -0.02018794 0.59460190
v 0.04012005 -0.02165326 0.59096150
v 0.04239931 -0.02377153 0.58569301
v 0.04249403 0.05665250 0.58532717
v 0.04249403 0.05665250 0.58532717
v 0.04239931 -0.02377153 0.58569301
v 0.04433868 0.05665509 0.57810119
v 0.04433868 0.05665509 0.57810119
v 0.04239931 -0.02377153 0.58569301
v 0.04400346 -0.02609457 0.57991648
v 0.03544706 0.05665383 0.59828324
v 0.03506586 -0.01849173 0.59881974
v 0.03949223 0.05665642 0.59211792
v 0.03949223 0.05665642 0.59211792
v 0.03506586 -0.01849173 0.59881974
v 0.03807462 -0.02018794 0.59460190
v 0.03033767 0.05666236 0.60379977
v 0.02805827 -0.01568738 0.60578315
v 0.03181938 -0.01703661 0.60243645
v 0.03033767 0.05666236 0.60379977
v 0.03181938 -0.01703661 0.60243645
v 0.03544706 0.05665383 0.59828324
v 0.03544706 0.05665383 0.59828324
v 0.03181938 -0.01703661 0.60243645
v 0.03506586 -0.01849173 0.59881974
v 0.01945471 -0.01351758 0.61115185
v 0.02441665 0.05665125 0.60838199
v 0.01788549 0.05665218 0.61187602
v 0.01945471 -0.01351758 0.61115185
v 0.01788549 0.05665218 0.61187602
v 0.01484156 -0.01274828 0.61309305
v 0.02441665 0.05665125 0.60838199
v 0.01945471 -0.01351758 0.61115185
v 0.02397104 -0.01451683 0.60870266
v 0.02441665 0.05665125 0.60838199
v 0.02397104 -0.01451683 0.60870266
v 0.03033767 0.05666236 0.60379977
v 0.03033767 0.05666236 0.60379977
v 0.02397104 -0.01451683 0.60870266
v 0.02805827 -0.01568738 0.60578315
v 0.00778905 0.05649883 0.61478303
v 0.00989928 -0.01217864 0.61451423
v 0.01102293 0.05665681 0.61420485
v 0.01102293 0.05665681 0.61420485
v 0.00989928 -0.01217864 0.61451423
v 0.01788549 0.05665218 0.61187602
v 0.01788549 0.05665218 0.61187602
v 0.00989928 -0.01217864 0.61451423
v 0.01484156 -0.01274828 0.61309305
v -0.00988915 -0.01218048 0.61448842
v -0.00530934 -0.01186224 0.61528290
v -0.01079688 0.05665033 0.61427430
v -0.01079688 0.05665033 0.61427430
v -0.00530934 -0.01186224 0.61528290
v -0.00366375 0.05665405 0.61543280
v -0.00366375 0.05665405 0.61543280
v -0.00530934 -0.01186224 0.61528290
v -0.00032853 -0.01173203 0.61562109
v -0.00366375 0.05665405 0.61543280
v -0.00032853 -0.01173203 0.61562109
v 0.00370812 0.05665690 0.61542370
v 0.00370812 0.05665690 0.61542370
v -0.00032853 -0.01173203 0.61562109
v 0.00490639 -0.01184352 0.61533618
v 0.00370812 0.05665690 0.61542370
v 0.00490639 -0.01184352 0.61533618
v 0.00778905 0.05649883 0.61478303
v 0.00989928 -0.01217864 0.61451423
v -0.03840296 -0.02340795 0.54098760
v -0.03843756 -0.02404969 0.54372115
v -0.04081600 -0.01898326 0.54520910
v 0.04191822 -0.02296840 0.55420581
v 0.04072055 -0.02518562 0.55162943
v 0.04066514 -0.02129287 0.54909828
v 0.03826493 -0.02369794 0.54161058
v 0.03553078 -0.02814676 0.54009449
v 0.03550827 -0.02759014 0.53798874
v 0.03550827 -0.02759014 0.53798874
v 0.03553078 -0.02814676 0.54009449
v 0.03218648 -0.03141997 0.53535962
v -0.04499813 -0.00016323 0.51771770
v -0.04476187 -0.00492534 0.51771758
v -0.04496622 -0.00014056 0.56463958
v 0.04499401 0.00589456 0.57019810
v 0.04487776 -0.01387476 0.56706185
v 0.04493295 -0.00059917 0.56763673
v 0.04493295 -0.00059917 0.56763673
v 0.04487776 -0.01387476 0.56706185
v 0.04478558 -0.00775932 0.56277400
v 0.04480817 -0.00441972 0.55681454
v 0.04498434 -0.00019428 0.56273457
v 0.04478558 -0.00775932 0.56277400
v 0.04499551 -0.00018742 0.51771788
v 0.04498434 -0.00019428 0.56273457
v 0.04480817 -0.00441972 0.55681454
v 0.01460686 -0.04267643 0.52551130
v 0.01790892 -0.04170605 0.51771740
v 0.01976668 -0.04046263 0.52718724
v 0.01976668 -0.04046263 0.52718724
v 0.01790892 -0.04170605 0.51771740
v 0.02416492 -0.03831157 0.51771770
v 0.00999954 -0.04401951 0.52470888
v 0.01020295 -0.04413317 0.51771758
v 0.01460686 -0.04267643 0.52551130
v 0.01460686 -0.04267643 0.52551130
v 0.01020295 -0.04413317 0.51771758
v 0.01790892 -0.04170605 0.51771740
v 0.00503692 -0.04490104 0.52420920
v 0.01020295 -0.04413317 0.51771758
v 0.00999954 -0.04401951 0.52470888
v 0.00003124 -0.04521941 0.52432730
v -0.00262060 -0.04522946 0.51771740
v 0.00480191 -0.04497313 0.51771758
v 0.00003124 -0.04521941 0.52432730
v 0.00480191 -0.04497313 0.51771758
v 0.00503692 -0.04490104 0.52420920
v 0.00503692 -0.04490104 0.52420920
v 0.00480191 -0.04497313 0.51771758
v 0.01020295 -0.04413317 0.51771758
v -0.00262060 -0.04522946 0.51771740
v 0.00003124 -0.04521941 0.52432730
v -0.00506093 -0.04490460 0.52438009
v -0.00262060 -0.04522946 0.51771740
v -0.00506093 -0.04490460 0.52438009
v -0.01225467 -0.04367664 0.51771758
v -0.01225467 -0.04367664 0.51771758
v -0.00506093 -0.04490460 0.52438009
v -0.01005645 -0.04401277 0.52500106
v -0.01225467 -0.04367664 0.51771758
v -0.01005645 -0.04401277 0.52500106
v -0.01498909 -0.04252700 0.52608008
v -0.01225467 -0.04367664 0.51771758
v -0.01498909 -0.04252700 0.52608008
v -0.01967000 -0.04084002 0.51771770
v 0.00652890 -0.04624248 0.52608936
v 0.00251745 -0.04657246 0.52568318
v 0.00509833 -0.04567928 0.52565705
v 0.00652890 -0.04624248 0.52608936
v 0.00509833 -0.04567928 0.52565705
v 0.00766301 -0.04533903 0.52602637
v 0.00652890 -0.04624248 0.52608936
v 0.00766301 -0.04533903 0.52602637
v 0.01086591 -0.04529983 0.52694463
v 0.01086591 -0.04529983 0.52694463
v 0.01258473 -0.04425530 0.52715477
v 0.01510101 -0.04409277 0.52822526
v 0.01510101 -0.04409277 0.52822526
v 0.01258473 -0.04425530 0.52715477
v 0.01493099 -0.04324934 0.52771013
v 0.01510101 -0.04409277 0.52822526
v 0.01493099 -0.04324934 0.52771013
v 0.01900294 -0.04261044 0.52982161
v 0.00251745 -0.04657246 0.52568318
v -0.00077546 -0.04662758 0.52563380
v 0.00253773 -0.04581899 0.52537227
v 0.00251745 -0.04657246 0.52568318
v 0.00253773 -0.04581899 0.52537227
v 0.00509833 -0.04567928 0.52565705
v 0.01086591 -0.04529983 0.52694463
v 0.00766301 -0.04533903 0.52602637
v 0.00999155 -0.04435615 0.52602204
v 0.00999155 -0.04435615 0.52602204
v 0.00750337 -0.04464287 0.52512117
v 0.00509833 -0.04567928 0.52565705
v 0.00506814 -0.04509179 0.52495589
v 0.00506814 -0.04509179 0.52495589
v 0.00509833 -0.04567928 0.52565705
v 0.00253773 -0.04581899 0.52537227
v 0.00506814 -0.04509179 0.52495589
v 0.00253773 -0.04581899 0.52537227
v 0.00258234 -0.04519284 0.52452499
v 0.00258234 -0.04519284 0.52452499
v 0.00253773 -0.04581899 0.52537227
v 0.00000144 -0.04587148 0.52528371
v 0.00258234 -0.04519284 0.52452499
v 0.00000144 -0.04587148 0.52528371
v 0.00003124 -0.04521941 0.52432730
v 0.00766301 -0.04533903 0.52602637
v 0.00509833 -0.04567928 0.52565705
v 0.00750337 -0.04464287 0.52512117
v 0.00766301 -0.04533903 0.52602637
v 0.00750337 -0.04464287 0.52512117
v 0.00999155 -0.04435615 0.52602204
v 0.01258473 -0.04425530 0.52715477
v 0.00999155 -0.04435615 0.52602204
v 0.01243399 -0.04354951 0.52630627
v 0.01258473 -0.04425530 0.52715477
v 0.01243399 -0.04354951 0.52630627
v 0.01493099 -0.04324934 0.52771013
v 0.01243399 -0.04354951 0.52630627
v 0.01621311 -0.04224561 0.52726677
v 0.01493099 -0.04324934 0.52771013
v 0.01493099 -0.04324934 0.52771013
v 0.01621311 -0.04224561 0.52726677
v 0.01981110 -0.04120813 0.52961605
v 0.01900294 -0.04261044 0.52982161
v 0.01981110 -0.04120813 0.52961605
v 0.02419759 -0.03896561 0.53205931
v 0.01900294 -0.04261044 0.52982161
v 0.02419759 -0.03896561 0.53205931
v 0.02366508 -0.04031486 0.53232640
v 0.02366508 -0.04031486 0.53232640
v 0.02419759 -0.03896561 0.53205931
v 0.02834119 -0.03617880 0.53491273
v 0.02366508 -0.04031486 0.53232640
v 0.02834119 -0.03617880 0.53491273
v 0.02762403 -0.03801365 0.53510395
v 0.02762403 -0.03801365 0.53510395
v 0.02834119 -0.03617880 0.53491273
v 0.03172979 -0.03490352 0.53870760
v 0.03531118 -0.02974428 0.54162956
v 0.03172979 -0.03490352 0.53870760
v 0.03212070 -0.03249899 0.53764139
v 0.03212070 -0.03249899 0.53764139
v 0.03172979 -0.03490352 0.53870760
v 0.02834119 -0.03617880 0.53491273
v 0.01981110 -0.04120813 0.52961605
v 0.00000144 -0.04587148 0.52528371
v 0.00253773 -0.04581899 0.52537227
v -0.00077546 -0.04662758 0.52563380
v 0.01621311 -0.04224561 0.52726677
v 0.01460686 -0.04267643 0.52551130
v 0.01976668 -0.04046263 0.52718724
v 0.01621311 -0.04224561 0.52726677
v 0.01243399 -0.04354951 0.52630627
v 0.01460686 -0.04267643 0.52551130
v 0.03791399 -0.02592053 0.54451411
v 0.03704798 -0.02992455 0.54506220
v 0.03531118 -0.02974428 0.54162956
v 0.03531118 -0.02974428 0.54162956
v 0.03704798 -0.02992455 0.54506220
v 0.03445405 -0.03264735 0.54167845
v 0.03531118 -0.02974428 0.54162956
v 0.03445405 -0.03264735 0.54167845
v 0.03172979 -0.03490352 0.53870760
v 0.04066514 -0.02129287 0.54909828
v 0.04270023 -0.01647645 0.55346419
v 0.04274467 -0.02083104 0.55646097
v 0.04066514 -0.02129287 0.54909828
v 0.04274467 -0.02083104 0.55646097
v 0.04191822 -0.02296840 0.55420581
v 0.00258234 -0.04519284 0.52452499
v 0.00503692 -0.04490104 0.52420920
v 0.00506814 -0.04509179 0.52495589
v 0.00506814 -0.04509179 0.52495589
v 0.00503692 -0.04490104 0.52420920
v 0.00750337 -0.04464287 0.52512117
v 0.00750337 -0.04464287 0.52512117
v 0.00999954 -0.04401951 0.52470888
v 0.00999155 -0.04435615 0.52602204
v 0.00999155 -0.04435615 0.52602204
v 0.00999954 -0.04401951 0.52470888
v 0.01243399 -0.04354951 0.52630627
v 0.01621311 -0.04224561 0.52726677
v 0.01972820 -0.04062752 0.52852085
v 0.01981110 -0.04120813 0.52961605
v 0.01981110 -0.04120813 0.52961605
v 0.01972820 -0.04062752 0.52852085
v 0.02421812 -0.03801206 0.53050892
v 0.01981110 -0.04120813 0.52961605
v 0.02421812 -0.03801206 0.53050892
v 0.02419759 -0.03896561 0.53205931
v 0.02419759 -0.03896561 0.53205931
v 0.02421812 -0.03801206 0.53050892
v 0.02840981 -0.03492417 0.53293351
v 0.02419759 -0.03896561 0.53205931
v 0.02840981 -0.03492417 0.53293351
v 0.02834119 -0.03617880 0.53491273
v 0.02834119 -0.03617880 0.53491273
v 0.02840981 -0.03492417 0.53293351
v 0.03212070 -0.03249899 0.53764139
v 0.03553078 -0.02814676 0.54009449
v 0.03826493 -0.02369794 0.54161058
v 0.03531118 -0.02974428 0.54162956
v 0.03553078 -0.02814676 0.54009449
v 0.03531118 -0.02974428 0.54162956
v 0.03212070 -0.03249899 0.53764139
v 0.03826493 -0.02369794 0.54161058
v 0.04011161 -0.02054969 0.54438654
v 0.03791399 -0.02592053 0.54451411
v 0.04066514 -0.02129287 0.54909828
v 0.04011161 -0.02054969 0.54438654
v 0.04114046 -0.01835020 0.54532354
v 0.04072055 -0.02518562 0.55162943
v 0.03956877 -0.02699038 0.54920588
v 0.03791399 -0.02592053 0.54451411
v 0.04072055 -0.02518562 0.55162943
v 0.03791399 -0.02592053 0.54451411
v 0.04066514 -0.02129287 0.54909828
v 0.04270023 -0.01647645 0.55346419
v 0.04066514 -0.02129287 0.54909828
v 0.04114046 -0.01835020 0.54532354
v 0.04270023 -0.01647645 0.55346419
v 0.04114046 -0.01835020 0.54532354
v 0.04268199 -0.01437163 0.54869380
v 0.04114046 -0.01835020 0.54532354
v 0.04011161 -0.02054969 0.54438654
v 0.03826493 -0.02369794 0.54161058
v 0.04424825 -0.01735807 0.56251167
v 0.04274467 -0.02083104 0.55646097
v 0.04403071 -0.01231366 0.55829017
v 0.04403071 -0.01231366 0.55829017
v 0.04274467 -0.02083104 0.55646097
v 0.04270023 -0.01647645 0.55346419
v 0.04403071 -0.01231366 0.55829017
v 0.04270023 -0.01647645 0.55346419
v 0.04404772 -0.00938298 0.55278622
v 0.04404772 -0.00938298 0.55278622
v 0.04270023 -0.01647645 0.55346419
v 0.04268199 -0.01437163 0.54869380
v 0.04493295 -0.00059917 0.56763673
v 0.04478558 -0.00775932 0.56277400
v 0.04498434 -0.00019428 0.56273457
v 0.04487776 -0.01387476 0.56706185
v 0.04424825 -0.01735807 0.56251167
v 0.04478558 -0.00775932 0.56277400
v 0.04478558 -0.00775932 0.56277400
v 0.04424825 -0.01735807 0.56251167
v 0.04403071 -0.01231366 0.55829017
v 0.04478558 -0.00775932 0.56277400
v 0.04403071 -0.01231366 0.55829017
v 0.04480817 -0.00441972 0.55681454
v 0.04480817 -0.00441972 0.55681454
v 0.04403071 -0.01231366 0.55829017
v 0.04404772 -0.00938298 0.55278622
v 0.03956877 -0.02699038 0.54920588
v 0.03704798 -0.02992455 0.54506220
v 0.03791399 -0.02592053 0.54451411
v 0.04066514 -0.02129287 0.54909828
v 0.03791399 -0.02592053 0.54451411
v 0.04011161 -0.02054969 0.54438654
v 0.04474917 -0.00493699 0.51771788
v 0.04499551 -0.00018742 0.51771788
v 0.04480817 -0.00441972 0.55681454
v 0.04474917 -0.00493699 0.51771788
v 0.04480817 -0.00441972 0.55681454
v 0.04400098 -0.00967122 0.51771807
v 0.04400098 -0.00967122 0.51771807
v 0.04480817 -0.00441972 0.55681454
v 0.04404772 -0.00938298 0.55278622
v 0.04400098 -0.00967122 0.51771807
v 0.04404772 -0.00938298 0.55278622
v 0.04261284 -0.01474446 0.51771770
v 0.04268199 -0.01437163 0.54869380
v 0.04261284 -0.01474446 0.51771770
v 0.04268199 -0.01437163 0.54869380
v 0.04072501 -0.01941739 0.51771849
v 0.04072501 -0.01941739 0.51771849
v 0.04268199 -0.01437163 0.54869380
v 0.04114046 -0.01835020 0.54532354
v 0.04072501 -0.01941739 0.51771849
v 0.04114046 -0.01835020 0.54532354
v 0.03832801 -0.02386028 0.51771770
v 0.03832801 -0.02386028 0.51771770
v 0.04114046 -0.01835020 0.54532354
v 0.03826493 -0.02369794 0.54161058
v 0.03832801 -0.02386028 0.51771770
v 0.03826493 -0.02369794 0.54161058
v 0.03534188 -0.02817209 0.51771758
v 0.03534188 -0.02817209 0.51771758
v 0.03826493 -0.02369794 0.54161058
v 0.03550827 -0.02759014 0.53798874
v 0.03534188 -0.02817209 0.51771758
v 0.03550827 -0.02759014 0.53798874
v 0.03199853 -0.03196235 0.51771795
v 0.03218648 -0.03141997 0.53535962
v 0.03199853 -0.03196235 0.51771795
v 0.03218648 -0.03141997 0.53535962
v 0.02829875 -0.03532402 0.51771770
v 0.02829875 -0.03532402 0.51771770
v 0.03218648 -0.03141997 0.53535962
v 0.02840981 -0.03492417 0.53293351
v 0.02829875 -0.03532402 0.51771770
v 0.02840981 -0.03492417 0.53293351
v 0.02416492 -0.03831157 0.51771770
v 0.02421812 -0.03801206 0.53050892
v 0.02416492 -0.03831157 0.51771770
v 0.02421812 -0.03801206 0.53050892
v 0.01976668 -0.04046263 0.52718724
v 0.01976668 -0.04046263 0.52718724
v 0.02421812 -0.03801206 0.53050892
v 0.01972820 -0.04062752 0.52852085
v 0.01976668 -0.04046263 0.52718724
v 0.01972820 -0.04062752 0.52852085
v 0.01621311 -0.04224561 0.52726677
v -0.03828237 -0.02850031 0.54697001
v -0.04058505 -0.02518722 0.55118016
v -0.03840762 -0.02628590 0.54615428
v -0.04496622 -0.00014056 0.56463958
v -0.04479255 -0.00451932 0.55659244
v -0.04479785 -0.01050319 0.56549796
v -0.04496622 -0.00014056 0.56463958
v -0.04479785 -0.01050319 0.56549796
v -0.04499485 -0.00650236 0.56992918
v -0.04251274 -0.02210430 0.55586760
v -0.04393354 -0.01881853 0.56098844
v -0.04403072 -0.01231373 0.55829017
v -0.04251274 -0.02210430 0.55586760
v -0.04403072 -0.01231373 0.55829017
v -0.04269189 -0.01680092 0.55377332
v -0.04269189 -0.01680092 0.55377332
v -0.04403072 -0.01231373 0.55829017
v -0.04403594 -0.00944770 0.55279690
v -0.04269778 -0.01430529 0.54895155
v -0.04393354 -0.01881853 0.56098844
v -0.04479785 -0.01050319 0.56549796
v -0.04403072 -0.01231373 0.55829017
v -0.04403072 -0.01231373 0.55829017
v -0.04479785 -0.01050319 0.56549796
v -0.04479255 -0.00451932 0.55659244
v -0.04403072 -0.01231373 0.55829017
v -0.04479255 -0.00451932 0.55659244
v -0.04403594 -0.00944770 0.55279690
v -0.01468690 -0.04424341 0.52808286
v -0.01925406 -0.04248244 0.52994099
v -0.01579427 -0.04311254 0.52811002
v -0.01925406 -0.04248244 0.52994099
v -0.02398066 -0.04009868 0.53252458
v -0.01976136 -0.04104761 0.52941335
v -0.01976136 -0.04104761 0.52941335
v -0.03550451 -0.03015445 0.54226743
v -0.03550237 -0.02829059 0.54035358
v -0.03212051 -0.03298432 0.53815323
v -0.02834138 -0.03617134 0.53490626
v -0.03212051 -0.03298432 0.53815323
v -0.02826025 -0.03504831 0.53283817
v -0.02834138 -0.03617134 0.53490626
v -0.02826025 -0.03504831 0.53283817
v -0.02419753 -0.03865812 0.53173546
v -0.02419753 -0.03865812 0.53173546
v -0.02826025 -0.03504831 0.53283817
v -0.02416579 -0.03800226 0.53018989
v -0.02419753 -0.03865812 0.53173546
v -0.02416579 -0.03800226 0.53018989
v -0.01976136 -0.04104761 0.52941335
v -0.01976136 -0.04104761 0.52941335
v -0.02416579 -0.03800226 0.53018989
v -0.01964072 -0.04053133 0.52767106
v -0.03843756 -0.02404969 0.54372115
v -0.03840296 -0.02340795 0.54098760
v -0.03549839 -0.02757389 0.53766453
v -0.04058505 -0.02518722 0.55118016
v -0.04079662 -0.02102459 0.54925898
v -0.03840762 -0.02628590 0.54615428
v -0.03840762 -0.02628590 0.54615428
v -0.04079662 -0.02102459 0.54925898
v -0.03843756 -0.02404969 0.54372115
v -0.03212051 -0.03298432 0.53815323
v -0.03550237 -0.02829059 0.54035358
v -0.03206044 -0.03153379 0.53546857
v -0.03212051 -0.03298432 0.53815323
v -0.03206044 -0.03153379 0.53546857
v -0.02826025 -0.03504831 0.53283817
v -0.04079662 -0.02102459 0.54925898
v -0.04081600 -0.01898326 0.54520910
v -0.03843756 -0.02404969 0.54372115
v -0.03550237 -0.02829059 0.54035358
v -0.03843756 -0.02404969 0.54372115
v -0.03549839 -0.02757389 0.53766453
v -0.03550237 -0.02829059 0.54035358
v -0.03549839 -0.02757389 0.53766453
v -0.03206044 -0.03153379 0.53546857
v -0.01511875 -0.04270805 0.52711156
v -0.01579427 -0.04311254 0.52811002
v -0.01976136 -0.04104761 0.52941335
v -0.02419753 -0.03865812 0.53173546
v -0.02419753 -0.03865812 0.53173546
v -0.02398066 -0.04009868 0.53252458
v -0.02834138 -0.03617134 0.53490626
v -0.02834138 -0.03617134 0.53490626
v -0.02398066 -0.04009868 0.53252458
v -0.02792963 -0.03780385 0.53534253
v -0.02834138 -0.03617134 0.53490626
v -0.02792963 -0.03780385 0.53534253
v -0.03187038 -0.03484855 0.53884450
v -0.01498909 -0.04252700 0.52608008
v -0.01511875 -0.04270805 0.52711156
v -0.01733602 -0.04176685 0.52766777
v -0.01733602 -0.04176685 0.52766777
v -0.01511875 -0.04270805 0.52711156
v -0.01976136 -0.04104761 0.52941335
v -0.03212051 -0.03298432 0.53815323
v -0.02834138 -0.03617134 0.53490626
v -0.03187038 -0.03484855 0.53884450
v -0.03212051 -0.03298432 0.53815323
v -0.03187038 -0.03484855 0.53884450
v -0.03513398 -0.03199379 0.54249973
v -0.01013984 -0.04424651 0.52589100
v -0.01134059 -0.04455751 0.52677508
v -0.01252765 -0.04355168 0.52632025
v -0.01013984 -0.04424651 0.52589100
v -0.01252765 -0.04355168 0.52632025
v -0.01005645 -0.04401277 0.52500106
v -0.00506093 -0.04490460 0.52438009
v -0.00510634 -0.04514915 0.52511720
v -0.00758789 -0.04465850 0.52513686
v -0.00758789 -0.04465850 0.52513686
v -0.00510634 -0.04514915 0.52511720
v -0.00762112 -0.04508883 0.52580238
v -0.00762112 -0.04508883 0.52580238
v -0.00510634 -0.04514915 0.52511720
v -0.00508624 -0.04620935 0.52590400
v -0.00762112 -0.04508883 0.52580238
v -0.00508624 -0.04620935 0.52590400
v -0.00759682 -0.04597885 0.52630438
v -0.01498909 -0.04252700 0.52608008
v -0.01005645 -0.04401277 0.52500106
v -0.01252765 -0.04355168 0.52632025
v -0.01498909 -0.04252700 0.52608008
v -0.01252765 -0.04355168 0.52632025
v -0.01511875 -0.04270805 0.52711156
v -0.01511875 -0.04270805 0.52711156
v -0.01252765 -0.04355168 0.52632025
v -0.01134059 -0.04455751 0.52677508
v -0.01511875 -0.04270805 0.52711156
v -0.01134059 -0.04455751 0.52677508
v -0.01579427 -0.04311254 0.52811002
v -0.01579427 -0.04311254 0.52811002
v -0.01134059 -0.04455751 0.52677508
v -0.01100112 -0.04536616 0.52697997
v -0.01579427 -0.04311254 0.52811002
v -0.01100112 -0.04536616 0.52697997
v -0.01468690 -0.04424341 0.52808286
v -0.00759682 -0.04597885 0.52630438
v -0.01100112 -0.04536616 0.52697997
v -0.01134059 -0.04455751 0.52677508
v -0.00759682 -0.04597885 0.52630438
v -0.01134059 -0.04455751 0.52677508
v -0.00762112 -0.04508883 0.52580238
v -0.00762112 -0.04508883 0.52580238
v -0.01134059 -0.04455751 0.52677508
v -0.01013984 -0.04424651 0.52589100
v -0.00762112 -0.04508883 0.52580238
v -0.01013984 -0.04424651 0.52589100
v -0.00758789 -0.04465850 0.52513686
v -0.00758789 -0.04465850 0.52513686
v -0.01013984 -0.04424651 0.52589100
v -0.01005645 -0.04401277 0.52500106
v -0.00758789 -0.04465850 0.52513686
v -0.01005645 -0.04401277 0.52500106
v -0.00506093 -0.04490460 0.52438009
v 0.00258234 -0.04519284 0.52452499
v 0.00003124 -0.04521941 0.52432730
v 0.00503692 -0.04490104 0.52420920
v -0.03843756 -0.02404969 0.54372115
v -0.03550237 -0.02829059 0.54035358
v -0.03840762 -0.02628590 0.54615428
v -0.03840762 -0.02628590 0.54615428
v -0.03550237 -0.02829059 0.54035358
v -0.03550451 -0.03015445 0.54226743
v -0.03840762 -0.02628590 0.54615428
v -0.03550451 -0.03015445 0.54226743
v -0.03828237 -0.02850031 0.54697001
v -0.03513398 -0.03199379 0.54249973
v -0.03828237 -0.02850031 0.54697001
v -0.03550451 -0.03015445 0.54226743
v -0.03513398 -0.03199379 0.54249973
v -0.03550451 -0.03015445 0.54226743
v -0.03212051 -0.03298432 0.53815323
v -0.01733602 -0.04176685 0.52766777
v -0.01976136 -0.04104761 0.52941335
v -0.01964072 -0.04053133 0.52767106
v -0.01733602 -0.04176685 0.52766777
v -0.01964072 -0.04053133 0.52767106
v -0.01498909 -0.04252700 0.52608008
v -0.02429957 -0.03821606 0.51771795
v -0.01964072 -0.04053133 0.52767106
v -0.02416579 -0.03800226 0.53018989
v -0.02429957 -0.03821606 0.51771795
v -0.02416579 -0.03800226 0.53018989
v -0.02838012 -0.03524864 0.51771789
v -0.02838012 -0.03524864 0.51771789
v -0.02416579 -0.03800226 0.53018989
v -0.02826025 -0.03504831 0.53283817
v -0.02838012 -0.03524864 0.51771789
v -0.02826025 -0.03504831 0.53283817
v -0.03206044 -0.03153379 0.53546857
v -0.04269778 -0.01430529 0.54895155
v -0.04081600 -0.01898326 0.54520910
v -0.04079662 -0.02102459 0.54925898
v -0.04269778 -0.01430529 0.54895155
v -0.04079662 -0.02102459 0.54925898
v -0.04269189 -0.01680092 0.55377332
v -0.04269189 -0.01680092 0.55377332
v -0.04079662 -0.02102459 0.54925898
v -0.04058505 -0.02518722 0.55118016
v -0.04269189 -0.01680092 0.55377332
v -0.04058505 -0.02518722 0.55118016
v -0.04251274 -0.02210430 0.55586760
v -0.00077546 -0.04662758 0.52563380
v -0.00508624 -0.04620935 0.52590400
v -0.00248357 -0.04619572 0.52556990
v -0.00077546 -0.04662758 0.52563380
v -0.00248357 -0.04619572 0.52556990
v 0.00000144 -0.04587148 0.52528371
v 0.00000144 -0.04587148 0.52528371
v -0.00248357 -0.04619572 0.52556990
v -0.00254444 -0.04535937 0.52486995
v 0.00000144 -0.04587148 0.52528371
v -0.00254444 -0.04535937 0.52486995
v 0.00003124 -0.04521941 0.52432730
v 0.03791399 -0.02592053 0.54451411
v 0.03531118 -0.02974428 0.54162956
v 0.03826493 -0.02369794 0.54161058
v 0.03553078 -0.02814676 0.54009449
v 0.03212070 -0.03249899 0.53764139
v 0.03218648 -0.03141997 0.53535962
v 0.03218648 -0.03141997 0.53535962
v 0.03212070 -0.03249899 0.53764139
v 0.02840981 -0.03492417 0.53293351
v 0.01243399 -0.04354951 0.52630627
v 0.00999954 -0.04401951 0.52470888
v 0.01460686 -0.04267643 0.52551130
v 0.00999954 -0.04401951 0.52470888
v 0.00750337 -0.04464287 0.52512117
v 0.00503692 -0.04490104 0.52420920
v -0.00506093 -0.04490460 0.52438009
v 0.00003124 -0.04521941 0.52432730
v -0.00254444 -0.04535937 0.52486995
v -0.00506093 -0.04490460 0.52438009
v -0.00254444 -0.04535937 0.52486995
v -0.00510634 -0.04514915 0.52511720
v -0.00510634 -0.04514915 0.52511720
v -0.00254444 -0.04535937 0.52486995
v -0.00248357 -0.04619572 0.52556990
v -0.00510634 -0.04514915 0.52511720
v -0.00248357 -0.04619572 0.52556990
v -0.00508624 -0.04620935 0.52590400
v -0.04479255 -0.00451932 0.55659244
v -0.04496622 -0.00014056 0.56463958
v -0.04476187 -0.00492534 0.51771758
v -0.04479255 -0.00451932 0.55659244
v -0.04476187 -0.00492534 0.51771758
v -0.04403594 -0.00944770 0.55279690
v -0.04403594 -0.00944770 0.55279690
v -0.04476187 -0.00492534 0.51771758
v -0.04397909 -0.00980034 0.51771849
v -0.04403594 -0.00944770 0.55279690
v -0.04397909 -0.00980034 0.51771849
v -0.04269778 -0.01430529 0.54895155
v -0.04265483 -0.01459231 0.51771868
v -0.04269778 -0.01430529 0.54895155
v -0.04265483 -0.01459231 0.51771868
v -0.04081600 -0.01898326 0.54520910
v -0.04076604 -0.01931696 0.51771776
v -0.04081600 -0.01898326 0.54520910
v -0.04076604 -0.01931696 0.51771776
v -0.03840296 -0.02340795 0.54098760
v -0.03840296 -0.02340795 0.54098760
v -0.04076604 -0.01931696 0.51771776
v -0.03827745 -0.02393835 0.51771776
v -0.03840296 -0.02340795 0.54098760
v -0.03827745 -0.02393835 0.51771776
v -0.03549839 -0.02757389 0.53766453
v -0.03549839 -0.02757389 0.53766453
v -0.03827745 -0.02393835 0.51771776
v -0.03544954 -0.02801932 0.51771770
v -0.03549839 -0.02757389 0.53766453
v -0.03544954 -0.02801932 0.51771770
v -0.03206044 -0.03153379 0.53546857
v -0.03214849 -0.03180789 0.51771758
v -0.03206044 -0.03153379 0.53546857
v -0.03214849 -0.03180789 0.51771758
v -0.02838012 -0.03524864 0.51771789
v -0.01964072 -0.04053133 0.52767106
v -0.02429957 -0.03821606 0.51771795
v -0.01967000 -0.04084002 0.51771770
v -0.01964072 -0.04053133 0.52767106
v -0.01967000 -0.04084002 0.51771770
v -0.01498909 -0.04252700 0.52608008
v -0.01622033 0.04184366 0.52727385
v -0.01976077 0.04021990 0.52855984
v -0.01981112 0.04080727 0.52961604
v -0.04269527 0.02096516 0.55634458
v -0.04082371 0.02437585 0.55162522
v -0.04079657 0.02083334 0.54948108
v -0.01518135 0.04229850 0.51771770
v -0.01953028 0.04048988 0.51771758
v -0.01978072 0.04005229 0.52716747
v -0.01978072 0.04005229 0.52716747
v -0.01953028 0.04048988 0.51771758
v -0.02422513 0.03785949 0.51771825
v -0.01007617 0.04360631 0.52499910
v -0.01020288 0.04373233 0.51771758
v -0.01518135 0.04229850 0.51771770
v -0.00506212 0.04450265 0.52437667
v -0.01020288 0.04373233 0.51771758
v -0.01007617 0.04360631 0.52499910
v 0.00007368 0.04480654 0.52417306
v 0.00262058 0.04482857 0.51771739
v -0.00480191 0.04457227 0.51771758
v 0.00007368 0.04480654 0.52417306
v -0.00480191 0.04457227 0.51771758
v -0.00506212 0.04450265 0.52437667
v -0.00506212 0.04450265 0.52437667
v -0.00480191 0.04457227 0.51771758
v -0.01020288 0.04373233 0.51771758
v 0.00262058 0.04482857 0.51771739
v 0.00007368 0.04480654 0.52417306
v 0.00498197 0.04453506 0.52457759
v 0.00262058 0.04482857 0.51771739
v 0.00498197 0.04453506 0.52457759
v 0.01225458 0.04327579 0.51771758
v 0.01225458 0.04327579 0.51771758
v 0.00498197 0.04453506 0.52457759
v 0.00997474 0.04362701 0.52463716
v 0.01225458 0.04327579 0.51771758
v 0.00997474 0.04362701 0.52463716
v 0.01477376 0.04221142 0.52568635
v 0.01225458 0.04327579 0.51771758
v 0.01477376 0.04221142 0.52568635
v 0.01955761 0.04050120 0.51771758
v 0.01955761 0.04050120 0.51771758
v 0.01477376 0.04221142 0.52568635
v 0.01970936 0.04008518 0.52766935
v 0.01955761 0.04050120 0.51771758
v 0.01970936 0.04008518 0.52766935
v 0.02439603 0.03776128 0.51771776
v 0.04499551 -0.00018742 0.51771788
v 0.04476192 0.00452392 0.51771758
v 0.04498434 -0.00019428 0.56273457
v 0.04493295 -0.00059917 0.56763673
v 0.04498434 -0.00019428 0.56273457
v 0.04499401 0.00589456 0.57019810
v 0.04478218 0.00465292 0.55981170
v 0.04477125 0.01262722 0.56544437
v 0.04499401 0.00589456 0.57019810
v -0.04499398 0.00573790 0.56994950
v -0.04482727 0.01247662 0.56617605
v -0.04478333 0.00452490 0.55958166
v -0.00002803 0.04561130 0.52537959
v 0.00259461 0.04530378 0.52528535
v -0.00000003 0.04507944 0.52484041
v 0.00250722 0.04477931 0.52444448
v -0.00000003 0.04507944 0.52484041
v 0.00259461 0.04530378 0.52528535
v 0.00250722 0.04477931 0.52444448
v 0.00259461 0.04530378 0.52528535
v 0.00498197 0.04453506 0.52457759
v 0.00498197 0.04453506 0.52457759
v 0.00259461 0.04530378 0.52528535
v 0.00503764 0.04523731 0.52561677
v 0.00498197 0.04453506 0.52457759
v 0.00503764 0.04523731 0.52561677
v 0.00756146 0.04467623 0.52581549
v 0.01111355 0.04348541 0.52577436
v 0.00756146 0.04467623 0.52581549
v 0.01140415 0.04374656 0.52645098
v 0.01736925 0.04134865 0.52767417
v 0.01511682 0.04230288 0.52710143
v 0.01976133 0.04064673 0.52941335
v 0.00367838 0.04614124 0.52576587
v 0.00768490 0.04558694 0.52627667
v 0.00503764 0.04523731 0.52561677
v 0.00503764 0.04523731 0.52561677
v 0.00768490 0.04558694 0.52627667
v 0.00756146 0.04467623 0.52581549
v 0.00756146 0.04467623 0.52581549
v 0.00768490 0.04558694 0.52627667
v 0.01008703 0.04505631 0.52678167
v 0.01510366 0.04296834 0.52789463
v 0.01643374 0.04317856 0.52871310
v 0.01976133 0.04064673 0.52941335
v 0.02013827 0.04162948 0.53037488
v 0.02428596 0.03961258 0.53272886
v 0.02417759 0.03840048 0.53190642
v 0.02417759 0.03840048 0.53190642
v 0.02428596 0.03961258 0.53272886
v 0.02819769 0.03721369 0.53555414
v 0.02417759 0.03840048 0.53190642
v 0.02819769 0.03721369 0.53555414
v 0.02834135 0.03577047 0.53490626
v 0.02834135 0.03577047 0.53490626
v 0.02819769 0.03721369 0.53555414
v 0.03174109 0.03457961 0.53871389
v 0.02834135 0.03577047 0.53490626
v 0.03174109 0.03457961 0.53871389
v 0.03212052 0.03258338 0.53815322
v 0.03212052 0.03258338 0.53815322
v 0.03174109 0.03457961 0.53871389
v 0.03488613 0.03182259 0.54219315
v 0.03212052 0.03258338 0.53815322
v 0.03488613 0.03182259 0.54219315
v 0.03535878 0.02920930 0.54160667
v 0.01510366 0.04296834 0.52789463
v 0.01140415 0.04374656 0.52645098
v 0.01270876 0.04437239 0.52745195
v 0.01270876 0.04437239 0.52745195
v 0.01140415 0.04374656 0.52645098
v 0.01008703 0.04505631 0.52678167
v 0.01008703 0.04505631 0.52678167
v 0.01140415 0.04374656 0.52645098
v 0.00756146 0.04467623 0.52581549
v 0.01976133 0.04064673 0.52941335
v 0.01511682 0.04230288 0.52710143
v 0.01510366 0.04296834 0.52789463
v 0.01510366 0.04296834 0.52789463
v 0.01511682 0.04230288 0.52710143
v 0.01140415 0.04374656 0.52645098
v 0.00503764 0.04523731 0.52561677
v 0.00259461 0.04530378 0.52528535
v 0.00367838 0.04614124 0.52576587
v 0.00367838 0.04614124 0.52576587
v 0.00259461 0.04530378 0.52528535
v -0.00002803 0.04561130 0.52537959
v 0.01270876 0.04437239 0.52745195
v 0.01643374 0.04317856 0.52871310
v 0.01510366 0.04296834 0.52789463
v 0.01643374 0.04317856 0.52871310
v 0.02013827 0.04162948 0.53037488
v 0.01976133 0.04064673 0.52941335
v 0.01976133 0.04064673 0.52941335
v 0.02013827 0.04162948 0.53037488
v 0.02417759 0.03840048 0.53190642
v 0.01111355 0.04348541 0.52577436
v 0.01511682 0.04230288 0.52710143
v 0.01477376 0.04221142 0.52568635
v 0.01477376 0.04221142 0.52568635
v 0.01511682 0.04230288 0.52710143
v 0.01736925 0.04134865 0.52767417
v 0.01477376 0.04221142 0.52568635
v 0.01736925 0.04134865 0.52767417
v 0.01970936 0.04008518 0.52766935
v 0.00250722 0.04477931 0.52444448
v 0.00498197 0.04453506 0.52457759
v 0.00007368 0.04480654 0.52417306
v 0.00765088 0.04415765 0.52485225
v 0.00997474 0.04362701 0.52463716
v 0.00498197 0.04453506 0.52457759
v 0.03773466 0.02881685 0.54609453
v 0.03803906 0.02527761 0.54466394
v 0.03535878 0.02920930 0.54160667
v 0.03488613 0.03182259 0.54219315
v -0.00000003 0.04507944 0.52484041
v 0.00250722 0.04477931 0.52444448
v 0.00007368 0.04480654 0.52417306
v 0.04237482 0.02202822 0.55550047
v 0.04270564 0.01743009 0.55462420
v 0.04066666 0.02099787 0.54921668
v 0.04237482 0.02202822 0.55550047
v 0.04066666 0.02099787 0.54921668
v 0.04017719 0.02560545 0.55033117
v 0.03535878 0.02920930 0.54160667
v 0.03819631 0.02340111 0.54153856
v 0.03552333 0.02793860 0.54037219
v 0.03552333 0.02793860 0.54037219
v 0.03819631 0.02340111 0.54153856
v 0.03541968 0.02733009 0.53837783
v 0.03552333 0.02793860 0.54037219
v 0.03541968 0.02733009 0.53837783
v 0.03204821 0.03118901 0.53558594
v 0.00765088 0.04415765 0.52485225
v 0.00498197 0.04453506 0.52457759
v 0.00756146 0.04467623 0.52581549
v 0.00765088 0.04415765 0.52485225
v 0.00756146 0.04467623 0.52581549
v 0.01111355 0.04348541 0.52577436
v 0.01111355 0.04348541 0.52577436
v 0.01140415 0.04374656 0.52645098
v 0.01511682 0.04230288 0.52710143
v 0.01970936 0.04008518 0.52766935
v 0.01736925 0.04134865 0.52767417
v 0.01976133 0.04064673 0.52941335
v 0.01970936 0.04008518 0.52766935
v 0.01976133 0.04064673 0.52941335
v 0.02417502 0.03758892 0.53017164
v 0.02417502 0.03758892 0.53017164
v 0.01976133 0.04064673 0.52941335
v 0.02417759 0.03840048 0.53190642
v 0.02417502 0.03758892 0.53017164
v 0.02417759 0.03840048 0.53190642
v 0.02826084 0.03464291 0.53282755
v 0.02826084 0.03464291 0.53282755
v 0.02417759 0.03840048 0.53190642
v 0.02834135 0.03577047 0.53490626
v 0.02826084 0.03464291 0.53282755
v 0.02834135 0.03577047 0.53490626
v 0.03212052 0.03258338 0.53815322
v 0.04262417 0.01405367 0.54615709
v 0.04126671 0.01792240 0.54678409
v 0.04268098 0.01472803 0.55131162
v 0.04268098 0.01472803 0.55131162
v 0.04126671 0.01792240 0.54678409
v 0.04066666 0.02099787 0.54921668
v 0.04268098 0.01472803 0.55131162
v 0.04066666 0.02099787 0.54921668
v 0.04270564 0.01743009 0.55462420
v 0.04037568 0.01954425 0.54406825
v 0.04126671 0.01792240 0.54678409
v 0.04262417 0.01405367 0.54615709
v 0.03819631 0.02340111 0.54153856
v 0.03803906 0.02527761 0.54466394
v 0.04037568 0.01954425 0.54406825
v 0.04037568 0.01954425 0.54406825
v 0.03803906 0.02527761 0.54466394
v 0.04126671 0.01792240 0.54678409
v 0.04402609 0.00908773 0.55263460
v 0.04262417 0.01405367 0.54615709
v 0.04268098 0.01472803 0.55131162
v 0.04402609 0.00908773 0.55263460
v 0.04268098 0.01472803 0.55131162
v 0.04403038 0.01170856 0.55807075
v 0.04403038 0.01170856 0.55807075
v 0.04268098 0.01472803 0.55131162
v 0.04270564 0.01743009 0.55462420
v 0.04403038 0.01170856 0.55807075
v 0.04270564 0.01743009 0.55462420
v 0.04385836 0.01741094 0.56042485
v 0.04237482 0.02202822 0.55550047
v 0.04478218 0.00465292 0.55981170
v 0.04499401 0.00589456 0.57019810
v 0.04498434 -0.00019428 0.56273457
v 0.04385836 0.01741094 0.56042485
v 0.04477125 0.01262722 0.56544437
v 0.04403038 0.01170856 0.55807075
v 0.04403038 0.01170856 0.55807075
v 0.04477125 0.01262722 0.56544437
v 0.04478218 0.00465292 0.55981170
v 0.04403038 0.01170856 0.55807075
v 0.04478218 0.00465292 0.55981170
v 0.04402609 0.00908773 0.55263460
v 0.03773466 0.02881685 0.54609453
v 0.04017719 0.02560545 0.55033117
v 0.03803906 0.02527761 0.54466394
v 0.03803906 0.02527761 0.54466394
v 0.04017719 0.02560545 0.55033117
v 0.04066666 0.02099787 0.54921668
v 0.03803906 0.02527761 0.54466394
v 0.04066666 0.02099787 0.54921668
v 0.04126671 0.01792240 0.54678409
v -0.04499398 0.00573790 0.56994950
v -0.04478333 0.00452490 0.55958166
v -0.04496622 -0.00014056 0.56463958
v -0.04082371 0.02437585 0.55162522
v -0.03841039 0.02598879 0.54624211
v -0.04079657 0.02083334 0.54948108
v -0.04079657 0.02083334 0.54948108
v -0.03841039 0.02598879 0.54624211
v -0.03838427 0.02381371 0.54382674
v -0.04408013 0.01735888 0.56156521
v -0.04269113 0.01627763 0.55363923
v -0.04403720 0.01307272 0.55921466
v -0.04403720 0.01307272 0.55921466
v -0.04269113 0.01627763 0.55363923
v -0.04401040 0.00926171 0.55387458
v -0.04401040 0.00926171 0.55387458
v -0.04269113 0.01627763 0.55363923
v -0.04270103 0.01388406 0.54884339
v -0.03841978 0.02299303 0.54112127
v -0.04084680 0.01852249 0.54540692
v -0.03838427 0.02381371 0.54382674
v -0.03841978 0.02299303 0.54112127
v -0.03838427 0.02381371 0.54382674
v -0.03552194 0.02721468 0.53873317
v -0.04269113 0.01627763 0.55363923
v -0.04079657 0.02083334 0.54948108
v -0.04084680 0.01852249 0.54540692
v -0.04269113 0.01627763 0.55363923
v -0.04084680 0.01852249 0.54540692
v -0.04270103 0.01388406 0.54884339
v -0.04482727 0.01247662 0.56617605
v -0.04408013 0.01735888 0.56156521
v -0.04403720 0.01307272 0.55921466
v -0.04482727 0.01247662 0.56617605
v -0.04403720 0.01307272 0.55921466
v -0.04478333 0.00452490 0.55958166
v -0.04478333 0.00452490 0.55958166
v -0.04403720 0.01307272 0.55921466
v -0.04401040 0.00926171 0.55387458
v -0.03547419 0.02909344 0.54177214
v -0.03206095 0.03424065 0.53902571
v -0.03212073 0.03209811 0.53764139
v -0.03212073 0.03209811 0.53764139
v -0.03206095 0.03424065 0.53902571
v -0.02834120 0.03577796 0.53491273
v -0.02419763 0.03856483 0.53205931
v -0.02841053 0.03447604 0.53280259
v -0.02834120 0.03577796 0.53491273
v -0.02834120 0.03577796 0.53491273
v -0.02841053 0.03447604 0.53280259
v -0.03212073 0.03209811 0.53764139
v -0.03212073 0.03209811 0.53764139
v -0.03552194 0.02721468 0.53873317
v -0.03547419 0.02909344 0.54177214
v -0.03547419 0.02909344 0.54177214
v -0.03552194 0.02721468 0.53873317
v -0.03838427 0.02381371 0.54382674
v -0.03841039 0.02598879 0.54624211
v -0.03547419 0.02909344 0.54177214
v -0.03838427 0.02381371 0.54382674
v -0.04408013 0.01735888 0.56156521
v -0.04269527 0.02096516 0.55634458
v -0.04269113 0.01627763 0.55363923
v -0.04269113 0.01627763 0.55363923
v -0.04079657 0.02083334 0.54948108
v -0.03838427 0.02381371 0.54382674
v -0.04084680 0.01852249 0.54540692
v -0.03552194 0.02721468 0.53873317
v -0.03212073 0.03209811 0.53764139
v -0.03218853 0.03101727 0.53536463
v -0.03218853 0.03101727 0.53536463
v -0.03212073 0.03209811 0.53764139
v -0.02841053 0.03447604 0.53280259
v -0.01981112 0.04080727 0.52961604
v -0.01976077 0.04021990 0.52855984
v -0.02422479 0.03760521 0.53050959
v -0.01127952 0.04349191 0.52590875
v -0.01622033 0.04184366 0.52727385
v -0.01259330 0.04342342 0.52679363
v -0.01259330 0.04342342 0.52679363
v -0.01622033 0.04184366 0.52727385
v -0.01492048 0.04285699 0.52771256
v -0.01259330 0.04342342 0.52679363
v -0.01492048 0.04285699 0.52771256
v -0.01298666 0.04427754 0.52752684
v -0.01655796 0.04312877 0.52875296
v -0.01127952 0.04349191 0.52590875
v -0.01259330 0.04342342 0.52679363
v -0.00884891 0.04448710 0.52601874
v -0.00884891 0.04448710 0.52601874
v -0.01259330 0.04342342 0.52679363
v -0.01298666 0.04427754 0.52752684
v -0.00884891 0.04448710 0.52601874
v -0.01298666 0.04427754 0.52752684
v -0.01017231 0.04506845 0.52681768
v -0.01493522 0.04215554 0.52608789
v -0.01622033 0.04184366 0.52727385
v -0.01127952 0.04349191 0.52590875
v -0.01622033 0.04184366 0.52727385
v -0.01493522 0.04215554 0.52608789
v -0.01978072 0.04005229 0.52716747
v -0.01622033 0.04184366 0.52727385
v -0.01978072 0.04005229 0.52716747
v -0.01976077 0.04021990 0.52855984
v -0.00749727 0.04426858 0.52511329
v -0.01127952 0.04349191 0.52590875
v -0.00884891 0.04448710 0.52601874
v -0.00884891 0.04448710 0.52601874
v -0.01017231 0.04506845 0.52681768
v -0.00790438 0.04545988 0.52630395
v -0.00502929 0.04475572 0.52510811
v -0.00749727 0.04426858 0.52511329
v -0.00884891 0.04448710 0.52601874
v -0.00502929 0.04475572 0.52510811
v -0.00884891 0.04448710 0.52601874
v -0.00490672 0.04581236 0.52587226
v -0.00490672 0.04581236 0.52587226
v -0.00884891 0.04448710 0.52601874
v -0.00790438 0.04545988 0.52630395
v -0.00490672 0.04581236 0.52587226
v 0.00006715 0.04617678 0.52560004
v -0.00257825 0.04550725 0.52543739
v -0.00490672 0.04581236 0.52587226
v -0.00257825 0.04550725 0.52543739
v -0.00502929 0.04475572 0.52510811
v -0.00502929 0.04475572 0.52510811
v -0.00257825 0.04550725 0.52543739
v -0.00248429 0.04484693 0.52460646
v -0.00749727 0.04426858 0.52511329
v -0.00506212 0.04450265 0.52437667
v -0.01007617 0.04360631 0.52499910
v -0.01127952 0.04349191 0.52590875
v -0.01007617 0.04360631 0.52499910
v -0.01493522 0.04215554 0.52608789
v 0.00006715 0.04617678 0.52560004
v 0.00367838 0.04614124 0.52576587
v -0.00002803 0.04561130 0.52537959
v 0.00006715 0.04617678 0.52560004
v -0.00002803 0.04561130 0.52537959
v -0.00257825 0.04550725 0.52543739
v -0.00257825 0.04550725 0.52543739
v -0.00002803 0.04561130 0.52537959
v -0.00000003 0.04507944 0.52484041
v -0.00257825 0.04550725 0.52543739
v -0.00000003 0.04507944 0.52484041
v -0.00248429 0.04484693 0.52460646
v -0.00248429 0.04484693 0.52460646
v -0.00000003 0.04507944 0.52484041
v 0.00007368 0.04480654 0.52417306
v -0.01127952 0.04349191 0.52590875
v -0.00749727 0.04426858 0.52511329
v -0.01007617 0.04360631 0.52499910
v 0.00765088 0.04415765 0.52485225
v 0.01111355 0.04348541 0.52577436
v 0.00997474 0.04362701 0.52463716
v 0.00997474 0.04362701 0.52463716
v 0.01111355 0.04348541 0.52577436
v 0.01477376 0.04221142 0.52568635
v -0.02419763 0.03856483 0.53205931
v -0.01981112 0.04080727 0.52961604
v -0.02422479 0.03760521 0.53050959
v -0.02419763 0.03856483 0.53205931
v -0.02422479 0.03760521 0.53050959
v -0.02841053 0.03447604 0.53280259
v -0.03841978 0.02299303 0.54112127
v -0.03552194 0.02721468 0.53873317
v -0.03834194 0.02343403 0.51771776
v -0.03841978 0.02299303 0.54112127
v -0.03834194 0.02343403 0.51771776
v -0.04084680 0.01852249 0.54540692
v -0.04084680 0.01852249 0.54540692
v -0.03834194 0.02343403 0.51771776
v -0.04072501 0.01901656 0.51771849
v -0.04084680 0.01852249 0.54540692
v -0.04072501 0.01901656 0.51771849
v -0.04270103 0.01388406 0.54884339
v -0.04261286 0.01434358 0.51771770
v -0.04270103 0.01388406 0.54884339
v -0.04261286 0.01434358 0.51771770
v -0.04401040 0.00926171 0.55387458
v -0.04401040 0.00926171 0.55387458
v -0.04261286 0.01434358 0.51771770
v -0.04400100 0.00927035 0.51771807
v -0.04401040 0.00926171 0.55387458
v -0.04400100 0.00927035 0.51771807
v -0.04478333 0.00452490 0.55958166
v -0.04476159 0.00445009 0.51771807
v -0.04478333 0.00452490 0.55958166
v -0.04476159 0.00445009 0.51771807
v -0.04496622 -0.00014056 0.56463958
v -0.04496622 -0.00014056 0.56463958
v -0.04476159 0.00445009 0.51771807
v -0.04499813 -0.00016323 0.51771770
v -0.02422479 0.03760521 0.53050959
v -0.01976077 0.04021990 0.52855984
v -0.01978072 0.04005229 0.52716747
v -0.02422479 0.03760521 0.53050959
v -0.01978072 0.04005229 0.52716747
v -0.02422513 0.03785949 0.51771825
v -0.02422479 0.03760521 0.53050959
v -0.02422513 0.03785949 0.51771825
v -0.02841053 0.03447604 0.53280259
v -0.03218853 0.03101727 0.53536463
v -0.02841053 0.03447604 0.53280259
v -0.03199427 0.03155633 0.51771788
v -0.03218853 0.03101727 0.53536463
v -0.03199427 0.03155633 0.51771788
v -0.03552194 0.02721468 0.53873317
v -0.03552194 0.02721468 0.53873317
v -0.03199427 0.03155633 0.51771788
v -0.03541289 0.02767101 0.51771770
v -0.03541289 0.02767101 0.51771770
v -0.04082371 0.02437585 0.55162522
v -0.03850041 0.02794258 0.54734646
v -0.03841039 0.02598879 0.54624211
v -0.03841039 0.02598879 0.54624211
v -0.03850041 0.02794258 0.54734646
v -0.03543976 0.03128043 0.54287692
v -0.03841039 0.02598879 0.54624211
v -0.03543976 0.03128043 0.54287692
v -0.03547419 0.02909344 0.54177214
v -0.03547419 0.02909344 0.54177214
v -0.03543976 0.03128043 0.54287692
v -0.03206095 0.03424065 0.53902571
v -0.03206095 0.03424065 0.53902571
v -0.02839027 0.03711733 0.53571496
v -0.02834120 0.03577796 0.53491273
v -0.02834120 0.03577796 0.53491273
v -0.02839027 0.03711733 0.53571496
v -0.02431713 0.03958495 0.53275510
v -0.02419763 0.03856483 0.53205931
v -0.02419763 0.03856483 0.53205931
v -0.02431713 0.03958495 0.53275510
v -0.02057454 0.04147607 0.53059802
v -0.02419763 0.03856483 0.53205931
v -0.02057454 0.04147607 0.53059802
v -0.01981112 0.04080727 0.52961604
v -0.01981112 0.04080727 0.52961604
v -0.02057454 0.04147607 0.53059802
v -0.01655796 0.04312877 0.52875296
v -0.01981112 0.04080727 0.52961604
v -0.01655796 0.04312877 0.52875296
v -0.01492048 0.04285699 0.52771256
v -0.01981112 0.04080727 0.52961604
v -0.01492048 0.04285699 0.52771256
v -0.01622033 0.04184366 0.52727385
v -0.00749727 0.04426858 0.52511329
v -0.00502929 0.04475572 0.52510811
v -0.00506212 0.04450265 0.52437667
v -0.00506212 0.04450265 0.52437667
v -0.00502929 0.04475572 0.52510811
v -0.00248429 0.04484693 0.52460646
v -0.00506212 0.04450265 0.52437667
v -0.00248429 0.04484693 0.52460646
v 0.00007368 0.04480654 0.52417306
v 0.03204821 0.03118901 0.53558594
v 0.02826084 0.03464291 0.53282755
v 0.03212052 0.03258338 0.53815322
v 0.03204821 0.03118901 0.53558594
v 0.03212052 0.03258338 0.53815322
v 0.03552333 0.02793860 0.54037219
v 0.03552333 0.02793860 0.54037219
v 0.03212052 0.03258338 0.53815322
v 0.03535878 0.02920930 0.54160667
v 0.03535878 0.02920930 0.54160667
v 0.03803906 0.02527761 0.54466394
v 0.03819631 0.02340111 0.54153856
v 0.04478218 0.00465292 0.55981170
v 0.04498434 -0.00019428 0.56273457
v 0.04476192 0.00452392 0.51771758
v 0.04478218 0.00465292 0.55981170
v 0.04476192 0.00452392 0.51771758
v 0.04402609 0.00908773 0.55263460
v 0.04402609 0.00908773 0.55263460
v 0.04476192 0.00452392 0.51771758
v 0.04397907 0.00939943 0.51771849
v 0.04402609 0.00908773 0.55263460
v 0.04397907 0.00939943 0.51771849
v 0.04262417 0.01405367 0.54615709
v 0.04265480 0.01419147 0.51771868
v 0.04262417 0.01405367 0.54615709
v 0.04265480 0.01419147 0.51771868
v 0.04037568 0.01954425 0.54406825
v 0.04037568 0.01954425 0.54406825
v 0.04265480 0.01419147 0.51771868
v 0.04076602 0.01891606 0.51771776
v 0.04037568 0.01954425 0.54406825
v 0.04076602 0.01891606 0.51771776
v 0.03819631 0.02340111 0.54153856
v 0.03819631 0.02340111 0.54153856
v 0.04076602 0.01891606 0.51771776
v 0.03828083 0.02353125 0.51771776
v 0.03819631 0.02340111 0.54153856
v 0.03828083 0.02353125 0.51771776
v 0.03541968 0.02733009 0.53837783
v 0.03541968 0.02733009 0.53837783
v 0.03828083 0.02353125 0.51771776
v 0.03545636 0.02760787 0.51771770
v 0.03541968 0.02733009 0.53837783
v 0.03545636 0.02760787 0.51771770
v 0.03204821 0.03118901 0.53558594
v 0.03215111 0.03140220 0.51771758
v 0.03204821 0.03118901 0.53558594
v 0.03215111 0.03140220 0.51771758
v 0.02826084 0.03464291 0.53282755
v 0.02826084 0.03464291 0.53282755
v 0.03215111 0.03140220 0.51771758
v 0.02839169 0.03484970 0.51771770
v 0.02826084 0.03464291 0.53282755
v 0.02839169 0.03484970 0.51771770
v 0.02417502 0.03758892 0.53017164
v 0.02417502 0.03758892 0.53017164
v 0.02839169 0.03484970 0.51771770
v 0.02439603 0.03776128 0.51771776
v 0.02417502 0.03758892 0.53017164
v 0.02439603 0.03776128 0.51771776
v 0.01970936 0.04008518 0.52766935
v -0.01493522 0.04215554 0.52608789
v -0.01493522 0.04215554 0.52608789
v -0.01518135 0.04229850 0.51771770
v -0.01978072 0.04005229 0.52716747
v -0.02841053 0.03447604 0.53280259
v -0.02422513 0.03785949 0.51771825
v -0.02830488 0.03492163 0.51771770
v -0.02830488 0.03492163 0.51771770
v -0.03199427 0.03155633 0.51771788
v -0.02834503 0.03357982 0.51771758
v -0.03541289 0.02767101 0.51771770
v -0.03378028 0.02814457 0.51771758
v -0.01953028 0.04048988 0.51771758
v -0.01508209 0.04123720 0.51771758
v -0.02422513 0.03785949 0.51771825
v -0.02204853 0.03798869 0.51771758
v -0.02830488 0.03492163 0.51771770
v -0.03827745 -0.02393835 0.51771776
v -0.04076604 -0.01931696 0.51771776
v -0.03818914 -0.02224895 0.51771758
v -0.04143764 -0.01528250 0.51771758
v -0.02204850 -0.03838956 0.51771758
v -0.02429957 -0.03821606 0.51771795
v -0.02834501 -0.03398070 0.51771758
v -0.02838012 -0.03524864 0.51771789
v -0.03378026 -0.02854546 0.51771758
v -0.03214849 -0.03180789 0.51771758
v -0.01967000 -0.04084002 0.51771770
v -0.01518135 0.04229850 0.51771770
v -0.00765739 0.04322664 0.51771758
v -0.01020288 0.04373233 0.51771758
v -0.03834194 0.02343403 0.51771776
v -0.03818915 0.02184806 0.51771758
v -0.04342708 -0.00785781 0.51771758
v -0.04476187 -0.00492534 0.51771758
v -0.04409702 -0.00020044 0.51771758
v -0.04499813 -0.00016323 0.51771770
v -0.04342709 0.00745691 0.51771758
v -0.04476159 0.00445009 0.51771807
v -0.04265483 -0.01459231 0.51771868
v -0.04397909 -0.00980034 0.51771849
v -0.03544954 -0.02801932 0.51771770
v -0.01508206 -0.04163806 0.51771758
v -0.01225467 -0.04367664 0.51771758
v 0.01790892 -0.04170605 0.51771740
v 0.01508207 -0.04163805 0.51771758
v 0.02416492 -0.03831157 0.51771770
v 0.02204851 -0.03838954 0.51771758
v 0.03378026 -0.02854543 0.51771758
v 0.03534188 -0.02817209 0.51771758
v 0.02834500 -0.03398068 0.51771758
v 0.04143763 -0.01528248 0.51771758
v 0.04261284 -0.01474446 0.51771770
v 0.03818912 -0.02224893 0.51771758
v 0.04072501 -0.01941739 0.51771849
v -0.04143765 0.01488163 0.51771758
v -0.04261286 0.01434358 0.51771770
v -0.04072501 0.01901656 0.51771849
v 0.01020295 -0.04413317 0.51771758
v 0.00480191 -0.04497313 0.51771758
v 0.00765737 -0.04362751 0.51771758
v 0.00000000 -0.04429743 0.51771758
v 0.03199853 -0.03196235 0.51771795
v 0.02829875 -0.03532402 0.51771770
v 0.03832801 -0.02386028 0.51771770
v -0.00480191 0.04457227 0.51771758
v -0.00000003 0.04389657 0.51771758
v -0.04400100 0.00927035 0.51771807
v -0.00262060 -0.04522946 0.51771740
v -0.00765736 -0.04362751 0.51771758
v 0.04474917 -0.00493699 0.51771788
v 0.04400098 -0.00967122 0.51771807
v 0.04342706 -0.00785779 0.51771758
v 0.04342705 0.00745694 0.51771758
v 0.04476192 0.00452392 0.51771758
v 0.04409699 -0.00020042 0.51771758
v 0.04499551 -0.00018742 0.51771788
v 0.00262058 0.04482857 0.51771739
v 0.00765734 0.04322664 0.51771758
v 0.04143762 0.01488165 0.51771758
v 0.04397907 0.00939943 0.51771849
v 0.03828083 0.02353125 0.51771776
v 0.04076602 0.01891606 0.51771776
v 0.03818911 0.02184808 0.51771758
v 0.04265480 0.01419147 0.51771868
v 0.01955761 0.04050120 0.51771758
v 0.02439603 0.03776128 0.51771776
v 0.02204848 0.03798871 0.51771758
v 0.02834498 0.03357983 0.51771758
v 0.02839169 0.03484970 0.51771770
v 0.03378024 0.02814459 0.51771758
v 0.03215111 0.03140220 0.51771758
v 0.01225458 0.04327579 0.51771758
v 0.01508204 0.04123721 0.51771758
v 0.03545636 0.02760787 0.51771770
f 1 2 3
f 4 5 6
f 7 8 9
f 10 11 12
f 13 14 15
f 16 17 18
f 19 20 21
f 22 23 24
f 25 26 27
f 28 29 30
f 31 32 33
f 34 29 28
f 35 36 37
f 37 36 38
f 39 40 41
f 42 43 44
f 45 46 47
f 48 49 50
f 51 52 53
f 37 38 54
f 55 56 57
f 58 59 60
f 61 62 63
f 64 65 66
f 67 68 69
f 70 71 72
f 73 74 75
f 76 77 78
f 79 80 81
f 82 83 84
f 85 86 87
f 88 89 90
f 91 92 93
f 94 95 96
f 97 98 99
f 100 101 102
f 103 104 105
f 106 107 108
f 109 110 111
f 112 113 114
f 115 116 117
f 118 119 120
f 121 122 123
f 124 125 126
f 127 128 129
f 130 131 132
f 133 134 135
f 136 137 138
f 139 140 141
f 142 143 144
f 145 146 147
f 148 149 150
f 151 152 153
f 154 155 156
f 157 158 159
f 160 161 162
f 163 164 165
f 166 167 168
f 169 170 171
f 172 173 174
f 175 176 177
f 178 179 180
f 181 182 183
f 184 185 186
f 187 188 189
f 190 191 192
f 193 194 195
f 196 197 198
f 199 200 201
f 202 203 204
f 205 206 207
f 208 209 210
f 211 212 213
f 214 215 216
f 217 218 219
f 220 221 222
f 223 224 225
f 226 227 228
f 229 230 231
f 232 233 234
f 235 236 237
f 238 239 240
f 241 242 243
f 244 245 246
f 247 248 249
f 250 251 252
f 253 254 255
f 256 257 258
f 259 260 261
f 262 263 264
f 265 266 267
f 268 269 270
f 271 272 273
f 274 275 276
f 277 278 279
f 274 280 275
f 281 282 283
f 284 285 286
f 287 288 289
f 290 291 292
f 293 294 295
f 296 297 298
f 299 300 301
f 302 303 304
f 305 306 307
f 308 309 310
f 311 312 313
f 314 315 316
f 317 318 319
f 320 321 322
f 323 324 325
f 326 327 328
f 328 327 329
f 330 331 332
f 332 331 333
f 334 335 336
f 336 335 337
f 338 339 340
f 340 339 341
f 342 343 344
f 345 346 347
f 348 349 350
f 351 352 353
f 354 355 356
f 357 358 359
f 360 361 362
f 363 364 365
f 366 367 368
f 369 370 371
f 372 373 374
f 374 373 375
f 376 377 378
f 378 377 379
f 380 381 382
f 383 384 385
f 386 387 388
f 389 390 391
f 392 393 394
f 395 396 397
f 398 399 400
f 401 402 403
f 404 405 406
f 407 408 409
f 410 411 412
f 413 414 415
f 416 417 418
f 419 420 421
f 422 423 424
f 425 426 427
f 428 429 430
f 430 429 431
f 432 433 434
f 435 436 437
f 438 439 440
f 441 442 443
f 444 445 446
f 447 448 449
f 450 451 452
f 453 454 455
f 456 457 458
f 459 460 461
f 462 463 464
f 465 466 467
f 468 469 470
f 471 472 473
f 474 475 476
f 477 478 479
f 480 481 482
f 483 484 485
f 486 487 488
f 489 490 491
f 492 493 494
f 495 496 497
f 498 499 500
f 501 502 503
f 504 505 506
f 507 508 509
f 510 511 512
f 513 514 515
f 516 517 518
f 519 520 521
f 522 523 524
f 525 526 527
f 527 526 528
f 529 530 531
f 532 533 534
f 535 536 537
f 538 539 540
f 541 542 543
f 544 545 546
f 547 548 549
f 550 551 552
f 553 554 555
f 556 557 558
f 559 560 561
f 562 563 564
f 565 566 567
f 568 569 570
f 570 569 571
f 572 573 574
f 575 576 577
f 578 579 580
f 581 582 583
f 584 585 586
f 587 588 589
f 590 591 592
f 593 594 595
f 596 597 598
f 599 600 601
f 602 603 604
f 605 606 607
f 608 609 610
f 611 612 613
f 614 615 616
f 617 618 619
f 619 618 620
f 621 622 623
f 623 622 624
f 625 626 627
f 628 629 630
f 631 632 633
f 634 635 636
f 637 638 639
f 640 641 642
f 643 644 645
f 646 647 648
f 649 650 651
f 652 653 654
f 655 656 657
f 658 659 660
f 661 662 663
f 664 665 666
f 666 665 667
f 668 669 670
f 670 669 671
f 672 673 674
f 675 676 677
f 678 679 680
f 681 682 683
f 684 685 686
f 687 688 689
f 690 691 692
f 693 694 695
f 696 697 698
f 699 700 701
f 702 703 704
f 705 706 707
f 708 709 710
f 711 712 713
f 714 715 716
f 717 718 719
f 720 721 722
f 723 724 725
f 726 727 728
f 729 730 731
f 732 733 734
f 735 736 737
f 738 739 740
f 741 742 743
f 744 745 746
f 747 748 749
f 750 751 752
f 753 754 755
f 756 757 758
f 759 760 761
f 762 763 764
f 765 766 767
f 768 769 770
f 771 772 773
f 774 775 776
f 777 778 779
f 780 781 782
f 783 784 785
f 786 787 788
f 789 790 791
f 792 793 794
f 795 796 797
f 798 799 800
f 801 802 803
f 804 805 806
f 807 808 809
f 810 811 812
f 813 814 815
f 816 817 818
f 819 820 821
f 822 823 824
f 825 826 827
f 828 829 830
f 831 832 833
f 834 835 836
f 837 838 839
f 840 841 842
f 842 841 843
f 844 845 846
f 847 848 849
f 850 851 852
f 853 854 855
f 856 857 858
f 859 860 861
f 862 863 864
f 865 866 867
f 868 869 870
f 871 872 873
f 874 875 876
f 877 878 879
f 880 881 882
f 883 884 885
f 886 887 888
f 889 890 891
f 892 893 894
f 894 893 895
f 896 897 898
f 899 900 901
f 902 903 904
f 904 903 905
f 906 907 908
f 909 910 911
f 912 913 914
f 914 913 915
f 916 917 918
f 919 920 921
f 922 923 924
f 925 926 927
f 928 929 930
f 931 932 933
f 934 935 936
f 937 938 939
f 940 941 942
f 943 944 945
f 946 947 948
f 948 947 949
f 950 951 952
f 953 954 955
f 956 957 958
f 959 960 961
f 962 963 964
f 965 966 967
f 968 969 970
f 971 972 973
f 974 975 976
f 977 978 979
f 980 981 982
f 983 984 985
f 986 987 988
f 989 990 991
f 992 993 994
f 995 996 997
f 998 999 1000
f 1001 1002 1003
f 1004 1005 1006
f 1007 1008 1009
f 1010 1011 1012
f 1013 1014 1015
f 1016 1017 1018
f 1019 1020 1021
f 1022 1023 1024
f 1025 1026 1027
f 1028 1029 1030
f 1031 1032 1033
f 1034 1035 1036
f 1037 1038 1039
f 1040 1041 1042
f 1043 1044 1045
f 1046 1047 1048
f 1049 1050 1051
f 1052 1053 1054
f 1055 1056 1057
f 1058 1059 1060
f 1061 1062 1063
f 1064 1065 1066
f 1067 1068 1069
f 1070 1071 1072
f 1073 1074 1075
f 1076 1077 1078
f 1079 1080 1081
f 1082 1083 1084
f 1085 1086 1087
f 1088 1089 1090
f 1091 1092 1093
f 1094 1095 1096
f 1097 1098 1099
f 1100 1101 1102
f 1103 1104 1105
f 1106 1107 1108
f 1109 1110 1111
f 1112 1113 1114
f 1115 1116 1117
f 1118 1119 1120
f 1120 1119 1121
f 1122 1123 1124
f 1125 1126 1127
f 1128 1129 1130
f 1131 1132 1133
f 1134 1135 1136
f 1137 1138 1139
f 1140 1141 1142
f 1140 1142 1143
f 1144 1145 1146
f 1147 1148 1149
f 1150 1151 1152
f 1153 1154 1155
f 1156 1157 1158
f 1158 1157 1159
f 1160 1161 1162
f 1162 1161 1163
f 1164 1165 1166
f 1166 1165 1167
f 1168 1169 1170
f 1170 1169 1171
f 1172 1173 1174
f 1175 1176 1177
f 1178 1179 1180
f 1181 1182 1183
f 1184 1185 1186
f 1187 1188 1189
f 1190 1191 1192
f 1193 1194 1195
f 1196 1197 1198
f 1199 1200 1201
f 1202 1203 1204
f 1205 1206 1207
f 1208 1209 1210
f 1211 1212 1213
f 1213 1212 1214
f 1215 1216 1217
f 1218 1219 1220
f 1221 1222 1223
f 1224 1225 1226
f 1227 1228 1229
f 1230 1231 1232
f 1233 1234 1235
f 1236 1237 1238
f 1239 1240 1241
f 1242 1243 1244
f 1245 1246 1247
f 1248 1249 1250
f 1251 1252 1253
f 1254 1255 1256
f 1257 1258 1259
f 1260 1261 1262
f 1263 1264 1265
f 1266 1267 1268
f 1269 1270 1271
f 1272 1273 1274
f 1275 1276 1277
f 1278 1279 1280
f 1281 1282 1283
f 1284 1285 1286
f 1287 1288 1289
f 1290 1291 1292
f 1292 1291 1293
f 1294 1295 1296
f 1296 1295 1297
f 1298 1299 1300
f 1301 1302 1303
f 1304 1305 1306
f 1307 1308 1309
f 1310 1311 1312
f 1313 1314 1315
f 1316 1317 1318
f 1318 1317 1319
f 1320 1321 1322
f 1322 1321 1323
f 1324 1325 1326
f 1326 1325 1327
f 1328 1329 1330
f 1331 1332 1333
f 1334 1335 1336
f 1337 1338 1339
f 1340 1341 1342
f 1343 1344 1345
f 1346 1347 1348
f 1349 1350 1351
f 1352 1353 1354
f 1355 1356 1357
f 1358 1359 1360
f 1361 1362 1363
f 1364 1365 1366
f 1367 1368 1369
f 1370 1371 1372
f 1373 1374 1375
f 1376 1377 1378
f 1379 1380 1381
f 1382 1383 1384
f 1385 1386 1387
f 1388 1389 1390
f 1391 1392 1393
f 1394 1395 1396
f 1397 1398 1399
f 1400 1401 1402
f 1403 1404 1405
f 1402 1401 1406
f 1407 1408 1409
f 1410 1411 1412
f 1411 1413 1412
f 1412 1413 1414
f 1412 1414 1415
f 1410 1412 1409
f 1409 1412 1416
f 1409 1416 1407
f 1417 1418 1419
f 1419 1418 1420
f 1419 1420 1421
f 1415 1422 1412
f 1412 1422 1419
f 1412 1419 1423
f 1423 1419 1421
f 1424 1425 1426
f 1408 1427 1409
f 1409 1427 1428
f 1409 1428 1429
f 1429 1428 1430
f 1419 1431 1417
f 1417 1431 1432
f 1417 1432 1433
f 1433 1432 1434
f 1430 1428 1425
f 1425 1428 1435
f 1425 1435 1426
f 1436 1437 1438
f 1432 1439 1434
f 1434 1439 1440
f 1434 1440 1441
f 1442 1443 1444
f 1441 1445 1446
f 1447 1448 1426
f 1426 1448 1449
f 1426 1449 1424
f 1450 1451 1452
f 1453 1454 1455
f 1456 1457 1458
f 1459 1460 1461
f 1462 1463 1464
f 1465 1466 1467
f 1468 1469 1470
f 1471 1472 1473
f 1474 1475 1476
f 1477 1478 1479
f 1480 1481 1482
f 1483 1484 1485
f 1486 1487 1488
f 1489 1490 1491
f 1489 1491 1492
f 1493 1494 1495
f 1496 1497 1498
f 1499 1500 1501
f 1502 1503 1504
f 1502 1505 1503
f 1506 1507 1508
f 1508 1507 1509
f 1510 1511 1512
f 1513 1514 1515
f 1516 1517 1518
f 1518 1517 1519
f 1520 1521 1522
f 1523 1524 1525
f 1526 1527 1528
f 1529 1530 1531
f 1532 1533 1534
f 1535 1536 1537
f 1538 1539 1540
f 1541 1542 1543
f 1544 1545 1546
f 1547 1548 1549
f 1550 1551 1552
f 1553 1554 1555
f 1556 1557 1558
f 1559 1560 1561
f 1562 1563 1564
f 1565 1566 1567
f 1568 1569 1570
f 1568 1570 1571
f 1572 1573 1574
f 1572 1574 1575
f 1576 1577 1578
f 1579 1580 1581
f 1582 1583 1584
f 1585 1586 1587
f 1588 1589 1590
f 1591 1592 1593
f 1594 1595 1596
f 1597 1598 1599
f 1600 1601 1602
f 1603 1604 1605
f 1606 1607 1608
f 1609 1610 1611
f 1612 1613 1614
f 1614 1615 1612
f 1616 1617 1618
f 1619 1620 1621
f 1622 1623 1624
f 1625 1626 1627
f 1628 1629 1630
f 1631 1632 1633
f 1634 1635 1636
f 1637 1638 1639
f 1640 1641 1642
f 1643 1644 1645
f 1646 1647 1648
f 1649 1650 1651
f 1651 1650 1652
f 1653 1654 1655
f 1656 1657 1658
f 1659 1660 1661
f 1662 1663 1664
f 1665 1666 1667
f 1668 1669 1670
f 1671 1672 1673
f 1674 1675 1676
f 1677 1678 1679
f 1680 1681 1682
f 1683 1684 1685
f 1686 1687 1688
f 1689 1690 1691
f 1692 1693 1694
f 1695 1696 1697
f 1698 1699 1700
f 1701 1702 1703
f 1704 1705 1706
f 1707 1708 1709
f 1710 1711 1712
f 1713 1714 1715
f 1716 1717 1718
f 1719 1720 1721
f 1722 1723 1724
f 1725 1726 1727
f 1728 1729 1730
f 1731 1732 1733
f 1734 1735 1736
f 1737 1738 1739
f 1740 1741 1742
f 1743 1744 1745
f 1746 1747 1748
f 1749 1750 1751
f 1752 1753 1754
f 1755 1756 1757
f 1758 1759 1760
f 1761 1762 1763
f 1764 1765 1766
f 1767 1768 1769
f 1770 1771 1772
f 1773 1774 1775
f 1776 1777 1778
f 1779 1780 1781
f 1782 1783 1784
f 1785 1786 1787
f 1788 1789 1790
f 1791 1792 1793
f 1794 1795 1796
f 1797 1798 1799
f 1800 1801 1802
f 1803 1804 1805
f 1806 1807 1808
f 1809 1810 1811
f 1812 1813 1814
f 1815 1816 1817
f 1818 1819 1820
f 1821 1822 1823
f 1824 1825 1826
f 1827 1828 1829
f 1830 1831 1832
f 1833 1834 1835
f 1836 1837 1838
f 1839 1840 1841
f 1842 1843 1844
f 1845 1846 1847
f 1848 1849 1850
f 1851 1852 1853
f 1854 1855 1856
f 1857 1858 1859
f 1860 1861 1862
f 1863 1864 1865
f 1866 1867 1868
f 1869 1870 1871
f 1872 1873 1874
f 1875 1876 1877
f 1878 1879 1880
f 1881 1882 1883
f 1884 1885 1886
f 1887 1888 1889
f 1890 1891 1892
f 1893 1894 1895
f 1896 1897 1898
f 1899 1900 1901
f 1902 1903 1904
f 1905 1906 1907
f 1908 1909 1910
f 1911 1912 1913
f 1914 1915 1916
f 1917 1918 1919
f 1920 1921 1922
f 1923 1924 1925
f 1926 1927 1928
f 1929 1930 1931
f 1932 1933 1934
f 1934 1933 1935
f 1936 1937 1938
f 1939 1940 1941
f 1942 1943 1944
f 1945 1946 1947
f 1948 1949 1950
f 1951 1952 1953
f 1954 1955 1956
f 1957 1958 1959
f 1960 1961 1962
f 1963 1964 1965
f 1966 1967 1968
f 1969 1970 1971
f 1972 1973 1974
f 1975 1976 1977
f 1978 1979 1980
f 1981 1982 1983
f 1984 1985 1986
f 1987 1988 1989
f 1990 1991 1992
f 1993 1994 1995
f 1996 1997 1998
f 1999 2000 2001
f 2002 2003 2004
f 2005 2006 2007
f 2008 2009 2010
f 2011 2012 2013
f 2014 2015 2016
f 2017 2018 2019
f 2020 2021 2022
f 2023 2024 2025
f 2026 2027 2028
f 2011 2029 2012
f 2030 2031 2032
f 2033 2034 2035
f 2036 2037 2038
f 2039 2040 2041
f 2042 2043 2044
f 2045 2046 2047
f 2048 2049 2050
f 2051 2052 2053
f 2054 2055 2056
f 2057 2058 2059
f 2060 2061 2062
f 2063 2064 2065
f 2066 2067 2068
f 2069 2070 2071
f 2072 2073 2074
f 2075 2076 2077
f 2078 2079 2080
f 2081 2082 2083
f 2084 2019 2018
f 2085 2086 2087
f 2088 2089 2090
f 2091 2092 2093
f 2094 2095 2096
f 2097 2098 2099
f 2100 2101 2102
f 2103 2104 2105
f 2106 2107 2108
f 2109 2110 2111
f 2112 2113 2114
f 2115 2116 2117
f 2118 2119 2120
f 2121 2122 2123
f 2124 2125 2126
f 2127 2128 2129
f 2130 2131 2132
f 2133 2134 2135
f 2136 2137 2138
f 2139 2140 2141
f 2142 2143 2144
f 2145 2146 2147
f 2148 2149 2150
f 2151 2152 2153
f 2154 2155 2156
f 2157 2158 2159
f 2160 2161 2162
f 2163 2164 2165
f 2166 2167 2168
f 2169 2170 2171
f 2172 2173 2174
f 2175 2176 2177
f 2178 2179 2180
f 2181 2182 2183
f 2184 2185 2186
f 2187 2188 2189
f 2190 2191 2192
f 2193 2194 2195
f 2196 2197 2198
f 2199 2200 2201
f 2202 2203 2204
f 2205 2206 2207
f 2208 2209 2210
f 2210 2209 2211
f 2212 2213 2214
f 2215 2216 2217
f 2218 2219 2220
f 2221 2222 2223
f 2224 2225 2226
f 2227 2228 2229
f 2230 2231 2232
f 2232 2231 2233
f 2234 2235 2236
f 2237 2238 2239
f 2240 2241 2242
f 2242 2241 2243
f 2244 2245 2246
f 2247 2248 2249
f 2250 2251 2252
f 2253 2254 2255
f 2256 2257 2258
f 2259 2260 2261
f 2262 2263 2264
f 2265 2266 2267
f 2268 2269 2270
f 2268 2270 2271
f 2272 2273 2274
f 2275 2276 2277
f 2278 2279 2280
f 2281 2282 2283
f 2284 2285 2286
f 2282 2287 2283
f 2288 2289 2290
f 2291 2292 2293
f 2294 2295 2296
f 2297 2298 2299
f 2300 2301 2302
f 2303 2304 2305
f 2306 2307 2308
f 2309 2310 2311
f 2312 2313 2314
f 2315 2316 2317
f 2318 2319 2320
f 2321 2322 2323
f 2324 2325 2326
f 2327 2328 2329
f 2330 2331 2332
f 2333 2286 2285
f 2334 2335 2336
f 2337 2338 2339
f 2340 2341 2342
f 2343 2344 2345
f 2346 2347 2348
f 2349 2350 2351
f 2352 2353 2354
f 2355 2356 2357
f 2358 2359 2360
f 2361 2362 2363
f 2364 2365 2366
f 2367 2368 2369
f 2370 2371 2372
f 2373 2374 2375
f 2376 2377 2378
f 2379 2380 2381
f 2382 2383 2384
f 2385 2386 2387
f 2388 2389 2390
f 2391 2392 2393
f 2394 2395 2396
f 2397 2398 2399
f 2400 2401 2402
f 2403 2404 2405
f 2406 2407 2408
f 2409 2410 2411
f 2412 2413 2414
f 2415 2416 2417
f 2418 2419 2420
f 2421 2422 2423
f 2424 2425 2426
f 2427 2428 2429
f 2430 2431 2432
f 2433 2434 2435
f 2436 2437 2438
f 2439 2440 2441
f 2442 2443 2444
f 2445 2446 2447
f 2448 2449 2450
f 2451 2452 2453
f 2454 2455 2456
f 2457 2458 2459
f 2460 2461 2462
f 2463 2464 2465
f 2466 2467 2468
f 2469 2470 2471
f 2472 2473 2474
f 2475 2476 2477
f 2478 2479 2480
f 2481 2482 2483
f 2484 2485 2486
f 2487 2488 2489
f 2490 2491 2492
f 2493 2494 2495
f 2496 2497 2498
f 2499 2500 2501
f 2502 2503 2504
f 2505 2506 2507
f 2507 2506 2508
f 2509 2510 2511
f 2511 2510 2512
f 2513 2514 2515
f 2516 2517 2518
f 2519 2520 2521
f 2522 2523 2524
f 2525 2526 2527
f 2527 2526 2528
f 2529 2530 2531
f 2532 2533 2534
f 2535 2536 2537
f 2538 2539 2540
f 2541 2542 2543
f 2544 2545 2546
f 2547 2548 2549
f 2550 2551 2552
f 2553 2554 2555
f 2556 2557 2558
f 2559 2560 2561
f 2562 2563 2564
f 2565 2566 2567
f 2568 2569 2570
f 2571 2572 2573
f 2574 2575 2576
f 2577 2578 2579
f 2580 2581 2582
f 2583 2584 2585
f 2586 2587 2588
f 2589 2590 2591
f 2592 2593 2594
f 2595 2596 2597
f 2598 2599 2600
f 2601 2602 2603
f 2604 2605 2606
f 2607 2608 2609
f 2610 2611 2612
f 2613 2614 2615
f 2616 2617 2618
f 2619 2620 2621
f 2622 2623 2624
f 2625 2626 2627
f 2628 2629 2630
f 2631 2632 2633
f 2634 2635 2636
f 2637 2638 2639
f 2640 2641 2642
f 2643 2644 2645
f 2646 2647 2648
f 2649 2650 2651
f 2652 2653 2654
f 2655 2656 2657
f 2658 2659 2660
f 2661 2662 2663
f 2664 2665 2666
f 2667 2668 2669
f 2670 2671 2672
f 2673 2674 2675
f 2676 2677 2678
f 2679 2680 2681
f 2682 2683 2684
f 2685 2686 2687
f 2688 2689 2690
f 2691 2692 2693
f 2694 2695 2696
f 2697 2698 2699
f 2700 2697 2699
f 2701 2702 2703
f 2704 2705 2706
f 2707 2708 2709
f 2710 2711 2712
f 2713 2714 2715
f 2716 2717 2718
f 2719 2720 2721
f 2722 2723 2724
f 2725 2726 2727
f 2728 2729 2730
f 2731 2732 2733
f 2734 2735 2736
f 2737 2738 2739
f 2740 2741 2742
f 2743 2744 2745
f 2746 2747 2748
f 2749 2750 2751
f 2752 2753 2754
f 2755 2756 2757
f 2758 2759 2760
f 2761 2762 2763
f 2764 2765 2766
f 2767 2768 2769
f 2770 2771 2772
f 2773 2774 2775
f 2775 2774 2776
f 2777 2778 2779
f 2780 2781 2782
f 2783 2784 2785
f 2786 2787 2788
f 2789 2790 2791
f 2792 2793 2794
f 2795 2796 2797
f 2798 2799 2800
f 2801 2802 2803
f 2804 2805 2806
f 2807 2808 2809
f 2810 2811 2812
f 2813 2814 2815
f 2816 2817 2818
f 2819 2820 2821
f 2822 2823 2824
f 2825 2826 2827
f 2828 2829 2830
f 2831 2832 2833
f 2834 2835 2836
f 2837 2838 2839
f 2840 2841 2842
f 2843 2844 2845
f 2846 2847 2848
f 2849 2850 2851
f 2852 2853 2854
f 2855 2856 2857
f 2858 2859 2860
f 2861 2541 2543
f 2862 2863 2864
f 2865 2866 2867
f 2868 2869 2870
f 2871 2872 2873
f 2874 2875 2876
f 2877 2878 2879
f 2880 2881 2882
f 2882 2881 2883
f 2884 2885 2886
f 2887 2888 2889
f 2890 2891 2892
f 2893 2894 2895
f 2896 2897 2898
f 2899 2900 2901
f 2902 2903 2904
f 2905 2906 2907
f 2908 2909 2910
f 2911 2912 2913
f 2914 2915 2916
f 2917 2918 2919
f 2920 2921 2922
f 2923 2924 2925
f 2926 2927 2928
f 2929 2930 2931
f 2932 2933 2934
f 2935 2936 2937
f 2938 2939 2940
f 2941 2942 2943
f 2944 2945 2946
f 2947 2948 2949
f 2950 2951 2952
f 2953 2954 2955
f 2956 2957 2958
f 2959 2960 2961
f 2962 2963 2964
f 2965 2966 2967
f 2968 2969 2970
f 2971 2972 2973
f 2973 2972 2974
f 2975 2976 2977
f 2978 2979 2980
f 2981 2982 2983
f 2983 2982 2984
f 2985 2986 2987
f 2988 2989 2990
f 2991 2992 2993
f 2994 2995 2996
f 2997 2998 2999
f 3000 3001 3002
f 3003 3004 3005
f 3006 3007 3008
f 2963 3009 2964
f 3010 3011 3012
f 3013 3014 3015
f 3016 3017 3018
f 3019 3020 3021
f 3022 3023 3024
f 3025 3026 3027
f 3025 3027 3028
f 3029 3030 3031
f 3032 3033 3034
f 3035 3036 3037
f 3038 3039 3040
f 3041 3042 3043
f 3044 3045 3046
f 3047 3048 3049
f 3050 3051 3052
f 3053 3054 3055
f 3056 3057 3058
f 3059 3060 3061
f 3062 3063 3064
f 3065 3066 3067
f 3068 3069 3070
f 3071 3072 3073
f 3074 3075 3076
f 3076 3075 3077
f 3078 3079 3080
f 3081 3082 3083
f 3084 3085 3086
f 3087 3088 3089
f 3090 3091 3092
f 3093 3094 3095
f 3096 3097 3098
f 3098 3097 3099
f 3100 3101 3102
f 3103 3104 3105
f 3106 3107 3108
f 3109 3110 3111
f 3112 3113 3114
f 3115 2550 2552
f 3116 3117 3118
f 3119 3120 3121
f 3001 3122 3002
f 3123 3124 3125
f 3125 3124 3126
f 3127 3128 3129
f 3129 3128 3130
f 3124 3123 3131
f 3124 3131 3130
f 3130 3131 3129
f 3132 3133 3134
f 3134 3133 3135
f 3136 3137 3138
f 3138 3137 3139
f 3138 3139 3140
f 3140 3139 3141
f 3136 3142 3137
f 3128 3127 3143
f 3128 3143 3144
f 3144 3143 3145
f 3125 3126 3146
f 3146 3126 3147
f 3148 3149 3150
f 3150 3149 3151
f 3150 3151 3152
f 3152 3151 3153
f 3133 3154 3135
f 3135 3154 3155
f 3135 3155 3148
f 3148 3155 3149
f 3141 3156 3140
f 3140 3156 3134
f 3134 3156 3132
f 3142 3136 3157
f 3142 3157 3158
f 3159 3160 3161
f 3161 3160 3162
f 3163 3164 3165
f 3166 3167 3168
f 3168 3167 3169
f 3170 3171 3147
f 3147 3171 3172
f 3147 3172 3146
f 3173 3174 3175
f 3175 3174 3176
f 3160 3159 3175
f 3175 3159 3173
f 3164 3177 3165
f 3165 3177 3178
f 3165 3178 3162
f 3162 3178 3161
f 3169 3179 3168
f 3168 3179 3163
f 3163 3179 3164
f 3145 3180 3144
f 3144 3180 3181
f 3153 3182 3152
f 3152 3182 3170
f 3170 3182 3171
f 3183 3158 3184
f 3184 3158 3157
f 3185 3186 3187
f 3187 3186 3166
f 3166 3186 3167
f 3188 3189 3190
f 3190 3189 3191
f 3190 3191 3187
f 3187 3191 3185
f 3180 3192 3181
f 3181 3192 3193
f 3174 3183 3176
f 3176 3183 3184
f 3194 3195 3188
f 3188 3195 3189
f 3196 3197 3198
f 3198 3197 3194
f 3194 3197 3199
f 3194 3199 3195
f 3200 3201 3202
f 3202 3201 3203
f 3203 3201 3204
f 3203 3204 3205
f 3205 3204 3206
f 3192 3207 3193
f 3193 3207 3208
f 3206 3209 3205
f 3205 3209 3198
f 3198 3209 3196
f 3208 3207 3200
f 3208 3200 3202
