mtllib material.mtl
usemtl material_upperarm_3
v -0.05717937 0.00907347 0.55209061
v -0.05505085 0.01787704 0.55193863
v -0.05716798 0.00905145 0.55193552
v 0.00000643 0.05789578 0.55209134
v 0.00905361 0.05716572 0.55193552
v -0.00000699 0.05786870 0.55192660
v 0.00000643 0.05789578 0.55209134
v -0.00000699 0.05786870 0.55192660
v -0.00905086 0.05718398 0.55209134
v -0.00905086 0.05718398 0.55209134
v -0.00000699 0.05786870 0.55192660
v -0.00906429 0.05715342 0.55192465
v -0.00905086 0.05718398 0.55209134
v -0.00906429 0.05715342 0.55192465
v -0.01790034 0.05504069 0.55193570
v 0.03403541 0.04683194 0.55209054
v 0.04092698 0.04092600 0.55193552
v 0.03402049 0.04682454 0.55193552
v 0.05717925 -0.00907788 0.55209061
v 0.05505073 -0.01788145 0.55193863
v 0.05716787 -0.00905586 0.55193552
v -0.00907572 -0.05718152 0.55209061
v -0.01788529 -0.05505000 0.55193552
v -0.00905373 -0.05717013 0.55193552
v 0.00907561 0.05717710 0.55209060
v 0.00905361 0.05716572 0.55193552
v 0.00000643 0.05789578 0.55209134
v -0.01790188 0.05505580 0.55209073
v -0.00905086 0.05718398 0.55209134
v -0.01790034 0.05504069 0.55193570
v -0.01790188 0.05505580 0.55209073
v -0.01790034 0.05504069 0.55193570
v -0.02627780 0.05158589 0.55209054
v 0.02627637 0.05156999 0.55193552
v 0.01788520 0.05504558 0.55193552
v 0.01789704 0.05505726 0.55209054
v 0.02627637 0.05156999 0.55193552
v 0.01789704 0.05505726 0.55209054
v 0.02628994 0.05157963 0.55209054
v 0.04684216 0.03402216 0.55209054
v 0.05158804 0.02627552 0.55209054
v 0.05156926 0.02628205 0.55193863
v 0.03402430 -0.04684441 0.55209055
v 0.02627767 -0.05159031 0.55209055
v 0.02628419 -0.05157153 0.55193863
v -0.04684227 -0.03402657 0.55209055
v -0.05158815 -0.02627992 0.55209055
v -0.05156507 -0.02629267 0.55193564
v -0.05716798 0.00905145 0.55193552
v -0.05787094 -0.00000915 0.55192661
v -0.05789804 0.00000430 0.55209134
v -0.05716798 0.00905145 0.55193552
v -0.05789804 0.00000430 0.55209134
v -0.05717937 0.00907347 0.55209061
v -0.05157864 0.02626163 0.55193564
v -0.05505085 0.01787704 0.55193863
v -0.05505951 0.01789494 0.55209054
v -0.05505951 0.01789494 0.55209054
v -0.05505085 0.01787704 0.55193863
v -0.05717937 0.00907347 0.55209061
v -0.05505951 0.01789494 0.55209054
v -0.05717937 0.00907347 0.55209061
v -0.05629337 0.01351262 0.55209054
v -0.04683030 0.03401230 0.55193350
v -0.05157864 0.02626163 0.55193564
v -0.05158192 0.02628776 0.55209054
v -0.05158192 0.02628776 0.55209054
v -0.05157864 0.02626163 0.55193564
v -0.05505951 0.01789494 0.55209054
v -0.05158192 0.02628776 0.55209054
v -0.05348612 0.02215243 0.55209054
v -0.04092825 0.04092486 0.55193552
v -0.04683030 0.03401230 0.55193350
v -0.04683419 0.03403328 0.55209054
v -0.04683419 0.03403328 0.55209054
v -0.04683030 0.03401230 0.55193350
v -0.05158192 0.02628776 0.55209054
v -0.04683419 0.03403328 0.55209054
v -0.04936188 0.03024674 0.55209054
v -0.04402217 0.03759621 0.55209054
v -0.04093326 0.04094073 0.55209054
v -0.04683419 0.03403328 0.55209054
v -0.04093326 0.04094073 0.55209054
v -0.04092825 0.04092486 0.55193552
v -0.04092825 0.04092486 0.55193552
v -0.04093326 0.04094073 0.55209054
v -0.03402793 0.04682045 0.55193863
v -0.03759849 0.04401989 0.55209054
v -0.03402445 0.04684000 0.55209054
v -0.04093326 0.04094073 0.55209054
v -0.03402445 0.04684000 0.55209054
v -0.03402793 0.04682045 0.55193863
v -0.03402793 0.04682045 0.55193863
v -0.03402445 0.04684000 0.55209054
v -0.02629052 0.05156283 0.55193570
v -0.03024903 0.04935960 0.55209054
v -0.02627780 0.05158589 0.55209054
v -0.03402445 0.04684000 0.55209054
v -0.02627780 0.05158589 0.55209054
v -0.02629052 0.05156283 0.55193570
v -0.02629052 0.05156283 0.55193570
v -0.02627780 0.05158589 0.55209054
v -0.01790034 0.05504069 0.55193570
v 0.01351476 0.05629111 0.55209054
v 0.01789704 0.05505726 0.55209054
v 0.00907561 0.05717710 0.55209060
v 0.00907561 0.05717710 0.55209060
v 0.01789704 0.05505726 0.55209054
v 0.01788520 0.05504558 0.55193552
v 0.00907561 0.05717710 0.55209060
v 0.01788520 0.05504558 0.55193552
v 0.00905361 0.05716572 0.55193552
v -0.02215473 0.05348386 0.55209054
v -0.01790188 0.05505580 0.55209073
v 0.02215458 0.05348388 0.55209054
v 0.02628994 0.05157963 0.55209054
v 0.03402049 0.04682454 0.55193552
v 0.02627637 0.05156999 0.55193552
v 0.02628994 0.05157963 0.55209054
v 0.03402049 0.04682454 0.55193552
v 0.02628994 0.05157963 0.55209054
v 0.03403541 0.04683194 0.55209054
v 0.03403541 0.04683194 0.55209054
v 0.03024888 0.04935962 0.55209054
v 0.03759836 0.04401992 0.55209054
v 0.04094284 0.04093102 0.55209054
v 0.03403541 0.04683194 0.55209054
v 0.04094284 0.04093102 0.55209054
v 0.04092698 0.04092600 0.55193552
v 0.04092698 0.04092600 0.55193552
v 0.04094284 0.04093102 0.55209054
v 0.04682568 0.03401971 0.55193552
v 0.04402204 0.03759624 0.55209054
v 0.04684216 0.03402216 0.55209054
v 0.04094284 0.04093102 0.55209054
v 0.04684216 0.03402216 0.55209054
v 0.04682568 0.03401971 0.55193552
v 0.04682568 0.03401971 0.55193552
v 0.04684216 0.03402216 0.55209054
v 0.05156926 0.02628205 0.55193863
v 0.05504284 0.01789804 0.55193564
v 0.05156926 0.02628205 0.55193863
v 0.05158804 0.02627552 0.55209054
v 0.05504284 0.01789804 0.55193564
v 0.05158804 0.02627552 0.55209054
v 0.05505795 0.01789963 0.55209073
v 0.05505795 0.01789963 0.55209073
v 0.05158804 0.02627552 0.55209054
v 0.05348600 0.02215246 0.55209054
v 0.04936174 0.03024677 0.55209054
v 0.05715554 0.00906202 0.55192465
v 0.05504284 0.01789804 0.55193564
v 0.05718612 0.00904860 0.55209134
v 0.05718612 0.00904860 0.55209134
v 0.05504284 0.01789804 0.55193564
v 0.05505795 0.01789963 0.55209073
v 0.05787083 0.00000475 0.55192661
v 0.05715554 0.00906202 0.55192465
v 0.05718612 0.00904860 0.55209134
v 0.05787083 0.00000475 0.55192661
v 0.05718612 0.00904860 0.55209134
v 0.05789793 -0.00000873 0.55209134
v 0.05716787 -0.00905586 0.55193552
v 0.05787083 0.00000475 0.55192661
v 0.05789793 -0.00000873 0.55209134
v 0.05716787 -0.00905586 0.55193552
v 0.05789793 -0.00000873 0.55209134
v 0.05717925 -0.00907788 0.55209061
v 0.05717925 -0.00907788 0.55209061
v 0.05629326 -0.01351702 0.55209055
v 0.05505940 -0.01789935 0.55209055
v 0.05717925 -0.00907788 0.55209061
v 0.05505940 -0.01789935 0.55209055
v 0.05505073 -0.01788145 0.55193863
v 0.05505073 -0.01788145 0.55193863
v 0.05505940 -0.01789935 0.55209055
v 0.05157854 -0.02626603 0.55193564
v 0.05348601 -0.02215684 0.55209055
v 0.05158179 -0.02629218 0.55209055
v 0.05505940 -0.01789935 0.55209055
v 0.05158179 -0.02629218 0.55209055
v 0.05157854 -0.02626603 0.55193564
v 0.05157854 -0.02626603 0.55193564
v 0.05158179 -0.02629218 0.55209055
v 0.04683494 -0.03401136 0.55193570
v 0.04936176 -0.03025114 0.55209055
v 0.04683408 -0.03403768 0.55209055
v 0.05158179 -0.02629218 0.55209055
v 0.04683408 -0.03403768 0.55209055
v 0.04683494 -0.03401136 0.55193570
v 0.04683494 -0.03401136 0.55193570
v 0.04683408 -0.03403768 0.55209055
v 0.04093258 -0.04092379 0.55193351
v 0.04402206 -0.03760062 0.55209055
v 0.04093313 -0.04094515 0.55209055
v 0.04683408 -0.03403768 0.55209055
v 0.04093313 -0.04094515 0.55209055
v 0.04093258 -0.04092379 0.55193351
v 0.04093258 -0.04092379 0.55193351
v 0.04093313 -0.04094515 0.55209055
v 0.03402186 -0.04682794 0.55193552
v 0.03759839 -0.04402429 0.55209055
v 0.03402430 -0.04684441 0.55209055
v 0.04093313 -0.04094515 0.55209055
v 0.03402430 -0.04684441 0.55209055
v 0.03402186 -0.04682794 0.55193552
v 0.03402186 -0.04682794 0.55193552
v 0.03402430 -0.04684441 0.55209055
v 0.02628419 -0.05157153 0.55193863
v 0.01790019 -0.05504510 0.55193564
v 0.02628419 -0.05157153 0.55193863
v 0.02627767 -0.05159031 0.55209055
v 0.01790019 -0.05504510 0.55193564
v 0.02627767 -0.05159031 0.55209055
v 0.01790178 -0.05506021 0.55209073
v 0.01790178 -0.05506021 0.55209073
v 0.02627767 -0.05159031 0.55209055
v 0.02215461 -0.05348825 0.55209055
v 0.03024891 -0.04936401 0.55209055
v 0.00906418 -0.05715781 0.55192466
v 0.01790019 -0.05504510 0.55193564
v 0.00905076 -0.05718838 0.55209134
v 0.00905076 -0.05718838 0.55209134
v 0.01790019 -0.05504510 0.55193564
v 0.01790178 -0.05506021 0.55209073
v 0.00000688 -0.05787308 0.55192661
v 0.00906418 -0.05715781 0.55192466
v 0.00905076 -0.05718838 0.55209134
v 0.00000688 -0.05787308 0.55192661
v 0.00905076 -0.05718838 0.55209134
v -0.00000659 -0.05790018 0.55209134
v -0.00905373 -0.05717013 0.55193552
v 0.00000688 -0.05787308 0.55192661
v -0.00000659 -0.05790018 0.55209134
v -0.00905373 -0.05717013 0.55193552
v -0.00000659 -0.05790018 0.55209134
v -0.00907572 -0.05718152 0.55209061
v -0.00907572 -0.05718152 0.55209061
v -0.01351487 -0.05629551 0.55209055
v -0.01789718 -0.05506166 0.55209055
v -0.00907572 -0.05718152 0.55209061
v -0.01789718 -0.05506166 0.55209055
v -0.01788529 -0.05505000 0.55193552
v -0.01788529 -0.05505000 0.55193552
v -0.01789718 -0.05506166 0.55209055
v -0.02627647 -0.05157440 0.55193552
v -0.02215470 -0.05348827 0.55209055
v -0.02629004 -0.05158405 0.55209055
v -0.01789718 -0.05506166 0.55209055
v -0.02629004 -0.05158405 0.55209055
v -0.02627647 -0.05157440 0.55193552
v -0.02627647 -0.05157440 0.55193552
v -0.02629004 -0.05158405 0.55209055
v -0.03402064 -0.04682892 0.55193552
v -0.03024900 -0.04936403 0.55209055
v -0.03403555 -0.04683633 0.55209055
v -0.02629004 -0.05158405 0.55209055
v -0.03403555 -0.04683633 0.55209055
v -0.03402064 -0.04682892 0.55193552
v -0.03402064 -0.04682892 0.55193552
v -0.03403555 -0.04683633 0.55209055
v -0.04092707 -0.04093043 0.55193552
v -0.03759847 -0.04402431 0.55209055
v -0.04094296 -0.04093544 0.55209055
v -0.03403555 -0.04683633 0.55209055
v -0.04094296 -0.04093544 0.55209055
v -0.04092707 -0.04093043 0.55193552
v -0.04092707 -0.04093043 0.55193552
v -0.04094296 -0.04093544 0.55209055
v -0.04682270 -0.03403009 0.55193863
v -0.04402215 -0.03760065 0.55209055
v -0.04684227 -0.03402657 0.55209055
v -0.04094296 -0.04093544 0.55209055
v -0.04684227 -0.03402657 0.55209055
v -0.04682270 -0.03403009 0.55193863
v -0.04682270 -0.03403009 0.55193863
v -0.04684227 -0.03402657 0.55209055
v -0.05156507 -0.02629267 0.55193564
v -0.05504295 -0.01790245 0.55193564
v -0.05156507 -0.02629267 0.55193564
v -0.05158815 -0.02627992 0.55209055
v -0.05504295 -0.01790245 0.55193564
v -0.05158815 -0.02627992 0.55209055
v -0.05505806 -0.01790402 0.55209073
v -0.05505806 -0.01790402 0.55209073
v -0.05158815 -0.02627992 0.55209055
v -0.05348611 -0.02215687 0.55209055
v -0.04936186 -0.03025117 0.55209055
v -0.05715566 -0.00906643 0.55192465
v -0.05504295 -0.01790245 0.55193564
v -0.05718624 -0.00905300 0.55209134
v -0.05718624 -0.00905300 0.55209134
v -0.05504295 -0.01790245 0.55193564
v -0.05505806 -0.01790402 0.55209073
v -0.05787094 -0.00000915 0.55192661
v -0.05715566 -0.00906643 0.55192465
v -0.05718624 -0.00905300 0.55209134
v -0.05787094 -0.00000915 0.55192661
v -0.05718624 -0.00905300 0.55209134
v -0.05789804 0.00000430 0.55209134
v -0.00899591 0.05694746 0.55172965
v -0.00906429 0.05715342 0.55192465
v 0.00001192 0.05765268 0.55172446
v -0.00000699 0.05786870 0.55192660
v 0.00001192 0.05765268 0.55172446
v -0.00000699 0.05786870 0.55192660
v 0.00901769 0.05694396 0.55173013
v 0.00901769 0.05694396 0.55173013
v -0.00000699 0.05786870 0.55192660
v 0.00905361 0.05716572 0.55193552
v 0.00901769 0.05694396 0.55173013
v 0.00905361 0.05716572 0.55193552
v 0.01781948 0.05484065 0.55174326
v 0.01781948 0.05484065 0.55174326
v 0.00905361 0.05716572 0.55193552
v 0.01788520 0.05504558 0.55193552
v 0.01781948 0.05484065 0.55174326
v 0.01788520 0.05504558 0.55193552
v 0.02618534 0.05136326 0.55172446
v 0.02618534 0.05136326 0.55172446
v 0.01788520 0.05504558 0.55193552
v 0.02627637 0.05156999 0.55193552
v 0.02618534 0.05136326 0.55172446
v 0.02627637 0.05156999 0.55193552
v 0.03391541 0.04667306 0.55177841
v 0.03391541 0.04667306 0.55177841
v 0.02627637 0.05156999 0.55193552
v 0.03402049 0.04682454 0.55193552
v 0.03391541 0.04667306 0.55177841
v 0.03402049 0.04682454 0.55193552
v 0.04077656 0.04075749 0.55172446
v 0.04077656 0.04075749 0.55172446
v 0.03402049 0.04682454 0.55193552
v 0.04092698 0.04092600 0.55193552
v 0.04077656 0.04075749 0.55172446
v 0.04092698 0.04092600 0.55193552
v 0.04665842 0.03386777 0.55172965
v 0.04665842 0.03386777 0.55172965
v 0.04092698 0.04092600 0.55193552
v 0.04682568 0.03401971 0.55193552
v 0.04665842 0.03386777 0.55172965
v 0.04682568 0.03401971 0.55193552
v 0.05138241 0.02615177 0.55172965
v 0.05138241 0.02615177 0.55172965
v 0.04682568 0.03401971 0.55193552
v 0.05156926 0.02628205 0.55193863
v 0.05138241 0.02615177 0.55172965
v 0.05156926 0.02628205 0.55193863
v 0.05484121 0.01779176 0.55172965
v 0.05484121 0.01779176 0.55172965
v 0.05156926 0.02628205 0.55193863
v 0.05504284 0.01789804 0.55193564
v 0.05484121 0.01779176 0.55172965
v 0.05504284 0.01789804 0.55193564
v 0.05694961 0.00899365 0.55172965
v 0.05694961 0.00899365 0.55172965
v 0.05504284 0.01789804 0.55193564
v 0.05715554 0.00906202 0.55192465
v 0.05694961 0.00899365 0.55172965
v 0.05715554 0.00906202 0.55192465
v 0.05765483 -0.00001419 0.55172446
v 0.05787083 0.00000475 0.55192661
v 0.05765483 -0.00001419 0.55172446
v 0.05787083 0.00000475 0.55192661
v 0.05694314 -0.00903317 0.55172446
v 0.05716787 -0.00905586 0.55193552
v 0.05694314 -0.00903317 0.55172446
v 0.05716787 -0.00905586 0.55193552
v 0.05482650 -0.01784146 0.55172965
v 0.05482650 -0.01784146 0.55172965
v 0.05716787 -0.00905586 0.55193552
v 0.05505073 -0.01788145 0.55193863
v 0.05482650 -0.01784146 0.55172965
v 0.05505073 -0.01788145 0.55193863
v 0.05136082 -0.02619859 0.55172965
v 0.05136082 -0.02619859 0.55172965
v 0.05505073 -0.01788145 0.55193863
v 0.05157854 -0.02626603 0.55193564
v 0.05136082 -0.02619859 0.55172965
v 0.05157854 -0.02626603 0.55193564
v 0.04667524 -0.03391763 0.55177842
v 0.04667524 -0.03391763 0.55177842
v 0.05157854 -0.02626603 0.55193564
v 0.04683494 -0.03401136 0.55193570
v 0.04667524 -0.03391763 0.55177842
v 0.04683494 -0.03401136 0.55193570
v 0.04093258 -0.04092379 0.55193351
v 0.04667524 -0.03391763 0.55177842
v 0.04093258 -0.04092379 0.55193351
v 0.04075963 -0.04077882 0.55172446
v 0.04075963 -0.04077882 0.55172446
v 0.04093258 -0.04092379 0.55193351
v 0.03386991 -0.04666069 0.55172965
v 0.03386991 -0.04666069 0.55172965
v 0.04093258 -0.04092379 0.55193351
v 0.03402186 -0.04682794 0.55193552
v 0.03386991 -0.04666069 0.55172965
v 0.03402186 -0.04682794 0.55193552
v 0.02615393 -0.05138467 0.55172965
v 0.02615393 -0.05138467 0.55172965
v 0.03402186 -0.04682794 0.55193552
v 0.02628419 -0.05157153 0.55193863
v 0.02615393 -0.05138467 0.55172965
v 0.02628419 -0.05157153 0.55193863
v 0.01779390 -0.05484347 0.55172965
v 0.01779390 -0.05484347 0.55172965
v 0.02628419 -0.05157153 0.55193863
v 0.01790019 -0.05504510 0.55193564
v 0.01779390 -0.05484347 0.55172965
v 0.01790019 -0.05504510 0.55193564
v 0.00899578 -0.05695187 0.55172965
v 0.00899578 -0.05695187 0.55172965
v 0.01790019 -0.05504510 0.55193564
v 0.00906418 -0.05715781 0.55192466
v 0.00899578 -0.05695187 0.55172965
v 0.00906418 -0.05715781 0.55192466
v -0.00001203 -0.05765709 0.55172446
v 0.00000688 -0.05787308 0.55192661
v -0.00001203 -0.05765709 0.55172446
v 0.00000688 -0.05787308 0.55192661
v -0.00902771 -0.05698695 0.55177762
v -0.00902771 -0.05698695 0.55177762
v 0.00000688 -0.05787308 0.55192661
v -0.00905373 -0.05717013 0.55193552
v -0.00902771 -0.05698695 0.55177762
v -0.00905373 -0.05717013 0.55193552
v -0.01783107 -0.05487307 0.55177756
v -0.01788529 -0.05505000 0.55193552
v -0.01783107 -0.05487307 0.55177756
v -0.01788529 -0.05505000 0.55193552
v -0.02618546 -0.05136766 0.55172446
v -0.02618546 -0.05136766 0.55172446
v -0.01788529 -0.05505000 0.55193552
v -0.02627647 -0.05157440 0.55193552
v -0.02618546 -0.05136766 0.55172446
v -0.02627647 -0.05157440 0.55193552
v -0.03391554 -0.04667749 0.55177854
v -0.03391554 -0.04667749 0.55177854
v -0.02627647 -0.05157440 0.55193552
v -0.03402064 -0.04682892 0.55193552
v -0.03391554 -0.04667749 0.55177854
v -0.03402064 -0.04682892 0.55193552
v -0.04077668 -0.04076189 0.55172446
v -0.04077668 -0.04076189 0.55172446
v -0.03402064 -0.04682892 0.55193552
v -0.04092707 -0.04093043 0.55193552
v -0.04077668 -0.04076189 0.55172446
v -0.04092707 -0.04093043 0.55193552
v -0.04667902 -0.03391256 0.55177842
v -0.04667902 -0.03391256 0.55177842
v -0.04092707 -0.04093043 0.55193552
v -0.04682270 -0.03403009 0.55193863
v -0.04667902 -0.03391256 0.55177842
v -0.04682270 -0.03403009 0.55193863
v -0.05156507 -0.02629267 0.55193564
v -0.04667902 -0.03391256 0.55177842
v -0.05156507 -0.02629267 0.55193564
v -0.05137635 -0.02616633 0.55172446
v -0.05137635 -0.02616633 0.55172446
v -0.05156507 -0.02629267 0.55193564
v -0.05487328 -0.01782827 0.55177842
v -0.05487328 -0.01782827 0.55177842
v -0.05156507 -0.02629267 0.55193564
v -0.05504295 -0.01790245 0.55193564
v -0.05487328 -0.01782827 0.55177842
v -0.05504295 -0.01790245 0.55193564
v -0.05715566 -0.00906643 0.55192465
v -0.05487328 -0.01782827 0.55177842
v -0.05715566 -0.00906643 0.55192465
v -0.05694699 -0.00900963 0.55172446
v -0.05694699 -0.00900963 0.55172446
v -0.05715566 -0.00906643 0.55192465
v -0.05765494 0.00000977 0.55172446
v -0.05787094 -0.00000915 0.55192661
v -0.05765494 0.00000977 0.55172446
v -0.05787094 -0.00000915 0.55192661
v -0.05694325 0.00902879 0.55172446
v -0.05716798 0.00905145 0.55193552
v -0.05694325 0.00902879 0.55172446
v -0.05716798 0.00905145 0.55193552
v -0.05482661 0.01783705 0.55172965
v -0.05482661 0.01783705 0.55172965
v -0.05716798 0.00905145 0.55193552
v -0.05505085 0.01787704 0.55193863
v -0.05482661 0.01783705 0.55172965
v -0.05505085 0.01787704 0.55193863
v -0.05136093 0.02619418 0.55172965
v -0.05136093 0.02619418 0.55172965
v -0.05505085 0.01787704 0.55193863
v -0.05157864 0.02626163 0.55193564
v -0.05136093 0.02619418 0.55172965
v -0.05157864 0.02626163 0.55193564
v -0.04667535 0.03391327 0.55177854
v -0.04667535 0.03391327 0.55177854
v -0.05157864 0.02626163 0.55193564
v -0.04683030 0.03401230 0.55193350
v -0.04667535 0.03391327 0.55177854
v -0.04683030 0.03401230 0.55193350
v -0.04079522 0.04079621 0.55177756
v -0.04092825 0.04092486 0.55193552
v -0.04079522 0.04079621 0.55177756
v -0.04092825 0.04092486 0.55193552
v -0.03391075 0.04667564 0.55177756
v -0.03402793 0.04682045 0.55193863
v -0.03391075 0.04667564 0.55177756
v -0.03402793 0.04682045 0.55193863
v -0.02629052 0.05156283 0.55193570
v -0.03391075 0.04667564 0.55177756
v -0.02629052 0.05156283 0.55193570
v -0.02616421 0.05137408 0.55172446
v -0.02616421 0.05137408 0.55172446
v -0.02629052 0.05156283 0.55193570
v -0.01779403 0.05483907 0.55172965
v -0.01779403 0.05483907 0.55172965
v -0.02629052 0.05156283 0.55193570
v -0.01790034 0.05504069 0.55193570
v -0.01779403 0.05483907 0.55172965
v -0.01790034 0.05504069 0.55193570
v -0.00899591 0.05694746 0.55172965
v -0.00899591 0.05694746 0.55172965
v -0.01790034 0.05504069 0.55193570
v -0.00906429 0.05715342 0.55192465
v -0.05482661 0.01783705 0.55172965
v -0.05136093 0.02619418 0.55172965
v -0.05485997 0.01781943 0.55153354
v -0.05482661 0.01783705 0.55172965
v -0.05485997 0.01781943 0.55153354
v -0.05697245 0.00901812 0.55153354
v 0.05482650 -0.01784146 0.55172965
v 0.05136082 -0.02619859 0.55172965
v 0.05485985 -0.01782385 0.55153355
v 0.05482650 -0.01784146 0.55172965
v 0.05485985 -0.01782385 0.55153355
v 0.05697233 -0.00902252 0.55153355
v 0.05139357 0.02618781 0.55153354
v 0.05485784 0.01782562 0.55153354
v 0.05148839 0.02624999 0.55145542
v 0.05139357 0.02618781 0.55153354
v 0.05148839 0.02624999 0.55145542
v 0.04672132 0.03396647 0.55146201
v -0.01781512 -0.05483025 0.55167722
v -0.02618546 -0.05136766 0.55172446
v -0.01782169 -0.05486213 0.55153355
v -0.01781512 -0.05483025 0.55167722
v -0.01782169 -0.05486213 0.55153355
v -0.00902037 -0.05697459 0.55153355
v -0.04079522 0.04079621 0.55177756
v -0.04076434 0.04076255 0.55167722
v -0.04663948 0.03388373 0.55167722
v -0.05694325 0.00902879 0.55172446
v -0.05482661 0.01783705 0.55172965
v -0.05697245 0.00901812 0.55153354
v -0.05694325 0.00902879 0.55172446
v -0.05697245 0.00901812 0.55153354
v -0.05768211 -0.00000545 0.55153355
v 0.01781948 0.05484065 0.55174326
v 0.02618534 0.05136326 0.55172446
v 0.01781713 0.05483669 0.55157883
v 0.01781948 0.05484065 0.55174326
v 0.01781713 0.05483669 0.55157883
v 0.00901769 0.05694396 0.55173013
v 0.00901769 0.05694396 0.55173013
v 0.01781713 0.05483669 0.55157883
v 0.00902022 0.05697019 0.55153354
v 0.00901769 0.05694396 0.55173013
v 0.00902022 0.05697019 0.55153354
v -0.00000330 0.05767985 0.55153354
v 0.05694314 -0.00903317 0.55172446
v 0.05482650 -0.01784146 0.55172965
v 0.05697233 -0.00902252 0.55153355
v 0.05694314 -0.00903317 0.55172446
v 0.05697233 -0.00902252 0.55153355
v 0.05768200 0.00000105 0.55153355
v -0.00901878 -0.05694213 0.55167722
v -0.00901878 -0.05694213 0.55167722
v -0.00902037 -0.05697459 0.55153355
v 0.00000317 -0.05768425 0.55153355
v -0.04667535 0.03391327 0.55177854
v -0.04079522 0.04079621 0.55177756
v -0.04663948 0.03388373 0.55167722
v -0.04667535 0.03391327 0.55177854
v -0.04663948 0.03388373 0.55167722
v -0.05136093 0.02619418 0.55172965
v -0.05765494 0.00000977 0.55172446
v -0.05694325 0.00902879 0.55172446
v -0.05768211 -0.00000545 0.55153355
v -0.05765494 0.00000977 0.55172446
v -0.05768211 -0.00000545 0.55153355
v -0.05697144 -0.00902885 0.55153355
v -0.05138276 -0.02618378 0.55156425
v -0.05485796 -0.01783002 0.55153355
v -0.05146015 -0.02624373 0.55146201
v -0.05138276 -0.02618378 0.55156425
v -0.05146015 -0.02624373 0.55146201
v -0.04672145 -0.03397086 0.55146201
v -0.04078513 -0.04079190 0.55153355
v -0.04672145 -0.03397086 0.55146201
v -0.04085605 -0.04088044 0.55145542
v -0.04078513 -0.04079190 0.55153355
v -0.04085605 -0.04088044 0.55145542
v -0.03395839 -0.04676840 0.55145542
v 0.03391541 0.04667306 0.55177841
v 0.04077656 0.04075749 0.55172446
v 0.03388589 0.04663721 0.55167722
v 0.03391541 0.04667306 0.55177841
v 0.03388589 0.04663721 0.55167722
v 0.02618534 0.05136326 0.55172446
v 0.00001192 0.05765268 0.55172446
v 0.00001192 0.05765268 0.55172446
v -0.00000330 0.05767985 0.55153354
v -0.00902669 0.05696918 0.55153354
v -0.02618166 0.05138050 0.55156412
v -0.01782787 0.05485569 0.55153354
v -0.02624161 0.05145787 0.55146201
v -0.02618166 0.05138050 0.55156412
v -0.02624161 0.05145787 0.55146201
v -0.03396871 0.04671917 0.55146201
v -0.04078976 0.04078284 0.55153354
v -0.03396871 0.04671917 0.55146201
v -0.04087829 0.04085380 0.55145542
v -0.04078976 0.04078284 0.55153354
v -0.04087829 0.04085380 0.55145542
v -0.04676625 0.03395612 0.55145542
v 0.04667524 -0.03391763 0.55177842
v 0.04075963 -0.04077882 0.55172446
v 0.04663937 -0.03388812 0.55167716
v 0.04667524 -0.03391763 0.55177842
v 0.04663937 -0.03388812 0.55167716
v 0.05136082 -0.02619859 0.55172965
v 0.05765483 -0.00001419 0.55172446
v 0.05694314 -0.00903317 0.55172446
v 0.05768200 0.00000105 0.55153355
v 0.05765483 -0.00001419 0.55172446
v 0.05768200 0.00000105 0.55153355
v 0.05697133 0.00902444 0.55153354
v 0.04078501 0.04078748 0.55153354
v 0.04672132 0.03396647 0.55146201
v 0.04085592 0.04087605 0.55145542
v 0.04078501 0.04078748 0.55153354
v 0.04085592 0.04087605 0.55145542
v 0.03395827 0.04676400 0.55145542
v -0.03391554 -0.04667749 0.55177854
v -0.04077668 -0.04076189 0.55172446
v -0.03388600 -0.04664162 0.55167722
v -0.03391554 -0.04667749 0.55177854
v -0.03388600 -0.04664162 0.55167722
v -0.02618546 -0.05136766 0.55172446
v -0.00001203 -0.05765709 0.55172446
v -0.00901878 -0.05694213 0.55167722
v 0.00000317 -0.05768425 0.55153355
v -0.00001203 -0.05765709 0.55172446
v 0.00000317 -0.05768425 0.55153355
v 0.00902659 -0.05697357 0.55153355
v 0.02618153 -0.05138492 0.55156425
v 0.01782777 -0.05486011 0.55153355
v 0.02624148 -0.05146229 0.55146202
v 0.02618153 -0.05138492 0.55156425
v 0.02624148 -0.05146229 0.55146202
v 0.03396860 -0.04672359 0.55146202
v 0.04078964 -0.04078727 0.55153355
v 0.03396860 -0.04672359 0.55146202
v 0.04087818 -0.04085819 0.55145542
v 0.04078964 -0.04078727 0.55153355
v 0.04087818 -0.04085819 0.55145542
v 0.04676613 -0.03396054 0.55145542
v -0.00902548 -0.05708797 0.55145542
v 0.00001530 -0.05779700 0.55145542
v -0.00902037 -0.05697459 0.55153355
v -0.00902548 -0.05708797 0.55145542
v -0.00902037 -0.05697459 0.55153355
v -0.01782169 -0.05486213 0.55153355
v -0.04665447 -0.03389946 0.55156413
v -0.04078513 -0.04079190 0.55153355
v -0.04663985 -0.03388761 0.55167716
v -0.04665447 -0.03389946 0.55156413
v -0.04663985 -0.03388761 0.55167716
v -0.05137635 -0.02616633 0.55172446
v -0.02622480 -0.05150466 0.55145542
v -0.01784477 -0.05497314 0.55145542
v -0.02618427 -0.05139878 0.55153355
v -0.02622480 -0.05150466 0.55145542
v -0.02618427 -0.05139878 0.55153355
v -0.03390211 -0.04666985 0.55153355
v -0.05485796 -0.01783002 0.55153355
v -0.05138276 -0.02618378 0.55156425
v -0.05482832 -0.01781663 0.55167722
v -0.05485796 -0.01783002 0.55153355
v -0.05482832 -0.01781663 0.55167722
v -0.05694699 -0.00900963 0.55172446
v -0.05708583 0.00902324 0.55145542
v -0.05779486 -0.00001754 0.55145542
v -0.05697245 0.00901812 0.55153354
v -0.05708583 0.00902324 0.55145542
v -0.05697245 0.00901812 0.55153354
v -0.05485997 0.01781943 0.55153354
v -0.03389725 0.04665221 0.55156424
v -0.04078976 0.04078284 0.55153354
v -0.03388547 0.04663761 0.55167722
v -0.03389725 0.04665221 0.55156424
v -0.03388547 0.04663761 0.55167722
v -0.02616421 0.05137408 0.55172446
v -0.05150251 0.02622256 0.55145542
v -0.05497101 0.01784249 0.55145542
v -0.05139661 0.02618203 0.55153354
v -0.05150251 0.02622256 0.55145542
v -0.05139661 0.02618203 0.55153354
v -0.04666771 0.03389986 0.55153354
v -0.01782787 0.05485569 0.55153354
v -0.02618166 0.05138050 0.55156412
v -0.01779403 0.05483907 0.55172965
v -0.01782787 0.05485569 0.55153354
v -0.01779403 0.05483907 0.55172965
v -0.00899591 0.05694746 0.55172965
v 0.00902537 0.05708359 0.55145536
v -0.00001537 0.05779259 0.55145542
v 0.00902022 0.05697019 0.55153354
v 0.00902537 0.05708359 0.55145536
v 0.00902022 0.05697019 0.55153354
v 0.01783213 0.05494113 0.55146201
v 0.04665435 0.03389502 0.55156424
v 0.04078501 0.04078748 0.55153354
v 0.04665842 0.03386777 0.55172965
v 0.04665435 0.03389502 0.55156424
v 0.04665842 0.03386777 0.55172965
v 0.05138241 0.02615177 0.55172965
v 0.02622471 0.05150026 0.55145542
v 0.01783213 0.05494113 0.55146201
v 0.02618417 0.05139435 0.55153354
v 0.02622471 0.05150026 0.55145542
v 0.02618417 0.05139435 0.55153354
v 0.03390200 0.04666543 0.55153354
v 0.05485784 0.01782562 0.55153354
v 0.05139357 0.02618781 0.55153354
v 0.05484121 0.01779176 0.55172965
v 0.05485784 0.01782562 0.55153354
v 0.05484121 0.01779176 0.55172965
v 0.05694961 0.00899365 0.55172965
v 0.05708572 -0.00902763 0.55145542
v 0.05779475 0.00001315 0.55145542
v 0.05697233 -0.00902252 0.55153355
v 0.05708572 -0.00902763 0.55145542
v 0.05697233 -0.00902252 0.55153355
v 0.05485985 -0.01782385 0.55153355
v 0.03389717 -0.04665661 0.55156425
v 0.04078964 -0.04078727 0.55153355
v 0.03386991 -0.04666069 0.55172965
v 0.03389717 -0.04665661 0.55156425
v 0.03386991 -0.04666069 0.55172965
v 0.02615393 -0.05138467 0.55172965
v 0.05150241 -0.02622696 0.55145542
v 0.05497088 -0.01784693 0.55145542
v 0.05139650 -0.02618644 0.55153355
v 0.05150241 -0.02622696 0.55145542
v 0.05139650 -0.02618644 0.55153355
v 0.04666761 -0.03390427 0.55153355
v 0.01782777 -0.05486011 0.55153355
v 0.02618153 -0.05138492 0.55156425
v 0.01779390 -0.05484347 0.55172965
v 0.01782777 -0.05486011 0.55153355
v 0.01779390 -0.05484347 0.55172965
v 0.00899578 -0.05695187 0.55172965
v -0.01781512 -0.05483025 0.55167722
v -0.00901878 -0.05694213 0.55167722
v -0.01783107 -0.05487307 0.55177756
v -0.01781512 -0.05483025 0.55167722
v -0.01783107 -0.05487307 0.55177756
v -0.02618546 -0.05136766 0.55172446
v -0.04077668 -0.04076189 0.55172446
v -0.04663985 -0.03388761 0.55167716
v -0.04078513 -0.04079190 0.55153355
v -0.04077668 -0.04076189 0.55172446
v -0.04078513 -0.04079190 0.55153355
v -0.03390211 -0.04666985 0.55153355
v 0.00000317 -0.05768425 0.55153355
v -0.00902037 -0.05697459 0.55153355
v 0.00001530 -0.05779700 0.55145542
v 0.00000317 -0.05768425 0.55153355
v 0.00001530 -0.05779700 0.55145542
v 0.00905675 -0.05708300 0.55145542
v -0.05137635 -0.02616633 0.55172446
v -0.05482832 -0.01781663 0.55167722
v -0.05138276 -0.02618378 0.55156425
v -0.05137635 -0.02616633 0.55172446
v -0.05138276 -0.02618378 0.55156425
v -0.04665447 -0.03389946 0.55156413
v -0.01782169 -0.05486213 0.55153355
v -0.02618427 -0.05139878 0.55153355
v -0.01784477 -0.05497314 0.55145542
v -0.01782169 -0.05486213 0.55153355
v -0.01784477 -0.05497314 0.55145542
v -0.00902548 -0.05708797 0.55145542
v -0.03395839 -0.04676840 0.55145542
v -0.02622480 -0.05150466 0.55145542
v -0.03390211 -0.04666985 0.55153355
v -0.03395839 -0.04676840 0.55145542
v -0.03390211 -0.04666985 0.55153355
v -0.04078513 -0.04079190 0.55153355
v -0.04672145 -0.03397086 0.55146201
v -0.04078513 -0.04079190 0.55153355
v -0.04665447 -0.03389946 0.55156413
v -0.04672145 -0.03397086 0.55146201
v -0.04665447 -0.03389946 0.55156413
v -0.05138276 -0.02618378 0.55156425
v -0.05697144 -0.00902885 0.55153355
v -0.05485796 -0.01783002 0.55153355
v -0.05694699 -0.00900963 0.55172446
v -0.05697144 -0.00902885 0.55153355
v -0.05694699 -0.00900963 0.55172446
v -0.05765494 0.00000977 0.55172446
v -0.04079522 0.04079621 0.55177756
v -0.03391075 0.04667564 0.55177756
v -0.04076434 0.04076255 0.55167722
v -0.03388547 0.04663761 0.55167722
v -0.03391075 0.04667564 0.55177756
v -0.02616421 0.05137408 0.55172446
v -0.03388547 0.04663761 0.55167722
v -0.05496150 -0.01787624 0.55145542
v -0.05146015 -0.02624373 0.55146201
v -0.05485796 -0.01783002 0.55153355
v -0.05496150 -0.01787624 0.55145542
v -0.05485796 -0.01783002 0.55153355
v -0.05697144 -0.00902885 0.55153355
v -0.05139661 0.02618203 0.55153354
v -0.05485997 0.01781943 0.55153354
v -0.05136093 0.02619418 0.55172965
v -0.05139661 0.02618203 0.55153354
v -0.05136093 0.02619418 0.55172965
v -0.04663948 0.03388373 0.55167722
v -0.05708087 -0.00905899 0.55145542
v -0.05496150 -0.01787624 0.55145542
v -0.05697144 -0.00902885 0.55153355
v -0.05708087 -0.00905899 0.55145542
v -0.05697144 -0.00902885 0.55153355
v -0.05768211 -0.00000545 0.55153355
v -0.04666771 0.03389986 0.55153354
v -0.05139661 0.02618203 0.55153354
v -0.04663948 0.03388373 0.55167722
v -0.04666771 0.03389986 0.55153354
v -0.04663948 0.03388373 0.55167722
v -0.04076434 0.04076255 0.55167722
v -0.04076434 0.04076255 0.55167722
v -0.03388547 0.04663761 0.55167722
v -0.04078976 0.04078284 0.55153354
v -0.04078976 0.04078284 0.55153354
v -0.05768211 -0.00000545 0.55153355
v -0.05768211 -0.00000545 0.55153355
v -0.05779486 -0.00001754 0.55145542
v -0.05708087 -0.00905899 0.55145542
v -0.02616421 0.05137408 0.55172446
v -0.01779403 0.05483907 0.55172965
v -0.02618166 0.05138050 0.55156412
v -0.02616421 0.05137408 0.55172446
v -0.02618166 0.05138050 0.55156412
v -0.03389725 0.04665221 0.55156424
v -0.05485997 0.01781943 0.55153354
v -0.05139661 0.02618203 0.55153354
v -0.05497101 0.01784249 0.55145542
v -0.05485997 0.01781943 0.55153354
v -0.05497101 0.01784249 0.55145542
v -0.05708583 0.00902324 0.55145542
v -0.04676625 0.03395612 0.55145542
v -0.05150251 0.02622256 0.55145542
v -0.04666771 0.03389986 0.55153354
v -0.04676625 0.03395612 0.55145542
v -0.04666771 0.03389986 0.55153354
v -0.04078976 0.04078284 0.55153354
v -0.03396871 0.04671917 0.55146201
v -0.04078976 0.04078284 0.55153354
v -0.03389725 0.04665221 0.55156424
v -0.03396871 0.04671917 0.55146201
v -0.03389725 0.04665221 0.55156424
v -0.02618166 0.05138050 0.55156412
v -0.00902669 0.05696918 0.55153354
v -0.01782787 0.05485569 0.55153354
v -0.00899591 0.05694746 0.55172965
v -0.00902669 0.05696918 0.55153354
v -0.00899591 0.05694746 0.55172965
v 0.00001192 0.05765268 0.55172446
v -0.01787410 0.05495925 0.55145542
v -0.02624161 0.05145787 0.55146201
v -0.01782787 0.05485569 0.55153354
v -0.01787410 0.05495925 0.55145542
v -0.01782787 0.05485569 0.55153354
v -0.00902669 0.05696918 0.55153354
v 0.02618417 0.05139435 0.55153354
v 0.01781713 0.05483669 0.55157883
v 0.02618534 0.05136326 0.55172446
v 0.02618417 0.05139435 0.55153354
v 0.02618534 0.05136326 0.55172446
v 0.03388589 0.04663721 0.55167722
v -0.00905686 0.05707862 0.55145542
v -0.01787410 0.05495925 0.55145542
v -0.00902669 0.05696918 0.55153354
v -0.00905686 0.05707862 0.55145542
v -0.00902669 0.05696918 0.55153354
v -0.00000330 0.05767985 0.55153354
v 0.03390200 0.04666543 0.55153354
v 0.02618417 0.05139435 0.55153354
v 0.03388589 0.04663721 0.55167722
v 0.03390200 0.04666543 0.55153354
v 0.03388589 0.04663721 0.55167722
v 0.04077656 0.04075749 0.55172446
v 0.04077656 0.04075749 0.55172446
v 0.04665842 0.03386777 0.55172965
v 0.04078501 0.04078748 0.55153354
v 0.04077656 0.04075749 0.55172446
v 0.04078501 0.04078748 0.55153354
v 0.03390200 0.04666543 0.55153354
v 0.01781713 0.05483669 0.55157883
v 0.02618417 0.05139435 0.55153354
v 0.01783213 0.05494113 0.55146201
v 0.01781713 0.05483669 0.55157883
v 0.01783213 0.05494113 0.55146201
v 0.00902022 0.05697019 0.55153354
v -0.00000330 0.05767985 0.55153354
v -0.00000330 0.05767985 0.55153354
v -0.00001537 0.05779259 0.55145542
v -0.00905686 0.05707862 0.55145542
v 0.05138241 0.02615177 0.55172965
v 0.05484121 0.01779176 0.55172965
v 0.05139357 0.02618781 0.55153354
v 0.05138241 0.02615177 0.55172965
v 0.05139357 0.02618781 0.55153354
v 0.04665435 0.03389502 0.55156424
v 0.03395827 0.04676400 0.55145542
v 0.02622471 0.05150026 0.55145542
v 0.03390200 0.04666543 0.55153354
v 0.03395827 0.04676400 0.55145542
v 0.03390200 0.04666543 0.55153354
v 0.04078501 0.04078748 0.55153354
v 0.04672132 0.03396647 0.55146201
v 0.04078501 0.04078748 0.55153354
v 0.04665435 0.03389502 0.55156424
v 0.04672132 0.03396647 0.55146201
v 0.04665435 0.03389502 0.55156424
v 0.05139357 0.02618781 0.55153354
v 0.05697133 0.00902444 0.55153354
v 0.05485784 0.01782562 0.55153354
v 0.05694961 0.00899365 0.55172965
v 0.05697133 0.00902444 0.55153354
v 0.05694961 0.00899365 0.55172965
v 0.05765483 -0.00001419 0.55172446
v 0.05496138 0.01787184 0.55145542
v 0.05148839 0.02624999 0.55145542
v 0.05485784 0.01782562 0.55153354
v 0.05496138 0.01787184 0.55145542
v 0.05485784 0.01782562 0.55153354
v 0.05697133 0.00902444 0.55153354
v 0.05139650 -0.02618644 0.55153355
v 0.05485985 -0.01782385 0.55153355
v 0.05136082 -0.02619859 0.55172965
v 0.05139650 -0.02618644 0.55153355
v 0.05136082 -0.02619859 0.55172965
v 0.04663937 -0.03388812 0.55167716
v 0.05708076 0.00905458 0.55145542
v 0.05496138 0.01787184 0.55145542
v 0.05697133 0.00902444 0.55153354
v 0.05708076 0.00905458 0.55145542
v 0.05697133 0.00902444 0.55153354
v 0.05768200 0.00000105 0.55153355
v 0.04666761 -0.03390427 0.55153355
v 0.05139650 -0.02618644 0.55153355
v 0.04663937 -0.03388812 0.55167716
v 0.04666761 -0.03390427 0.55153355
v 0.04663937 -0.03388812 0.55167716
v 0.04075963 -0.04077882 0.55172446
v 0.04075963 -0.04077882 0.55172446
v 0.03386991 -0.04666069 0.55172965
v 0.04078964 -0.04078727 0.55153355
v 0.04075963 -0.04077882 0.55172446
v 0.04078964 -0.04078727 0.55153355
v 0.04666761 -0.03390427 0.55153355
v 0.05768200 0.00000105 0.55153355
v 0.05697233 -0.00902252 0.55153355
v 0.05779475 0.00001315 0.55145542
v 0.05768200 0.00000105 0.55153355
v 0.05779475 0.00001315 0.55145542
v 0.05708076 0.00905458 0.55145542
v -0.00902771 -0.05698695 0.55177762
v -0.00902771 -0.05698695 0.55177762
v -0.00901878 -0.05694213 0.55167722
v -0.00001203 -0.05765709 0.55172446
v 0.02615393 -0.05138467 0.55172965
v 0.01779390 -0.05484347 0.55172965
v 0.02618153 -0.05138492 0.55156425
v 0.02615393 -0.05138467 0.55172965
v 0.02618153 -0.05138492 0.55156425
v 0.03389717 -0.04665661 0.55156425
v 0.05485985 -0.01782385 0.55153355
v 0.05139650 -0.02618644 0.55153355
v 0.05497088 -0.01784693 0.55145542
v 0.05485985 -0.01782385 0.55153355
v 0.05497088 -0.01784693 0.55145542
v 0.05708572 -0.00902763 0.55145542
v 0.04676613 -0.03396054 0.55145542
v 0.05150241 -0.02622696 0.55145542
v 0.04666761 -0.03390427 0.55153355
v 0.04676613 -0.03396054 0.55145542
v 0.04666761 -0.03390427 0.55153355
v 0.04078964 -0.04078727 0.55153355
v 0.03396860 -0.04672359 0.55146202
v 0.04078964 -0.04078727 0.55153355
v 0.03389717 -0.04665661 0.55156425
v 0.03396860 -0.04672359 0.55146202
v 0.03389717 -0.04665661 0.55156425
v 0.02618153 -0.05138492 0.55156425
v 0.00902659 -0.05697357 0.55153355
v 0.01782777 -0.05486011 0.55153355
v 0.00899578 -0.05695187 0.55172965
v 0.00902659 -0.05697357 0.55153355
v 0.00899578 -0.05695187 0.55172965
v -0.00001203 -0.05765709 0.55172446
v -0.04077668 -0.04076189 0.55172446
v -0.04667902 -0.03391256 0.55177842
v -0.04663985 -0.03388761 0.55167716
v -0.04667902 -0.03391256 0.55177842
v -0.05137635 -0.02616633 0.55172446
v -0.04663985 -0.03388761 0.55167716
v 0.01787400 -0.05496363 0.55145542
v 0.02624148 -0.05146229 0.55146202
v 0.01782777 -0.05486011 0.55153355
v 0.01787400 -0.05496363 0.55145542
v 0.01782777 -0.05486011 0.55153355
v 0.00902659 -0.05697357 0.55153355
v -0.02618427 -0.05139878 0.55153355
v -0.01782169 -0.05486213 0.55153355
v -0.02618546 -0.05136766 0.55172446
v -0.02618427 -0.05139878 0.55153355
v -0.02618546 -0.05136766 0.55172446
v -0.03388600 -0.04664162 0.55167722
v 0.00905675 -0.05708300 0.55145542
v 0.01787400 -0.05496363 0.55145542
v 0.00902659 -0.05697357 0.55153355
v 0.00905675 -0.05708300 0.55145542
v 0.00902659 -0.05697357 0.55153355
v 0.00000317 -0.05768425 0.55153355
v -0.03390211 -0.04666985 0.55153355
v -0.02618427 -0.05139878 0.55153355
v -0.03388600 -0.04664162 0.55167722
v -0.03390211 -0.04666985 0.55153355
v -0.03388600 -0.04664162 0.55167722
v -0.04077668 -0.04076189 0.55172446
v -0.05482832 -0.01781663 0.55167722
v -0.05137635 -0.02616633 0.55172446
v -0.05487328 -0.01782827 0.55177842
v -0.05482832 -0.01781663 0.55167722
v -0.05487328 -0.01782827 0.55177842
v -0.05694699 -0.00900963 0.55172446
v -0.05799410 -0.00000202 0.55135581
v -0.05792122 0.00000717 0.55143821
v -0.05728037 0.00907516 0.55135386
v -0.05720664 0.00906793 0.55143821
v -0.05728037 0.00907516 0.55135386
v -0.05720664 0.00906793 0.55143821
v -0.05515514 0.01792402 0.55135386
v -0.05508345 0.01790532 0.55143821
v -0.05515514 0.01792402 0.55135386
v -0.05508345 0.01790532 0.55143821
v -0.05166369 0.02633671 0.55137522
v -0.04691614 0.03409052 0.55135386
v -0.05166369 0.02633671 0.55137522
v -0.04685373 0.03405060 0.55143821
v -0.04691614 0.03409052 0.55135386
v -0.04685373 0.03405060 0.55143821
v -0.04100525 0.04101008 0.55135386
v -0.04094986 0.04096088 0.55143821
v -0.04100525 0.04101008 0.55135386
v -0.04094986 0.04096088 0.55143821
v -0.03408796 0.04691608 0.55135581
v -0.03408796 0.04691608 0.55135581
v -0.04094986 0.04096088 0.55143821
v -0.03403767 0.04686251 0.55143821
v -0.03408796 0.04691608 0.55135581
v -0.03403767 0.04686251 0.55143821
v -0.02633450 0.05166922 0.55135361
v -0.02628740 0.05161017 0.55143821
v -0.02633450 0.05166922 0.55135361
v -0.02628740 0.05161017 0.55143821
v -0.01792707 0.05515268 0.55135361
v -0.01792707 0.05515268 0.55135361
v -0.02628740 0.05161017 0.55143821
v -0.01788974 0.05508697 0.55143821
v -0.01792707 0.05515268 0.55135361
v -0.01788974 0.05508697 0.55143821
v -0.00907823 0.05727804 0.55135361
v -0.00907823 0.05727804 0.55135361
v -0.01788974 0.05508697 0.55143821
v -0.00905167 0.05720731 0.55143821
v -0.00907823 0.05727804 0.55135361
v -0.00905167 0.05720731 0.55143821
v 0.00000013 0.05799185 0.55135581
v 0.00000013 0.05799185 0.55135581
v -0.00905167 0.05720731 0.55143821
v 0.00000930 0.05791895 0.55143821
v 0.00000013 0.05799185 0.55135581
v 0.00000930 0.05791895 0.55143821
v 0.00908478 0.05727201 0.55137522
v 0.02633364 0.05166954 0.55135386
v 0.01793262 0.05514567 0.55137534
v 0.02630397 0.05160167 0.55143821
v 0.02633364 0.05166954 0.55135386
v 0.02630397 0.05160167 0.55143821
v 0.03408813 0.04691586 0.55135581
v 0.03405273 0.04685148 0.55143821
v 0.03408813 0.04691586 0.55135581
v 0.03405273 0.04685148 0.55143821
v 0.04100459 0.04101069 0.55135355
v 0.04096301 0.04094761 0.55143821
v 0.04100459 0.04101069 0.55135355
v 0.04096301 0.04094761 0.55143821
v 0.04690794 0.03409367 0.55137504
v 0.05167138 0.02633222 0.55135361
v 0.04690794 0.03409367 0.55137504
v 0.05161232 0.02628514 0.55143821
v 0.05167138 0.02633222 0.55135361
v 0.05161232 0.02628514 0.55143821
v 0.05515483 0.01792481 0.55135362
v 0.05515483 0.01792481 0.55135362
v 0.05161232 0.02628514 0.55143821
v 0.05508913 0.01788748 0.55143821
v 0.05515483 0.01792481 0.55135362
v 0.05508913 0.01788748 0.55143821
v 0.05728017 0.00907597 0.55135362
v 0.05728017 0.00907597 0.55135362
v 0.05508913 0.01788748 0.55143821
v 0.05720946 0.00904942 0.55143821
v 0.05728017 0.00907597 0.55135362
v 0.05720946 0.00904942 0.55143821
v 0.05799398 -0.00000239 0.55135581
v 0.05799398 -0.00000239 0.55135581
v 0.05720946 0.00904942 0.55143821
v 0.05792110 -0.00001158 0.55143821
v 0.05799398 -0.00000239 0.55135581
v 0.05792110 -0.00001158 0.55143821
v 0.05727995 -0.00907464 0.55135581
v 0.05727995 -0.00907464 0.55135581
v 0.05792110 -0.00001158 0.55143821
v 0.05720653 -0.00907232 0.55143821
v 0.05727995 -0.00907464 0.55135581
v 0.05720653 -0.00907232 0.55143821
v 0.05515757 -0.01792320 0.55135215
v 0.05508334 -0.01790975 0.55143821
v 0.05515757 -0.01792320 0.55135215
v 0.05508334 -0.01790975 0.55143821
v 0.05167294 -0.02633111 0.55135581
v 0.05167294 -0.02633111 0.55135581
v 0.05508334 -0.01790975 0.55143821
v 0.05160383 -0.02630621 0.55143821
v 0.05167294 -0.02633111 0.55135581
v 0.05160383 -0.02630621 0.55143821
v 0.04692007 -0.03409072 0.55135215
v 0.04685361 -0.03405501 0.55143821
v 0.04692007 -0.03409072 0.55135215
v 0.04685361 -0.03405501 0.55143821
v 0.04100779 -0.04101031 0.55135582
v 0.04100779 -0.04101031 0.55135582
v 0.04685361 -0.03405501 0.55143821
v 0.04094975 -0.04096528 0.55143821
v 0.04100779 -0.04101031 0.55135582
v 0.04094975 -0.04096528 0.55143821
v 0.03409334 -0.04691788 0.55135356
v 0.03403756 -0.04686692 0.55143821
v 0.03409334 -0.04691788 0.55135356
v 0.03403756 -0.04686692 0.55143821
v 0.02633437 -0.05167365 0.55135356
v 0.02633437 -0.05167365 0.55135356
v 0.03403756 -0.04686692 0.55143821
v 0.02628727 -0.05161458 0.55143821
v 0.02633437 -0.05167365 0.55135356
v 0.02628727 -0.05161458 0.55143821
v 0.01792695 -0.05515709 0.55135362
v 0.01792695 -0.05515709 0.55135362
v 0.02628727 -0.05161458 0.55143821
v 0.01788964 -0.05509141 0.55143821
v 0.01792695 -0.05515709 0.55135362
v 0.01788964 -0.05509141 0.55143821
v 0.00907813 -0.05728245 0.55135362
v 0.00907813 -0.05728245 0.55135362
v 0.01788964 -0.05509141 0.55143821
v 0.00905156 -0.05721173 0.55143821
v 0.00907813 -0.05728245 0.55135362
v 0.00905156 -0.05721173 0.55143821
v -0.00000024 -0.05799625 0.55135582
v -0.00000024 -0.05799625 0.55135582
v 0.00905156 -0.05721173 0.55143821
v -0.00000943 -0.05792336 0.55143821
v -0.00000024 -0.05799625 0.55135582
v -0.00000943 -0.05792336 0.55143821
v -0.00908492 -0.05727643 0.55137522
v -0.01792630 -0.05515729 0.55135386
v -0.00908492 -0.05727643 0.55137522
v -0.01790760 -0.05508561 0.55143821
v -0.01792630 -0.05515729 0.55135386
v -0.01790760 -0.05508561 0.55143821
v -0.02633374 -0.05167396 0.55135386
v -0.02633374 -0.05167396 0.55135386
v -0.01790760 -0.05508561 0.55143821
v -0.02630407 -0.05160607 0.55143821
v -0.02633374 -0.05167396 0.55135386
v -0.02630407 -0.05160607 0.55143821
v -0.03409276 -0.04691831 0.55135386
v -0.03405284 -0.04685590 0.55143821
v -0.03409276 -0.04691831 0.55135386
v -0.03405284 -0.04685590 0.55143821
v -0.04100816 -0.04101007 0.55135582
v -0.04096312 -0.04095202 0.55143821
v -0.04100816 -0.04101007 0.55135582
v -0.04096312 -0.04095202 0.55143821
v -0.04691930 -0.03409194 0.55135215
v -0.04686478 -0.03403981 0.55143821
v -0.04691930 -0.03409194 0.55135215
v -0.04686478 -0.03403981 0.55143821
v -0.05167322 -0.02633078 0.55135581
v -0.05167322 -0.02633078 0.55135581
v -0.04686478 -0.03403981 0.55143821
v -0.05161244 -0.02628951 0.55143821
v -0.05167322 -0.02633078 0.55135581
v -0.05161244 -0.02628951 0.55143821
v -0.05515494 -0.01792924 0.55135356
v -0.05515494 -0.01792924 0.55135356
v -0.05161244 -0.02628951 0.55143821
v -0.05508924 -0.01789191 0.55143821
v -0.05515494 -0.01792924 0.55135356
v -0.05508924 -0.01789191 0.55143821
v -0.05728029 -0.00908039 0.55135362
v -0.05728029 -0.00908039 0.55135362
v -0.05508924 -0.01789191 0.55143821
v -0.05720957 -0.00905382 0.55143821
v -0.05728029 -0.00908039 0.55135362
v -0.05720957 -0.00905382 0.55143821
v -0.05799410 -0.00000202 0.55135581
v -0.05799410 -0.00000202 0.55135581
v -0.05720957 -0.00905382 0.55143821
v -0.05792122 0.00000717 0.55143821
v -0.05166369 0.02633671 0.55137522
v -0.05508345 0.01790532 0.55143821
v -0.05158477 0.02628978 0.55144474
v -0.05166369 0.02633671 0.55137522
v -0.05158477 0.02628978 0.55144474
v -0.04685373 0.03405060 0.55143821
v 0.00908478 0.05727201 0.55137522
v 0.00000930 0.05791895 0.55143821
v 0.00906457 0.05718244 0.55144474
v 0.00908478 0.05727201 0.55137522
v 0.00906457 0.05718244 0.55144474
v 0.01793262 0.05514567 0.55137534
v 0.01793262 0.05514567 0.55137534
v 0.00906457 0.05718244 0.55144474
v 0.01789856 0.05506040 0.55144474
v 0.01793262 0.05514567 0.55137534
v 0.01789856 0.05506040 0.55144474
v 0.02630397 0.05160167 0.55143821
v 0.04690794 0.03409367 0.55137504
v 0.04096301 0.04094761 0.55143821
v 0.04684523 0.03402382 0.55144474
v 0.04690794 0.03409367 0.55137504
v 0.04684523 0.03402382 0.55144474
v 0.05161232 0.02628514 0.55143821
v -0.00908492 -0.05727643 0.55137522
v -0.00000943 -0.05792336 0.55143821
v -0.00906466 -0.05718684 0.55144474
v -0.00908492 -0.05727643 0.55137522
v -0.00906466 -0.05718684 0.55144474
v -0.01790760 -0.05508561 0.55143821
v -0.05708087 -0.00905899 0.55145542
v -0.05720957 -0.00905382 0.55143821
v -0.05496150 -0.01787624 0.55145542
v -0.05508924 -0.01789191 0.55143821
v -0.05496150 -0.01787624 0.55145542
v -0.05508924 -0.01789191 0.55143821
v -0.05146015 -0.02624373 0.55146201
v -0.05146015 -0.02624373 0.55146201
v -0.05508924 -0.01789191 0.55143821
v -0.05161244 -0.02628951 0.55143821
v -0.05146015 -0.02624373 0.55146201
v -0.05161244 -0.02628951 0.55143821
v -0.04672145 -0.03397086 0.55146201
v -0.04686478 -0.03403981 0.55143821
v -0.04672145 -0.03397086 0.55146201
v -0.04686478 -0.03403981 0.55143821
v -0.04085605 -0.04088044 0.55145542
v -0.04085605 -0.04088044 0.55145542
v -0.04686478 -0.03403981 0.55143821
v -0.04096312 -0.04095202 0.55143821
v -0.04085605 -0.04088044 0.55145542
v -0.04096312 -0.04095202 0.55143821
v -0.03395839 -0.04676840 0.55145542
v -0.03405284 -0.04685590 0.55143821
v -0.03395839 -0.04676840 0.55145542
v -0.03405284 -0.04685590 0.55143821
v -0.02622480 -0.05150466 0.55145542
v -0.02622480 -0.05150466 0.55145542
v -0.03405284 -0.04685590 0.55143821
v -0.02630407 -0.05160607 0.55143821
v -0.02622480 -0.05150466 0.55145542
v -0.02630407 -0.05160607 0.55143821
v -0.01784477 -0.05497314 0.55145542
v -0.01784477 -0.05497314 0.55145542
v -0.02630407 -0.05160607 0.55143821
v -0.01790760 -0.05508561 0.55143821
v -0.01784477 -0.05497314 0.55145542
v -0.01790760 -0.05508561 0.55143821
v -0.00902548 -0.05708797 0.55145542
v -0.00902548 -0.05708797 0.55145542
v -0.01790760 -0.05508561 0.55143821
v -0.00906466 -0.05718684 0.55144474
v -0.00902548 -0.05708797 0.55145542
v -0.00906466 -0.05718684 0.55144474
v 0.00001530 -0.05779700 0.55145542
v 0.00001530 -0.05779700 0.55145542
v -0.00906466 -0.05718684 0.55144474
v -0.00000943 -0.05792336 0.55143821
v 0.00001530 -0.05779700 0.55145542
v -0.00000943 -0.05792336 0.55143821
v 0.00905675 -0.05708300 0.55145542
v 0.00905675 -0.05708300 0.55145542
v -0.00000943 -0.05792336 0.55143821
v 0.00905156 -0.05721173 0.55143821
v 0.00905675 -0.05708300 0.55145542
v 0.00905156 -0.05721173 0.55143821
v 0.01787400 -0.05496363 0.55145542
v 0.01788964 -0.05509141 0.55143821
v 0.01787400 -0.05496363 0.55145542
v 0.01788964 -0.05509141 0.55143821
v 0.02624148 -0.05146229 0.55146202
v 0.02624148 -0.05146229 0.55146202
v 0.01788964 -0.05509141 0.55143821
v 0.02628727 -0.05161458 0.55143821
v 0.02624148 -0.05146229 0.55146202
v 0.02628727 -0.05161458 0.55143821
v 0.03396860 -0.04672359 0.55146202
v 0.03403756 -0.04686692 0.55143821
v 0.03396860 -0.04672359 0.55146202
v 0.03403756 -0.04686692 0.55143821
v 0.04087818 -0.04085819 0.55145542
v 0.04087818 -0.04085819 0.55145542
v 0.03403756 -0.04686692 0.55143821
v 0.04094975 -0.04096528 0.55143821
v 0.04087818 -0.04085819 0.55145542
v 0.04094975 -0.04096528 0.55143821
v 0.04676613 -0.03396054 0.55145542
v 0.04685361 -0.03405501 0.55143821
v 0.04676613 -0.03396054 0.55145542
v 0.04685361 -0.03405501 0.55143821
v 0.05150241 -0.02622696 0.55145542
v 0.05150241 -0.02622696 0.55145542
v 0.04685361 -0.03405501 0.55143821
v 0.05160383 -0.02630621 0.55143821
v 0.05150241 -0.02622696 0.55145542
v 0.05160383 -0.02630621 0.55143821
v 0.05497088 -0.01784693 0.55145542
v 0.05497088 -0.01784693 0.55145542
v 0.05160383 -0.02630621 0.55143821
v 0.05508334 -0.01790975 0.55143821
v 0.05497088 -0.01784693 0.55145542
v 0.05508334 -0.01790975 0.55143821
v 0.05708572 -0.00902763 0.55145542
v 0.05720653 -0.00907232 0.55143821
v 0.05708572 -0.00902763 0.55145542
v 0.05720653 -0.00907232 0.55143821
v 0.05779475 0.00001315 0.55145542
v 0.05779475 0.00001315 0.55145542
v 0.05720653 -0.00907232 0.55143821
v 0.05792110 -0.00001158 0.55143821
v 0.05779475 0.00001315 0.55145542
v 0.05792110 -0.00001158 0.55143821
v 0.05708076 0.00905458 0.55145542
v 0.05708076 0.00905458 0.55145542
v 0.05792110 -0.00001158 0.55143821
v 0.05720946 0.00904942 0.55143821
v 0.05708076 0.00905458 0.55145542
v 0.05720946 0.00904942 0.55143821
v 0.05496138 0.01787184 0.55145542
v 0.05508913 0.01788748 0.55143821
v 0.05496138 0.01787184 0.55145542
v 0.05508913 0.01788748 0.55143821
v 0.05148839 0.02624999 0.55145542
v 0.05148839 0.02624999 0.55145542
v 0.05508913 0.01788748 0.55143821
v 0.05161232 0.02628514 0.55143821
v 0.05148839 0.02624999 0.55145542
v 0.05161232 0.02628514 0.55143821
v 0.04672132 0.03396647 0.55146201
v 0.04672132 0.03396647 0.55146201
v 0.05161232 0.02628514 0.55143821
v 0.04684523 0.03402382 0.55144474
v 0.04672132 0.03396647 0.55146201
v 0.04684523 0.03402382 0.55144474
v 0.04085592 0.04087605 0.55145542
v 0.04096301 0.04094761 0.55143821
v 0.04085592 0.04087605 0.55145542
v 0.04096301 0.04094761 0.55143821
v 0.03395827 0.04676400 0.55145542
v 0.03405273 0.04685148 0.55143821
v 0.03395827 0.04676400 0.55145542
v 0.03405273 0.04685148 0.55143821
v 0.02622471 0.05150026 0.55145542
v 0.02622471 0.05150026 0.55145542
v 0.03405273 0.04685148 0.55143821
v 0.02630397 0.05160167 0.55143821
v 0.02622471 0.05150026 0.55145542
v 0.02630397 0.05160167 0.55143821
v 0.01783213 0.05494113 0.55146201
v 0.01783213 0.05494113 0.55146201
v 0.02630397 0.05160167 0.55143821
v 0.01789856 0.05506040 0.55144474
v 0.01783213 0.05494113 0.55146201
v 0.01789856 0.05506040 0.55144474
v 0.00902537 0.05708359 0.55145536
v 0.00902537 0.05708359 0.55145536
v 0.01789856 0.05506040 0.55144474
v 0.00906457 0.05718244 0.55144474
v 0.00902537 0.05708359 0.55145536
v 0.00906457 0.05718244 0.55144474
v -0.00001537 0.05779259 0.55145542
v -0.00001537 0.05779259 0.55145542
v 0.00906457 0.05718244 0.55144474
v 0.00000930 0.05791895 0.55143821
v -0.00001537 0.05779259 0.55145542
v 0.00000930 0.05791895 0.55143821
v -0.00905686 0.05707862 0.55145542
v -0.00905686 0.05707862 0.55145542
v 0.00000930 0.05791895 0.55143821
v -0.00905167 0.05720731 0.55143821
v -0.00905686 0.05707862 0.55145542
v -0.00905167 0.05720731 0.55143821
v -0.01787410 0.05495925 0.55145542
v -0.01788974 0.05508697 0.55143821
v -0.01787410 0.05495925 0.55145542
v -0.01788974 0.05508697 0.55143821
v -0.02624161 0.05145787 0.55146201
v -0.02624161 0.05145787 0.55146201
v -0.01788974 0.05508697 0.55143821
v -0.02628740 0.05161017 0.55143821
v -0.02624161 0.05145787 0.55146201
v -0.02628740 0.05161017 0.55143821
v -0.03396871 0.04671917 0.55146201
v -0.03403767 0.04686251 0.55143821
v -0.03396871 0.04671917 0.55146201
v -0.03403767 0.04686251 0.55143821
v -0.04087829 0.04085380 0.55145542
v -0.04087829 0.04085380 0.55145542
v -0.03403767 0.04686251 0.55143821
v -0.04094986 0.04096088 0.55143821
v -0.04087829 0.04085380 0.55145542
v -0.04094986 0.04096088 0.55143821
v -0.04676625 0.03395612 0.55145542
v -0.04685373 0.03405060 0.55143821
v -0.04676625 0.03395612 0.55145542
v -0.04685373 0.03405060 0.55143821
v -0.05150251 0.02622256 0.55145542
v -0.05150251 0.02622256 0.55145542
v -0.04685373 0.03405060 0.55143821
v -0.05158477 0.02628978 0.55144474
v -0.05150251 0.02622256 0.55145542
v -0.05158477 0.02628978 0.55144474
v -0.05497101 0.01784249 0.55145542
v -0.05497101 0.01784249 0.55145542
v -0.05158477 0.02628978 0.55144474
v -0.05508345 0.01790532 0.55143821
v -0.05497101 0.01784249 0.55145542
v -0.05508345 0.01790532 0.55143821
v -0.05708583 0.00902324 0.55145542
v -0.05720664 0.00906793 0.55143821
v -0.05708583 0.00902324 0.55145542
v -0.05720664 0.00906793 0.55143821
v -0.05779486 -0.00001754 0.55145542
v -0.05779486 -0.00001754 0.55145542
v -0.05720664 0.00906793 0.55143821
v -0.05792122 0.00000717 0.55143821
v -0.05779486 -0.00001754 0.55145542
v -0.05792122 0.00000717 0.55143821
v -0.05708087 -0.00905899 0.55145542
v -0.05708087 -0.00905899 0.55145542
v -0.05792122 0.00000717 0.55143821
v -0.05720957 -0.00905382 0.55143821
v -0.00908498 0.05727199 0.53940601
v -0.00907823 0.05727804 0.55135361
v -0.00000174 0.05798588 0.53940339
v 0.00000013 0.05799185 0.55135581
v -0.00000174 0.05798588 0.53940339
v 0.00000013 0.05799185 0.55135581
v 0.00908381 0.05727232 0.53940632
v 0.00908478 0.05727201 0.55137522
v 0.00908381 0.05727232 0.53940632
v 0.00908478 0.05727201 0.55137522
v 0.01793165 0.05514614 0.53940632
v 0.01793262 0.05514567 0.55137534
v 0.01793165 0.05514614 0.53940632
v 0.01793262 0.05514567 0.55137534
v 0.02633804 0.05166201 0.53940632
v 0.02633364 0.05166954 0.55135386
v 0.02633804 0.05166201 0.53940632
v 0.02633364 0.05166954 0.55135386
v 0.03408315 0.04691211 0.53940339
v 0.03408813 0.04691586 0.55135581
v 0.03408315 0.04691211 0.53940339
v 0.03408813 0.04691586 0.55135581
v 0.04099572 0.04101262 0.53940602
v 0.04100459 0.04101069 0.55135355
v 0.04099572 0.04101262 0.53940602
v 0.04100459 0.04101069 0.55135355
v 0.04690713 0.03409449 0.53940602
v 0.04690794 0.03409367 0.55137504
v 0.04690713 0.03409449 0.53940602
v 0.04690794 0.03409367 0.55137504
v 0.05166352 0.02633679 0.53940602
v 0.05167138 0.02633222 0.55135361
v 0.05166352 0.02633679 0.53940602
v 0.05167138 0.02633222 0.55135361
v 0.05515949 0.01791988 0.53944960
v 0.05515483 0.01792481 0.55135362
v 0.05515949 0.01791988 0.53944960
v 0.05515483 0.01792481 0.55135362
v 0.05728017 0.00907597 0.55135362
v 0.05727382 0.00907075 0.53940339
v 0.05727382 0.00907075 0.53940339
v 0.05728017 0.00907597 0.55135362
v 0.05798802 -0.00000050 0.53940339
v 0.05799398 -0.00000239 0.55135581
v 0.05798802 -0.00000050 0.53940339
v 0.05799398 -0.00000239 0.55135581
v 0.05727446 -0.00908611 0.53940632
v 0.05727995 -0.00907464 0.55135581
v 0.05727446 -0.00908611 0.53940632
v 0.05727995 -0.00907464 0.55135581
v 0.05515757 -0.01792320 0.55135215
v 0.05514830 -0.01793393 0.53940632
v 0.05514830 -0.01793393 0.53940632
v 0.05515757 -0.01792320 0.55135215
v 0.05166418 -0.02634030 0.53940632
v 0.05167294 -0.02633111 0.55135581
v 0.05166418 -0.02634030 0.53940632
v 0.05167294 -0.02633111 0.55135581
v 0.04692007 -0.03409072 0.55135215
v 0.04690792 -0.03409808 0.53940632
v 0.04690792 -0.03409808 0.53940632
v 0.04692007 -0.03409072 0.55135215
v 0.04099665 -0.04101632 0.53940632
v 0.04100779 -0.04101031 0.55135582
v 0.04099665 -0.04101632 0.53940632
v 0.04100779 -0.04101031 0.55135582
v 0.03409334 -0.04691788 0.55135356
v 0.03408583 -0.04691457 0.53940339
v 0.03408583 -0.04691457 0.53940339
v 0.03409334 -0.04691788 0.55135356
v 0.02633893 -0.05166580 0.53940602
v 0.02633437 -0.05167365 0.55135356
v 0.02633893 -0.05166580 0.53940602
v 0.02633437 -0.05167365 0.55135356
v 0.01793268 -0.05515005 0.53940602
v 0.01792695 -0.05515709 0.55135362
v 0.01793268 -0.05515005 0.53940602
v 0.01792695 -0.05515709 0.55135362
v 0.00908488 -0.05727640 0.53940602
v 0.00907813 -0.05728245 0.55135362
v 0.00908488 -0.05727640 0.53940602
v 0.00907813 -0.05728245 0.55135362
v 0.00000163 -0.05799028 0.53940340
v -0.00000024 -0.05799625 0.55135582
v 0.00000163 -0.05799028 0.53940340
v -0.00000024 -0.05799625 0.55135582
v -0.00908397 -0.05727672 0.53940633
v -0.00908492 -0.05727643 0.55137522
v -0.00908397 -0.05727672 0.53940633
v -0.00908492 -0.05727643 0.55137522
v -0.01793177 -0.05515056 0.53940632
v -0.01792630 -0.05515729 0.55135386
v -0.01793177 -0.05515056 0.53940632
v -0.01792630 -0.05515729 0.55135386
v -0.02633815 -0.05166644 0.53940632
v -0.02633374 -0.05167396 0.55135386
v -0.02633815 -0.05166644 0.53940632
v -0.02633374 -0.05167396 0.55135386
v -0.03409594 -0.04691020 0.53940632
v -0.03409276 -0.04691831 0.55135386
v -0.03409594 -0.04691020 0.53940632
v -0.03409276 -0.04691831 0.55135386
v -0.04100261 -0.04100716 0.53940339
v -0.04100816 -0.04101007 0.55135582
v -0.04100261 -0.04100716 0.53940339
v -0.04100816 -0.04101007 0.55135582
v -0.04692168 -0.03409236 0.53944960
v -0.04691930 -0.03409194 0.55135215
v -0.04692168 -0.03409236 0.53944960
v -0.04691930 -0.03409194 0.55135215
v -0.05166707 -0.02632970 0.53940339
v -0.05167322 -0.02633078 0.55135581
v -0.05166707 -0.02632970 0.53940339
v -0.05167322 -0.02633078 0.55135581
v -0.05514792 -0.01793494 0.53940602
v -0.05515494 -0.01792924 0.55135356
v -0.05514792 -0.01793494 0.53940602
v -0.05515494 -0.01792924 0.55135356
v -0.05727424 -0.00908715 0.53940602
v -0.05728029 -0.00908039 0.55135362
v -0.05727424 -0.00908715 0.53940602
v -0.05728029 -0.00908039 0.55135362
v -0.05798813 -0.00000389 0.53940339
v -0.05799410 -0.00000202 0.55135581
v -0.05798813 -0.00000389 0.53940339
v -0.05799410 -0.00000202 0.55135581
v -0.05727457 0.00908168 0.53940632
v -0.05728037 0.00907516 0.55135386
v -0.05727457 0.00908168 0.53940632
v -0.05728037 0.00907516 0.55135386
v -0.05514841 0.01792952 0.53940632
v -0.05515514 0.01792402 0.55135386
v -0.05514841 0.01792952 0.53940632
v -0.05515514 0.01792402 0.55135386
v -0.05166430 0.02633587 0.53940632
v -0.05166369 0.02633671 0.55137522
v -0.05166430 0.02633587 0.53940632
v -0.05166369 0.02633671 0.55137522
v -0.04690804 0.03409365 0.53940632
v -0.04691614 0.03409052 0.55135386
v -0.04690804 0.03409365 0.53940632
v -0.04691614 0.03409052 0.55135386
v -0.04099676 0.04101192 0.53940632
v -0.04100525 0.04101008 0.55135386
v -0.04099676 0.04101192 0.53940632
v -0.04100525 0.04101008 0.55135386
v -0.03408593 0.04691017 0.53940339
v -0.03408796 0.04691608 0.55135581
v -0.03408593 0.04691017 0.53940339
v -0.03408796 0.04691608 0.55135581
v -0.02633906 0.05166137 0.53940602
v -0.02633450 0.05166922 0.55135361
v -0.02633906 0.05166137 0.53940602
v -0.02633450 0.05166922 0.55135361
v -0.01793279 0.05514564 0.53940601
v -0.01792707 0.05515268 0.55135361
v -0.01793279 0.05514564 0.53940601
v -0.01792707 0.05515268 0.55135361
v -0.00908498 0.05727199 0.53940601
v -0.00907823 0.05727804 0.55135361
v -0.05494635 0.01786942 0.53932277
v -0.05706561 0.00905389 0.53932277
v -0.05718741 0.00904794 0.53933668
v -0.04673444 0.03397408 0.53932277
v -0.05147413 0.02624487 0.53932277
v -0.05159182 0.02627683 0.53933668
v -0.04084400 0.04086664 0.53932276
v -0.04673444 0.03397408 0.53932277
v -0.04684570 0.03402403 0.53933668
v 0.00001059 0.05787698 0.53933552
v -0.00902143 0.05706886 0.53932276
v -0.00906478 0.05718283 0.53933668
v 0.03397621 0.04673221 0.53932276
v 0.02624705 0.05147186 0.53932276
v 0.02627895 0.05158956 0.53933668
v 0.04086876 0.04084178 0.53932276
v 0.03397621 0.04673221 0.53932276
v 0.03402618 0.04684343 0.53933668
v 0.05707101 0.00901914 0.53932277
v 0.05495711 0.01783595 0.53932277
v 0.05510400 0.01791328 0.53935206
v 0.05789449 -0.00000294 0.53933607
v 0.05707101 0.00901914 0.53932277
v 0.05718500 0.00906249 0.53933668
v 0.05494623 -0.01787385 0.53932277
v 0.05706549 -0.00905831 0.53932277
v 0.05718730 -0.00905233 0.53933668
v 0.04673432 -0.03397848 0.53932277
v 0.05147401 -0.02624930 0.53932277
v 0.05159170 -0.02628125 0.53933668
v 0.04084390 -0.04087104 0.53932277
v 0.04673432 -0.03397848 0.53932277
v 0.04684557 -0.03402843 0.53933668
v 0.00902129 -0.05707326 0.53932277
v 0.01783814 -0.05495935 0.53932277
v 0.01789876 -0.05506518 0.53933668
v -0.00001761 -0.05778186 0.53932277
v 0.00902129 -0.05707326 0.53932277
v 0.00906464 -0.05718724 0.53933668
v -0.01787166 -0.05494849 0.53932277
v -0.00905618 -0.05706776 0.53932277
v -0.00905017 -0.05718955 0.53933668
v -0.03397634 -0.04673660 0.53932277
v -0.02624717 -0.05147627 0.53932277
v -0.02627910 -0.05159398 0.53933668
v -0.04086887 -0.04084618 0.53932277
v -0.03397634 -0.04673660 0.53932277
v -0.03402629 -0.04684786 0.53933668
v -0.05707112 -0.00902356 0.53932277
v -0.05495723 -0.01784035 0.53932277
v -0.05506304 -0.01790098 0.53933668
v -0.05777972 0.00001539 0.53932277
v -0.05707112 -0.00902356 0.53932277
v -0.05718510 -0.00906690 0.53933668
v -0.02633906 0.05166137 0.53940602
v -0.01793279 0.05514564 0.53940601
v -0.01788974 0.05505902 0.53933607
v -0.02633906 0.05166137 0.53940602
v -0.01788974 0.05505902 0.53933607
v -0.02629224 0.05158286 0.53933668
v -0.02629224 0.05158286 0.53933668
v -0.01788974 0.05505902 0.53933607
v -0.02621581 0.05148786 0.53932276
v 0.05166352 0.02633679 0.53940602
v 0.05510400 0.01791328 0.53935206
v 0.05158501 0.02628998 0.53933668
v 0.05158501 0.02628998 0.53933668
v 0.05510400 0.01791328 0.53935206
v 0.05495711 0.01783595 0.53932277
v 0.05158501 0.02628998 0.53933668
v 0.05495711 0.01783595 0.53932277
v 0.05148998 0.02621352 0.53932277
v 0.02633893 -0.05166580 0.53940602
v 0.01793268 -0.05515005 0.53940602
v 0.01789876 -0.05506518 0.53933668
v 0.02633893 -0.05166580 0.53940602
v 0.01789876 -0.05506518 0.53933668
v 0.02629212 -0.05158730 0.53933668
v 0.02629212 -0.05158730 0.53933668
v 0.01789876 -0.05506518 0.53933668
v 0.01783814 -0.05495935 0.53932277
v 0.02629212 -0.05158730 0.53933668
v 0.01783814 -0.05495935 0.53932277
v 0.02621570 -0.05149225 0.53932277
v -0.05166707 -0.02632970 0.53940339
v -0.05514792 -0.01793494 0.53940602
v -0.05506304 -0.01790098 0.53933668
v -0.05166707 -0.02632970 0.53940339
v -0.05506304 -0.01790098 0.53933668
v -0.05158512 -0.02629439 0.53933668
v -0.05158512 -0.02629439 0.53933668
v -0.05506304 -0.01790098 0.53933668
v -0.05495723 -0.01784035 0.53932277
v -0.05158512 -0.02629439 0.53933668
v -0.05495723 -0.01784035 0.53932277
v -0.05149009 -0.02621797 0.53932277
v -0.03408593 0.04691017 0.53940339
v -0.02633906 0.05166137 0.53940602
v -0.02629224 0.05158286 0.53933668
v -0.03408593 0.04691017 0.53940339
v -0.02629224 0.05158286 0.53933668
v -0.03403824 0.04683477 0.53933668
v -0.03403824 0.04683477 0.53933668
v -0.02629224 0.05158286 0.53933668
v -0.02621581 0.05148786 0.53932276
v -0.03394787 0.04675288 0.53932276
v 0.04690713 0.03409449 0.53940602
v 0.05166352 0.02633679 0.53940602
v 0.05158501 0.02628998 0.53933668
v 0.04690713 0.03409449 0.53940602
v 0.05158501 0.02628998 0.53933668
v 0.04683691 0.03403598 0.53933668
v 0.04683691 0.03403598 0.53933668
v 0.05158501 0.02628998 0.53933668
v 0.05148998 0.02621352 0.53932277
v 0.04675500 0.03394561 0.53932277
v 0.03408583 -0.04691457 0.53940339
v 0.02633893 -0.05166580 0.53940602
v 0.02629212 -0.05158730 0.53933668
v 0.03408583 -0.04691457 0.53940339
v 0.02629212 -0.05158730 0.53933668
v 0.03403811 -0.04683918 0.53933668
v 0.03403811 -0.04683918 0.53933668
v 0.02629212 -0.05158730 0.53933668
v 0.02621570 -0.05149225 0.53932277
v 0.03394776 -0.04675728 0.53932277
v -0.04692168 -0.03409236 0.53944960
v -0.05166707 -0.02632970 0.53940339
v -0.04687090 -0.03406898 0.53935206
v -0.04687090 -0.03406898 0.53935206
v -0.05166707 -0.02632970 0.53940339
v -0.05158512 -0.02629439 0.53933668
v -0.04687090 -0.03406898 0.53935206
v -0.05158512 -0.02629439 0.53933668
v -0.05149009 -0.02621797 0.53932277
v -0.04687090 -0.03406898 0.53935206
v -0.05149009 -0.02621797 0.53932277
v -0.04675514 -0.03395000 0.53932277
v -0.04099676 0.04101192 0.53940632
v -0.03408593 0.04691017 0.53940339
v -0.03403824 0.04683477 0.53933668
v -0.04094607 0.04093342 0.53933668
v -0.04094607 0.04093342 0.53933668
v -0.03403824 0.04683477 0.53933668
v -0.03394787 0.04675288 0.53932276
v -0.04094607 0.04093342 0.53933668
v -0.03394787 0.04675288 0.53932276
v -0.04084400 0.04086664 0.53932276
v 0.04099572 0.04101262 0.53940602
v 0.04690713 0.03409449 0.53940602
v 0.04683691 0.03403598 0.53933668
v 0.04099572 0.04101262 0.53940602
v 0.04683691 0.03403598 0.53933668
v 0.04093554 0.04094383 0.53933668
v 0.04093554 0.04094383 0.53933668
v 0.04683691 0.03403598 0.53933668
v 0.04675500 0.03394561 0.53932277
v 0.04093554 0.04094383 0.53933668
v 0.04675500 0.03394561 0.53932277
v 0.04086876 0.04084178 0.53932276
v 0.04099665 -0.04101632 0.53940632
v 0.03408583 -0.04691457 0.53940339
v 0.03403811 -0.04683918 0.53933668
v 0.04094596 -0.04093778 0.53933668
v 0.04094596 -0.04093778 0.53933668
v 0.03403811 -0.04683918 0.53933668
v 0.03394776 -0.04675728 0.53932277
v 0.04094596 -0.04093778 0.53933668
v 0.03394776 -0.04675728 0.53932277
v 0.04084390 -0.04087104 0.53932277
v -0.04100261 -0.04100716 0.53940339
v -0.04692168 -0.03409236 0.53944960
v -0.04687090 -0.03406898 0.53935206
v -0.04100261 -0.04100716 0.53940339
v -0.04687090 -0.03406898 0.53935206
v -0.04093565 -0.04094821 0.53933668
v -0.04093565 -0.04094821 0.53933668
v -0.04687090 -0.03406898 0.53935206
v -0.04675514 -0.03395000 0.53932277
v -0.04093565 -0.04094821 0.53933668
v -0.04675514 -0.03395000 0.53932277
v -0.04086887 -0.04084618 0.53932277
v -0.05506759 0.01788255 0.53933668
v -0.05506759 0.01788255 0.53933668
v -0.05718741 0.00904794 0.53933668
v -0.05727457 0.00908168 0.53940632
v -0.05506759 0.01788255 0.53933668
v -0.05727457 0.00908168 0.53940632
v -0.05514841 0.01792952 0.53940632
v -0.04684570 0.03402403 0.53933668
v -0.04684570 0.03402403 0.53933668
v -0.05159182 0.02627683 0.53933668
v -0.05166430 0.02633587 0.53940632
v -0.04684570 0.03402403 0.53933668
v -0.05166430 0.02633587 0.53940632
v -0.04690804 0.03409365 0.53940632
v 0.01789107 0.05505855 0.53933607
v 0.00905737 0.05717943 0.53933607
v 0.00908381 0.05727232 0.53940632
v 0.01789107 0.05505855 0.53933607
v 0.00908381 0.05727232 0.53940632
v 0.01793165 0.05514614 0.53940632
v 0.03402618 0.04684343 0.53933668
v 0.03402618 0.04684343 0.53933668
v 0.02627895 0.05158956 0.53933668
v 0.02633804 0.05166201 0.53940632
v 0.03408315 0.04691211 0.53940339
v 0.05506747 -0.01788698 0.53933668
v 0.05506747 -0.01788698 0.53933668
v 0.05718730 -0.00905233 0.53933668
v 0.05727446 -0.00908611 0.53940632
v 0.05506747 -0.01788698 0.53933668
v 0.05727446 -0.00908611 0.53940632
v 0.05514830 -0.01793393 0.53940632
v 0.04684557 -0.03402843 0.53933668
v 0.04684557 -0.03402843 0.53933668
v 0.05159170 -0.02628125 0.53933668
v 0.05166418 -0.02634030 0.53940632
v 0.04684557 -0.03402843 0.53933668
v 0.05166418 -0.02634030 0.53940632
v 0.04690792 -0.03409808 0.53940632
v -0.01788485 -0.05506973 0.53933668
v -0.01788485 -0.05506973 0.53933668
v -0.00905017 -0.05718955 0.53933668
v -0.00908397 -0.05727672 0.53940633
v -0.01788485 -0.05506973 0.53933668
v -0.00908397 -0.05727672 0.53940633
v -0.01793177 -0.05515056 0.53940632
v -0.03402629 -0.04684786 0.53933668
v -0.03402629 -0.04684786 0.53933668
v -0.02627910 -0.05159398 0.53933668
v -0.02633815 -0.05166644 0.53940632
v -0.03402629 -0.04684786 0.53933668
v -0.02633815 -0.05166644 0.53940632
v -0.03409594 -0.04691020 0.53940632
v -0.05798813 -0.00000389 0.53940339
v -0.05727457 0.00908168 0.53940632
v -0.05718741 0.00904794 0.53933668
v -0.05798813 -0.00000389 0.53940339
v -0.05718741 0.00904794 0.53933668
v -0.05789909 -0.00000959 0.53933668
v -0.05789909 -0.00000959 0.53933668
v -0.05718741 0.00904794 0.53933668
v -0.05706561 0.00905389 0.53932277
v -0.05789909 -0.00000959 0.53933668
v -0.05706561 0.00905389 0.53932277
v -0.05777972 0.00001539 0.53932277
v -0.05514841 0.01792952 0.53940632
v -0.05166430 0.02633587 0.53940632
v -0.05159182 0.02627683 0.53933668
v -0.05514841 0.01792952 0.53940632
v -0.05159182 0.02627683 0.53933668
v -0.05506759 0.01788255 0.53933668
v -0.05506759 0.01788255 0.53933668
v -0.05159182 0.02627683 0.53933668
v -0.05147413 0.02624487 0.53932277
v -0.05506759 0.01788255 0.53933668
v -0.05147413 0.02624487 0.53932277
v -0.05494635 0.01786942 0.53932277
v -0.04084400 0.04086664 0.53932276
v -0.04684570 0.03402403 0.53933668
v -0.04094607 0.04093342 0.53933668
v -0.04094607 0.04093342 0.53933668
v -0.04684570 0.03402403 0.53933668
v -0.04690804 0.03409365 0.53940632
v -0.04094607 0.04093342 0.53933668
v -0.04690804 0.03409365 0.53940632
v -0.04099676 0.04101192 0.53940632
v -0.00902143 0.05706886 0.53932276
v -0.01788974 0.05505902 0.53933607
v -0.00906478 0.05718283 0.53933668
v -0.00906478 0.05718283 0.53933668
v -0.01788974 0.05505902 0.53933607
v -0.01793279 0.05514564 0.53940601
v -0.00906478 0.05718283 0.53933668
v -0.01793279 0.05514564 0.53940601
v -0.00908498 0.05727199 0.53940601
v 0.00001059 0.05787698 0.53933552
v -0.00906478 0.05718283 0.53933668
v -0.00908498 0.05727199 0.53940601
v 0.00001059 0.05787698 0.53933552
v -0.00908498 0.05727199 0.53940601
v -0.00000174 0.05798588 0.53940339
v -0.00000174 0.05798588 0.53940339
v 0.00908381 0.05727232 0.53940632
v 0.00905737 0.05717943 0.53933607
v -0.00000174 0.05798588 0.53940339
v 0.00905737 0.05717943 0.53933607
v 0.00001059 0.05787698 0.53933552
v 0.01793165 0.05514614 0.53940632
v 0.02633804 0.05166201 0.53940632
v 0.02627895 0.05158956 0.53933668
v 0.01793165 0.05514614 0.53940632
v 0.02627895 0.05158956 0.53933668
v 0.01789107 0.05505855 0.53933607
v 0.01789107 0.05505855 0.53933607
v 0.02627895 0.05158956 0.53933668
v 0.02624705 0.05147186 0.53932276
v 0.04086876 0.04084178 0.53932276
v 0.03402618 0.04684343 0.53933668
v 0.04093554 0.04094383 0.53933668
v 0.04093554 0.04094383 0.53933668
v 0.03402618 0.04684343 0.53933668
v 0.03408315 0.04691211 0.53940339
v 0.04099572 0.04101262 0.53940602
v 0.05166352 0.02633679 0.53940602
v 0.05515949 0.01791988 0.53944960
v 0.05510400 0.01791328 0.53935206
v 0.05707101 0.00901914 0.53932277
v 0.05510400 0.01791328 0.53935206
v 0.05718500 0.00906249 0.53933668
v 0.05718500 0.00906249 0.53933668
v 0.05510400 0.01791328 0.53935206
v 0.05727382 0.00907075 0.53940339
v 0.05727382 0.00907075 0.53940339
v 0.05510400 0.01791328 0.53935206
v 0.05515949 0.01791988 0.53944960
v 0.05789449 -0.00000294 0.53933607
v 0.05718500 0.00906249 0.53933668
v 0.05727382 0.00907075 0.53940339
v 0.05789449 -0.00000294 0.53933607
v 0.05727382 0.00907075 0.53940339
v 0.05798802 -0.00000050 0.53940339
v 0.05798802 -0.00000050 0.53940339
v 0.05727446 -0.00908611 0.53940632
v 0.05718730 -0.00905233 0.53933668
v 0.05798802 -0.00000050 0.53940339
v 0.05718730 -0.00905233 0.53933668
v 0.05789449 -0.00000294 0.53933607
v 0.05789449 -0.00000294 0.53933607
v 0.05718730 -0.00905233 0.53933668
v 0.05706549 -0.00905831 0.53932277
v 0.05514830 -0.01793393 0.53940632
v 0.05166418 -0.02634030 0.53940632
v 0.05159170 -0.02628125 0.53933668
v 0.05514830 -0.01793393 0.53940632
v 0.05159170 -0.02628125 0.53933668
v 0.05506747 -0.01788698 0.53933668
v 0.05506747 -0.01788698 0.53933668
v 0.05159170 -0.02628125 0.53933668
v 0.05147401 -0.02624930 0.53932277
v 0.05506747 -0.01788698 0.53933668
v 0.05147401 -0.02624930 0.53932277
v 0.05494623 -0.01787385 0.53932277
v 0.04084390 -0.04087104 0.53932277
v 0.04684557 -0.03402843 0.53933668
v 0.04094596 -0.04093778 0.53933668
v 0.04094596 -0.04093778 0.53933668
v 0.04684557 -0.03402843 0.53933668
v 0.04690792 -0.03409808 0.53940632
v 0.04094596 -0.04093778 0.53933668
v 0.04690792 -0.03409808 0.53940632
v 0.04099665 -0.04101632 0.53940632
v 0.00906464 -0.05718724 0.53933668
v 0.00906464 -0.05718724 0.53933668
v 0.01789876 -0.05506518 0.53933668
v 0.01793268 -0.05515005 0.53940602
v 0.00906464 -0.05718724 0.53933668
v 0.01793268 -0.05515005 0.53940602
v 0.00908488 -0.05727640 0.53940602
v -0.00001761 -0.05778186 0.53932277
v 0.00906464 -0.05718724 0.53933668
v 0.00000729 -0.05790124 0.53933668
v 0.00000729 -0.05790124 0.53933668
v 0.00906464 -0.05718724 0.53933668
v 0.00908488 -0.05727640 0.53940602
v 0.00000729 -0.05790124 0.53933668
v 0.00908488 -0.05727640 0.53940602
v 0.00000163 -0.05799028 0.53940340
v 0.00000163 -0.05799028 0.53940340
v -0.00908397 -0.05727672 0.53940633
v -0.00905017 -0.05718955 0.53933668
v 0.00000163 -0.05799028 0.53940340
v -0.00905017 -0.05718955 0.53933668
v 0.00000729 -0.05790124 0.53933668
v 0.00000729 -0.05790124 0.53933668
v -0.00905017 -0.05718955 0.53933668
v -0.00905618 -0.05706776 0.53932277
v 0.00000729 -0.05790124 0.53933668
v -0.00905618 -0.05706776 0.53932277
v -0.00001761 -0.05778186 0.53932277
v -0.01793177 -0.05515056 0.53940632
v -0.02633815 -0.05166644 0.53940632
v -0.02627910 -0.05159398 0.53933668
v -0.01793177 -0.05515056 0.53940632
v -0.02627910 -0.05159398 0.53933668
v -0.01788485 -0.05506973 0.53933668
v -0.01788485 -0.05506973 0.53933668
v -0.02627910 -0.05159398 0.53933668
v -0.02624717 -0.05147627 0.53932277
v -0.01788485 -0.05506973 0.53933668
v -0.02624717 -0.05147627 0.53932277
v -0.01787166 -0.05494849 0.53932277
v -0.04086887 -0.04084618 0.53932277
v -0.03402629 -0.04684786 0.53933668
v -0.04093565 -0.04094821 0.53933668
v -0.04093565 -0.04094821 0.53933668
v -0.03402629 -0.04684786 0.53933668
v -0.03409594 -0.04691020 0.53940632
v -0.04100261 -0.04100716 0.53940339
v -0.05718510 -0.00906690 0.53933668
v -0.05718510 -0.00906690 0.53933668
v -0.05506304 -0.01790098 0.53933668
v -0.05514792 -0.01793494 0.53940602
v -0.05718510 -0.00906690 0.53933668
v -0.05514792 -0.01793494 0.53940602
v -0.05727424 -0.00908715 0.53940602
v -0.05777972 0.00001539 0.53932277
v -0.05718510 -0.00906690 0.53933668
v -0.05789909 -0.00000959 0.53933668
v -0.05789909 -0.00000959 0.53933668
v -0.05718510 -0.00906690 0.53933668
v -0.05727424 -0.00908715 0.53940602
v -0.05789909 -0.00000959 0.53933668
v -0.05727424 -0.00908715 0.53940602
v -0.05798813 -0.00000389 0.53940339
v -0.05697465 -0.00902802 0.53901442
v -0.05764803 -0.00000215 0.53913722
v -0.05768373 -0.00000902 0.53901711
v -0.05768373 -0.00000902 0.53901711
v -0.05764803 -0.00000215 0.53913722
v -0.05693828 0.00901597 0.53913722
v -0.05768373 -0.00000902 0.53901711
v -0.05693828 0.00901597 0.53913722
v -0.05697637 0.00901160 0.53901491
v -0.05697637 0.00901160 0.53901491
v -0.05693828 0.00901597 0.53913722
v -0.05482652 0.01781204 0.53913722
v -0.05697637 0.00901160 0.53901491
v -0.05482652 0.01781204 0.53913722
v -0.05486483 0.01781370 0.53901491
v -0.05486483 0.01781370 0.53901491
v -0.05482652 0.01781204 0.53913722
v -0.05136475 0.02616948 0.53913722
v -0.05486483 0.01781370 0.53901491
v -0.05136475 0.02616948 0.53913722
v -0.05140232 0.02617711 0.53901491
v -0.05140232 0.02617711 0.53901491
v -0.05136475 0.02616948 0.53913722
v -0.04663821 0.03388247 0.53913722
v -0.05140232 0.02617711 0.53901491
v -0.04663821 0.03388247 0.53913722
v -0.04667416 0.03389588 0.53901491
v -0.04667416 0.03389588 0.53901491
v -0.04663821 0.03388247 0.53913722
v -0.04076329 0.04076111 0.53913722
v -0.04667416 0.03389588 0.53901491
v -0.04076329 0.04076111 0.53913722
v -0.04079338 0.04078149 0.53901710
v -0.04079338 0.04078149 0.53901710
v -0.04076329 0.04076111 0.53913722
v -0.03388465 0.04663601 0.53913722
v -0.04079338 0.04078149 0.53901710
v -0.03388465 0.04663601 0.53913722
v -0.03390804 0.04666490 0.53901442
v -0.03390804 0.04666490 0.53901442
v -0.03388465 0.04663601 0.53913722
v -0.02617166 0.05136254 0.53913710
v -0.02619023 0.05139474 0.53901442
v -0.02619023 0.05139474 0.53901442
v -0.02617166 0.05136254 0.53913710
v -0.01781421 0.05482429 0.53913710
v -0.01782753 0.05485902 0.53901442
v -0.01782753 0.05485902 0.53901442
v -0.01781421 0.05482429 0.53913710
v -0.00901815 0.05693603 0.53913722
v -0.00902584 0.05697240 0.53901442
v -0.00902584 0.05697240 0.53901442
v -0.00901815 0.05693603 0.53913722
v -0.00000875 0.05767140 0.53902937
v -0.00000875 0.05767140 0.53902937
v 0.00901812 0.05693603 0.53913722
v 0.00901377 0.05697412 0.53901491
v 0.00901377 0.05697412 0.53901491
v 0.00901812 0.05693603 0.53913722
v 0.01781418 0.05482427 0.53913710
v 0.00901377 0.05697412 0.53901491
v 0.01781418 0.05482427 0.53913710
v 0.01781585 0.05486260 0.53901478
v 0.01781585 0.05486260 0.53901478
v 0.01781418 0.05482427 0.53913710
v 0.02617162 0.05136249 0.53913722
v 0.01781585 0.05486260 0.53901478
v 0.02617162 0.05136249 0.53913722
v 0.02618172 0.05139744 0.53901710
v 0.02618172 0.05139744 0.53901710
v 0.02617162 0.05136249 0.53913722
v 0.03388462 0.04663595 0.53913722
v 0.02618172 0.05139744 0.53901710
v 0.03388462 0.04663595 0.53913722
v 0.03390285 0.04666952 0.53901308
v 0.03390285 0.04666952 0.53901308
v 0.03388462 0.04663595 0.53913722
v 0.04076325 0.04076104 0.53913722
v 0.04078364 0.04079112 0.53901710
v 0.04078364 0.04079112 0.53901710
v 0.04076325 0.04076104 0.53913722
v 0.04663816 0.03388238 0.53913722
v 0.04078364 0.04079112 0.53901710
v 0.04663816 0.03388238 0.53913722
v 0.04666705 0.03390578 0.53901442
v 0.04666705 0.03390578 0.53901442
v 0.04663816 0.03388238 0.53913722
v 0.05136468 0.02616938 0.53913722
v 0.05139688 0.02618795 0.53901442
v 0.05139688 0.02618795 0.53901442
v 0.05136468 0.02616938 0.53913722
v 0.05482644 0.01781195 0.53913722
v 0.05486114 0.01782527 0.53901442
v 0.05486114 0.01782527 0.53901442
v 0.05482644 0.01781195 0.53913722
v 0.05693819 0.00901588 0.53913722
v 0.05697453 0.00902360 0.53901442
v 0.05697453 0.00902360 0.53901442
v 0.05693819 0.00901588 0.53913722
v 0.05764792 -0.00000226 0.53913722
v 0.05768361 0.00000462 0.53901711
v 0.05768361 0.00000462 0.53901711
v 0.05764792 -0.00000226 0.53913722
v 0.05693817 -0.00902038 0.53913722
v 0.05768361 0.00000462 0.53901711
v 0.05693817 -0.00902038 0.53913722
v 0.05697450 -0.00901919 0.53901711
v 0.05697450 -0.00901919 0.53901711
v 0.05693817 -0.00902038 0.53913722
v 0.05482640 -0.01781647 0.53913722
v 0.05697450 -0.00901919 0.53901711
v 0.05482640 -0.01781647 0.53913722
v 0.05486398 -0.01782339 0.53901308
v 0.05486398 -0.01782339 0.53901308
v 0.05482640 -0.01781647 0.53913722
v 0.05136464 -0.02617388 0.53913722
v 0.05139958 -0.02618397 0.53901711
v 0.05139958 -0.02618397 0.53901711
v 0.05136464 -0.02617388 0.53913722
v 0.04663810 -0.03388686 0.53913722
v 0.05139958 -0.02618397 0.53901711
v 0.04663810 -0.03388686 0.53913722
v 0.04667168 -0.03390508 0.53901308
v 0.04667168 -0.03390508 0.53901308
v 0.04663810 -0.03388686 0.53913722
v 0.04076316 -0.04076554 0.53913722
v 0.04079326 -0.04078590 0.53901711
v 0.04079326 -0.04078590 0.53901711
v 0.04076316 -0.04076554 0.53913722
v 0.03388455 -0.04664041 0.53913722
v 0.04079326 -0.04078590 0.53901711
v 0.03388455 -0.04664041 0.53913722
v 0.03390793 -0.04666931 0.53901442
v 0.03390793 -0.04666931 0.53901442
v 0.03388455 -0.04664041 0.53913722
v 0.02617153 -0.05136696 0.53913722
v 0.02619318 -0.05139842 0.53901320
v 0.02619318 -0.05139842 0.53901320
v 0.02617153 -0.05136696 0.53913722
v 0.01781411 -0.05482870 0.53913722
v 0.01783168 -0.05486054 0.53901711
v 0.01783168 -0.05486054 0.53901711
v 0.01781411 -0.05482870 0.53913722
v 0.00901801 -0.05694045 0.53913722
v 0.01783168 -0.05486054 0.53901711
v 0.00901801 -0.05694045 0.53913722
v 0.00902573 -0.05697680 0.53901442
v 0.00902573 -0.05697680 0.53901442
v 0.00901801 -0.05694045 0.53913722
v -0.00000010 -0.05765018 0.53913722
v 0.00000678 -0.05768589 0.53901711
v 0.00000678 -0.05768589 0.53901711
v -0.00000010 -0.05765018 0.53913722
v -0.00901823 -0.05694043 0.53913722
v 0.00000678 -0.05768589 0.53901711
v -0.00901823 -0.05694043 0.53913722
v -0.00901703 -0.05697678 0.53901711
v -0.00901703 -0.05697678 0.53901711
v -0.00901823 -0.05694043 0.53913722
v -0.01781430 -0.05482867 0.53913722
v -0.00901703 -0.05697678 0.53901711
v -0.01781430 -0.05482867 0.53913722
v -0.01782124 -0.05486624 0.53901308
v -0.01782124 -0.05486624 0.53901308
v -0.01781430 -0.05482867 0.53913722
v -0.02617175 -0.05136690 0.53913722
v -0.02618184 -0.05140182 0.53901711
v -0.02618184 -0.05140182 0.53901711
v -0.02617175 -0.05136690 0.53913722
v -0.03388471 -0.04664037 0.53913722
v -0.02618184 -0.05140182 0.53901711
v -0.03388471 -0.04664037 0.53913722
v -0.03390294 -0.04667396 0.53901308
v -0.03390294 -0.04667396 0.53901308
v -0.03388471 -0.04664037 0.53913722
v -0.04076337 -0.04076543 0.53913722
v -0.04078222 -0.04079882 0.53901491
v -0.04078222 -0.04079882 0.53901491
v -0.04076337 -0.04076543 0.53913722
v -0.04663828 -0.03388679 0.53913722
v -0.04078222 -0.04079882 0.53901491
v -0.04663828 -0.03388679 0.53913722
v -0.04666214 -0.03391680 0.53901491
v -0.04666214 -0.03391680 0.53901491
v -0.04663828 -0.03388679 0.53913722
v -0.05136480 -0.02617378 0.53913722
v -0.04666214 -0.03391680 0.53901491
v -0.05136480 -0.02617378 0.53913722
v -0.05139307 -0.02619970 0.53901491
v -0.05139307 -0.02619970 0.53901491
v -0.05136480 -0.02617378 0.53913722
v -0.05482655 -0.01781636 0.53913722
v -0.05139307 -0.02619970 0.53901491
v -0.05482655 -0.01781636 0.53913722
v -0.05485839 -0.01783392 0.53901711
v -0.05485839 -0.01783392 0.53901711
v -0.05482655 -0.01781636 0.53913722
v -0.05693830 -0.00902029 0.53913722
v -0.05485839 -0.01783392 0.53901711
v -0.05693830 -0.00902029 0.53913722
v -0.05697465 -0.00902802 0.53901442
v -0.05693830 -0.00902029 0.53913722
v -0.00901815 0.05693603 0.53913722
v 0.00000040 0.05764944 0.53917030
v -0.00000875 0.05767140 0.53902937
v -0.00000875 0.05767140 0.53902937
v 0.00000040 0.05764944 0.53917030
v 0.00901812 0.05693603 0.53913722
v -0.05693830 -0.00902029 0.53913722
v -0.05768501 -0.00000113 0.53924580
v -0.05764803 -0.00000215 0.53913722
v -0.05764803 -0.00000215 0.53913722
v -0.05768501 -0.00000113 0.53924580
v -0.05697464 0.00902277 0.53924580
v -0.05693828 0.00901597 0.53913722
v -0.05693828 0.00901597 0.53913722
v -0.05697464 0.00902277 0.53924580
v -0.05486137 0.01782445 0.53924580
v -0.05482652 0.01781204 0.53913722
v -0.05482652 0.01781204 0.53913722
v -0.05486137 0.01782445 0.53924580
v -0.05139724 0.02618717 0.53924580
v -0.05136475 0.02616948 0.53913722
v -0.05136475 0.02616948 0.53913722
v -0.05139724 0.02618717 0.53924580
v -0.04666755 0.03390504 0.53924580
v -0.04663821 0.03388247 0.53913722
v -0.04663821 0.03388247 0.53913722
v -0.04666755 0.03390504 0.53924580
v -0.04078873 0.04078797 0.53924580
v -0.04663821 0.03388247 0.53913722
v -0.04078873 0.04078797 0.53924580
v -0.04076329 0.04076111 0.53913722
v -0.04076329 0.04076111 0.53913722
v -0.04078873 0.04078797 0.53924580
v -0.03390555 0.04666653 0.53924580
v -0.03388465 0.04663601 0.53913722
v -0.03388465 0.04663601 0.53913722
v -0.03390555 0.04666653 0.53924580
v -0.02618753 0.05139594 0.53924580
v -0.03388465 0.04663601 0.53913722
v -0.02618753 0.05139594 0.53924580
v -0.02617166 0.05136254 0.53913710
v -0.02617166 0.05136254 0.53913710
v -0.02618753 0.05139594 0.53924580
v -0.01782598 0.05488978 0.53928730
v -0.02617166 0.05136254 0.53913710
v -0.01782598 0.05488978 0.53928730
v -0.01781421 0.05482429 0.53913710
v -0.01781421 0.05482429 0.53913710
v -0.01782598 0.05488978 0.53928730
v -0.00902293 0.05697271 0.53924580
v -0.01781421 0.05482429 0.53913710
v -0.00902293 0.05697271 0.53924580
v -0.00901815 0.05693603 0.53913722
v -0.00901815 0.05693603 0.53913722
v -0.00902293 0.05697271 0.53924580
v 0.00000040 0.05764944 0.53917030
v 0.00000040 0.05764944 0.53917030
v 0.00903733 0.05699974 0.53928730
v 0.00901812 0.05693603 0.53913722
v 0.00901812 0.05693603 0.53913722
v 0.00903733 0.05699974 0.53928730
v 0.01784315 0.05488417 0.53928730
v 0.01781418 0.05482427 0.53913710
v 0.01781418 0.05482427 0.53913710
v 0.01784315 0.05488417 0.53928730
v 0.02618933 0.05139496 0.53924580
v 0.01781418 0.05482427 0.53913710
v 0.02618933 0.05139496 0.53924580
v 0.02617162 0.05136249 0.53913722
v 0.02617162 0.05136249 0.53913722
v 0.02618933 0.05139496 0.53924580
v 0.03390716 0.04666528 0.53924580
v 0.03388462 0.04663595 0.53913722
v 0.03388462 0.04663595 0.53913722
v 0.03390716 0.04666528 0.53924580
v 0.04079012 0.04078646 0.53924580
v 0.03388462 0.04663595 0.53913722
v 0.04079012 0.04078646 0.53924580
v 0.04076325 0.04076104 0.53913722
v 0.04076325 0.04076104 0.53913722
v 0.04079012 0.04078646 0.53924580
v 0.04666868 0.03390331 0.53924580
v 0.04663816 0.03388238 0.53913722
v 0.04663816 0.03388238 0.53913722
v 0.04666868 0.03390331 0.53924580
v 0.05139809 0.02618529 0.53924580
v 0.04663816 0.03388238 0.53913722
v 0.05139809 0.02618529 0.53924580
v 0.05136468 0.02616938 0.53913722
v 0.05136468 0.02616938 0.53913722
v 0.05139809 0.02618529 0.53924580
v 0.05486192 0.01782242 0.53924580
v 0.05136468 0.02616938 0.53913722
v 0.05486192 0.01782242 0.53924580
v 0.05482644 0.01781195 0.53913722
v 0.05482644 0.01781195 0.53913722
v 0.05486192 0.01782242 0.53924580
v 0.05697486 0.00902067 0.53924580
v 0.05693819 0.00901588 0.53913722
v 0.05693819 0.00901588 0.53913722
v 0.05697486 0.00902067 0.53924580
v 0.05771385 -0.00001129 0.53928731
v 0.05693819 0.00901588 0.53913722
v 0.05771385 -0.00001129 0.53928731
v 0.05764792 -0.00000226 0.53913722
v 0.05764792 -0.00000226 0.53913722
v 0.05771385 -0.00001129 0.53928731
v 0.05697453 -0.00902717 0.53924580
v 0.05764792 -0.00000226 0.53913722
v 0.05697453 -0.00902717 0.53924580
v 0.05693817 -0.00902038 0.53913722
v 0.05693817 -0.00902038 0.53913722
v 0.05697453 -0.00902717 0.53924580
v 0.05486126 -0.01782887 0.53924580
v 0.05482640 -0.01781647 0.53913722
v 0.05482640 -0.01781647 0.53913722
v 0.05486126 -0.01782887 0.53924580
v 0.05139714 -0.02619156 0.53924580
v 0.05482640 -0.01781647 0.53913722
v 0.05139714 -0.02619156 0.53924580
v 0.05136464 -0.02617388 0.53913722
v 0.05136464 -0.02617388 0.53913722
v 0.05139714 -0.02619156 0.53924580
v 0.04666743 -0.03390943 0.53924580
v 0.04663810 -0.03388686 0.53913722
v 0.04663810 -0.03388686 0.53913722
v 0.04666743 -0.03390943 0.53924580
v 0.04078860 -0.04079242 0.53924580
v 0.04663810 -0.03388686 0.53913722
v 0.04078860 -0.04079242 0.53924580
v 0.04076316 -0.04076554 0.53913722
v 0.04076316 -0.04076554 0.53913722
v 0.04078860 -0.04079242 0.53924580
v 0.03390547 -0.04667093 0.53924580
v 0.04076316 -0.04076554 0.53913722
v 0.03390547 -0.04667093 0.53924580
v 0.03388455 -0.04664041 0.53913722
v 0.03388455 -0.04664041 0.53913722
v 0.03390547 -0.04667093 0.53924580
v 0.02618742 -0.05140037 0.53924580
v 0.02617153 -0.05136696 0.53913722
v 0.02617153 -0.05136696 0.53913722
v 0.02618742 -0.05140037 0.53924580
v 0.01782457 -0.05486418 0.53924580
v 0.02617153 -0.05136696 0.53913722
v 0.01782457 -0.05486418 0.53924580
v 0.01781411 -0.05482870 0.53913722
v 0.01781411 -0.05482870 0.53913722
v 0.01782457 -0.05486418 0.53924580
v 0.00902279 -0.05697714 0.53924580
v 0.00901801 -0.05694045 0.53913722
v 0.00901801 -0.05694045 0.53913722
v 0.00902279 -0.05697714 0.53924580
v -0.00000109 -0.05768717 0.53924580
v -0.00000010 -0.05765018 0.53913722
v -0.00000010 -0.05765018 0.53913722
v -0.00000109 -0.05768717 0.53924580
v -0.00902503 -0.05697680 0.53924580
v -0.00901823 -0.05694043 0.53913722
v -0.00901823 -0.05694043 0.53913722
v -0.00902503 -0.05697680 0.53924580
v -0.01782668 -0.05486353 0.53924580
v -0.01781430 -0.05482867 0.53913722
v -0.01781430 -0.05482867 0.53913722
v -0.01782668 -0.05486353 0.53924580
v -0.02618946 -0.05139940 0.53924580
v -0.02617175 -0.05136690 0.53913722
v -0.02617175 -0.05136690 0.53913722
v -0.02618946 -0.05139940 0.53924580
v -0.03390727 -0.04666969 0.53924580
v -0.02617175 -0.05136690 0.53913722
v -0.03390727 -0.04666969 0.53924580
v -0.03388471 -0.04664037 0.53913722
v -0.03388471 -0.04664037 0.53913722
v -0.03390727 -0.04666969 0.53924580
v -0.04079025 -0.04079089 0.53924580
v -0.04076337 -0.04076543 0.53913722
v -0.04076337 -0.04076543 0.53913722
v -0.04079025 -0.04079089 0.53924580
v -0.04666880 -0.03390770 0.53924580
v -0.04076337 -0.04076543 0.53913722
v -0.04666880 -0.03390770 0.53924580
v -0.04663828 -0.03388679 0.53913722
v -0.04663828 -0.03388679 0.53913722
v -0.04666880 -0.03390770 0.53924580
v -0.05139820 -0.02618968 0.53924580
v -0.04663828 -0.03388679 0.53913722
v -0.05139820 -0.02618968 0.53924580
v -0.05136480 -0.02617378 0.53913722
v -0.05136480 -0.02617378 0.53913722
v -0.05139820 -0.02618968 0.53924580
v -0.05486204 -0.01782683 0.53924580
v -0.05136480 -0.02617378 0.53913722
v -0.05486204 -0.01782683 0.53924580
v -0.05482655 -0.01781636 0.53913722
v -0.05482655 -0.01781636 0.53913722
v -0.05486204 -0.01782683 0.53924580
v -0.05697497 -0.00902508 0.53924580
v -0.05693830 -0.00902029 0.53913722
v -0.05697497 -0.00902508 0.53924580
v -0.00902293 0.05697271 0.53924580
v 0.00000395 0.05771459 0.53928401
v 0.00000040 0.05764944 0.53917030
v 0.00000040 0.05764944 0.53917030
v 0.00000395 0.05771459 0.53928401
v 0.00903733 0.05699974 0.53928730
v -0.05697497 -0.00902508 0.53924580
v -0.05777972 0.00001539 0.53932277
v -0.05768501 -0.00000113 0.53924580
v -0.05768501 -0.00000113 0.53924580
v -0.05777972 0.00001539 0.53932277
v -0.05706561 0.00905389 0.53932277
v -0.05768501 -0.00000113 0.53924580
v -0.05706561 0.00905389 0.53932277
v -0.05697464 0.00902277 0.53924580
v -0.05697464 0.00902277 0.53924580
v -0.05706561 0.00905389 0.53932277
v -0.05494635 0.01786942 0.53932277
v -0.05697464 0.00902277 0.53924580
v -0.05494635 0.01786942 0.53932277
v -0.05486137 0.01782445 0.53924580
v -0.05486137 0.01782445 0.53924580
v -0.05494635 0.01786942 0.53932277
v -0.05147413 0.02624487 0.53932277
v -0.05486137 0.01782445 0.53924580
v -0.05147413 0.02624487 0.53932277
v -0.05139724 0.02618717 0.53924580
v -0.05139724 0.02618717 0.53924580
v -0.05147413 0.02624487 0.53932277
v -0.04673444 0.03397408 0.53932277
v -0.05139724 0.02618717 0.53924580
v -0.04673444 0.03397408 0.53932277
v -0.04666755 0.03390504 0.53924580
v -0.04666755 0.03390504 0.53924580
v -0.04673444 0.03397408 0.53932277
v -0.04084400 0.04086664 0.53932276
v -0.04666755 0.03390504 0.53924580
v -0.04084400 0.04086664 0.53932276
v -0.04078873 0.04078797 0.53924580
v -0.04078873 0.04078797 0.53924580
v -0.04084400 0.04086664 0.53932276
v -0.03394787 0.04675288 0.53932276
v -0.04078873 0.04078797 0.53924580
v -0.03394787 0.04675288 0.53932276
v -0.03390555 0.04666653 0.53924580
v -0.03390555 0.04666653 0.53924580
v -0.03394787 0.04675288 0.53932276
v -0.02621581 0.05148786 0.53932276
v -0.03390555 0.04666653 0.53924580
v -0.02621581 0.05148786 0.53932276
v -0.02618753 0.05139594 0.53924580
v -0.02618753 0.05139594 0.53924580
v -0.02621581 0.05148786 0.53932276
v -0.01782598 0.05488978 0.53928730
v -0.01782598 0.05488978 0.53928730
v -0.00902143 0.05706886 0.53932276
v -0.00902293 0.05697271 0.53924580
v -0.00902293 0.05697271 0.53924580
v -0.00902143 0.05706886 0.53932276
v 0.00000395 0.05771459 0.53928401
v 0.01784315 0.05488417 0.53928730
v 0.02624705 0.05147186 0.53932276
v 0.02618933 0.05139496 0.53924580
v 0.02618933 0.05139496 0.53924580
v 0.02624705 0.05147186 0.53932276
v 0.03397621 0.04673221 0.53932276
v 0.02618933 0.05139496 0.53924580
v 0.03397621 0.04673221 0.53932276
v 0.03390716 0.04666528 0.53924580
v 0.03390716 0.04666528 0.53924580
v 0.03397621 0.04673221 0.53932276
v 0.04086876 0.04084178 0.53932276
v 0.03390716 0.04666528 0.53924580
v 0.04086876 0.04084178 0.53932276
v 0.04079012 0.04078646 0.53924580
v 0.04079012 0.04078646 0.53924580
v 0.04086876 0.04084178 0.53932276
v 0.04675500 0.03394561 0.53932277
v 0.04079012 0.04078646 0.53924580
v 0.04675500 0.03394561 0.53932277
v 0.04666868 0.03390331 0.53924580
v 0.04666868 0.03390331 0.53924580
v 0.04675500 0.03394561 0.53932277
v 0.05148998 0.02621352 0.53932277
v 0.04666868 0.03390331 0.53924580
v 0.05148998 0.02621352 0.53932277
v 0.05139809 0.02618529 0.53924580
v 0.05139809 0.02618529 0.53924580
v 0.05148998 0.02621352 0.53932277
v 0.05495711 0.01783595 0.53932277
v 0.05139809 0.02618529 0.53924580
v 0.05495711 0.01783595 0.53932277
v 0.05486192 0.01782242 0.53924580
v 0.05486192 0.01782242 0.53924580
v 0.05495711 0.01783595 0.53932277
v 0.05707101 0.00901914 0.53932277
v 0.05486192 0.01782242 0.53924580
v 0.05707101 0.00901914 0.53932277
v 0.05697486 0.00902067 0.53924580
v 0.05697486 0.00902067 0.53924580
v 0.05707101 0.00901914 0.53932277
v 0.05771385 -0.00001129 0.53928731
v 0.05771385 -0.00001129 0.53928731
v 0.05706549 -0.00905831 0.53932277
v 0.05697453 -0.00902717 0.53924580
v 0.05697453 -0.00902717 0.53924580
v 0.05706549 -0.00905831 0.53932277
v 0.05494623 -0.01787385 0.53932277
v 0.05697453 -0.00902717 0.53924580
v 0.05494623 -0.01787385 0.53932277
v 0.05486126 -0.01782887 0.53924580
v 0.05486126 -0.01782887 0.53924580
v 0.05494623 -0.01787385 0.53932277
v 0.05147401 -0.02624930 0.53932277
v 0.05486126 -0.01782887 0.53924580
v 0.05147401 -0.02624930 0.53932277
v 0.05139714 -0.02619156 0.53924580
v 0.05139714 -0.02619156 0.53924580
v 0.05147401 -0.02624930 0.53932277
v 0.04673432 -0.03397848 0.53932277
v 0.05139714 -0.02619156 0.53924580
v 0.04673432 -0.03397848 0.53932277
v 0.04666743 -0.03390943 0.53924580
v 0.04666743 -0.03390943 0.53924580
v 0.04673432 -0.03397848 0.53932277
v 0.04084390 -0.04087104 0.53932277
v 0.04666743 -0.03390943 0.53924580
v 0.04084390 -0.04087104 0.53932277
v 0.04078860 -0.04079242 0.53924580
v 0.04078860 -0.04079242 0.53924580
v 0.04084390 -0.04087104 0.53932277
v 0.03394776 -0.04675728 0.53932277
v 0.04078860 -0.04079242 0.53924580
v 0.03394776 -0.04675728 0.53932277
v 0.03390547 -0.04667093 0.53924580
v 0.03390547 -0.04667093 0.53924580
v 0.03394776 -0.04675728 0.53932277
v 0.02621570 -0.05149225 0.53932277
v 0.03390547 -0.04667093 0.53924580
v 0.02621570 -0.05149225 0.53932277
v 0.02618742 -0.05140037 0.53924580
v 0.02618742 -0.05140037 0.53924580
v 0.02621570 -0.05149225 0.53932277
v 0.01783814 -0.05495935 0.53932277
v 0.02618742 -0.05140037 0.53924580
v 0.01783814 -0.05495935 0.53932277
v 0.01782457 -0.05486418 0.53924580
v 0.01782457 -0.05486418 0.53924580
v 0.01783814 -0.05495935 0.53932277
v 0.00902129 -0.05707326 0.53932277
v 0.01782457 -0.05486418 0.53924580
v 0.00902129 -0.05707326 0.53932277
v 0.00902279 -0.05697714 0.53924580
v 0.00902279 -0.05697714 0.53924580
v 0.00902129 -0.05707326 0.53932277
v -0.00001761 -0.05778186 0.53932277
v 0.00902279 -0.05697714 0.53924580
v -0.00001761 -0.05778186 0.53932277
v -0.00000109 -0.05768717 0.53924580
v -0.00000109 -0.05768717 0.53924580
v -0.00001761 -0.05778186 0.53932277
v -0.00905618 -0.05706776 0.53932277
v -0.00000109 -0.05768717 0.53924580
v -0.00905618 -0.05706776 0.53932277
v -0.00902503 -0.05697680 0.53924580
v -0.00902503 -0.05697680 0.53924580
v -0.00905618 -0.05706776 0.53932277
v -0.01787166 -0.05494849 0.53932277
v -0.00902503 -0.05697680 0.53924580
v -0.01787166 -0.05494849 0.53932277
v -0.01782668 -0.05486353 0.53924580
v -0.01782668 -0.05486353 0.53924580
v -0.01787166 -0.05494849 0.53932277
v -0.02624717 -0.05147627 0.53932277
v -0.01782668 -0.05486353 0.53924580
v -0.02624717 -0.05147627 0.53932277
v -0.02618946 -0.05139940 0.53924580
v -0.02618946 -0.05139940 0.53924580
v -0.02624717 -0.05147627 0.53932277
v -0.03397634 -0.04673660 0.53932277
v -0.02618946 -0.05139940 0.53924580
v -0.03397634 -0.04673660 0.53932277
v -0.03390727 -0.04666969 0.53924580
v -0.03390727 -0.04666969 0.53924580
v -0.03397634 -0.04673660 0.53932277
v -0.04086887 -0.04084618 0.53932277
v -0.03390727 -0.04666969 0.53924580
v -0.04086887 -0.04084618 0.53932277
v -0.04079025 -0.04079089 0.53924580
v -0.04079025 -0.04079089 0.53924580
v -0.04086887 -0.04084618 0.53932277
v -0.04675514 -0.03395000 0.53932277
v -0.04079025 -0.04079089 0.53924580
v -0.04675514 -0.03395000 0.53932277
v -0.04666880 -0.03390770 0.53924580
v -0.04666880 -0.03390770 0.53924580
v -0.04675514 -0.03395000 0.53932277
v -0.05149009 -0.02621797 0.53932277
v -0.04666880 -0.03390770 0.53924580
v -0.05149009 -0.02621797 0.53932277
v -0.05139820 -0.02618968 0.53924580
v -0.05139820 -0.02618968 0.53924580
v -0.05149009 -0.02621797 0.53932277
v -0.05495723 -0.01784035 0.53932277
v -0.05139820 -0.02618968 0.53924580
v -0.05495723 -0.01784035 0.53932277
v -0.05486204 -0.01782683 0.53924580
v -0.05486204 -0.01782683 0.53924580
v -0.05495723 -0.01784035 0.53932277
v -0.05707112 -0.00902356 0.53932277
v -0.05486204 -0.01782683 0.53924580
v -0.05707112 -0.00902356 0.53932277
v -0.05697497 -0.00902508 0.53924580
v -0.05697497 -0.00902508 0.53924580
v -0.05707112 -0.00902356 0.53932277
v -0.05777972 0.00001539 0.53932277
v -0.00902143 0.05706886 0.53932276
v 0.00001059 0.05787698 0.53933552
v 0.00000395 0.05771459 0.53928401
v 0.00000395 0.05771459 0.53928401
v 0.00001059 0.05787698 0.53933552
v 0.00903733 0.05699974 0.53928730
v -0.02621581 0.05148786 0.53932276
v -0.01788974 0.05505902 0.53933607
v -0.01782598 0.05488978 0.53928730
v -0.01782598 0.05488978 0.53928730
v -0.01788974 0.05505902 0.53933607
v -0.00902143 0.05706886 0.53932276
v 0.00001059 0.05787698 0.53933552
v 0.00905737 0.05717943 0.53933607
v 0.00903733 0.05699974 0.53928730
v 0.00903733 0.05699974 0.53928730
v 0.00905737 0.05717943 0.53933607
v 0.01789107 0.05505855 0.53933607
v 0.01784315 0.05488417 0.53928730
v 0.01784315 0.05488417 0.53928730
v 0.01789107 0.05505855 0.53933607
v 0.02624705 0.05147186 0.53932276
v 0.05707101 0.00901914 0.53932277
v 0.05789449 -0.00000294 0.53933607
v 0.05771385 -0.00001129 0.53928731
v 0.05771385 -0.00001129 0.53928731
v 0.05789449 -0.00000294 0.53933607
v 0.05706549 -0.00905831 0.53932277
v -0.00901703 -0.05697678 0.53901711
v -0.00906924 -0.05716766 0.53884560
v 0.00000678 -0.05768589 0.53901711
v -0.00000749 -0.05788360 0.53884267
v 0.00000678 -0.05768589 0.53901711
v -0.00000749 -0.05788360 0.53884267
v 0.00902573 -0.05697680 0.53901442
v 0.00902573 -0.05697680 0.53901442
v -0.00000749 -0.05788360 0.53884267
v 0.00905365 -0.05717012 0.53884572
v 0.00902573 -0.05697680 0.53901442
v 0.00905365 -0.05717012 0.53884572
v 0.01783168 -0.05486054 0.53901711
v 0.01783168 -0.05486054 0.53901711
v 0.00905365 -0.05717012 0.53884572
v 0.01788520 -0.05504998 0.53884572
v 0.01783168 -0.05486054 0.53901711
v 0.01788520 -0.05504998 0.53884572
v 0.02619318 -0.05139842 0.53901320
v 0.02619318 -0.05139842 0.53901320
v 0.01788520 -0.05504998 0.53884572
v 0.02627637 -0.05157438 0.53884572
v 0.02619318 -0.05139842 0.53901320
v 0.02627637 -0.05157438 0.53884572
v 0.03390793 -0.04666931 0.53901442
v 0.03390793 -0.04666931 0.53901442
v 0.02627637 -0.05157438 0.53884572
v 0.03401577 -0.04683360 0.53884267
v 0.03390793 -0.04666931 0.53901442
v 0.03401577 -0.04683360 0.53884267
v 0.04091702 -0.04094033 0.53884560
v 0.03390793 -0.04666931 0.53901442
v 0.04091702 -0.04094033 0.53884560
v 0.04079326 -0.04078590 0.53901711
v 0.04079326 -0.04078590 0.53901711
v 0.04091702 -0.04094033 0.53884560
v 0.04667168 -0.03390508 0.53901308
v 0.04667168 -0.03390508 0.53901308
v 0.04091702 -0.04094033 0.53884560
v 0.04681741 -0.03403547 0.53884560
v 0.04667168 -0.03390508 0.53901308
v 0.04681741 -0.03403547 0.53884560
v 0.05156759 -0.02628595 0.53884762
v 0.04667168 -0.03390508 0.53901308
v 0.05156759 -0.02628595 0.53884762
v 0.05139958 -0.02618397 0.53901711
v 0.05139958 -0.02618397 0.53901711
v 0.05156759 -0.02628595 0.53884762
v 0.05486398 -0.01782339 0.53901308
v 0.05486398 -0.01782339 0.53901308
v 0.05156759 -0.02628595 0.53884762
v 0.05504721 -0.01788901 0.53884572
v 0.05486398 -0.01782339 0.53901308
v 0.05504721 -0.01788901 0.53884572
v 0.05697450 -0.00901919 0.53901711
v 0.05697450 -0.00901919 0.53901711
v 0.05504721 -0.01788901 0.53884572
v 0.05716756 -0.00906417 0.53884267
v 0.05697450 -0.00901919 0.53901711
v 0.05716756 -0.00906417 0.53884267
v 0.05768361 0.00000462 0.53901711
v 0.05788134 -0.00000964 0.53884267
v 0.05768361 0.00000462 0.53901711
v 0.05788134 -0.00000964 0.53884267
v 0.05697453 0.00902360 0.53901442
v 0.05716987 0.00904512 0.53884267
v 0.05697453 0.00902360 0.53901442
v 0.05716987 0.00904512 0.53884267
v 0.05504919 0.01787623 0.53884761
v 0.05697453 0.00902360 0.53901442
v 0.05504919 0.01787623 0.53884761
v 0.05486114 0.01782527 0.53901442
v 0.05486114 0.01782527 0.53901442
v 0.05504919 0.01787623 0.53884761
v 0.05139688 0.02618795 0.53901442
v 0.05154646 0.02625573 0.53887581
v 0.05139688 0.02618795 0.53901442
v 0.05154646 0.02625573 0.53887581
v 0.04683490 0.03400699 0.53884560
v 0.05139688 0.02618795 0.53901442
v 0.04683490 0.03400699 0.53884560
v 0.04666705 0.03390578 0.53901442
v 0.04666705 0.03390578 0.53901442
v 0.04683490 0.03400699 0.53884560
v 0.04093808 0.04091488 0.53884560
v 0.04666705 0.03390578 0.53901442
v 0.04093808 0.04091488 0.53884560
v 0.04078364 0.04079112 0.53901710
v 0.04078364 0.04079112 0.53901710
v 0.04093808 0.04091488 0.53884560
v 0.03390285 0.04666952 0.53901308
v 0.03390285 0.04666952 0.53901308
v 0.04093808 0.04091488 0.53884560
v 0.03402705 0.04681888 0.53884761
v 0.03390285 0.04666952 0.53901308
v 0.03402705 0.04681888 0.53884761
v 0.02618172 0.05139744 0.53901710
v 0.02618172 0.05139744 0.53901710
v 0.03402705 0.04681888 0.53884761
v 0.02628415 0.05156714 0.53884267
v 0.02618172 0.05139744 0.53901710
v 0.02628415 0.05156714 0.53884267
v 0.01781585 0.05486260 0.53901478
v 0.01781585 0.05486260 0.53901478
v 0.02628415 0.05156714 0.53884267
v 0.01790013 0.05504072 0.53884560
v 0.01781585 0.05486260 0.53901478
v 0.01790013 0.05504072 0.53884560
v 0.00901377 0.05697412 0.53901491
v 0.00901377 0.05697412 0.53901491
v 0.01790013 0.05504072 0.53884560
v 0.00906910 0.05716324 0.53884560
v 0.00901377 0.05697412 0.53901491
v 0.00906910 0.05716324 0.53884560
v -0.00000875 0.05767140 0.53902937
v -0.00000875 0.05767140 0.53902937
v 0.00906910 0.05716324 0.53884560
v 0.00000734 0.05787919 0.53884267
v -0.00000875 0.05767140 0.53902937
v 0.00000734 0.05787919 0.53884267
v -0.00902584 0.05697240 0.53901442
v -0.00902584 0.05697240 0.53901442
v 0.00000734 0.05787919 0.53884267
v -0.00905373 0.05716571 0.53884572
v -0.00902584 0.05697240 0.53901442
v -0.00905373 0.05716571 0.53884572
v -0.01782753 0.05485902 0.53901442
v -0.01782753 0.05485902 0.53901442
v -0.00905373 0.05716571 0.53884572
v -0.01787935 0.05504856 0.53884267
v -0.01782753 0.05485902 0.53901442
v -0.01787935 0.05504856 0.53884267
v -0.02625871 0.05154318 0.53887642
v -0.01782753 0.05485902 0.53901442
v -0.02625871 0.05154318 0.53887642
v -0.02619023 0.05139474 0.53901442
v -0.02619023 0.05139474 0.53901442
v -0.02625871 0.05154318 0.53887642
v -0.03399827 0.04680027 0.53887721
v -0.03390804 0.04666490 0.53901442
v -0.03390804 0.04666490 0.53901442
v -0.03399827 0.04680027 0.53887721
v -0.04079338 0.04078149 0.53901710
v -0.04079338 0.04078149 0.53901710
v -0.03399827 0.04680027 0.53887721
v -0.04092312 0.04093139 0.53884267
v -0.04079338 0.04078149 0.53901710
v -0.04092312 0.04093139 0.53884267
v -0.04667416 0.03389588 0.53901491
v -0.04667416 0.03389588 0.53901491
v -0.04092312 0.04093139 0.53884267
v -0.04681751 0.03403107 0.53884560
v -0.04667416 0.03389588 0.53901491
v -0.04681751 0.03403107 0.53884560
v -0.05140232 0.02617711 0.53901491
v -0.05140232 0.02617711 0.53901491
v -0.04681751 0.03403107 0.53884560
v -0.05156509 0.02628820 0.53884560
v -0.05140232 0.02617711 0.53901491
v -0.05156509 0.02628820 0.53884560
v -0.05486483 0.01781370 0.53901491
v -0.05486483 0.01781370 0.53901491
v -0.05156509 0.02628820 0.53884560
v -0.05504297 0.01789796 0.53884560
v -0.05486483 0.01781370 0.53901491
v -0.05504297 0.01789796 0.53884560
v -0.05697637 0.00901160 0.53901491
v -0.05697637 0.00901160 0.53901491
v -0.05504297 0.01789796 0.53884560
v -0.05716550 0.00906698 0.53884560
v -0.05697637 0.00901160 0.53901491
v -0.05716550 0.00906698 0.53884560
v -0.05768373 -0.00000902 0.53901711
v -0.05788145 0.00000522 0.53884267
v -0.05768373 -0.00000902 0.53901711
v -0.05788145 0.00000522 0.53884267
v -0.05697465 -0.00902802 0.53901442
v -0.05716999 -0.00904952 0.53884267
v -0.05697465 -0.00902802 0.53901442
v -0.05716999 -0.00904952 0.53884267
v -0.05505217 -0.01787407 0.53884560
v -0.05697465 -0.00902802 0.53901442
v -0.05505217 -0.01787407 0.53884560
v -0.05485839 -0.01783392 0.53901711
v -0.05485839 -0.01783392 0.53901711
v -0.05505217 -0.01787407 0.53884560
v -0.05139307 -0.02619970 0.53901491
v -0.05139307 -0.02619970 0.53901491
v -0.05505217 -0.01787407 0.53884560
v -0.05157475 -0.02627211 0.53884762
v -0.05139307 -0.02619970 0.53901491
v -0.05157475 -0.02627211 0.53884762
v -0.04666214 -0.03391680 0.53901491
v -0.04666214 -0.03391680 0.53901491
v -0.05157475 -0.02627211 0.53884762
v -0.04683146 -0.03401803 0.53884267
v -0.04666214 -0.03391680 0.53901491
v -0.04683146 -0.03401803 0.53884267
v -0.04078222 -0.04079882 0.53901491
v -0.04078222 -0.04079882 0.53901491
v -0.04683146 -0.03401803 0.53884267
v -0.04093818 -0.04091930 0.53884560
v -0.04078222 -0.04079882 0.53901491
v -0.04093818 -0.04091930 0.53884560
v -0.03390294 -0.04667396 0.53901308
v -0.03390294 -0.04667396 0.53901308
v -0.04093818 -0.04091930 0.53884560
v -0.03402715 -0.04682329 0.53884762
v -0.03390294 -0.04667396 0.53901308
v -0.03402715 -0.04682329 0.53884762
v -0.02618184 -0.05140182 0.53901711
v -0.02618184 -0.05140182 0.53901711
v -0.03402715 -0.04682329 0.53884762
v -0.02628427 -0.05157153 0.53884267
v -0.02618184 -0.05140182 0.53901711
v -0.02628427 -0.05157153 0.53884267
v -0.01782124 -0.05486624 0.53901308
v -0.01782124 -0.05486624 0.53901308
v -0.02628427 -0.05157153 0.53884267
v -0.01790023 -0.05504512 0.53884560
v -0.01782124 -0.05486624 0.53901308
v -0.01790023 -0.05504512 0.53884560
v -0.00906924 -0.05716766 0.53884560
v -0.01782124 -0.05486624 0.53901308
v -0.00906924 -0.05716766 0.53884560
v -0.00901703 -0.05697678 0.53901711
v -0.03404394 0.04683805 0.53873769
v -0.03402866 0.04683412 0.53869057
v -0.03759849 0.04401989 0.53869057
v -0.02629735 0.05158703 0.53873769
v -0.02628290 0.05158074 0.53869057
v -0.03024903 0.04935960 0.53869057
v 0.05158915 0.02629511 0.53873769
v 0.05158288 0.02628065 0.53869057
v 0.04936174 0.03024677 0.53869057
v -0.02625871 0.05154318 0.53887642
v -0.01787935 0.05504856 0.53884267
v -0.02629735 0.05158703 0.53873769
v -0.02629735 0.05158703 0.53873769
v -0.01787935 0.05504856 0.53884267
v -0.01789719 0.05505724 0.53869057
v -0.02629735 0.05158703 0.53873769
v -0.01789719 0.05505724 0.53869057
v -0.02215473 0.05348386 0.53869057
v -0.02629735 0.05158703 0.53873769
v -0.02215473 0.05348386 0.53869057
v -0.02628290 0.05158074 0.53869057
v 0.05154646 0.02625573 0.53887581
v 0.05504919 0.01787623 0.53884761
v 0.05158915 0.02629511 0.53873769
v 0.05158915 0.02629511 0.53873769
v 0.05504919 0.01787623 0.53884761
v 0.05505939 0.01789498 0.53869057
v 0.05158915 0.02629511 0.53873769
v 0.05505939 0.01789498 0.53869057
v 0.05348600 0.02215246 0.53869057
v 0.05158915 0.02629511 0.53873769
v 0.05348600 0.02215246 0.53869057
v 0.05158288 0.02628065 0.53869057
v 0.02627637 -0.05157438 0.53884572
v 0.01788520 -0.05504998 0.53884572
v 0.01789711 -0.05506166 0.53869057
v 0.02627637 -0.05157438 0.53884572
v 0.01789711 -0.05506166 0.53869057
v 0.02628997 -0.05158404 0.53869057
v 0.02628997 -0.05158404 0.53869057
v 0.01789711 -0.05506166 0.53869057
v 0.02215461 -0.05348825 0.53869057
v -0.05157475 -0.02627211 0.53884762
v -0.05505217 -0.01787407 0.53884560
v -0.05505950 -0.01789938 0.53869057
v -0.05157475 -0.02627211 0.53884762
v -0.05505950 -0.01789938 0.53869057
v -0.05158190 -0.02629220 0.53869057
v -0.05158190 -0.02629220 0.53869057
v -0.05505950 -0.01789938 0.53869057
v -0.05348611 -0.02215688 0.53869057
v -0.03399827 0.04680027 0.53887721
v -0.02625871 0.05154318 0.53887642
v -0.02629735 0.05158703 0.53873769
v -0.03399827 0.04680027 0.53887721
v -0.02629735 0.05158703 0.53873769
v -0.03404394 0.04683805 0.53873769
v -0.03404394 0.04683805 0.53873769
v -0.02629735 0.05158703 0.53873769
v -0.03024903 0.04935960 0.53869057
v -0.03404394 0.04683805 0.53873769
v -0.03024903 0.04935960 0.53869057
v -0.03402866 0.04683412 0.53869057
v 0.04683490 0.03400699 0.53884560
v 0.05154646 0.02625573 0.53887581
v 0.05158915 0.02629511 0.53873769
v 0.04683490 0.03400699 0.53884560
v 0.05158915 0.02629511 0.53873769
v 0.04683407 0.03403330 0.53869057
v 0.04683407 0.03403330 0.53869057
v 0.05158915 0.02629511 0.53873769
v 0.04936174 0.03024677 0.53869057
v 0.03401577 -0.04683360 0.53884267
v 0.02627637 -0.05157438 0.53884572
v 0.02628997 -0.05158404 0.53869057
v 0.03401577 -0.04683360 0.53884267
v 0.02628997 -0.05158404 0.53869057
v 0.03403547 -0.04683632 0.53869057
v 0.03403547 -0.04683632 0.53869057
v 0.03024891 -0.04936401 0.53869057
v -0.04683146 -0.03401803 0.53884267
v -0.05157475 -0.02627211 0.53884762
v -0.05158190 -0.02629220 0.53869057
v -0.04683146 -0.03401803 0.53884267
v -0.05158190 -0.02629220 0.53869057
v -0.04683418 -0.03403772 0.53869057
v -0.04683418 -0.03403772 0.53869057
v -0.04936186 -0.03025117 0.53869057
v -0.04092312 0.04093139 0.53884267
v -0.03399827 0.04680027 0.53887721
v -0.03404394 0.04683805 0.53873769
v -0.04092312 0.04093139 0.53884267
v -0.03404394 0.04683805 0.53873769
v -0.04094299 0.04093100 0.53869057
v -0.04094299 0.04093100 0.53869057
v -0.03404394 0.04683805 0.53873769
v -0.03759849 0.04401989 0.53869057
v 0.04093808 0.04091488 0.53884560
v 0.04683490 0.03400699 0.53884560
v 0.04683407 0.03403330 0.53869057
v 0.04093808 0.04091488 0.53884560
v 0.04683407 0.03403330 0.53869057
v 0.04093312 0.04094075 0.53869057
v 0.04093312 0.04094075 0.53869057
v 0.04683407 0.03403330 0.53869057
v 0.04402204 0.03759624 0.53869057
v 0.04091702 -0.04094033 0.53884560
v 0.03401577 -0.04683360 0.53884267
v 0.03403547 -0.04683632 0.53869057
v 0.04091702 -0.04094033 0.53884560
v 0.03403547 -0.04683632 0.53869057
v 0.04094288 -0.04093541 0.53869057
v 0.04094288 -0.04093541 0.53869057
v 0.03759839 -0.04402429 0.53869057
v -0.04093818 -0.04091930 0.53884560
v -0.04683146 -0.03401803 0.53884267
v -0.04683418 -0.03403772 0.53869057
v -0.04093818 -0.04091930 0.53884560
v -0.04683418 -0.03403772 0.53869057
v -0.04093324 -0.04094518 0.53869057
v -0.04093324 -0.04094518 0.53869057
v -0.04402215 -0.03760065 0.53869057
v -0.05505805 0.01789964 0.53869051
v -0.05718236 0.00905141 0.53869033
v -0.05716550 0.00906698 0.53884560
v -0.05505805 0.01789964 0.53869051
v -0.05716550 0.00906698 0.53884560
v -0.05504297 0.01789796 0.53884560
v -0.04936188 0.03024673 0.53869057
v -0.05158817 0.02627551 0.53869057
v -0.04684229 0.03402214 0.53869057
v -0.04684229 0.03402214 0.53869057
v -0.05158817 0.02627551 0.53869057
v -0.05156509 0.02628820 0.53884560
v -0.04684229 0.03402214 0.53869057
v -0.05156509 0.02628820 0.53884560
v -0.04681751 0.03403107 0.53884560
v 0.01790180 0.05505579 0.53869051
v 0.00905355 0.05718009 0.53869033
v 0.00906910 0.05716324 0.53884560
v 0.01790180 0.05505579 0.53869051
v 0.00906910 0.05716324 0.53884560
v 0.01790013 0.05504072 0.53884560
v 0.03024888 0.04935962 0.53869057
v 0.02627764 0.05158590 0.53869057
v 0.03402430 0.04684002 0.53869057
v 0.03402430 0.04684002 0.53869057
v 0.02627764 0.05158590 0.53869057
v 0.02628415 0.05156714 0.53884267
v 0.03402430 0.04684002 0.53869057
v 0.02628415 0.05156714 0.53884267
v 0.03402705 0.04681888 0.53884761
v 0.05505794 -0.01790407 0.53869051
v 0.05718224 -0.00905582 0.53869033
v 0.05716756 -0.00906417 0.53884267
v 0.05505794 -0.01790407 0.53869051
v 0.05716756 -0.00906417 0.53884267
v 0.05504721 -0.01788901 0.53884572
v 0.04936176 -0.03025114 0.53869057
v 0.05158806 -0.02627988 0.53869057
v 0.04684218 -0.03402654 0.53869057
v 0.04684218 -0.03402654 0.53869057
v 0.05158806 -0.02627988 0.53869057
v 0.05156759 -0.02628595 0.53884762
v 0.04684218 -0.03402654 0.53869057
v 0.05156759 -0.02628595 0.53884762
v 0.04681741 -0.03403547 0.53884560
v -0.01790192 -0.05506020 0.53869051
v -0.00905366 -0.05718450 0.53869033
v -0.00906924 -0.05716766 0.53884560
v -0.01790192 -0.05506020 0.53869051
v -0.00906924 -0.05716766 0.53884560
v -0.01790023 -0.05504512 0.53884560
v -0.03024900 -0.04936403 0.53869057
v -0.02627775 -0.05159033 0.53869057
v -0.03402439 -0.04684445 0.53869057
v -0.03402439 -0.04684445 0.53869057
v -0.02627775 -0.05159033 0.53869057
v -0.02628427 -0.05157153 0.53884267
v -0.03402439 -0.04684445 0.53869057
v -0.02628427 -0.05157153 0.53884267
v -0.03402715 -0.04682329 0.53884762
v -0.05788145 0.00000522 0.53884267
v -0.05716550 0.00906698 0.53884560
v -0.05718236 0.00905141 0.53869033
v -0.05788145 0.00000522 0.53884267
v -0.05718236 0.00905141 0.53869033
v -0.05789465 -0.00000531 0.53869033
v -0.05504297 0.01789796 0.53884560
v -0.05156509 0.02628820 0.53884560
v -0.05158817 0.02627551 0.53869057
v -0.05504297 0.01789796 0.53884560
v -0.05158817 0.02627551 0.53869057
v -0.05505805 0.01789964 0.53869051
v -0.05505805 0.01789964 0.53869051
v -0.05348612 0.02215243 0.53869057
v -0.04402217 0.03759621 0.53869057
v -0.04094299 0.04093100 0.53869057
v -0.04094299 0.04093100 0.53869057
v -0.04684229 0.03402214 0.53869057
v -0.04681751 0.03403107 0.53884560
v -0.04094299 0.04093100 0.53869057
v -0.04681751 0.03403107 0.53884560
v -0.04092312 0.04093139 0.53884267
v -0.01351490 0.05629110 0.53869057
v -0.01789719 0.05505724 0.53869057
v -0.00907583 0.05717709 0.53869051
v -0.00907583 0.05717709 0.53869051
v -0.01789719 0.05505724 0.53869057
v -0.01787935 0.05504856 0.53884267
v -0.00907583 0.05717709 0.53869051
v -0.01787935 0.05504856 0.53884267
v -0.00905373 0.05716571 0.53884572
v -0.00000318 0.05789238 0.53869033
v -0.00907583 0.05717709 0.53869051
v -0.00905373 0.05716571 0.53884572
v -0.00000318 0.05789238 0.53869033
v -0.00905373 0.05716571 0.53884572
v 0.00000734 0.05787919 0.53884267
v 0.00000734 0.05787919 0.53884267
v 0.00906910 0.05716324 0.53884560
v 0.00905355 0.05718009 0.53869033
v 0.00000734 0.05787919 0.53884267
v 0.00905355 0.05718009 0.53869033
v -0.00000318 0.05789238 0.53869033
v 0.01790013 0.05504072 0.53884560
v 0.02628415 0.05156714 0.53884267
v 0.02627764 0.05158590 0.53869057
v 0.01790013 0.05504072 0.53884560
v 0.02627764 0.05158590 0.53869057
v 0.01790180 0.05505579 0.53869051
v 0.01790180 0.05505579 0.53869051
v 0.02215458 0.05348387 0.53869057
v 0.03759836 0.04401991 0.53869057
v 0.04093312 0.04094075 0.53869057
v 0.03402430 0.04684002 0.53869057
v 0.03402705 0.04681888 0.53884761
v 0.04093312 0.04094075 0.53869057
v 0.03402705 0.04681888 0.53884761
v 0.04093808 0.04091488 0.53884560
v 0.05629326 0.01351266 0.53869057
v 0.05505939 0.01789498 0.53869057
v 0.05717924 0.00907358 0.53869051
v 0.05717924 0.00907358 0.53869051
v 0.05505939 0.01789498 0.53869057
v 0.05504919 0.01787623 0.53884761
v 0.05717924 0.00907358 0.53869051
v 0.05504919 0.01787623 0.53884761
v 0.05716987 0.00904512 0.53884267
v 0.05789454 0.00000091 0.53869033
v 0.05717924 0.00907358 0.53869051
v 0.05716987 0.00904512 0.53884267
v 0.05789454 0.00000091 0.53869033
v 0.05716987 0.00904512 0.53884267
v 0.05788134 -0.00000964 0.53884267
v 0.05788134 -0.00000964 0.53884267
v 0.05716756 -0.00906417 0.53884267
v 0.05718224 -0.00905582 0.53869033
v 0.05788134 -0.00000964 0.53884267
v 0.05718224 -0.00905582 0.53869033
v 0.05789454 0.00000091 0.53869033
v 0.05504721 -0.01788901 0.53884572
v 0.05156759 -0.02628595 0.53884762
v 0.05158806 -0.02627988 0.53869057
v 0.05504721 -0.01788901 0.53884572
v 0.05158806 -0.02627988 0.53869057
v 0.05505794 -0.01790407 0.53869051
v 0.05505794 -0.01790407 0.53869051
v 0.05348601 -0.02215684 0.53869057
v 0.04402206 -0.03760062 0.53869057
v 0.04094288 -0.04093541 0.53869057
v 0.04684218 -0.03402654 0.53869057
v 0.04681741 -0.03403547 0.53884560
v 0.04094288 -0.04093541 0.53869057
v 0.04681741 -0.03403547 0.53884560
v 0.04091702 -0.04094033 0.53884560
v 0.01351479 -0.05629550 0.53869058
v 0.00907571 -0.05718150 0.53869051
v 0.00907571 -0.05718150 0.53869051
v 0.01789711 -0.05506166 0.53869057
v 0.01788520 -0.05504998 0.53884572
v 0.00907571 -0.05718150 0.53869051
v 0.01788520 -0.05504998 0.53884572
v 0.00905365 -0.05717012 0.53884572
v 0.00000305 -0.05789680 0.53869033
v 0.00907571 -0.05718150 0.53869051
v 0.00905365 -0.05717012 0.53884572
v 0.00000305 -0.05789680 0.53869033
v 0.00905365 -0.05717012 0.53884572
v -0.00000749 -0.05788360 0.53884267
v -0.00000749 -0.05788360 0.53884267
v -0.00906924 -0.05716766 0.53884560
v -0.00905366 -0.05718450 0.53869033
v -0.00000749 -0.05788360 0.53884267
v -0.00905366 -0.05718450 0.53869033
v 0.00000305 -0.05789680 0.53869033
v -0.01790023 -0.05504512 0.53884560
v -0.02628427 -0.05157153 0.53884267
v -0.02627775 -0.05159033 0.53869057
v -0.01790023 -0.05504512 0.53884560
v -0.02627775 -0.05159033 0.53869057
v -0.01790192 -0.05506020 0.53869051
v -0.01790192 -0.05506020 0.53869051
v -0.02215470 -0.05348827 0.53869057
v -0.03759847 -0.04402432 0.53869057
v -0.04093324 -0.04094518 0.53869057
v -0.03402439 -0.04684445 0.53869057
v -0.03402715 -0.04682329 0.53884762
v -0.04093324 -0.04094518 0.53869057
v -0.03402715 -0.04682329 0.53884762
v -0.04093818 -0.04091930 0.53884560
v -0.05629337 -0.01351706 0.53869057
v -0.05717935 -0.00907799 0.53869051
v -0.05717935 -0.00907799 0.53869051
v -0.05505950 -0.01789938 0.53869057
v -0.05505217 -0.01787407 0.53884560
v -0.05717935 -0.00907799 0.53869051
v -0.05505217 -0.01787407 0.53884560
v -0.05716999 -0.00904952 0.53884267
v -0.05789465 -0.00000531 0.53869033
v -0.05717935 -0.00907799 0.53869051
v -0.05716999 -0.00904952 0.53884267
v -0.05789465 -0.00000531 0.53869033
v -0.05716999 -0.00904952 0.53884267
v -0.05788145 0.00000522 0.53884267
v -0.02981399 -0.06871477 0.07989572
v -0.02019605 -0.07202870 0.08015959
v -0.02980819 -0.06861401 0.08015607
v 0.06120948 -0.04317256 0.07989572
v 0.06641092 -0.03443002 0.08015959
v 0.06111201 -0.04314635 0.08015607
v 0.05475150 0.05110894 0.07989565
v 0.04723680 0.05802511 0.08014433
v 0.05467959 0.05104506 0.08015961
v -0.03889265 -0.06401513 0.07989572
v -0.02981399 -0.06871477 0.07989572
v -0.02980819 -0.06861401 0.08015607
v -0.03889265 -0.06401513 0.07989572
v -0.02980819 -0.06861401 0.08015607
v -0.03886617 -0.06391718 0.08015971
v 0.02023662 -0.07211854 0.07989572
v 0.02986795 -0.06869129 0.07989572
v 0.02979827 -0.06861827 0.08015607
v 0.02023662 -0.07211854 0.07989572
v 0.02979827 -0.06861827 0.08015607
v 0.02018313 -0.07203236 0.08015969
v 0.05476102 -0.05110515 0.07989572
v 0.06120948 -0.04317256 0.07989572
v 0.06111201 -0.04314635 0.08015607
v 0.05476102 -0.05110515 0.07989572
v 0.06111201 -0.04314635 0.08015607
v 0.05467049 -0.05105932 0.08015971
v 0.06117548 0.04321627 0.07989571
v 0.05475150 0.05110894 0.07989565
v 0.05467959 0.05104506 0.08015961
v 0.06117548 0.04321627 0.07989571
v 0.05467959 0.05104506 0.08015961
v 0.06111817 0.04313320 0.08015605
v 0.02981389 0.06871032 0.07989571
v 0.02017984 0.07213000 0.07989571
v 0.02019595 0.07202424 0.08015961
v 0.02981389 0.06871032 0.07989571
v 0.02019595 0.07202424 0.08015961
v 0.02980809 0.06860958 0.08015604
v -0.04721565 -0.05814682 0.07989569
v -0.03889265 -0.06401513 0.07989572
v -0.03886617 -0.06391718 0.08015971
v -0.04721565 -0.05814682 0.07989569
v -0.03886617 -0.06391718 0.08015971
v -0.04721947 -0.05801961 0.08015961
v 0.01022827 -0.07420240 0.07989572
v 0.02023662 -0.07211854 0.07989572
v 0.02018313 -0.07203236 0.08015969
v 0.01022827 -0.07420240 0.07989572
v 0.02018313 -0.07203236 0.08015969
v 0.01018701 -0.07410972 0.08015971
v 0.04732209 -0.05806013 0.07989569
v 0.05476102 -0.05110515 0.07989572
v 0.05467049 -0.05105932 0.08015971
v 0.04732209 -0.05806013 0.07989569
v 0.05467049 -0.05105932 0.08015971
v 0.04720905 -0.05802807 0.08015971
v 0.06649062 0.03448367 0.07989571
v 0.06117548 0.04321627 0.07989571
v 0.06111817 0.04313320 0.08015605
v 0.06649062 0.03448367 0.07989571
v 0.06111817 0.04313320 0.08015605
v 0.06641712 0.03441373 0.08015969
v 0.05475150 0.05110894 0.07989565
v 0.04721788 0.05812931 0.07989617
v 0.04723680 0.05802511 0.08014433
v 0.03889257 0.06401065 0.07989571
v 0.02981389 0.06871032 0.07989571
v 0.02980809 0.06860958 0.08015604
v 0.03889257 0.06401065 0.07989571
v 0.02980809 0.06860958 0.08015604
v 0.03886607 0.06391276 0.08015968
v -0.01019163 0.07412361 0.08014442
v 0.00000530 0.07480485 0.08015608
v -0.00006873 0.07489840 0.07989570
v -0.01019163 0.07412361 0.08014442
v -0.00006873 0.07489840 0.07989570
v -0.01021916 0.07419047 0.07989623
v -0.02979839 0.06861383 0.08015604
v -0.02018319 0.07202789 0.08015971
v -0.02023665 0.07211411 0.07989571
v -0.02979839 0.06861383 0.08015604
v -0.02023665 0.07211411 0.07989571
v -0.02986805 0.06868684 0.07989571
v -0.05466811 0.05106150 0.08015608
v -0.04720915 0.05802364 0.08015970
v -0.04732219 0.05805568 0.07989569
v -0.05466811 0.05106150 0.08015608
v -0.04732219 0.05805568 0.07989569
v -0.05476110 0.05110074 0.07989571
v -0.06641105 0.03442556 0.08015958
v -0.06110454 0.04314788 0.08015959
v -0.06120960 0.04316810 0.07989571
v -0.06641105 0.03442556 0.08015958
v -0.06120960 0.04316810 0.07989571
v -0.06649529 0.03447194 0.07989565
v -0.07048039 0.02506194 0.08015961
v -0.06641105 0.03442556 0.08015958
v -0.06649529 0.03447194 0.07989565
v -0.07048039 0.02506194 0.08015961
v -0.06649529 0.03447194 0.07989565
v -0.07059897 0.02501576 0.07989569
v -0.07464904 0.00510070 0.08014439
v -0.07324011 0.01521601 0.08015969
v -0.07334125 0.01520814 0.07989571
v -0.07464904 0.00510070 0.08014439
v -0.07334125 0.01520814 0.07989571
v -0.07472007 0.00508742 0.07989623
v -0.07324278 -0.01520735 0.08015959
v -0.07465226 -0.00510096 0.08013923
v -0.07333738 -0.01522458 0.07989565
v -0.07333738 -0.01522458 0.07989565
v -0.07465226 -0.00510096 0.08013923
v -0.07471716 -0.00513441 0.07989623
v -0.07048492 -0.02505379 0.08015971
v -0.07324278 -0.01520735 0.08015959
v -0.07333738 -0.01522458 0.07989565
v -0.07048492 -0.02505379 0.08015971
v -0.07333738 -0.01522458 0.07989565
v -0.07055298 -0.02514960 0.07989569
v -0.06111827 -0.04313765 0.08015607
v -0.06641722 -0.03441820 0.08015970
v -0.06649073 -0.03448812 0.07989571
v -0.06111827 -0.04313765 0.08015607
v -0.06649073 -0.03448812 0.07989571
v -0.06117559 -0.04322073 0.07989572
v 0.07464621 -0.00511782 0.08014735
v 0.07324130 -0.01522741 0.08015607
v 0.07334113 -0.01521256 0.07989571
v 0.07464621 -0.00511782 0.08014735
v 0.07334113 -0.01521256 0.07989571
v 0.07471995 -0.00509188 0.07989623
v 0.07324267 0.01520291 0.08015959
v 0.07465215 0.00509652 0.08013923
v 0.07333726 0.01522015 0.07989565
v 0.07333726 0.01522015 0.07989565
v 0.07465215 0.00509652 0.08013923
v 0.07471704 0.00512997 0.07989623
v 0.07048481 0.02504935 0.08015971
v 0.07324267 0.01520291 0.08015959
v 0.07333726 0.01522015 0.07989565
v 0.07048481 0.02504935 0.08015971
v 0.07333726 0.01522015 0.07989565
v 0.07055286 0.02514515 0.07989569
v -0.00006873 0.07489840 0.07989570
v -0.00511017 0.07470464 0.07989664
v -0.01021916 0.07419047 0.07989623
v -0.01523516 0.07331300 0.07989664
v -0.02023665 0.07211411 0.07989571
v -0.01021916 0.07419047 0.07989623
v -0.02023665 0.07211411 0.07989571
v -0.01019163 0.07412361 0.08014442
v -0.01019163 0.07412361 0.08014442
v -0.02023665 0.07211411 0.07989571
v -0.02018319 0.07202789 0.08015971
v -0.02023665 0.07211411 0.07989571
v -0.02507635 0.07055563 0.07989664
v -0.02986805 0.06868684 0.07989571
v -0.03885474 0.06391965 0.08015958
v -0.02979839 0.06861383 0.08015604
v -0.02986805 0.06868684 0.07989571
v -0.03885474 0.06391965 0.08015958
v -0.02986805 0.06868684 0.07989571
v -0.03890266 0.06400302 0.07989565
v -0.03890266 0.06400302 0.07989565
v -0.03445040 0.06648389 0.07989664
v -0.03890266 0.06400302 0.07989565
v -0.04732219 0.05805568 0.07989569
v -0.04720915 0.05802364 0.08015970
v -0.03890266 0.06400302 0.07989565
v -0.04720915 0.05802364 0.08015970
v -0.03885474 0.06391965 0.08015958
v -0.04732219 0.05805568 0.07989569
v -0.05111063 0.05472380 0.07989664
v -0.05476110 0.05110074 0.07989571
v -0.05808644 0.04725453 0.07989664
v -0.06120960 0.04316810 0.07989571
v -0.05476110 0.05110074 0.07989571
v -0.06120960 0.04316810 0.07989571
v -0.06110454 0.04314788 0.08015959
v -0.05476110 0.05110074 0.07989571
v -0.06110454 0.04314788 0.08015959
v -0.05466811 0.05106150 0.08015608
v -0.06120960 0.04316810 0.07989571
v -0.06398022 0.03890494 0.07989664
v -0.06649529 0.03447194 0.07989565
v -0.07210470 0.02020053 0.07989664
v -0.07334125 0.01520814 0.07989571
v -0.07059897 0.02501576 0.07989569
v -0.07059897 0.02501576 0.07989569
v -0.07334125 0.01520814 0.07989571
v -0.07324011 0.01521601 0.08015969
v -0.07059897 0.02501576 0.07989569
v -0.07324011 0.01521601 0.08015969
v -0.07048039 0.02506194 0.08015961
v -0.07334125 0.01520814 0.07989571
v -0.07418405 0.01019411 0.07989664
v -0.07472007 0.00508742 0.07989623
v -0.07488149 -0.00000225 0.07989664
v -0.07471716 -0.00513441 0.07989623
v -0.07472007 0.00508742 0.07989623
v -0.07471716 -0.00513441 0.07989623
v -0.07465226 -0.00510096 0.08013923
v -0.07472007 0.00508742 0.07989623
v -0.07465226 -0.00510096 0.08013923
v -0.07464904 0.00510070 0.08014439
v -0.07418405 -0.01019860 0.07989664
v -0.07333738 -0.01522458 0.07989565
v -0.06868215 -0.02983508 0.07989665
v -0.06649073 -0.03448812 0.07989571
v -0.07055298 -0.02514960 0.07989569
v -0.07055298 -0.02514960 0.07989569
v -0.06649073 -0.03448812 0.07989571
v -0.06641722 -0.03441820 0.08015970
v -0.07055298 -0.02514960 0.07989569
v -0.06641722 -0.03441820 0.08015970
v -0.07048492 -0.02505379 0.08015971
v -0.05467969 -0.05104951 0.08015961
v -0.06111827 -0.04313765 0.08015607
v -0.06117559 -0.04322073 0.07989572
v -0.05467969 -0.05104951 0.08015961
v -0.06117559 -0.04322073 0.07989572
v -0.05475161 -0.05111339 0.07989565
v -0.05475161 -0.05111339 0.07989565
v -0.06117559 -0.04322073 0.07989572
v -0.05808641 -0.04725901 0.07989665
v -0.06398020 -0.03890944 0.07989665
v -0.06117559 -0.04322073 0.07989572
v -0.04721947 -0.05801961 0.08015961
v -0.05467969 -0.05104951 0.08015961
v -0.05475161 -0.05111339 0.07989565
v -0.04721947 -0.05801961 0.08015961
v -0.05475161 -0.05111339 0.07989565
v -0.04721565 -0.05814682 0.07989569
v -0.04721565 -0.05814682 0.07989569
v -0.04318269 -0.06117812 0.07989665
v -0.03889265 -0.06401513 0.07989572
v -0.02981399 -0.06871477 0.07989572
v -0.02017994 -0.07213446 0.07989572
v -0.02019605 -0.07202870 0.08015959
v -0.02019605 -0.07202870 0.08015959
v -0.02017994 -0.07213446 0.07989572
v -0.01020037 -0.07410784 0.08015961
v -0.03445036 -0.06648836 0.07989665
v -0.02981399 -0.06871477 0.07989572
v -0.02017994 -0.07213446 0.07989572
v -0.01021584 -0.07420278 0.07989566
v -0.01020037 -0.07410784 0.08015961
v -0.01020037 -0.07410784 0.08015961
v -0.01021584 -0.07420278 0.07989566
v -0.00000539 -0.07480933 0.08015607
v -0.02507630 -0.07056008 0.07989665
v -0.02017994 -0.07213446 0.07989572
v -0.01021584 -0.07420278 0.07989566
v 0.00006863 -0.07490282 0.07989569
v -0.00000539 -0.07480933 0.08015607
v -0.01523511 -0.07331745 0.07989665
v -0.01021584 -0.07420278 0.07989566
v 0.01018701 -0.07410972 0.08015971
v -0.00000539 -0.07480933 0.08015607
v 0.00006863 -0.07490282 0.07989569
v 0.01018701 -0.07410972 0.08015971
v 0.00006863 -0.07490282 0.07989569
v 0.01022827 -0.07420240 0.07989572
v 0.01022827 -0.07420240 0.07989572
v 0.00006863 -0.07490282 0.07989569
v 0.00511006 -0.07470909 0.07989665
v 0.01523505 -0.07331744 0.07989665
v 0.02023662 -0.07211854 0.07989572
v 0.03885461 -0.06392407 0.08015961
v 0.02979827 -0.06861827 0.08015607
v 0.02986795 -0.06869129 0.07989572
v 0.03885461 -0.06392407 0.08015961
v 0.02986795 -0.06869129 0.07989572
v 0.03890253 -0.06400748 0.07989566
v 0.03890253 -0.06400748 0.07989566
v 0.02986795 -0.06869129 0.07989572
v 0.03445030 -0.06648833 0.07989665
v 0.02507623 -0.07056006 0.07989665
v 0.04720905 -0.05802807 0.08015971
v 0.03885461 -0.06392407 0.08015961
v 0.03890253 -0.06400748 0.07989566
v 0.04720905 -0.05802807 0.08015971
v 0.03890253 -0.06400748 0.07989566
v 0.04732209 -0.05806013 0.07989569
v 0.04732209 -0.05806013 0.07989569
v 0.05111051 -0.05472826 0.07989665
v 0.05476102 -0.05110515 0.07989572
v 0.06120948 -0.04317256 0.07989572
v 0.06649518 -0.03447640 0.07989565
v 0.06641092 -0.03443002 0.08015959
v 0.06641092 -0.03443002 0.08015959
v 0.06649518 -0.03447640 0.07989565
v 0.07048026 -0.02506638 0.08015961
v 0.05808633 -0.04725897 0.07989665
v 0.06120948 -0.04317256 0.07989572
v 0.06649518 -0.03447640 0.07989565
v 0.07059885 -0.02502020 0.07989569
v 0.07048026 -0.02506638 0.08015961
v 0.07210458 -0.02020496 0.07989665
v 0.07334113 -0.01521256 0.07989571
v 0.07059885 -0.02502020 0.07989569
v 0.07059885 -0.02502020 0.07989569
v 0.07334113 -0.01521256 0.07989571
v 0.07324130 -0.01522741 0.08015607
v 0.07059885 -0.02502020 0.07989569
v 0.07324130 -0.01522741 0.08015607
v 0.07048026 -0.02506638 0.08015961
v 0.06120948 -0.04317256 0.07989572
v 0.06398010 -0.03890940 0.07989665
v 0.06649518 -0.03447640 0.07989565
v 0.07334113 -0.01521256 0.07989571
v 0.07418393 -0.01019855 0.07989664
v 0.07471995 -0.00509188 0.07989623
v 0.07488137 -0.00000220 0.07989664
v 0.07471704 0.00512997 0.07989623
v 0.07471995 -0.00509188 0.07989623
v 0.07471704 0.00512997 0.07989623
v 0.07465215 0.00509652 0.08013923
v 0.07471995 -0.00509188 0.07989623
v 0.07465215 0.00509652 0.08013923
v 0.07464621 -0.00511782 0.08014735
v 0.07418392 0.01019415 0.07989664
v 0.07333726 0.01522015 0.07989565
v 0.06641712 0.03441373 0.08015969
v 0.07048481 0.02504935 0.08015971
v 0.07055286 0.02514515 0.07989569
v 0.06641712 0.03441373 0.08015969
v 0.07055286 0.02514515 0.07989569
v 0.06649062 0.03448367 0.07989571
v 0.06649062 0.03448367 0.07989571
v 0.07055286 0.02514515 0.07989569
v 0.06868203 0.02983063 0.07989664
v 0.06398008 0.03890498 0.07989664
v 0.06117548 0.04321627 0.07989571
v 0.06117548 0.04321627 0.07989571
v 0.05808630 0.04725457 0.07989664
v 0.05475150 0.05110894 0.07989565
v 0.03886607 0.06391276 0.08015968
v 0.04723680 0.05802511 0.08014433
v 0.03889257 0.06401065 0.07989571
v 0.03889257 0.06401065 0.07989571
v 0.04723680 0.05802511 0.08014433
v 0.04721788 0.05812931 0.07989617
v 0.03889257 0.06401065 0.07989571
v 0.04721788 0.05812931 0.07989617
v 0.04318257 0.06117366 0.07989664
v 0.03889257 0.06401065 0.07989571
v 0.03445025 0.06648391 0.07989664
v 0.02981389 0.06871032 0.07989571
v 0.02507618 0.07055564 0.07989664
v 0.02017984 0.07213000 0.07989571
v 0.01020020 0.07410341 0.08015958
v 0.02019595 0.07202424 0.08015961
v 0.02017984 0.07213000 0.07989571
v 0.01020020 0.07410341 0.08015958
v 0.02017984 0.07213000 0.07989571
v 0.01021559 0.07419835 0.07989565
v 0.01021559 0.07419835 0.07989565
v 0.01523500 0.07331301 0.07989664
v 0.00000530 0.07480485 0.08015608
v 0.01020020 0.07410341 0.08015958
v 0.01021559 0.07419835 0.07989565
v 0.00000530 0.07480485 0.08015608
v 0.01021559 0.07419835 0.07989565
v -0.00006873 0.07489840 0.07989570
v -0.01012259 -0.07387290 0.08031933
v -0.01020037 -0.07410784 0.08015961
v 0.00001878 -0.07456035 0.08032417
v 0.00001878 -0.07456035 0.08032417
v -0.01020037 -0.07410784 0.08015961
v -0.00000539 -0.07480933 0.08015607
v 0.00001878 -0.07456035 0.08032417
v -0.00000539 -0.07480933 0.08015607
v 0.01016087 -0.07388697 0.08030322
v 0.01016087 -0.07388697 0.08030322
v -0.00000539 -0.07480933 0.08015607
v 0.01018701 -0.07410972 0.08015971
v 0.01016087 -0.07388697 0.08030322
v 0.01018701 -0.07410972 0.08015971
v 0.02010759 -0.07176251 0.08035394
v 0.02010759 -0.07176251 0.08035394
v 0.01018701 -0.07410972 0.08015971
v 0.02018313 -0.07203236 0.08015969
v 0.02010759 -0.07176251 0.08035394
v 0.02018313 -0.07203236 0.08015969
v 0.02972124 -0.06838028 0.08032417
v 0.02972124 -0.06838028 0.08032417
v 0.02018313 -0.07203236 0.08015969
v 0.02979827 -0.06861827 0.08015607
v 0.02972124 -0.06838028 0.08032417
v 0.02979827 -0.06861827 0.08015607
v 0.03876665 -0.06369274 0.08031934
v 0.03876665 -0.06369274 0.08031934
v 0.02979827 -0.06861827 0.08015607
v 0.03885461 -0.06392407 0.08015961
v 0.03876665 -0.06369274 0.08031934
v 0.03885461 -0.06392407 0.08015961
v 0.04705840 -0.05783711 0.08031867
v 0.04705840 -0.05783711 0.08031867
v 0.03885461 -0.06392407 0.08015961
v 0.04720905 -0.05802807 0.08015971
v 0.04705840 -0.05783711 0.08031867
v 0.04720905 -0.05802807 0.08015971
v 0.05446575 -0.05086802 0.08035396
v 0.05446575 -0.05086802 0.08035396
v 0.04720905 -0.05802807 0.08015971
v 0.05467049 -0.05105932 0.08015971
v 0.05446575 -0.05086802 0.08035396
v 0.05467049 -0.05105932 0.08015971
v 0.06088471 -0.04297779 0.08035395
v 0.06111201 -0.04314635 0.08015607
v 0.06088471 -0.04297779 0.08035395
v 0.06111201 -0.04314635 0.08015607
v 0.06641092 -0.03443002 0.08015959
v 0.06088471 -0.04297779 0.08035395
v 0.06641092 -0.03443002 0.08015959
v 0.06617804 -0.03426480 0.08036295
v 0.06617804 -0.03426480 0.08036295
v 0.06641092 -0.03443002 0.08015959
v 0.07023687 -0.02491466 0.08035455
v 0.07023687 -0.02491466 0.08035455
v 0.06641092 -0.03443002 0.08015959
v 0.07048026 -0.02506638 0.08015961
v 0.07023687 -0.02491466 0.08035455
v 0.07048026 -0.02506638 0.08015961
v 0.07300260 -0.01516741 0.08031867
v 0.07300260 -0.01516741 0.08031867
v 0.07048026 -0.02506638 0.08015961
v 0.07324130 -0.01522741 0.08015607
v 0.07300260 -0.01516741 0.08031867
v 0.07324130 -0.01522741 0.08015607
v 0.07464621 -0.00511782 0.08014735
v 0.07300260 -0.01516741 0.08031867
v 0.07464621 -0.00511782 0.08014735
v 0.07440661 -0.00508609 0.08030322
v 0.07440661 -0.00508609 0.08030322
v 0.07464621 -0.00511782 0.08014735
v 0.07438295 0.00510461 0.08032417
v 0.07438295 0.00510461 0.08032417
v 0.07464621 -0.00511782 0.08014735
v 0.07465215 0.00509652 0.08013923
v 0.07438295 0.00510461 0.08032417
v 0.07465215 0.00509652 0.08013923
v 0.07299521 0.01519748 0.08031934
v 0.07299521 0.01519748 0.08031934
v 0.07465215 0.00509652 0.08013923
v 0.07324267 0.01520291 0.08015959
v 0.07299521 0.01519748 0.08031934
v 0.07324267 0.01520291 0.08015959
v 0.07023727 0.02496376 0.08033553
v 0.07023727 0.02496376 0.08033553
v 0.07324267 0.01520291 0.08015959
v 0.07048481 0.02504935 0.08015971
v 0.07023727 0.02496376 0.08033553
v 0.07048481 0.02504935 0.08015971
v 0.06615504 0.03430475 0.08036295
v 0.06615504 0.03430475 0.08036295
v 0.07048481 0.02504935 0.08015971
v 0.06641712 0.03441373 0.08015969
v 0.06615504 0.03430475 0.08036295
v 0.06641712 0.03441373 0.08015969
v 0.06090651 0.04300955 0.08031596
v 0.06090651 0.04300955 0.08031596
v 0.06641712 0.03441373 0.08015969
v 0.06111817 0.04313320 0.08015605
v 0.06090651 0.04300955 0.08031596
v 0.06111817 0.04313320 0.08015605
v 0.05467959 0.05104506 0.08015961
v 0.05447683 0.05090142 0.08032417
v 0.05447683 0.05090142 0.08032417
v 0.05467959 0.05104506 0.08015961
v 0.04699484 0.05783663 0.08035455
v 0.04699484 0.05783663 0.08035455
v 0.05467959 0.05104506 0.08015961
v 0.04723680 0.05802511 0.08014433
v 0.04699484 0.05783663 0.08035455
v 0.04723680 0.05802511 0.08014433
v 0.03873659 0.06370682 0.08031867
v 0.03873659 0.06370682 0.08031867
v 0.04723680 0.05802511 0.08014433
v 0.03886607 0.06391276 0.08015968
v 0.03873659 0.06370682 0.08031867
v 0.03886607 0.06391276 0.08015968
v 0.02968668 0.06839086 0.08032414
v 0.02968668 0.06839086 0.08032414
v 0.03886607 0.06391276 0.08015968
v 0.02980809 0.06860958 0.08015604
v 0.02968668 0.06839086 0.08032414
v 0.02980809 0.06860958 0.08015604
v 0.02007404 0.07178635 0.08033616
v 0.02007404 0.07178635 0.08033616
v 0.02980809 0.06860958 0.08015604
v 0.02019595 0.07202424 0.08015961
v 0.02007404 0.07178635 0.08033616
v 0.02019595 0.07202424 0.08015961
v 0.01012246 0.07386845 0.08031933
v 0.01012246 0.07386845 0.08031933
v 0.02019595 0.07202424 0.08015961
v 0.01020020 0.07410341 0.08015958
v 0.01012246 0.07386845 0.08031933
v 0.01020020 0.07410341 0.08015958
v -0.00002508 0.07451934 0.08036294
v -0.00002508 0.07451934 0.08036294
v 0.01020020 0.07410341 0.08015958
v 0.00000530 0.07480485 0.08015608
v -0.00002508 0.07451934 0.08036294
v 0.00000530 0.07480485 0.08015608
v -0.01015764 0.07386385 0.08031866
v -0.01015764 0.07386385 0.08031866
v 0.00000530 0.07480485 0.08015608
v -0.01019163 0.07412361 0.08014442
v -0.01015764 0.07386385 0.08031866
v -0.01019163 0.07412361 0.08014442
v -0.02013372 0.07178599 0.08032419
v -0.02018319 0.07202789 0.08015971
v -0.02013372 0.07178599 0.08032419
v -0.02018319 0.07202789 0.08015971
v -0.02973362 0.06833352 0.08035454
v -0.02973362 0.06833352 0.08035454
v -0.02018319 0.07202789 0.08015971
v -0.02979839 0.06861383 0.08015604
v -0.02973362 0.06833352 0.08035454
v -0.02979839 0.06861383 0.08015604
v -0.03876677 0.06368830 0.08031933
v -0.03876677 0.06368830 0.08031933
v -0.02979839 0.06861383 0.08015604
v -0.03885474 0.06391965 0.08015958
v -0.03876677 0.06368830 0.08031933
v -0.03885474 0.06391965 0.08015958
v -0.04707111 0.05784685 0.08030321
v -0.04707111 0.05784685 0.08030321
v -0.03885474 0.06391965 0.08015958
v -0.04720915 0.05802364 0.08015970
v -0.04707111 0.05784685 0.08030321
v -0.04720915 0.05802364 0.08015970
v -0.05449538 0.05088618 0.08031867
v -0.05449538 0.05088618 0.08031867
v -0.04720915 0.05802364 0.08015970
v -0.05466811 0.05106150 0.08015608
v -0.05449538 0.05088618 0.08031867
v -0.05466811 0.05106150 0.08015608
v -0.06110454 0.04314788 0.08015959
v -0.06092265 0.04297859 0.08032417
v -0.06092265 0.04297859 0.08032417
v -0.06110454 0.04314788 0.08015959
v -0.06619054 0.03424212 0.08035455
v -0.06619054 0.03424212 0.08035455
v -0.06110454 0.04314788 0.08015959
v -0.06641105 0.03442556 0.08015958
v -0.06619054 0.03424212 0.08035455
v -0.06641105 0.03442556 0.08015958
v -0.07023699 0.02491022 0.08035455
v -0.07023699 0.02491022 0.08035455
v -0.06641105 0.03442556 0.08015958
v -0.07048039 0.02506194 0.08015961
v -0.07023699 0.02491022 0.08035455
v -0.07048039 0.02506194 0.08015961
v -0.07300272 0.01516295 0.08031867
v -0.07300272 0.01516295 0.08031867
v -0.07048039 0.02506194 0.08015961
v -0.07324011 0.01521601 0.08015969
v -0.07300272 0.01516295 0.08031867
v -0.07324011 0.01521601 0.08015969
v -0.07440673 0.00508165 0.08030322
v -0.07464904 0.00510070 0.08014439
v -0.07440673 0.00508165 0.08030322
v -0.07464904 0.00510070 0.08014439
v -0.07438307 -0.00510905 0.08032417
v -0.07438307 -0.00510905 0.08032417
v -0.07464904 0.00510070 0.08014439
v -0.07465226 -0.00510096 0.08013923
v -0.07438307 -0.00510905 0.08032417
v -0.07465226 -0.00510096 0.08013923
v -0.07295595 -0.01521054 0.08035455
v -0.07295595 -0.01521054 0.08035455
v -0.07465226 -0.00510096 0.08013923
v -0.07324278 -0.01520735 0.08015959
v -0.07295595 -0.01521054 0.08035455
v -0.07324278 -0.01520735 0.08015959
v -0.07023739 -0.02496820 0.08033554
v -0.07023739 -0.02496820 0.08033554
v -0.07324278 -0.01520735 0.08015959
v -0.07048492 -0.02505379 0.08015971
v -0.07023739 -0.02496820 0.08033554
v -0.07048492 -0.02505379 0.08015971
v -0.06619045 -0.03432051 0.08032417
v -0.06641722 -0.03441820 0.08015970
v -0.06619045 -0.03432051 0.08032417
v -0.06641722 -0.03441820 0.08015970
v -0.06092422 -0.04302161 0.08030145
v -0.06092422 -0.04302161 0.08030145
v -0.06641722 -0.03441820 0.08015970
v -0.06111827 -0.04313765 0.08015607
v -0.06092422 -0.04302161 0.08030145
v -0.06111827 -0.04313765 0.08015607
v -0.05467969 -0.05104951 0.08015961
v -0.06092422 -0.04302161 0.08030145
v -0.05467969 -0.05104951 0.08015961
v -0.05444603 -0.05088543 0.08036295
v -0.05444603 -0.05088543 0.08036295
v -0.05467969 -0.05104951 0.08015961
v -0.04699497 -0.05784107 0.08035455
v -0.04699497 -0.05784107 0.08035455
v -0.05467969 -0.05104951 0.08015961
v -0.04721947 -0.05801961 0.08015961
v -0.04699497 -0.05784107 0.08035455
v -0.04721947 -0.05801961 0.08015961
v -0.03873670 -0.06371128 0.08031867
v -0.03873670 -0.06371128 0.08031867
v -0.04721947 -0.05801961 0.08015961
v -0.03886617 -0.06391718 0.08015971
v -0.03873670 -0.06371128 0.08031867
v -0.03886617 -0.06391718 0.08015971
v -0.02968681 -0.06839529 0.08032417
v -0.02968681 -0.06839529 0.08032417
v -0.03886617 -0.06391718 0.08015971
v -0.02980819 -0.06861401 0.08015607
v -0.02968681 -0.06839529 0.08032417
v -0.02980819 -0.06861401 0.08015607
v -0.02008707 -0.07180650 0.08031932
v -0.02008707 -0.07180650 0.08031932
v -0.02980819 -0.06861401 0.08015607
v -0.02019605 -0.07202870 0.08015959
v -0.02008707 -0.07180650 0.08031932
v -0.02019605 -0.07202870 0.08015959
v -0.01012259 -0.07387290 0.08031933
v -0.01012259 -0.07387290 0.08031933
v -0.02019605 -0.07202870 0.08015959
v -0.01020037 -0.07410784 0.08015961
v -0.05449538 0.05088618 0.08031867
v -0.06092265 0.04297859 0.08032417
v -0.05444308 0.05084459 0.08054291
v -0.05449538 0.05088618 0.08031867
v -0.05444308 0.05084459 0.08054291
v -0.04701692 0.05778843 0.08046358
v -0.01015536 -0.07385608 0.08069171
v -0.00003411 -0.07465830 0.08079285
v -0.01019933 -0.07400681 0.08080509
v -0.01015536 -0.07385608 0.08069171
v -0.01019933 -0.07400681 0.08080509
v -0.02017481 -0.07188065 0.08079285
v 0.07023727 0.02496376 0.08033553
v 0.06615504 0.03430475 0.08036295
v 0.07020246 0.02494627 0.08059541
v 0.07023727 0.02496376 0.08033553
v 0.07020246 0.02494627 0.08059541
v 0.07293781 0.01515444 0.08051627
v 0.07431634 -0.00508559 0.08051624
v 0.07432089 0.00508105 0.08054292
v 0.07445478 -0.00513096 0.08078423
v 0.07431634 -0.00508559 0.08051624
v 0.07445478 -0.00513096 0.08078423
v 0.07293628 -0.01516006 0.08056996
v 0.07293628 -0.01516006 0.08056996
v 0.07445478 -0.00513096 0.08078423
v 0.07308759 -0.01522474 0.08079284
v 0.07293628 -0.01516006 0.08056996
v 0.07308759 -0.01522474 0.08079284
v 0.07022628 -0.02496643 0.08067088
v 0.06617288 -0.03429640 0.08067090
v 0.07022628 -0.02496643 0.08067088
v 0.06631605 -0.03439523 0.08080509
v 0.06617288 -0.03429640 0.08067090
v 0.06631605 -0.03439523 0.08080509
v 0.06101520 -0.04310493 0.08080509
v -0.02973362 0.06833352 0.08035454
v -0.03870701 0.06364861 0.08051629
v -0.02968854 0.06836111 0.08067092
v -0.02973362 0.06833352 0.08035454
v -0.02968854 0.06836111 0.08067092
v -0.02009708 0.07173046 0.08057000
v -0.01014334 0.07379857 0.08054291
v -0.02009708 0.07173046 0.08057000
v -0.01012695 0.07393880 0.08078424
v -0.01014334 0.07379857 0.08054291
v -0.01012695 0.07393880 0.08078424
v 0.00000536 0.07452929 0.08067088
v 0.04705840 -0.05783711 0.08031867
v 0.05446575 -0.05086802 0.08035396
v 0.04701153 -0.05778958 0.08056996
v 0.04705840 -0.05783711 0.08031867
v 0.04701153 -0.05778958 0.08056996
v 0.03870690 -0.06365307 0.08051628
v -0.00000153 -0.07449698 0.08056998
v 0.01014325 -0.07384031 0.08067091
v -0.00003411 -0.07465830 0.08079285
v -0.00000153 -0.07449698 0.08056998
v -0.00003411 -0.07465830 0.08079285
v -0.01015536 -0.07385608 0.08069171
v 0.06088682 -0.04298752 0.08067090
v 0.06617288 -0.03429640 0.08067090
v 0.06101520 -0.04310493 0.08080509
v 0.06088682 -0.04298752 0.08067090
v 0.06101520 -0.04310493 0.08080509
v 0.05457777 -0.05101171 0.08080509
v -0.04707111 0.05784685 0.08030321
v -0.05449538 0.05088618 0.08031867
v -0.04701692 0.05778843 0.08046358
v -0.04707111 0.05784685 0.08030321
v -0.04701692 0.05778843 0.08046358
v -0.03876677 0.06368830 0.08031933
v -0.03876677 0.06368830 0.08031933
v -0.04701692 0.05778843 0.08046358
v -0.03870701 0.06364861 0.08051629
v -0.03876677 0.06368830 0.08031933
v -0.03870701 0.06364861 0.08051629
v -0.02973362 0.06833352 0.08035454
v 0.02970422 0.06837306 0.08069172
v 0.02017469 0.07187623 0.08079285
v 0.02978721 0.06850633 0.08080508
v 0.02970422 0.06837306 0.08069172
v 0.02978721 0.06850633 0.08080508
v 0.03880778 0.06374556 0.08078423
v 0.03876665 -0.06369274 0.08031934
v 0.04705840 -0.05783711 0.08031867
v 0.03870690 -0.06365307 0.08051628
v 0.03876665 -0.06369274 0.08031934
v 0.03870690 -0.06365307 0.08051628
v 0.02967739 -0.06833023 0.08056996
v 0.02010759 -0.07176251 0.08035394
v 0.02967739 -0.06833023 0.08056996
v 0.02010307 -0.07177140 0.08067091
v 0.02010759 -0.07176251 0.08035394
v 0.02010307 -0.07177140 0.08067091
v 0.01014325 -0.07384031 0.08067091
v 0.07299521 0.01519748 0.08031934
v 0.07023727 0.02496376 0.08033553
v 0.07293781 0.01515444 0.08051627
v 0.07299521 0.01519748 0.08031934
v 0.07293781 0.01515444 0.08051627
v 0.07432089 0.00508105 0.08054292
v 0.05446655 -0.05087791 0.08067087
v 0.06088682 -0.04298752 0.08067090
v 0.05457777 -0.05101171 0.08080509
v 0.05446655 -0.05087791 0.08067087
v 0.05457777 -0.05101171 0.08080509
v 0.04708810 -0.05793525 0.08079284
v 0.07314711 0.01517002 0.08080509
v 0.07445968 0.00505506 0.08078423
v 0.07299033 0.01516099 0.08069169
v 0.07314711 0.01517002 0.08080509
v 0.07299033 0.01516099 0.08069169
v 0.07035682 0.02496651 0.08079284
v 0.04704009 0.05780932 0.08067090
v 0.05444352 0.05084398 0.08054291
v 0.04699484 0.05783663 0.08035455
v 0.04704009 0.05780932 0.08067090
v 0.04699484 0.05783663 0.08035455
v 0.03870648 0.06364716 0.08054290
v 0.02967920 0.06832640 0.08051629
v 0.03870648 0.06364716 0.08054290
v 0.02968668 0.06839086 0.08032414
v 0.02967920 0.06832640 0.08051629
v 0.02968668 0.06839086 0.08032414
v 0.02007404 0.07178635 0.08033616
v 0.06634118 0.03434226 0.08080509
v 0.07035682 0.02496651 0.08079284
v 0.06617789 0.03428231 0.08067090
v 0.06634118 0.03434226 0.08080509
v 0.06617789 0.03428231 0.08067090
v 0.06101133 0.04302263 0.08079285
v 0.02010219 0.07173843 0.08059541
v 0.02967920 0.06832640 0.08051629
v 0.02007404 0.07178635 0.08033616
v 0.02010219 0.07173843 0.08059541
v 0.02007404 0.07178635 0.08033616
v 0.01014402 0.07379845 0.08054291
v 0.01014402 0.07379845 0.08054291
v 0.02007404 0.07178635 0.08033616
v 0.01012246 0.07386845 0.08031933
v 0.01014402 0.07379845 0.08054291
v 0.01012246 0.07386845 0.08031933
v -0.00002508 0.07451934 0.08036294
v 0.04716598 0.05792936 0.08080508
v 0.05456760 0.05091142 0.08078423
v 0.04704009 0.05780932 0.08067090
v 0.04716598 0.05792936 0.08080508
v 0.04704009 0.05780932 0.08067090
v 0.03880778 0.06374556 0.08078423
v 0.00000536 0.07452929 0.08067088
v 0.01014402 0.07379845 0.08054291
v -0.00002508 0.07451934 0.08036294
v 0.00000536 0.07452929 0.08067088
v -0.00002508 0.07451934 0.08036294
v -0.01014334 0.07379857 0.08054291
v -0.02009708 0.07173046 0.08057000
v -0.01014334 0.07379857 0.08054291
v -0.02013372 0.07178599 0.08032419
v -0.02009708 0.07173046 0.08057000
v -0.02013372 0.07178599 0.08032419
v -0.02973362 0.06833352 0.08035454
v -0.03879174 0.06384063 0.08080508
v -0.02973722 0.06852810 0.08080508
v -0.03873073 0.06369593 0.08069170
v -0.03879174 0.06384063 0.08080508
v -0.03873073 0.06369593 0.08069170
v -0.04703181 0.05781615 0.08067090
v -0.07022638 0.02496199 0.08067089
v -0.06617300 0.03429196 0.08067090
v -0.07023699 0.02491022 0.08035455
v -0.07022638 0.02496199 0.08067089
v -0.07023699 0.02491022 0.08035455
v -0.07293643 0.01515455 0.08054295
v -0.07038169 0.02504038 0.08080509
v -0.06631618 0.03439076 0.08080509
v -0.07022638 0.02496199 0.08067089
v -0.07038169 0.02504038 0.08080509
v -0.07022638 0.02496199 0.08067089
v -0.07306307 0.01521704 0.08078424
v -0.07445980 -0.00505951 0.08078423
v -0.07445491 0.00512655 0.08078423
v -0.07432100 -0.00508550 0.08054292
v -0.07445980 -0.00505951 0.08078423
v -0.07432100 -0.00508550 0.08054292
v -0.07297381 -0.01516080 0.08067090
v -0.06089320 -0.04297864 0.08067088
v -0.06614353 -0.03427335 0.08056998
v -0.06086454 -0.04296571 0.08046352
v -0.06089320 -0.04297864 0.08067088
v -0.06086454 -0.04296571 0.08046352
v -0.05444603 -0.05088543 0.08036295
v -0.07035695 -0.02497096 0.08079284
v -0.07297381 -0.01516080 0.08067090
v -0.07020258 -0.02495071 0.08059541
v -0.07035695 -0.02497096 0.08079284
v -0.07020258 -0.02495071 0.08059541
v -0.06614353 -0.03427335 0.08056998
v -0.05447408 -0.05086998 0.08067088
v -0.06089320 -0.04297864 0.08067088
v -0.05444603 -0.05088543 0.08036295
v -0.05447408 -0.05086998 0.08067088
v -0.05444603 -0.05088543 0.08036295
v -0.04699497 -0.05784107 0.08035455
v -0.03870697 -0.06365309 0.08051628
v -0.04699497 -0.05784107 0.08035455
v -0.03873670 -0.06371128 0.08031867
v -0.03870697 -0.06365309 0.08051628
v -0.03873670 -0.06371128 0.08031867
v -0.02968681 -0.06839529 0.08032417
v -0.07314722 -0.01517447 0.08080509
v -0.07445980 -0.00505951 0.08078423
v -0.07297381 -0.01516080 0.08067090
v -0.07314722 -0.01517447 0.08080509
v -0.07297381 -0.01516080 0.08067090
v -0.07035695 -0.02497096 0.08079284
v -0.06630174 -0.03431866 0.08079284
v -0.07035695 -0.02497096 0.08079284
v -0.06614353 -0.03427335 0.08056998
v -0.06630174 -0.03431866 0.08079284
v -0.06614353 -0.03427335 0.08056998
v -0.06089320 -0.04297864 0.08067088
v -0.04704022 -0.05781375 0.08067091
v -0.04704022 -0.05781375 0.08067091
v -0.04699497 -0.05784107 0.08035455
v -0.03870697 -0.06365309 0.08051628
v -0.02968019 -0.06832907 0.08056996
v -0.03870697 -0.06365309 0.08051628
v -0.02968681 -0.06839529 0.08032417
v -0.02968019 -0.06832907 0.08056996
v -0.02968681 -0.06839529 0.08032417
v -0.02008707 -0.07180650 0.08031932
v -0.03873807 -0.06369592 0.08069170
v -0.04704022 -0.05781375 0.08067091
v -0.03870697 -0.06365309 0.08051628
v -0.03873807 -0.06369592 0.08069170
v -0.03870697 -0.06365309 0.08051628
v -0.02968019 -0.06832907 0.08056996
v -0.01014388 -0.07380439 0.08051628
v -0.02009993 -0.07173410 0.08056995
v -0.01012259 -0.07387290 0.08031933
v -0.01014388 -0.07380439 0.08051628
v -0.01012259 -0.07387290 0.08031933
v 0.00001878 -0.07456035 0.08032417
v -0.04716608 -0.05793382 0.08080509
v -0.05461516 -0.05097178 0.08080509
v -0.04704022 -0.05781375 0.08067091
v -0.04716608 -0.05793382 0.08080509
v -0.04704022 -0.05781375 0.08067091
v -0.03873807 -0.06369592 0.08069170
v -0.02977432 -0.06846406 0.08079285
v -0.03873807 -0.06369592 0.08069170
v -0.02968019 -0.06832907 0.08056996
v -0.02977432 -0.06846406 0.08079285
v -0.02968019 -0.06832907 0.08056996
v -0.02009993 -0.07173410 0.08056995
v -0.01015536 -0.07385608 0.08069171
v -0.02009993 -0.07173410 0.08056995
v -0.01014388 -0.07380439 0.08051628
v -0.01015536 -0.07385608 0.08069171
v -0.01014388 -0.07380439 0.08051628
v -0.00000153 -0.07449698 0.08056998
v 0.01014512 -0.07401425 0.08080509
v -0.00003411 -0.07465830 0.08079285
v 0.01014325 -0.07384031 0.08067091
v 0.01014512 -0.07401425 0.08080509
v 0.01014325 -0.07384031 0.08067091
v 0.02010307 -0.07177140 0.08067091
v 0.02971179 -0.06849118 0.08079285
v 0.02010307 -0.07177140 0.08067091
v 0.02967739 -0.06833023 0.08056996
v 0.02971179 -0.06849118 0.08079285
v 0.02967739 -0.06833023 0.08056996
v 0.03873062 -0.06370040 0.08069171
v 0.05446655 -0.05087791 0.08067087
v 0.04701153 -0.05778958 0.08056996
v 0.05446575 -0.05086802 0.08035396
v 0.05446655 -0.05087791 0.08067087
v 0.05446575 -0.05086802 0.08035396
v 0.06088471 -0.04297779 0.08035395
v 0.03879163 -0.06384507 0.08080509
v 0.02971179 -0.06849118 0.08079285
v 0.03873062 -0.06370040 0.08069171
v 0.03879163 -0.06384507 0.08080509
v 0.03873062 -0.06370040 0.08069171
v 0.04708810 -0.05793525 0.08079284
v 0.07022628 -0.02496643 0.08067088
v 0.06617288 -0.03429640 0.08067090
v 0.07023687 -0.02491466 0.08035455
v 0.07022628 -0.02496643 0.08067088
v 0.07023687 -0.02491466 0.08035455
v 0.07293628 -0.01516006 0.08056996
v 0.06617789 0.03428231 0.08067090
v 0.07020246 0.02494627 0.08059541
v 0.06615504 0.03430475 0.08036295
v 0.06617789 0.03428231 0.08067090
v 0.06615504 0.03430475 0.08036295
v 0.06086076 0.04295623 0.08056995
v 0.05444352 0.05084398 0.08054291
v 0.06086076 0.04295623 0.08056995
v 0.05447683 0.05090142 0.08032417
v 0.05444352 0.05084398 0.08054291
v 0.05447683 0.05090142 0.08032417
v 0.04699484 0.05783663 0.08035455
v 0.05444352 0.05084398 0.08054291
v 0.04704009 0.05780932 0.08067090
v 0.05456760 0.05091142 0.08078423
v 0.05444352 0.05084398 0.08054291
v 0.05456760 0.05091142 0.08078423
v 0.06086076 0.04295623 0.08056995
v 0.06086076 0.04295623 0.08056995
v 0.05456760 0.05091142 0.08078423
v 0.06101133 0.04302263 0.08079285
v 0.06086076 0.04295623 0.08056995
v 0.06101133 0.04302263 0.08079285
v 0.06617789 0.03428231 0.08067090
v 0.03880778 0.06374556 0.08078423
v 0.04704009 0.05780932 0.08067090
v 0.03870648 0.06364716 0.08054290
v 0.03880778 0.06374556 0.08078423
v 0.03870648 0.06364716 0.08054290
v 0.02970422 0.06837306 0.08069172
v 0.02970422 0.06837306 0.08069172
v 0.03870648 0.06364716 0.08054290
v 0.02967920 0.06832640 0.08051629
v 0.02970422 0.06837306 0.08069172
v 0.02967920 0.06832640 0.08051629
v 0.02010219 0.07173843 0.08059541
v -0.01015764 0.07386385 0.08031866
v -0.02013372 0.07178599 0.08032419
v -0.01014334 0.07379857 0.08054291
v -0.01015764 0.07386385 0.08031866
v -0.01014334 0.07379857 0.08054291
v -0.00002508 0.07451934 0.08036294
v 0.02017469 0.07187623 0.08079285
v 0.02970422 0.06837306 0.08069172
v 0.02010219 0.07173843 0.08059541
v 0.02017469 0.07187623 0.08079285
v 0.02010219 0.07173843 0.08059541
v 0.01019770 0.07392905 0.08078423
v 0.01019770 0.07392905 0.08078423
v 0.02010219 0.07173843 0.08059541
v 0.01014402 0.07379845 0.08054291
v 0.01019770 0.07392905 0.08078423
v 0.01014402 0.07379845 0.08054291
v 0.00000536 0.07452929 0.08067088
v -0.06092265 0.04297859 0.08032417
v -0.06619054 0.03424212 0.08035455
v -0.06085918 0.04295862 0.08056995
v -0.06092265 0.04297859 0.08032417
v -0.06085918 0.04295862 0.08056995
v -0.05444308 0.05084459 0.08054291
v -0.04701692 0.05778843 0.08046358
v -0.05444308 0.05084459 0.08054291
v -0.04703181 0.05781615 0.08067090
v -0.04701692 0.05778843 0.08046358
v -0.04703181 0.05781615 0.08067090
v -0.03870701 0.06364861 0.08051629
v -0.03870701 0.06364861 0.08051629
v -0.04703181 0.05781615 0.08067090
v -0.03873073 0.06369593 0.08069170
v -0.03870701 0.06364861 0.08051629
v -0.03873073 0.06369593 0.08069170
v -0.02968854 0.06836111 0.08067092
v -0.02009708 0.07173046 0.08057000
v -0.02968854 0.06836111 0.08067092
v -0.02010925 0.07189457 0.08079284
v -0.02009708 0.07173046 0.08057000
v -0.02010925 0.07189457 0.08079284
v -0.01012695 0.07393880 0.08078424
v 0.00000536 0.07452929 0.08067088
v -0.01012695 0.07393880 0.08078424
v 0.00002727 0.07470188 0.08080508
v 0.00000536 0.07452929 0.08067088
v 0.00002727 0.07470188 0.08080508
v 0.01019770 0.07392905 0.08078423
v -0.07440673 0.00508165 0.08030322
v -0.07438307 -0.00510905 0.08032417
v -0.07431646 0.00508114 0.08051624
v -0.07440673 0.00508165 0.08030322
v -0.07431646 0.00508114 0.08051624
v -0.07300272 0.01516295 0.08031867
v -0.07300272 0.01516295 0.08031867
v -0.07431646 0.00508114 0.08051624
v -0.07293643 0.01515455 0.08054295
v -0.07300272 0.01516295 0.08031867
v -0.07293643 0.01515455 0.08054295
v -0.07023699 0.02491022 0.08035455
v -0.06619054 0.03424212 0.08035455
v -0.07023699 0.02491022 0.08035455
v -0.06617300 0.03429196 0.08067090
v -0.06619054 0.03424212 0.08035455
v -0.06617300 0.03429196 0.08067090
v -0.06085918 0.04295862 0.08056995
v -0.05444308 0.05084459 0.08054291
v -0.06085918 0.04295862 0.08056995
v -0.05451883 0.05096376 0.08078423
v -0.05444308 0.05084459 0.08054291
v -0.05451883 0.05096376 0.08078423
v -0.04703181 0.05781615 0.08067090
v -0.02968854 0.06836111 0.08067092
v -0.03873073 0.06369593 0.08069170
v -0.02973722 0.06852810 0.08080508
v -0.02968854 0.06836111 0.08067092
v -0.02973722 0.06852810 0.08080508
v -0.02010925 0.07189457 0.08079284
v -0.07438307 -0.00510905 0.08032417
v -0.07295595 -0.01521054 0.08035455
v -0.07432100 -0.00508550 0.08054292
v -0.07438307 -0.00510905 0.08032417
v -0.07432100 -0.00508550 0.08054292
v -0.07431646 0.00508114 0.08051624
v -0.06085918 0.04295862 0.08056995
v -0.06617300 0.03429196 0.08067090
v -0.06097219 0.04307825 0.08079284
v -0.06085918 0.04295862 0.08056995
v -0.06097219 0.04307825 0.08079284
v -0.05451883 0.05096376 0.08078423
v -0.04703181 0.05781615 0.08067090
v -0.05451883 0.05096376 0.08078423
v -0.04712374 0.05796382 0.08080508
v -0.04703181 0.05781615 0.08067090
v -0.04712374 0.05796382 0.08080508
v -0.03879174 0.06384063 0.08080508
v -0.07306307 0.01521704 0.08078424
v -0.07022638 0.02496199 0.08067089
v -0.07293643 0.01515455 0.08054295
v -0.07306307 0.01521704 0.08078424
v -0.07293643 0.01515455 0.08054295
v -0.07431646 0.00508114 0.08051624
v -0.06092422 -0.04302161 0.08030145
v -0.05444603 -0.05088543 0.08036295
v -0.06086454 -0.04296571 0.08046352
v -0.06092422 -0.04302161 0.08030145
v -0.06086454 -0.04296571 0.08046352
v -0.06619045 -0.03432051 0.08032417
v -0.06619045 -0.03432051 0.08032417
v -0.06086454 -0.04296571 0.08046352
v -0.06614353 -0.03427335 0.08056998
v -0.06619045 -0.03432051 0.08032417
v -0.06614353 -0.03427335 0.08056998
v -0.07023739 -0.02496820 0.08033554
v -0.07023739 -0.02496820 0.08033554
v -0.06614353 -0.03427335 0.08056998
v -0.07020258 -0.02495071 0.08059541
v -0.07023739 -0.02496820 0.08033554
v -0.07020258 -0.02495071 0.08059541
v -0.07295595 -0.01521054 0.08035455
v -0.07295595 -0.01521054 0.08035455
v -0.07020258 -0.02495071 0.08059541
v -0.07297381 -0.01516080 0.08067090
v -0.07295595 -0.01521054 0.08035455
v -0.07297381 -0.01516080 0.08067090
v -0.07432100 -0.00508550 0.08054292
v -0.07431646 0.00508114 0.08051624
v -0.07432100 -0.00508550 0.08054292
v -0.07445491 0.00512655 0.08078423
v -0.07431646 0.00508114 0.08051624
v -0.07445491 0.00512655 0.08078423
v -0.07306307 0.01521704 0.08078424
v -0.06617300 0.03429196 0.08067090
v -0.07022638 0.02496199 0.08067089
v -0.06631618 0.03439076 0.08080509
v -0.06617300 0.03429196 0.08067090
v -0.06631618 0.03439076 0.08080509
v -0.06097219 0.04307825 0.08079284
v -0.02008707 -0.07180650 0.08031932
v -0.01012259 -0.07387290 0.08031933
v -0.02009993 -0.07173410 0.08056995
v -0.02009993 -0.07173410 0.08056995
v -0.06104681 -0.04306033 0.08080509
v -0.06630174 -0.03431866 0.08079284
v -0.06089320 -0.04297864 0.08067088
v -0.06104681 -0.04306033 0.08080509
v -0.06089320 -0.04297864 0.08067088
v -0.05447408 -0.05086998 0.08067088
v -0.00000153 -0.07449698 0.08056998
v -0.01014388 -0.07380439 0.08051628
v 0.00001878 -0.07456035 0.08032417
v -0.00000153 -0.07449698 0.08056998
v 0.00001878 -0.07456035 0.08032417
v 0.01014495 -0.07380889 0.08046358
v 0.01014495 -0.07380889 0.08046358
v 0.00001878 -0.07456035 0.08032417
v 0.01016087 -0.07388697 0.08030322
v 0.01014495 -0.07380889 0.08046358
v 0.01016087 -0.07388697 0.08030322
v 0.02010759 -0.07176251 0.08035394
v -0.05447408 -0.05086998 0.08067088
v -0.05447408 -0.05086998 0.08067088
v -0.05461516 -0.05097178 0.08080509
v -0.06104681 -0.04306033 0.08080509
v -0.03883844 -0.06381668 0.08080509
v -0.04716608 -0.05793382 0.08080509
v -0.03873807 -0.06369592 0.08069170
v -0.03883844 -0.06381668 0.08080509
v -0.03873807 -0.06369592 0.08069170
v -0.02977432 -0.06846406 0.08079285
v -0.02017481 -0.07188065 0.08079285
v -0.02977432 -0.06846406 0.08079285
v -0.02009993 -0.07173410 0.08056995
v -0.02017481 -0.07188065 0.08079285
v -0.02009993 -0.07173410 0.08056995
v -0.01015536 -0.07385608 0.08069171
v 0.01014325 -0.07384031 0.08067091
v -0.00000153 -0.07449698 0.08056998
v 0.01014495 -0.07380889 0.08046358
v 0.01014325 -0.07384031 0.08067091
v 0.01014495 -0.07380889 0.08046358
v 0.02010759 -0.07176251 0.08035394
v 0.02967739 -0.06833023 0.08056996
v 0.02010759 -0.07176251 0.08035394
v 0.02972124 -0.06838028 0.08032417
v 0.02967739 -0.06833023 0.08056996
v 0.02972124 -0.06838028 0.08032417
v 0.03876665 -0.06369274 0.08031934
v 0.03870690 -0.06365307 0.08051628
v 0.04701153 -0.05778958 0.08056996
v 0.03873062 -0.06370040 0.08069171
v 0.03870690 -0.06365307 0.08051628
v 0.03873062 -0.06370040 0.08069171
v 0.02967739 -0.06833023 0.08056996
v 0.02012855 -0.07194348 0.08080509
v 0.01014512 -0.07401425 0.08080509
v 0.02010307 -0.07177140 0.08067091
v 0.02012855 -0.07194348 0.08080509
v 0.02010307 -0.07177140 0.08067091
v 0.02971179 -0.06849118 0.08079285
v 0.06088682 -0.04298752 0.08067090
v 0.06088682 -0.04298752 0.08067090
v 0.06088471 -0.04297779 0.08035395
v 0.06617804 -0.03426480 0.08036295
v 0.07440661 -0.00508609 0.08030322
v 0.07438295 0.00510461 0.08032417
v 0.07431634 -0.00508559 0.08051624
v 0.07440661 -0.00508609 0.08030322
v 0.07431634 -0.00508559 0.08051624
v 0.07300260 -0.01516741 0.08031867
v 0.07300260 -0.01516741 0.08031867
v 0.07431634 -0.00508559 0.08051624
v 0.07293628 -0.01516006 0.08056996
v 0.07300260 -0.01516741 0.08031867
v 0.07293628 -0.01516006 0.08056996
v 0.07023687 -0.02491466 0.08035455
v 0.06617804 -0.03426480 0.08036295
v 0.06617804 -0.03426480 0.08036295
v 0.06617288 -0.03429640 0.08067090
v 0.06088682 -0.04298752 0.08067090
v 0.04701153 -0.05778958 0.08056996
v 0.05446655 -0.05087791 0.08067087
v 0.04708810 -0.05793525 0.08079284
v 0.04701153 -0.05778958 0.08056996
v 0.04708810 -0.05793525 0.08079284
v 0.03873062 -0.06370040 0.08069171
v 0.07432089 0.00508105 0.08054292
v 0.07431634 -0.00508559 0.08051624
v 0.07438295 0.00510461 0.08032417
v 0.07432089 0.00508105 0.08054292
v 0.07438295 0.00510461 0.08032417
v 0.07299521 0.01519748 0.08031934
v 0.06090651 0.04300955 0.08031596
v 0.05447683 0.05090142 0.08032417
v 0.06086076 0.04295623 0.08056995
v 0.06090651 0.04300955 0.08031596
v 0.06086076 0.04295623 0.08056995
v 0.06615504 0.03430475 0.08036295
v 0.07293781 0.01515444 0.08051627
v 0.07020246 0.02494627 0.08059541
v 0.07299033 0.01516099 0.08069169
v 0.07293781 0.01515444 0.08051627
v 0.07299033 0.01516099 0.08069169
v 0.07432089 0.00508105 0.08054292
v 0.07432089 0.00508105 0.08054292
v 0.07299033 0.01516099 0.08069169
v 0.07445968 0.00505506 0.08078423
v 0.07432089 0.00508105 0.08054292
v 0.07445968 0.00505506 0.08078423
v 0.07445478 -0.00513096 0.08078423
v 0.07022628 -0.02496643 0.08067088
v 0.07308759 -0.01522474 0.08079284
v 0.07038156 -0.02504484 0.08080509
v 0.07022628 -0.02496643 0.08067088
v 0.07038156 -0.02504484 0.08080509
v 0.06631605 -0.03439523 0.08080509
v 0.07035682 0.02496651 0.08079284
v 0.07299033 0.01516099 0.08069169
v 0.07020246 0.02494627 0.08059541
v 0.07035682 0.02496651 0.08079284
v 0.07020246 0.02494627 0.08059541
v 0.06617789 0.03428231 0.08067090
v 0.03870648 0.06364716 0.08054290
v 0.04699484 0.05783663 0.08035455
v 0.03873659 0.06370682 0.08031867
v 0.03870648 0.06364716 0.08054290
v 0.03873659 0.06370682 0.08031867
v 0.02968668 0.06839086 0.08032414
v -0.00000044 0.07499386 0.08097397
v -0.00001730 0.07491627 0.08084515
v -0.01021412 0.07429564 0.08097613
v -0.01021412 0.07429564 0.08097613
v -0.00001730 0.07491627 0.08084515
v -0.01021851 0.07421614 0.08084517
v -0.01021412 0.07429564 0.08097613
v -0.01021851 0.07421614 0.08084517
v -0.02023330 0.07221040 0.08095769
v -0.02987829 -0.06878962 0.08097407
v -0.03896162 -0.06408192 0.08096020
v -0.02983188 -0.06872520 0.08084518
v -0.02987829 -0.06878962 0.08097407
v -0.02983188 -0.06872520 0.08084518
v -0.02023459 -0.07221801 0.08097780
v -0.02019620 -0.07214723 0.08084517
v -0.02023459 -0.07221801 0.08097780
v -0.02019620 -0.07214723 0.08084517
v -0.01021146 -0.07429740 0.08095769
v 0.01021225 -0.07429977 0.08097406
v 0.00000013 -0.07499588 0.08095770
v 0.01021839 -0.07422061 0.08084518
v 0.01021225 -0.07429977 0.08097406
v 0.01021839 -0.07422061 0.08084518
v 0.02023250 -0.07221697 0.08096219
v 0.01021463 0.07429558 0.08097635
v 0.02023952 0.07220980 0.08096048
v 0.01018430 0.07422082 0.08084517
v 0.01021463 0.07429558 0.08097635
v 0.01018430 0.07422082 0.08084517
v -0.00000044 0.07499386 0.08097397
v -0.00000044 0.07499386 0.08097397
v 0.01018430 0.07422082 0.08084517
v -0.00001730 0.07491627 0.08084515
v -0.02023330 0.07221040 0.08095769
v -0.01021851 0.07421614 0.08084517
v -0.02022379 0.07211762 0.08083774
v -0.02023330 0.07221040 0.08095769
v -0.02022379 0.07211762 0.08083774
v -0.02987211 0.06878643 0.08096049
v -0.02987211 0.06878643 0.08096049
v -0.02022379 0.07211762 0.08083774
v -0.02985575 0.06869209 0.08083774
v -0.02987211 0.06878643 0.08096049
v -0.02985575 0.06869209 0.08083774
v -0.03896059 0.06407817 0.08096049
v -0.03896059 0.06407817 0.08096049
v -0.02985575 0.06869209 0.08083774
v -0.03893156 0.06398690 0.08083773
v -0.03896059 0.06407817 0.08096049
v -0.03893156 0.06398690 0.08083773
v -0.04733240 0.05816872 0.08096020
v -0.04733240 0.05816872 0.08096020
v -0.03893156 0.06398690 0.08083773
v -0.04728212 0.05808972 0.08083774
v -0.04733240 0.05816872 0.08096020
v -0.04728212 0.05808972 0.08083774
v -0.05480826 0.05118476 0.08095769
v -0.05480826 0.05118476 0.08095769
v -0.04728212 0.05808972 0.08083774
v -0.05475193 0.05111042 0.08083773
v -0.05480826 0.05118476 0.08095769
v -0.05475193 0.05111042 0.08083773
v -0.06126479 0.04325110 0.08096049
v -0.06126479 0.04325110 0.08096049
v -0.05475193 0.05111042 0.08083773
v -0.06120179 0.04317898 0.08083774
v -0.06126479 0.04325110 0.08096049
v -0.06120179 0.04317898 0.08083774
v -0.06658382 0.03450603 0.08096048
v -0.06658382 0.03450603 0.08096048
v -0.06120179 0.04317898 0.08083774
v -0.06651161 0.03444315 0.08083774
v -0.06658382 0.03450603 0.08096048
v -0.06651161 0.03444315 0.08083774
v -0.07066254 0.02511812 0.08096049
v -0.07066254 0.02511812 0.08096049
v -0.06651161 0.03444315 0.08083774
v -0.07058243 0.02506569 0.08083774
v -0.07066254 0.02511812 0.08096049
v -0.07058243 0.02506569 0.08083774
v -0.07342728 0.01525075 0.08096017
v -0.07342728 0.01525075 0.08096017
v -0.07058243 0.02506569 0.08083774
v -0.07333843 0.01522123 0.08083774
v -0.07342728 0.01525075 0.08096017
v -0.07333843 0.01522123 0.08083774
v -0.07482032 0.00511035 0.08096019
v -0.07482032 0.00511035 0.08096019
v -0.07333843 0.01522123 0.08083774
v -0.07472829 0.00509319 0.08083774
v -0.07482032 0.00511035 0.08096019
v -0.07472829 0.00509319 0.08083774
v -0.07481887 -0.00512016 0.08095770
v -0.07481887 -0.00512016 0.08095770
v -0.07472829 0.00509319 0.08083774
v -0.07472609 -0.00512975 0.08083774
v -0.07481887 -0.00512016 0.08095770
v -0.07472609 -0.00512975 0.08083774
v -0.07342758 -0.01525399 0.08096046
v -0.07342758 -0.01525399 0.08096046
v -0.07472609 -0.00512975 0.08083774
v -0.07333187 -0.01525719 0.08083773
v -0.07342758 -0.01525399 0.08096046
v -0.07333187 -0.01525719 0.08083773
v -0.07066292 -0.02512137 0.08096021
v -0.07066292 -0.02512137 0.08096021
v -0.07333187 -0.01525719 0.08083773
v -0.07057167 -0.02510044 0.08083774
v -0.07066292 -0.02512137 0.08096021
v -0.07057167 -0.02510044 0.08083774
v -0.06658434 -0.03450936 0.08096020
v -0.06658434 -0.03450936 0.08096020
v -0.07057167 -0.02510044 0.08083774
v -0.06649681 -0.03447616 0.08083773
v -0.06658434 -0.03450936 0.08096020
v -0.06649681 -0.03447616 0.08083773
v -0.06126547 -0.04325447 0.08096020
v -0.06126547 -0.04325447 0.08096020
v -0.06649681 -0.03447616 0.08083773
v -0.06118324 -0.04320974 0.08083774
v -0.06126547 -0.04325447 0.08096020
v -0.06118324 -0.04320974 0.08083774
v -0.05480796 -0.05118953 0.08095769
v -0.05480796 -0.05118953 0.08095769
v -0.06118324 -0.04320974 0.08083774
v -0.05472995 -0.05113840 0.08083774
v -0.05480796 -0.05118953 0.08095769
v -0.05472995 -0.05113840 0.08083774
v -0.04733340 -0.05817242 0.08096047
v -0.04733340 -0.05817242 0.08096047
v -0.05472995 -0.05113840 0.08083774
v -0.04725716 -0.05811451 0.08083774
v -0.04733340 -0.05817242 0.08096047
v -0.04725716 -0.05811451 0.08083774
v -0.03896162 -0.06408192 0.08096020
v -0.03896162 -0.06408192 0.08096020
v -0.04725716 -0.05811451 0.08083774
v -0.03890405 -0.06400808 0.08083774
v -0.03896162 -0.06408192 0.08096020
v -0.03890405 -0.06400808 0.08083774
v -0.02983188 -0.06872520 0.08084518
v -0.01021146 -0.07429740 0.08095769
v -0.02019620 -0.07214723 0.08084517
v -0.01018324 -0.07420852 0.08083774
v -0.01021146 -0.07429740 0.08095769
v -0.01018324 -0.07420852 0.08083774
v 0.00000013 -0.07499588 0.08095770
v 0.00000013 -0.07499588 0.08095770
v -0.01018324 -0.07420852 0.08083774
v 0.00001605 -0.07490398 0.08083774
v 0.00000013 -0.07499588 0.08095770
v 0.00001605 -0.07490398 0.08083774
v 0.01021839 -0.07422061 0.08084518
v 0.02023250 -0.07221697 0.08096219
v 0.01021839 -0.07422061 0.08084518
v 0.02022367 -0.07212205 0.08083774
v 0.02023250 -0.07221697 0.08096219
v 0.02022367 -0.07212205 0.08083774
v 0.02987771 -0.06878716 0.08095770
v 0.02987771 -0.06878716 0.08095770
v 0.02022367 -0.07212205 0.08083774
v 0.02985564 -0.06869654 0.08083774
v 0.02987771 -0.06878716 0.08095770
v 0.02985564 -0.06869654 0.08083774
v 0.03896046 -0.06408260 0.08096049
v 0.03896046 -0.06408260 0.08096049
v 0.02985564 -0.06869654 0.08083774
v 0.03893145 -0.06399134 0.08083774
v 0.03896046 -0.06408260 0.08096049
v 0.03893145 -0.06399134 0.08083774
v 0.04733227 -0.05817318 0.08096020
v 0.04733227 -0.05817318 0.08096020
v 0.03893145 -0.06399134 0.08083774
v 0.04728201 -0.05809420 0.08083774
v 0.04733227 -0.05817318 0.08096020
v 0.04728201 -0.05809420 0.08083774
v 0.05480815 -0.05118921 0.08095768
v 0.05480815 -0.05118921 0.08095768
v 0.04728201 -0.05809420 0.08083774
v 0.05475183 -0.05111487 0.08083774
v 0.05480815 -0.05118921 0.08095768
v 0.05475183 -0.05111487 0.08083774
v 0.06126840 -0.04325152 0.08096220
v 0.06126840 -0.04325152 0.08096220
v 0.05475183 -0.05111487 0.08083774
v 0.06120168 -0.04318346 0.08083774
v 0.06126840 -0.04325152 0.08096220
v 0.06120168 -0.04318346 0.08083774
v 0.06658579 -0.03450400 0.08095770
v 0.06658579 -0.03450400 0.08095770
v 0.06120168 -0.04318346 0.08083774
v 0.06651148 -0.03444758 0.08083773
v 0.06658579 -0.03450400 0.08095770
v 0.06651148 -0.03444758 0.08083773
v 0.07066242 -0.02512257 0.08096050
v 0.07066242 -0.02512257 0.08096050
v 0.06651148 -0.03444758 0.08083773
v 0.07058231 -0.02507015 0.08083774
v 0.07066242 -0.02512257 0.08096050
v 0.07058231 -0.02507015 0.08083774
v 0.07342715 -0.01525520 0.08096018
v 0.07342715 -0.01525520 0.08096018
v 0.07058231 -0.02507015 0.08083774
v 0.07333831 -0.01522567 0.08083773
v 0.07342715 -0.01525520 0.08096018
v 0.07333831 -0.01522567 0.08083773
v 0.07482020 -0.00511480 0.08096019
v 0.07482020 -0.00511480 0.08096019
v 0.07333831 -0.01522567 0.08083773
v 0.07472817 -0.00509765 0.08083774
v 0.07482020 -0.00511480 0.08096019
v 0.07472817 -0.00509765 0.08083774
v 0.07481876 0.00511571 0.08095770
v 0.07481876 0.00511571 0.08095770
v 0.07472817 -0.00509765 0.08083774
v 0.07472596 0.00512529 0.08083774
v 0.07481876 0.00511571 0.08095770
v 0.07472596 0.00512529 0.08083774
v 0.07342746 0.01524954 0.08096046
v 0.07342746 0.01524954 0.08096046
v 0.07472596 0.00512529 0.08083774
v 0.07333175 0.01525275 0.08083774
v 0.07342746 0.01524954 0.08096046
v 0.07333175 0.01525275 0.08083774
v 0.07066279 0.02511693 0.08096021
v 0.07066279 0.02511693 0.08096021
v 0.07333175 0.01525275 0.08083774
v 0.07057155 0.02509600 0.08083774
v 0.07066279 0.02511693 0.08096021
v 0.07057155 0.02509600 0.08083774
v 0.06658422 0.03450492 0.08096020
v 0.06658422 0.03450492 0.08096020
v 0.07057155 0.02509600 0.08083774
v 0.06649668 0.03447172 0.08083773
v 0.06658422 0.03450492 0.08096020
v 0.06649668 0.03447172 0.08083773
v 0.06126739 0.04324530 0.08095772
v 0.06126739 0.04324530 0.08095772
v 0.06649668 0.03447172 0.08083773
v 0.06118311 0.04320529 0.08083774
v 0.06126739 0.04324530 0.08095772
v 0.06118311 0.04320529 0.08083774
v 0.05481326 0.05118095 0.08096048
v 0.05481326 0.05118095 0.08096048
v 0.06118311 0.04320529 0.08083774
v 0.05472985 0.05113394 0.08083774
v 0.05481326 0.05118095 0.08096048
v 0.05472985 0.05113394 0.08083774
v 0.04733328 0.05816798 0.08096048
v 0.04733328 0.05816798 0.08096048
v 0.05472985 0.05113394 0.08083774
v 0.04725703 0.05811005 0.08083773
v 0.04733328 0.05816798 0.08096048
v 0.04725703 0.05811005 0.08083773
v 0.03896151 0.06407748 0.08096022
v 0.03896151 0.06407748 0.08096022
v 0.04725703 0.05811005 0.08083773
v 0.03890392 0.06400365 0.08083774
v 0.03896151 0.06407748 0.08096022
v 0.03890392 0.06400365 0.08083774
v 0.02987733 0.06878290 0.08095775
v 0.02987733 0.06878290 0.08095775
v 0.03890392 0.06400365 0.08083774
v 0.02982611 0.06870492 0.08083774
v 0.02987733 0.06878290 0.08095775
v 0.02982611 0.06870492 0.08083774
v 0.02023952 0.07220980 0.08096048
v 0.02023952 0.07220980 0.08096048
v 0.02982611 0.06870492 0.08083774
v 0.02019266 0.07212629 0.08083773
v 0.02023952 0.07220980 0.08096048
v 0.02019266 0.07212629 0.08083773
v 0.01018430 0.07422082 0.08084517
v 0.01019770 0.07392905 0.08078423
v 0.01018430 0.07422082 0.08084517
v 0.02017469 0.07187623 0.08079285
v 0.02017469 0.07187623 0.08079285
v 0.01018430 0.07422082 0.08084517
v 0.02019266 0.07212629 0.08083773
v 0.02017469 0.07187623 0.08079285
v 0.02019266 0.07212629 0.08083773
v 0.02978721 0.06850633 0.08080508
v 0.02978721 0.06850633 0.08080508
v 0.02019266 0.07212629 0.08083773
v 0.02982611 0.06870492 0.08083774
v 0.02978721 0.06850633 0.08080508
v 0.02982611 0.06870492 0.08083774
v 0.03880778 0.06374556 0.08078423
v 0.03880778 0.06374556 0.08078423
v 0.02982611 0.06870492 0.08083774
v 0.03890392 0.06400365 0.08083774
v 0.03880778 0.06374556 0.08078423
v 0.03890392 0.06400365 0.08083774
v 0.04716598 0.05792936 0.08080508
v 0.04716598 0.05792936 0.08080508
v 0.03890392 0.06400365 0.08083774
v 0.04725703 0.05811005 0.08083773
v 0.04716598 0.05792936 0.08080508
v 0.04725703 0.05811005 0.08083773
v 0.05456760 0.05091142 0.08078423
v 0.05456760 0.05091142 0.08078423
v 0.04725703 0.05811005 0.08083773
v 0.05472985 0.05113394 0.08083774
v 0.05456760 0.05091142 0.08078423
v 0.05472985 0.05113394 0.08083774
v 0.06101133 0.04302263 0.08079285
v 0.06101133 0.04302263 0.08079285
v 0.05472985 0.05113394 0.08083774
v 0.06118311 0.04320529 0.08083774
v 0.06101133 0.04302263 0.08079285
v 0.06118311 0.04320529 0.08083774
v 0.06634118 0.03434226 0.08080509
v 0.06634118 0.03434226 0.08080509
v 0.06118311 0.04320529 0.08083774
v 0.06649668 0.03447172 0.08083773
v 0.06634118 0.03434226 0.08080509
v 0.06649668 0.03447172 0.08083773
v 0.07035682 0.02496651 0.08079284
v 0.07035682 0.02496651 0.08079284
v 0.06649668 0.03447172 0.08083773
v 0.07057155 0.02509600 0.08083774
v 0.07035682 0.02496651 0.08079284
v 0.07057155 0.02509600 0.08083774
v 0.07314711 0.01517002 0.08080509
v 0.07314711 0.01517002 0.08080509
v 0.07057155 0.02509600 0.08083774
v 0.07333175 0.01525275 0.08083774
v 0.07314711 0.01517002 0.08080509
v 0.07333175 0.01525275 0.08083774
v 0.07445968 0.00505506 0.08078423
v 0.07445968 0.00505506 0.08078423
v 0.07333175 0.01525275 0.08083774
v 0.07472596 0.00512529 0.08083774
v 0.07445968 0.00505506 0.08078423
v 0.07472596 0.00512529 0.08083774
v 0.07445478 -0.00513096 0.08078423
v 0.07445478 -0.00513096 0.08078423
v 0.07472596 0.00512529 0.08083774
v 0.07472817 -0.00509765 0.08083774
v 0.07445478 -0.00513096 0.08078423
v 0.07472817 -0.00509765 0.08083774
v 0.07308759 -0.01522474 0.08079284
v 0.07308759 -0.01522474 0.08079284
v 0.07472817 -0.00509765 0.08083774
v 0.07333831 -0.01522567 0.08083773
v 0.07308759 -0.01522474 0.08079284
v 0.07333831 -0.01522567 0.08083773
v 0.07038156 -0.02504484 0.08080509
v 0.07038156 -0.02504484 0.08080509
v 0.07333831 -0.01522567 0.08083773
v 0.07058231 -0.02507015 0.08083774
v 0.07038156 -0.02504484 0.08080509
v 0.07058231 -0.02507015 0.08083774
v 0.06631605 -0.03439523 0.08080509
v 0.06631605 -0.03439523 0.08080509
v 0.07058231 -0.02507015 0.08083774
v 0.06651148 -0.03444758 0.08083773
v 0.06631605 -0.03439523 0.08080509
v 0.06651148 -0.03444758 0.08083773
v 0.06101520 -0.04310493 0.08080509
v 0.06101520 -0.04310493 0.08080509
v 0.06651148 -0.03444758 0.08083773
v 0.06120168 -0.04318346 0.08083774
v 0.06101520 -0.04310493 0.08080509
v 0.06120168 -0.04318346 0.08083774
v 0.05457777 -0.05101171 0.08080509
v 0.05457777 -0.05101171 0.08080509
v 0.06120168 -0.04318346 0.08083774
v 0.05475183 -0.05111487 0.08083774
v 0.05457777 -0.05101171 0.08080509
v 0.05475183 -0.05111487 0.08083774
v 0.04708810 -0.05793525 0.08079284
v 0.04708810 -0.05793525 0.08079284
v 0.05475183 -0.05111487 0.08083774
v 0.04728201 -0.05809420 0.08083774
v 0.04708810 -0.05793525 0.08079284
v 0.04728201 -0.05809420 0.08083774
v 0.03879163 -0.06384507 0.08080509
v 0.03879163 -0.06384507 0.08080509
v 0.04728201 -0.05809420 0.08083774
v 0.03893145 -0.06399134 0.08083774
v 0.03879163 -0.06384507 0.08080509
v 0.03893145 -0.06399134 0.08083774
v 0.02971179 -0.06849118 0.08079285
v 0.02971179 -0.06849118 0.08079285
v 0.03893145 -0.06399134 0.08083774
v 0.02985564 -0.06869654 0.08083774
v 0.02971179 -0.06849118 0.08079285
v 0.02985564 -0.06869654 0.08083774
v 0.02012855 -0.07194348 0.08080509
v 0.02012855 -0.07194348 0.08080509
v 0.02985564 -0.06869654 0.08083774
v 0.02022367 -0.07212205 0.08083774
v 0.02012855 -0.07194348 0.08080509
v 0.02022367 -0.07212205 0.08083774
v 0.01014512 -0.07401425 0.08080509
v 0.01014512 -0.07401425 0.08080509
v 0.02022367 -0.07212205 0.08083774
v 0.01021839 -0.07422061 0.08084518
v 0.01014512 -0.07401425 0.08080509
v 0.01021839 -0.07422061 0.08084518
v -0.00003411 -0.07465830 0.08079285
v -0.00003411 -0.07465830 0.08079285
v 0.01021839 -0.07422061 0.08084518
v 0.00001605 -0.07490398 0.08083774
v -0.00003411 -0.07465830 0.08079285
v 0.00001605 -0.07490398 0.08083774
v -0.01019933 -0.07400681 0.08080509
v -0.01019933 -0.07400681 0.08080509
v 0.00001605 -0.07490398 0.08083774
v -0.01018324 -0.07420852 0.08083774
v -0.01019933 -0.07400681 0.08080509
v -0.01018324 -0.07420852 0.08083774
v -0.02017481 -0.07188065 0.08079285
v -0.02017481 -0.07188065 0.08079285
v -0.01018324 -0.07420852 0.08083774
v -0.02019620 -0.07214723 0.08084517
v -0.02017481 -0.07188065 0.08079285
v -0.02019620 -0.07214723 0.08084517
v -0.02977432 -0.06846406 0.08079285
v -0.02977432 -0.06846406 0.08079285
v -0.02019620 -0.07214723 0.08084517
v -0.02983188 -0.06872520 0.08084518
v -0.02977432 -0.06846406 0.08079285
v -0.02983188 -0.06872520 0.08084518
v -0.03883844 -0.06381668 0.08080509
v -0.03883844 -0.06381668 0.08080509
v -0.02983188 -0.06872520 0.08084518
v -0.03890405 -0.06400808 0.08083774
v -0.03883844 -0.06381668 0.08080509
v -0.03890405 -0.06400808 0.08083774
v -0.04716608 -0.05793382 0.08080509
v -0.04716608 -0.05793382 0.08080509
v -0.03890405 -0.06400808 0.08083774
v -0.04725716 -0.05811451 0.08083774
v -0.04716608 -0.05793382 0.08080509
v -0.04725716 -0.05811451 0.08083774
v -0.05461516 -0.05097178 0.08080509
v -0.05472995 -0.05113840 0.08083774
v -0.05461516 -0.05097178 0.08080509
v -0.05472995 -0.05113840 0.08083774
v -0.06104681 -0.04306033 0.08080509
v -0.06104681 -0.04306033 0.08080509
v -0.05472995 -0.05113840 0.08083774
v -0.06118324 -0.04320974 0.08083774
v -0.06104681 -0.04306033 0.08080509
v -0.06118324 -0.04320974 0.08083774
v -0.06630174 -0.03431866 0.08079284
v -0.06630174 -0.03431866 0.08079284
v -0.06118324 -0.04320974 0.08083774
v -0.06649681 -0.03447616 0.08083773
v -0.06630174 -0.03431866 0.08079284
v -0.06649681 -0.03447616 0.08083773
v -0.07035695 -0.02497096 0.08079284
v -0.07035695 -0.02497096 0.08079284
v -0.06649681 -0.03447616 0.08083773
v -0.07057167 -0.02510044 0.08083774
v -0.07035695 -0.02497096 0.08079284
v -0.07057167 -0.02510044 0.08083774
v -0.07314722 -0.01517447 0.08080509
v -0.07314722 -0.01517447 0.08080509
v -0.07057167 -0.02510044 0.08083774
v -0.07333187 -0.01525719 0.08083773
v -0.07314722 -0.01517447 0.08080509
v -0.07333187 -0.01525719 0.08083773
v -0.07445980 -0.00505951 0.08078423
v -0.07445980 -0.00505951 0.08078423
v -0.07333187 -0.01525719 0.08083773
v -0.07472609 -0.00512975 0.08083774
v -0.07445980 -0.00505951 0.08078423
v -0.07472609 -0.00512975 0.08083774
v -0.07445491 0.00512655 0.08078423
v -0.07445491 0.00512655 0.08078423
v -0.07472609 -0.00512975 0.08083774
v -0.07472829 0.00509319 0.08083774
v -0.07445491 0.00512655 0.08078423
v -0.07472829 0.00509319 0.08083774
v -0.07306307 0.01521704 0.08078424
v -0.07306307 0.01521704 0.08078424
v -0.07472829 0.00509319 0.08083774
v -0.07333843 0.01522123 0.08083774
v -0.07306307 0.01521704 0.08078424
v -0.07333843 0.01522123 0.08083774
v -0.07038169 0.02504038 0.08080509
v -0.07038169 0.02504038 0.08080509
v -0.07333843 0.01522123 0.08083774
v -0.07058243 0.02506569 0.08083774
v -0.07038169 0.02504038 0.08080509
v -0.07058243 0.02506569 0.08083774
v -0.06631618 0.03439076 0.08080509
v -0.06631618 0.03439076 0.08080509
v -0.07058243 0.02506569 0.08083774
v -0.06651161 0.03444315 0.08083774
v -0.06631618 0.03439076 0.08080509
v -0.06651161 0.03444315 0.08083774
v -0.06097219 0.04307825 0.08079284
v -0.06097219 0.04307825 0.08079284
v -0.06651161 0.03444315 0.08083774
v -0.06120179 0.04317898 0.08083774
v -0.06097219 0.04307825 0.08079284
v -0.06120179 0.04317898 0.08083774
v -0.05451883 0.05096376 0.08078423
v -0.05451883 0.05096376 0.08078423
v -0.06120179 0.04317898 0.08083774
v -0.05475193 0.05111042 0.08083773
v -0.05451883 0.05096376 0.08078423
v -0.05475193 0.05111042 0.08083773
v -0.04712374 0.05796382 0.08080508
v -0.04712374 0.05796382 0.08080508
v -0.05475193 0.05111042 0.08083773
v -0.04728212 0.05808972 0.08083774
v -0.04712374 0.05796382 0.08080508
v -0.04728212 0.05808972 0.08083774
v -0.03879174 0.06384063 0.08080508
v -0.03879174 0.06384063 0.08080508
v -0.04728212 0.05808972 0.08083774
v -0.03893156 0.06398690 0.08083773
v -0.03879174 0.06384063 0.08080508
v -0.03893156 0.06398690 0.08083773
v -0.02973722 0.06852810 0.08080508
v -0.02973722 0.06852810 0.08080508
v -0.03893156 0.06398690 0.08083773
v -0.02985575 0.06869209 0.08083774
v -0.02973722 0.06852810 0.08080508
v -0.02985575 0.06869209 0.08083774
v -0.02010925 0.07189457 0.08079284
v -0.02010925 0.07189457 0.08079284
v -0.02985575 0.06869209 0.08083774
v -0.02022379 0.07211762 0.08083774
v -0.02010925 0.07189457 0.08079284
v -0.02022379 0.07211762 0.08083774
v -0.01012695 0.07393880 0.08078424
v -0.01012695 0.07393880 0.08078424
v -0.02022379 0.07211762 0.08083774
v -0.01021851 0.07421614 0.08084517
v -0.01012695 0.07393880 0.08078424
v -0.01021851 0.07421614 0.08084517
v 0.00002727 0.07470188 0.08080508
v 0.00002727 0.07470188 0.08080508
v -0.01021851 0.07421614 0.08084517
v -0.00001730 0.07491627 0.08084515
v 0.00002727 0.07470188 0.08080508
v -0.00001730 0.07491627 0.08084515
v 0.01019770 0.07392905 0.08078423
v 0.01019770 0.07392905 0.08078423
v -0.00001730 0.07491627 0.08084515
v 0.01018430 0.07422082 0.08084517
v -0.01021182 -0.07429737 0.09213540
v -0.01021146 -0.07429740 0.08095769
v -0.00000018 -0.07499589 0.09213540
v 0.00000013 -0.07499588 0.08095770
v -0.00000018 -0.07499589 0.09213540
v 0.00000013 -0.07499588 0.08095770
v 0.01021141 -0.07429741 0.09213542
v 0.01021225 -0.07429977 0.08097406
v 0.01021141 -0.07429741 0.09213542
v 0.01021225 -0.07429977 0.08097406
v 0.02023456 -0.07221640 0.09213092
v 0.02023250 -0.07221697 0.08096219
v 0.02023456 -0.07221640 0.09213092
v 0.02023250 -0.07221697 0.08096219
v 0.02987739 -0.06878732 0.09213539
v 0.02987771 -0.06878716 0.08095770
v 0.02987739 -0.06878732 0.09213539
v 0.02987771 -0.06878716 0.08095770
v 0.03896157 -0.06408189 0.09213289
v 0.03896046 -0.06408260 0.08096049
v 0.03896157 -0.06408189 0.09213289
v 0.03896046 -0.06408260 0.08096049
v 0.04733332 -0.05817239 0.09213263
v 0.04733227 -0.05817318 0.08096020
v 0.04733332 -0.05817239 0.09213263
v 0.04733227 -0.05817318 0.08096020
v 0.05481330 -0.05118536 0.09213263
v 0.05480815 -0.05118921 0.08095768
v 0.05481330 -0.05118536 0.09213263
v 0.05480815 -0.05118921 0.08095768
v 0.06126840 -0.04325152 0.08096220
v 0.06127220 -0.04324488 0.09213262
v 0.06127220 -0.04324488 0.09213262
v 0.06126840 -0.04325152 0.08096220
v 0.06658562 -0.03450434 0.09213539
v 0.06658579 -0.03450400 0.08095770
v 0.06658562 -0.03450434 0.09213539
v 0.06658579 -0.03450400 0.08095770
v 0.07066282 -0.02512133 0.09213288
v 0.07066242 -0.02512257 0.08096050
v 0.07066282 -0.02512133 0.09213288
v 0.07066242 -0.02512257 0.08096050
v 0.07342747 -0.01525393 0.09213263
v 0.07342715 -0.01525520 0.08096018
v 0.07342747 -0.01525393 0.09213263
v 0.07342715 -0.01525520 0.08096018
v 0.07481877 -0.00512010 0.09213539
v 0.07482020 -0.00511480 0.08096019
v 0.07481877 -0.00512010 0.09213539
v 0.07482020 -0.00511480 0.08096019
v 0.07482019 0.00511041 0.09213290
v 0.07481876 0.00511571 0.08095770
v 0.07482019 0.00511041 0.09213290
v 0.07481876 0.00511571 0.08095770
v 0.07342714 0.01525082 0.09213290
v 0.07342746 0.01524954 0.08096046
v 0.07342714 0.01525082 0.09213290
v 0.07342746 0.01524954 0.08096046
v 0.07066241 0.02511817 0.09213259
v 0.07066279 0.02511693 0.08096021
v 0.07066241 0.02511817 0.09213259
v 0.07066279 0.02511693 0.08096021
v 0.06658368 0.03450608 0.09213261
v 0.06658422 0.03450492 0.08096020
v 0.06658368 0.03450608 0.09213261
v 0.06658422 0.03450492 0.08096020
v 0.06126758 0.04324505 0.09213537
v 0.06126739 0.04324530 0.08095772
v 0.06126758 0.04324505 0.09213537
v 0.06126739 0.04324530 0.08095772
v 0.05481235 0.05118186 0.09213290
v 0.05481326 0.05118095 0.08096048
v 0.05481235 0.05118186 0.09213290
v 0.05481326 0.05118095 0.08096048
v 0.04733224 0.05816876 0.09213290
v 0.04733328 0.05816798 0.08096048
v 0.04733224 0.05816876 0.09213290
v 0.04733328 0.05816798 0.08096048
v 0.03896042 0.06407820 0.09213258
v 0.03896151 0.06407748 0.08096022
v 0.03896042 0.06407820 0.09213258
v 0.03896151 0.06407748 0.08096022
v 0.02986642 0.06878594 0.09214875
v 0.02987733 0.06878290 0.08095775
v 0.02986642 0.06878594 0.09214875
v 0.02987733 0.06878290 0.08095775
v 0.02023952 0.07220980 0.08096048
v 0.02986642 0.06878594 0.09214875
v 0.02023952 0.07220980 0.08096048
v 0.02023313 0.07221042 0.09213540
v 0.02023313 0.07221042 0.09213540
v 0.02023952 0.07220980 0.08096048
v 0.01021685 0.07429332 0.09213290
v 0.01021463 0.07429558 0.08097635
v 0.01021685 0.07429332 0.09213290
v 0.01021463 0.07429558 0.08097635
v 0.00000009 0.07499143 0.09213541
v -0.00000044 0.07499386 0.08097397
v 0.00000009 0.07499143 0.09213541
v -0.00000044 0.07499386 0.08097397
v -0.01021832 0.07429318 0.09213262
v -0.01021412 0.07429564 0.08097613
v -0.01021832 0.07429318 0.09213262
v -0.01021412 0.07429564 0.08097613
v -0.02023969 0.07220979 0.09213262
v -0.02023330 0.07221040 0.08095769
v -0.02023969 0.07220979 0.09213262
v -0.02023330 0.07221040 0.08095769
v -0.02987211 0.06878643 0.08096049
v -0.02023969 0.07220979 0.09213262
v -0.02987211 0.06878643 0.08096049
v -0.02987749 0.06878288 0.09213535
v -0.02987749 0.06878288 0.09213535
v -0.02987211 0.06878643 0.08096049
v -0.03896168 0.06407745 0.09213287
v -0.03896059 0.06407817 0.08096049
v -0.03896168 0.06407745 0.09213287
v -0.03896059 0.06407817 0.08096049
v -0.04733345 0.05816795 0.09213261
v -0.04733240 0.05816872 0.08096020
v -0.04733345 0.05816795 0.09213261
v -0.04733240 0.05816872 0.08096020
v -0.05480801 0.05118505 0.09213539
v -0.05480826 0.05118476 0.08095769
v -0.05480801 0.05118505 0.09213539
v -0.05480826 0.05118476 0.08095769
v -0.06126552 0.04324999 0.09213288
v -0.06126479 0.04325110 0.08096049
v -0.06126552 0.04324999 0.09213288
v -0.06126479 0.04325110 0.08096049
v -0.06658437 0.03450487 0.09213289
v -0.06658382 0.03450603 0.08096048
v -0.06658437 0.03450487 0.09213289
v -0.06658382 0.03450603 0.08096048
v -0.07066293 0.02511688 0.09213287
v -0.07066254 0.02511812 0.08096049
v -0.07066293 0.02511688 0.09213287
v -0.07066254 0.02511812 0.08096049
v -0.07342760 0.01524949 0.09213263
v -0.07342728 0.01525075 0.08096017
v -0.07342760 0.01524949 0.09213263
v -0.07342728 0.01525075 0.08096017
v -0.07481889 0.00511565 0.09213539
v -0.07482032 0.00511035 0.08096019
v -0.07481889 0.00511565 0.09213539
v -0.07482032 0.00511035 0.08096019
v -0.07482032 -0.00511486 0.09213291
v -0.07481887 -0.00512016 0.08095770
v -0.07482032 -0.00511486 0.09213291
v -0.07481887 -0.00512016 0.08095770
v -0.07342727 -0.01525526 0.09213291
v -0.07342758 -0.01525399 0.08096046
v -0.07342727 -0.01525526 0.09213291
v -0.07342758 -0.01525399 0.08096046
v -0.07066253 -0.02512261 0.09213260
v -0.07066292 -0.02512137 0.08096021
v -0.07066253 -0.02512261 0.09213260
v -0.07066292 -0.02512137 0.08096021
v -0.06658380 -0.03451053 0.09213262
v -0.06658434 -0.03450936 0.08096020
v -0.06658380 -0.03451053 0.09213262
v -0.06658434 -0.03450936 0.08096020
v -0.06126476 -0.04325558 0.09213262
v -0.06126547 -0.04325447 0.08096020
v -0.06126476 -0.04325558 0.09213262
v -0.06126547 -0.04325447 0.08096020
v -0.05480823 -0.05118925 0.09213542
v -0.05480796 -0.05118953 0.08095769
v -0.05480823 -0.05118925 0.09213542
v -0.05480796 -0.05118953 0.08095769
v -0.04733235 -0.05817322 0.09213291
v -0.04733340 -0.05817242 0.08096047
v -0.04733235 -0.05817322 0.09213291
v -0.04733340 -0.05817242 0.08096047
v -0.03896053 -0.06408263 0.09213262
v -0.03896162 -0.06408192 0.08096020
v -0.03896053 -0.06408263 0.09213262
v -0.03896162 -0.06408192 0.08096020
v -0.02987206 -0.06879090 0.09213262
v -0.02987829 -0.06878962 0.08097407
v -0.02987206 -0.06879090 0.09213262
v -0.02987829 -0.06878962 0.08097407
v -0.02023459 -0.07221801 0.08097780
v -0.02022709 -0.07221778 0.09213263
v -0.02022709 -0.07221778 0.09213263
v -0.02023459 -0.07221801 0.08097780
v -0.01021182 -0.07429737 0.09213540
v -0.01021146 -0.07429740 0.08095769
v 0.00000009 0.07499143 0.09213541
v 0.00002036 0.07489215 0.09226125
v 0.01021685 0.07429332 0.09213290
v 0.01021685 0.07429332 0.09213290
v 0.00002036 0.07489215 0.09226125
v 0.01021833 0.07419178 0.09226126
v 0.01021685 0.07429332 0.09213290
v 0.01021833 0.07419178 0.09226126
v 0.02023313 0.07221042 0.09213540
v 0.02023313 0.07221042 0.09213540
v 0.01021833 0.07419178 0.09226126
v 0.02022591 0.07210934 0.09226125
v 0.02023313 0.07221042 0.09213540
v 0.02022591 0.07210934 0.09226125
v 0.02986642 0.06878594 0.09214875
v 0.03896042 0.06407820 0.09213258
v 0.02986642 0.06878594 0.09214875
v 0.03893136 0.06397833 0.09226126
v 0.03896042 0.06407820 0.09213258
v 0.03893136 0.06397833 0.09226126
v 0.04733224 0.05816876 0.09213290
v 0.04733224 0.05816876 0.09213290
v 0.03893136 0.06397833 0.09226126
v 0.04728076 0.05808125 0.09226126
v 0.04733224 0.05816876 0.09213290
v 0.04728076 0.05808125 0.09226126
v 0.05481235 0.05118186 0.09213290
v 0.05481235 0.05118186 0.09213290
v 0.04728076 0.05808125 0.09226126
v 0.05474942 0.05110219 0.09226126
v 0.05481235 0.05118186 0.09213290
v 0.05474942 0.05110219 0.09226126
v 0.06126758 0.04324505 0.09213537
v 0.06126758 0.04324505 0.09213537
v 0.05474942 0.05110219 0.09226126
v 0.06119820 0.04317116 0.09226126
v 0.06126758 0.04324505 0.09213537
v 0.06119820 0.04317116 0.09226126
v 0.06658368 0.03450608 0.09213261
v 0.06658368 0.03450608 0.09213261
v 0.06119820 0.04317116 0.09226126
v 0.06650697 0.03443587 0.09226126
v 0.06658368 0.03450608 0.09213261
v 0.06650697 0.03443587 0.09226126
v 0.07066241 0.02511817 0.09213259
v 0.07066241 0.02511817 0.09213259
v 0.06650697 0.03443587 0.09226126
v 0.07057683 0.02505910 0.09226125
v 0.07066241 0.02511817 0.09213259
v 0.07057683 0.02505910 0.09226125
v 0.07342714 0.01525082 0.09213290
v 0.07342714 0.01525082 0.09213290
v 0.07057683 0.02505910 0.09226125
v 0.07333199 0.01521544 0.09226126
v 0.07342714 0.01525082 0.09213290
v 0.07333199 0.01521544 0.09226126
v 0.07482019 0.00511041 0.09213290
v 0.07482019 0.00511041 0.09213290
v 0.07333199 0.01521544 0.09226126
v 0.07472112 0.00508831 0.09226125
v 0.07482019 0.00511041 0.09213290
v 0.07472112 0.00508831 0.09226125
v 0.07481877 -0.00512010 0.09213539
v 0.07481877 -0.00512010 0.09213539
v 0.07472112 0.00508831 0.09226125
v 0.07471832 -0.00513361 0.09226125
v 0.07481877 -0.00512010 0.09213539
v 0.07471832 -0.00513361 0.09226125
v 0.07342747 -0.01525393 0.09213263
v 0.07342747 -0.01525393 0.09213263
v 0.07471832 -0.00513361 0.09226125
v 0.07332365 -0.01525999 0.09226126
v 0.07342747 -0.01525393 0.09213263
v 0.07332365 -0.01525999 0.09226126
v 0.07066282 -0.02512133 0.09213288
v 0.07066282 -0.02512133 0.09213288
v 0.07332365 -0.01525999 0.09226126
v 0.07056313 -0.02510211 0.09226125
v 0.07066282 -0.02512133 0.09213288
v 0.07056313 -0.02510211 0.09226125
v 0.06658562 -0.03450434 0.09213539
v 0.06658562 -0.03450434 0.09213539
v 0.07056313 -0.02510211 0.09226125
v 0.06648813 -0.03447666 0.09226126
v 0.06658562 -0.03450434 0.09213539
v 0.06648813 -0.03447666 0.09226126
v 0.06127220 -0.04324488 0.09213262
v 0.06127220 -0.04324488 0.09213262
v 0.06648813 -0.03447666 0.09226126
v 0.06117459 -0.04320906 0.09226125
v 0.06127220 -0.04324488 0.09213262
v 0.06117459 -0.04320906 0.09226125
v 0.05481330 -0.05118536 0.09213263
v 0.05481330 -0.05118536 0.09213263
v 0.06117459 -0.04320906 0.09226125
v 0.05472147 -0.05113659 0.09226125
v 0.05481330 -0.05118536 0.09213263
v 0.05472147 -0.05113659 0.09226125
v 0.04733332 -0.05817239 0.09213263
v 0.04733332 -0.05817239 0.09213263
v 0.05472147 -0.05113659 0.09226125
v 0.04724900 -0.05811156 0.09226126
v 0.04733332 -0.05817239 0.09213263
v 0.04724900 -0.05811156 0.09226126
v 0.03896157 -0.06408189 0.09213289
v 0.03896157 -0.06408189 0.09213289
v 0.04724900 -0.05811156 0.09226126
v 0.03889637 -0.06400407 0.09226126
v 0.03896157 -0.06408189 0.09213289
v 0.03889637 -0.06400407 0.09226126
v 0.02987739 -0.06878732 0.09213539
v 0.02987739 -0.06878732 0.09213539
v 0.03889637 -0.06400407 0.09226126
v 0.02981918 -0.06870433 0.09226126
v 0.02987739 -0.06878732 0.09213539
v 0.02981918 -0.06870433 0.09226126
v 0.02023456 -0.07221640 0.09213092
v 0.02023456 -0.07221640 0.09213092
v 0.02981918 -0.06870433 0.09226126
v 0.02018643 -0.07212485 0.09226126
v 0.02023456 -0.07221640 0.09213092
v 0.02018643 -0.07212485 0.09226126
v 0.01021141 -0.07429741 0.09213542
v 0.01021141 -0.07429741 0.09213542
v 0.02018643 -0.07212485 0.09226126
v 0.01017779 -0.07420182 0.09226126
v 0.01021141 -0.07429741 0.09213542
v 0.01017779 -0.07420182 0.09226126
v -0.00000018 -0.07499589 0.09213540
v -0.00000018 -0.07499589 0.09213540
v 0.01017779 -0.07420182 0.09226126
v -0.00002055 -0.07489661 0.09226126
v -0.00000018 -0.07499589 0.09213540
v -0.00002055 -0.07489661 0.09226126
v -0.01021182 -0.07429737 0.09213540
v -0.01021182 -0.07429737 0.09213540
v -0.00002055 -0.07489661 0.09226126
v -0.01021839 -0.07419625 0.09226126
v -0.01021182 -0.07429737 0.09213540
v -0.01021839 -0.07419625 0.09226126
v -0.02022709 -0.07221778 0.09213263
v -0.02022709 -0.07221778 0.09213263
v -0.01021839 -0.07419625 0.09226126
v -0.02022601 -0.07211379 0.09226126
v -0.02022709 -0.07221778 0.09213263
v -0.02022601 -0.07211379 0.09226126
v -0.02987206 -0.06879090 0.09213262
v -0.02987206 -0.06879090 0.09213262
v -0.02022601 -0.07211379 0.09226126
v -0.02985685 -0.06868802 0.09226126
v -0.02987206 -0.06879090 0.09213262
v -0.02985685 -0.06868802 0.09226126
v -0.03896053 -0.06408263 0.09213262
v -0.03896053 -0.06408263 0.09213262
v -0.02985685 -0.06868802 0.09226126
v -0.03893147 -0.06398278 0.09226126
v -0.03896053 -0.06408263 0.09213262
v -0.03893147 -0.06398278 0.09226126
v -0.04733235 -0.05817322 0.09213291
v -0.04733235 -0.05817322 0.09213291
v -0.03893147 -0.06398278 0.09226126
v -0.04728088 -0.05808571 0.09226126
v -0.04733235 -0.05817322 0.09213291
v -0.04728088 -0.05808571 0.09226126
v -0.05480823 -0.05118925 0.09213542
v -0.05480823 -0.05118925 0.09213542
v -0.04728088 -0.05808571 0.09226126
v -0.05474955 -0.05110663 0.09226125
v -0.05480823 -0.05118925 0.09213542
v -0.05474955 -0.05110663 0.09226125
v -0.06126476 -0.04325558 0.09213262
v -0.06126476 -0.04325558 0.09213262
v -0.05474955 -0.05110663 0.09226125
v -0.06119829 -0.04317564 0.09226125
v -0.06126476 -0.04325558 0.09213262
v -0.06119829 -0.04317564 0.09226125
v -0.06658380 -0.03451053 0.09213262
v -0.06658380 -0.03451053 0.09213262
v -0.06119829 -0.04317564 0.09226125
v -0.06650710 -0.03444029 0.09226126
v -0.06658380 -0.03451053 0.09213262
v -0.06650710 -0.03444029 0.09226126
v -0.07066253 -0.02512261 0.09213260
v -0.07066253 -0.02512261 0.09213260
v -0.06650710 -0.03444029 0.09226126
v -0.07057696 -0.02506355 0.09226125
v -0.07066253 -0.02512261 0.09213260
v -0.07057696 -0.02506355 0.09226125
v -0.07342727 -0.01525526 0.09213291
v -0.07342727 -0.01525526 0.09213291
v -0.07057696 -0.02506355 0.09226125
v -0.07333211 -0.01521989 0.09226126
v -0.07342727 -0.01525526 0.09213291
v -0.07333211 -0.01521989 0.09226126
v -0.07482032 -0.00511486 0.09213291
v -0.07482032 -0.00511486 0.09213291
v -0.07333211 -0.01521989 0.09226126
v -0.07472124 -0.00509278 0.09226125
v -0.07482032 -0.00511486 0.09213291
v -0.07472124 -0.00509278 0.09226125
v -0.07481889 0.00511565 0.09213539
v -0.07481889 0.00511565 0.09213539
v -0.07472124 -0.00509278 0.09226125
v -0.07471844 0.00512915 0.09226125
v -0.07481889 0.00511565 0.09213539
v -0.07471844 0.00512915 0.09226125
v -0.07342760 0.01524949 0.09213263
v -0.07342760 0.01524949 0.09213263
v -0.07471844 0.00512915 0.09226125
v -0.07332377 0.01525554 0.09226126
v -0.07342760 0.01524949 0.09213263
v -0.07332377 0.01525554 0.09226126
v -0.07066293 0.02511688 0.09213287
v -0.07066293 0.02511688 0.09213287
v -0.07332377 0.01525554 0.09226126
v -0.07056326 0.02509766 0.09226125
v -0.07066293 0.02511688 0.09213287
v -0.07056326 0.02509766 0.09226125
v -0.06658437 0.03450487 0.09213289
v -0.06658437 0.03450487 0.09213289
v -0.07056326 0.02509766 0.09226125
v -0.06648826 0.03447221 0.09226126
v -0.06658437 0.03450487 0.09213289
v -0.06648826 0.03447221 0.09226126
v -0.06126552 0.04324999 0.09213288
v -0.06126552 0.04324999 0.09213288
v -0.06648826 0.03447221 0.09226126
v -0.06117468 0.04320463 0.09226126
v -0.06126552 0.04324999 0.09213288
v -0.06117468 0.04320463 0.09226126
v -0.05480801 0.05118505 0.09213539
v -0.05480801 0.05118505 0.09213539
v -0.06117468 0.04320463 0.09226126
v -0.05472160 0.05113211 0.09226126
v -0.05480801 0.05118505 0.09213539
v -0.05472160 0.05113211 0.09226126
v -0.04733345 0.05816795 0.09213261
v -0.04733345 0.05816795 0.09213261
v -0.05472160 0.05113211 0.09226126
v -0.04724910 0.05810710 0.09226126
v -0.04733345 0.05816795 0.09213261
v -0.04724910 0.05810710 0.09226126
v -0.03896168 0.06407745 0.09213287
v -0.03896168 0.06407745 0.09213287
v -0.04724910 0.05810710 0.09226126
v -0.03889647 0.06399963 0.09226125
v -0.03896168 0.06407745 0.09213287
v -0.03889647 0.06399963 0.09226125
v -0.02987749 0.06878288 0.09213535
v -0.02987749 0.06878288 0.09213535
v -0.03889647 0.06399963 0.09226125
v -0.02981927 0.06869990 0.09226125
v -0.02987749 0.06878288 0.09213535
v -0.02981927 0.06869990 0.09226125
v -0.02023969 0.07220979 0.09213262
v -0.02023969 0.07220979 0.09213262
v -0.02981927 0.06869990 0.09226125
v -0.02018657 0.07212039 0.09226126
v -0.02023969 0.07220979 0.09213262
v -0.02018657 0.07212039 0.09226126
v -0.01021832 0.07429318 0.09213262
v -0.01021832 0.07429318 0.09213262
v -0.02018657 0.07212039 0.09226126
v -0.01017789 0.07419738 0.09226126
v -0.01021832 0.07429318 0.09213262
v -0.01017789 0.07419738 0.09226126
v 0.00000009 0.07499143 0.09213541
v 0.00000009 0.07499143 0.09213541
v -0.01017789 0.07419738 0.09226126
v 0.00002036 0.07489215 0.09226125
v 0.02986642 0.06878594 0.09214875
v 0.02022591 0.07210934 0.09226125
v 0.02984871 0.06866933 0.09226587
v 0.02986642 0.06878594 0.09214875
v 0.02984871 0.06866933 0.09226587
v 0.03893136 0.06397833 0.09226126
v 0.02022591 0.07210934 0.09226125
v 0.01021833 0.07419178 0.09226126
v 0.01014011 0.07397633 0.09229975
v 0.03893136 0.06397833 0.09226126
v 0.02984871 0.06866933 0.09226587
v 0.02971134 0.06847470 0.09230915
v 0.04728076 0.05808125 0.09226126
v 0.03893136 0.06397833 0.09226126
v 0.03877374 0.06381192 0.09229974
v 0.06119820 0.04317116 0.09226126
v 0.05474942 0.05110219 0.09226126
v 0.05455275 0.05098447 0.09229974
v 0.07057683 0.02505910 0.09226125
v 0.06650697 0.03443587 0.09226126
v 0.06626236 0.03436564 0.09230914
v 0.07333199 0.01521544 0.09226126
v 0.07057683 0.02505910 0.09226125
v 0.07032494 0.02502282 0.09230914
v 0.07472112 0.00508831 0.09226125
v 0.07333199 0.01521544 0.09226126
v 0.07305260 0.01521025 0.09232027
v 0.07332365 -0.01525999 0.09226126
v 0.07471832 -0.00513361 0.09226125
v 0.07449806 -0.00507025 0.09229974
v 0.07056313 -0.02510211 0.09226125
v 0.07332365 -0.01525999 0.09226126
v 0.07311408 -0.01516721 0.09229974
v 0.06117459 -0.04320906 0.09226125
v 0.06648813 -0.03447666 0.09226126
v 0.06626811 -0.03430443 0.09232027
v 0.05472147 -0.05113659 0.09226125
v 0.06117459 -0.04320906 0.09226125
v 0.06101930 -0.04304046 0.09229975
v 0.01017779 -0.07420182 0.09226126
v 0.02018643 -0.07212485 0.09226126
v 0.02016749 -0.07187104 0.09230915
v -0.00002055 -0.07489661 0.09226126
v 0.01017779 -0.07420182 0.09226126
v 0.01019162 -0.07392273 0.09232028
v -0.02022601 -0.07211379 0.09226126
v -0.01021839 -0.07419625 0.09226126
v -0.01013477 -0.07395590 0.09230914
v -0.02985685 -0.06868802 0.09226126
v -0.02022601 -0.07211379 0.09226126
v -0.02011042 -0.07188707 0.09230915
v -0.06650710 -0.03444029 0.09226126
v -0.06119829 -0.04317564 0.09226125
v -0.06098744 -0.04308576 0.09229974
v -0.07057696 -0.02506355 0.09226125
v -0.06650710 -0.03444029 0.09226126
v -0.06628597 -0.03438000 0.09229974
v -0.07333211 -0.01521989 0.09226126
v -0.07057696 -0.02506355 0.09226125
v -0.07032507 -0.02502726 0.09230914
v -0.07472124 -0.00509278 0.09226125
v -0.07333211 -0.01521989 0.09226126
v -0.07307764 -0.01521821 0.09230914
v -0.07332377 0.01525554 0.09226126
v -0.07471844 0.00512915 0.09226125
v -0.07449817 0.00506581 0.09229974
v -0.07056326 0.02509766 0.09226125
v -0.07332377 0.01525554 0.09226126
v -0.07311420 0.01516276 0.09229974
v -0.06117468 0.04320463 0.09226126
v -0.06648826 0.03447221 0.09226126
v -0.06628981 0.03431292 0.09230914
v -0.05472160 0.05113211 0.09226126
v -0.06117468 0.04320463 0.09226126
v -0.06099980 0.04301975 0.09230914
v -0.01017789 0.07419738 0.09226126
v -0.02018657 0.07212039 0.09226126
v -0.02017257 0.07189160 0.09229974
v 0.00002036 0.07489215 0.09226125
v -0.01017789 0.07419738 0.09226126
v -0.01019508 0.07396880 0.09229975
v 0.03876153 0.06364834 0.09273858
v 0.04703222 0.05780624 0.09273917
v 0.03871816 0.06367230 0.09244757
v 0.03876153 0.06364834 0.09273858
v 0.03871816 0.06367230 0.09244757
v 0.02967469 0.06831871 0.09254955
v -0.00000330 0.07450650 0.09247109
v 0.01014472 0.07382614 0.09244759
v -0.00002780 0.07466806 0.09229974
v -0.00000330 0.07450650 0.09247109
v -0.00002780 0.07466806 0.09229974
v -0.01019508 0.07396880 0.09229975
v -0.03882119 0.06378313 0.09229974
v -0.02975731 0.06842743 0.09232027
v -0.02981927 0.06869990 0.09226125
v -0.03882119 0.06378313 0.09229974
v -0.02981927 0.06869990 0.09226125
v -0.03889647 0.06399963 0.09226125
v -0.01014162 -0.07379577 0.09254956
v -0.02009540 -0.07172750 0.09254956
v -0.01013477 -0.07395590 0.09230914
v -0.01014162 -0.07379577 0.09254956
v -0.01013477 -0.07395590 0.09230914
v 0.00003121 -0.07462200 0.09232028
v 0.03880959 -0.06376483 0.09230914
v 0.02976578 -0.06845553 0.09230914
v 0.02981918 -0.06870433 0.09226126
v 0.03889637 -0.06400407 0.09226126
v -0.06091678 0.04302442 0.09278918
v -0.06085447 0.04295215 0.09254955
v -0.06613662 0.03426574 0.09254955
v -0.07294530 -0.01516186 0.09249773
v -0.07434825 -0.00509043 0.09244760
v -0.07307764 -0.01521821 0.09230914
v -0.07294530 -0.01516186 0.09249773
v -0.07307764 -0.01521821 0.09230914
v -0.07032507 -0.02502726 0.09230914
v -0.04708452 -0.05792383 0.09230914
v -0.05455287 -0.05098892 0.09229974
v -0.05474955 -0.05110663 0.09226125
v -0.04708452 -0.05792383 0.09230914
v -0.05474955 -0.05110663 0.09226125
v -0.04728088 -0.05808571 0.09226126
v -0.01015010 0.07382541 0.09244762
v -0.00000330 0.07450650 0.09247109
v -0.01019508 0.07396880 0.09229975
v -0.01015010 0.07382541 0.09244762
v -0.01019508 0.07396880 0.09229975
v -0.02017257 0.07189160 0.09229974
v -0.04714508 0.05790287 0.09229974
v -0.03882119 0.06378313 0.09229974
v -0.03889647 0.06399963 0.09226125
v -0.04724910 0.05810710 0.09226126
v -0.02971242 -0.06834432 0.09273020
v -0.03870144 -0.06364608 0.09254954
v -0.02968731 -0.06835578 0.09244762
v -0.02971242 -0.06834432 0.09273020
v -0.02968731 -0.06835578 0.09244762
v -0.02009540 -0.07172750 0.09254956
v 0.04714497 -0.05790731 0.09229974
v 0.03880959 -0.06376483 0.09230914
v 0.03889637 -0.06400407 0.09226126
v 0.04714497 -0.05790731 0.09229974
v 0.03889637 -0.06400407 0.09226126
v 0.04724900 -0.05811156 0.09226126
v -0.06620911 0.03432151 0.09278588
v -0.06091678 0.04302442 0.09278918
v -0.06613662 0.03426574 0.09254955
v -0.06620911 0.03432151 0.09278588
v -0.06613662 0.03426574 0.09254955
v -0.07018914 0.02494295 0.09257684
v -0.07434622 0.00510821 0.09273022
v -0.07293643 0.01515455 0.09260352
v -0.07434861 0.00508069 0.09244760
v -0.07434622 0.00510821 0.09273022
v -0.07434861 0.00508069 0.09244760
v -0.07434825 -0.00509043 0.09244760
v -0.07018603 -0.02494752 0.09254955
v -0.07294530 -0.01516186 0.09249773
v -0.07032507 -0.02502726 0.09230914
v -0.07018603 -0.02494752 0.09254955
v -0.07032507 -0.02502726 0.09230914
v -0.06616591 -0.03428957 0.09244762
v -0.06616591 -0.03428957 0.09244762
v -0.07032507 -0.02502726 0.09230914
v -0.06628597 -0.03438000 0.09229974
v -0.06616591 -0.03428957 0.09244762
v -0.06628597 -0.03438000 0.09229974
v -0.06098744 -0.04308576 0.09229974
v -0.03875897 -0.06379569 0.09230914
v -0.04708452 -0.05792383 0.09230914
v -0.04728088 -0.05808571 0.09226126
v -0.03875897 -0.06379569 0.09230914
v -0.04728088 -0.05808571 0.09226126
v -0.03893147 -0.06398278 0.09226126
v 0.02012966 0.07174915 0.09273019
v 0.02967469 0.06831871 0.09254955
v 0.02010323 0.07175709 0.09244763
v 0.02012966 0.07174915 0.09273019
v 0.02010323 0.07175709 0.09244763
v 0.01014472 0.07382614 0.09244759
v -0.02011154 0.07176992 0.09242532
v -0.01015010 0.07382541 0.09244762
v -0.02017257 0.07189160 0.09229974
v -0.02011154 0.07176992 0.09242532
v -0.02017257 0.07189160 0.09229974
v -0.02975731 0.06842743 0.09232027
v -0.05459071 0.05094397 0.09229974
v -0.04714508 0.05790287 0.09229974
v -0.04724910 0.05810710 0.09226126
v -0.05459071 0.05094397 0.09229974
v -0.04724910 0.05810710 0.09226126
v -0.05472160 0.05113211 0.09226126
v -0.04707100 -0.05785129 0.09278984
v -0.05449120 -0.05086330 0.09275038
v -0.04700713 -0.05778347 0.09254955
v -0.04707100 -0.05785129 0.09278984
v -0.04700713 -0.05778347 0.09254955
v -0.03870144 -0.06364608 0.09254954
v -0.00000004 -0.07449227 0.09257684
v -0.01014162 -0.07379577 0.09254956
v 0.00003121 -0.07462200 0.09232028
v -0.00000004 -0.07449227 0.09257684
v 0.00003121 -0.07462200 0.09232028
v 0.01019162 -0.07392273 0.09232028
v 0.05459061 -0.05094840 0.09229974
v 0.04714497 -0.05790731 0.09229974
v 0.04724900 -0.05811156 0.09226126
v 0.05459061 -0.05094840 0.09229974
v 0.04724900 -0.05811156 0.09226126
v 0.05472147 -0.05113659 0.09226125
v -0.07027208 0.02497840 0.09278983
v -0.06620911 0.03432151 0.09278588
v -0.07018914 0.02494295 0.09257684
v -0.07027208 0.02497840 0.09278983
v -0.07018914 0.02494295 0.09257684
v -0.07293643 0.01515455 0.09260352
v -0.07435060 -0.00508670 0.09273920
v -0.07434622 0.00510821 0.09273022
v -0.07434825 -0.00509043 0.09244760
v -0.07435060 -0.00508670 0.09273920
v -0.07434825 -0.00509043 0.09244760
v -0.07294530 -0.01516186 0.09249773
v -0.06086958 -0.04297257 0.09247111
v -0.06616591 -0.03428957 0.09244762
v -0.06098744 -0.04308576 0.09229974
v -0.06086958 -0.04297257 0.09247111
v -0.06098744 -0.04308576 0.09229974
v -0.05455287 -0.05098892 0.09229974
v -0.02972334 -0.06850170 0.09229975
v -0.03875897 -0.06379569 0.09230914
v -0.03893147 -0.06398278 0.09226126
v -0.02972334 -0.06850170 0.09229975
v -0.03893147 -0.06398278 0.09226126
v -0.02985685 -0.06868802 0.09226126
v -0.07472124 -0.00509278 0.09226125
v -0.07307764 -0.01521821 0.09230914
v -0.07449439 -0.00512555 0.09229974
v -0.06628981 0.03431292 0.09230914
v -0.07032183 0.02495695 0.09232027
v -0.06613662 0.03426574 0.09254955
v -0.06628981 0.03431292 0.09230914
v -0.06613662 0.03426574 0.09254955
v -0.06085447 0.04295215 0.09254955
v -0.04703211 0.05780375 0.09244757
v -0.05446531 0.05086113 0.09244757
v -0.04699502 0.05783659 0.09273857
v -0.04703211 0.05780375 0.09244757
v -0.04699502 0.05783659 0.09273857
v -0.03872056 0.06367334 0.09273918
v -0.02009801 0.07173002 0.09260353
v -0.02967698 0.06832091 0.09257687
v -0.02010024 0.07181787 0.09278919
v -0.02009801 0.07173002 0.09260353
v -0.02010024 0.07181787 0.09278919
v -0.01010137 0.07383421 0.09273858
v -0.07311420 0.01516276 0.09229974
v -0.06099980 0.04301975 0.09230914
v -0.03882119 0.06378313 0.09229974
v -0.04714508 0.05790287 0.09229974
v -0.03872278 0.06366954 0.09244759
v -0.03882119 0.06378313 0.09229974
v -0.03872278 0.06366954 0.09244759
v -0.02975731 0.06842743 0.09232027
v 0.02967469 0.06831871 0.09254955
v 0.02012966 0.07174915 0.09273019
v 0.02973274 0.06839441 0.09278918
v 0.02967469 0.06831871 0.09254955
v 0.02973274 0.06839441 0.09278918
v 0.03876153 0.06364834 0.09273858
v -0.01017789 0.07419738 0.09226126
v -0.02017257 0.07189160 0.09229974
v -0.01019508 0.07396880 0.09229975
v 0.02011908 0.07190657 0.09229974
v 0.01014011 0.07397633 0.09229975
v 0.02010323 0.07175709 0.09244763
v 0.02011908 0.07190657 0.09229974
v 0.02010323 0.07175709 0.09244763
v 0.02971134 0.06847470 0.09230915
v 0.02971134 0.06847470 0.09230915
v 0.02010323 0.07175709 0.09244763
v 0.02967469 0.06831871 0.09254955
v 0.02971134 0.06847470 0.09230915
v 0.02967469 0.06831871 0.09254955
v 0.03871816 0.06367230 0.09244757
v 0.05446156 0.05086501 0.09244759
v 0.04702788 0.05780709 0.09244759
v 0.05446574 0.05086359 0.09273917
v 0.05446156 0.05086501 0.09244759
v 0.05446574 0.05086359 0.09273917
v 0.06089622 0.04295248 0.09273020
v 0.02022591 0.07210934 0.09226125
v 0.01014011 0.07397633 0.09229975
v 0.02011908 0.07190657 0.09229974
v 0.04710197 0.05793785 0.09229974
v 0.03877374 0.06381192 0.09229974
v 0.04702788 0.05780709 0.09244759
v 0.04710197 0.05793785 0.09229974
v 0.04702788 0.05780709 0.09244759
v 0.05446156 0.05086501 0.09244759
v 0.03893136 0.06397833 0.09226126
v 0.02971134 0.06847470 0.09230915
v 0.03877374 0.06381192 0.09229974
v 0.06098736 0.04308126 0.09229974
v 0.05455275 0.05098447 0.09229974
v 0.06088073 0.04297533 0.09244762
v 0.06098736 0.04308126 0.09229974
v 0.06088073 0.04297533 0.09244762
v 0.06626236 0.03436564 0.09230914
v 0.06626236 0.03436564 0.09230914
v 0.06088073 0.04297533 0.09244762
v 0.06613548 0.03426770 0.09254955
v 0.06626236 0.03436564 0.09230914
v 0.06613548 0.03426770 0.09254955
v 0.07020150 0.02494897 0.09249771
v 0.07434812 0.00508598 0.09244760
v 0.07293197 0.01515323 0.09257684
v 0.07434950 0.00505841 0.09273022
v 0.07434812 0.00508598 0.09244760
v 0.07434950 0.00505841 0.09273022
v 0.07434719 -0.00513466 0.09273859
v 0.06098736 0.04308126 0.09229974
v 0.07057683 0.02505910 0.09226125
v 0.06626236 0.03436564 0.09230914
v 0.07032494 0.02502282 0.09230914
v 0.07449806 -0.00507025 0.09229974
v 0.07449426 0.00512111 0.09229974
v 0.07434848 -0.00508515 0.09244760
v 0.07449806 -0.00507025 0.09229974
v 0.07434848 -0.00508515 0.09244760
v 0.07295090 -0.01515832 0.09247111
v 0.05445577 -0.05085603 0.09247112
v 0.06087319 -0.04296729 0.09247110
v 0.05445186 -0.05090954 0.09275695
v 0.05445577 -0.05085603 0.09247112
v 0.05445186 -0.05090954 0.09275695
v 0.04701223 -0.05778878 0.09260349
v 0.03870324 -0.06364493 0.09254955
v 0.04701223 -0.05778878 0.09260349
v 0.03874577 -0.06372780 0.09278984
v 0.03870324 -0.06364493 0.09254955
v 0.03874577 -0.06372780 0.09278984
v 0.02970758 -0.06841017 0.09278985
v 0.07333199 0.01521544 0.09226126
v 0.07032494 0.02502282 0.09230914
v 0.07305260 0.01521025 0.09232027
v 0.07311408 -0.01516721 0.09229974
v 0.07449806 -0.00507025 0.09229974
v 0.07295090 -0.01515832 0.09247111
v 0.07311408 -0.01516721 0.09229974
v 0.07295090 -0.01515832 0.09247111
v 0.07020768 -0.02495063 0.09247111
v 0.06626811 -0.03430443 0.09232027
v 0.07020768 -0.02495063 0.09247111
v 0.06613856 -0.03427247 0.09257684
v 0.06626811 -0.03430443 0.09232027
v 0.06613856 -0.03427247 0.09257684
v 0.06087319 -0.04296729 0.09247110
v 0.02967673 -0.06832225 0.09254955
v 0.02967673 -0.06832225 0.09254955
v 0.02970758 -0.06841017 0.09278985
v 0.02009745 -0.07180057 0.09276895
v 0.07472112 0.00508831 0.09226125
v 0.07305260 0.01521025 0.09232027
v 0.07449426 0.00512111 0.09229974
v 0.07036813 -0.02498168 0.09229974
v 0.07311408 -0.01516721 0.09229974
v 0.07020768 -0.02495063 0.09247111
v 0.07036813 -0.02498168 0.09229974
v 0.07020768 -0.02495063 0.09247111
v 0.06626811 -0.03430443 0.09232027
v 0.07311408 -0.01516721 0.09229974
v 0.06101930 -0.04304046 0.09229975
v 0.06626811 -0.03430443 0.09232027
v 0.06087319 -0.04296729 0.09247110
v 0.06101930 -0.04304046 0.09229975
v 0.06087319 -0.04296729 0.09247110
v 0.05445577 -0.05085603 0.09247112
v -0.00000004 -0.07449227 0.09257684
v 0.01014300 -0.07379846 0.09257685
v -0.00001514 -0.07457943 0.09278590
v -0.00000004 -0.07449227 0.09257684
v -0.00001514 -0.07457943 0.09278590
v -0.01016090 -0.07388691 0.09278984
v 0.06117459 -0.04320906 0.09226125
v 0.06626811 -0.03430443 0.09232027
v 0.06101930 -0.04304046 0.09229975
v 0.02976578 -0.06845553 0.09230914
v 0.03880959 -0.06376483 0.09230914
v 0.02967673 -0.06832225 0.09254955
v 0.02976578 -0.06845553 0.09230914
v 0.02967673 -0.06832225 0.09254955
v 0.02009986 -0.07173409 0.09252319
v 0.01017779 -0.07420182 0.09226126
v 0.02016749 -0.07187104 0.09230915
v 0.01019162 -0.07392273 0.09232028
v -0.06086958 -0.04297257 0.09247111
v -0.05445150 -0.05086073 0.09247112
v -0.06092118 -0.04295782 0.09275696
v -0.06086958 -0.04297257 0.09247111
v -0.06092118 -0.04295782 0.09275696
v -0.06619051 -0.03424662 0.09273859
v -0.07018603 -0.02494752 0.09254955
v -0.06619051 -0.03424662 0.09273859
v -0.07028100 -0.02495676 0.09278918
v -0.07018603 -0.02494752 0.09254955
v -0.07028100 -0.02495676 0.09278918
v -0.07298411 -0.01516505 0.09275759
v -0.02022601 -0.07211379 0.09226126
v -0.01013477 -0.07395590 0.09230914
v -0.02011042 -0.07188707 0.09230915
v -0.07294530 -0.01516186 0.09249773
v -0.07018603 -0.02494752 0.09254955
v -0.07298411 -0.01516505 0.09275759
v -0.07294530 -0.01516186 0.09249773
v -0.07298411 -0.01516505 0.09275759
v -0.07435060 -0.00508670 0.09273920
v -0.06650710 -0.03444029 0.09226126
v -0.06098744 -0.04308576 0.09229974
v -0.06628597 -0.03438000 0.09229974
v -0.07449439 -0.00512555 0.09229974
v -0.07307764 -0.01521821 0.09230914
v -0.07434825 -0.00509043 0.09244760
v -0.07449439 -0.00512555 0.09229974
v -0.07434825 -0.00509043 0.09244760
v -0.07434861 0.00508069 0.09244760
v -0.03872056 0.06367334 0.09273918
v -0.02967698 0.06832091 0.09257687
v -0.03872278 0.06366954 0.09244759
v -0.03872056 0.06367334 0.09273918
v -0.03872278 0.06366954 0.09244759
v -0.04703211 0.05780375 0.09244757
v -0.06085447 0.04295215 0.09254955
v -0.05446531 0.05086113 0.09244757
v -0.06099980 0.04301975 0.09230914
v -0.06085447 0.04295215 0.09254955
v -0.06099980 0.04301975 0.09230914
v -0.06628981 0.03431292 0.09230914
v -0.07449439 -0.00512555 0.09229974
v -0.07449817 0.00506581 0.09229974
v -0.07471844 0.00512915 0.09226125
v -0.07472124 -0.00509278 0.09226125
v -0.07056326 0.02509766 0.09226125
v -0.07311420 0.01516276 0.09229974
v -0.07032183 0.02495695 0.09232027
v -0.05459071 0.05094397 0.09229974
v -0.06099980 0.04301975 0.09230914
v -0.05446531 0.05086113 0.09244757
v -0.05459071 0.05094397 0.09229974
v -0.05446531 0.05086113 0.09244757
v -0.04703211 0.05780375 0.09244757
v 0.00002194 0.07453726 0.09275038
v 0.01014888 0.07382769 0.09273919
v -0.00000330 0.07450650 0.09247109
v 0.00002194 0.07453726 0.09275038
v -0.00000330 0.07450650 0.09247109
v -0.01010137 0.07383421 0.09273858
v -0.01010137 0.07383421 0.09273858
v -0.00000330 0.07450650 0.09247109
v -0.01015010 0.07382541 0.09244762
v -0.01010137 0.07383421 0.09273858
v -0.01015010 0.07382541 0.09244762
v -0.02009801 0.07173002 0.09260353
v -0.02009801 0.07173002 0.09260353
v -0.01015010 0.07382541 0.09244762
v -0.02011154 0.07176992 0.09242532
v -0.02009801 0.07173002 0.09260353
v -0.02011154 0.07176992 0.09242532
v -0.02967698 0.06832091 0.09257687
v -0.02967698 0.06832091 0.09257687
v -0.02011154 0.07176992 0.09242532
v -0.02975731 0.06842743 0.09232027
v -0.02967698 0.06832091 0.09257687
v -0.02975731 0.06842743 0.09232027
v -0.03872278 0.06366954 0.09244759
v -0.04703211 0.05780375 0.09244757
v -0.03872278 0.06366954 0.09244759
v -0.04714508 0.05790287 0.09229974
v -0.04703211 0.05780375 0.09244757
v -0.04714508 0.05790287 0.09229974
v -0.05459071 0.05094397 0.09229974
v -0.07032183 0.02495695 0.09232027
v -0.06628981 0.03431292 0.09230914
v -0.06648826 0.03447221 0.09226126
v -0.07032183 0.02495695 0.09232027
v -0.06648826 0.03447221 0.09226126
v -0.07056326 0.02509766 0.09226125
v -0.05472160 0.05113211 0.09226126
v -0.06099980 0.04301975 0.09230914
v -0.05459071 0.05094397 0.09229974
v 0.01014472 0.07382614 0.09244759
v -0.00000330 0.07450650 0.09247109
v 0.01014888 0.07382769 0.09273919
v 0.01014472 0.07382614 0.09244759
v 0.01014888 0.07382769 0.09273919
v 0.02012966 0.07174915 0.09273019
v 0.06622828 0.03428980 0.09278915
v 0.07025122 0.02492417 0.09275696
v 0.06613548 0.03426770 0.09254955
v 0.06622828 0.03428980 0.09278915
v 0.06613548 0.03426770 0.09254955
v 0.06089622 0.04295248 0.09273020
v 0.04703222 0.05780624 0.09273917
v 0.04703222 0.05780624 0.09273917
v 0.04702788 0.05780709 0.09244759
v 0.03871816 0.06367230 0.09244757
v 0.01014472 0.07382614 0.09244759
v 0.02010323 0.07175709 0.09244763
v 0.01014011 0.07397633 0.09229975
v 0.01014472 0.07382614 0.09244759
v 0.01014011 0.07397633 0.09229975
v -0.00002780 0.07466806 0.09229974
v -0.02975731 0.06842743 0.09232027
v -0.02017257 0.07189160 0.09229974
v -0.02018657 0.07212039 0.09226126
v -0.02975731 0.06842743 0.09232027
v -0.02018657 0.07212039 0.09226126
v -0.02981927 0.06869990 0.09226125
v -0.00002780 0.07466806 0.09229974
v 0.06088073 0.04297533 0.09244762
v 0.05446156 0.05086501 0.09244759
v 0.06089622 0.04295248 0.09273020
v 0.06088073 0.04297533 0.09244762
v 0.06089622 0.04295248 0.09273020
v 0.06613548 0.03426770 0.09254955
v 0.07293197 0.01515323 0.09257684
v 0.07025122 0.02492417 0.09275696
v 0.07302126 0.01516603 0.09278985
v 0.07293197 0.01515323 0.09257684
v 0.07302126 0.01516603 0.09278985
v 0.07434950 0.00505841 0.09273022
v 0.07025122 0.02492417 0.09275696
v 0.07293197 0.01515323 0.09257684
v 0.07020150 0.02494897 0.09249771
v 0.07025122 0.02492417 0.09275696
v 0.07020150 0.02494897 0.09249771
v 0.06613548 0.03426770 0.09254955
v 0.03871816 0.06367230 0.09244757
v 0.04702788 0.05780709 0.09244759
v 0.03877374 0.06381192 0.09229974
v 0.03871816 0.06367230 0.09244757
v 0.03877374 0.06381192 0.09229974
v 0.02971134 0.06847470 0.09230915
v -0.00002780 0.07466806 0.09229974
v 0.01014011 0.07397633 0.09229975
v 0.01021833 0.07419178 0.09226126
v 0.00002036 0.07489215 0.09226125
v 0.05446156 0.05086501 0.09244759
v 0.06088073 0.04297533 0.09244762
v 0.05455275 0.05098447 0.09229974
v 0.05446156 0.05086501 0.09244759
v 0.05455275 0.05098447 0.09229974
v 0.04710197 0.05793785 0.09229974
v 0.02011908 0.07190657 0.09229974
v 0.02971134 0.06847470 0.09230915
v 0.02984871 0.06866933 0.09226587
v 0.02011908 0.07190657 0.09229974
v 0.02984871 0.06866933 0.09226587
v 0.02022591 0.07210934 0.09226125
v 0.04710197 0.05793785 0.09229974
v 0.07032494 0.02502282 0.09230914
v 0.06626236 0.03436564 0.09230914
v 0.07020150 0.02494897 0.09249771
v 0.07032494 0.02502282 0.09230914
v 0.07020150 0.02494897 0.09249771
v 0.07305260 0.01521025 0.09232027
v 0.07305260 0.01521025 0.09232027
v 0.07020150 0.02494897 0.09249771
v 0.07293197 0.01515323 0.09257684
v 0.07305260 0.01521025 0.09232027
v 0.07293197 0.01515323 0.09257684
v 0.07434812 0.00508598 0.09244760
v 0.07434848 -0.00508515 0.09244760
v 0.07434848 -0.00508515 0.09244760
v 0.07434719 -0.00513466 0.09273859
v 0.07295090 -0.01515832 0.09247111
v 0.07295090 -0.01515832 0.09247111
v 0.07434719 -0.00513466 0.09273859
v 0.07297536 -0.01520610 0.09275697
v 0.07295090 -0.01515832 0.09247111
v 0.07297536 -0.01520610 0.09275697
v 0.07023729 -0.02496815 0.09275759
v 0.06613856 -0.03427247 0.09257684
v 0.07023729 -0.02496815 0.09275759
v 0.06621592 -0.03431889 0.09278983
v 0.06613856 -0.03427247 0.09257684
v 0.06621592 -0.03431889 0.09278983
v 0.06088377 -0.04300565 0.09275040
v 0.07023729 -0.02496815 0.09275759
v 0.06613856 -0.03427247 0.09257684
v 0.07020768 -0.02495063 0.09247111
v 0.07023729 -0.02496815 0.09275759
v 0.07020768 -0.02495063 0.09247111
v 0.07295090 -0.01515832 0.09247111
v 0.04710197 0.05793785 0.09229974
v 0.05455275 0.05098447 0.09229974
v 0.05474942 0.05110219 0.09226126
v 0.04710197 0.05793785 0.09229974
v 0.05474942 0.05110219 0.09226126
v 0.04728076 0.05808125 0.09226126
v 0.04704927 -0.05786846 0.09278918
v 0.03874577 -0.06372780 0.09278984
v 0.04701223 -0.05778878 0.09260349
v 0.04704927 -0.05786846 0.09278918
v 0.04701223 -0.05778878 0.09260349
v 0.05445186 -0.05090954 0.09275695
v 0.06088377 -0.04300565 0.09275040
v 0.05445186 -0.05090954 0.09275695
v 0.06087319 -0.04296729 0.09247110
v 0.06088377 -0.04300565 0.09275040
v 0.06087319 -0.04296729 0.09247110
v 0.06613856 -0.03427247 0.09257684
v 0.07434812 0.00508598 0.09244760
v 0.07434848 -0.00508515 0.09244760
v 0.07449426 0.00512111 0.09229974
v 0.07434812 0.00508598 0.09244760
v 0.07449426 0.00512111 0.09229974
v 0.07305260 0.01521025 0.09232027
v 0.06098736 0.04308126 0.09229974
v 0.06626236 0.03436564 0.09230914
v 0.06650697 0.03443587 0.09226126
v 0.06098736 0.04308126 0.09229974
v 0.06650697 0.03443587 0.09226126
v 0.06119820 0.04317116 0.09226126
v 0.01013341 -0.07389033 0.09278918
v -0.00001514 -0.07457943 0.09278590
v 0.01014300 -0.07379846 0.09257685
v 0.01013341 -0.07389033 0.09278918
v 0.01014300 -0.07379846 0.09257685
v 0.02009745 -0.07180057 0.09276895
v 0.02009745 -0.07180057 0.09276895
v 0.01014300 -0.07379846 0.09257685
v 0.02009986 -0.07173409 0.09252319
v 0.02009745 -0.07180057 0.09276895
v 0.02009986 -0.07173409 0.09252319
v 0.02967673 -0.06832225 0.09254955
v 0.04701223 -0.05778878 0.09260349
v 0.03870324 -0.06364493 0.09254955
v 0.04704059 -0.05782001 0.09242526
v 0.04701223 -0.05778878 0.09260349
v 0.04704059 -0.05782001 0.09242526
v 0.05445577 -0.05085603 0.09247112
v 0.07449426 0.00512111 0.09229974
v 0.07449806 -0.00507025 0.09229974
v 0.07471832 -0.00513361 0.09226125
v 0.07472112 0.00508831 0.09226125
v 0.07056313 -0.02510211 0.09226125
v 0.07311408 -0.01516721 0.09229974
v 0.07036813 -0.02498168 0.09229974
v 0.05459061 -0.05094840 0.09229974
v 0.06101930 -0.04304046 0.09229975
v 0.05445577 -0.05085603 0.09247112
v 0.05459061 -0.05094840 0.09229974
v 0.05445577 -0.05085603 0.09247112
v 0.04704059 -0.05782001 0.09242526
v -0.01014162 -0.07379577 0.09254956
v -0.00000004 -0.07449227 0.09257684
v -0.01016090 -0.07388691 0.09278984
v -0.01014162 -0.07379577 0.09254956
v -0.01016090 -0.07388691 0.09278984
v -0.02012694 -0.07181516 0.09278984
v -0.02012694 -0.07181516 0.09278984
v -0.02971242 -0.06834432 0.09273020
v -0.02009540 -0.07172750 0.09254956
v -0.02009540 -0.07172750 0.09254956
v 0.03870324 -0.06364493 0.09254955
v 0.02967673 -0.06832225 0.09254955
v 0.03880959 -0.06376483 0.09230914
v 0.03870324 -0.06364493 0.09254955
v 0.03880959 -0.06376483 0.09230914
v 0.04704059 -0.05782001 0.09242526
v 0.04704059 -0.05782001 0.09242526
v 0.03880959 -0.06376483 0.09230914
v 0.04714497 -0.05790731 0.09229974
v 0.04704059 -0.05782001 0.09242526
v 0.04714497 -0.05790731 0.09229974
v 0.05459061 -0.05094840 0.09229974
v 0.07036813 -0.02498168 0.09229974
v 0.06626811 -0.03430443 0.09232027
v 0.06648813 -0.03447666 0.09226126
v 0.07036813 -0.02498168 0.09229974
v 0.06648813 -0.03447666 0.09226126
v 0.07056313 -0.02510211 0.09226125
v 0.05459061 -0.05094840 0.09229974
v 0.02016749 -0.07187104 0.09230915
v 0.02976578 -0.06845553 0.09230914
v 0.02009986 -0.07173409 0.09252319
v 0.02016749 -0.07187104 0.09230915
v 0.02009986 -0.07173409 0.09252319
v 0.01019162 -0.07392273 0.09232028
v 0.01019162 -0.07392273 0.09232028
v 0.02009986 -0.07173409 0.09252319
v 0.01014300 -0.07379846 0.09257685
v 0.01019162 -0.07392273 0.09232028
v 0.01014300 -0.07379846 0.09257685
v -0.00000004 -0.07449227 0.09257684
v -0.03870144 -0.06364608 0.09254954
v -0.02971242 -0.06834432 0.09273020
v -0.03876927 -0.06371319 0.09278918
v -0.03876927 -0.06371319 0.09278918
v -0.05449120 -0.05086330 0.09275038
v -0.06092118 -0.04295782 0.09275696
v -0.05445150 -0.05086073 0.09247112
v -0.05449120 -0.05086330 0.09275038
v -0.05445150 -0.05086073 0.09247112
v -0.04700713 -0.05778347 0.09254955
v -0.02009540 -0.07172750 0.09254956
v -0.02968731 -0.06835578 0.09244762
v -0.02011042 -0.07188707 0.09230915
v -0.02009540 -0.07172750 0.09254956
v -0.02011042 -0.07188707 0.09230915
v -0.01013477 -0.07395590 0.09230914
v 0.02976578 -0.06845553 0.09230914
v 0.02016749 -0.07187104 0.09230915
v 0.02018643 -0.07212485 0.09226126
v 0.02981918 -0.06870433 0.09226126
v 0.00003121 -0.07462200 0.09232028
v -0.02972334 -0.06850170 0.09229975
v -0.02011042 -0.07188707 0.09230915
v -0.02968731 -0.06835578 0.09244762
v -0.02972334 -0.06850170 0.09229975
v -0.02968731 -0.06835578 0.09244762
v -0.03875897 -0.06379569 0.09230914
v -0.03875897 -0.06379569 0.09230914
v -0.02968731 -0.06835578 0.09244762
v -0.03870144 -0.06364608 0.09254954
v -0.03875897 -0.06379569 0.09230914
v -0.03870144 -0.06364608 0.09254954
v -0.04700713 -0.05778347 0.09254955
v -0.06619051 -0.03424662 0.09273859
v -0.07018603 -0.02494752 0.09254955
v -0.06616591 -0.03428957 0.09244762
v -0.06619051 -0.03424662 0.09273859
v -0.06616591 -0.03428957 0.09244762
v -0.06086958 -0.04297257 0.09247111
v -0.04700713 -0.05778347 0.09254955
v -0.05445150 -0.05086073 0.09247112
v -0.04708452 -0.05792383 0.09230914
v -0.04700713 -0.05778347 0.09254955
v -0.04708452 -0.05792383 0.09230914
v -0.03875897 -0.06379569 0.09230914
v 0.00003121 -0.07462200 0.09232028
v -0.01013477 -0.07395590 0.09230914
v -0.01021839 -0.07419625 0.09226126
v 0.00003121 -0.07462200 0.09232028
v -0.01021839 -0.07419625 0.09226126
v -0.00002055 -0.07489661 0.09226126
v -0.02985685 -0.06868802 0.09226126
v -0.02011042 -0.07188707 0.09230915
v -0.02972334 -0.06850170 0.09229975
v -0.05455287 -0.05098892 0.09229974
v -0.04708452 -0.05792383 0.09230914
v -0.05445150 -0.05086073 0.09247112
v -0.05455287 -0.05098892 0.09229974
v -0.05445150 -0.05086073 0.09247112
v -0.06086958 -0.04297257 0.09247111
v -0.07293643 0.01515455 0.09260352
v -0.07434622 0.00510821 0.09273022
v -0.07301544 0.01519300 0.09278918
v -0.07293643 0.01515455 0.09260352
v -0.07301544 0.01519300 0.09278918
v -0.07027208 0.02497840 0.09278983
v -0.06091678 0.04302442 0.09278918
v -0.05443303 0.05089872 0.09273858
v -0.06085447 0.04295215 0.09254955
v -0.07293643 0.01515455 0.09260352
v -0.07018914 0.02494295 0.09257684
v -0.07297811 0.01516095 0.09242527
v -0.07293643 0.01515455 0.09260352
v -0.07297811 0.01516095 0.09242527
v -0.07434861 0.00508069 0.09244760
v -0.05455287 -0.05098892 0.09229974
v -0.06098744 -0.04308576 0.09229974
v -0.06119829 -0.04317564 0.09226125
v -0.05474955 -0.05110663 0.09226125
v -0.07057696 -0.02506355 0.09226125
v -0.06628597 -0.03438000 0.09229974
v -0.07032507 -0.02502726 0.09230914
v -0.07449817 0.00506581 0.09229974
v -0.07449439 -0.00512555 0.09229974
v -0.07434861 0.00508069 0.09244760
v -0.07449817 0.00506581 0.09229974
v -0.07434861 0.00508069 0.09244760
v -0.07297811 0.01516095 0.09242527
v -0.07032183 0.02495695 0.09232027
v -0.07297811 0.01516095 0.09242527
v -0.07018914 0.02494295 0.09257684
v -0.07032183 0.02495695 0.09232027
v -0.07018914 0.02494295 0.09257684
v -0.06613662 0.03426574 0.09254955
v -0.07307764 -0.01521821 0.09230914
v -0.07311420 0.01516276 0.09229974
v -0.07449817 0.00506581 0.09229974
v -0.07297811 0.01516095 0.09242527
v -0.07311420 0.01516276 0.09229974
v -0.07297811 0.01516095 0.09242527
v -0.07032183 0.02495695 0.09232027
v -0.05446531 0.05086113 0.09244757
v -0.06085447 0.04295215 0.09254955
v -0.05443303 0.05089872 0.09273858
v -0.05446531 0.05086113 0.09244757
v -0.05443303 0.05089872 0.09273858
v -0.04699502 0.05783659 0.09273857
v -0.02967698 0.06832091 0.09257687
v -0.03872056 0.06367334 0.09273918
v -0.02969786 0.06840683 0.09278589
v -0.02967698 0.06832091 0.09257687
v -0.02969786 0.06840683 0.09278589
v -0.02010024 0.07181787 0.09278919
v -0.01010137 0.07383421 0.09273858
v -0.01021012 0.07412101 0.09294888
v 0.00002194 0.07453726 0.09275038
v 0.00002194 0.07453726 0.09275038
v -0.01021012 0.07412101 0.09294888
v -0.00000770 0.07482388 0.09295392
v 0.00002194 0.07453726 0.09275038
v -0.00000770 0.07482388 0.09295392
v 0.01014888 0.07382769 0.09273919
v 0.01014888 0.07382769 0.09273919
v -0.00000770 0.07482388 0.09295392
v 0.01019149 0.07412366 0.09294878
v 0.01014888 0.07382769 0.09273919
v 0.01019149 0.07412366 0.09294878
v 0.02012966 0.07174915 0.09273019
v 0.02012966 0.07174915 0.09273019
v 0.01019149 0.07412366 0.09294878
v 0.02019006 0.07204549 0.09294879
v 0.02012966 0.07174915 0.09273019
v 0.02019006 0.07204549 0.09294879
v 0.02973274 0.06839441 0.09278918
v 0.02973274 0.06839441 0.09278918
v 0.02019006 0.07204549 0.09294879
v 0.02980378 0.06863221 0.09295397
v 0.02973274 0.06839441 0.09278918
v 0.02980378 0.06863221 0.09295397
v 0.03876153 0.06364834 0.09273858
v 0.03876153 0.06364834 0.09273858
v 0.02980378 0.06863221 0.09295397
v 0.03885817 0.06393947 0.09294890
v 0.03876153 0.06364834 0.09273858
v 0.03885817 0.06393947 0.09294890
v 0.04703222 0.05780624 0.09273917
v 0.04703222 0.05780624 0.09273917
v 0.03885817 0.06393947 0.09294890
v 0.04722240 0.05803702 0.09294877
v 0.04703222 0.05780624 0.09273917
v 0.04722240 0.05803702 0.09294877
v 0.05446574 0.05086359 0.09273917
v 0.05468559 0.05106627 0.09294877
v 0.05446574 0.05086359 0.09273917
v 0.05468559 0.05106627 0.09294877
v 0.06089622 0.04295248 0.09273020
v 0.06089622 0.04295248 0.09273020
v 0.05468559 0.05106627 0.09294877
v 0.06111205 0.04314194 0.09293713
v 0.06089622 0.04295248 0.09273020
v 0.06111205 0.04314194 0.09293713
v 0.06622828 0.03428980 0.09278915
v 0.06622828 0.03428980 0.09278915
v 0.06111205 0.04314194 0.09293713
v 0.06642424 0.03444070 0.09294890
v 0.06622828 0.03428980 0.09278915
v 0.06642424 0.03444070 0.09294890
v 0.07025122 0.02492417 0.09275696
v 0.07049554 0.02507509 0.09294890
v 0.07025122 0.02492417 0.09275696
v 0.07049554 0.02507509 0.09294890
v 0.07302126 0.01516603 0.09278985
v 0.07302126 0.01516603 0.09278985
v 0.07049554 0.02507509 0.09294890
v 0.07325882 0.01521793 0.09294880
v 0.07302126 0.01516603 0.09278985
v 0.07325882 0.01521793 0.09294880
v 0.07434950 0.00505841 0.09273022
v 0.07434950 0.00505841 0.09273022
v 0.07325882 0.01521793 0.09294880
v 0.07464897 0.00510073 0.09294880
v 0.07434950 0.00505841 0.09273022
v 0.07464897 0.00510073 0.09294880
v 0.07434719 -0.00513466 0.09273859
v 0.07434719 -0.00513466 0.09273859
v 0.07464897 0.00510073 0.09294880
v 0.07465219 -0.00510094 0.09295397
v 0.07434719 -0.00513466 0.09273859
v 0.07465219 -0.00510094 0.09295397
v 0.07297536 -0.01520610 0.09275697
v 0.07297536 -0.01520610 0.09275697
v 0.07465219 -0.00510094 0.09295397
v 0.07324269 -0.01520734 0.09293359
v 0.07297536 -0.01520610 0.09275697
v 0.07324269 -0.01520734 0.09293359
v 0.07023729 -0.02496815 0.09275759
v 0.07023729 -0.02496815 0.09275759
v 0.07324269 -0.01520734 0.09293359
v 0.07048483 -0.02505380 0.09293347
v 0.07023729 -0.02496815 0.09275759
v 0.07048483 -0.02505380 0.09293347
v 0.06621592 -0.03431889 0.09278983
v 0.06644051 -0.03442034 0.09295399
v 0.06621592 -0.03431889 0.09278983
v 0.06644051 -0.03442034 0.09295399
v 0.06114080 -0.04313338 0.09294891
v 0.06621592 -0.03431889 0.09278983
v 0.06114080 -0.04313338 0.09294891
v 0.06088377 -0.04300565 0.09275040
v 0.06088377 -0.04300565 0.09275040
v 0.06114080 -0.04313338 0.09294891
v 0.05445186 -0.05090954 0.09275695
v 0.05445186 -0.05090954 0.09275695
v 0.06114080 -0.04313338 0.09294891
v 0.05467961 -0.05104952 0.09293357
v 0.05445186 -0.05090954 0.09275695
v 0.05467961 -0.05104952 0.09293357
v 0.04704927 -0.05786846 0.09278918
v 0.04704927 -0.05786846 0.09278918
v 0.05467961 -0.05104952 0.09293357
v 0.04723689 -0.05802956 0.09294890
v 0.04704927 -0.05786846 0.09278918
v 0.04723689 -0.05802956 0.09294890
v 0.03874577 -0.06372780 0.09278984
v 0.03874577 -0.06372780 0.09278984
v 0.04723689 -0.05802956 0.09294890
v 0.03887418 -0.06393427 0.09294879
v 0.03874577 -0.06372780 0.09278984
v 0.03887418 -0.06393427 0.09294879
v 0.02970758 -0.06841017 0.09278985
v 0.02980670 -0.06863218 0.09294879
v 0.02970758 -0.06841017 0.09278985
v 0.02980670 -0.06863218 0.09294879
v 0.02009745 -0.07180057 0.09276895
v 0.02009745 -0.07180057 0.09276895
v 0.02980670 -0.06863218 0.09294879
v 0.02019515 -0.07205155 0.09295397
v 0.02009745 -0.07180057 0.09276895
v 0.02019515 -0.07205155 0.09295397
v 0.01013341 -0.07389033 0.09278918
v 0.01013341 -0.07389033 0.09278918
v 0.02019515 -0.07205155 0.09295397
v 0.01020027 -0.07410787 0.09293359
v 0.01013341 -0.07389033 0.09278918
v 0.01020027 -0.07410787 0.09293359
v -0.00001514 -0.07457943 0.09278590
v -0.00001514 -0.07457943 0.09278590
v 0.01020027 -0.07410787 0.09293359
v 0.00000528 -0.07480936 0.09293713
v -0.00001514 -0.07457943 0.09278590
v 0.00000528 -0.07480936 0.09293713
v -0.01016090 -0.07388691 0.09278984
v -0.01016090 -0.07388691 0.09278984
v 0.00000528 -0.07480936 0.09293713
v -0.01018711 -0.07410975 0.09293349
v -0.01016090 -0.07388691 0.09278984
v -0.01018711 -0.07410975 0.09293349
v -0.02012694 -0.07181516 0.09278984
v -0.02012694 -0.07181516 0.09278984
v -0.01018711 -0.07410975 0.09293349
v -0.02018056 -0.07205568 0.09295397
v -0.02012694 -0.07181516 0.09278984
v -0.02018056 -0.07205568 0.09295397
v -0.02978961 -0.06863956 0.09294890
v -0.02012694 -0.07181516 0.09278984
v -0.02978961 -0.06863956 0.09294890
v -0.02971242 -0.06834432 0.09273020
v -0.02971242 -0.06834432 0.09273020
v -0.02978961 -0.06863956 0.09294890
v -0.03876927 -0.06371319 0.09278918
v -0.03876927 -0.06371319 0.09278918
v -0.02978961 -0.06863956 0.09294890
v -0.03885824 -0.06394392 0.09294888
v -0.03876927 -0.06371319 0.09278918
v -0.03885824 -0.06394392 0.09294888
v -0.04707100 -0.05785129 0.09278984
v -0.04707100 -0.05785129 0.09278984
v -0.03885824 -0.06394392 0.09294888
v -0.04720916 -0.05802811 0.09293349
v -0.04707100 -0.05785129 0.09278984
v -0.04720916 -0.05802811 0.09293349
v -0.05449120 -0.05086330 0.09275038
v -0.05449120 -0.05086330 0.09275038
v -0.04720916 -0.05802811 0.09293349
v -0.05466814 -0.05106597 0.09293711
v -0.05449120 -0.05086330 0.09275038
v -0.05466814 -0.05106597 0.09293711
v -0.06092118 -0.04295782 0.09275696
v -0.06092118 -0.04295782 0.09275696
v -0.05466814 -0.05106597 0.09293711
v -0.06110774 -0.04314501 0.09293147
v -0.06092118 -0.04295782 0.09275696
v -0.06110774 -0.04314501 0.09293147
v -0.06619051 -0.03424662 0.09273859
v -0.06619051 -0.03424662 0.09273859
v -0.06110774 -0.04314501 0.09293147
v -0.06643360 -0.03443391 0.09295399
v -0.06619051 -0.03424662 0.09273859
v -0.06643360 -0.03443391 0.09295399
v -0.07028100 -0.02495676 0.09278918
v -0.07028100 -0.02495676 0.09278918
v -0.06643360 -0.03443391 0.09295399
v -0.07049566 -0.02507955 0.09294890
v -0.07028100 -0.02495676 0.09278918
v -0.07049566 -0.02507955 0.09294890
v -0.07298411 -0.01516505 0.09275759
v -0.07298411 -0.01516505 0.09275759
v -0.07049566 -0.02507955 0.09294890
v -0.07325961 -0.01523354 0.09295397
v -0.07298411 -0.01516505 0.09275759
v -0.07325961 -0.01523354 0.09295397
v -0.07464728 -0.00513015 0.09294890
v -0.07435060 -0.00508670 0.09273920
v -0.07435060 -0.00508670 0.09273920
v -0.07464728 -0.00513015 0.09294890
v -0.07465026 0.00508208 0.09294890
v -0.07435060 -0.00508670 0.09273920
v -0.07465026 0.00508208 0.09294890
v -0.07434622 0.00510821 0.09273022
v -0.07434622 0.00510821 0.09273022
v -0.07465026 0.00508208 0.09294890
v -0.07301544 0.01519300 0.09278918
v -0.07301544 0.01519300 0.09278918
v -0.07465026 0.00508208 0.09294890
v -0.07324281 0.01520290 0.09293359
v -0.07301544 0.01519300 0.09278918
v -0.07324281 0.01520290 0.09293359
v -0.07027208 0.02497840 0.09278983
v -0.07027208 0.02497840 0.09278983
v -0.07324281 0.01520290 0.09293359
v -0.07048496 0.02504936 0.09293348
v -0.07027208 0.02497840 0.09278983
v -0.07048496 0.02504936 0.09293348
v -0.06620911 0.03432151 0.09278588
v -0.06641727 0.03441374 0.09293349
v -0.06620911 0.03432151 0.09278588
v -0.06641727 0.03441374 0.09293349
v -0.06091678 0.04302442 0.09278918
v -0.06091678 0.04302442 0.09278918
v -0.06641727 0.03441374 0.09293349
v -0.06111832 0.04313322 0.09293712
v -0.06091678 0.04302442 0.09278918
v -0.06111832 0.04313322 0.09293712
v -0.05443303 0.05089872 0.09273858
v -0.05443303 0.05089872 0.09273858
v -0.06111832 0.04313322 0.09293712
v -0.05469841 0.05105254 0.09294888
v -0.05443303 0.05089872 0.09273858
v -0.05469841 0.05105254 0.09294888
v -0.04699502 0.05783659 0.09273857
v -0.04699502 0.05783659 0.09273857
v -0.05469841 0.05105254 0.09294888
v -0.04723697 0.05802513 0.09294887
v -0.04699502 0.05783659 0.09273857
v -0.04723697 0.05802513 0.09294887
v -0.03872056 0.06367334 0.09273918
v -0.03872056 0.06367334 0.09273918
v -0.04723697 0.05802513 0.09294887
v -0.03886623 0.06391277 0.09293350
v -0.03872056 0.06367334 0.09273918
v -0.03886623 0.06391277 0.09293350
v -0.02969786 0.06840683 0.09278589
v -0.02969786 0.06840683 0.09278589
v -0.03886623 0.06391277 0.09293350
v -0.02980823 0.06860961 0.09293714
v -0.02969786 0.06840683 0.09278589
v -0.02980823 0.06860961 0.09293714
v -0.02010024 0.07181787 0.09278919
v -0.02010024 0.07181787 0.09278919
v -0.02980823 0.06860961 0.09293714
v -0.02020815 0.07204035 0.09294888
v -0.02010024 0.07181787 0.09278919
v -0.02020815 0.07204035 0.09294888
v -0.01010137 0.07383421 0.09273858
v -0.01010137 0.07383421 0.09273858
v -0.02020815 0.07204035 0.09294888
v -0.01021012 0.07412101 0.09294888
v 0.03889503 -0.06400344 0.09319687
v 0.02980670 -0.06863218 0.09294879
v 0.03887418 -0.06393427 0.09294879
v -0.01022836 -0.07420241 0.09319739
v -0.02018056 -0.07205568 0.09295397
v -0.01018711 -0.07410975 0.09293349
v 0.04721793 -0.05813370 0.09319692
v 0.03889503 -0.06400344 0.09319687
v 0.03887418 -0.06393427 0.09294879
v 0.04721793 -0.05813370 0.09319692
v 0.03887418 -0.06393427 0.09294879
v 0.04723689 -0.05802956 0.09294890
v -0.00006873 -0.07490283 0.09319740
v -0.01022836 -0.07420241 0.09319739
v -0.01018711 -0.07410975 0.09293349
v -0.00006873 -0.07490283 0.09319740
v -0.01018711 -0.07410975 0.09293349
v 0.00000528 -0.07480936 0.09293713
v 0.01019149 0.07412366 0.09294878
v -0.00000770 0.07482388 0.09295392
v 0.00005855 0.07488974 0.09319691
v 0.01019149 0.07412366 0.09294878
v 0.00005855 0.07488974 0.09319691
v 0.01021899 0.07419047 0.09319687
v 0.02980378 0.06863221 0.09295397
v 0.02019006 0.07204549 0.09294879
v 0.02022634 0.07210795 0.09319687
v 0.02980378 0.06863221 0.09295397
v 0.02022634 0.07210795 0.09319687
v 0.02985702 0.06868212 0.09319687
v 0.05468559 0.05106627 0.09294877
v 0.04722240 0.05803702 0.09294877
v 0.04730880 0.05805535 0.09319691
v 0.05468559 0.05106627 0.09294877
v 0.04730880 0.05805535 0.09319691
v 0.05474910 0.05110075 0.09319687
v 0.06642424 0.03444070 0.09294890
v 0.06111205 0.04314194 0.09293713
v 0.06120947 0.04316814 0.09319739
v 0.06642424 0.03444070 0.09294890
v 0.06120947 0.04316814 0.09319739
v 0.06648493 0.03447321 0.09319696
v 0.07049554 0.02507509 0.09294890
v 0.06642424 0.03444070 0.09294890
v 0.06648493 0.03447321 0.09319696
v 0.07049554 0.02507509 0.09294890
v 0.06648493 0.03447321 0.09319696
v 0.07058732 0.02502238 0.09319692
v 0.07464897 0.00510073 0.09294880
v 0.07325882 0.01521793 0.09294880
v 0.07333096 0.01521440 0.09319687
v 0.07464897 0.00510073 0.09294880
v 0.07333096 0.01521440 0.09319687
v 0.07471994 0.00508746 0.09319687
v 0.07324269 -0.01520734 0.09293359
v 0.07465219 -0.00510094 0.09295397
v 0.07333727 -0.01522455 0.09319744
v 0.07333727 -0.01522455 0.09319744
v 0.07465219 -0.00510094 0.09295397
v 0.07471704 -0.00513436 0.09319687
v 0.07048483 -0.02505380 0.09293347
v 0.07324269 -0.01520734 0.09293359
v 0.07333727 -0.01522455 0.09319744
v 0.07048483 -0.02505380 0.09293347
v 0.07333727 -0.01522455 0.09319744
v 0.07055287 -0.02514960 0.09319740
v 0.06114080 -0.04313338 0.09294891
v 0.06644051 -0.03442034 0.09295399
v 0.06648669 -0.03447683 0.09319687
v 0.06114080 -0.04313338 0.09294891
v 0.06648669 -0.03447683 0.09319687
v 0.06117312 -0.04320901 0.09319687
v -0.05466814 -0.05106597 0.09293711
v -0.04720916 -0.05802811 0.09293349
v -0.04732219 -0.05806015 0.09319740
v -0.05466814 -0.05106597 0.09293711
v -0.04732219 -0.05806015 0.09319740
v -0.05476112 -0.05110518 0.09319739
v -0.06643360 -0.03443391 0.09295399
v -0.06110774 -0.04314501 0.09293147
v -0.06120960 -0.04317255 0.09319739
v -0.06643360 -0.03443391 0.09295399
v -0.06120960 -0.04317255 0.09319739
v -0.06648506 -0.03447766 0.09319696
v -0.07049566 -0.02507955 0.09294890
v -0.06643360 -0.03443391 0.09295399
v -0.06648506 -0.03447766 0.09319696
v -0.07049566 -0.02507955 0.09294890
v -0.06648506 -0.03447766 0.09319696
v -0.07058744 -0.02502682 0.09319692
v -0.07464728 -0.00513015 0.09294890
v -0.07325961 -0.01523354 0.09295397
v -0.07333109 -0.01521883 0.09319687
v -0.07464728 -0.00513015 0.09294890
v -0.07333109 -0.01521883 0.09319687
v -0.07472007 -0.00509192 0.09319687
v -0.07324281 0.01520290 0.09293359
v -0.07465026 0.00508208 0.09294890
v -0.07333739 0.01522012 0.09319744
v -0.07333739 0.01522012 0.09319744
v -0.07465026 0.00508208 0.09294890
v -0.07471716 0.00512992 0.09319687
v -0.07048496 0.02504936 0.09293348
v -0.07324281 0.01520290 0.09293359
v -0.07333739 0.01522012 0.09319744
v -0.07048496 0.02504936 0.09293348
v -0.07333739 0.01522012 0.09319744
v -0.07055299 0.02514515 0.09319740
v -0.06111832 0.04313322 0.09293712
v -0.06641727 0.03441374 0.09293349
v -0.06649076 0.03448362 0.09319739
v -0.06111832 0.04313322 0.09293712
v -0.06649076 0.03448362 0.09319739
v -0.06117561 0.04321627 0.09319739
v -0.03886623 0.06391277 0.09293350
v -0.04723697 0.05802513 0.09294887
v -0.03889270 0.06401064 0.09319739
v -0.03889270 0.06401064 0.09319739
v -0.04723697 0.05802513 0.09294887
v -0.04721804 0.05812927 0.09319691
v -0.02020815 0.07204035 0.09294888
v -0.02980823 0.06860961 0.09293714
v -0.02981403 0.06871031 0.09319739
v -0.02020815 0.07204035 0.09294888
v -0.02981403 0.06871031 0.09319739
v -0.02018546 0.07211944 0.09319687
v 0.00005855 0.07488974 0.09319691
v 0.00511001 0.07470465 0.09319645
v 0.01021899 0.07419047 0.09319687
v 0.01523500 0.07331301 0.09319645
v 0.02022634 0.07210795 0.09319687
v 0.01021899 0.07419047 0.09319687
v 0.02022634 0.07210795 0.09319687
v 0.02019006 0.07204549 0.09294879
v 0.01021899 0.07419047 0.09319687
v 0.02019006 0.07204549 0.09294879
v 0.01019149 0.07412366 0.09294878
v 0.02507618 0.07055564 0.09319645
v 0.02985702 0.06868212 0.09319687
v 0.03885817 0.06393947 0.09294890
v 0.02980378 0.06863221 0.09295397
v 0.02985702 0.06868212 0.09319687
v 0.03885817 0.06393947 0.09294890
v 0.02985702 0.06868212 0.09319687
v 0.03889316 0.06399877 0.09319696
v 0.03889316 0.06399877 0.09319696
v 0.03445025 0.06648391 0.09319645
v 0.03889316 0.06399877 0.09319696
v 0.04730880 0.05805535 0.09319691
v 0.04722240 0.05803702 0.09294877
v 0.03889316 0.06399877 0.09319696
v 0.04722240 0.05803702 0.09294877
v 0.03885817 0.06393947 0.09294890
v 0.04730880 0.05805535 0.09319691
v 0.05111048 0.05472383 0.09319645
v 0.05474910 0.05110075 0.09319687
v 0.05808630 0.04725457 0.09319645
v 0.06120947 0.04316814 0.09319739
v 0.05474910 0.05110075 0.09319687
v 0.06120947 0.04316814 0.09319739
v 0.05468559 0.05106627 0.09294877
v 0.05468559 0.05106627 0.09294877
v 0.06120947 0.04316814 0.09319739
v 0.06111205 0.04314194 0.09293713
v 0.06398008 0.03890498 0.09319645
v 0.06648493 0.03447321 0.09319696
v 0.07210456 0.02020057 0.09319645
v 0.07333096 0.01521440 0.09319687
v 0.07058732 0.02502238 0.09319692
v 0.07058732 0.02502238 0.09319692
v 0.07333096 0.01521440 0.09319687
v 0.07325882 0.01521793 0.09294880
v 0.07058732 0.02502238 0.09319692
v 0.07325882 0.01521793 0.09294880
v 0.07049554 0.02507509 0.09294890
v 0.07418392 0.01019416 0.09319645
v 0.07471994 0.00508746 0.09319687
v 0.07488137 -0.00000220 0.09319645
v 0.07471704 -0.00513436 0.09319687
v 0.07471994 0.00508746 0.09319687
v 0.07471704 -0.00513436 0.09319687
v 0.07465219 -0.00510094 0.09295397
v 0.07471994 0.00508746 0.09319687
v 0.07465219 -0.00510094 0.09295397
v 0.07464897 0.00510073 0.09294880
v 0.06868205 -0.02983504 0.09319645
v 0.06648669 -0.03447683 0.09319687
v 0.07055287 -0.02514960 0.09319740
v 0.07055287 -0.02514960 0.09319740
v 0.06648669 -0.03447683 0.09319687
v 0.06644051 -0.03442034 0.09295399
v 0.07055287 -0.02514960 0.09319740
v 0.06644051 -0.03442034 0.09295399
v 0.07048483 -0.02505380 0.09293347
v 0.07418393 -0.01019855 0.09319645
v 0.07333727 -0.01522455 0.09319744
v 0.05467961 -0.05104952 0.09293357
v 0.06114080 -0.04313338 0.09294891
v 0.05475151 -0.05111337 0.09319744
v 0.05475151 -0.05111337 0.09319744
v 0.06114080 -0.04313338 0.09294891
v 0.06117312 -0.04320901 0.09319687
v 0.05475151 -0.05111337 0.09319744
v 0.06117312 -0.04320901 0.09319687
v 0.05808633 -0.04725897 0.09319645
v 0.06398010 -0.03890940 0.09319645
v 0.04723689 -0.05802956 0.09294890
v 0.05467961 -0.05104952 0.09293357
v 0.05475151 -0.05111337 0.09319744
v 0.04723689 -0.05802956 0.09294890
v 0.05475151 -0.05111337 0.09319744
v 0.04721793 -0.05813370 0.09319692
v 0.04721793 -0.05813370 0.09319692
v 0.04318261 -0.06117809 0.09319645
v 0.03889503 -0.06400344 0.09319687
v 0.03889503 -0.06400344 0.09319687
v 0.02981791 -0.06870356 0.09319687
v 0.02980670 -0.06863218 0.09294879
v 0.02980670 -0.06863218 0.09294879
v 0.02981791 -0.06870356 0.09319687
v 0.02019515 -0.07205155 0.09295397
v 0.03445030 -0.06648833 0.09319645
v 0.02981791 -0.06870356 0.09319687
v 0.02981791 -0.06870356 0.09319687
v 0.02018541 -0.07212387 0.09319687
v 0.02019515 -0.07205155 0.09295397
v 0.01020027 -0.07410787 0.09293359
v 0.02019515 -0.07205155 0.09295397
v 0.01021573 -0.07420278 0.09319744
v 0.01021573 -0.07420278 0.09319744
v 0.02019515 -0.07205155 0.09295397
v 0.02018541 -0.07212387 0.09319687
v 0.01021573 -0.07420278 0.09319744
v 0.02018541 -0.07212387 0.09319687
v 0.01523505 -0.07331744 0.09319645
v 0.02507623 -0.07056006 0.09319645
v 0.00000528 -0.07480936 0.09293713
v 0.01020027 -0.07410787 0.09293359
v 0.01021573 -0.07420278 0.09319744
v 0.00000528 -0.07480936 0.09293713
v 0.01021573 -0.07420278 0.09319744
v -0.00006873 -0.07490283 0.09319740
v -0.00006873 -0.07490283 0.09319740
v -0.00511012 -0.07470909 0.09319645
v -0.01022836 -0.07420241 0.09319739
v -0.01022836 -0.07420241 0.09319739
v -0.02022646 -0.07211241 0.09319687
v -0.02018056 -0.07205568 0.09295397
v -0.02018056 -0.07205568 0.09295397
v -0.02022646 -0.07211241 0.09319687
v -0.02978961 -0.06863956 0.09294890
v -0.01022836 -0.07420241 0.09319739
v -0.01523511 -0.07331745 0.09319645
v -0.02022646 -0.07211241 0.09319687
v -0.02022646 -0.07211241 0.09319687
v -0.02985711 -0.06868658 0.09319687
v -0.02978961 -0.06863956 0.09294890
v -0.02507630 -0.07056008 0.09319645
v -0.02985711 -0.06868658 0.09319687
v -0.03885824 -0.06394392 0.09294888
v -0.02978961 -0.06863956 0.09294890
v -0.02985711 -0.06868658 0.09319687
v -0.03885824 -0.06394392 0.09294888
v -0.02985711 -0.06868658 0.09319687
v -0.03889324 -0.06400323 0.09319697
v -0.03889324 -0.06400323 0.09319697
v -0.03445036 -0.06648836 0.09319645
v -0.03889324 -0.06400323 0.09319697
v -0.04732219 -0.05806015 0.09319740
v -0.03885824 -0.06394392 0.09294888
v -0.03885824 -0.06394392 0.09294888
v -0.04732219 -0.05806015 0.09319740
v -0.04720916 -0.05802811 0.09293349
v -0.04732219 -0.05806015 0.09319740
v -0.05111060 -0.05472829 0.09319645
v -0.05476112 -0.05110518 0.09319739
v -0.05808641 -0.04725901 0.09319645
v -0.06120960 -0.04317255 0.09319739
v -0.05476112 -0.05110518 0.09319739
v -0.06120960 -0.04317255 0.09319739
v -0.06110774 -0.04314501 0.09293147
v -0.05476112 -0.05110518 0.09319739
v -0.06110774 -0.04314501 0.09293147
v -0.05466814 -0.05106597 0.09293711
v -0.07210469 -0.02020501 0.09319645
v -0.07333109 -0.01521883 0.09319687
v -0.07058744 -0.02502682 0.09319692
v -0.07058744 -0.02502682 0.09319692
v -0.07333109 -0.01521883 0.09319687
v -0.07325961 -0.01523354 0.09295397
v -0.07058744 -0.02502682 0.09319692
v -0.07325961 -0.01523354 0.09295397
v -0.07049566 -0.02507955 0.09294890
v -0.06398020 -0.03890944 0.09319645
v -0.06648506 -0.03447766 0.09319696
v -0.07418405 -0.01019860 0.09319645
v -0.07472007 -0.00509192 0.09319687
v -0.07488149 -0.00000225 0.09319645
v -0.07471716 0.00512992 0.09319687
v -0.07472007 -0.00509192 0.09319687
v -0.07471716 0.00512992 0.09319687
v -0.07465026 0.00508208 0.09294890
v -0.07472007 -0.00509192 0.09319687
v -0.07465026 0.00508208 0.09294890
v -0.07464728 -0.00513015 0.09294890
v -0.06868217 0.02983058 0.09319645
v -0.06649076 0.03448362 0.09319739
v -0.07055299 0.02514515 0.09319740
v -0.07055299 0.02514515 0.09319740
v -0.06649076 0.03448362 0.09319739
v -0.06641727 0.03441374 0.09293349
v -0.07055299 0.02514515 0.09319740
v -0.06641727 0.03441374 0.09293349
v -0.07048496 0.02504936 0.09293348
v -0.07418405 0.01019411 0.09319645
v -0.07333739 0.01522012 0.09319744
v -0.05469841 0.05105254 0.09294888
v -0.06111832 0.04313322 0.09293712
v -0.06117561 0.04321627 0.09319739
v -0.05469841 0.05105254 0.09294888
v -0.06117561 0.04321627 0.09319739
v -0.05474937 0.05109888 0.09319696
v -0.05474937 0.05109888 0.09319696
v -0.06117561 0.04321627 0.09319739
v -0.05808644 0.04725453 0.09319645
v -0.06398022 0.03890494 0.09319645
v -0.06117561 0.04321627 0.09319739
v -0.05474937 0.05109888 0.09319696
v -0.04721804 0.05812927 0.09319691
v -0.04723697 0.05802513 0.09294887
v -0.05474937 0.05109888 0.09319696
v -0.04723697 0.05802513 0.09294887
v -0.05469841 0.05105254 0.09294888
v -0.04721804 0.05812927 0.09319691
v -0.04318273 0.06117363 0.09319645
v -0.03889270 0.06401064 0.09319739
v -0.03445040 0.06648389 0.09319645
v -0.02981403 0.06871031 0.09319739
v -0.03889270 0.06401064 0.09319739
v -0.03889270 0.06401064 0.09319739
v -0.02981403 0.06871031 0.09319739
v -0.02980823 0.06860961 0.09293714
v -0.03889270 0.06401064 0.09319739
v -0.02980823 0.06860961 0.09293714
v -0.03886623 0.06391277 0.09293350
v -0.02981403 0.06871031 0.09319739
v -0.02507635 0.07055563 0.09319645
v -0.02018546 0.07211944 0.09319687
v -0.01021012 0.07412101 0.09294888
v -0.02020815 0.07204035 0.09294888
v -0.02018546 0.07211944 0.09319687
v -0.01021012 0.07412101 0.09294888
v -0.02018546 0.07211944 0.09319687
v -0.01022033 0.07418912 0.09319696
v -0.01022033 0.07418912 0.09319696
v -0.01523516 0.07331300 0.09319645
v -0.00000770 0.07482388 0.09295392
v -0.01021012 0.07412101 0.09294888
v -0.01022033 0.07418912 0.09319696
v -0.00000770 0.07482388 0.09295392
v -0.01022033 0.07418912 0.09319696
v 0.00005855 0.07488974 0.09319691
v -0.01983456 -0.06340138 0.66678461
v -0.01007029 -0.06340138 0.66940091
v -0.05711127 -0.06340140 0.60221935
v -0.00000004 -0.06340138 0.67028201
v 0.01007021 -0.06340137 0.66940091
v -0.04442469 -0.06340139 0.64956645
v -0.03727674 -0.06340139 0.65671437
v -0.02899617 -0.06340139 0.66251251
v -0.05711127 -0.06340140 0.62236002
v -0.05449494 -0.06340140 0.63212430
v -0.05022282 -0.06340139 0.64128586
v -0.05799229 -0.06340140 0.61228978
v -0.03727674 -0.06340139 0.56786500
v -0.04442469 -0.06340139 0.57501304
v -0.05022282 -0.06340140 0.58329363
v -0.05449494 -0.06340140 0.59245520
v -0.01007029 -0.06340138 0.55517852
v -0.01983456 -0.06340139 0.55779488
v -0.02899617 -0.06340139 0.56206692
v 0.01983449 -0.06340137 0.55779488
v 0.01007021 -0.06340138 0.55517852
v -0.00000004 -0.06340138 0.55429749
v 0.04442461 -0.06340137 0.57501304
v 0.03727668 -0.06340137 0.56786500
v 0.02899609 -0.06340137 0.56206692
v 0.05711120 -0.06340136 0.60221947
v 0.05449486 -0.06340136 0.59245520
v 0.05022274 -0.06340136 0.58329363
v 0.05449486 -0.06340136 0.63212430
v 0.05711120 -0.06340136 0.62236002
v 0.05799223 -0.06340136 0.61228978
v 0.03727668 -0.06340136 0.65671437
v 0.04442461 -0.06340136 0.64956645
v 0.05022274 -0.06340136 0.64128586
v 0.01983449 -0.06340137 0.66678461
v 0.02899609 -0.06340137 0.66251251
v -0.02655084 -0.06408601 0.56071159
v -0.03129156 -0.06409310 0.56345789
v -0.02899617 -0.06340139 0.56206692
v -0.05022282 -0.06340140 0.58329363
v -0.05045723 -0.06420623 0.58368364
v -0.05259512 -0.06422080 0.58784777
v -0.05022282 -0.06340140 0.58329363
v -0.05259512 -0.06422080 0.58784777
v -0.05449494 -0.06340140 0.59245520
v -0.05449494 -0.06340140 0.59245520
v -0.05259512 -0.06422080 0.58784777
v -0.05434283 -0.06420117 0.59207044
v -0.04442469 -0.06340139 0.57501304
v -0.04595563 -0.06414227 0.57688442
v -0.05022282 -0.06340140 0.58329363
v -0.05022282 -0.06340140 0.58329363
v -0.04595563 -0.06414227 0.57688442
v -0.04937599 -0.06418064 0.58186104
v -0.04937599 -0.06418064 0.58186104
v -0.05045723 -0.06420623 0.58368364
v -0.05022282 -0.06340140 0.58329363
v -0.03727674 -0.06340139 0.56786500
v -0.03810564 -0.06411222 0.56856561
v -0.04207846 -0.06412715 0.57237037
v -0.03727674 -0.06340139 0.56786500
v -0.04207846 -0.06412715 0.57237037
v -0.04442469 -0.06340139 0.57501304
v -0.04442469 -0.06340139 0.57501304
v -0.04207846 -0.06412715 0.57237037
v -0.04595563 -0.06414227 0.57688442
v -0.02899617 -0.06340139 0.56206692
v -0.03129156 -0.06409310 0.56345789
v -0.03727674 -0.06340139 0.56786500
v -0.03727674 -0.06340139 0.56786500
v -0.03129156 -0.06409310 0.56345789
v -0.03385387 -0.06410076 0.56519084
v -0.03727674 -0.06340139 0.56786500
v -0.03385387 -0.06410076 0.56519084
v -0.03810564 -0.06411222 0.56856561
v -0.01983456 -0.06340139 0.55779488
v -0.02149774 -0.06408327 0.55841743
v -0.02899617 -0.06340139 0.56206692
v -0.02899617 -0.06340139 0.56206692
v -0.02149774 -0.06408327 0.55841743
v -0.02655084 -0.06408601 0.56071159
v -0.01007029 -0.06340138 0.55517852
v -0.00797706 -0.06407696 0.55483697
v -0.01338790 -0.06407952 0.55585301
v -0.01983456 -0.06340139 0.55779488
v -0.01621251 -0.06407981 0.55659745
v -0.02149774 -0.06408327 0.55841743
v -0.01007029 -0.06340138 0.55517852
v -0.01338790 -0.06407952 0.55585301
v -0.01983456 -0.06340139 0.55779488
v -0.01983456 -0.06340139 0.55779488
v -0.01338790 -0.06407952 0.55585301
v -0.01621251 -0.06407981 0.55659745
v -0.00000004 -0.06340138 0.55429749
v -0.00248559 -0.06407485 0.55434168
v -0.00797706 -0.06407696 0.55483697
v -0.00000004 -0.06340138 0.55429749
v -0.00797706 -0.06407696 0.55483697
v -0.01007029 -0.06340138 0.55517852
v 0.00601185 -0.06407521 0.55460040
v -0.00000004 -0.06340138 0.55429749
v 0.01007021 -0.06340138 0.55517852
v 0.00601185 -0.06407521 0.55460040
v 0.00316529 -0.06407592 0.55437018
v -0.00000004 -0.06340138 0.55429749
v -0.00000004 -0.06340138 0.55429749
v 0.00316529 -0.06407592 0.55437018
v -0.00248559 -0.06407485 0.55434168
v 0.01007021 -0.06340138 0.55517852
v 0.01161849 -0.06407680 0.55546410
v 0.00601185 -0.06407521 0.55460040
v 0.01161849 -0.06407680 0.55546410
v 0.01007021 -0.06340138 0.55517852
v 0.01671549 -0.06407894 0.55674539
v 0.01671549 -0.06407894 0.55674539
v 0.01007021 -0.06340138 0.55517852
v 0.01983449 -0.06340137 0.55779488
v 0.02899609 -0.06340137 0.56206692
v 0.02973322 -0.06409328 0.56248732
v 0.02486768 -0.06407959 0.55989422
v 0.02899609 -0.06340137 0.56206692
v 0.02486768 -0.06407959 0.55989422
v 0.02205881 -0.06408047 0.55864906
v 0.02899609 -0.06340137 0.56206692
v 0.02205881 -0.06408047 0.55864906
v 0.01983449 -0.06340137 0.55779488
v 0.01983449 -0.06340137 0.55779488
v 0.02205881 -0.06408047 0.55864906
v 0.01671549 -0.06407894 0.55674539
v 0.02973322 -0.06409328 0.56248732
v 0.02899609 -0.06340137 0.56206692
v 0.03428514 -0.06409512 0.56551628
v 0.03428514 -0.06409512 0.56551628
v 0.02899609 -0.06340137 0.56206692
v 0.03727668 -0.06340137 0.56786500
v 0.04520463 -0.06414440 0.57594424
v 0.04298209 -0.06414427 0.57332843
v 0.04442461 -0.06340137 0.57501304
v 0.04442461 -0.06340137 0.57501304
v 0.04298209 -0.06414427 0.57332843
v 0.04124796 -0.06411209 0.57150509
v 0.03727668 -0.06340137 0.56786500
v 0.03856207 -0.06410786 0.56896814
v 0.03428514 -0.06409512 0.56551628
v 0.04442461 -0.06340137 0.57501304
v 0.04124796 -0.06411209 0.57150509
v 0.03727668 -0.06340137 0.56786500
v 0.03727668 -0.06340137 0.56786500
v 0.04124796 -0.06411209 0.57150509
v 0.03856207 -0.06410786 0.56896814
v 0.04822717 -0.06416416 0.58005167
v 0.05022274 -0.06340136 0.58329363
v 0.05015996 -0.06420545 0.58316491
v 0.05022274 -0.06340136 0.58329363
v 0.04822717 -0.06416416 0.58005167
v 0.04442461 -0.06340137 0.57501304
v 0.04822717 -0.06416416 0.58005167
v 0.04661632 -0.06415837 0.57777210
v 0.04442461 -0.06340137 0.57501304
v 0.04442461 -0.06340137 0.57501304
v 0.04661632 -0.06415837 0.57777210
v 0.04520463 -0.06414440 0.57594424
v 0.05435159 -0.06420184 0.59209033
v 0.05350045 -0.06420072 0.58991513
v 0.05449486 -0.06340136 0.59245520
v 0.05449486 -0.06340136 0.59245520
v 0.05350045 -0.06420072 0.58991513
v 0.05223569 -0.06420532 0.58708729
v 0.05449486 -0.06340136 0.59245520
v 0.05223569 -0.06420532 0.58708729
v 0.05022274 -0.06340136 0.58329363
v 0.05022274 -0.06340136 0.58329363
v 0.05223569 -0.06420532 0.58708729
v 0.05015996 -0.06420545 0.58316491
v 0.05777850 -0.06420135 0.60723473
v 0.05711120 -0.06340136 0.60221947
v 0.05799223 -0.06340136 0.61228978
v 0.05777850 -0.06420135 0.60723473
v 0.05712138 -0.06420084 0.60242455
v 0.05711120 -0.06340136 0.60221947
v 0.05711120 -0.06340136 0.60221947
v 0.05712138 -0.06420084 0.60242455
v 0.05602293 -0.06420135 0.59727844
v 0.05711120 -0.06340136 0.60221947
v 0.05602293 -0.06420135 0.59727844
v 0.05449486 -0.06340136 0.59245520
v 0.05449486 -0.06340136 0.59245520
v 0.05602293 -0.06420135 0.59727844
v 0.05516539 -0.06419962 0.59439578
v 0.05449486 -0.06340136 0.59245520
v 0.05516539 -0.06419962 0.59439578
v 0.05435159 -0.06420184 0.59209033
v -0.05434283 -0.06420117 0.59207044
v -0.05531490 -0.06420139 0.59484909
v -0.05449494 -0.06340140 0.59245520
v -0.05449494 -0.06340140 0.59245520
v -0.05531490 -0.06420139 0.59484909
v -0.05626730 -0.06419849 0.59818925
v -0.05449494 -0.06340140 0.59245520
v -0.05626730 -0.06419849 0.59818925
v -0.05711127 -0.06340140 0.60221935
v -0.05626730 -0.06419849 0.59818925
v -0.05711814 -0.06420139 0.60221825
v -0.05711127 -0.06340140 0.60221935
v -0.05711127 -0.06340140 0.60221935
v -0.05711814 -0.06420139 0.60221825
v -0.05777858 -0.06420139 0.60723473
v -0.05711127 -0.06340140 0.60221935
v -0.05777858 -0.06420139 0.60723473
v -0.05799229 -0.06340140 0.61228978
v -0.05777858 -0.06420139 0.60723473
v -0.05799929 -0.06420139 0.61228978
v -0.05799229 -0.06340140 0.61228978
v -0.05799229 -0.06340140 0.61228978
v -0.05799929 -0.06420139 0.61228978
v -0.05711814 -0.06420139 0.62236124
v -0.05711127 -0.06340140 0.62236002
v -0.05711127 -0.06340140 0.62236002
v -0.05711814 -0.06420139 0.62236124
v -0.05602300 -0.06420139 0.62730106
v -0.05711127 -0.06340140 0.62236002
v -0.05602300 -0.06420139 0.62730106
v -0.05449494 -0.06340140 0.63212430
v -0.05602300 -0.06420139 0.62730106
v -0.05450150 -0.06420139 0.63212662
v -0.05449494 -0.06340140 0.63212430
v -0.05449494 -0.06340140 0.63212430
v -0.05450150 -0.06420139 0.63212662
v -0.05256521 -0.06420139 0.63680124
v -0.05449494 -0.06340140 0.63212430
v -0.05256521 -0.06420139 0.63680124
v -0.05022282 -0.06340139 0.64128586
v -0.05256521 -0.06420139 0.63680124
v -0.05022886 -0.06420139 0.64128940
v -0.05022282 -0.06340139 0.64128586
v -0.05022282 -0.06340139 0.64128586
v -0.05022886 -0.06420139 0.64128940
v -0.04443003 -0.06420138 0.64957097
v -0.04442469 -0.06340139 0.64956645
v -0.04442469 -0.06340139 0.64956645
v -0.04443003 -0.06420138 0.64957097
v -0.03728123 -0.06420138 0.65671974
v -0.03727674 -0.06340139 0.65671437
v -0.03727674 -0.06340139 0.65671437
v -0.03728123 -0.06420138 0.65671974
v -0.02899966 -0.06420138 0.66251862
v -0.02899617 -0.06340139 0.66251251
v -0.02899617 -0.06340139 0.66251251
v -0.02899966 -0.06420138 0.66251862
v -0.01983695 -0.06420138 0.66679127
v -0.01983456 -0.06340138 0.66678461
v -0.01983456 -0.06340138 0.66678461
v -0.01983695 -0.06420138 0.66679127
v -0.01007150 -0.06420137 0.66940793
v -0.01007029 -0.06340138 0.66940091
v -0.01007029 -0.06340138 0.66940091
v -0.01007150 -0.06420137 0.66940793
v -0.00000004 -0.06420137 0.67028902
v -0.00000004 -0.06340138 0.67028201
v -0.00000004 -0.06340138 0.67028201
v -0.00000004 -0.06420137 0.67028902
v 0.01007143 -0.06420137 0.66940793
v 0.01007021 -0.06340137 0.66940091
v 0.01007021 -0.06340137 0.66940091
v 0.01007143 -0.06420137 0.66940793
v 0.01983687 -0.06420136 0.66679127
v 0.01983449 -0.06340137 0.66678461
v 0.01983449 -0.06340137 0.66678461
v 0.01983687 -0.06420136 0.66679127
v 0.02899959 -0.06420136 0.66251862
v 0.02899609 -0.06340137 0.66251251
v 0.02899609 -0.06340137 0.66251251
v 0.02899959 -0.06420136 0.66251862
v 0.03728116 -0.06420136 0.65671974
v 0.03727668 -0.06340136 0.65671437
v 0.03727668 -0.06340136 0.65671437
v 0.03728116 -0.06420136 0.65671974
v 0.04442996 -0.06420136 0.64957097
v 0.04442461 -0.06340136 0.64956645
v 0.04442461 -0.06340136 0.64956645
v 0.04442996 -0.06420136 0.64957097
v 0.05022878 -0.06420135 0.64128940
v 0.05022274 -0.06340136 0.64128586
v 0.05022274 -0.06340136 0.64128586
v 0.05022878 -0.06420135 0.64128940
v 0.05450142 -0.06420135 0.63212662
v 0.05449486 -0.06340136 0.63212430
v 0.05449486 -0.06340136 0.63212430
v 0.05450142 -0.06420135 0.63212662
v 0.05711807 -0.06420135 0.62236124
v 0.05711120 -0.06340136 0.62236002
v 0.05711120 -0.06340136 0.62236002
v 0.05711807 -0.06420135 0.62236124
v 0.05777850 -0.06420135 0.61734470
v 0.05711120 -0.06340136 0.62236002
v 0.05777850 -0.06420135 0.61734470
v 0.05799223 -0.06340136 0.61228978
v 0.05799223 -0.06340136 0.61228978
v 0.05777850 -0.06420135 0.61734470
v 0.05799921 -0.06420135 0.61228978
v 0.05799223 -0.06340136 0.61228978
v 0.05799921 -0.06420135 0.61228978
v 0.05777850 -0.06420135 0.60723473
v 0.01983687 -0.06420136 0.66679127
v 0.01909148 -0.06420178 0.66672987
v 0.02684554 -0.06420163 0.66336779
v 0.05450142 -0.06420135 0.63212662
v 0.05659898 -0.06420158 0.62425062
v 0.05711807 -0.06420135 0.62236124
v 0.05711807 -0.06420135 0.62236124
v 0.05659898 -0.06420158 0.62425062
v 0.05777446 -0.06421106 0.61587872
v 0.05711807 -0.06420135 0.62236124
v 0.05777446 -0.06421106 0.61587872
v 0.05777850 -0.06420135 0.61734470
v 0.02899959 -0.06420136 0.66251862
v 0.03402819 -0.06420162 0.65891216
v 0.03728116 -0.06420136 0.65671974
v 0.04048496 -0.06420162 0.65345880
v 0.04442996 -0.06420136 0.64957097
v 0.04607917 -0.06420163 0.64712307
v 0.05022878 -0.06420135 0.64128940
v 0.05022878 -0.06420135 0.64128940
v 0.04607917 -0.06420163 0.64712307
v 0.05069161 -0.06420367 0.64004570
v 0.05022878 -0.06420135 0.64128940
v 0.05069161 -0.06420367 0.64004570
v 0.05450142 -0.06420135 0.63212662
v 0.05450142 -0.06420135 0.63212662
v 0.05069161 -0.06420367 0.64004570
v 0.05422302 -0.06420176 0.63236160
v 0.05659898 -0.06420158 0.62425062
v 0.01092966 -0.06420166 0.66892723
v 0.01007143 -0.06420137 0.66940793
v 0.00253555 -0.06420164 0.66991281
v -0.00000004 -0.06420137 0.67028902
v -0.00591277 -0.06420165 0.66966562
v -0.01007150 -0.06420137 0.66940793
v -0.01423527 -0.06420164 0.66819085
v -0.01983695 -0.06420138 0.66679127
v -0.02225406 -0.06420165 0.66552023
v -0.02899966 -0.06420138 0.66251862
v -0.02979883 -0.06420165 0.66171040
v -0.03728123 -0.06420138 0.65671974
v -0.03670828 -0.06420180 0.65684279
v 0.05777850 -0.06420135 0.61734470
v 0.05777446 -0.06421106 0.61587872
v 0.05799921 -0.06420135 0.61228978
v 0.05799921 -0.06420135 0.61228978
v 0.05789130 -0.06420135 0.61164953
v 0.05799921 -0.06420135 0.61228978
v 0.05789130 -0.06420135 0.61164953
v 0.05777850 -0.06420135 0.60723473
v -0.04283682 -0.06420167 0.65101956
v -0.04443003 -0.06420138 0.64957097
v -0.04805468 -0.06420841 0.64436395
v -0.04805468 -0.06420841 0.64436395
v -0.04443003 -0.06420138 0.64957097
v -0.05022886 -0.06420139 0.64128940
v -0.05022886 -0.06420139 0.64128940
v -0.05027631 -0.06420139 0.64077769
v 0.05516539 -0.06419962 0.59439578
v 0.05602293 -0.06420135 0.59727844
v 0.05641900 -0.06420968 0.59908475
v 0.05641900 -0.06420968 0.59908475
v 0.05602293 -0.06420135 0.59727844
v 0.05712138 -0.06420084 0.60242455
v 0.05712138 -0.06420084 0.60242455
v 0.05777850 -0.06420135 0.60723473
v 0.05770914 -0.06421370 0.60743694
v 0.05770914 -0.06421370 0.60743694
v 0.05777850 -0.06420135 0.60723473
v 0.05789130 -0.06420135 0.61164953
v -0.05711814 -0.06420139 0.60221825
v -0.05626730 -0.06419849 0.59818925
v -0.05734128 -0.06421472 0.60405038
v -0.05711814 -0.06420139 0.60221825
v -0.05734128 -0.06421472 0.60405038
v -0.05777858 -0.06420139 0.60723473
v -0.05777858 -0.06420139 0.60723473
v -0.05734128 -0.06421472 0.60405038
v -0.05776794 -0.06420139 0.60827201
v -0.05777858 -0.06420139 0.60723473
v -0.05776794 -0.06420139 0.60827201
v -0.05799929 -0.06420139 0.61228978
v -0.05799929 -0.06420139 0.61228978
v -0.05776794 -0.06420139 0.60827201
v -0.05789398 -0.06421068 0.61248967
v -0.05799929 -0.06420139 0.61228978
v -0.05789398 -0.06421068 0.61248967
v -0.05721458 -0.06420158 0.62091863
v -0.05027631 -0.06420139 0.64077769
v -0.05022886 -0.06420139 0.64128940
v -0.05224985 -0.06421469 0.63702145
v -0.05224985 -0.06421469 0.63702145
v -0.05022886 -0.06420139 0.64128940
v -0.05256521 -0.06420139 0.63680124
v -0.05224985 -0.06421469 0.63702145
v -0.05256521 -0.06420139 0.63680124
v -0.05391978 -0.06420139 0.63315151
v -0.05391978 -0.06420139 0.63315151
v -0.05256521 -0.06420139 0.63680124
v -0.05450150 -0.06420139 0.63212662
v -0.05391978 -0.06420139 0.63315151
v -0.05450150 -0.06420139 0.63212662
v -0.05531744 -0.06420864 0.62915571
v -0.05531744 -0.06420864 0.62915571
v -0.05450150 -0.06420139 0.63212662
v -0.05602300 -0.06420139 0.62730106
v -0.05531744 -0.06420864 0.62915571
v -0.05602300 -0.06420139 0.62730106
v -0.05721458 -0.06420158 0.62091863
v -0.05721458 -0.06420158 0.62091863
v -0.05602300 -0.06420139 0.62730106
v -0.05711814 -0.06420139 0.62236124
v -0.05721458 -0.06420158 0.62091863
v -0.05711814 -0.06420139 0.62236124
v -0.05799929 -0.06420139 0.61228978
v -0.05434283 -0.06420117 0.59207044
v -0.05556306 -0.06421209 0.59579079
v -0.05531490 -0.06420139 0.59484909
v -0.05531490 -0.06420139 0.59484909
v -0.05556306 -0.06421209 0.59579079
v -0.05626730 -0.06419849 0.59818925
v 0.05028715 -0.06426702 0.58337145
v 0.05391855 -0.06423051 0.59098390
v 0.05389980 -0.06436464 0.59100203
v 0.05223569 -0.06420532 0.58708729
v 0.05350045 -0.06420072 0.58991513
v 0.05391855 -0.06423051 0.59098390
v 0.05391855 -0.06423051 0.59098390
v 0.04661632 -0.06415837 0.57777210
v 0.04822717 -0.06416416 0.58005167
v 0.05015996 -0.06420545 0.58316491
v 0.03856207 -0.06410786 0.56896814
v 0.04124796 -0.06411209 0.57150509
v 0.03986959 -0.06415866 0.57012687
v 0.03428514 -0.06409512 0.56551628
v 0.03856207 -0.06410786 0.56896814
v 0.03651248 -0.06412158 0.56718746
v 0.03428514 -0.06409512 0.56551628
v 0.03333313 -0.06414435 0.56476757
v 0.02973322 -0.06409328 0.56248732
v -0.04595563 -0.06414227 0.57688442
v -0.04852386 -0.06422665 0.58049979
v -0.04937599 -0.06418064 0.58186104
v -0.04852386 -0.06422665 0.58049979
v -0.05045723 -0.06420623 0.58368364
v -0.04937599 -0.06418064 0.58186104
v 0.05391855 -0.06423051 0.59098390
v 0.05435159 -0.06420184 0.59209033
v 0.05516539 -0.06419962 0.59439578
v 0.02486768 -0.06407959 0.55989422
v 0.01827309 -0.06410424 0.55720688
v 0.02205881 -0.06408047 0.55864906
v 0.02610492 -0.06412654 0.56043761
v 0.02486768 -0.06407959 0.55989422
v 0.02973322 -0.06409328 0.56248732
v 0.01161849 -0.06407680 0.55546410
v 0.01671549 -0.06407894 0.55674539
v 0.01827309 -0.06410424 0.55720688
v -0.01621251 -0.06407981 0.55659745
v -0.01338790 -0.06407952 0.55585301
v -0.01501901 -0.06410693 0.55621989
v -0.00672600 -0.06411697 0.55460382
v -0.00797706 -0.06407696 0.55483697
v -0.00248559 -0.06407485 0.55434168
v -0.02149774 -0.06408327 0.55841743
v -0.01621251 -0.06407981 0.55659745
v -0.02301757 -0.06411663 0.55900483
v 0.01671549 -0.06407894 0.55674539
v 0.02205881 -0.06408047 0.55864906
v 0.01827309 -0.06410424 0.55720688
v 0.01827309 -0.06410424 0.55720688
v 0.02486768 -0.06407959 0.55989422
v 0.02610492 -0.06412654 0.56043761
v 0.02610492 -0.06412654 0.56043761
v 0.02973322 -0.06409328 0.56248732
v 0.03333313 -0.06414435 0.56476757
v -0.03048526 -0.06413216 0.56289607
v -0.03129156 -0.06409310 0.56345789
v -0.02655084 -0.06408601 0.56071159
v -0.03385387 -0.06410076 0.56519084
v -0.03734360 -0.06414505 0.56787501
v -0.03810564 -0.06411222 0.56856561
v 0.03651248 -0.06412158 0.56718746
v 0.03856207 -0.06410786 0.56896814
v 0.03986959 -0.06415866 0.57012687
v 0.03986959 -0.06415866 0.57012687
v 0.04124796 -0.06411209 0.57150509
v 0.04298209 -0.06414427 0.57332843
v -0.04340100 -0.06417526 0.57377685
v -0.04595563 -0.06414227 0.57688442
v -0.04207846 -0.06412715 0.57237037
v 0.03333313 -0.06414435 0.56476757
v 0.03428514 -0.06409512 0.56551628
v 0.03651248 -0.06412158 0.56718746
v 0.03333313 -0.06414435 0.56476757
v 0.03651248 -0.06412158 0.56718746
v 0.03986959 -0.06415866 0.57012687
v 0.03986959 -0.06415866 0.57012687
v 0.04298209 -0.06414427 0.57332843
v 0.04557254 -0.06421472 0.57636642
v 0.04557254 -0.06421472 0.57636642
v 0.04298209 -0.06414427 0.57332843
v 0.04520463 -0.06414440 0.57594424
v 0.04520463 -0.06414440 0.57594424
v 0.04661632 -0.06415837 0.57777210
v 0.04557254 -0.06421472 0.57636642
v 0.04557254 -0.06421472 0.57636642
v 0.04661632 -0.06415837 0.57777210
v 0.05015996 -0.06420545 0.58316491
v 0.04557254 -0.06421472 0.57636642
v 0.05015996 -0.06420545 0.58316491
v 0.05028715 -0.06426702 0.58337145
v 0.05028715 -0.06426702 0.58337145
v 0.05015996 -0.06420545 0.58316491
v 0.05223569 -0.06420532 0.58708729
v 0.05028715 -0.06426702 0.58337145
v 0.05223569 -0.06420532 0.58708729
v 0.05391855 -0.06423051 0.59098390
v 0.05639359 -0.06436462 0.59907450
v 0.05389980 -0.06436464 0.59100203
v 0.05391855 -0.06423051 0.59098390
v 0.05639359 -0.06436462 0.59907450
v 0.05391855 -0.06423051 0.59098390
v 0.05641900 -0.06420968 0.59908475
v 0.05641900 -0.06420968 0.59908475
v 0.05391855 -0.06423051 0.59098390
v 0.05516539 -0.06419962 0.59439578
v 0.01093133 -0.06435291 0.66891624
v 0.01910738 -0.06435273 0.66671314
v 0.01909148 -0.06420178 0.66672987
v 0.01093133 -0.06435291 0.66891624
v 0.01909148 -0.06420178 0.66672987
v 0.01092966 -0.06420166 0.66892723
v 0.05768539 -0.06436462 0.60742400
v 0.05639359 -0.06436462 0.59907450
v 0.05641900 -0.06420968 0.59908475
v 0.05768539 -0.06436462 0.60742400
v 0.05641900 -0.06420968 0.59908475
v 0.05770914 -0.06421370 0.60743694
v 0.05770914 -0.06421370 0.60743694
v 0.05641900 -0.06420968 0.59908475
v 0.05712138 -0.06420084 0.60242455
v 0.01828672 -0.06435282 0.55715524
v 0.01010033 -0.06423949 0.55505480
v 0.01829004 -0.06418943 0.55714804
v 0.01829004 -0.06418943 0.55714804
v 0.01010033 -0.06423949 0.55505480
v 0.01010150 -0.06410573 0.55512890
v 0.01829004 -0.06418943 0.55714804
v 0.01010150 -0.06410573 0.55512890
v 0.01827309 -0.06410424 0.55720688
v -0.05729833 -0.06438060 0.60407358
v -0.05785969 -0.06437670 0.61253794
v -0.05734128 -0.06421472 0.60405038
v -0.05734128 -0.06421472 0.60405038
v -0.05785969 -0.06437670 0.61253794
v -0.05789398 -0.06421068 0.61248967
v -0.05734128 -0.06421472 0.60405038
v 0.00253843 -0.06435279 0.66990213
v 0.01093133 -0.06435291 0.66891624
v 0.01092966 -0.06420166 0.66892723
v 0.00253555 -0.06420164 0.66991281
v 0.05067532 -0.06436461 0.64002501
v 0.05422047 -0.06435268 0.63233841
v 0.05069161 -0.06420367 0.64004570
v 0.05069161 -0.06420367 0.64004570
v 0.05422047 -0.06435268 0.63233841
v 0.05422302 -0.06420176 0.63236160
v 0.05773793 -0.06437386 0.61586749
v 0.05768539 -0.06436462 0.60742400
v 0.05777446 -0.06421106 0.61587872
v 0.05777446 -0.06421106 0.61587872
v 0.05768539 -0.06436462 0.60742400
v 0.05770914 -0.06421370 0.60743694
v 0.05777446 -0.06421106 0.61587872
v 0.05770914 -0.06421370 0.60743694
v 0.05789130 -0.06420135 0.61164953
v 0.02608583 -0.06433576 0.56038915
v 0.01828672 -0.06435282 0.55715524
v 0.01829004 -0.06418943 0.55714804
v 0.02608583 -0.06433576 0.56038915
v 0.01829004 -0.06418943 0.55714804
v 0.02610492 -0.06412654 0.56043761
v 0.02610492 -0.06412654 0.56043761
v 0.01829004 -0.06418943 0.55714804
v 0.01827309 -0.06410424 0.55720688
v -0.02302411 -0.06437549 0.55899097
v -0.03050336 -0.06438576 0.56291969
v -0.03052674 -0.06425712 0.56286970
v -0.02302411 -0.06437549 0.55899097
v -0.03052674 -0.06425712 0.56286970
v -0.02303613 -0.06423987 0.55895142
v -0.02303613 -0.06423987 0.55895142
v -0.03052674 -0.06425712 0.56286970
v -0.03048526 -0.06413216 0.56289607
v -0.02303613 -0.06423987 0.55895142
v -0.03048526 -0.06413216 0.56289607
v -0.02301757 -0.06411663 0.55900483
v -0.02301757 -0.06411663 0.55900483
v -0.03048526 -0.06413216 0.56289607
v -0.02655084 -0.06408601 0.56071159
v -0.02301757 -0.06411663 0.55900483
v -0.02655084 -0.06408601 0.56071159
v -0.02149774 -0.06408327 0.55841743
v -0.05553234 -0.06437379 0.59581874
v -0.05729833 -0.06438060 0.60407358
v -0.05734128 -0.06421472 0.60405038
v -0.05553234 -0.06437379 0.59581874
v -0.05734128 -0.06421472 0.60405038
v -0.05556306 -0.06421209 0.59579079
v -0.05556306 -0.06421209 0.59579079
v -0.05734128 -0.06421472 0.60405038
v -0.05626730 -0.06419849 0.59818925
v -0.04802526 -0.06436607 0.64436566
v -0.04282066 -0.06434952 0.65102304
v -0.04805468 -0.06420841 0.64436395
v -0.04805468 -0.06420841 0.64436395
v -0.04282066 -0.06434952 0.65102304
v -0.04283682 -0.06420167 0.65101956
v -0.00590830 -0.06435286 0.66965543
v 0.00253843 -0.06435279 0.66990213
v 0.00253555 -0.06420164 0.66991281
v -0.00591277 -0.06420165 0.66966562
v 0.04607868 -0.06434954 0.64710799
v 0.05067532 -0.06436461 0.64002501
v 0.05069161 -0.06420367 0.64004570
v 0.04607868 -0.06434954 0.64710799
v 0.05069161 -0.06420367 0.64004570
v 0.04607917 -0.06420163 0.64712307
v 0.03331933 -0.06435272 0.56474224
v 0.02608583 -0.06433576 0.56038915
v 0.03333313 -0.06414435 0.56476757
v 0.03333313 -0.06414435 0.56476757
v 0.02608583 -0.06433576 0.56038915
v 0.02610492 -0.06412654 0.56043761
v -0.01505066 -0.06436468 0.55619309
v -0.02302411 -0.06437549 0.55899097
v -0.02303613 -0.06423987 0.55895142
v -0.01505066 -0.06436468 0.55619309
v -0.02303613 -0.06423987 0.55895142
v -0.01505388 -0.06420537 0.55616807
v -0.01505388 -0.06420537 0.55616807
v -0.02303613 -0.06423987 0.55895142
v -0.02301757 -0.06411663 0.55900483
v -0.01505388 -0.06420537 0.55616807
v -0.02301757 -0.06411663 0.55900483
v -0.01501901 -0.06410693 0.55621989
v -0.01501901 -0.06410693 0.55621989
v -0.02301757 -0.06411663 0.55900483
v -0.01621251 -0.06407981 0.55659745
v -0.05256154 -0.06438529 0.58790917
v -0.05553234 -0.06437379 0.59581874
v -0.05259512 -0.06422080 0.58784777
v -0.05259512 -0.06422080 0.58784777
v -0.05553234 -0.06437379 0.59581874
v -0.05556306 -0.06421209 0.59579079
v -0.05259512 -0.06422080 0.58784777
v -0.05556306 -0.06421209 0.59579079
v -0.05434283 -0.06420117 0.59207044
v -0.05220688 -0.06437386 0.63702444
v -0.04802526 -0.06436607 0.64436566
v -0.05224985 -0.06421469 0.63702145
v -0.05224985 -0.06421469 0.63702145
v -0.04802526 -0.06436607 0.64436566
v -0.04805468 -0.06420841 0.64436395
v -0.05224985 -0.06421469 0.63702145
v -0.04805468 -0.06420841 0.64436395
v -0.05027631 -0.06420139 0.64077769
v -0.01422160 -0.06434953 0.66818450
v -0.00590830 -0.06435286 0.66965543
v -0.00591277 -0.06420165 0.66966562
v -0.01422160 -0.06434953 0.66818450
v -0.00591277 -0.06420165 0.66966562
v -0.01423527 -0.06420164 0.66819085
v 0.04048591 -0.06435497 0.65344232
v 0.04607868 -0.06434954 0.64710799
v 0.04607917 -0.06420163 0.64712307
v 0.04048496 -0.06420162 0.65345880
v 0.05659513 -0.06435126 0.62422377
v 0.05773793 -0.06437386 0.61586749
v 0.05777446 -0.06421106 0.61587872
v 0.05659513 -0.06435126 0.62422377
v 0.05777446 -0.06421106 0.61587872
v 0.05659898 -0.06420158 0.62425062
v 0.03986959 -0.06415866 0.57012687
v 0.04557254 -0.06421472 0.57636642
v 0.03985593 -0.06435265 0.57009813
v 0.03985593 -0.06435265 0.57009813
v 0.04557254 -0.06421472 0.57636642
v 0.04553064 -0.06437521 0.57636831
v -0.00248559 -0.06407485 0.55434168
v 0.00316529 -0.06407592 0.55437018
v 0.00170339 -0.06412418 0.55423298
v -0.00248559 -0.06407485 0.55434168
v 0.00170339 -0.06412418 0.55423298
v -0.00672600 -0.06411697 0.55460382
v -0.00672600 -0.06411697 0.55460382
v 0.00170339 -0.06412418 0.55423298
v 0.00168127 -0.06434955 0.55421418
v -0.00672600 -0.06411697 0.55460382
v 0.00168127 -0.06434955 0.55421418
v -0.00675302 -0.06435289 0.55458612
v -0.04595563 -0.06414227 0.57688442
v -0.04340100 -0.06417526 0.57377685
v -0.04852386 -0.06422665 0.58049979
v -0.04852386 -0.06422665 0.58049979
v -0.04340100 -0.06417526 0.57377685
v -0.04341764 -0.06434576 0.57378643
v -0.04852386 -0.06422665 0.58049979
v -0.04341764 -0.06434576 0.57378643
v -0.04849458 -0.06437524 0.58051108
v -0.05531744 -0.06420864 0.62915571
v -0.05721458 -0.06420158 0.62091863
v -0.05720098 -0.06435086 0.62094524
v -0.05531744 -0.06420864 0.62915571
v -0.05720098 -0.06435086 0.62094524
v -0.05529104 -0.06436444 0.62916645
v -0.02225406 -0.06420165 0.66552023
v -0.02979883 -0.06420165 0.66171040
v -0.02977565 -0.06435271 0.66171211
v -0.02225406 -0.06420165 0.66552023
v -0.02977565 -0.06435271 0.66171211
v -0.02223094 -0.06435276 0.66551846
v 0.03402819 -0.06420162 0.65891216
v 0.02684554 -0.06420163 0.66336779
v 0.02685156 -0.06434951 0.66335399
v 0.03402819 -0.06420162 0.65891216
v 0.02685156 -0.06434951 0.66335399
v 0.03402469 -0.06435282 0.65890184
v 0.05389980 -0.06436464 0.59100203
v 0.05023658 -0.06438526 0.58338720
v 0.05028715 -0.06426702 0.58337145
v 0.04557254 -0.06421472 0.57636642
v 0.05028715 -0.06426702 0.58337145
v 0.04553064 -0.06437521 0.57636831
v 0.04553064 -0.06437521 0.57636831
v 0.05028715 -0.06426702 0.58337145
v 0.05023658 -0.06438526 0.58338720
v 0.03333313 -0.06414435 0.56476757
v 0.03986959 -0.06415866 0.57012687
v 0.03985593 -0.06435265 0.57009813
v 0.03333313 -0.06414435 0.56476757
v 0.03985593 -0.06435265 0.57009813
v 0.03331933 -0.06435272 0.56474224
v 0.01828672 -0.06435282 0.55715524
v 0.01008478 -0.06438527 0.55510980
v 0.01010033 -0.06423949 0.55505480
v 0.01008478 -0.06438527 0.55510980
v 0.00168127 -0.06434955 0.55421418
v 0.01010033 -0.06423949 0.55505480
v 0.01010033 -0.06423949 0.55505480
v 0.00168127 -0.06434955 0.55421418
v 0.00170339 -0.06412418 0.55423298
v 0.01010033 -0.06423949 0.55505480
v 0.00170339 -0.06412418 0.55423298
v 0.01010150 -0.06410573 0.55512890
v 0.01010150 -0.06410573 0.55512890
v 0.00170339 -0.06412418 0.55423298
v 0.00316529 -0.06407592 0.55437018
v 0.01010150 -0.06410573 0.55512890
v 0.00316529 -0.06407592 0.55437018
v 0.00601185 -0.06407521 0.55460040
v 0.01010150 -0.06410573 0.55512890
v 0.00601185 -0.06407521 0.55460040
v 0.01161849 -0.06407680 0.55546410
v -0.01338790 -0.06407952 0.55585301
v -0.00797706 -0.06407696 0.55483697
v -0.00672600 -0.06411697 0.55460382
v -0.01338790 -0.06407952 0.55585301
v -0.00672600 -0.06411697 0.55460382
v -0.01501901 -0.06410693 0.55621989
v -0.01501901 -0.06410693 0.55621989
v -0.00672600 -0.06411697 0.55460382
v -0.01505388 -0.06420537 0.55616807
v -0.01505388 -0.06420537 0.55616807
v -0.00672600 -0.06411697 0.55460382
v -0.00675302 -0.06435289 0.55458612
v -0.01505388 -0.06420537 0.55616807
v -0.00675302 -0.06435289 0.55458612
v -0.01505066 -0.06436468 0.55619309
v -0.03385387 -0.06410076 0.56519084
v -0.03129156 -0.06409310 0.56345789
v -0.03048526 -0.06413216 0.56289607
v -0.03385387 -0.06410076 0.56519084
v -0.03048526 -0.06413216 0.56289607
v -0.03734360 -0.06414505 0.56787501
v -0.03734360 -0.06414505 0.56787501
v -0.03048526 -0.06413216 0.56289607
v -0.03052674 -0.06425712 0.56286970
v -0.03734360 -0.06414505 0.56787501
v -0.03052674 -0.06425712 0.56286970
v -0.03736429 -0.06424008 0.56784071
v -0.03736429 -0.06424008 0.56784071
v -0.03052674 -0.06425712 0.56286970
v -0.03734122 -0.06437551 0.56787495
v -0.03734122 -0.06437551 0.56787495
v -0.03052674 -0.06425712 0.56286970
v -0.03050336 -0.06438576 0.56291969
v -0.03734122 -0.06437551 0.56787495
v -0.04341764 -0.06434576 0.57378643
v -0.03736429 -0.06424008 0.56784071
v -0.03736429 -0.06424008 0.56784071
v -0.04341764 -0.06434576 0.57378643
v -0.04340100 -0.06417526 0.57377685
v -0.03736429 -0.06424008 0.56784071
v -0.04340100 -0.06417526 0.57377685
v -0.03734360 -0.06414505 0.56787501
v -0.03734360 -0.06414505 0.56787501
v -0.04340100 -0.06417526 0.57377685
v -0.04207846 -0.06412715 0.57237037
v -0.03734360 -0.06414505 0.56787501
v -0.04207846 -0.06412715 0.57237037
v -0.03810564 -0.06411222 0.56856561
v -0.05045723 -0.06420623 0.58368364
v -0.04852386 -0.06422665 0.58049979
v -0.05259512 -0.06422080 0.58784777
v -0.05259512 -0.06422080 0.58784777
v -0.04852386 -0.06422665 0.58049979
v -0.04849458 -0.06437524 0.58051108
v -0.05259512 -0.06422080 0.58784777
v -0.04849458 -0.06437524 0.58051108
v -0.05256154 -0.06438529 0.58790917
v -0.05785969 -0.06437670 0.61253794
v -0.05729833 -0.06438060 0.60407358
v -0.05767449 -0.06442459 0.60827811
v -0.05785969 -0.06437670 0.61253794
v -0.05720098 -0.06435086 0.62094524
v -0.05789398 -0.06421068 0.61248967
v -0.05789398 -0.06421068 0.61248967
v -0.05720098 -0.06435086 0.62094524
v -0.05721458 -0.06420158 0.62091863
v -0.05224985 -0.06421469 0.63702145
v -0.05531744 -0.06420864 0.62915571
v -0.05529104 -0.06436444 0.62916645
v -0.05224985 -0.06421469 0.63702145
v -0.05529104 -0.06436444 0.62916645
v -0.05220688 -0.06437386 0.63702444
v -0.03670828 -0.06420180 0.65684279
v -0.04283682 -0.06420167 0.65101956
v -0.04282066 -0.06434952 0.65102304
v -0.03670828 -0.06420180 0.65684279
v -0.04282066 -0.06434952 0.65102304
v -0.03669881 -0.06435297 0.65683699
v -0.03669881 -0.06435297 0.65683699
v -0.02977565 -0.06435271 0.66171211
v -0.02979883 -0.06420165 0.66171040
v -0.03669881 -0.06435297 0.65683699
v -0.02979883 -0.06420165 0.66171040
v -0.03670828 -0.06420180 0.65684279
v -0.01423527 -0.06420164 0.66819085
v -0.02225406 -0.06420165 0.66552023
v -0.02223094 -0.06435276 0.66551846
v -0.01423527 -0.06420164 0.66819085
v -0.02223094 -0.06435276 0.66551846
v -0.01422160 -0.06434953 0.66818450
v 0.01910738 -0.06435273 0.66671314
v 0.02685156 -0.06434951 0.66335399
v 0.02684554 -0.06420163 0.66336779
v 0.01910738 -0.06435273 0.66671314
v 0.02684554 -0.06420163 0.66336779
v 0.01909148 -0.06420178 0.66672987
v 0.04048496 -0.06420162 0.65345880
v 0.03402819 -0.06420162 0.65891216
v 0.03402469 -0.06435282 0.65890184
v 0.04048496 -0.06420162 0.65345880
v 0.03402469 -0.06435282 0.65890184
v 0.04048591 -0.06435497 0.65344232
v 0.05659898 -0.06420158 0.62425062
v 0.05422302 -0.06420176 0.63236160
v 0.05422047 -0.06435268 0.63233841
v 0.05659898 -0.06420158 0.62425062
v 0.05422047 -0.06435268 0.63233841
v 0.05659513 -0.06435126 0.62422377
v 0.01827309 -0.06410424 0.55720688
v 0.01010150 -0.06410573 0.55512890
v 0.01161849 -0.06407680 0.55546410
v -0.05770572 -0.06449948 0.61249052
v -0.05785969 -0.06437670 0.61253794
v -0.05767449 -0.06442459 0.60827811
v -0.05770572 -0.06449948 0.61249052
v -0.05767449 -0.06442459 0.60827811
v -0.05713479 -0.06451609 0.60407968
v -0.05713479 -0.06451609 0.60407968
v -0.05767449 -0.06442459 0.60827811
v -0.05729833 -0.06438060 0.60407358
v -0.05713479 -0.06451609 0.60407968
v -0.05729833 -0.06438060 0.60407358
v -0.05532713 -0.06456747 0.59585707
v -0.05532713 -0.06456747 0.59585707
v -0.05729833 -0.06438060 0.60407358
v -0.05553234 -0.06437379 0.59581874
v -0.05532713 -0.06456747 0.59585707
v -0.05553234 -0.06437379 0.59581874
v -0.05239329 -0.06453697 0.58796325
v -0.05239329 -0.06453697 0.58796325
v -0.05553234 -0.06437379 0.59581874
v -0.05256154 -0.06438529 0.58790917
v -0.05239329 -0.06453697 0.58796325
v -0.05256154 -0.06438529 0.58790917
v -0.04831361 -0.06454922 0.58059305
v -0.04849458 -0.06437524 0.58051108
v -0.04831361 -0.06454922 0.58059305
v -0.04849458 -0.06437524 0.58051108
v -0.04321498 -0.06454922 0.57389398
v -0.04341764 -0.06434576 0.57378643
v -0.04321498 -0.06454922 0.57389398
v -0.04341764 -0.06434576 0.57378643
v -0.03720634 -0.06456180 0.56803022
v -0.03720634 -0.06456180 0.56803022
v -0.04341764 -0.06434576 0.57378643
v -0.03734122 -0.06437551 0.56787495
v -0.03720634 -0.06456180 0.56803022
v -0.03734122 -0.06437551 0.56787495
v -0.03040452 -0.06453654 0.56306440
v -0.03040452 -0.06453654 0.56306440
v -0.03734122 -0.06437551 0.56787495
v -0.03050336 -0.06438576 0.56291969
v -0.03040452 -0.06453654 0.56306440
v -0.03050336 -0.06438576 0.56291969
v -0.02294457 -0.06453648 0.55915961
v -0.02302411 -0.06437549 0.55899097
v -0.02294457 -0.06453648 0.55915961
v -0.02302411 -0.06437549 0.55899097
v -0.01497933 -0.06456736 0.55639915
v -0.01497933 -0.06456736 0.55639915
v -0.02302411 -0.06437549 0.55899097
v -0.01505066 -0.06436468 0.55619309
v -0.01497933 -0.06456736 0.55639915
v -0.01505066 -0.06436468 0.55619309
v -0.00670687 -0.06454909 0.55480041
v -0.00670687 -0.06454909 0.55480041
v -0.01505066 -0.06436468 0.55619309
v -0.00675302 -0.06435289 0.55458612
v -0.00670687 -0.06454909 0.55480041
v -0.00675302 -0.06435289 0.55458612
v 0.00169063 -0.06451482 0.55440387
v 0.00169063 -0.06451482 0.55440387
v -0.00675302 -0.06435289 0.55458612
v 0.00168127 -0.06434955 0.55421418
v 0.00169063 -0.06451482 0.55440387
v 0.00168127 -0.06434955 0.55421418
v 0.01008153 -0.06456222 0.55530681
v 0.01008153 -0.06456222 0.55530681
v 0.00168127 -0.06434955 0.55421418
v 0.01008478 -0.06438527 0.55510980
v 0.01008153 -0.06456222 0.55530681
v 0.01008478 -0.06438527 0.55510980
v 0.01821342 -0.06456181 0.55737094
v 0.01821342 -0.06456181 0.55737094
v 0.01008478 -0.06438527 0.55510980
v 0.01828672 -0.06435282 0.55715524
v 0.01821342 -0.06456181 0.55737094
v 0.01828672 -0.06435282 0.55715524
v 0.02600089 -0.06452497 0.56058134
v 0.02608583 -0.06433576 0.56038915
v 0.02600089 -0.06452497 0.56058134
v 0.02608583 -0.06433576 0.56038915
v 0.03331933 -0.06435272 0.56474224
v 0.03321641 -0.06455336 0.56493828
v 0.03321641 -0.06455336 0.56493828
v 0.03331933 -0.06435272 0.56474224
v 0.03973036 -0.06456226 0.57029289
v 0.03973036 -0.06456226 0.57029289
v 0.03331933 -0.06435272 0.56474224
v 0.03985593 -0.06435265 0.57009813
v 0.03973036 -0.06456226 0.57029289
v 0.03985593 -0.06435265 0.57009813
v 0.04539040 -0.06456219 0.57652291
v 0.04539040 -0.06456219 0.57652291
v 0.03985593 -0.06435265 0.57009813
v 0.04553064 -0.06437521 0.57636831
v 0.04539040 -0.06456219 0.57652291
v 0.04553064 -0.06437521 0.57636831
v 0.05008301 -0.06456222 0.58351073
v 0.05008301 -0.06456222 0.58351073
v 0.04553064 -0.06437521 0.57636831
v 0.05023658 -0.06438526 0.58338720
v 0.05008301 -0.06456222 0.58351073
v 0.05023658 -0.06438526 0.58338720
v 0.05369822 -0.06456180 0.59108180
v 0.05369822 -0.06456180 0.59108180
v 0.05023658 -0.06438526 0.58338720
v 0.05389980 -0.06436464 0.59100203
v 0.05369822 -0.06456180 0.59108180
v 0.05389980 -0.06436464 0.59100203
v 0.05619209 -0.06454869 0.59912363
v 0.05619209 -0.06454869 0.59912363
v 0.05389980 -0.06436464 0.59100203
v 0.05639359 -0.06436462 0.59907450
v 0.05619209 -0.06454869 0.59912363
v 0.05639359 -0.06436462 0.59907450
v 0.05749790 -0.06452773 0.60744902
v 0.05749790 -0.06452773 0.60744902
v 0.05639359 -0.06436462 0.59907450
v 0.05768539 -0.06436462 0.60742400
v 0.05749790 -0.06452773 0.60744902
v 0.05768539 -0.06436462 0.60742400
v 0.05752959 -0.06456223 0.61588647
v 0.05752959 -0.06456223 0.61588647
v 0.05768539 -0.06436462 0.60742400
v 0.05773793 -0.06437386 0.61586749
v 0.05752959 -0.06456223 0.61588647
v 0.05773793 -0.06437386 0.61586749
v 0.05637168 -0.06454917 0.62421931
v 0.05637168 -0.06454917 0.62421931
v 0.05773793 -0.06437386 0.61586749
v 0.05659513 -0.06435126 0.62422377
v 0.05637168 -0.06454917 0.62421931
v 0.05659513 -0.06435126 0.62422377
v 0.05402452 -0.06452547 0.63229556
v 0.05402452 -0.06452547 0.63229556
v 0.05659513 -0.06435126 0.62422377
v 0.05422047 -0.06435268 0.63233841
v 0.05402452 -0.06452547 0.63229556
v 0.05422047 -0.06435268 0.63233841
v 0.05050899 -0.06452505 0.63993841
v 0.05050899 -0.06452505 0.63993841
v 0.05422047 -0.06435268 0.63233841
v 0.05067532 -0.06436461 0.64002501
v 0.05050899 -0.06452505 0.63993841
v 0.05067532 -0.06436461 0.64002501
v 0.04590942 -0.06452771 0.64699892
v 0.04590942 -0.06452771 0.64699892
v 0.05067532 -0.06436461 0.64002501
v 0.04607868 -0.06434954 0.64710799
v 0.04590942 -0.06452771 0.64699892
v 0.04607868 -0.06434954 0.64710799
v 0.04032957 -0.06453464 0.65330560
v 0.04032957 -0.06453464 0.65330560
v 0.04607868 -0.06434954 0.64710799
v 0.04048591 -0.06435497 0.65344232
v 0.04032957 -0.06453464 0.65330560
v 0.04048591 -0.06435497 0.65344232
v 0.03389364 -0.06454011 0.65873766
v 0.03389364 -0.06454011 0.65873766
v 0.04048591 -0.06435497 0.65344232
v 0.03402469 -0.06435282 0.65890184
v 0.03389364 -0.06454011 0.65873766
v 0.03402469 -0.06435282 0.65890184
v 0.02671537 -0.06456218 0.66316711
v 0.02671537 -0.06456218 0.66316711
v 0.03402469 -0.06435282 0.65890184
v 0.02685156 -0.06434951 0.66335399
v 0.02671537 -0.06456218 0.66316711
v 0.02685156 -0.06434951 0.66335399
v 0.01899940 -0.06454918 0.66651966
v 0.01899940 -0.06454918 0.66651966
v 0.02685156 -0.06434951 0.66335399
v 0.01910738 -0.06435273 0.66671314
v 0.01899940 -0.06454918 0.66651966
v 0.01910738 -0.06435273 0.66671314
v 0.01089159 -0.06452504 0.66872185
v 0.01089159 -0.06452504 0.66872185
v 0.01910738 -0.06435273 0.66671314
v 0.01093133 -0.06435291 0.66891624
v 0.01089159 -0.06452504 0.66872185
v 0.01093133 -0.06435291 0.66891624
v 0.00253002 -0.06456188 0.66967453
v 0.00253002 -0.06456188 0.66967453
v 0.01093133 -0.06435291 0.66891624
v 0.00253843 -0.06435279 0.66990213
v 0.00253002 -0.06456188 0.66967453
v 0.00253843 -0.06435279 0.66990213
v -0.00588367 -0.06456176 0.66942911
v -0.00590830 -0.06435286 0.66965543
v -0.00588367 -0.06456176 0.66942911
v -0.00590830 -0.06435286 0.66965543
v -0.01418635 -0.06455333 0.66796600
v -0.01422160 -0.06434953 0.66818450
v -0.01418635 -0.06455333 0.66796600
v -0.01422160 -0.06434953 0.66818450
v -0.02218146 -0.06453705 0.66531314
v -0.02218146 -0.06453705 0.66531314
v -0.01422160 -0.06434953 0.66818450
v -0.02223094 -0.06435276 0.66551846
v -0.02218146 -0.06453705 0.66531314
v -0.02223094 -0.06435276 0.66551846
v -0.02969678 -0.06453696 0.66151613
v -0.02969678 -0.06453696 0.66151613
v -0.02223094 -0.06435276 0.66551846
v -0.02977565 -0.06435271 0.66171211
v -0.02969678 -0.06453696 0.66151613
v -0.02977565 -0.06435271 0.66171211
v -0.03656799 -0.06453648 0.65667470
v -0.03656799 -0.06453648 0.65667470
v -0.02977565 -0.06435271 0.66171211
v -0.03669881 -0.06435297 0.65683699
v -0.03656799 -0.06453648 0.65667470
v -0.03669881 -0.06435297 0.65683699
v -0.04265596 -0.06456180 0.65086423
v -0.04265596 -0.06456180 0.65086423
v -0.03669881 -0.06435297 0.65683699
v -0.04282066 -0.06434952 0.65102304
v -0.04265596 -0.06456180 0.65086423
v -0.04282066 -0.06434952 0.65102304
v -0.04802526 -0.06436607 0.64436566
v -0.04265596 -0.06456180 0.65086423
v -0.04802526 -0.06436607 0.64436566
v -0.04785663 -0.06456745 0.64422766
v -0.04785663 -0.06456745 0.64422766
v -0.04802526 -0.06436607 0.64436566
v -0.05205441 -0.06452560 0.63693161
v -0.05205441 -0.06452560 0.63693161
v -0.04802526 -0.06436607 0.64436566
v -0.05220688 -0.06437386 0.63702444
v -0.05205441 -0.06452560 0.63693161
v -0.05220688 -0.06437386 0.63702444
v -0.05510294 -0.06454919 0.62907264
v -0.05510294 -0.06454919 0.62907264
v -0.05220688 -0.06437386 0.63702444
v -0.05529104 -0.06436444 0.62916645
v -0.05510294 -0.06454919 0.62907264
v -0.05529104 -0.06436444 0.62916645
v -0.05700875 -0.06452554 0.62088091
v -0.05700875 -0.06452554 0.62088091
v -0.05529104 -0.06436444 0.62916645
v -0.05720098 -0.06435086 0.62094524
v -0.05700875 -0.06452554 0.62088091
v -0.05720098 -0.06435086 0.62094524
v -0.05770572 -0.06449948 0.61249052
v -0.05770572 -0.06449948 0.61249052
v -0.05720098 -0.06435086 0.62094524
v -0.05785969 -0.06437670 0.61253794
v 0.01008153 -0.06456222 0.55530681
v 0.00168252 -0.06464809 0.55445532
v 0.00169063 -0.06451482 0.55440387
v 0.00169063 -0.06451482 0.55440387
v 0.00168252 -0.06464809 0.55445532
v -0.00670687 -0.06454909 0.55480041
v -0.05713479 -0.06451609 0.60407968
v -0.05764823 -0.06461465 0.61249687
v -0.05770572 -0.06449948 0.61249052
v -0.05770572 -0.06449948 0.61249052
v -0.05764823 -0.06461465 0.61249687
v -0.05700875 -0.06452554 0.62088091
v 0.05752959 -0.06456223 0.61588647
v 0.05746172 -0.06464787 0.60744463
v 0.05749790 -0.06452773 0.60744902
v 0.05749790 -0.06452773 0.60744902
v 0.05746172 -0.06464787 0.60744463
v 0.05619209 -0.06454869 0.59912363
v 0.03321641 -0.06455336 0.56493828
v 0.02598141 -0.06466475 0.56061400
v 0.02600089 -0.06452497 0.56058134
v 0.02600089 -0.06452497 0.56058134
v 0.02598141 -0.06466475 0.56061400
v 0.01821342 -0.06456181 0.55737094
v -0.05532713 -0.06456747 0.59585707
v -0.05709326 -0.06468185 0.60410055
v -0.05713479 -0.06451609 0.60407968
v -0.05713479 -0.06451609 0.60407968
v -0.05709326 -0.06468185 0.60410055
v -0.05764823 -0.06461465 0.61249687
v -0.05764823 -0.06461465 0.61249687
v -0.05697056 -0.06464788 0.62088604
v -0.05700875 -0.06452554 0.62088091
v -0.05700875 -0.06452554 0.62088091
v -0.05697056 -0.06464788 0.62088604
v -0.05510294 -0.06454919 0.62907264
v -0.05510294 -0.06454919 0.62907264
v -0.05201528 -0.06468184 0.63692654
v -0.05205441 -0.06452560 0.63693161
v -0.05205441 -0.06452560 0.63693161
v -0.05201528 -0.06468184 0.63692654
v -0.04785663 -0.06456745 0.64422766
v 0.00253002 -0.06456188 0.66967453
v 0.01088670 -0.06464801 0.66868492
v 0.01089159 -0.06452504 0.66872185
v 0.01089159 -0.06452504 0.66872185
v 0.01088670 -0.06464801 0.66868492
v 0.01899940 -0.06454918 0.66651966
v 0.04032957 -0.06453464 0.65330560
v 0.04588559 -0.06468183 0.64697017
v 0.04590942 -0.06452771 0.64699892
v 0.04590942 -0.06452771 0.64699892
v 0.04588559 -0.06468183 0.64697017
v 0.05047702 -0.06466479 0.63991790
v 0.04590942 -0.06452771 0.64699892
v 0.05047702 -0.06466479 0.63991790
v 0.05050899 -0.06452505 0.63993841
v 0.05050899 -0.06452505 0.63993841
v 0.05047702 -0.06466479 0.63991790
v 0.05399356 -0.06468183 0.63227096
v 0.05050899 -0.06452505 0.63993841
v 0.05399356 -0.06468183 0.63227096
v 0.05402452 -0.06452547 0.63229556
v 0.05402452 -0.06452547 0.63229556
v 0.05399356 -0.06468183 0.63227096
v 0.05637168 -0.06454917 0.62421931
v -0.01497933 -0.06456736 0.55639915
v -0.02294072 -0.06471473 0.55917804
v -0.02294457 -0.06453648 0.55915961
v -0.02294457 -0.06453648 0.55915961
v -0.02294072 -0.06471473 0.55917804
v -0.03039801 -0.06471467 0.56308186
v -0.03040452 -0.06453654 0.56306440
v -0.03040452 -0.06453654 0.56306440
v -0.03039801 -0.06471467 0.56308186
v -0.03720634 -0.06456180 0.56803022
v -0.04831361 -0.06454922 0.58059305
v -0.05238422 -0.06471460 0.58798748
v -0.05239329 -0.06453697 0.58796325
v -0.05239329 -0.06453697 0.58796325
v -0.05238422 -0.06471460 0.58798748
v -0.05532713 -0.06456747 0.59585707
v -0.04265596 -0.06456180 0.65086423
v -0.03655178 -0.06468102 0.65665779
v -0.03656799 -0.06453648 0.65667470
v -0.03656799 -0.06453648 0.65667470
v -0.03655178 -0.06468102 0.65665779
v -0.02967233 -0.06473148 0.66151424
v -0.03656799 -0.06453648 0.65667470
v -0.02967233 -0.06473148 0.66151424
v -0.02969678 -0.06453696 0.66151613
v -0.02969678 -0.06453696 0.66151613
v -0.02967233 -0.06473148 0.66151424
v -0.02215750 -0.06471470 0.66530337
v -0.02969678 -0.06453696 0.66151613
v -0.02215750 -0.06471470 0.66530337
v -0.02218146 -0.06453705 0.66531314
v -0.02218146 -0.06453705 0.66531314
v -0.02215750 -0.06471470 0.66530337
v -0.01418635 -0.06455333 0.66796600
v 0.02671537 -0.06456218 0.66316711
v 0.03388780 -0.06466466 0.65871355
v 0.03389364 -0.06454011 0.65873766
v 0.03389364 -0.06454011 0.65873766
v 0.03388780 -0.06466466 0.65871355
v 0.04031834 -0.06468099 0.65328284
v 0.03389364 -0.06454011 0.65873766
v 0.04031834 -0.06468099 0.65328284
v 0.04032957 -0.06453464 0.65330560
v 0.04032957 -0.06453464 0.65330560
v 0.04031834 -0.06468099 0.65328284
v 0.04588559 -0.06468183 0.64697017
v 0.05746172 -0.06464787 0.60744463
v 0.05618744 -0.06471300 0.59912363
v 0.05619209 -0.06454869 0.59912363
v 0.05619209 -0.06454869 0.59912363
v 0.05618744 -0.06471300 0.59912363
v 0.05369822 -0.06456180 0.59108180
v 0.03973036 -0.06456226 0.57029289
v 0.03320462 -0.06471304 0.56493407
v 0.03321641 -0.06455336 0.56493828
v 0.03321641 -0.06455336 0.56493828
v 0.03320462 -0.06471304 0.56493407
v 0.02598141 -0.06466475 0.56061400
v 0.00168252 -0.06464809 0.55445532
v -0.00673564 -0.06476143 0.55479120
v -0.00670687 -0.06454909 0.55480041
v -0.00670687 -0.06454909 0.55480041
v -0.00673564 -0.06476143 0.55479120
v -0.01497933 -0.06456736 0.55639915
v -0.03720634 -0.06456180 0.56803022
v -0.04322588 -0.06471307 0.57391302
v -0.04321498 -0.06454922 0.57389398
v -0.04321498 -0.06454922 0.57389398
v -0.04322588 -0.06471307 0.57391302
v -0.04832158 -0.06471309 0.58061343
v -0.04321498 -0.06454922 0.57389398
v -0.04832158 -0.06471309 0.58061343
v -0.04831361 -0.06454922 0.58059305
v -0.04831361 -0.06454922 0.58059305
v -0.04832158 -0.06471309 0.58061343
v -0.05238422 -0.06471460 0.58798748
v -0.05697056 -0.06464788 0.62088604
v -0.05509229 -0.06471308 0.62909181
v -0.05510294 -0.06454919 0.62907264
v -0.05510294 -0.06454919 0.62907264
v -0.05509229 -0.06471308 0.62909181
v -0.05201528 -0.06468184 0.63692654
v -0.02215750 -0.06471470 0.66530337
v -0.01417371 -0.06472932 0.66797063
v -0.01418635 -0.06455333 0.66796600
v -0.01418635 -0.06455333 0.66796600
v -0.01417371 -0.06472932 0.66797063
v -0.00588367 -0.06456176 0.66942911
v 0.01088670 -0.06464801 0.66868492
v 0.01901837 -0.06471308 0.66650825
v 0.01899940 -0.06454918 0.66651966
v 0.01899940 -0.06454918 0.66651966
v 0.01901837 -0.06471308 0.66650825
v 0.02671537 -0.06456218 0.66316711
v 0.05399356 -0.06468183 0.63227096
v 0.05637663 -0.06472922 0.62419709
v 0.05637168 -0.06454917 0.62421931
v 0.05637168 -0.06454917 0.62421931
v 0.05637663 -0.06472922 0.62419709
v 0.05752959 -0.06456223 0.61588647
v 0.05637663 -0.06472922 0.62419709
v 0.05755038 -0.06474317 0.61586053
v 0.05752959 -0.06456223 0.61588647
v 0.05752959 -0.06456223 0.61588647
v 0.05755038 -0.06474317 0.61586053
v 0.05746172 -0.06464787 0.60744463
v 0.05618744 -0.06471300 0.59912363
v 0.05371596 -0.06474313 0.59107490
v 0.05369822 -0.06456180 0.59108180
v 0.05369822 -0.06456180 0.59108180
v 0.05371596 -0.06474313 0.59107490
v 0.05008599 -0.06474307 0.58347765
v 0.05369822 -0.06456180 0.59108180
v 0.05008599 -0.06474307 0.58347765
v 0.05008301 -0.06456222 0.58351073
v 0.05008301 -0.06456222 0.58351073
v 0.05008599 -0.06474307 0.58347765
v 0.04538844 -0.06474316 0.57648958
v 0.05008301 -0.06456222 0.58351073
v 0.04538844 -0.06474316 0.57648958
v 0.04539040 -0.06456219 0.57652291
v 0.04539040 -0.06456219 0.57652291
v 0.04538844 -0.06474316 0.57648958
v 0.03972746 -0.06475836 0.57025389
v 0.04539040 -0.06456219 0.57652291
v 0.03972746 -0.06475836 0.57025389
v 0.03973036 -0.06456226 0.57029289
v 0.03973036 -0.06456226 0.57029289
v 0.03972746 -0.06475836 0.57025389
v 0.03320462 -0.06471304 0.56493407
v 0.02598141 -0.06466475 0.56061400
v 0.01821955 -0.06474317 0.55735287
v 0.01821342 -0.06456181 0.55737094
v 0.01821342 -0.06456181 0.55737094
v 0.01821955 -0.06474317 0.55735287
v 0.01005797 -0.06472747 0.55528979
v 0.01821342 -0.06456181 0.55737094
v 0.01005797 -0.06472747 0.55528979
v 0.01008153 -0.06456222 0.55530681
v 0.01008153 -0.06456222 0.55530681
v 0.01005797 -0.06472747 0.55528979
v 0.00168252 -0.06464809 0.55445532
v -0.00673564 -0.06476143 0.55479120
v -0.01499599 -0.06472778 0.55638969
v -0.01497933 -0.06456736 0.55639915
v -0.01497933 -0.06456736 0.55639915
v -0.01499599 -0.06472778 0.55638969
v -0.02294072 -0.06471473 0.55917804
v -0.03039801 -0.06471467 0.56308186
v -0.03721852 -0.06474313 0.56801563
v -0.03720634 -0.06456180 0.56803022
v -0.03720634 -0.06456180 0.56803022
v -0.03721852 -0.06474313 0.56801563
v -0.04322588 -0.06471307 0.57391302
v -0.05238422 -0.06471460 0.58798748
v -0.05534403 -0.06472771 0.59586629
v -0.05532713 -0.06456747 0.59585707
v -0.05532713 -0.06456747 0.59585707
v -0.05534403 -0.06472771 0.59586629
v -0.05709326 -0.06468185 0.60410055
v -0.05709326 -0.06468185 0.60410055
v -0.05767330 -0.06474322 0.61249906
v -0.05764823 -0.06461465 0.61249687
v -0.05764823 -0.06461465 0.61249687
v -0.05767330 -0.06474322 0.61249906
v -0.05697056 -0.06464788 0.62088604
v -0.05201528 -0.06468184 0.63692654
v -0.04786511 -0.06474336 0.64425091
v -0.04785663 -0.06456745 0.64422766
v -0.04785663 -0.06456745 0.64422766
v -0.04786511 -0.06474336 0.64425091
v -0.04267016 -0.06474322 0.65087692
v -0.04785663 -0.06456745 0.64422766
v -0.04267016 -0.06474322 0.65087692
v -0.04265596 -0.06456180 0.65086423
v -0.04265596 -0.06456180 0.65086423
v -0.04267016 -0.06474322 0.65087692
v -0.03655178 -0.06468102 0.65665779
v -0.01417371 -0.06472932 0.66797063
v -0.00588561 -0.06474317 0.66944803
v -0.00588367 -0.06456176 0.66942911
v -0.00588367 -0.06456176 0.66942911
v -0.00588561 -0.06474317 0.66944803
v 0.00253090 -0.06474315 0.66969351
v -0.00588367 -0.06456176 0.66942911
v 0.00253090 -0.06474315 0.66969351
v 0.00253002 -0.06456188 0.66967453
v 0.00253002 -0.06456188 0.66967453
v 0.00253090 -0.06474315 0.66969351
v 0.01088670 -0.06464801 0.66868492
v 0.01901837 -0.06471308 0.66650825
v 0.02674438 -0.06472748 0.66316619
v 0.02671537 -0.06456218 0.66316711
v 0.02671537 -0.06456218 0.66316711
v 0.02674438 -0.06472748 0.66316619
v 0.03388780 -0.06466466 0.65871355
v 0.05755038 -0.06474317 0.61586053
v 0.05753749 -0.06481087 0.60741954
v 0.05746172 -0.06464787 0.60744463
v 0.05746172 -0.06464787 0.60744463
v 0.05753749 -0.06481087 0.60741954
v 0.05618744 -0.06471300 0.59912363
v -0.05767330 -0.06474322 0.61249906
v -0.05704429 -0.06481091 0.62091662
v -0.05697056 -0.06464788 0.62088604
v -0.05697056 -0.06464788 0.62088604
v -0.05704429 -0.06481091 0.62091662
v -0.05509229 -0.06471308 0.62909181
v 0.00253090 -0.06474315 0.66969351
v 0.01091996 -0.06481089 0.66875749
v 0.01088670 -0.06464801 0.66868492
v 0.01088670 -0.06464801 0.66868492
v 0.01091996 -0.06481089 0.66875749
v 0.01901837 -0.06471308 0.66650825
v 0.02674438 -0.06472748 0.66316619
v 0.03394699 -0.06481091 0.65876305
v 0.03388780 -0.06466466 0.65871355
v 0.03388780 -0.06466466 0.65871355
v 0.03394699 -0.06481091 0.65876305
v 0.04031834 -0.06468099 0.65328284
v 0.03320462 -0.06471304 0.56493407
v 0.02600936 -0.06479467 0.56055003
v 0.02598141 -0.06466475 0.56061400
v 0.02598141 -0.06466475 0.56061400
v 0.02600936 -0.06479467 0.56055003
v 0.01821955 -0.06474317 0.55735287
v 0.01005797 -0.06472747 0.55528979
v 0.00167824 -0.06482199 0.55434967
v 0.00168252 -0.06464809 0.55445532
v 0.00168252 -0.06464809 0.55445532
v 0.00167824 -0.06482199 0.55434967
v -0.00673564 -0.06476143 0.55479120
v -0.04267016 -0.06474322 0.65087692
v -0.03659483 -0.06481823 0.65673830
v -0.03655178 -0.06468102 0.65665779
v -0.03655178 -0.06468102 0.65665779
v -0.03659483 -0.06481823 0.65673830
v -0.02967233 -0.06473148 0.66151424
v 0.03394699 -0.06481091 0.65876305
v 0.04039369 -0.06481822 0.65333453
v 0.04031834 -0.06468099 0.65328284
v 0.04031834 -0.06468099 0.65328284
v 0.04039369 -0.06481822 0.65333453
v 0.04588559 -0.06468183 0.64697017
v 0.04588559 -0.06468183 0.64697017
v 0.05056798 -0.06481821 0.63994780
v 0.05047702 -0.06466479 0.63991790
v 0.05047702 -0.06466479 0.63991790
v 0.05056798 -0.06481821 0.63994780
v 0.05399356 -0.06468183 0.63227096
v 0.05753749 -0.06481087 0.60741954
v 0.05627777 -0.06482448 0.59908591
v 0.05618744 -0.06471300 0.59912363
v 0.05618744 -0.06471300 0.59912363
v 0.05627777 -0.06482448 0.59908591
v 0.05371596 -0.06474313 0.59107490
v 0.03972746 -0.06475836 0.57025389
v 0.03324675 -0.06482449 0.56484575
v 0.03320462 -0.06471304 0.56493407
v 0.03320462 -0.06471304 0.56493407
v 0.03324675 -0.06482449 0.56484575
v 0.02600936 -0.06479467 0.56055003
v 0.01821955 -0.06474317 0.55735287
v 0.01005675 -0.06482450 0.55519952
v 0.01005797 -0.06472747 0.55528979
v 0.01005797 -0.06472747 0.55528979
v 0.01005675 -0.06482450 0.55519952
v 0.00167824 -0.06482199 0.55434967
v -0.00673564 -0.06476143 0.55479120
v -0.01503545 -0.06482451 0.55630845
v -0.01499599 -0.06472778 0.55638969
v -0.01499599 -0.06472778 0.55638969
v -0.01503545 -0.06482451 0.55630845
v -0.02294072 -0.06471473 0.55917804
v -0.03721852 -0.06474313 0.56801563
v -0.04330909 -0.06482449 0.57386157
v -0.04322588 -0.06471307 0.57391302
v -0.04322588 -0.06471307 0.57391302
v -0.04330909 -0.06482449 0.57386157
v -0.04841143 -0.06482452 0.58057467
v -0.04322588 -0.06471307 0.57391302
v -0.04841143 -0.06482452 0.58057467
v -0.04832158 -0.06471309 0.58061343
v -0.04832158 -0.06471309 0.58061343
v -0.04841143 -0.06482452 0.58057467
v -0.05238422 -0.06471460 0.58798748
v -0.05238422 -0.06471460 0.58798748
v -0.05543382 -0.06482452 0.59585737
v -0.05534403 -0.06472771 0.59586629
v -0.05534403 -0.06472771 0.59586629
v -0.05543382 -0.06482452 0.59585737
v -0.05720426 -0.06482452 0.60410147
v -0.05534403 -0.06472771 0.59586629
v -0.05720426 -0.06482452 0.60410147
v -0.05709326 -0.06468185 0.60410055
v -0.05709326 -0.06468185 0.60410055
v -0.05720426 -0.06482452 0.60410147
v -0.05767330 -0.06474322 0.61249906
v -0.05704429 -0.06481091 0.62091662
v -0.05517962 -0.06482453 0.62913606
v -0.05509229 -0.06471308 0.62909181
v -0.05509229 -0.06471308 0.62909181
v -0.05517962 -0.06482453 0.62913606
v -0.05210740 -0.06482453 0.63698843
v -0.05509229 -0.06471308 0.62909181
v -0.05210740 -0.06482453 0.63698843
v -0.05201528 -0.06468184 0.63692654
v -0.05201528 -0.06468184 0.63692654
v -0.05210740 -0.06482453 0.63698843
v -0.04786511 -0.06474336 0.64425091
v 0.01091996 -0.06481089 0.66875749
v 0.01906550 -0.06482450 0.66659394
v 0.01901837 -0.06471308 0.66650825
v 0.01901837 -0.06471308 0.66650825
v 0.01906550 -0.06482450 0.66659394
v 0.02680035 -0.06482446 0.66323699
v 0.01901837 -0.06471308 0.66650825
v 0.02680035 -0.06482446 0.66323699
v 0.02674438 -0.06472748 0.66316619
v 0.02674438 -0.06472748 0.66316619
v 0.02680035 -0.06482446 0.66323699
v 0.03394699 -0.06481091 0.65876305
v 0.04039369 -0.06481822 0.65333453
v 0.04598281 -0.06482452 0.64702388
v 0.04588559 -0.06468183 0.64697017
v 0.04588559 -0.06468183 0.64697017
v 0.04598281 -0.06482452 0.64702388
v 0.05056798 -0.06481821 0.63994780
v 0.05056798 -0.06481821 0.63994780
v 0.05410211 -0.06482449 0.63229440
v 0.05399356 -0.06468183 0.63227096
v 0.05399356 -0.06468183 0.63227096
v 0.05410211 -0.06482449 0.63229440
v 0.05637663 -0.06472922 0.62419709
v 0.05637663 -0.06472922 0.62419709
v 0.05764953 -0.06482976 0.61585241
v 0.05755038 -0.06474317 0.61586053
v 0.05755038 -0.06474317 0.61586053
v 0.05764953 -0.06482976 0.61585241
v 0.05753749 -0.06481087 0.60741954
v 0.05627777 -0.06482448 0.59908591
v 0.05380231 -0.06482977 0.59102534
v 0.05371596 -0.06474313 0.59107490
v 0.05371596 -0.06474313 0.59107490
v 0.05380231 -0.06482977 0.59102534
v 0.05016417 -0.06482977 0.58341595
v 0.05371596 -0.06474313 0.59107490
v 0.05016417 -0.06482977 0.58341595
v 0.05008599 -0.06474307 0.58347765
v 0.05008599 -0.06474307 0.58347765
v 0.05016417 -0.06482977 0.58341595
v 0.04545696 -0.06482977 0.57641744
v 0.04538844 -0.06474316 0.57648958
v 0.04538844 -0.06474316 0.57648958
v 0.04545696 -0.06482977 0.57641744
v 0.03972746 -0.06475836 0.57025389
v 0.02600936 -0.06479467 0.56055003
v 0.01823677 -0.06482978 0.55725497
v 0.01821955 -0.06474317 0.55735287
v 0.01821955 -0.06474317 0.55735287
v 0.01823677 -0.06482978 0.55725497
v 0.01005675 -0.06482450 0.55519952
v -0.01503545 -0.06482451 0.55630845
v -0.02299961 -0.06482980 0.55907654
v -0.02294072 -0.06471473 0.55917804
v -0.02294072 -0.06471473 0.55917804
v -0.02299961 -0.06482980 0.55907654
v -0.03047124 -0.06482980 0.56299006
v -0.02294072 -0.06471473 0.55917804
v -0.03047124 -0.06482980 0.56299006
v -0.03039801 -0.06471467 0.56308186
v -0.03039801 -0.06471467 0.56308186
v -0.03047124 -0.06482980 0.56299006
v -0.03729328 -0.06482980 0.56794990
v -0.03039801 -0.06471467 0.56308186
v -0.03729328 -0.06482980 0.56794990
v -0.03721852 -0.06474313 0.56801563
v -0.03721852 -0.06474313 0.56801563
v -0.03729328 -0.06482980 0.56794990
v -0.04330909 -0.06482449 0.57386157
v -0.04841143 -0.06482452 0.58057467
v -0.05249602 -0.06482981 0.58795129
v -0.05238422 -0.06471460 0.58798748
v -0.05238422 -0.06471460 0.58798748
v -0.05249602 -0.06482981 0.58795129
v -0.05543382 -0.06482452 0.59585737
v -0.05720426 -0.06482452 0.60410147
v -0.05777159 -0.06482980 0.61251445
v -0.05767330 -0.06474322 0.61249906
v -0.05767330 -0.06474322 0.61249906
v -0.05777159 -0.06482980 0.61251445
v -0.05704429 -0.06481091 0.62091662
v -0.05210740 -0.06482453 0.63698843
v -0.04793848 -0.06482980 0.64431793
v -0.04786511 -0.06474336 0.64425091
v -0.04786511 -0.06474336 0.64425091
v -0.04793848 -0.06482980 0.64431793
v -0.04273301 -0.06482980 0.65095413
v -0.04267016 -0.06474322 0.65087692
v -0.04267016 -0.06474322 0.65087692
v -0.04273301 -0.06482980 0.65095413
v -0.03659483 -0.06481823 0.65673830
v -0.02967233 -0.06473148 0.66151424
v -0.02218980 -0.06482979 0.66541629
v -0.02215750 -0.06471470 0.66530337
v -0.02215750 -0.06471470 0.66530337
v -0.02218980 -0.06482979 0.66541629
v -0.01418635 -0.06482978 0.66807873
v -0.02215750 -0.06471470 0.66530337
v -0.01418635 -0.06482978 0.66807873
v -0.01417371 -0.06472932 0.66797063
v -0.01417371 -0.06472932 0.66797063
v -0.01418635 -0.06482978 0.66807873
v -0.00588101 -0.06482978 0.66954752
v -0.01417371 -0.06472932 0.66797063
v -0.00588101 -0.06482978 0.66954752
v -0.00588561 -0.06474317 0.66944803
v -0.00588561 -0.06474317 0.66944803
v -0.00588101 -0.06482978 0.66954752
v 0.00254975 -0.06482977 0.66979123
v -0.00588561 -0.06474317 0.66944803
v 0.00254975 -0.06482977 0.66979123
v 0.00253090 -0.06474315 0.66969351
v 0.00253090 -0.06474315 0.66969351
v 0.00254975 -0.06482977 0.66979123
v 0.01091996 -0.06481089 0.66875749
v 0.05410211 -0.06482449 0.63229440
v 0.05648509 -0.06482976 0.62420588
v 0.05637663 -0.06472922 0.62419709
v 0.05637663 -0.06472922 0.62419709
v 0.05648509 -0.06482976 0.62420588
v 0.05764953 -0.06482976 0.61585241
v 0.04545696 -0.06482977 0.57641744
v 0.03979303 -0.06483408 0.57016807
v 0.03972746 -0.06475836 0.57025389
v 0.03972746 -0.06475836 0.57025389
v 0.03979303 -0.06483408 0.57016807
v 0.03324675 -0.06482449 0.56484575
v -0.03659483 -0.06481823 0.65673830
v -0.02972973 -0.06483407 0.66162984
v -0.02967233 -0.06473148 0.66151424
v -0.02967233 -0.06473148 0.66151424
v -0.02972973 -0.06483407 0.66162984
v -0.02218980 -0.06482979 0.66541629
v 0.03324675 -0.06482449 0.56484575
v 0.02607622 -0.06484612 0.56040233
v 0.02600936 -0.06479467 0.56055003
v 0.02600936 -0.06479467 0.56055003
v 0.02607622 -0.06484612 0.56040233
v 0.01823677 -0.06482978 0.55725497
v 0.00167824 -0.06482199 0.55434967
v -0.00676369 -0.06484614 0.55459180
v -0.00673564 -0.06476143 0.55479120
v -0.00673564 -0.06476143 0.55479120
v -0.00676369 -0.06484614 0.55459180
v -0.01503545 -0.06482451 0.55630845
v 0.05662921 -0.06485351 0.62426741
v 0.05648509 -0.06482976 0.62420588
v 0.05424052 -0.06485032 0.63237851
v 0.05424052 -0.06485032 0.63237851
v 0.05648509 -0.06482976 0.62420588
v 0.05410211 -0.06482449 0.63229440
v 0.05424052 -0.06485032 0.63237851
v 0.05410211 -0.06482449 0.63229440
v 0.05071529 -0.06485351 0.64006542
v 0.05071529 -0.06485351 0.64006542
v 0.05410211 -0.06482449 0.63229440
v 0.05056798 -0.06481821 0.63994780
v 0.05071529 -0.06485351 0.64006542
v 0.05056798 -0.06481821 0.63994780
v 0.04609945 -0.06485351 0.64715120
v 0.04609945 -0.06485351 0.64715120
v 0.05056798 -0.06481821 0.63994780
v 0.04598281 -0.06482452 0.64702388
v 0.04609945 -0.06485351 0.64715120
v 0.04598281 -0.06482452 0.64702388
v 0.04050073 -0.06485352 0.65348974
v 0.04050073 -0.06485352 0.65348974
v 0.04598281 -0.06482452 0.64702388
v 0.04039369 -0.06481822 0.65333453
v 0.04050073 -0.06485352 0.65348974
v 0.04039369 -0.06481822 0.65333453
v 0.03403921 -0.06485353 0.65894512
v 0.03403921 -0.06485353 0.65894512
v 0.04039369 -0.06481822 0.65333453
v 0.03394699 -0.06481091 0.65876305
v 0.03403921 -0.06485353 0.65894512
v 0.03394699 -0.06481091 0.65876305
v 0.02685211 -0.06485354 0.66340178
v 0.02685211 -0.06485354 0.66340178
v 0.03394699 -0.06481091 0.65876305
v 0.02680035 -0.06482446 0.66323699
v 0.02685211 -0.06485354 0.66340178
v 0.02680035 -0.06482446 0.66323699
v 0.01908926 -0.06485033 0.66675422
v 0.01908926 -0.06485033 0.66675422
v 0.02680035 -0.06482446 0.66323699
v 0.01906550 -0.06482450 0.66659394
v 0.01908926 -0.06485033 0.66675422
v 0.01906550 -0.06482450 0.66659394
v 0.01092606 -0.06485353 0.66896159
v 0.01092606 -0.06485353 0.66896159
v 0.01906550 -0.06482450 0.66659394
v 0.01091996 -0.06481089 0.66875749
v 0.01092606 -0.06485353 0.66896159
v 0.01091996 -0.06481089 0.66875749
v 0.00252673 -0.06485353 0.66994632
v 0.00252673 -0.06485353 0.66994632
v 0.01091996 -0.06481089 0.66875749
v 0.00254975 -0.06482977 0.66979123
v 0.00252673 -0.06485353 0.66994632
v 0.00254975 -0.06482977 0.66979123
v -0.00592642 -0.06485353 0.66969742
v -0.00588101 -0.06482978 0.66954752
v -0.00592642 -0.06485353 0.66969742
v -0.00588101 -0.06482978 0.66954752
v -0.01424253 -0.06484585 0.66819054
v -0.01424253 -0.06484585 0.66819054
v -0.00588101 -0.06482978 0.66954752
v -0.01418635 -0.06482978 0.66807873
v -0.01424253 -0.06484585 0.66819054
v -0.01418635 -0.06482978 0.66807873
v -0.02227632 -0.06485354 0.66554684
v -0.02227632 -0.06485354 0.66554684
v -0.01418635 -0.06482978 0.66807873
v -0.02218980 -0.06482979 0.66541629
v -0.02227632 -0.06485354 0.66554684
v -0.02218980 -0.06482979 0.66541629
v -0.02982443 -0.06485354 0.66173372
v -0.02982443 -0.06485354 0.66173372
v -0.02218980 -0.06482979 0.66541629
v -0.02972973 -0.06483407 0.66162984
v -0.02982443 -0.06485354 0.66173372
v -0.02972973 -0.06483407 0.66162984
v -0.03673713 -0.06485354 0.65686189
v -0.03673713 -0.06485354 0.65686189
v -0.02972973 -0.06483407 0.66162984
v -0.03659483 -0.06481823 0.65673830
v -0.03673713 -0.06485354 0.65686189
v -0.03659483 -0.06481823 0.65673830
v -0.04285012 -0.06484781 0.65102225
v -0.04285012 -0.06484781 0.65102225
v -0.03659483 -0.06481823 0.65673830
v -0.04273301 -0.06482980 0.65095413
v -0.04285012 -0.06484781 0.65102225
v -0.04273301 -0.06482980 0.65095413
v -0.04808280 -0.06485355 0.64437896
v -0.04808280 -0.06485355 0.64437896
v -0.04273301 -0.06482980 0.65095413
v -0.04793848 -0.06482980 0.64431793
v -0.04808280 -0.06485355 0.64437896
v -0.04793848 -0.06482980 0.64431793
v -0.05225411 -0.06484782 0.63702585
v -0.05225411 -0.06484782 0.63702585
v -0.04793848 -0.06482980 0.64431793
v -0.05210740 -0.06482453 0.63698843
v -0.05225411 -0.06484782 0.63702585
v -0.05210740 -0.06482453 0.63698843
v -0.05535109 -0.06485355 0.62915650
v -0.05535109 -0.06485355 0.62915650
v -0.05210740 -0.06482453 0.63698843
v -0.05517962 -0.06482453 0.62913606
v -0.05535109 -0.06485355 0.62915650
v -0.05517962 -0.06482453 0.62913606
v -0.05721668 -0.06484587 0.62091351
v -0.05721668 -0.06484587 0.62091351
v -0.05517962 -0.06482453 0.62913606
v -0.05704429 -0.06481091 0.62091662
v -0.05721668 -0.06484587 0.62091351
v -0.05704429 -0.06481091 0.62091662
v -0.05790427 -0.06484782 0.61248704
v -0.05790427 -0.06484782 0.61248704
v -0.05704429 -0.06481091 0.62091662
v -0.05777159 -0.06482980 0.61251445
v -0.05790427 -0.06484782 0.61248704
v -0.05777159 -0.06482980 0.61251445
v -0.05734731 -0.06484782 0.60405173
v -0.05734731 -0.06484782 0.60405173
v -0.05777159 -0.06482980 0.61251445
v -0.05720426 -0.06482452 0.60410147
v -0.05734731 -0.06484782 0.60405173
v -0.05720426 -0.06482452 0.60410147
v -0.05558817 -0.06485355 0.59577998
v -0.05558817 -0.06485355 0.59577998
v -0.05720426 -0.06482452 0.60410147
v -0.05543382 -0.06482452 0.59585737
v -0.05558817 -0.06485355 0.59577998
v -0.05543382 -0.06482452 0.59585737
v -0.05262336 -0.06485355 0.58785998
v -0.05262336 -0.06485355 0.58785998
v -0.05543382 -0.06482452 0.59585737
v -0.05249602 -0.06482981 0.58795129
v -0.05262336 -0.06485355 0.58785998
v -0.05249602 -0.06482981 0.58795129
v -0.04853690 -0.06485355 0.58045596
v -0.04853690 -0.06485355 0.58045596
v -0.05249602 -0.06482981 0.58795129
v -0.04841143 -0.06482452 0.58057467
v -0.04853690 -0.06485355 0.58045596
v -0.04841143 -0.06482452 0.58057467
v -0.04340832 -0.06485036 0.57373358
v -0.04330909 -0.06482449 0.57386157
v -0.04340832 -0.06485036 0.57373358
v -0.04330909 -0.06482449 0.57386157
v -0.03736973 -0.06485354 0.56781312
v -0.03729328 -0.06482980 0.56794990
v -0.03736973 -0.06485354 0.56781312
v -0.03729328 -0.06482980 0.56794990
v -0.03051715 -0.06484782 0.56286269
v -0.03051715 -0.06484782 0.56286269
v -0.03729328 -0.06482980 0.56794990
v -0.03047124 -0.06482980 0.56299006
v -0.03051715 -0.06484782 0.56286269
v -0.03047124 -0.06482980 0.56299006
v -0.02303356 -0.06485354 0.55892353
v -0.02303356 -0.06485354 0.55892353
v -0.03047124 -0.06482980 0.56299006
v -0.02299961 -0.06482980 0.55907654
v -0.02303356 -0.06485354 0.55892353
v -0.02299961 -0.06482980 0.55907654
v -0.01504518 -0.06484781 0.55615727
v -0.01504518 -0.06484781 0.55615727
v -0.02299961 -0.06482980 0.55907654
v -0.01503545 -0.06482451 0.55630845
v -0.01504518 -0.06484781 0.55615727
v -0.01503545 -0.06482451 0.55630845
v -0.00676369 -0.06484614 0.55459180
v 0.01011681 -0.06485353 0.55503747
v 0.00167824 -0.06482199 0.55434967
v 0.01005675 -0.06482450 0.55519952
v 0.01011681 -0.06485353 0.55503747
v 0.01005675 -0.06482450 0.55519952
v 0.01831360 -0.06485352 0.55711838
v 0.01831360 -0.06485352 0.55711838
v 0.01005675 -0.06482450 0.55519952
v 0.01823677 -0.06482978 0.55725497
v 0.01831360 -0.06485352 0.55711838
v 0.01823677 -0.06482978 0.55725497
v 0.02607622 -0.06484612 0.56040233
v 0.03334924 -0.06484584 0.56474877
v 0.02607622 -0.06484612 0.56040233
v 0.03324675 -0.06482449 0.56484575
v 0.03334924 -0.06484584 0.56474877
v 0.03324675 -0.06482449 0.56484575
v 0.03990831 -0.06485351 0.57008781
v 0.03990831 -0.06485351 0.57008781
v 0.03324675 -0.06482449 0.56484575
v 0.03979303 -0.06483408 0.57016807
v 0.03990831 -0.06485351 0.57008781
v 0.03979303 -0.06483408 0.57016807
v 0.04559630 -0.06485351 0.57634591
v 0.04559630 -0.06485351 0.57634591
v 0.03979303 -0.06483408 0.57016807
v 0.04545696 -0.06482977 0.57641744
v 0.04559630 -0.06485351 0.57634591
v 0.04545696 -0.06482977 0.57641744
v 0.05031251 -0.06485349 0.58336565
v 0.05031251 -0.06485349 0.58336565
v 0.04545696 -0.06482977 0.57641744
v 0.05016417 -0.06482977 0.58341595
v 0.05031251 -0.06485349 0.58336565
v 0.05016417 -0.06482977 0.58341595
v 0.05394612 -0.06485033 0.59100044
v 0.05394612 -0.06485033 0.59100044
v 0.05016417 -0.06482977 0.58341595
v 0.05380231 -0.06482977 0.59102534
v 0.05394612 -0.06485033 0.59100044
v 0.05380231 -0.06482977 0.59102534
v 0.05641875 -0.06484583 0.59908200
v 0.05641875 -0.06484583 0.59908200
v 0.05380231 -0.06482977 0.59102534
v 0.05627777 -0.06482448 0.59908591
v 0.05641875 -0.06484583 0.59908200
v 0.05627777 -0.06482448 0.59908591
v 0.05771959 -0.06484778 0.60743584
v 0.05771959 -0.06484778 0.60743584
v 0.05627777 -0.06482448 0.59908591
v 0.05753749 -0.06481087 0.60741954
v 0.05771959 -0.06484778 0.60743584
v 0.05753749 -0.06481087 0.60741954
v 0.05780107 -0.06485351 0.61589221
v 0.05780107 -0.06485351 0.61589221
v 0.05753749 -0.06481087 0.60741954
v 0.05764953 -0.06482976 0.61585241
v 0.05780107 -0.06485351 0.61589221
v 0.05764953 -0.06482976 0.61585241
v 0.05662921 -0.06485351 0.62426741
v 0.05648509 -0.06482976 0.62420588
v 0.05401688 -0.06493818 0.59096480
v 0.05031251 -0.06485349 0.58336565
v 0.05394612 -0.06485033 0.59100044
v 0.01832547 -0.06494863 0.55704886
v 0.01011681 -0.06485353 0.55503747
v 0.01831360 -0.06485352 0.55711838
v 0.00254568 -0.06495559 0.67001663
v 0.01092606 -0.06485353 0.66896159
v 0.00252673 -0.06485353 0.66994632
v 0.05651210 -0.06491670 0.59906461
v 0.05401688 -0.06493818 0.59096480
v 0.05394612 -0.06485033 0.59100044
v 0.05651210 -0.06491670 0.59906461
v 0.05394612 -0.06485033 0.59100044
v 0.05641875 -0.06484583 0.59908200
v 0.02614951 -0.06491668 0.56031450
v 0.01832547 -0.06494863 0.55704886
v 0.01831360 -0.06485352 0.55711838
v 0.02614951 -0.06491668 0.56031450
v 0.01831360 -0.06485352 0.55711838
v 0.02607622 -0.06484612 0.56040233
v -0.02307111 -0.06494864 0.55886396
v -0.03056552 -0.06492747 0.56279012
v -0.02303356 -0.06485354 0.55892353
v -0.02303356 -0.06485354 0.55892353
v -0.03056552 -0.06492747 0.56279012
v -0.03051715 -0.06484782 0.56286269
v -0.05565942 -0.06495001 0.59577388
v -0.05743376 -0.06492524 0.60405093
v -0.05558817 -0.06485355 0.59577998
v -0.05558817 -0.06485355 0.59577998
v -0.05743376 -0.06492524 0.60405093
v -0.05734731 -0.06484782 0.60405173
v -0.04813122 -0.06494881 0.64443182
v -0.04290596 -0.06492524 0.65108822
v -0.04808280 -0.06485355 0.64437896
v -0.04808280 -0.06485355 0.64437896
v -0.04290596 -0.06492524 0.65108822
v -0.04285012 -0.06484781 0.65102225
v -0.00591684 -0.06495574 0.66976993
v 0.00254568 -0.06495559 0.67001663
v 0.00252673 -0.06485353 0.66994632
v -0.00591684 -0.06495574 0.66976993
v 0.00252673 -0.06485353 0.66994632
v -0.00592642 -0.06485353 0.66969742
v 0.05780639 -0.06492754 0.60742601
v 0.05651210 -0.06491670 0.59906461
v 0.05771959 -0.06484778 0.60743584
v 0.05771959 -0.06484778 0.60743584
v 0.05651210 -0.06491670 0.59906461
v 0.05641875 -0.06484583 0.59908200
v 0.03339543 -0.06491418 0.56466784
v 0.02614951 -0.06491668 0.56031450
v 0.02607622 -0.06484612 0.56040233
v 0.03339543 -0.06491418 0.56466784
v 0.02607622 -0.06484612 0.56040233
v 0.03334924 -0.06484584 0.56474877
v -0.01507845 -0.06492509 0.55607750
v -0.02307111 -0.06494864 0.55886396
v -0.02303356 -0.06485354 0.55892353
v -0.01507845 -0.06492509 0.55607750
v -0.02303356 -0.06485354 0.55892353
v -0.01504518 -0.06484781 0.55615727
v -0.05269164 -0.06494710 0.58784338
v -0.05565942 -0.06495001 0.59577388
v -0.05558817 -0.06485355 0.59577998
v -0.05269164 -0.06494710 0.58784338
v -0.05558817 -0.06485355 0.59577998
v -0.05262336 -0.06485355 0.58785998
v -0.05232849 -0.06492950 0.63707565
v -0.04813122 -0.06494881 0.64443182
v -0.04808280 -0.06485355 0.64437896
v -0.05232849 -0.06492950 0.63707565
v -0.04808280 -0.06485355 0.64437896
v -0.05225411 -0.06484782 0.63702585
v -0.01424305 -0.06491696 0.66828844
v -0.00591684 -0.06495574 0.66976993
v -0.00592642 -0.06485353 0.66969742
v -0.01424305 -0.06491696 0.66828844
v -0.00592642 -0.06485353 0.66969742
v -0.01424253 -0.06484585 0.66819054
v 0.03990831 -0.06485351 0.57008781
v 0.04559630 -0.06485351 0.57634591
v 0.04564068 -0.06494875 0.57628964
v 0.03990831 -0.06485351 0.57008781
v 0.04564068 -0.06494875 0.57628964
v 0.03994393 -0.06494891 0.57002537
v -0.00676369 -0.06484614 0.55459180
v 0.00167824 -0.06482199 0.55434967
v 0.00167518 -0.06490599 0.55411140
v -0.00676369 -0.06484614 0.55459180
v 0.00167518 -0.06490599 0.55411140
v -0.00677819 -0.06491700 0.55448139
v -0.04853690 -0.06485355 0.58045596
v -0.04340832 -0.06485036 0.57373358
v -0.04348008 -0.06493845 0.57369555
v -0.04853690 -0.06485355 0.58045596
v -0.04348008 -0.06493845 0.57369555
v -0.04860455 -0.06494887 0.58043216
v -0.05535109 -0.06485355 0.62915650
v -0.05721668 -0.06484587 0.62091351
v -0.05730699 -0.06491702 0.62095141
v -0.05535109 -0.06485355 0.62915650
v -0.05730699 -0.06491702 0.62095141
v -0.05541308 -0.06494704 0.62918970
v -0.02227632 -0.06485354 0.66554684
v -0.02982443 -0.06485354 0.66173372
v -0.02984585 -0.06494881 0.66180214
v -0.02227632 -0.06485354 0.66554684
v -0.02984585 -0.06494881 0.66180214
v -0.02228738 -0.06494880 0.66561764
v 0.03403921 -0.06485353 0.65894512
v 0.02685211 -0.06485354 0.66340178
v 0.02689925 -0.06494894 0.66345580
v 0.03403921 -0.06485353 0.65894512
v 0.02689925 -0.06494894 0.66345580
v 0.03409387 -0.06494891 0.65899156
v 0.04609945 -0.06485351 0.64715120
v 0.04050073 -0.06485352 0.65348974
v 0.04055863 -0.06494695 0.65352960
v 0.04609945 -0.06485351 0.64715120
v 0.04055863 -0.06494695 0.65352960
v 0.04616369 -0.06494996 0.64718251
v 0.05662921 -0.06485351 0.62426741
v 0.05424052 -0.06485032 0.63237851
v 0.05432109 -0.06493841 0.63238827
v 0.05662921 -0.06485351 0.62426741
v 0.05432109 -0.06493841 0.63238827
v 0.05670091 -0.06494880 0.62426551
v 0.05771959 -0.06484778 0.60743584
v 0.05780107 -0.06485351 0.61589221
v 0.05780639 -0.06492754 0.60742601
v 0.05780639 -0.06492754 0.60742601
v 0.05780107 -0.06485351 0.61589221
v 0.05787082 -0.06494700 0.61588342
v 0.05401688 -0.06493818 0.59096480
v 0.05036463 -0.06494881 0.58331634
v 0.05031251 -0.06485349 0.58336565
v 0.05036463 -0.06494881 0.58331634
v 0.04564068 -0.06494875 0.57628964
v 0.04559630 -0.06485351 0.57634591
v 0.05036463 -0.06494881 0.58331634
v 0.04559630 -0.06485351 0.57634591
v 0.05031251 -0.06485349 0.58336565
v 0.03334924 -0.06484584 0.56474877
v 0.03990831 -0.06485351 0.57008781
v 0.03339543 -0.06491418 0.56466784
v 0.03339543 -0.06491418 0.56466784
v 0.03990831 -0.06485351 0.57008781
v 0.03994393 -0.06494891 0.57002537
v 0.01832547 -0.06494863 0.55704886
v 0.01011214 -0.06494882 0.55496600
v 0.01011681 -0.06485353 0.55503747
v 0.01011214 -0.06494882 0.55496600
v 0.00167518 -0.06490599 0.55411140
v 0.01011681 -0.06485353 0.55503747
v 0.01011681 -0.06485353 0.55503747
v 0.00167518 -0.06490599 0.55411140
v 0.00167824 -0.06482199 0.55434967
v -0.01504518 -0.06484781 0.55615727
v -0.00676369 -0.06484614 0.55459180
v -0.00677819 -0.06491700 0.55448139
v -0.01504518 -0.06484781 0.55615727
v -0.00677819 -0.06491700 0.55448139
v -0.01507845 -0.06492509 0.55607750
v -0.03736973 -0.06485354 0.56781312
v -0.03051715 -0.06484782 0.56286269
v -0.03056552 -0.06492747 0.56279012
v -0.03736973 -0.06485354 0.56781312
v -0.03056552 -0.06492747 0.56279012
v -0.03742289 -0.06494871 0.56776680
v -0.03742289 -0.06494871 0.56776680
v -0.04348008 -0.06493845 0.57369555
v -0.03736973 -0.06485354 0.56781312
v -0.03736973 -0.06485354 0.56781312
v -0.04348008 -0.06493845 0.57369555
v -0.04340832 -0.06485036 0.57373358
v -0.05262336 -0.06485355 0.58785998
v -0.04853690 -0.06485355 0.58045596
v -0.04860455 -0.06494887 0.58043216
v -0.05262336 -0.06485355 0.58785998
v -0.04860455 -0.06494887 0.58043216
v -0.05269164 -0.06494710 0.58784338
v -0.05790427 -0.06484782 0.61248704
v -0.05734731 -0.06484782 0.60405173
v -0.05743376 -0.06492524 0.60405093
v -0.05799155 -0.06492760 0.61249052
v -0.05799155 -0.06492760 0.61249052
v -0.05730699 -0.06491702 0.62095141
v -0.05790427 -0.06484782 0.61248704
v -0.05790427 -0.06484782 0.61248704
v -0.05730699 -0.06491702 0.62095141
v -0.05721668 -0.06484587 0.62091351
v -0.05225411 -0.06484782 0.63702585
v -0.05535109 -0.06485355 0.62915650
v -0.05232849 -0.06492950 0.63707565
v -0.05232849 -0.06492950 0.63707565
v -0.05535109 -0.06485355 0.62915650
v -0.05541308 -0.06494704 0.62918970
v -0.03673713 -0.06485354 0.65686189
v -0.04285012 -0.06484781 0.65102225
v -0.04290596 -0.06492524 0.65108822
v -0.03673713 -0.06485354 0.65686189
v -0.04290596 -0.06492524 0.65108822
v -0.03677303 -0.06494858 0.65692250
v -0.03677303 -0.06494858 0.65692250
v -0.02984585 -0.06494881 0.66180214
v -0.02982443 -0.06485354 0.66173372
v -0.03677303 -0.06494858 0.65692250
v -0.02982443 -0.06485354 0.66173372
v -0.03673713 -0.06485354 0.65686189
v -0.01424253 -0.06484585 0.66819054
v -0.02227632 -0.06485354 0.66554684
v -0.01424305 -0.06491696 0.66828844
v -0.01424305 -0.06491696 0.66828844
v -0.02227632 -0.06485354 0.66554684
v -0.02228738 -0.06494880 0.66561764
v 0.00254568 -0.06495559 0.67001663
v 0.01094979 -0.06494862 0.66902799
v 0.01092606 -0.06485353 0.66896159
v 0.01092606 -0.06485353 0.66896159
v 0.01094979 -0.06494862 0.66902799
v 0.01913335 -0.06493850 0.66682246
v 0.01092606 -0.06485353 0.66896159
v 0.01913335 -0.06493850 0.66682246
v 0.01908926 -0.06485033 0.66675422
v -0.00591684 -0.06495574 0.66976993
v -0.00000004 -0.06498507 0.67007351
v 0.00254568 -0.06495559 0.67001663
v 0.01913335 -0.06493850 0.66682246
v 0.02689925 -0.06494894 0.66345580
v 0.02685211 -0.06485354 0.66340178
v 0.01913335 -0.06493850 0.66682246
v 0.02685211 -0.06485354 0.66340178
v 0.01908926 -0.06485033 0.66675422
v 0.03409387 -0.06494891 0.65899156
v 0.04055863 -0.06494695 0.65352960
v 0.04050073 -0.06485352 0.65348974
v 0.03409387 -0.06494891 0.65899156
v 0.04050073 -0.06485352 0.65348974
v 0.03403921 -0.06485353 0.65894512
v 0.05071529 -0.06485351 0.64006542
v 0.04609945 -0.06485351 0.64715120
v 0.04616369 -0.06494996 0.64718251
v 0.05078226 -0.06494701 0.64008690
v 0.05078226 -0.06494701 0.64008690
v 0.05432109 -0.06493841 0.63238827
v 0.05071529 -0.06485351 0.64006542
v 0.05071529 -0.06485351 0.64006542
v 0.05432109 -0.06493841 0.63238827
v 0.05424052 -0.06485032 0.63237851
v 0.05780107 -0.06485351 0.61589221
v 0.05662921 -0.06485351 0.62426741
v 0.05670091 -0.06494880 0.62426551
v 0.05780107 -0.06485351 0.61589221
v 0.05670091 -0.06494880 0.62426551
v 0.05787082 -0.06494700 0.61588342
v -0.00591684 -0.06495574 0.66976993
v -0.00593034 -0.07687487 0.66976327
v -0.00000004 -0.06498507 0.67007351
v -0.00000004 -0.06498507 0.67007351
v -0.00593034 -0.07687487 0.66976327
v 0.00000376 -0.07681749 0.66994357
v -0.00000004 -0.06498507 0.67007351
v 0.00000376 -0.07681749 0.66994357
v 0.00254568 -0.06495559 0.67001663
v 0.00254568 -0.06495559 0.67001663
v 0.00000376 -0.07681749 0.66994357
v 0.00254369 -0.07687732 0.67000991
v 0.00254568 -0.06495559 0.67001663
v 0.00254369 -0.07687732 0.67000991
v 0.01094979 -0.06494862 0.66902799
v 0.01094247 -0.07687473 0.66902574
v 0.01094979 -0.06494862 0.66902799
v 0.01094247 -0.07687473 0.66902574
v 0.01913335 -0.06493850 0.66682246
v 0.01913245 -0.07686428 0.66682276
v 0.01913335 -0.06493850 0.66682246
v 0.01913245 -0.07686428 0.66682276
v 0.02689925 -0.06494894 0.66345580
v 0.02689846 -0.07685381 0.66345611
v 0.02689925 -0.06494894 0.66345580
v 0.02689846 -0.07685381 0.66345611
v 0.03409387 -0.06494891 0.65899156
v 0.03409883 -0.07688587 0.65897997
v 0.03409387 -0.06494891 0.65899156
v 0.03409883 -0.07688587 0.65897997
v 0.04055863 -0.06494695 0.65352960
v 0.04056489 -0.07688586 0.65351532
v 0.04055863 -0.06494695 0.65352960
v 0.04056489 -0.07688586 0.65351532
v 0.04616369 -0.06494996 0.64718251
v 0.04616654 -0.07688584 0.64716732
v 0.04616369 -0.06494996 0.64718251
v 0.04616654 -0.07688584 0.64716732
v 0.05078226 -0.06494701 0.64008690
v 0.05077614 -0.07688846 0.64008147
v 0.05078226 -0.06494701 0.64008690
v 0.05077614 -0.07688846 0.64008147
v 0.05432109 -0.06493841 0.63238827
v 0.05432074 -0.07686437 0.63238907
v 0.05432109 -0.06493841 0.63238827
v 0.05432074 -0.07686437 0.63238907
v 0.05670091 -0.06494880 0.62426551
v 0.05669972 -0.07686434 0.62426338
v 0.05670091 -0.06494880 0.62426551
v 0.05669972 -0.07686434 0.62426338
v 0.05787082 -0.06494700 0.61588342
v 0.05786597 -0.07688586 0.61586859
v 0.05787082 -0.06494700 0.61588342
v 0.05786597 -0.07688586 0.61586859
v 0.05780639 -0.06492754 0.60742601
v 0.05780176 -0.07688586 0.60740282
v 0.05780639 -0.06492754 0.60742601
v 0.05780176 -0.07688586 0.60740282
v 0.05651210 -0.06491670 0.59906461
v 0.05650983 -0.07687734 0.59904959
v 0.05651210 -0.06491670 0.59906461
v 0.05650983 -0.07687734 0.59904959
v 0.05401688 -0.06493818 0.59096480
v 0.05401775 -0.07685368 0.59096260
v 0.05401688 -0.06493818 0.59096480
v 0.05401775 -0.07685368 0.59096260
v 0.05036463 -0.06494881 0.58331634
v 0.05035871 -0.07687498 0.58331353
v 0.05036463 -0.06494881 0.58331634
v 0.05035871 -0.07687498 0.58331353
v 0.04564068 -0.06494875 0.57628964
v 0.04564106 -0.07685396 0.57629012
v 0.04564068 -0.06494875 0.57628964
v 0.04564106 -0.07685396 0.57629012
v 0.03994393 -0.06494891 0.57002537
v 0.03993746 -0.07687496 0.57002440
v 0.03994393 -0.06494891 0.57002537
v 0.03993746 -0.07687496 0.57002440
v 0.03339543 -0.06491418 0.56466784
v 0.03339267 -0.07688839 0.56466595
v 0.03339543 -0.06491418 0.56466784
v 0.03339267 -0.07688839 0.56466595
v 0.02614951 -0.06491668 0.56031450
v 0.02615123 -0.07689659 0.56031890
v 0.02614951 -0.06491668 0.56031450
v 0.02615123 -0.07689659 0.56031890
v 0.01832547 -0.06494863 0.55704886
v 0.01832625 -0.07685369 0.55704904
v 0.01832547 -0.06494863 0.55704886
v 0.01832625 -0.07685369 0.55704904
v 0.01011214 -0.06494882 0.55496600
v 0.01011023 -0.07686435 0.55496722
v 0.01011214 -0.06494882 0.55496600
v 0.01011023 -0.07686435 0.55496722
v 0.00167518 -0.06490599 0.55411140
v 0.00167849 -0.07688589 0.55410841
v 0.00167518 -0.06490599 0.55411140
v 0.00167849 -0.07688589 0.55410841
v -0.00677819 -0.06491700 0.55448139
v -0.00677939 -0.07688585 0.55448157
v -0.00677819 -0.06491700 0.55448139
v -0.00677939 -0.07688585 0.55448157
v -0.01507845 -0.06492509 0.55607750
v -0.01508030 -0.07685566 0.55607316
v -0.01507845 -0.06492509 0.55607750
v -0.01508030 -0.07685566 0.55607316
v -0.02307111 -0.06494864 0.55886396
v -0.02307042 -0.07685375 0.55886365
v -0.02307111 -0.06494864 0.55886396
v -0.02307042 -0.07685375 0.55886365
v -0.03056552 -0.06492747 0.56279012
v -0.03056534 -0.07687489 0.56278981
v -0.03056552 -0.06492747 0.56279012
v -0.03056534 -0.07687489 0.56278981
v -0.03742289 -0.06494871 0.56776680
v -0.03741538 -0.07687476 0.56776521
v -0.03742289 -0.06494871 0.56776680
v -0.03741538 -0.07687476 0.56776521
v -0.04348008 -0.06493845 0.57369555
v -0.04347361 -0.07687733 0.57369397
v -0.04348008 -0.06493845 0.57369555
v -0.04347361 -0.07687733 0.57369397
v -0.04859852 -0.07688361 0.58043149
v -0.04860455 -0.06494887 0.58043216
v -0.04860455 -0.06494887 0.58043216
v -0.04859852 -0.07688361 0.58043149
v -0.05269164 -0.06494710 0.58784338
v -0.05268772 -0.07687733 0.58784588
v -0.05269164 -0.06494710 0.58784338
v -0.05268772 -0.07687733 0.58784588
v -0.05565942 -0.06495001 0.59577388
v -0.05565423 -0.07688362 0.59577425
v -0.05565942 -0.06495001 0.59577388
v -0.05565423 -0.07688362 0.59577425
v -0.05743376 -0.06492524 0.60405093
v -0.05743080 -0.07688850 0.60405398
v -0.05743376 -0.06492524 0.60405093
v -0.05743080 -0.07688850 0.60405398
v -0.05799155 -0.06492760 0.61249052
v -0.05799165 -0.07687479 0.61249028
v -0.05799155 -0.06492760 0.61249052
v -0.05799165 -0.07687479 0.61249028
v -0.05730699 -0.06491702 0.62095141
v -0.05730664 -0.07688588 0.62095251
v -0.05730699 -0.06491702 0.62095141
v -0.05730664 -0.07688588 0.62095251
v -0.05541308 -0.06494704 0.62918970
v -0.05540491 -0.07688848 0.62918922
v -0.05541308 -0.06494704 0.62918970
v -0.05540491 -0.07688848 0.62918922
v -0.05232849 -0.06492950 0.63707565
v -0.05233183 -0.07687482 0.63706595
v -0.05232849 -0.06492950 0.63707565
v -0.05233183 -0.07687482 0.63706595
v -0.04813540 -0.07687479 0.64441906
v -0.04813122 -0.06494881 0.64443182
v -0.04813122 -0.06494881 0.64443182
v -0.04813540 -0.07687479 0.64441906
v -0.04291305 -0.07687473 0.65108291
v -0.04290596 -0.06492524 0.65108822
v -0.04290596 -0.06492524 0.65108822
v -0.04291305 -0.07687473 0.65108291
v -0.03677303 -0.06494858 0.65692250
v -0.03677368 -0.07685380 0.65692207
v -0.03677303 -0.06494858 0.65692250
v -0.03677368 -0.07685380 0.65692207
v -0.02984585 -0.06494881 0.66180214
v -0.02983342 -0.07688589 0.66180201
v -0.02984585 -0.06494881 0.66180214
v -0.02983342 -0.07688589 0.66180201
v -0.02228738 -0.06494880 0.66561764
v -0.02228794 -0.07687742 0.66561166
v -0.02228738 -0.06494880 0.66561764
v -0.02228794 -0.07687742 0.66561166
v -0.01426853 -0.07688562 0.66828191
v -0.01424305 -0.06491696 0.66828844
v -0.01424305 -0.06491696 0.66828844
v -0.01426853 -0.07688562 0.66828191
v -0.00593034 -0.07687487 0.66976327
v -0.01424305 -0.06491696 0.66828844
v -0.00593034 -0.07687487 0.66976327
v -0.00591684 -0.06495574 0.66976993
v 0.00254369 -0.07687732 0.67000991
v 0.00000376 -0.07681749 0.66994357
v -0.00593034 -0.07687487 0.66976327
v 0.05401775 -0.07685368 0.59096260
v 0.05650983 -0.07687734 0.59904959
v 0.05394664 -0.07694904 0.59097225
v 0.05401775 -0.07685368 0.59096260
v 0.05394664 -0.07694904 0.59097225
v 0.05035871 -0.07687498 0.58331353
v 0.04564106 -0.07685396 0.57629012
v 0.05035871 -0.07687498 0.58331353
v 0.04557979 -0.07694903 0.57632479
v 0.04564106 -0.07685396 0.57629012
v 0.04557979 -0.07694903 0.57632479
v 0.03993746 -0.07687496 0.57002440
v 0.01832625 -0.07685369 0.55704904
v 0.02615123 -0.07689659 0.56031890
v 0.01828810 -0.07694905 0.55710989
v 0.01832625 -0.07685369 0.55704904
v 0.01828810 -0.07694905 0.55710989
v 0.01011023 -0.07686435 0.55496722
v -0.01508030 -0.07685566 0.55607316
v -0.00677939 -0.07688585 0.55448157
v -0.01507547 -0.07694903 0.55614329
v -0.01508030 -0.07685566 0.55607316
v -0.01507547 -0.07694903 0.55614329
v -0.02307042 -0.07685375 0.55886365
v -0.02307042 -0.07685375 0.55886365
v -0.01507547 -0.07694903 0.55614329
v -0.02305832 -0.07694903 0.55893427
v -0.02307042 -0.07685375 0.55886365
v -0.02305832 -0.07694903 0.55893427
v -0.03056534 -0.07687489 0.56278981
v -0.03677368 -0.07685380 0.65692207
v -0.04291305 -0.07687473 0.65108291
v -0.03671630 -0.07694904 0.65687898
v -0.03677368 -0.07685380 0.65692207
v -0.03671630 -0.07694904 0.65687898
v -0.02983342 -0.07688589 0.66180201
v 0.02689846 -0.07685381 0.66345611
v 0.01913245 -0.07686428 0.66682276
v 0.02687570 -0.07694899 0.66338946
v 0.02689846 -0.07685381 0.66345611
v 0.02687570 -0.07694899 0.66338946
v 0.03409883 -0.07688587 0.65897997
v 0.01011023 -0.07686435 0.55496722
v 0.01828810 -0.07694905 0.55710989
v 0.01008925 -0.07695224 0.55504370
v 0.01011023 -0.07686435 0.55496722
v 0.01008925 -0.07695224 0.55504370
v 0.00167849 -0.07688589 0.55410841
v 0.01913245 -0.07686428 0.66682276
v 0.01094247 -0.07687473 0.66902574
v 0.01911397 -0.07695221 0.66674561
v 0.01913245 -0.07686428 0.66682276
v 0.01911397 -0.07695221 0.66674561
v 0.02687570 -0.07694899 0.66338946
v 0.05432074 -0.07686437 0.63238907
v 0.05077614 -0.07688846 0.64008147
v 0.05424952 -0.07695220 0.63235440
v 0.05432074 -0.07686437 0.63238907
v 0.05424952 -0.07695220 0.63235440
v 0.05669972 -0.07686434 0.62426338
v 0.05669972 -0.07686434 0.62426338
v 0.05424952 -0.07695220 0.63235440
v 0.05662421 -0.07695219 0.62423951
v 0.05669972 -0.07686434 0.62426338
v 0.05662421 -0.07695219 0.62423951
v 0.05786597 -0.07688586 0.61586859
v 0.05650983 -0.07687734 0.59904959
v 0.05780176 -0.07688586 0.60740282
v 0.05642376 -0.07695474 0.59905789
v 0.05650983 -0.07687734 0.59904959
v 0.05642376 -0.07695474 0.59905789
v 0.05394664 -0.07694904 0.59097225
v 0.05035871 -0.07687498 0.58331353
v 0.05394664 -0.07694904 0.59097225
v 0.05028153 -0.07695475 0.58335430
v 0.05035871 -0.07687498 0.58331353
v 0.05028153 -0.07695475 0.58335430
v 0.04557979 -0.07694903 0.57632479
v 0.03993746 -0.07687496 0.57002440
v 0.04557979 -0.07694903 0.57632479
v 0.03987516 -0.07695475 0.57008580
v 0.03993746 -0.07687496 0.57002440
v 0.03987516 -0.07695475 0.57008580
v 0.03339267 -0.07688839 0.56466595
v -0.03056534 -0.07687489 0.56278981
v -0.02305832 -0.07694903 0.55893427
v -0.03053738 -0.07695477 0.56287532
v -0.03056534 -0.07687489 0.56278981
v -0.03053738 -0.07695477 0.56287532
v -0.03741538 -0.07687476 0.56776521
v -0.03741538 -0.07687476 0.56776521
v -0.03053738 -0.07695477 0.56287532
v -0.03737556 -0.07695477 0.56784590
v -0.03741538 -0.07687476 0.56776521
v -0.03737556 -0.07695477 0.56784590
v -0.04347361 -0.07687733 0.57369397
v -0.04347361 -0.07687733 0.57369397
v -0.03737556 -0.07695477 0.56784590
v -0.04341676 -0.07695477 0.57375897
v -0.04347361 -0.07687733 0.57369397
v -0.04341676 -0.07695477 0.57375897
v -0.04859852 -0.07688361 0.58043149
v -0.05268772 -0.07687733 0.58784588
v -0.04859852 -0.07688361 0.58043149
v -0.05261452 -0.07695477 0.58789184
v -0.05268772 -0.07687733 0.58784588
v -0.05261452 -0.07695477 0.58789184
v -0.05565423 -0.07688362 0.59577425
v -0.05799165 -0.07687479 0.61249028
v -0.05743080 -0.07688850 0.60405398
v -0.05790410 -0.07695478 0.61251097
v -0.05799165 -0.07687479 0.61249028
v -0.05790410 -0.07695478 0.61251097
v -0.05730664 -0.07688588 0.62095251
v -0.05233183 -0.07687482 0.63706595
v -0.05540491 -0.07688848 0.62918922
v -0.05224378 -0.07695478 0.63704751
v -0.05233183 -0.07687482 0.63706595
v -0.05224378 -0.07695478 0.63704751
v -0.04813540 -0.07687479 0.64441906
v -0.04813540 -0.07687479 0.64441906
v -0.05224378 -0.07695478 0.63704751
v -0.04805098 -0.07695477 0.64438806
v -0.04813540 -0.07687479 0.64441906
v -0.04805098 -0.07695477 0.64438806
v -0.04291305 -0.07687473 0.65108291
v -0.04291305 -0.07687473 0.65108291
v -0.04805098 -0.07695477 0.64438806
v -0.04283386 -0.07695479 0.65104007
v -0.04291305 -0.07687473 0.65108291
v -0.04283386 -0.07695479 0.65104007
v -0.03671630 -0.07694904 0.65687898
v -0.02228794 -0.07687742 0.66561166
v -0.02983342 -0.07688589 0.66180201
v -0.02224462 -0.07695478 0.66553683
v -0.02228794 -0.07687742 0.66561166
v -0.02224462 -0.07695478 0.66553683
v -0.01426853 -0.07688562 0.66828191
v -0.00593034 -0.07687487 0.66976327
v -0.01426853 -0.07688562 0.66828191
v -0.00589889 -0.07695475 0.66967880
v -0.00593034 -0.07687487 0.66976327
v -0.00589889 -0.07695475 0.66967880
v 0.00254369 -0.07687732 0.67000991
v 0.00254369 -0.07687732 0.67000991
v -0.00589889 -0.07695475 0.66967880
v 0.00255100 -0.07695477 0.66992367
v 0.00254369 -0.07687732 0.67000991
v 0.00255100 -0.07695477 0.66992367
v 0.01094247 -0.07687473 0.66902574
v 0.01094691 -0.07695478 0.66893583
v 0.01094247 -0.07687473 0.66902574
v 0.01094691 -0.07695478 0.66893583
v 0.01911397 -0.07695221 0.66674561
v 0.05786597 -0.07688586 0.61586859
v 0.05777106 -0.07695670 0.61586633
v 0.05780176 -0.07688586 0.60740282
v 0.05770753 -0.07695670 0.60741441
v 0.05780176 -0.07688586 0.60740282
v 0.05770753 -0.07695670 0.60741441
v 0.05642376 -0.07695474 0.59905789
v 0.03339267 -0.07688839 0.56466595
v 0.03987516 -0.07695475 0.57008580
v 0.03334060 -0.07695642 0.56476275
v 0.03339267 -0.07688839 0.56466595
v 0.03334060 -0.07695642 0.56476275
v 0.02615123 -0.07689659 0.56031890
v 0.00167849 -0.07688589 0.55410841
v 0.01008925 -0.07695224 0.55504370
v 0.00167955 -0.07695671 0.55420319
v 0.00167849 -0.07688589 0.55410841
v 0.00167955 -0.07695671 0.55420319
v -0.00677939 -0.07688585 0.55448157
v -0.00677939 -0.07688585 0.55448157
v 0.00167955 -0.07695671 0.55420319
v -0.00674064 -0.07695643 0.55458911
v -0.00677939 -0.07688585 0.55448157
v -0.00674064 -0.07695643 0.55458911
v -0.01507547 -0.07694903 0.55614329
v -0.04859852 -0.07688361 0.58043149
v -0.04341676 -0.07695477 0.57375897
v -0.04852338 -0.07695673 0.58049313
v -0.04859852 -0.07688361 0.58043149
v -0.04852338 -0.07695673 0.58049313
v -0.05261452 -0.07695477 0.58789184
v -0.05565423 -0.07688362 0.59577425
v -0.05261452 -0.07695477 0.58789184
v -0.05556451 -0.07695673 0.59581184
v -0.05565423 -0.07688362 0.59577425
v -0.05556451 -0.07695673 0.59581184
v -0.05743080 -0.07688850 0.60405398
v -0.05743080 -0.07688850 0.60405398
v -0.05556451 -0.07695673 0.59581184
v -0.05734021 -0.07695673 0.60407547
v -0.05743080 -0.07688850 0.60405398
v -0.05734021 -0.07695673 0.60407547
v -0.05790410 -0.07695478 0.61251097
v -0.05730664 -0.07688588 0.62095251
v -0.05790410 -0.07695478 0.61251097
v -0.05721350 -0.07695673 0.62093414
v -0.05730664 -0.07688588 0.62095251
v -0.05721350 -0.07695673 0.62093414
v -0.05540491 -0.07688848 0.62918922
v -0.05540491 -0.07688848 0.62918922
v -0.05721350 -0.07695673 0.62093414
v -0.05531380 -0.07695673 0.62917005
v -0.05540491 -0.07688848 0.62918922
v -0.05531380 -0.07695673 0.62917005
v -0.05224378 -0.07695478 0.63704751
v -0.02983342 -0.07688589 0.66180201
v -0.03671630 -0.07694904 0.65687898
v -0.02978771 -0.07695672 0.66171870
v -0.02983342 -0.07688589 0.66180201
v -0.02978771 -0.07695672 0.66171870
v -0.02224462 -0.07695478 0.66553683
v -0.01426853 -0.07688562 0.66828191
v -0.02224462 -0.07695478 0.66553683
v -0.01422234 -0.07695672 0.66819561
v -0.01426853 -0.07688562 0.66828191
v -0.01422234 -0.07695672 0.66819561
v -0.00589889 -0.07695475 0.66967880
v 0.03409883 -0.07688587 0.65897997
v 0.02687570 -0.07694899 0.66338946
v 0.03403983 -0.07695670 0.65890557
v 0.03409883 -0.07688587 0.65897997
v 0.03403983 -0.07695670 0.65890557
v 0.04056489 -0.07688586 0.65351532
v 0.04049570 -0.07695670 0.65345032
v 0.04056489 -0.07688586 0.65351532
v 0.04049570 -0.07695670 0.65345032
v 0.04616654 -0.07688584 0.64716732
v 0.04608859 -0.07695670 0.64711312
v 0.04616654 -0.07688584 0.64716732
v 0.04608859 -0.07695670 0.64711312
v 0.05077614 -0.07688846 0.64008147
v 0.05077614 -0.07688846 0.64008147
v 0.04608859 -0.07695670 0.64711312
v 0.05069916 -0.07695670 0.64002910
v 0.05077614 -0.07688846 0.64008147
v 0.05069916 -0.07695670 0.64002910
v 0.05424952 -0.07695220 0.63235440
v 0.05786597 -0.07688586 0.61586859
v 0.05662421 -0.07695219 0.62423951
v 0.05777106 -0.07695670 0.61586633
v 0.02615123 -0.07689659 0.56031890
v 0.03334060 -0.07695642 0.56476275
v 0.02603449 -0.07698058 0.56052684
v 0.02615123 -0.07689659 0.56031890
v 0.02603449 -0.07698058 0.56052684
v 0.01828810 -0.07694905 0.55710989
v 0.05394664 -0.07694904 0.59097225
v 0.05642376 -0.07695474 0.59905789
v 0.05628561 -0.07697806 0.59912003
v 0.04557979 -0.07694903 0.57632479
v 0.05028153 -0.07695475 0.58335430
v 0.05018039 -0.07697279 0.58344451
v 0.03987516 -0.07695475 0.57008580
v 0.04557979 -0.07694903 0.57632479
v 0.04544125 -0.07699166 0.57647469
v 0.00167955 -0.07695671 0.55420319
v 0.01008925 -0.07695224 0.55504370
v 0.01009290 -0.07697281 0.55518957
v -0.00674064 -0.07695643 0.55458911
v 0.00167955 -0.07695671 0.55420319
v 0.00170341 -0.07697809 0.55434241
v -0.03053738 -0.07695477 0.56287532
v -0.02305832 -0.07694903 0.55893427
v -0.02296987 -0.07697281 0.55906366
v -0.04341676 -0.07695477 0.57375897
v -0.03737556 -0.07695477 0.56784590
v -0.03725689 -0.07697809 0.56794020
v -0.04852338 -0.07695673 0.58049313
v -0.04341676 -0.07695477 0.57375897
v -0.04328599 -0.07697812 0.57383544
v -0.05531380 -0.07695673 0.62917005
v -0.05721350 -0.07695673 0.62093414
v -0.05706554 -0.07698437 0.62088214
v -0.04805098 -0.07695477 0.64438806
v -0.05224378 -0.07695478 0.63704751
v -0.05213644 -0.07697281 0.63696481
v -0.04283386 -0.07695479 0.65104007
v -0.04805098 -0.07695477 0.64438806
v -0.04795681 -0.07697280 0.64429064
v -0.02978771 -0.07695672 0.66171870
v -0.03671630 -0.07694904 0.65687898
v -0.03661394 -0.07699169 0.65670229
v -0.02224462 -0.07695478 0.66553683
v -0.02978771 -0.07695672 0.66171870
v -0.02972560 -0.07699170 0.66155794
v -0.01422234 -0.07695672 0.66819561
v -0.02224462 -0.07695478 0.66553683
v -0.02221991 -0.07697281 0.66540365
v 0.02687570 -0.07694899 0.66338946
v 0.01911397 -0.07695221 0.66674561
v 0.01903909 -0.07697283 0.66662007
v 0.03403983 -0.07695670 0.65890557
v 0.02687570 -0.07694899 0.66338946
v 0.02675361 -0.07699165 0.66322576
v 0.05662421 -0.07695219 0.62423951
v 0.05424952 -0.07695220 0.63235440
v 0.05408984 -0.07697804 0.63232712
v 0.05777106 -0.07695670 0.61586633
v 0.05662421 -0.07695219 0.62423951
v 0.05646226 -0.07697806 0.62423561
v -0.03654993 -0.07715473 0.65665450
v -0.02966949 -0.07715464 0.66150124
v -0.03661394 -0.07699169 0.65670229
v -0.03654993 -0.07715473 0.65665450
v -0.03661394 -0.07699169 0.65670229
v -0.04266569 -0.07707327 0.65086783
v -0.05204139 -0.07705936 0.63693564
v -0.04785221 -0.07708807 0.64423712
v -0.05213644 -0.07697281 0.63696481
v -0.05204139 -0.07705936 0.63693564
v -0.05213644 -0.07697281 0.63696481
v -0.05517499 -0.07698436 0.62909724
v -0.05721545 -0.07697282 0.60406564
v -0.05777178 -0.07697282 0.61248167
v -0.05790410 -0.07695478 0.61251097
v -0.05721545 -0.07697282 0.60406564
v -0.05790410 -0.07695478 0.61251097
v -0.05734021 -0.07695673 0.60407547
v 0.05749905 -0.07727874 0.60743639
v 0.05746122 -0.07712071 0.60744591
v 0.05754966 -0.07726243 0.61585290
v 0.05754966 -0.07726243 0.61585290
v 0.05746122 -0.07712071 0.60744591
v 0.05752711 -0.07712156 0.61586133
v 0.05754966 -0.07726243 0.61585290
v 0.05752711 -0.07712156 0.61586133
v 0.05635832 -0.07712070 0.62419667
v 0.00251725 -0.07697280 0.66979257
v 0.01088612 -0.07698433 0.66878013
v 0.01094691 -0.07695478 0.66893583
v 0.00251725 -0.07697280 0.66979257
v 0.01094691 -0.07695478 0.66893583
v 0.00255100 -0.07695477 0.66992367
v 0.05007108 -0.07724078 0.58348980
v 0.04536697 -0.07717137 0.57650863
v 0.05008767 -0.07705945 0.58348064
v 0.05007108 -0.07724078 0.58348980
v 0.05008767 -0.07705945 0.58348064
v 0.05369733 -0.07710480 0.59108540
v 0.05746122 -0.07712071 0.60744591
v 0.05617497 -0.07712073 0.59912882
v 0.05757198 -0.07697806 0.60745329
v 0.05746122 -0.07712071 0.60744591
v 0.05757198 -0.07697806 0.60745329
v 0.05761535 -0.07698432 0.61588489
v 0.04597513 -0.07697279 0.64706038
v 0.05057919 -0.07697279 0.63999346
v 0.05069916 -0.07695670 0.64002910
v 0.04608859 -0.07695670 0.64711312
v -0.05543967 -0.07697282 0.59582039
v -0.05721545 -0.07697282 0.60406564
v -0.05734021 -0.07695673 0.60407547
v -0.05556451 -0.07695673 0.59581184
v 0.05049668 -0.07724033 0.63990008
v 0.05399857 -0.07710477 0.63227560
v 0.05050010 -0.07705946 0.63993310
v 0.05049668 -0.07724033 0.63990008
v 0.05050010 -0.07705946 0.63993310
v 0.04589790 -0.07707326 0.64698379
v 0.03389261 -0.07708976 0.65872222
v 0.04035583 -0.07699168 0.65334943
v 0.03393621 -0.07697806 0.65880993
v 0.03389261 -0.07708976 0.65872222
v 0.03393621 -0.07697806 0.65880993
v 0.02675361 -0.07699165 0.66322576
v -0.00591232 -0.07698436 0.66951200
v 0.00251725 -0.07697280 0.66979257
v 0.00255100 -0.07695477 0.66992367
v -0.00591232 -0.07698436 0.66951200
v 0.00255100 -0.07695477 0.66992367
v -0.00589889 -0.07695475 0.66967880
v 0.04035583 -0.07699168 0.65334943
v 0.04597513 -0.07697279 0.64706038
v 0.04608859 -0.07695670 0.64711312
v 0.04035583 -0.07699168 0.65334943
v 0.04608859 -0.07695670 0.64711312
v 0.04049570 -0.07695670 0.65345032
v 0.03971588 -0.07708953 0.57027238
v 0.03322108 -0.07704112 0.56492467
v 0.03979435 -0.07697804 0.57021379
v 0.03971588 -0.07708953 0.57027238
v 0.03979435 -0.07697804 0.57021379
v 0.04544125 -0.07699166 0.57647469
v 0.05757198 -0.07697806 0.60745329
v 0.05628561 -0.07697806 0.59912003
v 0.05642376 -0.07695474 0.59905789
v 0.05757198 -0.07697806 0.60745329
v 0.05642376 -0.07695474 0.59905789
v 0.05770753 -0.07695670 0.60741441
v -0.03722676 -0.07725337 0.56803523
v -0.04322861 -0.07725387 0.57390936
v -0.03720729 -0.07708952 0.56802461
v -0.03722676 -0.07725337 0.56803523
v -0.03720729 -0.07708952 0.56802461
v -0.03039871 -0.07707329 0.56307210
v -0.05511243 -0.07727487 0.62910462
v -0.05201238 -0.07724033 0.63695212
v -0.05507983 -0.07713786 0.62908644
v -0.05511243 -0.07727487 0.62910462
v -0.05507983 -0.07713786 0.62908644
v -0.05696985 -0.07713788 0.62088543
v -0.05766349 -0.07725341 0.61251774
v -0.05696985 -0.07713788 0.62088543
v -0.05766385 -0.07707333 0.61249516
v -0.05766349 -0.07725341 0.61251774
v -0.05766385 -0.07707333 0.61249516
v -0.05710498 -0.07724033 0.60412356
v -0.05710498 -0.07724033 0.60412356
v -0.05766385 -0.07707333 0.61249516
v -0.05712007 -0.07705939 0.60409384
v -0.05710498 -0.07724033 0.60412356
v -0.05712007 -0.07705939 0.60409384
v -0.05534938 -0.07705941 0.59586207
v -0.01500667 -0.07697279 0.55628410
v -0.02296987 -0.07697281 0.55906366
v -0.02305832 -0.07694903 0.55893427
v -0.01500667 -0.07697279 0.55628410
v -0.02305832 -0.07694903 0.55893427
v -0.01507547 -0.07694903 0.55614329
v -0.02216906 -0.07727755 0.66532937
v -0.01417517 -0.07724081 0.66796032
v -0.02215925 -0.07710329 0.66529397
v -0.02216906 -0.07727755 0.66532937
v -0.02215925 -0.07710329 0.66529397
v -0.02966949 -0.07715464 0.66150124
v -0.05248229 -0.07697282 0.58792156
v -0.05543967 -0.07697282 0.59582039
v -0.05556451 -0.07695673 0.59581184
v -0.05261452 -0.07695477 0.58789184
v 0.05639588 -0.07727750 0.62420149
v 0.05754966 -0.07726243 0.61585290
v 0.05635832 -0.07712070 0.62419667
v 0.05639588 -0.07727750 0.62420149
v 0.05635832 -0.07712070 0.62419667
v 0.05401948 -0.07726609 0.63228079
v 0.05401948 -0.07726609 0.63228079
v 0.05635832 -0.07712070 0.62419667
v 0.05399857 -0.07710477 0.63227560
v 0.05401948 -0.07726609 0.63228079
v 0.05399857 -0.07710477 0.63227560
v 0.05049668 -0.07724033 0.63990008
v 0.04031523 -0.07715452 0.65328070
v 0.04589790 -0.07707326 0.64698379
v 0.04035583 -0.07699168 0.65334943
v 0.04031523 -0.07715452 0.65328070
v 0.04035583 -0.07699168 0.65334943
v 0.03389261 -0.07708976 0.65872222
v 0.01902027 -0.07705959 0.66652247
v 0.02675361 -0.07699165 0.66322576
v 0.01903909 -0.07697283 0.66662007
v 0.01902027 -0.07705959 0.66652247
v 0.01903909 -0.07697283 0.66662007
v 0.01088612 -0.07698433 0.66878013
v -0.01421823 -0.07697281 0.66807055
v -0.00591232 -0.07698436 0.66951200
v -0.00589889 -0.07695475 0.66967880
v -0.01421823 -0.07697281 0.66807055
v -0.00589889 -0.07695475 0.66967880
v -0.01422234 -0.07695672 0.66819561
v 0.05752711 -0.07712156 0.61586133
v 0.05746122 -0.07712071 0.60744591
v 0.05761535 -0.07698432 0.61588489
v 0.05752711 -0.07712156 0.61586133
v 0.05761535 -0.07698432 0.61588489
v 0.05635832 -0.07712070 0.62419667
v 0.05635832 -0.07712070 0.62419667
v 0.05761535 -0.07698432 0.61588489
v 0.05646226 -0.07697806 0.62423561
v 0.05635832 -0.07712070 0.62419667
v 0.05646226 -0.07697806 0.62423561
v 0.05408984 -0.07697804 0.63232712
v 0.03393621 -0.07697806 0.65880993
v 0.04035583 -0.07699168 0.65334943
v 0.04049570 -0.07695670 0.65345032
v 0.03393621 -0.07697806 0.65880993
v 0.04049570 -0.07695670 0.65345032
v 0.03403983 -0.07695670 0.65890557
v 0.05008767 -0.07705945 0.58348064
v 0.04544125 -0.07699166 0.57647469
v 0.05018039 -0.07697279 0.58344451
v 0.05008767 -0.07705945 0.58348064
v 0.05018039 -0.07697279 0.58344451
v 0.05379966 -0.07697804 0.59106270
v 0.05761535 -0.07698432 0.61588489
v 0.05757198 -0.07697806 0.60745329
v 0.05770753 -0.07695670 0.60741441
v 0.05761535 -0.07698432 0.61588489
v 0.05770753 -0.07695670 0.60741441
v 0.05777106 -0.07695670 0.61586633
v -0.03041777 -0.07725329 0.56308430
v -0.03722676 -0.07725337 0.56803523
v -0.03039871 -0.07707329 0.56307210
v -0.03041777 -0.07725329 0.56308430
v -0.03039871 -0.07707329 0.56307210
v -0.02296152 -0.07724032 0.55918805
v -0.02296152 -0.07724032 0.55918805
v -0.03039871 -0.07707329 0.56307210
v -0.02294412 -0.07705948 0.55915985
v -0.02296152 -0.07724032 0.55918805
v -0.02294412 -0.07705948 0.55915985
v -0.01499228 -0.07707334 0.55639195
v 0.00168415 -0.07708957 0.55443817
v -0.00672384 -0.07702914 0.55477722
v 0.00170341 -0.07697809 0.55434241
v 0.00168415 -0.07708957 0.55443817
v 0.00170341 -0.07697809 0.55434241
v 0.01006113 -0.07705951 0.55528387
v 0.01006113 -0.07705951 0.55528387
v 0.00170341 -0.07697809 0.55434241
v 0.01009290 -0.07697281 0.55518957
v 0.01006113 -0.07705951 0.55528387
v 0.01009290 -0.07697281 0.55518957
v 0.01825519 -0.07699167 0.55731137
v 0.03979435 -0.07697804 0.57021379
v 0.03334060 -0.07695642 0.56476275
v 0.03987516 -0.07695475 0.57008580
v -0.05700694 -0.07727754 0.62089361
v -0.05511243 -0.07727487 0.62910462
v -0.05696985 -0.07713788 0.62088543
v -0.05700694 -0.07727754 0.62089361
v -0.05696985 -0.07713788 0.62088543
v -0.05766349 -0.07725341 0.61251774
v -0.05533879 -0.07724036 0.59589369
v -0.05710498 -0.07724033 0.60412356
v -0.05534938 -0.07705941 0.59586207
v -0.05533879 -0.07724036 0.59589369
v -0.05534938 -0.07705941 0.59586207
v -0.05239909 -0.07705938 0.58797607
v -0.04322461 -0.07708955 0.57391168
v -0.04833184 -0.07705938 0.58060324
v -0.04328599 -0.07697812 0.57383544
v -0.04322461 -0.07708955 0.57391168
v -0.04328599 -0.07697812 0.57383544
v -0.03725689 -0.07697809 0.56794020
v -0.00674064 -0.07695643 0.55458911
v -0.01500667 -0.07697279 0.55628410
v -0.01507547 -0.07694903 0.55614329
v -0.02968693 -0.07727759 0.66153401
v -0.02216906 -0.07727755 0.66532937
v -0.02966949 -0.07715464 0.66150124
v -0.02968693 -0.07727759 0.66153401
v -0.02966949 -0.07715464 0.66150124
v -0.03654993 -0.07715473 0.65665450
v -0.04265033 -0.07725342 0.65088437
v -0.03654993 -0.07715473 0.65665450
v -0.04266569 -0.07707327 0.65086783
v -0.04265033 -0.07725342 0.65088437
v -0.04266569 -0.07707327 0.65086783
v -0.04785221 -0.07708807 0.64423712
v -0.05507983 -0.07713786 0.62908644
v -0.05204139 -0.07705936 0.63693564
v -0.05517499 -0.07698436 0.62909724
v -0.05507983 -0.07713786 0.62908644
v -0.05517499 -0.07698436 0.62909724
v -0.05706554 -0.07698437 0.62088214
v -0.05766385 -0.07707333 0.61249516
v -0.05706554 -0.07698437 0.62088214
v -0.05777178 -0.07697282 0.61248167
v -0.05766385 -0.07707333 0.61249516
v -0.05777178 -0.07697282 0.61248167
v -0.05721545 -0.07697282 0.60406564
v -0.04840634 -0.07697279 0.58053738
v -0.05248229 -0.07697282 0.58792156
v -0.05261452 -0.07695477 0.58789184
v -0.04840634 -0.07697279 0.58053738
v -0.05261452 -0.07695477 0.58789184
v -0.04852338 -0.07695673 0.58049313
v 0.02687570 -0.07694899 0.66338946
v 0.01903909 -0.07697283 0.66662007
v 0.02675361 -0.07699165 0.66322576
v 0.04597513 -0.07697279 0.64706038
v 0.04035583 -0.07699168 0.65334943
v 0.04589790 -0.07707326 0.64698379
v 0.04597513 -0.07697279 0.64706038
v 0.04589790 -0.07707326 0.64698379
v 0.05050010 -0.07705946 0.63993310
v 0.05662421 -0.07695219 0.62423951
v 0.05408984 -0.07697804 0.63232712
v 0.05646226 -0.07697806 0.62423561
v 0.05379966 -0.07697804 0.59106270
v 0.05628561 -0.07697806 0.59912003
v 0.05369733 -0.07710480 0.59108540
v 0.05379966 -0.07697804 0.59106270
v 0.05369733 -0.07710480 0.59108540
v 0.05008767 -0.07705945 0.58348064
v 0.04544125 -0.07699166 0.57647469
v 0.05008767 -0.07705945 0.58348064
v 0.04536697 -0.07717137 0.57650863
v 0.04544125 -0.07699166 0.57647469
v 0.04536697 -0.07717137 0.57650863
v 0.03971588 -0.07708953 0.57027238
v 0.03322108 -0.07704112 0.56492467
v 0.03971588 -0.07708953 0.57027238
v 0.03320799 -0.07725385 0.56493084
v 0.03322108 -0.07704112 0.56492467
v 0.03320799 -0.07725385 0.56493084
v 0.02598240 -0.07713787 0.56061455
v 0.01821260 -0.07715486 0.55737887
v 0.02598240 -0.07713787 0.56061455
v 0.01821423 -0.07727716 0.55734036
v 0.01821260 -0.07715486 0.55737887
v 0.01821423 -0.07727716 0.55734036
v 0.01005788 -0.07724080 0.55530260
v 0.04557979 -0.07694903 0.57632479
v 0.05018039 -0.07697279 0.58344451
v 0.04544125 -0.07699166 0.57647469
v -0.00672384 -0.07702914 0.55477722
v 0.00168415 -0.07708957 0.55443817
v -0.00672441 -0.07724083 0.55481201
v -0.00672384 -0.07702914 0.55477722
v -0.00672441 -0.07724083 0.55481201
v -0.01499228 -0.07707334 0.55639195
v -0.01499228 -0.07707334 0.55639195
v -0.00672441 -0.07724083 0.55481201
v -0.01500476 -0.07724932 0.55639664
v -0.01499228 -0.07707334 0.55639195
v -0.01500476 -0.07724932 0.55639664
v -0.02296152 -0.07724032 0.55918805
v 0.00167955 -0.07695671 0.55420319
v 0.01009290 -0.07697281 0.55518957
v 0.00170341 -0.07697809 0.55434241
v -0.00674064 -0.07695643 0.55458911
v 0.00170341 -0.07697809 0.55434241
v -0.00672384 -0.07702914 0.55477722
v -0.00674064 -0.07695643 0.55458911
v -0.00672384 -0.07702914 0.55477722
v -0.01500667 -0.07697279 0.55628410
v -0.02296987 -0.07697281 0.55906366
v -0.01500667 -0.07697279 0.55628410
v -0.02294412 -0.07705948 0.55915985
v -0.02296987 -0.07697281 0.55906366
v -0.02294412 -0.07705948 0.55915985
v -0.03039871 -0.07707329 0.56307210
v -0.04833184 -0.07705938 0.58060324
v -0.04322461 -0.07708955 0.57391168
v -0.04831596 -0.07724078 0.58061386
v -0.04833184 -0.07705938 0.58060324
v -0.04831596 -0.07724078 0.58061386
v -0.05238701 -0.07723514 0.58799755
v -0.04328599 -0.07697812 0.57383544
v -0.05543967 -0.07697282 0.59582039
v -0.05248229 -0.07697282 0.58792156
v -0.05534938 -0.07705941 0.59586207
v -0.05543967 -0.07697282 0.59582039
v -0.05534938 -0.07705941 0.59586207
v -0.05712007 -0.07705939 0.60409384
v -0.04785221 -0.07708807 0.64423712
v -0.05201238 -0.07724033 0.63695212
v -0.04785739 -0.07726568 0.64426245
v -0.04785221 -0.07708807 0.64423712
v -0.04785739 -0.07726568 0.64426245
v -0.04265033 -0.07725342 0.65088437
v -0.05517499 -0.07698436 0.62909724
v -0.04275501 -0.07697282 0.65092996
v -0.04795681 -0.07697280 0.64429064
v -0.04266569 -0.07707327 0.65086783
v -0.04275501 -0.07697282 0.65092996
v -0.04266569 -0.07707327 0.65086783
v -0.03661394 -0.07699169 0.65670229
v -0.01417986 -0.07705938 0.66797881
v -0.02215925 -0.07710329 0.66529397
v -0.01417517 -0.07724081 0.66796032
v -0.01417986 -0.07705938 0.66797881
v -0.01417517 -0.07724081 0.66796032
v -0.00588478 -0.07713801 0.66942032
v 0.00252575 -0.07708802 0.66967551
v -0.00588478 -0.07713801 0.66942032
v 0.00254472 -0.07726561 0.66969309
v 0.00252575 -0.07708802 0.66967551
v 0.00254472 -0.07726561 0.66969309
v 0.01090685 -0.07726553 0.66870842
v -0.04795681 -0.07697280 0.64429064
v 0.02673438 -0.07715466 0.66314837
v 0.01901401 -0.07724080 0.66650453
v 0.02675346 -0.07727751 0.66318029
v 0.02673438 -0.07715466 0.66314837
v 0.02675346 -0.07727751 0.66318029
v 0.03389607 -0.07725389 0.65872545
v -0.02972560 -0.07699170 0.66155794
v 0.01088612 -0.07698433 0.66878013
v 0.00252575 -0.07708802 0.66967551
v 0.01088656 -0.07712145 0.66868883
v 0.01088612 -0.07698433 0.66878013
v 0.01088656 -0.07712145 0.66868883
v 0.01902027 -0.07705959 0.66652247
v 0.03389261 -0.07708976 0.65872222
v 0.02673438 -0.07715466 0.66314837
v 0.03389607 -0.07725389 0.65872545
v 0.03389261 -0.07708976 0.65872222
v 0.03389607 -0.07725389 0.65872545
v 0.04031523 -0.07715452 0.65328070
v -0.01421823 -0.07697281 0.66807055
v 0.04589790 -0.07707326 0.64698379
v 0.04031523 -0.07715452 0.65328070
v 0.04591142 -0.07725339 0.64696572
v 0.04589790 -0.07707326 0.64698379
v 0.04591142 -0.07725339 0.64696572
v 0.05049668 -0.07724033 0.63990008
v 0.05749905 -0.07727874 0.60743639
v 0.05620847 -0.07727482 0.59911234
v 0.05746122 -0.07712071 0.60744591
v 0.05620847 -0.07727482 0.59911234
v 0.05371100 -0.07726557 0.59106203
v 0.05617497 -0.07712073 0.59912882
v 0.05620847 -0.07727482 0.59911234
v 0.05617497 -0.07712073 0.59912882
v 0.05746122 -0.07712071 0.60744591
v 0.01088612 -0.07698433 0.66878013
v 0.01903909 -0.07697283 0.66662007
v 0.01911397 -0.07695221 0.66674561
v 0.01088612 -0.07698433 0.66878013
v 0.01911397 -0.07695221 0.66674561
v 0.01094691 -0.07695478 0.66893583
v 0.03403983 -0.07695670 0.65890557
v 0.02675361 -0.07699165 0.66322576
v 0.03393621 -0.07697806 0.65880993
v 0.05057919 -0.07697279 0.63999346
v 0.04597513 -0.07697279 0.64706038
v 0.05050010 -0.07705946 0.63993310
v 0.05057919 -0.07697279 0.63999346
v 0.05050010 -0.07705946 0.63993310
v 0.05408984 -0.07697804 0.63232712
v 0.05408984 -0.07697804 0.63232712
v 0.05050010 -0.07705946 0.63993310
v 0.05399857 -0.07710477 0.63227560
v 0.05408984 -0.07697804 0.63232712
v 0.05399857 -0.07710477 0.63227560
v 0.05635832 -0.07712070 0.62419667
v 0.05369733 -0.07710480 0.59108540
v 0.05617497 -0.07712073 0.59912882
v 0.05371100 -0.07726557 0.59106203
v 0.05369733 -0.07710480 0.59108540
v 0.05371100 -0.07726557 0.59106203
v 0.05007108 -0.07724078 0.58348980
v 0.04536697 -0.07717137 0.57650863
v 0.05007108 -0.07724078 0.58348980
v 0.04540435 -0.07728829 0.57647652
v 0.04536697 -0.07717137 0.57650863
v 0.04540435 -0.07728829 0.57647652
v 0.03971830 -0.07725383 0.57026847
v 0.02599189 -0.07727488 0.56057829
v 0.01821423 -0.07727716 0.55734036
v 0.02598240 -0.07713787 0.56061455
v 0.02599189 -0.07727488 0.56057829
v 0.02598240 -0.07713787 0.56061455
v 0.03320799 -0.07725385 0.56493084
v 0.03971830 -0.07725383 0.57026847
v 0.03320799 -0.07725385 0.56493084
v 0.03971588 -0.07708953 0.57027238
v 0.03971830 -0.07725383 0.57026847
v 0.03971588 -0.07708953 0.57027238
v 0.04536697 -0.07717137 0.57650863
v 0.05617497 -0.07712073 0.59912882
v 0.05369733 -0.07710480 0.59108540
v 0.05628561 -0.07697806 0.59912003
v 0.05617497 -0.07712073 0.59912882
v 0.05628561 -0.07697806 0.59912003
v 0.05757198 -0.07697806 0.60745329
v 0.05057919 -0.07697279 0.63999346
v 0.05408984 -0.07697804 0.63232712
v 0.05424952 -0.07695220 0.63235440
v 0.05057919 -0.07697279 0.63999346
v 0.05424952 -0.07695220 0.63235440
v 0.05069916 -0.07695670 0.64002910
v 0.05777106 -0.07695670 0.61586633
v 0.05646226 -0.07697806 0.62423561
v 0.05761535 -0.07698432 0.61588489
v 0.05394664 -0.07694904 0.59097225
v 0.05628561 -0.07697806 0.59912003
v 0.05379966 -0.07697804 0.59106270
v 0.02603449 -0.07698058 0.56052684
v 0.03322108 -0.07704112 0.56492467
v 0.02598240 -0.07713787 0.56061455
v 0.02603449 -0.07698058 0.56052684
v 0.02598240 -0.07713787 0.56061455
v 0.01825519 -0.07699167 0.55731137
v 0.01825519 -0.07699167 0.55731137
v 0.02598240 -0.07713787 0.56061455
v 0.01821260 -0.07715486 0.55737887
v 0.01825519 -0.07699167 0.55731137
v 0.01821260 -0.07715486 0.55737887
v 0.01006113 -0.07705951 0.55528387
v 0.01006113 -0.07705951 0.55528387
v 0.01821260 -0.07715486 0.55737887
v 0.01005788 -0.07724080 0.55530260
v 0.01006113 -0.07705951 0.55528387
v 0.01005788 -0.07724080 0.55530260
v 0.00168415 -0.07708957 0.55443817
v 0.00168415 -0.07708957 0.55443817
v 0.01005788 -0.07724080 0.55530260
v 0.00168322 -0.07725383 0.55443372
v 0.00168415 -0.07708957 0.55443817
v 0.00168322 -0.07725383 0.55443372
v -0.00672441 -0.07724083 0.55481201
v 0.05379966 -0.07697804 0.59106270
v 0.05018039 -0.07697279 0.58344451
v 0.05028153 -0.07695475 0.58335430
v 0.05379966 -0.07697804 0.59106270
v 0.05028153 -0.07695475 0.58335430
v 0.05394664 -0.07694904 0.59097225
v 0.03987516 -0.07695475 0.57008580
v 0.04544125 -0.07699166 0.57647469
v 0.03979435 -0.07697804 0.57021379
v 0.03334060 -0.07695642 0.56476275
v 0.03979435 -0.07697804 0.57021379
v 0.03322108 -0.07704112 0.56492467
v 0.03334060 -0.07695642 0.56476275
v 0.03322108 -0.07704112 0.56492467
v 0.02603449 -0.07698058 0.56052684
v 0.01828810 -0.07694905 0.55710989
v 0.02603449 -0.07698058 0.56052684
v 0.01825519 -0.07699167 0.55731137
v -0.04322461 -0.07708955 0.57391168
v -0.03720729 -0.07708952 0.56802461
v -0.04322861 -0.07725387 0.57390936
v -0.04322461 -0.07708955 0.57391168
v -0.04322861 -0.07725387 0.57390936
v -0.04831596 -0.07724078 0.58061386
v -0.01499228 -0.07707334 0.55639195
v -0.02294412 -0.07705948 0.55915985
v -0.01500667 -0.07697279 0.55628410
v -0.01499228 -0.07707334 0.55639195
v -0.01500667 -0.07697279 0.55628410
v -0.00672384 -0.07702914 0.55477722
v 0.01825519 -0.07699167 0.55731137
v 0.01009290 -0.07697281 0.55518957
v 0.01008925 -0.07695224 0.55504370
v 0.01825519 -0.07699167 0.55731137
v 0.01008925 -0.07695224 0.55504370
v 0.01828810 -0.07694905 0.55710989
v -0.03044342 -0.07697282 0.56297291
v -0.02296987 -0.07697281 0.55906366
v -0.03039871 -0.07707329 0.56307210
v -0.03044342 -0.07697282 0.56297291
v -0.03039871 -0.07707329 0.56307210
v -0.03725689 -0.07697809 0.56794020
v -0.03725689 -0.07697809 0.56794020
v -0.03039871 -0.07707329 0.56307210
v -0.03720729 -0.07708952 0.56802461
v -0.03725689 -0.07697809 0.56794020
v -0.03720729 -0.07708952 0.56802461
v -0.04322461 -0.07708955 0.57391168
v -0.05239909 -0.07705938 0.58797607
v -0.04833184 -0.07705938 0.58060324
v -0.05238701 -0.07723514 0.58799755
v -0.05239909 -0.07705938 0.58797607
v -0.05238701 -0.07723514 0.58799755
v -0.05533879 -0.07724036 0.59589369
v -0.03053738 -0.07695477 0.56287532
v -0.02296987 -0.07697281 0.55906366
v -0.03044342 -0.07697282 0.56297291
v -0.04840634 -0.07697279 0.58053738
v -0.04328599 -0.07697812 0.57383544
v -0.04833184 -0.07705938 0.58060324
v -0.04840634 -0.07697279 0.58053738
v -0.04833184 -0.07705938 0.58060324
v -0.05239909 -0.07705938 0.58797607
v -0.05239909 -0.07705938 0.58797607
v -0.05248229 -0.07697282 0.58792156
v -0.03044342 -0.07697282 0.56297291
v -0.03725689 -0.07697809 0.56794020
v -0.03737556 -0.07695477 0.56784590
v -0.03044342 -0.07697282 0.56297291
v -0.03737556 -0.07695477 0.56784590
v -0.03053738 -0.07695477 0.56287532
v -0.04852338 -0.07695673 0.58049313
v -0.04328599 -0.07697812 0.57383544
v -0.04840634 -0.07697279 0.58053738
v -0.05721545 -0.07697282 0.60406564
v -0.05543967 -0.07697282 0.59582039
v -0.05712007 -0.07705939 0.60409384
v -0.05721545 -0.07697282 0.60406564
v -0.05712007 -0.07705939 0.60409384
v -0.05766385 -0.07707333 0.61249516
v -0.05706554 -0.07698437 0.62088214
v -0.05766385 -0.07707333 0.61249516
v -0.05696985 -0.07713788 0.62088543
v -0.05706554 -0.07698437 0.62088214
v -0.05696985 -0.07713788 0.62088543
v -0.05507983 -0.07713786 0.62908644
v -0.05204139 -0.07705936 0.63693564
v -0.05507983 -0.07713786 0.62908644
v -0.05201238 -0.07724033 0.63695212
v -0.05204139 -0.07705936 0.63693564
v -0.05201238 -0.07724033 0.63695212
v -0.04785221 -0.07708807 0.64423712
v -0.03654993 -0.07715473 0.65665450
v -0.04265033 -0.07725342 0.65088437
v -0.03656485 -0.07727712 0.65669008
v -0.03656485 -0.07727712 0.65669008
v -0.01417517 -0.07724081 0.66796032
v -0.00588076 -0.07727494 0.66945749
v -0.00588478 -0.07713801 0.66942032
v -0.00588076 -0.07727494 0.66945749
v 0.00254472 -0.07726561 0.66969309
v -0.00588478 -0.07713801 0.66942032
v -0.02966949 -0.07715464 0.66150124
v -0.02215925 -0.07710329 0.66529397
v -0.02972560 -0.07699170 0.66155794
v -0.02966949 -0.07715464 0.66150124
v -0.02972560 -0.07699170 0.66155794
v -0.03661394 -0.07699169 0.65670229
v -0.04785221 -0.07708807 0.64423712
v -0.04266569 -0.07707327 0.65086783
v -0.04795681 -0.07697280 0.64429064
v -0.04785221 -0.07708807 0.64423712
v -0.04795681 -0.07697280 0.64429064
v -0.05213644 -0.07697281 0.63696481
v -0.05777178 -0.07697282 0.61248167
v -0.05706554 -0.07698437 0.62088214
v -0.05721350 -0.07695673 0.62093414
v -0.05777178 -0.07697282 0.61248167
v -0.05721350 -0.07695673 0.62093414
v -0.05790410 -0.07695478 0.61251097
v 0.01090685 -0.07726553 0.66870842
v 0.01901401 -0.07724080 0.66650453
v 0.01088656 -0.07712145 0.66868883
v 0.01090685 -0.07726553 0.66870842
v 0.01088656 -0.07712145 0.66868883
v 0.00252575 -0.07708802 0.66967551
v -0.05517499 -0.07698436 0.62909724
v -0.05213644 -0.07697281 0.63696481
v -0.05224378 -0.07695478 0.63704751
v -0.05517499 -0.07698436 0.62909724
v -0.05224378 -0.07695478 0.63704751
v -0.05531380 -0.07695673 0.62917005
v -0.04283386 -0.07695479 0.65104007
v -0.04795681 -0.07697280 0.64429064
v -0.04275501 -0.07697282 0.65092996
v -0.02221991 -0.07697281 0.66540365
v -0.02972560 -0.07699170 0.66155794
v -0.02215925 -0.07710329 0.66529397
v -0.02221991 -0.07697281 0.66540365
v -0.02215925 -0.07710329 0.66529397
v -0.01417986 -0.07705938 0.66797881
v -0.00591232 -0.07698436 0.66951200
v -0.01417986 -0.07705938 0.66797881
v -0.00588478 -0.07713801 0.66942032
v -0.00591232 -0.07698436 0.66951200
v -0.00588478 -0.07713801 0.66942032
v 0.00252575 -0.07708802 0.66967551
v 0.04034530 -0.07727473 0.65330109
v 0.04591142 -0.07725339 0.64696572
v 0.04031523 -0.07715452 0.65328070
v 0.04034530 -0.07727473 0.65330109
v 0.04031523 -0.07715452 0.65328070
v 0.03389607 -0.07725389 0.65872545
v 0.01901401 -0.07724080 0.66650453
v 0.02673438 -0.07715466 0.66314837
v 0.01902027 -0.07705959 0.66652247
v 0.01901401 -0.07724080 0.66650453
v 0.01902027 -0.07705959 0.66652247
v 0.01088656 -0.07712145 0.66868883
v -0.01417986 -0.07705938 0.66797881
v -0.00591232 -0.07698436 0.66951200
v -0.01421823 -0.07697281 0.66807055
v -0.01417986 -0.07705938 0.66797881
v -0.01421823 -0.07697281 0.66807055
v -0.02221991 -0.07697281 0.66540365
v -0.04275501 -0.07697282 0.65092996
v -0.03661394 -0.07699169 0.65670229
v -0.03671630 -0.07694904 0.65687898
v -0.04275501 -0.07697282 0.65092996
v -0.03671630 -0.07694904 0.65687898
v -0.04283386 -0.07695479 0.65104007
v -0.02224462 -0.07695478 0.66553683
v -0.02972560 -0.07699170 0.66155794
v -0.02221991 -0.07697281 0.66540365
v 0.00251725 -0.07697280 0.66979257
v -0.00591232 -0.07698436 0.66951200
v 0.00252575 -0.07708802 0.66967551
v 0.00251725 -0.07697280 0.66979257
v 0.00252575 -0.07708802 0.66967551
v 0.01088612 -0.07698433 0.66878013
v 0.02675361 -0.07699165 0.66322576
v 0.01902027 -0.07705959 0.66652247
v 0.02673438 -0.07715466 0.66314837
v 0.02675361 -0.07699165 0.66322576
v 0.02673438 -0.07715466 0.66314837
v 0.03389261 -0.07708976 0.65872222
v -0.00588076 -0.07727494 0.66945749
v -0.00591640 -0.07744909 0.66965238
v 0.00254472 -0.07726561 0.66969309
v 0.00254472 -0.07726561 0.66969309
v -0.00591640 -0.07744909 0.66965238
v 0.00252526 -0.07743527 0.66988901
v 0.00254472 -0.07726561 0.66969309
v 0.00252526 -0.07743527 0.66988901
v 0.01090685 -0.07726553 0.66870842
v 0.01091300 -0.07745819 0.66892704
v 0.01090685 -0.07726553 0.66870842
v 0.01091300 -0.07745819 0.66892704
v 0.01901401 -0.07724080 0.66650453
v 0.01908346 -0.07743509 0.66670716
v 0.01901401 -0.07724080 0.66650453
v 0.01908346 -0.07743509 0.66670716
v 0.02675346 -0.07727751 0.66318029
v 0.02675346 -0.07727751 0.66318029
v 0.01908346 -0.07743509 0.66670716
v 0.02683455 -0.07743498 0.66334631
v 0.02675346 -0.07727751 0.66318029
v 0.02683455 -0.07743498 0.66334631
v 0.03389607 -0.07725389 0.65872545
v 0.03389607 -0.07725389 0.65872545
v 0.02683455 -0.07743498 0.66334631
v 0.03402171 -0.07744608 0.65890013
v 0.03389607 -0.07725389 0.65872545
v 0.03402171 -0.07744608 0.65890013
v 0.04034530 -0.07727473 0.65330109
v 0.04034530 -0.07727473 0.65330109
v 0.03402171 -0.07744608 0.65890013
v 0.04047279 -0.07744916 0.65345312
v 0.04034530 -0.07727473 0.65330109
v 0.04047279 -0.07744916 0.65345312
v 0.04591142 -0.07725339 0.64696572
v 0.04591142 -0.07725339 0.64696572
v 0.04047279 -0.07744916 0.65345312
v 0.04606653 -0.07745820 0.64713430
v 0.04591142 -0.07725339 0.64696572
v 0.04606653 -0.07745820 0.64713430
v 0.05049668 -0.07724033 0.63990008
v 0.05068041 -0.07745820 0.64005327
v 0.05049668 -0.07724033 0.63990008
v 0.05068041 -0.07745820 0.64005327
v 0.05401948 -0.07726609 0.63228079
v 0.05401948 -0.07726609 0.63228079
v 0.05068041 -0.07745820 0.64005327
v 0.05420047 -0.07743503 0.63235299
v 0.05401948 -0.07726609 0.63228079
v 0.05420047 -0.07743503 0.63235299
v 0.05639588 -0.07727750 0.62420149
v 0.05639588 -0.07727750 0.62420149
v 0.05420047 -0.07743503 0.63235299
v 0.05659682 -0.07745808 0.62424507
v 0.05639588 -0.07727750 0.62420149
v 0.05659682 -0.07745808 0.62424507
v 0.05754966 -0.07726243 0.61585290
v 0.05754966 -0.07726243 0.61585290
v 0.05659682 -0.07745808 0.62424507
v 0.05776596 -0.07746200 0.61588489
v 0.05754966 -0.07726243 0.61585290
v 0.05776596 -0.07746200 0.61588489
v 0.05749905 -0.07727874 0.60743639
v 0.05749905 -0.07727874 0.60743639
v 0.05776596 -0.07746200 0.61588489
v 0.05769468 -0.07744628 0.60744194
v 0.05749905 -0.07727874 0.60743639
v 0.05769468 -0.07744628 0.60744194
v 0.05639431 -0.07743527 0.59908963
v 0.05749905 -0.07727874 0.60743639
v 0.05639431 -0.07743527 0.59908963
v 0.05620847 -0.07727482 0.59911234
v 0.05620847 -0.07727482 0.59911234
v 0.05639431 -0.07743527 0.59908963
v 0.05371100 -0.07726557 0.59106203
v 0.05391389 -0.07744627 0.59101662
v 0.05371100 -0.07726557 0.59106203
v 0.05391389 -0.07744627 0.59101662
v 0.05007108 -0.07724078 0.58348980
v 0.05007108 -0.07724078 0.58348980
v 0.05391389 -0.07744627 0.59101662
v 0.05026582 -0.07744611 0.58337780
v 0.05007108 -0.07724078 0.58348980
v 0.05026582 -0.07744611 0.58337780
v 0.04540435 -0.07728829 0.57647652
v 0.04540435 -0.07728829 0.57647652
v 0.05026582 -0.07744611 0.58337780
v 0.04553749 -0.07742474 0.57638113
v 0.04540435 -0.07728829 0.57647652
v 0.04553749 -0.07742474 0.57638113
v 0.03971830 -0.07725383 0.57026847
v 0.03971830 -0.07725383 0.57026847
v 0.04553749 -0.07742474 0.57638113
v 0.03987252 -0.07745802 0.57010393
v 0.03971830 -0.07725383 0.57026847
v 0.03987252 -0.07745802 0.57010393
v 0.03320799 -0.07725385 0.56493084
v 0.03334528 -0.07746200 0.56475078
v 0.03320799 -0.07725385 0.56493084
v 0.03334528 -0.07746200 0.56475078
v 0.02610928 -0.07745819 0.56040581
v 0.03320799 -0.07725385 0.56493084
v 0.02610928 -0.07745819 0.56040581
v 0.02599189 -0.07727488 0.56057829
v 0.02599189 -0.07727488 0.56057829
v 0.02610928 -0.07745819 0.56040581
v 0.01821423 -0.07727716 0.55734036
v 0.01821423 -0.07727716 0.55734036
v 0.02610928 -0.07745819 0.56040581
v 0.01828758 -0.07742507 0.55718118
v 0.01821423 -0.07727716 0.55734036
v 0.01828758 -0.07742507 0.55718118
v 0.01005788 -0.07724080 0.55530260
v 0.01005788 -0.07724080 0.55530260
v 0.01828758 -0.07742507 0.55718118
v 0.01009627 -0.07744609 0.55508129
v 0.01005788 -0.07724080 0.55530260
v 0.01009627 -0.07744609 0.55508129
v 0.00168322 -0.07725383 0.55443372
v 0.00168322 -0.07725383 0.55443372
v 0.01009627 -0.07744609 0.55508129
v 0.00169223 -0.07743497 0.55422931
v 0.00168322 -0.07725383 0.55443372
v 0.00169223 -0.07743497 0.55422931
v -0.00672441 -0.07724083 0.55481201
v -0.00672441 -0.07724083 0.55481201
v 0.00169223 -0.07743497 0.55422931
v -0.00674506 -0.07742481 0.55460962
v -0.00672441 -0.07724083 0.55481201
v -0.00674506 -0.07742481 0.55460962
v -0.01500476 -0.07724932 0.55639664
v -0.01503859 -0.07742621 0.55620280
v -0.01500476 -0.07724932 0.55639664
v -0.01503859 -0.07742621 0.55620280
v -0.02296152 -0.07724032 0.55918805
v -0.02296152 -0.07724032 0.55918805
v -0.01503859 -0.07742621 0.55620280
v -0.02301115 -0.07742501 0.55898786
v -0.02296152 -0.07724032 0.55918805
v -0.02301115 -0.07742501 0.55898786
v -0.03041777 -0.07725329 0.56308430
v -0.03041777 -0.07725329 0.56308430
v -0.02301115 -0.07742501 0.55898786
v -0.03049781 -0.07743522 0.56289302
v -0.03041777 -0.07725329 0.56308430
v -0.03049781 -0.07743522 0.56289302
v -0.03722676 -0.07725337 0.56803523
v -0.03722676 -0.07725337 0.56803523
v -0.03049781 -0.07743522 0.56289302
v -0.03733371 -0.07743530 0.56785756
v -0.03722676 -0.07725337 0.56803523
v -0.03733371 -0.07743530 0.56785756
v -0.04322861 -0.07725387 0.57390936
v -0.04338931 -0.07744615 0.57376623
v -0.04322861 -0.07725387 0.57390936
v -0.04338931 -0.07744615 0.57376623
v -0.04831596 -0.07724078 0.58061386
v -0.04831596 -0.07724078 0.58061386
v -0.04338931 -0.07744615 0.57376623
v -0.04851461 -0.07745811 0.58048843
v -0.04831596 -0.07724078 0.58061386
v -0.04851461 -0.07745811 0.58048843
v -0.05238701 -0.07723514 0.58799755
v -0.05258616 -0.07744614 0.58789086
v -0.05238701 -0.07723514 0.58799755
v -0.05258616 -0.07744614 0.58789086
v -0.05533879 -0.07724036 0.59589369
v -0.05533879 -0.07724036 0.59589369
v -0.05258616 -0.07744614 0.58789086
v -0.05554685 -0.07744613 0.59580507
v -0.05533879 -0.07724036 0.59589369
v -0.05554685 -0.07744613 0.59580507
v -0.05710498 -0.07724033 0.60412356
v -0.05710498 -0.07724033 0.60412356
v -0.05554685 -0.07744613 0.59580507
v -0.05732376 -0.07744919 0.60405893
v -0.05710498 -0.07724033 0.60412356
v -0.05732376 -0.07744919 0.60405893
v -0.05766349 -0.07725341 0.61251774
v -0.05766349 -0.07725341 0.61251774
v -0.05732376 -0.07744919 0.60405893
v -0.05788928 -0.07745823 0.61247917
v -0.05766349 -0.07725341 0.61251774
v -0.05788928 -0.07745823 0.61247917
v -0.05700694 -0.07727754 0.62089361
v -0.05700694 -0.07727754 0.62089361
v -0.05788928 -0.07745823 0.61247917
v -0.05719026 -0.07743506 0.62091692
v -0.05700694 -0.07727754 0.62089361
v -0.05719026 -0.07743506 0.62091692
v -0.05511243 -0.07727487 0.62910462
v -0.05511243 -0.07727487 0.62910462
v -0.05719026 -0.07743506 0.62091692
v -0.05529330 -0.07743506 0.62914973
v -0.05511243 -0.07727487 0.62910462
v -0.05529330 -0.07743506 0.62914973
v -0.05201238 -0.07724033 0.63695212
v -0.05201238 -0.07724033 0.63695212
v -0.05529330 -0.07743506 0.62914973
v -0.05223044 -0.07744922 0.63701913
v -0.05201238 -0.07724033 0.63695212
v -0.05223044 -0.07744922 0.63701913
v -0.04785739 -0.07726568 0.64426245
v -0.04785739 -0.07726568 0.64426245
v -0.05223044 -0.07744922 0.63701913
v -0.04805613 -0.07745820 0.64435333
v -0.04785739 -0.07726568 0.64426245
v -0.04805613 -0.07745820 0.64435333
v -0.04265033 -0.07725342 0.65088437
v -0.04284411 -0.07745826 0.65100656
v -0.04265033 -0.07725342 0.65088437
v -0.04284411 -0.07745826 0.65100656
v -0.03656485 -0.07727712 0.65669008
v -0.03656485 -0.07727712 0.65669008
v -0.04284411 -0.07745826 0.65100656
v -0.03671908 -0.07745827 0.65682967
v -0.03656485 -0.07727712 0.65669008
v -0.03671908 -0.07745827 0.65682967
v -0.02968693 -0.07727759 0.66153401
v -0.02968693 -0.07727759 0.66153401
v -0.03671908 -0.07745827 0.65682967
v -0.02978225 -0.07742466 0.66167958
v -0.02968693 -0.07727759 0.66153401
v -0.02978225 -0.07742466 0.66167958
v -0.02216906 -0.07727755 0.66532937
v -0.02224678 -0.07744612 0.66550857
v -0.02216906 -0.07727755 0.66532937
v -0.02224678 -0.07744612 0.66550857
v -0.01417517 -0.07724081 0.66796032
v -0.01417517 -0.07724081 0.66796032
v -0.02224678 -0.07744612 0.66550857
v -0.01422975 -0.07745804 0.66818889
v -0.01417517 -0.07724081 0.66796032
v -0.01422975 -0.07745804 0.66818889
v -0.00588076 -0.07727494 0.66945749
v -0.00588076 -0.07727494 0.66945749
v -0.01422975 -0.07745804 0.66818889
v -0.00591640 -0.07744909 0.66965238
v 0.04553749 -0.07742474 0.57638113
v 0.05026582 -0.07744611 0.58337780
v 0.04556246 -0.07760272 0.57634182
v 0.04553749 -0.07742474 0.57638113
v 0.04556246 -0.07760272 0.57634182
v 0.03987252 -0.07745802 0.57010393
v 0.01828758 -0.07742507 0.55718118
v 0.02610928 -0.07745819 0.56040581
v 0.01828302 -0.07760276 0.55713345
v 0.01828758 -0.07742507 0.55718118
v 0.01828302 -0.07760276 0.55713345
v 0.01009627 -0.07744609 0.55508129
v -0.00674506 -0.07742481 0.55460962
v 0.00169223 -0.07743497 0.55422931
v -0.00676572 -0.07760276 0.55456787
v -0.00674506 -0.07742481 0.55460962
v -0.00676572 -0.07760276 0.55456787
v -0.01503859 -0.07742621 0.55620280
v -0.01503859 -0.07742621 0.55620280
v -0.00676572 -0.07760276 0.55456787
v -0.01506665 -0.07760276 0.55616575
v -0.01503859 -0.07742621 0.55620280
v -0.01506665 -0.07760276 0.55616575
v -0.02301115 -0.07742501 0.55898786
v -0.02301115 -0.07742501 0.55898786
v -0.01506665 -0.07760276 0.55616575
v -0.02304624 -0.07760277 0.55895527
v -0.02301115 -0.07742501 0.55898786
v -0.02304624 -0.07760277 0.55895527
v -0.03049781 -0.07743522 0.56289302
v -0.02978225 -0.07742466 0.66167958
v -0.03671908 -0.07745827 0.65682967
v -0.02979155 -0.07760276 0.66172529
v -0.02978225 -0.07742466 0.66167958
v -0.02979155 -0.07760276 0.66172529
v -0.02224678 -0.07744612 0.66550857
v 0.05639431 -0.07743527 0.59908963
v 0.05769468 -0.07744628 0.60744194
v 0.05641735 -0.07760201 0.59906455
v 0.05639431 -0.07743527 0.59908963
v 0.05641735 -0.07760201 0.59906455
v 0.05391389 -0.07744627 0.59101662
v 0.00169223 -0.07743497 0.55422931
v 0.01009627 -0.07744609 0.55508129
v 0.00168300 -0.07760202 0.55420081
v 0.00169223 -0.07743497 0.55422931
v 0.00168300 -0.07760202 0.55420081
v -0.00676572 -0.07760276 0.55456787
v -0.03049781 -0.07743522 0.56289302
v -0.02304624 -0.07760277 0.55895527
v -0.03052913 -0.07760204 0.56287929
v -0.03049781 -0.07743522 0.56289302
v -0.03052913 -0.07760204 0.56287929
v -0.03733371 -0.07743530 0.56785756
v -0.03733371 -0.07743530 0.56785756
v -0.03052913 -0.07760204 0.56287929
v -0.03736660 -0.07760203 0.56784852
v -0.03733371 -0.07743530 0.56785756
v -0.03736660 -0.07760203 0.56784852
v -0.04338931 -0.07744615 0.57376623
v -0.05719026 -0.07743506 0.62091692
v -0.05788928 -0.07745823 0.61247917
v -0.05721657 -0.07760204 0.62093115
v -0.05719026 -0.07743506 0.62091692
v -0.05721657 -0.07760204 0.62093115
v -0.05529330 -0.07743506 0.62914973
v -0.05529330 -0.07743506 0.62914973
v -0.05721657 -0.07760204 0.62093115
v -0.05531725 -0.07760206 0.62916761
v -0.05529330 -0.07743506 0.62914973
v -0.05531725 -0.07760206 0.62916761
v -0.05223044 -0.07744922 0.63701913
v 0.00252526 -0.07743527 0.66988901
v -0.00591640 -0.07744909 0.66965238
v 0.00252495 -0.07760195 0.66991800
v 0.00252526 -0.07743527 0.66988901
v 0.00252495 -0.07760195 0.66991800
v 0.01091300 -0.07745819 0.66892704
v 0.01908346 -0.07743509 0.66670716
v 0.01091300 -0.07745819 0.66892704
v 0.01910215 -0.07760203 0.66673036
v 0.01908346 -0.07743509 0.66670716
v 0.01910215 -0.07760203 0.66673036
v 0.02683455 -0.07743498 0.66334631
v 0.02683455 -0.07743498 0.66334631
v 0.01910215 -0.07760203 0.66673036
v 0.02685640 -0.07760203 0.66336669
v 0.02683455 -0.07743498 0.66334631
v 0.02685640 -0.07760203 0.66336669
v 0.03402171 -0.07744608 0.65890013
v 0.05420047 -0.07743503 0.63235299
v 0.05068041 -0.07745820 0.64005327
v 0.05423037 -0.07760202 0.63235336
v 0.05420047 -0.07743503 0.63235299
v 0.05423037 -0.07760202 0.63235336
v 0.05659682 -0.07745808 0.62424507
v 0.05769468 -0.07744628 0.60744194
v 0.05776596 -0.07746200 0.61588489
v 0.05770729 -0.07760147 0.60742149
v 0.05769468 -0.07744628 0.60744194
v 0.05770729 -0.07760147 0.60742149
v 0.05641735 -0.07760201 0.59906455
v 0.05391389 -0.07744627 0.59101662
v 0.05641735 -0.07760201 0.59906455
v 0.05392006 -0.07760147 0.59099330
v 0.05391389 -0.07744627 0.59101662
v 0.05392006 -0.07760147 0.59099330
v 0.05026582 -0.07744611 0.58337780
v 0.05026582 -0.07744611 0.58337780
v 0.05392006 -0.07760147 0.59099330
v 0.05027606 -0.07760147 0.58336724
v 0.05026582 -0.07744611 0.58337780
v 0.05027606 -0.07760147 0.58336724
v 0.04556246 -0.07760272 0.57634182
v 0.01009627 -0.07744609 0.55508129
v 0.01828302 -0.07760276 0.55713345
v 0.01009462 -0.07760149 0.55506652
v 0.01009627 -0.07744609 0.55508129
v 0.01009462 -0.07760149 0.55506652
v 0.00168300 -0.07760202 0.55420081
v -0.04338931 -0.07744615 0.57376623
v -0.03736660 -0.07760203 0.56784852
v -0.04340278 -0.07760150 0.57376007
v -0.04338931 -0.07744615 0.57376623
v -0.04340278 -0.07760150 0.57376007
v -0.04851461 -0.07745811 0.58048843
v -0.05258616 -0.07744614 0.58789086
v -0.04851461 -0.07745811 0.58048843
v -0.05260082 -0.07760151 0.58788879
v -0.05258616 -0.07744614 0.58789086
v -0.05260082 -0.07760151 0.58788879
v -0.05554685 -0.07744613 0.59580507
v -0.05556170 -0.07760151 0.59580519
v -0.05554685 -0.07744613 0.59580507
v -0.05556170 -0.07760151 0.59580519
v -0.05732376 -0.07744919 0.60405893
v -0.05732376 -0.07744919 0.60405893
v -0.05556170 -0.07760151 0.59580519
v -0.05733841 -0.07760151 0.60406833
v -0.05732376 -0.07744919 0.60405893
v -0.05733841 -0.07760151 0.60406833
v -0.05788928 -0.07745823 0.61247917
v -0.05223044 -0.07744922 0.63701913
v -0.05531725 -0.07760206 0.62916761
v -0.05223747 -0.07760150 0.63703494
v -0.05223044 -0.07744922 0.63701913
v -0.05223747 -0.07760150 0.63703494
v -0.04805613 -0.07745820 0.64435333
v -0.02224678 -0.07744612 0.66550857
v -0.02979155 -0.07760276 0.66172529
v -0.02224852 -0.07760150 0.66552328
v -0.02224678 -0.07744612 0.66550857
v -0.02224852 -0.07760150 0.66552328
v -0.01422975 -0.07745804 0.66818889
v -0.00591640 -0.07744909 0.66965238
v -0.01422975 -0.07745804 0.66818889
v -0.00589101 -0.07760140 0.66966910
v -0.00591640 -0.07744909 0.66965238
v -0.00589101 -0.07760140 0.66966910
v 0.00252495 -0.07760195 0.66991800
v 0.03402171 -0.07744608 0.65890013
v 0.02685640 -0.07760203 0.66336669
v 0.03403362 -0.07760148 0.65890905
v 0.03402171 -0.07744608 0.65890013
v 0.03403362 -0.07760148 0.65890905
v 0.04047279 -0.07744916 0.65345312
v 0.04047279 -0.07744916 0.65345312
v 0.03403362 -0.07760148 0.65890905
v 0.04049021 -0.07760147 0.65345453
v 0.04047279 -0.07744916 0.65345312
v 0.04049021 -0.07760147 0.65345453
v 0.04606653 -0.07745820 0.64713430
v -0.00589101 -0.07760140 0.66966910
v -0.00000003 -0.07760120 0.66996719
v 0.00252495 -0.07760195 0.66991800
v 0.01091300 -0.07745819 0.66892704
v 0.00252495 -0.07760195 0.66991800
v 0.01093275 -0.07760120 0.66892552
v 0.01091300 -0.07745819 0.66892704
v 0.01093275 -0.07760120 0.66892552
v 0.01910215 -0.07760203 0.66673036
v 0.04606653 -0.07745820 0.64713430
v 0.04049021 -0.07760147 0.65345453
v 0.04608030 -0.07760119 0.64711977
v 0.04606653 -0.07745820 0.64713430
v 0.04608030 -0.07760119 0.64711977
v 0.05068041 -0.07745820 0.64005327
v 0.05068041 -0.07745820 0.64005327
v 0.04608030 -0.07760119 0.64711977
v 0.05069191 -0.07760119 0.64003698
v 0.05068041 -0.07745820 0.64005327
v 0.05069191 -0.07760119 0.64003698
v 0.05423037 -0.07760202 0.63235336
v 0.05659682 -0.07745808 0.62424507
v 0.05423037 -0.07760202 0.63235336
v 0.05659864 -0.07760119 0.62424708
v 0.05659682 -0.07745808 0.62424507
v 0.05659864 -0.07760119 0.62424708
v 0.05776596 -0.07746200 0.61588489
v 0.05776786 -0.07760119 0.61587652
v 0.05776596 -0.07746200 0.61588489
v 0.05776786 -0.07760119 0.61587652
v 0.05770729 -0.07760147 0.60742149
v 0.03987252 -0.07745802 0.57010393
v 0.04556246 -0.07760272 0.57634182
v 0.03987515 -0.07760120 0.57010331
v 0.03987252 -0.07745802 0.57010393
v 0.03987515 -0.07760120 0.57010331
v 0.03334528 -0.07746200 0.56475078
v 0.03334528 -0.07746200 0.56475078
v 0.03987515 -0.07760120 0.57010331
v 0.03333919 -0.07760120 0.56474474
v 0.03334528 -0.07746200 0.56475078
v 0.03333919 -0.07760120 0.56474474
v 0.02610928 -0.07745819 0.56040581
v 0.02609268 -0.07760120 0.56039494
v 0.02610928 -0.07745819 0.56040581
v 0.02609268 -0.07760120 0.56039494
v 0.01828302 -0.07760276 0.55713345
v -0.04851461 -0.07745811 0.58048843
v -0.04340278 -0.07760150 0.57376007
v -0.04851560 -0.07760122 0.58048587
v -0.04851461 -0.07745811 0.58048843
v -0.04851560 -0.07760122 0.58048587
v -0.05260082 -0.07760151 0.58788879
v -0.05788928 -0.07745823 0.61247917
v -0.05733841 -0.07760151 0.60406833
v -0.05789137 -0.07760123 0.61249882
v -0.05788928 -0.07745823 0.61247917
v -0.05789137 -0.07760123 0.61249882
v -0.05721657 -0.07760204 0.62093115
v -0.04805613 -0.07745820 0.64435333
v -0.05223747 -0.07760150 0.63703494
v -0.04804697 -0.07760122 0.64437103
v -0.04805613 -0.07745820 0.64435333
v -0.04804697 -0.07760122 0.64437103
v -0.04284411 -0.07745826 0.65100656
v -0.04284411 -0.07745826 0.65100656
v -0.04804697 -0.07760122 0.64437103
v -0.04283251 -0.07760122 0.65102255
v -0.04284411 -0.07745826 0.65100656
v -0.04283251 -0.07760122 0.65102255
v -0.03671908 -0.07745827 0.65682967
v -0.03671908 -0.07745827 0.65682967
v -0.04283251 -0.07760122 0.65102255
v -0.03670515 -0.07760122 0.65684389
v -0.03671908 -0.07745827 0.65682967
v -0.03670515 -0.07760122 0.65684389
v -0.02979155 -0.07760276 0.66172529
v -0.01422975 -0.07745804 0.66818889
v -0.02224852 -0.07760150 0.66552328
v -0.01423184 -0.07760121 0.66819060
v -0.01422975 -0.07745804 0.66818889
v -0.01423184 -0.07760121 0.66819060
v -0.00589101 -0.07760140 0.66966910
f 1 2 3
f 4 5 6
f 7 8 9
f 10 11 12
f 13 14 15
f 16 17 18
f 19 20 21
f 22 23 24
f 25 26 27
f 28 29 30
f 31 32 33
f 34 35 36
f 37 38 39
f 40 41 42
f 43 44 45
f 46 47 48
f 49 50 51
f 52 53 54
f 55 56 57
f 58 59 60
f 61 62 63
f 64 65 66
f 67 68 69
f 70 61 71
f 72 73 74
f 75 76 77
f 78 70 79
f 78 80 81
f 82 83 84
f 85 86 87
f 81 88 89
f 90 91 92
f 93 94 95
f 89 96 97
f 98 99 100
f 101 102 103
f 104 105 106
f 107 108 109
f 110 111 112
f 97 113 114
f 105 115 116
f 117 118 119
f 120 121 122
f 123 116 124
f 123 125 126
f 127 128 129
f 130 131 132
f 126 133 134
f 135 136 137
f 138 139 140
f 141 142 143
f 144 145 146
f 147 148 149
f 134 150 148
f 151 152 153
f 154 155 156
f 157 158 159
f 160 161 162
f 163 164 165
f 166 167 168
f 169 170 171
f 172 173 174
f 175 176 177
f 171 178 179
f 180 181 182
f 183 184 185
f 179 186 187
f 188 189 190
f 191 192 193
f 187 194 195
f 196 197 198
f 199 200 201
f 195 202 203
f 204 205 206
f 207 208 209
f 210 211 212
f 213 214 215
f 216 217 218
f 203 219 217
f 220 221 222
f 223 224 225
f 226 227 228
f 229 230 231
f 232 233 234
f 235 236 237
f 238 239 240
f 241 242 243
f 244 245 246
f 240 247 248
f 249 250 251
f 252 253 254
f 248 255 256
f 257 258 259
f 260 261 262
f 256 263 264
f 265 266 267
f 268 269 270
f 264 271 272
f 273 274 275
f 276 277 278
f 279 280 281
f 282 283 284
f 285 286 287
f 272 288 286
f 289 290 291
f 292 293 294
f 295 296 297
f 298 299 300
f 301 302 303
f 303 302 304
f 305 306 307
f 308 309 310
f 311 312 313
f 314 315 316
f 317 318 319
f 320 321 322
f 323 324 325
f 326 327 328
f 329 330 331
f 332 333 334
f 335 336 337
f 338 339 340
f 341 342 343
f 344 345 346
f 347 348 349
f 350 351 352
f 353 354 355
f 356 357 358
f 359 360 361
f 361 360 362
f 363 364 365
f 365 364 366
f 367 368 369
f 370 371 372
f 373 374 375
f 376 377 378
f 379 380 381
f 382 383 384
f 385 386 387
f 388 389 390
f 391 392 393
f 394 395 396
f 397 398 399
f 400 401 402
f 403 404 405
f 406 407 408
f 409 410 411
f 412 413 414
f 415 416 417
f 417 416 418
f 419 420 421
f 422 423 424
f 425 426 427
f 427 426 428
f 429 430 431
f 432 433 434
f 435 436 437
f 438 439 440
f 441 442 443
f 444 445 446
f 447 448 449
f 450 451 452
f 453 454 455
f 456 457 458
f 459 460 461
f 462 463 464
f 465 466 467
f 468 469 470
f 471 472 473
f 473 472 474
f 475 476 477
f 477 476 478
f 479 480 481
f 482 483 484
f 485 486 487
f 488 489 490
f 491 492 493
f 494 495 496
f 497 498 499
f 499 498 500
f 501 502 503
f 503 502 504
f 505 506 507
f 508 509 510
f 511 512 513
f 514 515 516
f 517 518 519
f 520 521 522
f 523 524 525
f 526 527 528
f 529 530 531
f 532 533 534
f 535 536 537
f 538 539 540
f 541 542 543
f 544 545 546
f 547 548 549
f 550 551 552
f 553 554 555
f 556 557 558
f 559 560 561
f 562 563 564
f 565 566 567
f 568 569 570
f 571 572 573
f 574 544 546
f 575 576 577
f 578 579 580
f 581 582 583
f 584 585 586
f 587 588 589
f 590 591 592
f 593 594 595
f 596 597 598
f 599 600 601
f 602 603 604
f 605 606 607
f 608 565 567
f 609 610 611
f 612 613 614
f 615 616 617
f 618 619 620
f 621 622 623
f 624 625 626
f 627 628 629
f 630 631 632
f 633 634 635
f 636 637 638
f 639 640 641
f 642 643 644
f 645 646 647
f 648 649 650
f 651 652 653
f 654 655 656
f 657 658 659
f 660 661 662
f 663 664 665
f 666 667 668
f 669 670 671
f 672 673 674
f 675 676 677
f 678 679 680
f 681 682 683
f 684 685 686
f 687 688 689
f 690 691 692
f 693 694 695
f 696 697 698
f 699 700 701
f 702 703 704
f 705 706 707
f 708 709 710
f 711 712 713
f 714 715 716
f 717 718 719
f 720 721 722
f 723 724 725
f 726 727 728
f 729 730 731
f 732 733 734
f 735 736 737
f 738 739 740
f 741 742 743
f 744 745 746
f 747 748 749
f 750 751 752
f 753 754 755
f 756 757 758
f 759 760 761
f 762 763 764
f 765 766 767
f 768 769 770
f 771 772 773
f 774 775 776
f 777 778 779
f 780 781 782
f 783 784 785
f 786 787 788
f 789 790 791
f 792 793 794
f 795 796 797
f 798 799 800
f 801 802 803
f 804 805 806
f 807 808 809
f 810 811 812
f 812 811 813
f 814 815 816
f 817 818 819
f 820 821 822
f 823 824 825
f 826 827 828
f 829 830 831
f 832 833 834
f 835 836 837
f 838 839 840
f 841 842 843
f 840 844 838
f 845 692 691
f 846 847 848
f 849 850 851
f 852 853 854
f 855 856 857
f 858 859 860
f 861 862 863
f 864 865 866
f 867 868 869
f 870 871 872
f 873 874 875
f 876 877 878
f 879 880 881
f 882 883 884
f 885 886 887
f 888 889 890
f 891 892 893
f 894 895 896
f 897 898 899
f 900 901 902
f 903 904 905
f 906 907 908
f 909 910 911
f 912 913 914
f 915 716 715
f 916 917 918
f 919 920 921
f 922 923 924
f 925 926 927
f 928 929 930
f 931 932 933
f 934 935 936
f 937 938 939
f 940 941 942
f 943 944 945
f 946 947 948
f 949 950 951
f 952 953 954
f 955 956 957
f 958 959 960
f 961 962 963
f 964 965 966
f 967 968 969
f 970 971 972
f 973 974 975
f 976 977 978
f 979 764 763
f 980 981 982
f 983 984 985
f 986 987 988
f 989 990 991
f 992 993 994
f 995 996 997
f 998 999 1000
f 1001 1002 1003
f 1004 1005 1006
f 1007 1008 1009
f 1010 1011 1012
f 1013 1014 1015
f 1016 1017 1018
f 1019 1020 1021
f 1022 1023 1024
f 1025 1026 1027
f 1028 1029 1030
f 1031 1032 1033
f 1034 1035 1036
f 1037 1038 1039
f 1040 1041 1042
f 1043 1044 1045
f 1046 1047 1048
f 1049 1050 1051
f 1051 1050 1052
f 1053 1054 1055
f 1055 1054 1056
f 1057 1058 1059
f 1060 1061 1062
f 1063 1064 1065
f 1065 1064 1066
f 1067 1068 1069
f 1070 1071 1072
f 1073 1074 1075
f 1075 1074 1076
f 1077 1078 1079
f 1080 1081 1082
f 1083 1084 1085
f 1086 1087 1088
f 1089 1090 1091
f 1092 1093 1094
f 1095 1096 1097
f 1098 1099 1100
f 1101 1102 1103
f 1103 1102 1104
f 1105 1106 1107
f 1107 1106 1108
f 1109 1110 1111
f 1112 1113 1114
f 1115 1116 1117
f 1118 1119 1120
f 1121 1122 1123
f 1124 1125 1126
f 1127 1128 1129
f 1130 1131 1132
f 1133 1134 1135
f 1136 1137 1138
f 1139 1140 1141
f 1141 1140 1142
f 1143 1144 1145
f 1146 1147 1148
f 1149 1150 1151
f 1151 1150 1152
f 1153 1154 1155
f 1156 1157 1158
f 1159 1160 1161
f 1161 1160 1162
f 1163 1164 1165
f 1166 1167 1168
f 1169 1170 1171
f 1172 1173 1174
f 1175 1176 1177
f 1178 1179 1180
f 1181 1182 1183
f 1184 1185 1186
f 1187 1188 1189
f 1190 1191 1192
f 1193 1194 1195
f 1196 1197 1198
f 1199 1200 1201
f 1201 1200 1202
f 1203 1204 1205
f 1205 1204 1206
f 1207 1208 1209
f 1209 1208 1210
f 1211 1212 1213
f 1214 1215 1216
f 1217 1218 1219
f 1220 1221 1222
f 1223 1224 1225
f 1226 1227 1228
f 1229 1230 1231
f 1232 1233 1234
f 1235 1236 1237
f 1238 1239 1240
f 1241 1242 1243
f 1244 1245 1246
f 1247 1248 1249
f 1250 1251 1252
f 1253 1254 1255
f 1256 1257 1258
f 1259 1260 1261
f 1262 1263 1264
f 1265 1266 1267
f 1267 1266 1268
f 1269 1270 1271
f 1272 1273 1274
f 1275 1276 1277
f 1277 1276 1278
f 1279 1280 1281
f 1282 1283 1284
f 1285 1286 1287
f 1287 1286 1288
f 1289 1290 1291
f 1292 1293 1294
f 1295 1296 1297
f 1298 1299 1300
f 1301 1302 1303
f 1304 1305 1306
f 1307 1308 1309
f 1310 1311 1312
f 1313 1314 1315
f 1316 1317 1318
f 1319 1320 1321
f 1321 1320 1322
f 1323 1324 1325
f 1326 1327 1328
f 1329 1330 1331
f 1331 1330 1332
f 1333 1334 1335
f 1336 1337 1338
f 1339 1340 1341
f 1341 1340 1342
f 1343 1344 1345
f 1346 1347 1348
f 1349 1350 1351
f 1352 1353 1354
f 1355 1356 1357
f 1357 1356 1358
f 1359 1360 1361
f 1362 1363 1364
f 1365 1366 1367
f 1368 1369 1370
f 1371 1372 1373
f 1373 1372 1374
f 1375 1376 1377
f 1378 1379 1380
f 1381 1382 1383
f 1384 1385 1386
f 1387 1388 1389
f 1389 1388 1390
f 1391 1392 1393
f 1393 1392 1394
f 1395 1396 1397
f 1398 1399 1400
f 1401 1402 1403
f 1404 1405 1406
f 1407 1408 1409
f 1410 1411 1412
f 1413 1414 1415
f 1416 1417 1418
f 1419 1420 1421
f 1422 1423 1424
f 1425 1426 1427
f 1427 1426 1428
f 1429 1430 1431
f 1432 1433 1434
f 1435 1436 1437
f 1437 1436 1438
f 1439 1440 1441
f 1442 1443 1444
f 1445 1446 1447
f 1447 1446 1448
f 1449 1450 1451
f 1452 1453 1454
f 1455 1456 1457
f 1458 1459 1460
f 1461 1462 1463
f 1463 1462 1464
f 1465 1466 1467
f 1468 1469 1470
f 1471 1472 1473
f 1474 1475 1476
f 1477 1478 1479
f 1479 1478 1480
f 1481 1482 1483
f 1483 1482 1484
f 1485 1486 1487
f 1487 1486 1488
f 1489 1490 1491
f 1491 1490 1492
f 1493 1494 1495
f 1495 1494 1496
f 1497 1498 1499
f 1499 1498 1500
f 1501 1502 1503
f 1503 1502 1504
f 1505 1506 1507
f 1507 1506 1508
f 1509 1510 1511
f 1511 1510 1512
f 1513 1514 1515
f 1513 1515 1516
f 1517 1518 1519
f 1519 1518 1520
f 1521 1522 1523
f 1523 1522 1524
f 1525 1526 1527
f 1525 1527 1528
f 1529 1530 1531
f 1531 1530 1532
f 1533 1534 1535
f 1533 1535 1536
f 1537 1538 1539
f 1539 1538 1540
f 1541 1542 1543
f 1541 1543 1544
f 1545 1546 1547
f 1547 1546 1548
f 1549 1550 1551
f 1551 1550 1552
f 1553 1554 1555
f 1555 1554 1556
f 1557 1558 1559
f 1559 1558 1560
f 1561 1562 1563
f 1563 1562 1564
f 1565 1566 1567
f 1567 1566 1568
f 1569 1570 1571
f 1571 1570 1572
f 1573 1574 1575
f 1575 1574 1576
f 1577 1578 1579
f 1579 1578 1580
f 1581 1582 1583
f 1583 1582 1584
f 1585 1586 1587
f 1587 1586 1588
f 1589 1590 1591
f 1591 1590 1592
f 1593 1594 1595
f 1595 1594 1596
f 1597 1598 1599
f 1599 1598 1600
f 1601 1602 1603
f 1603 1602 1604
f 1605 1606 1607
f 1607 1606 1608
f 1609 1610 1611
f 1611 1610 1612
f 1613 1614 1615
f 1615 1614 1616
f 1617 1618 1619
f 1619 1618 1620
f 1621 1622 1623
f 1623 1622 1624
f 1625 1626 1627
f 1627 1626 1628
f 1629 1630 1631
f 1631 1630 1632
f 1633 1634 1635
f 1635 1634 1636
f 1637 1638 1639
f 1640 1641 1642
f 1643 1644 1645
f 1646 1647 1648
f 1649 1650 1651
f 1652 1653 1654
f 1655 1656 1657
f 1658 1659 1660
f 1661 1662 1663
f 1664 1665 1666
f 1667 1668 1669
f 1670 1671 1672
f 1673 1674 1675
f 1676 1677 1678
f 1679 1680 1681
f 1682 1683 1684
f 1685 1686 1687
f 1688 1689 1690
f 1691 1692 1693
f 1694 1695 1696
f 1697 1698 1699
f 1700 1701 1702
f 1703 1704 1705
f 1706 1707 1708
f 1709 1710 1711
f 1712 1713 1714
f 1715 1716 1717
f 1718 1719 1720
f 1721 1722 1723
f 1724 1725 1726
f 1727 1728 1729
f 1730 1731 1732
f 1733 1734 1735
f 1736 1737 1738
f 1739 1740 1741
f 1739 1741 1742
f 1743 1744 1745
f 1746 1747 1748
f 1749 1750 1751
f 1749 1751 1752
f 1753 1754 1755
f 1756 1757 1758
f 1759 1760 1761
f 1759 1761 1762
f 1763 1764 1765
f 1766 1767 1768
f 1769 1770 1771
f 1772 1773 1774
f 1775 1776 1777
f 1775 1777 1778
f 1779 1780 1781
f 1782 1783 1784
f 1785 1786 1787
f 1788 1789 1790
f 1791 1792 1793
f 1794 1795 1796
f 1797 1798 1799
f 1797 1799 1800
f 1801 1802 1803
f 1804 1805 1806
f 1807 1808 1809
f 1810 1811 1812
f 1813 1814 1815
f 1816 1817 1818
f 1637 1639 1819
f 1820 1821 1822
f 1823 1824 1825
f 1640 1642 1826
f 1827 1828 1829
f 1830 1831 1832
f 1833 1834 1835
f 1836 1837 1838
f 1649 1651 1839
f 1840 1841 1842
f 1840 1842 1843
f 1661 1663 1844
f 1845 1846 1847
f 1848 1849 1850
f 1664 1666 1851
f 1852 1853 1854
f 1855 1856 1857
f 1676 1678 1858
f 1859 1860 1861
f 1862 1863 1864
f 1679 1681 1865
f 1866 1867 1868
f 1869 1870 1871
f 1872 1873 1874
f 1875 1876 1877
f 1878 1879 1880
f 1881 1882 1883
f 1884 1885 1886
f 1887 1888 1889
f 1890 1891 1892
f 1893 1894 1895
f 1896 1897 1898
f 1899 1900 1901
f 1902 1903 1904
f 1905 1906 1907
f 1908 1909 1910
f 1911 1912 1913
f 1914 1915 1916
f 1917 1918 1919
f 1920 1921 1922
f 1923 1924 1925
f 1926 1927 1928
f 1929 1930 1931
f 1932 1933 1934
f 1935 1936 1937
f 1938 1939 1940
f 1938 1940 1941
f 1942 1943 1944
f 1945 1946 1947
f 1948 1949 1950
f 1951 1952 1953
f 1954 1955 1956
f 1957 1958 1959
f 1960 1961 1962
f 1963 1964 1965
f 1966 1967 1968
f 1969 1970 1971
f 1972 1973 1974
f 1975 1976 1977
f 1978 1979 1980
f 1981 1982 1983
f 1984 1985 1986
f 1987 1988 1989
f 1670 1672 1990
f 1991 1992 1993
f 1994 1995 1996
f 1997 1998 1999
f 2000 2001 2002
f 2003 2004 2005
f 2006 2007 2008
f 2009 2010 2011
f 2012 2013 2014
f 2015 2016 2017
f 2018 2019 2020
f 2021 2022 2023
f 2024 2025 2026
f 2027 2028 2029
f 2030 2031 2032
f 2033 2034 2035
f 2033 2035 2036
f 1685 1687 2037
f 2038 2039 2040
f 2041 2042 2043
f 2044 2045 2046
f 2047 2048 2049
f 2050 2051 2052
f 2053 2054 2055
f 2056 2057 2058
f 2059 2060 2061
f 2062 2063 2064
f 2065 2066 2067
f 2068 2069 2070
f 2071 2072 2073
f 2074 2075 2076
f 2077 2078 2079
f 2080 2081 2082
f 2083 2084 2085
f 2086 2087 2088
f 2089 2090 2091
f 2092 2093 2094
f 2092 2094 2095
f 2096 2097 2098
f 2096 2098 2099
f 2100 2101 2102
f 2100 2102 2103
f 2104 2105 2106
f 2107 2108 2109
f 2110 2111 2112
f 2113 2114 2115
f 2116 2117 2118
f 2119 2120 2121
f 2122 2123 2124
f 2125 2126 2127
f 2128 2129 2130
f 2128 2130 2131
f 2132 2133 2134
f 2135 2136 2137
f 2138 2139 2140
f 2138 2140 2141
f 2142 2143 2144
f 2142 2144 2145
f 2146 2147 2148
f 2146 2148 2149
f 2150 2151 2152
f 2150 2152 2153
f 2154 2155 2156
f 2157 2158 2159
f 2160 2161 2162
f 2163 2164 2165
f 2166 2167 2168
f 2166 2168 2169
f 2170 2171 2172
f 2173 2174 2175
f 2176 2177 2178
f 2176 2178 2179
f 2180 2181 2182
f 2183 2184 2185
f 2186 2187 2188
f 2186 2188 2189
f 2190 2191 2192
f 2190 2192 2193
f 2194 2195 2196
f 2197 2198 2199
f 2200 2201 2202
f 2200 2202 2203
f 2204 2205 2206
f 2207 2208 2209
f 2210 2211 2212
f 2213 2214 2215
f 2216 2217 2218
f 2216 2218 2219
f 2220 2221 2222
f 2223 2224 2225
f 2226 2227 2228
f 2226 2228 2229
f 2230 2231 2232
f 2233 2234 2235
f 2236 2237 2238
f 2239 2240 2241
f 2242 2243 2244
f 2245 2246 2247
f 2248 2249 2250
f 2251 2252 2253
f 2053 2254 2054
f 2255 2256 2257
f 2258 2259 2260
f 2261 2262 2263
f 2264 2265 2266
f 2264 2266 2267
f 2268 2269 2270
f 2268 2270 2271
f 2272 2273 2274
f 2272 2274 2275
f 2276 2277 2278
f 2276 2278 2279
f 2280 2281 2282
f 2283 2284 2285
f 2286 2287 2288
f 2286 2288 2289
f 2290 2291 2292
f 2293 2294 2295
f 2296 2297 2298
f 2299 2300 2301
f 2302 2303 2304
f 2305 2306 2307
f 2308 2309 2310
f 2311 2312 2313
f 2314 2315 2316
f 2314 2316 2317
f 2318 2319 2320
f 2321 2322 2323
f 2324 2325 2326
f 2324 2326 2327
f 2328 2329 2330
f 2331 2332 2333
f 2334 2335 2336
f 2334 2336 2337
f 2338 2339 2340
f 2341 2342 2343
f 2344 2345 2346
f 2347 2348 2349
f 2350 2351 2352
f 2350 2352 2353
f 2354 2355 2356
f 2357 2358 2359
f 2360 2361 2362
f 2363 2364 2365
f 2366 2367 2368
f 2366 2368 2369
f 2370 2371 2372
f 2373 2374 2375
f 2376 2377 2378
f 2376 2378 2379
f 2380 2381 2382
f 2383 2384 2385
f 2386 2387 2388
f 2389 2390 2391
f 2392 2393 2394
f 2392 2394 2395
f 2396 2397 2398
f 2399 2400 2401
f 2402 2403 2404
f 2402 2404 2405
f 2406 2407 2408
f 2406 2408 2409
f 2410 2411 2412
f 2410 2412 2413
f 2414 2415 2416
f 2414 2416 2417
f 2418 2419 2420
f 2418 2420 2421
f 2422 2423 2424
f 2425 2426 2427
f 2428 2429 2430
f 2428 2430 2431
f 2432 2433 2434
f 2435 2436 2437
f 2438 2439 2440
f 2441 2442 2443
f 2444 2445 2446
f 2447 2448 2449
f 2450 2451 2452
f 2450 2452 2453
f 2261 2454 2262
f 2455 2456 2457
f 2458 2459 2460
f 2461 2462 2463
f 2464 2465 2466
f 2467 2468 2469
f 2470 2471 2472
f 2473 2474 2475
f 2476 2477 2478
f 2479 2480 2481
f 2482 2483 2484
f 2485 2486 2487
f 2488 2489 2490
f 2491 2492 2493
f 2494 2495 2496
f 2497 2498 2499
f 2500 2501 2502
f 2503 2504 2505
f 2506 2507 2508
f 2509 2510 2511
f 2512 2513 2514
f 2515 2516 2517
f 2518 2519 2520
f 2521 2522 2523
f 2524 2525 2526
f 2527 2528 2529
f 2530 2531 2532
f 2533 2534 2535
f 2536 2537 2538
f 2539 2540 2541
f 2542 2543 2544
f 2545 2546 2547
f 2548 2549 2550
f 2551 2552 2553
f 2554 2555 2556
f 2557 2558 2559
f 2560 2561 2562
f 2563 2564 2565
f 2566 2567 2568
f 2569 2570 2571
f 2572 2573 2574
f 2575 2576 2577
f 2578 2579 2580
f 2581 2582 2583
f 2584 2585 2586
f 2587 2588 2589
f 2590 2591 2592
f 2593 2594 2595
f 2596 2597 2598
f 2599 2600 2601
f 2602 2603 2604
f 2605 2606 2607
f 2608 2609 2610
f 2611 2612 2613
f 2614 2615 2616
f 2617 2618 2619
f 2620 2621 2622
f 2623 2624 2625
f 2626 2627 2628
f 2629 2630 2631
f 2632 2633 2634
f 2635 2636 2637
f 2638 2639 2640
f 2641 2642 2643
f 2644 2645 2646
f 2647 2648 2649
f 2650 2651 2652
f 2653 2654 2655
f 2656 2657 2658
f 2659 2660 2661
f 2662 2663 2664
f 2665 2666 2667
f 2668 2669 2670
f 2671 2672 2673
f 2674 2675 2676
f 2677 2678 2679
f 2680 2681 2682
f 2683 2684 2685
f 2686 2687 2688
f 2686 2688 2689
f 2690 2691 2692
f 2693 2694 2695
f 2696 2697 2698
f 2699 2700 2701
f 2701 2700 2702
f 2703 2704 2705
f 2706 2707 2708
f 2709 2710 2711
f 2712 2713 2714
f 2715 2716 2717
f 2718 2719 2720
f 2721 2722 2723
f 2724 2725 2726
f 2727 2728 2729
f 2730 2731 2732
f 2733 2734 2735
f 2736 2737 2738
f 2739 2740 2741
f 2742 2743 2744
f 2745 2746 2747
f 2748 2749 2750
f 2751 2752 2753
f 2754 2755 2756
f 2757 2758 2759
f 2759 2758 2760
f 2761 2762 2763
f 2763 2762 2764
f 2765 2766 2767
f 2768 2769 2770
f 2771 2772 2773
f 2773 2772 2774
f 2775 2776 2777
f 2778 2779 2780
f 2781 2782 2783
f 2784 2785 2786
f 2787 2788 2789
f 2790 2791 2792
f 2793 2794 2795
f 2796 2797 2798
f 2799 2800 2801
f 2802 2803 2804
f 2805 2806 2807
f 2808 2809 2810
f 2811 2812 2813
f 2814 2815 2816
f 2817 2818 2819
f 2820 2821 2822
f 2823 2824 2825
f 2826 2827 2828
f 2829 2830 2831
f 2832 2833 2834
f 2835 2836 2837
f 2835 2837 2838
f 2839 2840 2841
f 2842 2843 2844
f 2845 2846 2847
f 2848 2849 2850
f 2851 2852 2853
f 2854 2855 2856
f 2857 2858 2859
f 2860 2861 2862
f 2863 2864 2865
f 2866 2867 2868
f 2869 2870 2871
f 2871 2870 2872
f 2873 2874 2875
f 2875 2874 2876
f 2877 2878 2879
f 2880 2881 2882
f 2883 2884 2885
f 2886 2887 2888
f 2889 2890 2891
f 2892 2893 2894
f 2895 2896 2897
f 2898 2899 2900
f 2901 2902 2903
f 2904 2905 2906
f 2907 2908 2909
f 2910 2911 2912
f 2913 2914 2915
f 2916 2917 2918
f 2919 2920 2921
f 2922 2923 2924
f 2925 2926 2927
f 2928 2929 2930
f 2931 2932 2933
f 2934 2935 2936
f 2937 2938 2939
f 2940 2941 2942
f 2943 2944 2945
f 2946 2947 2948
f 2949 2950 2951
f 2952 2953 2954
f 2955 2956 2957
f 2958 2959 2960
f 2961 2962 2963
f 2964 2965 2966
f 2967 2968 2969
f 2970 2971 2972
f 2973 2974 2975
f 2976 2977 2978
f 2979 2980 2981
f 2982 2983 2984
f 2985 2986 2987
f 2988 2989 2990
f 2991 2992 2993
f 2994 2995 2996
f 2997 2998 2999
f 3000 3001 3002
f 3003 2964 3004
f 3005 3006 3007
f 3008 3009 3010
f 3011 2973 3012
f 3013 3014 3015
f 3016 3017 3018
f 3019 3020 3021
f 3022 3023 3024
f 3025 3026 3027
f 3028 3029 3030
f 3031 3032 3033
f 3034 3035 3036
f 3037 3003 3038
f 3039 3040 3041
f 3042 3043 3044
f 3045 3011 3046
f 3047 3048 3049
f 3050 3051 3052
f 3053 3054 3055
f 3056 3057 3058
f 3059 3060 3061
f 3062 3063 3064
f 3065 3066 3067
f 3068 3069 3070
f 3071 3072 3073
f 3074 3075 3076
f 3077 3078 3079
f 3080 3081 3082
f 3083 3084 3085
f 3086 3087 3088
f 3089 3090 3091
f 3092 3093 3094
f 3095 3096 3097
f 3098 3099 3100
f 3101 3102 3103
f 3104 3105 3106
f 3107 3108 3109
f 3110 3111 3112
f 3113 3114 3115
f 3116 3117 3118
f 3119 3054 3120
f 3121 3055 3122
f 3123 3124 3125
f 3126 3127 3128
f 3129 3130 3131
f 3132 3133 3134
f 3135 3136 3137
f 3138 3139 3140
f 3141 3142 3143
f 3144 3145 3146
f 3147 3148 3149
f 3150 3151 3152
f 3153 3154 3155
f 3156 3069 3157
f 3158 3070 3028
f 3159 3160 3161
f 3162 3163 3164
f 3165 3166 3167
f 3168 3169 3170
f 3171 3172 3173
f 3174 3175 3176
f 3177 3178 3179
f 3180 3181 3182
f 3183 3184 3185
f 3186 3187 3188
f 3189 3190 3191
f 3192 3084 3193
f 3194 3085 3037
f 3195 3196 3197
f 3198 3199 3200
f 3201 2965 3202
f 3203 3204 3205
f 3206 3207 3208
f 3209 3210 3211
f 3212 3213 3214
f 3215 3216 3217
f 3218 3219 3220
f 3221 3222 3223
f 3224 3225 3226
f 3227 3099 3228
f 3229 3100 3045
f 3230 3231 3232
f 3233 3234 3235
f 3236 2974 3237
f 3238 3239 3240
f 3241 3242 3243
f 3244 3245 3246
f 3247 3248 3249
f 3250 3251 3252
f 3253 3254 3255
f 3256 3257 3258
f 3259 3260 3261
f 3262 3263 3264
f 3265 3266 3267
f 3268 3269 3270
f 3271 3272 3273
f 3274 3275 3276
f 3277 3278 3279
f 3280 3281 3282
f 3283 3284 3285
f 3286 3287 3288
f 3289 3290 3291
f 3292 3293 3294
f 3295 3296 3297
f 3298 3299 3300
f 3301 3302 3303
f 3304 3305 3306
f 3307 3308 3309
f 3310 3311 3312
f 3313 3314 3315
f 3316 3317 3318
f 3319 3320 3321
f 3322 3323 3324
f 3325 3326 3327
f 3328 3329 3330
f 3331 3332 3333
f 3334 3335 3336
f 3337 3338 3339
f 3340 3341 3342
f 3343 3344 3345
f 3346 3347 3348
f 3349 3350 3351
f 3352 3353 3354
f 3355 3356 3357
f 3358 3359 3360
f 3361 3362 3363
f 3364 3365 3366
f 3367 3368 3369
f 3370 3371 3372
f 3373 3374 3375
f 3376 3377 3378
f 3379 3380 3381
f 3382 3383 3384
f 3385 3386 3387
f 3388 3389 3390
f 3391 3392 3393
f 3394 3395 3396
f 3397 3398 3396
f 3399 3400 3401
f 3402 3403 3404
f 3405 3406 3407
f 3408 3409 3410
f 3411 3412 3413
f 3414 3407 3415
f 3416 3417 3418
f 3419 3420 3421
f 3422 3423 3424
f 3425 3426 3424
f 3427 3428 3429
f 3430 3431 3432
f 3433 3434 3435
f 3436 3437 3438
f 3439 3440 3441
f 3442 3443 3444
f 3445 3446 3447
f 3448 3449 3447
f 3450 3451 3452
f 3453 3454 3455
f 3449 3456 3457
f 3458 3459 3460
f 3461 3462 3463
f 3464 3465 3466
f 3467 3468 3469
f 3470 3471 3472
f 3473 3474 3475
f 3459 3476 3477
f 3478 3479 3480
f 3481 3482 3483
f 3484 3485 3486
f 3487 3488 3489
f 3490 3491 3492
f 3486 3493 3494
f 3495 3496 3497
f 3498 3499 3500
f 3494 3501 3502
f 3503 3504 3505
f 3502 3506 3507
f 3508 3509 3510
f 3511 3512 3513
f 3514 3515 3516
f 3514 3517 3518
f 3519 3520 3521
f 3522 3523 3524
f 3525 3526 3527
f 3518 3528 3526
f 3529 3530 3531
f 3532 3533 3534
f 3535 3536 3537
f 3538 3539 3540
f 3541 3542 3543
f 3537 3544 3545
f 3546 3547 3548
f 3549 3550 3551
f 3552 3553 3554
f 3555 3556 3557
f 3558 3559 3560
f 3561 3562 3563
f 3564 3565 3563
f 3566 3567 3568
f 3569 3570 3571
f 3565 3572 3573
f 3574 3575 3576
f 3577 3578 3579
f 3580 3581 3582
f 3580 3583 3584
f 3585 3586 3587
f 3588 3589 3590
f 3591 3592 3593
f 3594 3595 3596
f 3597 3598 3599
f 3599 3600 3601
f 3602 3603 3604
f 3605 3606 3607
f 3608 3601 3609
f 3610 3611 3612
f 3613 3614 3615
f 3616 3617 3618
f 3619 3620 3621
f 3622 3623 3624
f 3625 3626 3627
f 3628 3629 3630
f 3631 3632 3633
f 3634 3635 3636
f 3637 3638 3639
f 3640 3641 3642
f 3643 3644 3645
f 3646 3647 3648
f 3649 3650 3651
f 3652 3653 3654
f 3655 3656 3657
f 3658 3659 3660
f 3660 3659 3661
f 3662 3663 3664
f 3665 3666 3667
f 3668 3669 3670
f 3671 3672 3673
f 3674 3675 3676
f 3677 3678 3679
f 3680 3681 3682
f 3683 3684 3685
f 3686 3687 3688
f 3689 3690 3691
f 3692 3693 3694
f 3695 3696 3697
f 3698 3699 3700
f 3701 3702 3703
f 3704 3705 3706
f 3707 3708 3709
f 3710 3711 3712
f 3713 3714 3715
f 3716 3717 3718
f 3716 3718 3719
f 3720 3721 3722
f 3723 3724 3725
f 3726 3727 3728
f 3729 3730 3731
f 3732 3733 3734
f 3735 3736 3737
f 3738 3739 3740
f 3741 3742 3743
f 3744 3745 3746
f 3747 3748 3749
f 3750 3751 3752
f 3753 3754 3755
f 3756 3757 3758
f 3759 3760 3761
f 3762 3763 3764
f 3764 3763 3765
f 3766 3767 3768
f 3769 3770 3771
f 3772 3773 3774
f 3775 3776 3777
f 3778 3779 3780
f 3781 3782 3783
f 3784 3785 3786
f 3787 3788 3789
f 3790 3791 3792
f 3790 3792 3793
f 3794 3795 3796
f 3797 3798 3799
f 3800 3801 3802
f 3803 3804 3805
f 3806 3807 3808
f 3809 3810 3811
f 3812 3813 3814
f 3814 3813 3815
f 3816 3817 3818
f 3819 3820 3821
f 3822 3823 3824
f 3825 3826 3827
f 3828 3829 3830
f 3831 3832 3833
f 3834 3835 3836
f 3836 3835 3837
f 3838 3839 3840
f 3841 3842 3843
f 3844 3845 3846
f 3847 3848 3849
f 3850 3851 3852
f 3853 3854 3855
f 3856 3857 3858
f 3859 3860 3861
f 3862 3863 3864
f 3865 3866 3867
f 3868 3869 3870
f 3871 3872 3873
f 3874 3875 3876
f 3877 3878 3879
f 3880 3881 3882
f 3883 3884 3885
f 3886 3887 3888
f 3889 3890 3891
f 3892 3893 3894
f 3895 3896 3897
f 3898 3899 3900
f 3901 3902 3903
f 3904 3905 3906
f 3907 3908 3909
f 3910 3911 3912
f 3913 3914 3915
f 3916 3917 3918
f 3919 3920 3921
f 3922 3923 3924
f 3925 3926 3927
f 3928 3929 3930
f 3931 3932 3933
f 3934 3935 3936
f 3937 3938 3939
f 3940 3941 3942
f 3943 3944 3945
f 3946 3947 3948
f 3949 3950 3951
f 3952 3953 3954
f 3955 3956 3957
f 3958 3959 3960
f 3961 3962 3963
f 3964 3965 3966
f 3967 3968 3969
f 3970 3971 3972
f 3973 3974 3975
f 3976 3977 3978
f 3979 3980 3981
f 3982 3983 3984
f 3985 3986 3987
f 3988 3989 3990
f 3991 3992 3993
f 3994 3995 3996
f 3997 3998 3999
f 4000 4001 4002
f 4003 4004 4005
f 4006 4007 4008
f 4009 4010 4011
f 4012 4013 4014
f 4015 4016 4017
f 4018 4019 4020
f 4021 4022 4023
f 4024 4025 4026
f 4027 4028 4029
f 4030 4031 4032
f 4033 4034 4035
f 4036 4037 4038
f 4039 4040 4041
f 4042 4043 4044
f 4045 4046 4047
f 4048 4049 4050
f 4051 4052 4053
f 4054 4055 4056
f 4057 4058 4059
f 4060 4061 4062
f 4063 4064 4065
f 4066 4067 4068
f 4069 4070 4071
f 4072 4073 4074
f 4075 4076 4077
f 4078 4079 4080
f 4081 4082 4083
f 4084 4085 4086
f 4087 4088 4089
f 4090 4091 4092
f 4093 4094 4095
f 4096 4097 4098
f 4099 4100 4101
f 4102 4081 4083
f 4103 4104 4105
f 4106 4107 4108
f 4109 4110 4111
f 4112 4113 4114
f 4115 4116 4117
f 4118 4119 4120
f 4121 4122 4123
f 4124 4125 4126
f 4127 4128 4129
f 4130 4131 4132
f 4133 4134 4135
f 4136 4137 4138
f 4139 4140 4141
f 4142 4143 4144
f 4145 4146 4147
f 4148 4149 4150
f 4151 4152 4153
f 4154 4155 4156
f 4157 4158 4159
f 4160 4161 4162
f 4163 4164 4165
f 4166 4167 4168
f 4169 4170 4171
f 4172 4173 4174
f 4175 4176 4177
f 4178 4179 4180
f 4181 4182 4183
f 4184 4185 4186
f 4187 4188 4189
f 4190 4191 4192
f 4193 4194 4195
f 4196 4197 4198
f 4199 4200 4201
f 4202 4203 4204
f 4205 4206 4207
f 4208 4209 4210
f 4211 4212 4213
f 4214 4215 4216
f 4217 4218 4219
f 4220 4221 4222
f 4223 4224 4225
f 4226 4227 4228
f 4229 4230 4231
f 4232 4233 4234
f 4235 4236 4237
f 4238 4239 4240
f 4241 4242 4243
f 4244 4245 4246
f 4247 4248 4249
f 4250 4251 4252
f 4253 4254 4255
f 4256 4257 4258
f 4259 4260 4261
f 4262 4263 4264
f 4265 4266 4267
f 4268 4269 4270
f 4271 4272 4273
f 4274 4275 4276
f 4277 4278 4279
f 4280 4281 4282
f 4283 4284 4285
f 4286 4287 4288
f 4289 4290 4291
f 4292 4293 4294
f 4295 4296 4297
f 4298 4299 4300
f 4301 4302 4303
f 4304 4305 4306
f 4307 4308 4309
f 4310 4311 4312
f 4313 4314 4315
f 4316 4317 4318
f 4319 4320 4321
f 4322 4323 4324
f 4325 4326 4327
f 4328 4329 4330
f 4331 4332 4333
f 4334 4335 4336
f 4337 4338 4339
f 4340 4341 4342
f 4343 4344 4345
f 4346 4347 4348
f 4111 4349 4109
f 4350 4351 4352
f 4353 4354 4355
f 4356 4357 4358
f 4359 4360 4361
f 4362 4363 4364
f 4365 4366 4367
f 4368 4126 4125
f 4369 4370 4371
f 4372 4373 4374
f 4375 4376 4377
f 4378 4379 4380
f 4381 4382 4383
f 4384 4385 4386
f 4387 4388 4389
f 4390 4391 4392
f 4393 4394 4395
f 4396 4397 4398
f 4399 4400 4401
f 4402 4403 4404
f 4405 4406 4407
f 4408 4157 4159
f 4409 4410 4411
f 4412 4413 4414
f 4415 4416 4417
f 4418 4419 4420
f 4421 4422 4423
f 4424 4168 4167
f 4425 4426 4427
f 4428 4429 4430
f 4431 4432 4433
f 4434 4435 4436
f 4437 4438 4439
f 4440 4441 4442
f 4443 4444 4445
f 4446 4447 4448
f 4449 4450 4451
f 4452 4453 4454
f 4455 4456 4457
f 4458 4459 4460
f 4461 4462 4463
f 4464 4465 4466
f 4467 4468 4469
f 4470 4471 4472
f 4473 4474 4475
f 4476 4477 4478
f 4479 4480 4481
f 4482 4483 4484
f 4485 4486 4487
f 4488 4489 4490
f 4490 4489 4491
f 4492 4493 4494
f 4495 4496 4497
f 4498 4499 4500
f 4501 4502 4503
f 4504 4505 4506
f 4507 4508 4509
f 4510 4511 4512
f 4513 4514 4515
f 4516 4517 4518
f 4519 4520 4521
f 4522 4523 4524
f 4525 4526 4527
f 4528 4529 4530
f 4531 4532 4533
f 4534 4535 4536
f 4537 4538 4539
f 4540 4541 4542
f 4543 4544 4545
f 4546 4547 4548
f 4549 4550 4551
f 4552 4553 4554
f 4555 4556 4557
f 4558 4559 4560
f 4561 4562 4563
f 4564 4565 4566
f 4567 4568 4569
f 4570 4571 4572
f 4573 4574 4575
f 4576 4577 4578
f 4579 4580 4581
f 4582 4583 4584
f 4585 4586 4587
f 4588 4589 4590
f 4591 4592 4593
f 4594 4595 4596
f 4597 4598 4599
f 4600 4601 4602
f 4603 4604 4605
f 4606 4607 4608
f 4609 4610 4611
f 4612 4613 4614
f 4615 4616 4617
f 4618 4619 4620
f 4621 4622 4623
f 4624 4625 4626
f 4627 4628 4629
f 4630 4631 4632
f 4633 4634 4635
f 4636 4637 4638
f 4639 4640 4641
f 4642 4643 4644
f 4645 4646 4647
f 4648 4649 4650
f 4651 4652 4653
f 4654 4655 4656
f 4657 4658 4659
f 4660 4661 4662
f 4663 4664 4665
f 4666 4667 4668
f 4669 4670 4671
f 4672 4673 4674
f 4675 4676 4677
f 4678 4679 4680
f 4681 4682 4683
f 4684 4685 4686
f 4687 4688 4689
f 4690 4691 4692
f 4693 4694 4695
f 4696 4697 4698
f 4699 4700 4701
f 4702 4703 4704
f 4705 4706 4707
f 4708 4709 4710
f 4711 4712 4713
f 4714 4715 4716
f 4717 4718 4719
f 4720 4721 4722
f 4723 4724 4725
f 4726 4727 4728
f 4729 4730 4731
f 4732 4733 4734
f 4735 4736 4737
f 4738 4739 4740
f 4741 4742 4743
f 4744 4745 4746
f 4747 4748 4749
f 4750 4751 4752
f 4753 4754 4755
f 4756 4757 4758
f 4759 4760 4761
f 4762 4763 4764
f 4765 4766 4767
f 4768 4769 4770
f 4771 4772 4773
f 4774 4775 4776
f 4777 4778 4779
f 4780 4781 4782
f 4783 4784 4785
f 4786 4787 4788
f 4789 4790 4791
f 4792 4793 4794
f 4795 4796 4797
f 4798 4799 4800
f 4801 4802 4803
f 4804 4805 4806
f 4807 4808 4809
f 4810 4811 4812
f 4813 4814 4815
f 4816 4817 4818
f 4819 4820 4821
f 4822 4823 4824
f 4825 4826 4827
f 4828 4829 4830
f 4831 4832 4833
f 4834 4835 4836
f 4837 4838 4839
f 4840 4841 4842
f 4843 4844 4845
f 4846 4847 4848
f 4849 4850 4851
f 4852 4853 4854
f 4855 4856 4857
f 4858 4859 4860
f 4861 4862 4863
f 4864 4865 4866
f 4867 4868 4869
f 4870 4871 4872
f 4873 4874 4875
f 4876 4877 4878
f 4879 4880 4881
f 4882 4883 4884
f 4885 4886 4887
f 4888 4889 4890
f 4891 4892 4893
f 4894 4895 4896
f 4897 4898 4899
f 4900 4901 4902
f 4903 4904 4905
f 4906 4907 4908
f 4909 4910 4911
f 4912 4913 4914
f 4914 4913 4915
f 4916 4917 4918
f 4919 4920 4921
f 4922 4923 4924
f 4925 4926 4927
f 4928 4929 4930
f 4931 4932 4933
f 4934 4935 4936
f 4937 4938 4939
f 4940 4941 4942
f 4943 4944 4945
f 4946 4947 4948
f 4949 4950 4951
f 4952 4953 4954
f 4955 4956 4957
f 4958 4959 4960
f 4961 4962 4963
f 4964 4965 4966
f 4967 4968 4969
f 4970 4971 4972
f 4973 4974 4975
f 4976 4977 4978
f 4979 4980 4981
f 4982 4983 4984
f 4985 4986 4987
f 4988 4989 4990
f 4991 4992 4993
f 4994 4995 4996
f 4997 4998 4999
f 5000 5001 5002
f 5003 5004 5005
f 5006 5007 5008
f 5009 5010 5011
f 5012 5013 5014
f 5015 5016 5017
f 5018 5019 5020
f 5021 5022 5023
f 5024 5025 5026
f 5026 5025 5027
f 5028 5029 5030
f 5030 5029 5031
f 5032 5033 5034
f 5034 5033 5035
f 5036 5037 5038
f 5038 5037 5039
f 5040 5041 5042
f 5042 5041 5043
f 5044 5045 5046
f 5046 5045 5047
f 5048 5049 5050
f 5050 5049 5051
f 5052 5053 5054
f 5052 5054 5055
f 5056 5057 5058
f 5058 5057 5059
f 5060 5061 5062
f 5062 5061 5063
f 5064 5065 5066
f 5066 5065 5067
f 5068 5069 5070
f 5070 5069 5071
f 5072 5073 5074
f 5074 5073 5075
f 5076 5077 5078
f 5078 5077 5079
f 5080 5081 5082
f 5082 5081 5083
f 5084 5085 5086
f 5086 5085 5087
f 5088 5089 5090
f 5090 5089 5091
f 5092 5093 5094
f 5094 5093 5095
f 5096 5097 5098
f 5098 5097 5099
f 5100 5101 5102
f 5102 5101 5103
f 5104 5105 5106
f 5106 5105 5107
f 5108 5109 5110
f 5111 5112 5113
f 5114 5115 5116
f 5116 5115 5117
f 5118 5119 5120
f 5120 5119 5121
f 5122 5123 5124
f 5124 5123 5125
f 5126 5127 5128
f 5128 5127 5129
f 5130 5131 5132
f 5133 5134 5135
f 5136 5137 5138
f 5138 5137 5139
f 5140 5141 5142
f 5142 5141 5143
f 5144 5145 5146
f 5146 5145 5147
f 5148 5149 5150
f 5150 5149 5151
f 5152 5153 5154
f 5154 5153 5155
f 5156 5157 5158
f 5158 5157 5159
f 5160 5161 5162
f 5162 5161 5163
f 5164 5165 5166
f 5166 5165 5167
f 5168 5169 5170
f 5170 5169 5171
f 5172 5173 5174
f 5174 5173 5175
f 5176 5177 5178
f 5178 5177 5179
f 5180 5181 5182
f 5182 5181 5183
f 5184 5185 5186
f 5186 5185 5187
f 5188 5189 5190
f 5190 5189 5191
f 5192 5193 5194
f 5194 5193 5195
f 5196 5197 5198
f 5198 5197 5199
f 5200 5201 5202
f 5202 5201 5203
f 5204 5205 5206
f 5204 5206 5207
f 5208 5209 5210
f 5210 5209 5211
f 5212 5213 5214
f 5215 5216 5217
f 5218 5219 5220
f 5221 5222 5223
f 5224 5225 5226
f 5227 5228 5229
f 5230 5231 5232
f 5233 5234 5235
f 5236 5237 5238
f 5239 5240 5241
f 5242 5243 5244
f 5245 5246 5247
f 5248 5249 5250
f 5251 5252 5253
f 5254 5255 5256
f 5257 5258 5259
f 5260 5261 5262
f 5263 5264 5265
f 5266 5267 5268
f 5269 5270 5271
f 5272 5273 5274
f 5275 5276 5277
f 5278 5279 5280
f 5281 5282 5283
f 5284 5285 5286
f 5287 5288 5289
f 5290 5291 5292
f 5293 5294 5295
f 5296 5297 5298
f 5299 5300 5301
f 5302 5303 5304
f 5305 5306 5307
f 5308 5309 5310
f 5311 5312 5313
f 5314 5315 5316
f 5317 5318 5319
f 5320 5321 5322
f 5323 5324 5325
f 5326 5327 5328
f 5329 5330 5331
f 5332 5333 5334
f 5335 5336 5337
f 5338 5339 5340
f 5341 5342 5343
f 5344 5345 5346
f 5347 5348 5349
f 5350 5351 5352
f 5353 5354 5355
f 5356 5357 5358
f 5359 5360 5361
f 5362 5363 5364
f 5365 5366 5367
f 5368 5369 5370
f 5371 5372 5373
f 5374 5375 5376
f 5377 5378 5379
f 5380 5381 5382
f 5383 5384 5385
f 5386 5387 5388
f 5389 5390 5391
f 5392 5393 5394
f 5395 5396 5397
f 5398 5399 5400
f 5401 5402 5403
f 5404 5405 5406
f 5407 5408 5409
f 5410 5411 5412
f 5413 5414 5415
f 5416 5417 5418
f 5419 5420 5421
f 5422 5423 5424
f 5425 5426 5427
f 5428 5429 5430
f 5431 5432 5433
f 5434 5435 5436
f 5437 5438 5439
f 5440 5441 5442
f 5443 5444 5445
f 5446 5447 5448
f 5449 5450 5451
f 5452 5453 5454
f 5455 5456 5457
f 5458 5459 5460
f 5461 5462 5463
f 5464 5465 5466
f 5467 5468 5469
f 5470 5471 5472
f 5473 5474 5475
f 5476 5477 5478
f 5479 5480 5481
f 5482 5483 5484
f 5485 5486 5487
f 5488 5489 5490
f 5491 5492 5493
f 5494 5495 5496
f 5497 5498 5499
f 5500 5501 5502
f 5503 5504 5505
f 5506 5507 5508
f 5509 5510 5511
f 5512 5513 5514
f 5515 5516 5517
f 5518 5519 5520
f 5521 5522 5523
f 5524 5525 5526
f 5527 5528 5529
f 5530 5531 5532
f 5533 5534 5535
f 5536 5537 5538
f 5539 5540 5541
f 5542 5543 5544
f 5545 5546 5547
f 5548 5549 5550
f 5551 5552 5553
f 5554 5555 5556
f 5557 5558 5559
f 5560 5561 5562
f 5563 5564 5565
f 5566 5567 5568
f 5569 5570 5571
f 5572 5573 5574
f 5575 5576 5577
f 5578 5579 5580
f 5581 5582 5583
f 5584 5585 5586
f 5587 5588 5589
f 5587 5589 5590
f 5591 5592 5593
f 5594 5595 5596
f 5597 5598 5599
f 5600 5601 5602
f 5603 5604 5605
f 5606 5607 5608
f 5609 5610 5611
f 5612 5613 5614
f 5612 5614 5615
f 5616 5617 5618
f 5619 5620 5621
f 5622 5623 5624
f 5625 5626 5627
f 5628 5629 5630
f 5631 5632 5633
f 5634 5635 5636
f 5637 5638 5639
f 5640 5641 5642
f 5643 5644 5645
f 5646 5647 5648
f 5649 5650 5651
f 5652 5653 5654
f 5655 5656 5657
f 5658 5659 5660
f 5661 5662 5663
f 5664 5665 5666
f 5667 5668 5669
f 5670 5671 5672
f 5673 5674 5675
f 5676 5677 5678
f 5679 5680 5681
f 5682 5683 5684
f 5685 5686 5687
f 5688 5689 5690
f 5691 5692 5693
f 5694 5695 5696
f 5697 5698 5699
f 5700 5701 5702
f 5703 5704 5705
f 5706 5707 5708
f 5709 5710 5711
f 5712 5713 5714
f 5715 5716 5717
f 5718 5719 5720
f 5721 5722 5723
f 5724 5725 5726
f 5727 5728 5729
f 5730 5731 5732
f 5733 5734 5735
f 5736 5737 5738
f 5545 5547 5739
f 5551 5553 5740
f 5741 5742 5743
f 5744 5745 5746
f 5747 5748 5749
f 5750 5751 5752
f 5753 5754 5755
f 5756 5757 5758
f 5759 5760 5761
f 5762 5763 5764
f 5765 5766 5767
f 5768 5769 5770
f 5771 5772 5773
f 5774 5775 5776
f 5777 5778 5779
f 5780 5781 5782
f 5783 5784 5785
f 5786 5787 5788
f 5789 5790 5791
f 5792 5793 5794
f 5795 5796 5797
f 5798 5799 5800
f 5801 5802 5803
f 5497 5499 5804
f 5805 5806 5807
f 5808 5809 5810
f 5811 5812 5813
f 5814 5815 5816
f 5817 5818 5819
f 5820 5821 5822
f 5823 5824 5825
f 5826 5827 5828
f 5829 5830 5831
f 5832 5833 5834
f 5835 5836 5837
f 5838 5839 5840
f 5841 5823 5825
f 5842 5843 5844
f 5845 5846 5847
f 5848 5849 5850
f 5851 5852 5853
f 5509 5511 5854
f 5855 5856 5857
f 5858 5859 5860
f 5861 5862 5863
f 5864 5865 5866
f 5867 5868 5869
f 5870 5871 5872
f 5873 5874 5875
f 5876 5877 5878
f 5879 5880 5881
f 5882 5883 5884
f 5885 5886 5887
f 5888 5889 5890
f 5891 5892 5893
f 5894 5895 5896
f 5897 5898 5899
f 5900 5901 5902
f 5903 5904 5905
f 5906 5907 5908
f 5909 5910 5911
f 5912 5913 5914
f 5915 5916 5917
f 5918 5919 5920
f 5921 5922 5923
f 5921 5923 5924
f 5925 5926 5927
f 5928 5929 5930
f 5931 5932 5933
f 5934 5935 5936
f 5937 5938 5939
f 5940 5941 5942
f 5943 5944 5945
f 5946 5947 5948
f 5949 5950 5951
f 5952 5953 5954
f 5955 5956 5957
f 5958 5959 5960
f 5961 5962 5963
f 5964 5965 5966
f 5967 5968 5969
f 5970 5971 5972
f 5973 5974 5975
f 5976 5977 5978
f 5979 5980 5981
f 5982 5983 5984
f 5985 5770 5769
f 5986 5987 5988
f 5989 5990 5991
f 5992 5993 5994
f 5995 5996 5997
f 5998 5999 6000
f 5560 5562 6001
f 6002 6003 6004
f 6005 6006 6007
f 6008 6009 6010
f 6011 6012 6013
f 6014 6015 6016
f 6017 6018 6019
f 6020 6021 6022
f 6023 6024 6025
f 6026 6027 6028
f 6026 6028 6029
f 6030 6031 6032
f 6033 6034 6035
f 6036 6037 6038
f 6039 6040 6041
f 5494 5496 6042
f 6043 6044 6045
f 6046 6047 6048
f 6049 6050 6051
f 6052 6053 6054
f 6055 5801 5803
f 6056 6057 6058
f 6059 6060 6061
f 6062 6063 6064
f 6065 6066 6067
f 6068 6069 6070
f 6071 6072 6073
f 6074 6075 6076
f 6077 6078 6079
f 6080 6081 6082
f 6083 6084 6085
f 6086 6087 6088
f 6089 6090 6091
f 6092 6093 6094
f 6095 6096 6097
f 6098 6099 6100
f 6101 6102 6103
f 6104 6105 6106
f 6107 6108 6109
f 6110 6111 6112
f 6113 6114 6115
f 6116 6117 6118
f 6119 6120 6121
f 6122 6123 6124
f 6125 6126 6127
f 6125 6127 6128
f 6129 6130 6131
f 6132 6133 6134
f 6135 6136 6137
f 6138 6139 6140
f 6141 6142 6143
f 6144 6145 6146
f 6143 6147 6141
f 6148 6149 6150
f 6151 6152 6153
f 6154 6155 6156
f 6157 6158 6159
f 6160 6161 6162
f 6163 6164 6165
f 5518 5520 6166
f 6167 6168 6169
f 6170 6171 6172
f 6173 6174 6175
f 6176 6177 6178
f 6179 6180 6181
f 5681 6182 5679
f 6183 6184 6185
f 6186 6187 6188
f 6189 6190 6191
f 6192 6193 6194
f 6195 6196 6197
f 6195 6197 6198
f 5524 5526 6199
f 6200 6201 6202
f 6203 6204 6205
f 6206 6207 6208
f 6209 6210 6211
f 6212 6213 6214
f 6215 6216 6217
f 6218 6219 6220
f 6221 6222 6223
f 6224 6225 6226
f 6227 6228 6229
f 6230 6231 6232
f 6233 6234 6235
f 6236 6237 6238
f 6239 6240 6241
f 6242 6243 6244
f 6245 6246 6247
f 6248 6249 6250
f 6251 6252 6253
f 6254 6255 6256
f 6254 6256 6257
f 6258 6259 6260
f 6261 6262 6263
f 6264 6265 6266
f 6267 6268 6269
f 6270 6271 6272
f 5539 5541 6273
f 6274 6275 6276
f 6277 6278 6279
f 6280 6281 6282
f 6283 6284 6285
f 6286 6287 6288
f 6289 6290 6291
f 6292 6293 6294
f 6295 6296 6297
f 6298 6299 6300
f 6301 6302 6303
f 6304 6305 6306
f 6307 6308 6309
f 6310 6311 6312
f 6313 6314 6315
f 6316 6317 6318
f 6319 6320 6321
f 6322 6323 6324
f 6325 6326 6327
f 6328 6329 6330
f 6330 6329 6331
f 6332 6333 6334
f 6335 6336 6337
f 6338 6339 6340
f 6341 6342 6343
f 6344 6345 6346
f 6346 6345 6347
f 6348 6349 6350
f 6351 6352 6353
f 6354 6355 6356
f 6357 6358 6359
f 6360 6361 6362
f 6363 6364 6365
f 6366 6367 6368
f 6369 6370 6371
f 6372 6373 6374
f 6375 6376 6377
f 6378 6379 6380
f 6380 6379 6381
f 6382 6383 6384
f 6385 6386 6387
f 6388 6389 6390
f 6391 6392 6393
f 6394 6395 6396
f 6397 6398 6399
f 6400 6401 6402
f 6403 6404 6405
f 6406 6407 6408
f 6408 6407 6409
f 6410 6411 6412
f 6413 6414 6415
f 6416 6417 6418
f 6419 6420 6421
f 6422 6423 6424
f 6425 6426 6427
f 6428 6429 6430
f 6431 6432 6433
f 6434 6435 6436
f 6437 6438 6439
f 6440 6441 6442
f 6443 6444 6445
f 6446 6447 6448
f 6449 6450 6451
f 6452 6453 6454
f 6455 6456 6457
f 6458 6459 6460
f 6461 6462 6463
f 6464 6465 6466
f 6467 6468 6469
f 6470 6471 6472
f 6473 6474 6475
f 6476 6477 6478
f 6479 6480 6481
f 6482 6483 6484
f 6485 6486 6487
f 6488 6489 6490
f 6488 6490 6491
f 6492 6493 6494
f 6495 6496 6497
f 6498 6499 6500
f 6501 6502 6503
f 6504 6505 6506
f 6507 6508 6509
f 6510 6511 6512
f 6512 6511 6513
f 6514 6515 6516
f 6517 6518 6519
f 6520 6521 6522
f 6523 6524 6525
f 6526 6527 6528
f 6529 6530 6531
f 6532 6533 6534
f 6535 6536 6537
f 6538 6539 6540
f 6541 6542 6543
f 6544 6545 6546
f 6547 6548 6549
f 6550 6551 6552
f 6553 6554 6555
f 6556 6557 6558
f 6559 6560 6561
f 6562 6563 6564
f 6565 6566 6567
f 6568 6569 6570
f 6571 6572 6573
f 6574 6575 6576
f 6577 6578 6579
f 6580 6581 6582
f 6583 6584 6585
f 6586 6587 6588
f 6589 6590 6591
f 6592 6593 6594
f 6595 6596 6597
f 6598 6599 6600
f 6601 6602 6603
f 6604 6605 6606
f 6607 6608 6609
f 6610 6611 6612
f 6613 6614 6615
f 6616 6617 6618
f 6619 6620 6621
f 6622 6623 6624
f 6625 6626 6627
f 6628 6629 6630
f 6631 6632 6633
f 6634 6635 6636
f 6637 6638 6639
f 6640 6641 6642
f 6643 6644 6645
f 6646 6647 6648
f 6649 6650 6651
f 6652 6653 6654
f 6655 6656 6657
f 6658 6659 6660
f 6661 6662 6663
f 6664 6665 6666
f 6667 6668 6669
f 6670 6671 6672
f 6673 6674 6675
f 6676 6677 6678
f 6679 6680 6681
f 6682 6683 6684
f 6685 6686 6684
f 6687 6688 6689
f 6690 6691 6692
f 6686 6693 6694
f 6695 6696 6697
f 6698 6699 6700
f 6701 6694 6702
f 6703 6704 6705
f 6706 6707 6708
f 6709 6710 6711
f 6712 6713 6711
f 6714 6715 6716
f 6717 6718 6719
f 6713 6720 6721
f 6722 6723 6724
f 6725 6726 6727
f 6728 6729 6730
f 6723 6731 6732
f 6733 6734 6732
f 6735 6736 6737
f 6738 6739 6740
f 6741 6742 6743
f 6744 6745 6746
f 6747 6748 6749
f 6734 6750 6751
f 6752 6753 6754
f 6755 6756 6757
f 6758 6759 6760
f 6742 6761 6759
f 6762 6763 6764
f 6765 6766 6767
f 6768 6769 6770
f 6771 6772 6773
f 6774 6775 6776
f 6770 6777 6778
f 6779 6780 6781
f 6782 6783 6784
f 6785 6786 6787
f 6788 6789 6790
f 6778 6791 6789
f 6792 6793 6794
f 6795 6796 6797
f 6798 6799 6800
f 6801 6802 6803
f 6804 6805 6806
f 6807 6808 6809
f 6810 6811 6812
f 6809 6813 6814
f 6815 6816 6817
f 6818 6819 6820
f 6821 6814 6822
f 6823 6824 6825
f 6826 6827 6828
f 6829 6830 6831
f 6832 6833 6831
f 6834 6835 6836
f 6837 6838 6839
f 6840 6841 6842
f 6843 6844 6845
f 6846 6847 6848
f 6833 6849 6850
f 6841 6851 6852
f 6853 6854 6852
f 6855 6856 6857
f 6858 6859 6860
f 6861 6862 6863
f 6864 6865 6866
f 6867 6868 6869
f 6854 6870 6871
f 6872 6873 6874
f 6875 6876 6877
f 6878 6879 6880
f 6862 6881 6882
f 6883 6884 6885
f 6886 6887 6888
f 6889 6890 6891
f 6892 6893 6894
f 6895 6896 6897
f 6898 6899 6900
f 6901 6902 6903
f 6904 6905 6906
f 6907 6908 6909
f 6910 6903 6911
f 6912 6913 6914
f 6915 6916 6917
f 6918 6919 6920
f 6920 6919 6921
f 6920 6921 6922
f 6923 6924 6920
f 6920 6924 6925
f 6920 6925 6918
f 6926 6927 6920
f 6920 6927 6928
f 6920 6928 6923
f 6920 6929 6926
f 6930 6931 6920
f 6920 6931 6932
f 6920 6932 6933
f 6934 6935 6920
f 6920 6935 6936
f 6920 6936 6930
f 6937 6938 6920
f 6920 6938 6939
f 6920 6939 6934
f 6940 6941 6920
f 6920 6941 6942
f 6920 6942 6937
f 6943 6944 6920
f 6920 6944 6945
f 6920 6945 6940
f 6946 6947 6920
f 6920 6947 6948
f 6920 6948 6943
f 6949 6950 6920
f 6920 6950 6951
f 6920 6951 6946
f 6922 6952 6920
f 6920 6952 6953
f 6920 6953 6949
f 6954 6955 6956
f 6957 6958 6959
f 6960 6961 6962
f 6963 6964 6965
f 6966 6967 6968
f 6969 6970 6971
f 6972 6973 6974
f 6975 6976 6977
f 6978 6979 6980
f 6981 6982 6983
f 6984 6985 6986
f 6987 6988 6989
f 6990 6991 6992
f 6993 6994 6995
f 6996 6997 6998
f 6999 7000 7001
f 7002 7003 7004
f 7005 7006 7007
f 7008 7009 7010
f 7011 7012 7013
f 7014 7015 7016
f 7017 7018 7019
f 7020 7021 7022
f 7023 7024 7025
f 7026 7027 7028
f 7029 7030 7031
f 7032 7033 7034
f 7035 7036 7037
f 7038 7039 7040
f 7041 7042 7043
f 7044 7045 7046
f 7047 7048 7049
f 7050 7051 7052
f 7053 7054 7055
f 7056 7057 7058
f 7059 7060 7061
f 7062 7063 7064
f 7065 7066 7067
f 7068 7069 7070
f 7071 7072 7073
f 7074 7075 7076
f 7077 7078 7079
f 7080 7081 7082
f 7083 7084 7085
f 7086 7087 7088
f 7089 7090 7091
f 7092 7093 7094
f 7095 7096 7097
f 7098 7099 7100
f 7101 7102 7103
f 7104 7105 7106
f 7107 7108 7109
f 7110 7111 7112
f 7113 7114 7115
f 7116 7117 7118
f 7119 7120 7121
f 7122 7123 7124
f 7125 7126 7127
f 7128 7129 7130
f 7131 7132 7133
f 7131 7133 7134
f 7135 7136 7137
f 7138 7139 7140
f 7141 7142 7143
f 7144 7145 7146
f 7147 7148 7149
f 7150 7151 7152
f 7153 7154 7155
f 7153 7155 7156
f 7157 7158 7159
f 7157 7159 7160
f 7161 7162 7163
f 7161 7163 7164
f 7165 7166 7167
f 7165 7167 7168
f 7169 7170 7171
f 7169 7171 7172
f 7173 7174 7175
f 7173 7175 7176
f 7177 7178 7179
f 7177 7179 7180
f 7181 7182 7183
f 7181 7183 7184
f 7185 7186 7187
f 7185 7187 7188
f 7189 7190 7191
f 7189 7191 7192
f 7193 7194 7195
f 7193 7195 7196
f 7197 7198 7199
f 7197 7199 7200
f 7201 7202 7203
f 7201 7203 7204
f 7205 7206 7207
f 7205 7207 7208
f 7209 7210 7211
f 7212 7213 7214
f 7215 7216 7217
f 7218 7219 7220
f 7221 7222 7223
f 7224 7225 7226
f 7227 7228 7229
f 7230 7231 7232
f 7221 7223 7233
f 7233 7223 7234
f 7233 7234 7235
f 7235 7234 7236
f 7235 7236 7237
f 7237 7236 7238
f 7237 7238 7239
f 7240 7241 7242
f 7243 7244 7245
f 7246 7247 7248
f 7246 7248 7249
f 7222 7221 7250
f 7250 7221 7251
f 7250 7251 7252
f 7252 7251 7253
f 7252 7253 7254
f 7254 7253 7255
f 7254 7255 7256
f 7256 7255 7257
f 7256 7257 7258
f 7258 7257 7259
f 7258 7259 7260
f 7260 7259 7261
f 7260 7261 7262
f 7263 7264 7265
f 7266 7229 7267
f 7268 7269 7270
f 7262 7261 7271
f 7271 7261 7272
f 7271 7272 7273
f 7274 7275 7276
f 7273 7277 7278
f 7279 7280 7281
f 7282 7283 7284
f 7285 7286 7287
f 7288 7289 7290
f 7291 7292 7293
f 7294 7295 7296
f 7297 7298 7299
f 7300 7301 7302
f 7303 7304 7305
f 7306 7307 7308
f 7309 7310 7311
f 7312 7313 7314
f 7315 7316 7317
f 7318 7319 7320
f 7321 7322 7323
f 7324 7325 7326
f 7327 7328 7329
f 7330 7331 7332
f 7333 7334 7335
f 7336 7337 7338
f 7339 7340 7341
f 7342 7343 7344
f 7345 7346 7347
f 7348 7081 7080
f 7349 7350 7351
f 7352 7353 7354
f 7355 7356 7357
f 7358 7359 7360
f 7361 7362 7363
f 7364 7365 7366
f 7367 7368 7369
f 7370 7371 7372
f 7373 7374 7375
f 7376 7377 7378
f 7379 7380 7381
f 7382 7383 7384
f 7385 7386 7387
f 7388 7389 7390
f 7391 7392 7393
f 7394 7395 7396
f 7397 7398 7399
f 7400 7401 7402
f 7403 7404 7405
f 7406 7407 7408
f 7409 7410 7411
f 7412 7413 7414
f 7415 7416 7417
f 7418 7419 7420
f 7421 7422 7423
f 7424 7425 7426
f 7427 7428 7429
f 7430 7431 7432
f 7433 7434 7435
f 7436 7437 7438
f 7439 7440 7441
f 7442 7443 7444
f 7445 7446 7447
f 7448 7449 7450
f 7451 7452 7453
f 7454 7455 7456
f 7457 7458 7459
f 7460 7461 7462
f 7463 7464 7465
f 7466 7467 7468
f 7469 7470 7471
f 7472 7473 7474
f 7475 7476 7477
f 7478 7305 7304
f 7479 7480 7481
f 7479 7481 7482
f 7483 7484 7485
f 7486 7487 7488
f 7489 7490 7491
f 7492 7493 7494
f 7495 7496 7497
f 7498 7499 7500
f 7501 7502 7503
f 7504 7505 7506
f 7507 7508 7509
f 7510 7511 7512
f 7513 7514 7515
f 7516 7517 7518
f 7519 7520 7521
f 7522 7523 7524
f 7525 7526 7527
f 7528 7529 7530
f 7531 7532 7533
f 7534 7535 7536
f 7537 7538 7539
f 7540 7541 7542
f 7540 7542 7543
f 7544 7545 7546
f 7547 7548 7549
f 7550 7551 7552
f 7553 7554 7555
f 7556 7557 7558
f 7559 7560 7561
f 7562 7563 7564
f 7565 7566 7567
f 7568 7569 7570
f 7571 7572 7573
f 7574 7575 7576
f 7577 7578 7579
f 7580 7581 7582
f 7583 7584 7585
f 7586 7587 7588
f 7589 7590 7591
f 7592 7593 7594
f 7595 7596 7597
f 7595 7597 7598
f 7599 7600 7601
f 7602 7603 7604
f 7605 7606 7607
f 7608 7609 7610
f 7611 7612 7613
f 7614 7615 7616
f 7617 7618 7619
f 7620 7621 7622
f 7623 7624 7625
f 7626 7627 7628
f 7629 7630 7631
f 7632 7633 7634
f 7635 7636 7637
f 7638 7639 7640
f 7641 7642 7643
f 7644 7645 7646
f 7647 7648 7649
f 7650 7651 7652
f 7653 7654 7655
f 7656 7657 7658
f 7659 7660 7661
f 7662 7663 7664
f 7665 7666 7667
f 7668 7669 7670
f 7671 7672 7673
f 7674 7675 7676
f 7677 7678 7679
f 7680 7681 7682
f 7683 7684 7685
f 7686 7687 7688
f 7689 7690 7691
f 7692 7693 7694
f 7695 7696 7697
f 7698 7699 7700
f 7701 7702 7703
f 7704 7705 7706
f 7707 7708 7709
f 7710 7711 7712
f 7713 7714 7715
f 7716 7717 7718
f 7719 7720 7721
f 7722 7723 7724
f 7725 7726 7727
f 7728 7729 7730
f 7731 7732 7733
f 7734 7735 7736
f 7737 7738 7739
f 7740 7741 7742
f 7743 7744 7745
f 7746 7747 7748
f 7749 7750 7751
f 7317 7324 7315
f 7752 7753 7754
f 7755 7756 7757
f 7758 7759 7760
f 7761 7762 7763
f 7764 7765 7766
f 7767 7768 7769
f 7770 7771 7772
f 7773 7774 7775
f 7776 7777 7778
f 7779 7780 7781
f 7782 7783 7784
f 7785 7786 7787
f 7788 7789 7790
f 7791 7792 7793
f 7794 7795 7796
f 7797 7798 7799
f 7800 7801 7802
f 7803 7804 7805
f 7806 7807 7808
f 7809 7810 7811
f 7812 7813 7814
f 7815 7816 7817
f 7818 7819 7820
f 7820 7819 7821
f 7822 7823 7824
f 7824 7823 7825
f 7826 7827 7828
f 7829 7830 7831
f 7832 7833 7834
f 7835 7836 7837
f 7838 7839 7840
f 7840 7839 7841
f 7842 7843 7844
f 7845 7846 7847
f 7848 7849 7850
f 7851 7852 7853
f 7854 7855 7856
f 7857 7858 7859
f 7860 7861 7862
f 7863 7864 7865
f 7866 7867 7868
f 7869 7870 7871
f 7872 7873 7874
f 7874 7873 7875
f 7876 7877 7878
f 7876 7878 7879
f 7880 7881 7882
f 7883 7884 7885
f 7886 7887 7888
f 7889 7890 7891
f 7892 7893 7894
f 7895 7896 7897
f 7898 7899 7900
f 7901 7902 7903
f 7904 7905 7906
f 7907 7908 7909
f 7910 7911 7912
f 7913 7914 7915
f 7916 7917 7918
f 7919 7920 7921
f 7922 7923 7924
f 7925 7926 7927
f 7928 7929 7930
f 7931 7932 7933
f 7934 7935 7936
f 7937 7938 7939
f 7940 7941 7942
f 7943 7944 7945
f 7946 7947 7948
f 7949 7950 7951
f 7952 7953 7954
f 7955 7956 7957
f 7958 7959 7960
f 7961 7962 7963
f 7964 7965 7966
f 7967 7968 7969
f 7970 7971 7972
f 7973 7974 7975
f 7976 7977 7978
f 7979 7980 7981
f 7982 7983 7984
f 7984 7983 7985
f 7986 7987 7988
f 7988 7987 7989
f 7990 7991 7992
f 7993 7994 7995
f 7996 7997 7998
f 7999 8000 8001
f 8002 8003 8004
f 8005 8006 8007
f 8008 8009 8010
f 8011 8012 8013
f 8014 8015 8016
f 8017 8018 8019
f 8020 8021 8022
f 8023 8024 8025
f 8026 8027 8028
f 8029 8030 8031
f 8032 8033 8034
f 8035 8036 8037
f 8038 8039 8040
f 8041 8042 8043
f 8044 8045 8046
f 8047 8048 8049
f 8050 8051 8052
f 8053 8054 8055
f 8056 8057 8058
f 8059 8060 8061
f 8062 8063 8064
f 8065 8066 8067
f 8068 8069 8070
f 8071 8072 8073
f 8074 8075 8076
f 8077 8078 8079
f 8080 8081 8082
f 8083 8084 8085
f 8086 8087 8088
f 8089 8090 8091
f 8092 8093 8094
f 8095 8096 8097
f 8098 8099 8100
f 8101 8102 8103
f 8104 8105 8106
f 8107 8108 8109
f 8110 8111 8112
f 8113 8114 8115
f 8113 8115 8116
f 8117 8118 8119
f 8120 8121 8122
f 8123 8124 8125
f 8126 8127 8128
f 8129 8130 8131
f 8132 8133 8134
f 8135 8136 8137
f 8138 8139 8140
f 8141 8142 8143
f 8144 8145 8146
f 8147 8148 8149
f 8150 8151 8152
f 8153 8154 8155
f 8156 8157 8158
f 8159 8160 8161
f 8162 8163 8164
f 8165 8166 8167
f 8168 8169 8170
f 8171 8172 8173
f 8174 8175 8176
f 8177 8178 8179
f 8180 8181 8182
f 8183 8184 8185
f 8186 8187 8188
f 8189 8190 8191
f 8192 8193 8194
f 8195 8196 8197
f 8198 8199 8200
f 8201 8202 8203
f 8204 8205 8206
f 8207 8208 8209
f 8210 8211 8212
f 8213 8214 8215
f 8216 8217 8218
f 8219 8220 8221
f 8222 8223 8224
f 8225 8226 8227
f 8228 8229 8230
f 8231 8232 8233
f 8234 8235 8236
f 8237 8238 8239
f 8240 8241 8242
f 8243 8244 8245
f 8246 8247 8248
f 8249 8250 8251
f 8252 8253 8254
f 8255 8256 8257
f 8258 8259 8260
f 8261 8262 8263
f 8264 8265 8266
f 8267 8268 8269
f 8270 8271 8272
f 8273 8274 8275
f 8276 8277 8278
f 8279 8280 8281
f 8282 8283 8284
f 8285 8286 8287
f 8288 8289 8290
f 8291 8292 8293
f 8294 8295 8296
f 8297 8298 8299
f 8300 8301 8302
f 8303 8304 8305
f 8306 8307 8308
f 8309 8310 8311
f 8312 8313 8314
f 8315 8316 8317
f 8318 8319 8320
f 8321 8322 8323
f 8324 8325 8326
f 8327 8328 8329
f 8330 8331 8332
f 8333 8334 8335
f 8336 8337 8338
f 8339 8340 8341
f 8342 8343 8344
f 8345 8346 8347
f 8348 8349 8350
f 8351 8352 8353
f 8354 8355 8356
f 8357 8358 8359
f 8360 8361 8362
f 8363 8364 8365
f 8366 8367 8368
f 8369 8370 8371
f 8372 8373 8374
f 8375 8376 8377
f 8378 8379 8380
f 8381 8382 8383
f 8384 8385 8386
f 8387 8388 8389
f 8390 8391 8392
f 8393 8394 8395
f 8396 8397 8398
f 8399 8400 8401
f 8402 8403 8404
f 8405 8406 8407
f 8408 8409 8410
f 8411 8412 8413
f 8414 8415 8416
f 8417 8418 8419
f 8420 8421 8422
f 8423 8424 8425
f 8426 8427 8428
f 8429 8430 8431
f 8432 8433 8434
f 8435 8436 8437
f 8438 8439 8440
f 8441 8442 8443
f 8444 8445 8446
f 8447 8448 8449
f 8450 8451 8452
f 8453 8454 8455
f 8456 8457 8458
f 8459 8460 8461
f 8459 8461 8462
f 8463 8464 8465
f 8466 8467 8468
f 8469 8470 8471
f 8472 8473 8474
f 8475 8476 8477
f 8478 8479 8480
f 8481 8482 8483
f 8484 8485 8486
f 8487 8488 8489
f 8490 8491 8492
f 8493 8494 8495
f 8496 8497 8498
f 8499 8500 8501
f 8502 8503 8504
f 8505 8506 8507
f 8505 8507 8508
f 8509 8510 8511
f 8512 8513 8514
f 8515 8516 8517
f 8518 8519 8520
f 8521 8522 8523
f 8524 8525 8526
f 8527 8528 8529
f 8530 8531 8532
f 8533 8534 8535
f 8536 8537 8538
f 8539 8540 8541
f 8542 8543 8544
f 8545 8546 8547
f 8548 8549 8550
f 8551 8552 8553
f 8554 8555 8556
f 8557 8558 8559
f 8560 8561 8562
f 8563 8564 8565
f 8566 8567 8568
f 8569 8570 8571
f 8572 8573 8574
f 8575 8576 8577
f 8578 8579 8580
f 8581 8582 8583
f 8584 8585 8586
f 8587 8588 8589
f 8590 8591 8592
f 8593 8594 8595
f 8596 8597 8598
f 8599 8600 8601
f 8602 8603 8604
f 8605 8606 8607
f 8608 8609 8610
f 8611 8612 8613
f 8614 8615 8616
f 8617 8618 8619
f 8620 8621 8622
f 8622 8621 8623
f 8624 8625 8626
f 8627 8628 8629
f 8630 8631 8632
f 8633 8634 8635
f 8636 8637 8638
f 8639 8640 8641
f 8642 8643 8644
f 8645 8646 8647
f 8648 8649 8650
f 8651 8652 8653
f 8654 8655 8656
f 8657 8658 8659
f 8660 8661 8662
f 8663 8664 8665
f 8666 8667 8668
f 8669 8670 8671
f 8672 8673 8674
f 8675 8676 8677
f 8678 8679 8680
f 8681 8682 8683
f 8684 8685 8686
f 8687 8688 8689
f 8690 8691 8692
f 8693 8694 8695
f 8696 8697 8698
f 8699 8700 8701
f 8702 8703 8704
f 8705 8706 8707
f 8708 8709 8710
f 8710 8709 8711
f 8712 8713 8714
f 8714 8713 8715
f 8716 8717 8718
f 8719 8720 8721
f 8722 8723 8724
f 8725 8726 8727
f 8728 8729 8730
f 8731 8732 8733
f 8734 8735 8736
f 8737 8738 8739
f 8740 8741 8742
f 8743 8744 8745
f 8746 8747 8748
f 8749 8750 8751
f 8752 8753 8754
f 8755 8756 8757
f 8758 8759 8760
f 8761 8762 8763
f 8764 8765 8766
f 8767 8768 8769
f 8770 8771 8772
f 8773 8774 8775
f 8776 8777 8778
f 8779 8780 8781
f 8782 8783 8784
f 8785 8786 8787
f 8788 8789 8790
f 8791 8792 8793
f 8794 8795 8796
f 8796 8795 8797
f 8798 8799 8800
f 8801 8802 8803
f 8804 8805 8806
f 8807 8808 8809
f 8810 8811 8812
f 8813 8814 8815
f 8816 8817 8818
f 8819 8820 8821
f 8822 8823 8824
f 8825 8826 8827
f 8828 8829 8830
f 8831 8832 8833
f 8834 8835 8836
f 8837 8838 8839
f 8840 8841 8842
f 8843 8844 8845
f 8846 8847 8848
f 8849 8850 8851
f 8852 8853 8854
f 8855 8856 8857
f 8858 8859 8860
f 8861 8862 8863
f 8864 8865 8866
f 8867 8868 8869
f 8870 8871 8872
f 8873 8874 8875
f 8876 8877 8878
f 8879 8880 8881
f 8882 8883 8884
f 8885 8886 8887
f 8888 8889 8890
f 8891 8892 8893
f 8894 8895 8896
f 8897 8898 8899
f 8900 8901 8902
f 8903 8904 8905
f 8906 8907 8908
f 8909 8910 8911
f 8912 8913 8914
f 8915 8916 8917
f 8918 8919 8920
f 8921 8922 8923
f 8924 8925 8926
f 8927 8928 8929
f 8930 8931 8932
f 8933 8934 8935
f 8936 8937 8938
f 8939 8940 8941
f 8942 8943 8944
f 8945 8946 8947
f 8948 8949 8950
f 8951 8952 8953
f 8954 8955 8956
f 8957 8958 8959
f 8960 8961 8962
f 8963 8964 8965
f 8966 8967 8968
f 8969 8970 8971
f 8972 8973 8974
f 8975 8976 8977
f 8978 8979 8980
f 8981 8982 8983
f 8981 8983 8984
f 8985 8986 8987
f 8988 8989 8990
f 8991 8992 8993
f 8994 8995 8996
f 8997 8998 8999
f 9000 9001 9002
f 9003 9004 9005
f 9006 9007 9008
f 9009 9010 9011
f 9012 9013 9014
f 9015 9016 9017
f 9018 9019 9020
f 9021 9022 9023
f 9024 9025 9026
f 9027 9028 9029
f 9030 9031 9032
f 9033 9034 9035
f 9036 9037 9038
f 9039 9040 9041
f 9039 9041 9042
f 9043 9044 9045
f 9046 9047 9048
f 9049 9050 9051
f 9052 9053 9054
f 9055 9056 9057
f 9058 9059 9060
f 9061 9062 9063
f 9064 9065 9066
f 9067 9068 9069
f 9069 9068 9070
f 9071 9072 9073
f 9073 9072 9074
f 9075 9076 9077
f 9077 9076 9078
f 9079 9080 9081
f 9081 9080 9082
f 9083 9084 9085
f 9085 9084 9086
f 9087 9088 9089
f 9089 9088 9090
f 9091 9092 9093
f 9093 9092 9094
f 9095 9096 9097
f 9097 9096 9098
f 9099 9100 9101
f 9101 9100 9102
f 9103 9104 9105
f 9105 9104 9106
f 9107 9108 9109
f 9109 9108 9110
f 9111 9112 9113
f 9113 9112 9114
f 9115 9116 9117
f 9117 9116 9118
f 9119 9120 9121
f 9121 9120 9122
f 9123 9124 9125
f 9125 9124 9126
f 9127 9128 9129
f 9129 9128 9130
f 9131 9132 9133
f 9133 9132 9134
f 9135 9136 9137
f 9137 9136 9138
f 9139 9140 9141
f 9141 9140 9142
f 9143 9144 9145
f 9145 9144 9146
f 9147 9148 9149
f 9149 9148 9150
f 9151 9152 9153
f 9153 9152 9154
f 9155 9156 9157
f 9157 9156 9158
f 9159 9160 9161
f 9161 9160 9162
f 9163 9164 9165
f 9165 9164 9166
f 9167 9168 9169
f 9169 9168 9170
f 9171 9172 9173
f 9173 9172 9174
f 9175 9176 9177
f 9175 9177 9178
f 9179 9180 9181
f 9181 9180 9182
f 9183 9184 9185
f 9185 9184 9186
f 9187 9188 9189
f 9189 9188 9190
f 9191 9192 9193
f 9193 9192 9194
f 9195 9196 9197
f 9197 9196 9198
f 9199 9200 9201
f 9201 9200 9202
f 9203 9204 9205
f 9205 9204 9206
f 9207 9208 9209
f 9207 9209 9210
f 9211 9212 9213
f 9211 9213 9214
f 9215 9216 9217
f 9217 9216 9218
f 9219 9220 9221
f 9221 9220 9222
f 9223 9224 9225
f 9225 9224 9226
f 9227 9228 9229
f 9227 9229 9230
f 9231 9232 9233
f 9234 9235 9236
f 9237 9238 9239
f 9240 9241 9242
f 9243 9244 9245
f 9246 9247 9248
f 9249 9250 9251
f 9252 9253 9254
f 9255 9256 9257
f 9258 9259 9260
f 9261 9262 9263
f 9264 9265 9266
f 9267 9268 9269
f 9270 9271 9272
f 9273 9274 9275
f 9276 9277 9278
f 9279 9280 9281
f 9282 9283 9284
f 9285 9286 9287
f 9288 9289 9290
f 9291 9292 9293
f 9294 9295 9296
f 9297 9298 9299
f 9300 9301 9302
f 9303 9304 9305
f 9306 9307 9308
f 9309 9310 9311
f 9312 9313 9314
f 9315 9316 9317
f 9318 9319 9320
f 9321 9322 9323
f 9324 9325 9326
f 9327 9328 9329
f 9330 9331 9332
f 9333 9334 9335
f 9336 9337 9338
f 9339 9340 9341
f 9342 9343 9344
f 9345 9346 9347
f 9348 9349 9350
f 9351 9352 9353
f 9354 9355 9356
f 9357 9358 9359
f 9360 9361 9362
f 9363 9364 9365
f 9366 9367 9368
f 9369 9370 9371
f 9372 9373 9374
f 9375 9376 9377
f 9378 9379 9380
f 9381 9382 9383
f 9384 9385 9386
f 9387 9388 9389
f 9389 9388 9390
f 9391 9392 9393
f 9394 9395 9396
f 9396 9395 9397
f 9398 9399 9400
f 9401 9402 9403
f 9404 9405 9406
f 9407 9408 9409
f 9410 9411 9412
f 9413 9414 9415
f 9416 9417 9418
f 9419 9420 9421
f 9422 9423 9424
f 9425 9426 9427
f 9428 9429 9430
f 9431 9432 9433
f 9434 9435 9436
f 9437 9438 9439
f 9440 9441 9442
f 9443 9444 9445
f 9446 9447 9448
f 9449 9450 9451
f 9452 9453 9454
f 9455 9456 9457
f 9458 9459 9460
f 9461 9462 9463
f 9464 9465 9466
f 9466 9465 9467
f 9468 9469 9470
f 9470 9469 9471
f 9472 9473 9474
f 9475 9476 9477
f 9478 9479 9480
f 9481 9482 9483
f 9484 9485 9486
f 9487 9488 9489
f 9490 9491 9492
f 9493 9494 9495
f 9496 9497 9498
f 9499 9500 9501
f 9502 9503 9504
f 9505 9506 9507
f 9508 9509 9510
f 9511 9512 9513
f 9514 9515 9516
f 9517 9518 9519
f 9520 9521 9522
f 9523 9524 9525
f 9526 9527 9528
f 9529 9530 9531
f 9532 9533 9534
f 9535 9536 9537
f 9538 9539 9540
f 9541 9542 9543
f 9544 9545 9546
f 9547 9548 9549
f 9550 9551 9552
f 9553 9554 9555
f 9556 9557 9558
f 9559 9560 9561
f 9562 9563 9564
f 9565 9566 9567
f 9568 9569 9570
f 9571 9572 9573
f 9574 9575 9576
f 9577 9578 9579
f 9580 9581 9582
f 9583 9584 9585
f 9586 9587 9588
f 9589 9590 9591
f 9589 9591 9592
f 9593 9594 9595
f 9593 9595 9596
f 9597 9598 9599
f 9600 9601 9602
f 9603 9604 9605
f 9606 9607 9608
f 9609 9610 9611
f 9612 9613 9614
f 9615 9616 9617
f 9618 9619 9620
f 9621 9622 9623
f 9624 9625 9626
f 9627 9628 9629
f 9630 9631 9632
f 9633 9634 9635
f 9636 9637 9638
f 9639 9640 9641
f 9642 9643 9644
f 9645 9646 9647
f 9648 9649 9650
f 9651 9652 9653
f 9654 9655 9656
f 9657 9658 9659
f 9660 9661 9662
f 9663 9664 9665
f 9666 9667 9668
f 9669 9670 9671
f 9669 9671 9672
f 9673 9674 9675
f 9676 9677 9678
f 9679 9680 9681
f 9682 9683 9684
f 9685 9686 9687
f 9688 9689 9690
f 9691 9692 9693
f 9694 9695 9696
f 9697 9698 9699
f 9700 9701 9702
f 9703 9704 9705
f 9706 9707 9708
f 9709 9710 9711
f 9712 9713 9714
f 9715 9716 9717
f 9718 9719 9720
f 9721 9722 9723
f 9724 9725 9726
f 9727 9728 9729
f 9730 9731 9732
f 9733 9734 9735
f 9736 9737 9738
f 9739 9740 9741
f 9742 9743 9744
f 9745 9746 9747
f 9748 9749 9750
f 9751 9752 9753
f 9754 9755 9756
f 9757 9758 9759
f 9760 9761 9762
f 9763 9764 9765
f 9766 9767 9768
f 9769 9770 9771
f 9772 9773 9774
f 9775 9776 9777
f 9778 9779 9780
f 9781 9782 9783
f 9784 9785 9786
f 9787 9788 9789
f 9790 9791 9792
f 9793 9794 9795
f 9796 9797 9798
f 9799 9800 9801
f 9802 9803 9804
f 9805 9806 9807
f 9808 9809 9810
f 9811 9812 9813
f 9814 9815 9816
f 9817 9818 9819
f 9820 9821 9822
f 9823 9824 9825
f 9826 9827 9828
f 9829 9830 9831
f 9832 9833 9834
f 9835 9836 9837
f 9838 9839 9840
f 9841 9842 9843
f 9844 9845 9846
f 9847 9848 9849
f 9850 9851 9852
f 9853 9854 9855
f 9856 9857 9858
f 9859 9860 9861
f 9862 9863 9864
f 9865 9866 9867
f 9868 9869 9870
f 9871 9872 9873
f 9874 9875 9876
f 9877 9878 9879
f 9880 9881 9882
f 9508 9510 9883
f 9884 9885 9886
f 9887 9888 9889
f 9890 9891 9892
f 9893 9894 9895
f 9514 9516 9896
f 9897 9898 9899
f 9900 9901 9902
f 9903 9904 9905
f 9906 9907 9908
f 9909 9910 9911
f 9912 9913 9914
f 9517 9519 9915
f 9916 9917 9918
f 9919 9920 9921
f 9523 9525 9922
f 9923 9924 9925
f 9926 9927 9928
f 9929 9930 9931
f 9932 9933 9934
f 9529 9531 9935
f 9936 9937 9938
f 9939 9940 9941
f 9942 9943 9944
f 9945 9946 9947
f 9948 9949 9950
f 9951 9952 9953
f 9954 9955 9956
f 9957 9958 9959
f 9960 9961 9962
f 9963 9964 9965
f 9966 9967 9968
f 9969 9970 9971
f 9972 9973 9974
f 9975 9976 9977
f 9978 9979 9980
f 9981 9982 9983
f 9984 9985 9986
f 9987 9988 9989
f 9990 9991 9992
f 9993 9994 9995
f 9996 9997 9998
f 9999 10000 10001
f 10002 10003 10004
f 10005 10006 10007
f 10008 10009 10010
f 10011 10012 10013
f 10014 10015 10016
f 10017 10018 10019
f 10020 10021 10022
f 10023 10024 10025
f 10026 10027 10028
f 10029 10030 10031
f 10032 10033 10034
f 10035 10036 10037
f 10038 10039 10040
f 10041 10042 10043
f 10044 10045 10046
f 10047 10048 10049
f 10050 10051 10052
f 10053 10054 10055
f 10056 10057 10058
f 10059 10060 10061
f 10062 10063 10064
f 10065 10066 10067
f 10068 10069 10070
f 10071 10072 10073
f 10074 10075 10076
f 10077 10078 10079
f 10080 10081 10082
f 10083 10084 10085
f 10086 10087 10088
f 10089 10090 10091
f 10092 10093 10094
f 10095 10096 10097
f 10098 10099 10100
f 10101 9886 9885
f 10100 10102 10098
f 10103 10104 10105
f 10106 10107 10108
f 10109 10110 10111
f 10112 10113 10114
f 10115 10116 10117
f 10118 10119 10120
f 10121 10122 10123
f 10124 10125 10126
f 10127 10128 10129
f 10130 10131 10132
f 9786 10133 9784
f 10134 10135 10136
f 10137 10138 10139
f 10140 10141 10142
f 10143 10144 10145
f 10146 10147 10148
f 10149 10150 10151
f 10152 10153 10154
f 10155 10156 10157
f 10158 10159 10160
f 10161 10162 10163
f 10164 10165 10166
f 10167 10168 10169
f 10170 10171 10172
f 10173 10174 10175
f 10176 10177 10178
f 10179 10180 10181
f 10182 10183 10184
f 10185 10186 10187
f 10188 10189 10190
f 10191 10192 10193
f 10194 10195 10196
f 10197 10198 10199
f 10200 10201 10202
f 10203 10204 10205
f 10206 10207 10208
f 10209 10210 10211
f 10212 10213 10214
f 10215 10216 10217
f 10218 10219 10220
f 10221 10222 10223
f 10224 10225 10226
f 10227 10228 10229
f 10230 10231 10232
f 10232 10231 10233
f 10234 10235 10236
f 10236 10235 10237
f 10238 10239 10240
f 10241 10242 10243
f 10244 10245 10246
f 10247 10248 10249
f 10250 10251 10252
f 10253 10254 10255
f 10256 10257 10258
f 10259 10260 10261
f 10262 10263 10264
f 10264 10263 10265
f 10266 10267 10268
f 10269 10270 10271
f 10272 10273 10274
f 10275 10276 10277
f 10278 10279 10280
f 10281 10282 10283
f 10284 10285 10286
f 10287 10288 10289
f 10290 10291 10292
f 10293 10294 10295
f 10296 10297 10298
f 10298 10297 10299
f 10300 10301 10302
f 10303 10304 10305
f 10306 10307 10308
f 10309 10310 10311
f 10312 10313 10314
f 10315 10316 10317
f 10318 10319 10320
f 10320 10319 10321
f 10322 10323 10324
f 10325 10326 10327
f 10328 10329 10330
f 10331 10332 10333
f 10334 10335 10336
f 10337 10338 10339
f 10340 10341 10342
f 10343 10344 10345
f 10346 10347 10348
f 10349 10350 10351
f 10352 10353 10354
f 10354 10353 10355
f 10356 10357 10358
f 10359 10360 10361
f 10362 10363 10364
f 10365 10366 10367
f 10368 10369 10370
f 10371 10372 10373
f 10374 10375 10376
f 10376 10375 10377
f 10378 10379 10380
f 10381 10382 10383
f 10384 10385 10386
f 10386 10385 10387
f 10388 10389 10390
f 10391 10392 10393
f 10394 10395 10396
f 10397 10398 10399
f 10400 10401 10402
f 10403 10404 10405
f 10406 10407 10408
f 10409 10410 10411
f 10412 10413 10414
f 10415 10416 10417
f 10418 10419 10420
f 10421 10422 10423
f 10424 10425 10426
f 10427 10428 10429
f 10430 10431 10432
f 10432 10431 10433
f 10434 10435 10436
f 10437 10438 10439
f 10440 10441 10442
f 10443 10444 10445
f 10446 10447 10448
f 10448 10447 10449
f 10450 10451 10452
f 10453 10454 10455
f 10456 10457 10458
f 10459 10460 10461
f 10462 10463 10464
f 10465 10466 10467
f 10468 10469 10470
f 10471 10472 10473
f 10474 10475 10476
f 10477 10478 10479
f 10480 10481 10482
f 10483 10484 10485
f 10486 10487 10488
f 10489 10490 10491
f 10492 10493 10494
f 10495 10496 10497
f 10498 10499 10500
f 10501 10502 10503
f 10504 10505 10506
f 10507 10508 10509
f 10510 10511 10512
f 10513 10514 10515
f 10516 10517 10518
f 10519 10520 10521
f 10522 10523 10524
f 10525 10526 10527
f 10528 10529 10530
f 10531 10532 10533
f 10534 10535 10536
f 10537 10538 10539
f 10540 10541 10542
f 10543 10544 10545
f 10546 10547 10548
f 10549 10550 10551
f 10552 10553 10554
f 10555 10556 10557
f 10558 10559 10560
f 10561 10562 10563
f 10564 10565 10566
f 10567 10568 10569
f 10570 10571 10572
f 10573 10574 10575
f 10576 10577 10578
f 10579 10580 10581
f 10582 10583 10584
f 10585 10586 10587
f 10588 10589 10590
f 10591 10592 10593
f 10593 10592 10594
f 10595 10596 10597
f 10598 10599 10600
f 10601 10602 10603
f 10604 10605 10606
f 10607 10608 10609
f 10610 10611 10612
f 10613 10614 10615
f 10616 10617 10618
f 10619 10620 10621
f 10622 10623 10624
f 10625 10626 10627
f 10628 10629 10630
f 10631 10632 10633
f 10634 10635 10636
f 10637 10638 10639
f 10640 10641 10642
f 10643 10644 10645
f 10646 10647 10648
f 10649 10650 10651
f 10652 10653 10654
f 10655 10656 10657
f 10658 10659 10660
f 10660 10659 10661
f 10662 10663 10664
f 10665 10666 10667
f 10668 10669 10670
f 10671 10672 10673
f 10674 10675 10676
f 10676 10675 10677
f 10678 10679 10680
f 10681 10682 10683
f 10684 10685 10686
f 10687 10688 10689
f 10690 10691 10692
f 10693 10694 10695
f 10696 10697 10698
f 10699 10700 10701
f 10702 10703 10704
f 10705 10706 10707
f 10708 10709 10710
f 10711 10712 10713
f 10714 10715 10716
