# https://github.com/mikedh/trimesh
mtllib mtl_hatch_4060_frame
usemtl mtl_hatch_4060_frame
v -0.00000000 1.22677660 0.56546777
v -0.00000000 1.22136867 0.62379742
v -0.00000000 1.25535643 0.54821777
v 0.01269997 1.25535643 0.54821777
v -0.00000000 1.18678033 0.55696779
v -0.00000000 1.17878711 0.54821777
v 0.01269997 1.17878711 0.54821777
v -0.00000000 1.23102844 0.56121778
v -0.00000000 1.22678041 0.55696779
v -0.00000000 1.19102848 0.66284770
v -0.00000000 1.17878711 0.69489074
v 0.01269997 1.22136867 0.62379742
v -0.00000000 1.21617413 0.57060426
v -0.00000000 1.18678033 0.65859771
v -0.00000000 1.18252850 0.66284770
v -0.00000000 1.21378767 0.57159281
v -0.00000000 1.18252850 0.56121778
v 0.01269997 1.17878711 0.69489074
v -0.00000000 1.18677664 0.56546777
v -0.00000000 1.18677664 0.66709769
v -0.00000000 1.21378767 0.56484282
v -0.00000000 1.22252846 0.56121778
v 0.01269997 1.22252846 0.56121778
v -0.00000000 1.19102848 0.56121778
v 0.01269997 1.22677660 0.55696779
v 0.01269997 1.22678041 0.56546777
v -0.00000000 1.21716261 0.56821781
v -0.00000000 1.21617413 0.56583130
v 0.01269997 1.23102844 0.56121778
v 0.01269997 1.18252850 0.56121778
v 0.01269997 1.18677664 0.55696779
v 0.01269997 1.18678033 0.56546777
v -0.00000000 1.21041262 0.56821781
v -0.00000000 1.21140110 0.56583130
v 0.01269997 1.19102848 0.56121778
v 0.01269997 1.18252850 0.66284770
v 0.01269997 1.18677664 0.65859771
v -0.00000000 1.21140122 0.57060426
v 0.01269997 1.18678033 0.66709769
v 0.01269997 1.19102848 0.66284770
v 0.01269997 1.21378767 0.57159281
v 0.01269997 1.21140110 0.57060426
v 0.01269997 1.21617413 0.57060426
v 0.01269997 1.21716261 0.56821781
v 0.01269997 1.21617413 0.56583130
v 0.01269997 1.21378767 0.56484282
v 0.01269997 1.21140122 0.56583130
v 0.01269997 1.21041262 0.56821781
v 0.01270000 1.10236204 0.80399060
v 0.00000000 1.10236204 0.80399060
v 0.00000000 1.10236204 0.46598151
v 0.00000000 1.18227720 0.50000000
v 0.01270000 1.10236204 0.46598151
v 0.00000000 1.30178761 0.46598151
v 0.00000000 1.18677652 0.49550000
v 0.00000000 1.18359709 0.49681625
v 0.01270000 1.10236204 1.05799055
v 0.00000000 1.10236204 1.05799055
v 0.00000000 1.30178761 0.80489057
v 0.00000000 1.21378505 0.77646160
v 0.00000000 1.18359578 0.50318241
v 0.00000000 1.18677795 0.50449997
v 0.00000000 1.20538509 0.52824157
v 0.00000000 1.18359578 0.60316575
v 0.00000000 1.18227720 0.59998339
v 0.00000000 1.18677795 0.60448337
v 0.00000000 1.21378505 0.76002163
v 0.00000000 1.20666409 0.77234775
v 0.00000000 1.20666575 0.76413268
v 0.01270000 1.17837727 0.59998339
v 0.01270000 1.29019558 0.93243802
v 0.01270000 1.30178761 0.80489057
v 0.01270000 1.18258131 0.60726035
v 0.01270000 1.25579941 1.05580592
v 0.01270000 1.17678714 1.05580592
v 0.01270000 1.30178761 0.46598151
v 0.01270000 1.19097316 0.49272305
v 0.01270000 1.20928502 0.52824157
v 0.01270000 1.21060491 0.53142536
v 0.01270000 1.19097316 0.59270638
v 0.01270000 1.21060359 0.52505922
v 0.01270000 1.21378589 0.52374160
v 0.01270000 1.18258131 0.50727695
v 0.01270000 1.18257856 0.59270799
v 0.01270000 1.17837727 0.50000000
v 0.01270000 1.18257856 0.49272466
v 0.01270000 1.21828508 0.52824157
v 0.01270000 1.21696520 0.52505785
v 0.00000000 1.22090435 0.77235055
v 0.00000000 1.18995869 0.49681762
v 0.00000000 1.19127727 0.50000000
v 0.00000000 1.18995738 0.50318372
v 0.00000000 1.20958912 0.52096462
v 0.00000000 1.18995869 0.59680098
v 0.00000000 1.19127727 0.59998339
v 0.00000000 1.18995738 0.60316712
v 0.00000000 1.18677652 0.59548336
v 0.00000000 1.21798098 0.53551859
v 0.00000000 1.22218502 0.52824157
v 0.00000000 1.21798372 0.52096623
v 0.00000000 1.22090602 0.76413548
v 0.00000000 1.29019558 0.93243802
v 0.01270000 1.21696663 0.53142399
v 0.01270000 1.21378434 0.53274161
v 0.01270000 1.19517720 0.59998339
v 0.01270000 1.19097590 0.60725874
v 0.00000000 1.17678714 1.05580592
v 0.01270000 1.17678714 1.20645082
v 0.00000000 1.17678714 1.20645082
v 0.00000000 1.25579941 1.05580592
v 0.01270000 1.10236204 1.16854119
v 0.01270000 1.08301532 1.24074745
v 0.00000000 1.10236204 1.16854119
v 0.01270000 1.04554999 1.34979284
v 0.01270000 1.03015506 1.29360986
v 0.00000000 1.08301246 1.24075246
v 0.01270000 0.95794374 1.31295943
v 0.00000000 1.03015006 1.29361272
v 0.01270000 0.69337934 1.31295943
v 0.00000000 0.95794374 1.31295943
v 0.01270000 0.73610401 1.38307106
v 0.01270000 0.69337934 1.50541687
v 0.00000000 0.69337934 1.31295943
v 0.01270000 0.94337934 1.37047243
v 0.01270000 0.74337935 1.37047243
v 0.01270000 0.73610240 1.37467647
v 0.01270000 0.74337935 1.38727236
v 0.01270000 0.88025159 1.45202339
v 0.00000000 0.69337934 1.50541687
v 0.01270000 0.95065629 1.38306832
v 0.00000000 1.04554605 1.34979618
v 0.01270000 0.94337934 1.38727236
v 0.00000000 0.88024694 1.45202541
v 0.01270000 0.95065475 1.37467372
v 0.00390000 1.21828508 0.52824157
v 0.00390000 1.21696699 0.52505964
v 0.00390000 1.21378505 0.53274161
v 0.00390000 1.21696699 0.53142357
v 0.00390000 1.21060312 0.53142357
v 0.00390000 1.20928502 0.52824157
v 0.00390000 1.21378505 0.52374160
v 0.00390000 1.21060312 0.52505964
v 0.01270000 1.19097590 0.50727534
v 0.01270000 1.19517720 0.50000000
v 0.01270000 0.75065631 1.38306832
v 0.01270000 0.93610400 1.38307106
v 0.00879999 0.94337934 1.38337243
v 0.00879999 0.94656134 1.38205433
v 0.01270000 0.93610239 1.37467647
v 0.00879999 0.93887937 1.37887239
v 0.00879999 0.94019741 1.38205433
v 0.00879999 0.94019741 1.37569034
v 0.01270000 0.75065470 1.37467372
v 0.00879999 0.94337934 1.37437236
v 0.00879999 0.94787937 1.37887239
v 0.00879999 0.94656134 1.37569034
v 0.00879999 0.74337935 1.38337243
v 0.00879999 0.74656135 1.38205433
v 0.00879999 0.73887938 1.37887239
v 0.00879999 0.74019736 1.38205433
v 0.00879999 0.74019736 1.37569034
v 0.00879999 0.74337935 1.37437236
v 0.00879999 0.74787939 1.37887239
v 0.00879999 0.74656135 1.37569034
v 0.00880000 1.18227720 0.59998339
v 0.00880000 1.18359530 0.60316539
v 0.00880000 1.18677723 0.59548336
v 0.00880000 1.18359530 0.59680140
v 0.00880000 1.18995917 0.59680140
v 0.00880000 1.19127727 0.59998339
v 0.00880000 1.18677723 0.60448337
v 0.00880000 1.18995917 0.60316539
v 0.00879999 1.19127727 0.50000000
v 0.00879999 1.18995917 0.49681801
v 0.00879999 1.18677723 0.50449997
v 0.00879999 1.18995917 0.50318199
v 0.00879999 1.18359530 0.50318199
v 0.00879999 1.18227720 0.50000000
v 0.00879999 1.18677723 0.49550000
v 0.00879999 1.18359530 0.49681801
v 0.00000000 1.21378505 1.01646161
v 0.00000000 1.22090435 1.01235056
v 0.00000000 0.94338012 1.38337243
v 0.00000000 0.73887938 1.37887239
v 0.00000000 0.74338013 1.38337243
v 0.00000000 0.74019784 1.38205481
v 0.00000000 0.74337858 1.37437236
v 0.00000000 0.94656086 1.37568998
v 0.00000000 0.94787937 1.37887239
v 0.00000000 0.94655949 1.38205612
v 0.00000000 0.94337863 1.37437236
v 0.00000000 0.74019921 1.37568867
v 0.00000000 1.21378505 1.00002158
v 0.00000000 1.20666409 1.01234770
v 0.00000000 1.20666575 1.00413263
v 0.00000000 1.22090602 1.00413549
v 0.00000000 1.18359709 0.59679961
v 0.00000000 1.20958638 0.53551698
v 0.00000000 0.74656087 1.37568998
v 0.00000000 0.94019920 1.37568867
v 0.00000000 0.74787939 1.37887239
v 0.00000000 0.93887937 1.37887239
v 0.00000000 0.74655950 1.38205612
v 0.00000000 0.94019783 1.38205481
v 0.00372001 1.21378505 0.77274162
v 0.00372000 1.21060312 0.77142358
v 0.00372001 1.21828508 0.76824158
v 0.00372001 1.21696699 0.77142358
v 0.00372001 1.21696699 0.76505965
v 0.00372001 1.21378505 0.76374161
v 0.00372000 1.20928502 0.76824158
v 0.00372000 1.21060312 0.76505965
v 0.00372001 1.21378505 1.01274157
v 0.00372000 1.21060312 1.01142359
v 0.00372001 1.21828508 1.00824165
v 0.00372001 1.21696699 1.01142359
v 0.00372001 1.21696699 1.00505960
v 0.00372001 1.21378505 1.00374162
v 0.00372000 1.20928502 1.00824165
v 0.00372000 1.21060312 1.00505960
v 0.01000000 1.21696663 0.77142400
v 0.01000000 1.21060491 0.77142537
v 0.01000000 1.21378434 0.77274162
v 0.01000000 1.21828508 0.76824158
v 0.01000000 1.21696520 0.76505786
v 0.01000000 1.21060359 0.76505923
v 0.01000000 1.21378589 0.76374161
v 0.01000000 1.20928502 0.76824158
v 0.01000000 1.21696663 1.01142395
v 0.01000000 1.21060491 1.01142538
v 0.01000000 1.21378434 1.01274157
v 0.01000000 1.21828508 1.00824165
v 0.01000000 1.21696520 1.00505781
v 0.01000000 1.21060359 1.00505924
v 0.01000000 1.21378589 1.00374162
v 0.01000000 1.20928502 1.00824165
v 0.01270000 0.95794374 -0.21300232
v 0.00000000 0.95794374 -0.21300232
v 0.00000000 0.49339786 -0.21300232
v 0.00000000 1.06368375 -0.23429491
v 0.01270000 0.49339786 -0.21300232
v 0.00000000 0.49339786 -0.40545997
v 0.00000000 0.54021585 -0.28207466
v 0.00000000 0.62053865 -0.26721200
v 0.00000000 0.56373882 -0.26971200
v 0.00000000 0.56623900 -0.27221200
v 0.00000000 0.54339671 -0.27439088
v 0.00000000 0.56623870 -0.26721200
v 0.00000000 0.53889596 -0.27889088
v 0.00000000 0.54021448 -0.27570844
v 0.01270000 1.03014958 -0.19365585
v 0.00000000 1.03015459 -0.19365291
v 0.01270000 0.56623900 -0.26721200
v 0.01270000 1.06368363 -0.23429498
v 0.01270000 0.49339786 -0.40545997
v 0.01270000 0.53612059 -0.27469227
v 0.01270000 0.54339600 -0.27049088
v 0.00000000 0.54282022 -0.41068789
v 0.00000000 0.59428769 -0.41243342
v 0.00000000 0.76370400 -0.39184996
v 0.01270000 0.54282022 -0.41068789
v 0.01270000 0.76370388 -0.39184999
v 0.01270000 0.92326361 -0.33129677
v 0.01270000 0.94337934 -0.28729087
v 0.01270000 0.53611898 -0.28308666
v 0.01270000 0.54339600 -0.28729084
v 0.01270000 0.64337939 -0.28729087
v 0.00000000 0.59248769 -0.41243342
v 0.01270000 0.59248769 -0.41243342
v 0.01270000 0.59428769 -0.41243342
v 0.01270000 1.10236204 -0.06858397
v 0.01270000 1.17678714 -0.10649368
v 0.01270000 1.17678714 0.04380586
v 0.00000000 1.17678714 0.04380586
v 0.01270000 1.10236204 0.04196659
v 0.01270000 1.21378577 0.05765160
v 0.01270000 1.25566828 0.04380586
v 0.00000000 1.25566828 0.04380586
v 0.00000000 1.17678714 -0.10649368
v 0.01270000 1.08301270 -0.14079487
v 0.01270000 0.62053901 -0.26721200
v 0.01270000 0.62303883 -0.26971200
v 0.01270000 0.64337939 -0.27049088
v 0.01270000 0.95065641 -0.27469507
v 0.01270000 0.94337934 -0.27049088
v 0.01270000 0.95065480 -0.28308949
v 0.00000000 0.92326665 -0.33129516
v 0.00000000 1.08301556 -0.14078981
v 0.00000000 1.10236204 -0.06858397
v 0.01270000 1.20928502 0.29519659
v 0.01270000 1.10236204 0.29596660
v 0.00000000 1.10236204 0.04196659
v 0.01270000 1.21378577 0.29069659
v 0.01270000 1.29016232 0.16733740
v 0.01270000 1.21378434 0.06665160
v 0.01270000 1.21060359 0.29201418
v 0.01270000 1.21060491 0.06533539
v 0.01270000 1.20928502 0.06215160
v 0.01270000 1.21060359 0.05896918
v 0.01270000 1.18258142 0.40727702
v 0.01270000 1.10235894 0.46598151
v 0.00000000 1.10236204 0.29596660
v 0.01270000 1.21060491 0.29838037
v 0.01270000 1.21378434 0.29969659
v 0.01270000 1.19097304 0.39272299
v 0.01270000 1.17837727 0.40000001
v 0.01270000 1.18257868 0.39272460
v 0.00000000 1.10235894 0.46598151
v 0.01270000 1.21828508 0.29519659
v 0.01270000 1.30178761 0.29506660
v 0.01270000 1.21696651 0.29837903
v 0.01270000 1.19097579 0.40727538
v 0.01270000 1.19517720 0.40000001
v 0.00000000 1.30178761 0.29506660
v 0.01270000 1.21696520 0.29201281
v 0.01270000 1.21696520 0.05896781
v 0.00000000 1.29016232 0.16733746
v 0.01270000 1.21696651 0.06533402
v 0.01270000 1.21828508 0.06215160
v 0.01270000 0.56873882 -0.26971200
v 0.00000000 0.56873882 -0.26971200
v 0.01270000 0.61803883 -0.26971200
v 0.01270000 0.56623870 -0.27221200
v 0.01270000 0.56373882 -0.26971200
v 0.01270000 0.62053865 -0.27221200
v 0.01270000 0.55067301 -0.27469507
v 0.00000000 0.62303883 -0.26971200
v 0.00000000 0.62053901 -0.27221200
v 0.00000000 0.61803883 -0.26971200
v 0.01270000 0.63610393 -0.27469227
v 0.00390000 1.21828508 0.29519659
v 0.00390000 1.21696699 0.29201463
v 0.00390000 1.21378505 0.29969659
v 0.00390000 1.21696699 0.29837859
v 0.00390000 1.21060312 0.29837859
v 0.00390000 1.20928502 0.29519659
v 0.00390000 1.21378505 0.29069659
v 0.00390000 1.21060312 0.29201463
v 0.01270000 0.63610232 -0.28308669
v 0.01270000 0.55067140 -0.28308949
v 0.00879999 0.54339600 -0.28339088
v 0.00879999 0.54021400 -0.28207284
v 0.00879999 0.54789597 -0.27889088
v 0.00879999 0.54657799 -0.28207284
v 0.00879999 0.54657799 -0.27570888
v 0.00879999 0.54339600 -0.27439088
v 0.00879999 0.53889596 -0.27889088
v 0.00879999 0.54021400 -0.27570888
v 0.01270000 0.65065640 -0.27469507
v 0.01270000 0.93610394 -0.27469227
v 0.00880000 0.94337934 -0.27439088
v 0.00880000 0.94656134 -0.27570888
v 0.01270000 0.93610233 -0.28308669
v 0.00880000 0.93887937 -0.27889088
v 0.00880000 0.94019741 -0.27570888
v 0.00880000 0.94019741 -0.28207284
v 0.01270000 0.65065479 -0.28308949
v 0.00880000 0.94337934 -0.28339088
v 0.00880000 0.94787937 -0.27889088
v 0.00880000 0.94656134 -0.28207284
v 0.00880000 0.64337939 -0.27439088
v 0.00880000 0.64656132 -0.27570888
v 0.00880000 0.63887936 -0.27889088
v 0.00880000 0.64019740 -0.27570888
v 0.00880000 0.64019740 -0.28207284
v 0.00880000 0.64337939 -0.28339088
v 0.00880000 0.64787936 -0.27889088
v 0.00880000 0.64656132 -0.28207284
v 0.00879999 1.19127727 0.40000001
v 0.00879999 1.18995917 0.39681801
v 0.00879999 1.18677723 0.40450001
v 0.00879999 1.18995917 0.40318197
v 0.00879999 1.18359530 0.40318197
v 0.00879999 1.18227720 0.40000001
v 0.00879999 1.18677723 0.39550000
v 0.00879999 1.18359530 0.39681801
v 0.00390000 1.21828508 0.06215160
v 0.00390000 1.21696699 0.05896962
v 0.00390000 1.21378505 0.06665160
v 0.00390000 1.21696699 0.06533358
v 0.00390000 1.21060312 0.06533358
v 0.00390000 1.20928502 0.06215160
v 0.00390000 1.21378505 0.05765160
v 0.00390000 1.21060312 0.05896962
v 0.00000000 1.20958924 0.05487457
v 0.00000000 1.21798086 0.06942863
v 0.00000000 1.22218502 0.06215160
v 0.00000000 1.21798372 0.05487619
v 0.00000000 1.20538509 0.06215160
v 0.00000000 1.21798372 0.28792119
v 0.00000000 1.18995738 0.40318379
v 0.00000000 1.18995869 0.39681756
v 0.00000000 1.19127727 0.40000001
v 0.00000000 1.18677652 0.39550000
v 0.00000000 1.21798086 0.30247363
v 0.00000000 1.22218502 0.29519659
v 0.00000000 1.20958924 0.28791958
v 0.00000000 0.54339528 -0.28339088
v 0.00000000 0.94656086 -0.28207329
v 0.00000000 0.64337867 -0.28339088
v 0.00000000 0.94337863 -0.28339088
v 0.00000000 0.94338006 -0.27439088
v 0.00000000 0.94787937 -0.27889088
v 0.00000000 0.94655949 -0.27570710
v 0.00000000 1.20958650 0.30247203
v 0.00000000 1.18227720 0.40000001
v 0.00000000 1.18359709 0.39681622
v 0.00000000 1.18359578 0.40318242
v 0.00000000 1.18677795 0.40450001
v 0.00000000 1.20538509 0.29519659
v 0.00000000 1.20958650 0.06942701
v 0.00000000 0.64338011 -0.27439088
v 0.00000000 0.64019924 -0.28207466
v 0.00000000 0.54657745 -0.28207329
v 0.00000000 0.54789597 -0.27889088
v 0.00000000 0.63887936 -0.27889088
v 0.00000000 0.54657608 -0.27570710
v 0.00000000 0.64019787 -0.27570844
v 0.00000000 0.94019926 -0.28207466
v 0.00000000 0.64656085 -0.28207329
v 0.00000000 0.64787936 -0.27889088
v 0.00000000 0.93887937 -0.27889088
v 0.00000000 0.64655948 -0.27570710
v 0.00000000 0.94019789 -0.27570844
v -0.00000000 1.18252850 -0.07282404
v -0.00000000 1.17878711 -0.10486709
v -0.00000000 1.17878711 0.04180586
v 0.01269997 1.17878711 0.04180586
v -0.00000000 1.22677660 0.03305586
v -0.00000000 1.25535643 0.04180586
v 0.01269997 1.25535643 0.04180586
v -0.00000000 1.18677664 0.03305586
v -0.00000000 1.18252850 0.02880586
v -0.00000000 1.18677664 -0.06857405
v -0.00000000 1.19102848 -0.07282404
v -0.00000000 1.22136867 -0.03377375
v 0.01269997 1.17878711 -0.10486709
v -0.00000000 1.18678033 -0.07707404
v -0.00000000 1.23102844 0.02880586
v 0.01269997 1.22136867 -0.03377375
v -0.00000000 1.22678041 0.02455587
v -0.00000000 1.21716261 0.02180587
v -0.00000000 1.18678033 0.02455587
v -0.00000000 1.21378767 0.01843086
v -0.00000000 1.21617413 0.01941936
v 0.01269997 1.23102844 0.02880586
v 0.01269997 1.22678041 0.03305586
v -0.00000000 1.19102848 0.02880586
v -0.00000000 1.22252846 0.02880586
v 0.01269997 1.22677660 0.02455587
v -0.00000000 1.21378767 0.02518087
v -0.00000000 1.21617413 0.02419233
v 0.01269997 1.22252846 0.02880586
v 0.01269997 1.19102848 0.02880586
v 0.01269997 1.18678033 0.03305586
v 0.01269997 1.18677664 0.02455587
v -0.00000000 1.21140110 0.01941940
v -0.00000000 1.21041262 0.02180587
v -0.00000000 1.21140122 0.02419236
v 0.01269997 1.18252850 0.02880586
v 0.01269997 1.19102848 -0.07282404
v 0.01269997 1.18678033 -0.06857405
v 0.01269997 1.18677664 -0.07707404
v 0.01269997 1.18252850 -0.07282404
v 0.01269997 1.21378767 0.01843086
v 0.01269997 1.21617413 0.01941940
v 0.01269997 1.21140122 0.01941936
v 0.01269997 1.21041262 0.02180587
v 0.01269997 1.21140110 0.02419233
v 0.01269997 1.21378767 0.02518087
v 0.01269997 1.21617413 0.02419236
v 0.01269997 1.21716261 0.02180587
v 0.03009183 1.20319176 0.02101396
v 0.01913173 1.20319188 0.03197417
v 0.01842753 1.20078766 0.03126998
v 0.02323586 1.20078766 0.03607830
v 0.02938769 1.20078766 0.02030982
v 0.01913168 1.19838357 0.03197411
v 0.02253166 1.19838345 0.03537410
v 0.03179185 1.20418763 0.02271398
v 0.02083170 1.20418763 0.03367414
v 0.02253172 1.20319176 0.03537416
v 0.03349181 1.20319188 0.02441394
v 0.03180294 1.20618725 0.02272507
v 0.02910566 1.20462549 0.02002779
v 0.03009189 1.19838345 0.02101402
v 0.02797347 1.19678760 0.01889561
v 0.02083170 1.19738770 0.03367414
v 0.03179185 1.19738770 0.02271398
v 0.03349187 1.19838357 0.02441400
v 0.03561023 1.19678760 0.02653236
v 0.01369997 1.19378769 0.00462210
v 0.03419602 1.20078766 0.02511814
v 0.03561023 1.20078766 0.02653236
v 0.04995706 1.23378491 0.04087919
v 0.04995726 1.19379032 0.04087939
v 0.04988373 1.19378769 0.04080587
v 0.01369997 1.19378769 0.04080587
v 0.04988373 1.23378766 0.04080587
v 0.04588373 1.19678760 0.03680586
v 0.05003018 1.23377681 0.04095231
v 0.05003018 1.19379842 0.04095231
v 0.05013917 1.23373806 0.04111684
v 0.05013916 1.19383717 0.04111682
v 0.01331051 1.23370898 0.04119475
v 0.01769997 1.23078763 0.00862210
v 0.01369997 1.23378766 0.00462210
v 0.01369997 1.23378766 0.04080587
v 0.03561023 1.23078763 0.02653236
v 0.03179185 1.23018765 0.02271398
v 0.02797347 1.23078763 0.01889561
v 0.04588373 1.23078763 0.03680586
v 0.01362645 1.19379032 0.00454858
v 0.01362665 1.23378491 0.00454878
v 0.01355352 1.19379842 0.00447565
v 0.01355352 1.23377681 0.00447565
v 0.01306351 1.19401634 0.00434820
v 0.01299970 1.23350132 0.00437107
v 0.01330789 1.19386744 0.04119739
v 0.01769997 1.19678760 0.00862210
v 0.03178076 1.22138798 0.02270289
v 0.03009189 1.22438347 0.02101402
v 0.03179185 1.22338760 0.02271398
v 0.02083170 1.22338760 0.03367414
v 0.03349187 1.22438359 0.02441400
v 0.02253166 1.22438347 0.03537410
v 0.02797347 1.22678769 0.01889561
v 0.02938769 1.22678769 0.02030982
v 0.01913168 1.22438359 0.03197411
v 0.03009183 1.22919178 0.02101396
v 0.01842753 1.22678769 0.03126998
v 0.01913173 1.22919178 0.03197417
v 0.03349181 1.22919178 0.02441394
v 0.02083170 1.23018765 0.03367414
v 0.03419602 1.22678769 0.02511814
v 0.02253172 1.22919178 0.03537416
v 0.03447804 1.22294986 0.02540017
v 0.02323586 1.22678769 0.03607830
v 0.01769997 1.22678769 0.02916911
v 0.01887158 1.22138762 0.03563436
v 0.01769997 1.22218764 0.03280586
v 0.01769997 1.22436678 0.02997953
v 0.03561023 1.22678769 0.02653236
v 0.02452747 1.22436845 0.03680586
v 0.02169997 1.22218764 0.03680586
v 0.02533672 1.23078763 0.03680586
v 0.02533672 1.22678769 0.03680586
v 0.03570502 1.21679270 0.03680586
v 0.02533672 1.19678760 0.03680586
v 0.02452630 1.20320845 0.03680586
v 0.02169997 1.20538759 0.03680586
v 0.03269997 1.20953763 0.03680586
v 0.02533672 1.20078766 0.03680586
v 0.03694997 1.21378767 0.03680586
v 0.03570502 1.21078265 0.03680586
v 0.01887147 1.20618761 0.03563425
v 0.02797347 1.20078766 0.01889561
v 0.01769997 1.20320690 0.02997836
v 0.01769997 1.20538759 0.03280586
v 0.01769997 1.19678760 0.02916911
v 0.01769997 1.20078766 0.02916911
v 0.01769997 1.21377087 0.01755623
v 0.01769997 1.23078763 0.02916911
v 0.01769997 1.21803761 0.02180587
v 0.01769997 1.21677196 0.01877987
v 0.01269997 1.19478762 0.04080587
v 0.01269997 1.19478762 0.00482921
v 0.01277868 1.19439816 0.04119475
v 0.01299286 1.19408059 0.04151297
v 0.01269997 1.19978762 0.04080587
v 0.01269997 1.19978762 0.03380556
v 0.01269997 1.20953763 0.02483895
v 0.01269997 1.21380448 0.01755623
v 0.01269997 1.23278761 0.00482921
v 0.01269997 1.20953763 0.02180587
v 0.01269997 1.21080327 0.01877987
v 0.01299299 1.19978762 0.04151281
v 0.05017663 1.19392157 0.04130587
v 0.05003873 1.19425261 0.04165067
v 0.01331051 1.19439876 0.04172715
v 0.04967663 1.19478762 0.04180586
v 0.04967663 1.23278761 0.04180586
v 0.01369997 1.19478762 0.04180586
v 0.02070027 1.19978762 0.04180586
v 0.03570502 1.21078265 0.04180586
v 0.05003693 1.23331976 0.04165254
v 0.05017663 1.23365366 0.04130587
v 0.01369997 1.19978762 0.04180586
v 0.01369997 1.23278761 0.04180586
v 0.01369997 1.22778761 0.04180586
v 0.02070027 1.22778761 0.04180586
v 0.02966689 1.21803761 0.04180586
v 0.03694997 1.21378767 0.04180586
v 0.03570502 1.21679270 0.04180586
v 0.03269997 1.21803761 0.04180586
v 0.01299286 1.23349476 0.04151297
v 0.01331108 1.23317707 0.04172715
v 0.01545986 1.19978762 0.03904586
v 0.02394737 1.21378791 0.04180586
v 0.01545997 1.22778761 0.03904598
v 0.03269997 1.20953763 0.04180586
v 0.02966689 1.20953763 0.04180586
v 0.01545990 1.21178770 0.03904593
v 0.01701698 1.21378767 0.04031728
v 0.01653404 1.21237719 0.03997716
v 0.01299303 1.22778761 0.04151285
v 0.01269997 1.22778761 0.04080587
v 0.03269997 1.20953763 0.03843729
v 0.02844997 1.21378767 0.03680586
v 0.02967838 1.21079910 0.03727720
v 0.03269997 1.21803761 0.03843729
v 0.02967824 1.21677625 0.03727757
v 0.01269997 1.22778761 0.03380556
v 0.01269997 1.21378839 0.03055794
v 0.01418855 1.21378767 0.03748886
v 0.01453318 1.21236968 0.03797781
v 0.01269997 1.23278761 0.04080587
v 0.01277980 1.23317969 0.04119739
v 0.01269997 1.21803761 0.02180587
v 0.01269997 1.21803761 0.02483895
v 0.01545990 1.21578765 0.03904593
v 0.01452867 1.21519816 0.03797180
v 0.01606855 1.20953763 0.02180587
v 0.01722864 1.21677625 0.02482745
v 0.01722827 1.21079910 0.02482759
v 0.01769997 1.21378767 0.02605586
v 0.01606855 1.21803761 0.02180587
v 0.01652803 1.21520555 0.03997266
v 0.01783627 1.21378767 0.03384114
v 0.01804877 1.21518946 0.03443949
v 0.01805501 1.21237159 0.03445338
v 0.01887154 1.21178770 0.03563429
v 0.02066498 1.21378064 0.03666965
v 0.01887154 1.21578765 0.03563429
v 0.01769997 1.21679270 0.02481091
v 0.01769997 1.20953763 0.02180587
v 0.01769997 1.21078265 0.02481091
v 0.02969492 1.21078265 0.03680586
v 0.03269997 1.21803761 0.03680586
v 0.02969492 1.21679270 0.03680586
v 0.03036818 1.23018658 0.02411874
v 0.02938769 1.22678661 0.02030982
v 0.02797347 1.22678661 0.02172403
v 0.03178239 1.22338665 0.02270452
v 0.02868930 1.22436607 0.02243986
v 0.03010351 1.22920716 0.02102564
v 0.01269997 1.23378658 0.00362210
v 0.03010351 1.20320714 0.02102564
v 0.02938769 1.20078659 0.02030982
v 0.03180131 1.23018658 0.02272344
v 0.03278180 1.22678661 0.02653236
v 0.03419602 1.22678661 0.02511815
v 0.05088373 1.23378658 0.04180587
v 0.03206598 1.22920716 0.02581654
v 0.03038710 1.22338665 0.02413766
v 0.03348019 1.22436607 0.02440232
v 0.03419602 1.20078659 0.02511815
v 0.05088373 1.19378662 0.04180587
v 0.03180131 1.20418656 0.02272344
v 0.05234648 1.23378658 0.04157155
v 0.01269997 1.19378662 0.00362210
v 0.01269997 1.19378662 0.00272504
v 0.01269997 1.23378658 0.00272504
v 0.01293428 1.23378658 0.00215936
v 0.05178079 1.23378658 0.04180587
v 0.05208690 1.23378658 0.04174488
v 0.03178239 1.19738674 0.02270452
v 0.05178079 1.19378662 0.04180587
v 0.03348019 1.19836617 0.02440232
v 0.05234648 1.19378662 0.04157155
v 0.05208690 1.19378662 0.04174488
v 0.02797347 1.20078659 0.02172403
v 0.03036818 1.20418656 0.02411874
v 0.03038710 1.19738674 0.02413766
v 0.02868930 1.19836617 0.02243986
v 0.03278180 1.20078659 0.02653236
v 0.03206598 1.20320714 0.02581654
v 0.01276095 1.23378658 0.00241893
v 0.01276095 1.19378662 0.00241893
v 0.05251265 1.23373258 0.04132896
v 0.01347616 1.23356926 0.00192592
v 0.01293428 1.19378662 0.00215936
v 0.05251265 1.19384062 0.04132896
v 0.05234648 1.23298669 0.04044018
v 0.01406565 1.23298669 0.00215936
v 0.01347140 1.19400072 0.00192618
v 0.05252302 1.23329985 0.04070703
v 0.05258079 1.23355234 0.04100586
v 0.01406565 1.19458663 0.00215936
v 0.05234648 1.19458663 0.04044018
v 0.05252278 1.19427311 0.04070678
v 0.05258079 1.19402099 0.04100586
v -0.00000000 1.22677660 1.07505584
v -0.00000000 1.22136867 1.13338554
v -0.00000000 1.25535643 1.05780590
v 0.01269997 1.25535643 1.05780590
v -0.00000000 1.18678033 1.06655586
v -0.00000000 1.17878711 1.05780590
v 0.01269997 1.17878711 1.05780590
v -0.00000000 1.23102844 1.07080591
v -0.00000000 1.22678041 1.06655586
v -0.00000000 1.19102848 1.17243576
v -0.00000000 1.17878711 1.20447886
v 0.01269997 1.22136867 1.13338554
v -0.00000000 1.21617413 1.08019233
v -0.00000000 1.18678033 1.16818583
v -0.00000000 1.18252850 1.17243576
v -0.00000000 1.21378767 1.08118081
v -0.00000000 1.18252850 1.07080591
v 0.01269997 1.17878711 1.20447886
v -0.00000000 1.18677664 1.07505584
v -0.00000000 1.18677664 1.17668581
v -0.00000000 1.21378767 1.07443082
v -0.00000000 1.22252846 1.07080591
v 0.01269997 1.22252846 1.07080591
v -0.00000000 1.19102848 1.07080591
v 0.01269997 1.22677660 1.06655586
v 0.01269997 1.22678041 1.07505584
v -0.00000000 1.21716261 1.07780588
v -0.00000000 1.21617413 1.07541931
v 0.01269997 1.23102844 1.07080591
v 0.01269997 1.18252850 1.07080591
v 0.01269997 1.18677664 1.06655586
v 0.01269997 1.18678033 1.07505584
v -0.00000000 1.21041262 1.07780588
v -0.00000000 1.21140110 1.07541943
v 0.01269997 1.19102848 1.07080591
v 0.01269997 1.18252850 1.17243576
v 0.01269997 1.18677664 1.16818583
v -0.00000000 1.21140122 1.08019233
v 0.01269997 1.18678033 1.17668581
v 0.01269997 1.19102848 1.17243576
v 0.01269997 1.21378767 1.08118081
v 0.01269997 1.21140110 1.08019233
v 0.01269997 1.21617413 1.08019233
v 0.01269997 1.21716261 1.07780588
v 0.01269997 1.21617413 1.07541943
v 0.01269997 1.21378767 1.07443082
v 0.01269997 1.21140122 1.07541931
v 0.01269997 1.21041262 1.07780588
v 0.03269908 1.21718502 1.05780590
v 0.03610000 1.21378505 0.04180586
v 0.03610000 1.21378505 1.05780590
v 0.03269908 1.21038508 0.04180586
v 0.03689338 1.21651244 1.05780590
v 0.04045000 1.21164191 1.05780590
v 0.04045000 1.21592820 1.05780590
v 0.03888100 1.21628511 1.05780590
v 0.03731255 1.21128511 1.05780590
v 0.03270092 1.21038508 1.05780590
v 0.03707411 1.21634555 1.05780590
v 0.03731255 1.21628511 1.05780590
v 0.03270092 1.21718502 0.04180586
v 0.03542743 1.21797848 0.04180586
v 0.03526054 1.20941091 0.04180586
v 0.03520000 1.20917249 0.04180586
v 0.03542743 1.20959163 0.04180586
v 0.03623721 1.21024787 0.04180586
v 0.03623721 1.21732223 0.04180586
v 0.02930000 1.21378505 1.05780590
v 0.02930000 1.21378505 0.04180586
v 0.03020000 1.21839762 0.04180586
v 0.03055685 1.22153509 0.04180586
v 0.03484315 1.22153509 0.04180586
v 0.03520000 1.21996605 0.04180586
v 0.03526054 1.21815920 0.04180586
v 0.03520000 1.21839762 0.04180586
v 0.02997257 1.20959163 0.04180586
v 0.02916279 1.21024787 0.04180586
v 0.02916279 1.21732223 0.04180586
v 0.03013946 1.21815920 0.04180586
v 0.02997257 1.21797848 0.04180586
v 0.02808745 1.21628511 1.05780590
v 0.02495000 1.21592820 1.05780590
v 0.02495000 1.21164191 1.05780590
v 0.02651899 1.21128511 1.05780590
v 0.02832589 1.21122456 1.05780590
v 0.02850662 1.21105766 1.05780590
v 0.02808745 1.21128511 1.05780590
v 0.03623721 1.21732223 1.05780590
v 0.02916279 1.21732223 1.05780590
v 0.02850662 1.21651244 1.05780590
v 0.02832589 1.21634555 1.05780590
v 0.02555354 1.19593155 1.05780590
v 0.02870000 1.19528508 1.05780590
v 0.02870000 1.19728506 1.05780590
v 0.02870000 1.19528508 0.04180586
v 0.02570000 1.19628501 1.05780590
v 0.02570000 1.19778502 1.05780590
v 0.02840709 1.19799221 1.05780590
v 0.02840710 1.19799221 0.04180586
v 0.02870000 1.19728506 0.04180586
v 0.02100000 1.19498503 1.05780590
v 0.02826066 1.19422436 1.05780590
v 0.02520000 1.19578505 1.05780590
v 0.02150000 1.19548512 1.05780590
v 0.02135354 1.19513154 1.05780590
v 0.01670000 1.19378507 1.05780590
v 0.02720000 1.19378507 1.05780590
v 0.02826066 1.19422436 0.04180586
v 0.01387158 1.19495666 1.05780590
v 0.01670000 1.19378507 0.04180586
v 0.02720000 1.19378507 0.04180586
v 0.01390000 1.19778502 1.05780590
v 0.01270000 1.19778502 1.05780590
v 0.01387157 1.19495666 0.04180586
v 0.01472013 1.19580519 1.05780590
v 0.01670000 1.19498503 1.05780590
v 0.01470000 1.20628512 1.05780590
v 0.01270000 1.20828509 1.05780590
v 0.01270000 1.20828509 0.04180586
v 0.01390000 1.20208502 1.05780590
v 0.01270000 1.19778502 0.04180586
v 0.01720000 1.20878506 1.05780590
v 0.01313934 1.20934570 1.05780590
v 0.01720000 1.20728505 1.05780590
v 0.01520000 1.20678508 1.05780590
v 0.01484646 1.20663857 1.05780590
v 0.01620000 1.20978510 1.05780590
v 0.01420000 1.20978510 1.05780590
v 0.01313934 1.20934570 0.04180586
v 0.01690709 1.20949221 1.05780590
v 0.01620000 1.20978510 0.04180586
v 0.01420000 1.20978510 0.04180586
v 0.01690710 1.20949221 0.04180586
v 0.01720000 1.20728505 0.04180586
v 0.01720000 1.20878506 0.04180586
v 0.01705353 1.20693147 1.05780590
v 0.01670000 1.20678508 1.05780590
v 0.01705354 1.20693159 0.04180586
v 0.01520000 1.20678508 0.04180586
v 0.01670000 1.20678508 0.04180586
v 0.01484647 1.20663857 0.04180586
v 0.01404647 1.20243859 1.05780590
v 0.01543226 1.20451736 1.05780590
v 0.01470000 1.20628512 0.04180586
v 0.01720000 1.20378506 1.05780590
v 0.01543225 1.20451736 0.04180586
v 0.01440000 1.20258510 1.05780590
v 0.01792157 1.20378506 1.05780590
v 0.01792157 1.20378506 0.04180586
v 0.01720000 1.20378506 0.04180586
v 0.02183041 1.20428658 1.05780590
v 0.01868693 1.20393729 1.05780590
v 0.02059603 1.20357764 1.05780590
v 0.01933579 1.20437086 1.05780590
v 0.01868693 1.20393729 0.04180586
v 0.02499225 1.20841289 1.05780590
v 0.02377843 1.20881355 1.05780590
v 0.02377843 1.20881355 0.04180586
v 0.02349555 1.20664215 1.05780590
v 0.02184819 1.20501065 1.05780590
v 0.02172686 1.20484281 1.05780590
v 0.02168396 1.20464015 1.05780590
v 0.02172202 1.20444882 1.05780590
v 0.01933579 1.20437086 0.04180586
v 0.02566646 1.20956743 1.05780590
v 0.02464552 1.21011114 1.05780590
v 0.02619139 1.21116281 1.05780590
v 0.02464552 1.21011114 0.04180586
v 0.02602401 1.21085572 1.05780590
v 0.02495000 1.21592820 0.04180586
v 0.02495000 1.21164191 0.04180586
v 0.02602401 1.21671438 1.05780590
v 0.02464552 1.21745896 1.05780590
v 0.02619139 1.21640742 1.05780590
v 0.02651899 1.21628511 1.05780590
v 0.02566645 1.21800268 1.05780590
v 0.02377843 1.21875668 1.05780590
v 0.02464552 1.21745896 0.04180586
v 0.02172686 1.22272730 1.05780590
v 0.01933579 1.22319925 1.05780590
v 0.01933579 1.22319925 0.04180586
v 0.02184819 1.22255945 1.05780590
v 0.02349555 1.22092795 1.05780590
v 0.02499225 1.21915722 1.05780590
v 0.02377843 1.21875668 0.04180586
v 0.02183041 1.22328353 1.05780590
v 0.01868693 1.22363281 1.05780590
v 0.02172202 1.22312129 1.05780590
v 0.02168396 1.22292995 1.05780590
v 0.02059603 1.22399247 1.05780590
v 0.01792157 1.22378504 1.05780590
v 0.01868693 1.22363281 0.04180586
v 0.01720000 1.22378504 1.05780590
v 0.01720000 1.22378504 0.04180586
v 0.01792157 1.22378504 0.04180586
v 0.01904221 1.22481501 1.05780590
v 0.01543225 1.22305286 1.05780590
v 0.01996216 1.22432280 1.05780590
v 0.02025887 1.22409487 1.05780590
v 0.01270000 1.21928501 1.05780590
v 0.01470000 1.22128510 1.05780590
v 0.01543226 1.22305286 0.04180586
v 0.01440000 1.22498512 1.05780590
v 0.01801285 1.22498512 1.05780590
v 0.01484647 1.22093153 1.05780590
v 0.01470000 1.22128510 0.04180586
v 0.01520000 1.22078502 1.05780590
v 0.01484646 1.22093153 0.04180586
v 0.01670000 1.22078502 1.05780590
v 0.01670000 1.22078502 0.04180586
v 0.01520000 1.22078502 0.04180586
v 0.01705354 1.22063863 1.05780590
v 0.01720000 1.22028506 1.05780590
v 0.01705353 1.22063863 0.04180586
v 0.01720000 1.21878505 1.05780590
v 0.01720000 1.21878505 0.04180586
v 0.01720000 1.22028506 0.04180586
v 0.01313934 1.21822441 1.05780590
v 0.01690710 1.21807802 1.05780590
v 0.01420000 1.21778512 1.05780590
v 0.01620000 1.21778512 1.05780590
v 0.01690709 1.21807802 0.04180586
v 0.01420000 1.21778512 0.04180586
v 0.01620000 1.21778512 0.04180586
v 0.01313934 1.21822441 0.04180586
v 0.01390000 1.22978508 1.05780590
v 0.01270000 1.22978508 1.05780590
v 0.01270000 1.22978508 0.04180586
v 0.01390000 1.22548509 1.05780590
v 0.01404647 1.22513151 1.05780590
v 0.01270000 1.21928501 0.04180586
v 0.01472011 1.23176491 1.05780590
v 0.01387157 1.23261344 1.05780590
v 0.02720000 1.23378503 1.05780590
v 0.01670000 1.23378503 1.05780590
v 0.01387158 1.23261344 0.04180586
v 0.02826066 1.23334575 1.05780590
v 0.01670000 1.23258507 1.05780590
v 0.02720000 1.23378503 0.04180586
v 0.01670000 1.23378503 0.04180586
v 0.02135353 1.23243856 1.05780590
v 0.02870000 1.23228502 1.05780590
v 0.02826066 1.23334575 0.04180586
v 0.02100000 1.23258507 1.05780590
v 0.02570000 1.23128510 1.05780590
v 0.02870000 1.23028505 1.05780590
v 0.02870000 1.23028505 0.04180586
v 0.02555353 1.23163855 1.05780590
v 0.02520000 1.23178506 1.05780590
v 0.02150000 1.23208511 1.05780590
v 0.02870000 1.23228502 0.04180586
v 0.02570000 1.22978508 1.05780590
v 0.02840710 1.22957802 1.05780590
v 0.02620000 1.22928512 1.05780590
v 0.02770000 1.22928512 1.05780590
v 0.02840709 1.22957802 0.04180586
v 0.02584647 1.22943151 1.05780590
v 0.02620000 1.22928512 0.04180586
v 0.02770000 1.22928512 0.04180586
v 0.02584647 1.22943151 0.04180586
v 0.02570000 1.23128510 0.04180586
v 0.02570000 1.22978508 0.04180586
v 0.02555354 1.23163855 0.04180586
v 0.02343225 1.23105276 1.05780590
v 0.02520000 1.23178506 0.04180586
v 0.02150000 1.22847223 1.05780590
v 0.02270000 1.22928512 1.05780590
v 0.02343226 1.23105288 0.04180586
v 0.02270000 1.22856355 1.05780590
v 0.02270000 1.22856355 0.04180586
v 0.02270000 1.22928512 0.04180586
v 0.02285227 1.22779810 1.05780590
v 0.02167010 1.22744286 1.05780590
v 0.02328579 1.22714925 1.05780590
v 0.02285227 1.22779810 0.04180586
v 0.02555708 1.22298956 1.05780590
v 0.02772843 1.22270668 1.05780590
v 0.02772843 1.22270668 0.04180586
v 0.02392559 1.22463691 1.05780590
v 0.02356738 1.22480094 1.05780590
v 0.02245557 1.22573030 1.05780590
v 0.02249363 1.22592163 1.05780590
v 0.02246744 1.22608125 1.05780590
v 0.02239165 1.22622430 1.05780590
v 0.02216225 1.22652292 1.05780590
v 0.02328579 1.22714925 0.04180586
v 0.02732781 1.22149277 1.05780590
v 0.02902612 1.22183955 1.05780590
v 0.03055685 1.22153509 1.05780590
v 0.02902612 1.22183955 0.04180586
v 0.03484315 1.22153509 1.05780590
v 0.03807219 1.22149277 1.05780590
v 0.03637388 1.22183955 1.05780590
v 0.03984292 1.22298956 1.05780590
v 0.03767157 1.22270668 1.05780590
v 0.03637388 1.22183955 0.04180586
v 0.04323776 1.22652292 1.05780590
v 0.04211421 1.22714925 1.05780590
v 0.04211421 1.22714925 0.04180586
v 0.04147441 1.22463691 1.05780590
v 0.04305281 1.22556806 1.05780590
v 0.04294443 1.22573030 1.05780590
v 0.04300984 1.22622621 1.05780590
v 0.04293338 1.22608376 1.05780590
v 0.04290624 1.22592294 1.05780590
v 0.03767157 1.22270668 0.04180586
v 0.04372990 1.22744286 1.05780590
v 0.04254773 1.22779810 1.05780590
v 0.04390000 1.22847223 1.05780590
v 0.04270000 1.22856355 1.05780590
v 0.04254773 1.22779810 0.04180586
v 0.04390000 1.23208511 1.05780590
v 0.04270000 1.22928512 1.05780590
v 0.04270000 1.22928512 0.04180586
v 0.04270000 1.22856355 0.04180586
v 0.04196774 1.23105288 1.05780590
v 0.04020000 1.23178506 1.05780590
v 0.04196775 1.23105276 0.04180586
v 0.03670000 1.23228502 1.05780590
v 0.03984646 1.23163855 1.05780590
v 0.04020000 1.23178506 0.04180586
v 0.03670000 1.23028505 1.05780590
v 0.03970000 1.23128510 1.05780590
v 0.03984647 1.23163855 0.04180586
v 0.03970000 1.22978508 1.05780590
v 0.03970000 1.22978508 0.04180586
v 0.03970000 1.23128510 0.04180586
v 0.03699291 1.22957802 1.05780590
v 0.03955353 1.22943151 1.05780590
v 0.03770000 1.22928512 1.05780590
v 0.03920000 1.22928512 1.05780590
v 0.03955353 1.22943151 0.04180586
v 0.03770000 1.22928512 0.04180586
v 0.03920000 1.22928512 0.04180586
v 0.03699290 1.22957802 0.04180586
v 0.03670000 1.23228502 0.04180586
v 0.03670000 1.23028505 0.04180586
v 0.04440000 1.23258507 1.05780590
v 0.03713934 1.23334575 1.05780590
v 0.04404647 1.23243856 1.05780590
v 0.04870000 1.23378503 1.05780590
v 0.03820000 1.23378503 1.05780590
v 0.03713934 1.23334575 0.04180586
v 0.05152842 1.23261344 1.05780590
v 0.04870000 1.23378503 0.04180586
v 0.03820000 1.23378503 0.04180586
v 0.05150000 1.22978508 1.05780590
v 0.05270000 1.22978508 1.05780590
v 0.05152843 1.23261344 0.04180586
v 0.05067987 1.23176491 1.05780590
v 0.04870000 1.23258507 1.05780590
v 0.05070000 1.22128510 1.05780590
v 0.05270000 1.21928501 1.05780590
v 0.05270000 1.21928501 0.04180586
v 0.05150000 1.22548509 1.05780590
v 0.05270000 1.22978508 0.04180586
v 0.04820000 1.21878505 1.05780590
v 0.05226066 1.21822441 1.05780590
v 0.04820000 1.22028506 1.05780590
v 0.05020000 1.22078502 1.05780590
v 0.05055353 1.22093153 1.05780590
v 0.04920000 1.21778512 1.05780590
v 0.05120000 1.21778512 1.05780590
v 0.05226066 1.21822441 0.04180586
v 0.04849291 1.21807802 1.05780590
v 0.04920000 1.21778512 0.04180586
v 0.05120000 1.21778512 0.04180586
v 0.04849290 1.21807802 0.04180586
v 0.04820000 1.22028506 0.04180586
v 0.04820000 1.21878505 0.04180586
v 0.04834647 1.22063863 1.05780590
v 0.04870000 1.22078502 1.05780590
v 0.04834646 1.22063863 0.04180586
v 0.05020000 1.22078502 0.04180586
v 0.04870000 1.22078502 0.04180586
v 0.05055353 1.22093153 0.04180586
v 0.05135354 1.22513151 1.05780590
v 0.04996774 1.22305286 1.05780590
v 0.05070000 1.22128510 0.04180586
v 0.04820000 1.22378504 1.05780590
v 0.04996775 1.22305286 0.04180586
v 0.05100000 1.22498512 1.05780590
v 0.04747843 1.22378504 1.05780590
v 0.04747843 1.22378504 0.04180586
v 0.04820000 1.22378504 0.04180586
v 0.04356959 1.22328353 1.05780590
v 0.04671307 1.22363281 1.05780590
v 0.04480397 1.22399247 1.05780590
v 0.04606421 1.22319925 1.05780590
v 0.04671307 1.22363281 0.04180586
v 0.04040775 1.21915722 1.05780590
v 0.04162157 1.21875668 1.05780590
v 0.04162157 1.21875668 0.04180586
v 0.04190445 1.22092795 1.05780590
v 0.04355181 1.22255945 1.05780590
v 0.04367314 1.22272730 1.05780590
v 0.04371604 1.22292995 1.05780590
v 0.04367798 1.22312129 1.05780590
v 0.04606421 1.22319925 0.04180586
v 0.03973354 1.21800268 1.05780590
v 0.04075448 1.21745896 1.05780590
v 0.03920861 1.21640742 1.05780590
v 0.04075448 1.21745896 0.04180586
v 0.03937599 1.21671438 1.05780590
v 0.04045000 1.21164191 0.04180586
v 0.04045000 1.21592820 0.04180586
v 0.03937599 1.21085572 1.05780590
v 0.04075448 1.21011114 1.05780590
v 0.03920861 1.21116281 1.05780590
v 0.03888101 1.21128511 1.05780590
v 0.03973354 1.20956743 1.05780590
v 0.04162157 1.20881355 1.05780590
v 0.04075448 1.21011114 0.04180586
v 0.04367314 1.20484281 1.05780590
v 0.04606421 1.20437086 1.05780590
v 0.04606421 1.20437086 0.04180586
v 0.04355181 1.20501065 1.05780590
v 0.04190445 1.20664215 1.05780590
v 0.04040775 1.20841289 1.05780590
v 0.04162157 1.20881355 0.04180586
v 0.04356959 1.20428658 1.05780590
v 0.04671307 1.20393729 1.05780590
v 0.04367798 1.20444882 1.05780590
v 0.04371604 1.20464015 1.05780590
v 0.04480397 1.20357764 1.05780590
v 0.04747843 1.20378506 1.05780590
v 0.04671307 1.20393729 0.04180586
v 0.04820000 1.20378506 1.05780590
v 0.04820000 1.20378506 0.04180586
v 0.04747843 1.20378506 0.04180586
v 0.04635779 1.20275521 1.05780590
v 0.04996775 1.20451736 1.05780590
v 0.04543784 1.20324731 1.05780590
v 0.04514113 1.20347524 1.05780590
v 0.05270000 1.20828509 1.05780590
v 0.05070000 1.20628512 1.05780590
v 0.04996774 1.20451736 0.04180586
v 0.05100000 1.20258510 1.05780590
v 0.04738715 1.20258510 1.05780590
v 0.05055353 1.20663857 1.05780590
v 0.05070000 1.20628512 0.04180586
v 0.05020000 1.20678508 1.05780590
v 0.05055353 1.20663857 0.04180586
v 0.04870000 1.20678508 1.05780590
v 0.04870000 1.20678508 0.04180586
v 0.05020000 1.20678508 0.04180586
v 0.04834646 1.20693159 1.05780590
v 0.04820000 1.20728505 1.05780590
v 0.04834647 1.20693147 0.04180586
v 0.04820000 1.20878506 1.05780590
v 0.04820000 1.20878506 0.04180586
v 0.04820000 1.20728505 0.04180586
v 0.05226066 1.20934570 1.05780590
v 0.04849290 1.20949221 1.05780590
v 0.05120000 1.20978510 1.05780590
v 0.04920000 1.20978510 1.05780590
v 0.04849291 1.20949221 0.04180586
v 0.05120000 1.20978510 0.04180586
v 0.04920000 1.20978510 0.04180586
v 0.05226066 1.20934570 0.04180586
v 0.05150000 1.19778502 1.05780590
v 0.05270000 1.19778502 1.05780590
v 0.05270000 1.19778502 0.04180586
v 0.05150000 1.20208502 1.05780590
v 0.05135353 1.20243859 1.05780590
v 0.05270000 1.20828509 0.04180586
v 0.05067988 1.19580519 1.05780590
v 0.05152843 1.19495666 1.05780590
v 0.03820000 1.19378507 1.05780590
v 0.04870000 1.19378507 1.05780590
v 0.05152842 1.19495666 0.04180586
v 0.03713934 1.19422436 1.05780590
v 0.04870000 1.19498503 1.05780590
v 0.03820000 1.19378507 0.04180586
v 0.04870000 1.19378507 0.04180586
v 0.04404647 1.19513154 1.05780590
v 0.03670000 1.19528508 1.05780590
v 0.03713934 1.19422436 0.04180586
v 0.04440000 1.19498503 1.05780590
v 0.03970000 1.19628501 1.05780590
v 0.03670000 1.19728506 1.05780590
v 0.03670000 1.19728506 0.04180586
v 0.03984647 1.19593155 1.05780590
v 0.04020000 1.19578505 1.05780590
v 0.04390000 1.19548512 1.05780590
v 0.03670000 1.19528508 0.04180586
v 0.03970000 1.19778502 1.05780590
v 0.03699290 1.19799221 1.05780590
v 0.03920000 1.19828510 1.05780590
v 0.03770000 1.19828510 1.05780590
v 0.03699291 1.19799221 0.04180586
v 0.03955353 1.19813859 1.05780590
v 0.03920000 1.19828510 0.04180586
v 0.03770000 1.19828510 0.04180586
v 0.03955353 1.19813859 0.04180586
v 0.03970000 1.19628501 0.04180586
v 0.03970000 1.19778502 0.04180586
v 0.03984646 1.19593155 0.04180586
v 0.04196775 1.19651735 1.05780590
v 0.04020000 1.19578505 0.04180586
v 0.04390000 1.19909787 1.05780590
v 0.04270000 1.19828510 1.05780590
v 0.04196774 1.19651735 0.04180586
v 0.04270000 1.19900668 1.05780590
v 0.04270000 1.19900668 0.04180586
v 0.04270000 1.19828510 0.04180586
v 0.04254773 1.19977200 1.05780590
v 0.04372990 1.20012724 1.05780590
v 0.04211421 1.20042086 1.05780590
v 0.04254773 1.19977200 0.04180586
v 0.03984292 1.20458066 1.05780590
v 0.03767157 1.20486355 1.05780590
v 0.03767157 1.20486355 0.04180586
v 0.04147441 1.20293331 1.05780590
v 0.04183262 1.20276916 1.05780590
v 0.04294443 1.20183980 1.05780590
v 0.04290637 1.20164847 1.05780590
v 0.04293256 1.20148885 1.05780590
v 0.04300835 1.20134592 1.05780590
v 0.04323775 1.20104718 1.05780590
v 0.04211421 1.20042086 0.04180586
v 0.03807219 1.20607734 1.05780590
v 0.03637388 1.20573056 1.05780590
v 0.03484315 1.20603502 1.05780590
v 0.03637388 1.20573056 0.04180586
v 0.03055685 1.20603502 1.05780590
v 0.03055685 1.20603502 0.04180586
v 0.03484315 1.20603502 0.04180586
v 0.02732781 1.20607734 1.05780590
v 0.02902612 1.20573056 1.05780590
v 0.02555708 1.20458066 1.05780590
v 0.02772843 1.20486355 1.05780590
v 0.02902612 1.20573056 0.04180586
v 0.02216224 1.20104718 1.05780590
v 0.02328579 1.20042086 1.05780590
v 0.02328579 1.20042086 0.04180586
v 0.02392559 1.20293331 1.05780590
v 0.02234719 1.20200205 1.05780590
v 0.02245557 1.20183980 1.05780590
v 0.02239016 1.20134389 1.05780590
v 0.02246662 1.20148647 1.05780590
v 0.02249376 1.20164716 1.05780590
v 0.02772843 1.20486355 0.04180586
v 0.02167010 1.20012724 1.05780590
v 0.02285227 1.19977200 1.05780590
v 0.02150000 1.19909787 1.05780590
v 0.02270000 1.19900668 1.05780590
v 0.02285227 1.19977200 0.04180586
v 0.02270000 1.19828510 1.05780590
v 0.02270000 1.19828510 0.04180586
v 0.02270000 1.19900668 0.04180586
v 0.02343226 1.19651735 1.05780590
v 0.02343225 1.19651735 0.04180586
v 0.02520000 1.19578505 0.04180586
v 0.02555353 1.19593155 0.04180586
v 0.02570000 1.19778502 0.04180586
v 0.02570000 1.19628501 0.04180586
v 0.02584647 1.19813859 1.05780590
v 0.02770000 1.19828510 1.05780590
v 0.02620000 1.19828510 1.05780590
v 0.02584646 1.19813859 0.04180586
v 0.02770000 1.19828510 0.04180586
v 0.02620000 1.19828510 0.04180586
v 0.02850662 1.21105766 0.04180586
v 0.02916279 1.21024787 1.05780590
v 0.02832589 1.21122456 0.04180586
v 0.02651899 1.21128511 0.04180586
v 0.02808745 1.21128511 0.04180586
v 0.02619139 1.21116281 0.04180586
v 0.02602401 1.21085572 0.04180586
v 0.02566646 1.20956743 0.04180586
v 0.02499225 1.20841289 0.04180586
v 0.02349555 1.20664215 0.04180586
v 0.02184819 1.20501065 0.04180586
v 0.02172686 1.20484281 0.04180586
v 0.02168396 1.20464015 0.04180586
v 0.02172202 1.20444882 0.04180586
v 0.02091701 1.20343220 1.05780590
v 0.02320156 1.20291543 1.05780590
v 0.02320156 1.20291543 0.04180586
v 0.02183041 1.20428658 0.04180586
v 0.02356739 1.20276916 1.05780590
v 0.02356738 1.20276916 0.04180586
v 0.02392559 1.20293331 0.04180586
v 0.02555708 1.20458066 0.04180586
v 0.03691763 1.20675147 1.05780590
v 0.02848237 1.20675147 1.05780590
v 0.02732781 1.20607734 0.04180586
v 0.03562934 1.20710909 1.05780590
v 0.02977067 1.20710909 1.05780590
v 0.02848237 1.20675147 0.04180586
v 0.03532230 1.20727646 1.05780590
v 0.03007770 1.20727646 1.05780590
v 0.02977067 1.20710909 0.04180586
v 0.03520000 1.20760405 1.05780590
v 0.03020000 1.20760405 1.05780590
v 0.03007770 1.20727646 0.04180586
v 0.03520000 1.20917249 1.05780590
v 0.03020000 1.20917249 1.05780590
v 0.03020000 1.20917249 0.04180586
v 0.03020000 1.20760405 0.04180586
v 0.03526054 1.20941091 1.05780590
v 0.03013946 1.20941091 1.05780590
v 0.03542743 1.20959163 1.05780590
v 0.02997257 1.20959163 1.05780590
v 0.03013946 1.20941091 0.04180586
v 0.03623721 1.21024787 1.05780590
v 0.03689338 1.21105766 1.05780590
v 0.03689338 1.21105766 0.04180586
v 0.03707411 1.21122456 1.05780590
v 0.03707411 1.21122456 0.04180586
v 0.03520000 1.20760405 0.04180586
v 0.03532230 1.20727646 0.04180586
v 0.03562934 1.20710909 0.04180586
v 0.03691763 1.20675147 0.04180586
v 0.03807219 1.20607734 0.04180586
v 0.03984292 1.20458066 0.04180586
v 0.04147441 1.20293331 0.04180586
v 0.04448299 1.20343220 1.05780590
v 0.04219845 1.20291543 1.05780590
v 0.04183261 1.20276916 0.04180586
v 0.04305281 1.20200205 1.05780590
v 0.04356959 1.20428658 0.04180586
v 0.04219845 1.20291543 0.04180586
v 0.04367798 1.20444882 0.04180586
v 0.04371604 1.20464015 0.04180586
v 0.04367314 1.20484281 0.04180586
v 0.04355181 1.20501065 0.04180586
v 0.04190445 1.20664215 0.04180586
v 0.04040775 1.20841289 0.04180586
v 0.03973354 1.20956743 0.04180586
v 0.03937599 1.21085572 0.04180586
v 0.03920861 1.21116281 0.04180586
v 0.03731255 1.21128511 0.04180586
v 0.03888101 1.21128511 0.04180586
v 0.03542743 1.21797848 1.05780590
v 0.02997257 1.21797848 1.05780590
v 0.03526054 1.21815920 1.05780590
v 0.03689338 1.21651244 0.04180586
v 0.03707411 1.21634555 0.04180586
v 0.03888100 1.21628511 0.04180586
v 0.03731255 1.21628511 0.04180586
v 0.03920861 1.21640742 0.04180586
v 0.03937599 1.21671438 0.04180586
v 0.03973354 1.21800268 0.04180586
v 0.04040775 1.21915722 0.04180586
v 0.04190445 1.22092795 0.04180586
v 0.04355181 1.22255945 0.04180586
v 0.04367314 1.22272730 0.04180586
v 0.04371604 1.22292995 0.04180586
v 0.04367798 1.22312129 0.04180586
v 0.04448299 1.22413790 1.05780590
v 0.04219845 1.22465467 1.05780590
v 0.04219845 1.22465467 0.04180586
v 0.04356959 1.22328353 0.04180586
v 0.04183261 1.22480094 1.05780590
v 0.04183262 1.22480094 0.04180586
v 0.04147441 1.22463691 0.04180586
v 0.03984292 1.22298956 0.04180586
v 0.02848237 1.22081864 1.05780590
v 0.03691763 1.22081864 1.05780590
v 0.03807219 1.22149277 0.04180586
v 0.02977066 1.22046101 1.05780590
v 0.03562934 1.22046101 1.05780590
v 0.03691763 1.22081864 0.04180586
v 0.03007770 1.22029364 1.05780590
v 0.03532230 1.22029364 1.05780590
v 0.03562934 1.22046101 0.04180586
v 0.03020000 1.21996605 1.05780590
v 0.03520000 1.21996605 1.05780590
v 0.03532230 1.22029364 0.04180586
v 0.03020000 1.21839762 1.05780590
v 0.03520000 1.21839762 1.05780590
v 0.03013946 1.21815920 1.05780590
v 0.02850662 1.21651244 0.04180586
v 0.02832589 1.21634555 0.04180586
v 0.03020000 1.21996605 0.04180586
v 0.03007770 1.22029364 0.04180586
v 0.02977066 1.22046101 0.04180586
v 0.02848237 1.22081864 0.04180586
v 0.02732781 1.22149277 0.04180586
v 0.02555708 1.22298956 0.04180586
v 0.02392559 1.22463691 0.04180586
v 0.02091701 1.22413790 1.05780590
v 0.02320155 1.22465467 1.05780590
v 0.02356739 1.22480094 0.04180586
v 0.02234719 1.22556806 1.05780590
v 0.02183041 1.22328353 0.04180586
v 0.02320155 1.22465467 0.04180586
v 0.02172202 1.22312129 0.04180586
v 0.02168396 1.22292995 0.04180586
v 0.02172686 1.22272730 0.04180586
v 0.02184819 1.22255945 0.04180586
v 0.02349555 1.22092795 0.04180586
v 0.02499225 1.21915722 0.04180586
v 0.02566645 1.21800268 0.04180586
v 0.02602401 1.21671438 0.04180586
v 0.02619139 1.21640742 0.04180586
v 0.02808745 1.21628511 0.04180586
v 0.02651899 1.21628511 0.04180586
v 0.02091701 1.20343220 0.04180586
v 0.02245557 1.20183980 0.04180586
v 0.02234719 1.20200205 0.04180586
v 0.02025888 1.20347524 1.05780590
v 0.02059603 1.20357764 0.04180586
v 0.01996216 1.20324731 1.05780590
v 0.01996216 1.20324731 0.04180586
v 0.02025888 1.20347524 0.04180586
v 0.01904221 1.20275521 1.05780590
v 0.01801285 1.20258510 1.05780590
v 0.01904221 1.20275521 0.04180586
v 0.01440000 1.20258510 0.04180586
v 0.01801285 1.20258510 0.04180586
v 0.01404647 1.20243859 0.04180586
v 0.01390000 1.19778502 0.04180586
v 0.01390000 1.20208502 0.04180586
v 0.01472011 1.19580519 0.04180586
v 0.02100000 1.19498503 0.04180586
v 0.01670000 1.19498503 0.04180586
v 0.02135353 1.19513154 0.04180586
v 0.02150000 1.19909787 0.04180586
v 0.02150000 1.19548512 0.04180586
v 0.02167010 1.20012724 0.04180586
v 0.02239165 1.20134592 0.04180586
v 0.02216224 1.20104718 0.04180586
v 0.02246744 1.20148885 0.04180586
v 0.02249363 1.20164847 0.04180586
v 0.04305281 1.20200205 0.04180586
v 0.04480397 1.20357764 0.04180586
v 0.04448299 1.20343220 0.04180586
v 0.04294443 1.20183980 0.04180586
v 0.04290624 1.20164716 0.04180586
v 0.04293338 1.20148647 0.04180586
v 0.04323775 1.20104718 0.04180586
v 0.04300984 1.20134389 0.04180586
v 0.04372990 1.20012724 0.04180586
v 0.04390000 1.19548512 0.04180586
v 0.04390000 1.19909787 0.04180586
v 0.04404647 1.19513154 0.04180586
v 0.04870000 1.19498503 0.04180586
v 0.04440000 1.19498503 0.04180586
v 0.05067987 1.19580519 0.04180586
v 0.05150000 1.20208502 0.04180586
v 0.05150000 1.19778502 0.04180586
v 0.05135353 1.20243859 0.04180586
v 0.04738715 1.20258510 0.04180586
v 0.05100000 1.20258510 0.04180586
v 0.04635779 1.20275521 0.04180586
v 0.04514113 1.20347524 0.04180586
v 0.04543784 1.20324731 0.04180586
v 0.04448299 1.22413790 0.04180586
v 0.04294443 1.22573030 0.04180586
v 0.04305281 1.22556806 0.04180586
v 0.04514113 1.22409487 1.05780590
v 0.04480397 1.22399247 0.04180586
v 0.04543784 1.22432280 1.05780590
v 0.04543784 1.22432280 0.04180586
v 0.04514113 1.22409487 0.04180586
v 0.04635779 1.22481501 1.05780590
v 0.04738715 1.22498512 1.05780590
v 0.04635779 1.22481501 0.04180586
v 0.05100000 1.22498512 0.04180586
v 0.04738715 1.22498512 0.04180586
v 0.05135353 1.22513151 0.04180586
v 0.05150000 1.22978508 0.04180586
v 0.05150000 1.22548509 0.04180586
v 0.05067988 1.23176491 0.04180586
v 0.04440000 1.23258507 0.04180586
v 0.04870000 1.23258507 0.04180586
v 0.04404647 1.23243856 0.04180586
v 0.04390000 1.22847223 0.04180586
v 0.04390000 1.23208511 0.04180586
v 0.04372990 1.22744286 0.04180586
v 0.04300835 1.22622430 0.04180586
v 0.04323776 1.22652292 0.04180586
v 0.04293256 1.22608125 0.04180586
v 0.04290637 1.22592163 0.04180586
v 0.02234719 1.22556806 0.04180586
v 0.02059603 1.22399247 0.04180586
v 0.02091701 1.22413790 0.04180586
v 0.02245557 1.22573030 0.04180586
v 0.02249376 1.22592294 0.04180586
v 0.02246662 1.22608376 0.04180586
v 0.02216225 1.22652292 0.04180586
v 0.02239016 1.22622621 0.04180586
v 0.02167010 1.22744286 0.04180586
v 0.02150000 1.23208511 0.04180586
v 0.02150000 1.22847223 0.04180586
v 0.02135354 1.23243856 0.04180586
v 0.01670000 1.23258507 0.04180586
v 0.02100000 1.23258507 0.04180586
v 0.01472013 1.23176491 0.04180586
v 0.01390000 1.22548509 0.04180586
v 0.01390000 1.22978508 0.04180586
v 0.01404647 1.22513151 0.04180586
v 0.01801285 1.22498512 0.04180586
v 0.01440000 1.22498512 0.04180586
v 0.01904221 1.22481501 0.04180586
v 0.02025887 1.22409487 0.04180586
v 0.01996216 1.22432280 0.04180586
v -0.00000000 1.18252850 -0.07250211
v -0.00000000 1.17878711 -0.10454516
v -0.00000000 1.17878711 0.04212779
v 0.01269997 1.17878711 0.04212779
v -0.00000000 1.22677660 0.03337779
v -0.00000000 1.25535643 0.04212779
v 0.01269997 1.25535643 0.04212779
v -0.00000000 1.18677664 0.03337779
v -0.00000000 1.18252850 0.02912779
v -0.00000000 1.18677664 -0.06825212
v -0.00000000 1.19102848 -0.07250211
v -0.00000000 1.22136867 -0.03345183
v 0.01269997 1.17878711 -0.10454516
v -0.00000000 1.18678033 -0.07675210
v -0.00000000 1.23102844 0.02912779
v 0.01269997 1.22136867 -0.03345183
v -0.00000000 1.22678041 0.02487780
v -0.00000000 1.21716261 0.02212779
v -0.00000000 1.18678033 0.02487780
v -0.00000000 1.21378767 0.01875279
v -0.00000000 1.21617413 0.01974129
v 0.01269997 1.23102844 0.02912779
v 0.01269997 1.22678041 0.03337779
v -0.00000000 1.19102848 0.02912779
v -0.00000000 1.22252846 0.02912779
v 0.01269997 1.22677660 0.02487780
v -0.00000000 1.21378767 0.02550279
v -0.00000000 1.21617413 0.02451425
v 0.01269997 1.22252846 0.02912779
v 0.01269997 1.19102848 0.02912779
v 0.01269997 1.18678033 0.03337779
v 0.01269997 1.18677664 0.02487780
v -0.00000000 1.21140110 0.01974133
v -0.00000000 1.21041262 0.02212779
v -0.00000000 1.21140122 0.02451429
v 0.01269997 1.18252850 0.02912779
v 0.01269997 1.19102848 -0.07250211
v 0.01269997 1.18678033 -0.06825212
v 0.01269997 1.18677664 -0.07675210
v 0.01269997 1.18252850 -0.07250211
v 0.01269997 1.21378767 0.01875279
v 0.01269997 1.21617413 0.01974133
v 0.01269997 1.21140122 0.01974129
v 0.01269997 1.21041262 0.02212779
v 0.01269997 1.21140110 0.02451425
v 0.01269997 1.21378767 0.02550279
v 0.01269997 1.21617413 0.02451429
v 0.01269997 1.21716261 0.02212779
v 0.03009183 1.20319176 0.02133589
v 0.01913173 1.20319188 0.03229610
v 0.01842753 1.20078766 0.03159190
v 0.02323586 1.20078766 0.03640023
v 0.02938769 1.20078766 0.02063175
v 0.01913168 1.19838357 0.03229604
v 0.02253166 1.19838345 0.03569603
v 0.03179185 1.20418763 0.02303591
v 0.02083170 1.20418763 0.03399606
v 0.02253172 1.20319176 0.03569609
v 0.03349181 1.20319188 0.02473587
v 0.03180294 1.20618725 0.02304700
v 0.02910566 1.20462549 0.02034972
v 0.03009189 1.19838345 0.02133595
v 0.02797347 1.19678760 0.01921753
v 0.02083170 1.19738770 0.03399606
v 0.03179185 1.19738770 0.02303591
v 0.03349187 1.19838357 0.02473593
v 0.03561023 1.19678760 0.02685429
v 0.01369997 1.19378769 0.00494403
v 0.03419602 1.20078766 0.02544007
v 0.03561023 1.20078766 0.02685429
v 0.04995706 1.23378491 0.04120111
v 0.04995726 1.19379032 0.04120132
v 0.04988373 1.19378769 0.04112779
v 0.01369997 1.19378769 0.04112779
v 0.04988373 1.23378766 0.04112779
v 0.04588373 1.19678760 0.03712779
v 0.05003018 1.23377681 0.04127424
v 0.05003018 1.19379842 0.04127424
v 0.05013917 1.23373806 0.04143877
v 0.05013916 1.19383717 0.04143874
v 0.01331051 1.23370898 0.04151668
v 0.01769997 1.23078763 0.00894403
v 0.01369997 1.23378766 0.00494403
v 0.01369997 1.23378766 0.04112779
v 0.03561023 1.23078763 0.02685429
v 0.03179185 1.23018765 0.02303591
v 0.02797347 1.23078763 0.01921753
v 0.04588373 1.23078763 0.03712779
v 0.01362645 1.19379032 0.00487050
v 0.01362665 1.23378491 0.00487070
v 0.01355352 1.19379842 0.00479758
v 0.01355352 1.23377681 0.00479758
v 0.01306351 1.19401634 0.00467012
v 0.01299970 1.23350132 0.00469299
v 0.01330789 1.19386744 0.04151932
v 0.01769997 1.19678760 0.00894403
v 0.03178076 1.22138798 0.02302482
v 0.03009189 1.22438347 0.02133595
v 0.03179185 1.22338760 0.02303591
v 0.02083170 1.22338760 0.03399606
v 0.03349187 1.22438359 0.02473593
v 0.02253166 1.22438347 0.03569603
v 0.02797347 1.22678769 0.01921753
v 0.02938769 1.22678769 0.02063175
v 0.01913168 1.22438359 0.03229604
v 0.03009183 1.22919178 0.02133589
v 0.01842753 1.22678769 0.03159190
v 0.01913173 1.22919178 0.03229610
v 0.03349181 1.22919178 0.02473587
v 0.02083170 1.23018765 0.03399606
v 0.03419602 1.22678769 0.02544007
v 0.02253172 1.22919178 0.03569609
v 0.03447804 1.22294986 0.02572210
v 0.02323586 1.22678769 0.03640023
v 0.01769997 1.22678769 0.02949104
v 0.01887158 1.22138762 0.03595629
v 0.01769997 1.22218764 0.03312779
v 0.01769997 1.22436678 0.03030146
v 0.03561023 1.22678769 0.02685429
v 0.02452747 1.22436845 0.03712779
v 0.02169997 1.22218764 0.03712779
v 0.02533672 1.23078763 0.03712779
v 0.02533672 1.22678769 0.03712779
v 0.03570502 1.21679270 0.03712779
v 0.02533672 1.19678760 0.03712779
v 0.02452630 1.20320845 0.03712779
v 0.02169997 1.20538759 0.03712779
v 0.03269997 1.20953763 0.03712779
v 0.02533672 1.20078766 0.03712779
v 0.03694997 1.21378767 0.03712779
v 0.03570502 1.21078265 0.03712779
v 0.01887147 1.20618761 0.03595618
v 0.02797347 1.20078766 0.01921753
v 0.01769997 1.20320690 0.03030029
v 0.01769997 1.20538759 0.03312779
v 0.01769997 1.19678760 0.02949104
v 0.01769997 1.20078766 0.02949104
v 0.01769997 1.21377087 0.01787815
v 0.01769997 1.23078763 0.02949104
v 0.01769997 1.21803761 0.02212779
v 0.01769997 1.21677196 0.01910180
v 0.01269997 1.19478762 0.04112779
v 0.01269997 1.19478762 0.00515113
v 0.01277868 1.19439816 0.04151668
v 0.01299286 1.19408059 0.04183490
v 0.01269997 1.19978762 0.04112779
v 0.01269997 1.19978762 0.03412749
v 0.01269997 1.20953763 0.02516087
v 0.01269997 1.21380448 0.01787815
v 0.01269997 1.23278761 0.00515113
v 0.01269997 1.20953763 0.02212779
v 0.01269997 1.21080327 0.01910180
v 0.01299299 1.19978762 0.04183473
v 0.05017663 1.19392157 0.04162779
v 0.05003873 1.19425261 0.04197260
v 0.01331051 1.19439876 0.04204908
v 0.04967663 1.19478762 0.04212779
v 0.04967663 1.23278761 0.04212779
v 0.01369997 1.19478762 0.04212779
v 0.02070027 1.19978762 0.04212779
v 0.03570502 1.21078265 0.04212779
v 0.05003693 1.23331976 0.04197447
v 0.05017663 1.23365366 0.04162779
v 0.01369997 1.19978762 0.04212779
v 0.01369997 1.23278761 0.04212779
v 0.01369997 1.22778761 0.04212779
v 0.02070027 1.22778761 0.04212779
v 0.02966689 1.21803761 0.04212779
v 0.03694997 1.21378767 0.04212779
v 0.03570502 1.21679270 0.04212779
v 0.03269997 1.21803761 0.04212779
v 0.01299286 1.23349476 0.04183490
v 0.01331108 1.23317707 0.04204908
v 0.01545986 1.19978762 0.03936779
v 0.02394737 1.21378791 0.04212779
v 0.01545997 1.22778761 0.03936790
v 0.03269997 1.20953763 0.04212779
v 0.02966689 1.20953763 0.04212779
v 0.01545990 1.21178770 0.03936786
v 0.01701698 1.21378767 0.04063921
v 0.01653404 1.21237719 0.04029909
v 0.01299303 1.22778761 0.04183478
v 0.01269997 1.22778761 0.04112779
v 0.03269997 1.20953763 0.03875921
v 0.02844997 1.21378767 0.03712779
v 0.02967838 1.21079910 0.03759912
v 0.03269997 1.21803761 0.03875921
v 0.02967824 1.21677625 0.03759949
v 0.01269997 1.22778761 0.03412749
v 0.01269997 1.21378839 0.03087986
v 0.01418855 1.21378767 0.03781078
v 0.01453318 1.21236968 0.03829974
v 0.01269997 1.23278761 0.04112779
v 0.01277980 1.23317969 0.04151932
v 0.01269997 1.21803761 0.02212779
v 0.01269997 1.21803761 0.02516087
v 0.01545990 1.21578765 0.03936786
v 0.01452867 1.21519816 0.03829372
v 0.01606855 1.20953763 0.02212779
v 0.01722864 1.21677625 0.02514938
v 0.01722827 1.21079910 0.02514952
v 0.01769997 1.21378767 0.02637779
v 0.01606855 1.21803761 0.02212779
v 0.01652803 1.21520555 0.04029458
v 0.01783627 1.21378767 0.03416307
v 0.01804877 1.21518946 0.03476142
v 0.01805501 1.21237159 0.03477531
v 0.01887154 1.21178770 0.03595622
v 0.02066498 1.21378064 0.03699157
v 0.01887154 1.21578765 0.03595622
v 0.01769997 1.21679270 0.02513284
v 0.01769997 1.20953763 0.02212779
v 0.01769997 1.21078265 0.02513284
v 0.02969492 1.21078265 0.03712779
v 0.03269997 1.21803761 0.03712779
v 0.02969492 1.21679270 0.03712779
v 0.03036818 1.23018658 0.02444066
v 0.02938769 1.22678661 0.02063175
v 0.02797347 1.22678661 0.02204596
v 0.03178239 1.22338665 0.02302645
v 0.02868930 1.22436607 0.02276178
v 0.03010351 1.22920716 0.02134757
v 0.01269997 1.23378658 0.00394403
v 0.03010351 1.20320714 0.02134757
v 0.02938769 1.20078659 0.02063175
v 0.03180131 1.23018658 0.02304537
v 0.03278180 1.22678661 0.02685429
v 0.03419602 1.22678661 0.02544007
v 0.05088373 1.23378658 0.04212779
v 0.03206598 1.22920716 0.02613846
v 0.03038710 1.22338665 0.02445958
v 0.03348019 1.22436607 0.02472425
v 0.03419602 1.20078659 0.02544007
v 0.05088373 1.19378662 0.04212779
v 0.03180131 1.20418656 0.02304537
v 0.05234648 1.23378658 0.04189348
v 0.01269997 1.19378662 0.00394403
v 0.01269997 1.19378662 0.00304697
v 0.01269997 1.23378658 0.00304697
v 0.01293428 1.23378658 0.00248128
v 0.05178079 1.23378658 0.04212779
v 0.05208690 1.23378658 0.04206681
v 0.03178239 1.19738674 0.02302645
v 0.05178079 1.19378662 0.04212779
v 0.03348019 1.19836617 0.02472425
v 0.05234648 1.19378662 0.04189348
v 0.05208690 1.19378662 0.04206681
v 0.02797347 1.20078659 0.02204596
v 0.03036818 1.20418656 0.02444066
v 0.03038710 1.19738674 0.02445958
v 0.02868930 1.19836617 0.02276178
v 0.03278180 1.20078659 0.02685429
v 0.03206598 1.20320714 0.02613846
v 0.01276095 1.23378658 0.00274086
v 0.01276095 1.19378662 0.00274086
v 0.05251265 1.23373258 0.04165089
v 0.01347616 1.23356926 0.00224784
v 0.01293428 1.19378662 0.00248128
v 0.05251265 1.19384062 0.04165088
v 0.05234648 1.23298669 0.04076211
v 0.01406565 1.23298669 0.00248128
v 0.01347140 1.19400072 0.00224810
v 0.05252302 1.23329985 0.04102895
v 0.05258079 1.23355234 0.04132779
v 0.01406565 1.19458663 0.00248128
v 0.05234648 1.19458663 0.04076211
v 0.05252278 1.19427311 0.04102871
v 0.05258079 1.19402099 0.04132779
v 0.05270000 1.19495678 0.04488758
v 0.05270000 1.19495678 0.08254415
v 0.05270000 1.19778502 0.08371586
v 0.08270000 1.19778502 0.08371586
v 0.05270000 1.19778502 0.04371586
v 0.05270000 1.20958507 0.06371587
v 0.05270000 1.21377075 0.06791557
v 0.05270000 1.22978508 0.08371586
v 0.05270000 1.19378507 0.04771587
v 0.05270000 1.19378507 0.07971586
v 0.08270000 1.19495666 0.08254429
v 0.06170000 1.19378507 0.07971586
v 0.06170000 1.19378507 0.04771587
v 0.06170000 1.19495678 0.04488758
v 0.05270000 1.21379936 0.05951616
v 0.05270000 1.22978508 0.04371586
v 0.06170000 1.19778502 0.04371586
v 0.05270000 1.21083248 0.06072882
v 0.05270000 1.23261333 0.08254415
v 0.05270000 1.23261333 0.04488758
v 0.06170000 1.22978508 0.04371586
v 0.05270000 1.21798503 0.06371587
v 0.05270000 1.23378503 0.07971586
v 0.05270000 1.23378503 0.04771587
v 0.06170000 1.23261333 0.04488758
v 0.06170000 1.23378503 0.04771587
v 0.06170000 1.23378503 0.07971586
v 0.08270000 1.23261344 0.08254429
v 0.08270000 1.23378503 0.07971586
v 0.05270000 1.21673763 0.06670291
v 0.07776365 1.22233510 0.08371586
v 0.08270000 1.22978508 0.08371586
v 0.07776365 1.20523512 0.08371586
v 0.07282731 1.21378505 0.08371586
v 0.05770000 1.20958507 0.06371587
v 0.05770000 1.21377075 0.05951616
v 0.05770000 1.21379936 0.06791557
v 0.05770000 1.21083248 0.06670291
v 0.05770000 1.21798503 0.06371587
v 0.05770000 1.21673763 0.06072882
v 0.08763634 1.22233510 0.08371586
v 0.09401340 1.22509861 0.08371586
v 0.09401353 1.20247161 0.08371586
v 0.09870000 1.21378505 0.08371586
v 0.09684213 1.22792721 0.07971586
v 0.09257269 1.21378505 0.08371586
v 0.10152843 1.21378505 0.08254429
v 0.08763634 1.20523512 0.08371586
v 0.09684213 1.19964290 0.07971586
v 0.10270000 1.21378505 0.07971586
v 0.08763634 1.22233510 0.08171587
v 0.09257269 1.21378505 0.08171587
v 0.07776365 1.22233510 0.08171587
v 0.07282731 1.21378505 0.08171587
v 0.07776365 1.20523512 0.08171587
v 0.08763634 1.20523512 0.08171587
v 0.06170000 1.23178506 0.07771587
v 0.08270000 1.23178506 0.07771587
v 0.06170000 1.23055804 0.04971587
v 0.06170000 1.19701219 0.04971587
v 0.06170000 1.23095834 0.05012739
v 0.06170000 1.23084080 0.04983274
v 0.06170000 1.23095834 0.05011490
v 0.06170000 1.19661188 0.05011490
v 0.06170000 1.19672930 0.04983274
v 0.06170000 1.19578505 0.07771587
v 0.08270000 1.19378507 0.07971586
v 0.08270000 1.19578505 0.07771587
v 0.09542937 1.20105994 0.07771587
v 0.10069996 1.21381140 0.07771587
v 0.08270000 1.21798503 0.07771587
v 0.07850000 1.21378505 0.07771587
v 0.07973030 1.21675479 0.07771587
v 0.08690000 1.21378505 0.07771587
v 0.08566970 1.21675479 0.07771587
v 0.08270000 1.20958507 0.07771587
v 0.08566970 1.21081543 0.07771587
v 0.06170000 1.21378505 0.07358856
v 0.06170000 1.22233510 0.06865221
v 0.07973030 1.21081543 0.07771587
v 0.06170000 1.20200384 0.05551587
v 0.06170000 1.20523512 0.05551587
v 0.06170000 1.20523512 0.05877952
v 0.06170000 1.19661188 0.05012739
v 0.06170000 1.20523512 0.06865221
v 0.07850000 1.21378505 0.07971586
v 0.07973015 1.21081519 0.07971586
v 0.07973015 1.21675491 0.07971586
v 0.08270000 1.21798503 0.07971586
v 0.08566985 1.21675491 0.07971586
v 0.08690000 1.21378505 0.07971586
v 0.08566985 1.21081519 0.07971586
v 0.08270000 1.20958507 0.07971586
v 0.06170000 1.21378505 0.05384317
v 0.06170000 1.20523512 0.05351587
v 0.06170000 1.22756755 0.05351587
v 0.07973030 1.21081543 0.05351587
v 0.08315130 1.22678745 0.05351587
v 0.06170000 1.22233510 0.05877952
v 0.08270000 1.21798503 0.05351587
v 0.07973030 1.21675479 0.05351587
v 0.07850000 1.21378505 0.05351587
v 0.08963675 1.20523512 0.05551582
v 0.09250600 1.20523512 0.05351587
v 0.09102213 1.20523512 0.05459442
v 0.08308426 1.20278144 0.05551587
v 0.08656059 1.20347393 0.05551587
v 0.08327235 1.19739509 0.05012645
v 0.08310869 1.19738913 0.05011449
v 0.08310442 1.19750667 0.04983250
v 0.08309417 1.22978127 0.04971587
v 0.07850000 1.21378505 0.04971587
v 0.08270000 1.20958507 0.04971587
v 0.08309417 1.19778883 0.04971587
v 0.07973030 1.21081543 0.04971587
v 0.08310442 1.23006344 0.04983254
v 0.08327238 1.23017561 0.05012684
v 0.08310869 1.23018098 0.05011449
v 0.05770000 1.21378505 0.07358856
v 0.05770000 1.22233510 0.06865221
v 0.05770000 1.20523512 0.06865221
v 0.05770000 1.20523512 0.05877952
v 0.05770000 1.21378505 0.05384317
v 0.05770000 1.22233510 0.05877952
v 0.09463477 1.21896398 0.05351587
v 0.08690000 1.21378505 0.05351587
v 0.09910000 1.21378505 0.05012586
v 0.08566970 1.21081543 0.05351587
v 0.08270000 1.20958507 0.05351587
v 0.09450506 1.20240080 0.05012586
v 0.08566970 1.21675479 0.05351587
v 0.08879997 1.21377325 0.08171587
v 0.08329503 1.23017430 0.05012589
v 0.09450506 1.22516930 0.05012586
v 0.08690000 1.21378505 0.04971587
v 0.08566970 1.21081543 0.04971587
v 0.08566970 1.21675479 0.04971587
v 0.08270000 1.21798503 0.04971587
v 0.07973030 1.21675479 0.04971587
v 0.08329503 1.19739592 0.05012586
v 0.08310869 1.23018098 0.04971587
v 0.08327235 1.23017514 0.05002704
v 0.08329503 1.23017430 0.05002699
v 0.09450506 1.22516930 0.05002698
v 0.09910000 1.21378505 0.05002698
v 0.09450506 1.20240080 0.05002698
v 0.07660003 1.21379685 0.08171587
v 0.08329503 1.19739592 0.05002699
v 0.08327235 1.19739509 0.05002704
v 0.08327235 1.23017514 0.04971587
v 0.08325874 1.22978532 0.04971587
v 0.08326744 1.23003447 0.04980344
v 0.08310869 1.19738913 0.04971587
v 0.08325874 1.19778478 0.04971587
v 0.08327235 1.19739509 0.04971587
v 0.08326744 1.19753575 0.04980335
v 0.09420782 1.20265532 0.04971587
v 0.09870998 1.21379864 0.04971587
v 0.08270000 1.20768511 0.08171587
v 0.08270000 1.21988511 0.08171587
v 0.05270000 1.19495678 1.01897764
v 0.05270000 1.19495678 1.05663419
v 0.08270000 1.19778502 1.05780590
v 0.05270000 1.19778502 1.01780581
v 0.05270000 1.20958507 1.03780591
v 0.05270000 1.21377075 1.04200554
v 0.05270000 1.19378507 1.02180588
v 0.05270000 1.19378507 1.05380583
v 0.08270000 1.19495666 1.05663431
v 0.06170000 1.19378507 1.05380583
v 0.06170000 1.19378507 1.02180588
v 0.06170000 1.19495678 1.01897764
v 0.05270000 1.21379936 1.03360617
v 0.05270000 1.22978508 1.01780581
v 0.06170000 1.19778502 1.01780581
v 0.05270000 1.21083248 1.03481877
v 0.05270000 1.23261333 1.05663419
v 0.05270000 1.23261333 1.01897764
v 0.06170000 1.22978508 1.01780581
v 0.05270000 1.21798503 1.03780591
v 0.05270000 1.23378503 1.05380583
v 0.05270000 1.23378503 1.02180588
v 0.06170000 1.23261333 1.01897764
v 0.06170000 1.23378503 1.02180588
v 0.06170000 1.23378503 1.05380583
v 0.08270000 1.23261344 1.05663431
v 0.08270000 1.23378503 1.05380583
v 0.05270000 1.21673763 1.04079294
v 0.07776365 1.22233510 1.05780590
v 0.08270000 1.22978508 1.05780590
v 0.07776365 1.20523512 1.05780590
v 0.07282731 1.21378505 1.05780590
v 0.05770000 1.20958507 1.03780591
v 0.05770000 1.21377075 1.03360617
v 0.05770000 1.21379936 1.04200554
v 0.05770000 1.21083248 1.04079294
v 0.05770000 1.21798503 1.03780591
v 0.05770000 1.21673763 1.03481877
v 0.08763634 1.22233510 1.05780590
v 0.09401340 1.22509861 1.05780590
v 0.09401353 1.20247161 1.05780590
v 0.09870000 1.21378505 1.05780590
v 0.09684213 1.22792721 1.05380583
v 0.09257269 1.21378505 1.05780590
v 0.10152843 1.21378505 1.05663431
v 0.08763634 1.20523512 1.05780590
v 0.09684213 1.19964290 1.05380583
v 0.10270000 1.21378505 1.05380583
v 0.08763634 1.22233510 1.05580592
v 0.09257269 1.21378505 1.05580592
v 0.07776365 1.22233510 1.05580592
v 0.07282731 1.21378505 1.05580592
v 0.07776365 1.20523512 1.05580592
v 0.08763634 1.20523512 1.05580592
v 0.06170000 1.23178506 1.05180585
v 0.08270000 1.23178506 1.05180585
v 0.06170000 1.23055804 1.02380586
v 0.06170000 1.19701219 1.02380586
v 0.06170000 1.23095834 1.02421737
v 0.06170000 1.23084080 1.02392268
v 0.06170000 1.23095834 1.02420485
v 0.06170000 1.19661188 1.02420485
v 0.06170000 1.19672930 1.02392268
v 0.06170000 1.19578505 1.05180585
v 0.08270000 1.19378507 1.05380583
v 0.08270000 1.19578505 1.05180585
v 0.09542937 1.20105994 1.05180585
v 0.10069996 1.21381140 1.05180585
v 0.08270000 1.21798503 1.05180585
v 0.07850000 1.21378505 1.05180585
v 0.07973030 1.21675479 1.05180585
v 0.08690000 1.21378505 1.05180585
v 0.08566970 1.21675479 1.05180585
v 0.08270000 1.20958507 1.05180585
v 0.08566970 1.21081543 1.05180585
v 0.06170000 1.21378505 1.04767859
v 0.06170000 1.22233510 1.04274225
v 0.07973030 1.21081543 1.05180585
v 0.06170000 1.20200384 1.02960587
v 0.06170000 1.20523512 1.02960587
v 0.06170000 1.20523512 1.03286958
v 0.06170000 1.19661188 1.02421737
v 0.06170000 1.20523512 1.04274225
v 0.07850000 1.21378505 1.05380583
v 0.07973015 1.21081519 1.05380583
v 0.07973015 1.21675491 1.05380583
v 0.08270000 1.21798503 1.05380583
v 0.08566985 1.21675491 1.05380583
v 0.08690000 1.21378505 1.05380583
v 0.08566985 1.21081519 1.05380583
v 0.08270000 1.20958507 1.05380583
v 0.06170000 1.21378505 1.02793312
v 0.06170000 1.20523512 1.02760589
v 0.06170000 1.22756755 1.02760589
v 0.07973030 1.21081543 1.02760589
v 0.08315130 1.22678745 1.02760589
v 0.06170000 1.22233510 1.03286958
v 0.08270000 1.21798503 1.02760589
v 0.07973030 1.21675479 1.02760589
v 0.07850000 1.21378505 1.02760589
v 0.08963675 1.20523512 1.02960587
v 0.09250600 1.20523512 1.02760589
v 0.09102213 1.20523512 1.02868438
v 0.08308426 1.20278144 1.02960587
v 0.08656059 1.20347393 1.02960587
v 0.08327235 1.19739509 1.02421641
v 0.08310869 1.19738913 1.02420449
v 0.08310442 1.19750667 1.02392244
v 0.08309417 1.22978127 1.02380586
v 0.07850000 1.21378505 1.02380586
v 0.08270000 1.20958507 1.02380586
v 0.08309417 1.19778883 1.02380586
v 0.07973030 1.21081543 1.02380586
v 0.08310442 1.23006344 1.02392256
v 0.08327238 1.23017561 1.02421689
v 0.08310869 1.23018098 1.02420449
v 0.05770000 1.21378505 1.04767859
v 0.05770000 1.22233510 1.04274225
v 0.05770000 1.20523512 1.04274225
v 0.05770000 1.20523512 1.03286958
v 0.05770000 1.21378505 1.02793312
v 0.05770000 1.22233510 1.03286958
v 0.09463477 1.21896398 1.02760589
v 0.08690000 1.21378505 1.02760589
v 0.09910000 1.21378505 1.02421582
v 0.08566970 1.21081543 1.02760589
v 0.08270000 1.20958507 1.02760589
v 0.09450506 1.20240080 1.02421582
v 0.08566970 1.21675479 1.02760589
v 0.08879997 1.21377325 1.05580592
v 0.08329503 1.23017430 1.02421594
v 0.09450506 1.22516930 1.02421582
v 0.08690000 1.21378505 1.02380586
v 0.08566970 1.21081543 1.02380586
v 0.08566970 1.21675479 1.02380586
v 0.08270000 1.21798503 1.02380586
v 0.07973030 1.21675479 1.02380586
v 0.08329503 1.19739592 1.02421582
v 0.08310869 1.23018098 1.02380586
v 0.08327235 1.23017514 1.02411699
v 0.08329503 1.23017430 1.02411699
v 0.09450506 1.22516930 1.02411699
v 0.09910000 1.21378505 1.02411699
v 0.09450506 1.20240080 1.02411699
v 0.07660003 1.21379685 1.05580592
v 0.08329503 1.19739592 1.02411699
v 0.08327235 1.19739509 1.02411699
v 0.08327235 1.23017514 1.02380586
v 0.08325874 1.22978532 1.02380586
v 0.08326744 1.23003447 1.02389348
v 0.08310869 1.19738913 1.02380586
v 0.08325874 1.19778478 1.02380586
v 0.08327235 1.19739509 1.02380586
v 0.08326744 1.19753575 1.02389336
v 0.09420782 1.20265532 1.02380586
v 0.09870998 1.21379864 1.02380586
v 0.08270000 1.20768511 1.05580592
v 0.08270000 1.21988511 1.05580592
v 0.05270000 1.19495678 0.55288756
v 0.05270000 1.19495678 0.59054416
v 0.05270000 1.19778502 0.59171587
v 0.08270000 1.19778502 0.59171587
v 0.05270000 1.19778502 0.55171585
v 0.05270000 1.20958507 0.57171589
v 0.05270000 1.21377075 0.57591558
v 0.05270000 1.22978508 0.59171587
v 0.05270000 1.19378507 0.55571586
v 0.05270000 1.19378507 0.58771586
v 0.08270000 1.19495666 0.59054428
v 0.06170000 1.19378507 0.58771586
v 0.06170000 1.19378507 0.55571586
v 0.06170000 1.19495678 0.55288756
v 0.05270000 1.21379936 0.56751615
v 0.05270000 1.22978508 0.55171585
v 0.06170000 1.19778502 0.55171585
v 0.05270000 1.21083248 0.56872880
v 0.05270000 1.23261333 0.59054416
v 0.05270000 1.23261333 0.55288756
v 0.06170000 1.22978508 0.55171585
v 0.05270000 1.21798503 0.57171589
v 0.05270000 1.23378503 0.58771586
v 0.05270000 1.23378503 0.55571586
v 0.06170000 1.23261333 0.55288756
v 0.06170000 1.23378503 0.55571586
v 0.06170000 1.23378503 0.58771586
v 0.08270000 1.23261344 0.59054428
v 0.08270000 1.23378503 0.58771586
v 0.05270000 1.21673763 0.57470292
v 0.07776365 1.22233510 0.59171587
v 0.08270000 1.22978508 0.59171587
v 0.07776365 1.20523512 0.59171587
v 0.07282731 1.21378505 0.59171587
v 0.05770000 1.20958507 0.57171589
v 0.05770000 1.21377075 0.56751615
v 0.05770000 1.21379936 0.57591558
v 0.05770000 1.21083248 0.57470292
v 0.05770000 1.21798503 0.57171589
v 0.05770000 1.21673763 0.56872880
v 0.08763634 1.22233510 0.59171587
v 0.09401340 1.22509861 0.59171587
v 0.09401353 1.20247161 0.59171587
v 0.09870000 1.21378505 0.59171587
v 0.09684213 1.22792721 0.58771586
v 0.09257269 1.21378505 0.59171587
v 0.10152843 1.21378505 0.59054428
v 0.08763634 1.20523512 0.59171587
v 0.09684213 1.19964290 0.58771586
v 0.10270000 1.21378505 0.58771586
v 0.08763634 1.22233510 0.58971584
v 0.09257269 1.21378505 0.58971584
v 0.07776365 1.22233510 0.58971584
v 0.07282731 1.21378505 0.58971584
v 0.07776365 1.20523512 0.58971584
v 0.08763634 1.20523512 0.58971584
v 0.06170000 1.23178506 0.58571589
v 0.08270000 1.23178506 0.58571589
v 0.06170000 1.23055804 0.55771589
v 0.06170000 1.19701219 0.55771589
v 0.06170000 1.23095834 0.55812740
v 0.06170000 1.23084080 0.55783272
v 0.06170000 1.23095834 0.55811489
v 0.06170000 1.19661188 0.55811489
v 0.06170000 1.19672930 0.55783272
v 0.06170000 1.19578505 0.58571589
v 0.08270000 1.19378507 0.58771586
v 0.08270000 1.19578505 0.58571589
v 0.09542937 1.20105994 0.58571589
v 0.10069996 1.21381140 0.58571589
v 0.08270000 1.21798503 0.58571589
v 0.07850000 1.21378505 0.58571589
v 0.07973030 1.21675479 0.58571589
v 0.08690000 1.21378505 0.58571589
v 0.08566970 1.21675479 0.58571589
v 0.08270000 1.20958507 0.58571589
v 0.08566970 1.21081543 0.58571589
v 0.06170000 1.21378505 0.58158857
v 0.06170000 1.22233510 0.57665223
v 0.07973030 1.21081543 0.58571589
v 0.06170000 1.20200384 0.56351584
v 0.06170000 1.20523512 0.56351584
v 0.06170000 1.20523512 0.56677949
v 0.06170000 1.19661188 0.55812740
v 0.06170000 1.20523512 0.57665223
v 0.07850000 1.21378505 0.58771586
v 0.07973015 1.21081519 0.58771586
v 0.07973015 1.21675491 0.58771586
v 0.08270000 1.21798503 0.58771586
v 0.08566985 1.21675491 0.58771586
v 0.08690000 1.21378505 0.58771586
v 0.08566985 1.21081519 0.58771586
v 0.08270000 1.20958507 0.58771586
v 0.06170000 1.21378505 0.56184316
v 0.06170000 1.20523512 0.56151587
v 0.06170000 1.22756755 0.56151587
v 0.07973030 1.21081543 0.56151587
v 0.08315130 1.22678745 0.56151587
v 0.06170000 1.22233510 0.56677949
v 0.08270000 1.21798503 0.56151587
v 0.07973030 1.21675479 0.56151587
v 0.07850000 1.21378505 0.56151587
v 0.08963675 1.20523512 0.56351584
v 0.09250600 1.20523512 0.56151587
v 0.09102213 1.20523512 0.56259441
v 0.08308426 1.20278144 0.56351584
v 0.08656059 1.20347393 0.56351584
v 0.08327235 1.19739509 0.55812645
v 0.08310869 1.19738913 0.55811447
v 0.08310442 1.19750667 0.55783248
v 0.08309417 1.22978127 0.55771589
v 0.07850000 1.21378505 0.55771589
v 0.08270000 1.20958507 0.55771589
v 0.08309417 1.19778883 0.55771589
v 0.07973030 1.21081543 0.55771589
v 0.08310442 1.23006344 0.55783254
v 0.08327238 1.23017561 0.55812681
v 0.08310869 1.23018098 0.55811447
v 0.05770000 1.21378505 0.58158857
v 0.05770000 1.22233510 0.57665223
v 0.05770000 1.20523512 0.57665223
v 0.05770000 1.20523512 0.56677949
v 0.05770000 1.21378505 0.56184316
v 0.05770000 1.22233510 0.56677949
v 0.09463477 1.21896398 0.56151587
v 0.08690000 1.21378505 0.56151587
v 0.09910000 1.21378505 0.55812585
v 0.08566970 1.21081543 0.56151587
v 0.08270000 1.20958507 0.56151587
v 0.09450506 1.20240080 0.55812585
v 0.08566970 1.21675479 0.56151587
v 0.08879997 1.21377325 0.58971584
v 0.08329503 1.23017430 0.55812591
v 0.09450506 1.22516930 0.55812585
v 0.08690000 1.21378505 0.55771589
v 0.08566970 1.21081543 0.55771589
v 0.08566970 1.21675479 0.55771589
v 0.08270000 1.21798503 0.55771589
v 0.07973030 1.21675479 0.55771589
v 0.08329503 1.19739592 0.55812585
v 0.08310869 1.23018098 0.55771589
v 0.08327235 1.23017514 0.55802703
v 0.08329503 1.23017430 0.55802697
v 0.09450506 1.22516930 0.55802697
v 0.09910000 1.21378505 0.55802697
v 0.09450506 1.20240080 0.55802697
v 0.07660003 1.21379685 0.58971584
v 0.08329503 1.19739592 0.55802697
v 0.08327235 1.19739509 0.55802703
v 0.08327235 1.23017514 0.55771589
v 0.08325874 1.22978532 0.55771589
v 0.08326744 1.23003447 0.55780345
v 0.08310869 1.19738913 0.55771589
v 0.08325874 1.19778478 0.55771589
v 0.08327235 1.19739509 0.55771589
v 0.08326744 1.19753575 0.55780333
v 0.09420782 1.20265532 0.55771589
v 0.09870998 1.21379864 0.55771589
v 0.08270000 1.20768511 0.58971584
v 0.08270000 1.21988511 0.58971584
v 0.01270000 0.08439667 -0.06858397
v 0.00000000 0.08439667 0.04196659
v 0.01270000 0.08439667 0.04196659
v 0.00000000 0.08439667 0.29596660
v 0.01270000 0.00419590 -0.00727698
v 0.01270000 0.08439667 0.29596660
v 0.01270000 -0.08625962 0.09542108
v 0.01270000 -0.00419590 0.00727698
v 0.01270000 0.00419869 0.00727537
v 0.01270000 0.00840000 0.00000000
v 0.00000000 0.08439667 -0.06858397
v 0.00000000 0.00318015 0.00318375
v 0.00000000 -0.11501233 0.29506660
v 0.00000000 -0.08626176 0.09542833
v 0.00000000 0.00000076 0.00450000
v 0.01270000 0.10374343 -0.14079030
v 0.00000000 0.10374633 -0.14079532
v 0.00000000 -0.00234888 -0.08798132
v 0.00000000 -0.00318015 -0.00318375
v 0.00000000 0.00318151 -0.00318239
v 0.00000000 0.00450000 0.00000000
v 0.00000000 -0.00000076 -0.00450000
v 0.01270000 -0.00235136 -0.08797747
v 0.01270000 0.44339597 -0.28729084
v 0.01270000 0.29975402 -0.34903219
v 0.01270000 0.45067134 -0.28308955
v 0.01270000 0.23611903 -0.28308678
v 0.01270000 0.12990467 -0.24025872
v 0.00000000 0.29974714 -0.34902906
v 0.01270000 0.24339598 -0.28729084
v 0.01270000 0.15660368 -0.19365266
v 0.01270000 0.22881502 -0.21300232
v 0.01270000 0.24339598 -0.27049088
v 0.01270000 0.23612063 -0.27469221
v 0.00000000 0.12990813 -0.24026172
v 0.01270000 -0.00840000 -0.00000000
v 0.01270000 -0.00419869 -0.00727537
v 0.01270000 -0.11501233 0.29506660
v 0.01270000 -0.00839998 0.59998339
v 0.01270000 -0.11501233 0.63397568
v 0.01270000 0.00419590 0.49272302
v 0.01270000 0.02770963 0.57462865
v 0.01270000 0.02520975 0.57712865
v 0.01270000 0.00419589 0.59270644
v 0.01270000 -0.00840000 0.50000000
v 0.01270000 -0.00419867 0.59270805
v 0.01270000 -0.00419869 0.49272463
v 0.01270000 -0.00419589 0.60726035
v 0.01270000 0.08439667 0.63397568
v 0.00000000 -0.11501233 0.63397568
v 0.01270000 0.03020975 0.52282864
v 0.00000000 0.08439667 0.63397568
v 0.01270000 0.02770986 0.57962865
v 0.01270000 0.03020975 0.57712865
v 0.01270000 0.02770986 0.52532864
v 0.01270000 0.00839998 0.59998339
v 0.01270000 0.00419867 0.60725874
v 0.00000000 0.15660870 -0.19365557
v 0.00000000 0.22881502 -0.21300232
v 0.01270000 0.45067292 -0.27469498
v 0.01270000 0.44339597 -0.27049088
v 0.00000000 0.03020975 0.57712865
v 0.00000000 0.02770986 0.57462865
v 0.00000000 0.02770963 0.57962865
v 0.00000000 0.02520975 0.57712865
v 0.01270000 -0.00419590 0.50727695
v 0.00000000 0.03020975 0.52282864
v 0.01270000 0.00840000 0.50000000
v 0.01270000 0.02770963 0.52032864
v 0.00000000 0.02770986 0.52032864
v 0.01270000 0.02520975 0.52282864
v 0.00000000 0.02770963 0.52532864
v 0.00000000 0.02520975 0.52282864
v 0.01270000 0.00419869 0.50727534
v 0.00879999 0.44339597 -0.28339088
v 0.01270000 0.43611902 -0.28308678
v 0.00879999 0.44021401 -0.28207284
v 0.00879999 0.44789597 -0.27889088
v 0.00879999 0.44657797 -0.28207284
v 0.00879999 0.44657797 -0.27570888
v 0.01270000 0.25067294 -0.27469498
v 0.01270000 0.43612063 -0.27469221
v 0.00879999 0.44339597 -0.27439088
v 0.00879999 0.43889597 -0.27889088
v 0.00879999 0.44021401 -0.27570888
v 0.01270000 0.25067133 -0.28308955
v 0.00879999 0.24339598 -0.28339088
v 0.00879999 0.24021401 -0.28207284
v 0.00879999 0.24789599 -0.27889088
v 0.00879999 0.24657796 -0.28207284
v 0.00879999 0.24657796 -0.27570888
v 0.00879999 0.24339598 -0.27439088
v 0.00879999 0.23889598 -0.27889088
v 0.00879999 0.24021401 -0.27570888
v 0.00879999 -0.00450000 0.59998339
v 0.00879999 -0.00318198 0.60316539
v 0.00879999 0.00000000 0.59548336
v 0.00879999 -0.00318198 0.59680140
v 0.00879999 0.00318198 0.59680140
v 0.00879999 0.00450000 0.59998339
v 0.00879999 0.00000000 0.60448337
v 0.00879999 0.00318198 0.60316539
v 0.00880000 0.00450000 0.50000000
v 0.00880000 0.00318198 0.49681801
v 0.00880000 0.00000000 0.50449997
v 0.00880000 0.00318198 0.50318199
v 0.00880000 -0.00318198 0.50318199
v 0.00880000 -0.00450000 0.50000000
v 0.00880000 0.00000000 0.49550000
v 0.00880000 -0.00318198 0.49681801
v 0.00880000 0.00450000 -0.00000000
v 0.00880000 0.00318198 -0.00318198
v 0.00880000 -0.00000000 0.00450000
v 0.00880000 0.00318198 0.00318198
v 0.00880000 -0.00318198 0.00318198
v 0.00880000 -0.00450000 0.00000000
v 0.00880000 -0.00000000 -0.00450000
v 0.00880000 -0.00318198 -0.00318198
v 0.00000000 0.44789597 -0.27889088
v 0.00000000 0.44339675 -0.27439088
v 0.00000000 0.44657612 -0.27570713
v 0.00000000 0.24339522 -0.28339088
v 0.00000000 0.44339523 -0.28339088
v 0.00000000 0.44657749 -0.28207326
v 0.00000000 -0.00318015 0.49681625
v 0.00000000 0.00450000 0.50000000
v 0.00000000 0.00318151 0.49681762
v 0.00000000 -0.00000076 0.49550000
v 0.00000000 0.00000076 0.60448337
v 0.00000000 0.00318015 0.60316712
v 0.00000000 -0.00000076 0.59548336
v 0.00000000 0.00000076 0.50449997
v 0.00000000 -0.00318015 0.59679961
v 0.00000000 -0.00450000 0.59998339
v 0.00000000 -0.00318151 0.60316575
v 0.00000000 -0.00450000 0.50000000
v 0.00000000 -0.00318151 0.50318241
v 0.00000000 -0.00450000 -0.00000000
v 0.00000000 -0.00318151 0.00318239
v 0.00000000 0.24021584 -0.28207463
v 0.00000000 0.23889598 -0.27889088
v 0.00000000 0.24021447 -0.27570850
v 0.00000000 0.24339674 -0.27439088
v 0.00000000 0.00318151 0.59680098
v 0.00000000 0.00450000 0.59998339
v 0.00000000 0.00318015 0.50318372
v 0.00000000 0.44021583 -0.28207463
v 0.00000000 0.24657749 -0.28207326
v 0.00000000 0.24789599 -0.27889088
v 0.00000000 0.43889597 -0.27889088
v 0.00000000 0.24657613 -0.27570713
v 0.00000000 0.44021446 -0.27570850
v 0.01270000 0.08439667 0.80399060
v 0.00000000 0.08439667 1.05799055
v 0.01270000 0.08439667 1.05799055
v 0.00000000 0.08439667 1.16854119
v 0.01270000 -0.11501233 0.80489057
v 0.01270000 0.08439667 1.16854119
v 0.01270000 0.00419580 1.09270632
v 0.01270000 -0.09090441 0.98800665
v 0.00000000 0.08439667 0.80399060
v 0.00000000 -0.09090255 0.98801357
v 0.00000000 -0.02022307 1.15864444
v 0.00000000 0.00318011 1.10316718
v 0.00000000 -0.00318011 1.09679961
v 0.00000000 0.00318148 1.09680092
v 0.00000000 0.00450000 1.09998333
v 0.00000000 -0.00000071 1.09548342
v 0.00000000 -0.11501233 0.80489057
v 0.00000000 0.00000071 0.70448339
v 0.00000000 0.00318011 0.70316720
v 0.01270000 0.00419580 0.69270635
v 0.01270000 -0.00419580 0.70726037
v 0.01270000 0.00839998 0.69998336
v 0.01270000 0.00419860 0.70725876
v 0.00000000 0.10374315 1.24074697
v 0.01270000 -0.02022683 1.15863788
v 0.01270000 0.10374608 1.24075198
v 0.01270000 -0.00419580 1.10726035
v 0.01270000 0.00839998 1.09998333
v 0.01270000 0.00419860 1.10725880
v 0.00000000 0.09220705 1.30516601
v 0.01270000 0.40936467 1.48828077
v 0.01270000 0.64395607 1.51064503
v 0.01270000 0.59428769 1.51239061
v 0.00000000 0.59428769 1.51239061
v 0.01270000 0.59248769 1.51239061
v 0.00000000 0.64395607 1.51064503
v 0.01270000 0.65065473 1.37467372
v 0.01270000 0.23873384 1.41760135
v 0.01270000 0.24339598 1.38727236
v 0.01270000 0.65065640 1.38306820
v 0.01270000 0.64337939 1.38727236
v 0.01270000 0.54339600 1.38727236
v 0.01270000 0.62053823 1.36716962
v 0.01270000 0.22881502 1.31295943
v 0.01270000 0.64337939 1.37047243
v 0.01270000 0.09221223 1.30517125
v 0.01270000 0.15660919 1.29361296
v 0.00000000 0.22881502 1.31295943
v 0.00000000 0.15660411 1.29361010
v 0.01270000 -0.00419860 0.69270802
v 0.01270000 -0.00839998 0.69998336
v 0.01270000 -0.00419860 1.09270799
v 0.01270000 -0.00839998 1.09998333
v 0.01270000 0.56623822 1.36716962
v 0.01270000 0.56373841 1.36966968
v 0.01270000 0.54339600 1.37047243
v 0.01270000 0.24339598 1.37047243
v 0.01270000 0.23611896 1.37467659
v 0.01270000 0.23612057 1.38307095
v 0.00000000 0.23874035 1.41760504
v 0.00000000 0.40937161 1.48828268
v 0.00000000 0.59248769 1.51239061
v 0.01270000 0.62053853 1.37216961
v 0.01270000 0.56623858 1.37216961
v 0.01270000 0.56873840 1.36966968
v 0.00000000 0.56873840 1.36966968
v 0.01270000 0.61803842 1.36966968
v 0.00000000 0.56623858 1.36716962
v 0.00000000 0.56623822 1.37216961
v 0.01270000 0.63610238 1.37467659
v 0.01270000 0.55067140 1.37467372
v 0.00000000 0.56373841 1.36966968
v 0.01270000 0.62303841 1.36966968
v 0.00000000 0.62303841 1.36966968
v 0.00000000 0.62053853 1.36716962
v 0.00000000 0.62053823 1.37216961
v 0.00000000 0.61803842 1.36966968
v 0.01270000 0.55067301 1.38306820
v 0.01270000 0.63610399 1.38307095
v 0.00879999 0.64337939 1.38337243
v 0.00879999 0.64656132 1.38205433
v 0.00879999 0.63887936 1.37887239
v 0.00879999 0.64019740 1.38205433
v 0.00879999 0.64019740 1.37569034
v 0.00879999 0.64337939 1.37437236
v 0.00879999 0.64787936 1.37887239
v 0.00879999 0.64656132 1.37569034
v 0.00880000 0.54339600 1.37437236
v 0.01270000 0.53611892 1.37467659
v 0.00880000 0.54021400 1.37569034
v 0.00880000 0.54789597 1.37887239
v 0.00880000 0.54657799 1.37569034
v 0.00880000 0.54657799 1.38205433
v 0.01270000 0.25067303 1.38306820
v 0.01270000 0.53612059 1.38307095
v 0.00880000 0.54339600 1.38337243
v 0.00880000 0.53889596 1.37887239
v 0.00880000 0.54021400 1.38205433
v 0.01270000 0.25067139 1.37467372
v 0.00880000 0.24339598 1.37437236
v 0.00880000 0.24021401 1.37569034
v 0.00880000 0.24789599 1.37887239
v 0.00880000 0.24657796 1.37569034
v 0.00880000 0.24657796 1.38205433
v 0.00880000 0.24339598 1.38337243
v 0.00880000 0.23889598 1.37887239
v 0.00880000 0.24021401 1.38205433
v 0.00879999 -0.00450000 0.69998336
v 0.00879999 -0.00318198 0.70316535
v 0.00879999 0.00000000 0.69548339
v 0.00879999 -0.00318198 0.69680142
v 0.00879999 0.00318198 0.69680142
v 0.00879999 0.00450000 0.69998336
v 0.00879999 0.00000000 0.70448339
v 0.00879999 0.00318198 0.70316535
v 0.00879999 -0.00450000 1.09998333
v 0.00879999 -0.00318198 1.10316539
v 0.00879999 0.00000000 1.09548342
v 0.00879999 -0.00318198 1.09680140
v 0.00879999 0.00318198 1.09680140
v 0.00879999 0.00450000 1.09998333
v 0.00879999 0.00000000 1.10448337
v 0.00879999 0.00318198 1.10316539
v 0.00000000 0.64655948 1.38205612
v 0.00000000 0.24339527 1.37437236
v 0.00000000 0.64337867 1.37437236
v 0.00000000 0.64656085 1.37568998
v 0.00000000 0.64787936 1.37887239
v 0.00000000 0.64338011 1.38337243
v 0.00000000 0.23889598 1.37887239
v 0.00000000 0.54339671 1.38337243
v 0.00000000 0.24339670 1.38337243
v 0.00000000 0.24021450 1.38205481
v 0.00000000 -0.00450000 1.09998333
v 0.00000000 -0.00318148 1.10316586
v 0.00000000 0.00000071 1.10448337
v 0.00000000 -0.00318011 0.69679958
v 0.00000000 -0.00450000 0.69998336
v 0.00000000 -0.00318148 0.70316583
v 0.00000000 0.00318148 0.69680095
v 0.00000000 0.00450000 0.69998336
v 0.00000000 -0.00000071 0.69548339
v 0.00000000 0.24021587 1.37568855
v 0.00000000 0.54339528 1.37437236
v 0.00000000 0.54657745 1.37568998
v 0.00000000 0.64019924 1.37568855
v 0.00000000 0.54789597 1.37887239
v 0.00000000 0.63887936 1.37887239
v 0.00000000 0.54657608 1.38205612
v 0.00000000 0.64019787 1.38205481
v 0.00000000 0.24657746 1.37568998
v 0.00000000 0.54021585 1.37568855
v 0.00000000 0.24789599 1.37887239
v 0.00000000 0.53889596 1.37887239
v 0.00000000 0.24657609 1.38205612
v 0.00000000 0.54021448 1.38205481
v 0.02540000 0.89338869 1.36691570
v 0.01270000 0.89338869 1.36691570
v 0.01270000 0.89338875 1.43933499
v 0.01270000 0.89046115 1.35984600
v 0.02540000 0.89338875 1.43933499
v 0.01270000 0.89180076 1.44474220
v 0.02540000 0.89045829 1.35984313
v 0.02540000 0.89180076 1.44474220
v 0.01270000 0.88754112 1.44843209
v 0.02540000 0.88754112 1.44843209
v 0.01270000 0.79287910 1.48372161
v 0.01270000 0.88338852 1.35691571
v 0.02540000 0.79287899 1.48372161
v 0.02540000 0.88338852 1.35691571
v 0.01270000 0.69415587 1.50518727
v 0.02540000 0.69416434 1.50518608
v 0.02540000 0.74656129 1.38205433
v 0.02540000 0.74787939 1.37887239
v 0.02540000 0.59339797 1.51239085
v 0.02540000 0.64787936 1.37887239
v 0.02540000 0.73887938 1.37887239
v 0.02540000 0.74337935 1.38337243
v 0.02540000 0.74019742 1.38205433
v 0.01270000 0.59337956 1.51239085
v 0.02540000 0.49262163 1.50518751
v 0.02540000 0.55988842 1.38741958
v 0.02540000 0.63042396 1.38595510
v 0.02540000 0.63188839 1.38241959
v 0.02540000 0.63887936 1.37887239
v 0.02540000 0.62688839 1.38741958
v 0.02540000 0.64656132 1.38205433
v 0.02540000 0.64337939 1.38337243
v 0.02540000 0.64019740 1.38205433
v 0.01270000 0.39389849 1.48372197
v 0.02540000 0.39389837 1.48372197
v 0.02540000 0.53889596 1.37887239
v 0.01270000 0.49261320 1.50518620
v 0.02540000 0.55635285 1.38595521
v 0.02540000 0.55488837 1.38241959
v 0.02540000 0.54657793 1.38205433
v 0.02540000 0.54339600 1.38337243
v 0.02540000 0.54021400 1.38205433
v 0.01270000 0.29923627 1.44843256
v 0.02540000 0.29923627 1.44843256
v 0.02540000 0.30338845 1.35692382
v 0.02540000 0.55488837 1.35692000
v 0.02540000 0.54021406 1.37569046
v 0.01270000 0.29497662 1.44474268
v 0.02540000 0.29497662 1.44474268
v 0.02540000 0.29631606 1.35985518
v 0.01270000 0.30338845 1.35692382
v 0.01270000 0.29631892 1.35985231
v 0.01270000 0.55488837 1.38241959
v 0.01270000 0.62688839 1.38741958
v 0.01270000 0.55635285 1.38595510
v 0.01270000 0.55988842 1.38741958
v 0.01270000 0.63188839 1.35691965
v 0.01270000 0.63042390 1.38595521
v 0.01270000 0.63188839 1.38241959
v 0.01270000 0.29338861 1.36692476
v 0.02540000 0.29338861 1.36692476
v 0.01270000 0.29338861 1.43933547
v 0.02540000 0.29338861 1.43933547
v 0.01270000 0.55488837 1.35692000
v 0.02540000 0.63188839 1.35691965
v 0.02540000 0.64337939 1.37437236
v 0.02540000 0.64656132 1.37569046
v 0.02540000 0.74337935 1.37437236
v 0.02540000 0.74656135 1.37569046
v 0.02540000 0.64019746 1.37569046
v 0.02540000 0.54789597 1.37887239
v 0.02540000 0.54657793 1.37569046
v 0.02540000 0.54339600 1.37437236
v 0.01540000 0.54339600 1.37437236
v 0.01540000 0.54021400 1.37569046
v 0.01540000 0.54657793 1.37569046
v 0.01540000 0.54789597 1.37887239
v 0.01540000 0.54657793 1.38205433
v 0.01540000 0.54339600 1.38337243
v 0.01540000 0.54021406 1.38205433
v 0.01540000 0.53889596 1.37887239
v 0.01540000 0.64337939 1.37437236
v 0.01540000 0.64019740 1.37569046
v 0.01540000 0.64656132 1.37569046
v 0.01540000 0.64787936 1.37887239
v 0.02540000 0.74019742 1.37569046
v 0.01540000 0.64656132 1.38205433
v 0.01540000 0.64337939 1.38337243
v 0.01540000 0.64019746 1.38205433
v 0.01540000 0.63887936 1.37887239
v 0.01540000 0.74337935 1.37437236
v 0.01540000 0.74019742 1.37569046
v 0.01540000 0.74656129 1.37569046
v 0.01540000 0.74787939 1.37887239
v 0.01540000 0.74656135 1.38205433
v 0.01540000 0.74337935 1.38337243
v 0.01540000 0.74019742 1.38205433
v 0.01540000 0.73887938 1.37887239
v 0.02540000 0.29338855 -0.26693419
v 0.01270000 0.29338855 -0.26693419
v 0.01270000 0.29338846 -0.33935344
v 0.01270000 0.29631612 -0.25986448
v 0.02540000 0.29338846 -0.33935344
v 0.01270000 0.29497644 -0.34476069
v 0.02540000 0.29631898 -0.25986162
v 0.02540000 0.29497644 -0.34476069
v 0.01270000 0.29923609 -0.34845057
v 0.02540000 0.29923609 -0.34845057
v 0.01270000 0.39389813 -0.38374010
v 0.01270000 0.30338871 -0.25693420
v 0.02540000 0.39389825 -0.38374013
v 0.02540000 0.30338871 -0.25693420
v 0.01270000 0.49262136 -0.40520579
v 0.02540000 0.49261293 -0.40520456
v 0.02540000 0.44021592 -0.28207284
v 0.02540000 0.43889788 -0.27889088
v 0.02540000 0.59337926 -0.41240939
v 0.02540000 0.53889787 -0.27889088
v 0.02540000 0.44789785 -0.27889088
v 0.02540000 0.44339788 -0.28339088
v 0.02540000 0.44657981 -0.28207281
v 0.01270000 0.59339768 -0.41240939
v 0.02540000 0.69415557 -0.40520597
v 0.02540000 0.62688881 -0.28743812
v 0.02540000 0.55635327 -0.28597364
v 0.02540000 0.55488884 -0.28243813
v 0.02540000 0.54789788 -0.27889088
v 0.02540000 0.55988884 -0.28743812
v 0.02540000 0.54021591 -0.28207284
v 0.02540000 0.54339784 -0.28339088
v 0.02540000 0.54657984 -0.28207281
v 0.01270000 0.79287875 -0.38374048
v 0.02540000 0.79287887 -0.38374045
v 0.02540000 0.64788127 -0.27889088
v 0.01270000 0.69416404 -0.40520474
v 0.02540000 0.63042438 -0.28597367
v 0.02540000 0.63188887 -0.28243813
v 0.02540000 0.64019930 -0.28207284
v 0.02540000 0.64338124 -0.28339088
v 0.02540000 0.64656323 -0.28207281
v 0.01270000 0.88754094 -0.34845111
v 0.02540000 0.88754094 -0.34845111
v 0.02540000 0.88338876 -0.25694233
v 0.02540000 0.63188887 -0.25693852
v 0.02540000 0.64656317 -0.27570891
v 0.01270000 0.89180064 -0.34476119
v 0.02540000 0.89180064 -0.34476119
v 0.02540000 0.89046115 -0.25987366
v 0.01270000 0.88338876 -0.25694233
v 0.01270000 0.89045829 -0.25987083
v 0.01270000 0.63188887 -0.28243813
v 0.01270000 0.55988884 -0.28743812
v 0.01270000 0.63042438 -0.28597364
v 0.01270000 0.62688881 -0.28743812
v 0.01270000 0.55488884 -0.25693813
v 0.01270000 0.55635333 -0.28597367
v 0.01270000 0.55488884 -0.28243813
v 0.01270000 0.89338863 -0.26694325
v 0.02540000 0.89338863 -0.26694325
v 0.01270000 0.89338863 -0.33935395
v 0.02540000 0.89338863 -0.33935395
v 0.01270000 0.63188887 -0.25693852
v 0.02540000 0.55488884 -0.25693813
v 0.02540000 0.54339784 -0.27439088
v 0.02540000 0.54021591 -0.27570894
v 0.02540000 0.44339788 -0.27439088
v 0.02540000 0.44021592 -0.27570894
v 0.02540000 0.54657978 -0.27570891
v 0.02540000 0.63888127 -0.27889088
v 0.02540000 0.64019930 -0.27570894
v 0.02540000 0.64338124 -0.27439088
v 0.01540000 0.64338124 -0.27439088
v 0.01540000 0.64656323 -0.27570894
v 0.01540000 0.64019930 -0.27570891
v 0.01540000 0.63888127 -0.27889088
v 0.01540000 0.64019930 -0.28207281
v 0.01540000 0.64338124 -0.28339088
v 0.01540000 0.64656317 -0.28207284
v 0.01540000 0.64788127 -0.27889088
v 0.01540000 0.54339784 -0.27439088
v 0.01540000 0.54657984 -0.27570894
v 0.01540000 0.54021591 -0.27570891
v 0.01540000 0.53889787 -0.27889088
v 0.02540000 0.44657981 -0.27570891
v 0.01540000 0.54021591 -0.28207281
v 0.01540000 0.54339784 -0.28339088
v 0.01540000 0.54657978 -0.28207284
v 0.01540000 0.54789788 -0.27889088
v 0.01540000 0.44339788 -0.27439088
v 0.01540000 0.44657981 -0.27570894
v 0.01540000 0.44021592 -0.27570891
v 0.01540000 0.43889788 -0.27889088
v 0.01540000 0.44021592 -0.28207281
v 0.01540000 0.44339788 -0.28339088
v 0.01540000 0.44657981 -0.28207284
v 0.01540000 0.44789785 -0.27889088
v 0.01270000 1.29882216 0.23033546
v 0.02540000 1.28994465 0.16614734
v 0.01270000 1.28994465 0.16614734
v 0.02540000 1.28650630 0.16028096
v 0.01270000 1.23878503 0.16796951
v 0.01270000 1.24171638 0.16089600
v 0.01270000 1.28650677 0.16028139
v 0.02540000 1.29882216 0.23033546
v 0.02540000 1.23878503 0.16796951
v 0.02540000 1.24171150 0.16090089
v 0.01270000 1.30178952 0.29506660
v 0.02540000 1.30178952 0.29506660
v 0.01270000 1.30178952 0.80489057
v 0.02540000 1.30178952 0.80489057
v 0.01270000 1.23878503 0.93198764
v 0.01270000 1.28650630 0.93967623
v 0.01270000 1.24171150 0.93905628
v 0.01270000 1.24878502 0.94198763
v 0.02540000 1.24878502 0.94198763
v 0.01270000 1.28011215 0.94198763
v 0.02540000 1.28011215 0.94198763
v 0.01270000 1.28994465 0.93380982
v 0.02540000 1.24171638 0.93906116
v 0.02540000 1.23878503 0.93198764
v 0.01270000 1.29882216 0.86962169
v 0.01270000 1.28011215 0.15796950
v 0.01270000 1.24878502 0.15796950
v 0.02540000 1.24878502 0.15796950
v 0.02540000 1.28011215 0.15796950
v 0.02540000 1.29882216 0.86962169
v 0.02540000 1.28994465 0.93380982
v 0.02540000 1.28650677 0.93967575
v 0.01270000 -0.11204489 0.86962169
v 0.02540000 -0.11204489 0.86962169
v 0.02540000 -0.10316747 0.93380982
v 0.02540000 0.04046294 0.93198758
v 0.01270000 -0.10316747 0.93380982
v 0.02540000 -0.09972901 0.93967623
v 0.02540000 0.03753658 0.93905616
v 0.02540000 -0.11501233 0.80489057
v 0.02540000 -0.11501233 0.29506660
v 0.02540000 -0.00000165 0.70448333
v 0.02540000 -0.00450000 0.69998336
v 0.01270000 0.04045975 0.58849055
v 0.01270000 0.01142422 0.51295501
v 0.01270000 0.00995975 0.51649052
v 0.01270000 0.00995975 0.58349055
v 0.01270000 0.01142421 0.58702606
v 0.01270000 0.01495975 0.58849055
v 0.01270000 0.04046294 0.93198764
v 0.01270000 -0.09972963 0.93967575
v 0.01270000 0.03753149 0.93906122
v 0.02540000 -0.09333488 0.94198763
v 0.01270000 -0.09333488 0.94198763
v 0.02540000 0.03046294 0.94198763
v 0.01270000 0.03046294 0.94198763
v 0.02540000 0.04045975 0.58849055
v 0.01270000 0.04046001 0.16796952
v 0.01270000 -0.11204489 0.23033546
v 0.01270000 0.01495975 0.51149052
v 0.01270000 -0.10316747 0.16614734
v 0.02540000 -0.11204489 0.23033546
v 0.01270000 0.03753360 0.16090097
v 0.01270000 -0.09972901 0.16028091
v 0.02540000 -0.10316747 0.16614734
v 0.01270000 0.03046002 0.15796950
v 0.01270000 -0.09333488 0.15796950
v 0.02540000 -0.09972963 0.16028143
v 0.02540000 -0.09333488 0.15796950
v 0.02540000 0.03046001 0.15796950
v 0.02540000 0.03752857 0.16089593
v 0.01270000 0.04045975 0.51149052
v 0.02540000 0.04046001 0.16796952
v 0.02540000 0.04045975 0.51149052
v 0.02540000 0.01495975 0.51149052
v 0.02540000 0.01142421 0.51295501
v 0.02540000 0.00995975 0.51649052
v 0.02540000 0.00995975 0.58349055
v 0.02540000 0.01142422 0.58702606
v 0.02540000 0.01495975 0.58849055
v 0.02540000 0.00450000 0.59998339
v 0.02540000 -0.00000165 0.60448337
v 0.02540000 0.00450000 0.69998336
v 0.02540000 0.00000165 0.59548342
v 0.02540000 -0.00450000 0.50000000
v 0.02540000 -0.00000165 0.50449997
v 0.02540000 0.00000165 0.49550003
v 0.02540000 0.00450000 0.50000000
v 0.02540000 -0.00450000 0.59998339
v 0.02540000 0.00000165 0.69548345
v 0.01540000 0.00450000 0.50000000
v 0.01540000 -0.00000165 0.49550003
v 0.01540000 0.00000165 0.50449997
v 0.01540000 -0.00450000 0.50000000
v 0.01540000 0.00450000 0.59998339
v 0.01540000 -0.00000165 0.59548342
v 0.01540000 0.00000165 0.60448337
v 0.01540000 -0.00450000 0.59998339
v 0.01540000 0.00450000 0.69998336
v 0.01540000 -0.00000165 0.69548345
v 0.01540000 0.00000165 0.70448333
v 0.01540000 -0.00450000 0.69998336
v 0.01270000 0.03753353 0.16090119
v 0.01270000 0.00092354 0.16089632
v 0.01270000 -0.00200783 0.16796981
v 0.02540000 -0.00200783 0.16796981
v 0.01270000 0.04046002 0.16796981
v 0.01270000 -0.00200783 0.93198794
v 0.02540000 -0.00200783 0.93198794
v 0.01270000 0.03046002 0.15796982
v 0.01270000 0.00799217 0.15796982
v 0.02540000 0.00091866 0.16090119
v 0.02540000 0.00799217 0.15796982
v 0.02540000 0.03046002 0.15796982
v 0.02540000 0.03752865 0.16089632
v 0.01270000 0.04046002 0.93198794
v 0.02540000 0.04046002 0.16796981
v 0.01270000 0.00091866 0.93905658
v 0.01270000 0.03752865 0.93906146
v 0.02540000 0.04046002 0.93198794
v 0.01270000 0.00799217 0.94198793
v 0.01270000 0.03046002 0.94198793
v 0.02540000 0.03753353 0.93905658
v 0.02540000 0.03046002 0.94198793
v 0.02540000 0.00799217 0.94198793
v 0.02540000 0.00092354 0.93906146
f 1 2 3
f 4 3 2
f 5 3 6
f 7 6 3
f 8 1 3
f 9 8 3
f 5 9 3
f 7 3 4
f 10 11 2
f 12 2 11
f 13 2 1
f 14 2 15
f 16 15 2
f 14 10 2
f 13 16 2
f 12 4 2
f 17 6 11
f 18 11 6
f 19 17 11
f 15 19 11
f 20 15 11
f 10 20 11
f 18 12 11
f 5 6 17
f 7 18 6
f 21 1 22
f 23 22 1
f 24 22 9
f 25 9 22
f 24 19 22
f 21 22 19
f 25 22 23
f 26 1 8
f 27 13 1
f 28 27 1
f 21 28 1
f 23 1 26
f 29 8 9
f 26 8 29
f 5 24 9
f 25 29 9
f 30 17 19
f 31 5 17
f 31 17 30
f 32 19 24
f 33 19 15
f 34 21 19
f 33 34 19
f 30 19 32
f 35 24 5
f 32 24 35
f 31 35 5
f 36 15 20
f 37 14 15
f 38 15 16
f 38 33 15
f 37 15 36
f 39 20 10
f 36 20 39
f 40 10 14
f 39 10 40
f 37 40 14
f 41 16 13
f 42 38 16
f 42 16 41
f 43 13 27
f 43 41 13
f 44 27 28
f 43 27 44
f 45 28 21
f 44 28 45
f 46 21 34
f 45 21 46
f 47 34 33
f 46 34 47
f 48 33 38
f 47 33 48
f 48 38 42
f 29 4 12
f 25 7 4
f 25 4 29
f 40 12 18
f 26 29 12
f 44 26 12
f 30 32 12
f 41 12 32
f 37 30 12
f 37 12 40
f 43 12 41
f 43 44 12
f 36 18 7
f 39 40 18
f 36 39 18
f 31 7 25
f 31 30 7
f 37 7 30
f 37 36 7
f 35 23 26
f 46 35 26
f 45 46 26
f 44 45 26
f 31 25 23
f 31 23 35
f 46 32 35
f 42 41 32
f 48 42 32
f 47 48 32
f 46 47 32
f 49 50 51
f 52 51 50
f 53 49 51
f 54 53 51
f 55 54 51
f 56 55 51
f 52 56 51
f 57 50 49
f 58 59 50
f 60 50 59
f 58 50 57
f 61 52 50
f 62 61 50
f 63 62 50
f 64 65 50
f 63 50 65
f 66 64 50
f 67 66 50
f 68 50 60
f 69 67 50
f 68 69 50
f 70 49 53
f 71 49 72
f 73 72 49
f 74 75 49
f 57 49 75
f 71 74 49
f 73 49 70
f 54 76 53
f 77 53 76
f 78 79 53
f 80 53 79
f 81 78 53
f 82 81 53
f 83 82 53
f 84 70 53
f 80 84 53
f 85 83 53
f 86 85 53
f 77 86 53
f 59 76 54
f 59 72 76
f 87 76 72
f 88 76 87
f 77 76 88
f 89 59 54
f 90 91 54
f 92 54 91
f 55 90 54
f 92 62 54
f 93 54 62
f 94 95 54
f 96 54 95
f 97 94 54
f 98 97 54
f 67 54 96
f 99 98 54
f 100 99 54
f 93 100 54
f 101 89 54
f 67 101 54
f 102 72 59
f 102 71 72
f 103 87 72
f 104 103 72
f 105 104 72
f 106 105 72
f 73 106 72
f 102 59 58
f 89 60 59
f 107 75 74
f 108 57 75
f 109 108 75
f 107 109 75
f 110 74 71
f 110 107 74
f 110 71 102
f 108 111 57
f 58 57 111
f 108 112 111
f 113 111 112
f 58 111 113
f 114 115 112
f 116 112 115
f 108 114 112
f 113 112 116
f 114 117 115
f 118 115 117
f 116 115 118
f 114 119 117
f 120 117 119
f 118 117 120
f 121 122 119
f 123 119 122
f 124 119 114
f 125 119 124
f 126 121 119
f 125 126 119
f 120 119 123
f 127 128 122
f 129 122 128
f 121 127 122
f 123 122 129
f 130 114 128
f 131 128 114
f 130 128 132
f 127 132 128
f 133 129 128
f 131 133 128
f 131 114 108
f 134 124 114
f 130 134 114
f 131 108 109
f 135 87 103
f 136 88 87
f 136 87 135
f 137 103 104
f 138 103 137
f 135 103 138
f 80 79 104
f 137 104 79
f 105 80 104
f 139 79 78
f 137 79 139
f 140 78 81
f 139 78 140
f 141 81 82
f 142 140 81
f 142 81 141
f 83 88 82
f 141 82 88
f 143 144 88
f 77 88 144
f 83 143 88
f 141 88 136
f 145 146 132
f 147 132 146
f 148 130 132
f 145 132 127
f 147 148 132
f 145 149 146
f 150 146 149
f 151 146 150
f 151 147 146
f 125 124 149
f 152 149 124
f 153 125 149
f 145 153 149
f 150 149 152
f 154 124 134
f 152 124 154
f 155 134 130
f 156 154 134
f 156 134 155
f 148 155 130
f 157 127 121
f 158 145 127
f 157 158 127
f 159 121 126
f 160 121 159
f 160 157 121
f 161 126 125
f 159 126 161
f 162 125 153
f 161 125 162
f 163 153 145
f 164 162 153
f 164 153 163
f 158 163 145
f 165 70 84
f 166 73 70
f 166 70 165
f 167 84 80
f 168 165 84
f 168 84 167
f 169 80 105
f 167 80 169
f 170 105 106
f 169 105 170
f 171 106 73
f 172 170 106
f 171 172 106
f 166 171 73
f 173 144 143
f 174 77 144
f 174 144 173
f 175 143 83
f 176 173 143
f 175 176 143
f 177 83 85
f 177 175 83
f 178 85 86
f 177 85 178
f 179 86 77
f 180 178 86
f 180 86 179
f 179 77 174
f 113 109 107
f 118 131 109
f 116 118 109
f 113 116 109
f 58 113 107
f 181 58 107
f 182 107 110
f 182 181 107
f 183 129 133
f 184 123 129
f 185 129 183
f 186 184 129
f 185 186 129
f 183 133 131
f 118 120 131
f 187 131 120
f 188 189 131
f 190 131 189
f 191 188 131
f 187 191 131
f 190 183 131
f 187 120 123
f 192 187 123
f 184 192 123
f 193 102 58
f 194 58 181
f 195 193 58
f 194 195 58
f 182 110 102
f 196 182 102
f 193 196 102
f 173 91 90
f 176 92 91
f 176 91 173
f 179 90 55
f 174 173 90
f 179 174 90
f 179 55 56
f 180 56 52
f 180 179 56
f 178 52 61
f 180 52 178
f 175 61 62
f 177 178 61
f 177 61 175
f 175 62 92
f 93 62 63
f 175 92 176
f 170 95 94
f 172 96 95
f 172 95 170
f 167 94 97
f 169 170 94
f 167 169 94
f 98 197 97
f 167 97 197
f 63 65 197
f 168 197 65
f 198 63 197
f 98 198 197
f 168 167 197
f 165 65 64
f 168 65 165
f 171 64 66
f 166 165 64
f 166 64 171
f 67 96 66
f 171 66 96
f 171 96 172
f 155 189 188
f 148 190 189
f 148 189 155
f 154 188 191
f 156 188 154
f 156 155 188
f 199 200 191
f 154 191 200
f 187 199 191
f 201 202 200
f 152 200 202
f 199 201 200
f 152 154 200
f 203 204 202
f 150 202 204
f 203 202 201
f 150 152 202
f 185 183 204
f 147 204 183
f 203 185 204
f 151 150 204
f 151 204 147
f 147 183 190
f 147 190 148
f 163 201 199
f 158 203 201
f 158 201 163
f 162 199 187
f 164 199 162
f 164 163 199
f 162 187 192
f 161 192 184
f 161 162 192
f 159 184 186
f 159 161 184
f 157 186 185
f 160 159 186
f 160 186 157
f 157 185 203
f 157 203 158
f 140 63 198
f 142 93 63
f 142 63 140
f 137 198 98
f 139 140 198
f 137 139 198
f 138 98 99
f 138 137 98
f 135 99 100
f 135 138 99
f 141 100 93
f 136 135 100
f 141 136 100
f 142 141 93
f 205 60 89
f 206 68 60
f 206 60 205
f 207 89 101
f 208 205 89
f 207 208 89
f 209 101 67
f 209 207 101
f 210 67 69
f 210 209 67
f 211 69 68
f 212 210 69
f 212 69 211
f 206 211 68
f 213 181 182
f 214 194 181
f 214 181 213
f 215 182 196
f 216 213 182
f 215 216 182
f 217 196 193
f 217 215 196
f 218 193 195
f 218 217 193
f 219 195 194
f 220 218 195
f 220 195 219
f 214 219 194
f 221 205 208
f 222 206 205
f 223 222 205
f 221 223 205
f 221 208 207
f 224 207 209
f 224 221 207
f 225 209 210
f 225 224 209
f 226 210 212
f 227 225 210
f 226 227 210
f 228 211 206
f 226 212 211
f 226 211 228
f 222 228 206
f 226 228 222
f 226 222 223
f 227 223 221
f 226 223 227
f 225 221 224
f 227 221 225
f 229 213 216
f 230 214 213
f 231 230 213
f 229 231 213
f 229 216 215
f 232 215 217
f 232 229 215
f 233 217 218
f 233 232 217
f 234 218 220
f 235 233 218
f 234 235 218
f 236 219 214
f 234 220 219
f 234 219 236
f 230 236 214
f 234 236 230
f 234 230 231
f 235 231 229
f 234 231 235
f 233 229 232
f 235 229 233
f 237 238 239
f 240 239 238
f 241 237 239
f 242 241 239
f 243 242 239
f 244 239 240
f 245 246 239
f 247 239 246
f 248 245 239
f 244 248 239
f 249 243 239
f 250 249 239
f 247 250 239
f 251 238 237
f 252 238 251
f 252 240 238
f 253 237 241
f 251 237 254
f 253 254 237
f 255 241 242
f 256 241 255
f 257 253 241
f 256 257 241
f 258 255 242
f 259 258 242
f 260 259 242
f 243 260 242
f 258 261 255
f 262 255 261
f 262 263 255
f 264 255 263
f 265 255 266
f 267 266 255
f 265 256 255
f 267 255 264
f 268 269 261
f 262 261 269
f 258 268 261
f 270 269 268
f 270 262 269
f 259 268 258
f 259 270 268
f 271 272 273
f 274 273 272
f 275 271 273
f 276 275 273
f 276 273 277
f 278 277 273
f 274 278 273
f 251 254 272
f 279 272 254
f 280 251 272
f 271 280 272
f 279 274 272
f 264 263 254
f 240 254 263
f 281 254 253
f 281 282 254
f 283 254 282
f 284 254 285
f 283 285 254
f 286 264 254
f 284 286 254
f 279 254 240
f 287 263 262
f 240 263 287
f 260 262 270
f 287 262 260
f 260 270 259
f 252 251 280
f 288 280 271
f 252 280 288
f 289 271 275
f 288 271 289
f 290 291 275
f 292 275 291
f 293 275 294
f 295 294 275
f 296 290 275
f 293 296 275
f 297 295 275
f 298 297 275
f 299 298 275
f 276 299 275
f 289 275 292
f 300 301 291
f 302 291 301
f 303 304 291
f 305 291 304
f 290 303 291
f 306 300 291
f 307 306 291
f 305 307 291
f 292 291 302
f 300 76 301
f 308 301 76
f 302 301 308
f 309 310 76
f 54 76 310
f 311 309 76
f 304 311 76
f 305 304 76
f 312 313 76
f 305 76 313
f 300 312 76
f 308 76 54
f 293 294 310
f 314 310 294
f 315 310 309
f 315 293 310
f 54 310 314
f 316 277 294
f 317 294 277
f 318 319 294
f 316 294 319
f 295 318 294
f 317 314 294
f 316 276 277
f 317 277 278
f 281 253 320
f 321 320 253
f 322 320 323
f 246 323 320
f 322 281 320
f 246 320 321
f 257 324 253
f 248 253 324
f 248 321 253
f 257 323 324
f 245 324 323
f 248 324 245
f 325 322 323
f 326 325 323
f 257 326 323
f 245 323 246
f 327 282 281
f 283 282 325
f 328 325 282
f 328 282 327
f 244 281 322
f 244 327 281
f 329 322 325
f 244 322 329
f 330 325 326
f 330 283 325
f 329 325 328
f 331 309 311
f 332 315 309
f 332 309 331
f 333 311 304
f 334 311 333
f 331 311 334
f 333 304 303
f 335 303 290
f 333 303 335
f 336 290 296
f 335 290 336
f 337 296 293
f 338 336 296
f 338 296 337
f 337 293 315
f 337 315 332
f 339 340 266
f 341 266 340
f 342 265 266
f 267 339 266
f 342 266 341
f 339 326 340
f 343 340 326
f 344 340 343
f 341 340 344
f 345 326 257
f 339 330 326
f 345 343 326
f 346 257 256
f 345 257 346
f 347 256 265
f 348 256 347
f 346 256 348
f 347 265 342
f 349 350 285
f 351 285 350
f 352 284 285
f 349 285 283
f 352 285 351
f 349 353 350
f 354 350 353
f 355 350 354
f 351 350 355
f 267 264 353
f 356 353 264
f 357 267 353
f 349 357 353
f 354 353 356
f 358 264 286
f 356 264 358
f 359 286 284
f 360 286 359
f 358 286 360
f 352 359 284
f 361 283 330
f 362 349 283
f 362 283 361
f 363 330 339
f 364 330 363
f 361 330 364
f 365 339 267
f 363 339 365
f 366 267 357
f 365 267 366
f 367 357 349
f 368 357 367
f 366 357 368
f 362 367 349
f 369 313 312
f 370 305 313
f 370 313 369
f 371 312 300
f 372 369 312
f 371 372 312
f 373 300 306
f 373 371 300
f 374 306 307
f 373 306 374
f 375 307 305
f 376 374 307
f 376 307 375
f 375 305 370
f 377 319 318
f 378 316 319
f 378 319 377
f 379 318 295
f 380 318 379
f 377 318 380
f 379 295 297
f 381 297 298
f 379 297 381
f 382 298 299
f 381 298 382
f 383 299 276
f 384 382 299
f 384 299 383
f 383 276 316
f 383 316 378
f 385 278 274
f 386 317 278
f 387 386 278
f 388 387 278
f 385 388 278
f 292 274 279
f 292 302 274
f 389 274 302
f 385 274 389
f 390 314 317
f 391 54 314
f 392 393 314
f 391 314 393
f 394 392 314
f 395 394 314
f 396 395 314
f 390 396 314
f 397 317 302
f 386 302 317
f 397 390 317
f 398 287 260
f 243 398 260
f 399 240 287
f 400 287 398
f 401 287 400
f 401 399 287
f 288 279 240
f 252 288 240
f 402 244 240
f 399 403 240
f 404 240 403
f 404 402 240
f 289 292 279
f 288 289 279
f 391 308 54
f 405 302 308
f 406 407 308
f 395 308 407
f 408 406 308
f 409 408 308
f 391 409 308
f 395 405 308
f 405 410 302
f 397 302 410
f 411 389 302
f 386 411 302
f 328 246 321
f 329 321 248
f 329 328 321
f 402 246 328
f 412 247 246
f 402 412 246
f 244 329 248
f 402 328 327
f 402 327 244
f 413 414 415
f 343 415 414
f 416 415 417
f 345 417 415
f 416 413 415
f 345 415 343
f 400 398 414
f 341 414 398
f 413 400 414
f 344 343 414
f 341 344 414
f 341 398 243
f 342 243 249
f 342 341 243
f 347 249 250
f 347 342 249
f 346 250 247
f 348 347 250
f 346 348 250
f 418 417 247
f 346 247 417
f 412 418 247
f 418 416 417
f 345 346 417
f 419 420 421
f 367 421 420
f 422 421 423
f 362 423 421
f 422 419 421
f 362 421 367
f 401 400 420
f 366 420 400
f 419 401 420
f 368 367 420
f 366 368 420
f 366 400 413
f 365 413 416
f 365 366 413
f 363 416 418
f 363 365 416
f 361 418 412
f 364 363 418
f 361 364 418
f 424 423 412
f 361 412 423
f 402 424 412
f 424 422 423
f 362 361 423
f 359 403 399
f 352 404 403
f 352 403 359
f 358 399 401
f 360 359 399
f 358 360 399
f 358 401 419
f 356 419 422
f 356 358 419
f 354 422 424
f 354 356 422
f 351 424 402
f 355 354 424
f 351 355 424
f 351 402 404
f 352 351 404
f 369 393 392
f 372 391 393
f 372 393 369
f 375 392 394
f 370 369 392
f 375 370 392
f 395 407 394
f 375 394 407
f 376 407 406
f 376 375 407
f 374 406 408
f 376 406 374
f 371 408 409
f 373 374 408
f 373 408 371
f 371 409 391
f 371 391 372
f 336 410 405
f 338 397 410
f 338 410 336
f 333 405 395
f 335 336 405
f 333 335 405
f 334 395 396
f 334 333 395
f 331 396 390
f 331 334 396
f 337 390 397
f 332 331 390
f 337 332 390
f 338 337 397
f 382 389 411
f 384 385 389
f 384 389 382
f 379 411 386
f 381 382 411
f 379 381 411
f 380 386 387
f 380 379 386
f 377 387 388
f 377 380 387
f 383 388 385
f 378 377 388
f 383 378 388
f 384 383 385
f 425 426 427
f 428 427 426
f 429 427 430
f 431 430 427
f 432 427 429
f 432 433 427
f 434 427 433
f 434 425 427
f 431 427 428
f 435 436 426
f 437 426 436
f 438 435 426
f 425 438 426
f 437 428 426
f 439 430 436
f 440 436 430
f 441 439 436
f 442 441 436
f 433 443 436
f 444 436 443
f 434 433 436
f 434 436 435
f 445 436 444
f 445 442 436
f 440 437 436
f 429 430 439
f 440 430 431
f 446 439 441
f 447 429 439
f 447 439 446
f 448 449 441
f 450 441 449
f 451 448 441
f 452 451 441
f 442 452 441
f 446 441 450
f 432 429 449
f 453 449 429
f 432 449 448
f 450 449 453
f 447 453 429
f 451 443 448
f 454 448 443
f 455 432 448
f 455 448 454
f 456 443 433
f 457 444 443
f 458 457 443
f 459 458 443
f 451 459 443
f 454 443 456
f 460 433 432
f 456 433 460
f 455 460 432
f 461 435 438
f 462 434 435
f 462 435 461
f 463 438 425
f 461 438 463
f 464 425 434
f 463 425 464
f 462 464 434
f 465 444 457
f 466 445 444
f 466 444 465
f 467 457 458
f 467 465 457
f 468 458 459
f 467 458 468
f 469 459 451
f 468 459 469
f 470 451 452
f 469 451 470
f 471 452 442
f 470 452 471
f 472 442 445
f 471 442 472
f 472 445 466
f 460 428 437
f 455 431 428
f 455 428 460
f 461 437 440
f 456 460 437
f 464 456 437
f 463 464 437
f 461 463 437
f 450 440 431
f 446 450 431
f 447 446 431
f 455 447 431
f 466 440 450
f 462 440 464
f 465 464 440
f 462 461 440
f 466 465 440
f 470 450 453
f 454 453 447
f 454 456 453
f 470 453 456
f 472 466 450
f 471 472 450
f 470 471 450
f 455 454 447
f 468 456 464
f 469 470 456
f 468 469 456
f 467 464 465
f 467 468 464
f 473 474 475
f 476 475 474
f 477 473 475
f 478 477 475
f 479 478 475
f 476 479 475
f 480 481 474
f 482 474 481
f 473 480 474
f 482 476 474
f 483 481 480
f 483 482 481
f 484 480 473
f 484 483 480
f 485 473 477
f 485 484 473
f 478 486 477
f 487 477 486
f 487 485 477
f 488 489 486
f 487 486 489
f 478 488 486
f 479 489 488
f 490 489 479
f 491 489 490
f 491 492 489
f 487 489 492
f 479 488 478
f 490 479 476
f 493 476 482
f 490 476 493
f 483 493 482
f 494 493 483
f 494 490 493
f 484 494 483
f 494 491 490
f 495 496 497
f 498 497 496
f 499 495 497
f 500 499 497
f 500 497 492
f 498 492 497
f 501 502 496
f 498 496 502
f 495 501 496
f 503 502 501
f 504 498 502
f 503 504 502
f 505 501 495
f 505 503 501
f 505 495 499
f 506 507 499
f 508 499 507
f 509 510 499
f 511 499 510
f 512 509 499
f 500 512 499
f 511 506 499
f 505 499 508
f 513 514 507
f 508 507 514
f 492 513 507
f 506 492 507
f 515 516 514
f 508 514 516
f 513 515 514
f 517 516 515
f 518 516 517
f 505 516 518
f 505 508 516
f 519 515 513
f 519 517 515
f 519 513 492
f 491 500 492
f 520 487 492
f 506 520 492
f 519 492 498
f 521 522 523
f 524 523 522
f 521 523 525
f 526 525 523
f 526 523 524
f 527 528 522
f 529 522 528
f 521 527 522
f 529 524 522
f 527 530 528
f 531 528 530
f 531 529 528
f 511 510 530
f 532 530 510
f 511 530 527
f 532 531 530
f 509 533 510
f 534 510 533
f 534 532 510
f 509 535 533
f 536 533 535
f 536 534 533
f 537 525 535
f 538 535 525
f 509 537 535
f 536 535 538
f 537 521 525
f 526 538 525
f 539 527 521
f 539 511 527
f 540 521 537
f 540 541 521
f 542 521 541
f 542 539 521
f 509 543 537
f 544 537 543
f 540 537 545
f 544 545 537
f 546 543 509
f 547 544 543
f 546 547 543
f 546 509 512
f 548 512 500
f 548 546 512
f 549 500 491
f 550 551 500
f 552 500 551
f 550 500 553
f 549 553 500
f 554 548 500
f 555 554 500
f 552 555 500
f 553 491 494
f 549 491 553
f 553 494 484
f 556 484 485
f 551 484 556
f 550 484 551
f 550 553 484
f 487 557 485
f 558 485 557
f 556 485 559
f 558 559 485
f 560 557 487
f 561 557 560
f 558 557 561
f 560 487 520
f 562 520 506
f 562 560 520
f 563 506 511
f 542 541 506
f 564 506 541
f 542 506 539
f 563 539 506
f 565 562 506
f 564 565 506
f 563 511 539
f 504 519 498
f 566 567 517
f 518 517 567
f 568 566 517
f 569 568 517
f 519 569 517
f 570 567 566
f 571 567 570
f 572 567 571
f 573 574 567
f 518 567 574
f 575 567 572
f 576 573 567
f 575 576 567
f 570 566 568
f 577 568 569
f 577 570 568
f 578 569 519
f 578 579 569
f 580 569 579
f 577 569 580
f 504 578 519
f 580 579 581
f 582 581 579
f 583 580 581
f 584 583 581
f 585 581 582
f 585 584 581
f 586 579 578
f 586 582 579
f 587 578 504
f 587 586 578
f 503 587 504
f 577 580 583
f 584 588 583
f 577 583 588
f 589 582 586
f 590 591 582
f 592 582 591
f 589 590 582
f 593 585 582
f 594 593 582
f 595 594 582
f 592 595 582
f 596 586 587
f 597 589 586
f 597 586 596
f 505 587 503
f 505 596 587
f 598 588 584
f 598 577 588
f 599 591 584
f 600 584 591
f 601 602 584
f 599 584 602
f 585 601 584
f 603 598 584
f 604 584 600
f 605 603 584
f 604 605 584
f 606 591 590
f 599 592 591
f 600 591 607
f 606 607 591
f 597 590 589
f 597 606 590
f 608 602 601
f 609 599 602
f 610 609 602
f 610 602 608
f 608 601 585
f 555 585 593
f 552 585 555
f 608 585 552
f 554 593 594
f 555 593 554
f 548 594 595
f 554 594 548
f 611 595 592
f 611 548 595
f 611 592 599
f 612 599 609
f 612 611 599
f 598 570 577
f 598 571 570
f 613 571 598
f 614 571 613
f 614 572 571
f 615 613 598
f 616 615 598
f 603 616 598
f 613 617 574
f 618 574 617
f 619 613 574
f 573 619 574
f 596 574 618
f 518 574 596
f 613 607 617
f 606 617 607
f 618 617 606
f 600 607 613
f 620 614 613
f 619 620 613
f 621 600 613
f 622 613 615
f 622 621 613
f 623 572 614
f 623 575 572
f 624 614 620
f 625 614 626
f 624 626 614
f 625 623 614
f 627 620 619
f 624 620 627
f 627 619 573
f 562 573 576
f 565 573 562
f 564 573 565
f 627 573 564
f 562 576 575
f 623 562 575
f 628 604 600
f 621 628 600
f 629 615 616
f 630 622 615
f 629 630 615
f 631 616 603
f 631 629 616
f 632 603 605
f 632 631 603
f 633 605 604
f 633 632 605
f 633 604 628
f 633 628 621
f 634 621 622
f 633 621 634
f 630 634 622
f 596 618 606
f 597 596 606
f 505 518 596
f 540 634 630
f 540 633 634
f 540 630 629
f 559 629 631
f 559 541 629
f 540 629 541
f 556 631 632
f 556 559 631
f 556 632 633
f 551 556 633
f 545 551 633
f 540 545 633
f 635 541 559
f 635 564 541
f 636 559 558
f 637 559 636
f 626 635 559
f 637 626 559
f 638 551 545
f 638 552 551
f 639 545 544
f 640 545 639
f 609 638 545
f 640 609 545
f 548 544 547
f 548 639 544
f 548 547 546
f 562 561 560
f 636 558 561
f 562 636 561
f 623 636 562
f 625 637 636
f 625 636 623
f 627 564 635
f 624 635 626
f 624 627 635
f 625 626 637
f 611 639 548
f 612 640 639
f 612 639 611
f 608 552 638
f 610 638 609
f 610 608 638
f 612 609 640
f 526 524 529
f 526 529 531
f 538 531 532
f 526 531 538
f 536 532 534
f 536 538 532
f 641 642 643
f 644 643 642
f 645 641 643
f 644 645 643
f 641 646 642
f 647 642 646
f 648 644 642
f 649 642 647
f 648 642 649
f 641 650 646
f 647 646 650
f 651 652 650
f 653 650 652
f 654 651 650
f 641 654 650
f 653 647 650
f 655 652 651
f 656 652 655
f 657 652 656
f 658 653 652
f 657 658 652
f 655 651 654
f 655 654 641
f 655 641 645
f 644 655 645
f 644 656 655
f 659 656 644
f 659 657 656
f 648 659 644
f 660 647 653
f 649 647 661
f 662 661 647
f 663 662 647
f 664 663 647
f 660 664 647
f 665 653 658
f 666 660 653
f 665 666 653
f 667 661 658
f 668 658 661
f 669 667 658
f 657 669 658
f 668 665 658
f 667 649 661
f 670 661 662
f 671 668 661
f 670 671 661
f 672 649 667
f 673 648 649
f 673 649 672
f 674 667 669
f 675 672 667
f 674 675 667
f 674 669 657
f 676 657 659
f 674 657 676
f 673 659 648
f 677 676 659
f 673 677 659
f 678 662 663
f 679 662 678
f 670 662 679
f 678 663 664
f 680 664 660
f 679 678 664
f 680 681 664
f 682 664 681
f 682 679 664
f 670 660 666
f 683 680 660
f 683 660 670
f 671 666 665
f 670 666 671
f 671 665 668
f 684 685 681
f 686 681 685
f 687 684 681
f 688 687 681
f 680 688 681
f 686 682 681
f 689 685 684
f 689 686 685
f 690 684 687
f 690 689 684
f 691 687 688
f 691 690 687
f 692 688 680
f 692 691 688
f 683 692 680
f 670 679 682
f 670 682 686
f 692 686 689
f 683 670 686
f 683 686 692
f 691 689 690
f 692 689 691
f 677 674 676
f 673 672 675
f 673 675 674
f 673 674 677
f 693 694 695
f 696 695 694
f 697 695 698
f 699 698 695
f 700 693 695
f 701 700 695
f 697 701 695
f 699 695 696
f 702 703 694
f 704 694 703
f 705 694 693
f 706 694 707
f 708 707 694
f 706 702 694
f 705 708 694
f 704 696 694
f 709 698 703
f 710 703 698
f 711 709 703
f 707 711 703
f 712 707 703
f 702 712 703
f 710 704 703
f 697 698 709
f 699 710 698
f 713 693 714
f 715 714 693
f 716 714 701
f 717 701 714
f 716 711 714
f 713 714 711
f 717 714 715
f 718 693 700
f 719 705 693
f 720 719 693
f 713 720 693
f 715 693 718
f 721 700 701
f 718 700 721
f 697 716 701
f 717 721 701
f 722 709 711
f 723 697 709
f 723 709 722
f 724 711 716
f 725 711 707
f 726 713 711
f 725 726 711
f 722 711 724
f 727 716 697
f 724 716 727
f 723 727 697
f 728 707 712
f 729 706 707
f 730 707 708
f 730 725 707
f 729 707 728
f 731 712 702
f 728 712 731
f 732 702 706
f 731 702 732
f 729 732 706
f 733 708 705
f 734 730 708
f 734 708 733
f 735 705 719
f 735 733 705
f 736 719 720
f 735 719 736
f 737 720 713
f 736 720 737
f 738 713 726
f 737 713 738
f 739 726 725
f 738 726 739
f 740 725 730
f 739 725 740
f 740 730 734
f 721 696 704
f 717 699 696
f 717 696 721
f 732 704 710
f 718 721 704
f 736 718 704
f 722 724 704
f 733 704 724
f 729 722 704
f 729 704 732
f 735 704 733
f 735 736 704
f 728 710 699
f 731 732 710
f 728 731 710
f 723 699 717
f 723 722 699
f 729 699 722
f 729 728 699
f 727 715 718
f 738 727 718
f 737 738 718
f 736 737 718
f 723 717 715
f 723 715 727
f 738 724 727
f 734 733 724
f 740 734 724
f 739 740 724
f 738 739 724
f 741 742 743
f 744 743 742
f 745 741 743
f 746 747 743
f 748 743 747
f 749 746 743
f 750 749 743
f 751 745 743
f 752 751 743
f 748 752 743
f 744 750 743
f 741 753 742
f 754 742 753
f 755 756 742
f 744 742 756
f 757 755 742
f 758 757 742
f 759 758 742
f 754 759 742
f 760 761 753
f 762 753 761
f 741 760 753
f 763 764 753
f 765 753 764
f 762 763 753
f 766 754 753
f 767 766 753
f 765 767 753
f 750 761 760
f 744 761 750
f 768 769 761
f 770 761 769
f 744 768 761
f 771 762 761
f 772 771 761
f 770 772 761
f 773 760 741
f 774 775 760
f 776 760 775
f 773 774 760
f 777 778 760
f 750 760 778
f 779 777 760
f 776 779 760
f 745 780 741
f 781 741 780
f 781 782 741
f 783 741 782
f 783 773 741
f 784 785 786
f 787 786 785
f 788 784 786
f 789 788 786
f 790 789 786
f 791 790 786
f 787 792 786
f 791 786 792
f 793 794 785
f 787 785 794
f 784 795 785
f 796 785 795
f 797 793 785
f 796 797 785
f 798 799 794
f 800 794 799
f 801 798 794
f 793 801 794
f 800 787 794
f 802 799 798
f 803 799 802
f 800 799 803
f 802 798 801
f 804 805 801
f 806 801 805
f 807 804 801
f 808 807 801
f 793 808 801
f 806 802 801
f 809 810 805
f 811 805 810
f 812 809 805
f 804 812 805
f 813 805 811
f 806 805 813
f 814 815 810
f 811 810 815
f 816 814 810
f 817 816 810
f 818 817 810
f 809 818 810
f 819 820 815
f 821 815 820
f 822 819 815
f 814 822 815
f 821 811 815
f 823 820 819
f 824 820 823
f 821 820 824
f 823 819 822
f 825 822 814
f 825 823 822
f 826 814 816
f 827 814 826
f 825 814 827
f 817 828 816
f 826 816 828
f 817 829 828
f 830 828 829
f 830 826 828
f 831 829 817
f 832 829 831
f 830 829 832
f 831 817 818
f 833 818 809
f 833 831 818
f 834 835 809
f 836 809 835
f 812 834 809
f 833 809 836
f 834 837 835
f 838 835 837
f 838 836 835
f 839 840 837
f 841 837 840
f 834 839 837
f 842 837 841
f 838 837 842
f 843 844 840
f 841 840 844
f 845 843 840
f 839 845 840
f 843 846 844
f 847 844 846
f 847 841 844
f 848 849 846
f 850 846 849
f 851 848 846
f 852 851 846
f 853 852 846
f 854 853 846
f 855 854 846
f 843 855 846
f 856 846 850
f 847 846 856
f 857 858 849
f 850 849 858
f 848 857 849
f 859 775 858
f 860 858 775
f 861 859 858
f 857 861 858
f 860 850 858
f 862 775 774
f 859 776 775
f 863 775 862
f 860 775 863
f 864 865 774
f 862 774 865
f 866 864 774
f 867 866 774
f 773 867 774
f 868 869 865
f 870 865 869
f 864 868 865
f 870 862 865
f 871 872 869
f 873 869 872
f 874 871 869
f 875 874 869
f 876 875 869
f 868 876 869
f 877 869 873
f 870 869 877
f 878 879 872
f 873 872 879
f 880 878 872
f 881 880 872
f 871 881 872
f 882 883 879
f 884 879 883
f 882 879 878
f 884 873 879
f 882 885 883
f 886 883 885
f 887 883 886
f 884 883 887
f 888 889 885
f 886 885 889
f 890 888 885
f 891 890 885
f 882 891 885
f 892 893 889
f 894 889 893
f 895 892 889
f 896 895 889
f 888 896 889
f 894 886 889
f 892 897 893
f 898 893 897
f 894 893 898
f 892 899 897
f 900 897 899
f 900 898 897
f 892 901 899
f 902 899 901
f 903 899 902
f 900 899 903
f 892 904 901
f 902 901 904
f 892 905 904
f 906 904 905
f 906 902 904
f 892 907 905
f 908 905 907
f 909 905 908
f 906 905 909
f 910 911 907
f 908 907 911
f 892 910 907
f 912 913 911
f 914 911 913
f 910 912 911
f 914 908 911
f 915 913 912
f 916 913 915
f 914 913 916
f 915 912 910
f 917 910 892
f 917 915 910
f 918 919 892
f 920 892 919
f 921 918 892
f 922 921 892
f 895 922 892
f 923 892 920
f 917 892 923
f 924 925 919
f 920 919 925
f 918 924 919
f 926 927 925
f 928 925 927
f 929 926 925
f 930 929 925
f 924 930 925
f 928 920 925
f 931 927 926
f 932 927 931
f 928 927 932
f 931 926 929
f 933 934 929
f 935 929 934
f 936 933 929
f 930 936 929
f 935 931 929
f 937 938 934
f 939 934 938
f 940 937 934
f 941 940 934
f 942 941 934
f 933 942 934
f 943 934 939
f 935 934 943
f 944 945 938
f 939 938 945
f 937 944 938
f 946 947 945
f 948 945 947
f 949 946 945
f 944 949 945
f 948 939 945
f 950 947 946
f 951 947 950
f 948 947 951
f 950 946 949
f 952 949 944
f 952 950 949
f 953 944 937
f 954 944 953
f 952 944 954
f 953 937 940
f 955 940 941
f 955 953 940
f 942 956 941
f 957 941 956
f 955 941 957
f 958 959 956
f 960 956 959
f 942 958 956
f 960 957 956
f 958 961 959
f 962 959 961
f 963 959 962
f 960 959 963
f 958 964 961
f 962 961 964
f 965 966 964
f 967 964 966
f 958 965 964
f 967 962 964
f 968 969 966
f 970 966 969
f 971 968 966
f 972 971 966
f 973 972 966
f 974 973 966
f 975 974 966
f 976 975 966
f 977 976 966
f 965 977 966
f 978 966 970
f 967 966 978
f 979 980 969
f 970 969 980
f 968 979 969
f 979 981 980
f 982 980 981
f 982 970 980
f 979 983 981
f 764 981 983
f 763 981 764
f 982 981 763
f 984 985 983
f 764 983 985
f 979 984 983
f 986 987 985
f 988 985 987
f 984 986 985
f 988 764 985
f 989 990 987
f 991 987 990
f 986 992 987
f 993 987 992
f 994 987 993
f 995 989 987
f 996 995 987
f 997 996 987
f 994 997 987
f 998 987 991
f 988 987 998
f 999 1000 990
f 991 990 1000
f 989 999 990
f 1001 1002 1000
f 1003 1000 1002
f 999 1001 1000
f 1003 991 1000
f 1004 1005 1002
f 1006 1002 1005
f 1001 1004 1002
f 1007 1002 1006
f 1003 1002 1007
f 1004 1008 1005
f 1006 1005 1008
f 1004 1009 1008
f 1010 1008 1009
f 1010 1006 1008
f 1011 1012 1009
f 1013 1009 1012
f 1004 1011 1009
f 1010 1009 1013
f 1014 1015 1012
f 1016 1012 1015
f 1011 1014 1012
f 1016 1013 1012
f 1014 1017 1015
f 1018 1015 1017
f 1019 1015 1018
f 1016 1015 1019
f 1020 1021 1017
f 1018 1017 1021
f 1014 1020 1017
f 1022 1023 1021
f 1024 1021 1023
f 1020 1022 1021
f 1024 1018 1021
f 1025 1023 1022
f 1026 1023 1025
f 1024 1023 1026
f 1025 1022 1020
f 1027 1020 1014
f 1027 1025 1020
f 1028 1014 1011
f 1029 1014 1028
f 1027 1014 1029
f 1030 1031 1011
f 1028 1011 1031
f 1032 1030 1011
f 1004 1032 1011
f 1033 1034 1031
f 1035 1031 1034
f 1036 1033 1031
f 1030 1036 1031
f 1035 1028 1031
f 1037 1034 1033
f 1038 1034 1037
f 1035 1034 1038
f 1037 1033 1036
f 1039 1040 1036
f 1041 1036 1040
f 1042 1039 1036
f 1043 1042 1036
f 1030 1043 1036
f 1041 1037 1036
f 1044 1045 1040
f 1046 1040 1045
f 1047 1044 1040
f 1039 1047 1040
f 1048 1040 1046
f 1041 1040 1048
f 1049 1050 1045
f 1046 1045 1050
f 1051 1049 1045
f 1052 1051 1045
f 1053 1052 1045
f 1044 1053 1045
f 1054 1055 1050
f 1056 1050 1055
f 1057 1054 1050
f 1049 1057 1050
f 1056 1046 1050
f 1058 1055 1054
f 1059 1055 1058
f 1056 1055 1059
f 1058 1054 1057
f 1060 1057 1049
f 1060 1058 1057
f 1061 1049 1051
f 1062 1049 1061
f 1060 1049 1062
f 1052 1063 1051
f 1061 1051 1063
f 1052 1064 1063
f 1065 1063 1064
f 1065 1061 1063
f 1066 1064 1052
f 1067 1064 1066
f 1065 1064 1067
f 1066 1052 1053
f 1068 1053 1044
f 1068 1066 1053
f 1069 1070 1044
f 1071 1044 1070
f 1047 1069 1044
f 1068 1044 1071
f 1069 1072 1070
f 1073 1070 1072
f 1073 1071 1070
f 1074 1075 1072
f 1076 1072 1075
f 1069 1074 1072
f 1077 1072 1076
f 1073 1072 1077
f 1078 1079 1075
f 1076 1075 1079
f 1080 1078 1075
f 1074 1080 1075
f 1078 1081 1079
f 1082 1079 1081
f 1082 1076 1079
f 1083 1084 1081
f 1085 1081 1084
f 1086 1083 1081
f 1087 1086 1081
f 1088 1087 1081
f 1089 1088 1081
f 1090 1089 1081
f 1078 1090 1081
f 1091 1081 1085
f 1082 1081 1091
f 1092 1093 1084
f 1085 1084 1093
f 1083 1092 1084
f 1094 747 1093
f 1095 1093 747
f 1096 1094 1093
f 1092 1096 1093
f 1095 1085 1093
f 1097 747 746
f 1094 748 747
f 1098 747 1097
f 1095 747 1098
f 1099 1100 746
f 1097 746 1100
f 1101 1099 746
f 1102 1101 746
f 749 1102 746
f 1103 1104 1100
f 1105 1100 1104
f 1099 1103 1100
f 1105 1097 1100
f 1106 1107 1104
f 1108 1104 1107
f 1109 1106 1104
f 1110 1109 1104
f 1111 1110 1104
f 1103 1111 1104
f 1112 1104 1108
f 1105 1104 1112
f 1113 1114 1107
f 1108 1107 1114
f 1115 1113 1107
f 1116 1115 1107
f 1106 1116 1107
f 1117 1118 1114
f 1119 1114 1118
f 1117 1114 1113
f 1119 1108 1114
f 1117 1120 1118
f 1121 1118 1120
f 1122 1118 1121
f 1119 1118 1122
f 1123 1124 1120
f 1121 1120 1124
f 1125 1123 1120
f 1126 1125 1120
f 1117 1126 1120
f 1127 1128 1124
f 1129 1124 1128
f 1130 1127 1124
f 1131 1130 1124
f 1123 1131 1124
f 1129 1121 1124
f 1127 1132 1128
f 1133 1128 1132
f 1129 1128 1133
f 1127 1134 1132
f 1135 1132 1134
f 1135 1133 1132
f 1127 1136 1134
f 1137 1134 1136
f 1138 1134 1137
f 1135 1134 1138
f 1127 1139 1136
f 1137 1136 1139
f 1127 1140 1139
f 1141 1139 1140
f 1141 1137 1139
f 1127 1142 1140
f 1143 1140 1142
f 1144 1140 1143
f 1141 1140 1144
f 1145 1146 1142
f 1143 1142 1146
f 1127 1145 1142
f 1147 1148 1146
f 1149 1146 1148
f 1145 1147 1146
f 1149 1143 1146
f 1150 1148 1147
f 1151 1148 1150
f 1149 1148 1151
f 1150 1147 1145
f 1152 1145 1127
f 1152 1150 1145
f 1153 1154 1127
f 1155 1127 1154
f 1156 1153 1127
f 1157 1156 1127
f 1130 1157 1127
f 1158 1127 1155
f 1152 1127 1158
f 1159 1160 1154
f 1155 1154 1160
f 1153 1159 1154
f 1161 1162 1160
f 1163 1160 1162
f 1164 1161 1160
f 1165 1164 1160
f 1159 1165 1160
f 1163 1155 1160
f 1166 1162 1161
f 1167 1162 1166
f 1163 1162 1167
f 1166 1161 1164
f 1168 1169 1164
f 1170 1164 1169
f 1171 1168 1164
f 1165 1171 1164
f 1170 1166 1164
f 1172 1173 1169
f 1174 1169 1173
f 1175 1172 1169
f 1176 1175 1169
f 1177 1176 1169
f 1168 1177 1169
f 1178 1169 1174
f 1170 1169 1178
f 1179 1180 1173
f 1174 1173 1180
f 1172 1179 1173
f 1181 1182 1180
f 1183 1180 1182
f 1184 1181 1180
f 1179 1184 1180
f 1183 1174 1180
f 1185 1182 1181
f 1186 1182 1185
f 1183 1182 1186
f 1185 1181 1184
f 1187 1184 1179
f 1187 1185 1184
f 1188 1179 1172
f 1189 1179 1188
f 1187 1179 1189
f 1188 1172 1175
f 1190 1175 1176
f 1190 1188 1175
f 1177 1191 1176
f 1192 1176 1191
f 1190 1176 1192
f 1193 1194 1191
f 1195 1191 1194
f 1177 1193 1191
f 1195 1192 1191
f 1193 1196 1194
f 1197 1194 1196
f 1198 1194 1197
f 1195 1194 1198
f 1193 1199 1196
f 1197 1196 1199
f 1200 1201 1199
f 1202 1199 1201
f 1193 1200 1199
f 1202 1197 1199
f 1203 1204 1201
f 1205 1201 1204
f 1206 1203 1201
f 1207 1206 1201
f 1208 1207 1201
f 1209 1208 1201
f 1210 1209 1201
f 1211 1210 1201
f 1212 1211 1201
f 1200 1212 1201
f 1213 1201 1205
f 1202 1201 1213
f 1214 1215 1204
f 1205 1204 1215
f 1203 1214 1204
f 1214 1216 1215
f 1217 1215 1216
f 1217 1205 1215
f 1214 1218 1216
f 1219 1216 1218
f 1220 1216 1219
f 1217 1216 1220
f 1221 1222 1218
f 1219 1218 1222
f 1214 1221 1218
f 1223 1224 1222
f 1225 1222 1224
f 1221 1223 1222
f 1225 1219 1222
f 1226 1227 1224
f 1228 1224 1227
f 1223 1229 1224
f 1230 1224 1229
f 1231 1224 1230
f 1232 1226 1224
f 1233 1232 1224
f 1234 1233 1224
f 1231 1234 1224
f 1235 1224 1228
f 1225 1224 1235
f 1236 1237 1227
f 1228 1227 1237
f 1226 1236 1227
f 1238 1239 1237
f 1240 1237 1239
f 1236 1238 1237
f 1240 1228 1237
f 796 1241 1239
f 1242 1239 1241
f 1238 796 1239
f 1243 1239 1242
f 1240 1239 1243
f 796 1244 1241
f 1242 1241 1244
f 796 795 1244
f 1245 1244 795
f 1245 1242 1244
f 1246 795 784
f 1245 795 1246
f 1247 784 788
f 1247 1246 784
f 1248 788 789
f 1249 788 1248
f 1247 788 1249
f 790 1250 789
f 1248 789 1250
f 1251 1252 1250
f 1253 1250 1252
f 790 1251 1250
f 1253 1248 1250
f 1254 1252 1251
f 1255 1252 1254
f 1253 1252 1255
f 1254 1251 790
f 791 1254 790
f 1256 778 777
f 750 778 1257
f 769 1257 778
f 769 778 1256
f 1258 777 779
f 1258 1256 777
f 1259 779 776
f 1260 779 1259
f 1258 779 1260
f 1259 776 859
f 1261 859 861
f 1259 859 1261
f 1262 861 857
f 1261 861 1262
f 1263 857 848
f 1262 857 1263
f 1264 848 851
f 1263 848 1264
f 1265 851 852
f 1264 851 1265
f 1266 852 853
f 1265 852 1266
f 1267 853 854
f 1266 853 1267
f 1268 854 855
f 1267 854 1268
f 1269 855 843
f 1268 855 1269
f 1270 1271 843
f 1272 843 1271
f 845 1270 843
f 1273 843 1272
f 1269 843 1273
f 1230 1274 1271
f 1272 1271 1274
f 1270 1230 1271
f 1230 1229 1274
f 1275 1274 1229
f 1272 1274 1275
f 1276 1229 1223
f 1275 1229 1276
f 1277 1223 1221
f 1276 1223 1277
f 1278 1279 1221
f 1280 1221 1279
f 1214 1278 1221
f 1277 1221 1280
f 1281 1282 1279
f 1283 1279 1282
f 1278 1281 1279
f 1280 1279 1283
f 1284 1285 1282
f 1286 1282 1285
f 1281 1284 1282
f 1283 1282 1286
f 1287 1288 1285
f 1289 1285 1288
f 1284 1287 1285
f 1286 1285 1289
f 1290 1291 1288
f 1292 1288 1291
f 1287 1290 1288
f 1293 1288 1292
f 1289 1288 1293
f 1294 1295 1291
f 1292 1291 1295
f 1290 1294 1291
f 1296 1297 1295
f 1298 1295 1297
f 1294 1296 1295
f 1292 1295 1298
f 1299 1257 1297
f 768 1297 1257
f 1296 1299 1297
f 1298 1297 768
f 750 1257 1299
f 768 1257 769
f 750 1299 1300
f 1301 1300 1299
f 750 1300 1302
f 1303 1302 1300
f 1303 1300 1301
f 758 1299 1296
f 1301 1299 758
f 757 1296 1294
f 758 1296 757
f 755 1294 1290
f 757 1294 755
f 1304 1290 1287
f 755 1290 756
f 1304 756 1290
f 1304 1287 1284
f 1305 1284 1281
f 1304 1284 1305
f 1306 1281 1278
f 1305 1281 1306
f 1307 1278 1214
f 1306 1278 1307
f 1308 1214 1203
f 1307 1214 1308
f 1309 1203 1206
f 1308 1203 1309
f 1310 1206 1207
f 1309 1206 1310
f 1311 1312 1207
f 1313 1207 1312
f 1314 1311 1207
f 1208 1314 1207
f 1310 1207 1313
f 1117 1113 1312
f 1315 1312 1113
f 1117 1312 1311
f 1316 1312 1315
f 1313 1312 1316
f 1315 1113 1115
f 1317 1115 1116
f 1315 1115 1317
f 1318 1116 1106
f 1317 1116 1318
f 1319 1106 1109
f 1318 1106 1319
f 1320 1109 1110
f 1319 1109 1320
f 1321 1110 1111
f 1320 1110 1321
f 1322 1111 1103
f 1321 1111 1322
f 1323 1103 1099
f 1322 1103 1323
f 1324 1099 1101
f 1323 1099 1324
f 1325 1101 1102
f 1324 1101 1325
f 1326 1102 749
f 1327 1102 1326
f 1325 1102 1327
f 750 1302 749
f 1326 749 1302
f 1326 1302 1303
f 781 780 1328
f 754 1328 780
f 1329 1328 1330
f 766 1330 1328
f 1329 781 1328
f 766 1328 754
f 759 780 745
f 754 780 759
f 1331 745 751
f 759 745 1331
f 1332 751 752
f 1331 751 1332
f 1333 752 748
f 1332 752 1334
f 1333 1334 752
f 1333 748 1094
f 1335 1094 1096
f 1333 1094 1335
f 1336 1096 1092
f 1335 1096 1336
f 1337 1092 1083
f 1336 1092 1337
f 1338 1083 1086
f 1337 1083 1338
f 1339 1086 1087
f 1338 1086 1339
f 1340 1087 1088
f 1339 1087 1340
f 1341 1088 1089
f 1340 1088 1341
f 1342 1089 1090
f 1341 1089 1342
f 1343 1090 1078
f 1342 1090 1343
f 1344 1345 1078
f 1346 1078 1345
f 1080 1344 1078
f 1347 1078 1346
f 1343 1078 1347
f 993 1348 1345
f 1346 1345 1348
f 1344 993 1345
f 993 992 1348
f 1349 1348 992
f 1346 1348 1349
f 1350 992 986
f 1349 992 1350
f 1351 986 984
f 1350 986 1351
f 1352 1353 984
f 1354 984 1353
f 979 1352 984
f 1351 984 1354
f 1355 1356 1353
f 1357 1353 1356
f 1352 1355 1353
f 1354 1353 1357
f 1358 1359 1356
f 1360 1356 1359
f 1355 1358 1356
f 1357 1356 1360
f 1361 1362 1359
f 1363 1359 1362
f 1358 1361 1359
f 1360 1359 1363
f 1364 1365 1362
f 767 1362 1365
f 1361 1364 1362
f 765 1362 767
f 1363 1362 765
f 1366 1330 1365
f 767 1365 1330
f 1364 1366 1365
f 1366 1329 1330
f 767 1330 766
f 1367 782 781
f 1368 783 782
f 1368 782 1367
f 770 781 1329
f 1367 781 770
f 772 1329 1366
f 770 1329 772
f 771 1366 1364
f 772 1366 771
f 1369 1364 1361
f 771 1364 762
f 1369 762 1364
f 1369 1361 1358
f 1370 1358 1355
f 1369 1358 1370
f 1371 1355 1352
f 1370 1355 1371
f 1372 1352 979
f 1371 1352 1372
f 1373 979 968
f 1372 979 1373
f 1374 968 971
f 1373 968 1374
f 1375 971 972
f 1374 971 1375
f 1376 1377 972
f 1378 972 1377
f 1379 1376 972
f 973 1379 972
f 1375 972 1378
f 882 878 1377
f 1380 1377 878
f 882 1377 1376
f 1381 1377 1380
f 1378 1377 1381
f 1380 878 880
f 1382 880 881
f 1380 880 1382
f 1383 881 871
f 1382 881 1383
f 1384 871 874
f 1383 871 1384
f 1385 874 875
f 1384 874 1385
f 1386 875 876
f 1385 875 1386
f 1387 876 868
f 1386 876 1387
f 1388 868 864
f 1387 868 1388
f 1389 864 866
f 1388 864 1389
f 1390 866 867
f 1389 866 1390
f 1391 867 773
f 1392 867 1391
f 1390 867 1392
f 1391 773 783
f 1391 783 1368
f 1393 1230 1270
f 1394 1231 1230
f 1395 1230 1393
f 1394 1230 1395
f 1393 1270 845
f 839 1396 845
f 1397 845 1396
f 1393 845 1397
f 839 1398 1396
f 1399 1396 1398
f 1397 1396 1400
f 1399 1400 1396
f 839 1401 1398
f 1399 1398 1401
f 839 1402 1401
f 1403 1401 1402
f 1399 1401 1403
f 1404 1402 839
f 1405 1402 1404
f 1403 1402 1405
f 1404 839 834
f 1406 834 812
f 1404 834 1406
f 1407 812 804
f 1408 812 1407
f 1406 812 1408
f 1407 804 807
f 1409 807 808
f 1407 807 1409
f 1410 808 793
f 1411 808 1410
f 1409 808 1411
f 1410 793 797
f 1412 797 796
f 1410 797 1412
f 1413 796 1238
f 1414 796 1413
f 1412 796 1414
f 1413 1238 1236
f 1415 1236 1226
f 1413 1236 1415
f 1416 1226 1232
f 1417 1226 1416
f 1415 1226 1417
f 1416 1232 1233
f 1418 1233 1234
f 1416 1233 1418
f 1419 1234 1231
f 1418 1234 1419
f 1419 1231 1394
f 1420 1311 1314
f 1421 1117 1311
f 1422 1311 1420
f 1421 1311 1422
f 1420 1314 1208
f 1423 1208 1209
f 1420 1208 1423
f 1424 1209 1210
f 1423 1209 1424
f 1425 1210 1211
f 1424 1210 1425
f 1426 1211 1212
f 1425 1211 1427
f 1426 1427 1211
f 1426 1212 1200
f 1428 1200 1193
f 1426 1200 1428
f 1429 1193 1177
f 1430 1193 1429
f 1428 1193 1430
f 1429 1177 1168
f 1431 1168 1171
f 1429 1168 1431
f 1432 1171 1165
f 1433 1171 1432
f 1431 1171 1433
f 1432 1165 1159
f 1434 1159 1153
f 1432 1159 1434
f 1435 1153 1156
f 1436 1153 1435
f 1434 1153 1436
f 1435 1156 1157
f 1437 1157 1130
f 1435 1157 1437
f 1438 1130 1131
f 1439 1130 1438
f 1437 1130 1439
f 1438 1131 1123
f 1440 1123 1125
f 1438 1123 1440
f 1441 1125 1126
f 1442 1125 1441
f 1440 1125 1442
f 1441 1126 1117
f 1441 1117 1421
f 1443 993 1344
f 1444 994 993
f 1445 993 1443
f 1444 993 1445
f 1443 1344 1080
f 1074 1446 1080
f 1447 1080 1446
f 1443 1080 1447
f 1074 1448 1446
f 1449 1446 1448
f 1447 1446 1450
f 1449 1450 1446
f 1074 1451 1448
f 1449 1448 1451
f 1074 1452 1451
f 1453 1451 1452
f 1449 1451 1453
f 1454 1452 1074
f 1455 1452 1454
f 1453 1452 1455
f 1454 1074 1069
f 1456 1069 1047
f 1454 1069 1456
f 1457 1047 1039
f 1458 1047 1457
f 1456 1047 1458
f 1457 1039 1042
f 1459 1042 1043
f 1457 1042 1459
f 1460 1043 1030
f 1461 1043 1460
f 1459 1043 1461
f 1460 1030 1032
f 1462 1032 1004
f 1460 1032 1462
f 1463 1004 1001
f 1464 1004 1463
f 1462 1004 1464
f 1463 1001 999
f 1465 999 989
f 1463 999 1465
f 1466 989 995
f 1467 989 1466
f 1465 989 1467
f 1466 995 996
f 1468 996 997
f 1466 996 1468
f 1469 997 994
f 1468 997 1469
f 1469 994 1444
f 1470 1376 1379
f 1471 882 1376
f 1472 1376 1470
f 1471 1376 1472
f 1470 1379 973
f 1473 973 974
f 1470 973 1473
f 1474 974 975
f 1473 974 1474
f 1475 975 976
f 1474 975 1475
f 1476 976 977
f 1475 976 1477
f 1476 1477 976
f 1476 977 965
f 1478 965 958
f 1476 965 1478
f 1479 958 942
f 1480 958 1479
f 1478 958 1480
f 1479 942 933
f 1481 933 936
f 1479 933 1481
f 1482 936 930
f 1483 936 1482
f 1481 936 1483
f 1482 930 924
f 1484 924 918
f 1482 924 1484
f 1485 918 921
f 1486 918 1485
f 1484 918 1486
f 1485 921 922
f 1487 922 895
f 1485 922 1487
f 1488 895 896
f 1489 895 1488
f 1487 895 1489
f 1488 896 888
f 1490 888 890
f 1488 888 1490
f 1491 890 891
f 1492 890 1491
f 1490 890 1492
f 1491 891 882
f 1491 882 1471
f 800 792 787
f 800 791 792
f 800 1254 791
f 803 1255 1254
f 800 803 1254
f 1249 1253 1255
f 803 1249 1255
f 1249 1248 1253
f 803 1247 1249
f 803 1246 1247
f 1412 1245 1246
f 803 802 1246
f 1410 1246 802
f 1410 1412 1246
f 1412 1242 1245
f 1414 1243 1242
f 1412 1414 1242
f 1272 1240 1243
f 1419 1272 1243
f 1414 1419 1243
f 1272 1228 1240
f 1280 1235 1228
f 1277 1280 1228
f 1276 1277 1228
f 1275 1276 1228
f 1272 1275 1228
f 1283 1225 1235
f 1280 1283 1235
f 1289 1219 1225
f 744 1220 1219
f 1289 1293 1219
f 744 1219 1293
f 1286 1289 1225
f 1283 1286 1225
f 1306 1217 1220
f 1304 1220 756
f 744 756 1220
f 1305 1306 1220
f 1304 1305 1220
f 1307 1205 1217
f 1310 1213 1205
f 1309 1310 1205
f 1308 1309 1205
f 1307 1308 1205
f 1306 1307 1217
f 1316 1202 1213
f 1313 1316 1213
f 1310 1313 1213
f 1424 1197 1202
f 1424 1198 1197
f 1424 1202 1316
f 1428 1195 1198
f 1425 1427 1198
f 1426 1198 1427
f 1424 1425 1198
f 1426 1428 1198
f 1166 1192 1195
f 1166 1190 1192
f 1429 1166 1195
f 1430 1429 1195
f 1428 1430 1195
f 1166 1188 1190
f 1166 1189 1188
f 1166 1187 1189
f 1166 1185 1187
f 1166 1186 1185
f 1170 1183 1186
f 1170 1186 1166
f 1178 1174 1183
f 1170 1178 1183
f 1432 1167 1166
f 1433 1432 1166
f 1431 1433 1166
f 1429 1431 1166
f 1434 1163 1167
f 1432 1434 1167
f 1158 1155 1163
f 1152 1158 1163
f 1436 1152 1163
f 1434 1436 1163
f 1437 1150 1152
f 1138 1151 1150
f 1135 1138 1150
f 1135 1150 1133
f 1439 1133 1150
f 1437 1439 1150
f 1435 1437 1152
f 1436 1435 1152
f 1137 1149 1151
f 1138 1137 1151
f 1144 1143 1149
f 1141 1144 1149
f 1141 1149 1137
f 1439 1129 1133
f 1438 1121 1129
f 1438 1122 1121
f 1439 1438 1129
f 1438 1119 1122
f 1440 1108 1119
f 1321 1112 1108
f 1320 1321 1108
f 1319 1320 1108
f 1318 1319 1108
f 1422 1318 1108
f 1421 1422 1108
f 1441 1421 1108
f 1442 1441 1108
f 1440 1442 1108
f 1438 1440 1119
f 1322 1105 1112
f 1321 1322 1112
f 1322 1097 1105
f 1322 1098 1097
f 1338 1095 1098
f 1338 1098 1322
f 1339 1085 1095
f 1449 1091 1085
f 1340 1341 1085
f 1443 1085 1341
f 1339 1340 1085
f 1447 1450 1085
f 1449 1085 1450
f 1443 1447 1085
f 1338 1339 1095
f 1453 1082 1091
f 1449 1453 1091
f 1455 1076 1082
f 1454 1077 1076
f 1455 1454 1076
f 1453 1455 1082
f 1454 1073 1077
f 1454 1071 1073
f 1059 1068 1071
f 1454 1059 1071
f 1058 1066 1068
f 1058 1067 1066
f 1059 1058 1068
f 1060 1065 1067
f 1060 1067 1058
f 1062 1061 1065
f 1060 1062 1065
f 1458 1056 1059
f 1456 1458 1059
f 1454 1456 1059
f 1048 1046 1056
f 1041 1048 1056
f 1458 1041 1056
f 1461 1037 1041
f 1013 1038 1037
f 1460 1013 1037
f 1461 1460 1037
f 1459 1461 1041
f 1457 1459 1041
f 1458 1457 1041
f 1025 1035 1038
f 1026 1025 1038
f 1019 1026 1038
f 1016 1019 1038
f 1016 1038 1013
f 1029 1028 1035
f 1027 1029 1035
f 1027 1035 1025
f 1019 1024 1026
f 1019 1018 1024
f 1462 1010 1013
f 1460 1462 1013
f 1462 1006 1010
f 1464 1007 1006
f 1462 1464 1006
f 1346 1003 1007
f 1469 1346 1007
f 1464 1469 1007
f 1346 991 1003
f 1354 998 991
f 1351 1354 991
f 1350 1351 991
f 1349 1350 991
f 1346 1349 991
f 1357 988 998
f 1354 1357 998
f 1363 764 988
f 1363 765 764
f 1360 1363 988
f 1357 1360 988
f 1371 982 763
f 1369 763 762
f 1370 1371 763
f 1369 1370 763
f 1372 970 982
f 1375 978 970
f 1374 1375 970
f 1373 1374 970
f 1372 1373 970
f 1371 1372 982
f 1381 967 978
f 1378 1381 978
f 1375 1378 978
f 1474 962 967
f 1474 963 962
f 1474 967 1381
f 1478 960 963
f 1475 1477 963
f 1476 963 1477
f 1474 1475 963
f 1476 1478 963
f 931 957 960
f 931 955 957
f 1479 931 960
f 1480 1479 960
f 1478 1480 960
f 931 953 955
f 931 954 953
f 931 952 954
f 931 950 952
f 931 951 950
f 935 948 951
f 935 951 931
f 943 939 948
f 935 943 948
f 1482 932 931
f 1483 1482 931
f 1481 1483 931
f 1479 1481 931
f 1484 928 932
f 1482 1484 932
f 923 920 928
f 917 923 928
f 1486 917 928
f 1484 1486 928
f 1487 915 917
f 903 916 915
f 900 903 915
f 900 915 898
f 1489 898 915
f 1487 1489 915
f 1485 1487 917
f 1486 1485 917
f 902 914 916
f 903 902 916
f 909 908 914
f 906 909 914
f 906 914 902
f 1489 894 898
f 1488 886 894
f 1488 887 886
f 1489 1488 894
f 1488 884 887
f 1490 873 884
f 1386 877 873
f 1385 1386 873
f 1384 1385 873
f 1383 1384 873
f 1472 1383 873
f 1471 1472 873
f 1491 1471 873
f 1492 1491 873
f 1490 1492 873
f 1488 1490 884
f 1387 870 877
f 1386 1387 877
f 1387 862 870
f 1387 863 862
f 1264 860 863
f 1387 1264 863
f 1265 850 860
f 1399 856 850
f 1266 1267 850
f 1393 850 1267
f 1265 1266 850
f 1397 1400 850
f 1399 850 1400
f 1393 1397 850
f 1264 1265 860
f 1403 847 856
f 1399 1403 856
f 1405 841 847
f 1404 842 841
f 1405 1404 841
f 1403 1405 847
f 1404 838 842
f 1404 836 838
f 824 833 836
f 1404 824 836
f 823 831 833
f 823 832 831
f 824 823 833
f 825 830 832
f 825 832 823
f 827 826 830
f 825 827 830
f 1408 821 824
f 1406 1408 824
f 1404 1406 824
f 813 811 821
f 806 813 821
f 1408 806 821
f 1411 802 806
f 1411 1410 802
f 1409 1411 806
f 1407 1409 806
f 1408 1407 806
f 770 769 1256
f 1367 1256 1258
f 1367 770 1256
f 744 1298 768
f 744 1292 1298
f 744 1293 1292
f 1395 1273 1272
f 1394 1395 1272
f 1419 1394 1272
f 1393 1269 1273
f 1395 1393 1273
f 1393 1268 1269
f 1393 1267 1268
f 1388 1263 1264
f 1387 1388 1264
f 1389 1262 1263
f 1388 1389 1263
f 1390 1261 1262
f 1389 1390 1262
f 1392 1259 1261
f 1390 1392 1261
f 1391 1260 1259
f 1392 1391 1259
f 1368 1258 1260
f 1391 1368 1260
f 1368 1367 1258
f 1331 1301 758
f 759 1331 758
f 1332 1303 1301
f 1331 1332 1301
f 1334 1326 1303
f 1332 1334 1303
f 1333 1327 1326
f 1333 1326 1334
f 1335 1325 1327
f 1333 1335 1327
f 1336 1324 1325
f 1335 1336 1325
f 1337 1323 1324
f 1336 1337 1324
f 1338 1322 1323
f 1337 1338 1323
f 1422 1317 1318
f 1420 1315 1317
f 1422 1420 1317
f 1423 1316 1315
f 1420 1423 1315
f 1423 1424 1316
f 1445 1347 1346
f 1444 1445 1346
f 1469 1444 1346
f 1443 1343 1347
f 1445 1443 1347
f 1443 1342 1343
f 1443 1341 1342
f 1472 1382 1383
f 1470 1380 1382
f 1472 1470 1382
f 1473 1381 1380
f 1470 1473 1380
f 1473 1474 1381
f 1414 1418 1419
f 1414 1416 1418
f 1414 1417 1416
f 1414 1415 1417
f 1414 1413 1415
f 1464 1468 1469
f 1464 1466 1468
f 1464 1467 1466
f 1464 1465 1467
f 1464 1463 1465
f 1493 1494 1495
f 1496 1495 1494
f 1497 1495 1498
f 1499 1498 1495
f 1500 1495 1497
f 1500 1501 1495
f 1502 1495 1501
f 1502 1493 1495
f 1499 1495 1496
f 1503 1504 1494
f 1505 1494 1504
f 1506 1503 1494
f 1493 1506 1494
f 1505 1496 1494
f 1507 1498 1504
f 1508 1504 1498
f 1509 1507 1504
f 1510 1509 1504
f 1501 1511 1504
f 1512 1504 1511
f 1502 1501 1504
f 1502 1504 1503
f 1513 1504 1512
f 1513 1510 1504
f 1508 1505 1504
f 1497 1498 1507
f 1508 1498 1499
f 1514 1507 1509
f 1515 1497 1507
f 1515 1507 1514
f 1516 1517 1509
f 1518 1509 1517
f 1519 1516 1509
f 1520 1519 1509
f 1510 1520 1509
f 1514 1509 1518
f 1500 1497 1517
f 1521 1517 1497
f 1500 1517 1516
f 1518 1517 1521
f 1515 1521 1497
f 1519 1511 1516
f 1522 1516 1511
f 1523 1500 1516
f 1523 1516 1522
f 1524 1511 1501
f 1525 1512 1511
f 1526 1525 1511
f 1527 1526 1511
f 1519 1527 1511
f 1522 1511 1524
f 1528 1501 1500
f 1524 1501 1528
f 1523 1528 1500
f 1529 1503 1506
f 1530 1502 1503
f 1530 1503 1529
f 1531 1506 1493
f 1529 1506 1531
f 1532 1493 1502
f 1531 1493 1532
f 1530 1532 1502
f 1533 1512 1525
f 1534 1513 1512
f 1534 1512 1533
f 1535 1525 1526
f 1535 1533 1525
f 1536 1526 1527
f 1535 1526 1536
f 1537 1527 1519
f 1536 1527 1537
f 1538 1519 1520
f 1537 1519 1538
f 1539 1520 1510
f 1538 1520 1539
f 1540 1510 1513
f 1539 1510 1540
f 1540 1513 1534
f 1528 1496 1505
f 1523 1499 1496
f 1523 1496 1528
f 1529 1505 1508
f 1524 1528 1505
f 1532 1524 1505
f 1531 1532 1505
f 1529 1531 1505
f 1518 1508 1499
f 1514 1518 1499
f 1515 1514 1499
f 1523 1515 1499
f 1534 1508 1518
f 1530 1508 1532
f 1533 1532 1508
f 1530 1529 1508
f 1534 1533 1508
f 1538 1518 1521
f 1522 1521 1515
f 1522 1524 1521
f 1538 1521 1524
f 1540 1534 1518
f 1539 1540 1518
f 1538 1539 1518
f 1523 1522 1515
f 1536 1524 1532
f 1537 1538 1524
f 1536 1537 1524
f 1535 1532 1533
f 1535 1536 1532
f 1541 1542 1543
f 1544 1543 1542
f 1545 1541 1543
f 1546 1545 1543
f 1547 1546 1543
f 1544 1547 1543
f 1548 1549 1542
f 1550 1542 1549
f 1541 1548 1542
f 1550 1544 1542
f 1551 1549 1548
f 1551 1550 1549
f 1552 1548 1541
f 1552 1551 1548
f 1553 1541 1545
f 1553 1552 1541
f 1546 1554 1545
f 1555 1545 1554
f 1555 1553 1545
f 1556 1557 1554
f 1555 1554 1557
f 1546 1556 1554
f 1547 1557 1556
f 1558 1557 1547
f 1559 1557 1558
f 1559 1560 1557
f 1555 1557 1560
f 1547 1556 1546
f 1558 1547 1544
f 1561 1544 1550
f 1558 1544 1561
f 1551 1561 1550
f 1562 1561 1551
f 1562 1558 1561
f 1552 1562 1551
f 1562 1559 1558
f 1563 1564 1565
f 1566 1565 1564
f 1567 1563 1565
f 1568 1567 1565
f 1568 1565 1560
f 1566 1560 1565
f 1569 1570 1564
f 1566 1564 1570
f 1563 1569 1564
f 1571 1570 1569
f 1572 1566 1570
f 1571 1572 1570
f 1573 1569 1563
f 1573 1571 1569
f 1573 1563 1567
f 1574 1575 1567
f 1576 1567 1575
f 1577 1578 1567
f 1579 1567 1578
f 1580 1577 1567
f 1568 1580 1567
f 1579 1574 1567
f 1573 1567 1576
f 1581 1582 1575
f 1576 1575 1582
f 1560 1581 1575
f 1574 1560 1575
f 1583 1584 1582
f 1576 1582 1584
f 1581 1583 1582
f 1585 1584 1583
f 1586 1584 1585
f 1573 1584 1586
f 1573 1576 1584
f 1587 1583 1581
f 1587 1585 1583
f 1587 1581 1560
f 1559 1568 1560
f 1588 1555 1560
f 1574 1588 1560
f 1587 1560 1566
f 1589 1590 1591
f 1592 1591 1590
f 1589 1591 1593
f 1594 1593 1591
f 1594 1591 1592
f 1595 1596 1590
f 1597 1590 1596
f 1589 1595 1590
f 1597 1592 1590
f 1595 1598 1596
f 1599 1596 1598
f 1599 1597 1596
f 1579 1578 1598
f 1600 1598 1578
f 1579 1598 1595
f 1600 1599 1598
f 1577 1601 1578
f 1602 1578 1601
f 1602 1600 1578
f 1577 1603 1601
f 1604 1601 1603
f 1604 1602 1601
f 1605 1593 1603
f 1606 1603 1593
f 1577 1605 1603
f 1604 1603 1606
f 1605 1589 1593
f 1594 1606 1593
f 1607 1595 1589
f 1607 1579 1595
f 1608 1589 1605
f 1608 1609 1589
f 1610 1589 1609
f 1610 1607 1589
f 1577 1611 1605
f 1612 1605 1611
f 1608 1605 1613
f 1612 1613 1605
f 1614 1611 1577
f 1615 1612 1611
f 1614 1615 1611
f 1614 1577 1580
f 1616 1580 1568
f 1616 1614 1580
f 1617 1568 1559
f 1618 1619 1568
f 1620 1568 1619
f 1618 1568 1621
f 1617 1621 1568
f 1622 1616 1568
f 1623 1622 1568
f 1620 1623 1568
f 1621 1559 1562
f 1617 1559 1621
f 1621 1562 1552
f 1624 1552 1553
f 1619 1552 1624
f 1618 1552 1619
f 1618 1621 1552
f 1555 1625 1553
f 1626 1553 1625
f 1624 1553 1627
f 1626 1627 1553
f 1628 1625 1555
f 1629 1625 1628
f 1626 1625 1629
f 1628 1555 1588
f 1630 1588 1574
f 1630 1628 1588
f 1631 1574 1579
f 1610 1609 1574
f 1632 1574 1609
f 1610 1574 1607
f 1631 1607 1574
f 1633 1630 1574
f 1632 1633 1574
f 1631 1579 1607
f 1572 1587 1566
f 1634 1635 1585
f 1586 1585 1635
f 1636 1634 1585
f 1637 1636 1585
f 1587 1637 1585
f 1638 1635 1634
f 1639 1635 1638
f 1640 1635 1639
f 1641 1642 1635
f 1586 1635 1642
f 1643 1635 1640
f 1644 1641 1635
f 1643 1644 1635
f 1638 1634 1636
f 1645 1636 1637
f 1645 1638 1636
f 1646 1637 1587
f 1646 1647 1637
f 1648 1637 1647
f 1645 1637 1648
f 1572 1646 1587
f 1648 1647 1649
f 1650 1649 1647
f 1651 1648 1649
f 1652 1651 1649
f 1653 1649 1650
f 1653 1652 1649
f 1654 1647 1646
f 1654 1650 1647
f 1655 1646 1572
f 1655 1654 1646
f 1571 1655 1572
f 1645 1648 1651
f 1652 1656 1651
f 1645 1651 1656
f 1657 1650 1654
f 1658 1659 1650
f 1660 1650 1659
f 1657 1658 1650
f 1661 1653 1650
f 1662 1661 1650
f 1663 1662 1650
f 1660 1663 1650
f 1664 1654 1655
f 1665 1657 1654
f 1665 1654 1664
f 1573 1655 1571
f 1573 1664 1655
f 1666 1656 1652
f 1666 1645 1656
f 1667 1659 1652
f 1668 1652 1659
f 1669 1670 1652
f 1667 1652 1670
f 1653 1669 1652
f 1671 1666 1652
f 1672 1652 1668
f 1673 1671 1652
f 1672 1673 1652
f 1674 1659 1658
f 1667 1660 1659
f 1668 1659 1675
f 1674 1675 1659
f 1665 1658 1657
f 1665 1674 1658
f 1676 1670 1669
f 1677 1667 1670
f 1678 1677 1670
f 1678 1670 1676
f 1676 1669 1653
f 1623 1653 1661
f 1620 1653 1623
f 1676 1653 1620
f 1622 1661 1662
f 1623 1661 1622
f 1616 1662 1663
f 1622 1662 1616
f 1679 1663 1660
f 1679 1616 1663
f 1679 1660 1667
f 1680 1667 1677
f 1680 1679 1667
f 1666 1638 1645
f 1666 1639 1638
f 1681 1639 1666
f 1682 1639 1681
f 1682 1640 1639
f 1683 1681 1666
f 1684 1683 1666
f 1671 1684 1666
f 1681 1685 1642
f 1686 1642 1685
f 1687 1681 1642
f 1641 1687 1642
f 1664 1642 1686
f 1586 1642 1664
f 1681 1675 1685
f 1674 1685 1675
f 1686 1685 1674
f 1668 1675 1681
f 1688 1682 1681
f 1687 1688 1681
f 1689 1668 1681
f 1690 1681 1683
f 1690 1689 1681
f 1691 1640 1682
f 1691 1643 1640
f 1692 1682 1688
f 1693 1682 1694
f 1692 1694 1682
f 1693 1691 1682
f 1695 1688 1687
f 1692 1688 1695
f 1695 1687 1641
f 1630 1641 1644
f 1633 1641 1630
f 1632 1641 1633
f 1695 1641 1632
f 1630 1644 1643
f 1691 1630 1643
f 1696 1672 1668
f 1689 1696 1668
f 1697 1683 1684
f 1698 1690 1683
f 1697 1698 1683
f 1699 1684 1671
f 1699 1697 1684
f 1700 1671 1673
f 1700 1699 1671
f 1701 1673 1672
f 1701 1700 1673
f 1701 1672 1696
f 1701 1696 1689
f 1702 1689 1690
f 1701 1689 1702
f 1698 1702 1690
f 1664 1686 1674
f 1665 1664 1674
f 1573 1586 1664
f 1608 1702 1698
f 1608 1701 1702
f 1608 1698 1697
f 1627 1697 1699
f 1627 1609 1697
f 1608 1697 1609
f 1624 1699 1700
f 1624 1627 1699
f 1624 1700 1701
f 1619 1624 1701
f 1613 1619 1701
f 1608 1613 1701
f 1703 1609 1627
f 1703 1632 1609
f 1704 1627 1626
f 1705 1627 1704
f 1694 1703 1627
f 1705 1694 1627
f 1706 1619 1613
f 1706 1620 1619
f 1707 1613 1612
f 1708 1613 1707
f 1677 1706 1613
f 1708 1677 1613
f 1616 1612 1615
f 1616 1707 1612
f 1616 1615 1614
f 1630 1629 1628
f 1704 1626 1629
f 1630 1704 1629
f 1691 1704 1630
f 1693 1705 1704
f 1693 1704 1691
f 1695 1632 1703
f 1692 1703 1694
f 1692 1695 1703
f 1693 1694 1705
f 1679 1707 1616
f 1680 1708 1707
f 1680 1707 1679
f 1676 1620 1706
f 1678 1706 1677
f 1678 1676 1706
f 1680 1677 1708
f 1594 1592 1597
f 1594 1597 1599
f 1606 1599 1600
f 1594 1599 1606
f 1604 1600 1602
f 1604 1606 1600
f 1709 1710 1711
f 1712 1711 1710
f 1713 1709 1711
f 1712 1713 1711
f 1709 1714 1710
f 1715 1710 1714
f 1716 1712 1710
f 1717 1710 1715
f 1716 1710 1717
f 1709 1718 1714
f 1715 1714 1718
f 1719 1720 1718
f 1721 1718 1720
f 1722 1719 1718
f 1709 1722 1718
f 1721 1715 1718
f 1723 1720 1719
f 1724 1720 1723
f 1725 1720 1724
f 1726 1721 1720
f 1725 1726 1720
f 1723 1719 1722
f 1723 1722 1709
f 1723 1709 1713
f 1712 1723 1713
f 1712 1724 1723
f 1727 1724 1712
f 1727 1725 1724
f 1716 1727 1712
f 1728 1715 1721
f 1717 1715 1729
f 1730 1729 1715
f 1731 1730 1715
f 1732 1731 1715
f 1728 1732 1715
f 1733 1721 1726
f 1734 1728 1721
f 1733 1734 1721
f 1735 1729 1726
f 1736 1726 1729
f 1737 1735 1726
f 1725 1737 1726
f 1736 1733 1726
f 1735 1717 1729
f 1738 1729 1730
f 1739 1736 1729
f 1738 1739 1729
f 1740 1717 1735
f 1741 1716 1717
f 1741 1717 1740
f 1742 1735 1737
f 1743 1740 1735
f 1742 1743 1735
f 1742 1737 1725
f 1744 1725 1727
f 1742 1725 1744
f 1741 1727 1716
f 1745 1744 1727
f 1741 1745 1727
f 1746 1730 1731
f 1747 1730 1746
f 1738 1730 1747
f 1746 1731 1732
f 1748 1732 1728
f 1747 1746 1732
f 1748 1749 1732
f 1750 1732 1749
f 1750 1747 1732
f 1738 1728 1734
f 1751 1748 1728
f 1751 1728 1738
f 1739 1734 1733
f 1738 1734 1739
f 1739 1733 1736
f 1752 1753 1749
f 1754 1749 1753
f 1755 1752 1749
f 1756 1755 1749
f 1748 1756 1749
f 1754 1750 1749
f 1757 1753 1752
f 1757 1754 1753
f 1758 1752 1755
f 1758 1757 1752
f 1759 1755 1756
f 1759 1758 1755
f 1760 1756 1748
f 1760 1759 1756
f 1751 1760 1748
f 1738 1747 1750
f 1738 1750 1754
f 1760 1754 1757
f 1751 1738 1754
f 1751 1754 1760
f 1759 1757 1758
f 1760 1757 1759
f 1745 1742 1744
f 1741 1740 1743
f 1741 1743 1742
f 1741 1742 1745
f 1761 1762 1763
f 1764 1763 1762
f 1765 1761 1763
f 1766 1765 1763
f 1767 1763 1768
f 1764 1768 1763
f 1767 1766 1763
f 1769 1770 1762
f 1771 1762 1770
f 1761 1769 1762
f 1771 1764 1762
f 1772 1770 1769
f 1771 1770 1772
f 1773 1769 1761
f 1772 1769 1773
f 1774 1761 1765
f 1774 1773 1761
f 1775 1776 1765
f 1777 1765 1776
f 1778 1765 1766
f 1778 1775 1765
f 1774 1765 1777
f 1779 1780 1776
f 1781 1776 1780
f 1768 1779 1776
f 1782 1768 1776
f 1775 1782 1776
f 1777 1776 1781
f 1783 1784 1780
f 1785 1780 1784
f 1779 1783 1780
f 1785 1781 1780
f 1786 1784 1783
f 1785 1784 1786
f 1787 1783 1779
f 1786 1783 1787
f 1788 1779 1768
f 1789 1787 1779
f 1788 1789 1779
f 1790 1767 1768
f 1782 1790 1768
f 1791 1792 1768
f 1788 1768 1792
f 1793 1768 1764
f 1794 1791 1768
f 1793 1794 1768
f 1795 1766 1767
f 1796 1778 1766
f 1796 1766 1795
f 1797 1767 1790
f 1798 1795 1767
f 1798 1767 1797
f 1797 1790 1782
f 1799 1782 1775
f 1797 1782 1799
f 1796 1775 1778
f 1800 1775 1796
f 1799 1775 1800
f 1801 1802 1792
f 1788 1792 1802
f 1791 1801 1792
f 1803 1804 1802
f 1805 1802 1804
f 1806 1803 1802
f 1806 1802 1801
f 1788 1802 1789
f 1805 1789 1802
f 1807 1804 1803
f 1805 1804 1807
f 1808 1764 1803
f 1809 1803 1764
f 1806 1808 1803
f 1810 1807 1803
f 1809 1810 1803
f 1808 1793 1764
f 1809 1764 1771
f 1811 1801 1791
f 1812 1806 1801
f 1812 1801 1811
f 1813 1791 1794
f 1811 1791 1813
f 1814 1794 1793
f 1813 1794 1814
f 1815 1793 1808
f 1814 1793 1815
f 1816 1808 1806
f 1816 1815 1808
f 1816 1806 1812
f 1817 1787 1789
f 1817 1786 1787
f 1818 1789 1805
f 1817 1789 1818
f 1817 1785 1786
f 1819 1781 1785
f 1820 1777 1781
f 1819 1820 1781
f 1821 1785 1817
f 1822 1819 1785
f 1823 1822 1785
f 1821 1823 1785
f 1824 1774 1777
f 1825 1824 1777
f 1820 1825 1777
f 1772 1773 1774
f 1826 1772 1774
f 1824 1826 1774
f 1827 1771 1772
f 1828 1827 1772
f 1826 1828 1772
f 1809 1771 1827
f 1829 1809 1827
f 1828 1829 1827
f 1805 1807 1810
f 1829 1810 1809
f 1830 1805 1810
f 1829 1830 1810
f 1830 1818 1805
f 1831 1818 1830
f 1826 1817 1818
f 1832 1826 1818
f 1833 1832 1818
f 1831 1833 1818
f 1834 1830 1829
f 1835 1831 1830
f 1834 1835 1830
f 1834 1829 1828
f 1836 1828 1826
f 1837 1834 1828
f 1836 1837 1828
f 1838 1817 1826
f 1839 1821 1817
f 1839 1817 1838
f 1840 1826 1832
f 1840 1836 1826
f 1841 1842 1826
f 1843 1826 1842
f 1844 1841 1826
f 1824 1844 1826
f 1845 1838 1826
f 1843 1845 1826
f 1846 1832 1833
f 1847 1840 1832
f 1846 1847 1832
f 1848 1833 1831
f 1848 1846 1833
f 1849 1831 1835
f 1848 1831 1849
f 1850 1835 1834
f 1850 1849 1835
f 1851 1834 1837
f 1850 1834 1851
f 1852 1837 1836
f 1852 1851 1837
f 1853 1836 1840
f 1852 1836 1853
f 1847 1853 1840
f 1854 1855 1856
f 1857 1856 1855
f 1839 1856 1821
f 1858 1821 1856
f 1859 1854 1856
f 1839 1859 1856
f 1860 1858 1856
f 1861 1860 1856
f 1862 1861 1856
f 1857 1862 1856
f 1854 1842 1855
f 1863 1855 1842
f 1857 1855 1864
f 1865 1864 1855
f 1865 1855 1863
f 1866 1842 1841
f 1854 1843 1842
f 1867 1863 1842
f 1866 1867 1842
f 1868 1841 1844
f 1868 1866 1841
f 1869 1844 1824
f 1869 1868 1844
f 1869 1824 1825
f 1870 1825 1820
f 1870 1869 1825
f 1871 1820 1819
f 1872 1820 1871
f 1873 1874 1820
f 1870 1820 1874
f 1875 1820 1872
f 1875 1873 1820
f 1871 1819 1822
f 1876 1822 1823
f 1876 1871 1822
f 1877 1823 1821
f 1878 1823 1877
f 1876 1823 1878
f 1877 1821 1858
f 1879 1838 1845
f 1880 1839 1838
f 1880 1838 1879
f 1881 1845 1843
f 1879 1845 1881
f 1882 1843 1854
f 1882 1881 1843
f 1883 1854 1859
f 1883 1882 1854
f 1884 1859 1839
f 1884 1883 1859
f 1880 1884 1839
f 1885 1858 1864
f 1886 1864 1858
f 1887 1885 1864
f 1888 1864 1886
f 1889 1857 1864
f 1888 1889 1864
f 1890 1864 1865
f 1890 1887 1864
f 1877 1858 1885
f 1891 1886 1858
f 1860 1891 1858
f 1852 1892 1851
f 1893 1877 1885
f 1894 1893 1885
f 1887 1894 1885
f 1895 1886 1891
f 1896 1888 1886
f 1896 1886 1895
f 1897 1891 1860
f 1895 1891 1897
f 1898 1860 1861
f 1897 1860 1898
f 1899 1861 1862
f 1898 1861 1899
f 1872 1862 1857
f 1899 1862 1872
f 1875 1857 1889
f 1875 1872 1857
f 1873 1889 1888
f 1875 1889 1873
f 1873 1888 1896
f 1890 1865 1863
f 1890 1863 1867
f 1900 1867 1866
f 1900 1890 1867
f 1892 1812 1811
f 1868 1900 1866
f 1892 1816 1812
f 1901 1878 1877
f 1902 1901 1877
f 1902 1877 1893
f 1903 1893 1894
f 1903 1902 1893
f 1904 1894 1887
f 1904 1903 1894
f 1905 1887 1890
f 1905 1904 1887
f 1906 1890 1900
f 1906 1905 1890
f 1813 1814 1907
f 1906 1900 1908
f 1908 1900 1868
f 1814 1815 1907
f 1909 1868 1869
f 1909 1908 1868
f 1876 1878 1901
f 1902 1910 1901
f 1911 1901 1910
f 1876 1901 1871
f 1898 1871 1901
f 1898 1901 1911
f 1912 1910 1902
f 1912 1911 1910
f 1912 1902 1903
f 1904 1911 1903
f 1912 1903 1911
f 1899 1872 1871
f 1898 1899 1871
f 1896 1913 1874
f 1870 1874 1913
f 1873 1896 1874
f 1914 1915 1913
f 1869 1913 1915
f 1896 1914 1913
f 1870 1913 1869
f 1916 1915 1914
f 1909 1869 1915
f 1916 1909 1915
f 1895 1917 1914
f 1916 1914 1917
f 1896 1895 1914
f 1895 1918 1917
f 1906 1917 1918
f 1892 1919 1816
f 1906 1908 1917
f 1909 1917 1908
f 1916 1917 1909
f 1897 1911 1918
f 1904 1918 1911
f 1895 1897 1918
f 1905 1918 1904
f 1906 1918 1905
f 1897 1898 1911
f 1880 1879 1881
f 1798 1881 1882
f 1797 1880 1881
f 1798 1797 1881
f 1884 1882 1883
f 1796 1882 1884
f 1796 1795 1882
f 1798 1882 1795
f 1800 1884 1880
f 1800 1796 1884
f 1799 1800 1880
f 1797 1799 1880
f 1907 1848 1849
f 1907 1849 1920
f 1850 1920 1849
f 1919 1853 1847
f 1892 1853 1919
f 1852 1853 1892
f 1919 1847 1846
f 1907 1846 1848
f 1907 1919 1846
f 1813 1907 1920
f 1811 1813 1920
f 1892 1811 1920
f 1851 1892 1920
f 1850 1851 1920
f 1815 1919 1907
f 1816 1919 1815
f 1921 1922 1154
f 1923 1154 1922
f 1924 1921 1154
f 1925 1924 1154
f 1926 1154 1040
f 1923 1040 1154
f 1926 1925 1154
f 1927 1928 1922
f 1929 1922 1928
f 1921 1927 1922
f 1929 1923 1922
f 1930 1928 1927
f 1929 1928 1930
f 1931 1927 1921
f 1930 1927 1931
f 1932 1921 1924
f 1932 1931 1921
f 1933 1934 1924
f 1935 1924 1934
f 1936 1924 1925
f 1936 1933 1924
f 1932 1924 1935
f 1937 1938 1934
f 1939 1934 1938
f 1040 1937 1934
f 1940 1040 1934
f 1933 1940 1934
f 1935 1934 1939
f 1941 1942 1938
f 1943 1938 1942
f 1937 1941 1938
f 1943 1939 1938
f 1944 1942 1941
f 1943 1942 1944
f 1945 1941 1937
f 1944 1941 1945
f 1946 1937 1040
f 1947 1945 1937
f 1946 1947 1937
f 1948 1926 1040
f 1940 1948 1040
f 1949 1950 1040
f 1946 1040 1950
f 1951 1040 1923
f 1952 1949 1040
f 1951 1952 1040
f 1953 1925 1926
f 1954 1936 1925
f 1954 1925 1953
f 1955 1926 1948
f 1956 1953 1926
f 1956 1926 1955
f 1955 1948 1940
f 1957 1940 1933
f 1955 1940 1957
f 1954 1933 1936
f 1958 1933 1954
f 1957 1933 1958
f 1959 1960 1950
f 1946 1950 1960
f 1949 1959 1950
f 1961 1962 1960
f 1963 1960 1962
f 1964 1961 1960
f 1964 1960 1959
f 1946 1960 1947
f 1963 1947 1960
f 1965 1962 1961
f 1963 1962 1965
f 1966 1923 1961
f 1967 1961 1923
f 1964 1966 1961
f 1968 1965 1961
f 1967 1968 1961
f 1966 1951 1923
f 1967 1923 1929
f 1969 1959 1949
f 1970 1964 1959
f 1970 1959 1969
f 1971 1949 1952
f 1969 1949 1971
f 1972 1952 1951
f 1971 1952 1972
f 1973 1951 1966
f 1972 1951 1973
f 1974 1966 1964
f 1974 1973 1966
f 1974 1964 1970
f 1975 1945 1947
f 1975 1944 1945
f 1976 1947 1963
f 1975 1947 1976
f 1975 1943 1944
f 1977 1939 1943
f 1978 1935 1939
f 1977 1978 1939
f 1979 1943 1975
f 1980 1977 1943
f 1981 1980 1943
f 1979 1981 1943
f 1982 1932 1935
f 1983 1982 1935
f 1978 1983 1935
f 1930 1931 1932
f 1984 1930 1932
f 1982 1984 1932
f 1985 1929 1930
f 1986 1985 1930
f 1984 1986 1930
f 1967 1929 1985
f 1987 1967 1985
f 1986 1987 1985
f 1963 1965 1968
f 1987 1968 1967
f 1988 1963 1968
f 1987 1988 1968
f 1988 1976 1963
f 1989 1976 1988
f 1984 1975 1976
f 1990 1984 1976
f 1991 1990 1976
f 1989 1991 1976
f 1992 1988 1987
f 1993 1989 1988
f 1992 1993 1988
f 1992 1987 1986
f 1994 1986 1984
f 1995 1992 1986
f 1994 1995 1986
f 1996 1975 1984
f 1997 1979 1975
f 1997 1975 1996
f 1998 1984 1990
f 1998 1994 1984
f 1999 2000 1984
f 2001 1984 2000
f 2002 1999 1984
f 1982 2002 1984
f 2003 1996 1984
f 2001 2003 1984
f 2004 1990 1991
f 2005 1998 1990
f 2004 2005 1990
f 2006 1991 1989
f 2006 2004 1991
f 2007 1989 1993
f 2006 1989 2007
f 2008 1993 1992
f 2008 2007 1993
f 2009 1992 1995
f 2008 1992 2009
f 2010 1995 1994
f 2010 2009 1995
f 2011 1994 1998
f 2010 1994 2011
f 2005 2011 1998
f 2012 2013 2014
f 2015 2014 2013
f 1997 2014 1979
f 2016 1979 2014
f 2017 2012 2014
f 1997 2017 2014
f 2018 2016 2014
f 2019 2018 2014
f 2020 2019 2014
f 2015 2020 2014
f 2012 2000 2013
f 2021 2013 2000
f 2015 2013 2022
f 2023 2022 2013
f 2023 2013 2021
f 2024 2000 1999
f 2012 2001 2000
f 2025 2021 2000
f 2024 2025 2000
f 2026 1999 2002
f 2026 2024 1999
f 2027 2002 1982
f 2027 2026 2002
f 2027 1982 1983
f 2028 1983 1978
f 2028 2027 1983
f 2029 1978 1977
f 2030 1978 2029
f 2031 2032 1978
f 2028 1978 2032
f 2033 1978 2030
f 2033 2031 1978
f 2029 1977 1980
f 2034 1980 1981
f 2034 2029 1980
f 2035 1981 1979
f 2036 1981 2035
f 2034 1981 2036
f 2035 1979 2016
f 2037 1996 2003
f 2038 1997 1996
f 2038 1996 2037
f 2039 2003 2001
f 2037 2003 2039
f 2040 2001 2012
f 2040 2039 2001
f 2041 2012 2017
f 2041 2040 2012
f 2042 2017 1997
f 2042 2041 2017
f 2038 2042 1997
f 2043 2016 2022
f 2044 2022 2016
f 2045 2043 2022
f 2046 2022 2044
f 2047 2015 2022
f 2046 2047 2022
f 2048 2022 2023
f 2048 2045 2022
f 2035 2016 2043
f 2049 2044 2016
f 2018 2049 2016
f 2010 2050 2009
f 2051 2035 2043
f 2052 2051 2043
f 2045 2052 2043
f 2053 2044 2049
f 2054 2046 2044
f 2054 2044 2053
f 2055 2049 2018
f 2053 2049 2055
f 2056 2018 2019
f 2055 2018 2056
f 2057 2019 2020
f 2056 2019 2057
f 2030 2020 2015
f 2057 2020 2030
f 2033 2015 2047
f 2033 2030 2015
f 2031 2047 2046
f 2033 2047 2031
f 2031 2046 2054
f 2048 2023 2021
f 2048 2021 2025
f 2058 2025 2024
f 2058 2048 2025
f 2050 1970 1969
f 2026 2058 2024
f 2050 1974 1970
f 2059 2036 2035
f 2060 2059 2035
f 2060 2035 2051
f 2061 2051 2052
f 2061 2060 2051
f 2062 2052 2045
f 2062 2061 2052
f 2063 2045 2048
f 2063 2062 2045
f 2064 2048 2058
f 2064 2063 2048
f 1971 1972 2065
f 2064 2058 2066
f 2066 2058 2026
f 1972 1973 2065
f 2067 2026 2027
f 2067 2066 2026
f 2034 2036 2059
f 2060 2068 2059
f 2069 2059 2068
f 2034 2059 2029
f 2056 2029 2059
f 2056 2059 2069
f 2070 2068 2060
f 2070 2069 2068
f 2070 2060 2061
f 2062 2069 2061
f 2070 2061 2069
f 2057 2030 2029
f 2056 2057 2029
f 2054 2071 2032
f 2028 2032 2071
f 2031 2054 2032
f 2072 2073 2071
f 2027 2071 2073
f 2054 2072 2071
f 2028 2071 2027
f 2074 2073 2072
f 2067 2027 2073
f 2074 2067 2073
f 2053 2075 2072
f 2074 2072 2075
f 2054 2053 2072
f 2053 2076 2075
f 2064 2075 2076
f 2050 2077 1974
f 2064 2066 2075
f 2067 2075 2066
f 2074 2075 2067
f 2055 2069 2076
f 2062 2076 2069
f 2053 2055 2076
f 2063 2076 2062
f 2064 2076 2063
f 2055 2056 2069
f 2038 2037 2039
f 1956 2039 2040
f 1955 2038 2039
f 1956 1955 2039
f 2042 2040 2041
f 1954 2040 2042
f 1954 1953 2040
f 1956 2040 1953
f 1958 2042 2038
f 1958 1954 2042
f 1957 1958 2038
f 1955 1957 2038
f 2065 2006 2007
f 2065 2007 2078
f 2008 2078 2007
f 2077 2011 2005
f 2050 2011 2077
f 2010 2011 2050
f 2077 2005 2004
f 2065 2004 2006
f 2065 2077 2004
f 1971 2065 2078
f 1969 1971 2078
f 2050 1969 2078
f 2009 2050 2078
f 2008 2009 2078
f 1973 2077 2065
f 1974 2077 1973
f 2079 2080 2081
f 2082 2081 2080
f 2083 2079 2081
f 2084 2083 2081
f 2085 2081 2086
f 2082 2086 2081
f 2085 2084 2081
f 2087 2088 2080
f 2089 2080 2088
f 2079 2087 2080
f 2089 2082 2080
f 2090 2088 2087
f 2089 2088 2090
f 2091 2087 2079
f 2090 2087 2091
f 2092 2079 2083
f 2092 2091 2079
f 2093 2094 2083
f 2095 2083 2094
f 2096 2083 2084
f 2096 2093 2083
f 2092 2083 2095
f 2097 2098 2094
f 2099 2094 2098
f 2086 2097 2094
f 2100 2086 2094
f 2093 2100 2094
f 2095 2094 2099
f 2101 2102 2098
f 2103 2098 2102
f 2097 2101 2098
f 2103 2099 2098
f 2104 2102 2101
f 2103 2102 2104
f 2105 2101 2097
f 2104 2101 2105
f 2106 2097 2086
f 2107 2105 2097
f 2106 2107 2097
f 2108 2085 2086
f 2100 2108 2086
f 2109 2110 2086
f 2106 2086 2110
f 2111 2086 2082
f 2112 2109 2086
f 2111 2112 2086
f 2113 2084 2085
f 2114 2096 2084
f 2114 2084 2113
f 2115 2085 2108
f 2116 2113 2085
f 2116 2085 2115
f 2115 2108 2100
f 2117 2100 2093
f 2115 2100 2117
f 2114 2093 2096
f 2118 2093 2114
f 2117 2093 2118
f 2119 2120 2110
f 2106 2110 2120
f 2109 2119 2110
f 2121 2122 2120
f 2123 2120 2122
f 2124 2121 2120
f 2124 2120 2119
f 2106 2120 2107
f 2123 2107 2120
f 2125 2122 2121
f 2123 2122 2125
f 2126 2082 2121
f 2127 2121 2082
f 2124 2126 2121
f 2128 2125 2121
f 2127 2128 2121
f 2126 2111 2082
f 2127 2082 2089
f 2129 2119 2109
f 2130 2124 2119
f 2130 2119 2129
f 2131 2109 2112
f 2129 2109 2131
f 2132 2112 2111
f 2131 2112 2132
f 2133 2111 2126
f 2132 2111 2133
f 2134 2126 2124
f 2134 2133 2126
f 2134 2124 2130
f 2135 2105 2107
f 2135 2104 2105
f 2136 2107 2123
f 2135 2107 2136
f 2135 2103 2104
f 2137 2099 2103
f 2138 2095 2099
f 2137 2138 2099
f 2139 2103 2135
f 2140 2137 2103
f 2141 2140 2103
f 2139 2141 2103
f 2142 2092 2095
f 2143 2142 2095
f 2138 2143 2095
f 2090 2091 2092
f 2144 2090 2092
f 2142 2144 2092
f 2145 2089 2090
f 2146 2145 2090
f 2144 2146 2090
f 2127 2089 2145
f 2147 2127 2145
f 2146 2147 2145
f 2123 2125 2128
f 2147 2128 2127
f 2148 2123 2128
f 2147 2148 2128
f 2148 2136 2123
f 2149 2136 2148
f 2144 2135 2136
f 2150 2144 2136
f 2151 2150 2136
f 2149 2151 2136
f 2152 2148 2147
f 2153 2149 2148
f 2152 2153 2148
f 2152 2147 2146
f 2154 2146 2144
f 2155 2152 2146
f 2154 2155 2146
f 2156 2135 2144
f 2157 2139 2135
f 2157 2135 2156
f 2158 2144 2150
f 2158 2154 2144
f 2159 2160 2144
f 2161 2144 2160
f 2162 2159 2144
f 2142 2162 2144
f 2163 2156 2144
f 2161 2163 2144
f 2164 2150 2151
f 2165 2158 2150
f 2164 2165 2150
f 2166 2151 2149
f 2166 2164 2151
f 2167 2149 2153
f 2166 2149 2167
f 2168 2153 2152
f 2168 2167 2153
f 2169 2152 2155
f 2168 2152 2169
f 2170 2155 2154
f 2170 2169 2155
f 2171 2154 2158
f 2170 2154 2171
f 2165 2171 2158
f 2172 2173 2174
f 2175 2174 2173
f 2157 2174 2139
f 2176 2139 2174
f 2177 2172 2174
f 2157 2177 2174
f 2178 2176 2174
f 2179 2178 2174
f 2180 2179 2174
f 2175 2180 2174
f 2172 2160 2173
f 2181 2173 2160
f 2175 2173 2182
f 2183 2182 2173
f 2183 2173 2181
f 2184 2160 2159
f 2172 2161 2160
f 2185 2181 2160
f 2184 2185 2160
f 2186 2159 2162
f 2186 2184 2159
f 2187 2162 2142
f 2187 2186 2162
f 2187 2142 2143
f 2188 2143 2138
f 2188 2187 2143
f 2189 2138 2137
f 2190 2138 2189
f 2191 2192 2138
f 2188 2138 2192
f 2193 2138 2190
f 2193 2191 2138
f 2189 2137 2140
f 2194 2140 2141
f 2194 2189 2140
f 2195 2141 2139
f 2196 2141 2195
f 2194 2141 2196
f 2195 2139 2176
f 2197 2156 2163
f 2198 2157 2156
f 2198 2156 2197
f 2199 2163 2161
f 2197 2163 2199
f 2200 2161 2172
f 2200 2199 2161
f 2201 2172 2177
f 2201 2200 2172
f 2202 2177 2157
f 2202 2201 2177
f 2198 2202 2157
f 2203 2176 2182
f 2204 2182 2176
f 2205 2203 2182
f 2206 2182 2204
f 2207 2175 2182
f 2206 2207 2182
f 2208 2182 2183
f 2208 2205 2182
f 2195 2176 2203
f 2209 2204 2176
f 2178 2209 2176
f 2170 2210 2169
f 2211 2195 2203
f 2212 2211 2203
f 2205 2212 2203
f 2213 2204 2209
f 2214 2206 2204
f 2214 2204 2213
f 2215 2209 2178
f 2213 2209 2215
f 2216 2178 2179
f 2215 2178 2216
f 2217 2179 2180
f 2216 2179 2217
f 2190 2180 2175
f 2217 2180 2190
f 2193 2175 2207
f 2193 2190 2175
f 2191 2207 2206
f 2193 2207 2191
f 2191 2206 2214
f 2208 2183 2181
f 2208 2181 2185
f 2218 2185 2184
f 2218 2208 2185
f 2210 2130 2129
f 2186 2218 2184
f 2210 2134 2130
f 2219 2196 2195
f 2220 2219 2195
f 2220 2195 2211
f 2221 2211 2212
f 2221 2220 2211
f 2222 2212 2205
f 2222 2221 2212
f 2223 2205 2208
f 2223 2222 2205
f 2224 2208 2218
f 2224 2223 2208
f 2131 2132 2225
f 2224 2218 2226
f 2226 2218 2186
f 2132 2133 2225
f 2227 2186 2187
f 2227 2226 2186
f 2194 2196 2219
f 2220 2228 2219
f 2229 2219 2228
f 2194 2219 2189
f 2216 2189 2219
f 2216 2219 2229
f 2230 2228 2220
f 2230 2229 2228
f 2230 2220 2221
f 2222 2229 2221
f 2230 2221 2229
f 2217 2190 2189
f 2216 2217 2189
f 2214 2231 2192
f 2188 2192 2231
f 2191 2214 2192
f 2232 2233 2231
f 2187 2231 2233
f 2214 2232 2231
f 2188 2231 2187
f 2234 2233 2232
f 2227 2187 2233
f 2234 2227 2233
f 2213 2235 2232
f 2234 2232 2235
f 2214 2213 2232
f 2213 2236 2235
f 2224 2235 2236
f 2210 2237 2134
f 2224 2226 2235
f 2227 2235 2226
f 2234 2235 2227
f 2215 2229 2236
f 2222 2236 2229
f 2213 2215 2236
f 2223 2236 2222
f 2224 2236 2223
f 2215 2216 2229
f 2198 2197 2199
f 2116 2199 2200
f 2115 2198 2199
f 2116 2115 2199
f 2202 2200 2201
f 2114 2200 2202
f 2114 2113 2200
f 2116 2200 2113
f 2118 2202 2198
f 2118 2114 2202
f 2117 2118 2198
f 2115 2117 2198
f 2225 2166 2167
f 2225 2167 2238
f 2168 2238 2167
f 2237 2171 2165
f 2210 2171 2237
f 2170 2171 2210
f 2237 2165 2164
f 2225 2164 2166
f 2225 2237 2164
f 2131 2225 2238
f 2129 2131 2238
f 2210 2129 2238
f 2169 2210 2238
f 2168 2169 2238
f 2133 2237 2225
f 2134 2237 2133
f 2239 2240 2241
f 2242 2241 2240
f 2243 2239 2241
f 2244 2245 2241
f 2246 2241 2245
f 2242 2244 2241
f 2247 2248 2241
f 2243 2241 2248
f 2246 2247 2241
f 2239 2249 2240
f 2250 2240 2249
f 2251 2242 2240
f 2252 2251 2240
f 2253 2252 2240
f 2250 2253 2240
f 2254 2249 2239
f 2255 2249 2254
f 2256 2249 2255
f 2257 2249 2256
f 2258 2259 2249
f 2250 2249 2259
f 2260 2258 2249
f 2257 2260 2249
f 2254 2239 2261
f 2243 2261 2239
f 2262 2263 255
f 242 255 2263
f 2264 255 241
f 239 241 255
f 2264 2262 255
f 242 239 255
f 2265 2266 2263
f 2267 2263 2266
f 2268 2263 2262
f 2265 2263 2268
f 2267 242 2263
f 2254 2261 2266
f 2256 2266 2261
f 2269 2254 2266
f 2270 2269 2266
f 241 2270 2266
f 2271 241 2266
f 2272 2271 2266
f 2265 2272 2266
f 2273 2266 2256
f 2267 2266 2273
f 2274 2245 2261
f 2256 2261 2245
f 2275 2274 2261
f 2243 2275 2261
f 2244 2276 2245
f 2252 2245 2276
f 2274 2246 2245
f 2256 2245 2252
f 2277 2278 2276
f 2251 2276 2278
f 2279 2276 2244
f 2280 2281 2276
f 2282 2276 2281
f 2283 2280 2276
f 2284 2277 2276
f 2282 2284 2276
f 2285 2283 2276
f 2279 2285 2276
f 2252 2276 2251
f 2286 2287 2278
f 2288 2278 2287
f 2286 2278 2277
f 2251 2278 2288
f 2289 2244 2287
f 2290 2287 2244
f 2291 2292 2287
f 2293 2287 2292
f 2282 2291 2287
f 2293 2289 2287
f 2294 2282 2287
f 2295 2294 2287
f 2286 2295 2287
f 2288 2287 2290
f 2279 2244 2289
f 2290 2244 2242
f 2255 2254 2269
f 2296 2269 2270
f 2255 2269 2296
f 2297 2270 241
f 2296 2270 2297
f 2298 2264 241
f 2299 2298 241
f 2271 2299 241
f 2297 241 239
f 2300 2292 2291
f 2293 2292 2280
f 2301 2280 2292
f 2301 2292 2300
f 2282 2281 2291
f 2302 2291 2281
f 2302 2300 2291
f 2303 2281 2280
f 2302 2281 2303
f 2304 2293 2280
f 2283 2304 2280
f 2303 2280 2301
f 2305 2289 2293
f 2306 2289 2307
f 2308 2307 2289
f 2279 2289 2306
f 2308 2289 2305
f 2304 2309 2293
f 2310 2293 2309
f 2310 2305 2293
f 2304 2307 2309
f 2311 2309 2307
f 2310 2309 2311
f 2312 2306 2307
f 2304 2312 2307
f 2311 2307 2308
f 2313 2262 2264
f 2268 2262 2314
f 2315 2314 2262
f 2315 2262 2313
f 2316 2264 2298
f 2317 2264 2316
f 2313 2264 2317
f 2318 2298 2299
f 2318 2316 2298
f 2319 2320 2299
f 2321 2299 2320
f 2271 2319 2299
f 2318 2299 2321
f 2319 2314 2320
f 2322 2320 2314
f 2323 2320 2322
f 2321 2320 2323
f 2324 2268 2314
f 2319 2324 2314
f 2322 2314 2315
f 2325 2268 2324
f 2326 2265 2268
f 2326 2268 2325
f 2327 2324 2319
f 2328 2324 2327
f 2325 2324 2328
f 2329 2319 2271
f 2329 2327 2319
f 2330 2271 2272
f 2329 2271 2330
f 2331 2272 2265
f 2332 2272 2331
f 2330 2272 2332
f 2331 2265 2326
f 2333 2277 2284
f 2334 2286 2277
f 2334 2277 2333
f 2335 2284 2282
f 2336 2333 2284
f 2336 2284 2335
f 2337 2282 2294
f 2335 2282 2337
f 2338 2294 2295
f 2337 2294 2338
f 2339 2295 2286
f 2340 2338 2295
f 2339 2340 2295
f 2334 2339 2286
f 2341 2306 2312
f 2342 2279 2306
f 2342 2306 2341
f 2343 2312 2304
f 2344 2341 2312
f 2343 2344 2312
f 2345 2304 2283
f 2345 2343 2304
f 2346 2283 2285
f 2345 2283 2346
f 2347 2285 2279
f 2348 2346 2285
f 2348 2285 2347
f 2347 2279 2342
f 2349 2248 2247
f 2350 2243 2248
f 2350 2248 2349
f 2351 2247 2246
f 2352 2349 2247
f 2351 2352 2247
f 2353 2246 2274
f 2353 2351 2246
f 2354 2274 2275
f 2353 2274 2354
f 2355 2275 2243
f 2356 2354 2275
f 2356 2275 2355
f 2355 2243 2350
f 2357 239 242
f 2358 2297 239
f 2359 239 2357
f 2359 2358 239
f 2360 242 2267
f 2361 242 2360
f 2362 2357 242
f 2361 2362 242
f 2273 2296 2297
f 2358 2273 2297
f 2256 2255 2296
f 2273 2256 2296
f 2300 2290 2242
f 2251 2288 2242
f 2363 2242 2288
f 2301 2300 2242
f 2305 2301 2242
f 2308 2305 2242
f 2364 2308 2242
f 2365 2364 2242
f 2366 2365 2242
f 2363 2366 2242
f 2367 2288 2290
f 2302 2290 2300
f 2368 2290 2302
f 2368 2367 2290
f 2303 2301 2288
f 2310 2288 2301
f 2302 2303 2288
f 2369 2302 2288
f 2311 2308 2288
f 2370 2288 2308
f 2310 2311 2288
f 2371 2369 2288
f 2372 2371 2288
f 2373 2372 2288
f 2367 2373 2288
f 2374 2363 2288
f 2375 2374 2288
f 2370 2375 2288
f 2257 2256 2252
f 2376 2257 2252
f 2377 2376 2252
f 2253 2377 2252
f 2360 2267 2273
f 2378 2360 2273
f 2379 2378 2273
f 2380 2379 2273
f 2381 2380 2273
f 2358 2381 2273
f 2310 2301 2305
f 2382 2383 2302
f 2368 2302 2383
f 2369 2382 2302
f 2384 2308 2364
f 2384 2370 2308
f 2385 2386 2387
f 2327 2387 2386
f 2388 2387 2389
f 2329 2389 2387
f 2388 2385 2387
f 2329 2387 2327
f 2361 2360 2386
f 2325 2386 2360
f 2385 2361 2386
f 2328 2327 2386
f 2325 2328 2386
f 2325 2360 2378
f 2326 2378 2379
f 2326 2325 2378
f 2331 2379 2380
f 2331 2326 2379
f 2330 2380 2381
f 2332 2331 2380
f 2330 2332 2380
f 2390 2389 2381
f 2330 2381 2389
f 2358 2390 2381
f 2390 2388 2389
f 2329 2330 2389
f 2316 2357 2362
f 2318 2359 2357
f 2318 2357 2316
f 2313 2362 2361
f 2317 2316 2362
f 2313 2317 2362
f 2313 2361 2385
f 2315 2385 2388
f 2315 2313 2385
f 2322 2388 2390
f 2322 2315 2388
f 2321 2390 2358
f 2323 2322 2390
f 2321 2323 2390
f 2321 2358 2359
f 2318 2321 2359
f 2338 2383 2382
f 2340 2368 2383
f 2340 2383 2338
f 2335 2382 2369
f 2337 2338 2382
f 2335 2337 2382
f 2335 2369 2371
f 2336 2371 2372
f 2336 2335 2371
f 2333 2372 2373
f 2336 2372 2333
f 2339 2373 2367
f 2334 2333 2373
f 2334 2373 2339
f 2339 2367 2368
f 2339 2368 2340
f 2341 2364 2365
f 2344 2384 2364
f 2344 2364 2341
f 2347 2365 2366
f 2342 2341 2365
f 2347 2342 2365
f 2347 2366 2363
f 2348 2363 2374
f 2348 2347 2363
f 2346 2374 2375
f 2348 2374 2346
f 2343 2375 2370
f 2345 2346 2375
f 2345 2375 2343
f 2343 2370 2384
f 2343 2384 2344
f 2349 2259 2258
f 2352 2250 2259
f 2352 2259 2349
f 2355 2258 2260
f 2350 2349 2258
f 2355 2350 2258
f 2355 2260 2257
f 2356 2257 2376
f 2356 2355 2257
f 2354 2376 2377
f 2356 2376 2354
f 2351 2377 2253
f 2353 2354 2377
f 2353 2377 2351
f 2351 2253 2250
f 2351 2250 2352
f 2391 2392 2393
f 2394 2393 2392
f 2395 2391 2393
f 2394 2396 2393
f 2397 2393 2396
f 2398 2395 2393
f 2397 2398 2393
f 2391 2399 2392
f 2400 2392 2399
f 2401 2394 2392
f 2402 2401 2392
f 2403 2392 2400
f 2404 2405 2392
f 2402 2392 2405
f 2406 2404 2392
f 2403 2406 2392
f 2287 2399 2391
f 2290 2399 2287
f 2407 2400 2399
f 2408 2407 2399
f 2409 2399 2290
f 2409 2408 2399
f 2410 2287 2391
f 2395 2278 2391
f 2411 2391 2278
f 2412 2410 2391
f 2413 2412 2391
f 2411 2413 2391
f 2414 2396 2394
f 2415 2396 2416
f 2414 2416 2396
f 2417 2396 2415
f 2418 2397 2396
f 2419 2418 2396
f 2417 2419 2396
f 2401 2420 2394
f 2414 2394 2420
f 2421 2422 2423
f 2424 2423 2422
f 2425 2421 2423
f 2424 2425 2423
f 2421 122 2422
f 2426 2422 122
f 2426 2424 2422
f 2427 119 122
f 129 122 119
f 2421 2428 122
f 2429 122 2428
f 2430 122 2431
f 2432 2431 122
f 2430 2427 122
f 2429 2432 122
f 2426 122 129
f 2433 2434 119
f 123 119 2434
f 2435 2433 119
f 2427 2435 119
f 123 129 119
f 2436 2437 2434
f 2438 2434 2437
f 2433 2436 2434
f 2438 123 2434
f 2415 2416 2437
f 2439 2437 2416
f 2436 2415 2437
f 2438 2437 2439
f 2439 2416 2414
f 2410 2278 2287
f 2290 2287 2278
f 2288 2278 2395
f 2440 2441 2278
f 2411 2278 2441
f 2410 2440 2278
f 2290 2278 2288
f 2407 2395 2398
f 2288 2395 2407
f 2417 2415 2398
f 2400 2398 2415
f 2442 2443 2398
f 2417 2398 2443
f 2397 2442 2398
f 2407 2398 2400
f 2401 2415 2436
f 2400 2415 2401
f 2429 2428 2436
f 2420 2436 2428
f 2444 2445 2436
f 2446 2436 2445
f 2433 2444 2436
f 2447 2436 2446
f 2448 2436 2447
f 2449 2429 2436
f 2448 2449 2436
f 2401 2436 2420
f 2450 2428 2421
f 2420 2428 2450
f 2451 2421 2425
f 2450 2421 2451
f 2452 2425 2424
f 2451 2425 2452
f 2453 2454 2455
f 2456 2455 2454
f 2457 2455 2444
f 2458 2444 2455
f 2457 2453 2455
f 2458 2455 2456
f 2446 2445 2454
f 2459 2454 2445
f 2460 2454 2453
f 2461 2454 2460
f 2461 2446 2454
f 2459 2456 2454
f 2462 2445 2444
f 2459 2445 2462
f 2433 2457 2444
f 2462 2444 2458
f 2435 2453 2463
f 2464 2463 2453
f 2435 2463 2433
f 2465 2433 2463
f 2465 2463 2464
f 2466 2453 2457
f 2435 2460 2453
f 2466 2464 2453
f 2467 2457 2433
f 2466 2457 2467
f 2467 2433 2465
f 2468 2469 2431
f 2470 2431 2469
f 2471 2430 2431
f 2432 2468 2431
f 2470 2471 2431
f 2468 2460 2469
f 2472 2469 2460
f 2473 2469 2472
f 2473 2470 2469
f 2474 2460 2435
f 2468 2461 2460
f 2472 2460 2474
f 2475 2435 2427
f 2474 2435 2475
f 2476 2427 2430
f 2477 2475 2427
f 2477 2427 2476
f 2471 2476 2430
f 2478 2446 2461
f 2447 2446 2479
f 2480 2479 2446
f 2480 2446 2478
f 2481 2461 2468
f 2482 2478 2461
f 2482 2461 2481
f 2483 2468 2432
f 2483 2481 2468
f 2484 2485 2432
f 2486 2432 2485
f 2429 2484 2432
f 2486 2483 2432
f 2484 2479 2485
f 2487 2485 2479
f 2488 2485 2487
f 2488 2486 2485
f 2489 2447 2479
f 2484 2489 2479
f 2487 2479 2480
f 2490 2447 2489
f 2491 2448 2447
f 2491 2447 2490
f 2492 2489 2484
f 2493 2490 2489
f 2493 2489 2492
f 2494 2484 2429
f 2494 2492 2484
f 2495 2429 2449
f 2495 2494 2429
f 2496 2449 2448
f 2497 2449 2496
f 2497 2495 2449
f 2496 2448 2491
f 2498 2441 2440
f 2499 2411 2441
f 2499 2441 2498
f 2500 2440 2410
f 2501 2498 2440
f 2501 2440 2500
f 2502 2410 2412
f 2500 2410 2502
f 2503 2412 2413
f 2502 2412 2503
f 2504 2413 2411
f 2505 2503 2413
f 2504 2505 2413
f 2499 2504 2411
f 2506 2443 2442
f 2507 2417 2443
f 2507 2443 2506
f 2508 2442 2397
f 2509 2506 2442
f 2509 2442 2508
f 2510 2397 2418
f 2508 2397 2510
f 2511 2418 2419
f 2510 2418 2511
f 2512 2419 2417
f 2513 2511 2419
f 2512 2513 2419
f 2507 2512 2417
f 2452 2426 129
f 2514 129 123
f 2451 2452 129
f 2514 2451 129
f 2452 2424 2426
f 2515 123 2438
f 2465 123 2458
f 2515 2458 123
f 2465 2464 123
f 2466 123 2464
f 2516 123 2466
f 2517 2518 123
f 2514 123 2518
f 2516 2517 123
f 2519 2450 2451
f 2514 2519 2451
f 2438 2420 2450
f 2520 2438 2450
f 2521 2450 2519
f 2522 2450 2521
f 2523 2520 2450
f 2522 2523 2450
f 2439 2414 2420
f 2438 2439 2420
f 2524 2400 2401
f 2525 2524 2401
f 2526 2525 2401
f 2402 2526 2401
f 2524 2403 2400
f 2527 2288 2407
f 2528 2527 2407
f 2529 2528 2407
f 2408 2529 2407
f 2527 2290 2288
f 2530 2531 2290
f 2409 2290 2531
f 2532 2530 2290
f 2527 2532 2290
f 2533 2515 2438
f 2520 2533 2438
f 2465 2458 2456
f 2467 2456 2459
f 2467 2465 2456
f 2515 2462 2458
f 2515 2459 2462
f 2466 2467 2459
f 2515 2466 2459
f 2534 2516 2466
f 2515 2534 2466
f 2476 2518 2517
f 2471 2514 2518
f 2471 2518 2476
f 2475 2517 2516
f 2477 2517 2475
f 2477 2476 2517
f 2535 2536 2516
f 2475 2516 2536
f 2534 2535 2516
f 2537 2538 2536
f 2474 2536 2538
f 2535 2537 2536
f 2474 2475 2536
f 2539 2540 2538
f 2472 2538 2540
f 2539 2538 2537
f 2472 2474 2538
f 2521 2519 2540
f 2470 2540 2519
f 2539 2521 2540
f 2473 2472 2540
f 2473 2540 2470
f 2470 2519 2514
f 2470 2514 2471
f 2481 2537 2535
f 2483 2539 2537
f 2483 2537 2481
f 2478 2535 2534
f 2482 2535 2478
f 2482 2481 2535
f 2541 2542 2534
f 2478 2534 2542
f 2515 2541 2534
f 2543 2544 2542
f 2480 2542 2544
f 2541 2543 2542
f 2480 2478 2542
f 2545 2546 2544
f 2487 2544 2546
f 2545 2544 2543
f 2487 2480 2544
f 2522 2521 2546
f 2486 2546 2521
f 2545 2522 2546
f 2488 2487 2546
f 2488 2546 2486
f 2486 2521 2539
f 2486 2539 2483
f 2492 2543 2541
f 2494 2545 2543
f 2494 2543 2492
f 2490 2541 2515
f 2493 2541 2490
f 2493 2492 2541
f 2490 2515 2533
f 2491 2533 2520
f 2491 2490 2533
f 2496 2520 2523
f 2496 2491 2520
f 2495 2523 2522
f 2497 2496 2523
f 2497 2523 2495
f 2495 2522 2545
f 2495 2545 2494
f 2511 2405 2404
f 2513 2402 2405
f 2513 2405 2511
f 2508 2404 2406
f 2510 2511 2404
f 2508 2510 2404
f 2508 2406 2403
f 2509 2403 2524
f 2509 2508 2403
f 2506 2524 2525
f 2509 2524 2506
f 2512 2525 2526
f 2507 2506 2525
f 2507 2525 2512
f 2512 2526 2402
f 2512 2402 2513
f 2503 2531 2530
f 2505 2409 2531
f 2505 2531 2503
f 2500 2530 2532
f 2502 2503 2530
f 2500 2502 2530
f 2500 2532 2527
f 2501 2527 2528
f 2501 2500 2527
f 2498 2528 2529
f 2501 2528 2498
f 2504 2529 2408
f 2499 2498 2529
f 2499 2529 2504
f 2504 2408 2409
f 2504 2409 2505
f 2547 2548 2549
f 2550 2549 2548
f 2551 2547 2549
f 2552 2551 2549
f 2550 2552 2549
f 2553 2548 2547
f 2553 2550 2548
f 2554 2547 2551
f 2553 2547 2554
f 2554 2551 2552
f 2554 2552 2555
f 2550 2555 2552
f 2556 2554 2555
f 2557 2556 2555
f 2558 2557 2555
f 2550 2558 2555
f 2553 2554 2556
f 2557 2559 2556
f 2560 2556 2559
f 2560 2553 2556
f 2561 2562 2559
f 2563 2559 2562
f 2557 2561 2559
f 2564 2560 2559
f 2563 2564 2559
f 2561 2565 2562
f 2566 2562 2565
f 2567 2562 2566
f 2568 2563 2562
f 2569 2568 2562
f 2567 2569 2562
f 2570 2571 2565
f 2572 2565 2571
f 2561 2570 2565
f 2573 2574 2565
f 2575 2565 2574
f 2576 2573 2565
f 2572 2576 2565
f 2577 2566 2565
f 2578 2577 2565
f 2579 2578 2565
f 2575 2579 2565
f 2580 2581 2571
f 2582 2571 2581
f 2583 2580 2571
f 2570 2583 2571
f 2584 2572 2571
f 2585 2584 2571
f 2586 2585 2571
f 2587 2586 2571
f 2588 2587 2571
f 2582 2588 2571
f 2589 2590 2581
f 2591 2581 2590
f 2580 2589 2581
f 2592 2581 2591
f 2593 2581 2592
f 2593 2582 2581
f 2594 2590 2589
f 2595 2590 2594
f 2591 2590 2596
f 2595 2596 2590
f 2597 2589 2580
f 2597 2598 2589
f 2594 2589 2598
f 2597 2580 2583
f 2599 2583 2570
f 2599 2597 2583
f 2600 2570 2561
f 2601 2599 2570
f 2602 2601 2570
f 2600 2602 2570
f 2603 2561 2557
f 2604 2600 2561
f 2605 2604 2561
f 2603 2605 2561
f 2558 2603 2557
f 2594 2598 2606
f 2607 2606 2598
f 2608 2594 2606
f 2609 2608 2606
f 2607 2609 2606
f 2596 2598 2597
f 2596 2607 2598
f 2599 2610 2597
f 2591 2597 2610
f 2591 2596 2597
f 2592 2610 2599
f 2592 2591 2610
f 2585 2599 2601
f 2592 2599 2585
f 2584 2601 2602
f 2585 2601 2584
f 2572 2602 2600
f 2584 2602 2572
f 2576 2600 2604
f 2572 2600 2576
f 2573 2604 2605
f 2576 2604 2573
f 2574 2605 2603
f 2573 2605 2574
f 2611 2603 2558
f 2574 2603 2611
f 2560 2558 2550
f 2611 2558 2560
f 2560 2550 2553
f 2595 2594 2608
f 2595 2608 2609
f 2596 2609 2607
f 2595 2609 2596
f 2612 2611 2560
f 2613 2612 2560
f 2566 2613 2560
f 2614 2566 2560
f 2615 2614 2560
f 2564 2615 2560
f 2616 2574 2611
f 2616 2611 2612
f 2616 2575 2574
f 2617 2592 2585
f 2586 2617 2585
f 2618 2619 2592
f 2593 2592 2619
f 2617 2618 2592
f 2620 2619 2618
f 2621 2593 2619
f 2621 2619 2620
f 2622 2618 2617
f 2622 2620 2618
f 2623 2617 2586
f 2623 2622 2617
f 2624 2586 2587
f 2624 2623 2586
f 2625 2587 2588
f 2625 2624 2587
f 2626 2588 2582
f 2626 2625 2588
f 2627 2582 2593
f 2627 2626 2582
f 2621 2627 2593
f 2628 2612 2613
f 2629 2616 2612
f 2629 2612 2628
f 2630 2613 2566
f 2630 2628 2613
f 2631 2566 2577
f 2632 2566 2614
f 2632 2567 2566
f 2631 2630 2566
f 2633 2577 2578
f 2633 2631 2577
f 2634 2578 2579
f 2634 2633 2578
f 2635 2579 2575
f 2635 2634 2579
f 2636 2575 2616
f 2636 2635 2575
f 2629 2636 2616
f 2637 2614 2615
f 2638 2632 2614
f 2638 2614 2637
f 2639 2615 2564
f 2639 2637 2615
f 2640 2564 2563
f 2640 2639 2564
f 2641 2563 2568
f 2641 2640 2563
f 2642 2568 2569
f 2642 2641 2568
f 2643 2569 2567
f 2643 2642 2569
f 2644 2567 2632
f 2644 2643 2567
f 2638 2644 2632
f 2625 2620 2622
f 2626 2620 2625
f 2621 2620 2626
f 2624 2622 2623
f 2625 2622 2624
f 2621 2626 2627
f 2634 2628 2630
f 2635 2628 2634
f 2629 2628 2635
f 2633 2630 2631
f 2634 2630 2633
f 2629 2635 2636
f 2642 2637 2639
f 2643 2637 2642
f 2638 2637 2643
f 2641 2639 2640
f 2642 2639 2641
f 2638 2643 2644
f 2645 2646 2647
f 2648 2647 2646
f 2649 2645 2647
f 2650 2649 2647
f 2648 2650 2647
f 2651 2646 2645
f 2651 2648 2646
f 2652 2645 2649
f 2651 2645 2652
f 2652 2649 2650
f 2652 2650 2653
f 2648 2653 2650
f 2654 2652 2653
f 2655 2654 2653
f 2656 2655 2653
f 2648 2656 2653
f 2651 2652 2654
f 2655 2657 2654
f 2658 2654 2657
f 2658 2651 2654
f 2659 2660 2657
f 2661 2657 2660
f 2655 2659 2657
f 2662 2658 2657
f 2661 2662 2657
f 2659 2663 2660
f 2664 2660 2663
f 2665 2660 2664
f 2666 2661 2660
f 2667 2666 2660
f 2665 2667 2660
f 2668 2669 2663
f 2670 2663 2669
f 2659 2668 2663
f 2671 2672 2663
f 2673 2663 2672
f 2674 2671 2663
f 2670 2674 2663
f 2675 2664 2663
f 2676 2675 2663
f 2677 2676 2663
f 2673 2677 2663
f 2678 2679 2669
f 2680 2669 2679
f 2681 2678 2669
f 2668 2681 2669
f 2682 2670 2669
f 2683 2682 2669
f 2684 2683 2669
f 2685 2684 2669
f 2686 2685 2669
f 2680 2686 2669
f 2687 2688 2679
f 2689 2679 2688
f 2678 2687 2679
f 2690 2679 2689
f 2691 2679 2690
f 2691 2680 2679
f 2692 2688 2687
f 2693 2688 2692
f 2689 2688 2694
f 2693 2694 2688
f 2695 2687 2678
f 2695 2696 2687
f 2692 2687 2696
f 2695 2678 2681
f 2697 2681 2668
f 2697 2695 2681
f 2698 2668 2659
f 2699 2697 2668
f 2700 2699 2668
f 2698 2700 2668
f 2701 2659 2655
f 2702 2698 2659
f 2703 2702 2659
f 2701 2703 2659
f 2656 2701 2655
f 2692 2696 2704
f 2705 2704 2696
f 2706 2692 2704
f 2707 2706 2704
f 2705 2707 2704
f 2694 2696 2695
f 2694 2705 2696
f 2697 2708 2695
f 2689 2695 2708
f 2689 2694 2695
f 2690 2708 2697
f 2690 2689 2708
f 2683 2697 2699
f 2690 2697 2683
f 2682 2699 2700
f 2683 2699 2682
f 2670 2700 2698
f 2682 2700 2670
f 2674 2698 2702
f 2670 2698 2674
f 2671 2702 2703
f 2674 2702 2671
f 2672 2703 2701
f 2671 2703 2672
f 2709 2701 2656
f 2672 2701 2709
f 2658 2656 2648
f 2709 2656 2658
f 2658 2648 2651
f 2693 2692 2706
f 2693 2706 2707
f 2694 2707 2705
f 2693 2707 2694
f 2710 2709 2658
f 2711 2710 2658
f 2664 2711 2658
f 2712 2664 2658
f 2713 2712 2658
f 2662 2713 2658
f 2714 2672 2709
f 2714 2709 2710
f 2714 2673 2672
f 2715 2690 2683
f 2684 2715 2683
f 2716 2717 2690
f 2691 2690 2717
f 2715 2716 2690
f 2718 2717 2716
f 2719 2691 2717
f 2719 2717 2718
f 2720 2716 2715
f 2720 2718 2716
f 2721 2715 2684
f 2721 2720 2715
f 2722 2684 2685
f 2722 2721 2684
f 2723 2685 2686
f 2723 2722 2685
f 2724 2686 2680
f 2724 2723 2686
f 2725 2680 2691
f 2725 2724 2680
f 2719 2725 2691
f 2726 2710 2711
f 2727 2714 2710
f 2727 2710 2726
f 2728 2711 2664
f 2728 2726 2711
f 2729 2664 2675
f 2730 2664 2712
f 2730 2665 2664
f 2729 2728 2664
f 2731 2675 2676
f 2731 2729 2675
f 2732 2676 2677
f 2732 2731 2676
f 2733 2677 2673
f 2733 2732 2677
f 2734 2673 2714
f 2734 2733 2673
f 2727 2734 2714
f 2735 2712 2713
f 2736 2730 2712
f 2736 2712 2735
f 2737 2713 2662
f 2737 2735 2713
f 2738 2662 2661
f 2738 2737 2662
f 2739 2661 2666
f 2739 2738 2661
f 2740 2666 2667
f 2740 2739 2666
f 2741 2667 2665
f 2741 2740 2667
f 2742 2665 2730
f 2742 2741 2665
f 2736 2742 2730
f 2719 2718 2720
f 2719 2720 2721
f 2725 2721 2722
f 2719 2721 2725
f 2724 2722 2723
f 2725 2722 2724
f 2727 2726 2728
f 2727 2728 2729
f 2734 2729 2731
f 2727 2729 2734
f 2733 2731 2732
f 2734 2731 2733
f 2740 2735 2737
f 2741 2735 2740
f 2736 2735 2741
f 2739 2737 2738
f 2740 2737 2739
f 2736 2741 2742
f 2743 2744 2745
f 2746 2745 2744
f 2747 2743 2745
f 2748 2747 2745
f 2749 2748 2745
f 2746 2749 2745
f 2743 2750 2744
f 2751 2744 2750
f 2752 2746 2744
f 2751 2752 2744
f 2753 2754 2750
f 2751 2750 2754
f 2743 2753 2750
f 2755 2754 2753
f 2756 2754 2755
f 2751 2754 2756
f 2757 2753 2743
f 2755 2753 2757
f 2747 2757 2743
f 2758 2759 2760
f 2761 2760 2759
f 2762 2758 2760
f 2763 2762 2760
f 2761 2763 2760
f 2764 2757 2759
f 2765 2759 2757
f 2758 2764 2759
f 2765 2761 2759
f 2766 2757 2747
f 2767 2755 2757
f 2764 2767 2757
f 2766 2765 2757
f 2751 2747 2748
f 2751 2766 2747
f 2768 2769 2748
f 2752 2748 2769
f 2749 2768 2748
f 2751 2748 2752
f 2770 2769 2768
f 2752 2769 2770
f 2771 2768 2749
f 2770 2768 2771
f 2771 2749 2746
f 2756 2755 2767
f 2772 2767 2764
f 2756 2767 2772
f 2773 2764 2758
f 2772 2764 2773
f 2774 2758 2762
f 2773 2758 2774
f 2774 2762 2763
f 2765 2763 2761
f 2774 2763 2765
f 2773 2765 2766
f 2773 2774 2765
f 2772 2773 2766
f 2751 2772 2766
f 2751 2756 2772
f 2770 2771 2746
f 2752 2770 2746
f 2775 2776 2777
f 2778 2777 2776
f 2779 2775 2777
f 2780 2779 2777
f 2781 2780 2777
f 2781 2777 2778
f 2395 2782 2776
f 2778 2776 2782
f 2775 2395 2776
f 2276 2782 2395
f 2783 2782 2276
f 2784 2778 2782
f 2785 2782 2783
f 2785 2784 2782
f 2786 2395 2775
f 2787 2276 2395
f 2788 2787 2395
f 2789 2788 2395
f 2790 2789 2395
f 2791 2790 2395
f 2786 2791 2395
f 2792 2775 2779
f 2786 2775 2792
f 2793 2779 2780
f 2794 2779 2793
f 2794 2792 2779
f 2793 2795 2796
f 2797 2796 2795
f 2794 2793 2796
f 2797 2798 2796
f 2794 2796 2798
f 2793 2780 2795
f 2797 2795 2780
f 2781 2797 2780
f 2781 2798 2797
f 2781 2794 2798
f 2778 2792 2794
f 2799 2786 2792
f 2799 2792 2778
f 2781 2778 2794
f 2800 2801 2276
f 2783 2276 2801
f 2802 2800 2276
f 2787 2802 2276
f 2800 2803 2801
f 2804 2801 2803
f 2783 2801 2804
f 2805 2806 2803
f 2807 2803 2806
f 2800 2805 2803
f 2804 2803 2807
f 2808 2809 2806
f 2810 2806 2809
f 2805 2808 2806
f 2807 2806 2810
f 2811 2809 2808
f 2810 2809 2811
f 2812 2808 2805
f 2811 2808 2812
f 2813 2805 2800
f 2813 2812 2805
f 2802 2814 2800
f 2815 2800 2814
f 2813 2800 2815
f 2816 2814 2802
f 2815 2814 2816
f 2817 2802 2787
f 2816 2802 2817
f 2818 2787 2788
f 2818 2817 2787
f 2819 2788 2789
f 2818 2788 2819
f 2820 2789 2790
f 2819 2789 2820
f 2821 2790 2791
f 2821 2820 2790
f 2822 2791 2786
f 2821 2791 2822
f 2822 2786 2799
f 2822 2799 2778
f 2823 2822 2778
f 2824 2823 2778
f 2825 2824 2778
f 2784 2825 2778
f 2826 2821 2822
f 2826 2822 2823
f 2783 2820 2821
f 2827 2819 2820
f 2827 2820 2783
f 2826 2783 2821
f 2828 2818 2819
f 2827 2828 2819
f 2828 2817 2818
f 2828 2816 2817
f 2804 2815 2816
f 2783 2804 2816
f 2829 2783 2816
f 2828 2830 2816
f 2829 2816 2830
f 2807 2813 2815
f 2804 2807 2815
f 2811 2812 2813
f 2810 2811 2813
f 2807 2810 2813
f 2829 2827 2783
f 2826 2831 2783
f 2832 2783 2831
f 2832 2785 2783
f 2833 2830 2828
f 2834 2829 2830
f 2834 2830 2833
f 2835 2828 2827
f 2835 2833 2828
f 2836 2827 2829
f 2836 2835 2827
f 2834 2836 2829
f 2837 2823 2824
f 2838 2826 2823
f 2838 2823 2837
f 2832 2831 2824
f 2839 2824 2831
f 2832 2824 2825
f 2839 2837 2824
f 2840 2831 2826
f 2840 2839 2831
f 2838 2840 2826
f 2841 2825 2784
f 2842 2832 2825
f 2842 2825 2841
f 2843 2784 2785
f 2843 2841 2784
f 2844 2785 2832
f 2844 2843 2785
f 2842 2844 2832
f 2836 2833 2835
f 2834 2833 2836
f 2840 2837 2839
f 2838 2837 2840
f 2844 2841 2843
f 2842 2841 2844
f 2845 2846 2847
f 2848 2847 2846
f 2849 2845 2847
f 2850 2849 2847
f 2851 2850 2847
f 2848 2851 2847
f 2852 2853 2846
f 2854 2846 2853
f 2845 2852 2846
f 2854 2848 2846
f 2855 2853 2852
f 2854 2853 2855
f 2856 2852 2845
f 2856 2855 2852
f 2857 2845 2849
f 2856 2845 2857
f 2850 2858 2849
f 2859 2849 2858
f 2857 2849 2859
f 2860 2861 2858
f 2862 2858 2861
f 2850 2860 2858
f 2859 2858 2862
f 2863 2864 2861
f 2865 2861 2864
f 2860 2863 2861
f 2865 2862 2861
f 2866 2864 2863
f 2865 2864 2866
f 2867 2863 2860
f 2866 2863 2867
f 2868 2860 2850
f 2868 2867 2860
f 2868 2850 2851
f 2862 2851 2848
f 2865 2868 2851
f 2865 2851 2862
f 2859 2862 2848
f 2859 2848 2854
f 2866 2867 2868
f 2865 2866 2868
f 2857 2854 2855
f 2856 2857 2855
f 2857 2859 2854
