# https://github.com/mikedh/trimesh
mtllib mtl_simplified_hatch_4060_face
usemtl mtl_simplified_hatch_4060_face
v -0.06196396 -1.18248236 0.50271279
v -0.05977611 -1.18248236 0.49919328
v -0.05977611 -1.19882536 0.49919328
v -0.05790656 -1.19882536 0.49812838
v -0.06196396 -1.19882536 0.50271279
v -0.06171260 -1.19882536 0.50609243
v -0.07000000 -1.16332531 0.50402260
v -0.05790656 -1.18248236 0.49812838
v -0.06108104 -1.16332531 0.48910445
v -0.07000000 -1.16332531 0.48910445
v -0.06171260 -1.18248236 0.50609243
v -0.07000000 -1.16332531 0.51894075
v -0.05724836 -1.19882536 0.51105869
v -0.05724836 -1.18248236 0.51105869
v -0.04615641 -1.19882536 0.50284779
v -0.05032153 -1.19882536 0.50972635
v -0.05032153 -1.18248236 0.50972635
v -0.03596396 -1.19882536 0.48910445
v -0.02996396 -1.19930601 0.51894075
v -0.03596396 -1.19882536 0.53201282
v -0.02996396 -1.19930601 0.53301281
v -0.02996396 -1.19930601 0.50402260
v -0.03596396 -1.18248236 0.48910445
v -0.03596396 -1.19882536 0.47651279
v -0.04615641 -1.16332531 0.48910445
v -0.06108104 -1.16332531 0.51894075
v -0.04615641 -1.16332531 0.51894075
v -0.07000000 -0.99309075 0.49006397
v -0.07000000 -0.94799930 0.50471449
v -0.07000000 -0.97170508 0.50096011
v -0.07000000 -1.16332543 0.23549582
v -0.07000000 -0.99309075 0.36593607
v -0.07000000 -1.02095973 0.45170641
v -0.07000000 -1.02471447 0.42800000
v -0.07000000 -1.02095973 0.40429360
v -0.07000000 -1.01006293 0.47309220
v -0.07000000 -1.01006293 0.38290778
v -0.04615641 -1.16332531 0.53385890
v -0.07000000 -1.16332519 1.11566699
v -0.07000000 -0.07747533 0.71287674
v -0.06108104 -1.16332519 1.11566699
v -0.04615641 -1.16332519 1.11566699
v -0.04615640 -1.16332531 0.68304044
v -0.04615641 -1.16332531 0.66812229
v -0.07000000 -0.08748110 -0.15221342
v -0.07000000 -1.14949298 -0.16649783
v -0.07000000 -1.15422785 -0.14882693
v -0.06108287 -1.15049815 -0.16274543
v -0.07000000 -1.15795743 -0.13490808
v -0.06108104 -1.15795743 -0.13490808
v -0.06108247 -1.15422785 -0.14882670
v -0.07000000 -0.10129843 -0.20377779
v -0.07000000 -1.14576352 -0.18041666
v -0.06108176 -1.14576292 -0.18041642
v -0.06108136 -1.14949262 -0.16649769
v -0.07000000 -1.14203393 -0.19433551
v -0.06108217 -1.14203322 -0.19433515
v -0.07000000 -1.13950515 -0.20377330
v -0.07000000 -0.11318481 -0.21566384
v -0.07000000 -1.12688446 -0.21639434
v -0.06108084 -1.13950336 -0.20377627
v -0.07000000 -0.12814826 -0.23062687
v -0.07000000 -1.11192143 -0.23135778
v -0.05730012 -1.12198043 -0.22660734
v -0.07000000 -0.12068919 -0.22316800
v -0.06108062 -1.13434410 -0.20893566
v -0.05730012 -1.12754333 -0.21935859
v -0.07000000 -0.14311172 -0.24558991
v -0.07000000 -1.09695840 -0.24632123
v -0.05730012 -1.10744071 -0.24188513
v -0.07000000 -0.13565265 -0.23813105
v -0.05730012 -1.11477518 -0.23599596
v -0.07000000 -0.15807518 -0.26055294
v -0.07000000 -1.08199537 -0.26128468
v -0.05730012 -1.09157920 -0.25569096
v -0.07000000 -0.15061609 -0.25309408
v -0.05730012 -1.10102808 -0.24844316
v -0.07000000 -0.16557956 -0.26805711
v -0.07000000 -1.07449138 -0.26878884
v -0.06108144 -1.07449079 -0.26878819
v -0.05730012 -1.08437490 -0.26121703
v -0.07000000 -0.17693408 -0.27168262
v -0.07000000 -1.07277608 -0.26929396
v -0.07000000 -0.20866957 -0.28018606
v -0.07000000 -1.03076744 -0.28055069
v -0.06107923 -1.07277632 -0.26929483
v -0.07000000 -0.25440803 -0.29244155
v -0.07000000 -0.99903196 -0.28905460
v -0.06108104 -1.01676476 -0.28430381
v -0.06107962 -1.05877340 -0.27304706
v -0.06108104 -1.04477060 -0.27679929
v -0.07000000 -0.26697370 -0.29267401
v -0.07000000 -0.98552555 -0.29267383
v -0.06108104 -0.98552567 -0.29267427
v -0.06108104 -0.99903226 -0.28905499
v -0.06108104 -0.25440803 -0.29244155
v -0.04615641 -0.98552531 -0.29267383
v -0.04615641 -0.67219889 -0.29267392
v -0.04615641 -0.59715718 -0.29267392
v -0.04615641 -0.26697370 -0.29267401
v -0.04615640 -0.25440779 -0.29244155
v -0.06108211 -0.19466673 -0.27643403
v -0.06108104 -0.24040505 -0.28868949
v -0.06108278 -0.22640230 -0.28493750
v -0.06108132 -0.22267260 -0.28393814
v -0.06108172 -0.20866966 -0.28018609
v -0.06108053 -0.16557893 -0.26805773
v -0.06108250 -0.18066393 -0.27268150
v -0.06108104 -0.17693421 -0.27168214
v -0.05730012 -0.15550861 -0.26051295
v -0.05730012 -0.14830346 -0.25498357
v -0.05730012 -0.13885792 -0.24773489
v -0.05730012 -0.13189867 -0.24188513
v -0.05730012 -0.12547991 -0.23529580
v -0.05730012 -0.11827547 -0.22590439
v -0.05730012 -0.11271533 -0.21865639
v -0.06108158 -0.10572635 -0.20820457
v -0.06108102 -0.10129657 -0.20377491
v -0.07000000 -1.16168690 -0.12098924
v -0.07000000 -0.07901622 -0.12062371
v -0.06108104 -0.08647482 -0.14846161
v -0.06107981 -0.09866934 -0.19396986
v -0.06108104 -0.09120995 -0.16613245
v -0.07000000 -1.16332555 -0.10762174
v -0.07000000 -0.07747553 -0.10762173
v -0.06108104 -0.07901598 -0.12062388
v -0.06108104 -0.08274569 -0.13454266
v -0.07000000 -0.90290922 0.49006394
v -0.06108104 -0.07747553 -0.10762173
v -0.07000000 -0.94800067 0.35128552
v -0.07000000 -0.88593709 0.47309220
v -0.07000000 -0.87504029 0.45170641
v -0.07000000 -0.87128550 0.42800000
v -0.07000000 -0.87504029 0.40429360
v -0.07000000 -0.88593709 0.38290778
v -0.07000000 -0.90290922 0.36593604
v -0.07000000 -0.92429489 0.35503989
v -0.07000000 -0.07747523 1.11566699
v -0.04615640 -0.07747532 0.71287674
v -0.07000000 -0.92429394 0.50095981
v -0.04615640 -0.07747553 -0.10762174
v -0.04615640 -0.07747541 0.39959553
v -0.04615900 -0.07747540 0.41451362
v -0.04615640 -0.07747540 0.42943183
v -0.07000000 -1.16180086 1.12906492
v -0.07000000 -0.07890176 1.12869966
v -0.06108104 -0.07747523 1.11566699
v -0.04615640 -0.07747532 0.75763124
v -0.04615640 -0.07747532 0.77254939
v -0.07000000 -1.14587688 1.18849218
v -0.07000000 -0.10129578 1.21227551
v -0.06108104 -0.07890196 1.12869966
v -0.07000000 -1.14960647 1.17457342
v -0.07000000 -1.15061188 1.17082119
v -0.07000000 -1.15434158 1.15690243
v -0.07000000 -1.15807116 1.14298368
v -0.07000000 -1.11960912 1.23217213
v -0.07000000 -0.12792031 1.23890054
v -0.06108108 -0.10129698 1.21227729
v -0.07000000 -1.12711334 1.22466803
v -0.07000000 -1.13457251 1.21720910
v -0.07000000 -1.13950312 1.21227849
v -0.06108176 -0.09855495 1.20204580
v -0.06108104 -0.08263149 1.14261842
v -0.06108194 -0.08636099 1.15653718
v -0.06108107 -0.08736638 1.16028941
v -0.07000000 -1.11214995 1.23963106
v -0.07000000 -0.13542433 1.24640477
v -0.06108138 -0.13542412 1.24640477
v -0.06108210 -0.12791981 1.23890066
v -0.06108070 -0.12046094 1.23144162
v -0.06107998 -0.11295692 1.22393751
v -0.07000000 -1.08968234 1.26209843
v -0.07000000 -0.16535054 1.27633154
v -0.06108210 -0.14288348 1.25386345
v -0.07000000 -1.09718657 1.25459421
v -0.07000000 -1.10464573 1.24713528
v -0.07000000 -1.07471895 1.27706146
v -0.07000000 -0.16654682 1.27740037
v -0.06108006 -0.16654676 1.27740061
v -0.06108137 -0.16535088 1.27633107
v -0.06108209 -0.15784657 1.26882684
v -0.06108138 -0.15038764 1.26136780
v -0.07000000 -1.01314938 1.29377413
v -0.07000000 -0.24029103 1.29716074
v -0.07000000 -1.01687884 1.29277480
v -0.07000000 -1.03088188 1.28902268
v -0.07000000 -1.04488480 1.28527069
v -0.07000000 -1.05888784 1.28151858
v -0.07000000 -1.07289076 1.27776647
v -0.07000000 -0.99914640 1.29752624
v -0.07000000 -0.25429395 1.30091286
v -0.06108104 -0.25429386 1.30091286
v -0.06108104 -0.24029091 1.29716074
v -0.06108104 -0.22255839 1.29240930
v -0.06108027 -0.18054968 1.28115284
v -0.06108104 -0.19455253 1.28490496
v -0.06108104 -0.20855546 1.28865719
v -0.07000000 -0.61216551 1.30117583
v -0.07000000 -0.26697373 1.30117583
v -0.07000000 -0.62717384 1.30117595
v -0.07000000 -0.64218217 1.30117595
v -0.07000000 -0.98552519 1.30117595
v -0.06108104 -0.26697373 1.30117583
v -0.06196396 -0.62194669 1.32452106
v -0.06196396 -0.61884665 1.32452106
v -0.05824767 -0.61471248 1.32452106
v -0.05824767 -0.61471248 1.31120372
v -0.06108104 -0.59715718 1.30117583
v -0.06108104 -0.58214885 1.30117583
v -0.06108104 -0.28198206 1.30117583
v -0.06108104 -0.29699039 1.30117583
v -0.06108104 -0.31199872 1.30117583
v -0.06108104 -0.32700709 1.30117583
v -0.06108104 -0.34201542 1.30117583
v -0.06108104 -0.35702375 1.30117583
v -0.06108104 -0.37203211 1.30117583
v -0.06108104 -0.38704044 1.30117583
v -0.06108104 -0.40204877 1.30117583
v -0.06108104 -0.41705710 1.30117583
v -0.06108104 -0.43206546 1.30117583
v -0.06108104 -0.44707379 1.30117583
v -0.06108104 -0.46208212 1.30117583
v -0.06108104 -0.47709048 1.30117583
v -0.06108104 -0.49209881 1.30117583
v -0.06108104 -0.50710714 1.30117583
v -0.06108104 -0.52211547 1.30117583
v -0.06108104 -0.53712380 1.30117583
v -0.06108104 -0.55213219 1.30117583
v -0.06108104 -0.56714052 1.30117583
v -0.05945213 -0.62598735 1.31120372
v -0.05945213 -0.62598735 1.32452106
v -0.06108104 -0.64218217 1.30117595
v -0.06108104 -0.98552519 1.30117595
v -0.06108104 -0.97236568 1.30117595
v -0.06108104 -0.65719056 1.30117595
v -0.06108104 -0.67219889 1.30117595
v -0.06108104 -0.68720722 1.30117595
v -0.06108104 -0.70221555 1.30117595
v -0.06108104 -0.71722388 1.30117595
v -0.06108104 -0.73223221 1.30117595
v -0.06108104 -0.74724054 1.30117595
v -0.06108104 -0.76224893 1.30117595
v -0.06108104 -0.77725726 1.30117595
v -0.06108104 -0.79226559 1.30117595
v -0.06108104 -0.80727392 1.30117595
v -0.06108104 -0.82228225 1.30117595
v -0.06108104 -0.83729059 1.30117595
v -0.06108104 -0.85229892 1.30117595
v -0.06108104 -0.86730731 1.30117595
v -0.06108104 -0.88231564 1.30117595
v -0.06108104 -0.89732397 1.30117595
v -0.06108104 -0.91233230 1.30117595
v -0.06108104 -0.92734063 1.30117595
v -0.06108104 -0.94234896 1.30117595
v -0.06108104 -0.95735729 1.30117595
v -0.06108104 -0.99914640 1.29752624
v -0.06108117 -1.01687884 1.29277480
v -0.06108210 -1.01314926 1.29377413
v -0.06108142 -1.03088176 1.28902256
v -0.06108167 -1.04488468 1.28527033
v -0.06108192 -1.05888760 1.28151822
v -0.06108217 -1.07289052 1.27776599
v -0.06108081 -1.07471931 1.27706182
v -0.06108081 -1.08968270 1.26209879
v -0.06108018 -1.08222365 1.26955771
v -0.06108131 -1.10464585 1.24713552
v -0.06108201 -1.09718680 1.25459468
v -0.06108201 -1.11214983 1.23963130
v -0.06108131 -1.11960900 1.23217213
v -0.06108201 -1.12711298 1.22466803
v -0.06108131 -1.13457203 1.21720874
v -0.06108115 -1.13950419 1.21227658
v -0.06108062 -1.14587736 1.18849230
v -0.06108038 -1.14214778 1.20241106
v -0.06108104 -1.15061224 1.17082143
v -0.06108104 -1.14960694 1.17457354
v -0.06108104 -1.15434182 1.15690267
v -0.06108104 -1.15807128 1.14298379
v -0.06108104 -1.16180086 1.12906492
v -0.04615640 -1.16332543 0.23549582
v -0.07000000 -0.97170609 0.35504019
v -0.04615641 -1.16332531 0.47418630
v -0.06108104 -1.16168690 -0.12098924
v -0.04615640 -1.16168690 -0.12098936
v -0.04615641 -1.16332555 -0.10762176
v -0.14760000 -1.02471447 0.42800000
v -0.14760000 -1.02223909 0.40866962
v -0.14760000 -1.02443814 0.42149416
v -0.14760000 -1.02361095 0.41503519
v -0.14760000 -1.02033234 0.45355666
v -0.14760000 -1.02443814 0.43450585
v -0.14760000 -1.02223909 0.44733036
v -0.14760000 -1.02361095 0.44096482
v -0.14760000 -1.00768661 0.47619358
v -0.14760000 -1.01155865 0.47095817
v -0.14760000 -1.01497281 0.46541327
v -0.14760000 -1.01790440 0.45959878
v -0.14760000 -0.98822194 0.49332461
v -0.14760000 -0.99361700 0.48967820
v -0.14760000 -0.99868333 0.48558742
v -0.14760000 -1.00338447 0.48108172
v -0.14760000 -0.97046375 0.50135183
v -0.14760000 -0.97660351 0.49918252
v -0.14760000 -0.98253715 0.49650034
v -0.14760000 -0.94474417 0.50464535
v -0.14760000 -0.95125586 0.50464535
v -0.14760000 -0.95774412 0.50409311
v -0.14760000 -0.96416217 0.50299263
v -0.14760000 -0.91939652 0.49918252
v -0.14760000 -0.92553627 0.50135183
v -0.14760000 -0.93183786 0.50299263
v -0.14760000 -0.93825591 0.50409311
v -0.14760000 -0.90238303 0.48967820
v -0.14760000 -0.90777802 0.49332461
v -0.14760000 -0.91346288 0.49650034
v -0.14760000 -0.88444132 0.47095817
v -0.14760000 -0.88831341 0.47619358
v -0.14760000 -0.89261550 0.48108172
v -0.14760000 -0.89731669 0.48558742
v -0.14760000 -0.87376088 0.44733036
v -0.14760000 -0.87566763 0.45355666
v -0.14760000 -0.87809557 0.45959878
v -0.14760000 -0.88102716 0.46541327
v -0.14760000 -0.87128550 0.42800000
v -0.14760000 -0.87156188 0.43450585
v -0.14760000 -0.87238902 0.44096482
v -0.14760000 -0.87566763 0.40244335
v -0.14760000 -0.87376088 0.40866962
v -0.14760000 -0.87238902 0.41503519
v -0.14760000 -0.87156188 0.42149416
v -0.14760000 -0.88831341 0.37980643
v -0.14760000 -0.88444132 0.38504183
v -0.14760000 -0.88102716 0.39058673
v -0.14760000 -0.87809557 0.39640123
v -0.14760000 -0.90777802 0.36267540
v -0.14760000 -0.90238303 0.36632177
v -0.14760000 -0.89731669 0.37041256
v -0.14760000 -0.89261550 0.37491828
v -0.14760000 -0.92553627 0.35464817
v -0.14760000 -0.91939652 0.35681748
v -0.14760000 -0.91346288 0.35949966
v -0.14760000 -0.95125586 0.35135466
v -0.14760000 -0.94474417 0.35135466
v -0.14760000 -0.93825591 0.35190687
v -0.14760000 -0.93183786 0.35300738
v -0.14760000 -0.97660351 0.35681748
v -0.14760000 -0.97046375 0.35464817
v -0.14760000 -0.96416217 0.35300738
v -0.14760000 -0.95774412 0.35190687
v -0.14760000 -0.99361700 0.36632177
v -0.14760000 -0.98822194 0.36267540
v -0.14760000 -0.98253715 0.35949966
v -0.14760000 -1.01155865 0.38504183
v -0.14760000 -1.00768661 0.37980643
v -0.14760000 -1.00338447 0.37491828
v -0.14760000 -0.99868333 0.37041256
v -0.14760000 -1.02033234 0.40244335
v -0.14760000 -1.01790440 0.39640123
v -0.14760000 -1.01497281 0.39058673
v -0.04615059 -1.15422952 -0.14882846
v -0.04615223 -1.15795803 -0.13490905
v -0.04615510 -1.14949620 -0.16649893
v -0.04614896 -1.15050101 -0.16274789
v -0.03123177 -1.16168666 -0.12098899
v -0.02555013 -1.16332531 0.42943183
v -0.02555013 -1.16168654 -0.12098905
v -0.02555013 -1.16332519 -0.10762172
v -0.03123177 -1.16332531 0.47418630
v -0.03123177 -1.16332531 0.45926812
v -0.03123177 -1.16332531 0.42943183
v -0.03596396 -1.18248236 0.47651279
v -0.04615641 -1.16180694 1.12906659
v -0.02555013 -1.16332531 1.11566699
v -0.03123177 -1.16246629 1.12992585
v -0.02555013 -1.16332531 0.68304044
v -0.02555013 -1.16332531 0.66812229
v -0.02555038 -1.13745737 0.57861322
v -0.02555013 -1.16332531 0.57861334
v -0.03596396 -1.18248236 0.53201282
v -0.03123177 -1.16332531 0.53385890
v -0.03123177 -1.16332531 0.56369519
v -0.04209388 -1.15512121 1.15711343
v -0.04615641 -1.15807748 1.14298546
v -0.04098033 -1.15173531 1.17112482
v -0.04615640 -1.14961326 1.17457533
v -0.04615183 -1.14203918 -0.19433777
v -0.04615347 -1.14576769 -0.18041836
v -0.04615713 -1.13474774 -0.20997033
v -0.04615754 -1.13951743 -0.20375206
v -0.04293660 -1.14267528 1.20255411
v -0.04615640 -1.14588380 1.18849409
v -0.04615630 -1.13950658 1.21229613
v -0.04615825 -1.12712419 1.22467864
v -0.04615592 -1.13458312 1.21721983
v -0.04615653 -1.12198389 -0.22661021
v -0.04615904 -1.12754345 -0.21936241
v -0.04615824 -1.11216068 1.23964167
v -0.04615691 -1.11961973 1.23218286
v -0.05730012 -1.11047697 -0.24119535
v -0.04615844 -1.11477971 -0.23600228
v -0.04615823 -1.09719718 1.25460458
v -0.04615690 -1.10465622 1.24714577
v -0.04615735 -1.09157801 -0.25569001
v -0.04616347 -1.10102332 -0.24844126
v -0.04615689 -1.08969283 1.26210880
v -0.04615552 -1.07492745 -0.26846674
v -0.04616528 -1.08437276 -0.26121956
v -0.04615822 -1.08223367 1.26956761
v -0.04460013 -1.07086182 1.27884817
v -0.04615689 -1.07472932 1.27707183
v -0.04615640 -1.05877423 -0.27304840
v -0.04616394 -1.07277858 -0.26929733
v -0.04615641 -1.04477119 -0.27680069
v -0.03123177 -1.04477000 -0.27679783
v -0.03123261 -1.05877292 -0.27304548
v -0.04615640 -1.03076816 -0.28055248
v -0.03123177 -1.03076720 -0.28055030
v -0.04615641 -1.01303577 -0.28530383
v -0.04460013 -1.05805278 1.28415585
v -0.04460013 -1.04524374 1.28946340
v -0.04460013 -1.03239906 1.29468477
v -0.04460013 -1.01739061 1.29468477
v -0.04615641 -0.99903274 -0.28905591
v -0.04460013 -1.01576066 1.29721975
v -0.04460013 -1.00100791 1.29916167
v -0.04615641 -0.98552531 1.30119967
v -0.03123177 -0.98552531 -0.29267424
v -0.02996396 -0.64914620 -0.30379599
v -0.02555013 -0.98552531 -0.29267424
v -0.03123177 -0.70221555 -0.29267424
v -0.03123177 -0.67219889 -0.29267424
v -0.03123177 -0.58214885 -0.29267424
v -0.02996396 -0.59715718 -0.30379599
v -0.03123177 -0.25440827 -0.29244190
v -0.03123177 -0.56714052 -0.29267424
v -0.02555013 -0.55213213 -0.29267424
v -0.03123177 -0.26697370 -0.29267424
v -0.04615641 -0.64218217 1.30119967
v -0.05583196 -0.62726086 1.32452106
v -0.03596396 -0.64270264 1.32503951
v -0.04615641 -0.65719050 1.30119967
v -0.04615641 -0.67219889 1.30119967
v -0.04615641 -0.68720722 1.30119967
v -0.04615641 -0.70221555 1.30119967
v -0.04615641 -0.71722388 1.30119967
v -0.04615641 -0.73223221 1.30119967
v -0.04615641 -0.74724054 1.30119967
v -0.04615641 -0.76224887 1.30119967
v -0.04615641 -0.77725726 1.30119967
v -0.04615641 -0.79226559 1.30119967
v -0.04615641 -0.80727392 1.30119967
v -0.04615640 -0.82228225 1.30119967
v -0.04615641 -0.83729059 1.30119967
v -0.04615640 -0.85229892 1.30119967
v -0.04615641 -0.86730731 1.30119967
v -0.04615641 -0.88231564 1.30119967
v -0.04615641 -0.89732397 1.30119967
v -0.04615641 -0.91233230 1.30119967
v -0.04615641 -0.92734063 1.30119967
v -0.04615641 -0.94234896 1.30119967
v -0.04615641 -0.95735729 1.30119967
v -0.04615640 -0.97236568 1.30119967
v -0.06196396 -0.62194669 1.33670378
v -0.06196396 -0.61884665 1.33670378
v -0.05945213 -0.62598735 1.33670378
v -0.05583196 -0.62726086 1.33670378
v -0.04615640 -0.61614668 1.31120372
v -0.05824767 -0.61471248 1.33670378
v -0.04615640 -0.59715718 1.30119967
v -0.04615641 -0.61614668 1.33670378
v -0.03123177 -0.59715718 1.33670378
v -0.03596396 -0.59715718 1.33670378
v -0.03596396 -0.59715718 1.32452106
v -0.02996396 -0.59715718 1.33670378
v -0.03596396 -0.64218217 1.33670378
v -0.03123177 -0.59164667 1.33570373
v -0.03570108 -0.59197074 1.32452118
v -0.03570124 -0.59197074 1.33644068
v -0.03022700 -0.59197074 1.33644104
v -0.03123177 -0.64218217 1.33670378
v -0.02996396 -0.64218217 1.33670378
v -0.02996396 -0.59715718 1.32452106
v -0.03123177 -0.64907360 1.33586991
v -0.03022668 -0.64882261 1.33644068
v -0.03022684 -0.64882261 1.32452130
v -0.02996396 -0.64334375 1.32500684
v -0.02996396 -0.62717384 1.32452106
v -0.03570091 -0.64882261 1.33644104
v -0.03570107 -0.64882261 1.32452095
v -0.04615641 -0.58214885 1.30119967
v -0.04615641 -0.26697370 1.30119967
v -0.04615641 -0.28198206 1.30119967
v -0.04615641 -0.29699039 1.30119967
v -0.04615641 -0.31199872 1.30119967
v -0.04615641 -0.32700709 1.30119967
v -0.04615641 -0.34201542 1.30119967
v -0.04615641 -0.35702375 1.30119967
v -0.04615641 -0.37203211 1.30119967
v -0.04615641 -0.38704044 1.30119967
v -0.04615641 -0.40204877 1.30119967
v -0.04615641 -0.41705710 1.30119967
v -0.04615641 -0.43206546 1.30119967
v -0.04615641 -0.44707379 1.30119967
v -0.04615641 -0.46208212 1.30119967
v -0.04615641 -0.47709048 1.30119967
v -0.04615641 -0.49209881 1.30119967
v -0.04615641 -0.50710714 1.30119967
v -0.04615641 -0.52211547 1.30119967
v -0.04615641 -0.53712380 1.30119967
v -0.04615641 -0.55213213 1.30119967
v -0.04615641 -0.56714052 1.30119967
v -0.04615396 -0.24040432 -0.28869000
v -0.03123177 -0.24040551 -0.28868940
v -0.02555013 -0.25440815 -0.29244184
v -0.04460013 -0.23835702 1.29897177
v -0.04460013 -0.25310954 1.30091453
v -0.04615589 -0.22267206 -0.28393948
v -0.04615325 -0.22640118 -0.28493789
v -0.04615518 -0.20866875 -0.28018799
v -0.04615447 -0.19466545 -0.27643648
v -0.04615375 -0.18066214 -0.27268499
v -0.04460013 -0.22360452 1.29702902
v -0.04460013 -0.16868861 1.27833569
v -0.04460013 -0.18149833 1.28364265
v -0.04460013 -0.19430806 1.28894961
v -0.04460013 -0.20711777 1.29425657
v -0.04460013 -0.22194870 1.29468477
v -0.04615640 -0.17693318 -0.27168599
v -0.04615686 -0.16495387 -0.26776052
v -0.04615771 -0.15550588 -0.26051226
v -0.04615824 -0.15783519 1.26883805
v -0.04615698 -0.16533960 1.27634227
v -0.04615662 -0.14830124 -0.25498581
v -0.04615746 -0.13885306 -0.24773781
v -0.03123274 -0.15807347 -0.26055467
v -0.03123209 -0.15061440 -0.25309581
v -0.04615699 -0.15037617 1.26137924
v -0.04615825 -0.14287181 1.25387502
v -0.05730012 -0.12953214 -0.24057813
v -0.04614554 -0.12956664 -0.24061263
v -0.04615699 -0.13541268 1.24641621
v -0.04615825 -0.12790832 1.23891199
v -0.04615740 -0.11827767 -0.22590230
v -0.04616420 -0.11271489 -0.21865360
v -0.04616259 -0.12548280 -0.23529111
v -0.04615661 -0.10129685 1.21230102
v -0.04615782 -0.09854930 1.20204735
v -0.04615700 -0.12044920 1.23145318
v -0.04615826 -0.11294485 1.22394896
v -0.04615580 -0.10548597 1.21649015
v -0.04615646 -0.10129192 -0.20376697
v -0.04615901 -0.10550976 -0.20926480
v -0.04615866 -0.09866807 -0.19397092
v -0.04615640 -0.09493825 -0.18005177
v -0.03123228 -0.09494135 -0.18005063
v -0.03123251 -0.09867112 -0.19396931
v -0.04615641 -0.09120852 -0.16613291
v -0.03123177 -0.09121143 -0.16613191
v -0.04615641 -0.08747966 -0.15221383
v -0.03123177 -0.08748150 -0.15221331
v -0.04615640 -0.08274529 -0.13454299
v -0.04615641 -0.08647437 -0.14846201
v -0.04615641 -0.07889585 1.12870133
v -0.04615771 -0.08262536 1.14261997
v -0.04615862 -0.09008460 1.17045760
v -0.04615646 -0.08736040 1.16029096
v -0.04615816 -0.08635488 1.15653884
v -0.04615692 -0.09109002 1.17420971
v -0.04615737 -0.09481966 1.18812847
v -0.04615641 -0.07901555 -0.12062413
v -0.03123177 -0.07901604 -0.12062363
v -0.03123177 -0.08274598 -0.13454223
v -0.03123177 -0.07747532 -0.10762174
v -0.02555013 -0.07747532 0.05647796
v -0.03123177 -0.07747532 -0.01811281
v -0.03123177 -0.07747532 0.02664166
v -0.03123177 -0.07747532 0.04155981
v -0.03123177 -0.07747532 0.48910445
v -0.02555013 -0.07747532 0.56369519
v -0.03123177 -0.07747532 0.50402260
v -0.03123177 -0.07747532 0.54877704
v -0.02555013 -0.07747532 0.75763124
v -0.02555013 -0.07747532 0.77254939
v -0.02555013 -0.11689033 0.56369519
v -0.02555013 -0.08687365 0.56369519
v -0.02555013 -0.10188199 0.56369519
v -0.04615640 -0.07747523 1.11566699
v -0.03123177 -0.07747532 0.95156723
v -0.02555013 -0.07747532 0.95156723
v -0.03123177 -0.07889593 1.12870121
v -0.03123177 -0.07747541 1.11566687
v -0.02555013 -0.07747532 1.02615798
v -0.03123177 -0.07747532 0.96648538
v -0.03123177 -0.07747532 1.01123989
v -0.03123177 -0.07747532 1.02615798
v -0.03123159 -1.14949167 -0.16649741
v -0.03123097 -1.15422690 -0.14882641
v -0.03123177 -1.15795672 -0.13490760
v -0.03123075 -1.15049720 -0.16274510
v -0.03123177 -1.16053605 1.14459002
v -0.02996830 -1.15867341 1.15873981
v -0.03986678 -1.14834929 1.18513620
v -0.02742382 -1.15589535 1.17223883
v -0.03124404 -1.15139568 1.18359542
v -0.03123829 -1.14392066 1.20163512
v -0.03123426 -1.14919639 1.18890297
v -0.03123114 -1.14203215 -0.19433482
v -0.03123137 -1.14576197 -0.18041611
v -0.03123203 -1.13434505 -0.20893657
v -0.03123194 -1.13950109 -0.20378046
v -0.03123035 -1.13949418 1.21231735
v -0.03122605 -1.13458812 1.21722639
v -0.03121118 -1.12712908 1.22468984
v -0.03123206 -1.11938179 -0.22389984
v -0.03123266 -1.12688601 -0.21639583
v -0.03123737 -1.11963058 1.23219216
v -0.03125220 -1.11217153 1.23964679
v -0.04616960 -1.11046875 -0.24119252
v -0.03123266 -1.11192286 -0.23135926
v -0.03123265 -1.09695983 -0.24632268
v -0.04460013 -1.11046803 -0.24119169
v -0.03123153 -1.08945584 -0.25382668
v -0.03123729 -1.10466301 1.24715102
v -0.03125212 -1.09720397 1.25460577
v -0.05730000 -1.09243238 -0.15237619
v -0.05730000 -1.09243238 -0.13745804
v -0.04615641 -1.10972536 -0.15321001
v -0.04615641 -1.11308992 -0.13870665
v -0.03123177 -1.10796118 -0.15804376
v -0.03123177 -1.11308992 -0.13870665
v -0.02555013 -1.11308992 -0.13870665
v -0.02555013 -1.10972536 -0.15321001
v -0.05730000 -0.14690700 -0.13745804
v -0.05730000 -1.09243238 -0.12253989
v -0.05730000 -0.14690700 -0.12253989
v -0.05730000 -1.07742405 -0.15237619
v -0.04615641 -1.10203099 -0.17216749
v -0.04615534 -1.11495924 -0.12308409
v -0.05730000 -1.09243238 -0.10762174
v -0.05730000 -0.14690700 -0.10762174
v -0.04615526 -1.11554384 -0.10761942
v -0.03123106 -1.11495960 -0.12308411
v -0.04615457 -1.11554527 -0.09270323
v -0.05730000 -1.09243238 -0.09270358
v -0.05730000 -0.14690700 -0.04794912
v -0.03124480 -1.11554158 -0.09270538
v -0.03123101 -1.11554420 -0.10761942
v -0.04615460 -1.11554468 -0.07778507
v -0.03124480 -1.11554492 -0.07778723
v -0.05730000 -1.09243238 -0.07778542
v -0.04615460 -1.11554408 -0.06286692
v -0.05730000 -1.09243238 -0.06286727
v -0.04615460 -1.11554337 -0.04794877
v -0.03123040 -1.11554420 -0.06286692
v -0.05730000 -1.09243238 -0.04794912
v -0.04615460 -1.11554277 -0.03303061
v -0.03123040 -1.11554360 -0.04794877
v -0.05730000 -1.09243238 -0.03303096
v -0.05730000 -0.14690700 -0.01811281
v -0.04615460 -1.11554205 -0.01811246
v -0.05730000 -1.09243238 -0.01811281
v -0.05730000 -0.19193202 -0.01811281
v -0.05730000 -0.17692369 -0.01811281
v -0.05730000 -0.16191535 -0.01811281
v -0.04615460 -1.11554146 -0.00319430
v -0.05730000 -1.09243238 -0.00319465
v -0.05730000 -0.19193202 0.10123243
v -0.05730000 -1.09243238 0.01172350
v -0.04615641 -1.11359572 0.01583613
v -0.03123177 -1.11359572 0.01583613
v -0.03123040 -1.11554170 -0.00319430
v -0.03123177 -1.10896325 0.02276908
v -0.05730000 -1.09243238 0.02664166
v -0.03123177 -1.10207200 0.03308262
v -0.04616768 -1.11554074 0.05647736
v -0.04615641 -1.09224927 0.05635562
v -0.04615641 -1.08777976 0.06304462
v -0.02665185 -1.09224927 0.05635567
v -0.04615731 -1.08777976 0.06585138
v -0.04997129 -1.08777976 0.07339445
v -0.05730000 -1.08777976 0.09093887
v -0.05080098 -1.08777976 0.04263078
v -0.03673057 -1.08777976 0.04847933
v -0.02665185 -1.08777976 0.06304462
v -0.03123177 -1.08777976 0.05447232
v -0.02665185 -1.08777976 0.05447232
v -0.04615549 -1.11554098 0.07139604
v -0.03123928 -1.11553776 0.07139567
v -0.03123928 -1.11553693 0.05647751
v -0.04615633 -1.08777976 0.06704844
v -0.05730000 -1.09243238 0.08631428
v -0.04615549 -1.11554110 0.08631419
v -0.03123928 -1.11553800 0.08631382
v -0.04861558 -1.08777976 0.08320554
v -0.05730095 -1.09243286 0.32500476
v -0.05451229 -1.08777976 0.08571423
v -0.05077871 -1.08777976 0.08571423
v -0.04615549 -1.11554122 0.10123235
v -0.03123928 -1.11553943 0.10123198
v -0.04615549 -1.11554146 0.11615050
v -0.03123928 -1.11554027 0.11615013
v -0.04615549 -1.11554265 0.23549573
v -0.03123928 -1.11554110 0.13106829
v -0.04615549 -1.11554337 0.31008652
v -0.03123177 -1.11554229 0.25041386
v -0.03123177 -1.11554122 0.14598680
v -0.03123177 -1.11554134 0.16090494
v -0.04615641 -1.11554468 0.32500473
v -0.03123177 -1.11554372 0.32500464
v -0.03123177 -1.11554313 0.26533204
v -0.04615638 -1.11554480 0.33992288
v -0.05730000 -1.09243238 0.33992290
v -0.05730000 -0.94799930 0.35128552
v -0.05730000 -0.19193202 0.45926812
v -0.05730000 -0.19307078 0.17582320
v -0.04615638 -1.11554480 0.35484102
v -0.05730000 -1.09243238 0.35484105
v -0.04615638 -1.11554480 0.36975917
v -0.05730000 -1.09243238 0.36975920
v -0.05730000 -0.99309075 0.36593604
v -0.05730000 -0.97170508 0.35503989
v -0.04615638 -1.11554492 0.38467735
v -0.05730000 -1.09243238 0.38467735
v -0.05730000 -1.01006293 0.38290778
v -0.04615638 -1.11554492 0.39959550
v -0.05730000 -1.09243238 0.39959553
v -0.05730000 -1.02095973 0.40429360
v -0.04615638 -1.11554503 0.41451365
v -0.05730000 -1.09243238 0.41451368
v -0.04615641 -1.09730971 0.43673134
v -0.04615641 -1.10768569 0.42979839
v -0.03123177 -1.11554432 0.41451359
v -0.05357063 -1.08407903 0.43187472
v -0.05730000 -1.02471447 0.42800000
v -0.05730000 -1.07946634 0.42740181
v -0.05541223 -1.08407903 0.42740181
v -0.03123177 -1.10768569 0.42979839
v -0.03905726 -1.08407903 0.43939182
v -0.02665185 -1.10768569 0.42979839
v -0.03123177 -1.08693385 0.44366428
v -0.05730000 -1.09243238 0.45926812
v -0.04615638 -1.11554515 0.47418624
v -0.04615641 -1.11554515 0.45926809
v -0.02555013 -1.11554515 0.45926809
v -0.03123177 -1.08617306 0.44990042
v -0.02665185 -1.08617306 0.44990042
v -0.05730000 -1.09243238 0.47418630
v -0.04615638 -1.11554527 0.48910442
v -0.02555013 -1.11554527 0.47418624
v -0.05730000 -1.08407903 0.46757123
v -0.05730000 -1.09243238 0.48910445
v -0.05730000 -0.99309075 0.49006394
v -0.05730000 -1.01006293 0.47309220
v -0.05170430 -1.08407903 0.45804551
v -0.04420996 -1.08407903 0.45804551
v -0.04615638 -1.11554527 0.50402254
v -0.02555013 -1.11554527 0.48910442
v -0.05730000 -1.09243238 0.50402260
v -0.05730000 -0.97170609 0.50095981
v -0.04615638 -1.11554539 0.51894075
v -0.02555013 -1.11554539 0.50402254
v -0.05730000 -1.09243238 0.51894075
v -0.05730000 -0.19193202 0.51894075
v -0.05730000 -0.94800067 0.50471449
v -0.04615638 -1.11554551 0.53385890
v -0.02555013 -1.11554539 0.51894075
v -0.05730000 -1.09243238 0.53385890
v -0.05730000 -0.19193202 0.53034955
v -0.04615638 -1.11554551 0.54877704
v -0.02555013 -1.11554551 0.53385890
v -0.05730000 -1.09243238 0.54877704
v -0.05730000 -0.18277432 0.67889112
v -0.04615638 -1.11554563 0.56369519
v -0.02555013 -1.11554551 0.54877704
v -0.05730000 -1.09243238 0.56369519
v -0.04615638 -1.11554563 0.57861334
v -0.02555013 -1.11554563 0.56369519
v -0.05730000 -1.09243238 0.57861334
v -0.04615638 -1.11554575 0.59353149
v -0.02555013 -1.11554563 0.57861334
v -0.05730000 -1.09243238 0.59353155
v -0.04615638 -1.11554575 0.60844964
v -0.05730000 -1.09243238 0.60844970
v -0.04615638 -1.11554587 0.62336779
v -0.05730000 -1.09243238 0.62336785
v -0.04615638 -1.11554587 0.63828593
v -0.05730000 -1.09243238 0.63828599
v -0.04615641 -1.09410238 0.66159970
v -0.04615641 -1.10853946 0.65872794
v -0.02555013 -1.11554587 0.63828593
v -0.04853780 -1.09053814 0.65980554
v -0.05730000 -1.09053814 0.64016879
v -0.04247188 -1.09053814 0.66230863
v -0.02665185 -1.10853946 0.65872794
v -0.02665185 -1.09053814 0.66230863
v -0.04615641 -1.09217703 0.66683847
v -0.05730000 -1.09243238 0.68304044
v -0.04615641 -1.10661411 0.66396677
v -0.04615641 -1.11554110 0.68304038
v -0.03123177 -1.10661411 0.66396677
v -0.04142189 -1.09053814 0.67351770
v -0.04615636 -1.11554122 0.69795853
v -0.05730000 -1.09243238 0.69795859
v -0.05730000 -0.17997751 0.69756353
v -0.05730000 -1.09053814 0.68304044
v -0.05448594 -1.09053814 0.68166274
v -0.03758776 -1.09053814 0.66716450
v -0.03123177 -1.11554122 0.68304038
v -0.04615636 -1.11554134 0.71287668
v -0.03123146 -1.11554122 0.69795859
v -0.05730000 -1.09243238 0.71287674
v -0.05730000 -0.17797616 0.71633780
v -0.04615636 -1.11554146 0.72779483
v -0.03123146 -1.11554134 0.71287674
v -0.02555013 -1.11554122 0.69795859
v -0.05730000 -1.09243238 0.72779489
v -0.04615636 -1.11554158 0.74271297
v -0.05730000 -1.09243238 0.74271309
v -0.05730000 -0.17677392 0.73518020
v -0.04615636 -1.11554170 0.75763118
v -0.05730000 -1.09243238 0.75763124
v -0.05730000 -0.17637293 0.75405663
v -0.04615636 -1.11554182 0.77254933
v -0.05730000 -1.09243238 0.77254939
v -0.05730000 -0.17677392 0.77293307
v -0.04615636 -1.11554193 0.78746748
v -0.03123146 -1.11554182 0.77254933
v -0.05730000 -1.09243238 0.78746754
v -0.04615636 -1.11554205 0.80238563
v -0.03123177 -1.11554193 0.78746742
v -0.05730000 -1.09243238 0.80238569
v -0.05730000 -0.17797616 0.79177547
v -0.04615636 -1.11554217 0.81730378
v -0.03123177 -1.11554205 0.80238557
v -0.05730000 -1.09243238 0.81730384
v -0.05730000 -0.17997751 0.81054974
v -0.04615636 -1.11554229 0.83222193
v -0.05730000 -1.09243238 0.83222198
v -0.05730000 -1.09053814 0.83222198
v -0.05730000 -0.18277432 0.82922214
v -0.04615641 -1.09193981 0.84961641
v -0.04615641 -1.10637689 0.85248810
v -0.03123177 -1.11554229 0.83222187
v -0.03123177 -1.09193981 0.84961641
v -0.05452347 -1.09053814 0.83370835
v -0.03123177 -1.09053814 0.84933758
v -0.03123177 -1.10637689 0.85248810
v -0.04615641 -1.09386516 0.85485518
v -0.05730000 -1.09243238 0.87697643
v -0.04615641 -1.10830224 0.85772687
v -0.04615641 -1.11554492 0.87697619
v -0.02665185 -1.10830224 0.85772687
v -0.02555013 -1.11554492 0.87697619
v -0.05730000 -1.09053814 0.87697643
v -0.04615620 -1.11554539 0.89189434
v -0.05730000 -1.09243238 0.89189464
v -0.05730000 -0.18277432 1.02615798
v -0.04841139 -1.09053814 0.85933155
v -0.04615641 -1.09053814 0.85419339
v -0.04615620 -1.11554587 0.90681249
v -0.05730000 -1.09243238 0.90681279
v -0.04615620 -1.11554635 0.92173064
v -0.05730000 -1.09243238 0.92173094
v -0.04615620 -1.11554694 0.93664879
v -0.05730000 -1.09243238 0.93664908
v -0.04615620 -1.11554742 0.95156693
v -0.05730000 -1.09243238 0.95156723
v -0.04615620 -1.11554790 0.96648508
v -0.05730000 -1.09243238 0.96648538
v -0.04615620 -1.11554849 0.98140323
v -0.05730000 -1.09243238 0.98140353
v -0.04615620 -1.11554897 0.99632144
v -0.05730000 -1.09243238 0.99632168
v -0.04615620 -1.11554945 1.01123953
v -0.05730000 -1.09243238 1.01123989
v -0.04615620 -1.11555004 1.02615774
v -0.05730000 -1.09243238 1.02615798
v -0.04615620 -1.11555052 1.04107583
v -0.05730000 -1.09243238 1.04107618
v -0.05730000 -1.09053814 1.04107618
v -0.05730000 -0.18277432 1.07091248
v -0.04615620 -1.11555099 1.05599403
v -0.05730000 -1.09243238 1.05599427
v -0.05607334 -1.09053814 1.04308069
v -0.05007242 -1.09053814 1.05882919
v -0.02555013 -1.11555111 1.05599403
v -0.03369227 -1.09053814 1.06453335
v -0.05607334 -1.09053814 1.05635667
v -0.05443048 -1.09053814 1.05635667
v -0.05730000 -1.09243238 1.10074878
v -0.05730000 -1.09243238 1.11566699
v -0.04615641 -1.11555445 1.10074770
v -0.04615641 -1.11555636 1.11566579
v -0.03123177 -1.10362840 1.08399272
v -0.03123177 -1.11555636 1.11566579
v -0.02555013 -1.11555636 1.11566579
v -0.02555013 -1.11555445 1.10074770
v -0.05730000 -0.14690700 1.11566699
v -0.05730000 -1.09243238 1.13058507
v -0.05730000 -0.14690700 1.13058507
v -0.05730000 -1.09053814 1.10074878
v -0.04615641 -1.09673715 1.07938814
v -0.04615641 -1.11263525 1.13230896
v -0.03123177 -1.11423481 1.13168359
v -0.05730000 -1.09243238 1.14550328
v -0.05730000 -0.16191535 1.14550328
v -0.05730000 -0.14690700 1.14550328
v -0.04615690 -1.10817671 1.14574742
v -0.03038262 -1.10976815 1.14627516
v -0.02597781 -1.10683298 1.15027940
v -0.05730000 -0.16191535 1.16042137
v -0.05730000 -1.07742405 1.16042137
v -0.04616302 -1.10223007 1.16367185
v -0.02742994 -1.10285282 1.16387749
v -0.03123721 -1.08969533 1.26210988
v -0.03125204 -1.08223629 1.26956463
v -0.03123152 -1.07449245 -0.26878983
v -0.03123093 -1.08199680 -0.26128557
v -0.05730000 -1.07742405 -0.18221250
v -0.05730000 -1.07742405 -0.16729435
v -0.04615641 -1.09465647 -0.18415344
v -0.03123177 -1.08816826 -0.19158852
v -0.03123177 -1.10203099 -0.17216749
v -0.03123177 -1.09465647 -0.18415342
v -0.05730000 -0.16191535 -0.16729435
v -0.05730000 -0.14690700 -0.15237619
v -0.05730000 -1.06241572 -0.18221250
v -0.04615641 -1.08077788 -0.20005739
v -0.05730000 -0.87504029 0.45170641
v -0.05730000 -0.87128550 0.42800000
v 0.02040000 -0.87128550 0.42800000
v -0.05730000 -0.87504029 0.40429360
v 0.02040000 -0.87376088 0.40866962
v 0.02040000 -0.87156188 0.42149416
v 0.02040000 -0.87238902 0.41503519
v -0.05730000 -0.19733824 0.45926812
v -0.05730000 -0.88593709 0.47309220
v 0.02040000 -0.87566763 0.45355666
v 0.02040000 -0.87156188 0.43450585
v 0.02040000 -0.87376088 0.44733036
v 0.02040000 -0.87238902 0.44096482
v -0.05730000 -0.19733824 0.50402260
v -0.05730000 -0.90290922 0.49006397
v 0.02040000 -0.88831341 0.47619358
v 0.02040000 -0.88444132 0.47095817
v 0.02040000 -0.88102716 0.46541327
v 0.02040000 -0.87809557 0.45959878
v -0.05730000 -0.92429489 0.50096011
v 0.02040000 -0.90777802 0.49332461
v 0.02040000 -0.90238303 0.48967820
v 0.02040000 -0.89731669 0.48558742
v 0.02040000 -0.89261550 0.48108172
v 0.02040000 -0.92553627 0.50135183
v 0.02040000 -0.91939652 0.49918252
v 0.02040000 -0.91346288 0.49650034
v 0.02040000 -0.95125586 0.50464535
v 0.02040000 -0.94474417 0.50464535
v 0.02040000 -0.93825591 0.50409311
v 0.02040000 -0.93183786 0.50299263
v 0.02040000 -0.97660351 0.49918252
v 0.02040000 -0.97046375 0.50135183
v 0.02040000 -0.96416217 0.50299263
v 0.02040000 -0.95774412 0.50409311
v 0.02040000 -0.99361700 0.48967820
v 0.02040000 -0.98822194 0.49332461
v 0.02040000 -0.98253715 0.49650034
v -0.05730000 -1.02095973 0.45170641
v 0.02040000 -1.01155865 0.47095817
v 0.02040000 -1.00768661 0.47619358
v 0.02040000 -1.00338447 0.48108172
v 0.02040000 -0.99868333 0.48558742
v -0.05730000 -1.08407903 0.42740181
v 0.02040000 -1.02223909 0.44733036
v 0.02040000 -1.02033234 0.45355666
v 0.02040000 -1.01790440 0.45959878
v 0.02040000 -1.01497281 0.46541327
v 0.02040000 -1.02471447 0.42800000
v 0.02040000 -1.02443814 0.43450585
v 0.02040000 -1.02361095 0.44096482
v 0.02040000 -1.02033234 0.40244335
v 0.02040000 -1.02223909 0.40866962
v 0.02040000 -1.02361095 0.41503519
v 0.02040000 -1.02443814 0.42149416
v 0.02040000 -1.00768661 0.37980643
v 0.02040000 -1.01155865 0.38504183
v 0.02040000 -1.01497281 0.39058673
v 0.02040000 -1.01790440 0.39640123
v 0.02040000 -0.98822194 0.36267540
v 0.02040000 -0.99361700 0.36632177
v 0.02040000 -0.99868333 0.37041256
v 0.02040000 -1.00338447 0.37491828
v 0.02040000 -0.97046375 0.35464817
v 0.02040000 -0.97660351 0.35681748
v 0.02040000 -0.98253715 0.35949966
v -0.05730000 -0.92429394 0.35504019
v 0.02040000 -0.94474417 0.35135466
v 0.02040000 -0.95125586 0.35135466
v 0.02040000 -0.95774412 0.35190687
v 0.02040000 -0.96416217 0.35300738
v -0.05730000 -0.90290922 0.36593607
v 0.02040000 -0.91939652 0.35681748
v 0.02040000 -0.92553627 0.35464817
v 0.02040000 -0.93183786 0.35300738
v 0.02040000 -0.93825591 0.35190687
v -0.05730000 -0.88593709 0.38290778
v 0.02040000 -0.90238303 0.36632177
v 0.02040000 -0.90777802 0.36267540
v 0.02040000 -0.91346288 0.35949966
v 0.02040000 -0.88444132 0.38504183
v 0.02040000 -0.88831341 0.37980643
v 0.02040000 -0.89261550 0.37491828
v 0.02040000 -0.89731669 0.37041256
v 0.02040000 -0.87566763 0.40244335
v 0.02040000 -0.87809557 0.39640123
v 0.02040000 -0.88102716 0.39058673
v -0.05730000 -0.19193202 0.17582320
v -0.05674662 -0.19307078 0.17481948
v -0.03123177 -0.18000001 0.45926812
v -0.05730000 -0.19193202 0.16090505
v -0.05730000 -0.19307078 0.10123243
v -0.04808649 -0.19307078 0.11527102
v -0.03820564 -0.19307078 0.14566463
v -0.05650888 -0.19307078 0.15979700
v -0.05650888 -0.19307078 0.14593793
v -0.05674662 -0.19307078 0.16064215
v -0.03123177 -0.18000001 0.10123243
v -0.05730000 -1.08777976 0.03126625
v -0.03574682 -0.19307078 0.11527102
v -0.03103696 -0.17739397 -0.00391000
v -0.03123177 -0.18000001 -0.00391000
v -0.03225000 -0.16191535 -0.00391000
v -0.03025725 -0.14710087 -0.00391000
v -0.04615669 -0.12524830 -0.03303069
v -0.04615593 -0.12524933 -0.01811253
v -0.03123177 -0.12524721 -0.01811261
v -0.04615618 -0.12524731 -0.06286699
v -0.04615643 -0.12524781 -0.04794884
v -0.04615640 -0.12524092 -0.10762148
v -0.04615567 -0.12524633 -0.09270330
v -0.04615593 -0.12524682 -0.07778515
v -0.04615641 -0.12582301 -0.12298197
v -0.04615641 -0.12763548 -0.13839991
v -0.04615641 -0.13846269 -0.17158246
v -0.03123177 -0.13265894 -0.15757479
v -0.04615641 -0.13089569 -0.15274215
v -0.03123177 -0.13089569 -0.15274215
v -0.05730000 -0.16191535 -0.18221250
v -0.05730000 -1.05899262 -0.19713067
v -0.05730000 -0.17692369 -0.19713067
v -0.04615641 -0.15938812 -0.19933648
v -0.05730000 -1.06241572 -0.19713067
v -0.03123177 -0.15199749 -0.19086906
v -0.04615641 -0.14550780 -0.18343379
v -0.03123177 -0.14550778 -0.18343379
v -0.05730000 -0.20694037 -0.21204881
v -0.05730000 -0.19193202 -0.21204881
v -0.04615641 -0.17326847 -0.21523918
v -0.05730000 -1.01739061 -0.21204881
v -0.05730000 -1.03239906 -0.21204881
v -0.05730000 -1.04740739 -0.21204881
v -0.05730000 -1.04740739 -0.20139952
v -0.05730000 -1.05899262 -0.20139952
v -0.03123176 -0.16587783 -0.20677179
v -0.03123176 -0.15938811 -0.19933650
v -0.03123178 -0.18625121 -0.22302002
v -0.03123176 -0.17326844 -0.21523921
v -0.05730000 -0.23695704 -0.22696696
v -0.05730000 -0.22194870 -0.22696696
v -0.04615641 -0.20417778 -0.23230225
v -0.05730000 -0.25196537 -0.22696696
v -0.05730000 -0.28198206 -0.22696696
v -0.05730000 -0.40204877 -0.22696696
v -0.05730000 -0.40204877 -0.22198027
v -0.05730000 -0.44707379 -0.22198027
v -0.05730000 -0.79226559 -0.22198027
v -0.05730000 -0.83729059 -0.22198027
v -0.03123177 -0.19808641 -0.22914821
v -0.03123177 -0.21601297 -0.23843047
v -0.03123177 -0.20417777 -0.23230228
v -0.04615641 -0.25176409 -0.24465434
v -0.04615641 -0.23683463 -0.24356912
v -0.03123177 -0.23343886 -0.24288258
v -0.04615470 -0.26697382 -0.24489067
v -0.04615522 -0.28198215 -0.24489051
v -0.05032361 -0.41442093 -0.22198027
v -0.04615543 -0.40204880 -0.24488860
v -0.04615641 -0.41895673 -0.24226297
v -0.04615641 -0.42181119 -0.22791262
v -0.04615543 -0.38704047 -0.24488880
v -0.04615543 -0.29699042 -0.24488997
v -0.04615543 -0.31199878 -0.24488978
v -0.04615543 -0.32700711 -0.24488959
v -0.04615543 -0.34201545 -0.24488939
v -0.04615543 -0.35702381 -0.24488918
v -0.04615543 -0.37203214 -0.24488899
v -0.05730000 -0.50710714 -0.22696696
v -0.05730000 -0.44707379 -0.22696696
v -0.05367919 -0.44149619 -0.22198027
v -0.05730000 -0.61216551 -0.22696696
v -0.05730000 -0.64218217 -0.22696696
v -0.05730000 -0.79226559 -0.22696696
v -0.04615641 -0.42784703 -0.22198027
v -0.04615641 -0.42299122 -0.22198027
v -0.04615653 -0.46208206 -0.24488866
v -0.04615863 -0.44707358 -0.24488834
v -0.04615641 -0.42705342 -0.22597001
v -0.04615653 -0.52211541 -0.24488987
v -0.04615653 -0.50710708 -0.24488957
v -0.04615653 -0.47709039 -0.24488896
v -0.04615653 -0.49209875 -0.24488927
v -0.04615701 -0.62717378 -0.24489379
v -0.04615653 -0.61216545 -0.24489169
v -0.04615653 -0.59715712 -0.24489138
v -0.04615653 -0.53712374 -0.24489017
v -0.04615653 -0.55213207 -0.24489048
v -0.04615653 -0.56714046 -0.24489078
v -0.04615653 -0.58214879 -0.24489108
v -0.04615659 -0.64218211 -0.24489386
v -0.04918804 -0.80785722 -0.22198027
v -0.04615641 -0.79226553 -0.24489567
v -0.04615641 -0.80727386 -0.24489582
v -0.04615641 -0.81368417 -0.22569190
v -0.04615640 -0.65719050 -0.24489431
v -0.04615640 -0.67219883 -0.24489446
v -0.04615640 -0.68720716 -0.24489461
v -0.04615640 -0.70221549 -0.24489476
v -0.04615640 -0.71722388 -0.24489491
v -0.04615640 -0.73223221 -0.24489507
v -0.04615641 -0.74724054 -0.24489522
v -0.04615641 -0.76224887 -0.24489537
v -0.04615641 -0.77725720 -0.24489552
v -0.05730000 -0.89732397 -0.22696696
v -0.05730000 -0.83729059 -0.22696696
v -0.05323872 -0.82955748 -0.22198027
v -0.05730000 -0.97236568 -0.22696696
v -0.05730000 -0.98737401 -0.22696696
v -0.05730000 -1.00238228 -0.22696696
v -0.05730000 -1.01739061 -0.22696696
v -0.04615640 -0.81294584 -0.22198027
v -0.04615640 -0.85229886 -0.24489696
v -0.04615641 -0.83729053 -0.24489652
v -0.04615641 -0.81892633 -0.22763450
v -0.04615641 -0.91233218 -0.24489875
v -0.04615641 -0.98758292 -0.24475937
v -0.04615641 -0.97236556 -0.24490054
v -0.04615641 -1.00251234 -0.24367414
v -0.03123177 -1.00596821 -0.24318869
v -0.04615640 -1.03546870 -0.23289688
v -0.03123177 -1.02027726 -0.24002564
v -0.03123173 -1.04155922 -0.22974405
v -0.05477378 -1.05182612 -0.20139952
v -0.04615638 -1.06689918 -0.21596134
v -0.03123174 -1.05339563 -0.22361670
v -0.05477378 -1.05899262 -0.20139952
v -0.03123174 -1.07428968 -0.20749249
v -0.04615641 -1.09518063 0.04339616
v -0.03123177 -1.09518063 0.04339616
v -0.05730000 -0.14690700 1.10074878
v -0.05730000 -0.16191535 1.08583057
v -0.04973318 -1.09053814 1.08624423
v -0.04973318 -1.09053814 1.08145595
v -0.05730000 -0.16191535 1.17533958
v -0.05730000 -1.07742405 1.17533958
v -0.05730000 -0.17692369 1.19025767
v -0.05730000 -1.07742405 1.19025767
v -0.04616001 -1.09777141 1.17711091
v -0.05730000 -0.16191535 1.19025767
v -0.05730000 -1.04740739 1.20517588
v -0.05730000 -1.06241572 1.20517588
v -0.04615641 -1.07958758 1.20827007
v -0.05730000 -0.20694037 1.20517588
v -0.05730000 -0.19193202 1.20517588
v -0.05730000 -0.17692369 1.20517588
v -0.04615700 -1.09331286 1.19054985
v -0.03124165 -1.09161448 1.19765580
v -0.03122820 -1.08140385 1.20927739
v -0.04615641 -1.05242157 1.22726524
v -0.03649345 -1.07112014 1.21762967
v -0.04615641 -1.06250167 1.22021699
v -0.03271253 -1.06486535 1.22359884
v -0.05730000 -0.22194870 1.22009397
v -0.05730000 -1.03239906 1.22009397
v -0.05730000 -0.20694037 1.22009397
v -0.05730000 -1.00238228 1.23501217
v -0.05730000 -1.01739061 1.23501217
v -0.04615641 -1.03533566 1.23921216
v -0.05730000 -0.98737401 1.23501217
v -0.05730000 -0.97236568 1.23501217
v -0.05730000 -0.95735729 1.23501217
v -0.05730000 -0.95735729 1.22858346
v -0.05730000 -0.91233230 1.22858346
v -0.05730000 -0.73223221 1.22858346
v -0.05730000 -0.68720722 1.22858346
v -0.05730000 -0.55213213 1.22858346
v -0.05730000 -0.50710714 1.22858346
v -0.05730000 -0.33347464 1.22858346
v -0.05730000 -0.28198206 1.22858346
v -0.03802974 -1.04364491 1.23618400
v -0.03123177 -1.03566420 1.24177039
v -0.03123177 -1.00606942 1.25169349
v -0.03123177 -1.02037871 1.24853063
v -0.04615641 -0.98761588 1.25327647
v -0.04615641 -1.00254619 1.25219715
v -0.03123177 -1.00254619 1.25219715
v -0.04615641 -0.97236353 1.25341153
v -0.04615641 -0.95735514 1.25340235
v -0.05105831 -0.94875103 1.22858346
v -0.03123177 -0.95735514 1.25340235
v -0.04615641 -0.94199210 1.23525059
v -0.03123177 -0.94199210 1.23525059
v -0.03123177 -0.94662452 1.24218357
v -0.05730000 -0.86730731 1.23501217
v -0.05730000 -0.91233230 1.23501217
v -0.03122417 -0.91233283 1.25340414
v -0.05730000 -0.82228225 1.23501217
v -0.05730000 -0.77725726 1.23501217
v -0.05730000 -0.73223221 1.23501217
v -0.04615641 -0.93753719 1.22858346
v -0.02665185 -0.93753719 1.22858346
v -0.05065428 -0.91233242 1.22858346
v -0.03122892 -0.91830128 1.22858346
v -0.02665185 -0.93207306 1.22858346
v -0.04615549 -0.89732414 1.25340366
v -0.04615549 -0.91233248 1.25340295
v -0.04615641 -0.93339980 1.23096359
v -0.04615549 -0.85229909 1.25340593
v -0.04615515 -0.88231581 1.25340426
v -0.04615482 -0.86730742 1.25340474
v -0.04615482 -0.77725744 1.25340927
v -0.04615515 -0.83729076 1.25340652
v -0.04615482 -0.82228243 1.25340700
v -0.04615482 -0.73223239 1.25341153
v -0.04480027 -0.72551477 1.22858346
v -0.03123320 -0.73223239 1.25340974
v -0.03123177 -0.71822292 1.23779881
v -0.05730000 -0.65719050 1.23501217
v -0.05730000 -0.68720722 1.23501217
v -0.05292593 -0.69597912 1.22858346
v -0.05730000 -0.59715718 1.23501217
v -0.05730000 -0.55213213 1.23501217
v -0.04615641 -0.71153408 1.22858346
v -0.04615657 -0.67219913 1.25341237
v -0.04615641 -0.71240950 1.23298442
v -0.04615657 -0.68720746 1.25341129
v -0.04615657 -0.64218247 1.25341475
v -0.04615605 -0.65719080 1.25341332
v -0.04615555 -0.58214885 1.25341642
v -0.04615605 -0.62717414 1.25341558
v -0.04615575 -0.61216557 1.25341606
v -0.04615562 -0.59715724 1.25341630
v -0.05011601 -0.53678632 1.22858346
v -0.04615618 -0.53712386 1.25341737
v -0.04615641 -0.52832812 1.23326254
v -0.05730000 -0.44707379 1.23501217
v -0.05730000 -0.50710714 1.23501217
v -0.05223981 -0.51565909 1.22858346
v -0.05730000 -0.38704044 1.23501217
v -0.05730000 -0.32700709 1.23501217
v -0.04615640 -0.52925885 1.22858346
v -0.04615663 -0.50710726 1.25341845
v -0.04615641 -0.52308589 1.23520517
v -0.03123177 -0.52251464 1.23807693
v -0.03123177 -0.50710726 1.25341821
v -0.04615551 -0.43206558 1.25342023
v -0.04615551 -0.37203220 1.25342226
v -0.05382637 -0.32434538 1.22858346
v -0.04615551 -0.31199884 1.25342429
v -0.04615641 -0.30694446 1.23163497
v -0.04072922 -0.32157350 1.22858346
v -0.03123177 -0.30694446 1.23163497
v -0.03123177 -0.32700768 1.25342429
v -0.05730000 -0.26697370 1.23501217
v -0.05730000 -0.28198206 1.23501217
v -0.04968179 -0.29788449 1.22858346
v -0.05730000 -0.25196537 1.23501217
v -0.05730000 -0.23695704 1.23501217
v -0.05730000 -0.22194870 1.23501217
v -0.04615641 -0.26697385 1.25342643
v -0.04615641 -0.29835218 1.23592210
v -0.03123177 -0.29371974 1.24285507
v -0.04615666 -0.28198218 1.25342607
v -0.03123177 -0.28198218 1.25342584
v -0.04615641 -0.25172913 1.25317693
v -0.04615641 -0.23679984 1.25209057
v -0.03123177 -0.21456367 1.24557674
v -0.03123177 -0.23679984 1.25209057
v -0.03123177 -0.23333980 1.25138497
v -0.04460013 -0.20448186 1.23852909
v -0.03123177 -0.20448186 1.23852909
v -0.04460013 -0.18739481 1.22658467
v -0.03123304 -0.18739478 1.22658527
v -0.03123443 -0.19747713 1.23363256
v -0.03123363 -0.17030741 1.21464145
v -0.03123501 -0.18038975 1.22168887
v -0.04460013 -0.16022597 1.20759261
v -0.03123224 -0.16022506 1.20759404
v -0.03122951 -0.14882490 1.19459975
v -0.04460013 -0.14287747 1.17667615
v -0.03123177 -0.14287956 1.17667556
v -0.03122874 -0.14436711 1.18116021
v -0.04460013 -0.13841969 1.16323662
v -0.03123177 -0.13396306 1.14979720
v -0.03123177 -0.13842131 1.16323638
v -0.04460013 -0.12801655 1.13187277
v -0.03123177 -0.12801692 1.13187277
v -0.04615641 -0.12524207 1.10074866
v -0.04615641 -0.12524094 1.11566663
v -0.04615641 -0.14305091 1.08005953
v -0.03123177 -0.13615961 1.08466423
v -0.03123177 -0.12524207 1.10074866
v -0.05730000 -0.17692369 1.07091248
v -0.04615641 -0.16031809 1.06852198
v -0.03123177 -0.15342680 1.07312655
v -0.03123177 -0.14305091 1.08005953
v -0.04605955 -0.18277432 1.06689227
v -0.03123177 -0.16031809 1.06852198
v -0.03123177 -0.17069398 1.06158900
v -0.04075658 -0.18277432 1.01729631
v -0.04615641 -0.18183064 1.04841995
v -0.04719745 -0.18277432 1.04634023
v -0.05730000 -0.17692369 1.02615798
v -0.02407811 -0.18277432 0.82922214
v -0.03729289 -0.18277432 1.01123989
v -0.01934703 -0.18277432 0.83395118
v -0.01051753 -0.18277432 0.85823727
v -0.03477211 -0.18277432 0.85823727
v -0.03729289 -0.18277432 0.86205828
v -0.01051753 -0.18277432 0.84685791
v -0.03729289 -0.18277432 0.89189464
v -0.02295835 -0.18277432 0.98288137
v -0.03729289 -0.18277432 0.99285311
v -0.02942035 -0.18277432 0.98288137
v -0.01876105 -0.18277432 0.83547854
v -0.00315685 -0.17798619 0.79189289
v -0.00315685 -0.18000001 0.81072509
v -0.03123177 -0.18000001 0.81072509
v -0.02758081 -0.18196231 0.82432550
v -0.03123177 -0.18119596 0.81935912
v -0.03220557 -0.18104485 0.81833345
v -0.03318842 -0.18089561 0.81730384
v -0.03218058 -0.18043430 0.81400716
v -0.00315685 -0.17677642 0.77299196
v -0.00315685 -0.17637293 0.75405663
v -0.00315685 -0.17677642 0.73512131
v -0.00315685 -0.17798619 0.71622038
v -0.01630713 -0.18000001 0.69738817
v -0.05730000 -0.18277432 0.53034955
v -0.03729289 -0.18277432 0.65320414
v -0.01750229 -0.18107176 0.68959594
v -0.01885653 -0.18228616 0.68179399
v -0.01789734 -0.18237843 0.68123615
v -0.01860184 -0.18254171 0.68025964
v -0.01019200 -0.18254171 0.68025964
v -0.01040560 -0.18265742 0.67957562
v -0.01062140 -0.18277432 0.67889112
v -0.04306527 -0.18800665 0.53034955
v -0.03163404 -0.18277432 0.53034955
v -0.02928719 -0.18277432 0.53508103
v 0.01110356 -0.18277432 0.54482883
v 0.01664994 -0.18277432 0.56658900
v 0.01673287 -0.18277432 0.56070197
v 0.01245210 -0.18277432 0.55102289
v 0.01664994 -0.18277432 0.57033163
v 0.01787869 -0.18277432 0.57576662
v 0.01787869 -0.18277432 0.57906407
v 0.01778505 -0.18277432 0.58104277
v 0.01605519 -0.18277432 0.58570534
v -0.03068932 -0.18277432 0.61536163
v -0.03729289 -0.18277432 0.61989921
v -0.02228525 -0.18277432 0.61536163
v -0.00485254 -0.18277432 0.61533707
v 0.00585000 -0.18277432 0.61533707
v 0.01199314 -0.18277432 0.60136837
v 0.00680468 -0.18277432 0.60214919
v 0.00585000 -0.18277432 0.60695243
v 0.01419521 -0.18277432 0.59994680
v 0.01419521 -0.18277432 0.59285486
v -0.05730000 -0.19193202 0.50402260
v -0.03123177 -0.18000001 0.51894075
v -0.05374974 -0.19733824 0.49833488
v -0.05730000 -0.19193202 0.48910445
v -0.03123177 -0.18000001 0.50402260
v -0.05374974 -0.19733824 0.48816955
v -0.03592486 -0.19733824 0.48101348
v -0.04800872 -0.19733824 0.45926812
v -0.03123177 -0.19733824 0.47263646
v -0.02665185 -0.19733824 0.47689921
v -0.03123177 -0.19733824 0.48082513
v -0.03027549 -0.19733824 0.48082513
v -0.03027549 -0.19733824 0.47986928
v -0.03123177 -1.09054816 0.05032911
v -0.03123177 -1.08407903 0.44557181
v -0.02665185 -1.08407903 0.44557181
v -0.03123177 -1.08407903 0.45129955
v -0.02665185 -1.09053814 0.85419339
v -0.02665185 -1.09053814 0.84933758
v -0.03723986 -1.09053814 1.07524610
v -0.02647022 -1.09053814 1.06453335
v -0.02665185 -1.09053814 1.06961119
v -0.02888207 -1.09887266 1.17747557
v -0.03123343 -1.09482205 1.19150352
v -0.03123713 -1.07472777 1.27706885
v -0.03121964 -1.07086551 1.27885687
v -0.03123285 -1.07277572 -0.26929316
v -0.02555013 -1.07428968 -0.20749250
v -0.03257968 -1.05857074 1.28395045
v -0.03351412 -1.04554892 1.28774488
v -0.02555013 -1.06689930 -0.21596141
v -0.03537113 -1.05425513 1.22989142
v -0.04460013 -1.03051341 1.29527783
v -0.03767236 -1.04216290 1.29001915
v -0.04460013 -1.03996801 1.29164946
v -0.03123177 -1.01676440 -0.28430277
v -0.03123177 -0.99903178 -0.28905478
v -0.02555013 -1.03546870 -0.23289692
v -0.03185529 -1.00075412 1.29919505
v -0.03543179 -1.01397073 1.29683197
v -0.03123177 -0.98625523 1.30110359
v -0.02555013 -1.00251234 -0.24367414
v -0.02555013 -1.00596821 -0.24318869
v -0.02555013 -0.98758292 -0.24475937
v -0.02555013 -0.98761588 1.25327647
v -0.02555013 -0.97236353 1.25341153
v -0.03123177 -0.97236568 1.30119967
v -0.02555013 -0.82252675 -0.24489607
v -0.02555013 -0.97236556 -0.24490054
v -0.02555013 -0.95735514 1.25340235
v -0.02555013 -0.65719050 1.30119967
v -0.03123177 -0.83729053 -0.24489652
v -0.04615425 -0.92734075 1.25340223
v -0.03123177 -0.93340015 1.23096371
v -0.03123033 -0.92734075 1.25340366
v -0.03123033 -0.91233242 1.25340414
v -0.03123033 -0.89732409 1.25340474
v -0.03122912 -0.86730731 1.25340509
v -0.03123033 -0.88231570 1.25340509
v -0.03122912 -0.85229892 1.25340509
v -0.03122912 -0.83729059 1.25340509
v -0.03122912 -0.82228225 1.25340509
v -0.04615641 -0.82178080 -0.24198486
v -0.03123177 -0.82178080 -0.24198486
v -0.02665185 -0.81892633 -0.22763450
v -0.04615641 -0.81780165 -0.22198027
v -0.02665185 -0.81780165 -0.22198027
v -0.02665185 -0.81294584 -0.22198027
v -0.03123320 -0.79226577 1.25340664
v -0.03123320 -0.80727410 1.25340593
v -0.03123177 -0.79226553 -0.24489534
v -0.03123177 -0.80727392 -0.24489571
v -0.03123137 -0.64218217 -0.24489237
v -0.03123137 -0.62717384 -0.24489222
v -0.03123137 -0.65719050 -0.24489254
v -0.02555013 -0.64218211 -0.24489170
v -0.03123137 -0.67219883 -0.24489260
v -0.03123177 -0.70221549 -0.24489328
v -0.03123177 -0.68720716 -0.24489294
v -0.03123177 -0.71722382 -0.24489363
v -0.03123177 -0.73223215 -0.24489397
v -0.03123177 -0.74724048 -0.24489431
v -0.03123177 -0.76224881 -0.24489465
v -0.03123177 -0.77725714 -0.24489500
v -0.03123177 -0.81368417 -0.22569190
v -0.02665185 -0.71240950 1.23298442
v -0.03123177 -0.71638983 1.22858346
v -0.02665185 -0.71638983 1.22858346
v -0.02665185 -0.71153408 1.22858346
v -0.04615657 -0.70221579 1.25341010
v -0.03123177 -0.70221561 1.25341558
v -0.03123166 -0.68720722 1.25341582
v -0.03123166 -0.67219889 1.25341582
v -0.03123166 -0.65719056 1.25341594
v -0.03123166 -0.64218223 1.25341606
v -0.03123177 -0.65719050 1.30119967
v -0.03123177 -0.64914668 1.32452106
v -0.03123166 -0.62717384 1.25341606
v -0.03123166 -0.61216557 1.25341618
v -0.03123166 -0.59715724 1.25341690
v -0.02555013 -0.61216557 1.25341606
v -0.03123177 -0.58214891 1.25341666
v -0.03123137 -0.61216551 -0.24489208
v -0.03123137 -0.59715718 -0.24489222
v -0.03123137 -0.52211547 -0.24489243
v -0.03123137 -0.50710714 -0.24489248
v -0.03123137 -0.53712380 -0.24489239
v -0.03123137 -0.55213219 -0.24489236
v -0.03123137 -0.56714052 -0.24489231
v -0.03123137 -0.58214885 -0.24489227
v -0.03123177 -0.53712386 1.25341713
v -0.02555013 -0.58214891 1.25341642
v -0.03123177 -0.56714058 1.25341678
v -0.02555013 -0.26697370 1.30119967
v -0.03123177 -0.59164667 1.32452106
v -0.03123177 -0.58214885 1.30119967
v -0.02665185 -0.52925885 1.22858346
v -0.04615641 -0.52440304 1.22858346
v -0.02665185 -0.52832812 1.23326254
v -0.02555013 -0.53712386 1.25341737
v -0.03123458 -0.46208182 -0.24489053
v -0.03123458 -0.44707349 -0.24488901
v -0.03123458 -0.47709015 -0.24489203
v -0.03123137 -0.49209881 -0.24489252
v -0.02665185 -0.52440304 1.22858346
v -0.02665185 -0.52308589 1.23520517
v -0.02665185 -0.52251464 1.23807693
v -0.02555013 -0.50710726 1.25341821
v -0.04615863 -0.43206525 -0.24488735
v -0.03123458 -0.43206516 -0.24488750
v -0.02665185 -0.42705342 -0.22597001
v -0.02665185 -0.42299122 -0.22198027
v -0.02665185 -0.42784703 -0.22198027
v -0.03123177 -0.40204886 -0.24489254
v -0.03123177 -0.41895673 -0.24226297
v -0.03123177 -0.38704053 -0.24489303
v -0.02665185 -0.42181119 -0.22791262
v -0.03123177 -0.28198215 -0.24489649
v -0.03123177 -0.26697382 -0.24489698
v -0.03123177 -0.29699048 -0.24489599
v -0.03123177 -0.31199884 -0.24489550
v -0.03123177 -0.32700717 -0.24489501
v -0.03123177 -0.34201550 -0.24489452
v -0.03123177 -0.35702386 -0.24489401
v -0.03123177 -0.37203220 -0.24489352
v -0.02555013 -0.31199884 1.25342488
v -0.04615641 -0.30325568 1.22858346
v -0.02665185 -0.32157350 1.22858346
v -0.02665185 -0.30898345 1.22858346
v -0.02665185 -0.29371974 1.24285507
v -0.02665185 -0.30325568 1.22858346
v -0.02665185 -0.29835218 1.23592210
v -0.03123177 -0.25176409 -0.24465434
v -0.02555013 -0.26697385 1.25342643
v -0.02555013 -0.25172913 1.25317693
v -0.03123177 -0.25428799 1.30093515
v -0.02555013 -0.23679984 1.25209057
v -0.03123177 -0.24028510 1.29718292
v -0.03123073 -0.22640257 -0.28493690
v -0.03123160 -0.22267279 -0.28393745
v -0.02555013 -0.25176409 -0.24465434
v -0.02555013 -0.23683463 -0.24356912
v -0.03123177 -0.22628221 1.29343069
v -0.03123136 -0.20866996 -0.28018513
v -0.04460013 -0.20924594 1.29513824
v -0.04164038 -0.20909564 1.29323614
v -0.03123113 -0.19466712 -0.27643281
v -0.03585158 -0.19288863 1.28742051
v -0.03123177 -0.20854965 1.28867912
v -0.03123089 -0.18066429 -0.27268049
v -0.02114093 -0.19307078 0.14566463
v -0.02170680 -0.19307078 0.13886243
v -0.03123177 -0.19307078 0.11790755
v -0.02230802 -0.19307078 0.12867053
v -0.02452742 -0.19307078 0.13173419
v -0.02230802 -0.19307078 0.13173419
v -0.05730000 -0.19193202 0.14598688
v -0.03123177 -0.18000001 0.14598688
v -0.03212092 -0.18116060 1.28350353
v -0.03123176 -0.17693451 -0.27168104
v -0.03123209 -0.16557783 -0.26805884
v -0.04615640 -0.18277432 1.04778934
v -0.05730000 -0.16191535 1.04107618
v -0.03123177 -0.17145476 1.05535293
v -0.02665185 -0.18277432 1.04778934
v -0.05730000 -0.16191535 1.02615798
v -0.03225000 -0.16191535 1.01208997
v -0.03103696 -0.17739397 1.01208997
v -0.03123077 -0.16868833 1.27833641
v -0.05730000 -0.14690700 1.04107618
v -0.05730000 -0.14690700 1.05599427
v -0.04615641 -0.16456346 1.05995750
v -0.05730000 -0.14690700 1.02615798
v -0.03123177 -0.16456346 1.05995750
v -0.04615850 -0.12523536 1.04107606
v -0.03123177 -0.15418757 1.06689048
v -0.04615850 -0.12523521 1.05599427
v -0.04615850 -0.12523507 1.07091236
v -0.04615641 -0.14729628 1.07149506
v -0.03123177 -0.14729628 1.07149506
v -0.04615850 -0.12523550 1.02615798
v -0.03025725 -0.14710087 1.01208997
v -0.03123456 -0.12523349 1.02615798
v -0.03123354 -0.15783350 1.26883960
v -0.03123232 -0.16533802 1.27634382
v -0.03123274 -0.14311004 -0.24559163
v -0.02555013 -0.14550777 -0.18343380
v -0.02555013 -0.13846269 -0.17158246
v -0.02665185 -0.13615961 1.08466423
v -0.03123354 -0.14287001 1.25387657
v -0.03123234 -0.13541099 1.24641788
v -0.03123233 -0.15037449 1.26138079
v -0.04460013 -0.12957142 -0.24061741
v -0.02555013 -0.12763548 -0.13839991
v -0.02555013 -0.13089569 -0.15274215
v -0.02555013 -0.12582301 -0.12298197
v -0.03123177 -0.12524495 -0.09270338
v -0.02555013 -0.12524092 -0.10762148
v -0.03123177 -0.12524630 -0.04794892
v -0.03123177 -0.12524675 -0.03303076
v -0.03123177 -0.12524585 -0.06286707
v -0.03123177 -0.12524539 -0.07778522
v -0.03123456 -0.12523332 1.04107606
v -0.03123456 -0.12523316 1.05599427
v -0.03123456 -0.12523298 1.07091236
v -0.02555013 -0.12524094 1.11566663
v -0.02555013 -0.12524207 1.10074866
v -0.03123355 -0.12790653 1.23891354
v -0.03123119 -0.12044743 1.23145521
v -0.03123274 -0.12814660 -0.23062856
v -0.03123144 -0.12068763 -0.22316977
v -0.03123079 -0.11318365 -0.21566561
v -0.03122998 -0.11294332 1.22395134
v -0.03123119 -0.10548432 1.21649182
v -0.03123144 -0.10572457 -0.20820634
v -0.03123178 -0.10130069 -0.20378235
v -0.03123197 -0.10130030 1.21230781
v -0.03123177 -0.08647591 -0.14846082
v -0.02671852 -0.08462609 1.17205858
v -0.03123205 -0.09139030 1.18838644
v -0.03075999 -0.08761549 1.17524183
v -0.03123237 -0.09666535 1.20111930
v -0.02580426 -0.08039968 1.14437938
v -0.02555013 -0.07830979 1.12973642
v -0.02555013 -0.07747532 1.11566699
v -0.02555013 -0.08024082 1.14440036
v -0.02555013 -0.08217185 1.15906417
v -0.03123177 -1.19749069 0.47551280
v -0.02996396 -1.19930601 0.47551280
v -0.03123177 -1.18248236 0.47551280
v -0.01630713 -1.19930601 0.53301281
v -0.01630713 -1.19930601 0.47551280
v -0.00813721 -1.19619107 0.47551280
v -0.01630713 -1.16747403 0.47551280
v -0.00657541 -1.19533944 0.47551280
v -0.00295744 -1.18248224 0.47551280
v -0.03123177 -1.18248236 0.53301281
v -0.03123177 -1.19749069 0.53301281
v -0.00813721 -1.19619107 0.53301281
v -0.00657541 -1.19533944 0.53301281
v -0.01630713 -1.16747403 0.53301281
v -0.00295744 -1.18248224 0.53301281
v -0.01630688 -1.16332889 0.56314230
v -0.01630687 -1.16332889 0.54877704
v -0.02555013 -1.15795696 -0.13490778
v -0.02555013 -1.11554539 -0.10762139
v -0.02555013 -1.12244904 0.42943183
v -0.02555013 -1.11554325 0.26533204
v -0.02555013 -1.11554301 0.25041386
v -0.02555013 -1.11554193 0.16090494
v -0.02555013 -1.11554492 0.41451359
v -0.02555013 -1.12244904 0.41451368
v -0.02555013 -1.11554170 0.14598680
v -0.02555013 -1.11554158 0.13106865
v -0.02555013 -1.11554134 0.11615048
v -0.02555013 -1.11554122 0.10123233
v -0.02555013 -1.11554098 0.08631418
v -0.02555013 -1.11554086 0.07139602
v -0.02555013 -1.12244904 0.04155981
v -0.02555013 -1.12244904 0.02664166
v -0.02555013 -1.12244904 0.01172350
v -0.02555013 -1.11554027 0.01172385
v -0.02555013 -1.11554289 -0.04794877
v -0.02555013 -1.11554348 -0.06286692
v -0.02555013 -1.11554420 -0.07778507
v -0.02555013 -1.11554480 -0.09270323
v -0.02555013 -1.11495900 -0.12308408
v -0.01630707 -1.16332877 0.44541341
v -0.01630689 -1.16332877 0.45926818
v -0.01630713 -1.15246570 0.44541329
v -0.01630713 -1.15246570 0.56314230
v -0.01630738 -1.13745737 0.56314212
v -0.02555013 -1.16246629 1.12992585
v -0.02555013 -1.15860569 1.15925407
v -0.02555013 -1.15666759 1.17086172
v -0.02555013 -1.15139186 1.18359387
v -0.02555013 -1.13947880 1.21234417
v -0.02555013 -1.13950169 -0.20377934
v -0.02555013 -1.13459253 1.21722758
v -0.02555013 -1.12713349 1.22468233
v -0.02555013 -1.11962497 1.23218644
v -0.02555013 -1.07472217 1.27706313
v -0.03123202 -1.10441887 -0.23886342
v -0.02555013 -1.10796118 -0.15804376
v -0.02665185 -1.10896325 0.02276908
v -0.02555013 -1.11554062 0.05647787
v -0.01630742 -1.12649882 0.45926812
v -0.02555013 -1.11554503 0.44434994
v -0.01630719 -1.12649882 0.44541317
v -0.01630743 -1.12649882 0.47418630
v -0.01630743 -1.12649882 0.48910445
v -0.01630743 -1.12649882 0.50402260
v -0.01630743 -1.12649882 0.51894075
v -0.01630743 -1.12649882 0.53385890
v -0.01630743 -1.12649882 0.54877704
v -0.01630737 -1.12649882 0.56314230
v -0.02555013 -1.12244904 0.63828599
v -0.02665185 -1.10661411 0.66396677
v -0.02555013 -1.12244904 0.65320414
v -0.02555013 -1.11554098 0.68304044
v -0.02555013 -1.11554134 0.71287674
v -0.02555013 -1.12244904 0.83222198
v -0.02555013 -1.11554134 0.77254927
v -0.02555013 -1.11554182 0.80238557
v -0.02555013 -1.11554217 0.83222187
v -0.02665185 -1.10637689 0.85248810
v -0.02555013 -1.12244904 0.86205828
v -0.02555013 -1.12244904 0.84714013
v -0.02555013 -1.12244904 1.07091248
v -0.02665185 -1.09243238 1.07091248
v -0.02555013 -1.11555171 1.07091224
v -0.02665185 -1.10362840 1.08399272
v -0.02665185 -1.10744071 1.08583057
v -0.02555013 -1.12244904 1.08583057
v -0.02555013 -1.11263728 1.13230860
v -0.02555013 -1.10817981 1.14574838
v -0.02555013 -1.08945560 -0.25382662
v -0.02555013 -1.09465659 -0.18415345
v -0.02555013 -1.10203099 -0.17216749
v -0.02665185 -1.10207200 0.03308262
v -0.02665185 -1.10377300 0.03910913
v -0.02665185 -1.08407903 0.45129955
v -0.02665185 -1.09243238 0.44434997
v -0.02665185 -1.09053814 0.66716450
v -0.02555013 -1.12244904 0.66812229
v -0.02665185 -1.09673715 1.07938814
v -0.02555013 -1.09332001 1.19055212
v -0.02555013 -1.09183276 1.19503653
v -0.02555013 -1.07449257 -0.26879004
v -0.02665185 -1.09053814 1.07524610
v -0.02555013 -1.08140135 1.20927477
v -0.02555013 -1.07367134 1.21677554
v -0.02555013 -1.07290256 1.27780056
v -0.02555013 -1.07277548 -0.26929292
v -0.02555013 -1.05339575 -0.22361673
v -0.02555013 -1.06621563 1.22401011
v -0.02555013 -1.05367577 1.23306823
v -0.02555013 -1.05889845 1.28155077
v -0.02555013 -0.98552531 1.30119967
v -0.02555013 -1.04477000 -0.27679783
v -0.03123177 -1.04783213 1.23589146
v -0.02555013 -1.04783213 1.23589146
v -0.02555013 -1.02027726 -0.24002564
v -0.02555013 -1.03566420 1.24177039
v -0.03655208 -1.02806675 1.29342556
v -0.02555013 -0.97236568 1.30119967
v -0.02555013 -1.00254619 1.25219715
v -0.02555013 -1.02037871 1.24853063
v -0.02555013 -1.00606942 1.25169349
v -0.02555013 -0.70221555 -0.29267424
v -0.02555013 -0.70221555 -0.25680327
v -0.01630657 -0.67927575 -0.29268134
v -0.01630713 -0.67927575 -0.25680327
v -0.01630713 -0.67927575 -0.28663960
v -0.01630713 -0.67927575 -0.27172142
v -0.01630713 -0.64914620 -0.30155775
v -0.01630655 -0.67219883 -0.29268134
v -0.02555013 -0.80727386 -0.24489564
v -0.02555013 -0.68720716 -0.24489288
v -0.02555013 -0.67219889 1.25341570
v -0.02555013 -0.64218217 1.30119967
v -0.02555013 -0.62717384 1.25341618
v -0.02555013 -0.94234914 1.25340092
v -0.02555013 -0.70221561 1.25341558
v -0.02555013 -0.71630657 1.25341547
v -0.02555013 -0.73223239 1.25341153
v -0.02555013 -0.79226577 1.25340855
v -0.02555013 -0.80727410 1.25340784
v -0.02555013 -0.82228243 1.25340700
v -0.02555013 -0.83729076 1.25340629
v -0.02555013 -0.85229909 1.25340557
v -0.02555013 -0.86730742 1.25340474
v -0.02555013 -0.88231581 1.25340402
v -0.02555013 -0.89732414 1.25340331
v -0.02555013 -0.91233248 1.25340247
v -0.02555013 -0.92734081 1.25340176
v -0.02665185 -0.81368417 -0.22569190
v -0.02665185 -0.94662452 1.24218357
v -0.02665185 -0.94199210 1.23525059
v -0.02555013 -0.91233325 1.25340247
v -0.02665185 -0.93339980 1.23096359
v -0.02665185 -0.91830122 1.22858346
v -0.02555013 -0.67219877 -0.24489254
v -0.00426918 -0.66900140 -0.25585216
v -0.02555013 -0.65719044 -0.24489225
v -0.00138345 -0.65719050 -0.25585240
v -0.01173404 -0.67573845 -0.25585163
v -0.02665185 -0.71822292 1.23779881
v -0.02665185 -0.71722388 1.23501217
v -0.02996396 -0.64914620 -0.32865858
v -0.00295671 -0.64914620 -0.30155763
v -0.00295773 -0.64914620 -0.31595948
v -0.02996396 -0.59715718 -0.31647590
v -0.02555013 -0.61216551 -0.24489141
v -0.02555013 -0.59715718 -0.24489146
v -0.00138306 -0.61216551 -0.25585154
v -0.02555013 -0.59715724 1.25341678
v -0.02555013 -0.59715718 1.30119967
v -0.02555013 -0.58214885 -0.24489151
v -0.01630657 -0.56714058 -0.29268137
v -0.02996396 -0.59164625 -0.31647590
v -0.01630660 -0.58214891 -0.29268143
v -0.02555013 -0.26697370 -0.29267424
v -0.02555013 -0.55213213 -0.28663960
v -0.01247199 -0.56442040 -0.29268160
v -0.01298715 -0.56395519 -0.28863457
v -0.02555013 -0.47709048 -0.24489181
v -0.02555013 -0.46208215 -0.24489169
v -0.02555013 -0.44707379 -0.24489190
v -0.02555013 -0.41705722 -0.24489205
v -0.02555013 -0.40204886 -0.24489254
v -0.02555013 -0.26697382 -0.24489698
v -0.02555013 -0.55213219 -0.24489160
v -0.02555013 -0.55213213 -0.27172142
v -0.02555013 -0.43206546 -0.24489193
v -0.02555013 -0.56714052 -0.24489155
v -0.02555013 -0.52450156 1.25341761
v -0.02555013 -0.56714058 1.25341666
v -0.02555013 -0.58214885 1.30119967
v -0.03022685 -0.59197074 1.32452095
v -0.02555013 -0.25428799 1.30093515
v -0.02555013 -0.29699051 1.25342536
v -0.02555013 -0.28198218 1.25342584
v -0.02665185 -0.30694446 1.23163497
v -0.02665185 -0.18277432 1.05351722
v -0.03532229 -0.18277432 1.05720699
v -0.03492313 -0.18277432 1.05351722
v -0.02665185 -0.14729628 1.07149506
v -0.02555013 -0.12523092 1.07091224
v -0.02665185 -0.13189867 1.08583057
v -0.02665185 -0.14305091 1.08005953
v -0.02555013 -0.32700768 1.25342429
v -0.02665185 -0.31846821 1.21438849
v -0.02555013 -0.19454674 1.28492689
v -0.02555013 -0.23333980 1.25138497
v -0.02555013 -0.20448163 1.23852980
v -0.02555013 -0.21456398 1.24557710
v -0.02555013 -0.22640257 -0.28493685
v -0.02555013 -0.21601297 -0.23843049
v -0.02555013 -0.17693442 -0.27168137
v -0.02555013 -0.23343886 -0.24288258
v -0.02555013 -0.18625119 -0.22302003
v -0.02555013 -0.17326842 -0.21523923
v -0.01630713 -0.18000001 0.14598688
v 0.01354215 -0.18000001 0.19074136
v -0.01630713 -0.18000001 0.45926812
v 0.01354215 -0.18000001 0.39959553
v 0.01354215 -0.18000001 0.29516843
v -0.00550000 -0.18000001 0.14598688
v -0.02665185 -0.19733824 0.47263646
v -0.02665185 -0.19733824 0.47439268
v -0.02555013 -0.18054384 1.28117466
v -0.02555013 -0.16557808 -0.26805860
v -0.01630713 -0.18000001 0.10123243
v -0.02646644 -0.19307078 0.11790755
v -0.01180000 -0.14690700 -0.00391000
v 0.01354215 -0.18000001 0.08631428
v 0.01354215 -0.18000001 -0.00391000
v 0.01354215 -0.14820001 -0.00391000
v -0.00429291 -0.14420709 -0.00391000
v -0.02627273 -0.19307078 0.11817493
v -0.02627273 -0.19307078 0.11844232
v -0.01630713 -0.18000001 0.50402260
v -0.01630713 -0.18000001 0.51894075
v -0.00550000 -0.18000001 0.51894075
v -0.02513826 -0.18277432 0.53034955
v -0.02191571 -0.18332970 0.53034955
v 0.00543411 -0.18277432 0.53821504
v -0.03108525 -0.18277432 1.01823592
v -0.01968449 -0.18277432 1.01770031
v -0.01864808 -0.18277432 1.01770031
v -0.00857270 -0.18277432 1.01569152
v -0.03123177 -0.18277432 1.01496494
v 0.01997256 -0.16543375 1.01208997
v -0.01630713 -0.17800000 1.01208997
v -0.00400000 -0.17692369 1.01208997
v 0.02000000 -0.17600000 1.01208997
v -0.03123177 -0.18106987 1.05465615
v -0.02555013 -0.16654094 1.27742243
v -0.02555013 -0.11318342 -0.21566527
v 0.01354215 -0.14820001 1.01208997
v 0.02000000 -0.14690700 1.01208997
v -0.02555013 -0.16022454 1.20759475
v -0.02555013 -0.12790674 1.23891342
v -0.02555013 -0.16533849 1.27634335
v -0.02555013 -0.12524721 -0.01811261
v -0.02555013 -0.12523238 1.02615774
v -0.01180000 -0.14690700 1.01208997
v -0.02555013 -0.14882571 1.19459999
v -0.02555013 -0.14287956 1.17667556
v -0.02555013 -0.11294314 1.22395051
v -0.03123209 -0.13565096 -0.23813273
v -0.02555013 -0.13265894 -0.15757479
v -0.02555013 -0.12523189 1.04107594
v -0.02555013 -0.12801692 1.13187277
v -0.02555013 -0.12524495 -0.09270338
v -0.02555013 -0.11689033 -0.01811281
v -0.02555013 -0.12523142 1.05599415
v -0.02555013 -0.11689033 1.10074878
v -0.02555013 -0.10572433 -0.20820637
v -0.02555013 -0.10130181 1.21230972
v -0.02555013 -0.08391692 1.17034674
v -0.02555013 -0.10130136 -0.20378351
v -0.02555013 -0.09121143 -0.16613191
v -0.03123284 -0.08919168 1.18307960
v -0.02555013 -0.07901604 -0.12062363
v -0.02555013 -0.07747532 -0.10762174
v -0.02555013 -0.07747532 -0.01811281
v -0.02555013 -0.10188199 -0.01811281
v -0.01600000 -0.05685697 -0.00358750
v -0.00549983 -0.10188199 -0.00358774
v -0.00550000 -0.05685697 -0.00358750
v -0.02000000 -0.05685697 0.00041250
v -0.01882828 -0.05685697 -0.00241578
v -0.01882828 -0.05685697 0.03524078
v -0.02000000 -0.05685697 0.02664166
v -0.01600000 -0.07186531 0.03641250
v -0.01600000 -0.05685697 0.03641250
v -0.02555013 -0.07747532 0.48910445
v -0.02555013 -0.11689033 0.05647796
v -0.01600000 -0.08687365 0.03641250
v -0.01612427 -0.07186531 0.50446397
v -0.02555013 -0.11689033 0.48910445
v -0.01612427 -0.11689033 0.50446397
v -0.02000000 -0.05685697 0.50841248
v -0.01612427 -0.05685697 0.50446397
v -0.01630713 -0.07186531 0.54758704
v -0.01630713 -0.05685697 0.54758704
v -0.02000000 -0.05685697 0.53385890
v -0.02000000 -0.05685697 0.54758704
v 0.00000001 -0.07266361 0.55393708
v -0.01630713 -0.07186531 0.96891499
v -0.02555013 -0.08687365 0.95156723
v -0.00138249 -0.07186531 0.96256500
v -0.01630713 -0.05685697 0.96891499
v 0.00420800 -0.06245751 0.96256500
v -0.02000000 -0.05685697 0.96891499
v -0.01882828 -0.05685697 1.01091826
v -0.02000000 -0.05685697 1.00809002
v -0.01600000 -0.05685697 1.01208997
v -0.02555013 -0.11689033 1.08583057
v -0.02555013 -0.11689033 1.02615798
v -0.00550000 -0.05685697 1.01208997
v -0.00295638 -1.16747391 0.47551280
v -0.00295638 -1.16747391 0.53301281
v 0.00491791 -1.16333020 0.53385890
v -0.00138224 -1.16332972 0.45926818
v 0.00491791 -1.16333032 0.47418630
v -0.00138224 -1.16332972 0.54877704
v 0.00491791 -1.16333020 0.54457426
v -0.01630713 -1.13745737 0.44541329
v -0.02665185 -1.10744071 0.02664166
v -0.00831872 -1.15951931 0.45203501
v -0.00831842 -1.16332924 0.45203555
v -0.00831723 -1.13030934 0.45203450
v -0.00831757 -1.12649930 0.45203397
v -0.00806486 -1.15951943 0.55629146
v -0.00806456 -1.16332924 0.55629092
v -0.00806337 -1.13030934 0.55629200
v -0.00806371 -1.12649930 0.55629253
v -0.00550000 -0.13189867 1.01208997
v -0.00550000 -0.11689033 1.01208997
v -0.00138277 -1.12649977 0.45926812
v -0.00138277 -1.12649977 0.47418630
v -0.00009239 -1.12649989 0.45945719
v 0.00492052 -1.12650025 0.46398133
v -0.00138276 -1.12649977 0.48910445
v -0.00138276 -1.12649989 0.50402260
v 0.00492052 -1.12650025 0.48910445
v -0.00138274 -1.12649989 0.54877710
v -0.02665185 -0.92187607 1.21371710
v -0.02665185 -0.92734063 1.22009397
v -0.01173463 -0.67573690 -0.28887165
v -0.01565460 -0.67927575 -0.27172041
v -0.01173431 -0.67573637 -0.29268163
v -0.01173353 -0.67573792 -0.25680256
v -0.00426946 -0.66899931 -0.29268217
v -0.02996396 -0.59164625 -0.32865858
v -0.01630713 -0.64914620 -0.32865858
v -0.00667780 -0.64914620 -0.32493916
v -0.01630713 -0.59164625 -0.31647590
v -0.01630713 -0.59164625 -0.32865858
v -0.00295773 -0.59715718 -0.31595948
v 0.00491791 -0.65719050 -0.29268283
v -0.00295671 -0.59715718 -0.30155763
v -0.00667780 -0.59164625 -0.32493916
v -0.00295773 -0.59164625 -0.31595948
v -0.01247174 -0.56441832 -0.25585160
v -0.01247120 -0.56441879 -0.25680250
v -0.00500686 -0.57115531 -0.25585210
v -0.00138348 -0.59715718 -0.25585237
v -0.00138348 -0.58214885 -0.25585237
v -0.00138188 -0.58214921 -0.29268223
v -0.00500714 -0.57115740 -0.29268211
v 0.00491791 -0.58214885 -0.29268283
v 0.00321804 -0.57858062 -0.29268271
v -0.01565460 -0.56154674 -0.27172041
v -0.00550000 -0.13189867 -0.00358750
v -0.02665185 -0.19811271 0.47323361
v -0.02665185 -0.19576491 0.47674733
v -0.00550000 -0.18000001 0.47418630
v -0.02633028 -0.20388927 0.47796297
v -0.01630713 -0.18000001 0.48910445
v -0.00550000 -0.18000001 0.48910445
v -0.02665185 -0.20388927 0.47753152
v -0.02665185 -0.19733824 0.48527041
v -0.02485794 -0.20388927 0.48667887
v -0.02665185 -0.20388927 0.48667887
v -0.02665185 -0.20003225 0.48707047
v 0.01354215 -0.18000001 0.50402260
v -0.00550000 -0.18000001 0.11615058
v -0.00550000 -0.18000001 0.13106874
v 0.01354215 -0.18000001 0.53385890
v -0.00527813 -0.18291080 0.53034955
v -0.01577972 -0.18332970 0.53034955
v -0.01113135 -0.18291080 0.53034955
v -0.00460573 -0.18277432 0.53034955
v 0.01882843 -0.17882842 0.53385890
v 0.01882843 -0.17882842 0.54877704
v 0.01882843 -0.17882842 0.50402260
v 0.01882842 -0.17882843 0.39959553
v 0.01882842 -0.17882843 0.29516843
v 0.01882842 -0.17882843 0.19074136
v 0.01882842 -0.17882843 0.26533213
v 0.01882842 -0.17882843 0.08631428
v 0.01882842 -0.17882843 0.13106874
v 0.02000000 -0.14690700 -0.00391000
v 0.01882842 -0.17882843 -0.00391000
v 0.01997256 -0.16543375 -0.00391000
v 0.02000000 -0.17600000 -0.00391000
v 0.02000000 -0.17600000 0.13106874
v 0.01997256 -0.16543375 0.93664908
v 0.02000000 -0.14690700 -0.00319465
v 0.02000000 -0.14690700 0.54877704
v 0.02000000 -0.14690700 0.53385890
v 0.02000000 -0.14690700 0.50402260
v 0.02000000 -0.14690700 0.48910445
v 0.02000000 -0.14690700 0.04155981
v 0.02000000 -0.14690700 0.02664166
v 0.01882828 -0.13189867 -0.00241578
v 0.01996483 -0.13189867 0.00032760
v 0.01354215 -0.13189867 -0.00358750
v -0.00997668 -0.18277432 1.01863146
v 0.01354215 -0.02100000 1.01208997
v -0.01600000 -0.02100000 1.01208997
v -0.01630713 -0.01183196 1.00609004
v -0.01882828 -0.02100000 1.01091826
v -0.02000000 -0.02100000 1.00809002
v 0.01882828 -0.02100000 1.01091826
v 0.01354215 -0.01183196 1.00609004
v 0.01882828 -0.13189867 1.01091826
v 0.01997256 -0.16543375 0.96648538
v 0.02000000 -0.14690700 1.01123989
v 0.02000000 -0.17600000 0.96648538
v 0.01882843 -0.17882842 1.01208997
v 0.01882843 -0.17882842 0.98140353
v 0.01882843 -0.17882842 0.96648538
v -0.00550000 -0.18000001 1.01208997
v 0.01354215 -0.18000001 1.01208997
v 0.01354215 -0.18000001 0.99632168
v 0.01354215 -0.18000001 0.98140353
v -0.01630713 -0.18000001 1.01123989
v -0.00550000 -0.18000001 0.99632168
v -0.01600000 -0.11689033 0.03641250
v -0.01600000 -0.13189867 0.03641250
v -0.01630713 -0.14000000 0.05647796
v -0.00443936 -0.11689033 0.03597317
v -0.00484978 -0.14026934 0.05647796
v -0.00443936 -0.13189867 0.03597317
v -0.01600000 -0.10188199 0.03641250
v -0.00443934 -0.07186531 0.03597315
v -0.00443934 -0.05685697 0.03597314
v -0.00443935 -0.08687365 0.03597315
v -0.00443935 -0.10188199 0.03597316
v -0.01630713 -0.14000000 0.48910445
v -0.01612427 -0.13189867 0.50446397
v -0.00428484 -0.13189867 0.50522482
v -0.00484978 -0.14026934 0.48910445
v -0.00428483 -0.08687365 0.50522482
v -0.01630713 -0.11689033 0.54758704
v -0.01559723 -0.13028556 0.54758704
v -0.01630713 -0.14000000 0.56369519
v -0.00227917 -0.12967099 0.54758704
v -0.00484978 -0.14026934 0.56369519
v 0.00587736 -0.10961744 0.55371785
v -0.02555013 -0.11689033 0.95156723
v -0.02555013 -0.10188199 0.95156723
v -0.00138249 -0.10188199 0.55393708
v -0.00138249 -0.11689033 0.54758704
v -0.01630713 -0.14000000 0.95156723
v -0.01630713 -0.11689033 0.96891499
v -0.01559713 -0.13028564 0.96891499
v -0.00227917 -0.12967099 0.96891499
v -0.00484978 -0.14026934 0.95156723
v -0.01630713 -0.10188199 0.96891499
v -0.00138249 -0.10188199 0.96891499
v 0.00707799 -0.08505392 0.95156723
v 0.00157605 -0.10017365 0.96256500
v 0.00707799 -0.08505392 0.56369519
v -0.00138249 -0.05685697 0.54758704
v -0.00079334 -0.07220559 0.54877776
v -0.02000000 -0.04184863 0.02664166
v -0.02000000 -0.03000000 0.00041250
v -0.01882828 -0.04184863 0.03524078
v -0.01882828 -0.03000000 -0.00241578
v -0.01600000 -0.03000000 -0.00358750
v 0.01354215 -0.03000000 -0.00358750
v -0.01600000 -0.04184863 0.03641250
v -0.00443933 -0.04184864 0.03597314
v -0.02000000 -0.04184863 0.53385890
v -0.02000000 -0.04184863 0.50841248
v -0.01987883 -0.04788074 0.54758704
v -0.00138249 -0.04184863 0.54758704
v -0.01612427 -0.04184863 0.50446397
v -0.01630713 -0.04184863 0.96891499
v -0.02000000 -0.04184863 0.98140353
v -0.01987879 -0.04788067 0.96891499
v -0.00138249 -0.04184863 0.96891499
v -0.00138249 -0.05685697 0.96891499
v -0.01600000 -0.02684030 -0.00200000
v -0.02000000 -0.02100000 0.02664166
v -0.02000000 -0.02100000 0.01172350
v -0.01980827 -0.01183196 0.00153711
v -0.01600000 -0.01183196 -0.00200000
v 0.01354215 -0.02684030 -0.00200000
v -0.01410137 -0.01191216 0.02884887
v -0.02000000 -0.00000000 0.00200000
v -0.01630713 -0.01183196 0.00400000
v -0.01630713 0.00317638 0.00400000
v -0.01897222 -0.02100000 0.03648084
v -0.01639003 0.00057235 0.03200000
v -0.01356658 0.00211153 0.02908693
v -0.01638920 0.00059503 0.03159000
v -0.01897222 -0.02684030 0.03648084
v -0.01600000 -0.02684030 0.03800000
v -0.00138249 -0.02684030 0.03800000
v -0.02000000 -0.02100000 0.53385890
v -0.02000000 -0.03000000 0.50841248
v -0.01600000 -0.02684030 0.50599998
v -0.02000000 -0.01183196 0.50999999
v -0.01953153 -0.01183196 0.50886899
v -0.01600000 -0.01183196 0.50599998
v -0.01371027 -0.01192638 0.53645748
v -0.02000000 -0.00000000 0.50999999
v -0.01630713 -0.01183196 0.51200002
v -0.01630713 0.00317638 0.51200002
v -0.01924899 -0.02100000 0.54381281
v -0.01639003 0.00057235 0.54000002
v -0.01323207 0.00229125 0.53679031
v -0.01638920 0.00059503 0.53959000
v -0.01924899 -0.02684030 0.54381281
v -0.00138249 -0.02684030 0.50599998
v -0.00428484 -0.04184864 0.50522482
v -0.01630713 -0.04184863 0.54758704
v -0.01600000 -0.02684030 0.54600000
v 0.01354215 -0.04184863 0.54441249
v 0.01354215 -0.02684030 0.54600000
v 0.00639106 -0.06145027 0.55390233
v 0.01354256 -0.05847131 0.55393708
v 0.01354215 -0.05755375 0.54877639
v -0.02000000 -0.02684030 0.98140353
v -0.02000000 -0.02100000 0.99632168
v -0.02000000 -0.01183196 0.97609001
v -0.01882830 -0.02684021 0.97326171
v -0.01189782 -0.01199229 1.00073385
v -0.01882837 -0.01183187 0.97326165
v -0.02000007 -0.00000000 0.97609001
v -0.01630713 0.00317638 0.97808999
v -0.01630713 -0.01183196 0.97808999
v -0.01639003 0.00057235 1.00609004
v -0.01150809 0.00222034 1.00115418
v -0.01638920 0.00059503 1.00567997
v -0.01507888 0.00263002 1.00609004
v -0.01600000 -0.02684030 0.97209001
v 0.01182522 -0.04611411 0.96891499
v 0.01354231 -0.05755753 0.96648508
v 0.01354215 -0.02684030 0.97209001
v 0.01882830 -0.02684022 0.97326171
v 0.02466892 -0.05128391 0.96891499
v -0.01630713 -0.01183196 0.03200000
v -0.01507888 0.00263002 0.03200000
v -0.01492190 0.00260255 0.50599998
v -0.00215761 0.00395000 0.50800002
v 0.01354215 -0.02684030 0.50599998
v -0.00138249 -0.01183196 0.50599998
v -0.01630713 -0.01183196 0.54000002
v -0.01507888 0.00263002 0.54000002
v -0.01600000 -0.01183196 0.97209001
v -0.01500974 0.00263894 -0.00189710
v -0.01980827 -0.00000000 0.00153711
v -0.00215761 0.00395000 0.00000000
v -0.00138249 -0.01183196 -0.00200000
v 0.01354215 -0.01183196 0.03200000
v 0.01354215 -0.02684030 0.03800000
v -0.01953153 -0.00000000 0.50886899
v -0.00138249 -0.01183196 0.53619999
v -0.00138249 0.00317638 0.53619999
v -0.00138249 -0.01183196 0.51200002
v 0.01354215 -0.01183196 0.54000002
v -0.01882843 -0.00000000 0.97326159
v -0.01492190 0.00260255 0.97209001
v -0.01521558 0.01155060 0.97609001
v -0.01229836 0.01229844 0.97348279
v -0.01516274 0.01106219 0.97547400
v -0.01381500 0.01381599 0.97655171
v -0.00138249 -0.01183196 1.00229001
v -0.00138249 0.00317638 1.00229001
v -0.00138249 -0.01183196 0.97808999
v -0.01521558 0.01155060 0.00200000
v -0.01272507 0.01272937 0.00400000
v -0.01385756 0.01385757 0.00159759
v -0.00104864 0.01737879 -0.00124896
v -0.01112978 0.01150782 0.03200000
v -0.01521558 0.01155060 0.50999999
v -0.01358081 0.01358084 0.50920624
v -0.01272507 0.01272937 0.51200002
v -0.00093681 0.01710882 0.50662005
v -0.01112978 0.01150782 0.54000002
v -0.00089080 0.01501370 0.53878683
v -0.00041860 0.01585782 0.97210294
v 0.01354215 0.00317638 0.97209001
v -0.00393646 0.00759998 0.97209001
v -0.00111170 0.01752957 0.97808999
v -0.00154093 0.00356403 0.97808999
v -0.01112978 0.01150782 1.00609004
v -0.00063666 0.01337472 1.00379682
v -0.00855000 0.00980600 1.00229001
v -0.00925455 0.01616664 0.00200000
v -0.00000000 0.02000000 0.00200000
v -0.00094565 0.01536742 0.03101991
v -0.00111170 0.01752957 0.00400000
v -0.00925455 0.01616664 0.50999999
v -0.00000000 0.01981875 0.50956243
v -0.00111170 0.01752957 0.51200002
v -0.00000000 0.02000000 0.50999999
v -0.00925455 0.01616664 0.97609001
v -0.00000000 0.02000000 0.97609001
v -0.00000000 0.01882843 0.97326159
v 0.00491791 -1.16333020 0.46398133
v -0.00009324 -1.16332984 0.45945877
v 0.00492052 -1.12650025 0.47418630
v 0.00492052 -1.12650025 0.50402260
v 0.00491868 -1.15246511 0.53385890
v 0.00491818 -1.15952027 0.46398133
v -0.00009355 -1.15951991 0.45945823
v -0.00138195 -1.13030982 0.45926812
v -0.00138298 -1.15951979 0.45926812
v 0.00016062 -1.16332984 0.54886770
v 0.00016031 -1.15951991 0.54886824
v 0.00491818 -1.15952027 0.54457426
v -0.00138298 -1.15951979 0.54877704
v -0.00009206 -1.13030994 0.45945773
v 0.00492025 -1.13031030 0.46398133
v -0.00138195 -1.13030982 0.54877704
v 0.00492025 -1.13031030 0.54457426
v 0.00016180 -1.13030994 0.54886878
v 0.00016147 -1.12649989 0.54886931
v 0.00492052 -1.12650025 0.54457426
v -0.00426977 -0.66899985 -0.28887215
v -0.00426829 -0.66900039 -0.25966215
v 0.00395541 -0.66157663 -0.28887275
v 0.00491834 -0.65635222 -0.28663898
v -0.00138249 -0.65635222 -0.27172142
v -0.00138249 -0.65635222 -0.28663960
v 0.00395572 -0.66157609 -0.29268277
v -0.00426867 -0.66900086 -0.25680307
v 0.00395600 -0.66157818 -0.25585276
v 0.00395651 -0.66157770 -0.25680259
v 0.00491940 -0.65635222 -0.27172083
v 0.00492052 -0.65719050 -0.25585282
v 0.00492045 -0.65719050 -0.25680268
v 0.00492052 -0.59715718 -0.25585282
v 0.00492052 -0.58214885 -0.25585282
v 0.00321831 -0.57857853 -0.25585270
v -0.00500745 -0.57115692 -0.28887212
v 0.00321773 -0.57858014 -0.28887269
v -0.00500597 -0.57115638 -0.25966212
v -0.00138265 -0.58214885 -0.28887236
v -0.00138249 -0.58447021 -0.27172142
v 0.00491818 -0.58214885 -0.28887281
v 0.00491940 -0.58447021 -0.27172083
v -0.00500634 -0.57115585 -0.25680304
v 0.00321883 -0.57857907 -0.25680256
v 0.00492045 -0.58214885 -0.25680268
v -0.01780989 -0.18277432 1.01496494
v 0.01354215 -0.14000000 0.05647796
v 0.01354215 -0.13189867 0.03641250
v 0.01354215 -0.13189867 0.50441247
v 0.01354215 -0.14000000 0.48910445
v 0.01354215 -0.14000000 0.56369519
v 0.01354215 -0.11689033 0.54758704
v 0.01354215 -0.13189867 0.54441249
v 0.01354215 -0.13189867 0.97209001
v 0.01354215 -0.14000000 0.95156723
v -0.00138249 -0.11689033 0.96891499
v 0.01354215 -0.11689033 0.96891499
v 0.01354215 -0.11689033 0.03641250
v 0.01354215 -0.08687365 0.50441247
v 0.01354215 -0.04184863 0.50441247
v 0.01354081 -0.11164161 0.55393708
v 0.02846678 -0.11689033 0.54758704
v 0.02846545 -0.11163782 0.55393708
v 0.00800989 -0.11133077 0.96256858
v 0.02846678 -0.11689033 0.96891499
v 0.01354348 -0.11163653 0.96256500
v 0.01354215 -0.10188199 0.03641250
v 0.01687246 -0.09586456 0.56369519
v 0.00707799 -0.08505392 0.57861334
v 0.01687255 -0.09586462 0.57861340
v 0.01264619 -0.09156463 0.57974941
v 0.01354215 -0.08687365 0.03641250
v 0.01016587 -0.07566233 0.57861334
v 0.01126178 -0.08923772 0.93664908
v 0.01666028 -0.09579694 0.95171630
v 0.00707799 -0.08505392 0.93664908
v 0.01354215 -0.07186531 0.03641250
v 0.01406614 -0.07260268 0.57861334
v 0.01406614 -0.07260268 0.56369519
v 0.01914906 -0.06586323 0.95156676
v 0.01016587 -0.07566233 0.93664908
v 0.01406614 -0.07260268 0.95156723
v 0.01354215 -0.05685697 0.03641250
v 0.01996483 -0.03000000 0.00032760
v 0.01882828 -0.03000000 -0.00241578
v 0.01354215 -0.04184863 0.03641250
v 0.01354215 0.00317638 -0.00200000
v 0.01940327 -0.01183189 0.00055957
v 0.01884395 -0.02100000 0.54479045
v 0.01884395 -0.02684030 0.54479045
v 0.01155169 0.01500053 0.00148191
v 0.01481066 0.01252817 0.00200000
v 0.01940332 0.00000000 0.00055959
v 0.01882828 -0.02100000 0.03682828
v -0.00154093 0.00356403 0.03200000
v 0.01342128 0.00305133 0.03200000
v 0.01639003 0.00057235 0.03200000
v 0.01882828 -0.02684030 0.03682828
v 0.01354215 0.00317638 0.50599998
v 0.01912654 -0.01183190 0.50789148
v 0.01968807 -0.03000000 0.50765955
v 0.01141554 0.01504565 0.50945467
v 0.01481066 0.01252817 0.50999999
v 0.01912659 0.00000000 0.50789148
v 0.01344925 -0.01183534 0.53619999
v 0.01190551 0.00206136 0.53619999
v 0.01354215 -0.01183196 0.51200002
v -0.00154093 0.00356403 0.54000002
v 0.01342128 0.00305133 0.54000002
v 0.01639003 0.00057235 0.54000002
v 0.01098632 0.01201492 0.97265589
v 0.01481066 0.01252817 0.97609001
v 0.01882843 -0.00000000 0.97326159
v 0.01344925 -0.01183534 1.00229001
v 0.01190551 0.00206136 1.00229001
v 0.01354215 -0.01183196 0.97808999
v -0.00154093 0.00356403 1.00609004
v 0.01342128 0.00305133 1.00609004
v 0.01639003 0.00057235 1.00609004
v 0.01673824 -0.01225783 1.00597322
v -0.00154093 0.00356403 0.00400000
v -0.00138249 0.00317638 0.02820000
v -0.00138249 -0.01183196 0.00400000
v -0.00138249 -0.01183196 0.02820000
v 0.01354215 0.00317638 0.00400000
v 0.01344925 -0.01183534 0.02820000
v 0.01354215 -0.01183196 0.00400000
v 0.01195348 0.00209404 0.02826858
v 0.00592128 0.01118380 0.02842450
v 0.01149369 0.01324478 0.00400000
v -0.00043124 0.01583027 0.03200000
v 0.00600348 0.01037146 0.03188620
v 0.01385804 0.00303596 0.03168888
v 0.02000000 -0.02100000 0.02664166
v 0.01638920 0.00059503 0.03158998
v 0.01149369 0.01324478 0.51200002
v 0.00689449 0.01714421 0.50999999
v 0.01354215 0.00317638 0.51200002
v 0.01976294 0.00000000 0.51023704
v 0.02000000 -0.02100000 0.53385890
v 0.01976294 -0.01183196 0.51023704
v 0.00580934 0.01129703 0.53639066
v -0.00043124 0.01583027 0.54000002
v 0.00612497 0.01049337 0.53968889
v 0.01385804 0.00303596 0.53968889
v 0.01638920 0.00059503 0.53959000
v 0.01180346 0.01398715 0.97721654
v 0.00689449 0.01714421 0.97609001
v 0.01354215 0.00317638 0.97808999
v 0.02000007 -0.00000000 0.97609001
v 0.02000000 -0.02100000 0.99632168
v 0.02000000 -0.01183196 0.97609001
v 0.00529066 0.01182170 1.00232387
v -0.00043124 0.01583027 1.00609004
v 0.00612497 0.01049337 1.00577891
v 0.01385804 0.00303596 1.00577891
v 0.01638920 0.00059503 1.00567997
v 0.00689449 0.01714421 0.00200000
v 0.00645925 0.01668802 0.97455347
v 0.01882843 -0.14117157 0.05647796
v 0.01882828 -0.04184863 0.03524078
v 0.01882828 -0.13189867 0.03524078
v 0.01968807 -0.13189867 0.50765955
v 0.01882843 -0.14117156 0.48910445
v 0.01882843 -0.14117156 0.56369519
v 0.01882828 -0.13189867 0.54324079
v 0.01882828 -0.13189867 0.97326171
v 0.01882842 -0.14117156 0.95156723
v 0.02581755 -0.09923276 0.56369519
v 0.02581755 -0.09923276 0.57861334
v 0.02581755 -0.09923276 0.95156723
v 0.02846812 -0.11164032 0.96256500
v 0.01687463 -0.09586590 0.93664908
v 0.00707799 -0.08505392 0.59097874
v 0.01562543 -0.09746809 0.59174794
v 0.01265099 -0.09594736 0.59203708
v 0.02746274 -0.09950577 0.59136033
v 0.01084248 -0.08468729 0.60844970
v 0.01320270 -0.08085962 0.60844976
v 0.01016587 -0.07566233 0.59097874
v 0.01687272 -0.09586472 0.60844970
v 0.01527167 -0.09289734 0.60844970
v 0.02863012 -0.09620543 0.60844964
v 0.01527167 -0.09289734 0.62336785
v 0.01527071 -0.09289555 0.66812223
v 0.01084248 -0.08468728 0.66812229
v 0.01527167 -0.09289734 0.65320414
v 0.01527167 -0.09289734 0.63828599
v 0.01687281 -0.09586477 0.62336785
v 0.02863012 -0.09620538 0.62336779
v 0.01527112 -0.09289533 0.80238563
v 0.01084288 -0.08468706 0.81730384
v 0.01320265 -0.08085959 0.68304050
v 0.01687307 -0.09586494 0.66812229
v 0.01687315 -0.09586499 0.68304044
v 0.01687385 -0.09586541 0.80238569
v 0.01687376 -0.09586536 0.78746754
v 0.01687368 -0.09586531 0.77254939
v 0.01687359 -0.09586526 0.75763124
v 0.01687350 -0.09586520 0.74271309
v 0.01687342 -0.09586515 0.72779495
v 0.01687333 -0.09586509 0.71287674
v 0.01687324 -0.09586504 0.69795859
v 0.01687298 -0.09586488 0.65320414
v 0.01687289 -0.09586482 0.63828599
v 0.02863012 -0.09620532 0.63828599
v 0.02863013 -0.09620528 0.65320414
v 0.02863013 -0.09620523 0.66812229
v 0.02863013 -0.09620517 0.68304044
v 0.01527121 -0.09289528 0.83222193
v 0.01084215 -0.08468746 0.84714013
v 0.01320345 -0.08085792 0.81730384
v 0.01320244 -0.08085946 0.69795865
v 0.01320336 -0.08085787 0.71287674
v 0.01687402 -0.09586553 0.83222198
v 0.01687394 -0.09586547 0.81730384
v 0.01687411 -0.09586558 0.84714013
v 0.01527144 -0.09289516 0.90681273
v 0.01084233 -0.08468735 0.90681279
v 0.01687446 -0.09586579 0.90681279
v 0.01687437 -0.09586573 0.89189464
v 0.01687429 -0.09586568 0.87697649
v 0.01687420 -0.09586563 0.86205828
v 0.00717987 -0.08505392 0.92527735
v 0.01016587 -0.07566233 0.92552334
v 0.01320344 -0.08085792 0.90681279
v 0.01553121 -0.09741923 0.92474514
v 0.01225670 -0.09517840 0.92453951
v 0.02863015 -0.09620440 0.90681273
v 0.02727675 -0.09901503 0.92456728
v 0.02863015 -0.09620445 0.89189458
v 0.02863015 -0.09620450 0.87697643
v 0.02863015 -0.09620456 0.86205828
v 0.02863014 -0.09620461 0.84714013
v 0.02863014 -0.09620466 0.83222198
v 0.02863014 -0.09620471 0.81730384
v 0.02863014 -0.09620477 0.80238569
v 0.02863014 -0.09620481 0.78746754
v 0.02863014 -0.09620486 0.77254933
v 0.02863014 -0.09620491 0.75763118
v 0.02863013 -0.09620497 0.74271303
v 0.02863013 -0.09620502 0.72779489
v 0.02863013 -0.09620507 0.71287674
v 0.02863013 -0.09620512 0.69795859
v 0.02581755 -0.09923276 0.93664908
v 0.01968807 -0.04184863 0.50765955
v 0.01455597 -0.07329199 0.59186888
v 0.01731463 -0.07419170 0.60844970
v 0.01914429 -0.06586802 0.57861286
v 0.01914281 -0.06586999 0.59097874
v 0.02839936 -0.07419090 0.60844970
v 0.02846678 -0.07186531 0.59203708
v 0.02758849 -0.06572452 0.59097874
v 0.01731432 -0.07419152 0.71287680
v 0.01731428 -0.07419149 0.83222198
v 0.02839938 -0.07419066 0.72779495
v 0.02839937 -0.07419074 0.68304044
v 0.01731397 -0.07419130 0.90681279
v 0.01448806 -0.07315326 0.92460114
v 0.02839939 -0.07419042 0.86205834
v 0.02839938 -0.07419058 0.77254939
v 0.02839938 -0.07419050 0.81730384
v 0.02839989 -0.07419031 0.92173094
v 0.02839939 -0.07419036 0.89189464
v 0.02839989 -0.07419033 0.90681279
v 0.01406614 -0.07260268 0.93664908
v 0.01915120 -0.06586112 0.93664861
v 0.02757606 -0.06574716 0.92546648
v 0.01915279 -0.06585955 0.92552334
v 0.02758849 -0.06572452 0.56369519
v 0.02758849 -0.06572452 0.57861334
v 0.02466892 -0.05128391 0.54758704
v 0.02846662 -0.05755691 0.54877740
v 0.02846678 -0.05755492 0.96648604
v 0.02758849 -0.06572452 0.95156723
v 0.01937164 0.00000000 0.00262836
v 0.02000000 -0.02100000 0.01172350
v 0.02000000 -0.17600000 0.26533213
v 0.02000000 -0.17600000 0.39959553
v 0.02000000 -0.17600000 0.53385890
v 0.02000000 -0.17600000 0.56369519
v 0.02000000 -0.17600000 0.57861334
v 0.02000000 -0.17600000 0.59353155
v 0.01882843 -0.17882842 0.59353155
v 0.02000000 -0.17600000 0.72779489
v 0.01882843 -0.17882842 0.60844970
v 0.01882843 -0.17882842 0.71287674
v 0.01354215 -0.18000001 0.60844970
v 0.01882843 -0.17882842 0.72779489
v 0.01354215 -0.18000001 0.71287674
v 0.01354215 -0.18000001 0.62336785
v 0.02000000 -0.17600000 0.86205828
v 0.01882843 -0.17882842 0.81730384
v 0.01882843 -0.17882842 0.86205828
v 0.01354215 -0.18000001 0.81730384
v 0.02000000 -0.17600000 0.93664908
v 0.01882843 -0.17882842 0.92173094
v 0.01354215 -0.18000001 0.90681279
v 0.01784523 -0.18277432 0.93431389
v 0.01425528 -0.18277432 0.92238665
v 0.01204316 -0.18277432 0.91387659
v 0.01794366 -0.18277432 0.93936145
v 0.02000000 -0.17600000 0.95156723
v 0.01997383 -0.16543682 0.95156723
v -0.03083271 -0.18277432 0.89986205
v 0.01794366 -0.18277432 0.94250709
v 0.01658250 -0.18277432 0.94864953
v 0.01658250 -0.18277432 0.95245135
v 0.01667695 -0.18277432 0.95461905
v 0.01583797 -0.18277432 0.95862091
v 0.01229972 -0.18277432 0.96877939
v 0.01229972 -0.18277432 0.96417159
v 0.01099870 -0.18277432 0.97023606
v 0.02000000 -0.14690700 0.95156723
v 0.02000000 -0.14690700 0.96648538
v 0.02000000 -0.13189867 0.51891249
v 0.02000000 -0.13189867 0.53385890
v 0.02000000 -0.13189867 0.01091250
v 0.02000000 -0.04184863 0.01091250
v 0.02000000 -0.04184863 0.02664166
v 0.02000000 -0.13189867 0.98140353
v 0.02000000 -0.13189867 1.00809002
v 0.01996483 -0.04184863 0.00032760
v 0.02000000 -0.02684030 0.01172350
v 0.02000000 -0.04184863 0.51891249
v 0.02000000 -0.11689033 0.53385890
v 0.03907311 -0.11144118 0.54441208
v 0.03500902 -0.11466187 0.54758704
v 0.03500902 -0.11466187 0.54441208
v 0.02000000 -0.07186531 0.53385890
v 0.04339142 -0.10188199 0.54441208
v 0.02000000 -0.05685697 0.53385890
v 0.04084468 -0.06007061 0.54441208
v 0.04339142 -0.07186531 0.54441208
v 0.02000000 -0.04184863 0.53385890
v 0.03500902 -0.05544598 0.54441208
v 0.02000000 -0.02684030 0.51894075
v 0.03500902 -0.05544598 0.54758704
v 0.03940522 -0.11255410 0.54877973
v 0.03500902 -0.11466187 0.97209001
v 0.03941425 -0.11254895 0.96648628
v 0.03500902 -0.11466187 0.96891499
v 0.02000000 -0.11689033 0.98140353
v 0.03907309 -0.11144119 0.97209001
v 0.02000000 -0.02684030 0.99632168
v 0.02000000 -0.02684030 1.00809002
v 0.02000000 -0.02684030 0.98140353
v 0.02000000 -0.04184863 0.98140353
v 0.02000000 -0.05685697 0.98140353
v 0.02000000 -0.07186531 0.98140353
v 0.03500902 -0.05544598 0.97209001
v 0.04084470 -0.06007060 0.97209001
v 0.04339142 -0.07186531 0.97209001
v 0.04339142 -0.10188199 0.97209001
v 0.03888015 -0.11163517 0.55393708
v 0.04339142 -0.10188199 0.55393708
v 0.03327987 -0.09177044 0.57861334
v 0.04339142 -0.10188199 0.96256500
v 0.03886658 -0.11164296 0.96256500
v 0.03442534 -0.09594541 0.59203708
v 0.03085008 -0.09414807 0.60844976
v 0.03085008 -0.09414807 0.62336791
v 0.03085012 -0.09414810 0.63828605
v 0.03085016 -0.09414813 0.65320420
v 0.03085021 -0.09414815 0.66812235
v 0.03085025 -0.09414818 0.68304050
v 0.03085029 -0.09414820 0.69795865
v 0.03085034 -0.09414823 0.71287680
v 0.03085038 -0.09414826 0.72779495
v 0.03085043 -0.09414829 0.74271309
v 0.03085047 -0.09414832 0.75763130
v 0.03085051 -0.09414834 0.77254945
v 0.03085056 -0.09414837 0.78746760
v 0.03085060 -0.09414839 0.80238575
v 0.03085064 -0.09414842 0.81730390
v 0.03085068 -0.09414845 0.83222204
v 0.03085073 -0.09414847 0.84714019
v 0.03085077 -0.09414850 0.86205834
v 0.03085003 -0.09414990 0.89189464
v 0.03085081 -0.09414852 0.87697649
v 0.03085001 -0.09414988 0.90681279
v 0.03442338 -0.09594736 0.92446500
v 0.03385584 -0.09236040 0.93524414
v 0.03218158 -0.07791284 0.60844970
v 0.02792165 -0.06585948 0.59097874
v 0.03678493 -0.07528650 0.59097874
v 0.03218224 -0.07791404 0.69795859
v 0.03218158 -0.07791284 0.68304044
v 0.03218224 -0.07791404 0.74271303
v 0.03218224 -0.07791404 0.78746748
v 0.03218199 -0.07791409 0.83222193
v 0.03218224 -0.07791404 0.80238563
v 0.03218190 -0.07791422 0.87697643
v 0.03218190 -0.07791422 0.90681273
v 0.03678493 -0.07528650 0.92552334
v 0.02793183 -0.06586979 0.92552334
v 0.04032911 -0.05992479 0.55393708
v 0.02792336 -0.06586129 0.57861245
v 0.04010503 -0.05875437 0.54877555
v 0.02758849 -0.06572452 0.93664908
v 0.02793025 -0.06586820 0.93664819
v 0.04032847 -0.05992065 0.96256500
v 0.04010165 -0.05875706 0.96648157
v 0.03500902 -0.05544598 0.96891499
v 0.04824052 -0.10417631 0.54758704
v 0.04596061 -0.10511807 0.55352622
v 0.04824049 -0.10417627 0.54441208
v 0.04824052 -0.10417631 0.97209001
v 0.04824049 -0.10417627 0.96891499
v 0.05079533 -0.09955360 0.54441208
v 0.04972959 -0.06711171 0.54441208
v 0.05503544 -0.08585799 0.54441208
v 0.05182356 -0.07387535 0.54441208
v 0.05038045 -0.09956574 0.55392015
v 0.03999639 -0.08505392 0.56369519
v 0.03999639 -0.08505392 0.57861334
v 0.05423866 -0.08578090 0.55385232
v 0.05028837 -0.09972599 0.96256500
v 0.04602215 -0.10505412 0.96296877
v 0.05404798 -0.08572737 0.96256500
v 0.03999639 -0.08505392 0.95156723
v 0.05525632 -0.08510739 0.96648538
v 0.05079533 -0.09955360 0.96891499
v 0.05142058 -0.07382576 0.96264821
v 0.05182356 -0.07387535 0.96891499
v 0.05182354 -0.07387537 0.97209001
v 0.05079537 -0.09955364 0.97209001
v 0.05503544 -0.08585799 0.97209001
v 0.04972950 -0.06711157 0.97209001
v 0.03965455 -0.08511988 0.59172893
v 0.03678493 -0.07528650 0.56369519
v 0.05120006 -0.07377646 0.55393708
v 0.03623189 -0.08542059 0.60844970
v 0.03623189 -0.08542059 0.62336785
v 0.03623189 -0.08542059 0.63828599
v 0.03623189 -0.08542059 0.65320414
v 0.03623189 -0.08542059 0.66812229
v 0.03623189 -0.08542059 0.68304044
v 0.03623189 -0.08542059 0.69795859
v 0.03623189 -0.08542059 0.71287674
v 0.03623189 -0.08542059 0.72779489
v 0.03623189 -0.08542059 0.74271309
v 0.03623189 -0.08542059 0.75763124
v 0.03623189 -0.08542058 0.77254939
v 0.03623189 -0.08542058 0.78746754
v 0.03623189 -0.08542058 0.80238569
v 0.03623189 -0.08542058 0.81730384
v 0.03623189 -0.08542058 0.83222198
v 0.03623189 -0.08542058 0.84714013
v 0.03623189 -0.08542058 0.86205828
v 0.03623189 -0.08542058 0.87697643
v 0.03623189 -0.08542058 0.89189464
v 0.03623189 -0.08542058 0.90681279
v 0.03968641 -0.08505392 0.92477494
v 0.03999639 -0.08505392 0.93664908
v 0.03678493 -0.07528650 0.93664908
v 0.03678493 -0.07528650 0.95156723
v 0.04776638 -0.06703181 0.55370605
v 0.04781151 -0.06709047 0.96279281
v 0.04972950 -0.06711157 0.54758704
v 0.04972959 -0.06711171 0.96891499
v 0.05079537 -0.09955364 0.54758704
v 0.05525644 -0.08510718 0.54877704
v 0.05182354 -0.07387537 0.54758704
v -0.00315685 -0.18000001 0.69738817
v -0.01630713 -0.18000001 0.68304044
v -0.01630713 -0.18000001 0.83222198
v -0.03123177 -0.18000001 0.81730384
v -0.01719291 -0.18221733 0.68221295
v -0.01815523 -0.18221173 0.68224716
v -0.01710203 -0.18213777 0.68270040
v -0.01745395 -0.18213777 0.68270040
v -0.01714745 -0.18217748 0.68245667
v -0.00550000 -0.18000001 0.68304044
v -0.03123177 -0.18277432 0.65739298
v -0.01062140 -0.18277432 0.66869909
v -0.03123177 -0.18000001 0.62336785
v -0.03123177 -0.18000001 0.65320414
v -0.01630713 -0.18000001 0.65320414
v -0.01630713 -0.18000001 0.62336785
v -0.00550000 -0.18000001 0.66812229
v -0.01881185 -0.18277432 0.65739298
v -0.03123177 -0.18000001 0.86205828
v -0.00550000 -0.18000001 0.86205828
v -0.03123177 -0.18000001 0.89189464
v -0.01630713 -0.18000001 0.89189464
v -0.00550000 -0.18000001 0.89189464
v -0.00550000 -0.18000001 0.84714013
v 0.00481580 -0.18277432 0.97709626
v 0.00702158 -0.18277432 0.97488582
v -0.02477806 -0.18277432 0.89879066
v -0.01086109 -0.18277432 0.89981723
v 0.00587528 -0.18277432 0.90818179
v -0.03123177 -0.18000001 0.99632168
v -0.03123177 -0.18000001 1.01123989
v -0.01630713 -0.18000001 0.99632168
v -0.01733000 -0.18277432 0.83277750
v -0.01778285 -0.18277432 0.83277750
v -0.01639966 -0.18277432 0.61632520
v -0.01031416 -0.18277432 0.61632520
v -0.00550000 -0.18000001 0.62336785
v -0.01637399 -0.18277432 0.89879066
v -0.00480158 -0.18277432 0.89981723
v -0.01586769 -0.18277432 0.98664492
v -0.01036305 -0.18277432 0.98664492
v -0.00552364 -0.18277432 0.98519647
v 0.00481580 -0.18277432 0.98519647
f 1 2 3
f 4 3 2
f 5 1 3
f 6 5 3
f 4 6 3
f 7 2 1
f 8 4 2
f 9 8 2
f 10 2 7
f 9 2 10
f 11 1 5
f 12 1 11
f 12 7 1
f 11 5 6
f 4 13 6
f 14 6 13
f 14 11 6
f 15 16 13
f 17 13 16
f 18 15 13
f 4 18 13
f 17 14 13
f 19 16 15
f 20 17 16
f 21 16 19
f 21 20 16
f 22 15 18
f 19 15 22
f 23 18 4
f 24 18 23
f 22 18 24
f 23 4 8
f 25 8 9
f 23 8 25
f 26 11 14
f 26 12 11
f 27 26 14
f 17 27 14
f 28 10 7
f 29 7 12
f 30 28 7
f 29 30 7
f 31 9 10
f 32 31 10
f 33 34 10
f 35 10 34
f 36 33 10
f 28 36 10
f 37 32 10
f 35 37 10
f 25 9 31
f 38 12 26
f 39 40 12
f 29 12 40
f 41 39 12
f 42 41 12
f 43 42 12
f 44 43 12
f 38 44 12
f 27 38 26
f 45 46 47
f 48 47 46
f 49 45 47
f 50 49 47
f 48 51 47
f 50 47 51
f 52 53 46
f 54 46 53
f 45 52 46
f 55 48 46
f 54 55 46
f 52 56 53
f 57 53 56
f 54 53 57
f 52 58 56
f 57 56 58
f 59 60 58
f 61 58 60
f 52 59 58
f 61 57 58
f 62 63 60
f 64 60 63
f 65 62 60
f 59 65 60
f 66 61 60
f 67 66 60
f 64 67 60
f 68 69 63
f 70 63 69
f 71 68 63
f 62 71 63
f 72 64 63
f 70 72 63
f 73 74 69
f 75 69 74
f 76 73 69
f 68 76 69
f 77 70 69
f 75 77 69
f 78 79 74
f 80 74 79
f 73 78 74
f 81 75 74
f 80 81 74
f 82 83 79
f 80 79 83
f 78 82 79
f 84 85 83
f 86 83 85
f 82 84 83
f 86 80 83
f 87 88 85
f 89 85 88
f 84 87 85
f 90 86 85
f 91 90 85
f 89 91 85
f 92 93 88
f 94 88 93
f 87 92 88
f 95 89 88
f 94 95 88
f 94 93 92
f 96 92 87
f 97 94 92
f 98 97 92
f 99 98 92
f 100 99 92
f 101 100 92
f 96 101 92
f 96 87 84
f 102 84 82
f 103 96 84
f 104 103 84
f 105 104 84
f 106 105 84
f 102 106 84
f 107 82 78
f 108 102 82
f 109 108 82
f 107 109 82
f 110 78 73
f 110 107 78
f 111 73 76
f 110 73 111
f 112 76 68
f 112 111 76
f 113 68 71
f 112 68 113
f 114 71 62
f 114 113 71
f 115 62 65
f 114 62 115
f 116 65 59
f 116 115 65
f 117 59 52
f 116 59 117
f 118 52 45
f 118 117 52
f 119 120 45
f 121 45 120
f 49 119 45
f 122 118 45
f 123 122 45
f 121 123 45
f 124 125 120
f 126 120 125
f 119 124 120
f 127 121 120
f 126 127 120
f 128 40 125
f 129 125 40
f 124 31 125
f 130 125 31
f 131 128 125
f 132 131 125
f 133 132 125
f 134 133 125
f 135 134 125
f 136 135 125
f 137 136 125
f 130 137 125
f 129 126 125
f 39 138 40
f 139 40 138
f 140 29 40
f 128 140 40
f 141 129 40
f 142 141 40
f 143 142 40
f 144 143 40
f 139 144 40
f 145 146 138
f 147 138 146
f 39 145 138
f 148 139 138
f 149 148 138
f 147 149 138
f 150 151 146
f 152 146 151
f 153 150 146
f 154 153 146
f 155 154 146
f 156 155 146
f 145 156 146
f 147 146 152
f 157 158 151
f 159 151 158
f 160 157 151
f 161 160 151
f 162 161 151
f 150 162 151
f 163 151 159
f 164 152 151
f 165 164 151
f 166 165 151
f 163 166 151
f 167 168 158
f 169 158 168
f 157 167 158
f 169 170 158
f 171 158 170
f 172 159 158
f 171 172 158
f 173 174 168
f 175 168 174
f 176 173 168
f 177 176 168
f 167 177 168
f 169 168 175
f 178 179 174
f 180 174 179
f 173 178 174
f 181 174 180
f 182 174 181
f 183 175 174
f 182 183 174
f 184 185 179
f 180 179 185
f 186 184 179
f 187 186 179
f 188 187 179
f 189 188 179
f 190 189 179
f 178 190 179
f 191 192 185
f 193 185 192
f 184 191 185
f 194 185 193
f 195 185 194
f 196 180 185
f 197 196 185
f 198 197 185
f 195 198 185
f 199 200 192
f 193 192 200
f 199 192 191
f 191 201 199
f 191 202 201
f 191 203 202
f 204 200 199
f 193 200 204
f 205 199 201
f 205 206 199
f 207 199 206
f 208 199 207
f 209 199 208
f 210 199 209
f 211 204 199
f 212 211 199
f 213 212 199
f 214 213 199
f 215 214 199
f 216 215 199
f 217 216 199
f 218 217 199
f 219 218 199
f 220 219 199
f 221 220 199
f 222 221 199
f 223 222 199
f 224 223 199
f 225 224 199
f 226 225 199
f 227 226 199
f 228 227 199
f 229 228 199
f 230 229 199
f 210 230 199
f 231 201 202
f 232 201 231
f 232 205 201
f 233 202 203
f 231 202 233
f 234 203 191
f 235 203 234
f 236 233 203
f 237 236 203
f 238 237 203
f 239 238 203
f 240 239 203
f 241 240 203
f 242 241 203
f 243 242 203
f 244 243 203
f 245 244 203
f 246 245 203
f 247 246 203
f 248 247 203
f 249 248 203
f 250 249 203
f 251 250 203
f 252 251 203
f 253 252 203
f 254 253 203
f 255 254 203
f 256 255 203
f 235 256 203
f 257 191 184
f 234 191 257
f 258 184 186
f 259 184 258
f 257 184 259
f 260 186 187
f 258 186 260
f 261 187 188
f 260 187 261
f 262 188 189
f 261 188 262
f 263 189 190
f 262 189 263
f 263 190 178
f 264 178 173
f 263 178 264
f 265 173 176
f 266 173 265
f 266 264 173
f 267 176 177
f 268 176 267
f 265 176 268
f 269 177 167
f 267 177 269
f 270 167 157
f 269 167 270
f 271 157 160
f 270 157 271
f 272 160 161
f 271 160 272
f 273 161 162
f 272 161 273
f 273 162 150
f 274 150 153
f 275 150 274
f 275 273 150
f 276 153 154
f 277 153 276
f 274 153 277
f 278 154 155
f 276 154 278
f 279 155 156
f 278 155 279
f 280 156 145
f 279 156 280
f 280 145 39
f 280 39 41
f 281 31 124
f 282 130 31
f 32 282 31
f 283 31 281
f 283 25 31
f 284 124 119
f 285 124 284
f 286 124 285
f 281 124 286
f 50 119 49
f 284 119 50
f 287 34 33
f 288 35 34
f 289 34 287
f 290 34 289
f 288 34 290
f 291 33 36
f 292 287 33
f 293 33 291
f 294 33 293
f 292 33 294
f 295 36 28
f 296 36 295
f 297 36 296
f 298 36 297
f 291 36 298
f 299 28 30
f 300 28 299
f 301 28 300
f 302 28 301
f 295 28 302
f 303 30 29
f 304 30 303
f 305 30 304
f 299 30 305
f 306 29 140
f 307 29 306
f 308 29 307
f 309 29 308
f 303 29 309
f 310 140 128
f 311 140 310
f 312 140 311
f 313 140 312
f 306 140 313
f 314 128 131
f 315 128 314
f 316 128 315
f 310 128 316
f 317 131 132
f 318 131 317
f 319 131 318
f 320 131 319
f 314 131 320
f 321 132 133
f 322 132 321
f 323 132 322
f 324 132 323
f 317 132 324
f 325 133 134
f 326 133 325
f 327 133 326
f 321 133 327
f 328 134 135
f 329 134 328
f 330 134 329
f 331 134 330
f 325 134 331
f 332 135 136
f 333 135 332
f 334 135 333
f 335 135 334
f 328 135 335
f 336 136 137
f 337 136 336
f 338 136 337
f 339 136 338
f 332 136 339
f 340 137 130
f 341 137 340
f 342 137 341
f 336 137 342
f 343 130 282
f 344 130 343
f 345 130 344
f 346 130 345
f 340 130 346
f 347 282 32
f 348 282 347
f 349 282 348
f 350 282 349
f 343 282 350
f 351 32 37
f 352 32 351
f 353 32 352
f 347 32 353
f 354 37 35
f 355 37 354
f 356 37 355
f 357 37 356
f 351 37 357
f 358 35 288
f 359 35 358
f 360 35 359
f 354 35 360
f 361 51 48
f 362 50 51
f 362 51 361
f 363 48 55
f 364 48 363
f 364 361 48
f 363 55 54
f 285 284 50
f 362 285 50
f 365 286 285
f 365 285 362
f 366 281 286
f 367 286 365
f 367 368 286
f 366 286 368
f 369 283 281
f 370 369 281
f 371 370 281
f 366 371 281
f 372 25 283
f 372 23 25
f 369 372 283
f 373 41 42
f 373 280 41
f 374 42 43
f 375 373 42
f 375 42 374
f 44 376 43
f 374 43 376
f 44 377 376
f 378 376 377
f 378 374 376
f 38 377 44
f 379 377 38
f 378 377 379
f 17 38 27
f 380 38 17
f 381 38 380
f 382 38 381
f 382 379 38
f 373 279 280
f 383 278 279
f 384 279 373
f 383 279 384
f 385 276 278
f 385 278 383
f 386 277 276
f 386 276 385
f 386 274 277
f 387 57 61
f 388 54 57
f 388 57 387
f 389 61 66
f 390 387 61
f 389 390 61
f 389 66 67
f 388 363 54
f 391 275 274
f 392 274 386
f 391 274 392
f 393 273 275
f 393 272 273
f 393 275 391
f 394 271 272
f 395 272 393
f 394 272 395
f 396 67 64
f 397 389 67
f 397 67 396
f 396 64 72
f 394 270 271
f 398 269 270
f 399 270 394
f 398 270 399
f 400 72 70
f 401 396 72
f 401 72 400
f 400 70 77
f 398 267 269
f 402 268 267
f 403 267 398
f 402 267 403
f 404 77 75
f 405 400 77
f 404 405 77
f 404 75 81
f 402 265 268
f 406 266 265
f 406 265 402
f 407 81 80
f 408 404 81
f 407 408 81
f 407 80 86
f 409 264 266
f 410 263 264
f 411 264 409
f 410 264 411
f 409 266 406
f 90 412 86
f 413 86 412
f 413 407 86
f 414 412 90
f 415 412 414
f 416 413 412
f 415 416 412
f 91 414 90
f 417 414 91
f 418 414 417
f 418 415 414
f 417 91 89
f 419 89 95
f 419 417 89
f 420 262 263
f 420 263 410
f 421 261 262
f 421 262 420
f 422 260 261
f 422 261 421
f 423 258 260
f 423 260 422
f 97 95 94
f 424 95 97
f 424 419 95
f 425 259 258
f 425 258 423
f 426 257 259
f 426 259 425
f 427 234 257
f 427 257 426
f 427 235 234
f 428 97 98
f 428 424 97
f 429 98 99
f 430 428 98
f 431 430 98
f 432 431 98
f 429 432 98
f 433 99 100
f 434 429 99
f 433 434 99
f 435 100 101
f 436 433 100
f 437 436 100
f 438 437 100
f 435 438 100
f 439 233 236
f 232 231 233
f 440 232 233
f 441 233 439
f 441 440 233
f 442 236 237
f 439 236 442
f 443 237 238
f 442 237 443
f 444 238 239
f 443 238 444
f 445 239 240
f 444 239 445
f 446 240 241
f 445 240 446
f 447 241 242
f 446 241 447
f 448 242 243
f 447 242 448
f 449 243 244
f 448 243 449
f 450 244 245
f 449 244 450
f 451 245 246
f 450 245 451
f 452 246 247
f 451 246 452
f 453 247 248
f 452 247 453
f 454 248 249
f 453 248 454
f 455 249 250
f 454 249 455
f 456 250 251
f 455 250 456
f 457 251 252
f 456 251 457
f 458 252 253
f 457 252 458
f 459 253 254
f 458 253 459
f 460 254 255
f 459 254 460
f 461 255 256
f 460 255 461
f 462 256 235
f 461 256 462
f 463 235 427
f 462 235 463
f 464 206 205
f 465 207 206
f 464 465 206
f 466 205 232
f 466 464 205
f 467 466 232
f 440 467 232
f 468 208 207
f 469 207 465
f 468 207 469
f 470 209 208
f 470 208 468
f 471 465 464
f 471 469 465
f 471 464 466
f 467 471 466
f 468 469 471
f 472 473 471
f 474 471 473
f 475 472 471
f 476 475 471
f 467 476 471
f 474 468 471
f 477 473 472
f 478 474 473
f 479 478 473
f 477 479 473
f 480 472 475
f 480 477 472
f 481 482 475
f 483 475 482
f 476 481 475
f 480 475 483
f 484 482 481
f 485 482 484
f 486 487 482
f 488 482 487
f 485 486 482
f 483 482 488
f 489 481 476
f 484 481 489
f 440 476 467
f 441 476 440
f 490 476 441
f 489 476 490
f 491 210 209
f 491 209 470
f 492 204 211
f 492 193 204
f 493 211 212
f 492 211 493
f 494 212 213
f 493 212 494
f 495 213 214
f 494 213 495
f 496 214 215
f 495 214 496
f 497 215 216
f 496 215 497
f 498 216 217
f 497 216 498
f 499 217 218
f 498 217 499
f 500 218 219
f 499 218 500
f 501 219 220
f 500 219 501
f 502 220 221
f 501 220 502
f 503 221 222
f 502 221 503
f 504 222 223
f 503 222 504
f 505 223 224
f 504 223 505
f 506 224 225
f 505 224 506
f 507 225 226
f 506 225 507
f 508 226 227
f 507 226 508
f 509 227 228
f 508 227 509
f 510 228 229
f 509 228 510
f 511 229 230
f 510 229 511
f 512 230 210
f 511 230 512
f 512 210 491
f 103 101 96
f 513 101 103
f 514 101 513
f 435 101 514
f 514 515 435
f 516 194 193
f 517 193 492
f 516 193 517
f 513 103 104
f 518 104 105
f 519 513 104
f 518 519 104
f 520 105 106
f 520 518 105
f 521 106 102
f 521 520 106
f 522 102 108
f 522 521 102
f 523 195 194
f 523 194 516
f 524 180 196
f 524 181 180
f 525 196 197
f 524 196 525
f 526 197 198
f 525 197 526
f 527 198 195
f 526 198 527
f 528 195 523
f 527 195 528
f 529 108 109
f 522 108 529
f 530 109 107
f 530 529 109
f 531 107 110
f 530 107 531
f 532 182 181
f 533 181 524
f 532 181 533
f 534 110 111
f 535 111 112
f 535 534 111
f 534 531 110
f 536 530 531
f 537 531 534
f 536 531 537
f 538 175 183
f 539 169 175
f 538 539 175
f 532 183 182
f 532 538 183
f 114 112 113
f 540 112 114
f 541 535 112
f 541 112 540
f 542 170 169
f 543 171 170
f 542 543 170
f 542 169 539
f 544 114 115
f 545 115 116
f 545 544 115
f 546 540 114
f 544 546 114
f 547 159 172
f 548 163 159
f 548 159 547
f 549 172 171
f 549 550 172
f 551 172 550
f 551 547 172
f 549 171 543
f 552 117 118
f 553 116 117
f 552 553 117
f 122 554 118
f 552 118 554
f 545 116 553
f 555 554 122
f 556 554 555
f 557 552 554
f 556 557 554
f 123 555 122
f 123 558 555
f 559 555 558
f 559 556 555
f 560 558 123
f 561 558 560
f 561 559 558
f 560 123 121
f 562 121 127
f 563 121 562
f 563 560 121
f 564 152 164
f 564 147 152
f 565 164 165
f 565 564 164
f 566 165 166
f 165 566 567
f 568 565 165
f 566 166 163
f 569 566 163
f 570 569 163
f 548 570 163
f 571 562 127
f 126 571 127
f 572 562 571
f 573 563 562
f 572 573 562
f 141 571 126
f 574 571 141
f 574 572 571
f 141 126 129
f 574 141 142
f 575 142 143
f 576 574 142
f 577 576 142
f 578 577 142
f 575 578 142
f 575 143 144
f 579 144 139
f 579 575 144
f 580 139 148
f 581 579 139
f 582 581 139
f 580 582 139
f 149 583 148
f 580 148 583
f 149 584 583
f 585 583 584
f 586 580 583
f 587 583 585
f 587 586 583
f 588 584 149
f 589 584 588
f 589 590 584
f 585 584 590
f 147 588 149
f 564 588 147
f 591 588 564
f 591 592 588
f 593 588 592
f 594 589 588
f 595 594 588
f 596 595 588
f 593 596 588
f 372 24 23
f 20 380 17
f 597 364 363
f 597 363 388
f 598 361 364
f 599 362 361
f 599 361 598
f 600 364 597
f 600 598 364
f 365 362 599
f 601 384 373
f 601 373 375
f 602 383 384
f 602 384 601
f 602 385 383
f 392 386 385
f 603 392 385
f 604 385 602
f 605 385 604
f 605 603 385
f 606 391 392
f 607 392 603
f 606 392 607
f 608 387 390
f 609 388 387
f 609 387 608
f 610 390 389
f 611 608 390
f 610 611 390
f 610 389 397
f 609 597 388
f 612 393 391
f 612 391 606
f 613 395 393
f 613 393 612
f 614 394 395
f 614 395 613
f 615 397 396
f 615 396 401
f 616 610 397
f 616 397 615
f 617 399 394
f 617 394 614
f 618 398 399
f 618 399 617
f 619 401 400
f 405 619 400
f 620 401 619
f 620 615 401
f 621 619 405
f 621 622 619
f 620 619 622
f 623 405 404
f 623 621 405
f 624 403 398
f 624 398 618
f 625 402 403
f 625 403 624
f 623 404 408
f 626 627 628
f 629 628 627
f 630 626 628
f 631 628 629
f 632 633 628
f 630 628 633
f 631 632 628
f 634 627 626
f 635 629 627
f 636 635 627
f 634 636 627
f 637 626 638
f 630 638 626
f 634 626 637
f 639 629 635
f 631 629 639
f 640 639 635
f 641 640 635
f 636 641 635
f 642 639 640
f 643 639 642
f 643 631 639
f 644 642 640
f 645 644 640
f 646 645 640
f 641 646 640
f 647 642 644
f 648 643 642
f 647 648 642
f 649 644 645
f 650 644 649
f 650 647 644
f 651 649 645
f 646 651 645
f 652 649 651
f 650 649 652
f 653 652 651
f 646 653 651
f 654 652 653
f 655 652 654
f 655 650 652
f 656 654 653
f 646 656 653
f 657 654 656
f 658 654 657
f 658 655 654
f 659 657 656
f 660 659 656
f 646 660 656
f 661 657 659
f 658 657 661
f 662 661 659
f 663 662 659
f 664 663 659
f 665 664 659
f 660 665 659
f 666 661 662
f 658 661 666
f 667 666 662
f 668 667 662
f 663 668 662
f 669 666 667
f 670 666 669
f 671 666 670
f 672 658 666
f 671 672 666
f 668 669 667
f 673 670 669
f 674 669 668
f 675 669 674
f 673 669 675
f 673 671 670
f 676 677 678
f 679 678 677
f 680 676 678
f 681 680 678
f 682 681 678
f 683 682 678
f 684 683 678
f 685 678 679
f 684 678 686
f 687 686 678
f 687 678 685
f 679 677 676
f 688 676 680
f 689 676 688
f 690 676 689
f 679 676 690
f 688 680 691
f 681 691 680
f 692 688 691
f 681 692 691
f 693 688 692
f 694 688 693
f 694 689 688
f 695 692 681
f 696 693 692
f 682 696 692
f 697 682 692
f 698 697 692
f 698 692 695
f 697 681 682
f 695 681 697
f 696 699 693
f 700 693 699
f 700 694 693
f 696 701 699
f 702 699 701
f 702 700 699
f 696 703 701
f 704 701 703
f 704 702 701
f 696 705 703
f 706 703 705
f 707 704 703
f 708 707 703
f 706 708 703
f 709 705 696
f 710 705 709
f 711 706 705
f 710 711 705
f 712 709 696
f 713 712 696
f 714 713 696
f 715 714 696
f 682 716 696
f 715 696 716
f 710 709 712
f 717 712 713
f 710 712 717
f 718 717 713
f 714 718 713
f 719 717 718
f 710 717 719
f 720 719 718
f 721 720 718
f 722 721 718
f 714 722 718
f 723 719 720
f 710 719 723
f 724 723 720
f 725 724 720
f 721 725 720
f 726 723 724
f 710 723 726
f 727 726 724
f 728 727 724
f 725 728 724
f 729 726 727
f 710 726 729
f 730 729 727
f 728 730 727
f 731 729 730
f 732 729 731
f 733 729 732
f 733 710 729
f 734 731 730
f 728 735 730
f 736 730 735
f 737 730 736
f 737 734 730
f 738 732 731
f 739 731 734
f 740 738 731
f 741 731 739
f 740 731 741
f 738 733 732
f 742 743 744
f 745 744 743
f 746 742 744
f 747 744 745
f 747 746 744
f 742 748 743
f 749 743 748
f 750 743 749
f 750 745 743
f 751 748 742
f 752 749 748
f 753 752 748
f 754 753 748
f 751 754 748
f 755 751 742
f 756 755 742
f 756 742 746
f 757 749 752
f 758 749 757
f 758 750 749
f 759 757 752
f 760 759 752
f 753 760 752
f 761 757 759
f 762 757 761
f 762 758 757
f 763 761 759
f 764 763 759
f 760 765 759
f 764 759 765
f 766 761 763
f 767 761 766
f 767 762 761
f 768 766 763
f 769 768 763
f 764 769 763
f 770 766 768
f 771 766 770
f 771 767 766
f 772 770 768
f 773 772 768
f 769 773 768
f 774 770 772
f 775 770 774
f 775 771 770
f 776 774 772
f 773 776 772
f 777 774 776
f 778 774 777
f 778 775 774
f 779 777 776
f 773 779 776
f 780 777 779
f 781 777 780
f 781 778 777
f 782 780 779
f 773 782 779
f 783 780 782
f 781 780 783
f 784 783 782
f 773 784 782
f 785 783 784
f 781 783 785
f 786 785 784
f 773 786 784
f 787 785 786
f 781 785 787
f 788 787 786
f 773 788 786
f 789 787 788
f 790 787 789
f 791 787 790
f 791 781 787
f 792 789 788
f 773 793 788
f 792 788 793
f 794 790 789
f 794 789 792
f 795 791 790
f 796 795 790
f 796 790 794
f 797 798 799
f 800 799 798
f 801 797 799
f 801 799 800
f 802 798 797
f 803 800 798
f 804 803 798
f 805 804 798
f 805 798 806
f 807 806 798
f 807 798 802
f 808 797 801
f 802 797 808
f 809 800 803
f 809 801 800
f 810 803 804
f 811 803 810
f 811 809 803
f 812 810 804
f 813 812 804
f 805 813 804
f 814 810 812
f 815 810 814
f 816 811 810
f 815 816 810
f 817 814 812
f 813 817 812
f 818 814 817
f 815 814 818
f 819 818 817
f 820 819 817
f 813 820 817
f 821 818 819
f 815 818 821
f 822 821 819
f 823 822 819
f 820 823 819
f 824 821 822
f 815 821 824
f 825 824 822
f 826 825 822
f 823 826 822
f 827 824 825
f 828 824 827
f 828 815 824
f 829 827 825
f 826 829 825
f 830 827 829
f 831 827 830
f 831 828 827
f 832 830 829
f 833 832 829
f 826 833 829
f 834 830 832
f 835 830 834
f 835 831 830
f 836 834 832
f 837 836 832
f 833 837 832
f 838 834 836
f 835 834 838
f 839 838 836
f 840 839 836
f 841 840 836
f 837 841 836
f 842 838 839
f 843 838 842
f 844 838 843
f 844 835 838
f 845 842 839
f 846 839 840
f 845 839 847
f 846 847 839
f 845 843 842
f 848 844 843
f 845 848 843
f 849 850 851
f 852 851 850
f 853 849 851
f 854 851 852
f 854 853 851
f 855 850 849
f 856 852 850
f 857 856 850
f 858 857 850
f 858 850 855
f 859 855 849
f 860 859 849
f 853 860 849
f 854 852 856
f 861 856 857
f 854 856 861
f 862 861 857
f 858 862 857
f 863 861 862
f 854 861 863
f 864 863 862
f 858 864 862
f 865 863 864
f 854 863 865
f 866 865 864
f 858 866 864
f 867 865 866
f 854 865 867
f 868 867 866
f 858 868 866
f 869 867 868
f 854 867 869
f 870 869 868
f 858 870 868
f 871 869 870
f 854 869 871
f 872 871 870
f 858 872 870
f 873 871 872
f 854 871 873
f 874 873 872
f 858 874 872
f 875 873 874
f 854 873 875
f 876 875 874
f 858 876 874
f 877 875 876
f 854 875 877
f 878 877 876
f 858 878 876
f 879 877 878
f 854 877 879
f 880 879 878
f 881 880 878
f 882 881 878
f 858 882 878
f 883 879 880
f 854 879 883
f 884 883 880
f 885 884 880
f 885 880 881
f 886 883 884
f 887 854 883
f 888 887 883
f 886 888 883
f 889 884 885
f 890 884 889
f 890 886 884
f 891 892 893
f 894 893 892
f 895 891 893
f 896 893 894
f 897 898 893
f 895 893 898
f 896 897 893
f 899 892 891
f 900 894 892
f 901 900 892
f 899 901 892
f 899 891 902
f 903 902 891
f 895 903 891
f 904 894 900
f 905 894 904
f 905 896 894
f 906 904 900
f 907 906 900
f 908 907 900
f 901 908 900
f 909 904 906
f 910 904 909
f 910 905 904
f 911 909 906
f 912 913 906
f 914 906 913
f 907 912 906
f 915 906 914
f 911 906 915
f 911 910 909
f 916 406 402
f 916 402 625
f 917 409 406
f 917 406 916
f 918 408 407
f 919 623 408
f 919 408 918
f 918 407 413
f 920 921 922
f 638 922 921
f 923 920 922
f 924 922 638
f 924 925 922
f 923 922 925
f 926 921 920
f 637 638 921
f 927 637 921
f 926 927 921
f 928 926 920
f 929 928 920
f 923 929 920
f 630 924 638
f 927 634 637
f 715 930 931
f 932 931 930
f 715 931 933
f 934 933 931
f 935 931 932
f 936 931 935
f 934 931 936
f 937 938 930
f 939 930 938
f 715 937 930
f 940 932 930
f 941 930 939
f 942 930 941
f 940 930 942
f 943 944 938
f 945 938 944
f 937 943 938
f 946 938 945
f 947 938 946
f 948 938 947
f 939 938 948
f 943 949 944
f 950 944 949
f 951 944 950
f 952 944 951
f 953 944 952
f 945 944 953
f 943 765 949
f 954 949 765
f 955 949 954
f 956 949 955
f 950 949 956
f 957 765 760
f 943 764 765
f 958 765 957
f 959 765 958
f 960 765 959
f 954 765 960
f 961 760 753
f 962 760 961
f 963 760 962
f 964 760 963
f 957 760 964
f 965 753 754
f 966 753 965
f 967 753 966
f 961 753 967
f 751 968 754
f 969 754 968
f 970 754 969
f 971 754 970
f 972 754 971
f 965 754 972
f 973 735 968
f 974 968 735
f 751 973 968
f 975 968 974
f 976 968 975
f 977 968 976
f 969 968 977
f 978 735 728
f 973 736 735
f 979 735 978
f 980 735 979
f 974 735 980
f 981 728 725
f 982 728 981
f 983 728 982
f 984 728 983
f 978 728 984
f 985 725 721
f 986 725 985
f 987 725 986
f 988 725 987
f 981 725 988
f 989 721 722
f 990 721 989
f 991 721 990
f 992 721 991
f 985 721 992
f 993 722 714
f 994 722 993
f 995 722 994
f 989 722 995
f 715 996 714
f 997 714 996
f 998 714 997
f 999 714 998
f 1000 714 999
f 993 714 1000
f 715 1001 996
f 1002 996 1001
f 1003 996 1002
f 1004 996 1003
f 1005 996 1004
f 997 996 1005
f 715 1006 1001
f 1007 1001 1006
f 1008 1001 1007
f 1009 1001 1008
f 1002 1001 1009
f 715 933 1006
f 1010 1006 933
f 1011 1006 1010
f 1012 1006 1011
f 1013 1006 1012
f 1007 1006 1013
f 1014 933 934
f 1015 933 1014
f 1016 933 1015
f 1010 933 1016
f 715 716 1017
f 1018 1017 716
f 1019 715 1017
f 1018 1020 1017
f 1019 1017 1020
f 682 1021 716
f 1018 716 1021
f 682 668 1021
f 1022 1021 668
f 1023 1021 1022
f 1024 1021 1025
f 1023 1025 1021
f 1026 1021 1024
f 1018 1021 1026
f 1027 668 663
f 1028 674 668
f 682 1028 668
f 1029 1022 668
f 1029 668 1027
f 1030 663 664
f 1031 1027 663
f 1030 1031 663
f 1032 664 665
f 1032 1030 664
f 1033 665 660
f 1033 1032 665
f 1034 660 646
f 1035 660 1034
f 1036 660 1035
f 1036 1033 660
f 1037 646 641
f 1038 1034 646
f 1037 1038 646
f 1039 641 636
f 1040 641 1039
f 1041 641 1040
f 1041 1037 641
f 1042 636 634
f 1039 636 1042
f 1043 634 927
f 1042 634 1043
f 1044 927 926
f 1045 927 1044
f 1046 1043 927
f 1047 1046 927
f 1047 927 1045
f 928 1048 926
f 1044 926 1048
f 1049 1050 1048
f 1051 1048 1050
f 1052 1049 1048
f 928 1052 1048
f 1053 1048 1051
f 1054 1044 1048
f 1055 1054 1048
f 1055 1048 1053
f 1056 1057 1050
f 1058 1050 1057
f 1059 1056 1050
f 1060 1059 1050
f 1061 1060 1050
f 1062 1061 1050
f 1063 1062 1050
f 1049 1063 1050
f 1064 1050 1058
f 1065 1051 1050
f 1065 1050 1064
f 1066 1057 1056
f 1067 1058 1057
f 1067 1057 1066
f 1068 1069 1056
f 1070 1056 1069
f 1071 1068 1056
f 1072 1071 1056
f 1073 1072 1056
f 1074 1073 1056
f 1075 1074 1056
f 1076 1075 1056
f 1077 1076 1056
f 1059 1077 1056
f 1078 1056 1070
f 1066 1056 1078
f 1079 1069 1068
f 1080 1070 1069
f 1080 1069 1079
f 1081 1068 1071
f 1082 1068 1081
f 1083 1068 1082
f 1079 1068 1083
f 1084 1071 1072
f 1081 1071 1084
f 1085 1072 1073
f 1084 1072 1085
f 1086 1073 1074
f 1087 1073 1088
f 1089 1088 1073
f 1090 1073 1087
f 1086 1089 1073
f 1091 1085 1073
f 1092 1091 1073
f 1093 1092 1073
f 1094 1093 1073
f 1095 1094 1073
f 1096 1095 1073
f 1090 1096 1073
f 1086 1074 1075
f 1097 1098 1075
f 1099 1075 1098
f 1100 1097 1075
f 1101 1100 1075
f 1102 1101 1075
f 1076 1102 1075
f 1103 1075 1099
f 1104 1075 1103
f 1104 1086 1075
f 1105 1098 1097
f 1106 1098 1105
f 1107 1098 1106
f 1099 1098 1107
f 1108 1097 1100
f 1109 1097 1108
f 1110 1105 1097
f 1111 1110 1097
f 1109 1111 1097
f 1112 1100 1101
f 1113 1100 1112
f 1114 1100 1113
f 1115 1108 1100
f 1116 1115 1100
f 1117 1116 1100
f 1118 1117 1100
f 1114 1118 1100
f 1119 1101 1102
f 1112 1101 1119
f 1120 1102 1076
f 1121 1102 1122
f 1123 1122 1102
f 1124 1119 1102
f 1125 1124 1102
f 1126 1125 1102
f 1127 1126 1102
f 1128 1127 1102
f 1129 1128 1102
f 1130 1129 1102
f 1131 1130 1102
f 1132 1131 1102
f 1121 1132 1102
f 1120 1123 1102
f 1120 1076 1077
f 1133 1134 1077
f 1135 1077 1134
f 1136 1133 1077
f 1137 1136 1077
f 1138 1137 1077
f 1139 1138 1077
f 1059 1139 1077
f 1140 1077 1135
f 1140 1120 1077
f 1141 1134 1133
f 1142 1134 1141
f 1143 1134 1142
f 1135 1134 1143
f 1144 1133 1136
f 1141 1133 1144
f 1145 1136 1137
f 1146 1136 1145
f 1144 1136 1146
f 1147 1137 1138
f 1145 1137 1147
f 1148 1138 1139
f 1148 1147 1138
f 1149 1139 1059
f 1150 1139 1149
f 1148 1139 1150
f 1149 1059 1060
f 1151 1060 1061
f 1151 1149 1060
f 1152 1061 1062
f 1152 1153 1061
f 1154 1061 1153
f 1151 1061 1154
f 1152 1062 1063
f 1155 1063 1049
f 1155 1152 1063
f 1153 1049 1052
f 1155 1049 1153
f 929 1052 928
f 1156 1052 929
f 1156 1153 1052
f 683 674 1028
f 1157 674 683
f 1158 674 1157
f 1158 675 674
f 683 1028 682
f 737 736 973
f 737 973 751
f 737 751 734
f 755 734 751
f 773 806 793
f 792 793 806
f 773 805 806
f 794 792 806
f 808 794 806
f 802 808 806
f 807 802 806
f 858 855 840
f 846 840 855
f 841 858 840
f 860 855 859
f 846 855 860
f 1159 902 881
f 885 881 902
f 1160 1159 881
f 882 1160 881
f 1159 899 902
f 889 885 902
f 890 889 902
f 1161 1162 902
f 886 902 1162
f 1161 902 903
f 890 902 886
f 1163 1164 913
f 914 913 1164
f 912 1163 913
f 1165 1166 1164
f 1167 1164 1166
f 1168 1165 1164
f 1163 1168 1164
f 1167 914 1164
f 1169 1170 1166
f 1171 1166 1170
f 1172 1169 1166
f 1173 1172 1166
f 1174 1173 1166
f 1165 1174 1166
f 1175 1167 1166
f 1176 1175 1166
f 1177 1166 1171
f 1176 1166 1177
f 1178 1170 1169
f 1179 1171 1170
f 1180 1170 1178
f 1181 1170 1180
f 1179 1170 1181
f 1182 1183 1169
f 1178 1169 1183
f 1184 1182 1169
f 1172 1184 1169
f 1185 1186 1183
f 1187 1183 1186
f 1188 1185 1183
f 1189 1188 1183
f 1190 1189 1183
f 1191 1190 1183
f 1192 1191 1183
f 1193 1192 1183
f 1194 1193 1183
f 1195 1194 1183
f 1196 1195 1183
f 1197 1196 1183
f 1198 1197 1183
f 1182 1198 1183
f 1199 1178 1183
f 1200 1183 1187
f 1199 1183 1200
f 1201 1186 1185
f 1202 1187 1186
f 1201 1202 1186
f 1203 1185 1188
f 1204 1185 1203
f 1205 1185 1204
f 1201 1185 1205
f 1206 1188 1189
f 1206 1203 1188
f 1207 1189 1190
f 1207 1206 1189
f 1208 1190 1191
f 1209 1207 1190
f 1210 1190 1208
f 1211 1190 1210
f 1212 1209 1190
f 1211 1212 1190
f 1208 1191 1192
f 1213 1214 1192
f 1215 1192 1214
f 1216 1213 1192
f 1217 1216 1192
f 1218 1217 1192
f 1193 1218 1192
f 1219 1208 1192
f 1220 1219 1192
f 1215 1221 1192
f 1222 1192 1221
f 1223 1192 1222
f 1220 1192 1223
f 1224 1214 1213
f 1225 1226 1214
f 1215 1214 1226
f 1224 1225 1214
f 1227 1213 1216
f 1228 1224 1213
f 1229 1228 1213
f 1227 1229 1213
f 1230 1216 1217
f 1231 1227 1216
f 1232 1231 1216
f 1230 1232 1216
f 1233 1217 1218
f 1233 1230 1217
f 1234 1218 1193
f 1235 1233 1218
f 1236 1235 1218
f 1236 1218 1234
f 1234 1193 1194
f 1237 1238 1194
f 1239 1194 1238
f 1240 1237 1194
f 1241 1240 1194
f 1195 1241 1194
f 1242 1194 1239
f 1234 1194 1242
f 1243 1238 1237
f 1244 1239 1238
f 1245 1244 1238
f 1243 1245 1238
f 1246 1237 1240
f 1247 1243 1237
f 1246 1247 1237
f 1248 1240 1241
f 1249 1246 1240
f 1250 1249 1240
f 1251 1250 1240
f 1248 1251 1240
f 1252 1241 1195
f 1253 1248 1241
f 1254 1253 1241
f 1254 1241 1252
f 1252 1195 1196
f 1255 1256 1196
f 1257 1196 1256
f 1258 1255 1196
f 1259 1258 1196
f 1197 1259 1196
f 1252 1196 1260
f 1257 1260 1196
f 1261 1256 1255
f 1262 1257 1256
f 1263 1262 1256
f 1264 1256 1261
f 1264 1263 1256
f 1265 1255 1258
f 1265 1261 1255
f 1266 1258 1259
f 1266 1265 1258
f 1267 1259 1197
f 1268 1266 1259
f 1269 1268 1259
f 1270 1259 1267
f 1271 1269 1259
f 1272 1259 1270
f 1271 1259 1272
f 1267 1197 1198
f 1273 1274 1198
f 1275 1198 1274
f 1276 1273 1198
f 1277 1276 1198
f 1278 1277 1198
f 1182 1278 1198
f 1270 1267 1198
f 1270 1198 1275
f 1279 1274 1273
f 1280 1275 1274
f 1281 1280 1274
f 1279 1282 1274
f 1283 1274 1282
f 1281 1274 1283
f 1284 1273 1276
f 1284 1279 1273
f 1285 1276 1277
f 1285 1284 1276
f 1286 1277 1278
f 1287 1285 1277
f 1288 1287 1277
f 1286 1288 1277
f 1289 1278 1182
f 1290 1278 1289
f 1290 1286 1278
f 1289 1182 1184
f 1291 1184 1172
f 1290 1289 1184
f 1292 1184 1291
f 1293 1290 1184
f 1292 1293 1184
f 1291 1172 1173
f 1294 1173 1174
f 1292 1291 1173
f 1295 1292 1173
f 1294 1295 1173
f 1296 1174 1165
f 1297 1174 1296
f 1297 1294 1174
f 1296 1165 1168
f 1298 1168 1163
f 1297 1296 1168
f 1298 1297 1168
f 1299 1163 912
f 1300 1163 1299
f 1301 1298 1163
f 1300 1301 1163
f 1302 912 907
f 1299 912 1302
f 1302 907 908
f 1303 908 901
f 1304 1302 908
f 1304 908 1303
f 1305 901 899
f 1306 901 1305
f 1303 901 1306
f 1307 899 1159
f 1307 1308 899
f 1305 899 1308
f 1309 1159 1160
f 1310 1159 1309
f 1311 1307 1159
f 1311 1159 1310
f 882 1312 1160
f 1313 1160 1312
f 1314 1160 1313
f 1315 1309 1160
f 1315 1160 1314
f 1316 1312 882
f 1317 1313 1312
f 1318 1312 1316
f 1317 1312 1318
f 1316 882 858
f 1319 858 841
f 1320 1321 858
f 1316 858 1321
f 1322 1320 858
f 1319 1322 858
f 1323 841 837
f 1324 1319 841
f 1325 841 1323
f 1326 1327 841
f 1328 841 1327
f 1329 1326 841
f 1330 841 1328
f 1331 841 1330
f 1332 841 1333
f 1331 1333 841
f 1324 841 1332
f 1325 1334 841
f 1329 841 1334
f 1335 837 833
f 1336 837 1335
f 1337 837 1336
f 1338 1323 837
f 1339 1338 837
f 1340 1339 837
f 1341 1340 837
f 1342 1341 837
f 1337 1342 837
f 1343 833 826
f 1335 833 1343
f 1343 826 823
f 1344 823 820
f 1343 823 1344
f 1345 820 813
f 1344 820 1345
f 1346 813 805
f 1345 813 1346
f 1347 805 773
f 1347 1346 805
f 769 1348 773
f 1349 773 1348
f 1350 1347 773
f 1351 1350 773
f 1352 1351 773
f 1353 1352 773
f 1354 1353 773
f 1355 1354 773
f 1356 1355 773
f 1349 1356 773
f 1357 1348 769
f 1358 1348 1357
f 1359 1348 1358
f 1360 1348 1359
f 1361 1348 1362
f 1363 1362 1348
f 1364 1348 1361
f 1365 1348 1364
f 1366 1348 1365
f 1367 1348 1366
f 1368 1348 1367
f 1369 1370 1348
f 1349 1348 1370
f 1371 1369 1348
f 1372 1371 1348
f 1373 1372 1348
f 1363 1348 1360
f 1374 1375 1348
f 1376 1348 1375
f 1377 1374 1348
f 1373 1348 1376
f 1378 1348 1368
f 1377 1348 1378
f 1357 769 764
f 943 1379 764
f 1380 764 1379
f 1357 764 1380
f 1381 1379 943
f 1382 1379 1381
f 1383 1379 1382
f 1380 1379 1383
f 1381 943 937
f 1019 937 715
f 1381 937 1384
f 1385 1384 937
f 1019 1386 937
f 1387 937 1386
f 1388 937 1387
f 1389 1385 937
f 1390 1389 937
f 1391 937 1388
f 1390 937 1391
f 684 1157 683
f 1392 1158 1157
f 1392 1157 684
f 698 695 697
f 739 734 755
f 739 755 1393
f 1394 1393 755
f 1395 755 756
f 1394 755 1395
f 1396 860 853
f 1397 847 860
f 846 860 847
f 1396 1397 860
f 1161 903 1162
f 1398 1162 903
f 886 1162 888
f 1399 888 1162
f 1400 1399 1162
f 1400 1162 1398
f 1398 903 895
f 1401 914 1167
f 1401 915 914
f 1402 1167 1175
f 1402 1401 1167
f 1176 1402 1175
f 1403 411 409
f 1403 409 917
f 1404 410 411
f 1404 411 1403
f 1405 918 413
f 416 1405 413
f 1406 929 923
f 1406 1156 929
f 1179 1177 1171
f 1407 420 410
f 1407 410 1404
f 1408 421 420
f 1408 420 1407
f 1155 1153 1152
f 1406 1153 1156
f 1409 1153 1406
f 1154 1153 1409
f 1410 1180 1178
f 1199 1410 1178
f 1410 1181 1180
f 1411 422 421
f 1412 421 1408
f 1413 1411 421
f 1412 1413 421
f 1414 417 419
f 1414 418 417
f 1415 419 424
f 1415 1414 419
f 428 1415 424
f 1411 423 422
f 1416 1149 1151
f 1150 1149 1416
f 1202 1200 1187
f 1411 425 423
f 1417 426 425
f 1418 425 1411
f 1417 425 1418
f 1419 427 426
f 1419 426 1417
f 1420 1145 1147
f 1421 1147 1148
f 1421 1420 1147
f 1422 1146 1145
f 1422 1145 1420
f 1423 1204 1203
f 1424 1203 1206
f 1424 1423 1203
f 1423 1205 1204
f 1425 463 427
f 1425 427 1419
f 1426 1144 1146
f 1427 1146 1422
f 1426 1146 1427
f 1209 1206 1207
f 1428 1424 1206
f 1209 1428 1206
f 1429 462 463
f 1429 463 1425
f 1430 1141 1144
f 1426 1430 1144
f 1429 461 462
f 1219 1210 1208
f 1220 1210 1219
f 1220 1211 1210
f 1429 460 461
f 1429 459 460
f 1431 1226 1225
f 1432 1226 1431
f 1215 1226 1432
f 1433 1431 1225
f 1434 1225 1224
f 1434 1433 1225
f 1433 1432 1431
f 1429 458 459
f 1430 1142 1141
f 1435 1224 1228
f 1435 1434 1224
f 1436 1228 1229
f 1437 1435 1228
f 1436 1437 1228
f 1438 1229 1227
f 1438 1436 1229
f 1429 457 458
f 1429 456 457
f 1429 455 456
f 1439 1227 1231
f 1439 1438 1227
f 1440 1231 1232
f 1440 1439 1231
f 1440 1232 1230
f 1429 454 455
f 1441 1143 1142
f 1442 1441 1142
f 1442 1142 1430
f 1429 453 454
f 1443 1143 1441
f 1135 1143 1444
f 1445 1444 1143
f 1445 1143 1443
f 1443 1441 1442
f 1140 1135 1444
f 1446 1140 1444
f 1445 1446 1444
f 1429 452 453
f 1447 1230 1233
f 1448 1440 1230
f 1447 1448 1230
f 1429 451 452
f 1449 1121 1122
f 1450 1122 1123
f 1449 1122 1450
f 1451 1119 1124
f 1452 1112 1119
f 1452 1119 1451
f 1453 1124 1125
f 1454 1451 1124
f 1453 1454 1124
f 1455 1125 1126
f 1453 1125 1455
f 1456 1126 1127
f 1457 1126 1456
f 1455 1126 1457
f 1458 1127 1128
f 1456 1127 1458
f 1459 1128 1129
f 1458 1128 1459
f 1460 1129 1130
f 1459 1129 1460
f 1461 1130 1131
f 1460 1130 1461
f 1462 1131 1132
f 1461 1131 1462
f 1449 1132 1121
f 1462 1132 1449
f 1140 1123 1120
f 1446 1123 1140
f 1463 1450 1123
f 1446 1463 1123
f 1429 450 451
f 1429 449 450
f 1235 1447 1233
f 1429 448 449
f 1429 447 448
f 1429 446 447
f 1429 445 446
f 1429 444 445
f 1244 1242 1239
f 1464 1242 1244
f 1465 1234 1242
f 1466 1465 1242
f 1467 1466 1242
f 1464 1467 1242
f 1468 1244 1245
f 1469 1244 1468
f 1469 1464 1244
f 1470 1468 1245
f 1471 1245 1243
f 1471 1470 1245
f 1470 1469 1468
f 1429 443 444
f 1472 1243 1247
f 1472 1471 1243
f 1473 1247 1246
f 1473 1472 1247
f 1474 442 443
f 1429 1474 443
f 441 439 442
f 490 441 442
f 1475 442 1474
f 1475 490 442
f 1476 1246 1249
f 1476 1473 1246
f 1477 1249 1250
f 1477 1476 1249
f 1477 1250 1251
f 1478 1251 1248
f 1479 1477 1251
f 1478 1479 1251
f 1480 1248 1253
f 1480 1478 1248
f 1481 1113 1112
f 1481 1112 1452
f 1482 1114 1113
f 1482 1113 1481
f 474 470 468
f 1483 1108 1115
f 1484 1109 1108
f 1484 1108 1483
f 1485 1115 1116
f 1483 1115 1485
f 1486 1116 1117
f 1485 1116 1486
f 1487 1117 1118
f 1486 1117 1487
f 1488 1118 1114
f 1487 1118 1488
f 1488 1114 1482
f 478 491 470
f 478 470 474
f 1489 1253 1254
f 1490 1480 1253
f 1491 1490 1253
f 1489 1491 1253
f 1492 512 491
f 1493 491 478
f 1494 491 1493
f 1492 491 1494
f 1492 511 512
f 1492 510 511
f 1254 1252 1260
f 1495 1254 1260
f 1496 1260 1257
f 1495 1260 1496
f 1495 1497 1254
f 1498 1254 1497
f 1498 1489 1254
f 1492 509 510
f 1492 508 509
f 1499 1105 1110
f 1500 1106 1105
f 1500 1105 1499
f 1501 1110 1111
f 1499 1110 1501
f 1502 1111 1109
f 1501 1111 1502
f 1502 1109 1484
f 1262 1496 1257
f 1263 1496 1262
f 1503 1495 1496
f 1504 1503 1496
f 1505 1504 1496
f 1263 1505 1496
f 1492 507 508
f 1264 1261 1265
f 1506 1265 1266
f 1506 1264 1265
f 1492 506 507
f 1492 505 506
f 1492 504 505
f 1507 1107 1106
f 1508 1507 1106
f 1508 1106 1500
f 1492 503 504
f 1509 1107 1507
f 1103 1099 1107
f 1509 1103 1107
f 1509 1507 1508
f 1510 1104 1103
f 1511 1103 1509
f 1510 1103 1511
f 1506 1266 1268
f 1492 502 503
f 1492 501 502
f 1512 1087 1088
f 1513 1088 1089
f 1512 1088 1513
f 1514 1090 1087
f 1514 1087 1512
f 1104 1089 1086
f 1515 1089 1104
f 1515 1513 1089
f 1515 1104 1510
f 1492 500 501
f 1516 1085 1091
f 1517 1084 1085
f 1517 1085 1516
f 1518 1091 1092
f 1516 1091 1518
f 1519 1092 1093
f 1518 1092 1519
f 1520 1093 1094
f 1519 1093 1520
f 1521 1094 1095
f 1520 1094 1521
f 1522 1095 1096
f 1521 1095 1522
f 1523 1096 1090
f 1522 1096 1523
f 1523 1090 1514
f 1492 499 500
f 1524 1268 1269
f 1524 1506 1268
f 1492 498 499
f 1492 497 498
f 1492 496 497
f 1492 495 496
f 1271 1524 1269
f 1492 494 495
f 1492 493 494
f 1280 1525 1275
f 1270 1275 1525
f 1281 1525 1280
f 1270 1525 1526
f 1527 1526 1525
f 1528 1525 1281
f 1529 1527 1525
f 1528 1530 1525
f 1529 1525 1530
f 1492 492 493
f 1531 1081 1084
f 1531 1084 1517
f 1532 1282 1279
f 1532 1283 1282
f 1533 1279 1284
f 1533 1532 1279
f 1534 517 492
f 1534 492 1492
f 1531 1082 1081
f 1287 1284 1285
f 1535 1533 1284
f 1287 1535 1284
f 1536 516 517
f 1536 517 1534
f 1537 513 519
f 1537 514 513
f 1538 519 518
f 1537 519 1538
f 1539 1082 1531
f 1539 1540 1082
f 1083 1082 1540
f 1541 523 516
f 1541 516 1536
f 1542 518 520
f 1542 1538 518
f 1543 528 523
f 1544 523 1541
f 1544 1543 523
f 1543 527 528
f 1545 520 521
f 1545 1542 520
f 1078 1070 1080
f 1546 526 527
f 1544 527 1543
f 1544 1547 527
f 1546 527 1547
f 1548 521 522
f 1548 1545 521
f 1549 1023 1022
f 1550 1549 1022
f 1551 1022 1029
f 1552 1022 1551
f 1553 1550 1022
f 1554 1553 1022
f 1554 1022 1552
f 1555 1024 1025
f 1023 1555 1025
f 1555 1020 1024
f 1026 1024 1020
f 1019 1020 1555
f 1018 1026 1020
f 1556 1555 1023
f 1019 1555 1556
f 1382 1381 1384
f 1385 1382 1384
f 1383 1382 1385
f 1557 525 526
f 1557 526 1546
f 1558 522 529
f 1559 529 530
f 1559 1558 529
f 1548 522 1558
f 1064 1058 1067
f 1560 1321 1320
f 1316 1321 1560
f 1561 1320 1322
f 1562 1320 1561
f 1563 1560 1320
f 1562 1563 1320
f 1564 1561 1322
f 1565 1564 1322
f 1566 1322 1319
f 1565 1322 1566
f 1567 524 525
f 1567 525 1557
f 536 1559 530
f 1053 1051 1065
f 1568 1569 1561
f 1570 1561 1569
f 1571 1568 1561
f 1564 1571 1561
f 1572 1561 1570
f 1562 1561 1572
f 1573 1569 1568
f 1574 1570 1569
f 1575 1569 1573
f 1576 1569 1575
f 1577 1569 1576
f 1578 1569 1577
f 1574 1569 1578
f 1579 1568 1571
f 1579 1573 1568
f 1580 1571 1564
f 1581 1579 1571
f 1581 1571 1580
f 1580 1564 1565
f 1314 1313 1317
f 1567 533 524
f 1582 532 533
f 1583 533 1567
f 1582 533 1583
f 1584 534 535
f 1584 537 534
f 1055 1044 1054
f 1585 1044 1055
f 1586 1044 1585
f 1045 1044 1586
f 1572 1570 1574
f 1587 1309 1315
f 1587 1310 1309
f 1300 1299 1302
f 1304 1300 1302
f 1588 539 538
f 1589 542 539
f 1588 1589 539
f 1590 538 532
f 1590 1588 538
f 1582 1590 532
f 1591 535 541
f 1591 1584 535
f 1047 1043 1046
f 1592 1042 1043
f 1593 1043 1047
f 1593 1592 1043
f 1594 1039 1042
f 1594 1042 1592
f 1595 1040 1039
f 1596 1039 1594
f 1595 1039 1596
f 1595 1041 1040
f 1597 1034 1038
f 1598 1035 1034
f 1598 1034 1597
f 1599 1038 1037
f 1597 1038 1599
f 1600 1037 1041
f 1599 1037 1600
f 1600 1041 1595
f 1598 1036 1035
f 1581 1573 1579
f 1601 1575 1573
f 1601 1573 1581
f 1602 1576 1575
f 1602 1575 1601
f 1578 1577 1576
f 1603 1578 1576
f 1602 1603 1576
f 1311 1308 1307
f 1604 1305 1308
f 1605 1308 1311
f 1605 1604 1308
f 1604 1306 1305
f 1606 543 542
f 1607 549 543
f 1607 543 1606
f 1589 1606 542
f 541 540 546
f 1608 541 546
f 1609 546 544
f 1609 1608 546
f 1591 541 1608
f 1610 544 545
f 1610 1609 544
f 1611 550 549
f 1612 551 550
f 1612 550 1611
f 1607 1611 549
f 1613 545 553
f 1614 553 552
f 1614 1613 553
f 1610 545 1613
f 1615 547 551
f 1615 548 547
f 1612 1615 551
f 1614 552 557
f 1616 560 563
f 1616 561 560
f 1616 563 573
f 1617 566 569
f 567 568 165
f 1617 567 566
f 1618 569 570
f 1619 569 1618
f 1617 569 1619
f 1620 570 548
f 1620 1618 570
f 1620 548 1615
f 1621 591 564
f 1621 564 565
f 1622 592 591
f 1623 593 592
f 1622 1623 592
f 1624 591 1621
f 1622 591 1624
f 1625 565 568
f 1625 1621 565
f 1617 568 567
f 1617 1625 568
f 1626 24 372
f 1627 22 24
f 1626 1627 24
f 1628 1626 372
f 369 1628 372
f 1629 22 1627
f 1629 19 22
f 1630 1627 1626
f 1630 1629 1627
f 1631 1626 1628
f 1631 1630 1626
f 1632 1628 369
f 1633 1631 1628
f 1634 1633 1628
f 1632 1634 1628
f 1629 21 19
f 1635 380 20
f 381 380 1635
f 1636 20 21
f 1635 20 1636
f 1637 1636 21
f 1637 21 1629
f 1638 1635 1636
f 1637 1638 1636
f 1639 381 1635
f 1640 1639 1635
f 1638 1640 1635
f 1632 369 370
f 1641 382 381
f 1642 381 1639
f 1641 381 1642
f 1643 600 597
f 1643 597 609
f 1643 598 600
f 1643 599 598
f 367 365 599
f 1643 367 599
f 1644 368 367
f 1645 366 368
f 1646 368 1647
f 1648 1647 368
f 1649 368 1646
f 1650 1645 368
f 1649 1650 368
f 1651 1648 368
f 1652 1651 368
f 1653 1652 368
f 1654 1653 368
f 1655 1654 368
f 1656 1655 368
f 1657 1656 368
f 1658 1657 368
f 1659 1658 368
f 1660 1659 368
f 1661 1660 368
f 1662 1661 368
f 1663 1662 368
f 1664 1663 368
f 1644 1664 368
f 1665 367 1643
f 1665 1644 367
f 1666 370 371
f 1667 1632 370
f 1667 370 1666
f 1666 371 366
f 1668 366 1645
f 1668 1666 366
f 1641 379 382
f 1669 379 1641
f 1670 378 379
f 1669 1670 379
f 1671 375 374
f 378 1671 374
f 1672 375 1671
f 1672 601 375
f 1672 1671 378
f 1672 602 601
f 1673 604 602
f 1673 602 1672
f 1674 605 604
f 1674 604 1673
f 607 603 605
f 1675 607 605
f 1675 605 1674
f 1675 606 607
f 1676 608 611
f 1643 609 608
f 1643 608 1676
f 1676 611 610
f 1676 610 616
f 1675 612 606
f 1677 613 612
f 1677 612 1675
f 1678 614 613
f 1678 613 1677
f 1676 616 615
f 1676 615 620
f 1679 617 614
f 1679 614 1678
f 1680 618 617
f 1680 617 1679
f 621 1681 622
f 620 622 1681
f 1676 1681 621
f 1676 620 1681
f 1676 621 623
f 1676 633 632
f 1682 630 633
f 1676 1682 633
f 1665 632 631
f 1643 1676 632
f 1665 1643 632
f 1665 631 643
f 1644 643 648
f 1665 643 1644
f 1664 648 647
f 1644 648 1664
f 1663 647 650
f 1664 647 1663
f 1662 650 655
f 1663 650 1662
f 1662 655 658
f 1661 658 672
f 1662 658 1661
f 1660 672 671
f 1661 672 1660
f 1683 671 673
f 1683 1660 671
f 1655 689 694
f 1656 690 689
f 1656 689 1655
f 1654 694 700
f 1655 694 1654
f 1684 679 690
f 1684 690 1656
f 1653 700 702
f 1654 700 1653
f 1652 702 704
f 1653 702 1652
f 1651 704 707
f 1652 704 1651
f 1651 707 708
f 1648 708 706
f 1651 708 1648
f 711 1647 706
f 1648 706 1647
f 711 1646 1647
f 710 1646 711
f 733 1646 710
f 1649 1646 733
f 1649 733 738
f 740 1649 738
f 1685 745 750
f 1686 747 745
f 1686 745 1687
f 1685 1687 745
f 1688 750 758
f 1688 1685 750
f 1689 758 762
f 1689 1688 758
f 1690 762 767
f 1690 1689 762
f 1691 767 771
f 1691 1690 767
f 1692 771 775
f 1692 1691 771
f 1693 775 778
f 1693 1692 775
f 1694 778 781
f 1693 778 1694
f 1695 781 791
f 1695 378 781
f 1694 781 378
f 1695 791 795
f 1696 795 796
f 1697 795 1696
f 1695 795 1697
f 1696 801 809
f 1696 808 801
f 1698 809 811
f 1698 1696 809
f 1698 811 816
f 815 1699 816
f 1700 816 1699
f 1698 816 1700
f 828 1699 815
f 1701 1699 828
f 1701 1700 1699
f 1701 828 831
f 1701 831 835
f 1702 835 844
f 1701 835 1702
f 1703 844 848
f 1702 844 1703
f 1397 848 845
f 1397 1704 848
f 1703 848 1704
f 1705 853 854
f 1397 853 1704
f 1706 1704 853
f 1396 853 1397
f 1706 853 1705
f 1707 854 887
f 1705 854 1707
f 1399 887 888
f 1708 887 1399
f 1709 1707 887
f 1708 1709 887
f 1679 898 897
f 1710 895 898
f 1711 1710 898
f 1712 898 1679
f 1711 898 1712
f 1713 897 896
f 1713 1679 897
f 1713 896 905
f 1714 905 910
f 1713 905 1714
f 1714 910 911
f 1680 624 618
f 1680 625 624
f 1715 623 919
f 1715 1676 623
f 1716 925 924
f 1406 923 925
f 1716 1406 925
f 1682 924 630
f 1682 1717 924
f 1716 924 1717
f 1676 1717 1682
f 1676 1716 1717
f 1683 673 675
f 1718 675 1158
f 1683 675 1718
f 1718 1158 1392
f 1719 679 1684
f 687 679 1719
f 687 685 679
f 1395 746 747
f 1395 756 746
f 1720 1395 747
f 1721 747 1686
f 1394 747 1721
f 1720 747 1394
f 808 796 794
f 1722 796 808
f 1696 796 1722
f 1696 1722 808
f 1723 1696 1698
f 1697 1696 1723
f 1397 845 847
f 1700 1704 1706
f 1703 1704 1700
f 1708 1399 1400
f 1398 895 1710
f 1724 1398 1710
f 1724 1710 1711
f 1725 911 915
f 1725 915 1401
f 1714 911 1725
f 1725 1401 1402
f 1726 1402 1176
f 1726 1725 1402
f 1680 916 625
f 1680 917 916
f 1727 919 918
f 1727 918 1405
f 1715 919 1727
f 1676 1406 1716
f 1715 1409 1406
f 1715 1406 1676
f 1392 684 686
f 1718 1392 686
f 687 1718 686
f 741 739 1393
f 740 741 1393
f 1394 740 1393
f 1720 1394 1395
f 1728 1400 1398
f 1728 1398 1724
f 1729 1176 1177
f 1730 1177 1179
f 1729 1177 1730
f 1726 1176 1729
f 1680 1403 917
f 1731 1404 1403
f 1731 1403 1680
f 1732 1405 416
f 1727 1405 1732
f 1732 416 415
f 1733 1154 1409
f 1715 1733 1409
f 1734 1179 1181
f 1735 1181 1410
f 1735 1734 1181
f 1730 1179 1734
f 1736 1407 1404
f 1731 1736 1404
f 1737 1408 1407
f 1736 1737 1407
f 1738 415 418
f 1732 415 1738
f 1151 1154 1733
f 1416 1151 1733
f 1715 1416 1733
f 1199 1200 1410
f 1739 1410 1200
f 1740 1410 1739
f 1735 1410 1740
f 1737 1412 1408
f 1738 418 1414
f 1741 1150 1416
f 1715 1741 1416
f 1740 1739 1200
f 1742 1200 1202
f 1740 1200 1742
f 1743 1411 1413
f 1418 1411 1743
f 1743 1413 1412
f 1737 1743 1412
f 1737 1418 1743
f 1737 1417 1418
f 1419 1417 1737
f 1423 1737 1736
f 1744 1419 1737
f 1424 1737 1423
f 1744 1737 1424
f 1423 1736 1745
f 1746 1745 1736
f 1734 1736 1731
f 1742 1746 1736
f 1740 1742 1736
f 1734 1740 1736
f 1738 1414 1415
f 1421 1150 1741
f 1421 1148 1150
f 1715 1421 1741
f 1746 1202 1201
f 1742 1202 1746
f 1738 1415 428
f 1715 1420 1421
f 1715 1422 1420
f 1745 1201 1205
f 1423 1745 1205
f 1747 1201 1745
f 1747 1746 1201
f 1744 1425 1419
f 1738 428 430
f 1715 1427 1422
f 1747 1745 1746
f 431 1748 430
f 1749 430 1748
f 1738 430 1749
f 1750 1748 431
f 1751 1749 1748
f 1750 1752 1748
f 1753 1748 1752
f 1753 1751 1748
f 1750 431 432
f 1754 432 429
f 1755 1750 432
f 1754 1755 432
f 1426 1427 1715
f 1756 1426 1715
f 1715 1757 1756
f 1428 1744 1424
f 1744 1429 1425
f 486 1474 1429
f 486 1475 1474
f 1758 1429 1744
f 1759 1429 1760
f 1758 1760 1429
f 487 1429 1759
f 486 1429 487
f 1761 1744 1428
f 1758 1744 1762
f 1763 1762 1744
f 1764 1763 1744
f 1765 1764 1744
f 1766 1765 1744
f 1767 1766 1744
f 1768 1767 1744
f 1769 1768 1744
f 1770 1769 1744
f 1771 1770 1744
f 1772 1771 1744
f 1773 1772 1744
f 1774 1773 1744
f 1761 1774 1744
f 1442 1430 1426
f 1443 1442 1426
f 1756 1775 1426
f 1443 1426 1775
f 1212 1428 1209
f 1776 1428 1212
f 1776 1761 1428
f 1220 1212 1211
f 1777 1776 1212
f 1220 1777 1212
f 1774 1432 1433
f 1778 1215 1432
f 1779 1432 1774
f 1778 1432 1779
f 1773 1433 1434
f 1774 1433 1773
f 1222 1221 1215
f 1780 1222 1215
f 1780 1215 1778
f 1780 1223 1222
f 1772 1434 1435
f 1773 1434 1772
f 1771 1435 1437
f 1772 1435 1771
f 1770 1437 1436
f 1771 1437 1770
f 1769 1436 1438
f 1770 1436 1769
f 1768 1438 1439
f 1769 1438 1768
f 1767 1439 1440
f 1768 1439 1767
f 1766 1440 1448
f 1767 1440 1766
f 1766 1448 1447
f 1765 1447 1235
f 1766 1447 1765
f 1764 1235 1236
f 1765 1235 1764
f 1756 1450 1463
f 1757 1449 1450
f 1756 1757 1450
f 1446 1775 1463
f 1756 1463 1775
f 1445 1775 1446
f 1445 1443 1775
f 1757 1462 1449
f 1757 1461 1462
f 1757 1460 1461
f 1757 1459 1460
f 1757 1458 1459
f 1757 1456 1458
f 1757 1457 1456
f 1781 1455 1457
f 1757 1781 1457
f 1453 1455 1781
f 1782 1781 1757
f 1783 1453 1781
f 1784 1783 1781
f 1784 1781 1782
f 1715 1749 1757
f 1751 1757 1749
f 1785 1757 1751
f 1785 1782 1757
f 1465 1236 1234
f 1786 1236 1465
f 1764 1236 1786
f 1466 1786 1465
f 1787 1786 1466
f 1764 1786 1763
f 1787 1763 1786
f 1464 1466 1467
f 1787 1466 1464
f 1762 1464 1469
f 1787 1464 1762
f 1470 1762 1469
f 1471 1762 1470
f 1758 1762 1471
f 1787 1762 1763
f 1758 1471 1472
f 1788 429 434
f 1789 1754 429
f 1790 429 1788
f 1790 1789 429
f 1791 434 433
f 1791 1788 434
f 1792 1452 1451
f 1454 1792 1451
f 1792 1481 1452
f 1793 1481 1792
f 1793 1482 1481
f 1794 1792 1454
f 1794 1793 1792
f 1783 1454 1453
f 1794 1454 1783
f 1758 1472 1473
f 1758 1473 1476
f 484 490 1475
f 484 489 490
f 485 484 1475
f 485 1475 486
f 1479 1476 1477
f 1760 1476 1479
f 1758 1476 1760
f 1478 1795 1479
f 1759 1479 1795
f 1759 1760 1479
f 1480 1795 1478
f 1490 1795 1480
f 1796 1795 1490
f 1796 1759 1795
f 1797 1488 1482
f 1793 1797 1482
f 1798 433 436
f 1791 433 1799
f 1800 1799 433
f 1798 1800 433
f 1798 436 437
f 438 1801 437
f 1802 437 1801
f 1803 1798 437
f 1804 437 1802
f 1804 1803 437
f 435 1801 438
f 1805 1801 1806
f 1807 1806 1801
f 1808 1801 1809
f 1810 1809 1801
f 515 1801 435
f 1810 1801 515
f 1811 1801 1805
f 1812 1801 1811
f 1812 1802 1801
f 1813 1807 1801
f 1808 1813 1801
f 1814 1487 1488
f 1797 1814 1488
f 1504 1497 1495
f 1815 1497 1504
f 1815 1498 1497
f 1504 1495 1503
f 1506 1504 1505
f 1815 1504 1506
f 1264 1505 1263
f 1506 1505 1264
f 1491 1816 1490
f 1817 1490 1816
f 1796 1490 1817
f 1489 1816 1491
f 1498 1816 1489
f 1498 1817 1816
f 477 1493 478
f 477 478 479
f 1818 1494 1493
f 480 1493 477
f 480 1818 1493
f 1817 1492 1494
f 1818 1817 1494
f 1811 1486 1487
f 1814 1811 1487
f 1532 1492 1817
f 1533 1492 1532
f 1819 1492 1533
f 1819 1534 1492
f 1815 1817 1498
f 1524 1817 1506
f 1815 1506 1817
f 1820 1817 1524
f 1532 1817 1821
f 1820 1821 1817
f 1818 1796 1817
f 1805 1485 1486
f 1811 1805 1486
f 1805 1483 1485
f 1805 1484 1483
f 1805 1502 1484
f 1805 1501 1502
f 1822 1524 1271
f 1820 1524 1822
f 1806 1499 1501
f 1805 1806 1501
f 1807 1499 1806
f 1807 1500 1499
f 1813 1508 1500
f 1813 1500 1807
f 1813 1509 1508
f 1510 1511 1509
f 1515 1510 1509
f 1813 1515 1509
f 1809 1512 1513
f 1808 1809 1513
f 1808 1513 1515
f 1810 1512 1809
f 1810 1514 1512
f 1810 1523 1514
f 1810 1522 1523
f 1810 1521 1522
f 1810 1520 1521
f 1823 1560 1563
f 1824 1316 1560
f 1825 1824 1560
f 1823 1825 1560
f 1578 1826 1563
f 1823 1563 1826
f 1574 1578 1563
f 1572 1574 1563
f 1562 1572 1563
f 1603 1826 1578
f 1827 1826 1603
f 1828 1826 1827
f 1829 1826 1828
f 1823 1826 1829
f 1810 1519 1520
f 1810 1518 1519
f 1830 1526 1831
f 1527 1831 1526
f 1527 1830 1831
f 1830 1270 1526
f 1830 1272 1270
f 1822 1272 1830
f 1822 1271 1272
f 1527 1822 1830
f 1810 1516 1518
f 1530 1820 1822
f 1529 1822 1527
f 1529 1530 1822
f 1810 1517 1516
f 1528 1281 1283
f 1532 1821 1283
f 1528 1283 1821
f 1539 1531 1517
f 1810 1539 1517
f 1530 1821 1820
f 1528 1821 1530
f 1535 1819 1533
f 1832 1534 1819
f 1832 1536 1534
f 1833 1819 1535
f 1834 1832 1819
f 1835 1834 1819
f 1833 1835 1819
f 1836 515 514
f 1537 1836 514
f 1539 515 1836
f 1810 515 1539
f 1539 1836 1540
f 1837 1540 1836
f 1537 1538 1836
f 1542 1836 1538
f 1545 1836 1542
f 1548 1836 1545
f 1838 1837 1836
f 1548 1558 1836
f 1838 1836 1558
f 1839 1083 1540
f 1837 1839 1540
f 1833 1535 1287
f 1833 1287 1288
f 1832 1541 1536
f 1837 1083 1839
f 1837 1079 1083
f 1840 1080 1079
f 1837 1840 1079
f 1835 1288 1286
f 1833 1288 1835
f 1834 1286 1290
f 1835 1286 1834
f 1544 1541 1547
f 1832 1547 1541
f 1840 1078 1080
f 1834 1290 1293
f 1832 1546 1547
f 1840 1066 1078
f 1841 1066 1840
f 1841 1067 1066
f 1838 1840 1837
f 1838 1841 1840
f 1549 1556 1023
f 1549 1842 1556
f 1843 1556 1842
f 1844 1019 1556
f 1845 1844 1556
f 1846 1845 1556
f 1843 1846 1556
f 1550 1842 1549
f 1553 1842 1550
f 1847 1842 1553
f 1843 1842 1847
f 1387 1386 1019
f 1848 1387 1019
f 1848 1019 1844
f 1388 1387 1849
f 1848 1849 1387
f 1389 1383 1385
f 1834 1293 1292
f 1834 1292 1295
f 1850 1557 1546
f 1850 1546 1832
f 1851 1558 1559
f 1838 1558 1851
f 1585 1064 1067
f 1841 1585 1067
f 1852 1027 1031
f 1551 1029 1027
f 1853 1551 1027
f 1853 1027 1852
f 1854 1031 1030
f 1855 1852 1031
f 1856 1855 1031
f 1857 1856 1031
f 1858 1857 1031
f 1854 1858 1031
f 1033 1030 1032
f 1854 1030 1033
f 1859 1551 1853
f 1860 1551 1859
f 1552 1551 1860
f 1861 1383 1389
f 1862 1380 1383
f 1863 1383 1861
f 1863 1862 1383
f 1390 1861 1389
f 1358 1357 1380
f 1359 1358 1380
f 1864 1359 1380
f 1865 1380 1862
f 1864 1380 1865
f 1866 1359 1864
f 1360 1359 1866
f 1867 1566 1319
f 1868 1867 1319
f 1869 1868 1319
f 1870 1869 1319
f 1871 1870 1319
f 1871 1319 1324
f 1868 1566 1867
f 1872 1565 1566
f 1873 1566 1868
f 1874 1566 1873
f 1875 1872 1566
f 1874 1875 1566
f 1824 1318 1316
f 1824 1876 1318
f 1829 1318 1876
f 1829 1317 1318
f 1825 1876 1824
f 1823 1829 1876
f 1823 1876 1825
f 1834 1295 1294
f 1834 1294 1297
f 1877 1567 1557
f 1877 1557 1850
f 1877 1583 1567
f 1851 1559 536
f 1585 1065 1064
f 1585 1053 1065
f 1585 1055 1053
f 1851 1585 1841
f 1878 1586 1585
f 1851 1878 1585
f 1838 1851 1841
f 1879 1580 1565
f 1880 1879 1565
f 1872 1880 1565
f 1829 1314 1317
f 1881 1297 1298
f 1834 1297 1881
f 1882 1582 1583
f 1883 1583 1877
f 1882 1583 1883
f 1851 536 537
f 1851 537 1584
f 1884 1033 1036
f 1854 1033 1884
f 1885 1581 1580
f 1886 1885 1580
f 1879 1886 1580
f 1829 1315 1314
f 1587 1315 1829
f 1887 1298 1301
f 1881 1298 1887
f 1887 1301 1300
f 1888 1300 1304
f 1887 1300 1888
f 1882 1606 1589
f 1889 1607 1606
f 1889 1606 1882
f 1882 1589 1588
f 1882 1588 1590
f 1882 1590 1582
f 1591 1890 1584
f 1851 1584 1890
f 1891 1045 1586
f 1593 1891 1586
f 1878 1593 1586
f 1047 1045 1891
f 1593 1047 1891
f 1884 1036 1598
f 1892 1601 1581
f 1892 1581 1885
f 1827 1603 1602
f 1605 1311 1310
f 1587 1605 1310
f 1888 1303 1306
f 1893 1306 1604
f 1888 1306 1893
f 1888 1304 1303
f 1591 1608 1890
f 1851 1890 1608
f 1851 1608 1609
f 1878 1609 1610
f 1851 1609 1878
f 1878 1592 1593
f 1878 1594 1592
f 1878 1596 1594
f 1894 1595 1596
f 1894 1596 1895
f 1895 1884 1894
f 1878 1895 1596
f 1884 1595 1894
f 1884 1600 1595
f 1884 1599 1600
f 1884 1597 1599
f 1884 1598 1597
f 1896 1602 1601
f 1896 1601 1892
f 1827 1602 1896
f 1897 1604 1605
f 1882 1893 1604
f 1897 1882 1604
f 1828 1897 1605
f 1829 1828 1605
f 1587 1829 1605
f 1882 1883 1893
f 1888 1893 1883
f 1889 1611 1607
f 1889 1612 1611
f 1898 1610 1613
f 1898 1613 1614
f 1878 1610 1898
f 1899 1615 1612
f 1900 1620 1615
f 1900 1615 1899
f 1899 1612 1889
f 1901 1614 557
f 1901 557 556
f 1898 1614 1901
f 1901 556 559
f 1902 559 561
f 1901 559 1902
f 1902 561 1616
f 1903 1619 1618
f 1900 1618 1620
f 1903 1618 1900
f 1903 1617 1619
f 1902 1616 573
f 1902 573 572
f 1904 572 574
f 1902 572 1904
f 576 1905 574
f 1904 574 1905
f 576 1906 1905
f 1907 1905 1906
f 1904 1905 1907
f 1908 1906 576
f 1909 1907 1906
f 1910 1906 1908
f 1909 1906 1910
f 1911 576 577
f 1912 576 1911
f 1908 576 1912
f 1913 577 578
f 1914 1911 577
f 1913 1914 577
f 1915 578 575
f 1916 578 1915
f 1916 1913 578
f 579 1917 575
f 1918 575 1917
f 1919 575 1918
f 1919 1915 575
f 1920 1917 579
f 1921 1918 1917
f 1922 1921 1917
f 1920 1922 1917
f 1920 579 581
f 1923 581 582
f 1924 1920 581
f 1924 581 1923
f 1925 582 580
f 1926 582 1925
f 1927 1923 582
f 1928 1927 582
f 1926 1928 582
f 1929 580 586
f 1929 1925 580
f 1930 590 589
f 1931 585 590
f 1932 1931 590
f 1933 590 1930
f 1934 590 1933
f 1934 1932 590
f 1930 589 594
f 1935 594 595
f 1933 1930 594
f 1933 594 1935
f 1936 595 596
f 1937 1935 595
f 1936 1937 595
f 1938 596 593
f 1936 596 1938
f 1622 593 1623
f 1900 593 1625
f 1624 1625 593
f 1899 1889 593
f 1897 593 1889
f 1900 1899 593
f 1622 1624 593
f 1939 1940 593
f 1941 593 1940
f 1897 1939 593
f 1938 593 1941
f 1624 1621 1625
f 1900 1625 1617
f 1903 1900 1617
f 1637 1629 1630
f 1637 1630 1631
f 1638 1631 1633
f 1637 1631 1638
f 1640 1633 1634
f 1638 1633 1640
f 1632 1942 1634
f 1943 1634 1942
f 1640 1634 1943
f 1667 1942 1632
f 1944 1943 1942
f 1945 1942 1667
f 1946 1942 1945
f 1944 1942 1946
f 1640 1943 1639
f 1947 1639 1943
f 1947 1642 1639
f 1948 1947 1943
f 1944 1948 1943
f 740 1645 1650
f 1949 1668 1645
f 1687 1949 1645
f 1686 1687 1645
f 1686 1645 740
f 740 1650 1649
f 1657 1684 1656
f 1719 1684 1657
f 1719 1657 1658
f 1950 1658 1659
f 1719 1658 1950
f 1950 1659 1660
f 1718 1950 1660
f 1683 1718 1660
f 1732 1738 1749
f 1727 1732 1749
f 1715 1727 1749
f 1951 1666 1668
f 1945 1667 1666
f 1952 1945 1666
f 1951 1952 1666
f 1953 1668 1949
f 1953 1951 1668
f 1954 1949 1687
f 1954 1953 1949
f 1954 1687 1685
f 1947 1641 1642
f 1955 1669 1641
f 1956 1641 1947
f 1955 1641 1956
f 1694 378 1670
f 1673 1672 378
f 1674 1673 378
f 1675 1674 378
f 1677 1675 378
f 1695 1677 378
f 1957 1670 1669
f 1958 1694 1670
f 1958 1670 1957
f 1957 1669 1955
f 1695 1678 1677
f 1712 1679 1678
f 1707 1712 1678
f 1705 1707 1678
f 1706 1705 1678
f 1700 1706 1678
f 1723 1700 1678
f 1697 1723 1678
f 1695 1697 1678
f 1729 1680 1679
f 1725 1729 1679
f 1714 1725 1679
f 1713 1714 1679
f 1730 1731 1680
f 1729 1730 1680
f 1730 1734 1731
f 488 1759 1796
f 488 487 1759
f 483 488 1796
f 1818 483 1796
f 1881 1850 1832
f 1834 1881 1832
f 1881 1877 1850
f 1881 1883 1877
f 1887 1888 1883
f 1881 1887 1883
f 1897 1889 1882
f 1892 1885 1940
f 1959 1940 1885
f 1896 1892 1940
f 1827 1896 1940
f 1939 1827 1940
f 1960 1940 1959
f 1941 1940 1960
f 1959 1885 1886
f 1828 1827 1939
f 1828 1939 1897
f 1777 1774 1761
f 1779 1774 1777
f 1777 1761 1776
f 1735 1740 1734
f 1726 1729 1725
f 1711 1712 1707
f 1711 1707 1709
f 1724 1711 1709
f 1724 1709 1708
f 1702 1703 1700
f 1701 1702 1700
f 1723 1698 1700
f 1958 1693 1694
f 1718 1719 1950
f 687 1719 1718
f 1721 1686 740
f 1394 1721 740
f 1961 1685 1688
f 1961 1954 1685
f 1962 1688 1689
f 1963 1961 1688
f 1964 1963 1688
f 1962 1964 1688
f 1965 1689 1690
f 1965 1962 1689
f 1966 1690 1691
f 1967 1965 1690
f 1966 1967 1690
f 1966 1691 1692
f 1966 1692 1693
f 1968 1966 1693
f 1958 1968 1693
f 1728 1708 1400
f 1728 1724 1708
f 1220 1779 1777
f 1223 1778 1779
f 1220 1223 1779
f 1969 1778 1970
f 1223 1970 1778
f 1780 1969 1970
f 1780 1970 1223
f 1780 1778 1969
f 1971 1752 1750
f 1972 1753 1752
f 1972 1752 1971
f 1973 1750 1755
f 1971 1750 1973
f 1974 1751 1753
f 1785 1751 1974
f 1974 1753 1972
f 1789 1755 1754
f 1975 1755 1789
f 1975 1973 1755
f 1794 1783 1784
f 1799 1976 1788
f 1977 1788 1976
f 1791 1799 1788
f 1978 1790 1788
f 1977 1978 1788
f 1979 1976 1799
f 1980 1977 1976
f 1979 1980 1976
f 1800 1979 1799
f 1981 1789 1790
f 1982 1975 1789
f 1983 1789 1981
f 1982 1789 1983
f 1984 1790 1978
f 1981 1790 1984
f 1980 1978 1977
f 1984 1978 1980
f 1985 1984 1980
f 1979 1985 1980
f 480 483 1818
f 1986 1811 1814
f 1987 1812 1811
f 1986 1987 1811
f 1988 1814 1797
f 1986 1814 1988
f 1989 1797 1793
f 1990 1797 1989
f 1988 1797 1990
f 1989 1793 1794
f 1981 1984 1985
f 1991 1985 1979
f 1981 1985 1991
f 1991 1979 1800
f 1798 1991 1800
f 1992 1991 1798
f 1983 1981 1991
f 1993 1983 1991
f 1994 1991 1992
f 1993 1991 1994
f 1808 1515 1813
f 1803 1992 1798
f 1995 1802 1812
f 1995 1804 1802
f 1987 1995 1812
f 1996 1884 1895
f 1996 1854 1884
f 1898 1907 1895
f 1996 1895 1907
f 1878 1898 1895
f 1902 1904 1907
f 1901 1902 1907
f 1898 1901 1907
f 1909 1996 1907
f 1554 1847 1553
f 1844 1849 1997
f 1848 1997 1849
f 1848 1844 1997
f 1844 1998 1849
f 1388 1849 1998
f 1999 1998 1844
f 2000 1388 1998
f 2001 2000 1998
f 2002 2001 1998
f 2002 1998 1999
f 1845 1999 1844
f 2003 1388 2000
f 2004 1388 2003
f 1391 1388 2004
f 2005 2000 2001
f 2005 2003 2000
f 2006 2005 2001
f 2007 2006 2001
f 2004 2007 2001
f 1391 2004 2001
f 1390 1391 2001
f 2008 2001 2002
f 2008 1861 2001
f 1390 2001 1861
f 2006 2003 2005
f 2004 2003 2006
f 2004 2006 2007
f 1855 2009 1852
f 1859 1852 2009
f 1859 1853 1852
f 1843 2010 2009
f 1860 2009 2010
f 1855 1843 2009
f 1860 1859 2009
f 1843 1847 2010
f 1554 2010 1847
f 1552 1860 2010
f 1554 1552 2010
f 2008 2002 1999
f 1845 2008 1999
f 2011 1863 1861
f 2008 2011 1861
f 2012 1862 1863
f 2013 1865 1862
f 2014 2013 1862
f 2012 2014 1862
f 2015 1863 2011
f 2015 2012 1863
f 2016 2011 2008
f 1866 2015 2011
f 1360 1866 2011
f 2017 2011 2016
f 1360 2011 2017
f 2018 2008 1845
f 2016 2008 2018
f 2019 1845 1846
f 2018 1845 2019
f 2020 1846 1843
f 2019 1846 2020
f 2021 1843 1855
f 2022 1843 2021
f 2020 1843 2022
f 2023 1855 1856
f 2024 1855 2023
f 2021 1855 2024
f 2025 2026 1856
f 2023 1856 2026
f 1857 2025 1856
f 2027 2028 2026
f 2029 2026 2028
f 2025 2027 2026
f 2029 2023 2026
f 2030 2028 2027
f 2030 2029 2028
f 2031 2027 2025
f 2032 2030 2027
f 2033 2032 2027
f 2034 2033 2027
f 2035 2034 2027
f 2036 2035 2027
f 2037 2036 2027
f 2031 2037 2027
f 2038 2025 1857
f 2039 2031 2025
f 2038 2039 2025
f 2040 1857 1858
f 2038 1857 2040
f 1996 1858 1854
f 2040 1858 1996
f 1864 1865 2013
f 2014 1864 2013
f 2012 1864 2014
f 2015 1864 2012
f 1866 1864 2015
f 1869 1873 1868
f 2041 1873 1869
f 2041 1874 1873
f 2041 1869 1870
f 1879 1959 1886
f 2042 1960 1959
f 1879 2042 1959
f 2042 1941 1960
f 2042 1938 1941
f 2042 2043 1938
f 1936 1938 2043
f 2044 2043 2042
f 2045 1936 2043
f 2045 2043 2046
f 2044 2046 2043
f 2047 2042 1879
f 2048 2044 2042
f 2047 2048 2042
f 2049 1879 1880
f 2047 1879 2049
f 2050 1880 1872
f 2051 1880 2050
f 2049 1880 2051
f 2052 1872 1875
f 2050 1872 2052
f 1874 2053 1875
f 2054 1875 2053
f 2055 2052 1875
f 2054 2055 1875
f 2056 2057 2053
f 2058 2053 2057
f 1874 2056 2053
f 2059 2054 2053
f 2059 2053 2058
f 2058 2057 2056
f 2041 2056 1874
f 2041 1870 2056
f 2060 2056 1870
f 2061 2056 2060
f 2061 2058 2056
f 2062 1918 2063
f 2064 2063 1918
f 2065 2062 2063
f 2066 2063 2064
f 2067 2063 2066
f 2065 2063 2067
f 2068 1919 1918
f 2062 2068 1918
f 1921 2064 1918
f 2069 1915 1919
f 2070 1916 1915
f 2070 1915 2069
f 2071 1919 2068
f 2069 1919 2071
f 2072 2068 2062
f 2071 2068 2072
f 2072 2062 2065
f 1921 2073 2064
f 2066 2064 2073
f 1922 2073 1921
f 2074 2073 1922
f 2075 2073 2074
f 2076 2066 2073
f 2075 2076 2073
f 2075 2074 1922
f 2077 1922 1920
f 2077 2075 1922
f 2078 585 2079
f 2080 2079 585
f 2081 2078 2079
f 2082 2079 2080
f 2081 2079 2082
f 2083 585 2078
f 2084 2080 585
f 2085 2084 585
f 1931 2085 585
f 2086 587 585
f 2086 585 2083
f 2087 2078 2081
f 2083 2078 2087
f 2084 2088 2080
f 2082 2080 2088
f 2089 2088 2084
f 2090 2088 2089
f 2091 2088 2090
f 2092 2082 2088
f 2091 2092 2088
f 2093 2089 2084
f 2093 2084 2085
f 2094 2090 2089
f 2094 2089 2093
f 2094 2091 2090
f 2077 1920 1924
f 2095 2085 1931
f 2094 2093 2085
f 2096 2094 2085
f 2095 2096 2085
f 1932 2095 1931
f 2097 586 587
f 1929 586 2097
f 2097 587 2086
f 2098 1926 1925
f 2099 2098 1925
f 2099 1925 1929
f 2100 1911 1914
f 2101 1912 1911
f 2100 2101 1911
f 2102 1914 1913
f 2102 2100 1914
f 2103 1908 1912
f 2101 2103 1912
f 2104 1910 1908
f 2104 1908 2103
f 2105 1910 2104
f 2040 1909 1910
f 2105 2040 1910
f 2106 1913 1916
f 2106 2102 1913
f 2107 2106 1916
f 2107 1916 2070
f 2108 1923 1927
f 2109 1924 1923
f 2108 2109 1923
f 2110 1927 1928
f 2110 2108 1927
f 2111 1928 1926
f 2111 2110 1928
f 2112 1924 2109
f 2077 1924 2112
f 2098 2111 1926
f 2046 1935 1937
f 2113 1933 1935
f 2046 2114 1935
f 2115 1935 2114
f 2113 1935 2115
f 2045 1937 1936
f 2045 2046 1937
f 2116 2117 1933
f 1934 1933 2117
f 2113 2116 1933
f 2118 2103 2101
f 2118 2104 2103
f 2119 2120 2101
f 2121 2101 2120
f 2100 2119 2101
f 2122 2118 2101
f 2122 2101 2121
f 2123 2104 2118
f 2123 2105 2104
f 2124 2120 2119
f 2125 2121 2120
f 2126 2120 2124
f 2127 2120 2126
f 2127 2125 2120
f 2128 2119 2100
f 2129 2119 2128
f 2130 2124 2119
f 2131 2119 2129
f 2130 2119 2131
f 2132 2100 2102
f 2128 2100 2132
f 2133 2102 2106
f 2133 2132 2102
f 2134 2133 2106
f 2134 2106 2107
f 2135 2136 2109
f 2137 2109 2136
f 2108 2135 2109
f 2137 2112 2109
f 2135 2138 2136
f 2139 2136 2138
f 2140 2137 2136
f 2139 2140 2136
f 2141 2138 2135
f 2142 2139 2138
f 2143 2138 2141
f 2144 2138 2143
f 2144 2142 2138
f 2145 2135 2108
f 2146 2135 2145
f 2147 2141 2135
f 2148 2135 2146
f 2147 2135 2148
f 2149 2108 2110
f 2145 2108 2149
f 2150 2112 2137
f 2151 2077 2112
f 2150 2151 2112
f 2111 2152 2110
f 2153 2110 2152
f 2153 2149 2110
f 2153 2152 2111
f 2154 2111 2098
f 2155 2153 2111
f 2154 2155 2111
f 2156 2098 2099
f 2157 2098 2156
f 2158 2098 2157
f 2154 2098 2158
f 2046 2159 2114
f 2115 2114 2159
f 2160 2161 2159
f 2162 2159 2161
f 2046 2160 2159
f 2162 2115 2159
f 2163 2161 2160
f 2164 2162 2161
f 2165 2164 2161
f 2166 2165 2161
f 2167 2161 2163
f 2166 2161 2167
f 2168 2160 2046
f 2169 2163 2160
f 2170 2160 2168
f 2169 2160 2170
f 2171 2046 2044
f 2171 2168 2046
f 2172 2113 2115
f 2172 2115 2162
f 2116 2173 2117
f 2174 2117 2173
f 2174 1934 2117
f 2175 2173 2116
f 2176 2173 2175
f 2177 2174 2173
f 2176 2177 2173
f 2172 2116 2113
f 2175 2116 2172
f 2123 2118 2122
f 2178 2128 2132
f 2178 2132 2133
f 2179 2128 2178
f 2179 2129 2128
f 2134 2178 2133
f 2150 2137 2140
f 2180 2140 2139
f 2181 2140 2180
f 2182 2150 2140
f 2183 2182 2140
f 2181 2183 2140
f 2184 2145 2149
f 2184 2149 2153
f 2185 2145 2184
f 2185 2146 2145
f 2155 2184 2153
f 2186 2172 2162
f 2186 2162 2164
f 2175 2172 2186
f 2187 2122 2121
f 2188 2121 2125
f 2187 2121 2188
f 2189 2122 2187
f 2190 2123 2122
f 2189 2190 2122
f 2130 2126 2124
f 2130 2127 2126
f 2191 2179 2178
f 2192 2178 2134
f 2192 2191 2178
f 2142 2193 2139
f 2180 2139 2193
f 2194 2143 2141
f 2195 2141 2147
f 2195 2194 2141
f 2196 2144 2143
f 2196 2143 2194
f 2197 2185 2184
f 2197 2184 2155
f 2165 2198 2164
f 2199 2164 2198
f 2199 2186 2164
f 2200 2198 2165
f 2201 2199 2198
f 2200 2202 2198
f 2201 2198 2202
f 2203 2165 2166
f 2203 2200 2165
f 2175 2186 2199
f 2204 2167 2163
f 2205 2163 2169
f 2205 2204 2163
f 2206 2166 2167
f 2206 2167 2204
f 2048 2171 2044
f 2207 2188 2125
f 2208 2125 2127
f 2208 2207 2125
f 2209 2187 2188
f 2209 2188 2207
f 2210 2187 2209
f 2210 2189 2187
f 2211 2127 2130
f 2211 2208 2127
f 2179 2131 2129
f 2130 2131 2179
f 2211 2130 2179
f 2211 2179 2191
f 2212 2193 2142
f 2213 2180 2193
f 2213 2193 2212
f 2214 2142 2144
f 2214 2212 2142
f 2215 2180 2213
f 2215 2181 2180
f 2196 2214 2144
f 2185 2148 2146
f 2147 2148 2185
f 2216 2147 2185
f 2216 2185 2197
f 2217 2195 2147
f 2217 2147 2216
f 2218 2199 2201
f 2219 2175 2199
f 2220 2219 2199
f 2218 2220 2199
f 2221 2203 2166
f 2222 2166 2206
f 2222 2221 2166
f 2171 2170 2168
f 2169 2170 2171
f 2223 2169 2171
f 2223 2171 2048
f 2224 2205 2169
f 2225 2169 2223
f 2224 2169 2225
f 2208 2209 2207
f 2226 2209 2208
f 2227 2210 2209
f 2227 2209 2226
f 2228 2208 2211
f 2229 2208 2228
f 2227 2208 2229
f 2227 2226 2208
f 2214 2213 2212
f 2230 2213 2214
f 2231 2215 2213
f 2231 2213 2230
f 2232 2214 2196
f 2233 2214 2232
f 2233 2230 2214
f 2203 2202 2200
f 2201 2202 2203
f 2234 2201 2203
f 2235 2203 2221
f 2235 2234 2203
f 2236 2218 2201
f 2236 2201 2234
f 2237 1946 1945
f 2238 2237 1945
f 1952 2238 1945
f 2239 1946 2237
f 1967 1946 2239
f 2240 1946 1967
f 2241 1946 2240
f 2241 1944 1946
f 2242 2237 2238
f 2242 2239 2237
f 2243 2238 1952
f 2243 2242 2238
f 2243 1952 1951
f 1953 2244 1951
f 2245 1951 2244
f 2243 1951 2245
f 2246 1956 1947
f 1948 2246 1947
f 2247 1956 2246
f 2247 1955 1956
f 2247 2246 1948
f 2241 1948 1944
f 2248 1948 2241
f 2247 1948 2248
f 1957 1955 2249
f 2247 2249 1955
f 2250 2244 1953
f 2251 2245 2244
f 2250 2251 2244
f 1963 1953 1954
f 2250 1953 1963
f 2243 2245 2242
f 2251 2242 2245
f 2252 1957 2249
f 2253 2252 2249
f 2253 2249 2248
f 2247 2248 2249
f 2254 1957 2252
f 2255 1958 1957
f 2255 1957 2254
f 2254 2252 2253
f 1963 1954 1961
f 2250 1963 1964
f 1962 2239 1964
f 2251 1964 2239
f 2250 1964 2251
f 1965 2239 1962
f 1967 2239 1965
f 2251 2239 2242
f 1966 2240 1967
f 1968 2240 1966
f 2256 2240 1968
f 2256 2241 2240
f 2255 1968 1958
f 2255 2256 1968
f 2257 1971 1973
f 1975 2257 1973
f 2258 1971 2257
f 2258 1972 1971
f 1975 2259 2257
f 2260 2257 2259
f 2261 2258 2257
f 2262 2261 2257
f 2260 2262 2257
f 1975 2263 2259
f 2260 2259 2263
f 1982 2263 1975
f 1982 2260 2263
f 1974 1972 2258
f 2264 1974 2258
f 2265 2264 2258
f 2266 2265 2258
f 2267 2266 2258
f 2267 2258 2261
f 1782 1974 2264
f 1785 1974 1782
f 2265 1782 2264
f 2268 1782 2265
f 2268 1784 1782
f 2268 2265 2266
f 2269 2266 2267
f 2268 2266 2269
f 2260 2261 2262
f 2267 2261 2260
f 2270 1794 1784
f 2270 1784 2268
f 2270 1989 1794
f 1993 1982 1983
f 2271 1990 1989
f 2271 1989 2270
f 2272 1988 1990
f 2271 2272 1990
f 2273 1992 1803
f 2274 1992 2273
f 2274 1994 1992
f 1804 2273 1803
f 2273 2275 2276
f 2277 2276 2275
f 2274 2273 2276
f 2278 2276 2277
f 2278 2274 2276
f 1995 2275 2273
f 2279 2277 2275
f 2280 2275 1995
f 2280 2281 2275
f 2279 2275 2281
f 1995 2273 1804
f 2278 2277 2279
f 1987 1988 2280
f 2272 2280 1988
f 1986 1988 1987
f 1993 1994 2274
f 1993 2274 2278
f 1987 2280 1995
f 2272 2281 2280
f 2282 2281 2272
f 2279 2281 2282
f 2282 2272 2271
f 2283 1870 1871
f 2283 2060 1870
f 2040 1996 1909
f 2284 2067 2066
f 2284 2066 2076
f 2285 2065 2067
f 2285 2067 2284
f 2286 2076 2075
f 2287 2284 2076
f 2286 2287 2076
f 2286 2075 2077
f 2288 2081 2082
f 2288 2082 2092
f 2289 2087 2081
f 2290 2289 2081
f 2290 2081 2288
f 2291 2092 2091
f 2292 2288 2092
f 2291 2292 2092
f 2293 2294 2091
f 2291 2091 2294
f 2094 2293 2091
f 2295 2072 2065
f 2295 2065 2285
f 2296 2077 2151
f 2296 2286 2077
f 2182 2151 2150
f 2297 2151 2182
f 2297 2296 2151
f 2298 2087 2289
f 2298 2083 2087
f 2299 2289 2290
f 2300 2298 2289
f 2300 2289 2299
f 2301 2294 2293
f 2302 2291 2294
f 2303 2294 2301
f 2302 2294 2303
f 2301 2293 2094
f 2301 2094 2096
f 2304 2071 2072
f 2304 2072 2295
f 2305 2086 2083
f 2305 2083 2298
f 2306 2097 2086
f 2307 2086 2305
f 2308 2306 2086
f 2307 2308 2086
f 2309 2069 2071
f 2309 2071 2304
f 2310 1929 2097
f 2310 2097 2306
f 2311 2096 2095
f 2312 2301 2096
f 2311 2312 2096
f 2313 2095 1932
f 2311 2095 2313
f 2314 2070 2069
f 2314 2069 2309
f 2156 2099 1929
f 2315 1929 2310
f 2316 1929 2315
f 2157 1929 2316
f 2157 2156 1929
f 2317 1932 1934
f 2318 2313 1932
f 2319 2318 1932
f 2317 2319 1932
f 2320 2107 2070
f 2320 2070 2314
f 2317 1934 2174
f 2038 2040 2105
f 2321 2105 2123
f 2322 2038 2105
f 2322 2105 2321
f 2192 2134 2107
f 2323 2192 2107
f 2323 2107 2320
f 2190 2324 2123
f 2325 2123 2324
f 2325 2321 2123
f 2326 2197 2155
f 2327 2155 2154
f 2326 2155 2327
f 2176 2175 2219
f 2189 2324 2190
f 2328 2324 2189
f 2329 2324 2328
f 2330 2325 2324
f 2329 2330 2324
f 2331 2191 2192
f 2332 2211 2191
f 2333 2332 2191
f 2334 2333 2191
f 2331 2334 2191
f 2335 2192 2323
f 2331 2192 2335
f 2183 2336 2182
f 2337 2182 2336
f 2338 2297 2182
f 2337 2338 2182
f 2181 2336 2183
f 2339 2336 2181
f 2340 2336 2339
f 2341 2337 2336
f 2340 2341 2336
f 2342 2196 2194
f 2343 2194 2195
f 2343 2342 2194
f 2344 2232 2196
f 2342 2344 2196
f 2345 2216 2197
f 2346 2345 2197
f 2347 2346 2197
f 2326 2347 2197
f 2348 2219 2220
f 2349 2219 2348
f 2350 2176 2219
f 2349 2350 2219
f 2348 2220 2218
f 2351 2206 2204
f 2352 2204 2205
f 2352 2351 2204
f 2353 2222 2206
f 2351 2353 2206
f 2354 2223 2048
f 2355 2354 2048
f 2356 2355 2048
f 2357 2356 2048
f 2357 2048 2047
f 2328 2189 2210
f 2358 2359 2360
f 2361 2360 2359
f 2362 2358 2360
f 2363 2360 2361
f 2364 2360 2363
f 2362 2360 2364
f 2228 2359 2358
f 2365 2361 2359
f 2366 2359 2228
f 2366 2365 2359
f 2229 2228 2358
f 2367 2229 2358
f 2362 2367 2358
f 2365 2363 2361
f 2332 2368 2211
f 2228 2211 2368
f 2369 2368 2332
f 2369 2228 2368
f 2369 2332 2333
f 2370 2333 2334
f 2370 2369 2333
f 2331 2371 2334
f 2372 2334 2371
f 2370 2334 2372
f 2339 2181 2215
f 2344 2373 2232
f 2374 2232 2373
f 2374 2233 2232
f 2344 2375 2373
f 2340 2373 2375
f 2374 2373 2339
f 2340 2339 2373
f 2376 2375 2344
f 2340 2375 2376
f 2377 2344 2342
f 2378 2344 2377
f 2376 2344 2378
f 2379 2195 2217
f 2379 2343 2195
f 2345 2380 2216
f 2217 2216 2380
f 2381 2380 2345
f 2381 2217 2380
f 2381 2345 2346
f 2382 2346 2347
f 2382 2381 2346
f 2326 2377 2347
f 2383 2347 2377
f 2382 2347 2383
f 2384 2221 2222
f 2385 2235 2221
f 2385 2221 2384
f 2353 2386 2222
f 2384 2222 2386
f 2387 2386 2353
f 2349 2384 2386
f 2349 2386 2387
f 2388 2353 2351
f 2389 2353 2388
f 2387 2353 2389
f 2390 2205 2224
f 2390 2352 2205
f 2354 2391 2223
f 2225 2223 2391
f 2392 2391 2354
f 2224 2225 2391
f 2392 2224 2391
f 2392 2354 2355
f 2393 2355 2356
f 2393 2392 2355
f 2357 2388 2356
f 2394 2356 2388
f 2393 2356 2394
f 2395 2210 2227
f 2395 2328 2210
f 2366 2228 2369
f 2395 2227 2229
f 2395 2229 2367
f 2374 2215 2231
f 2374 2339 2215
f 2379 2217 2381
f 2396 2218 2236
f 2396 2348 2218
f 2390 2224 2392
f 2233 2231 2230
f 2374 2231 2233
f 2235 2236 2234
f 2385 2236 2235
f 2396 2236 2385
f 2253 2248 2241
f 2256 2253 2241
f 2255 2253 2256
f 2255 2254 2253
f 1993 2260 1982
f 1993 2267 2260
f 2268 2269 2267
f 2270 2268 2267
f 1993 2270 2267
f 2282 2271 2270
f 2279 2282 2270
f 1993 2279 2270
f 1993 2278 2279
f 2397 2285 2284
f 2397 2284 2287
f 2398 2295 2285
f 2398 2285 2399
f 2397 2399 2285
f 2400 2287 2286
f 2401 2397 2287
f 2400 2401 2287
f 2400 2286 2296
f 2402 2290 2288
f 2402 2288 2292
f 2402 2403 2290
f 2299 2290 2403
f 2404 2292 2291
f 2405 2402 2292
f 2404 2405 2292
f 2302 2404 2291
f 2398 2304 2295
f 2400 2296 2297
f 2398 2309 2304
f 2406 2305 2298
f 2406 2298 2300
f 2407 2307 2305
f 2407 2305 2406
f 2312 2303 2301
f 2408 2303 2312
f 2409 2302 2303
f 2408 2409 2303
f 2410 2312 2311
f 2408 2312 2410
f 2398 2314 2309
f 2411 2306 2308
f 2310 2306 2411
f 2412 2308 2307
f 2413 2411 2308
f 2412 2413 2308
f 2414 2412 2307
f 2414 2307 2407
f 2415 2411 2413
f 2416 2411 2415
f 2417 2310 2411
f 2416 2417 2411
f 2418 2413 2412
f 2419 2415 2413
f 2418 2419 2413
f 2420 2418 2412
f 2420 2412 2414
f 2421 2415 2419
f 2422 2423 2415
f 2416 2415 2423
f 2424 2422 2415
f 2425 2424 2415
f 2421 2425 2415
f 2426 2419 2418
f 2426 2421 2419
f 2427 2426 2418
f 2427 2418 2420
f 2428 2423 2422
f 2428 2429 2423
f 2430 2423 2429
f 2430 2416 2423
f 2431 2422 2424
f 2432 2422 2431
f 2433 2428 2422
f 2434 2433 2422
f 2435 2434 2422
f 2436 2435 2422
f 2437 2436 2422
f 2438 2437 2422
f 2439 2438 2422
f 2440 2439 2422
f 2432 2440 2422
f 2441 2424 2425
f 2431 2424 2441
f 2442 2425 2421
f 2441 2425 2442
f 2442 2421 2426
f 2443 2442 2426
f 2443 2426 2427
f 2444 2441 2442
f 2444 2442 2443
f 2445 2431 2441
f 2445 2441 2444
f 2446 2432 2431
f 2446 2431 2445
f 2447 2429 2428
f 2448 2429 2447
f 2449 2429 2448
f 2450 2430 2429
f 2450 2429 2451
f 2449 2451 2429
f 2452 2447 2428
f 2453 2452 2428
f 2433 2453 2428
f 2454 2448 2447
f 2452 2454 2447
f 2455 2456 2448
f 2449 2448 2456
f 2457 2455 2448
f 2458 2457 2448
f 2459 2458 2448
f 2460 2459 2448
f 2454 2460 2448
f 2461 2456 2455
f 2462 2456 2461
f 2463 2449 2456
f 2462 2463 2456
f 2464 2455 2457
f 2465 2461 2455
f 2464 2465 2455
f 2466 2457 2458
f 2467 2464 2457
f 2467 2457 2466
f 2468 2458 2459
f 2466 2458 2468
f 2469 2459 2460
f 2468 2459 2469
f 2470 2460 2454
f 2469 2460 2470
f 2471 2454 2452
f 2470 2454 2471
f 2472 2452 2453
f 2471 2452 2472
f 2473 2453 2433
f 2472 2453 2473
f 2474 2433 2434
f 2473 2433 2474
f 2475 2434 2435
f 2474 2434 2475
f 2476 2435 2436
f 2475 2435 2476
f 2477 2436 2437
f 2476 2436 2477
f 2478 2437 2438
f 2477 2437 2478
f 2479 2438 2439
f 2478 2438 2479
f 2480 2439 2440
f 2479 2439 2480
f 2481 2440 2432
f 2480 2440 2481
f 2481 2432 2446
f 2313 2461 2465
f 2318 2461 2313
f 2318 2462 2461
f 2410 2465 2464
f 2311 2313 2465
f 2410 2311 2465
f 2482 2410 2464
f 2482 2464 2467
f 2482 2408 2410
f 2398 2320 2314
f 2483 2400 2297
f 2338 2483 2297
f 2484 2310 2417
f 2484 2315 2310
f 2485 2484 2417
f 2485 2417 2416
f 2486 2316 2315
f 2487 2315 2484
f 2487 2486 2315
f 2486 2157 2316
f 2488 2484 2485
f 2489 2484 2488
f 2490 2484 2489
f 2490 2487 2484
f 2430 2485 2416
f 2450 2485 2430
f 2451 2491 2485
f 2488 2485 2491
f 2450 2451 2485
f 2449 2491 2451
f 2492 2491 2449
f 2493 2491 2492
f 2494 2488 2491
f 2493 2494 2491
f 2492 2449 2463
f 2495 2492 2463
f 2496 2495 2463
f 2496 2463 2462
f 2497 2492 2495
f 2498 2493 2492
f 2499 2498 2492
f 2497 2499 2492
f 2500 2495 2496
f 2501 2497 2495
f 2502 2501 2495
f 2500 2502 2495
f 2503 2496 2462
f 2503 2462 2318
f 2504 2496 2503
f 2505 2500 2496
f 2506 2496 2504
f 2505 2496 2506
f 2319 2503 2318
f 2317 2503 2319
f 2504 2503 2317
f 2398 2323 2320
f 2507 2158 2157
f 2508 2507 2157
f 2508 2157 2486
f 2509 2154 2158
f 2510 2158 2507
f 2509 2158 2510
f 2511 2317 2174
f 2177 2511 2174
f 2512 2504 2317
f 2511 2512 2317
f 2335 2323 2398
f 2327 2154 2509
f 2371 2364 2363
f 2372 2363 2365
f 2372 2371 2363
f 2513 2362 2364
f 2514 2364 2371
f 2513 2364 2514
f 2383 2342 2343
f 2383 2377 2342
f 2394 2351 2352
f 2394 2388 2351
f 2329 2367 2362
f 2395 2367 2328
f 2329 2328 2367
f 2329 2362 2513
f 2372 2365 2366
f 2383 2343 2379
f 2394 2352 2390
f 2370 2366 2369
f 2370 2372 2366
f 2382 2379 2381
f 2382 2383 2379
f 2385 2384 2348
f 2349 2348 2384
f 2396 2385 2348
f 2393 2390 2392
f 2393 2394 2390
f 2029 2024 2023
f 2515 2024 2029
f 2515 2021 2024
f 2030 2515 2029
f 2515 2022 2021
f 2516 2022 2515
f 2516 2020 2022
f 2030 2516 2515
f 2516 2019 2020
f 2517 2019 2516
f 2517 2018 2019
f 2030 2517 2516
f 2517 2016 2018
f 2518 2016 2517
f 2518 2017 2016
f 2030 2518 2517
f 1362 2017 2518
f 1363 2017 1362
f 1363 1360 2017
f 1361 1362 2518
f 2519 1361 2518
f 2030 2519 2518
f 2519 1364 1361
f 1365 1364 2519
f 1366 1365 2519
f 2520 1366 2519
f 2030 2520 2519
f 1367 1366 2520
f 2521 1367 2520
f 2522 2521 2520
f 2030 2522 2520
f 1368 1367 2521
f 2522 2523 2521
f 1377 2521 2523
f 1378 1368 2521
f 1377 1378 2521
f 2522 2524 2523
f 2525 2523 2524
f 1374 2523 2525
f 1377 2523 1374
f 2522 2526 2524
f 2527 2524 2526
f 2528 2524 2527
f 2525 2524 2528
f 2529 2526 2522
f 2529 2530 2526
f 2527 2526 2530
f 2030 2529 2522
f 2529 2531 2530
f 2532 2530 2531
f 2527 2530 2532
f 2533 2531 2529
f 2533 2534 2531
f 2535 2531 2534
f 2532 2531 2535
f 2030 2533 2529
f 2536 2534 2533
f 2537 2534 2536
f 2538 2535 2534
f 2537 2538 2534
f 2539 2536 2533
f 2540 2539 2533
f 2541 2540 2533
f 2541 2533 2030
f 2542 2536 2539
f 2537 2536 2542
f 2540 2543 2539
f 2542 2539 2543
f 2544 2543 2540
f 2542 2543 2544
f 2545 2544 2540
f 2052 2545 2540
f 2050 2052 2540
f 2050 2540 2541
f 2542 2544 2545
f 2546 2545 2052
f 2542 2545 2546
f 2055 2546 2052
f 2547 2546 2055
f 2547 2542 2546
f 2548 2055 2054
f 2549 2547 2055
f 2548 2549 2055
f 2059 2550 2054
f 2548 2054 2550
f 2551 2541 2030
f 2032 2551 2030
f 2552 2050 2541
f 2552 2541 2551
f 2051 2050 2552
f 2405 2551 2032
f 2404 2552 2551
f 2404 2551 2405
f 2403 2032 2033
f 2402 2032 2403
f 2405 2032 2402
f 2553 2033 2034
f 2554 2033 2553
f 2403 2033 2554
f 2400 2034 2035
f 2553 2034 2400
f 2401 2035 2036
f 2400 2035 2401
f 2399 2036 2037
f 2397 2036 2399
f 2401 2036 2397
f 2555 2037 2031
f 2556 2037 2555
f 2556 2557 2037
f 2399 2037 2557
f 2555 2031 2039
f 2558 2051 2552
f 2558 2552 2404
f 2559 2051 2558
f 2049 2051 2559
f 2322 2039 2038
f 2560 2555 2039
f 2322 2560 2039
f 2560 2556 2555
f 2514 2371 2557
f 2335 2557 2371
f 2561 2514 2557
f 2556 2561 2557
f 2398 2399 2557
f 2335 2398 2557
f 2331 2335 2371
f 2321 2514 2561
f 2325 2514 2321
f 2513 2514 2325
f 2560 2561 2556
f 2321 2561 2560
f 2483 2553 2400
f 2562 2554 2553
f 2483 2562 2553
f 2562 2563 2554
f 2564 2554 2563
f 2565 2403 2554
f 2564 2566 2554
f 2565 2554 2566
f 2562 2567 2563
f 2568 2563 2567
f 2568 2564 2563
f 2562 2569 2567
f 2570 2567 2569
f 2571 2568 2567
f 2570 2571 2567
f 2562 2572 2569
f 2573 2569 2572
f 2573 2570 2569
f 2574 2377 2572
f 2327 2572 2377
f 2562 2574 2572
f 2327 2509 2572
f 2575 2572 2509
f 2573 2572 2575
f 2378 2377 2574
f 2326 2327 2377
f 2483 2574 2562
f 2338 2574 2483
f 2378 2574 2338
f 2576 2299 2403
f 2565 2576 2403
f 2577 2558 2404
f 2578 2404 2302
f 2578 2579 2404
f 2577 2404 2579
f 2580 2559 2558
f 2581 2580 2558
f 2577 2581 2558
f 2582 2583 2559
f 2049 2559 2583
f 2584 2582 2559
f 2585 2584 2559
f 2586 2585 2559
f 2587 2586 2559
f 2580 2587 2559
f 2357 2583 2582
f 2047 2049 2583
f 2357 2047 2583
f 2389 2388 2582
f 2357 2582 2388
f 2584 2389 2582
f 2176 2389 2584
f 2350 2389 2176
f 2350 2387 2389
f 2177 2584 2585
f 2176 2584 2177
f 2588 2585 2586
f 2588 2177 2585
f 2589 2586 2587
f 2588 2586 2589
f 2590 2587 2580
f 2589 2587 2590
f 2591 2580 2581
f 2590 2580 2591
f 2322 2321 2560
f 2337 2378 2338
f 2592 2300 2299
f 2592 2299 2576
f 2578 2302 2409
f 2593 2406 2300
f 2593 2300 2592
f 2594 2407 2406
f 2594 2406 2593
f 2595 2409 2408
f 2596 2578 2409
f 2595 2596 2409
f 2595 2408 2482
f 2597 2414 2407
f 2597 2407 2594
f 2598 2420 2414
f 2598 2414 2597
f 2598 2427 2420
f 2599 2443 2427
f 2599 2427 2598
f 2600 2444 2443
f 2600 2443 2599
f 2601 2445 2444
f 2601 2444 2600
f 2602 2446 2445
f 2602 2445 2601
f 2603 2481 2446
f 2603 2446 2602
f 2604 2480 2481
f 2604 2481 2603
f 2605 2479 2480
f 2605 2480 2604
f 2606 2478 2479
f 2606 2479 2605
f 2607 2477 2478
f 2607 2478 2606
f 2608 2476 2477
f 2608 2477 2607
f 2609 2475 2476
f 2609 2476 2608
f 2610 2474 2475
f 2610 2475 2609
f 2611 2473 2474
f 2611 2474 2610
f 2612 2472 2473
f 2612 2473 2611
f 2613 2471 2472
f 2613 2472 2612
f 2614 2470 2471
f 2614 2471 2613
f 2615 2469 2470
f 2615 2470 2614
f 2616 2468 2469
f 2617 2469 2615
f 2616 2469 2617
f 2618 2466 2468
f 2618 2468 2616
f 2619 2467 2466
f 2619 2466 2618
f 2620 2482 2467
f 2620 2467 2619
f 2620 2595 2482
f 2621 2489 2488
f 2621 2488 2494
f 2622 2490 2489
f 2621 2623 2489
f 2622 2489 2623
f 2624 2494 2493
f 2625 2621 2494
f 2625 2494 2624
f 2626 2493 2498
f 2624 2493 2626
f 2627 2498 2499
f 2626 2498 2627
f 2628 2499 2497
f 2627 2499 2629
f 2628 2629 2499
f 2630 2497 2501
f 2630 2628 2497
f 2631 2501 2502
f 2630 2501 2631
f 2632 2502 2500
f 2632 2631 2502
f 2633 2500 2505
f 2633 2632 2500
f 2634 2510 2507
f 2635 2507 2508
f 2635 2634 2507
f 2575 2509 2510
f 2636 2510 2634
f 2575 2510 2636
f 2490 2486 2487
f 2490 2508 2486
f 2622 2508 2490
f 2622 2635 2508
f 2637 2506 2504
f 2512 2637 2504
f 2505 2506 2637
f 2638 2505 2637
f 2639 2637 2512
f 2639 2638 2637
f 2633 2505 2638
f 2640 2512 2511
f 2640 2639 2512
f 2641 2511 2177
f 2641 2640 2511
f 2641 2177 2588
f 2513 2325 2330
f 2329 2513 2330
f 2341 2378 2337
f 2376 2378 2341
f 2340 2376 2341
f 2349 2387 2350
f 2564 2576 2566
f 2565 2566 2576
f 2642 2576 2564
f 2643 2592 2576
f 2643 2576 2642
f 2644 2564 2568
f 2642 2564 2644
f 2578 2581 2579
f 2577 2579 2581
f 2645 2581 2578
f 2645 2591 2581
f 2646 2578 2596
f 2645 2578 2646
f 2647 2568 2571
f 2647 2644 2568
f 2648 2571 2570
f 2649 2647 2571
f 2650 2649 2571
f 2648 2650 2571
f 2651 2593 2592
f 2643 2651 2592
f 2652 2653 2593
f 2594 2593 2653
f 2654 2652 2593
f 2654 2593 2651
f 2655 2596 2595
f 2656 2596 2655
f 2646 2596 2656
f 2657 2655 2595
f 2658 2657 2595
f 2658 2595 2620
f 2659 2655 2657
f 2660 2656 2655
f 2659 2660 2655
f 2661 2657 2658
f 2662 2659 2657
f 2661 2662 2657
f 2663 2590 2591
f 2664 2591 2645
f 2665 2591 2664
f 2665 2663 2591
f 2666 2589 2590
f 2663 2666 2590
f 2623 2653 2652
f 2667 2594 2653
f 2623 2667 2653
f 2668 2623 2652
f 2669 2668 2652
f 2669 2652 2654
f 2597 2594 2667
f 2670 2597 2667
f 2621 2670 2667
f 2621 2667 2623
f 2598 2597 2670
f 2671 2598 2670
f 2625 2671 2670
f 2625 2670 2621
f 2671 2599 2598
f 2672 2599 2671
f 2672 2600 2599
f 2625 2672 2671
f 2673 2600 2672
f 2673 2601 2600
f 2625 2673 2672
f 2674 2601 2673
f 2674 2602 2601
f 2625 2674 2673
f 2675 2602 2674
f 2675 2603 2602
f 2625 2675 2674
f 2676 2603 2675
f 2676 2604 2603
f 2624 2676 2675
f 2625 2624 2675
f 2677 2604 2676
f 2677 2605 2604
f 2626 2677 2676
f 2624 2626 2676
f 2678 2605 2677
f 2678 2606 2605
f 2626 2678 2677
f 2679 2606 2678
f 2679 2607 2606
f 2626 2679 2678
f 2680 2607 2679
f 2680 2608 2607
f 2627 2680 2679
f 2626 2627 2679
f 2681 2608 2680
f 2681 2609 2608
f 2627 2681 2680
f 2682 2609 2681
f 2682 2610 2609
f 2627 2682 2681
f 2683 2610 2682
f 2683 2611 2610
f 2629 2683 2682
f 2627 2629 2682
f 2684 2611 2683
f 2684 2612 2611
f 2628 2684 2683
f 2628 2683 2629
f 2685 2612 2684
f 2685 2613 2612
f 2628 2685 2684
f 2686 2613 2685
f 2686 2614 2613
f 2630 2686 2685
f 2630 2685 2628
f 2687 2614 2686
f 2687 2615 2614
f 2630 2687 2686
f 2688 2615 2687
f 2688 2617 2615
f 2630 2688 2687
f 2689 2617 2688
f 2689 2616 2617
f 2631 2689 2688
f 2630 2631 2688
f 2690 2616 2689
f 2690 2618 2616
f 2631 2690 2689
f 2691 2618 2690
f 2619 2618 2691
f 2632 2691 2690
f 2632 2690 2631
f 2692 2619 2691
f 2693 2692 2691
f 2693 2691 2632
f 2620 2619 2692
f 2658 2620 2692
f 2694 2658 2692
f 2694 2692 2693
f 2661 2658 2694
f 2622 2623 2668
f 2635 2668 2634
f 2695 2634 2668
f 2622 2668 2635
f 2695 2668 2669
f 2633 2693 2632
f 2639 2694 2693
f 2633 2638 2693
f 2639 2693 2638
f 2696 2694 2639
f 2696 2661 2694
f 2575 2636 2570
f 2697 2570 2636
f 2573 2575 2570
f 2697 2648 2570
f 2695 2636 2634
f 2695 2697 2636
f 2698 2639 2640
f 2696 2639 2698
f 2588 2589 2640
f 2666 2640 2589
f 2641 2588 2640
f 2698 2640 2666
f 2698 2666 2663
f 2699 2642 2644
f 2647 2699 2644
f 2651 2642 2699
f 2643 2642 2651
f 2700 2699 2647
f 2654 2651 2699
f 2654 2699 2700
f 2700 2647 2649
f 2701 2649 2650
f 2701 2700 2649
f 2701 2650 2648
f 2697 2701 2648
f 2646 2656 2660
f 2664 2646 2660
f 2665 2664 2660
f 2659 2665 2660
f 2664 2645 2646
f 2659 2663 2665
f 2662 2663 2659
f 2698 2663 2662
f 2669 2654 2700
f 2669 2700 2701
f 2695 2669 2701
f 2695 2701 2697
f 2698 2662 2661
f 2696 2698 2661
f 1336 1346 2702
f 1347 2702 1346
f 2527 1336 2702
f 2703 2702 1347
f 2527 2702 2703
f 1336 1345 1346
f 1336 1344 1345
f 1336 1343 1344
f 1336 1335 1343
f 2532 1337 1336
f 2527 2532 1336
f 2704 1323 1338
f 1325 1323 2704
f 2704 1338 1339
f 2705 1339 1340
f 2704 1339 2705
f 2705 1340 1341
f 2705 1341 1342
f 2705 1342 1337
f 2532 2705 1337
f 2703 1347 1350
f 2703 1350 1351
f 2706 2707 1351
f 2703 1351 2707
f 1352 2706 1351
f 2708 2709 2707
f 2703 2707 2709
f 2710 2708 2707
f 2706 2710 2707
f 2703 2709 2708
f 2703 2708 2710
f 2703 2710 2706
f 2703 2706 1352
f 2703 1352 1353
f 2703 1353 1354
f 2711 1354 1355
f 2711 2703 1354
f 2711 1355 1356
f 2712 1356 1349
f 2713 1356 2712
f 2713 2711 1356
f 984 935 932
f 978 984 932
f 940 978 932
f 983 936 935
f 984 983 935
f 982 934 936
f 983 982 936
f 981 1014 934
f 982 981 934
f 988 1015 1014
f 981 988 1014
f 987 1016 1015
f 988 987 1015
f 986 1010 1016
f 987 986 1016
f 985 1011 1010
f 986 985 1010
f 992 1012 1011
f 985 992 1011
f 991 1013 1012
f 992 991 1012
f 990 1007 1013
f 991 990 1013
f 989 1008 1007
f 990 989 1007
f 995 1009 1008
f 989 995 1008
f 994 1002 1009
f 995 994 1009
f 993 1003 1002
f 994 993 1002
f 1000 1004 1003
f 993 1000 1003
f 999 1005 1004
f 1000 999 1004
f 998 997 1005
f 999 998 1005
f 940 979 978
f 942 980 979
f 940 942 979
f 941 974 980
f 942 941 980
f 939 975 974
f 941 939 974
f 948 976 975
f 939 948 975
f 947 977 976
f 948 947 976
f 946 969 977
f 947 946 977
f 945 970 969
f 946 945 969
f 953 971 970
f 945 953 970
f 952 972 971
f 953 952 971
f 951 965 972
f 952 951 972
f 950 966 965
f 951 950 965
f 956 967 966
f 950 956 966
f 955 961 967
f 956 955 967
f 954 962 961
f 955 954 961
f 960 963 962
f 954 960 962
f 959 964 963
f 960 959 963
f 958 957 964
f 959 958 964
f 331 289 287
f 325 331 287
f 292 325 287
f 330 290 289
f 331 330 289
f 329 288 290
f 330 329 290
f 328 358 288
f 329 328 288
f 335 359 358
f 328 335 358
f 334 360 359
f 335 334 359
f 333 354 360
f 334 333 360
f 332 355 354
f 333 332 354
f 339 356 355
f 332 339 355
f 338 357 356
f 339 338 356
f 337 351 357
f 338 337 357
f 336 352 351
f 337 336 351
f 342 353 352
f 336 342 352
f 341 347 353
f 342 341 353
f 340 348 347
f 341 340 347
f 346 349 348
f 340 346 348
f 345 350 349
f 346 345 349
f 344 343 350
f 345 344 350
f 292 326 325
f 294 327 326
f 292 294 326
f 293 321 327
f 294 293 327
f 291 322 321
f 293 291 321
f 298 323 322
f 291 298 322
f 297 324 323
f 298 297 323
f 296 317 324
f 297 296 324
f 295 318 317
f 296 295 317
f 302 319 318
f 295 302 318
f 301 320 319
f 302 301 319
f 300 314 320
f 301 300 320
f 299 315 314
f 300 299 314
f 305 316 315
f 299 305 315
f 304 310 316
f 305 304 316
f 303 311 310
f 304 303 310
f 309 312 311
f 303 309 311
f 308 313 312
f 309 308 312
f 307 306 313
f 308 307 313
f 1369 2714 1370
f 2715 1370 2714
f 2715 1349 1370
f 1371 2714 1369
f 2716 2715 2714
f 2717 2714 1371
f 2718 2714 2717
f 2718 2716 2714
f 2712 1349 2715
f 2716 2712 2715
f 2719 2712 2716
f 2713 2712 2719
f 2532 2704 2705
f 1326 2720 1327
f 1328 1327 2720
f 1326 2721 2720
f 2535 2720 2721
f 2722 1328 2720
f 2723 2722 2720
f 2724 2723 2720
f 2535 2724 2720
f 2725 2721 1326
f 2535 2721 2725
f 1329 2725 1326
f 2722 1330 1328
f 2542 1330 2722
f 2547 1330 2542
f 2726 1331 1330
f 2727 1330 2550
f 2548 2550 1330
f 2726 1330 2727
f 2549 1330 2547
f 2548 1330 2549
f 2728 2542 2722
f 2728 2722 2723
f 2729 2542 2728
f 2730 2542 2729
f 2538 2542 2730
f 2537 2542 2538
f 2731 1332 1333
f 1331 2731 1333
f 2732 1332 2731
f 2732 1324 1332
f 2733 2732 2731
f 2733 2731 1331
f 1871 1324 2732
f 2060 1871 2732
f 2060 2732 2733
f 2283 1871 2060
f 2711 2527 2703
f 2734 2704 1334
f 2725 1334 2704
f 2735 2734 1334
f 1325 2735 1334
f 1329 1334 2725
f 2735 2704 2734
f 1325 2704 2735
f 2532 2725 2704
f 2736 2717 1371
f 2737 2736 1371
f 1372 2737 1371
f 2737 2717 2736
f 2738 2527 2717
f 2718 2717 2527
f 2737 2738 2717
f 2532 2535 2725
f 2729 2723 2724
f 2739 2728 2723
f 2729 2739 2723
f 2740 2724 2535
f 2740 2729 2724
f 2730 2740 2535
f 2538 2730 2535
f 2738 2528 2527
f 2711 2718 2527
f 1373 2528 2738
f 1373 2525 2528
f 1372 2738 2737
f 1373 2738 1372
f 2719 2716 2718
f 2713 2718 2711
f 2713 2719 2718
f 2729 2728 2739
f 2741 2733 1331
f 2742 2741 1331
f 2743 2742 1331
f 2744 2743 1331
f 2744 1331 2726
f 2742 2733 2741
f 2061 2060 2733
f 2742 2061 2733
f 2744 2058 2061
f 2744 2059 2058
f 2743 2061 2742
f 2744 2061 2743
f 2730 2729 2740
f 1374 2525 1375
f 1376 1375 2525
f 1373 1376 2525
f 2059 2727 2550
f 2726 2727 2059
f 2744 2726 2059
