mtllib material.mtl
usemtl material_shoulder_1
v 0.07499027 0.09459881 -0.00030232
v 0.07446392 0.09459881 -0.00917165
v -0.04003160 0.09459877 0.06310920
v 0.07446392 0.09459881 0.00856702
v 0.06671562 0.09459881 0.03394045
v 0.07029736 0.09459881 0.02580943
v 0.07289226 0.09459881 0.01731184
v 0.05061714 0.09459880 0.05502801
v 0.05680596 0.09459881 0.04865300
v 0.06219735 0.09459881 0.04159076
v 0.02818339 0.09459880 0.06919040
v 0.03620470 0.09459880 0.06536932
v 0.04371777 0.09459880 0.06062631
v 0.00222218 0.09459879 0.07465504
v 0.01107203 0.09459879 0.07386609
v 0.01976645 0.09459879 0.07203599
v -0.02401717 0.09459878 0.07073795
v -0.01544643 0.09459878 0.07307992
v -0.00665886 0.09459879 0.07439176
v -0.03225075 0.09459878 0.06739877
v -0.06456995 0.09459877 0.03783258
v -0.05960641 0.09459877 0.04520180
v -0.05380611 0.09459877 0.05193226
v -0.04725051 0.09459877 0.05792945
v -0.07380778 0.09459876 0.01296274
v -0.07172083 0.09459876 0.02159911
v -0.06862708 0.09459876 0.02992803
v -0.07380778 0.09459876 -0.01356738
v -0.07485863 0.09459876 -0.00474479
v -0.07485863 0.09459876 0.00414016
v -0.06456995 0.09459876 -0.03843721
v -0.06862708 0.09459876 -0.03053268
v -0.07172083 0.09459876 -0.02220374
v -0.04725051 0.09459877 -0.05853407
v -0.05380611 0.09459876 -0.05253689
v -0.05960641 0.09459876 -0.04580645
v -0.02401717 0.09459877 -0.07134261
v -0.03225075 0.09459877 -0.06800340
v -0.04003161 0.09459877 -0.06371382
v 0.00222218 0.09459878 -0.07525968
v -0.00665886 0.09459878 -0.07499640
v -0.01544643 0.09459878 -0.07368456
v 0.02818339 0.09459879 -0.06979505
v 0.01976645 0.09459879 -0.07264063
v 0.01107203 0.09459879 -0.07447075
v 0.05061714 0.09459880 -0.05563266
v 0.04371777 0.09459880 -0.06123096
v 0.03620470 0.09459879 -0.06597395
v 0.06671562 0.09459881 -0.03454508
v 0.06219735 0.09459880 -0.04219541
v 0.05680596 0.09459880 -0.04925763
v 0.07289226 0.09459881 -0.01791649
v 0.07029736 0.09459881 -0.02641407
v 0.07499027 0.09459881 -0.00030232
v 0.07447258 0.09359882 -0.00917269
v 0.07446392 0.09459881 -0.00917165
v 0.07446392 0.09459881 -0.00917165
v 0.07447258 0.09359882 -0.00917269
v 0.07290074 0.09359882 -0.01791853
v 0.07289226 0.09459881 -0.01791649
v 0.07289226 0.09459881 -0.01791649
v 0.07290074 0.09359882 -0.01791853
v 0.07030554 0.09359882 -0.02641710
v 0.07029736 0.09459881 -0.02641407
v 0.07029736 0.09459881 -0.02641407
v 0.07030554 0.09359882 -0.02641710
v 0.06672339 0.09359882 -0.03454905
v 0.06671562 0.09459881 -0.03454508
v 0.06671562 0.09459881 -0.03454508
v 0.06672339 0.09359882 -0.03454905
v 0.06220458 0.09359882 -0.04220028
v 0.06219735 0.09459880 -0.04219541
v 0.06219735 0.09459880 -0.04219541
v 0.06220458 0.09359882 -0.04220028
v 0.05681257 0.09359881 -0.04926334
v 0.05680596 0.09459880 -0.04925763
v 0.05680596 0.09459880 -0.04925763
v 0.05681257 0.09359881 -0.04926334
v 0.05381231 0.09359881 -0.05254296
v 0.05680596 0.09459880 -0.04925763
v 0.05381231 0.09359881 -0.05254296
v 0.05061714 0.09459880 -0.05563266
v 0.05381231 0.09359881 -0.05254296
v 0.05062303 0.09359881 -0.05563910
v 0.05061714 0.09459880 -0.05563266
v 0.05061714 0.09459880 -0.05563266
v 0.05062303 0.09359881 -0.05563910
v 0.04372286 0.09359881 -0.06123804
v 0.04371777 0.09459880 -0.06123096
v 0.04371777 0.09459880 -0.06123096
v 0.04372286 0.09359881 -0.06123804
v 0.03620891 0.09359881 -0.06598158
v 0.03620470 0.09459879 -0.06597395
v 0.03620470 0.09459879 -0.06597395
v 0.03620891 0.09359881 -0.06598158
v 0.02818667 0.09359880 -0.06980314
v 0.02818339 0.09459879 -0.06979505
v 0.02818339 0.09459879 -0.06979505
v 0.02818667 0.09359880 -0.06980314
v 0.01976875 0.09359880 -0.07264905
v 0.01976645 0.09459879 -0.07264063
v 0.01976645 0.09459879 -0.07264063
v 0.01976875 0.09359880 -0.07264905
v 0.01544817 0.09359880 -0.07369311
v 0.01976645 0.09459879 -0.07264063
v 0.01544817 0.09359880 -0.07369311
v 0.01107203 0.09459879 -0.07447075
v 0.01544817 0.09359880 -0.07369311
v 0.01107332 0.09359880 -0.07447937
v 0.01107203 0.09459879 -0.07447075
v 0.01107203 0.09459879 -0.07447075
v 0.01107332 0.09359880 -0.07447937
v 0.00222244 0.09359880 -0.07526840
v 0.00222218 0.09459878 -0.07525968
v 0.00222218 0.09459878 -0.07525968
v 0.00222244 0.09359880 -0.07526840
v -0.00665964 0.09359879 -0.07500509
v -0.00665886 0.09459878 -0.07499640
v -0.00665886 0.09459878 -0.07499640
v -0.00665964 0.09359879 -0.07500509
v -0.01544823 0.09359879 -0.07369311
v -0.01544643 0.09459878 -0.07368456
v -0.01544643 0.09459878 -0.07368456
v -0.01544823 0.09359879 -0.07369311
v -0.02401996 0.09359879 -0.07135088
v -0.02401717 0.09459877 -0.07134261
v -0.02401717 0.09459877 -0.07134261
v -0.02401996 0.09359879 -0.07135088
v -0.03225450 0.09359878 -0.06801128
v -0.03225075 0.09459877 -0.06800340
v -0.03225075 0.09459877 -0.06800340
v -0.03225450 0.09359878 -0.06801128
v -0.04003626 0.09359878 -0.06372120
v -0.04003161 0.09459877 -0.06371382
v -0.04003161 0.09459877 -0.06371382
v -0.04003626 0.09359878 -0.06372120
v -0.04725601 0.09359878 -0.05854085
v -0.04725051 0.09459877 -0.05853407
v -0.04725051 0.09459877 -0.05853407
v -0.04725601 0.09359878 -0.05854085
v -0.05381237 0.09359878 -0.05254296
v -0.05380611 0.09459876 -0.05253689
v -0.05380611 0.09459876 -0.05253689
v -0.05381237 0.09359878 -0.05254296
v -0.05961333 0.09359878 -0.04581173
v -0.05960641 0.09459876 -0.04580645
v -0.05960641 0.09459876 -0.04580645
v -0.05961333 0.09359878 -0.04581173
v -0.06457746 0.09359878 -0.03844165
v -0.06456995 0.09459876 -0.03843721
v -0.06456995 0.09459876 -0.03843721
v -0.06457746 0.09359878 -0.03844165
v -0.06863506 0.09359877 -0.03053619
v -0.06862708 0.09459876 -0.03053268
v -0.06862708 0.09459876 -0.03053268
v -0.06863506 0.09359877 -0.03053619
v -0.07030560 0.09359877 -0.02641710
v -0.06862708 0.09459876 -0.03053268
v -0.07030560 0.09359877 -0.02641710
v -0.07172083 0.09459876 -0.02220374
v -0.07030560 0.09359877 -0.02641710
v -0.07172918 0.09359877 -0.02220629
v -0.07172083 0.09459876 -0.02220374
v -0.07172083 0.09459876 -0.02220374
v -0.07172918 0.09359877 -0.02220629
v -0.07381636 0.09359877 -0.01356892
v -0.07380778 0.09459876 -0.01356738
v -0.07380778 0.09459876 -0.01356738
v -0.07381636 0.09359877 -0.01356892
v -0.07486734 0.09359877 -0.00474530
v -0.07485863 0.09459876 -0.00474479
v -0.07485863 0.09459876 -0.00474479
v -0.07486734 0.09359877 -0.00474530
v -0.07486734 0.09359877 0.00414067
v -0.07485863 0.09459876 0.00414016
v -0.07485863 0.09459876 0.00414016
v -0.07486734 0.09359877 0.00414067
v -0.07381636 0.09359877 0.01296429
v -0.07380778 0.09459876 0.01296274
v -0.07380778 0.09459876 0.01296274
v -0.07381636 0.09359877 0.01296429
v -0.07172918 0.09359878 0.02160166
v -0.07172083 0.09459876 0.02159911
v -0.07172083 0.09459876 0.02159911
v -0.07172918 0.09359878 0.02160166
v -0.06863506 0.09359878 0.02993154
v -0.06862708 0.09459876 0.02992803
v -0.06862708 0.09459876 0.02992803
v -0.06863506 0.09359878 0.02993154
v -0.06457746 0.09359878 0.03783702
v -0.06456995 0.09459877 0.03783258
v -0.06456995 0.09459877 0.03783258
v -0.06457746 0.09359878 0.03783702
v -0.05961333 0.09359878 0.04520710
v -0.05960641 0.09459877 0.04520180
v -0.05960641 0.09459877 0.04520180
v -0.05961333 0.09359878 0.04520710
v -0.05381237 0.09359878 0.05193833
v -0.05380611 0.09459877 0.05193226
v -0.05380611 0.09459877 0.05193226
v -0.05381237 0.09359878 0.05193833
v -0.04725601 0.09359878 0.05793620
v -0.04725051 0.09459877 0.05792945
v -0.04725051 0.09459877 0.05792945
v -0.04725601 0.09359878 0.05793620
v -0.04003626 0.09359879 0.06311655
v -0.04003160 0.09459877 0.06310920
v -0.04003160 0.09459877 0.06310920
v -0.04003626 0.09359879 0.06311655
v -0.03620897 0.09359879 0.06537695
v -0.04003160 0.09459877 0.06310920
v -0.03620897 0.09359879 0.06537695
v -0.03225075 0.09459878 0.06739877
v -0.03620897 0.09359879 0.06537695
v -0.03225450 0.09359879 0.06740664
v -0.03225075 0.09459878 0.06739877
v -0.03225075 0.09459878 0.06739877
v -0.03225450 0.09359879 0.06740664
v -0.02401996 0.09359879 0.07074624
v -0.02401717 0.09459878 0.07073795
v -0.02401717 0.09459878 0.07073795
v -0.02401996 0.09359879 0.07074624
v -0.01544823 0.09359880 0.07308846
v -0.01544643 0.09459878 0.07307992
v -0.01544643 0.09459878 0.07307992
v -0.01544823 0.09359880 0.07308846
v -0.00665964 0.09359880 0.07440045
v -0.00665886 0.09459879 0.07439176
v -0.00665886 0.09459879 0.07439176
v -0.00665964 0.09359880 0.07440045
v 0.00222244 0.09359880 0.07466377
v 0.00222218 0.09459879 0.07465504
v 0.00222218 0.09459879 0.07465504
v 0.00222244 0.09359880 0.07466377
v 0.00665957 0.09359880 0.07440045
v 0.00222218 0.09459879 0.07465504
v 0.00665957 0.09359880 0.07440045
v 0.01107203 0.09459879 0.07386609
v 0.00665957 0.09359880 0.07440045
v 0.01107332 0.09359880 0.07387474
v 0.01107203 0.09459879 0.07386609
v 0.01107203 0.09459879 0.07386609
v 0.01107332 0.09359880 0.07387474
v 0.01976875 0.09359881 0.07204441
v 0.01976645 0.09459879 0.07203599
v 0.01976645 0.09459879 0.07203599
v 0.01976875 0.09359881 0.07204441
v 0.02818667 0.09359881 0.06919851
v 0.02818339 0.09459880 0.06919040
v 0.02818339 0.09459880 0.06919040
v 0.02818667 0.09359881 0.06919851
v 0.03620891 0.09359881 0.06537695
v 0.03620470 0.09459880 0.06536932
v 0.03620470 0.09459880 0.06536932
v 0.03620891 0.09359881 0.06537695
v 0.04372286 0.09359881 0.06063341
v 0.04371777 0.09459880 0.06062631
v 0.04371777 0.09459880 0.06062631
v 0.04372286 0.09359881 0.06063341
v 0.05062303 0.09359882 0.05503445
v 0.05061714 0.09459880 0.05502801
v 0.05061714 0.09459880 0.05502801
v 0.05062303 0.09359882 0.05503445
v 0.05681257 0.09359882 0.04865869
v 0.05680596 0.09459881 0.04865300
v 0.05680596 0.09459881 0.04865300
v 0.05681257 0.09359882 0.04865869
v 0.05961327 0.09359882 0.04520710
v 0.05680596 0.09459881 0.04865300
v 0.05961327 0.09359882 0.04520710
v 0.06219735 0.09459881 0.04159076
v 0.05961327 0.09359882 0.04520710
v 0.06220458 0.09359882 0.04159565
v 0.06219735 0.09459881 0.04159076
v 0.06219735 0.09459881 0.04159076
v 0.06220458 0.09359882 0.04159565
v 0.06672339 0.09359882 0.03394442
v 0.06671562 0.09459881 0.03394045
v 0.06671562 0.09459881 0.03394045
v 0.06672339 0.09359882 0.03394442
v 0.07030554 0.09359882 0.02581247
v 0.07029736 0.09459881 0.02580943
v 0.07029736 0.09459881 0.02580943
v 0.07030554 0.09359882 0.02581247
v 0.07290074 0.09359882 0.01731390
v 0.07289226 0.09459881 0.01731184
v 0.07289226 0.09459881 0.01731184
v 0.07290074 0.09359882 0.01731390
v 0.07447258 0.09359882 0.00856805
v 0.07446392 0.09459881 0.00856702
v 0.07446392 0.09459881 0.00856702
v 0.07447258 0.09359882 0.00856805
v 0.07486728 0.09359882 0.00414067
v 0.07446392 0.09459881 0.00856702
v 0.07486728 0.09359882 0.00414067
v 0.07499027 0.09459881 -0.00030232
v 0.07499027 0.09459881 -0.00030232
v 0.07486728 0.09359882 0.00414067
v 0.07499900 0.09359882 -0.00030232
v 0.07499900 0.09359882 -0.00030232
v -0.03225450 0.09359878 -0.06801128
v -0.02401996 0.09359879 -0.07135088
v -0.02756095 0.09359879 -0.06991327
v -0.02163940 0.09359879 -0.07197537
v -0.01544823 0.09359879 -0.07369311
v -0.02163940 0.09359879 -0.07197537
v -0.01544823 0.09359879 -0.07369311
v -0.01555119 0.09359731 -0.07354131
v -0.02401996 0.09359879 0.07074624
v -0.01861906 0.09359879 0.07221403
v -0.01544823 0.09359880 0.07308846
v -0.01248575 0.09359880 0.07351770
v -0.00665964 0.09359880 0.07440045
v 0.04372286 0.09359881 -0.06123804
v 0.03879930 0.09359782 -0.06433657
v 0.03620891 0.09359881 -0.06598158
v 0.03620891 0.09359881 -0.06598158
v 0.03879930 0.09359782 -0.06433657
v 0.03328913 0.09359881 -0.06736289
v 0.02818667 0.09359880 -0.06980314
v -0.01248575 0.09359880 0.07351770
v -0.00629154 0.09359080 0.07431135
v -0.00665964 0.09359880 0.07440045
v -0.00665964 0.09359880 0.07440045
v -0.00629154 0.09359080 0.07431135
v -0.00002678 0.09359327 0.07457586
v -0.00665964 0.09359880 0.07440045
v -0.00002678 0.09359327 0.07457586
v 0.00222244 0.09359880 0.07466377
v 0.00222244 0.09359880 0.07466377
v -0.00002678 0.09359327 0.07457586
v 0.00685316 0.09359555 0.07427490
v 0.00665957 0.09359880 0.07440045
v 0.01107332 0.09359880 0.07387474
v 0.01107332 0.09359880 0.07387474
v 0.00685316 0.09359555 0.07427490
v 0.01236234 0.09359002 0.07354711
v 0.01107332 0.09359880 0.07387474
v 0.01236234 0.09359002 0.07354711
v 0.01976875 0.09359881 0.07204441
v 0.07447258 0.09359882 -0.00917269
v 0.07354233 0.09359882 -0.01433129
v 0.07290074 0.09359882 -0.01791853
v 0.07211794 0.09359781 -0.02042129
v 0.07290074 0.09359882 -0.01791853
v 0.07211794 0.09359781 -0.02042129
v 0.07030554 0.09359882 -0.02641710
v 0.07211794 0.09359781 -0.02042129
v 0.07018150 0.09359734 -0.02638565
v 0.07030554 0.09359882 -0.02641710
v 0.06774299 0.09359882 -0.03217975
v 0.07030554 0.09359882 -0.02641710
v 0.06774299 0.09359882 -0.03217975
v 0.06672339 0.09359882 -0.03454905
v 0.06483798 0.09359882 -0.03773656
v 0.06220458 0.09359882 -0.04220028
v -0.00936798 0.09359780 -0.07458567
v -0.00936798 0.09359780 -0.07458567
v -0.01544823 0.09359879 -0.07369311
v -0.00665964 0.09359879 -0.07500509
v -0.00936798 0.09359780 -0.07458567
v -0.00665964 0.09359879 -0.07500509
v -0.00313520 0.09359879 -0.07510513
v 0.00222244 0.09359880 -0.07526840
v -0.00313520 0.09359879 -0.07510513
v 0.00222244 0.09359880 -0.07526840
v 0.00280593 0.09359120 -0.07513877
v 0.01236234 0.09359002 0.07354711
v 0.01859242 0.09354999 0.07224845
v 0.01976875 0.09359881 0.07204441
v 0.01976875 0.09359881 0.07204441
v 0.01859242 0.09354999 0.07224845
v 0.02462172 0.09359881 0.07040170
v 0.01976875 0.09359881 0.07204441
v 0.02462172 0.09359881 0.07040170
v 0.02818667 0.09359881 0.06919851
v 0.03045172 0.09359881 0.06809344
v 0.03620891 0.09359881 0.06537695
v 0.03045172 0.09359881 0.06809344
v 0.03605577 0.09359734 0.06531602
v 0.03620891 0.09359881 0.06537695
v 0.04143155 0.09359881 0.06205722
v 0.04143155 0.09359881 0.06205722
v 0.04372286 0.09359881 0.06063341
v 0.04650435 0.09359882 0.05837161
v 0.05062303 0.09359882 0.05503445
v 0.06672339 0.09359882 0.03394442
v 0.06901520 0.09359781 0.02872649
v 0.07030554 0.09359882 0.02581247
v 0.07030554 0.09359882 0.02581247
v 0.06901520 0.09359781 0.02872649
v 0.07120411 0.09359882 0.02283332
v 0.07290074 0.09359882 0.01731390
v 0.07120411 0.09359882 0.02283332
v 0.07289411 0.09359082 0.01682151
v 0.07290074 0.09359882 0.01731390
v 0.07408675 0.09356121 0.01067618
v 0.07290074 0.09359882 0.01731390
v 0.07408675 0.09356121 0.01067618
v 0.07447258 0.09359882 0.00856805
v 0.07447258 0.09359882 0.00856805
v 0.07408675 0.09356121 0.01067618
v 0.07473637 0.09358707 0.00435298
v 0.07447258 0.09359882 0.00856805
v 0.07473637 0.09358707 0.00435298
v 0.07486728 0.09359882 0.00414067
v 0.07486728 0.09359882 0.00414067
v 0.07473637 0.09358707 0.00435298
v 0.07487986 0.09359542 -0.00131755
v 0.07486728 0.09359882 0.00414067
v 0.07487986 0.09359542 -0.00131755
v 0.07499900 0.09359882 -0.00030232
v 0.07499900 0.09359882 -0.00030232
v 0.07487986 0.09359542 -0.00131755
v 0.07447258 0.09359882 -0.00917269
v 0.07447258 0.09359882 -0.00917269
v 0.07446328 0.09359734 -0.00811274
v 0.07447258 0.09359882 -0.00917269
v 0.07446328 0.09359734 -0.00811274
v 0.07354233 0.09359882 -0.01433129
v 0.03328913 0.09359881 -0.06736289
v 0.02757685 0.09359733 -0.06991053
v 0.02818667 0.09359880 -0.06980314
v 0.02818667 0.09359880 -0.06980314
v 0.02757685 0.09359733 -0.06991053
v 0.02168353 0.09356119 -0.07199054
v 0.02818667 0.09359880 -0.06980314
v 0.02168353 0.09356119 -0.07199054
v 0.01976875 0.09359880 -0.07264905
v 0.01976875 0.09359880 -0.07264905
v 0.02168353 0.09356119 -0.07199054
v 0.01499456 0.09359556 -0.07367730
v 0.01976875 0.09359880 -0.07264905
v 0.01499456 0.09359556 -0.07367730
v 0.01544817 0.09359880 -0.07369311
v 0.01107332 0.09359880 -0.07447937
v 0.01107332 0.09359880 -0.07447937
v 0.01499456 0.09359556 -0.07367730
v 0.00951004 0.09359002 -0.07457295
v 0.01107332 0.09359880 -0.07447937
v 0.00951004 0.09359002 -0.07457295
v 0.00222244 0.09359880 -0.07526840
v 0.00222244 0.09359880 -0.07526840
v 0.00951004 0.09359002 -0.07457295
v 0.00280593 0.09359120 -0.07513877
v -0.02756095 0.09359879 -0.06991327
v -0.03327035 0.09354997 -0.06740209
v -0.03225450 0.09359878 -0.06801128
v -0.03225450 0.09359878 -0.06801128
v -0.03327035 0.09354997 -0.06740209
v -0.03876561 0.09356117 -0.06438514
v -0.03225450 0.09359878 -0.06801128
v -0.03876561 0.09356117 -0.06438514
v -0.04003626 0.09359878 -0.06372120
v -0.04003626 0.09359878 -0.06372120
v -0.03876561 0.09356117 -0.06438514
v -0.04400662 0.09359878 -0.06087218
v -0.04003626 0.09359878 -0.06372120
v -0.04400662 0.09359878 -0.06087218
v -0.04725601 0.09359878 -0.05854085
v -0.04891059 0.09359779 -0.05699033
v -0.04725601 0.09359878 -0.05854085
v -0.04891059 0.09359779 -0.05699033
v -0.05381237 0.09359878 -0.05254296
v -0.04891059 0.09359779 -0.05699033
v -0.05348273 0.09359731 -0.05269876
v -0.05381237 0.09359878 -0.05254296
v -0.05768718 0.09359878 -0.04802529
v -0.05381237 0.09359878 -0.05254296
v -0.05768718 0.09359878 -0.04802529
v -0.05961333 0.09359878 -0.04581173
v -0.06147822 0.09359878 -0.04303078
v -0.06457746 0.09359878 -0.03844165
v -0.07381636 0.09359877 -0.01356892
v -0.07445836 0.09359877 -0.00812819
v -0.07486734 0.09359877 -0.00474530
v -0.07486734 0.09359877 -0.00474530
v -0.07445836 0.09359877 -0.00812819
v -0.07486122 0.09359323 -0.00189731
v -0.07486734 0.09359877 -0.00474530
v -0.07486122 0.09359323 -0.00189731
v -0.07486734 0.09359877 0.00414067
v -0.05961333 0.09359878 0.04520710
v -0.05563815 0.09359878 0.04979447
v -0.05381237 0.09359878 0.05193833
v -0.05125102 0.09359878 0.05427445
v -0.04725601 0.09359878 0.05793620
v -0.05125102 0.09359878 0.05427445
v -0.04654791 0.09354997 0.05837124
v -0.04725601 0.09359878 0.05793620
v -0.04725601 0.09359878 0.05793620
v -0.04654791 0.09354997 0.05837124
v -0.04147829 0.09356117 0.06205898
v -0.04725601 0.09359878 0.05793620
v -0.04147829 0.09356117 0.06205898
v -0.04003626 0.09359879 0.06311655
v -0.04003626 0.09359879 0.06311655
v -0.04147829 0.09356117 0.06205898
v -0.03603346 0.09358703 0.06533907
v -0.04003626 0.09359879 0.06311655
v -0.03603346 0.09358703 0.06533907
v -0.03620897 0.09359879 0.06537695
v -0.03620897 0.09359879 0.06537695
v -0.03603346 0.09358703 0.06533907
v -0.03078771 0.09359395 0.06796342
v -0.03620897 0.09359879 0.06537695
v -0.03078771 0.09359395 0.06796342
v -0.03225450 0.09359879 0.06740664
v -0.03225450 0.09359879 0.06740664
v -0.03078771 0.09359395 0.06796342
v -0.02401996 0.09359879 0.07074624
v -0.02401996 0.09359879 0.07074624
v -0.03078771 0.09359395 0.06796342
v -0.02466288 0.09354998 0.07041568
v -0.02401996 0.09359879 0.07074624
v -0.02466288 0.09354998 0.07041568
v -0.01861906 0.09359879 0.07221403
v -0.07486122 0.09359323 -0.00189731
v -0.07474960 0.09354995 0.00436612
v -0.07486734 0.09359877 0.00414067
v -0.07486734 0.09359877 0.00414067
v -0.07474960 0.09354995 0.00436612
v -0.07406534 0.09359877 0.01063470
v -0.07486734 0.09359877 0.00414067
v -0.07406534 0.09359877 0.01063470
v -0.07381636 0.09359877 0.01296429
v -0.07289040 0.09359877 0.01679397
v -0.07381636 0.09359877 0.01296429
v -0.07289040 0.09359877 0.01679397
v -0.07172918 0.09359878 0.02160166
v -0.07172918 0.09359878 0.02160166
v -0.07289040 0.09359877 0.01679397
v -0.07122168 0.09359324 0.02281085
v -0.07172918 0.09359878 0.02160166
v -0.07122168 0.09359324 0.02281085
v -0.06863506 0.09359878 0.02993154
v 0.06483798 0.09359882 -0.03773656
v 0.06148999 0.09359734 -0.04301959
v 0.06220458 0.09359882 -0.04220028
v 0.06220458 0.09359882 -0.04220028
v 0.06148999 0.09359734 -0.04301959
v 0.05771169 0.09359327 -0.04801080
v 0.06220458 0.09359882 -0.04220028
v 0.05771169 0.09359327 -0.04801080
v 0.05681257 0.09359881 -0.04926334
v 0.05681257 0.09359881 -0.04926334
v 0.05771169 0.09359327 -0.04801080
v 0.05309430 0.09359557 -0.05312009
v 0.05381231 0.09359881 -0.05254296
v 0.05381231 0.09359881 -0.05254296
v 0.05309430 0.09359557 -0.05312009
v 0.05062303 0.09359881 -0.05563910
v 0.04902182 0.09359001 -0.05690112
v 0.05062303 0.09359881 -0.05563910
v 0.04902182 0.09359001 -0.05690112
v 0.04372286 0.09359881 -0.06123804
v 0.04372286 0.09359881 -0.06123804
v 0.04902182 0.09359001 -0.05690112
v 0.04402138 0.09359733 -0.06086553
v 0.04372286 0.09359881 -0.06123804
v 0.04402138 0.09359733 -0.06086553
v 0.03879930 0.09359782 -0.06433657
v -0.06147822 0.09359878 -0.04303078
v -0.06484401 0.09354996 -0.03777965
v -0.06457746 0.09359878 -0.03844165
v -0.06457746 0.09359878 -0.03844165
v -0.06484401 0.09354996 -0.03777965
v -0.06775159 0.09356116 -0.03222572
v -0.06457746 0.09359878 -0.03844165
v -0.06775159 0.09356116 -0.03222572
v -0.06863506 0.09359877 -0.03053619
v -0.06863506 0.09359877 -0.03053619
v -0.06775159 0.09356116 -0.03222572
v -0.07020113 0.09358702 -0.02636007
v -0.06863506 0.09359877 -0.03053619
v -0.07020113 0.09358702 -0.02636007
v -0.07030560 0.09359877 -0.02641710
v -0.07030560 0.09359877 -0.02641710
v -0.07020113 0.09358702 -0.02636007
v -0.07197749 0.09359537 -0.02097296
v -0.07030560 0.09359877 -0.02641710
v -0.07197749 0.09359537 -0.02097296
v -0.07172918 0.09359877 -0.02220629
v -0.07172918 0.09359877 -0.02220629
v -0.07197749 0.09359537 -0.02097296
v -0.07381636 0.09359877 -0.01356892
v -0.07381636 0.09359877 -0.01356892
v -0.07354731 0.09359077 -0.01435873
v -0.07381636 0.09359877 -0.01356892
v -0.07354731 0.09359077 -0.01435873
v -0.07445836 0.09359877 -0.00812819
v -0.07122168 0.09359324 0.02281085
v -0.06905645 0.09354996 0.02868910
v -0.06863506 0.09359878 0.02993154
v -0.06863506 0.09359878 0.02993154
v -0.06905645 0.09354996 0.02868910
v -0.06634874 0.09359878 0.03438395
v -0.06863506 0.09359878 0.02993154
v -0.06634874 0.09359878 0.03438395
v -0.06457746 0.09359878 0.03783702
v -0.06321357 0.09359878 0.03981422
v -0.05961333 0.09359878 0.04520710
v -0.06321357 0.09359878 0.03981422
v -0.05967704 0.09354997 0.04495192
v -0.05961333 0.09359878 0.04520710
v -0.05967704 0.09354997 0.04495192
v -0.05563815 0.09359878 0.04979447
v 0.04650435 0.09359882 0.05837161
v 0.05124425 0.09355001 0.05431742
v 0.05062303 0.09359882 0.05503445
v 0.05062303 0.09359882 0.05503445
v 0.05124425 0.09355001 0.05431742
v 0.05563299 0.09356121 0.04984092
v 0.05062303 0.09359882 0.05503445
v 0.05563299 0.09356121 0.04984092
v 0.05681257 0.09359882 0.04865869
v 0.05681257 0.09359882 0.04865869
v 0.05563299 0.09356121 0.04984092
v 0.05967335 0.09358708 0.04493359
v 0.05681257 0.09359882 0.04865869
v 0.05967335 0.09358708 0.04493359
v 0.05961327 0.09359882 0.04520710
v 0.05961327 0.09359882 0.04520710
v 0.05967335 0.09358708 0.04493359
v 0.06303583 0.09359398 0.04012753
v 0.05961327 0.09359882 0.04520710
v 0.06303583 0.09359398 0.04012753
v 0.06220458 0.09359882 0.04159565
v 0.06220458 0.09359882 0.04159565
v 0.06303583 0.09359398 0.04012753
v 0.06672339 0.09359882 0.03394442
v 0.06672339 0.09359882 0.03394442
v 0.06303583 0.09359398 0.04012753
v 0.06635649 0.09355002 0.03442670
v 0.06672339 0.09359882 0.03394442
v 0.06635649 0.09355002 0.03442670
v 0.06901520 0.09359781 0.02872649
v 0.03329627 0.09344337 -0.06738281
v 0.03876593 0.09334461 -0.06434591
v 0.03325165 0.09327155 -0.06728861
v 0.02750377 0.09333600 -0.06992643
v 0.03329627 0.09344337 -0.06738281
v 0.03325165 0.09327155 -0.06728861
v -0.00317275 0.09346309 -0.07512618
v -0.00313224 0.09327153 -0.07502196
v -0.00936734 0.09333596 -0.07457379
v -0.02757100 0.09344335 -0.06993190
v -0.02161897 0.09328573 -0.07191458
v -0.02753082 0.09327155 -0.06983573
v -0.02757100 0.09344335 -0.06993190
v -0.02753082 0.09327155 -0.06983573
v -0.03328195 0.09328582 -0.06729484
v -0.07447953 0.09344335 -0.00812795
v -0.07352176 0.09332455 -0.01431182
v -0.07437567 0.09327151 -0.00811894
v -0.07447953 0.09344335 -0.00812795
v -0.07437567 0.09327151 -0.00811894
v -0.07482510 0.09331769 -0.00187916
v -0.07291028 0.09344332 0.01680116
v -0.07400331 0.09328934 0.01063438
v -0.07280930 0.09327154 0.01677544
v -0.07291028 0.09344332 0.01680116
v -0.07280930 0.09327154 0.01677544
v -0.07116408 0.09331777 0.02286961
v 0.02168353 0.09356119 -0.07199054
v 0.02750377 0.09333600 -0.06992643
v 0.02159805 0.09328584 -0.07192081
v 0.06767480 0.09328586 -0.03217399
v 0.06485494 0.09344336 -0.03774918
v 0.06776199 0.09347023 -0.03218958
v 0.06767480 0.09328586 -0.03217399
v 0.06776199 0.09347023 -0.03218958
v 0.07014439 0.09333602 -0.02645067
v 0.07400580 0.09328939 0.01061708
v 0.07469337 0.09331774 0.00440648
v 0.07408675 0.09356121 0.01067618
v 0.07400580 0.09328939 0.01061708
v 0.07408675 0.09356121 0.01067618
v 0.07287484 0.09331782 0.01674212
v -0.02164629 0.09347023 -0.07199562
v -0.01558171 0.09334458 -0.07352521
v -0.02161897 0.09328573 -0.07191458
v -0.02164629 0.09347023 -0.07199562
v -0.02161897 0.09328573 -0.07191458
v -0.02757100 0.09344335 -0.06993190
v -0.03327035 0.09354997 -0.06740209
v -0.02757100 0.09344335 -0.06993190
v -0.03328195 0.09328582 -0.06729484
v -0.03327035 0.09354997 -0.06740209
v -0.03328195 0.09328582 -0.06729484
v -0.03876561 0.09356117 -0.06438514
v -0.03875955 0.09328935 -0.06428510
v -0.03876561 0.09356117 -0.06438514
v -0.03875955 0.09328935 -0.06428510
v -0.04401981 0.09347020 -0.06088902
v -0.04401981 0.09347020 -0.06088902
v -0.03875955 0.09328935 -0.06428510
v -0.04396734 0.09328571 -0.06082146
v -0.04401981 0.09347020 -0.06088902
v -0.04396734 0.09328571 -0.06082146
v -0.04890344 0.09333595 -0.05698082
v -0.06484401 0.09354996 -0.03777965
v -0.06143805 0.09330100 -0.04300910
v -0.06478922 0.09328934 -0.03769828
v -0.06484401 0.09354996 -0.03777965
v -0.06478922 0.09328934 -0.03769828
v -0.06775159 0.09356116 -0.03222572
v -0.06775159 0.09356116 -0.03222572
v -0.06478922 0.09328934 -0.03769828
v -0.06768420 0.09328571 -0.03215425
v -0.06775159 0.09356116 -0.03222572
v -0.06768420 0.09328571 -0.03215425
v -0.07014448 0.09331770 -0.02639893
v -0.07474960 0.09354995 0.00436612
v -0.07482510 0.09331769 -0.00187916
v -0.07465524 0.09328580 0.00441840
v -0.07474960 0.09354995 0.00436612
v -0.07465524 0.09328580 0.00441840
v -0.07408637 0.09347018 0.01063861
v -0.07408637 0.09347018 0.01063861
v -0.07465524 0.09328580 0.00441840
v -0.07400331 0.09328934 0.01063438
v -0.07408637 0.09347018 0.01063861
v -0.07400331 0.09328934 0.01063438
v -0.07291028 0.09344332 0.01680116
v -0.06905645 0.09354996 0.02868910
v -0.07116408 0.09331777 0.02286961
v -0.06895013 0.09328581 0.02870745
v -0.06905645 0.09354996 0.02868910
v -0.06895013 0.09328581 0.02870745
v -0.06636732 0.09347018 0.03439453
v -0.06636732 0.09347018 0.03439453
v -0.06895013 0.09328581 0.02870745
v -0.06629028 0.09328935 0.03436324
v -0.06636732 0.09347018 0.03439453
v -0.06629028 0.09328935 0.03436324
v -0.06323121 0.09347022 0.03982630
v -0.06323121 0.09347022 0.03982630
v -0.06629028 0.09328935 0.03436324
v -0.06316049 0.09328572 0.03977823
v -0.06323121 0.09347022 0.03982630
v -0.06316049 0.09328572 0.03977823
v -0.05967704 0.09354997 0.04495192
v -0.05967704 0.09354997 0.04495192
v -0.06316049 0.09328572 0.03977823
v -0.05958081 0.09328935 0.04493292
v -0.05967704 0.09354997 0.04495192
v -0.05958081 0.09328935 0.04493292
v -0.05560791 0.09330100 0.04976031
v -0.05126512 0.09347025 0.05429054
v -0.05560791 0.09330100 0.04976031
v -0.05120862 0.09328573 0.05422634
v -0.05126512 0.09347025 0.05429054
v -0.05120862 0.09328573 0.05422634
v -0.04654791 0.09354997 0.05837124
v -0.04654791 0.09354997 0.05837124
v -0.05120862 0.09328573 0.05422634
v -0.04644590 0.09328582 0.05833610
v -0.04654791 0.09354997 0.05837124
v -0.04644590 0.09328582 0.05833610
v -0.04147829 0.09356117 0.06205898
v -0.04139033 0.09328936 0.06201092
v -0.04147829 0.09356117 0.06205898
v -0.04139033 0.09328936 0.06201092
v -0.03606356 0.09331771 0.06527740
v -0.02466288 0.09354998 0.07041568
v -0.03039802 0.09331778 0.06808790
v -0.02457815 0.09328583 0.07034894
v -0.02466288 0.09354998 0.07041568
v -0.02457815 0.09328583 0.07034894
v -0.01862366 0.09347026 0.07223493
v -0.01862366 0.09347026 0.07223493
v -0.02457815 0.09328583 0.07034894
v -0.01859541 0.09328940 0.07215674
v -0.01862366 0.09347026 0.07223493
v -0.01859541 0.09328940 0.07215674
v -0.01248327 0.09330101 0.07347213
v 0.01859242 0.09354999 0.07224845
v 0.01254134 0.09333604 0.07349939
v 0.01861212 0.09328941 0.07215243
v 0.01859242 0.09354999 0.07224845
v 0.01861212 0.09328941 0.07215243
v 0.02460193 0.09330105 0.07036059
v 0.03046112 0.09347022 0.06811264
v 0.02460193 0.09330105 0.07036059
v 0.03042383 0.09328576 0.06803570
v 0.03046112 0.09347022 0.06811264
v 0.03042383 0.09328576 0.06803570
v 0.03611466 0.09333602 0.06526983
v 0.04144402 0.09347025 0.06207460
v 0.03611466 0.09333602 0.06526983
v 0.04140483 0.09328938 0.06200123
v 0.04144402 0.09347025 0.06207460
v 0.04140483 0.09328938 0.06200123
v 0.04651824 0.09347022 0.05838789
v 0.04651824 0.09347022 0.05838789
v 0.04140483 0.09328938 0.06200123
v 0.04646300 0.09328575 0.05832258
v 0.04651824 0.09347022 0.05838789
v 0.04646300 0.09328575 0.05832258
v 0.05124425 0.09355001 0.05431742
v 0.01554783 0.09334459 -0.07353240
v 0.02168353 0.09356119 -0.07199054
v 0.02159805 0.09328584 -0.07192081
v 0.07349876 0.09330104 -0.01431771
v 0.07210624 0.09333597 -0.02041898
v 0.07356207 0.09349673 -0.01433509
v 0.07349876 0.09330104 -0.01431771
v 0.07356207 0.09349673 -0.01433509
v 0.07445046 0.09334461 -0.00814476
v -0.05770270 0.09349667 -0.04803808
v -0.05352579 0.09333598 -0.05263747
v -0.05766241 0.09330616 -0.04798866
v -0.05770270 0.09349667 -0.04803808
v -0.05766241 0.09330616 -0.04798866
v -0.06149475 0.09349667 -0.04304223
v -0.06149475 0.09349667 -0.04304223
v -0.05766241 0.09330616 -0.04798866
v -0.06143805 0.09330100 -0.04300910
v -0.06149475 0.09349667 -0.04304223
v -0.06143805 0.09330100 -0.04300910
v -0.06484401 0.09354996 -0.03777965
v -0.05565308 0.09349667 0.04980795
v -0.05967704 0.09354997 0.04495192
v -0.05560791 0.09330100 0.04976031
v -0.05565308 0.09349667 0.04980795
v -0.05560791 0.09330100 0.04976031
v -0.05126512 0.09347025 0.05429054
v -0.01248906 0.09349662 0.07353755
v -0.01862366 0.09347026 0.07223493
v -0.01248327 0.09330101 0.07347213
v -0.01248906 0.09349662 0.07353755
v -0.01248327 0.09330101 0.07347213
v -0.00621582 0.09331779 0.07428068
v 0.02462830 0.09349671 0.07042071
v 0.01859242 0.09354999 0.07224845
v 0.02460193 0.09330105 0.07036059
v 0.02462830 0.09349671 0.07042071
v 0.02460193 0.09330105 0.07036059
v 0.03046112 0.09347022 0.06811264
v 0.00951004 0.09359002 -0.07457295
v 0.01554783 0.09334459 -0.07353240
v 0.00932490 0.09333601 -0.07457898
v 0.05349591 0.09333598 -0.05266813
v 0.05771169 0.09359327 -0.04801080
v 0.05765896 0.09332459 -0.04802181
v 0.05765896 0.09332459 -0.04802181
v 0.05771169 0.09359327 -0.04801080
v 0.06143789 0.09333602 -0.04307332
v 0.07469337 0.09331774 0.00440648
v 0.07484203 0.09333602 -0.00192802
v 0.07473637 0.09358707 0.00435298
v 0.07469337 0.09331774 0.00440648
v 0.07473637 0.09358707 0.00435298
v 0.07408675 0.09356121 0.01067618
v -0.07020113 0.09358702 -0.02636007
v -0.06775159 0.09356116 -0.03222572
v -0.07014448 0.09331770 -0.02639893
v -0.07020113 0.09358702 -0.02636007
v -0.07014448 0.09331770 -0.02639893
v -0.07211768 0.09333597 -0.02037771
v -0.07354731 0.09359077 -0.01435873
v -0.07211768 0.09333597 -0.02037771
v -0.07352176 0.09332455 -0.01431182
v -0.07354731 0.09359077 -0.01435873
v -0.07352176 0.09332455 -0.01431182
v -0.07447953 0.09344335 -0.00812795
v -0.07486122 0.09359323 -0.00189731
v -0.07447953 0.09344335 -0.00812795
v -0.07482510 0.09331769 -0.00187916
v -0.07486122 0.09359323 -0.00189731
v -0.07482510 0.09331769 -0.00187916
v -0.07474960 0.09354995 0.00436612
v -0.07122168 0.09359324 0.02281085
v -0.07291028 0.09344332 0.01680116
v -0.07116408 0.09331777 0.02286961
v -0.07122168 0.09359324 0.02281085
v -0.07116408 0.09331777 0.02286961
v -0.06905645 0.09354996 0.02868910
v -0.03603346 0.09358703 0.06533907
v -0.04147829 0.09356117 0.06205898
v -0.03606356 0.09331771 0.06527740
v -0.03603346 0.09358703 0.06533907
v -0.03606356 0.09331771 0.06527740
v -0.03078771 0.09359395 0.06796342
v -0.03078771 0.09359395 0.06796342
v -0.03606356 0.09331771 0.06527740
v -0.03039802 0.09331778 0.06808790
v -0.03078771 0.09359395 0.06796342
v -0.03039802 0.09331778 0.06808790
v -0.02466288 0.09354998 0.07041568
v -0.00629154 0.09359080 0.07431135
v -0.01248906 0.09349662 0.07353755
v -0.00621582 0.09331779 0.07428068
v -0.00629154 0.09359080 0.07431135
v -0.00621582 0.09331779 0.07428068
v -0.00002678 0.09359327 0.07457586
v -0.00002678 0.09359327 0.07457586
v -0.00621582 0.09331779 0.07428068
v 0.00001531 0.09332457 0.07454225
v -0.00002678 0.09359327 0.07457586
v 0.00001531 0.09332457 0.07454225
v 0.00624897 0.09333595 0.07429624
v 0.04902182 0.09359001 -0.05690112
v 0.05309430 0.09359557 -0.05312009
v 0.05349591 0.09333598 -0.05266813
v 0.05349591 0.09333598 -0.05266813
v 0.05309430 0.09359557 -0.05312009
v 0.05771169 0.09359327 -0.04801080
v 0.06143789 0.09333602 -0.04307332
v 0.05771169 0.09359327 -0.04801080
v 0.06148999 0.09359734 -0.04301959
v 0.06143789 0.09333602 -0.04307332
v 0.06148999 0.09359734 -0.04301959
v 0.06485494 0.09344336 -0.03774918
v 0.07014439 0.09333602 -0.02645067
v 0.06776199 0.09347023 -0.03218958
v 0.07018150 0.09359734 -0.02638565
v 0.07014439 0.09333602 -0.02645067
v 0.07018150 0.09359734 -0.02638565
v 0.07210624 0.09333597 -0.02041898
v 0.07210624 0.09333597 -0.02041898
v 0.07018150 0.09359734 -0.02638565
v 0.07211794 0.09359781 -0.02042129
v 0.07210624 0.09333597 -0.02041898
v 0.07211794 0.09359781 -0.02042129
v 0.07356207 0.09349673 -0.01433509
v 0.07445046 0.09334461 -0.00814476
v 0.07356207 0.09349673 -0.01433509
v 0.07446328 0.09359734 -0.00811274
v 0.07445046 0.09334461 -0.00814476
v 0.07446328 0.09359734 -0.00811274
v 0.07484203 0.09333602 -0.00192802
v 0.07484203 0.09333602 -0.00192802
v 0.07446328 0.09359734 -0.00811274
v 0.07487986 0.09359542 -0.00131755
v 0.07484203 0.09333602 -0.00192802
v 0.07487986 0.09359542 -0.00131755
v 0.07473637 0.09358707 0.00435298
v -0.00936798 0.09359780 -0.07458567
v -0.00317275 0.09346309 -0.07512618
v -0.00936734 0.09333596 -0.07457379
v -0.00936798 0.09359780 -0.07458567
v -0.00936734 0.09333596 -0.07457379
v -0.01555119 0.09359731 -0.07354131
v -0.01555119 0.09359731 -0.07354131
v -0.00936734 0.09333596 -0.07457379
v -0.01558171 0.09334458 -0.07352521
v -0.01555119 0.09359731 -0.07354131
v -0.01558171 0.09334458 -0.07352521
v -0.02164629 0.09347023 -0.07199562
v -0.04891059 0.09359779 -0.05699033
v -0.04401981 0.09347020 -0.06088902
v -0.04890344 0.09333595 -0.05698082
v -0.04891059 0.09359779 -0.05699033
v -0.04890344 0.09333595 -0.05698082
v -0.05348273 0.09359731 -0.05269876
v -0.05348273 0.09359731 -0.05269876
v -0.04890344 0.09333595 -0.05698082
v -0.05352579 0.09333598 -0.05263747
v -0.05348273 0.09359731 -0.05269876
v -0.05352579 0.09333598 -0.05263747
v -0.05770270 0.09349667 -0.04803808
v -0.07197749 0.09359537 -0.02097296
v -0.07020113 0.09358702 -0.02636007
v -0.07211768 0.09333597 -0.02037771
v -0.07197749 0.09359537 -0.02097296
v -0.07211768 0.09333597 -0.02037771
v -0.07354731 0.09359077 -0.01435873
v 0.00685316 0.09359555 0.07427490
v -0.00002678 0.09359327 0.07457586
v 0.00624897 0.09333595 0.07429624
v 0.00685316 0.09359555 0.07427490
v 0.00624897 0.09333595 0.07429624
v 0.01236234 0.09359002 0.07354711
v 0.01236234 0.09359002 0.07354711
v 0.00624897 0.09333595 0.07429624
v 0.01254134 0.09333604 0.07349939
v 0.01236234 0.09359002 0.07354711
v 0.01254134 0.09333604 0.07349939
v 0.01859242 0.09354999 0.07224845
v 0.03605577 0.09359734 0.06531602
v 0.03046112 0.09347022 0.06811264
v 0.03611466 0.09333602 0.06526983
v 0.03605577 0.09359734 0.06531602
v 0.03611466 0.09333602 0.06526983
v 0.04144402 0.09347025 0.06207460
v -0.05126512 0.09347025 0.05429054
v -0.04654791 0.09354997 0.05837124
v -0.05125102 0.09359878 0.05427445
v -0.05126512 0.09347025 0.05429054
v -0.05125102 0.09359878 0.05427445
v -0.05565308 0.09349667 0.04980795
v -0.05565308 0.09349667 0.04980795
v -0.05125102 0.09359878 0.05427445
v -0.05563815 0.09359878 0.04979447
v -0.05565308 0.09349667 0.04980795
v -0.05563815 0.09359878 0.04979447
v -0.05967704 0.09354997 0.04495192
v -0.06323121 0.09347022 0.03982630
v -0.05967704 0.09354997 0.04495192
v -0.06321357 0.09359878 0.03981422
v -0.06323121 0.09347022 0.03982630
v -0.06321357 0.09359878 0.03981422
v -0.06636732 0.09347018 0.03439453
v -0.06634874 0.09359878 0.03438395
v -0.06636732 0.09347018 0.03439453
v -0.06634874 0.09359878 0.03438395
v -0.06905645 0.09354996 0.02868910
v -0.07291028 0.09344332 0.01680116
v -0.07122168 0.09359324 0.02281085
v -0.07289040 0.09359877 0.01679397
v -0.07291028 0.09344332 0.01680116
v -0.07289040 0.09359877 0.01679397
v -0.07408637 0.09347018 0.01063861
v -0.07408637 0.09347018 0.01063861
v -0.07289040 0.09359877 0.01679397
v -0.07406534 0.09359877 0.01063470
v -0.07408637 0.09347018 0.01063861
v -0.07406534 0.09359877 0.01063470
v -0.07474960 0.09354995 0.00436612
v -0.07447953 0.09344335 -0.00812795
v -0.07486122 0.09359323 -0.00189731
v -0.07445836 0.09359877 -0.00812819
v -0.07447953 0.09344335 -0.00812795
v -0.07445836 0.09359877 -0.00812819
v -0.07354731 0.09359077 -0.01435873
v -0.06149475 0.09349667 -0.04304223
v -0.06484401 0.09354996 -0.03777965
v -0.06147822 0.09359878 -0.04303078
v -0.06149475 0.09349667 -0.04304223
v -0.06147822 0.09359878 -0.04303078
v -0.05770270 0.09349667 -0.04803808
v -0.05768718 0.09359878 -0.04802529
v -0.05770270 0.09349667 -0.04803808
v -0.05768718 0.09359878 -0.04802529
v -0.05348273 0.09359731 -0.05269876
v -0.04401981 0.09347020 -0.06088902
v -0.04891059 0.09359779 -0.05699033
v -0.04400662 0.09359878 -0.06087218
v -0.04401981 0.09347020 -0.06088902
v -0.04400662 0.09359878 -0.06087218
v -0.03876561 0.09356117 -0.06438514
v -0.02757100 0.09344335 -0.06993190
v -0.03327035 0.09354997 -0.06740209
v -0.02756095 0.09359879 -0.06991327
v -0.02757100 0.09344335 -0.06993190
v -0.02756095 0.09359879 -0.06991327
v -0.02164629 0.09347023 -0.07199562
v -0.02164629 0.09347023 -0.07199562
v -0.02756095 0.09359879 -0.06991327
v -0.02163940 0.09359879 -0.07197537
v -0.02164629 0.09347023 -0.07199562
v -0.02163940 0.09359879 -0.07197537
v -0.01555119 0.09359731 -0.07354131
v -0.00317275 0.09346309 -0.07512618
v -0.00936798 0.09359780 -0.07458567
v -0.00313520 0.09359879 -0.07510513
v -0.00317275 0.09346309 -0.07512618
v -0.00313520 0.09359879 -0.07510513
v 0.00280593 0.09359120 -0.07513877
v 0.00311890 0.09332458 -0.07508189
v -0.00313224 0.09327153 -0.07502196
v -0.00317275 0.09346309 -0.07512618
v 0.00311890 0.09332458 -0.07508189
v -0.00317275 0.09346309 -0.07512618
v 0.00280593 0.09359120 -0.07513877
v 0.00932490 0.09333601 -0.07457898
v 0.00311890 0.09332458 -0.07508189
v 0.00280593 0.09359120 -0.07513877
v 0.00932490 0.09333601 -0.07457898
v 0.00280593 0.09359120 -0.07513877
v 0.00951004 0.09359002 -0.07457295
v 0.00951004 0.09359002 -0.07457295
v 0.01499456 0.09359556 -0.07367730
v 0.01554783 0.09334459 -0.07353240
v 0.01554783 0.09334459 -0.07353240
v 0.01499456 0.09359556 -0.07367730
v 0.02168353 0.09356119 -0.07199054
v 0.02168353 0.09356119 -0.07199054
v 0.02757685 0.09359733 -0.06991053
v 0.02750377 0.09333600 -0.06992643
v 0.02750377 0.09333600 -0.06992643
v 0.02757685 0.09359733 -0.06991053
v 0.03329627 0.09344337 -0.06738281
v 0.02757685 0.09359733 -0.06991053
v 0.03328913 0.09359881 -0.06736289
v 0.03329627 0.09344337 -0.06738281
v 0.03329627 0.09344337 -0.06738281
v 0.03328913 0.09359881 -0.06736289
v 0.03879930 0.09359782 -0.06433657
v 0.03329627 0.09344337 -0.06738281
v 0.03879930 0.09359782 -0.06433657
v 0.03876593 0.09334461 -0.06434591
v 0.03876593 0.09334461 -0.06434591
v 0.03879930 0.09359782 -0.06433657
v 0.04395450 0.09333602 -0.06089915
v 0.03879930 0.09359782 -0.06433657
v 0.04402138 0.09359733 -0.06086553
v 0.04395450 0.09333602 -0.06089915
v 0.04395450 0.09333602 -0.06089915
v 0.04402138 0.09359733 -0.06086553
v 0.04887091 0.09333602 -0.05700864
v 0.04402138 0.09359733 -0.06086553
v 0.04902182 0.09359001 -0.05690112
v 0.04887091 0.09333602 -0.05700864
v 0.04887091 0.09333602 -0.05700864
v 0.04902182 0.09359001 -0.05690112
v 0.05349591 0.09333598 -0.05266813
v 0.06143789 0.09333602 -0.04307332
v 0.06485494 0.09344336 -0.03774918
v 0.06476608 0.09327406 -0.03769963
v 0.06476608 0.09327406 -0.03769963
v 0.06485494 0.09344336 -0.03774918
v 0.06767480 0.09328586 -0.03217399
v 0.06900458 0.09333599 0.02872110
v 0.07114254 0.09328575 0.02281539
v 0.07122468 0.09347023 0.02283918
v 0.07122468 0.09347023 0.02283918
v 0.07114254 0.09328575 0.02281539
v 0.07287484 0.09331782 0.01674212
v 0.06485494 0.09344336 -0.03774918
v 0.06148999 0.09359734 -0.04301959
v 0.06483798 0.09359882 -0.03773656
v 0.06485494 0.09344336 -0.03774918
v 0.06483798 0.09359882 -0.03773656
v 0.06776199 0.09347023 -0.03218958
v 0.06776199 0.09347023 -0.03218958
v 0.06483798 0.09359882 -0.03773656
v 0.06774299 0.09359882 -0.03217975
v 0.06776199 0.09347023 -0.03218958
v 0.06774299 0.09359882 -0.03217975
v 0.07018150 0.09359734 -0.02638565
v 0.07356207 0.09349673 -0.01433509
v 0.07211794 0.09359781 -0.02042129
v 0.07354233 0.09359882 -0.01433129
v 0.07356207 0.09349673 -0.01433509
v 0.07354233 0.09359882 -0.01433129
v 0.07446328 0.09359734 -0.00811274
v 0.07408675 0.09356121 0.01067618
v 0.07289411 0.09359082 0.01682151
v 0.07287484 0.09331782 0.01674212
v 0.07287484 0.09331782 0.01674212
v 0.07289411 0.09359082 0.01682151
v 0.07122468 0.09347023 0.02283918
v 0.06900458 0.09333599 0.02872110
v 0.06635649 0.09355002 0.03442670
v 0.06629833 0.09328939 0.03434771
v 0.06629833 0.09328939 0.03434771
v 0.06635649 0.09355002 0.03442670
v 0.06321592 0.09331782 0.03976017
v 0.07289411 0.09359082 0.01682151
v 0.07120411 0.09359882 0.02283332
v 0.07122468 0.09347023 0.02283918
v 0.07122468 0.09347023 0.02283918
v 0.07120411 0.09359882 0.02283332
v 0.06901520 0.09359781 0.02872649
v 0.07122468 0.09347023 0.02283918
v 0.06901520 0.09359781 0.02872649
v 0.06900458 0.09333599 0.02872110
v 0.06900458 0.09333599 0.02872110
v 0.06901520 0.09359781 0.02872649
v 0.06635649 0.09355002 0.03442670
v 0.06635649 0.09355002 0.03442670
v 0.06303583 0.09359398 0.04012753
v 0.06321592 0.09331782 0.03976017
v 0.06321592 0.09331782 0.03976017
v 0.06303583 0.09359398 0.04012753
v 0.05962513 0.09332460 0.04493649
v 0.05962513 0.09332460 0.04493649
v 0.05563299 0.09356121 0.04984092
v 0.05560634 0.09328585 0.04973383
v 0.05560634 0.09328585 0.04973383
v 0.05563299 0.09356121 0.04984092
v 0.05122439 0.09328587 0.05421139
v 0.06303583 0.09359398 0.04012753
v 0.05967335 0.09358708 0.04493359
v 0.05962513 0.09332460 0.04493649
v 0.05962513 0.09332460 0.04493649
v 0.05967335 0.09358708 0.04493359
v 0.05563299 0.09356121 0.04984092
v 0.05124425 0.09355001 0.05431742
v 0.05122439 0.09328587 0.05421139
v 0.05124425 0.09355001 0.05431742
v 0.04646300 0.09328575 0.05832258
v 0.04651824 0.09347022 0.05838789
v 0.05124425 0.09355001 0.05431742
v 0.04650435 0.09359882 0.05837161
v 0.04651824 0.09347022 0.05838789
v 0.04650435 0.09359882 0.05837161
v 0.04144402 0.09347025 0.06207460
v 0.04143155 0.09359881 0.06205722
v 0.04144402 0.09347025 0.06207460
v 0.04143155 0.09359881 0.06205722
v 0.03605577 0.09359734 0.06531602
v 0.03046112 0.09347022 0.06811264
v 0.03605577 0.09359734 0.06531602
v 0.03045172 0.09359881 0.06809344
v 0.03046112 0.09347022 0.06811264
v 0.03045172 0.09359881 0.06809344
v 0.02462830 0.09349671 0.07042071
v 0.02462830 0.09349671 0.07042071
v 0.03045172 0.09359881 0.06809344
v 0.02462172 0.09359881 0.07040170
v 0.02462830 0.09349671 0.07042071
v 0.02462172 0.09359881 0.07040170
v 0.01859242 0.09354999 0.07224845
v -0.01248906 0.09349662 0.07353755
v -0.00629154 0.09359080 0.07431135
v -0.01248575 0.09359880 0.07351770
v -0.01248906 0.09349662 0.07353755
v -0.01248575 0.09359880 0.07351770
v -0.01862366 0.09347026 0.07223493
v -0.01862366 0.09347026 0.07223493
v -0.01248575 0.09359880 0.07351770
v -0.01861906 0.09359879 0.07221403
v -0.01862366 0.09347026 0.07223493
v -0.01861906 0.09359879 0.07221403
v -0.02466288 0.09354998 0.07041568
v -0.00309154 0.09312122 -0.07479629
v -0.00313224 0.09327153 -0.07502196
v 0.00318439 0.09310924 -0.07477667
v 0.00318439 0.09310924 -0.07477667
v -0.00313224 0.09327153 -0.07502196
v 0.00311890 0.09332458 -0.07508189
v 0.00318439 0.09310924 -0.07477667
v 0.00311890 0.09332458 -0.07508189
v 0.00939412 0.09312607 -0.07426912
v 0.00939412 0.09312607 -0.07426912
v 0.00311890 0.09332458 -0.07508189
v 0.00932490 0.09333601 -0.07457898
v 0.00939412 0.09312607 -0.07426912
v 0.00932490 0.09333601 -0.07457898
v 0.01550367 0.09310988 -0.07321471
v 0.01550367 0.09310988 -0.07321471
v 0.00932490 0.09333601 -0.07457898
v 0.01554783 0.09334459 -0.07353240
v 0.01550367 0.09310988 -0.07321471
v 0.01554783 0.09334459 -0.07353240
v 0.02159805 0.09328584 -0.07192081
v 0.01550367 0.09310988 -0.07321471
v 0.02159805 0.09328584 -0.07192081
v 0.02155043 0.09310987 -0.07166167
v 0.02155043 0.09310987 -0.07166167
v 0.02159805 0.09328584 -0.07192081
v 0.02750377 0.09333600 -0.06992643
v 0.02155043 0.09310987 -0.07166167
v 0.02750377 0.09333600 -0.06992643
v 0.02747321 0.09310268 -0.06959413
v 0.02747321 0.09310268 -0.06959413
v 0.02750377 0.09333600 -0.06992643
v 0.03317509 0.09310268 -0.06705220
v 0.03317509 0.09310268 -0.06705220
v 0.02750377 0.09333600 -0.06992643
v 0.03325165 0.09327155 -0.06728861
v 0.03317509 0.09310268 -0.06705220
v 0.03325165 0.09327155 -0.06728861
v 0.03864278 0.09311372 -0.06404851
v 0.03864278 0.09311372 -0.06404851
v 0.03325165 0.09327155 -0.06728861
v 0.03876593 0.09334461 -0.06434591
v 0.03864278 0.09311372 -0.06404851
v 0.03876593 0.09334461 -0.06434591
v 0.04395450 0.09333602 -0.06089915
v 0.03864278 0.09311372 -0.06404851
v 0.04395450 0.09333602 -0.06089915
v 0.04385528 0.09313822 -0.06062206
v 0.04385528 0.09313822 -0.06062206
v 0.04395450 0.09333602 -0.06089915
v 0.04875348 0.09309088 -0.05666677
v 0.04875348 0.09309088 -0.05666677
v 0.04395450 0.09333602 -0.06089915
v 0.04887091 0.09333602 -0.05700864
v 0.04875348 0.09309088 -0.05666677
v 0.04887091 0.09333602 -0.05700864
v 0.05327213 0.09308248 -0.05241316
v 0.05349591 0.09333598 -0.05266813
v 0.05327213 0.09308248 -0.05241316
v 0.05349591 0.09333598 -0.05266813
v 0.05747831 0.09314396 -0.04782762
v 0.05747831 0.09314396 -0.04782762
v 0.05349591 0.09333598 -0.05266813
v 0.05765896 0.09332459 -0.04802181
v 0.05747831 0.09314396 -0.04782762
v 0.05765896 0.09332459 -0.04802181
v 0.06143789 0.09333602 -0.04307332
v 0.05747831 0.09314396 -0.04782762
v 0.06143789 0.09333602 -0.04307332
v 0.06124077 0.09312126 -0.04282847
v 0.06124077 0.09312126 -0.04282847
v 0.06143789 0.09333602 -0.04307332
v 0.06458453 0.09312126 -0.03755478
v 0.06458453 0.09312126 -0.03755478
v 0.06143789 0.09333602 -0.04307332
v 0.06476608 0.09327406 -0.03769963
v 0.06458453 0.09312126 -0.03755478
v 0.06476608 0.09327406 -0.03769963
v 0.06748584 0.09312608 -0.03200393
v 0.06748584 0.09312608 -0.03200393
v 0.06476608 0.09327406 -0.03769963
v 0.06767480 0.09328586 -0.03217399
v 0.06748584 0.09312608 -0.03200393
v 0.06767480 0.09328586 -0.03217399
v 0.06987677 0.09309087 -0.02620768
v 0.06987677 0.09309087 -0.02620768
v 0.06767480 0.09328586 -0.03217399
v 0.07014439 0.09333602 -0.02645067
v 0.06987677 0.09309087 -0.02620768
v 0.07014439 0.09333602 -0.02645067
v 0.07183520 0.09314218 -0.02034955
v 0.07183520 0.09314218 -0.02034955
v 0.07014439 0.09333602 -0.02645067
v 0.07210624 0.09333597 -0.02041898
v 0.07183520 0.09314218 -0.02034955
v 0.07210624 0.09333597 -0.02041898
v 0.07320450 0.09309147 -0.01426471
v 0.07320450 0.09309147 -0.01426471
v 0.07210624 0.09333597 -0.02041898
v 0.07349876 0.09330104 -0.01431771
v 0.07320450 0.09309147 -0.01426471
v 0.07349876 0.09330104 -0.01431771
v 0.07411754 0.09308249 -0.00805139
v 0.07411754 0.09308249 -0.00805139
v 0.07349876 0.09330104 -0.01431771
v 0.07445046 0.09334461 -0.00814476
v 0.07411754 0.09308249 -0.00805139
v 0.07445046 0.09334461 -0.00814476
v 0.07450939 0.09309089 -0.00178664
v 0.07450939 0.09309089 -0.00178664
v 0.07445046 0.09334461 -0.00814476
v 0.07484203 0.09333602 -0.00192802
v 0.07450939 0.09309089 -0.00178664
v 0.07484203 0.09333602 -0.00192802
v 0.07439499 0.09310989 0.00438378
v 0.07439499 0.09310989 0.00438378
v 0.07484203 0.09333602 -0.00192802
v 0.07469337 0.09331774 0.00440648
v 0.07439499 0.09310989 0.00438378
v 0.07469337 0.09331774 0.00440648
v 0.07372436 0.09309147 0.01058648
v 0.07400580 0.09328939 0.01061708
v 0.07372436 0.09309147 0.01058648
v 0.07400580 0.09328939 0.01061708
v 0.07287484 0.09331782 0.01674212
v 0.07258113 0.09312124 0.01675296
v 0.07258113 0.09312124 0.01675296
v 0.07287484 0.09331782 0.01674212
v 0.07094517 0.09315651 0.02275946
v 0.07094517 0.09315651 0.02275946
v 0.07287484 0.09331782 0.01674212
v 0.07114254 0.09328575 0.02281539
v 0.07094517 0.09315651 0.02275946
v 0.07114254 0.09328575 0.02281539
v 0.06870023 0.09309147 0.02857892
v 0.06870023 0.09309147 0.02857892
v 0.07114254 0.09328575 0.02281539
v 0.06900458 0.09333599 0.02872110
v 0.06870023 0.09309147 0.02857892
v 0.06900458 0.09333599 0.02872110
v 0.06607916 0.09313826 0.03427085
v 0.06607916 0.09313826 0.03427085
v 0.06900458 0.09333599 0.02872110
v 0.06629833 0.09328939 0.03434771
v 0.06607916 0.09313826 0.03427085
v 0.06629833 0.09328939 0.03434771
v 0.06288184 0.09309088 0.03969423
v 0.06288184 0.09309088 0.03969423
v 0.06629833 0.09328939 0.03434771
v 0.06321592 0.09331782 0.03976017
v 0.06288184 0.09309088 0.03969423
v 0.06321592 0.09331782 0.03976017
v 0.05935943 0.09309148 0.04475661
v 0.05962513 0.09332460 0.04493649
v 0.05935943 0.09309148 0.04475661
v 0.05962513 0.09332460 0.04493649
v 0.05560634 0.09328585 0.04973383
v 0.05935943 0.09309148 0.04475661
v 0.05560634 0.09328585 0.04973383
v 0.05538081 0.09309148 0.04956564
v 0.05538081 0.09309148 0.04956564
v 0.05560634 0.09328585 0.04973383
v 0.05122439 0.09328587 0.05421139
v 0.05538081 0.09309148 0.04956564
v 0.05122439 0.09328587 0.05421139
v 0.05098380 0.09308249 0.05404942
v 0.05098380 0.09308249 0.05404942
v 0.05122439 0.09328587 0.05421139
v 0.04629751 0.09310987 0.05811954
v 0.04629751 0.09310987 0.05811954
v 0.05122439 0.09328587 0.05421139
v 0.04646300 0.09328575 0.05832258
v 0.04629751 0.09310987 0.05811954
v 0.04646300 0.09328575 0.05832258
v 0.04120561 0.09308248 0.06179081
v 0.04120561 0.09308248 0.06179081
v 0.04646300 0.09328575 0.05832258
v 0.04140483 0.09328938 0.06200123
v 0.04120561 0.09308248 0.06179081
v 0.04140483 0.09328938 0.06200123
v 0.03583525 0.09309085 0.06504053
v 0.03583525 0.09309085 0.06504053
v 0.04140483 0.09328938 0.06200123
v 0.03611466 0.09333602 0.06526983
v 0.03583525 0.09309085 0.06504053
v 0.03611466 0.09333602 0.06526983
v 0.03030979 0.09309145 0.06777973
v 0.03030979 0.09309145 0.06777973
v 0.03611466 0.09333602 0.06526983
v 0.03042383 0.09328576 0.06803570
v 0.03030979 0.09309145 0.06777973
v 0.03042383 0.09328576 0.06803570
v 0.02450649 0.09309145 0.07007723
v 0.02460193 0.09330105 0.07036059
v 0.02450649 0.09309145 0.07007723
v 0.02460193 0.09330105 0.07036059
v 0.01851207 0.09312123 0.07192101
v 0.01851207 0.09312123 0.07192101
v 0.02460193 0.09330105 0.07036059
v 0.01861212 0.09328941 0.07215243
v 0.01851207 0.09312123 0.07192101
v 0.01861212 0.09328941 0.07215243
v 0.01235283 0.09309087 0.07319096
v 0.01235283 0.09309087 0.07319096
v 0.01861212 0.09328941 0.07215243
v 0.01254134 0.09333604 0.07349939
v 0.01235283 0.09309087 0.07319096
v 0.01254134 0.09333604 0.07349939
v 0.00623389 0.09309145 0.07396067
v 0.00623389 0.09309145 0.07396067
v 0.01254134 0.09333604 0.07349939
v 0.00624897 0.09333595 0.07429624
v 0.00623389 0.09309145 0.07396067
v 0.00624897 0.09333595 0.07429624
v -0.00001770 0.09315369 0.07429435
v -0.00001770 0.09315369 0.07429435
v 0.00624897 0.09333595 0.07429624
v 0.00001531 0.09332457 0.07454225
v -0.00001770 0.09315369 0.07429435
v 0.00001531 0.09332457 0.07454225
v -0.00631223 0.09309086 0.07395408
v -0.00631223 0.09309086 0.07395408
v 0.00001531 0.09332457 0.07454225
v -0.00621582 0.09331779 0.07428068
v -0.00631223 0.09309086 0.07395408
v -0.00621582 0.09331779 0.07428068
v -0.01243037 0.09309146 0.07317789
v -0.01243037 0.09309146 0.07317789
v -0.00621582 0.09331779 0.07428068
v -0.01248327 0.09330101 0.07347213
v -0.01243037 0.09309146 0.07317789
v -0.01248327 0.09330101 0.07347213
v -0.01857050 0.09313821 0.07192577
v -0.01857050 0.09313821 0.07192577
v -0.01248327 0.09330101 0.07347213
v -0.01859541 0.09328940 0.07215674
v -0.01857050 0.09313821 0.07192577
v -0.01859541 0.09328940 0.07215674
v -0.02457400 0.09310921 0.07007300
v -0.02457815 0.09328583 0.07034894
v -0.02457400 0.09310921 0.07007300
v -0.02457815 0.09328583 0.07034894
v -0.03037668 0.09310921 0.06776988
v -0.03037668 0.09310921 0.06776988
v -0.02457815 0.09328583 0.07034894
v -0.03039802 0.09331778 0.06808790
v -0.03037668 0.09310921 0.06776988
v -0.03039802 0.09331778 0.06808790
v -0.03592697 0.09312670 0.06503235
v -0.03592697 0.09312670 0.06503235
v -0.03039802 0.09331778 0.06808790
v -0.03606356 0.09331771 0.06527740
v -0.03592697 0.09312670 0.06503235
v -0.03606356 0.09331771 0.06527740
v -0.04126808 0.09312670 0.06179688
v -0.04126808 0.09312670 0.06179688
v -0.03606356 0.09331771 0.06527740
v -0.04139033 0.09328936 0.06201092
v -0.04126808 0.09312670 0.06179688
v -0.04139033 0.09328936 0.06201092
v -0.04644590 0.09328582 0.05833610
v -0.04126808 0.09312670 0.06179688
v -0.04644590 0.09328582 0.05833610
v -0.04632087 0.09308246 0.05807442
v -0.04632087 0.09308246 0.05807442
v -0.04644590 0.09328582 0.05833610
v -0.05103195 0.09310987 0.05403295
v -0.05103195 0.09310987 0.05403295
v -0.04644590 0.09328582 0.05833610
v -0.05120862 0.09328573 0.05422634
v -0.05103195 0.09310987 0.05403295
v -0.05120862 0.09328573 0.05422634
v -0.05541769 0.09310264 0.04954762
v -0.05541769 0.09310264 0.04954762
v -0.05120862 0.09328573 0.05422634
v -0.05560791 0.09330100 0.04976031
v -0.05541769 0.09310264 0.04954762
v -0.05560791 0.09330100 0.04976031
v -0.05941331 0.09310922 0.04471577
v -0.05941331 0.09310922 0.04471577
v -0.05560791 0.09330100 0.04976031
v -0.05958081 0.09328935 0.04493292
v -0.05941331 0.09310922 0.04471577
v -0.05958081 0.09328935 0.04493292
v -0.06295832 0.09312670 0.03964288
v -0.06295832 0.09312670 0.03964288
v -0.05958081 0.09328935 0.04493292
v -0.06316049 0.09328572 0.03977823
v -0.06295832 0.09312670 0.03964288
v -0.06316049 0.09328572 0.03977823
v -0.06606018 0.09308244 0.03418710
v -0.06606018 0.09308244 0.03418710
v -0.06316049 0.09328572 0.03977823
v -0.06629028 0.09328935 0.03436324
v -0.06606018 0.09308244 0.03418710
v -0.06629028 0.09328935 0.03436324
v -0.06873076 0.09309083 0.02850643
v -0.06873076 0.09309083 0.02850643
v -0.06629028 0.09328935 0.03436324
v -0.06895013 0.09328581 0.02870745
v -0.06873076 0.09309083 0.02850643
v -0.06895013 0.09328581 0.02870745
v -0.07094071 0.09314150 0.02270999
v -0.07094071 0.09314150 0.02270999
v -0.06895013 0.09328581 0.02870745
v -0.07116408 0.09331777 0.02286961
v -0.07094071 0.09314150 0.02270999
v -0.07116408 0.09331777 0.02286961
v -0.07257427 0.09310984 0.01671414
v -0.07257427 0.09310984 0.01671414
v -0.07116408 0.09331777 0.02286961
v -0.07280930 0.09327154 0.01677544
v -0.07257427 0.09310984 0.01671414
v -0.07280930 0.09327154 0.01677544
v -0.07376275 0.09312120 0.01055901
v -0.07400331 0.09328934 0.01063438
v -0.07376275 0.09312120 0.01055901
v -0.07400331 0.09328934 0.01063438
v -0.07439926 0.09310922 0.00431538
v -0.07439926 0.09310922 0.00431538
v -0.07400331 0.09328934 0.01063438
v -0.07465524 0.09328580 0.00441840
v -0.07439926 0.09310922 0.00431538
v -0.07465524 0.09328580 0.00441840
v -0.07452603 0.09310984 -0.00186897
v -0.07452603 0.09310984 -0.00186897
v -0.07465524 0.09328580 0.00441840
v -0.07482510 0.09331769 -0.00187916
v -0.07452603 0.09310984 -0.00186897
v -0.07482510 0.09331769 -0.00187916
v -0.07416613 0.09313819 -0.00812234
v -0.07416613 0.09313819 -0.00812234
v -0.07482510 0.09331769 -0.00187916
v -0.07437567 0.09327151 -0.00811894
v -0.07416613 0.09313819 -0.00812234
v -0.07437567 0.09327151 -0.00811894
v -0.07325207 0.09314149 -0.01431239
v -0.07325207 0.09314149 -0.01431239
v -0.07437567 0.09327151 -0.00811894
v -0.07352176 0.09332455 -0.01431182
v -0.07325207 0.09314149 -0.01431239
v -0.07352176 0.09332455 -0.01431182
v -0.07175836 0.09309082 -0.02041697
v -0.07175836 0.09309082 -0.02041697
v -0.07352176 0.09332455 -0.01431182
v -0.07211768 0.09333597 -0.02037771
v -0.07175836 0.09309082 -0.02041697
v -0.07211768 0.09333597 -0.02037771
v -0.06984946 0.09309143 -0.02628133
v -0.06984946 0.09309143 -0.02628133
v -0.07211768 0.09333597 -0.02037771
v -0.07014448 0.09331770 -0.02639893
v -0.06984946 0.09309143 -0.02628133
v -0.07014448 0.09331770 -0.02639893
v -0.06747820 0.09314212 -0.03206529
v -0.06747820 0.09314212 -0.03206529
v -0.07014448 0.09331770 -0.02639893
v -0.06768420 0.09328571 -0.03215425
v -0.06747820 0.09314212 -0.03206529
v -0.06768420 0.09328571 -0.03215425
v -0.06455392 0.09312122 -0.03760789
v -0.06455392 0.09312122 -0.03760789
v -0.06768420 0.09328571 -0.03215425
v -0.06478922 0.09328934 -0.03769828
v -0.06455392 0.09312122 -0.03760789
v -0.06478922 0.09328934 -0.03769828
v -0.06120585 0.09312122 -0.04287881
v -0.06143805 0.09330100 -0.04300910
v -0.06120585 0.09312122 -0.04287881
v -0.06143805 0.09330100 -0.04300910
v -0.05741858 0.09312604 -0.04786749
v -0.05741858 0.09312604 -0.04786749
v -0.06143805 0.09330100 -0.04300910
v -0.05766241 0.09330616 -0.04798866
v -0.05741858 0.09312604 -0.04786749
v -0.05766241 0.09330616 -0.04798866
v -0.05319201 0.09309083 -0.05249876
v -0.05319201 0.09309083 -0.05249876
v -0.05766241 0.09330616 -0.04798866
v -0.05352579 0.09333598 -0.05263747
v -0.05319201 0.09309083 -0.05249876
v -0.05352579 0.09333598 -0.05263747
v -0.04869409 0.09309144 -0.05671810
v -0.04869409 0.09309144 -0.05671810
v -0.05352579 0.09333598 -0.05263747
v -0.04890344 0.09333595 -0.05698082
v -0.04869409 0.09309144 -0.05671810
v -0.04890344 0.09333595 -0.05698082
v -0.04381963 0.09312670 -0.06062816
v -0.04381963 0.09312670 -0.06062816
v -0.04890344 0.09333595 -0.05698082
v -0.04396734 0.09328571 -0.06082146
v -0.04381963 0.09312670 -0.06062816
v -0.04396734 0.09328571 -0.06082146
v -0.03860374 0.09309144 -0.06404874
v -0.03860374 0.09309144 -0.06404874
v -0.04396734 0.09328571 -0.06082146
v -0.03875955 0.09328935 -0.06428510
v -0.03860374 0.09309144 -0.06404874
v -0.03875955 0.09328935 -0.06428510
v -0.03328195 0.09328582 -0.06729484
v -0.03860374 0.09309144 -0.06404874
v -0.03328195 0.09328582 -0.06729484
v -0.03315255 0.09315368 -0.06712728
v -0.03315255 0.09315368 -0.06712728
v -0.03328195 0.09328582 -0.06729484
v -0.02743577 0.09310987 -0.06961221
v -0.02743577 0.09310987 -0.06961221
v -0.03328195 0.09328582 -0.06729484
v -0.02753082 0.09327155 -0.06983573
v -0.02743577 0.09310987 -0.06961221
v -0.02753082 0.09327155 -0.06983573
v -0.02154307 0.09312672 -0.07168343
v -0.02154307 0.09312672 -0.07168343
v -0.02753082 0.09327155 -0.06983573
v -0.02161897 0.09328573 -0.07191458
v -0.02154307 0.09312672 -0.07168343
v -0.02161897 0.09328573 -0.07191458
v -0.01545403 0.09308246 -0.07320389
v -0.01545403 0.09308246 -0.07320389
v -0.02161897 0.09328573 -0.07191458
v -0.01558171 0.09334458 -0.07352521
v -0.01545403 0.09308246 -0.07320389
v -0.01558171 0.09334458 -0.07352521
v -0.00933720 0.09312672 -0.07427653
v -0.00933720 0.09312672 -0.07427653
v -0.01558171 0.09334458 -0.07352521
v -0.00936734 0.09333596 -0.07457379
v -0.00933720 0.09312672 -0.07427653
v -0.00936734 0.09333596 -0.07457379
v -0.00309154 0.09312122 -0.07479629
v -0.00309154 0.09312122 -0.07479629
v -0.00936734 0.09333596 -0.07457379
v -0.00313224 0.09327153 -0.07502196
v -0.01252149 0.09261180 0.07354371
v -0.00628718 0.09262299 0.07428970
v -0.00620344 0.09265212 0.07410977
v -0.01865186 0.09261640 0.07222290
v -0.01252149 0.09261180 0.07354371
v -0.01240826 0.09265212 0.07332973
v -0.03048555 0.09261640 0.06809673
v -0.02466151 0.09261181 0.07042129
v -0.02451396 0.09265209 0.07022933
v -0.03611066 0.09261181 0.06531812
v -0.03048555 0.09261640 0.06809673
v -0.03033008 0.09265209 0.06793062
v -0.04654836 0.09261181 0.05837706
v -0.04147488 0.09261181 0.06206639
v -0.04125141 0.09267263 0.06187831
v -0.05128393 0.09261639 0.05426652
v -0.04654836 0.09261181 0.05837706
v -0.04634594 0.09265208 0.05824426
v -0.05967895 0.09261180 0.04495744
v -0.05568243 0.09261180 0.04979250
v -0.05546062 0.09265209 0.04969537
v -0.06325691 0.09261178 0.03980490
v -0.05967895 0.09261180 0.04495744
v -0.05944985 0.09265208 0.04487914
v -0.06905966 0.09261180 0.02869400
v -0.06634899 0.09262297 0.03435766
v -0.06615216 0.09265209 0.03433206
v -0.07124382 0.09261180 0.02281356
v -0.06905966 0.09261180 0.02869400
v -0.06881830 0.09265207 0.02867514
v -0.07410113 0.09261180 0.01060858
v -0.07292824 0.09261180 0.01677093
v -0.07268707 0.09265209 0.01679270
v -0.07488300 0.09261179 -0.00190195
v -0.07471031 0.09262296 0.00437453
v -0.07452009 0.09265207 0.00443120
v -0.07447196 0.09261637 -0.00815924
v -0.07488300 0.09261179 -0.00190195
v -0.07465483 0.09265208 -0.00182098
v -0.07211875 0.09261638 -0.02046883
v -0.07356759 0.09261179 -0.01436768
v -0.07328370 0.09268558 -0.01422764
v -0.07019167 0.09261179 -0.02643951
v -0.07211875 0.09261638 -0.02046883
v -0.07193174 0.09265207 -0.02033922
v -0.06482633 0.09262010 -0.03776116
v -0.06773346 0.09262008 -0.03220527
v -0.06753973 0.09267262 -0.03202764
v -0.06146447 0.09262008 -0.04305436
v -0.06482633 0.09262010 -0.03776116
v -0.06464815 0.09267260 -0.03756796
v -0.05349237 0.09261180 -0.05272931
v -0.05769170 0.09261180 -0.04806936
v -0.05752805 0.09267262 -0.04782740
v -0.04889509 0.09262297 -0.05698363
v -0.05349237 0.09261180 -0.05272931
v -0.05338137 0.09265209 -0.05251415
v -0.03875765 0.09262297 -0.06434407
v -0.04400008 0.09261180 -0.06091598
v -0.04390173 0.09267262 -0.06064092
v -0.03326289 0.09262297 -0.06736260
v -0.03875765 0.09262297 -0.06434407
v -0.03871972 0.09265209 -0.06414925
v -0.02754374 0.09261181 -0.06995406
v -0.03326289 0.09262297 -0.06736260
v -0.03321532 0.09268558 -0.06709420
v -0.01554065 0.09262298 -0.07352791
v -0.02161880 0.09261181 -0.07201458
v -0.02162109 0.09266148 -0.07174730
v -0.00935667 0.09261181 -0.07461567
v -0.01554065 0.09262298 -0.07352791
v -0.01556887 0.09265210 -0.07333146
v 0.00316744 0.09261180 -0.07513539
v -0.00310550 0.09261181 -0.07513799
v -0.00317425 0.09266149 -0.07487966
v 0.00940518 0.09262299 -0.07456565
v 0.00316744 0.09261180 -0.07513539
v 0.00307742 0.09266149 -0.07488371
v 0.02166598 0.09262011 -0.07196962
v 0.01558648 0.09262299 -0.07351816
v 0.01548062 0.09265211 -0.07335021
v 0.03333097 0.09261183 -0.06737738
v 0.02760134 0.09261182 -0.06993122
v 0.02744606 0.09265211 -0.06974552
v 0.03880822 0.09262011 -0.06432995
v 0.03333097 0.09261183 -0.06737738
v 0.03316058 0.09265212 -0.06720537
v 0.04896472 0.09261183 -0.05698101
v 0.04405024 0.09261183 -0.06087949
v 0.04381903 0.09267265 -0.06070097
v 0.05353569 0.09261183 -0.05268501
v 0.04896472 0.09261183 -0.05698101
v 0.04875694 0.09265212 -0.05685674
v 0.06152182 0.09261182 -0.04302331
v 0.05773126 0.09261184 -0.04802147
v 0.05746290 0.09267266 -0.04790607
v 0.06488085 0.09261184 -0.03772545
v 0.06152182 0.09261182 -0.04302331
v 0.06124479 0.09267266 -0.04293069
v 0.07021327 0.09261184 -0.02638128
v 0.06778478 0.09261184 -0.03216514
v 0.06749617 0.09267266 -0.03212005
v 0.07214923 0.09261184 -0.02041458
v 0.07021327 0.09261184 -0.02638128
v 0.06997136 0.09265212 -0.02637242
v 0.07447805 0.09261642 -0.00810068
v 0.07357918 0.09261184 -0.01430663
v 0.07333914 0.09265213 -0.01433842
v 0.07484056 0.09262301 -0.00184663
v 0.07447805 0.09261642 -0.00810068
v 0.07425644 0.09265213 -0.00815226
v 0.07406348 0.09262013 0.01066188
v 0.07470730 0.09262301 0.00442133
v 0.07452568 0.09265213 0.00434121
v 0.07119778 0.09262013 0.02285988
v 0.07288625 0.09262014 0.01682092
v 0.07265982 0.09267265 0.01668750
v 0.06899836 0.09262301 0.02872736
v 0.07119778 0.09262013 0.02285988
v 0.07096046 0.09268562 0.02269812
v 0.06632719 0.09262301 0.03439924
v 0.06899836 0.09262301 0.02872736
v 0.06885316 0.09265213 0.02859207
v 0.06319091 0.09262301 0.03982753
v 0.06632719 0.09262301 0.03439924
v 0.06615190 0.09267266 0.03422347
v 0.05964133 0.09261184 0.04500693
v 0.06319091 0.09262301 0.03982753
v 0.06307027 0.09265213 0.03966994
v 0.05123268 0.09262012 0.05429463
v 0.05562152 0.09262012 0.04981614
v 0.05552093 0.09265213 0.04962829
v 0.04649962 0.09261184 0.05841565
v 0.05123268 0.09262012 0.05429463
v 0.05114807 0.09265213 0.05409910
v 0.03605617 0.09261183 0.06534804
v 0.04142317 0.09261183 0.06210071
v 0.04135944 0.09265213 0.06186712
v 0.03043153 0.09261642 0.06812076
v 0.03605617 0.09261183 0.06534804
v 0.03601211 0.09265211 0.06511002
v 0.01859327 0.09262011 0.07222290
v 0.02460278 0.09261183 0.07044172
v 0.02459913 0.09265210 0.07019965
v 0.01246024 0.09261181 0.07355405
v 0.01859327 0.09262011 0.07222290
v 0.01860659 0.09267263 0.07196041
v -0.00003101 0.09261180 0.07459777
v 0.00623658 0.09261181 0.07433768
v 0.00629316 0.09265211 0.07410224
v 0.06319091 0.09262301 0.03982753
v 0.06615190 0.09267266 0.03422347
v 0.06307027 0.09265213 0.03966994
v 0.05114807 0.09265213 0.05409910
v 0.05552093 0.09265213 0.04962829
v 0.05101701 0.09279996 0.05401897
v 0.05114807 0.09265213 0.05409910
v 0.05101701 0.09279996 0.05401897
v 0.04628503 0.09282342 0.05808640
v 0.03031479 0.09279995 0.06777522
v 0.03590502 0.09279994 0.06499982
v 0.03030979 0.09309145 0.06777973
v 0.03031479 0.09279995 0.06777522
v 0.03030979 0.09309145 0.06777973
v 0.02450649 0.09309145 0.07007723
v 0.01852669 0.09290257 0.07185169
v 0.02450649 0.09309145 0.07007723
v 0.01851207 0.09312123 0.07192101
v 0.01852669 0.09290257 0.07185169
v 0.01851207 0.09312123 0.07192101
v 0.01235283 0.09309087 0.07319096
v 0.05964133 0.09261184 0.04500693
v 0.06307027 0.09265213 0.03966994
v 0.05950433 0.09265212 0.04480731
v 0.04641654 0.09265213 0.05818826
v 0.05114807 0.09265213 0.05409910
v 0.04628503 0.09282342 0.05808640
v 0.04641654 0.09265213 0.05818826
v 0.04628503 0.09282342 0.05808640
v 0.04124344 0.09279994 0.06176633
v 0.02451186 0.09279994 0.07007317
v 0.02451186 0.09279994 0.07007317
v 0.02450649 0.09309145 0.07007723
v 0.01852669 0.09290257 0.07185169
v -0.00000251 0.09298287 0.07419242
v 0.00623389 0.09309145 0.07396067
v -0.00001770 0.09315369 0.07429435
v -0.00000251 0.09298287 0.07419242
v -0.00001770 0.09315369 0.07429435
v -0.00631223 0.09309086 0.07395408
v 0.05114807 0.09265213 0.05409910
v 0.03601211 0.09265211 0.06511002
v 0.04135944 0.09265213 0.06186712
v 0.03590502 0.09279994 0.06499982
v 0.03601211 0.09265211 0.06511002
v 0.03590502 0.09279994 0.06499982
v 0.03031479 0.09279995 0.06777522
v 0.01243215 0.09279996 0.07317544
v 0.01852669 0.09290257 0.07185169
v 0.01235283 0.09309087 0.07319096
v 0.01243215 0.09279996 0.07317544
v 0.01235283 0.09309087 0.07319096
v 0.00623389 0.09309145 0.07396067
v 0.03605617 0.09261183 0.06534804
v 0.04135944 0.09265213 0.06186712
v 0.03601211 0.09265211 0.06511002
v 0.00005319 0.09268559 0.07429266
v 0.00624004 0.09279998 0.07395804
v -0.00000251 0.09298287 0.07419242
v 0.00005319 0.09268559 0.07429266
v -0.00000251 0.09298287 0.07419242
v -0.00623164 0.09279997 0.07395877
v -0.00623164 0.09279997 0.07395877
v -0.00000251 0.09298287 0.07419242
v -0.00631223 0.09309086 0.07395408
v -0.00623164 0.09279997 0.07395877
v -0.00631223 0.09309086 0.07395408
v -0.01243037 0.09309146 0.07317789
v 0.01859327 0.09262011 0.07222290
v 0.02459913 0.09265210 0.07019965
v 0.01860659 0.09267263 0.07196041
v -0.03030071 0.09282342 0.06776689
v -0.02449846 0.09282339 0.07006371
v -0.03037668 0.09310921 0.06776988
v -0.03030071 0.09282342 0.06776689
v -0.03037668 0.09310921 0.06776988
v -0.03588739 0.09290252 0.06497815
v -0.03588739 0.09290252 0.06497815
v -0.03037668 0.09310921 0.06776988
v -0.03592697 0.09312670 0.06503235
v -0.03588739 0.09290252 0.06497815
v -0.03592697 0.09312670 0.06503235
v -0.04126808 0.09312670 0.06179688
v -0.00003101 0.09261180 0.07459777
v 0.00629316 0.09265211 0.07410224
v 0.00005319 0.09268559 0.07429266
v -0.01252149 0.09261180 0.07354371
v -0.00620344 0.09265212 0.07410977
v -0.01240826 0.09265212 0.07332973
v -0.03033008 0.09265209 0.06793062
v -0.02451396 0.09265209 0.07022933
v -0.03030071 0.09282342 0.06776689
v -0.03033008 0.09265209 0.06793062
v -0.03030071 0.09282342 0.06776689
v -0.03590364 0.09267263 0.06511204
v -0.04125141 0.09267263 0.06187831
v -0.03590364 0.09267263 0.06511204
v -0.04122410 0.09290253 0.06174618
v -0.04125141 0.09267263 0.06187831
v -0.04122410 0.09290253 0.06174618
v -0.04628591 0.09279994 0.05810278
v -0.05536728 0.09282342 0.04955764
v -0.05100096 0.09282341 0.05401577
v -0.05541769 0.09310264 0.04954762
v -0.05536728 0.09282342 0.04955764
v -0.05541769 0.09310264 0.04954762
v -0.05941331 0.09310922 0.04471577
v -0.01865186 0.09261640 0.07222290
v -0.01240826 0.09265212 0.07332973
v -0.01850786 0.09267264 0.07198576
v -0.05934527 0.09282338 0.04474977
v -0.05536728 0.09282342 0.04955764
v -0.05941331 0.09310922 0.04471577
v -0.05934527 0.09282338 0.04474977
v -0.05941331 0.09310922 0.04471577
v -0.06289747 0.09290251 0.03961449
v -0.06289747 0.09290251 0.03961449
v -0.05941331 0.09310922 0.04471577
v -0.06295832 0.09312670 0.03964288
v -0.06289747 0.09290251 0.03961449
v -0.06295832 0.09312670 0.03964288
v -0.06606018 0.09308244 0.03418710
v -0.03048555 0.09261640 0.06809673
v -0.02451396 0.09265209 0.07022933
v -0.03033008 0.09265209 0.06793062
v -0.04634594 0.09265208 0.05824426
v -0.04125141 0.09267263 0.06187831
v -0.04628591 0.09279994 0.05810278
v -0.04634594 0.09265208 0.05824426
v -0.04628591 0.09279994 0.05810278
v -0.05100096 0.09282341 0.05401577
v -0.07084881 0.09295585 0.02271705
v -0.06873076 0.09309083 0.02850643
v -0.07094071 0.09314150 0.02270999
v -0.07084881 0.09295585 0.02271705
v -0.07094071 0.09314150 0.02270999
v -0.07257427 0.09310984 0.01671414
v -0.03611066 0.09261181 0.06531812
v -0.03033008 0.09265209 0.06793062
v -0.03590364 0.09267263 0.06511204
v -0.05108249 0.09265209 0.05416075
v -0.04634594 0.09265208 0.05824426
v -0.05100096 0.09282341 0.05401577
v -0.05108249 0.09265209 0.05416075
v -0.05100096 0.09282341 0.05401577
v -0.05536728 0.09282342 0.04955764
v -0.06603978 0.09279991 0.03422727
v -0.06289747 0.09290251 0.03961449
v -0.06606018 0.09308244 0.03418710
v -0.06603978 0.09279991 0.03422727
v -0.06606018 0.09308244 0.03418710
v -0.06873076 0.09309083 0.02850643
v -0.04654836 0.09261181 0.05837706
v -0.04125141 0.09267263 0.06187831
v -0.04634594 0.09265208 0.05824426
v -0.05944985 0.09265208 0.04487914
v -0.05546062 0.09265209 0.04969537
v -0.05934527 0.09282338 0.04474977
v -0.05944985 0.09265208 0.04487914
v -0.05934527 0.09282338 0.04474977
v -0.06297621 0.09267262 0.03972401
v -0.07253894 0.09282340 0.01671693
v -0.07084881 0.09295585 0.02271705
v -0.07257427 0.09310984 0.01671414
v -0.07253894 0.09282340 0.01671693
v -0.07257427 0.09310984 0.01671414
v -0.07369669 0.09284807 0.01058594
v -0.07369669 0.09284807 0.01058594
v -0.07257427 0.09310984 0.01671414
v -0.07376275 0.09312120 0.01055901
v -0.07369669 0.09284807 0.01058594
v -0.07376275 0.09312120 0.01055901
v -0.07439926 0.09310922 0.00431538
v -0.05967895 0.09261180 0.04495744
v -0.05546062 0.09265209 0.04969537
v -0.05944985 0.09265208 0.04487914
v -0.06881830 0.09265207 0.02867514
v -0.06615216 0.09265209 0.03433206
v -0.06869754 0.09279991 0.02858011
v -0.06881830 0.09265207 0.02867514
v -0.06869754 0.09279991 0.02858011
v -0.07092759 0.09268559 0.02279945
v -0.07449252 0.09282339 -0.00185747
v -0.07436139 0.09282339 0.00438138
v -0.07452603 0.09310984 -0.00186897
v -0.07449252 0.09282339 -0.00185747
v -0.07452603 0.09310984 -0.00186897
v -0.07408644 0.09295583 -0.00808986
v -0.07317496 0.09295584 -0.01426196
v -0.07408644 0.09295583 -0.00808986
v -0.07325207 0.09314149 -0.01431239
v -0.07317496 0.09295584 -0.01426196
v -0.07325207 0.09314149 -0.01431239
v -0.07175836 0.09309082 -0.02041697
v -0.06905966 0.09261180 0.02869400
v -0.06615216 0.09265209 0.03433206
v -0.06881830 0.09265207 0.02867514
v -0.07386264 0.09265209 0.01065028
v -0.07268707 0.09265209 0.01679270
v -0.07369669 0.09284807 0.01058594
v -0.07386264 0.09265209 0.01065028
v -0.07369669 0.09284807 0.01058594
v -0.07436139 0.09282339 0.00438138
v -0.07419191 0.09268558 -0.00804668
v -0.07449252 0.09282339 -0.00185747
v -0.07408644 0.09295583 -0.00808986
v -0.07419191 0.09268558 -0.00804668
v -0.07408644 0.09295583 -0.00808986
v -0.07317496 0.09295584 -0.01426196
v -0.06740065 0.09292918 -0.03201862
v -0.06984946 0.09309143 -0.02628133
v -0.06747820 0.09314212 -0.03206529
v -0.06740065 0.09292918 -0.03201862
v -0.06747820 0.09314212 -0.03206529
v -0.06455392 0.09312122 -0.03760789
v -0.07410113 0.09261180 0.01060858
v -0.07268707 0.09265209 0.01679270
v -0.07386264 0.09265209 0.01065028
v -0.06117159 0.09290253 -0.04281680
v -0.06451460 0.09290254 -0.03754897
v -0.06120585 0.09312122 -0.04287881
v -0.06117159 0.09290253 -0.04281680
v -0.06120585 0.09312122 -0.04287881
v -0.05741858 0.09312604 -0.04786749
v -0.07488300 0.09261179 -0.00190195
v -0.07452009 0.09265207 0.00443120
v -0.07465483 0.09265208 -0.00182098
v -0.07193174 0.09265207 -0.02033922
v -0.07328370 0.09268558 -0.01422764
v -0.07177809 0.09279989 -0.02033864
v -0.07193174 0.09265207 -0.02033922
v -0.07177809 0.09279989 -0.02033864
v -0.06984974 0.09279990 -0.02627461
v -0.06753973 0.09267262 -0.03202764
v -0.06984974 0.09279990 -0.02627461
v -0.06740065 0.09292918 -0.03201862
v -0.06753973 0.09267262 -0.03202764
v -0.06740065 0.09292918 -0.03201862
v -0.06451460 0.09290254 -0.03754897
v -0.07447196 0.09261637 -0.00815924
v -0.07465483 0.09265208 -0.00182098
v -0.07419191 0.09268558 -0.00804668
v -0.07000276 0.09265207 -0.02628815
v -0.07193174 0.09265207 -0.02033922
v -0.06984974 0.09279990 -0.02627461
v -0.07000276 0.09265207 -0.02628815
v -0.06984974 0.09279990 -0.02627461
v -0.06753973 0.09267262 -0.03202764
v -0.06464815 0.09267260 -0.03756796
v -0.06753973 0.09267262 -0.03202764
v -0.06451460 0.09290254 -0.03754897
v -0.06464815 0.09267260 -0.03756796
v -0.06451460 0.09290254 -0.03754897
v -0.06117159 0.09290253 -0.04281680
v -0.07211875 0.09261638 -0.02046883
v -0.07328370 0.09268558 -0.01422764
v -0.07193174 0.09265207 -0.02033922
v -0.05752805 0.09267262 -0.04782740
v -0.06130306 0.09267262 -0.04284694
v -0.05739956 0.09290251 -0.04778637
v -0.05752805 0.09267262 -0.04782740
v -0.05739956 0.09290251 -0.04778637
v -0.05324701 0.09279994 -0.05243963
v -0.04869755 0.09279991 -0.05671236
v -0.05324701 0.09279994 -0.05243963
v -0.04869409 0.09309144 -0.05671810
v -0.04869755 0.09279991 -0.05671236
v -0.04869409 0.09309144 -0.05671810
v -0.04378745 0.09290252 -0.06056925
v -0.07019167 0.09261179 -0.02643951
v -0.07193174 0.09265207 -0.02033922
v -0.07000276 0.09265207 -0.02628815
v -0.06482633 0.09262010 -0.03776116
v -0.06753973 0.09267262 -0.03202764
v -0.06464815 0.09267260 -0.03756796
v -0.05338137 0.09265209 -0.05251415
v -0.05752805 0.09267262 -0.04782740
v -0.05324701 0.09279994 -0.05243963
v -0.05338137 0.09265209 -0.05251415
v -0.05324701 0.09279994 -0.05243963
v -0.04869755 0.09279991 -0.05671236
v -0.04390173 0.09267262 -0.06064092
v -0.04869755 0.09279991 -0.05671236
v -0.04378745 0.09290252 -0.06056925
v -0.04390173 0.09267262 -0.06064092
v -0.04378745 0.09290252 -0.06056925
v -0.03860812 0.09279992 -0.06404364
v -0.02743338 0.09282341 -0.06957685
v -0.03312083 0.09298288 -0.06702922
v -0.02743577 0.09310987 -0.06961221
v -0.02743338 0.09282341 -0.06957685
v -0.02743577 0.09310987 -0.06961221
v -0.02153372 0.09287548 -0.07161689
v -0.02153372 0.09287548 -0.07161689
v -0.02743577 0.09310987 -0.06961221
v -0.02154307 0.09312672 -0.07168343
v -0.02153372 0.09287548 -0.07161689
v -0.02154307 0.09312672 -0.07168343
v -0.01545403 0.09308246 -0.07320389
v -0.05349237 0.09261180 -0.05272931
v -0.05752805 0.09267262 -0.04782740
v -0.05338137 0.09265209 -0.05251415
v -0.03871972 0.09265209 -0.06414925
v -0.04390173 0.09267262 -0.06064092
v -0.03860812 0.09279992 -0.06404364
v -0.03871972 0.09265209 -0.06414925
v -0.03860812 0.09279992 -0.06404364
v -0.03321532 0.09268558 -0.06709420
v -0.01549826 0.09279992 -0.07319504
v -0.02153372 0.09287548 -0.07161689
v -0.01545403 0.09308246 -0.07320389
v -0.01549826 0.09279992 -0.07319504
v -0.01545403 0.09308246 -0.07320389
v -0.00933739 0.09290256 -0.07420939
v -0.00312198 0.09287548 -0.07473162
v -0.00933739 0.09290256 -0.07420939
v -0.00309154 0.09312122 -0.07479629
v -0.00312198 0.09287548 -0.07473162
v -0.00309154 0.09312122 -0.07479629
v 0.00318439 0.09310924 -0.07477667
v -0.03875765 0.09262297 -0.06434407
v -0.04390173 0.09267262 -0.06064092
v -0.03871972 0.09265209 -0.06414925
v -0.00940292 0.09267263 -0.07432726
v -0.01549826 0.09279992 -0.07319504
v -0.00933739 0.09290256 -0.07420939
v -0.00940292 0.09267263 -0.07432726
v -0.00933739 0.09290256 -0.07420939
v -0.00312198 0.09287548 -0.07473162
v -0.01554065 0.09262298 -0.07352791
v -0.02162109 0.09266148 -0.07174730
v -0.01556887 0.09265210 -0.07333146
v 0.00930753 0.09266149 -0.07436463
v 0.00307742 0.09266149 -0.07488371
v 0.00933424 0.09287553 -0.07420996
v 0.00930753 0.09266149 -0.07436463
v 0.00933424 0.09287553 -0.07420996
v 0.01548602 0.09282343 -0.07318394
v 0.03312449 0.09282344 -0.06704296
v 0.02742356 0.09282343 -0.06958071
v 0.03317509 0.09310268 -0.06705220
v 0.03312449 0.09282344 -0.06704296
v 0.03317509 0.09310268 -0.06705220
v 0.03864278 0.09311372 -0.06404851
v 0.04378414 0.09292922 -0.06056603
v 0.03864278 0.09311372 -0.06404851
v 0.04385528 0.09313822 -0.06062206
v 0.04378414 0.09292922 -0.06056603
v 0.04385528 0.09313822 -0.06062206
v 0.04875348 0.09309088 -0.05666677
v 0.00307742 0.09266149 -0.07488371
v 0.05739554 0.09292921 -0.04778406
v 0.05327213 0.09308248 -0.05241316
v 0.05747831 0.09314396 -0.04782762
v 0.05739554 0.09292921 -0.04778406
v 0.05747831 0.09314396 -0.04782762
v 0.06124077 0.09312126 -0.04282847
v 0.02166598 0.09262011 -0.07196962
v 0.01548062 0.09265211 -0.07335021
v 0.02152841 0.09266150 -0.07177526
v 0.03864267 0.09265212 -0.06419588
v 0.03316058 0.09265212 -0.06720537
v 0.03859299 0.09282343 -0.06403714
v 0.03864267 0.09265212 -0.06419588
v 0.03859299 0.09282343 -0.06403714
v 0.04381903 0.09267265 -0.06070097
v 0.06451380 0.09290258 -0.03755023
v 0.06117071 0.09290258 -0.04281798
v 0.06458453 0.09312126 -0.03755478
v 0.06451380 0.09290258 -0.03755023
v 0.06458453 0.09312126 -0.03755478
v 0.06748584 0.09312608 -0.03200393
v 0.03333097 0.09261183 -0.06737738
v 0.02744606 0.09265211 -0.06974552
v 0.03316058 0.09265212 -0.06720537
v 0.04875694 0.09265212 -0.05685674
v 0.04381903 0.09267265 -0.06070097
v 0.04869100 0.09279995 -0.05671797
v 0.04875694 0.09265212 -0.05685674
v 0.04869100 0.09279995 -0.05671797
v 0.05324097 0.09279996 -0.05244574
v 0.05746290 0.09267266 -0.04790607
v 0.05324097 0.09279996 -0.05244574
v 0.05739554 0.09292921 -0.04778406
v 0.05746290 0.09267266 -0.04790607
v 0.05739554 0.09292921 -0.04778406
v 0.06117071 0.09290258 -0.04281798
v 0.07174601 0.09292923 -0.02033416
v 0.06987677 0.09309087 -0.02620768
v 0.07183520 0.09314218 -0.02034955
v 0.07174601 0.09292923 -0.02033416
v 0.07183520 0.09314218 -0.02034955
v 0.07320450 0.09309147 -0.01426471
v 0.03880822 0.09262011 -0.06432995
v 0.03316058 0.09265212 -0.06720537
v 0.03864267 0.09265212 -0.06419588
v 0.05331831 0.09265212 -0.05257850
v 0.04875694 0.09265212 -0.05685674
v 0.05324097 0.09279996 -0.05244574
v 0.05331831 0.09265212 -0.05257850
v 0.05324097 0.09279996 -0.05244574
v 0.05746290 0.09267266 -0.04790607
v 0.06124479 0.09267266 -0.04293069
v 0.05746290 0.09267266 -0.04790607
v 0.06117071 0.09290258 -0.04281798
v 0.06124479 0.09267266 -0.04293069
v 0.06117071 0.09290258 -0.04281798
v 0.06451380 0.09290258 -0.03755023
v 0.04896472 0.09261183 -0.05698101
v 0.04381903 0.09267265 -0.06070097
v 0.04875694 0.09265212 -0.05685674
v 0.06749617 0.09267266 -0.03212005
v 0.06459706 0.09267266 -0.03765636
v 0.06740438 0.09290258 -0.03202120
v 0.06749617 0.09267266 -0.03212005
v 0.06740438 0.09290258 -0.03202120
v 0.06984670 0.09279995 -0.02628263
v 0.05353569 0.09261183 -0.05268501
v 0.04875694 0.09265212 -0.05685674
v 0.05331831 0.09265212 -0.05257850
v 0.07320126 0.09279995 -0.01427059
v 0.07174601 0.09292923 -0.02033416
v 0.07320450 0.09309147 -0.01426471
v 0.07320126 0.09279995 -0.01427059
v 0.07320450 0.09309147 -0.01426471
v 0.07411754 0.09308249 -0.00805139
v 0.06124479 0.09267266 -0.04293069
v 0.06997136 0.09265212 -0.02637242
v 0.06749617 0.09267266 -0.03212005
v 0.06984670 0.09279995 -0.02628263
v 0.06997136 0.09265212 -0.02637242
v 0.06984670 0.09279995 -0.02628263
v 0.07185718 0.09267266 -0.02041820
v 0.07450562 0.09279996 -0.00186732
v 0.07411336 0.09279997 -0.00809626
v 0.07450939 0.09309089 -0.00178664
v 0.07450562 0.09279996 -0.00186732
v 0.07450939 0.09309089 -0.00178664
v 0.07436200 0.09282345 0.00437089
v 0.07436200 0.09282345 0.00437089
v 0.07450939 0.09309089 -0.00178664
v 0.07439499 0.09310989 0.00438378
v 0.07436200 0.09282345 0.00437089
v 0.07439499 0.09310989 0.00438378
v 0.07372436 0.09309147 0.01058648
v 0.07084793 0.09298292 0.02272016
v 0.07258113 0.09312124 0.01675296
v 0.07094517 0.09315651 0.02275946
v 0.07084793 0.09298292 0.02272016
v 0.07094517 0.09315651 0.02275946
v 0.06870023 0.09309147 0.02857892
v 0.07021327 0.09261184 -0.02638128
v 0.06749617 0.09267266 -0.03212005
v 0.06997136 0.09265212 -0.02637242
v 0.07425644 0.09265213 -0.00815226
v 0.07333914 0.09265213 -0.01433842
v 0.07411336 0.09279997 -0.00809626
v 0.07425644 0.09265213 -0.00815226
v 0.07411336 0.09279997 -0.00809626
v 0.07450562 0.09279996 -0.00186732
v 0.06601331 0.09292923 0.03420864
v 0.06870023 0.09309147 0.02857892
v 0.06607916 0.09313826 0.03427085
v 0.06601331 0.09292923 0.03420864
v 0.06607916 0.09313826 0.03427085
v 0.06288184 0.09309088 0.03969423
v 0.07447805 0.09261642 -0.00810068
v 0.07333914 0.09265213 -0.01433842
v 0.07425644 0.09265213 -0.00815226
v 0.07387574 0.09265213 0.01056121
v 0.07452568 0.09265213 0.00434121
v 0.07372326 0.09279994 0.01057984
v 0.07387574 0.09265213 0.01056121
v 0.07372326 0.09279994 0.01057984
v 0.07265982 0.09267265 0.01668750
v 0.07406348 0.09262013 0.01066188
v 0.07452568 0.09265213 0.00434121
v 0.07387574 0.09265213 0.01056121
v 0.06885316 0.09265213 0.02859207
v 0.07096046 0.09268562 0.02269812
v 0.06870081 0.09279995 0.02857218
v 0.06885316 0.09265213 0.02859207
v 0.06870081 0.09279995 0.02857218
v 0.06615190 0.09267266 0.03422347
v 0.05538351 0.09279996 0.04955953
v 0.05936166 0.09279995 0.04475022
v 0.05538081 0.09309148 0.04956564
v 0.05538351 0.09279996 0.04955953
v 0.05538081 0.09309148 0.04956564
v 0.05098380 0.09308249 0.05404942
v 0.07119778 0.09262013 0.02285988
v 0.07265982 0.09267265 0.01668750
v 0.07096046 0.09268562 0.02269812
v 0.06307027 0.09265213 0.03966994
v 0.06615190 0.09267266 0.03422347
v 0.06292336 0.09279995 0.03962496
v 0.06307027 0.09265213 0.03966994
v 0.06292336 0.09279995 0.03962496
v 0.05936166 0.09279995 0.04475022
v 0.07096046 0.09268562 0.02269812
v 0.05950433 0.09265212 0.04480731
v 0.06307027 0.09265213 0.03966994
v 0.05936166 0.09279995 0.04475022
v 0.05950433 0.09265212 0.04480731
v 0.05936166 0.09279995 0.04475022
v 0.05538351 0.09279996 0.04955953
v 0.04124344 0.09279994 0.06176633
v 0.04628503 0.09282342 0.05808640
v 0.04120561 0.09308248 0.06179081
v 0.04124344 0.09279994 0.06176633
v 0.04120561 0.09308248 0.06179081
v 0.03583525 0.09309085 0.06504053
v 0.04124344 0.09279994 0.06176633
v 0.03590502 0.09279994 0.06499982
v 0.04135944 0.09265213 0.06186712
v 0.04124344 0.09279994 0.06176633
v 0.04135944 0.09265213 0.06186712
v 0.04641654 0.09265213 0.05818826
v 0.05950433 0.09265212 0.04480731
v 0.05552093 0.09265213 0.04962829
v 0.05562152 0.09262012 0.04981614
v 0.05950433 0.09265212 0.04480731
v 0.05562152 0.09262012 0.04981614
v 0.05964133 0.09261184 0.04500693
v 0.04649962 0.09261184 0.05841565
v 0.05114807 0.09265213 0.05409910
v 0.04641654 0.09265213 0.05818826
v 0.03041220 0.09265211 0.06789403
v 0.03601211 0.09265211 0.06511002
v 0.03031479 0.09279995 0.06777522
v 0.03041220 0.09265211 0.06789403
v 0.03031479 0.09279995 0.06777522
v 0.02451186 0.09279994 0.07007317
v 0.01860659 0.09267263 0.07196041
v 0.02451186 0.09279994 0.07007317
v 0.01852669 0.09290257 0.07185169
v 0.01860659 0.09267263 0.07196041
v 0.01852669 0.09290257 0.07185169
v 0.01243215 0.09279996 0.07317544
v 0.00624004 0.09279998 0.07395804
v 0.01243215 0.09279996 0.07317544
v 0.00623389 0.09309145 0.07396067
v 0.00624004 0.09279998 0.07395804
v 0.00623389 0.09309145 0.07396067
v -0.00000251 0.09298287 0.07419242
v -0.01857050 0.09313821 0.07192577
v -0.02457400 0.09310921 0.07007300
v -0.01852495 0.09292917 0.07184749
v -0.01857050 0.09313821 0.07192577
v -0.01852495 0.09292917 0.07184749
v -0.01243037 0.09309146 0.07317789
v 0.02451186 0.09279994 0.07007317
v 0.01860659 0.09267263 0.07196041
v 0.02459913 0.09265210 0.07019965
v 0.02451186 0.09279994 0.07007317
v 0.02459913 0.09265210 0.07019965
v 0.03041220 0.09265211 0.06789403
v 0.04641654 0.09265213 0.05818826
v 0.04135944 0.09265213 0.06186712
v 0.04142317 0.09261183 0.06210071
v 0.04641654 0.09265213 0.05818826
v 0.04142317 0.09261183 0.06210071
v 0.04649962 0.09261184 0.05841565
v 0.03043153 0.09261642 0.06812076
v 0.03601211 0.09265211 0.06511002
v 0.03041220 0.09265211 0.06789403
v 0.01249706 0.09265212 0.07331469
v 0.01860659 0.09267263 0.07196041
v 0.01243215 0.09279996 0.07317544
v 0.01249706 0.09265212 0.07331469
v 0.01243215 0.09279996 0.07317544
v 0.00624004 0.09279998 0.07395804
v -0.01242373 0.09279994 0.07317689
v -0.00623164 0.09279997 0.07395877
v -0.01243037 0.09309146 0.07317789
v -0.01242373 0.09279994 0.07317689
v -0.01243037 0.09309146 0.07317789
v -0.01852495 0.09292917 0.07184749
v -0.02457400 0.09310921 0.07007300
v -0.03037668 0.09310921 0.06776988
v -0.02449846 0.09282339 0.07006371
v -0.02457400 0.09310921 0.07007300
v -0.02449846 0.09282339 0.07006371
v -0.01852495 0.09292917 0.07184749
v 0.00624004 0.09279998 0.07395804
v 0.00005319 0.09268559 0.07429266
v 0.00629316 0.09265211 0.07410224
v 0.00624004 0.09279998 0.07395804
v 0.00629316 0.09265211 0.07410224
v 0.01249706 0.09265212 0.07331469
v 0.03041220 0.09265211 0.06789403
v 0.02459913 0.09265210 0.07019965
v 0.02460278 0.09261183 0.07044172
v 0.03041220 0.09265211 0.06789403
v 0.02460278 0.09261183 0.07044172
v 0.03043153 0.09261642 0.06812076
v 0.01246024 0.09261181 0.07355405
v 0.01860659 0.09267263 0.07196041
v 0.01249706 0.09265212 0.07331469
v -0.00620344 0.09265212 0.07410977
v 0.00005319 0.09268559 0.07429266
v -0.00623164 0.09279997 0.07395877
v -0.00620344 0.09265212 0.07410977
v -0.00623164 0.09279997 0.07395877
v -0.01242373 0.09279994 0.07317689
v -0.01850786 0.09267264 0.07198576
v -0.01242373 0.09279994 0.07317689
v -0.01852495 0.09292917 0.07184749
v -0.01850786 0.09267264 0.07198576
v -0.01852495 0.09292917 0.07184749
v -0.02449846 0.09282339 0.07006371
v -0.04122410 0.09290253 0.06174618
v -0.03588739 0.09290252 0.06497815
v -0.04126808 0.09312670 0.06179688
v -0.04122410 0.09290253 0.06174618
v -0.04126808 0.09312670 0.06179688
v -0.04632087 0.09308246 0.05807442
v -0.01242373 0.09279994 0.07317689
v -0.01850786 0.09267264 0.07198576
v -0.01240826 0.09265212 0.07332973
v -0.01242373 0.09279994 0.07317689
v -0.01240826 0.09265212 0.07332973
v -0.00620344 0.09265212 0.07410977
v 0.01249706 0.09265212 0.07331469
v 0.00629316 0.09265211 0.07410224
v 0.00623658 0.09261181 0.07433768
v 0.01249706 0.09265212 0.07331469
v 0.00623658 0.09261181 0.07433768
v 0.01246024 0.09261181 0.07355405
v -0.05103195 0.09310987 0.05403295
v -0.05541769 0.09310264 0.04954762
v -0.05100096 0.09282341 0.05401577
v -0.05103195 0.09310987 0.05403295
v -0.05100096 0.09282341 0.05401577
v -0.04632087 0.09308246 0.05807442
v -0.04632087 0.09308246 0.05807442
v -0.05100096 0.09282341 0.05401577
v -0.04628591 0.09279994 0.05810278
v -0.04632087 0.09308246 0.05807442
v -0.04628591 0.09279994 0.05810278
v -0.04122410 0.09290253 0.06174618
v -0.03588739 0.09290252 0.06497815
v -0.04122410 0.09290253 0.06174618
v -0.03590364 0.09267263 0.06511204
v -0.03588739 0.09290252 0.06497815
v -0.03590364 0.09267263 0.06511204
v -0.03030071 0.09282342 0.06776689
v -0.02449846 0.09282339 0.07006371
v -0.03030071 0.09282342 0.06776689
v -0.02451396 0.09265209 0.07022933
v -0.02449846 0.09282339 0.07006371
v -0.02451396 0.09265209 0.07022933
v -0.01850786 0.09267264 0.07198576
v 0.00005319 0.09268559 0.07429266
v -0.00620344 0.09265212 0.07410977
v -0.00628718 0.09262299 0.07428970
v 0.00005319 0.09268559 0.07429266
v -0.00628718 0.09262299 0.07428970
v -0.00003101 0.09261180 0.07459777
v -0.01850786 0.09267264 0.07198576
v -0.02451396 0.09265209 0.07022933
v -0.02466151 0.09261181 0.07042129
v -0.01850786 0.09267264 0.07198576
v -0.02466151 0.09261181 0.07042129
v -0.01865186 0.09261640 0.07222290
v -0.06873076 0.09309083 0.02850643
v -0.07084881 0.09295585 0.02271705
v -0.06869754 0.09279991 0.02858011
v -0.06869754 0.09279991 0.02858011
v -0.06289747 0.09290251 0.03961449
v -0.06603978 0.09279991 0.03422727
v -0.06297621 0.09267262 0.03972401
v -0.06289747 0.09290251 0.03961449
v -0.06297621 0.09267262 0.03972401
v -0.05934527 0.09282338 0.04474977
v -0.05536728 0.09282342 0.04955764
v -0.05934527 0.09282338 0.04474977
v -0.05546062 0.09265209 0.04969537
v -0.05536728 0.09282342 0.04955764
v -0.05546062 0.09265209 0.04969537
v -0.05108249 0.09265209 0.05416075
v -0.03590364 0.09267263 0.06511204
v -0.04125141 0.09267263 0.06187831
v -0.04147488 0.09261181 0.06206639
v -0.03611066 0.09261181 0.06531812
v -0.05108249 0.09265209 0.05416075
v -0.07092759 0.09268559 0.02279945
v -0.06869754 0.09279991 0.02858011
v -0.07084881 0.09295585 0.02271705
v -0.07092759 0.09268559 0.02279945
v -0.07084881 0.09295585 0.02271705
v -0.07253894 0.09282340 0.01671693
v -0.07416613 0.09313819 -0.00812234
v -0.07325207 0.09314149 -0.01431239
v -0.07408644 0.09295583 -0.00808986
v -0.07416613 0.09313819 -0.00812234
v -0.07408644 0.09295583 -0.00808986
v -0.07452603 0.09310984 -0.00186897
v -0.07439926 0.09310922 0.00431538
v -0.07452603 0.09310984 -0.00186897
v -0.07436139 0.09282339 0.00438138
v -0.07439926 0.09310922 0.00431538
v -0.07436139 0.09282339 0.00438138
v -0.07369669 0.09284807 0.01058594
v -0.06603978 0.09279991 0.03422727
v -0.06869754 0.09279991 0.02858011
v -0.06615216 0.09265209 0.03433206
v -0.06603978 0.09279991 0.03422727
v -0.06615216 0.09265209 0.03433206
v -0.06297621 0.09267262 0.03972401
v -0.05108249 0.09265209 0.05416075
v -0.05546062 0.09265209 0.04969537
v -0.05568243 0.09261180 0.04979250
v -0.05108249 0.09265209 0.05416075
v -0.05568243 0.09261180 0.04979250
v -0.05128393 0.09261639 0.05426652
v -0.06325691 0.09261178 0.03980490
v -0.05944985 0.09265208 0.04487914
v -0.06297621 0.09267262 0.03972401
v -0.07253894 0.09282340 0.01671693
v -0.07369669 0.09284807 0.01058594
v -0.07268707 0.09265209 0.01679270
v -0.07253894 0.09282340 0.01671693
v -0.07268707 0.09265209 0.01679270
v -0.07092759 0.09268559 0.02279945
v -0.06297621 0.09267262 0.03972401
v -0.06615216 0.09265209 0.03433206
v -0.06634899 0.09262297 0.03435766
v -0.06297621 0.09267262 0.03972401
v -0.06634899 0.09262297 0.03435766
v -0.06325691 0.09261178 0.03980490
v -0.07124382 0.09261180 0.02281356
v -0.06881830 0.09265207 0.02867514
v -0.07092759 0.09268559 0.02279945
v -0.07452009 0.09265207 0.00443120
v -0.07386264 0.09265209 0.01065028
v -0.07436139 0.09282339 0.00438138
v -0.07452009 0.09265207 0.00443120
v -0.07436139 0.09282339 0.00438138
v -0.07449252 0.09282339 -0.00185747
v -0.07328370 0.09268558 -0.01422764
v -0.07419191 0.09268558 -0.00804668
v -0.07317496 0.09295584 -0.01426196
v -0.07328370 0.09268558 -0.01422764
v -0.07317496 0.09295584 -0.01426196
v -0.07177809 0.09279989 -0.02033864
v -0.07177809 0.09279989 -0.02033864
v -0.07317496 0.09295584 -0.01426196
v -0.07175836 0.09309082 -0.02041697
v -0.07177809 0.09279989 -0.02033864
v -0.07175836 0.09309082 -0.02041697
v -0.06984946 0.09309143 -0.02628133
v -0.06455392 0.09312122 -0.03760789
v -0.06120585 0.09312122 -0.04287881
v -0.06451460 0.09290254 -0.03754897
v -0.06455392 0.09312122 -0.03760789
v -0.06451460 0.09290254 -0.03754897
v -0.06740065 0.09292918 -0.03201862
v -0.06984946 0.09309143 -0.02628133
v -0.06740065 0.09292918 -0.03201862
v -0.06984974 0.09279990 -0.02627461
v -0.06984946 0.09309143 -0.02628133
v -0.06984974 0.09279990 -0.02627461
v -0.07177809 0.09279989 -0.02033864
v -0.07449252 0.09282339 -0.00185747
v -0.07419191 0.09268558 -0.00804668
v -0.07465483 0.09265208 -0.00182098
v -0.07449252 0.09282339 -0.00185747
v -0.07465483 0.09265208 -0.00182098
v -0.07452009 0.09265207 0.00443120
v -0.07092759 0.09268559 0.02279945
v -0.07268707 0.09265209 0.01679270
v -0.07292824 0.09261180 0.01677093
v -0.07092759 0.09268559 0.02279945
v -0.07292824 0.09261180 0.01677093
v -0.07124382 0.09261180 0.02281356
v -0.05741858 0.09312604 -0.04786749
v -0.05319201 0.09309083 -0.05249876
v -0.05739956 0.09290251 -0.04778637
v -0.05741858 0.09312604 -0.04786749
v -0.05739956 0.09290251 -0.04778637
v -0.06117159 0.09290253 -0.04281680
v -0.07386264 0.09265209 0.01065028
v -0.07452009 0.09265207 0.00443120
v -0.07471031 0.09262296 0.00437453
v -0.07386264 0.09265209 0.01065028
v -0.07471031 0.09262296 0.00437453
v -0.07410113 0.09261180 0.01060858
v -0.03315255 0.09315368 -0.06712728
v -0.02743577 0.09310987 -0.06961221
v -0.03312083 0.09298288 -0.06702922
v -0.03315255 0.09315368 -0.06712728
v -0.03312083 0.09298288 -0.06702922
v -0.03860374 0.09309144 -0.06404874
v -0.04381963 0.09312670 -0.06062816
v -0.03860374 0.09309144 -0.06404874
v -0.04378745 0.09290252 -0.06056925
v -0.04381963 0.09312670 -0.06062816
v -0.04378745 0.09290252 -0.06056925
v -0.04869409 0.09309144 -0.05671810
v -0.05319201 0.09309083 -0.05249876
v -0.04869409 0.09309144 -0.05671810
v -0.05324701 0.09279994 -0.05243963
v -0.05319201 0.09309083 -0.05249876
v -0.05324701 0.09279994 -0.05243963
v -0.05739956 0.09290251 -0.04778637
v -0.06117159 0.09290253 -0.04281680
v -0.05739956 0.09290251 -0.04778637
v -0.06130306 0.09267262 -0.04284694
v -0.06117159 0.09290253 -0.04281680
v -0.06130306 0.09267262 -0.04284694
v -0.06464815 0.09267260 -0.03756796
v -0.07419191 0.09268558 -0.00804668
v -0.07328370 0.09268558 -0.01422764
v -0.07356759 0.09261179 -0.01436768
v -0.07419191 0.09268558 -0.00804668
v -0.07356759 0.09261179 -0.01436768
v -0.07447196 0.09261637 -0.00815924
v -0.03860374 0.09309144 -0.06404874
v -0.03312083 0.09298288 -0.06702922
v -0.03860812 0.09279992 -0.06404364
v -0.03860374 0.09309144 -0.06404874
v -0.03860812 0.09279992 -0.06404364
v -0.04378745 0.09290252 -0.06056925
v -0.07000276 0.09265207 -0.02628815
v -0.06753973 0.09267262 -0.03202764
v -0.06773346 0.09262008 -0.03220527
v -0.07000276 0.09265207 -0.02628815
v -0.06773346 0.09262008 -0.03220527
v -0.07019167 0.09261179 -0.02643951
v -0.06146447 0.09262008 -0.04305436
v -0.06464815 0.09267260 -0.03756796
v -0.06130306 0.09267262 -0.04284694
v -0.04882517 0.09265209 -0.05679791
v -0.05338137 0.09265209 -0.05251415
v -0.04869755 0.09279991 -0.05671236
v -0.04882517 0.09265209 -0.05679791
v -0.04869755 0.09279991 -0.05671236
v -0.04390173 0.09267262 -0.06064092
v -0.03321532 0.09268558 -0.06709420
v -0.03860812 0.09279992 -0.06404364
v -0.03312083 0.09298288 -0.06702922
v -0.03321532 0.09268558 -0.06709420
v -0.03312083 0.09298288 -0.06702922
v -0.02743338 0.09282341 -0.06957685
v -0.00933720 0.09312672 -0.07427653
v -0.00309154 0.09312122 -0.07479629
v -0.00933739 0.09290256 -0.07420939
v -0.00933720 0.09312672 -0.07427653
v -0.00933739 0.09290256 -0.07420939
v -0.01545403 0.09308246 -0.07320389
v -0.06130306 0.09267262 -0.04284694
v -0.05752805 0.09267262 -0.04782740
v -0.05769170 0.09261180 -0.04806936
v -0.06130306 0.09267262 -0.04284694
v -0.05769170 0.09261180 -0.04806936
v -0.06146447 0.09262008 -0.04305436
v -0.04889509 0.09262297 -0.05698363
v -0.05338137 0.09265209 -0.05251415
v -0.04882517 0.09265209 -0.05679791
v 0.00939412 0.09312607 -0.07426912
v 0.01550367 0.09310988 -0.07321471
v 0.00933424 0.09287553 -0.07420996
v 0.00939412 0.09312607 -0.07426912
v 0.00933424 0.09287553 -0.07420996
v 0.00318439 0.09310924 -0.07477667
v 0.00318439 0.09310924 -0.07477667
v 0.00933424 0.09287553 -0.07420996
v 0.00311756 0.09285004 -0.07474089
v 0.00318439 0.09310924 -0.07477667
v 0.00311756 0.09285004 -0.07474089
v -0.00312198 0.09287548 -0.07473162
v -0.02153372 0.09287548 -0.07161689
v -0.01549826 0.09279992 -0.07319504
v -0.02162109 0.09266148 -0.07174730
v -0.02153372 0.09287548 -0.07161689
v -0.02162109 0.09266148 -0.07174730
v -0.02743338 0.09282341 -0.06957685
v -0.02743338 0.09282341 -0.06957685
v -0.02162109 0.09266148 -0.07174730
v -0.02752992 0.09265210 -0.06971234
v -0.02743338 0.09282341 -0.06957685
v -0.02752992 0.09265210 -0.06971234
v -0.03321532 0.09268558 -0.06709420
v -0.04882517 0.09265209 -0.05679791
v -0.04390173 0.09267262 -0.06064092
v -0.04400008 0.09261180 -0.06091598
v -0.04882517 0.09265209 -0.05679791
v -0.04400008 0.09261180 -0.06091598
v -0.04889509 0.09262297 -0.05698363
v -0.03326289 0.09262297 -0.06736260
v -0.03871972 0.09265209 -0.06414925
v -0.03321532 0.09268558 -0.06709420
v -0.01556887 0.09265210 -0.07333146
v -0.02162109 0.09266148 -0.07174730
v -0.01549826 0.09279992 -0.07319504
v -0.01556887 0.09265210 -0.07333146
v -0.01549826 0.09279992 -0.07319504
v -0.00940292 0.09267263 -0.07432726
v 0.01548602 0.09282343 -0.07318394
v 0.00933424 0.09287553 -0.07420996
v 0.01550367 0.09310988 -0.07321471
v 0.01548602 0.09282343 -0.07318394
v 0.01550367 0.09310988 -0.07321471
v 0.02155043 0.09310987 -0.07166167
v -0.02754374 0.09261181 -0.06995406
v -0.03321532 0.09268558 -0.06709420
v -0.02752992 0.09265210 -0.06971234
v -0.00317425 0.09266149 -0.07487966
v -0.00940292 0.09267263 -0.07432726
v -0.00312198 0.09287548 -0.07473162
v -0.00317425 0.09266149 -0.07487966
v -0.00312198 0.09287548 -0.07473162
v 0.00311756 0.09285004 -0.07474089
v 0.02153174 0.09285002 -0.07162697
v 0.01548602 0.09282343 -0.07318394
v 0.02155043 0.09310987 -0.07166167
v 0.02153174 0.09285002 -0.07162697
v 0.02155043 0.09310987 -0.07166167
v 0.02747321 0.09310268 -0.06959413
v 0.02747321 0.09310268 -0.06959413
v 0.03317509 0.09310268 -0.06705220
v 0.02742356 0.09282343 -0.06958071
v 0.02747321 0.09310268 -0.06959413
v 0.02742356 0.09282343 -0.06958071
v 0.02153174 0.09285002 -0.07162697
v 0.00311756 0.09285004 -0.07474089
v 0.00933424 0.09287553 -0.07420996
v 0.00307742 0.09266149 -0.07488371
v 0.00311756 0.09285004 -0.07474089
v 0.00307742 0.09266149 -0.07488371
v -0.00317425 0.09266149 -0.07487966
v -0.02752992 0.09265210 -0.06971234
v -0.02162109 0.09266148 -0.07174730
v -0.02161880 0.09261181 -0.07201458
v -0.02752992 0.09265210 -0.06971234
v -0.02161880 0.09261181 -0.07201458
v -0.02754374 0.09261181 -0.06995406
v -0.00935667 0.09261181 -0.07461567
v -0.01556887 0.09265210 -0.07333146
v -0.00940292 0.09267263 -0.07432726
v 0.03859299 0.09282343 -0.06403714
v 0.03859299 0.09282343 -0.06403714
v 0.03864278 0.09311372 -0.06404851
v 0.04378414 0.09292922 -0.06056603
v 0.02153174 0.09285002 -0.07162697
v 0.02742356 0.09282343 -0.06958071
v 0.02152841 0.09266150 -0.07177526
v 0.02153174 0.09285002 -0.07162697
v 0.02152841 0.09266150 -0.07177526
v 0.01548602 0.09282343 -0.07318394
v 0.01548602 0.09282343 -0.07318394
v 0.02152841 0.09266150 -0.07177526
v 0.01548062 0.09265211 -0.07335021
v 0.01548602 0.09282343 -0.07318394
v 0.01548062 0.09265211 -0.07335021
v 0.00930753 0.09266149 -0.07436463
v -0.00940292 0.09267263 -0.07432726
v -0.00317425 0.09266149 -0.07487966
v -0.00310550 0.09261181 -0.07513799
v -0.00940292 0.09267263 -0.07432726
v -0.00310550 0.09261181 -0.07513799
v -0.00935667 0.09261181 -0.07461567
v 0.00940518 0.09262299 -0.07456565
v 0.00307742 0.09266149 -0.07488371
v 0.00930753 0.09266149 -0.07436463
v 0.02744606 0.09265211 -0.06974552
v 0.02152841 0.09266150 -0.07177526
v 0.02742356 0.09282343 -0.06958071
v 0.02744606 0.09265211 -0.06974552
v 0.02742356 0.09282343 -0.06958071
v 0.03312449 0.09282344 -0.06704296
v 0.04869100 0.09279995 -0.05671797
v 0.04378414 0.09292922 -0.06056603
v 0.04875348 0.09309088 -0.05666677
v 0.04869100 0.09279995 -0.05671797
v 0.04875348 0.09309088 -0.05666677
v 0.05327213 0.09308248 -0.05241316
v 0.06124077 0.09312126 -0.04282847
v 0.06458453 0.09312126 -0.03755478
v 0.06117071 0.09290258 -0.04281798
v 0.06124077 0.09312126 -0.04282847
v 0.06117071 0.09290258 -0.04281798
v 0.05739554 0.09292921 -0.04778406
v 0.05327213 0.09308248 -0.05241316
v 0.05739554 0.09292921 -0.04778406
v 0.05324097 0.09279996 -0.05244574
v 0.05327213 0.09308248 -0.05241316
v 0.05324097 0.09279996 -0.05244574
v 0.04869100 0.09279995 -0.05671797
v 0.04378414 0.09292922 -0.06056603
v 0.04869100 0.09279995 -0.05671797
v 0.04381903 0.09267265 -0.06070097
v 0.04378414 0.09292922 -0.06056603
v 0.04381903 0.09267265 -0.06070097
v 0.03859299 0.09282343 -0.06403714
v 0.03312449 0.09282344 -0.06704296
v 0.03859299 0.09282343 -0.06403714
v 0.03316058 0.09265212 -0.06720537
v 0.03312449 0.09282344 -0.06704296
v 0.03316058 0.09265212 -0.06720537
v 0.02744606 0.09265211 -0.06974552
v 0.00930753 0.09266149 -0.07436463
v 0.01548062 0.09265211 -0.07335021
v 0.01558648 0.09262299 -0.07351816
v 0.00930753 0.09266149 -0.07436463
v 0.01558648 0.09262299 -0.07351816
v 0.00940518 0.09262299 -0.07456565
v 0.06748584 0.09312608 -0.03200393
v 0.06987677 0.09309087 -0.02620768
v 0.06740438 0.09290258 -0.03202120
v 0.06748584 0.09312608 -0.03200393
v 0.06740438 0.09290258 -0.03202120
v 0.06451380 0.09290258 -0.03755023
v 0.02152841 0.09266150 -0.07177526
v 0.02744606 0.09265211 -0.06974552
v 0.02760134 0.09261182 -0.06993122
v 0.02152841 0.09266150 -0.07177526
v 0.02760134 0.09261182 -0.06993122
v 0.02166598 0.09262011 -0.07196962
v 0.06987677 0.09309087 -0.02620768
v 0.07174601 0.09292923 -0.02033416
v 0.06984670 0.09279995 -0.02628263
v 0.06987677 0.09309087 -0.02620768
v 0.06984670 0.09279995 -0.02628263
v 0.06740438 0.09290258 -0.03202120
v 0.06451380 0.09290258 -0.03755023
v 0.06740438 0.09290258 -0.03202120
v 0.06459706 0.09267266 -0.03765636
v 0.06451380 0.09290258 -0.03755023
v 0.06459706 0.09267266 -0.03765636
v 0.06124479 0.09267266 -0.04293069
v 0.03864267 0.09265212 -0.06419588
v 0.04381903 0.09267265 -0.06070097
v 0.04405024 0.09261183 -0.06087949
v 0.03864267 0.09265212 -0.06419588
v 0.04405024 0.09261183 -0.06087949
v 0.03880822 0.09262011 -0.06432995
v 0.07411754 0.09308249 -0.00805139
v 0.07411754 0.09308249 -0.00805139
v 0.07411336 0.09279997 -0.00809626
v 0.07320126 0.09279995 -0.01427059
v 0.07174601 0.09292923 -0.02033416
v 0.07320126 0.09279995 -0.01427059
v 0.07185718 0.09267266 -0.02041820
v 0.07174601 0.09292923 -0.02033416
v 0.07185718 0.09267266 -0.02041820
v 0.06984670 0.09279995 -0.02628263
v 0.05331831 0.09265212 -0.05257850
v 0.05746290 0.09267266 -0.04790607
v 0.05773126 0.09261184 -0.04802147
v 0.05331831 0.09265212 -0.05257850
v 0.05773126 0.09261184 -0.04802147
v 0.05353569 0.09261183 -0.05268501
v 0.06488085 0.09261184 -0.03772545
v 0.06124479 0.09267266 -0.04293069
v 0.06459706 0.09267266 -0.03765636
v 0.07252648 0.09290256 0.01670788
v 0.07372436 0.09309147 0.01058648
v 0.07258113 0.09312124 0.01675296
v 0.07252648 0.09290256 0.01670788
v 0.07258113 0.09312124 0.01675296
v 0.07084793 0.09298292 0.02272016
v 0.07372436 0.09309147 0.01058648
v 0.07252648 0.09290256 0.01670788
v 0.07372326 0.09279994 0.01057984
v 0.07372436 0.09309147 0.01058648
v 0.07372326 0.09279994 0.01057984
v 0.07436200 0.09282345 0.00437089
v 0.07320126 0.09279995 -0.01427059
v 0.07411336 0.09279997 -0.00809626
v 0.07333914 0.09265213 -0.01433842
v 0.07320126 0.09279995 -0.01427059
v 0.07333914 0.09265213 -0.01433842
v 0.07185718 0.09267266 -0.02041820
v 0.06459706 0.09267266 -0.03765636
v 0.06749617 0.09267266 -0.03212005
v 0.06778478 0.09261184 -0.03216514
v 0.06488085 0.09261184 -0.03772545
v 0.07214923 0.09261184 -0.02041458
v 0.06997136 0.09265212 -0.02637242
v 0.07185718 0.09267266 -0.02041820
v 0.07465289 0.09265213 -0.00191113
v 0.07425644 0.09265213 -0.00815226
v 0.07450562 0.09279996 -0.00186732
v 0.07465289 0.09265213 -0.00191113
v 0.07450562 0.09279996 -0.00186732
v 0.07436200 0.09282345 0.00437089
v 0.06870023 0.09309147 0.02857892
v 0.06601331 0.09292923 0.03420864
v 0.06870081 0.09279995 0.02857218
v 0.06870023 0.09309147 0.02857892
v 0.06870081 0.09279995 0.02857218
v 0.07084793 0.09298292 0.02272016
v 0.07084793 0.09298292 0.02272016
v 0.06870081 0.09279995 0.02857218
v 0.07096046 0.09268562 0.02269812
v 0.07084793 0.09298292 0.02272016
v 0.07096046 0.09268562 0.02269812
v 0.07252648 0.09290256 0.01670788
v 0.07252648 0.09290256 0.01670788
v 0.07096046 0.09268562 0.02269812
v 0.07265982 0.09267265 0.01668750
v 0.07252648 0.09290256 0.01670788
v 0.07265982 0.09267265 0.01668750
v 0.07372326 0.09279994 0.01057984
v 0.07436200 0.09282345 0.00437089
v 0.07372326 0.09279994 0.01057984
v 0.07452568 0.09265213 0.00434121
v 0.07436200 0.09282345 0.00437089
v 0.07452568 0.09265213 0.00434121
v 0.07465289 0.09265213 -0.00191113
v 0.07185718 0.09267266 -0.02041820
v 0.07333914 0.09265213 -0.01433842
v 0.07357918 0.09261184 -0.01430663
v 0.07185718 0.09267266 -0.02041820
v 0.07357918 0.09261184 -0.01430663
v 0.07214923 0.09261184 -0.02041458
v 0.07465289 0.09265213 -0.00191113
v 0.06292336 0.09279995 0.03962496
v 0.06601331 0.09292923 0.03420864
v 0.06288184 0.09309088 0.03969423
v 0.06292336 0.09279995 0.03962496
v 0.06288184 0.09309088 0.03969423
v 0.05935943 0.09309148 0.04475661
v 0.05935943 0.09309148 0.04475661
v 0.05935943 0.09309148 0.04475661
v 0.05936166 0.09279995 0.04475022
v 0.06292336 0.09279995 0.03962496
v 0.06601331 0.09292923 0.03420864
v 0.06292336 0.09279995 0.03962496
v 0.06615190 0.09267266 0.03422347
v 0.06601331 0.09292923 0.03420864
v 0.06615190 0.09267266 0.03422347
v 0.06870081 0.09279995 0.02857218
v 0.07465289 0.09265213 -0.00191113
v 0.07452568 0.09265213 0.00434121
v 0.07470730 0.09262301 0.00442133
v 0.07465289 0.09265213 -0.00191113
v 0.07470730 0.09262301 0.00442133
v 0.07484056 0.09262301 -0.00184663
v 0.04629751 0.09310987 0.05811954
v 0.04120561 0.09308248 0.06179081
v 0.04628503 0.09282342 0.05808640
v 0.04629751 0.09310987 0.05811954
v 0.04628503 0.09282342 0.05808640
v 0.05098380 0.09308249 0.05404942
v 0.05098380 0.09308249 0.05404942
v 0.04628503 0.09282342 0.05808640
v 0.05101701 0.09279996 0.05401897
v 0.05098380 0.09308249 0.05404942
v 0.05101701 0.09279996 0.05401897
v 0.05538351 0.09279996 0.04955953
v 0.07387574 0.09265213 0.01056121
v 0.07265982 0.09267265 0.01668750
v 0.07288625 0.09262014 0.01682092
v 0.07387574 0.09265213 0.01056121
v 0.07288625 0.09262014 0.01682092
v 0.07406348 0.09262013 0.01066188
v 0.06632719 0.09262301 0.03439924
v 0.06885316 0.09265213 0.02859207
v 0.06615190 0.09267266 0.03422347
v 0.05552093 0.09265213 0.04962829
v 0.05950433 0.09265212 0.04480731
v 0.05538351 0.09279996 0.04955953
v 0.05552093 0.09265213 0.04962829
v 0.05538351 0.09279996 0.04955953
v 0.05101701 0.09279996 0.05401897
v 0.03590502 0.09279994 0.06499982
v 0.03590502 0.09279994 0.06499982
v 0.03583525 0.09309085 0.06504053
v 0.03030979 0.09309145 0.06777973
v 0.00313641 0.09247111 -0.07523390
v -0.00000003 0.09242919 -0.07530135
v -0.00315028 0.09247131 -0.07523320
v -0.00000004 0.09248185 0.07469238
v -0.00003101 0.09261180 0.07459777
v -0.00624322 0.09252347 0.07442430
v -0.01251339 0.09247959 0.07364193
v -0.00624322 0.09252347 0.07442430
v -0.01252149 0.09261180 0.07354371
v -0.01251339 0.09247959 0.07364193
v -0.01252149 0.09261180 0.07354371
v -0.01865018 0.09249690 0.07233350
v -0.02465546 0.09247938 0.07052459
v -0.01865018 0.09249690 0.07233350
v -0.02466151 0.09261181 0.07042129
v -0.02465546 0.09247938 0.07052459
v -0.02466151 0.09261181 0.07042129
v -0.03048899 0.09249378 0.06821369
v -0.03612905 0.09248187 0.06541602
v -0.03048899 0.09249378 0.06821369
v -0.03611066 0.09261181 0.06531812
v -0.03612905 0.09248187 0.06541602
v -0.03611066 0.09261181 0.06531812
v -0.04149479 0.09247936 0.06216787
v -0.04149479 0.09247936 0.06216787
v -0.03611066 0.09261181 0.06531812
v -0.04147488 0.09261181 0.06206639
v -0.04149479 0.09247936 0.06216787
v -0.04147488 0.09261181 0.06206639
v -0.04657663 0.09247935 0.05847658
v -0.04657663 0.09247935 0.05847658
v -0.04147488 0.09261181 0.06206639
v -0.04654836 0.09261181 0.05837706
v -0.04657663 0.09247935 0.05847658
v -0.04654836 0.09261181 0.05837706
v -0.05134581 0.09249408 0.05435680
v -0.05573196 0.09248188 0.04987889
v -0.05134581 0.09249408 0.05435680
v -0.05568243 0.09261180 0.04979250
v -0.05573196 0.09248188 0.04987889
v -0.05568243 0.09261180 0.04979250
v -0.05973107 0.09247935 0.04504681
v -0.05973107 0.09247935 0.04504681
v -0.05568243 0.09261180 0.04979250
v -0.05967895 0.09261180 0.04495744
v -0.05973107 0.09247935 0.04504681
v -0.05967895 0.09261180 0.04495744
v -0.06332441 0.09247959 0.03987675
v -0.06332441 0.09247959 0.03987675
v -0.05967895 0.09261180 0.04495744
v -0.06325691 0.09261178 0.03980490
v -0.06332441 0.09247959 0.03987675
v -0.06325691 0.09261178 0.03980490
v -0.06646936 0.09252385 0.03440849
v -0.06913490 0.09248188 0.02875922
v -0.06646936 0.09252385 0.03440849
v -0.06905966 0.09261180 0.02869400
v -0.06913490 0.09248188 0.02875922
v -0.06905966 0.09261180 0.02869400
v -0.07132242 0.09247934 0.02288079
v -0.07132242 0.09247934 0.02288079
v -0.06905966 0.09261180 0.02869400
v -0.07124382 0.09261180 0.02281356
v -0.07132242 0.09247934 0.02288079
v -0.07124382 0.09261180 0.02281356
v -0.07301563 0.09247960 0.01681656
v -0.07301563 0.09247960 0.01681656
v -0.07124382 0.09261180 0.02281356
v -0.07292824 0.09261180 0.01677093
v -0.07301563 0.09247960 0.01681656
v -0.07292824 0.09261180 0.01677093
v -0.07419020 0.09248188 0.01065310
v -0.07419020 0.09248188 0.01065310
v -0.07292824 0.09261180 0.01677093
v -0.07410113 0.09261180 0.01060858
v -0.07419020 0.09248188 0.01065310
v -0.07410113 0.09261180 0.01060858
v -0.07483704 0.09252345 0.00443770
v -0.07497901 0.09247959 -0.00187951
v -0.07483704 0.09252345 0.00443770
v -0.07488300 0.09261179 -0.00190195
v -0.07497901 0.09247959 -0.00187951
v -0.07488300 0.09261179 -0.00190195
v -0.07458127 0.09249404 -0.00815397
v -0.07366636 0.09248187 -0.01435497
v -0.07458127 0.09249404 -0.00815397
v -0.07356759 0.09261179 -0.01436768
v -0.07366636 0.09248187 -0.01435497
v -0.07356759 0.09261179 -0.01436768
v -0.07223493 0.09249378 -0.02045522
v -0.07028974 0.09247959 -0.02644980
v -0.07223493 0.09249378 -0.02045522
v -0.07019167 0.09261179 -0.02643951
v -0.07028974 0.09247959 -0.02644980
v -0.07019167 0.09261179 -0.02643951
v -0.06785077 0.09251210 -0.03223230
v -0.05778436 0.09248191 -0.04810580
v -0.06156602 0.09250884 -0.04311820
v -0.05769170 0.09261180 -0.04806936
v -0.05778436 0.09248191 -0.04810580
v -0.05769170 0.09261180 -0.04806936
v -0.05358835 0.09247937 -0.05276785
v -0.05358835 0.09247937 -0.05276785
v -0.05769170 0.09261180 -0.04806936
v -0.05349237 0.09261180 -0.05272931
v -0.05358835 0.09247937 -0.05276785
v -0.05349237 0.09261180 -0.05272931
v -0.04897209 0.09252384 -0.05708918
v -0.04407598 0.09247959 -0.06097887
v -0.04897209 0.09252384 -0.05708918
v -0.04400008 0.09261180 -0.06091598
v -0.04407598 0.09247959 -0.06097887
v -0.04400008 0.09261180 -0.06091598
v -0.03884012 0.09252745 -0.06444288
v -0.02760162 0.09247964 -0.07003385
v -0.03337017 0.09252346 -0.06745497
v -0.02754374 0.09261181 -0.06995406
v -0.02760162 0.09247964 -0.07003385
v -0.02754374 0.09261181 -0.06995406
v -0.02167582 0.09248189 -0.07209622
v -0.02167582 0.09248189 -0.07209622
v -0.02754374 0.09261181 -0.06995406
v -0.02161880 0.09261181 -0.07201458
v -0.02167582 0.09248189 -0.07209622
v -0.02161880 0.09261181 -0.07201458
v -0.01562161 0.09252346 -0.07364406
v -0.00939296 0.09247959 -0.07470735
v -0.01562161 0.09252346 -0.07364406
v -0.00935667 0.09261181 -0.07461567
v -0.00939296 0.09247959 -0.07470735
v -0.00935667 0.09261181 -0.07461567
v -0.00315028 0.09247131 -0.07523320
v -0.00315028 0.09247131 -0.07523320
v -0.00935667 0.09261181 -0.07461567
v -0.00310550 0.09261181 -0.07513799
v -0.00315028 0.09247131 -0.07523320
v -0.00310550 0.09261181 -0.07513799
v 0.00313641 0.09247111 -0.07523390
v 0.00313641 0.09247111 -0.07523390
v -0.00310550 0.09261181 -0.07513799
v 0.00316744 0.09261180 -0.07513539
v 0.00313641 0.09247111 -0.07523390
v 0.00316744 0.09261180 -0.07513539
v 0.00936696 0.09252347 -0.07470194
v 0.02759970 0.09247940 -0.07003462
v 0.02165312 0.09250851 -0.07209880
v 0.02760134 0.09261182 -0.06993122
v 0.02759970 0.09247940 -0.07003462
v 0.02760134 0.09261182 -0.06993122
v 0.03335154 0.09247963 -0.06747380
v 0.03335154 0.09247963 -0.06747380
v 0.02760134 0.09261182 -0.06993122
v 0.03333097 0.09261183 -0.06737738
v 0.03335154 0.09247963 -0.06747380
v 0.03333097 0.09261183 -0.06737738
v 0.03884734 0.09251213 -0.06444379
v 0.04407432 0.09247938 -0.06098008
v 0.03884734 0.09251213 -0.06444379
v 0.04405024 0.09261183 -0.06087949
v 0.04407432 0.09247938 -0.06098008
v 0.04405024 0.09261183 -0.06087949
v 0.04899714 0.09247938 -0.05707922
v 0.04899714 0.09247938 -0.05707922
v 0.04405024 0.09261183 -0.06087949
v 0.04896472 0.09261183 -0.05698101
v 0.04899714 0.09247938 -0.05707922
v 0.04896472 0.09261183 -0.05698101
v 0.05358684 0.09247963 -0.05276928
v 0.05358684 0.09247963 -0.05276928
v 0.04896472 0.09261183 -0.05698101
v 0.05353569 0.09261183 -0.05268501
v 0.05358684 0.09247963 -0.05276928
v 0.05353569 0.09261183 -0.05268501
v 0.05778442 0.09248195 -0.04810566
v 0.05778442 0.09248195 -0.04810566
v 0.05353569 0.09261183 -0.05268501
v 0.05773126 0.09261184 -0.04802147
v 0.05778442 0.09248195 -0.04810566
v 0.05773126 0.09261184 -0.04802147
v 0.06157763 0.09247941 -0.04311039
v 0.06157763 0.09247941 -0.04311039
v 0.05773126 0.09261184 -0.04802147
v 0.06152182 0.09261182 -0.04302331
v 0.06157763 0.09247941 -0.04311039
v 0.06152182 0.09261182 -0.04302331
v 0.06495131 0.09247961 -0.03779441
v 0.06495131 0.09247961 -0.03779441
v 0.06152182 0.09261182 -0.04302331
v 0.06488085 0.09261184 -0.03772545
v 0.06495131 0.09247961 -0.03779441
v 0.06488085 0.09261184 -0.03772545
v 0.06785722 0.09248192 -0.03223345
v 0.06785722 0.09248192 -0.03223345
v 0.06488085 0.09261184 -0.03772545
v 0.06778478 0.09261184 -0.03216514
v 0.06785722 0.09248192 -0.03223345
v 0.06778478 0.09261184 -0.03216514
v 0.07028899 0.09247940 -0.02645177
v 0.07028899 0.09247940 -0.02645177
v 0.06778478 0.09261184 -0.03216514
v 0.07021327 0.09261184 -0.02638128
v 0.07028899 0.09247940 -0.02645177
v 0.07021327 0.09261184 -0.02638128
v 0.07223467 0.09247961 -0.02046378
v 0.07223467 0.09247961 -0.02046378
v 0.07021327 0.09261184 -0.02638128
v 0.07214923 0.09261184 -0.02041458
v 0.07223467 0.09247961 -0.02046378
v 0.07214923 0.09261184 -0.02041458
v 0.07366840 0.09247963 -0.01434859
v 0.07366840 0.09247963 -0.01434859
v 0.07214923 0.09261184 -0.02041458
v 0.07357918 0.09261184 -0.01430663
v 0.07366840 0.09247963 -0.01434859
v 0.07357918 0.09261184 -0.01430663
v 0.07458113 0.09249689 -0.00814072
v 0.05973545 0.09248191 0.04503944
v 0.06333050 0.09252350 0.03985099
v 0.05964133 0.09261184 0.04500693
v 0.05973545 0.09248191 0.04503944
v 0.05964133 0.09261184 0.04500693
v 0.05574389 0.09250853 0.04985950
v 0.04657815 0.09247963 0.05847530
v 0.05135098 0.09250851 0.05434808
v 0.04649962 0.09261184 0.05841565
v 0.04657815 0.09247963 0.05847530
v 0.04649962 0.09261184 0.05841565
v 0.04150132 0.09248191 0.06216239
v 0.04150132 0.09248191 0.06216239
v 0.04649962 0.09261184 0.05841565
v 0.04142317 0.09261183 0.06210071
v 0.04150132 0.09248191 0.06216239
v 0.04142317 0.09261183 0.06210071
v 0.03613690 0.09247938 0.06541270
v 0.03613690 0.09247938 0.06541270
v 0.04142317 0.09261183 0.06210071
v 0.03605617 0.09261183 0.06534804
v 0.03613690 0.09247938 0.06541270
v 0.03605617 0.09261183 0.06534804
v 0.03049085 0.09249410 0.06821275
v 0.02465728 0.09247964 0.07052390
v 0.03049085 0.09249410 0.06821275
v 0.02460278 0.09261183 0.07044172
v 0.02465728 0.09247964 0.07052390
v 0.02460278 0.09261183 0.07044172
v 0.01864719 0.09251212 0.07233051
v 0.01251536 0.09247937 0.07364162
v 0.01864719 0.09251212 0.07233051
v 0.01246024 0.09261181 0.07355405
v 0.01251536 0.09247937 0.07364162
v 0.01246024 0.09261181 0.07355405
v 0.00626886 0.09247965 0.07443077
v 0.00626886 0.09247965 0.07443077
v 0.01246024 0.09261181 0.07355405
v 0.00623658 0.09261181 0.07433768
v 0.00626886 0.09247965 0.07443077
v 0.00623658 0.09261181 0.07433768
v -0.00000004 0.09248185 0.07469238
v -0.00000004 0.09248185 0.07469238
v 0.00623658 0.09261181 0.07433768
v -0.00003101 0.09261180 0.07459777
v -0.01865018 0.09249690 0.07233350
v -0.01252149 0.09261180 0.07354371
v -0.01865186 0.09261640 0.07222290
v -0.01865018 0.09249690 0.07233350
v -0.01865186 0.09261640 0.07222290
v -0.02466151 0.09261181 0.07042129
v -0.03048899 0.09249378 0.06821369
v -0.02466151 0.09261181 0.07042129
v -0.03048555 0.09261640 0.06809673
v -0.03048899 0.09249378 0.06821369
v -0.03048555 0.09261640 0.06809673
v -0.03611066 0.09261181 0.06531812
v -0.05134581 0.09249408 0.05435680
v -0.04654836 0.09261181 0.05837706
v -0.05128393 0.09261639 0.05426652
v -0.05134581 0.09249408 0.05435680
v -0.05128393 0.09261639 0.05426652
v -0.05568243 0.09261180 0.04979250
v -0.07458127 0.09249404 -0.00815397
v -0.07488300 0.09261179 -0.00190195
v -0.07447196 0.09261637 -0.00815924
v -0.07458127 0.09249404 -0.00815397
v -0.07447196 0.09261637 -0.00815924
v -0.07356759 0.09261179 -0.01436768
v -0.07223493 0.09249378 -0.02045522
v -0.07356759 0.09261179 -0.01436768
v -0.07211875 0.09261638 -0.02046883
v -0.07223493 0.09249378 -0.02045522
v -0.07211875 0.09261638 -0.02046883
v -0.07019167 0.09261179 -0.02643951
v 0.07458113 0.09249689 -0.00814072
v 0.07357918 0.09261184 -0.01430663
v 0.07447805 0.09261642 -0.00810068
v 0.07458113 0.09249689 -0.00814072
v 0.07447805 0.09261642 -0.00810068
v 0.07496981 0.09252350 -0.00190430
v 0.03049085 0.09249410 0.06821275
v 0.03605617 0.09261183 0.06534804
v 0.03043153 0.09261642 0.06812076
v 0.03049085 0.09249410 0.06821275
v 0.03043153 0.09261642 0.06812076
v 0.02460278 0.09261183 0.07044172
v -0.06785077 0.09251210 -0.03223230
v -0.07019167 0.09261179 -0.02643951
v -0.06773346 0.09262008 -0.03220527
v -0.06785077 0.09251210 -0.03223230
v -0.06773346 0.09262008 -0.03220527
v -0.06495504 0.09250847 -0.03777815
v -0.06495504 0.09250847 -0.03777815
v -0.06773346 0.09262008 -0.03220527
v -0.06482633 0.09262010 -0.03776116
v -0.06495504 0.09250847 -0.03777815
v -0.06482633 0.09262010 -0.03776116
v -0.06156602 0.09250884 -0.04311820
v -0.06156602 0.09250884 -0.04311820
v -0.06482633 0.09262010 -0.03776116
v -0.06146447 0.09262008 -0.04305436
v -0.06156602 0.09250884 -0.04311820
v -0.06146447 0.09262008 -0.04305436
v -0.05769170 0.09261180 -0.04806936
v 0.02165312 0.09250851 -0.07209880
v 0.01559400 0.09252747 -0.07364665
v 0.02166598 0.09262011 -0.07196962
v 0.02165312 0.09250851 -0.07209880
v 0.02166598 0.09262011 -0.07196962
v 0.02760134 0.09261182 -0.06993122
v 0.03884734 0.09251213 -0.06444379
v 0.03333097 0.09261183 -0.06737738
v 0.03880822 0.09262011 -0.06432995
v 0.03884734 0.09251213 -0.06444379
v 0.03880822 0.09262011 -0.06432995
v 0.04405024 0.09261183 -0.06087949
v 0.07418358 0.09251214 0.01065387
v 0.07483660 0.09252389 0.00444022
v 0.07406348 0.09262013 0.01066188
v 0.07418358 0.09251214 0.01065387
v 0.07406348 0.09262013 0.01066188
v 0.07301437 0.09250853 0.01679998
v 0.07301437 0.09250853 0.01679998
v 0.07406348 0.09262013 0.01066188
v 0.07288625 0.09262014 0.01682092
v 0.07301437 0.09250853 0.01679998
v 0.07288625 0.09262014 0.01682092
v 0.07131347 0.09250889 0.02289162
v 0.07131347 0.09250889 0.02289162
v 0.07288625 0.09262014 0.01682092
v 0.07119778 0.09262013 0.02285988
v 0.07131347 0.09250889 0.02289162
v 0.07119778 0.09262013 0.02285988
v 0.06912314 0.09252749 0.02875884
v 0.05574389 0.09250853 0.04985950
v 0.05964133 0.09261184 0.04500693
v 0.05562152 0.09262012 0.04981614
v 0.05574389 0.09250853 0.04985950
v 0.05562152 0.09262012 0.04981614
v 0.05135098 0.09250851 0.05434808
v 0.05135098 0.09250851 0.05434808
v 0.05562152 0.09262012 0.04981614
v 0.05123268 0.09262012 0.05429463
v 0.05135098 0.09250851 0.05434808
v 0.05123268 0.09262012 0.05429463
v 0.04649962 0.09261184 0.05841565
v 0.01864719 0.09251212 0.07233051
v 0.02460278 0.09261183 0.07044172
v 0.01859327 0.09262011 0.07222290
v 0.01864719 0.09251212 0.07233051
v 0.01859327 0.09262011 0.07222290
v 0.01246024 0.09261181 0.07355405
v -0.00624322 0.09252347 0.07442430
v -0.00003101 0.09261180 0.07459777
v -0.00628718 0.09262299 0.07428970
v -0.00624322 0.09252347 0.07442430
v -0.00628718 0.09262299 0.07428970
v -0.01252149 0.09261180 0.07354371
v -0.06646936 0.09252385 0.03440849
v -0.06325691 0.09261178 0.03980490
v -0.06634899 0.09262297 0.03435766
v -0.06646936 0.09252385 0.03440849
v -0.06634899 0.09262297 0.03435766
v -0.06905966 0.09261180 0.02869400
v -0.07483704 0.09252345 0.00443770
v -0.07410113 0.09261180 0.01060858
v -0.07471031 0.09262296 0.00437453
v -0.07483704 0.09252345 0.00443770
v -0.07471031 0.09262296 0.00437453
v -0.07488300 0.09261179 -0.00190195
v -0.04897209 0.09252384 -0.05708918
v -0.05349237 0.09261180 -0.05272931
v -0.04889509 0.09262297 -0.05698363
v -0.04897209 0.09252384 -0.05708918
v -0.04889509 0.09262297 -0.05698363
v -0.04400008 0.09261180 -0.06091598
v -0.03884012 0.09252745 -0.06444288
v -0.04400008 0.09261180 -0.06091598
v -0.03875765 0.09262297 -0.06434407
v -0.03884012 0.09252745 -0.06444288
v -0.03875765 0.09262297 -0.06434407
v -0.03337017 0.09252346 -0.06745497
v -0.03326289 0.09262297 -0.06736260
v -0.03337017 0.09252346 -0.06745497
v -0.03326289 0.09262297 -0.06736260
v -0.02754374 0.09261181 -0.06995406
v -0.01562161 0.09252346 -0.07364406
v -0.02161880 0.09261181 -0.07201458
v -0.01554065 0.09262298 -0.07352791
v -0.01562161 0.09252346 -0.07364406
v -0.01554065 0.09262298 -0.07352791
v -0.00935667 0.09261181 -0.07461567
v 0.00936696 0.09252347 -0.07470194
v 0.00316744 0.09261180 -0.07513539
v 0.00940518 0.09262299 -0.07456565
v 0.00936696 0.09252347 -0.07470194
v 0.00940518 0.09262299 -0.07456565
v 0.01559400 0.09252747 -0.07364665
v 0.01559400 0.09252747 -0.07364665
v 0.00940518 0.09262299 -0.07456565
v 0.01558648 0.09262299 -0.07351816
v 0.01559400 0.09252747 -0.07364665
v 0.01558648 0.09262299 -0.07351816
v 0.02166598 0.09262011 -0.07196962
v 0.07496981 0.09252350 -0.00190430
v 0.07447805 0.09261642 -0.00810068
v 0.07484056 0.09262301 -0.00184663
v 0.07496981 0.09252350 -0.00190430
v 0.07484056 0.09262301 -0.00184663
v 0.07483660 0.09252389 0.00444022
v 0.07470730 0.09262301 0.00442133
v 0.07483660 0.09252389 0.00444022
v 0.07470730 0.09262301 0.00442133
v 0.07406348 0.09262013 0.01066188
v 0.06912314 0.09252749 0.02875884
v 0.07119778 0.09262013 0.02285988
v 0.06899836 0.09262301 0.02872736
v 0.06912314 0.09252749 0.02875884
v 0.06899836 0.09262301 0.02872736
v 0.06646831 0.09252350 0.03441084
v 0.06646831 0.09252350 0.03441084
v 0.06899836 0.09262301 0.02872736
v 0.06632719 0.09262301 0.03439924
v 0.06646831 0.09252350 0.03441084
v 0.06632719 0.09262301 0.03439924
v 0.06333050 0.09252350 0.03985099
v 0.06333050 0.09252350 0.03985099
v 0.06632719 0.09262301 0.03439924
v 0.06319091 0.09262301 0.03982753
v 0.06333050 0.09252350 0.03985099
v 0.06319091 0.09262301 0.03982753
v 0.05964133 0.09261184 0.04500693
v -0.00314664 0.08130143 -0.07522630
v -0.00315028 0.09247131 -0.07523320
v -0.00000003 0.09242919 -0.07530135
v -0.00314664 0.08130143 -0.07522630
v -0.00000003 0.09242919 -0.07530135
v 0.00312880 0.08122518 -0.07520166
v 0.00312880 0.08122518 -0.07520166
v -0.00000003 0.09242919 -0.07530135
v 0.00313641 0.09247111 -0.07523390
v 0.00312880 0.08122518 -0.07520166
v 0.00313641 0.09247111 -0.07523390
v 0.00929119 0.08122911 -0.07469480
v 0.00929119 0.08122911 -0.07469480
v 0.00313641 0.09247111 -0.07523390
v 0.00936696 0.09252347 -0.07470194
v 0.00929119 0.08122911 -0.07469480
v 0.00936696 0.09252347 -0.07470194
v 0.01565673 0.08122961 -0.07362034
v 0.01559400 0.09252747 -0.07364665
v 0.01565673 0.08122961 -0.07362034
v 0.01559400 0.09252747 -0.07364665
v 0.02165312 0.09250851 -0.07209880
v 0.02164375 0.08122519 -0.07207451
v 0.02164375 0.08122519 -0.07207451
v 0.02165312 0.09250851 -0.07209880
v 0.02750000 0.08122911 -0.07004698
v 0.02759970 0.09247940 -0.07003462
v 0.02750000 0.08122911 -0.07004698
v 0.02759970 0.09247940 -0.07003462
v 0.03336070 0.08129672 -0.06746541
v 0.03336070 0.08129672 -0.06746541
v 0.02759970 0.09247940 -0.07003462
v 0.03335154 0.09247963 -0.06747380
v 0.03336070 0.08129672 -0.06746541
v 0.03335154 0.09247963 -0.06747380
v 0.03881278 0.08122520 -0.06443708
v 0.03881278 0.08122520 -0.06443708
v 0.03335154 0.09247963 -0.06747380
v 0.03884734 0.09251213 -0.06444379
v 0.03881278 0.08122520 -0.06443708
v 0.03884734 0.09251213 -0.06444379
v 0.04398080 0.08122912 -0.06101686
v 0.04407432 0.09247938 -0.06098008
v 0.04398080 0.08122912 -0.06101686
v 0.04407432 0.09247938 -0.06098008
v 0.04890703 0.08122912 -0.05712370
v 0.04899714 0.09247938 -0.05707922
v 0.04890703 0.08122912 -0.05712370
v 0.04899714 0.09247938 -0.05707922
v 0.05354310 0.08122521 -0.05276978
v 0.05358684 0.09247963 -0.05276928
v 0.05354310 0.08122521 -0.05276978
v 0.05358684 0.09247963 -0.05276928
v 0.05769815 0.08122911 -0.04817181
v 0.05778442 0.09248195 -0.04810566
v 0.05769815 0.08122911 -0.04817181
v 0.05778442 0.09248195 -0.04810566
v 0.06150143 0.08122911 -0.04317584
v 0.06150143 0.08122911 -0.04317584
v 0.05778442 0.09248195 -0.04810566
v 0.06157763 0.09247941 -0.04311039
v 0.06150143 0.08122911 -0.04317584
v 0.06157763 0.09247941 -0.04311039
v 0.06495434 0.08129672 -0.03778229
v 0.06495131 0.09247961 -0.03779441
v 0.06495434 0.08129672 -0.03778229
v 0.06495131 0.09247961 -0.03779441
v 0.06781963 0.08122521 -0.03224284
v 0.06785722 0.09248192 -0.03223345
v 0.06781963 0.08122521 -0.03224284
v 0.06785722 0.09248192 -0.03223345
v 0.07023147 0.08122913 -0.02653410
v 0.07028899 0.09247940 -0.02645177
v 0.07023147 0.08122913 -0.02653410
v 0.07028899 0.09247940 -0.02645177
v 0.07223458 0.08129673 -0.02045129
v 0.07223467 0.09247961 -0.02046378
v 0.07223458 0.08129673 -0.02045129
v 0.07223467 0.09247961 -0.02046378
v 0.07366727 0.08129673 -0.01433622
v 0.07366840 0.09247963 -0.01434859
v 0.07366727 0.08129673 -0.01433622
v 0.07366840 0.09247963 -0.01434859
v 0.07455141 0.08122521 -0.00816256
v 0.07455141 0.08122521 -0.00816256
v 0.07366840 0.09247963 -0.01434859
v 0.07458113 0.09249689 -0.00814072
v 0.07455141 0.08122521 -0.00816256
v 0.07458113 0.09249689 -0.00814072
v 0.07495169 0.08122913 -0.00197825
v 0.07496981 0.09252350 -0.00190430
v 0.07495169 0.08122913 -0.00197825
v 0.07496981 0.09252350 -0.00190430
v 0.07484294 0.08129673 0.00442500
v 0.07483660 0.09252389 0.00444022
v 0.07484294 0.08129673 0.00442500
v 0.07483660 0.09252389 0.00444022
v 0.07416401 0.08122522 0.01062463
v 0.07416401 0.08122522 0.01062463
v 0.07483660 0.09252389 0.00444022
v 0.07418358 0.09251214 0.01065387
v 0.07416401 0.08122522 0.01062463
v 0.07418358 0.09251214 0.01065387
v 0.07301373 0.08122913 0.01671419
v 0.07301437 0.09250853 0.01679998
v 0.07301373 0.08122913 0.01671419
v 0.07301437 0.09250853 0.01679998
v 0.07131599 0.08129673 0.02288915
v 0.07131347 0.09250889 0.02289162
v 0.07131599 0.08129673 0.02288915
v 0.07131347 0.09250889 0.02289162
v 0.06911660 0.08122522 0.02872516
v 0.06912314 0.09252749 0.02875884
v 0.06911660 0.08122522 0.02872516
v 0.06912314 0.09252749 0.02875884
v 0.06648806 0.08122913 0.03433732
v 0.06648806 0.08122913 0.03433732
v 0.06912314 0.09252749 0.02875884
v 0.06646831 0.09252350 0.03441084
v 0.06648806 0.08122913 0.03433732
v 0.06646831 0.09252350 0.03441084
v 0.06335627 0.08122913 0.03977945
v 0.06333050 0.09252350 0.03985099
v 0.06335627 0.08122913 0.03977945
v 0.06333050 0.09252350 0.03985099
v 0.05967380 0.08122963 0.04508160
v 0.05973545 0.09248191 0.04503944
v 0.05967380 0.08122963 0.04508160
v 0.05973545 0.09248191 0.04503944
v 0.05574389 0.09250853 0.04985950
v 0.05572590 0.08122521 0.04984068
v 0.05572590 0.08122521 0.04984068
v 0.05574389 0.09250853 0.04985950
v 0.05139788 0.08122911 0.05427627
v 0.05139788 0.08122911 0.05427627
v 0.05574389 0.09250853 0.04985950
v 0.05135098 0.09250851 0.05434808
v 0.05139788 0.08122911 0.05427627
v 0.05135098 0.09250851 0.05434808
v 0.04651250 0.08122962 0.05849607
v 0.04657815 0.09247963 0.05847530
v 0.04651250 0.08122962 0.05849607
v 0.04657815 0.09247963 0.05847530
v 0.04142923 0.08122962 0.06218194
v 0.04150132 0.09248191 0.06216239
v 0.04142923 0.08122962 0.06218194
v 0.04150132 0.09248191 0.06216239
v 0.03613690 0.09247938 0.06541270
v 0.03613589 0.08122520 0.06537794
v 0.03613589 0.08122520 0.06537794
v 0.03613690 0.09247938 0.06541270
v 0.03049335 0.08131280 0.06821316
v 0.03049335 0.08131280 0.06821316
v 0.03613690 0.09247938 0.06541270
v 0.03049085 0.09249410 0.06821275
v 0.03049335 0.08131280 0.06821316
v 0.03049085 0.09249410 0.06821275
v 0.02464487 0.08129672 0.07052457
v 0.02465728 0.09247964 0.07052390
v 0.02464487 0.08129672 0.07052457
v 0.02465728 0.09247964 0.07052390
v 0.01866657 0.08122520 0.07230110
v 0.01866657 0.08122520 0.07230110
v 0.02465728 0.09247964 0.07052390
v 0.01864719 0.09251212 0.07233051
v 0.01866657 0.08122520 0.07230110
v 0.01864719 0.09251212 0.07233051
v 0.01260704 0.08122912 0.07360054
v 0.01251536 0.09247937 0.07364162
v 0.01260704 0.08122912 0.07360054
v 0.01251536 0.09247937 0.07364162
v 0.00625665 0.08129672 0.07442835
v 0.00626886 0.09247965 0.07443077
v 0.00625665 0.08129672 0.07442835
v 0.00626886 0.09247965 0.07443077
v 0.00002442 0.08122519 0.07466233
v -0.00000004 0.09248185 0.07469238
v 0.00002442 0.08122519 0.07466233
v -0.00000004 0.09248185 0.07469238
v -0.00616786 0.08122912 0.07441400
v -0.00624322 0.09252347 0.07442430
v -0.00616786 0.08122912 0.07441400
v -0.00624322 0.09252347 0.07442430
v -0.01252463 0.08129670 0.07363652
v -0.01251339 0.09247959 0.07364193
v -0.01252463 0.08129670 0.07363652
v -0.01251339 0.09247959 0.07364193
v -0.01871329 0.08122959 0.07229573
v -0.01865018 0.09249690 0.07233350
v -0.01871329 0.08122959 0.07229573
v -0.01865018 0.09249690 0.07233350
v -0.02465546 0.09247938 0.07052459
v -0.02463035 0.08122520 0.07050058
v -0.02463035 0.08122520 0.07050058
v -0.02465546 0.09247938 0.07052459
v -0.03039653 0.08122910 0.06822959
v -0.03048899 0.09249378 0.06821369
v -0.03039653 0.08122910 0.06822959
v -0.03048899 0.09249378 0.06821369
v -0.03617977 0.08122959 0.06536115
v -0.03612905 0.09248187 0.06541602
v -0.03617977 0.08122959 0.06536115
v -0.03612905 0.09248187 0.06541602
v -0.04149479 0.09247936 0.06216787
v -0.03617977 0.08122959 0.06536115
v -0.04149479 0.09247936 0.06216787
v -0.04146445 0.08122518 0.06215087
v -0.04146445 0.08122518 0.06215087
v -0.04149479 0.09247936 0.06216787
v -0.04648476 0.08122910 0.05851721
v -0.04657663 0.09247935 0.05847658
v -0.04648476 0.08122910 0.05851721
v -0.04657663 0.09247935 0.05847658
v -0.05137293 0.08122958 0.05430070
v -0.05134581 0.09249408 0.05435680
v -0.05137293 0.08122958 0.05430070
v -0.05134581 0.09249408 0.05435680
v -0.05569327 0.08122517 0.04987698
v -0.05569327 0.08122517 0.04987698
v -0.05134581 0.09249408 0.05435680
v -0.05573196 0.09248188 0.04987889
v -0.05569327 0.08122517 0.04987698
v -0.05573196 0.09248188 0.04987889
v -0.05965218 0.08122908 0.04510901
v -0.05973107 0.09247935 0.04504681
v -0.05965218 0.08122908 0.04510901
v -0.05973107 0.09247935 0.04504681
v -0.06333820 0.08122959 0.03980930
v -0.06332441 0.09247959 0.03987675
v -0.06333820 0.08122959 0.03980930
v -0.06332441 0.09247959 0.03987675
v -0.06646691 0.08129671 0.03442479
v -0.06646691 0.08129671 0.03442479
v -0.06332441 0.09247959 0.03987675
v -0.06646936 0.09252385 0.03440849
v -0.06646691 0.08129671 0.03442479
v -0.06646936 0.09252385 0.03440849
v -0.06909772 0.08122517 0.02877018
v -0.06909772 0.08122517 0.02877018
v -0.06646936 0.09252385 0.03440849
v -0.06913490 0.09248188 0.02875922
v -0.06909772 0.08122517 0.02877018
v -0.06913490 0.09248188 0.02875922
v -0.07131647 0.08129634 0.02288750
v -0.07132242 0.09247934 0.02288079
v -0.07131647 0.08129634 0.02288750
v -0.07132242 0.09247934 0.02288079
v -0.07300649 0.08122958 0.01674831
v -0.07301563 0.09247960 0.01681656
v -0.07300649 0.08122958 0.01674831
v -0.07301563 0.09247960 0.01681656
v -0.07418562 0.08129330 0.01065355
v -0.07419020 0.09248188 0.01065310
v -0.07418562 0.08129330 0.01065355
v -0.07419020 0.09248188 0.01065310
v -0.07484299 0.08129633 0.00442334
v -0.07483704 0.09252345 0.00443770
v -0.07484299 0.08129633 0.00442334
v -0.07483704 0.09252345 0.00443770
v -0.07497153 0.08128028 -0.00190103
v -0.07497901 0.09247959 -0.00187951
v -0.07497153 0.08128028 -0.00190103
v -0.07497901 0.09247959 -0.00187951
v -0.07458287 0.08131276 -0.00815203
v -0.07458127 0.09249404 -0.00815397
v -0.07458287 0.08131276 -0.00815203
v -0.07458127 0.09249404 -0.00815397
v -0.07364144 0.08122517 -0.01432534
v -0.07366636 0.09248187 -0.01435497
v -0.07364144 0.08122517 -0.01432534
v -0.07366636 0.09248187 -0.01435497
v -0.07223717 0.08122908 -0.02036140
v -0.07223493 0.09249378 -0.02045522
v -0.07223717 0.08122908 -0.02036140
v -0.07223493 0.09249378 -0.02045522
v -0.07028232 0.08129668 -0.02645984
v -0.07028974 0.09247959 -0.02644980
v -0.07028232 0.08129668 -0.02645984
v -0.07028974 0.09247959 -0.02644980
v -0.06784048 0.08122516 -0.03219862
v -0.06785077 0.09251210 -0.03223230
v -0.06784048 0.08122516 -0.03219862
v -0.06785077 0.09251210 -0.03223230
v -0.06497922 0.08122909 -0.03769581
v -0.06495504 0.09250847 -0.03777815
v -0.06497922 0.08122909 -0.03769581
v -0.06495504 0.09250847 -0.03777815
v -0.06152198 0.08122958 -0.04314757
v -0.06156602 0.09250884 -0.04311820
v -0.06152198 0.08122958 -0.04314757
v -0.06156602 0.09250884 -0.04311820
v -0.05777687 0.08122517 -0.04806776
v -0.05777687 0.08122517 -0.04806776
v -0.06156602 0.09250884 -0.04311820
v -0.05778436 0.09248191 -0.04810580
v -0.05777687 0.08122517 -0.04806776
v -0.05778436 0.09248191 -0.04810580
v -0.05363838 0.08122909 -0.05268071
v -0.05358835 0.09247937 -0.05276785
v -0.05363838 0.08122909 -0.05268071
v -0.05358835 0.09247937 -0.05276785
v -0.04898740 0.08129671 -0.05708308
v -0.04898740 0.08129671 -0.05708308
v -0.05358835 0.09247937 -0.05276785
v -0.04897209 0.09252384 -0.05708918
v -0.04898740 0.08129671 -0.05708308
v -0.04897209 0.09252384 -0.05708918
v -0.04406427 0.08129669 -0.06098312
v -0.04407598 0.09247959 -0.06097887
v -0.04406427 0.08129669 -0.06098312
v -0.04407598 0.09247959 -0.06097887
v -0.03885462 0.08122517 -0.06441176
v -0.03885462 0.08122517 -0.06441176
v -0.04407598 0.09247959 -0.06097887
v -0.03884012 0.09252745 -0.06444288
v -0.03885462 0.08122517 -0.06441176
v -0.03884012 0.09252745 -0.06444288
v -0.03335921 0.08129635 -0.06746605
v -0.03335921 0.08129635 -0.06746605
v -0.03884012 0.09252745 -0.06444288
v -0.03337017 0.09252346 -0.06745497
v -0.03335921 0.08129635 -0.06746605
v -0.03337017 0.09252346 -0.06745497
v -0.02758922 0.08129669 -0.07003507
v -0.02760162 0.09247964 -0.07003385
v -0.02758922 0.08129669 -0.07003507
v -0.02760162 0.09247964 -0.07003385
v -0.02169058 0.08122518 -0.07206038
v -0.02169058 0.08122518 -0.07206038
v -0.02760162 0.09247964 -0.07003385
v -0.02167582 0.09248189 -0.07209622
v -0.02169058 0.08122518 -0.07206038
v -0.02167582 0.09248189 -0.07209622
v -0.01569081 0.08122908 -0.07361240
v -0.01562161 0.09252346 -0.07364406
v -0.01569081 0.08122908 -0.07361240
v -0.01562161 0.09252346 -0.07364406
v -0.00938064 0.08129672 -0.07470542
v -0.00939296 0.09247959 -0.07470735
v -0.00938064 0.08129672 -0.07470542
v -0.00939296 0.09247959 -0.07470735
v -0.00314664 0.08130143 -0.07522630
v -0.00315028 0.09247131 -0.07523320
v 0.03049335 0.08131280 0.06821316
v 0.02464487 0.08129672 0.07052457
v 0.03049286 0.08118420 0.06810348
v 0.03049335 0.08131280 0.06821316
v 0.03049286 0.08118420 0.06810348
v 0.03613589 0.08122520 0.06537794
v -0.00314664 0.08130143 -0.07522630
v 0.00312880 0.08122518 -0.07520166
v -0.00316270 0.08119010 -0.07513736
v -0.00314664 0.08130143 -0.07522630
v -0.00316270 0.08119010 -0.07513736
v -0.00938064 0.08129672 -0.07470542
v -0.07458287 0.08131276 -0.00815203
v -0.07364144 0.08122517 -0.01432534
v -0.07449426 0.08119008 -0.00810570
v -0.07458287 0.08131276 -0.00815203
v -0.07449426 0.08119008 -0.00810570
v -0.07497153 0.08128028 -0.00190103
v 0.00625665 0.08129672 0.07442835
v 0.00002442 0.08122519 0.07466233
v 0.00628959 0.08118382 0.07431796
v 0.00625665 0.08129672 0.07442835
v 0.00628959 0.08118382 0.07431796
v 0.01260704 0.08122912 0.07360054
v 0.02464487 0.08129672 0.07052457
v 0.01866657 0.08122520 0.07230110
v 0.02464940 0.08118385 0.07040944
v 0.02464487 0.08129672 0.07052457
v 0.02464940 0.08118385 0.07040944
v 0.03049286 0.08118420 0.06810348
v 0.07131599 0.08129673 0.02288915
v 0.06911660 0.08122522 0.02872516
v 0.07122703 0.08118386 0.02281599
v 0.07131599 0.08129673 0.02288915
v 0.07122703 0.08118386 0.02281599
v 0.07301373 0.08122913 0.01671419
v 0.07484294 0.08129673 0.00442500
v 0.07416401 0.08122522 0.01062463
v 0.07473860 0.08118386 0.00437626
v 0.07484294 0.08129673 0.00442500
v 0.07473860 0.08118386 0.00437626
v 0.07495169 0.08122913 -0.00197825
v 0.07366727 0.08129673 -0.01433622
v 0.07455141 0.08122521 -0.00816256
v 0.07355405 0.08118386 -0.01435749
v 0.07366727 0.08129673 -0.01433622
v 0.07355405 0.08118386 -0.01435749
v 0.07223458 0.08129673 -0.02045129
v 0.07223458 0.08129673 -0.02045129
v 0.07355405 0.08118386 -0.01435749
v 0.07212001 0.08118386 -0.02046299
v 0.07223458 0.08129673 -0.02045129
v 0.07212001 0.08118386 -0.02046299
v 0.07023147 0.08122913 -0.02653410
v 0.06495434 0.08129672 -0.03778229
v 0.06781963 0.08122521 -0.03224284
v 0.06484047 0.08118386 -0.03776510
v 0.06495434 0.08129672 -0.03778229
v 0.06484047 0.08118386 -0.03776510
v 0.06150143 0.08122911 -0.04317584
v 0.03336070 0.08129672 -0.06746541
v 0.03881278 0.08122520 -0.06443708
v 0.03327539 0.08118384 -0.06738806
v 0.03336070 0.08129672 -0.06746541
v 0.03327539 0.08118384 -0.06738806
v 0.02750000 0.08122911 -0.07004698
v -0.00938064 0.08129672 -0.07470542
v -0.00316270 0.08119010 -0.07513736
v -0.00940891 0.08118383 -0.07459379
v -0.00938064 0.08129672 -0.07470542
v -0.00940891 0.08118383 -0.07459379
v -0.01569081 0.08122908 -0.07361240
v -0.02758922 0.08129669 -0.07003507
v -0.02169058 0.08122518 -0.07206038
v -0.02759319 0.08117957 -0.06991088
v -0.02758922 0.08129669 -0.07003507
v -0.02759319 0.08117957 -0.06991088
v -0.03335921 0.08129635 -0.06746605
v -0.03335921 0.08129635 -0.06746605
v -0.02759319 0.08117957 -0.06991088
v -0.03332108 0.08117957 -0.06735784
v -0.03335921 0.08129635 -0.06746605
v -0.03332108 0.08117957 -0.06735784
v -0.03885462 0.08122517 -0.06441176
v -0.04406427 0.08129669 -0.06098312
v -0.03885462 0.08122517 -0.06441176
v -0.04403531 0.08118382 -0.06087165
v -0.04406427 0.08129669 -0.06098312
v -0.04403531 0.08118382 -0.06087165
v -0.04898740 0.08129671 -0.05708308
v -0.04898740 0.08129671 -0.05708308
v -0.04403531 0.08118382 -0.06087165
v -0.04894919 0.08118382 -0.05697445
v -0.04898740 0.08129671 -0.05708308
v -0.04894919 0.08118382 -0.05697445
v -0.05363838 0.08122909 -0.05268071
v -0.07028232 0.08129668 -0.02645984
v -0.06784048 0.08122516 -0.03219862
v -0.07019649 0.08118381 -0.02638308
v -0.07028232 0.08129668 -0.02645984
v -0.07019649 0.08118381 -0.02638308
v -0.07223717 0.08122908 -0.02036140
v -0.07484299 0.08129633 0.00442334
v -0.07497153 0.08128028 -0.00190103
v -0.07472846 0.08117955 0.00443001
v -0.07484299 0.08129633 0.00442334
v -0.07472846 0.08117955 0.00443001
v -0.07418562 0.08129330 0.01065355
v -0.07418562 0.08129330 0.01065355
v -0.07472846 0.08117955 0.00443001
v -0.07407038 0.08117956 0.01066659
v -0.07418562 0.08129330 0.01065355
v -0.07407038 0.08117956 0.01066659
v -0.07300649 0.08122958 0.01674831
v -0.07131647 0.08129634 0.02288750
v -0.07300649 0.08122958 0.01674831
v -0.07120382 0.08117956 0.02286561
v -0.07131647 0.08129634 0.02288750
v -0.07120382 0.08117956 0.02286561
v -0.06909772 0.08122517 0.02877018
v -0.06646691 0.08129671 0.03442479
v -0.06909772 0.08122517 0.02877018
v -0.06635242 0.08118382 0.03441239
v -0.06646691 0.08129671 0.03442479
v -0.06635242 0.08118382 0.03441239
v -0.06333820 0.08122959 0.03980930
v -0.01252463 0.08129670 0.07363652
v -0.01871329 0.08122959 0.07229573
v -0.01246537 0.08118383 0.07353778
v -0.01252463 0.08129670 0.07363652
v -0.01246537 0.08118383 0.07353778
v -0.00616786 0.08122912 0.07441400
v -0.07497153 0.08128028 -0.00190103
v -0.07449426 0.08119008 -0.00810570
v -0.07484455 0.08117736 -0.00187219
v -0.07497153 0.08128028 -0.00190103
v -0.07484455 0.08117736 -0.00187219
v -0.07472846 0.08117955 0.00443001
v -0.00630019 0.08115205 0.07411183
v -0.00616786 0.08122912 0.07441400
v -0.01250502 0.08115204 0.07332367
v -0.01250502 0.08115204 0.07332367
v -0.00616786 0.08122912 0.07441400
v -0.01246537 0.08118383 0.07353778
v -0.01250502 0.08115204 0.07332367
v -0.01246537 0.08118383 0.07353778
v -0.01862128 0.08115738 0.07204369
v -0.01862128 0.08115738 0.07204369
v -0.01246537 0.08118383 0.07353778
v -0.01871329 0.08122959 0.07229573
v -0.01862128 0.08115738 0.07204369
v -0.01871329 0.08122959 0.07229573
v -0.02460973 0.08115738 0.07023177
v -0.02460973 0.08115738 0.07023177
v -0.01871329 0.08122959 0.07229573
v -0.02463035 0.08122520 0.07050058
v -0.02460973 0.08115738 0.07023177
v -0.02463035 0.08122520 0.07050058
v -0.03042560 0.08115737 0.06792509
v -0.03039653 0.08122910 0.06822959
v -0.03042560 0.08115737 0.06792509
v -0.03039653 0.08122910 0.06822959
v -0.03599519 0.08112606 0.06504632
v -0.03599519 0.08112606 0.06504632
v -0.03039653 0.08122910 0.06822959
v -0.03617977 0.08122959 0.06536115
v -0.03599519 0.08112606 0.06504632
v -0.03617977 0.08122959 0.06536115
v -0.04137769 0.08115737 0.06189564
v -0.04137769 0.08115737 0.06189564
v -0.03617977 0.08122959 0.06536115
v -0.04146445 0.08122518 0.06215087
v -0.04137769 0.08115737 0.06189564
v -0.04146445 0.08122518 0.06215087
v -0.04641591 0.08114514 0.05817065
v -0.04641591 0.08114514 0.05817065
v -0.04146445 0.08122518 0.06215087
v -0.04648476 0.08122910 0.05851721
v -0.04641591 0.08114514 0.05817065
v -0.04648476 0.08122910 0.05851721
v -0.05115964 0.08115203 0.05410221
v -0.05115964 0.08115203 0.05410221
v -0.04648476 0.08122910 0.05851721
v -0.05137293 0.08122958 0.05430070
v -0.05115964 0.08115203 0.05410221
v -0.05137293 0.08122958 0.05430070
v -0.05554571 0.08115737 0.04965139
v -0.05554571 0.08115737 0.04965139
v -0.05137293 0.08122958 0.05430070
v -0.05569327 0.08122517 0.04987698
v -0.05554571 0.08115737 0.04965139
v -0.05569327 0.08122517 0.04987698
v -0.05953095 0.08115737 0.04482820
v -0.05965218 0.08122908 0.04510901
v -0.05953095 0.08115737 0.04482820
v -0.05965218 0.08122908 0.04510901
v -0.06308224 0.08115203 0.03967012
v -0.06308224 0.08115203 0.03967012
v -0.05965218 0.08122908 0.04510901
v -0.06333820 0.08122959 0.03980930
v -0.06308224 0.08115203 0.03967012
v -0.06333820 0.08122959 0.03980930
v -0.06622364 0.08115737 0.03426832
v -0.06622364 0.08115737 0.03426832
v -0.06333820 0.08122959 0.03980930
v -0.06635242 0.08118382 0.03441239
v -0.06622364 0.08115737 0.03426832
v -0.06635242 0.08118382 0.03441239
v -0.06882245 0.08113651 0.02856458
v -0.06882245 0.08113651 0.02856458
v -0.06635242 0.08118382 0.03441239
v -0.06909772 0.08122517 0.02877018
v -0.06882245 0.08113651 0.02856458
v -0.06909772 0.08122517 0.02877018
v -0.07120382 0.08117956 0.02286561
v -0.07267278 0.08113650 0.01668283
v -0.07120382 0.08117956 0.02286561
v -0.07300649 0.08122958 0.01674831
v -0.07267278 0.08113650 0.01668283
v -0.07300649 0.08122958 0.01674831
v -0.07407038 0.08117956 0.01066659
v -0.07429018 0.08115736 -0.00815532
v -0.07484455 0.08117736 -0.00187219
v -0.07449426 0.08119008 -0.00810570
v -0.07429018 0.08115736 -0.00815532
v -0.07449426 0.08119008 -0.00810570
v -0.07334800 0.08115202 -0.01434637
v -0.07334800 0.08115202 -0.01434637
v -0.07449426 0.08119008 -0.00810570
v -0.07364144 0.08122517 -0.01432534
v -0.07334800 0.08115202 -0.01434637
v -0.07364144 0.08122517 -0.01432534
v -0.07184160 0.08112604 -0.02042409
v -0.07184160 0.08112604 -0.02042409
v -0.07364144 0.08122517 -0.01432534
v -0.07223717 0.08122908 -0.02036140
v -0.07184160 0.08112604 -0.02042409
v -0.07223717 0.08122908 -0.02036140
v -0.07000323 0.08115735 -0.02638382
v -0.07000323 0.08115735 -0.02638382
v -0.07223717 0.08122908 -0.02036140
v -0.07019649 0.08118381 -0.02638308
v -0.07000323 0.08115735 -0.02638382
v -0.07019649 0.08118381 -0.02638308
v -0.06750347 0.08113650 -0.03213168
v -0.06750347 0.08113650 -0.03213168
v -0.07019649 0.08118381 -0.02638308
v -0.06784048 0.08122516 -0.03219862
v -0.06750347 0.08113650 -0.03213168
v -0.06784048 0.08122516 -0.03219862
v -0.06458049 0.08112604 -0.03765818
v -0.06458049 0.08112604 -0.03765818
v -0.06784048 0.08122516 -0.03219862
v -0.06497922 0.08122909 -0.03769581
v -0.06458049 0.08112604 -0.03765818
v -0.06497922 0.08122909 -0.03769581
v -0.06122813 0.08112605 -0.04293114
v -0.06152198 0.08122958 -0.04314757
v -0.06122813 0.08112605 -0.04293114
v -0.06152198 0.08122958 -0.04314757
v -0.05744630 0.08112605 -0.04790507
v -0.05744630 0.08112605 -0.04790507
v -0.06152198 0.08122958 -0.04314757
v -0.05777687 0.08122517 -0.04806776
v -0.05744630 0.08112605 -0.04790507
v -0.05777687 0.08122517 -0.04806776
v -0.05328107 0.08113651 -0.05256085
v -0.05328107 0.08113651 -0.05256085
v -0.05777687 0.08122517 -0.04806776
v -0.05363838 0.08122909 -0.05268071
v -0.05328107 0.08113651 -0.05256085
v -0.05363838 0.08122909 -0.05268071
v -0.04870321 0.08112605 -0.05681865
v -0.04870321 0.08112605 -0.05681865
v -0.05363838 0.08122909 -0.05268071
v -0.04894919 0.08118382 -0.05697445
v -0.04870321 0.08112605 -0.05681865
v -0.04894919 0.08118382 -0.05697445
v -0.04380319 0.08112605 -0.06069586
v -0.04380319 0.08112605 -0.06069586
v -0.04894919 0.08118382 -0.05697445
v -0.04403531 0.08118382 -0.06087165
v -0.04380319 0.08112605 -0.06069586
v -0.04403531 0.08118382 -0.06087165
v -0.03866065 0.08115737 -0.06422454
v -0.03866065 0.08115737 -0.06422454
v -0.04403531 0.08118382 -0.06087165
v -0.03885462 0.08122517 -0.06441176
v -0.03866065 0.08115737 -0.06422454
v -0.03885462 0.08122517 -0.06441176
v -0.03332108 0.08117957 -0.06735784
v -0.02152487 0.08114512 -0.07178801
v -0.02759319 0.08117957 -0.06991088
v -0.02169058 0.08122518 -0.07206038
v -0.02152487 0.08114512 -0.07178801
v -0.02169058 0.08122518 -0.07206038
v -0.01545197 0.08112606 -0.07329091
v -0.01545197 0.08112606 -0.07329091
v -0.02169058 0.08122518 -0.07206038
v -0.01569081 0.08122908 -0.07361240
v -0.01545197 0.08112606 -0.07329091
v -0.01569081 0.08122908 -0.07361240
v -0.00931874 0.08115738 -0.07442288
v -0.00931874 0.08115738 -0.07442288
v -0.01569081 0.08122908 -0.07361240
v -0.00940891 0.08118383 -0.07459379
v -0.00931874 0.08115738 -0.07442288
v -0.00940891 0.08118383 -0.07459379
v -0.00306334 0.08112606 -0.07484568
v -0.00306334 0.08112606 -0.07484568
v -0.00940891 0.08118383 -0.07459379
v -0.00316270 0.08119010 -0.07513736
v -0.00306334 0.08112606 -0.07484568
v -0.00316270 0.08119010 -0.07513736
v 0.00317274 0.08115738 -0.07493896
v 0.00317274 0.08115738 -0.07493896
v -0.00316270 0.08119010 -0.07513736
v 0.00312880 0.08122518 -0.07520166
v 0.00317274 0.08115738 -0.07493896
v 0.00312880 0.08122518 -0.07520166
v 0.00940708 0.08115739 -0.07441170
v 0.00929119 0.08122911 -0.07469480
v 0.00940708 0.08115739 -0.07441170
v 0.00929119 0.08122911 -0.07469480
v 0.01557539 0.08115739 -0.07336463
v 0.01565673 0.08122961 -0.07362034
v 0.01557539 0.08115739 -0.07336463
v 0.01565673 0.08122961 -0.07362034
v 0.02163443 0.08115739 -0.07180509
v 0.02163443 0.08115739 -0.07180509
v 0.01565673 0.08122961 -0.07362034
v 0.02164375 0.08122519 -0.07207451
v 0.02163443 0.08115739 -0.07180509
v 0.02164375 0.08122519 -0.07207451
v 0.02754179 0.08115739 -0.06974398
v 0.02750000 0.08122911 -0.07004698
v 0.02754179 0.08115739 -0.06974398
v 0.02750000 0.08122911 -0.07004698
v 0.03322711 0.08112607 -0.06710092
v 0.03322711 0.08112607 -0.06710092
v 0.02750000 0.08122911 -0.07004698
v 0.03327539 0.08118384 -0.06738806
v 0.03322711 0.08112607 -0.06710092
v 0.03327539 0.08118384 -0.06738806
v 0.03873672 0.08115740 -0.06417843
v 0.03873672 0.08115740 -0.06417843
v 0.03327539 0.08118384 -0.06738806
v 0.03881278 0.08122520 -0.06443708
v 0.03873672 0.08115740 -0.06417843
v 0.03881278 0.08122520 -0.06443708
v 0.04394596 0.08115740 -0.06071296
v 0.04398080 0.08122912 -0.06101686
v 0.04394596 0.08115740 -0.06071296
v 0.04398080 0.08122912 -0.06101686
v 0.04884685 0.08115740 -0.05682380
v 0.04884685 0.08115740 -0.05682380
v 0.04398080 0.08122912 -0.06101686
v 0.04890703 0.08122912 -0.05712370
v 0.04884685 0.08115740 -0.05682380
v 0.04890703 0.08122912 -0.05712370
v 0.05336290 0.08113654 -0.05247724
v 0.05336290 0.08113654 -0.05247724
v 0.04890703 0.08122912 -0.05712370
v 0.05354310 0.08122521 -0.05276978
v 0.05336290 0.08113654 -0.05247724
v 0.05354310 0.08122521 -0.05276978
v 0.05758879 0.08115740 -0.04788616
v 0.05769815 0.08122911 -0.04817181
v 0.05758879 0.08115740 -0.04788616
v 0.05769815 0.08122911 -0.04817181
v 0.06136853 0.08115740 -0.04290039
v 0.06136853 0.08115740 -0.04290039
v 0.05769815 0.08122911 -0.04817181
v 0.06150143 0.08122911 -0.04317584
v 0.06136853 0.08115740 -0.04290039
v 0.06150143 0.08122911 -0.04317584
v 0.06471788 0.08115740 -0.03761573
v 0.06471788 0.08115740 -0.03761573
v 0.06150143 0.08122911 -0.04317584
v 0.06484047 0.08118386 -0.03776510
v 0.06471788 0.08115740 -0.03761573
v 0.06484047 0.08118386 -0.03776510
v 0.06761315 0.08115741 -0.03206950
v 0.06761315 0.08115741 -0.03206950
v 0.06484047 0.08118386 -0.03776510
v 0.06781963 0.08122521 -0.03224284
v 0.06761315 0.08115741 -0.03206950
v 0.06781963 0.08122521 -0.03224284
v 0.06997087 0.08113655 -0.02626185
v 0.06997087 0.08113655 -0.02626185
v 0.06781963 0.08122521 -0.03224284
v 0.07023147 0.08122913 -0.02653410
v 0.06997087 0.08113655 -0.02626185
v 0.07023147 0.08122913 -0.02653410
v 0.07196410 0.08115741 -0.02034874
v 0.07196410 0.08115741 -0.02034874
v 0.07023147 0.08122913 -0.02653410
v 0.07212001 0.08118386 -0.02046299
v 0.07196410 0.08115741 -0.02034874
v 0.07212001 0.08118386 -0.02046299
v 0.07329616 0.08112609 -0.01422227
v 0.07329616 0.08112609 -0.01422227
v 0.07212001 0.08118386 -0.02046299
v 0.07355405 0.08118386 -0.01435749
v 0.07329616 0.08112609 -0.01422227
v 0.07355405 0.08118386 -0.01435749
v 0.07420389 0.08112609 -0.00804025
v 0.07420389 0.08112609 -0.00804025
v 0.07355405 0.08118386 -0.01435749
v 0.07455141 0.08122521 -0.00816256
v 0.07420389 0.08112609 -0.00804025
v 0.07455141 0.08122521 -0.00816256
v 0.07459114 0.08112609 -0.00180387
v 0.07495169 0.08122913 -0.00197825
v 0.07459114 0.08112609 -0.00180387
v 0.07495169 0.08122913 -0.00197825
v 0.07445518 0.08112609 0.00444303
v 0.07445518 0.08112609 0.00444303
v 0.07495169 0.08122913 -0.00197825
v 0.07473860 0.08118386 0.00437626
v 0.07445518 0.08112609 0.00444303
v 0.07473860 0.08118386 0.00437626
v 0.07382204 0.08113655 0.01065794
v 0.07382204 0.08113655 0.01065794
v 0.07473860 0.08118386 0.00437626
v 0.07416401 0.08122522 0.01062463
v 0.07382204 0.08113655 0.01065794
v 0.07416401 0.08122522 0.01062463
v 0.07264600 0.08113655 0.01679677
v 0.07264600 0.08113655 0.01679677
v 0.07416401 0.08122522 0.01062463
v 0.07301373 0.08122913 0.01671419
v 0.07264600 0.08113655 0.01679677
v 0.07301373 0.08122913 0.01671419
v 0.07100939 0.08115207 0.02282393
v 0.07100939 0.08115207 0.02282393
v 0.07301373 0.08122913 0.01671419
v 0.07122703 0.08118386 0.02281599
v 0.07100939 0.08115207 0.02282393
v 0.07122703 0.08118386 0.02281599
v 0.06877709 0.08113655 0.02867236
v 0.06877709 0.08113655 0.02867236
v 0.07122703 0.08118386 0.02281599
v 0.06911660 0.08122522 0.02872516
v 0.06877709 0.08113655 0.02867236
v 0.06911660 0.08122522 0.02872516
v 0.06611134 0.08113655 0.03432590
v 0.06648806 0.08122913 0.03433732
v 0.06611134 0.08113655 0.03432590
v 0.06648806 0.08122913 0.03433732
v 0.06305086 0.08115741 0.03976368
v 0.06305086 0.08115741 0.03976368
v 0.06648806 0.08122913 0.03433732
v 0.06335627 0.08122913 0.03977945
v 0.06305086 0.08115741 0.03976368
v 0.06335627 0.08122913 0.03977945
v 0.05938922 0.08112609 0.04485310
v 0.05938922 0.08112609 0.04485310
v 0.06335627 0.08122913 0.03977945
v 0.05967380 0.08122963 0.04508160
v 0.05938922 0.08112609 0.04485310
v 0.05967380 0.08122963 0.04508160
v 0.05544309 0.08114517 0.04969351
v 0.05544309 0.08114517 0.04969351
v 0.05967380 0.08122963 0.04508160
v 0.05572590 0.08122521 0.04984068
v 0.05544309 0.08114517 0.04969351
v 0.05572590 0.08122521 0.04984068
v 0.05102705 0.08112609 0.05412500
v 0.05102705 0.08112609 0.05412500
v 0.05572590 0.08122521 0.04984068
v 0.05139788 0.08122911 0.05427627
v 0.05102705 0.08112609 0.05412500
v 0.05139788 0.08122911 0.05427627
v 0.04636730 0.08115740 0.05827044
v 0.04636730 0.08115740 0.05827044
v 0.05139788 0.08122911 0.05427627
v 0.04651250 0.08122962 0.05849607
v 0.04636730 0.08115740 0.05827044
v 0.04651250 0.08122962 0.05849607
v 0.04125151 0.08113654 0.06189201
v 0.04125151 0.08113654 0.06189201
v 0.04651250 0.08122962 0.05849607
v 0.04142923 0.08122962 0.06218194
v 0.04125151 0.08113654 0.06189201
v 0.04142923 0.08122962 0.06218194
v 0.03594997 0.08115740 0.06518275
v 0.03594997 0.08115740 0.06518275
v 0.04142923 0.08122962 0.06218194
v 0.03613589 0.08122520 0.06537794
v 0.03594997 0.08115740 0.06518275
v 0.03613589 0.08122520 0.06537794
v 0.03049286 0.08118420 0.06810348
v 0.02447799 0.08112608 0.07017409
v 0.03049286 0.08118420 0.06810348
v 0.02464940 0.08118385 0.07040944
v 0.02447799 0.08112608 0.07017409
v 0.02464940 0.08118385 0.07040944
v 0.01853491 0.08115739 0.07206584
v 0.01853491 0.08115739 0.07206584
v 0.02464940 0.08118385 0.07040944
v 0.01866657 0.08122520 0.07230110
v 0.01853491 0.08115739 0.07206584
v 0.01866657 0.08122520 0.07230110
v 0.01240376 0.08115205 0.07334079
v 0.01260704 0.08122912 0.07360054
v 0.01240376 0.08115205 0.07334079
v 0.01260704 0.08122912 0.07360054
v 0.00620671 0.08115738 0.07414343
v 0.00620671 0.08115738 0.07414343
v 0.01260704 0.08122912 0.07360054
v 0.00628959 0.08118382 0.07431796
v 0.00620671 0.08115738 0.07414343
v 0.00628959 0.08118382 0.07431796
v -0.00004459 0.08115739 0.07440170
v -0.00004459 0.08115739 0.07440170
v 0.00628959 0.08118382 0.07431796
v 0.00002442 0.08122519 0.07466233
v -0.00004459 0.08115739 0.07440170
v 0.00002442 0.08122519 0.07466233
v -0.00630019 0.08115205 0.07411183
v -0.00616786 0.08122912 0.07441400
v 0.03594997 0.08115740 0.06518275
v 0.03049286 0.08118420 0.06810348
v 0.03029178 0.08111218 0.06786526
v -0.03332108 0.08117957 -0.06735784
v -0.02759319 0.08117957 -0.06991088
v -0.02743360 0.08113626 -0.06972319
v -0.03866065 0.08115737 -0.06422454
v -0.03332108 0.08117957 -0.06735784
v -0.03314640 0.08113626 -0.06718412
v -0.07407038 0.08117956 0.01066659
v -0.07472846 0.08117955 0.00443001
v -0.07452577 0.08114565 0.00434129
v -0.06882245 0.08113651 0.02856458
v -0.07120382 0.08117956 0.02286561
v -0.07100648 0.08113625 0.02271813
v -0.05554571 0.08115737 0.04965139
v -0.05953095 0.08115737 0.04482820
v -0.05539367 0.08102316 0.04956241
v -0.05554571 0.08115737 0.04965139
v -0.05539367 0.08102316 0.04956241
v -0.05115964 0.08115203 0.05410221
v -0.05115964 0.08115203 0.05410221
v -0.05539367 0.08102316 0.04956241
v -0.05100059 0.08094967 0.05399957
v -0.05115964 0.08115203 0.05410221
v -0.05100059 0.08094967 0.05399957
v -0.04641591 0.08114514 0.05817065
v -0.04641591 0.08114514 0.05817065
v -0.05100059 0.08094967 0.05399957
v -0.04627976 0.08094777 0.05808439
v -0.04641591 0.08114514 0.05817065
v -0.04627976 0.08094777 0.05808439
v -0.04125256 0.08102318 0.06177162
v -0.03599519 0.08112606 0.06504632
v -0.04125256 0.08102318 0.06177162
v -0.03588738 0.08084190 0.06497815
v -0.03599519 0.08112606 0.06504632
v -0.03588738 0.08084190 0.06497815
v -0.03032288 0.08102315 0.06778197
v -0.03032288 0.08102315 0.06778197
v -0.03588738 0.08084190 0.06497815
v -0.03027346 0.08071529 0.06779308
v -0.03032288 0.08102315 0.06778197
v -0.03027346 0.08071529 0.06779308
v -0.02443633 0.08070691 0.07010168
v -0.01854389 0.08102318 0.07188545
v -0.02451934 0.08102314 0.07008054
v -0.01853144 0.08070630 0.07188105
v -0.01854389 0.08102318 0.07188545
v -0.01853144 0.08070630 0.07188105
v -0.01242927 0.08094968 0.07315017
v -0.04137769 0.08115737 0.06189564
v -0.04641591 0.08114514 0.05817065
v -0.04125256 0.08102318 0.06177162
v -0.04137769 0.08115737 0.06189564
v -0.04125256 0.08102318 0.06177162
v -0.03599519 0.08112606 0.06504632
v -0.03042560 0.08115737 0.06792509
v -0.03599519 0.08112606 0.06504632
v -0.03032288 0.08102315 0.06778197
v -0.03042560 0.08115737 0.06792509
v -0.03032288 0.08102315 0.06778197
v -0.02451934 0.08102314 0.07008054
v -0.00000897 0.08102318 0.07422920
v -0.00624009 0.08099781 0.07395804
v 0.00004073 0.08071532 0.07421924
v -0.00000897 0.08102318 0.07422920
v 0.00004073 0.08071532 0.07421924
v 0.00627644 0.08071530 0.07395447
v -0.02460973 0.08115738 0.07023177
v -0.02460973 0.08115738 0.07023177
v -0.02451934 0.08102314 0.07008054
v -0.01854389 0.08102318 0.07188545
v 0.00622776 0.08102318 0.07396855
v -0.00000897 0.08102318 0.07422920
v 0.00627644 0.08071530 0.07395447
v 0.00622776 0.08102318 0.07396855
v 0.00627644 0.08071530 0.07395447
v 0.01250365 0.08070690 0.07316547
v 0.02449949 0.08084193 0.07004835
v 0.01860744 0.08070692 0.07186150
v 0.02453560 0.08065563 0.07012631
v 0.02449949 0.08084193 0.07004835
v 0.02453560 0.08065563 0.07012631
v 0.03030194 0.08081490 0.06775104
v 0.03030194 0.08081490 0.06775104
v 0.02453560 0.08065563 0.07012631
v 0.03035731 0.08064405 0.06783800
v 0.03030194 0.08081490 0.06775104
v 0.03035731 0.08064405 0.06783800
v 0.03596924 0.08070693 0.06496688
v -0.00630019 0.08115205 0.07411183
v -0.01250502 0.08115204 0.07332367
v -0.00624009 0.08099781 0.07395804
v -0.00630019 0.08115205 0.07411183
v -0.00624009 0.08099781 0.07395804
v -0.00000897 0.08102318 0.07422920
v 0.01852656 0.08102320 0.07188987
v 0.01242367 0.08099783 0.07317689
v 0.01860744 0.08070692 0.07186150
v 0.01852656 0.08102320 0.07188987
v 0.01860744 0.08070692 0.07186150
v 0.02449949 0.08084193 0.07004835
v 0.00620671 0.08115738 0.07414343
v -0.00004459 0.08115739 0.07440170
v 0.00622776 0.08102318 0.07396855
v 0.00620671 0.08115738 0.07414343
v 0.00622776 0.08102318 0.07396855
v 0.01240376 0.08115205 0.07334079
v 0.01240376 0.08115205 0.07334079
v 0.00622776 0.08102318 0.07396855
v 0.01242367 0.08099783 0.07317689
v 0.01240376 0.08115205 0.07334079
v 0.01242367 0.08099783 0.07317689
v 0.01852656 0.08102320 0.07188987
v 0.03029178 0.08111218 0.06786526
v 0.02447799 0.08112608 0.07017409
v 0.03030194 0.08081490 0.06775104
v 0.03029178 0.08111218 0.06786526
v 0.03030194 0.08081490 0.06775104
v 0.03589798 0.08102319 0.06501445
v 0.03589798 0.08102319 0.06501445
v 0.03030194 0.08081490 0.06775104
v 0.03596924 0.08070693 0.06496688
v 0.03589798 0.08102319 0.06501445
v 0.03596924 0.08070693 0.06496688
v 0.04122405 0.08089524 0.06174617
v 0.05099556 0.08084192 0.05400139
v 0.04629214 0.08070632 0.05810048
v 0.05106959 0.08065955 0.05404523
v 0.05099556 0.08084192 0.05400139
v 0.05106959 0.08065955 0.05404523
v 0.05543790 0.08068853 0.04952944
v 0.04125151 0.08113654 0.06189201
v 0.03589798 0.08102319 0.06501445
v 0.04122405 0.08089524 0.06174617
v 0.04125151 0.08113654 0.06189201
v 0.04122405 0.08089524 0.06174617
v 0.04628809 0.08102320 0.05811304
v 0.05536556 0.08094777 0.04955221
v 0.05099556 0.08084192 0.05400139
v 0.05543790 0.08068853 0.04952944
v 0.05536556 0.08094777 0.04955221
v 0.05543790 0.08068853 0.04952944
v 0.05933757 0.08084193 0.04473646
v 0.04636730 0.08115740 0.05827044
v 0.04125151 0.08113654 0.06189201
v 0.04628809 0.08102320 0.05811304
v 0.04636730 0.08115740 0.05827044
v 0.04628809 0.08102320 0.05811304
v 0.05102705 0.08112609 0.05412500
v 0.05544309 0.08114517 0.04969351
v 0.05102705 0.08112609 0.05412500
v 0.05536556 0.08094777 0.04955221
v 0.05544309 0.08114517 0.04969351
v 0.05536556 0.08094777 0.04955221
v 0.05938922 0.08112609 0.04485310
v 0.07252191 0.08086861 0.01670757
v 0.07088679 0.08071531 0.02268733
v 0.07261747 0.08065628 0.01669308
v 0.07252191 0.08086861 0.01670757
v 0.07261747 0.08065628 0.01669308
v 0.07378493 0.08065628 0.01055705
v 0.06877709 0.08113655 0.02867236
v 0.06611134 0.08113655 0.03432590
v 0.06866962 0.08086859 0.02856369
v 0.06877709 0.08113655 0.02867236
v 0.06866962 0.08086859 0.02856369
v 0.07087337 0.08099787 0.02273038
v 0.07447819 0.08084195 -0.00186314
v 0.07434788 0.08081489 0.00437279
v 0.07456263 0.08065629 -0.00190010
v 0.07447819 0.08084195 -0.00186314
v 0.07456263 0.08065629 -0.00190010
v 0.07416744 0.08065628 -0.00813383
v 0.07100939 0.08115207 0.02282393
v 0.06877709 0.08113655 0.02867236
v 0.07087337 0.08099787 0.02273038
v 0.07100939 0.08115207 0.02282393
v 0.07087337 0.08099787 0.02273038
v 0.07264600 0.08113655 0.01679677
v 0.07382204 0.08113655 0.01065794
v 0.07264600 0.08113655 0.01679677
v 0.07369092 0.08086860 0.01057944
v 0.07382204 0.08113655 0.01065794
v 0.07369092 0.08086860 0.01057944
v 0.07445518 0.08112609 0.00444303
v 0.07445518 0.08112609 0.00444303
v 0.07369092 0.08086860 0.01057944
v 0.07434788 0.08081489 0.00437279
v 0.07445518 0.08112609 0.00444303
v 0.07434788 0.08081489 0.00437279
v 0.07447819 0.08084195 -0.00186314
v 0.07420389 0.08112609 -0.00804025
v 0.07459114 0.08112609 -0.00180387
v 0.07408638 0.08084193 -0.00808987
v 0.07420389 0.08112609 -0.00804025
v 0.07408638 0.08084193 -0.00808987
v 0.07317490 0.08084191 -0.01426196
v 0.07329616 0.08112609 -0.01422227
v 0.07420389 0.08112609 -0.00804025
v 0.07317490 0.08084191 -0.01426196
v 0.07329616 0.08112609 -0.01422227
v 0.07317490 0.08084191 -0.01426196
v 0.07178834 0.08102321 -0.02033674
v 0.07178834 0.08102321 -0.02033674
v 0.07317490 0.08084191 -0.01426196
v 0.07176538 0.08071532 -0.02038191
v 0.07178834 0.08102321 -0.02033674
v 0.07176538 0.08071532 -0.02038191
v 0.06981816 0.08086860 -0.02626746
v 0.06744190 0.08102321 -0.03202826
v 0.06981816 0.08086860 -0.02626746
v 0.06743058 0.08070632 -0.03203507
v 0.06744190 0.08102321 -0.03202826
v 0.06743058 0.08070632 -0.03203507
v 0.06452466 0.08097738 -0.03754309
v 0.06997087 0.08113655 -0.02626185
v 0.07178834 0.08102321 -0.02033674
v 0.06981816 0.08086860 -0.02626746
v 0.06997087 0.08113655 -0.02626185
v 0.06981816 0.08086860 -0.02626746
v 0.06744190 0.08102321 -0.03202826
v 0.05322109 0.08086859 -0.05242024
v 0.05737307 0.08070691 -0.04786474
v 0.05327896 0.08065558 -0.05248992
v 0.05322109 0.08086859 -0.05242024
v 0.05327896 0.08065558 -0.05248992
v 0.04866302 0.08071530 -0.05674142
v 0.07196410 0.08115741 -0.02034874
v 0.07329616 0.08112609 -0.01422227
v 0.07178834 0.08102321 -0.02033674
v 0.07196410 0.08115741 -0.02034874
v 0.07178834 0.08102321 -0.02033674
v 0.06997087 0.08113655 -0.02626185
v 0.05743317 0.08102321 -0.04780364
v 0.06120656 0.08102321 -0.04283115
v 0.05737307 0.08070691 -0.04786474
v 0.05743317 0.08102321 -0.04780364
v 0.05737307 0.08070691 -0.04786474
v 0.05322109 0.08086859 -0.05242024
v 0.06471788 0.08115740 -0.03761573
v 0.06761315 0.08115741 -0.03206950
v 0.06452466 0.08097738 -0.03754309
v 0.06471788 0.08115740 -0.03761573
v 0.06452466 0.08097738 -0.03754309
v 0.06120656 0.08102321 -0.04283115
v 0.05336290 0.08113654 -0.05247724
v 0.05743317 0.08102321 -0.04780364
v 0.05322109 0.08086859 -0.05242024
v 0.05336290 0.08113654 -0.05247724
v 0.05322109 0.08086859 -0.05242024
v 0.04870715 0.08102320 -0.05671648
v 0.04381572 0.08102320 -0.06059434
v 0.04870715 0.08102320 -0.05671648
v 0.04374233 0.08070693 -0.06063857
v 0.04381572 0.08102320 -0.06059434
v 0.04374233 0.08070693 -0.06063857
v 0.03860368 0.08070631 -0.06404874
v 0.03322711 0.08112607 -0.06710092
v 0.03861689 0.08102319 -0.06404932
v 0.03312078 0.08081488 -0.06702922
v 0.03322711 0.08112607 -0.06710092
v 0.03312078 0.08081488 -0.06702922
v 0.02744513 0.08102318 -0.06959670
v 0.02744513 0.08102318 -0.06959670
v 0.03312078 0.08081488 -0.06702922
v 0.02736305 0.08070690 -0.06962129
v 0.02744513 0.08102318 -0.06959670
v 0.02736305 0.08070690 -0.06962129
v 0.02146663 0.08070690 -0.07166785
v 0.03873672 0.08115740 -0.06417843
v 0.04394596 0.08115740 -0.06071296
v 0.03861689 0.08102319 -0.06404932
v 0.03873672 0.08115740 -0.06417843
v 0.03861689 0.08102319 -0.06404932
v 0.03322711 0.08112607 -0.06710092
v 0.02754179 0.08115739 -0.06974398
v 0.03322711 0.08112607 -0.06710092
v 0.02744513 0.08102318 -0.06959670
v 0.02754179 0.08115739 -0.06974398
v 0.02744513 0.08102318 -0.06959670
v 0.02155049 0.08102318 -0.07165021
v 0.02163443 0.08115739 -0.07180509
v 0.02163443 0.08115739 -0.07180509
v 0.02155049 0.08102318 -0.07165021
v 0.01550466 0.08102320 -0.07320330
v -0.00306334 0.08112606 -0.07484568
v 0.00312993 0.08102318 -0.07476808
v -0.00312198 0.08081486 -0.07473162
v -0.00306334 0.08112606 -0.07484568
v -0.00312198 0.08081486 -0.07473162
v -0.00933248 0.08102319 -0.07424726
v -0.00933248 0.08102319 -0.07424726
v -0.00312198 0.08081486 -0.07473162
v -0.00934246 0.08070630 -0.07423859
v -0.00933248 0.08102319 -0.07424726
v -0.00934246 0.08070630 -0.07423859
v -0.01548902 0.08084191 -0.07316886
v 0.00940708 0.08115739 -0.07441170
v 0.01557539 0.08115739 -0.07336463
v 0.00934815 0.08097736 -0.07421390
v 0.00940708 0.08115739 -0.07441170
v 0.00934815 0.08097736 -0.07421390
v 0.00312993 0.08102318 -0.07476808
v -0.01545197 0.08112606 -0.07329091
v -0.00933248 0.08102319 -0.07424726
v -0.01548902 0.08084191 -0.07316886
v -0.01545197 0.08112606 -0.07329091
v -0.01548902 0.08084191 -0.07316886
v -0.02153179 0.08094774 -0.07162696
v -0.02742453 0.08094773 -0.06957511
v -0.02153179 0.08094774 -0.07162696
v -0.02747328 0.08069508 -0.06959413
v -0.02742453 0.08094773 -0.06957511
v -0.02747328 0.08069508 -0.06959413
v -0.03312083 0.08092227 -0.06702922
v -0.03312083 0.08092227 -0.06702922
v -0.02747328 0.08069508 -0.06959413
v -0.03319691 0.08067167 -0.06706537
v -0.03312083 0.08092227 -0.06702922
v -0.03319691 0.08067167 -0.06706537
v -0.03867094 0.08070688 -0.06400802
v 0.00317274 0.08115738 -0.07493896
v 0.00940708 0.08115739 -0.07441170
v 0.00312993 0.08102318 -0.07476808
v 0.00317274 0.08115738 -0.07493896
v 0.00312993 0.08102318 -0.07476808
v -0.00306334 0.08112606 -0.07484568
v -0.04378745 0.08084190 -0.06056925
v -0.03867094 0.08070688 -0.06400802
v -0.04384460 0.08065557 -0.06063345
v -0.04378745 0.08084190 -0.06056925
v -0.04384460 0.08065557 -0.06063345
v -0.04874896 0.08065952 -0.05674081
v -0.00931874 0.08115738 -0.07442288
v -0.00306334 0.08112606 -0.07484568
v -0.00933248 0.08102319 -0.07424726
v -0.00931874 0.08115738 -0.07442288
v -0.00933248 0.08102319 -0.07424726
v -0.01545197 0.08112606 -0.07329091
v -0.02152487 0.08114512 -0.07178801
v -0.01545197 0.08112606 -0.07329091
v -0.02153179 0.08094774 -0.07162696
v -0.02152487 0.08114512 -0.07178801
v -0.02153179 0.08094774 -0.07162696
v -0.02742453 0.08094773 -0.06957511
v -0.03860175 0.08102316 -0.06405853
v -0.03312083 0.08092227 -0.06702922
v -0.03867094 0.08070688 -0.06400802
v -0.03860175 0.08102316 -0.06405853
v -0.03867094 0.08070688 -0.06400802
v -0.04378745 0.08084190 -0.06056925
v -0.05322114 0.08086855 -0.05242024
v -0.04867684 0.08084190 -0.05669388
v -0.05331040 0.08065621 -0.05245739
v -0.05322114 0.08086855 -0.05242024
v -0.05331040 0.08065621 -0.05245739
v -0.05747087 0.08065556 -0.04783437
v -0.04870321 0.08112605 -0.05681865
v -0.04380319 0.08112605 -0.06069586
v -0.04867684 0.08084190 -0.05669388
v -0.04870321 0.08112605 -0.05681865
v -0.04867684 0.08084190 -0.05669388
v -0.05322114 0.08086855 -0.05242024
v -0.06451460 0.08084191 -0.03754895
v -0.06117158 0.08084191 -0.04281680
v -0.06459815 0.08065950 -0.03756955
v -0.06451460 0.08084191 -0.03754895
v -0.06459815 0.08065950 -0.03756955
v -0.06749711 0.08065624 -0.03202433
v -0.03332108 0.08117957 -0.06735784
v -0.02743360 0.08113626 -0.06972319
v -0.03314640 0.08113626 -0.06718412
v -0.06122813 0.08112605 -0.04293114
v -0.05744630 0.08112605 -0.04790507
v -0.06117158 0.08084191 -0.04281680
v -0.06122813 0.08112605 -0.04293114
v -0.06117158 0.08084191 -0.04281680
v -0.06451460 0.08084191 -0.03754895
v -0.07175061 0.08084190 -0.02033466
v -0.06985094 0.08070628 -0.02627737
v -0.07183663 0.08065952 -0.02033390
v -0.07175061 0.08084190 -0.02033466
v -0.07183663 0.08065952 -0.02033390
v -0.07324960 0.08067166 -0.01422485
v -0.06750347 0.08113650 -0.03213168
v -0.06458049 0.08112604 -0.03765818
v -0.06740065 0.08086855 -0.03201861
v -0.06750347 0.08113650 -0.03213168
v -0.06740065 0.08086855 -0.03201861
v -0.06985397 0.08102315 -0.02629026
v -0.07412232 0.08102315 -0.00810187
v -0.07317609 0.08094966 -0.01426712
v -0.07411760 0.08071527 -0.00805141
v -0.07412232 0.08102315 -0.00810187
v -0.07411760 0.08071527 -0.00805141
v -0.07450945 0.08070687 -0.00178660
v -0.07368838 0.08089587 0.01057725
v -0.07437234 0.08070687 0.00445341
v -0.07377873 0.08065556 0.01060167
v -0.07368838 0.08089587 0.01057725
v -0.07377873 0.08065556 0.01060167
v -0.07260119 0.08065952 0.01675148
v -0.07453877 0.08107297 -0.00189229
v -0.07412232 0.08102315 -0.00810187
v -0.07450945 0.08070687 -0.00178660
v -0.07453877 0.08107297 -0.00189229
v -0.07450945 0.08070687 -0.00178660
v -0.07437234 0.08070687 0.00445341
v -0.07252196 0.08086855 0.01670758
v -0.07368838 0.08089587 0.01057725
v -0.07260119 0.08065952 0.01675148
v -0.07252196 0.08086855 0.01670758
v -0.07260119 0.08065952 0.01675148
v -0.07087456 0.08068849 0.02279246
v -0.07334800 0.08115202 -0.01434637
v -0.07184160 0.08112604 -0.02042409
v -0.07317609 0.08094966 -0.01426712
v -0.07334800 0.08115202 -0.01434637
v -0.07317609 0.08094966 -0.01426712
v -0.07412232 0.08102315 -0.00810187
v -0.06866967 0.08086856 0.02856370
v -0.07087456 0.08068849 0.02279246
v -0.06873846 0.08065623 0.02863163
v -0.06866967 0.08086856 0.02856370
v -0.06873846 0.08065623 0.02863163
v -0.06604266 0.08070628 0.03422628
v -0.07085811 0.08094772 0.02271840
v -0.07252196 0.08086855 0.01670758
v -0.07087456 0.08068849 0.02279246
v -0.07085811 0.08094772 0.02271840
v -0.07087456 0.08068849 0.02279246
v -0.06866967 0.08086856 0.02856370
v -0.07452577 0.08114565 0.00434129
v -0.07453877 0.08107297 -0.00189229
v -0.07437534 0.08099783 0.00437262
v -0.07452577 0.08114565 0.00434129
v -0.07437534 0.08099783 0.00437262
v -0.07385121 0.08113626 0.01055419
v -0.07385121 0.08113626 0.01055419
v -0.07437534 0.08099783 0.00437262
v -0.07368838 0.08089587 0.01057725
v -0.07385121 0.08113626 0.01055419
v -0.07368838 0.08089587 0.01057725
v -0.07267278 0.08113650 0.01668283
v -0.07267278 0.08113650 0.01668283
v -0.07368838 0.08089587 0.01057725
v -0.07252196 0.08086855 0.01670758
v -0.07267278 0.08113650 0.01668283
v -0.07252196 0.08086855 0.01670758
v -0.07085811 0.08094772 0.02271840
v -0.07472846 0.08117955 0.00443001
v -0.07484455 0.08117736 -0.00187219
v -0.07452577 0.08114565 0.00434129
v -0.05937199 0.08102316 0.04475228
v -0.06292342 0.08099783 0.03962496
v -0.05931452 0.08070688 0.04481582
v -0.05937199 0.08102316 0.04475228
v -0.05931452 0.08070688 0.04481582
v -0.05538088 0.08070629 0.04956564
v -0.05100059 0.08094967 0.05399957
v -0.05538088 0.08070629 0.04956564
v -0.05103492 0.08067102 0.05405579
v -0.05100059 0.08094967 0.05399957
v -0.05103492 0.08067102 0.05405579
v -0.04627187 0.08069509 0.05813608
v -0.07120382 0.08117956 0.02286561
v -0.07267278 0.08113650 0.01668283
v -0.07100648 0.08113625 0.02271813
v -0.06622364 0.08115737 0.03426832
v -0.06882245 0.08113651 0.02856458
v -0.06605426 0.08102317 0.03421994
v -0.06622364 0.08115737 0.03426832
v -0.06605426 0.08102317 0.03421994
v -0.06308224 0.08115203 0.03967012
v -0.06308224 0.08115203 0.03967012
v -0.06605426 0.08102317 0.03421994
v -0.06292342 0.08099783 0.03962496
v -0.06308224 0.08115203 0.03967012
v -0.06292342 0.08099783 0.03962496
v -0.05937199 0.08102316 0.04475228
v -0.01242672 0.08067103 0.07321600
v -0.00619517 0.08071530 0.07396131
v -0.01242927 0.08094968 0.07315017
v -0.01242672 0.08067103 0.07321600
v -0.01242927 0.08094968 0.07315017
v -0.01853144 0.08070630 0.07188105
v -0.02443633 0.08070691 0.07010168
v -0.01853144 0.08070630 0.07188105
v -0.02451934 0.08102314 0.07008054
v -0.02451934 0.08102314 0.07008054
v -0.00619517 0.08071530 0.07396131
v 0.00004073 0.08071532 0.07421924
v -0.00624009 0.08099781 0.07395804
v -0.00619517 0.08071530 0.07396131
v -0.00624009 0.08099781 0.07395804
v -0.01242927 0.08094968 0.07315017
v 0.01250365 0.08070690 0.07316547
v 0.01860744 0.08070692 0.07186150
v 0.01242367 0.08099783 0.07317689
v 0.01250365 0.08070690 0.07316547
v 0.01242367 0.08099783 0.07317689
v 0.00622776 0.08102318 0.07396855
v -0.01242927 0.08094968 0.07315017
v -0.00624009 0.08099781 0.07395804
v -0.01250502 0.08115204 0.07332367
v -0.01242927 0.08094968 0.07315017
v -0.01250502 0.08115204 0.07332367
v -0.01854389 0.08102318 0.07188545
v -0.01854389 0.08102318 0.07188545
v -0.01250502 0.08115204 0.07332367
v -0.01862128 0.08115738 0.07204369
v -0.01854389 0.08102318 0.07188545
v -0.01862128 0.08115738 0.07204369
v -0.02460973 0.08115738 0.07023177
v 0.04126804 0.08067105 0.06179689
v 0.04629214 0.08070632 0.05810048
v 0.04122405 0.08089524 0.06174617
v 0.04126804 0.08067105 0.06179689
v 0.04122405 0.08089524 0.06174617
v 0.03596924 0.08070693 0.06496688
v 0.02449949 0.08084193 0.07004835
v 0.03030194 0.08081490 0.06775104
v 0.02447799 0.08112608 0.07017409
v 0.02449949 0.08084193 0.07004835
v 0.02447799 0.08112608 0.07017409
v 0.01852656 0.08102320 0.07188987
v -0.00000897 0.08102318 0.07422920
v 0.00622776 0.08102318 0.07396855
v -0.00004459 0.08115739 0.07440170
v -0.00000897 0.08102318 0.07422920
v -0.00004459 0.08115739 0.07440170
v -0.00630019 0.08115205 0.07411183
v 0.05941080 0.08065561 0.04478144
v 0.06294248 0.08071531 0.03959386
v 0.05933757 0.08084193 0.04473646
v 0.05941080 0.08065561 0.04478144
v 0.05933757 0.08084193 0.04473646
v 0.05543790 0.08068853 0.04952944
v 0.04629214 0.08070632 0.05810048
v 0.05099556 0.08084192 0.05400139
v 0.04628809 0.08102320 0.05811304
v 0.04629214 0.08070632 0.05810048
v 0.04628809 0.08102320 0.05811304
v 0.04122405 0.08089524 0.06174617
v 0.01852656 0.08102320 0.07188987
v 0.02447799 0.08112608 0.07017409
v 0.01853491 0.08115739 0.07206584
v 0.01852656 0.08102320 0.07188987
v 0.01853491 0.08115739 0.07206584
v 0.01240376 0.08115205 0.07334079
v 0.05102705 0.08112609 0.05412500
v 0.04628809 0.08102320 0.05811304
v 0.05099556 0.08084192 0.05400139
v 0.05102705 0.08112609 0.05412500
v 0.05099556 0.08084192 0.05400139
v 0.05536556 0.08094777 0.04955221
v 0.06601331 0.08086859 0.03420864
v 0.06294248 0.08071531 0.03959386
v 0.06610950 0.08065626 0.03421836
v 0.06601331 0.08086859 0.03420864
v 0.06610950 0.08065626 0.03421836
v 0.06875621 0.08065561 0.02859013
v 0.03594997 0.08115740 0.06518275
v 0.03029178 0.08111218 0.06786526
v 0.03589798 0.08102319 0.06501445
v 0.03594997 0.08115740 0.06518275
v 0.03589798 0.08102319 0.06501445
v 0.04125151 0.08113654 0.06189201
v 0.06866962 0.08086859 0.02856369
v 0.06866962 0.08086859 0.02856369
v 0.06875621 0.08065561 0.02859013
v 0.07088679 0.08071531 0.02268733
v 0.06294248 0.08071531 0.03959386
v 0.06601331 0.08086859 0.03420864
v 0.06292427 0.08102321 0.03964114
v 0.06294248 0.08071531 0.03959386
v 0.06292427 0.08102321 0.03964114
v 0.05933757 0.08084193 0.04473646
v 0.05933757 0.08084193 0.04473646
v 0.06292427 0.08102321 0.03964114
v 0.05938922 0.08112609 0.04485310
v 0.05933757 0.08084193 0.04473646
v 0.05938922 0.08112609 0.04485310
v 0.05536556 0.08094777 0.04955221
v 0.02447799 0.08112608 0.07017409
v 0.03029178 0.08111218 0.06786526
v 0.03049286 0.08118420 0.06810348
v 0.07369092 0.08086860 0.01057944
v 0.07252191 0.08086861 0.01670757
v 0.07378493 0.08065628 0.01055705
v 0.07369092 0.08086860 0.01057944
v 0.07378493 0.08065628 0.01055705
v 0.07434788 0.08081489 0.00437279
v 0.07434788 0.08081489 0.00437279
v 0.07378493 0.08065628 0.01055705
v 0.07445058 0.08064406 0.00436401
v 0.07434788 0.08081489 0.00437279
v 0.07445058 0.08064406 0.00436401
v 0.07456263 0.08065629 -0.00190010
v 0.07088679 0.08071531 0.02268733
v 0.07252191 0.08086861 0.01670757
v 0.07087337 0.08099787 0.02273038
v 0.07088679 0.08071531 0.02268733
v 0.07087337 0.08099787 0.02273038
v 0.06866962 0.08086859 0.02856369
v 0.06601331 0.08086859 0.03420864
v 0.06866962 0.08086859 0.02856369
v 0.06611134 0.08113655 0.03432590
v 0.06601331 0.08086859 0.03420864
v 0.06611134 0.08113655 0.03432590
v 0.06292427 0.08102321 0.03964114
v 0.06305086 0.08115741 0.03976368
v 0.05938922 0.08112609 0.04485310
v 0.06292427 0.08102321 0.03964114
v 0.06305086 0.08115741 0.03976368
v 0.06292427 0.08102321 0.03964114
v 0.06611134 0.08113655 0.03432590
v 0.07408638 0.08084193 -0.00808987
v 0.07447819 0.08084195 -0.00186314
v 0.07416744 0.08065628 -0.00813383
v 0.07408638 0.08084193 -0.00808987
v 0.07416744 0.08065628 -0.00813383
v 0.07325735 0.08065561 -0.01428626
v 0.07325735 0.08065561 -0.01428626
v 0.07176538 0.08071532 -0.02038191
v 0.07317490 0.08084191 -0.01426196
v 0.07317490 0.08084191 -0.01426196
v 0.07252191 0.08086861 0.01670757
v 0.07369092 0.08086860 0.01057944
v 0.07264600 0.08113655 0.01679677
v 0.07252191 0.08086861 0.01670757
v 0.07264600 0.08113655 0.01679677
v 0.07087337 0.08099787 0.02273038
v 0.06988974 0.08065628 -0.02633241
v 0.06743058 0.08070632 -0.03203507
v 0.06981816 0.08086860 -0.02626746
v 0.06988974 0.08065628 -0.02633241
v 0.06981816 0.08086860 -0.02626746
v 0.07176538 0.08071532 -0.02038191
v 0.07447819 0.08084195 -0.00186314
v 0.07408638 0.08084193 -0.00808987
v 0.07459114 0.08112609 -0.00180387
v 0.07447819 0.08084195 -0.00186314
v 0.07459114 0.08112609 -0.00180387
v 0.07445518 0.08112609 0.00444303
v 0.06455385 0.08067653 -0.03760792
v 0.06115179 0.08070692 -0.04289706
v 0.06452466 0.08097738 -0.03754309
v 0.06455385 0.08067653 -0.03760792
v 0.06452466 0.08097738 -0.03754309
v 0.06743058 0.08070632 -0.03203507
v 0.06115179 0.08070692 -0.04289706
v 0.05737307 0.08070691 -0.04786474
v 0.06120656 0.08102321 -0.04283115
v 0.06115179 0.08070692 -0.04289706
v 0.06120656 0.08102321 -0.04283115
v 0.06452466 0.08097738 -0.03754309
v 0.03312078 0.08081488 -0.06702922
v 0.03860368 0.08070631 -0.06404874
v 0.03315250 0.08064406 -0.06712729
v 0.03312078 0.08081488 -0.06702922
v 0.03315250 0.08064406 -0.06712729
v 0.02736305 0.08070690 -0.06962129
v 0.04866302 0.08071530 -0.05674142
v 0.04866302 0.08071530 -0.05674142
v 0.04870715 0.08102320 -0.05671648
v 0.05322109 0.08086859 -0.05242024
v 0.06744190 0.08102321 -0.03202826
v 0.06452466 0.08097738 -0.03754309
v 0.06761315 0.08115741 -0.03206950
v 0.06744190 0.08102321 -0.03202826
v 0.06761315 0.08115741 -0.03206950
v 0.06997087 0.08113655 -0.02626185
v 0.06136853 0.08115740 -0.04290039
v 0.06471788 0.08115740 -0.03761573
v 0.06120656 0.08102321 -0.04283115
v 0.06136853 0.08115740 -0.04290039
v 0.06120656 0.08102321 -0.04283115
v 0.05743317 0.08102321 -0.04780364
v 0.03861689 0.08102319 -0.06404932
v 0.04381572 0.08102320 -0.06059434
v 0.03860368 0.08070631 -0.06404874
v 0.03861689 0.08102319 -0.06404932
v 0.03860368 0.08070631 -0.06404874
v 0.03312078 0.08081488 -0.06702922
v 0.05743317 0.08102321 -0.04780364
v 0.05336290 0.08113654 -0.05247724
v 0.05758879 0.08115740 -0.04788616
v 0.05758879 0.08115740 -0.04788616
v 0.04884685 0.08115740 -0.05682380
v 0.05336290 0.08113654 -0.05247724
v 0.04870715 0.08102320 -0.05671648
v 0.04884685 0.08115740 -0.05682380
v 0.04870715 0.08102320 -0.05671648
v 0.04381572 0.08102320 -0.06059434
v 0.02155049 0.08102318 -0.07165021
v 0.02744513 0.08102318 -0.06959670
v 0.02146663 0.08070690 -0.07166785
v 0.02155049 0.08102318 -0.07165021
v 0.02146663 0.08070690 -0.07166785
v 0.01545394 0.08071529 -0.07320389
v 0.00934815 0.08097736 -0.07421390
v 0.01545394 0.08071529 -0.07320389
v 0.00929569 0.08067167 -0.07428157
v 0.00934815 0.08097736 -0.07421390
v 0.00929569 0.08067167 -0.07428157
v 0.00304430 0.08070690 -0.07476431
v -0.00312198 0.08081486 -0.07473162
v 0.00304430 0.08070690 -0.07476431
v -0.00313373 0.08064127 -0.07483586
v -0.00312198 0.08081486 -0.07473162
v -0.00313373 0.08064127 -0.07483586
v -0.00934246 0.08070630 -0.07423859
v 0.01545394 0.08071529 -0.07320389
v 0.00934815 0.08097736 -0.07421390
v 0.01550466 0.08102320 -0.07320330
v 0.01545394 0.08071529 -0.07320389
v 0.01550466 0.08102320 -0.07320330
v 0.02155049 0.08102318 -0.07165021
v 0.04381572 0.08102320 -0.06059434
v 0.04394596 0.08115740 -0.06071296
v -0.01552965 0.08065954 -0.07324471
v -0.02155051 0.08068787 -0.07166167
v -0.01548902 0.08084191 -0.07316886
v -0.01552965 0.08065954 -0.07324471
v -0.01548902 0.08084191 -0.07316886
v -0.00934246 0.08070630 -0.07423859
v 0.00304430 0.08070690 -0.07476431
v -0.00312198 0.08081486 -0.07473162
v 0.00312993 0.08102318 -0.07476808
v 0.00304430 0.08070690 -0.07476431
v 0.00312993 0.08102318 -0.07476808
v 0.00934815 0.08097736 -0.07421390
v -0.02155051 0.08068787 -0.07166167
v -0.02747328 0.08069508 -0.06959413
v -0.02153179 0.08094774 -0.07162696
v -0.02155051 0.08068787 -0.07166167
v -0.02153179 0.08094774 -0.07162696
v -0.01548902 0.08084191 -0.07316886
v 0.01550466 0.08102320 -0.07320330
v 0.00934815 0.08097736 -0.07421390
v 0.01557539 0.08115739 -0.07336463
v 0.01550466 0.08102320 -0.07320330
v 0.01557539 0.08115739 -0.07336463
v 0.02163443 0.08115739 -0.07180509
v -0.04874896 0.08065952 -0.05674081
v -0.05331040 0.08065621 -0.05245739
v -0.04867684 0.08084190 -0.05669388
v -0.04874896 0.08065952 -0.05674081
v -0.04867684 0.08084190 -0.05669388
v -0.04378745 0.08084190 -0.06056925
v -0.02743360 0.08113626 -0.06972319
v -0.02743360 0.08113626 -0.06972319
v -0.02742453 0.08094773 -0.06957511
v -0.03312083 0.08092227 -0.06702922
v -0.05739955 0.08084190 -0.04778637
v -0.05322114 0.08086855 -0.05242024
v -0.05747087 0.08065556 -0.04783437
v -0.05739955 0.08084190 -0.04778637
v -0.05747087 0.08065556 -0.04783437
v -0.06124668 0.08065556 -0.04285863
v -0.06124668 0.08065556 -0.04285863
v -0.06459815 0.08065950 -0.03756955
v -0.06117158 0.08084191 -0.04281680
v -0.06117158 0.08084191 -0.04281680
v -0.04378745 0.08084190 -0.06056925
v -0.04867684 0.08084190 -0.05669388
v -0.04380319 0.08112605 -0.06069586
v -0.04378745 0.08084190 -0.06056925
v -0.04380319 0.08112605 -0.06069586
v -0.03860175 0.08102316 -0.06405853
v -0.03312083 0.08092227 -0.06702922
v -0.03860175 0.08102316 -0.06405853
v -0.03314640 0.08113626 -0.06718412
v -0.03312083 0.08092227 -0.06702922
v -0.03314640 0.08113626 -0.06718412
v -0.02743360 0.08113626 -0.06972319
v -0.06740065 0.08086855 -0.03201861
v -0.06451460 0.08084191 -0.03754895
v -0.06749711 0.08065624 -0.03202433
v -0.06740065 0.08086855 -0.03201861
v -0.06749711 0.08065624 -0.03202433
v -0.06985094 0.08070628 -0.02627737
v -0.05739955 0.08084190 -0.04778637
v -0.06117158 0.08084191 -0.04281680
v -0.05744630 0.08112605 -0.04790507
v -0.05739955 0.08084190 -0.04778637
v -0.05744630 0.08112605 -0.04790507
v -0.05322114 0.08086855 -0.05242024
v -0.05322114 0.08086855 -0.05242024
v -0.05744630 0.08112605 -0.04790507
v -0.05328107 0.08113651 -0.05256085
v -0.05322114 0.08086855 -0.05242024
v -0.05328107 0.08113651 -0.05256085
v -0.04870321 0.08112605 -0.05681865
v -0.03860175 0.08102316 -0.06405853
v -0.04380319 0.08112605 -0.06069586
v -0.03866065 0.08115737 -0.06422454
v -0.03860175 0.08102316 -0.06405853
v -0.03866065 0.08115737 -0.06422454
v -0.03314640 0.08113626 -0.06718412
v -0.02152487 0.08114512 -0.07178801
v -0.02743360 0.08113626 -0.06972319
v -0.02759319 0.08117957 -0.06991088
v -0.06458049 0.08112604 -0.03765818
v -0.06122813 0.08112605 -0.04293114
v -0.06451460 0.08084191 -0.03754895
v -0.06458049 0.08112604 -0.03765818
v -0.06451460 0.08084191 -0.03754895
v -0.06740065 0.08086855 -0.03201861
v -0.07324960 0.08067166 -0.01422485
v -0.07411760 0.08071527 -0.00805141
v -0.07317609 0.08094966 -0.01426712
v -0.07324960 0.08067166 -0.01422485
v -0.07317609 0.08094966 -0.01426712
v -0.07175061 0.08084190 -0.02033466
v -0.06985094 0.08070628 -0.02627737
v -0.07175061 0.08084190 -0.02033466
v -0.06985397 0.08102315 -0.02629026
v -0.06985094 0.08070628 -0.02627737
v -0.06985397 0.08102315 -0.02629026
v -0.06740065 0.08086855 -0.03201861
v -0.07175061 0.08084190 -0.02033466
v -0.07317609 0.08094966 -0.01426712
v -0.07184160 0.08112604 -0.02042409
v -0.07175061 0.08084190 -0.02033466
v -0.07184160 0.08112604 -0.02042409
v -0.06985397 0.08102315 -0.02629026
v -0.07437234 0.08070687 0.00445341
v -0.07368838 0.08089587 0.01057725
v -0.07437534 0.08099783 0.00437262
v -0.07437234 0.08070687 0.00445341
v -0.07437534 0.08099783 0.00437262
v -0.07453877 0.08107297 -0.00189229
v -0.06985397 0.08102315 -0.02629026
v -0.07184160 0.08112604 -0.02042409
v -0.07000323 0.08115735 -0.02638382
v -0.06985397 0.08102315 -0.02629026
v -0.07000323 0.08115735 -0.02638382
v -0.06750347 0.08113650 -0.03213168
v -0.07412232 0.08102315 -0.00810187
v -0.07453877 0.08107297 -0.00189229
v -0.07429018 0.08115736 -0.00815532
v -0.07412232 0.08102315 -0.00810187
v -0.07429018 0.08115736 -0.00815532
v -0.07334800 0.08115202 -0.01434637
v -0.06605426 0.08102317 0.03421994
v -0.06866967 0.08086856 0.02856370
v -0.06604266 0.08070628 0.03422628
v -0.06605426 0.08102317 0.03421994
v -0.06604266 0.08070628 0.03422628
v -0.06289883 0.08071527 0.03966271
v -0.06289883 0.08071527 0.03966271
v -0.05931452 0.08070688 0.04481582
v -0.06292342 0.08099783 0.03962496
v -0.06289883 0.08071527 0.03966271
v -0.06292342 0.08099783 0.03962496
v -0.06605426 0.08102317 0.03421994
v -0.06866967 0.08086856 0.02856370
v -0.06605426 0.08102317 0.03421994
v -0.06882245 0.08113651 0.02856458
v -0.06866967 0.08086856 0.02856370
v -0.06882245 0.08113651 0.02856458
v -0.07085811 0.08094772 0.02271840
v -0.07085811 0.08094772 0.02271840
v -0.06882245 0.08113651 0.02856458
v -0.07100648 0.08113625 0.02271813
v -0.07085811 0.08094772 0.02271840
v -0.07100648 0.08113625 0.02271813
v -0.07267278 0.08113650 0.01668283
v -0.07453877 0.08107297 -0.00189229
v -0.07452577 0.08114565 0.00434129
v -0.07484455 0.08117736 -0.00187219
v -0.07453877 0.08107297 -0.00189229
v -0.07484455 0.08117736 -0.00187219
v -0.07429018 0.08115736 -0.00815532
v -0.07407038 0.08117956 0.01066659
v -0.07452577 0.08114565 0.00434129
v -0.07385121 0.08113626 0.01055419
v -0.05539367 0.08102316 0.04956241
v -0.05937199 0.08102316 0.04475228
v -0.05538088 0.08070629 0.04956564
v -0.05539367 0.08102316 0.04956241
v -0.05538088 0.08070629 0.04956564
v -0.05100059 0.08094967 0.05399957
v -0.03592117 0.08065559 0.06505717
v -0.03027346 0.08071529 0.06779308
v -0.03588738 0.08084190 0.06497815
v -0.03592117 0.08065559 0.06505717
v -0.03588738 0.08084190 0.06497815
v -0.04117736 0.08070689 0.06181275
v -0.04627187 0.08069509 0.05813608
v -0.04117736 0.08070689 0.06181275
v -0.04627976 0.08094777 0.05808439
v -0.04627187 0.08069509 0.05813608
v -0.04627976 0.08094777 0.05808439
v -0.05100059 0.08094967 0.05399957
v -0.07385121 0.08113626 0.01055419
v -0.07267278 0.08113650 0.01668283
v -0.07407038 0.08117956 0.01066659
v -0.04125256 0.08102318 0.06177162
v -0.04627976 0.08094777 0.05808439
v -0.04117736 0.08070689 0.06181275
v -0.04125256 0.08102318 0.06177162
v -0.04117736 0.08070689 0.06181275
v -0.03588738 0.08084190 0.06497815
v -0.05953095 0.08115737 0.04482820
v -0.06308224 0.08115203 0.03967012
v -0.05937199 0.08102316 0.04475228
v -0.05953095 0.08115737 0.04482820
v -0.05937199 0.08102316 0.04475228
v -0.05539367 0.08102316 0.04956241
v -0.00619517 0.08071530 0.07396131
v -0.00630937 0.08047997 0.07427284
v 0.00004073 0.08071532 0.07421924
v -0.00001536 0.08047320 0.07454225
v 0.00004073 0.08071532 0.07421924
v -0.00001536 0.08047320 0.07454225
v 0.00627644 0.08071530 0.07395447
v 0.00627644 0.08071530 0.07395447
v -0.00001536 0.08047320 0.07454225
v 0.00627195 0.08048004 0.07427609
v 0.00627644 0.08071530 0.07395447
v 0.00627195 0.08048004 0.07427609
v 0.01250365 0.08070690 0.07316547
v 0.01250365 0.08070690 0.07316547
v 0.00627195 0.08048004 0.07427609
v 0.01246638 0.08049160 0.07347793
v 0.01250365 0.08070690 0.07316547
v 0.01246638 0.08049160 0.07347793
v 0.01860744 0.08070692 0.07186150
v 0.01860744 0.08070692 0.07186150
v 0.01246638 0.08049160 0.07347793
v 0.01858007 0.08051190 0.07215781
v 0.01860744 0.08070692 0.07186150
v 0.01858007 0.08051190 0.07215781
v 0.02453560 0.08065563 0.07012631
v 0.02453560 0.08065563 0.07012631
v 0.01858007 0.08051190 0.07215781
v 0.02462187 0.08048005 0.07037327
v 0.02453560 0.08065563 0.07012631
v 0.02462187 0.08048005 0.07037327
v 0.03035731 0.08064405 0.06783800
v 0.03035731 0.08064405 0.06783800
v 0.02462187 0.08048005 0.07037327
v 0.03042808 0.08047320 0.06807781
v 0.03035731 0.08064405 0.06783800
v 0.03042808 0.08047320 0.06807781
v 0.03596924 0.08070693 0.06496688
v 0.03601640 0.08051193 0.06526067
v 0.03596924 0.08070693 0.06496688
v 0.03601640 0.08051193 0.06526067
v 0.04126804 0.08067105 0.06179689
v 0.04126804 0.08067105 0.06179689
v 0.03601640 0.08051193 0.06526067
v 0.04139029 0.08050841 0.06201091
v 0.04126804 0.08067105 0.06179689
v 0.04139029 0.08050841 0.06201091
v 0.04645348 0.08046176 0.05840074
v 0.04126804 0.08067105 0.06179689
v 0.04645348 0.08046176 0.05840074
v 0.04629214 0.08070632 0.05810048
v 0.04629214 0.08070632 0.05810048
v 0.04645348 0.08046176 0.05840074
v 0.05120273 0.08046177 0.05430770
v 0.04629214 0.08070632 0.05810048
v 0.05120273 0.08046177 0.05430770
v 0.05106959 0.08065955 0.05404523
v 0.05106959 0.08065955 0.05404523
v 0.05120273 0.08046177 0.05430770
v 0.05543790 0.08068853 0.04952944
v 0.05559280 0.08046177 0.04983164
v 0.05543790 0.08068853 0.04952944
v 0.05559280 0.08046177 0.04983164
v 0.05941080 0.08065561 0.04478144
v 0.05941080 0.08065561 0.04478144
v 0.05559280 0.08046177 0.04983164
v 0.05961934 0.08048005 0.04493934
v 0.05941080 0.08065561 0.04478144
v 0.05961934 0.08048005 0.04493934
v 0.06294248 0.08071531 0.03959386
v 0.06294248 0.08071531 0.03959386
v 0.05961934 0.08048005 0.04493934
v 0.06319914 0.08045321 0.03982553
v 0.06294248 0.08071531 0.03959386
v 0.06319914 0.08045321 0.03982553
v 0.06610950 0.08065626 0.03421836
v 0.06610950 0.08065626 0.03421836
v 0.06319914 0.08045321 0.03982553
v 0.06630308 0.08047998 0.03441307
v 0.06610950 0.08065626 0.03421836
v 0.06630308 0.08047998 0.03441307
v 0.06875621 0.08065561 0.02859013
v 0.06875621 0.08065561 0.02859013
v 0.06630308 0.08047998 0.03441307
v 0.06899741 0.08048006 0.02869131
v 0.06875621 0.08065561 0.02859013
v 0.06899741 0.08048006 0.02869131
v 0.07088679 0.08071531 0.02268733
v 0.07088679 0.08071531 0.02268733
v 0.06899741 0.08048006 0.02869131
v 0.07117670 0.08047320 0.02284040
v 0.07088679 0.08071531 0.02268733
v 0.07117670 0.08047320 0.02284040
v 0.07261747 0.08065628 0.01669308
v 0.07261747 0.08065628 0.01669308
v 0.07117670 0.08047320 0.02284040
v 0.07285343 0.08047998 0.01683349
v 0.07261747 0.08065628 0.01669308
v 0.07285343 0.08047998 0.01683349
v 0.07378493 0.08065628 0.01055705
v 0.07378493 0.08065628 0.01055705
v 0.07285343 0.08047998 0.01683349
v 0.07403180 0.08048000 0.01067716
v 0.07378493 0.08065628 0.01055705
v 0.07403180 0.08048000 0.01067716
v 0.07445058 0.08064406 0.00436401
v 0.07445058 0.08064406 0.00436401
v 0.07403180 0.08048000 0.01067716
v 0.07465684 0.08051207 0.00439275
v 0.07445058 0.08064406 0.00436401
v 0.07465684 0.08051207 0.00439275
v 0.07456263 0.08065629 -0.00190010
v 0.07456263 0.08065629 -0.00190010
v 0.07465684 0.08051207 0.00439275
v 0.07482504 0.08048007 -0.00187913
v 0.07456263 0.08065629 -0.00190010
v 0.07482504 0.08048007 -0.00187913
v 0.07416744 0.08065628 -0.00813383
v 0.07416744 0.08065628 -0.00813383
v 0.07482504 0.08048007 -0.00187913
v 0.07445408 0.08045320 -0.00811038
v 0.07416744 0.08065628 -0.00813383
v 0.07445408 0.08045320 -0.00811038
v 0.07325735 0.08065561 -0.01428626
v 0.07325735 0.08065561 -0.01428626
v 0.07445408 0.08045320 -0.00811038
v 0.07353960 0.08045319 -0.01431317
v 0.07325735 0.08065561 -0.01428626
v 0.07353960 0.08045319 -0.01431317
v 0.07210668 0.08046715 -0.02041098
v 0.07325735 0.08065561 -0.01428626
v 0.07210668 0.08046715 -0.02041098
v 0.07176538 0.08071532 -0.02038191
v 0.07176538 0.08071532 -0.02038191
v 0.07210668 0.08046715 -0.02041098
v 0.06988974 0.08065628 -0.02633241
v 0.06988974 0.08065628 -0.02633241
v 0.07210668 0.08046715 -0.02041098
v 0.07015576 0.08047320 -0.02637676
v 0.06988974 0.08065628 -0.02633241
v 0.07015576 0.08047320 -0.02637676
v 0.06743058 0.08070632 -0.03203507
v 0.06768415 0.08051204 -0.03215425
v 0.06743058 0.08070632 -0.03203507
v 0.06768415 0.08051204 -0.03215425
v 0.06455385 0.08067653 -0.03760792
v 0.06455385 0.08067653 -0.03760792
v 0.06768415 0.08051204 -0.03215425
v 0.06482491 0.08047319 -0.03771139
v 0.06455385 0.08067653 -0.03760792
v 0.06482491 0.08047319 -0.03771139
v 0.06115179 0.08070692 -0.04289706
v 0.06115179 0.08070692 -0.04289706
v 0.06482491 0.08047319 -0.03771139
v 0.06148286 0.08047998 -0.04297684
v 0.06115179 0.08070692 -0.04289706
v 0.06148286 0.08047998 -0.04297684
v 0.05737307 0.08070691 -0.04786474
v 0.05737307 0.08070691 -0.04786474
v 0.06148286 0.08047998 -0.04297684
v 0.05769626 0.08047998 -0.04797197
v 0.05737307 0.08070691 -0.04786474
v 0.05769626 0.08047998 -0.04797197
v 0.05327896 0.08065558 -0.05248992
v 0.05327896 0.08065558 -0.05248992
v 0.05769626 0.08047998 -0.04797197
v 0.05347465 0.08046182 -0.05268985
v 0.05327896 0.08065558 -0.05248992
v 0.05347465 0.08046182 -0.05268985
v 0.04866302 0.08071530 -0.05674142
v 0.04866302 0.08071530 -0.05674142
v 0.05347465 0.08046182 -0.05268985
v 0.04892968 0.08045317 -0.05696150
v 0.04866302 0.08071530 -0.05674142
v 0.04892968 0.08045317 -0.05696150
v 0.04374233 0.08070693 -0.06063857
v 0.04374233 0.08070693 -0.06063857
v 0.04892968 0.08045317 -0.05696150
v 0.04398805 0.08051194 -0.06080630
v 0.04374233 0.08070693 -0.06063857
v 0.04398805 0.08051194 -0.06080630
v 0.03860368 0.08070631 -0.06404874
v 0.03860368 0.08070631 -0.06404874
v 0.04398805 0.08051194 -0.06080630
v 0.03879550 0.08045317 -0.06432799
v 0.03860368 0.08070631 -0.06404874
v 0.03879550 0.08045317 -0.06432799
v 0.03328185 0.08051195 -0.06729486
v 0.03860368 0.08070631 -0.06404874
v 0.03328185 0.08051195 -0.06729486
v 0.03315250 0.08064406 -0.06712729
v 0.03315250 0.08064406 -0.06712729
v 0.03328185 0.08051195 -0.06729486
v 0.02736305 0.08070690 -0.06962129
v 0.02736305 0.08070690 -0.06962129
v 0.03328185 0.08051195 -0.06729486
v 0.02759460 0.08047998 -0.06987095
v 0.02736305 0.08070690 -0.06962129
v 0.02759460 0.08047998 -0.06987095
v 0.02146663 0.08070690 -0.07166785
v 0.02146663 0.08070690 -0.07166785
v 0.02759460 0.08047998 -0.06987095
v 0.02169227 0.08046175 -0.07195022
v 0.02146663 0.08070690 -0.07166785
v 0.02169227 0.08046175 -0.07195022
v 0.01545394 0.08071529 -0.07320389
v 0.01545394 0.08071529 -0.07320389
v 0.02169227 0.08046175 -0.07195022
v 0.01558160 0.08045317 -0.07352522
v 0.01545394 0.08071529 -0.07320389
v 0.01558160 0.08045317 -0.07352522
v 0.00929569 0.08067167 -0.07428157
v 0.00929569 0.08067167 -0.07428157
v 0.01558160 0.08045317 -0.07352522
v 0.00943987 0.08046175 -0.07456446
v 0.00929569 0.08067167 -0.07428157
v 0.00943987 0.08046175 -0.07456446
v 0.00304430 0.08070690 -0.07476431
v 0.00319267 0.08046174 -0.07509393
v 0.00304430 0.08070690 -0.07476431
v 0.00319267 0.08046174 -0.07509393
v -0.00313373 0.08064127 -0.07483586
v -0.00313373 0.08064127 -0.07483586
v 0.00319267 0.08046174 -0.07509393
v -0.00314352 0.08048003 -0.07507796
v -0.00313373 0.08064127 -0.07483586
v -0.00314352 0.08048003 -0.07507796
v -0.00934246 0.08070630 -0.07423859
v -0.00934246 0.08070630 -0.07423859
v -0.00314352 0.08048003 -0.07507796
v -0.00936564 0.08045315 -0.07457659
v -0.00934246 0.08070630 -0.07423859
v -0.00936564 0.08045315 -0.07457659
v -0.01550754 0.08046175 -0.07353819
v -0.00934246 0.08070630 -0.07423859
v -0.01550754 0.08046175 -0.07353819
v -0.01552965 0.08065954 -0.07324471
v -0.01552965 0.08065954 -0.07324471
v -0.01550754 0.08046175 -0.07353819
v -0.02155051 0.08068787 -0.07166167
v -0.02155051 0.08068787 -0.07166167
v -0.01550754 0.08046175 -0.07353819
v -0.02162274 0.08051201 -0.07191343
v -0.02155051 0.08068787 -0.07166167
v -0.02162274 0.08051201 -0.07191343
v -0.02747328 0.08069508 -0.06959413
v -0.02747328 0.08069508 -0.06959413
v -0.02162274 0.08051201 -0.07191343
v -0.02754263 0.08045315 -0.06991400
v -0.02747328 0.08069508 -0.06959413
v -0.02754263 0.08045315 -0.06991400
v -0.03319691 0.08067167 -0.06706537
v -0.03319691 0.08067167 -0.06706537
v -0.02754263 0.08045315 -0.06991400
v -0.03323339 0.08046174 -0.06738079
v -0.03319691 0.08067167 -0.06706537
v -0.03323339 0.08046174 -0.06738079
v -0.03867094 0.08070688 -0.06400802
v -0.03872978 0.08046173 -0.06436466
v -0.03867094 0.08070688 -0.06400802
v -0.03872978 0.08046173 -0.06436466
v -0.04384460 0.08065557 -0.06063345
v -0.04384460 0.08065557 -0.06063345
v -0.03872978 0.08046173 -0.06436466
v -0.04401382 0.08046177 -0.06085627
v -0.04384460 0.08065557 -0.06063345
v -0.04401382 0.08046177 -0.06085627
v -0.04874896 0.08065952 -0.05674081
v -0.04874896 0.08065952 -0.05674081
v -0.04401382 0.08046177 -0.06085627
v -0.04890358 0.08045314 -0.05698408
v -0.04874896 0.08065952 -0.05674081
v -0.04890358 0.08045314 -0.05698408
v -0.05331040 0.08065621 -0.05245739
v -0.05331040 0.08065621 -0.05245739
v -0.04890358 0.08045314 -0.05698408
v -0.05344467 0.08046173 -0.05272031
v -0.05331040 0.08065621 -0.05245739
v -0.05344467 0.08046173 -0.05272031
v -0.05747087 0.08065556 -0.04783437
v -0.05747087 0.08065556 -0.04783437
v -0.05344467 0.08046173 -0.05272031
v -0.05767254 0.08048002 -0.04800092
v -0.05747087 0.08065556 -0.04783437
v -0.05767254 0.08048002 -0.04800092
v -0.06124668 0.08065556 -0.04285863
v -0.06146161 0.08048002 -0.04300770
v -0.06124668 0.08065556 -0.04285863
v -0.06146161 0.08048002 -0.04300770
v -0.06459815 0.08065950 -0.03756955
v -0.06459815 0.08065950 -0.03756955
v -0.06146161 0.08048002 -0.04300770
v -0.06482414 0.08045316 -0.03774845
v -0.06459815 0.08065950 -0.03756955
v -0.06482414 0.08045316 -0.03774845
v -0.06749711 0.08065624 -0.03202433
v -0.06749711 0.08065624 -0.03202433
v -0.06482414 0.08045316 -0.03774845
v -0.06767487 0.08051190 -0.03217394
v -0.06749711 0.08065624 -0.03202433
v -0.06767487 0.08051190 -0.03217394
v -0.06985094 0.08070628 -0.02627737
v -0.06985094 0.08070628 -0.02627737
v -0.06767487 0.08051190 -0.03217394
v -0.07017008 0.08046178 -0.02638217
v -0.06985094 0.08070628 -0.02627737
v -0.07017008 0.08046178 -0.02638217
v -0.07183663 0.08065952 -0.02033390
v -0.07183663 0.08065952 -0.02033390
v -0.07017008 0.08046178 -0.02638217
v -0.07210629 0.08046178 -0.02041901
v -0.07183663 0.08065952 -0.02033390
v -0.07210629 0.08046178 -0.02041901
v -0.07324960 0.08067166 -0.01422485
v -0.07324960 0.08067166 -0.01422485
v -0.07210629 0.08046178 -0.02041901
v -0.07353318 0.08045314 -0.01434710
v -0.07324960 0.08067166 -0.01422485
v -0.07353318 0.08045314 -0.01434710
v -0.07411760 0.08071527 -0.00805141
v -0.07439637 0.08050838 -0.00813044
v -0.07411760 0.08071527 -0.00805141
v -0.07439637 0.08050838 -0.00813044
v -0.07450945 0.08070687 -0.00178660
v -0.07450945 0.08070687 -0.00178660
v -0.07439637 0.08050838 -0.00813044
v -0.07484209 0.08046173 -0.00192798
v -0.07450945 0.08070687 -0.00178660
v -0.07484209 0.08046173 -0.00192798
v -0.07437234 0.08070687 0.00445341
v -0.07437234 0.08070687 0.00445341
v -0.07484209 0.08046173 -0.00192798
v -0.07471564 0.08046173 0.00434034
v -0.07437234 0.08070687 0.00445341
v -0.07471564 0.08046173 0.00434034
v -0.07377873 0.08065556 0.01060167
v -0.07377873 0.08065556 0.01060167
v -0.07471564 0.08046173 0.00434034
v -0.07403745 0.08048003 0.01064010
v -0.07377873 0.08065556 0.01060167
v -0.07403745 0.08048003 0.01064010
v -0.07260119 0.08065952 0.01675148
v -0.07260119 0.08065952 0.01675148
v -0.07403745 0.08048003 0.01064010
v -0.07286215 0.08048001 0.01679704
v -0.07260119 0.08065952 0.01675148
v -0.07286215 0.08048001 0.01679704
v -0.07087456 0.08068849 0.02279246
v -0.07087456 0.08068849 0.02279246
v -0.07286215 0.08048001 0.01679704
v -0.07118617 0.08047315 0.02281140
v -0.07087456 0.08068849 0.02279246
v -0.07118617 0.08047315 0.02281140
v -0.06873846 0.08065623 0.02863163
v -0.06873846 0.08065623 0.02863163
v -0.07118617 0.08047315 0.02281140
v -0.06903285 0.08046173 0.02865362
v -0.06873846 0.08065623 0.02863163
v -0.06903285 0.08046173 0.02865362
v -0.06604266 0.08070628 0.03422628
v -0.06604266 0.08070628 0.03422628
v -0.06903285 0.08046173 0.02865362
v -0.06633406 0.08046177 0.03439339
v -0.06604266 0.08070628 0.03422628
v -0.06633406 0.08046177 0.03439339
v -0.06289883 0.08071527 0.03966271
v -0.06289883 0.08071527 0.03966271
v -0.06633406 0.08046177 0.03439339
v -0.06320159 0.08047316 0.03978851
v -0.06289883 0.08071527 0.03966271
v -0.06320159 0.08047316 0.03978851
v -0.05931452 0.08070688 0.04481582
v -0.05931452 0.08070688 0.04481582
v -0.06320159 0.08047316 0.03978851
v -0.05959826 0.08051191 0.04490537
v -0.05931452 0.08070688 0.04481582
v -0.05959826 0.08051191 0.04490537
v -0.05538088 0.08070629 0.04956564
v -0.05538088 0.08070629 0.04956564
v -0.05959826 0.08051191 0.04490537
v -0.05558919 0.08051201 0.04975301
v -0.05538088 0.08070629 0.04956564
v -0.05558919 0.08051201 0.04975301
v -0.05103492 0.08067102 0.05405579
v -0.05103492 0.08067102 0.05405579
v -0.05558919 0.08051201 0.04975301
v -0.05121534 0.08050836 0.05422375
v -0.05103492 0.08067102 0.05405579
v -0.05121534 0.08050836 0.05422375
v -0.04648319 0.08051191 0.05830654
v -0.05103492 0.08067102 0.05405579
v -0.04648319 0.08051191 0.05830654
v -0.04627187 0.08069509 0.05813608
v -0.04627187 0.08069509 0.05813608
v -0.04648319 0.08051191 0.05830654
v -0.04117736 0.08070689 0.06181275
v -0.04117736 0.08070689 0.06181275
v -0.04648319 0.08051191 0.05830654
v -0.04147502 0.08046173 0.06201784
v -0.04117736 0.08070689 0.06181275
v -0.04147502 0.08046173 0.06201784
v -0.03592117 0.08065559 0.06505717
v -0.03592117 0.08065559 0.06505717
v -0.04147502 0.08046173 0.06201784
v -0.03605069 0.08046178 0.06530521
v -0.03592117 0.08065559 0.06505717
v -0.03605069 0.08046178 0.06530521
v -0.03027346 0.08071529 0.06779308
v -0.03027346 0.08071529 0.06779308
v -0.03605069 0.08046178 0.06530521
v -0.03046511 0.08045317 0.06808085
v -0.03027346 0.08071529 0.06779308
v -0.03046511 0.08045317 0.06808085
v -0.02443633 0.08070691 0.07010168
v -0.02443633 0.08070691 0.07010168
v -0.03046511 0.08045317 0.06808085
v -0.02465725 0.08047996 0.07036082
v -0.02443633 0.08070691 0.07010168
v -0.02465725 0.08047996 0.07036082
v -0.01853144 0.08070630 0.07188105
v -0.01853144 0.08070630 0.07188105
v -0.02465725 0.08047996 0.07036082
v -0.01860114 0.08051199 0.07215247
v -0.01853144 0.08070630 0.07188105
v -0.01860114 0.08051199 0.07215247
v -0.01242672 0.08067103 0.07321600
v -0.01249676 0.08047318 0.07349160
v -0.01242672 0.08067103 0.07321600
v -0.01249676 0.08047318 0.07349160
v -0.00630937 0.08047997 0.07427284
v -0.01242672 0.08067103 0.07321600
v -0.00630937 0.08047997 0.07427284
v -0.00619517 0.08071530 0.07396131
v 0.07465684 0.08051207 0.00439275
v 0.07403180 0.08048000 0.01067716
v 0.07474200 0.08032760 0.00440082
v 0.07465684 0.08051207 0.00439275
v 0.07474200 0.08032760 0.00440082
v 0.07482504 0.08048007 -0.00187913
v 0.06768415 0.08051204 -0.03215425
v 0.07015576 0.08047320 -0.02637676
v 0.06776267 0.08032757 -0.03218818
v 0.06768415 0.08051204 -0.03215425
v 0.06776267 0.08032757 -0.03218818
v 0.06482491 0.08047319 -0.03771139
v 0.03879550 0.08045317 -0.06432799
v 0.03329931 0.08032755 -0.06738171
v 0.03328185 0.08051195 -0.06729486
v 0.03328185 0.08051195 -0.06729486
v 0.03329931 0.08032755 -0.06738171
v 0.02759460 0.08047998 -0.06987095
v -0.02162274 0.08051201 -0.07191343
v -0.01550754 0.08046175 -0.07353819
v -0.02164485 0.08032753 -0.07199605
v -0.02162274 0.08051201 -0.07191343
v -0.02164485 0.08032753 -0.07199605
v -0.02754263 0.08045315 -0.06991400
v -0.05959826 0.08051191 0.04490537
v -0.06320159 0.08047316 0.03978851
v -0.05965250 0.08032755 0.04497539
v -0.05959826 0.08051191 0.04490537
v -0.05965250 0.08032755 0.04497539
v -0.05558919 0.08051201 0.04975301
v -0.05565455 0.08032754 0.04980818
v -0.05558919 0.08051201 0.04975301
v -0.05565455 0.08032754 0.04980818
v -0.05121534 0.08050836 0.05422375
v 0.01858007 0.08051190 0.07215781
v 0.01246638 0.08049160 0.07347793
v 0.01862360 0.08032752 0.07223493
v 0.01858007 0.08051190 0.07215781
v 0.01862360 0.08032752 0.07223493
v 0.02462187 0.08048005 0.07037327
v 0.03601640 0.08051193 0.06526067
v 0.03042808 0.08047320 0.06807781
v 0.03607779 0.08032756 0.06532451
v 0.03601640 0.08051193 0.06526067
v 0.03607779 0.08032756 0.06532451
v 0.04139029 0.08050841 0.06201091
v 0.04139029 0.08050841 0.06201091
v 0.03607779 0.08032756 0.06532451
v 0.04144273 0.08032757 0.06207546
v 0.04139029 0.08050841 0.06201091
v 0.04144273 0.08032757 0.06207546
v 0.04645348 0.08046176 0.05840074
v 0.01246638 0.08049160 0.07347793
v 0.00627195 0.08048004 0.07427609
v 0.01251415 0.08019496 0.07353006
v 0.01246638 0.08049160 0.07347793
v 0.01251415 0.08019496 0.07353006
v 0.01862360 0.08032752 0.07223493
v 0.06319914 0.08045321 0.03982553
v 0.06636368 0.08019689 0.03437370
v 0.06630308 0.08047998 0.03441307
v 0.06630308 0.08047998 0.03441307
v 0.06636368 0.08019689 0.03437370
v 0.06899741 0.08048006 0.02869131
v 0.06899741 0.08048006 0.02869131
v 0.06636368 0.08019689 0.03437370
v 0.06903255 0.08019689 0.02869889
v 0.06899741 0.08048006 0.02869131
v 0.06903255 0.08019689 0.02869889
v 0.07117670 0.08047320 0.02284040
v 0.07117670 0.08047320 0.02284040
v 0.06903255 0.08019689 0.02869889
v 0.07121719 0.08019689 0.02282070
v 0.07117670 0.08047320 0.02284040
v 0.07121719 0.08019689 0.02282070
v 0.07285343 0.08047998 0.01683349
v 0.07290232 0.08019689 0.01678026
v 0.07285343 0.08047998 0.01683349
v 0.07290232 0.08019689 0.01678026
v 0.07403180 0.08048000 0.01067716
v 0.07403180 0.08048000 0.01067716
v 0.07290232 0.08019689 0.01678026
v 0.07407608 0.08019689 0.01062004
v 0.07403180 0.08048000 0.01067716
v 0.07407608 0.08019689 0.01062004
v 0.07474200 0.08032760 0.00440082
v 0.07482504 0.08048007 -0.00187913
v 0.07474200 0.08032760 0.00440082
v 0.07486023 0.08019689 -0.00188645
v 0.07482504 0.08048007 -0.00187913
v 0.07486023 0.08019689 -0.00188645
v 0.07445408 0.08045320 -0.00811038
v 0.02759460 0.08047998 -0.06987095
v 0.03329931 0.08032755 -0.06738171
v 0.02754909 0.08019687 -0.06992713
v 0.02759460 0.08047998 -0.06987095
v 0.02754909 0.08019687 -0.06992713
v 0.02169227 0.08046175 -0.07195022
v -0.00314352 0.08048003 -0.07507796
v 0.00319267 0.08046174 -0.07509393
v -0.00315162 0.08019686 -0.07511299
v -0.00314352 0.08048003 -0.07507796
v -0.00315162 0.08019686 -0.07511299
v -0.00936564 0.08045315 -0.07457659
v -0.07403745 0.08048003 0.01064010
v -0.07471564 0.08046173 0.00434034
v -0.07407144 0.08019684 0.01065176
v -0.07403745 0.08048003 0.01064010
v -0.07407144 0.08019684 0.01065176
v -0.07286215 0.08048001 0.01679704
v -0.07289504 0.08019684 0.01681154
v -0.07286215 0.08048001 0.01679704
v -0.07289504 0.08019684 0.01681154
v -0.07118617 0.08047315 0.02281140
v -0.07118617 0.08047315 0.02281140
v -0.07289504 0.08019684 0.01681154
v -0.07120732 0.08019684 0.02285124
v -0.07118617 0.08047315 0.02281140
v -0.07120732 0.08019684 0.02285124
v -0.06903285 0.08046173 0.02865362
v -0.06320159 0.08047316 0.03978851
v -0.06633406 0.08046177 0.03439339
v -0.06324626 0.08019649 0.03978317
v -0.06320159 0.08047316 0.03978851
v -0.06324626 0.08019649 0.03978317
v -0.05965250 0.08032755 0.04497539
v -0.03046511 0.08045317 0.06808085
v -0.02460943 0.08019686 0.07041504
v -0.02465725 0.08047996 0.07036082
v -0.02465725 0.08047996 0.07036082
v -0.02460943 0.08019686 0.07041504
v -0.01862506 0.08032749 0.07223457
v -0.01249676 0.08047318 0.07349160
v -0.01862506 0.08032749 0.07223457
v -0.01247134 0.08019686 0.07352878
v -0.01249676 0.08047318 0.07349160
v -0.01247134 0.08019686 0.07352878
v -0.00630937 0.08047997 0.07427284
v -0.00630937 0.08047997 0.07427284
v -0.01247134 0.08019686 0.07352878
v -0.00624950 0.08019687 0.07431344
v -0.00630937 0.08047997 0.07427284
v -0.00624950 0.08019687 0.07431344
v -0.00001536 0.08047320 0.07454225
v -0.00001536 0.08047320 0.07454225
v -0.00624950 0.08019687 0.07431344
v 0.00001593 0.08019687 0.07457470
v -0.00001536 0.08047320 0.07454225
v 0.00001593 0.08019687 0.07457470
v 0.00627195 0.08048004 0.07427609
v 0.00628155 0.08019687 0.07431075
v 0.00627195 0.08048004 0.07427609
v 0.00628155 0.08019687 0.07431075
v 0.01251415 0.08019496 0.07353006
v 0.02462187 0.08048005 0.07037327
v 0.01862360 0.08032752 0.07223493
v 0.02470240 0.08019665 0.07038505
v 0.02462187 0.08048005 0.07037327
v 0.02470240 0.08019665 0.07038505
v 0.03042808 0.08047320 0.06807781
v 0.03042808 0.08047320 0.06807781
v 0.02470240 0.08019665 0.07038505
v 0.03041623 0.08019652 0.06812124
v 0.03042808 0.08047320 0.06807781
v 0.03041623 0.08019652 0.06812124
v 0.03607779 0.08032756 0.06532451
v 0.05969292 0.08019666 0.04490457
v 0.06318006 0.08019763 0.03987956
v 0.06319914 0.08045321 0.03982553
v 0.06319914 0.08045321 0.03982553
v 0.06318006 0.08019763 0.03987956
v 0.06636368 0.08019689 0.03437370
v 0.07445408 0.08045320 -0.00811038
v 0.07486023 0.08019689 -0.00188645
v 0.07446044 0.08019827 -0.00813527
v 0.07445408 0.08045320 -0.00811038
v 0.07446044 0.08019827 -0.00813527
v 0.07353960 0.08045319 -0.01431317
v 0.07353960 0.08045319 -0.01431317
v 0.07446044 0.08019827 -0.00813527
v 0.07353337 0.08019783 -0.01441064
v 0.07353960 0.08045319 -0.01431317
v 0.07353337 0.08019783 -0.01441064
v 0.07210668 0.08046715 -0.02041098
v 0.05344011 0.08019783 -0.05274615
v 0.04898033 0.08019762 -0.05693473
v 0.04892968 0.08045317 -0.05696150
v 0.04892968 0.08045317 -0.05696150
v 0.04898033 0.08019762 -0.05693473
v 0.04401974 0.08032756 -0.06088903
v 0.03879550 0.08045317 -0.06432799
v 0.04401974 0.08032756 -0.06088903
v 0.03877951 0.08019827 -0.06434811
v 0.03879550 0.08045317 -0.06432799
v 0.03877951 0.08019827 -0.06434811
v 0.03329931 0.08032755 -0.06738171
v 0.02169227 0.08046175 -0.07195022
v 0.02754909 0.08019687 -0.06992713
v 0.02163361 0.08019826 -0.07198008
v 0.02169227 0.08046175 -0.07195022
v 0.02163361 0.08019826 -0.07198008
v 0.01558160 0.08045317 -0.07352522
v 0.01558160 0.08045317 -0.07352522
v 0.02163361 0.08019826 -0.07198008
v 0.01555993 0.08019826 -0.07353895
v 0.01558160 0.08045317 -0.07352522
v 0.01555993 0.08019826 -0.07353895
v 0.00943987 0.08046175 -0.07456446
v 0.00943987 0.08046175 -0.07456446
v 0.01555993 0.08019826 -0.07353895
v 0.00937706 0.08019826 -0.07458413
v 0.00943987 0.08046175 -0.07456446
v 0.00937706 0.08019826 -0.07458413
v 0.00319267 0.08046174 -0.07509393
v 0.00319267 0.08046174 -0.07509393
v 0.00937706 0.08019826 -0.07458413
v 0.00312847 0.08019826 -0.07510826
v 0.00319267 0.08046174 -0.07509393
v 0.00312847 0.08019826 -0.07510826
v -0.00315162 0.08019686 -0.07511299
v -0.00936564 0.08045315 -0.07457659
v -0.00315162 0.08019686 -0.07511299
v -0.00939068 0.08019825 -0.07458242
v -0.00936564 0.08045315 -0.07457659
v -0.00939068 0.08019825 -0.07458242
v -0.01550754 0.08046175 -0.07353819
v -0.01550754 0.08046175 -0.07353819
v -0.00939068 0.08019825 -0.07458242
v -0.01557331 0.08019825 -0.07353612
v -0.01550754 0.08046175 -0.07353819
v -0.01557331 0.08019825 -0.07353612
v -0.02164485 0.08032753 -0.07199605
v -0.02754263 0.08045315 -0.06991400
v -0.02164485 0.08032753 -0.07199605
v -0.02756830 0.08019825 -0.06991342
v -0.02754263 0.08045315 -0.06991400
v -0.02756830 0.08019825 -0.06991342
v -0.03323339 0.08046174 -0.06738079
v -0.03323339 0.08046174 -0.06738079
v -0.02756830 0.08019825 -0.06991342
v -0.03329658 0.08019825 -0.06736241
v -0.03323339 0.08046174 -0.06738079
v -0.03329658 0.08019825 -0.06736241
v -0.03872978 0.08046173 -0.06436466
v -0.03872978 0.08046173 -0.06436466
v -0.03329658 0.08019825 -0.06736241
v -0.03879122 0.08019825 -0.06434105
v -0.03872978 0.08046173 -0.06436466
v -0.03879122 0.08019825 -0.06434105
v -0.04401382 0.08046177 -0.06085627
v -0.04407452 0.08019778 -0.06083034
v -0.04401382 0.08046177 -0.06085627
v -0.04407452 0.08019778 -0.06083034
v -0.04890358 0.08045314 -0.05698408
v -0.07020631 0.08019779 -0.02632696
v -0.07209741 0.08019758 -0.02050818
v -0.07210629 0.08046178 -0.02041901
v -0.07210629 0.08046178 -0.02041901
v -0.07209741 0.08019758 -0.02050818
v -0.07353318 0.08045314 -0.01434710
v -0.07353318 0.08045314 -0.01434710
v -0.07209741 0.08019758 -0.02050818
v -0.07354644 0.08019824 -0.01432518
v -0.07353318 0.08045314 -0.01434710
v -0.07354644 0.08019824 -0.01432518
v -0.07447955 0.08032752 -0.00813122
v -0.07484209 0.08046173 -0.00192798
v -0.07447955 0.08032752 -0.00813122
v -0.07485507 0.08019824 -0.00186341
v -0.07484209 0.08046173 -0.00192798
v -0.07485507 0.08019824 -0.00186341
v -0.07471564 0.08046173 0.00434034
v -0.07471564 0.08046173 0.00434034
v -0.07485507 0.08019824 -0.00186341
v -0.07472318 0.08019824 0.00440574
v -0.07471564 0.08046173 0.00434034
v -0.07472318 0.08019824 0.00440574
v -0.07407144 0.08019684 0.01065176
v -0.06903285 0.08046173 0.02865362
v -0.07120732 0.08019684 0.02285124
v -0.06901850 0.08019822 0.02871779
v -0.06903285 0.08046173 0.02865362
v -0.06901850 0.08019822 0.02871779
v -0.06633406 0.08046177 0.03439339
v -0.06633406 0.08046177 0.03439339
v -0.06901850 0.08019822 0.02871779
v -0.06631723 0.08019779 0.03445732
v -0.06633406 0.08046177 0.03439339
v -0.06631723 0.08019779 0.03445732
v -0.06324626 0.08019649 0.03978317
v -0.03600140 0.08019780 0.06534907
v -0.03052138 0.08019761 0.06806985
v -0.03046511 0.08045317 0.06808085
v -0.03046511 0.08045317 0.06808085
v -0.03052138 0.08019761 0.06806985
v -0.02460943 0.08019686 0.07041504
v 0.03041623 0.08019652 0.06812124
v 0.02470240 0.08019665 0.07038505
v 0.02756090 0.08019898 0.06930864
v 0.03041623 0.08019652 0.06812124
v 0.03606814 0.08019898 0.06530543
v 0.03607779 0.08032756 0.06532451
v 0.03607779 0.08032756 0.06532451
v 0.03606814 0.08019898 0.06530543
v 0.04144273 0.08032757 0.06207546
v 0.04143156 0.08019899 0.06205722
v 0.04144273 0.08032757 0.06207546
v 0.04143156 0.08019899 0.06205722
v 0.04651148 0.08019828 0.05836961
v 0.04144273 0.08032757 0.06207546
v 0.04651148 0.08019828 0.05836961
v 0.04645348 0.08046176 0.05840074
v 0.04645348 0.08046176 0.05840074
v 0.04651148 0.08019828 0.05836961
v 0.05120273 0.08046177 0.05430770
v 0.04651148 0.08019828 0.05836961
v 0.05125789 0.08019828 0.05427186
v 0.05120273 0.08046177 0.05430770
v 0.05120273 0.08046177 0.05430770
v 0.05125789 0.08019828 0.05427186
v 0.05559280 0.08046177 0.04983164
v 0.05125789 0.08019828 0.05427186
v 0.05564479 0.08019828 0.04979128
v 0.05559280 0.08046177 0.04983164
v 0.05559280 0.08046177 0.04983164
v 0.05564479 0.08019828 0.04979128
v 0.05969292 0.08019666 0.04490457
v 0.05559280 0.08046177 0.04983164
v 0.05969292 0.08019666 0.04490457
v 0.05961934 0.08048005 0.04493934
v 0.05961934 0.08048005 0.04493934
v 0.05969292 0.08019666 0.04490457
v 0.06319914 0.08045321 0.03982553
v 0.07472071 0.08019899 0.00439871
v 0.07486023 0.08019689 -0.00188645
v 0.07474200 0.08032760 0.00440082
v 0.07472071 0.08019899 0.00439871
v 0.07474200 0.08032760 0.00440082
v 0.07407608 0.08019689 0.01062004
v 0.06147816 0.08019899 0.04242615
v 0.06318006 0.08019763 0.03987956
v 0.05969292 0.08019666 0.04490457
v 0.07353337 0.08019783 -0.01441064
v 0.07289034 0.08019899 -0.01739860
v 0.07213666 0.08019763 -0.02036738
v 0.07353337 0.08019783 -0.01441064
v 0.07213666 0.08019763 -0.02036738
v 0.07210668 0.08046715 -0.02041098
v 0.07210668 0.08046715 -0.02041098
v 0.07213666 0.08019763 -0.02036738
v 0.07017526 0.08019689 -0.02641739
v 0.07210668 0.08046715 -0.02041098
v 0.07017526 0.08019689 -0.02641739
v 0.07015576 0.08047320 -0.02637676
v 0.07015576 0.08047320 -0.02637676
v 0.07017526 0.08019689 -0.02641739
v 0.06776267 0.08032757 -0.03218818
v 0.06776267 0.08032757 -0.03218818
v 0.06483731 0.08019688 -0.03775477
v 0.06482491 0.08047319 -0.03771139
v 0.06482491 0.08047319 -0.03771139
v 0.06483731 0.08019688 -0.03775477
v 0.06148286 0.08047998 -0.04297684
v 0.07017526 0.08019689 -0.02641739
v 0.06774299 0.08019899 -0.03217975
v 0.06776267 0.08032757 -0.03218818
v 0.06776267 0.08032757 -0.03218818
v 0.06774299 0.08019899 -0.03217975
v 0.06483731 0.08019688 -0.03775477
v 0.06147602 0.08019688 -0.04304881
v 0.06148286 0.08047998 -0.04297684
v 0.06147602 0.08019688 -0.04304881
v 0.05769626 0.08047998 -0.04797197
v 0.06147602 0.08019688 -0.04304881
v 0.05768346 0.08019688 -0.04804311
v 0.05769626 0.08047998 -0.04797197
v 0.05769626 0.08047998 -0.04797197
v 0.05768346 0.08019688 -0.04804311
v 0.05347465 0.08046182 -0.05268985
v 0.04892968 0.08045317 -0.05696150
v 0.04401974 0.08032756 -0.06088903
v 0.04398805 0.08051194 -0.06080630
v 0.04398805 0.08051194 -0.06080630
v 0.04401974 0.08032756 -0.06088903
v 0.03879550 0.08045317 -0.06432799
v 0.05768346 0.08019688 -0.04804311
v 0.05344011 0.08019783 -0.05274615
v 0.05347465 0.08046182 -0.05268985
v 0.05347465 0.08046182 -0.05268985
v 0.05344011 0.08019783 -0.05274615
v 0.04892968 0.08045317 -0.05696150
v -0.05344467 0.08046173 -0.05272031
v -0.04890358 0.08045314 -0.05698408
v -0.04886973 0.08019759 -0.05703024
v -0.04886973 0.08019759 -0.05703024
v -0.04890358 0.08045314 -0.05698408
v -0.04407452 0.08019778 -0.06083034
v -0.04886973 0.08019759 -0.05703024
v -0.04407452 0.08019778 -0.06083034
v -0.04650441 0.08019895 -0.05897625
v 0.05344011 0.08019783 -0.05274615
v 0.05125097 0.08019898 -0.05487909
v 0.04898033 0.08019762 -0.05693473
v 0.04401974 0.08032756 -0.06088903
v 0.04898033 0.08019762 -0.05693473
v 0.04400656 0.08019898 -0.06087218
v 0.04401974 0.08032756 -0.06088903
v 0.04400656 0.08019898 -0.06087218
v 0.03877951 0.08019827 -0.06434811
v 0.03329931 0.08032755 -0.06738171
v 0.03877951 0.08019827 -0.06434811
v 0.03328913 0.08019898 -0.06736289
v 0.03329931 0.08032755 -0.06738171
v 0.03328913 0.08019898 -0.06736289
v 0.02754909 0.08019687 -0.06992713
v -0.02164485 0.08032753 -0.07199605
v -0.01557331 0.08019825 -0.07353612
v -0.02163940 0.08019896 -0.07197537
v -0.02164485 0.08032753 -0.07199605
v -0.02163940 0.08019896 -0.07197537
v -0.02756830 0.08019825 -0.06991342
v -0.04886973 0.08019759 -0.05703024
v -0.05349831 0.08019824 -0.05268216
v -0.05344467 0.08046173 -0.05272031
v -0.05344467 0.08046173 -0.05272031
v -0.05349831 0.08019824 -0.05268216
v -0.05770398 0.08019684 -0.04801836
v -0.05344467 0.08046173 -0.05272031
v -0.05770398 0.08019684 -0.04801836
v -0.05767254 0.08048002 -0.04800092
v -0.05767254 0.08048002 -0.04800092
v -0.05770398 0.08019684 -0.04801836
v -0.06146161 0.08048002 -0.04300770
v -0.06149438 0.08019684 -0.04302245
v -0.06146161 0.08048002 -0.04300770
v -0.06149438 0.08019684 -0.04302245
v -0.06482414 0.08045316 -0.03774845
v -0.06482414 0.08045316 -0.03774845
v -0.06776205 0.08032752 -0.03218956
v -0.06767487 0.08051190 -0.03217394
v -0.06767487 0.08051190 -0.03217394
v -0.06776205 0.08032752 -0.03218956
v -0.07017008 0.08046178 -0.02638217
v -0.06149438 0.08019684 -0.04302245
v -0.06484390 0.08019822 -0.03773209
v -0.06482414 0.08045316 -0.03774845
v -0.06482414 0.08045316 -0.03774845
v -0.06484390 0.08019822 -0.03773209
v -0.06776205 0.08032752 -0.03218956
v -0.06484390 0.08019822 -0.03773209
v -0.06774304 0.08019895 -0.03217975
v -0.06776205 0.08032752 -0.03218956
v -0.06776205 0.08032752 -0.03218956
v -0.06774304 0.08019895 -0.03217975
v -0.07020631 0.08019779 -0.02632696
v -0.06776205 0.08032752 -0.03218956
v -0.07020631 0.08019779 -0.02632696
v -0.07017008 0.08046178 -0.02638217
v -0.07017008 0.08046178 -0.02638217
v -0.07353318 0.08045314 -0.01434710
v -0.07447955 0.08032752 -0.00813122
v -0.07439637 0.08050838 -0.00813044
v -0.07439637 0.08050838 -0.00813044
v -0.07447955 0.08032752 -0.00813122
v -0.07484209 0.08046173 -0.00192798
v -0.07445836 0.08019895 -0.00812819
v -0.07485507 0.08019824 -0.00186341
v -0.07447955 0.08032752 -0.00813122
v -0.07445836 0.08019895 -0.00812819
v -0.07447955 0.08032752 -0.00813122
v -0.07354644 0.08019824 -0.01432518
v -0.07120417 0.08019895 -0.02343795
v -0.07209741 0.08019758 -0.02050818
v -0.07020631 0.08019779 -0.02632696
v -0.06631723 0.08019779 0.03445732
v -0.06483804 0.08019895 0.03713191
v -0.06324626 0.08019649 0.03978317
v -0.05565455 0.08032754 0.04980818
v -0.05126620 0.08032750 0.05428952
v -0.05121534 0.08050836 0.05422375
v -0.05121534 0.08050836 0.05422375
v -0.05126620 0.08032750 0.05428952
v -0.04648319 0.08051191 0.05830654
v -0.04651830 0.08032754 0.05838788
v -0.04648319 0.08051191 0.05830654
v -0.04651830 0.08032754 0.05838788
v -0.04147502 0.08046173 0.06201784
v -0.06324626 0.08019649 0.03978317
v -0.05963500 0.08019895 0.04496309
v -0.05965250 0.08032755 0.04497539
v -0.05965250 0.08032755 0.04497539
v -0.05963500 0.08019895 0.04496309
v -0.05565455 0.08032754 0.04980818
v -0.05563814 0.08019895 0.04979447
v -0.05565455 0.08032754 0.04980818
v -0.05563814 0.08019895 0.04979447
v -0.05126620 0.08032750 0.05428952
v -0.05125102 0.08019896 0.05427445
v -0.05126620 0.08032750 0.05428952
v -0.05125102 0.08019896 0.05427445
v -0.04651830 0.08032754 0.05838788
v -0.04650441 0.08019896 0.05837161
v -0.04651830 0.08032754 0.05838788
v -0.04650441 0.08019896 0.05837161
v -0.04142752 0.08019825 0.06206336
v -0.04651830 0.08032754 0.05838788
v -0.04142752 0.08019825 0.06206336
v -0.04147502 0.08046173 0.06201784
v -0.04147502 0.08046173 0.06201784
v -0.04142752 0.08019825 0.06206336
v -0.03605069 0.08046178 0.06530521
v -0.03600140 0.08019780 0.06534907
v -0.03605069 0.08046178 0.06530521
v -0.03600140 0.08019780 0.06534907
v -0.03046511 0.08045317 0.06808085
v -0.02465725 0.08047996 0.07036082
v -0.01862506 0.08032749 0.07223457
v -0.01860114 0.08051199 0.07215247
v -0.01860114 0.08051199 0.07215247
v -0.01862506 0.08032749 0.07223457
v -0.01249676 0.08047318 0.07349160
v -0.03600140 0.08019780 0.06534907
v -0.03328918 0.08019896 0.06675826
v -0.03052138 0.08019761 0.06806985
v -0.01862506 0.08032749 0.07223457
v -0.02460943 0.08019686 0.07041504
v -0.01861905 0.08019897 0.07221403
v -0.01862506 0.08032749 0.07223457
v -0.01861905 0.08019897 0.07221403
v -0.01247134 0.08019686 0.07352878
v 0.01862360 0.08032752 0.07223493
v 0.01251415 0.08019496 0.07353006
v 0.01861900 0.08019898 0.07221403
v 0.01862360 0.08032752 0.07223493
v 0.01861900 0.08019898 0.07221403
v 0.02470240 0.08019665 0.07038505
f 1 2 3
f 1 3 4
f 5 6 3
f 3 6 7
f 3 7 4
f 8 9 3
f 3 9 10
f 3 10 5
f 11 12 3
f 3 12 13
f 3 13 8
f 14 15 3
f 3 15 16
f 3 16 11
f 17 18 3
f 3 18 19
f 3 19 14
f 3 20 17
f 21 22 3
f 3 22 23
f 3 23 24
f 25 26 3
f 3 26 27
f 3 27 21
f 28 29 3
f 3 29 30
f 3 30 25
f 31 32 3
f 3 32 33
f 3 33 28
f 34 35 3
f 3 35 36
f 3 36 31
f 37 38 3
f 3 38 39
f 3 39 34
f 40 41 3
f 3 41 42
f 3 42 37
f 43 44 3
f 3 44 45
f 3 45 40
f 46 47 3
f 3 47 48
f 3 48 43
f 49 50 3
f 3 50 51
f 3 51 46
f 2 52 3
f 3 52 53
f 3 53 49
f 54 55 56
f 57 58 59
f 57 59 60
f 61 62 63
f 61 63 64
f 65 66 67
f 65 67 68
f 69 70 71
f 69 71 72
f 73 74 75
f 73 75 76
f 77 78 79
f 80 81 82
f 83 84 85
f 86 87 88
f 86 88 89
f 90 91 92
f 90 92 93
f 94 95 96
f 94 96 97
f 98 99 100
f 98 100 101
f 102 103 104
f 105 106 107
f 108 109 110
f 111 112 113
f 111 113 114
f 115 116 117
f 115 117 118
f 119 120 121
f 119 121 122
f 123 124 125
f 123 125 126
f 127 128 129
f 127 129 130
f 131 132 133
f 131 133 134
f 135 136 137
f 135 137 138
f 139 140 141
f 139 141 142
f 143 144 145
f 143 145 146
f 147 148 149
f 147 149 150
f 151 152 153
f 151 153 154
f 155 156 157
f 158 159 160
f 161 162 163
f 164 165 166
f 164 166 167
f 168 169 170
f 168 170 171
f 172 173 174
f 172 174 175
f 176 177 178
f 176 178 179
f 180 181 182
f 180 182 183
f 184 185 186
f 184 186 187
f 188 189 190
f 188 190 191
f 192 193 194
f 192 194 195
f 196 197 198
f 196 198 199
f 200 201 202
f 200 202 203
f 204 205 206
f 204 206 207
f 208 209 210
f 211 212 213
f 214 215 216
f 217 218 219
f 217 219 220
f 221 222 223
f 221 223 224
f 225 226 227
f 225 227 228
f 229 230 231
f 229 231 232
f 233 234 235
f 236 237 238
f 239 240 241
f 242 243 244
f 242 244 245
f 246 247 248
f 246 248 249
f 250 251 252
f 250 252 253
f 254 255 256
f 254 256 257
f 258 259 260
f 258 260 261
f 262 263 264
f 262 264 265
f 266 267 268
f 269 270 271
f 272 273 274
f 275 276 277
f 275 277 278
f 279 280 281
f 279 281 282
f 283 284 285
f 283 285 286
f 287 288 289
f 287 289 290
f 291 292 293
f 294 295 296
f 297 298 299
f 54 300 55
f 301 302 303
f 303 302 304
f 304 302 305
f 306 307 308
f 309 310 311
f 311 310 312
f 311 312 313
f 314 315 316
f 317 318 319
f 317 319 320
f 321 322 323
f 324 325 326
f 327 328 329
f 330 331 332
f 330 332 333
f 333 332 334
f 335 336 337
f 338 339 340
f 341 342 343
f 343 342 344
f 345 346 347
f 348 349 350
f 350 349 351
f 352 353 354
f 354 353 355
f 354 355 356
f 308 307 357
f 358 359 360
f 361 362 363
f 363 362 364
f 365 366 367
f 368 369 370
f 371 372 373
f 374 375 376
f 376 375 377
f 376 377 378
f 379 380 381
f 381 380 382
f 378 383 384
f 384 383 385
f 384 385 386
f 387 388 389
f 390 391 392
f 390 392 393
f 394 395 396
f 396 395 397
f 398 399 400
f 401 402 403
f 404 405 406
f 407 408 409
f 410 411 412
f 413 414 415
f 416 411 417
f 418 419 420
f 421 422 423
f 424 425 426
f 427 428 429
f 430 431 432
f 433 434 435
f 435 434 436
f 437 438 439
f 440 441 442
f 443 444 445
f 446 447 448
f 449 450 451
f 452 453 454
f 455 456 457
f 458 459 460
f 460 459 461
f 462 463 464
f 465 466 467
f 467 466 468
f 469 470 471
f 471 470 472
f 471 472 473
f 474 475 476
f 477 478 479
f 480 481 482
f 483 484 485
f 485 484 486
f 485 486 487
f 488 489 490
f 491 492 493
f 494 495 496
f 497 498 499
f 500 501 502
f 503 504 505
f 506 507 508
f 509 510 511
f 512 513 514
f 515 516 517
f 518 519 520
f 521 522 523
f 524 525 526
f 526 525 527
f 528 529 530
f 531 532 533
f 534 535 536
f 537 538 539
f 540 541 542
f 543 544 545
f 546 547 548
f 546 548 549
f 550 551 552
f 552 551 553
f 554 555 556
f 557 558 559
f 560 561 562
f 563 564 565
f 566 567 568
f 569 570 571
f 572 573 574
f 575 576 577
f 578 579 580
f 581 582 583
f 584 585 586
f 587 580 588
f 589 590 591
f 592 593 594
f 595 596 597
f 598 599 600
f 600 599 601
f 600 601 483
f 602 603 604
f 605 606 607
f 608 609 610
f 611 612 613
f 614 615 616
f 617 618 619
f 620 621 622
f 623 624 625
f 626 627 628
f 629 630 631
f 632 633 634
f 635 636 637
f 638 639 640
f 641 642 643
f 644 645 646
f 647 648 649
f 650 651 652
f 653 654 655
f 656 657 658
f 659 660 661
f 662 663 664
f 665 666 667
f 668 669 670
f 671 672 673
f 674 675 676
f 677 678 679
f 680 681 682
f 683 684 685
f 686 687 688
f 689 690 691
f 691 690 692
f 693 694 695
f 696 697 698
f 699 700 701
f 702 703 704
f 705 706 707
f 708 709 710
f 711 712 713
f 714 715 716
f 717 718 719
f 720 721 722
f 723 724 725
f 726 727 728
f 729 730 731
f 732 733 734
f 735 736 737
f 738 739 740
f 741 742 743
f 744 745 746
f 747 748 749
f 750 751 752
f 753 754 755
f 756 757 758
f 759 760 761
f 761 760 762
f 763 764 765
f 766 767 768
f 769 770 771
f 772 773 774
f 775 776 777
f 778 779 780
f 781 782 783
f 784 785 786
f 787 788 789
f 790 791 792
f 793 794 795
f 796 797 798
f 799 800 801
f 802 803 804
f 805 806 807
f 808 809 810
f 811 812 813
f 814 815 816
f 817 818 819
f 820 821 822
f 823 824 825
f 826 827 828
f 829 830 831
f 832 833 834
f 835 836 837
f 838 839 840
f 841 842 843
f 844 845 846
f 847 848 849
f 850 851 852
f 853 854 855
f 856 857 858
f 859 860 861
f 862 863 864
f 865 866 867
f 868 869 870
f 871 872 873
f 874 875 876
f 877 878 879
f 880 881 882
f 883 884 885
f 886 887 888
f 889 890 891
f 892 893 894
f 895 896 897
f 898 899 900
f 901 902 903
f 904 905 906
f 907 908 909
f 910 911 912
f 913 914 915
f 916 917 918
f 919 920 921
f 922 923 924
f 925 926 927
f 928 929 930
f 931 932 933
f 934 935 936
f 937 938 939
f 940 941 942
f 943 944 945
f 946 947 948
f 949 950 951
f 952 953 954
f 955 956 957
f 958 959 960
f 961 962 963
f 964 965 966
f 967 968 969
f 970 971 972
f 973 974 975
f 976 977 978
f 979 980 981
f 982 983 984
f 985 986 987
f 988 989 990
f 991 992 993
f 994 995 996
f 997 998 999
f 1000 1001 1002
f 1003 1004 1005
f 1005 1004 1006
f 1007 1008 1009
f 1010 1011 1012
f 1013 1014 1015
f 1016 1017 1018
f 1019 1020 1021
f 1022 1023 1024
f 1025 1026 1027
f 1028 1029 1030
f 1031 1032 1033
f 1033 1032 1034
f 1035 1036 1037
f 1038 1039 1040
f 1041 1042 1043
f 1044 1045 1046
f 1047 1048 1049
f 1050 1051 1052
f 1053 1054 1055
f 1056 1057 1058
f 1059 1060 1061
f 1062 1063 1064
f 1065 1066 1067
f 1068 1069 1070
f 1071 1072 1073
f 1074 1075 1076
f 1077 1078 1079
f 1080 1081 1082
f 1083 1084 1085
f 1086 1087 1088
f 1089 1090 1091
f 1092 1093 1094
f 1095 1096 1097
f 1098 1099 1100
f 1101 1102 1103
f 1104 1105 1106
f 1107 1108 1109
f 1110 1111 1112
f 1113 1114 1115
f 1116 1117 1118
f 1119 1120 1121
f 1122 1123 1124
f 1125 1126 1127
f 1128 1129 1130
f 1131 1132 1133
f 1134 1135 1136
f 1137 1138 1139
f 1140 1141 1142
f 1143 1144 1145
f 1146 1147 1148
f 1149 1150 1151
f 1152 1153 1154
f 1155 1156 1157
f 1158 1159 1160
f 1161 1162 1163
f 1164 1165 1166
f 1167 1168 1169
f 1170 1171 1172
f 1173 1174 1175
f 1176 1177 1178
f 1179 1180 1181
f 1174 1182 1175
f 1183 1184 1185
f 1186 1187 1188
f 1189 1190 1191
f 1191 1190 1192
f 1193 1194 1195
f 1196 1197 1198
f 1199 1200 1201
f 1202 1203 1204
f 1205 1206 1207
f 1208 1209 1210
f 1211 1212 1213
f 1214 1215 1216
f 1217 1218 1219
f 1220 1221 1222
f 1223 1224 1225
f 1226 1227 1228
f 1229 1230 1231
f 1232 1233 1234
f 1235 1236 1237
f 1238 1239 1240
f 1241 1242 1243
f 1244 1245 1246
f 1247 1248 1249
f 1250 1251 1252
f 1253 1254 1255
f 1256 1257 1258
f 1259 1260 1261
f 1262 1263 1264
f 1265 1266 1267
f 1268 1269 1270
f 1271 1272 1273
f 1274 1275 1276
f 1276 1275 1277
f 1278 1279 1280
f 1281 1282 1283
f 1284 1285 1286
f 1287 1288 1289
f 1290 1291 1292
f 1293 1294 1295
f 1296 1297 1298
f 1299 1300 1301
f 1302 1303 1304
f 1305 1306 1307
f 1308 1309 1310
f 1311 1312 1313
f 1314 1315 1316
f 1317 1318 1319
f 1320 1321 1322
f 1323 1324 1325
f 1326 1327 1328
f 1329 1330 1331
f 1332 1333 1334
f 1335 1336 1337
f 1338 1339 1340
f 1340 1339 1341
f 1342 1343 1344
f 1342 1344 1345
f 1346 1347 1348
f 1349 1350 1351
f 1352 1353 1354
f 1355 1356 1357
f 1358 1359 1360
f 1361 1362 1363
f 1364 1365 1366
f 1367 1368 1369
f 1370 1371 1372
f 1372 1371 1373
f 1374 1375 1376
f 1377 1378 1379
f 1380 1381 1382
f 1383 1384 1385
f 1386 1387 1388
f 1389 1390 1391
f 1392 1393 1394
f 1395 1396 1397
f 1398 1399 1400
f 1401 1402 1403
f 1404 1405 1406
f 1407 1408 1409
f 1410 1411 1412
f 1412 1411 1413
f 1414 1415 1416
f 1417 1418 1419
f 1420 1421 1422
f 1423 1424 1425
f 1426 1427 1428
f 1429 1430 1431
f 1432 1433 1434
f 1435 1436 1437
f 1438 1439 1440
f 1441 1442 1443
f 1444 1445 1446
f 1447 1448 1449
f 1450 1451 1452
f 1453 1454 1455
f 1456 1457 1458
f 1458 1457 1459
f 1460 1461 1462
f 1463 1464 1465
f 1466 1467 1468
f 1469 1470 1471
f 1472 1473 1474
f 1475 1476 1477
f 1478 1479 1480
f 1481 1482 1483
f 1484 1485 1486
f 1487 1488 1489
f 1490 1491 1492
f 1493 1494 1495
f 1496 1497 1498
f 1499 1500 1501
f 1502 1503 1504
f 1505 1506 1507
f 1508 1509 1510
f 1511 1512 1513
f 1514 1515 1516
f 1517 1518 1519
f 1520 1521 1522
f 1523 1524 1525
f 1526 1527 1528
f 1529 1530 1531
f 1532 1533 1534
f 1534 1533 1535
f 1536 1537 1538
f 1539 1540 1541
f 1542 1543 1544
f 1545 1546 1547
f 1548 1549 1550
f 1551 1552 1553
f 1554 1555 1556
f 1557 1558 1559
f 1560 1561 1562
f 1563 1564 1565
f 1566 1567 1568
f 1569 1570 1571
f 1572 1573 1574
f 1575 1576 1577
f 1578 1579 1580
f 1581 1582 1583
f 1584 1585 1586
f 1586 1585 1587
f 1588 1589 1590
f 1591 1592 1593
f 1594 1595 1596
f 1597 1598 1599
f 1600 1601 1602
f 1603 1604 1605
f 1606 1607 1608
f 1609 1610 1611
f 1612 1613 1614
f 1615 1616 1617
f 1618 1619 1620
f 1621 1622 1623
f 1624 1625 1626
f 1627 1628 1629
f 1630 1631 1632
f 1633 1634 1635
f 1636 1637 1638
f 1639 1640 1641
f 1642 1643 1644
f 1645 1646 1647
f 1648 1649 1650
f 1651 1652 1653
f 1654 1655 1656
f 1657 1658 1659
f 1660 1661 1662
f 1663 1664 1665
f 1666 1667 1668
f 1669 1670 1671
f 1672 1673 1674
f 1675 1676 1677
f 1678 1679 1680
f 1681 1682 1683
f 1684 1685 1686
f 1687 1688 1689
f 1690 1691 1692
f 1693 1694 1695
f 1696 1697 1698
f 1699 1700 1701
f 1702 1703 1704
f 1705 1706 1707
f 1708 1709 1710
f 1711 1712 1713
f 1714 1715 1716
f 1717 1718 1719
f 1720 1721 1722
f 1723 1724 1725
f 1726 1727 1728
f 1729 1730 1731
f 1732 1733 1734
f 1735 1736 1737
f 1738 1739 1740
f 1741 1742 1743
f 1744 1745 1746
f 1747 1748 1749
f 1750 1751 1752
f 1753 1754 1755
f 1756 1757 1758
f 1759 1760 1761
f 1762 1763 1764
f 1765 1766 1767
f 1768 1769 1770
f 1771 1772 1773
f 1774 1775 1776
f 1777 1778 1779
f 1780 1781 1782
f 1783 1784 1785
f 1786 1787 1788
f 1789 1790 1791
f 1792 1793 1794
f 1795 1796 1797
f 1798 1799 1800
f 1801 1802 1803
f 1804 1805 1806
f 1807 1808 1809
f 1810 1811 1812
f 1813 1814 1815
f 1816 1817 1818
f 1819 1820 1821
f 1822 1823 1824
f 1825 1826 1827
f 1828 1829 1830
f 1831 1832 1833
f 1834 1816 1818
f 1835 1836 1837
f 1838 1839 1840
f 1841 1842 1843
f 1783 1785 1844
f 1845 1846 1847
f 1848 1849 1850
f 1851 1852 1853
f 1854 1855 1856
f 1857 1858 1859
f 1860 1861 1862
f 1863 1864 1865
f 1866 1867 1868
f 1869 1870 1871
f 1872 1873 1874
f 1875 1876 1877
f 1878 1879 1880
f 1881 1882 1883
f 1884 1885 1886
f 1887 1888 1889
f 1890 1891 1892
f 1893 1894 1895
f 1896 1897 1898
f 1899 1900 1901
f 1902 1903 1904
f 1905 1906 1907
f 1908 1909 1910
f 1911 1912 1913
f 1914 1915 1916
f 1917 1918 1919
f 1920 1921 1922
f 1923 1924 1925
f 1926 1927 1928
f 1929 1930 1931
f 1932 1933 1934
f 1935 1936 1937
f 1938 1939 1940
f 1941 1942 1943
f 1944 1945 1946
f 1947 1948 1949
f 1950 1951 1952
f 1953 1954 1955
f 1956 1957 1958
f 1959 1960 1961
f 1962 1963 1964
f 1965 1966 1967
f 1968 1969 1970
f 1971 1972 1973
f 1974 1975 1976
f 1977 1978 1979
f 1980 1981 1982
f 1983 1984 1985
f 1986 1987 1988
f 1989 1990 1991
f 1992 1993 1994
f 1995 1996 1997
f 1998 1999 2000
f 2001 2002 2003
f 2004 2005 2006
f 2007 2008 2009
f 2010 2011 2012
f 2013 2014 2015
f 2016 2017 2018
f 2019 2020 2021
f 2022 2023 2024
f 2025 2026 2027
f 2028 2029 2030
f 2031 2032 2033
f 2034 2035 2036
f 2037 2038 2039
f 2040 2041 2042
f 2043 2044 2045
f 2046 2047 2048
f 2049 2050 2051
f 2052 2053 2054
f 2055 2056 2057
f 2058 2059 2060
f 2061 2062 2063
f 2064 2065 2066
f 2067 2068 2069
f 2070 2071 2072
f 2073 2074 2075
f 2076 2077 2078
f 2079 2080 2081
f 2082 2083 2084
f 2085 2086 2087
f 2088 2089 2090
f 2091 2092 2093
f 2094 2095 2096
f 2097 2098 2099
f 2100 2101 2102
f 2103 2104 2105
f 2106 2107 2108
f 2109 2110 2111
f 2112 2113 2114
f 2115 2116 2117
f 2118 2119 2120
f 2121 2122 2123
f 2124 2125 2126
f 2127 2128 2129
f 2130 2131 2132
f 2133 2134 2135
f 2136 2137 2138
f 2139 2140 2141
f 2142 2143 2144
f 2145 2146 2147
f 2148 2149 2150
f 2151 2152 2153
f 1726 1728 2154
f 2155 2156 2157
f 2158 2159 2160
f 2161 2162 2163
f 2164 2165 2166
f 2167 2168 2169
f 2170 2171 2172
f 2173 2174 2175
f 2176 2177 2178
f 2179 2180 2181
f 2182 2183 2184
f 2185 2186 2187
f 2188 2189 2190
f 2191 2192 2193
f 2194 2195 2196
f 2197 2198 2199
f 2200 2201 2202
f 2203 2204 2205
f 2206 2207 2208
f 2209 2210 2211
f 2212 2213 2214
f 2215 2216 2217
f 2218 2219 2220
f 2221 2222 2223
f 2224 2225 2226
f 2227 2228 2229
f 1747 1749 2230
f 2231 2232 2233
f 2234 2235 2236
f 2237 2238 2239
f 2240 2241 2242
f 2243 2244 2245
f 2246 2247 2248
f 2249 2250 2251
f 2252 2253 2254
f 2255 2256 2257
f 2258 2259 2260
f 2261 2262 2263
f 2264 2265 2266
f 2267 2268 2269
f 2270 2271 2272
f 2273 2274 2275
f 2276 2277 2278
f 2279 2280 2281
f 2282 2283 2284
f 2285 2286 2287
f 2288 2289 2290
f 2291 2292 2293
f 2294 2295 2296
f 2297 2298 2299
f 2300 2301 2302
f 1775 2303 1776
f 2304 2305 2306
f 2307 2308 2309
f 2310 2311 2312
f 2313 2314 2315
f 2316 2317 2318
f 2319 2320 2321
f 2322 2323 2324
f 2325 2326 2327
f 2328 2329 2330
f 2331 2332 2333
f 2334 2335 2336
f 2337 2338 2339
f 2340 2341 2342
f 2343 2344 2345
f 2346 2347 2348
f 2349 2350 2351
f 2352 2353 2354
f 2355 2356 2357
f 2358 2359 2360
f 2361 2362 2363
f 2364 2365 2366
f 2367 2368 2369
f 2370 2371 2372
f 2373 2374 2375
f 2376 2377 2378
f 2379 2380 2381
f 2382 2383 2384
f 2385 2386 2387
f 2388 2389 2390
f 2391 2392 2393
f 2394 2395 2396
f 2397 2398 2399
f 2400 2401 2402
f 2403 2404 2405
f 2406 2407 2408
f 2409 2410 2411
f 2412 2413 2414
f 2415 2416 2417
f 2418 2419 2420
f 2421 2422 2423
f 2424 2425 2426
f 2427 2428 2429
f 2430 2431 2432
f 2433 2434 2435
f 2436 2437 2438
f 2439 2440 2441
f 2442 2443 2444
f 2445 2446 2447
f 2448 2449 2450
f 2451 2452 2453
f 2454 2455 2456
f 2457 2458 2459
f 2460 2461 2462
f 2463 2464 2465
f 2466 2467 2468
f 2469 2470 2471
f 1955 2472 1953
f 2473 2474 2475
f 2476 2477 2478
f 2479 2480 2481
f 2482 2483 2484
f 2485 2486 2487
f 2485 2487 2488
f 1669 1671 2489
f 2490 2491 2492
f 2493 2494 2495
f 2496 2497 2498
f 2499 2500 2501
f 2502 2503 2504
f 2505 2506 2507
f 2508 2509 2510
f 2511 2512 2513
f 2514 2515 2516
f 2517 2518 2519
f 2520 2521 2522
f 2523 2524 2525
f 2526 2527 2528
f 2529 2530 2531
f 2532 2533 2534
f 2535 2536 2537
f 2538 2539 2540
f 2541 2542 2543
f 2544 2545 2546
f 2547 2548 2549
f 2550 2551 2552
f 2553 2554 2555
f 2556 2557 2558
f 2559 2560 2561
f 2562 2563 2564
f 2565 2566 2567
f 2568 2569 2570
f 2571 2572 2573
f 2574 2575 2576
f 2577 2578 2579
f 2580 2581 2582
f 2583 2584 2585
f 2586 2587 2588
f 2589 2590 2591
f 2592 2593 2594
f 2595 2596 2597
f 2598 2599 2600
f 2601 2602 2603
f 2604 2605 2606
f 2607 2608 2609
f 2610 2611 2612
f 2613 2614 2615
f 2616 2617 2618
f 2619 2620 2621
f 2622 2623 2624
f 2625 2626 2627
f 2628 2629 2630
f 2631 2632 2633
f 2634 2635 2636
f 2637 2638 2639
f 2640 2641 2642
f 2643 2644 2645
f 2646 2647 2648
f 2649 2650 2651
f 2652 2653 2654
f 2655 2656 2657
f 2658 2659 2660
f 2661 2662 2663
f 2664 2665 2666
f 2667 2668 2669
f 2670 2671 2672
f 2673 2674 2675
f 2676 2677 2678
f 2679 2680 2681
f 2682 2683 2684
f 2685 2686 2687
f 2688 2689 2690
f 2691 2692 2693
f 2694 2695 2696
f 2697 2698 2699
f 2700 2701 2702
f 2703 2704 2705
f 2706 2707 2708
f 2709 2710 2711
f 2712 2713 2714
f 2715 2716 2717
f 2718 2719 2720
f 2721 2722 2723
f 2724 2725 2726
f 2727 2728 2729
f 2730 2731 2732
f 2733 2734 2735
f 2736 2737 2738
f 2739 2740 2741
f 2742 2743 2744
f 2745 2145 2147
f 2746 2747 2748
f 2749 2750 2751
f 2752 2753 2754
f 2755 2756 2757
f 2758 2759 2760
f 2761 2762 2763
f 2764 2765 2766
f 2767 2768 2769
f 2770 2771 2772
f 2773 2774 2775
f 2776 2777 2778
f 2779 2780 2781
f 2782 2783 2784
f 2785 2786 2787
f 2788 2789 2790
f 2791 2792 2793
f 2794 2795 2796
f 2797 2798 2799
f 2800 2801 2802
f 2803 2804 2805
f 2806 2807 2808
f 2809 2810 2811
f 2812 2813 2814
f 2815 2816 2817
f 2818 2819 2820
f 2821 2822 2823
f 2824 2825 2826
f 2827 2828 2829
f 2830 2831 2832
f 2833 2834 2835
f 2836 2837 2838
f 2839 2840 2841
f 2842 2239 2238
f 2843 2844 2845
f 2846 2847 2848
f 2849 2850 2851
f 2852 2853 2854
f 2855 2856 2857
f 2858 2859 2860
f 2861 2862 2863
f 2864 2865 2866
f 2867 2868 2869
f 2870 2871 2872
f 2873 2874 2875
f 2876 2877 2878
f 2879 2880 2881
f 2879 2881 2882
f 2883 2884 2885
f 2886 2887 2888
f 2889 2890 2891
f 2892 2893 2894
f 2895 2896 2897
f 2898 2899 2900
f 2901 2902 2903
f 2904 2905 2906
f 2907 2908 2909
f 2910 2911 2912
f 2913 2914 2915
f 2916 2917 2918
f 2919 2920 2921
f 1762 1764 2922
f 2923 2924 2925
f 2926 2927 2928
f 2929 2290 2289
f 2930 2931 2932
f 2933 2934 2935
f 2936 2937 2938
f 2939 2940 2941
f 2942 2943 2944
f 2945 2946 2947
f 2948 2949 2950
f 2951 2952 2953
f 2954 2955 2956
f 2957 2958 2959
f 2960 2961 2962
f 2963 2964 2965
f 2966 2967 2968
f 2969 2970 2971
f 2972 2313 2315
f 2973 2974 2975
f 2976 2977 2978
f 2979 2980 2981
f 2982 2983 2984
f 2985 2986 2987
f 2988 2989 2990
f 2991 2992 2993
f 2994 2995 2996
f 2997 2998 2999
f 3000 3001 3002
f 3003 3004 3005
f 3006 3007 3008
f 3009 3010 3011
f 3012 3013 3014
f 3015 3016 3017
f 3018 3019 3020
f 3021 3022 3023
f 3024 3025 3026
f 3027 3028 3029
f 3030 3031 3032
f 3033 3034 3035
f 3036 3037 3038
f 3039 3040 3041
f 3042 3043 3044
f 3045 3046 3047
f 3048 3049 3050
f 3051 3052 3053
f 3054 3055 3056
f 3057 3058 3059
f 3060 3061 3062
f 3063 3064 3065
f 3066 3067 3068
f 3069 3070 3071
f 3072 3073 3074
f 3075 3076 3077
f 3078 3079 3080
f 3081 3082 3083
f 3084 3085 3086
f 3087 3088 3089
f 3090 3091 3092
f 3093 3094 3095
f 3096 3097 3098
f 3099 3100 3101
f 3102 3103 3104
f 3105 3106 3107
f 3108 3109 3110
f 3111 3112 3113
f 3114 3115 3116
f 3117 3118 3119
f 3120 3121 3122
f 3123 3124 3125
f 3126 3127 3128
f 3129 3130 3131
f 3132 3133 3134
f 3135 3136 3137
f 3138 3139 3140
f 3141 3142 3143
f 3144 3145 3146
f 3147 3148 3149
f 3150 3151 3152
f 3153 3154 3155
f 3156 3157 3158
f 3159 3160 3161
f 3162 3163 3164
f 3165 3166 3167
f 3168 3169 3170
f 3171 3172 3173
f 3174 3175 3176
f 3177 3178 3179
f 3180 3181 3182
f 3183 3184 3185
f 3186 3187 3188
f 3189 3190 3191
f 3192 3193 3194
f 3195 3196 3197
f 3198 3199 3200
f 3201 3202 3203
f 3204 3205 3206
f 3207 3208 3209
f 3210 3211 3212
f 3213 3214 3215
f 3216 3217 3218
f 3219 3220 3221
f 3222 3223 3224
f 3225 3226 3227
f 3228 3229 3230
f 3231 3232 3233
f 3234 3235 3236
f 3237 3238 3239
f 3240 3241 3242
f 3243 3244 3245
f 3246 3247 3248
f 3249 3250 3251
f 3252 3253 3254
f 3255 3256 3257
f 3258 3259 3260
f 3261 3262 3263
f 3264 3265 3266
f 3267 3268 3269
f 3270 3271 3272
f 3273 3274 3275
f 3276 3277 3278
f 3279 3280 3281
f 3282 3283 3284
f 3285 3286 3287
f 3288 3289 3290
f 3291 3292 3293
f 3294 3295 3296
f 3297 3298 3299
f 3300 3301 3302
f 3303 3304 3305
f 3306 3307 3308
f 3309 3310 3311
f 3312 3313 3314
f 3315 3316 3317
f 3318 3319 3320
f 3321 3322 3323
f 3324 3325 3326
f 3327 3328 3329
f 3330 3331 3332
f 3333 3334 3335
f 3336 3337 3338
f 3339 3340 3341
f 3342 3343 3344
f 3345 3346 3347
f 3348 3349 3350
f 3351 3352 3353
f 3354 3355 3356
f 3357 3358 3359
f 3360 3361 3362
f 3363 3364 3365
f 3366 3367 3368
f 3369 3370 3371
f 3372 3373 3374
f 3374 3373 3375
f 3376 3377 3378
f 3379 3380 3381
f 3382 3383 3384
f 3385 3386 3387
f 3388 3389 3390
f 3391 3392 3393
f 3394 3395 3396
f 3397 3398 3399
f 3400 3401 3402
f 3402 3401 3403
f 3404 3405 3406
f 3407 3408 3409
f 3410 3411 3412
f 3413 3414 3415
f 3416 3417 3418
f 3419 3420 3421
f 3422 3423 3424
f 3425 3426 3427
f 3428 3429 3430
f 3431 3432 3433
f 3434 3435 3436
f 3437 3438 3439
f 3440 3441 3442
f 3442 3441 3443
f 3444 3445 3446
f 3444 3446 3447
f 3448 3449 3450
f 3450 3449 3451
f 3452 3453 3454
f 3455 3456 3457
f 3458 3459 3460
f 3461 3462 3463
f 3464 3465 3466
f 3466 3465 3467
f 3468 3469 3470
f 3470 3469 3471
f 3472 3473 3474
f 3474 3473 3475
f 3476 3477 3478
f 3478 3477 3479
f 3480 3481 3482
f 3483 3484 3485
f 3486 3487 3488
f 3488 3487 3489
f 3490 3491 3492
f 3492 3491 3493
f 3494 3495 3496
f 3496 3495 3497
f 3498 3499 3500
f 3500 3499 3501
f 3502 3503 3504
f 3504 3503 3505
f 3506 3507 3508
f 3509 3510 3511
f 3512 3513 3514
f 3514 3513 3515
f 3516 3517 3518
f 3518 3517 3519
f 3520 3521 3522
f 3523 3524 3525
f 3526 3527 3528
f 3528 3527 3529
f 3530 3531 3532
f 3532 3531 3533
f 3534 3535 3536
f 3536 3535 3537
f 3538 3539 3540
f 3541 3542 3543
f 3544 3545 3546
f 3546 3545 3547
f 3548 3549 3550
f 3550 3549 3551
f 3552 3553 3554
f 3552 3554 3555
f 3556 3557 3558
f 3559 3560 3561
f 3562 3563 3564
f 3564 3563 3565
f 3566 3567 3568
f 3568 3567 3569
f 3570 3571 3572
f 3570 3572 3573
f 3574 3575 3576
f 3577 3578 3579
f 3580 3581 3582
f 3582 3581 3583
f 3584 3585 3586
f 3587 3588 3589
f 3590 3591 3592
f 3592 3591 3593
f 3594 3595 3596
f 3596 3595 3597
f 3598 3599 3600
f 3600 3599 3601
f 3602 3603 3604
f 3604 3603 3605
f 3606 3607 3608
f 3608 3607 3609
f 3610 3611 3612
f 3612 3611 3613
f 3614 3615 3616
f 3614 3616 3617
f 3618 3619 3620
f 3620 3619 3621
f 3622 3623 3624
f 3624 3623 3625
f 3626 3627 3628
f 3629 3630 3631
f 3632 3633 3634
f 3634 3633 3635
f 3636 3637 3638
f 3638 3637 3639
f 3640 3641 3642
f 3643 3644 3645
f 3646 3647 3648
f 3648 3647 3649
f 3650 3651 3652
f 3652 3651 3653
f 3654 3655 3656
f 3657 3658 3659
f 3660 3661 3662
f 3663 3664 3665
f 3666 3667 3668
f 3668 3667 3669
f 3670 3671 3672
f 3672 3671 3673
f 3674 3675 3676
f 3676 3675 3677
f 3678 3679 3680
f 3680 3679 3681
f 3682 3683 3684
f 3684 3683 3685
f 3686 3687 3688
f 3688 3687 3689
f 3690 3691 3692
f 3692 3691 3693
f 3694 3695 3696
f 3696 3695 3697
f 3698 3699 3700
f 3700 3699 3701
f 3702 3703 3704
f 3704 3703 3705
f 3706 3707 3708
f 3708 3707 3709
f 3710 3711 3712
f 3712 3711 3713
f 3714 3715 3716
f 3717 3718 3719
f 3720 3721 3722
f 3722 3721 3723
f 3724 3725 3726
f 3727 3728 3729
f 3730 3731 3732
f 3732 3731 3733
f 3734 3735 3736
f 3737 3738 3739
f 3740 3741 3742
f 3743 3744 3745
f 3746 3747 3748
f 3748 3747 3749
f 3750 3751 3752
f 3753 3754 3755
f 3756 3757 3758
f 3758 3757 3759
f 3760 3761 3762
f 3762 3761 3763
f 3764 3765 3766
f 3766 3765 3767
f 3768 3769 3770
f 3771 3772 3773
f 3774 3775 3776
f 3777 3778 3779
f 3780 3781 3782
f 3783 3784 3785
f 3786 3787 3788
f 3789 3790 3791
f 3792 3793 3794
f 3795 3796 3797
f 3798 3799 3800
f 3801 3802 3803
f 3804 3805 3806
f 3807 3808 3809
f 3810 3811 3812
f 3813 3814 3815
f 3816 3817 3818
f 3819 3820 3821
f 3822 3823 3824
f 3825 3826 3827
f 3828 3829 3830
f 3831 3832 3833
f 3834 3835 3836
f 3837 3838 3839
f 3840 3841 3842
f 3843 3844 3845
f 3846 3847 3848
f 3849 3850 3851
f 3852 3853 3854
f 3855 3856 3857
f 3858 3859 3860
f 3861 3862 3863
f 3864 3865 3866
f 3867 3868 3869
f 3870 3871 3872
f 3873 3874 3875
f 3876 3877 3878
f 3879 3880 3881
f 3882 3883 3884
f 3885 3886 3887
f 3888 3889 3890
f 3891 3892 3893
f 3894 3895 3896
f 3897 3898 3899
f 3900 3901 3902
f 3903 3904 3905
f 3906 3907 3908
f 3909 3910 3911
f 3912 3913 3914
f 3915 3916 3917
f 3918 3919 3920
f 3921 3922 3923
f 3924 3925 3926
f 3926 3925 3927
f 3928 3929 3930
f 3931 3932 3933
f 3934 3935 3936
f 3937 3938 3939
f 3940 3941 3942
f 3943 3944 3945
f 3946 3947 3948
f 3949 3950 3951
f 3952 3953 3954
f 3955 3956 3957
f 3958 3959 3960
f 3960 3959 3961
f 3962 3963 3964
f 3965 3966 3967
f 3968 3969 3970
f 3971 3972 3973
f 3974 3975 3976
f 3977 3978 3979
f 3980 3981 3982
f 3983 3984 3985
f 3986 3987 3988
f 3989 3990 3991
f 3992 3993 3994
f 3995 3996 3997
f 3998 3999 4000
f 4001 4002 4003
f 4004 4005 4006
f 4007 4008 4009
f 4010 4011 4012
f 4013 4014 4015
f 4016 4017 4018
f 4019 4020 4021
f 4022 4023 4024
f 4024 4023 4025
f 4026 4027 4028
f 4029 4030 4031
f 4032 4033 4034
f 4035 4036 4037
f 4038 4039 4040
f 4041 4042 4043
f 4044 4045 4046
f 4047 4048 4049
f 4050 4051 4052
f 4053 4054 4055
f 4056 4057 4058
f 4059 4060 4061
f 4062 4063 4064
f 4065 4066 4067
f 4068 4069 4070
f 4071 4072 4073
f 4074 4075 4076
f 4077 4078 4079
f 4080 4081 4082
f 4083 4084 4085
f 4086 4087 4088
f 4088 4087 4089
f 4090 4091 4092
f 4092 4091 4093
f 4094 4095 4096
f 4097 4098 4099
f 4100 4101 4102
f 4102 4101 4103
f 4104 4105 4106
f 4107 4108 4109
f 4110 4111 4112
f 4113 4114 4115
f 4116 4117 4118
f 4118 4117 4119
f 4120 4121 4122
f 4123 4124 4125
f 4126 4127 4128
f 4129 4130 4131
f 4132 4133 4134
f 4134 4133 4135
f 4136 4137 4138
f 4139 4140 4141
f 4142 4143 4144
f 4145 4146 4147
f 4148 4149 4150
f 4151 4152 4153
f 4154 4155 4156
f 4157 4158 4159
f 4160 4161 4162
f 4163 4164 4165
f 4166 4167 4168
f 4169 4170 4171
f 4172 4173 4174
f 4175 4176 4177
f 4178 4179 4180
f 4180 4179 4181
f 4182 4183 4184
f 4185 4186 4187
f 4188 4189 4190
f 4191 4192 4193
f 4194 4195 4196
f 4197 4198 4199
f 4200 4201 4202
f 4203 4204 4205
f 4206 4207 4208
f 4209 4210 4211
f 4212 4213 4214
f 4214 4213 4215
f 4216 4217 4218
f 4219 4220 4221
f 4222 4223 4224
f 4225 4226 4227
f 4228 4229 4230
f 4231 4232 4233
f 4234 4235 4236
f 4237 4238 4239
f 4240 4241 4242
f 4243 4244 4245
f 4246 4247 4248
f 4249 4250 4251
f 4252 4253 4254
f 4255 4256 4257
f 4258 4259 4260
f 4261 4262 4263
f 4264 4265 4266
f 4267 4268 4269
f 4270 4271 4272
f 4272 4271 4273
f 4274 4275 4276
f 4277 4278 4279
f 4280 4281 4282
f 4283 4284 4285
f 4286 4287 4288
f 4288 4287 4289
f 4290 4291 4292
f 4293 4294 4295
f 4296 4297 4298
f 4299 4300 4301
f 4302 4303 4304
f 4305 4306 4307
f 4308 4309 4310
f 4311 4312 4313
f 4314 4315 4316
f 4317 4318 4319
f 4320 4321 4322
f 4323 4324 4325
f 4326 4327 4328
f 4329 4330 4331
f 4332 4333 4334
f 4335 4336 4337
f 4338 4339 4340
f 4341 4342 4343
f 4344 4345 4346
f 4347 4348 4349
f 4350 4351 4352
f 4353 4354 4355
f 4356 4357 4358
f 4359 4350 4352
f 4360 4361 4362
f 4363 4364 4365
f 4366 4367 4368
f 4369 4370 4371
f 4372 4373 4374
f 4375 4376 4377
f 4378 4379 4380
f 4381 4382 4383
f 4384 4385 4386
f 4387 4388 4389
f 4390 4391 4392
f 4393 4394 4395
f 4396 4397 4398
f 4399 4400 4401
f 4402 4403 4404
f 4405 4406 4407
f 4408 4409 4410
f 4411 4412 4413
f 4414 4415 4416
f 4417 4418 4419
f 4420 4421 4422
f 4423 4424 4425
f 4426 4427 4428
f 4429 4430 4431
f 4432 4433 4434
f 4435 4436 4437
f 4438 4439 4440
f 4441 4442 4443
f 4444 4445 4446
f 4447 4448 4449
f 4450 4451 4452
f 4453 4454 4455
f 4456 4457 4458
f 4459 4460 4461
f 4462 4463 4464
f 4465 4466 4467
f 4468 4469 4470
f 4471 4472 4473
f 4474 4475 4476
f 4477 4478 4479
f 4480 4481 4482
f 4483 4484 4485
f 4486 4487 4488
f 4489 4490 4491
f 4492 4493 4494
f 4495 4496 4497
f 4498 4499 4500
f 4501 4502 4503
f 4504 4505 4506
f 4507 4508 4509
f 4510 4511 4512
f 4513 4514 4515
f 4516 4517 4518
f 4519 4520 4521
f 4522 4523 4524
f 4525 4526 4527
f 4528 4529 4530
f 4531 4532 4533
f 4534 4535 4536
f 4537 4538 4539
f 4540 4541 4542
f 4543 4544 4545
f 4546 4547 4548
f 4549 4550 4551
f 4552 4553 4554
f 4555 4556 4557
f 4558 4559 4560
f 4561 4562 4563
f 4564 4565 4566
f 4567 4568 4569
f 4570 4571 4572
f 4573 4570 4572
f 4574 4575 4576
f 4577 4578 4579
f 4580 4581 4582
f 4583 4584 4585
f 4586 4587 4588
f 4589 4590 4591
f 4592 4593 4594
f 4595 4596 4597
f 4598 4599 4600
f 4601 4602 4603
f 4604 4605 4606
f 4607 4608 4609
f 4610 4611 4612
f 4613 4614 4615
f 4616 4617 4618
f 4619 4620 4621
f 4622 4623 4624
f 4625 4626 4627
f 4628 4629 4630
f 4631 4632 4633
f 4634 4635 4636
f 4637 4638 4639
f 4640 4641 4642
f 4643 4644 4645
f 4646 4647 4648
f 4649 4650 4651
f 4652 4653 4654
f 4655 4656 4657
f 4658 4659 4660
f 4661 4662 4663
f 4664 4665 4666
f 4667 4668 4669
f 4670 4671 4672
f 4673 4674 4675
f 4676 4677 4678
f 4679 4680 4681
f 4682 4683 4684
f 4685 4686 4687
f 4688 4689 4690
f 4691 4692 4693
f 4694 4695 4696
f 4697 4698 4699
f 4700 4701 4702
f 4703 4704 4705
f 4706 4707 4708
f 4709 4710 4711
f 4712 4713 4714
f 4715 4716 4717
f 4718 4719 4720
f 4721 4722 4723
f 4724 4725 4726
f 4727 4728 4729
f 4730 4731 4732
f 4733 4734 4735
f 4736 4737 4738
f 4739 4740 4741
f 4742 4743 4744
f 4745 4746 4747
f 4748 4749 4750
f 4751 4752 4753
f 4754 4755 4756
f 4757 4758 4759
f 4760 4761 4762
f 4763 4764 4765
f 4766 4767 4768
f 4769 4770 4771
f 4772 4773 4774
f 4775 4776 4777
f 4778 4779 4780
f 4334 4781 4332
f 4782 4783 4784
f 4785 4786 4787
f 4788 4789 4790
f 4791 4792 4793
f 4794 4795 4796
f 4797 4798 4799
f 4800 4801 4802
f 4803 4804 4805
f 4806 4807 4808
f 4809 4810 4811
f 4812 4813 4814
f 4815 4816 4817
f 4818 4819 4820
f 4821 4822 4823
f 4824 4825 4826
f 4827 4828 4829
f 4830 4831 4832
f 4833 4834 4835
f 4836 4837 4838
f 4839 4840 4841
f 4842 4843 4844
f 4845 4846 4847
f 4848 4849 4850
f 4851 4852 4853
f 4854 4855 4856
f 4857 4858 4859
f 4860 4851 4853
f 4861 4862 4863
f 4864 4865 4866
f 4867 4868 4869
f 4870 4871 4872
f 4873 4874 4875
f 4876 4877 4878
f 4879 4880 4881
f 4882 4883 4884
f 4885 4886 4887
f 4888 4889 4890
f 4891 4892 4893
f 4894 4895 4896
f 4897 4898 4899
f 4900 4901 4902
f 4903 4904 4905
f 4906 4907 4908
f 4909 4910 4911
f 4912 4913 4914
f 4915 4916 4917
f 4914 4918 4912
f 4919 4920 4921
f 4922 4923 4924
f 4925 4926 4927
f 4928 4929 4930
f 4931 4932 4933
f 4934 4935 4936
f 4937 4938 4939
f 4940 4941 4942
f 4943 4944 4945
f 4946 4947 4948
f 4949 4950 4951
f 4952 4953 4954
f 4955 4545 4544
f 4956 4957 4958
f 4959 4960 4961
f 4962 4963 4964
f 4965 4966 4967
f 4968 4969 4970
f 4971 4972 4973
f 4974 4975 4976
f 4977 4978 4979
f 4970 4980 4968
f 4981 4982 4983
f 4984 4985 4986
f 4987 4988 4989
f 4990 4991 4992
f 4993 4994 4995
f 4996 4997 4998
f 4999 5000 5001
f 5002 5003 5004
f 5005 5006 5007
f 5008 5009 5010
f 5011 4563 4562
f 4986 5012 4984
f 5013 5014 5015
f 5016 5017 5018
f 5019 5020 5021
f 5022 5023 5024
f 5025 5026 5027
f 5028 5029 5030
f 5031 5032 5033
f 5034 5035 5036
f 5037 5038 5039
f 5040 5041 5042
f 5043 4634 4636
f 5044 5045 5046
f 5047 5048 5049
f 5050 5051 5052
f 5053 5054 5055
f 5052 5056 5050
f 5057 5058 5059
f 5060 5061 5062
f 5063 5064 5065
f 5066 5067 5068
f 5069 5070 5071
f 5072 5073 5074
f 5075 5076 5077
f 5078 5079 5080
f 5081 5082 5083
f 5084 5085 5086
f 5087 5088 5089
f 5090 5091 5092
f 5093 5094 5095
f 5096 5097 5098
f 5099 5100 5101
f 5102 5103 5104
f 5105 5106 5107
f 5108 5109 5110
f 5111 5112 5113
f 5114 5115 5116
f 5117 5118 5119
f 5120 5121 5122
f 5123 5124 5125
f 5126 5127 5128
f 5129 5130 5131
f 5132 5133 5134
f 5135 5136 5137
f 5138 5139 5140
f 5141 5142 5143
f 5144 5145 5146
f 5147 5148 5149
f 5150 5151 5152
f 5153 5154 5155
f 5156 5157 5158
f 5159 5160 5161
f 5162 5163 5164
f 5165 5166 5167
f 5168 5169 5170
f 5171 5172 5173
f 5174 5175 5176
f 5177 5178 5179
f 5180 5181 5182
f 5183 5184 5185
f 5186 5187 5188
f 5189 5190 5191
f 5192 5193 5194
f 5195 5196 5197
f 5198 5199 5200
f 5201 5202 5203
f 5204 5205 5206
f 5206 5205 5207
f 5208 5209 5210
f 5211 5212 5213
f 5214 5215 5216
f 5217 5218 5219
f 5220 5221 5222
f 5223 5224 5225
f 5226 5227 5228
f 5229 5230 5231
f 5232 5233 5234
f 5235 5236 5237
f 5238 5239 5240
f 5240 5239 5241
f 5242 5243 5244
f 5245 5246 5247
f 5248 5249 5250
f 5251 5252 5253
f 5254 5255 5256
f 5257 5258 5259
f 5260 5261 5262
f 5262 5261 5263
f 5264 5265 5266
f 5267 5268 5269
f 5270 5271 5272
f 5273 5274 5275
f 5276 5277 5278
f 5279 5280 5281
f 5282 5283 5284
f 5285 5286 5287
f 5288 5289 5290
f 5291 5292 5293
f 5294 5295 5296
f 5297 5298 5299
f 5300 5301 5302
f 5303 5304 5305
f 5306 5307 5308
f 5309 5310 5311
f 5312 5313 5314
f 5315 5316 5317
f 5318 5319 5320
f 5321 5322 5323
f 5324 5325 5326
f 5327 5328 5329
f 5330 5331 5332
f 5333 5334 5335
f 5336 5337 5338
f 5339 5340 5341
f 5342 5343 5344
f 5344 5343 5345
f 5346 5347 5348
f 5349 5350 5351
f 5352 5353 5354
f 5355 5356 5357
f 5358 5359 5360
f 5361 5362 5363
f 5364 5365 5366
f 5367 5368 5369
f 5370 5371 5372
f 5373 5374 5375
f 5376 5377 5378
f 5379 5380 5381
f 5382 5383 5384
f 5385 5386 5387
f 5388 5389 5390
f 5391 5392 5393
f 5394 5395 5396
f 5397 5398 5399
f 5400 5401 5402
f 5403 5404 5405
f 5406 5407 5408
f 5409 5410 5411
f 5412 5413 5414
f 5415 5416 5417
f 5418 5419 5420
f 5420 5419 5421
f 5422 5423 5424
f 5425 5426 5427
f 5428 5429 5430
f 5431 5432 5433
f 5434 5435 5436
f 5437 5438 5439
f 5440 5441 5442
f 5443 5444 5445
f 5446 5447 5448
f 5449 5450 5451
f 5452 5453 5454
f 5455 5456 5457
f 5458 5459 5460
f 5460 5459 5461
f 5462 5463 5464
f 5465 5466 5467
f 5468 5469 5470
f 5471 5472 5473
f 5474 5475 5476
f 5477 5478 5479
f 5480 5481 5482
f 5483 5484 5485
f 5486 5487 5488
f 5488 5487 5489
f 5490 5491 5492
f 5493 5494 5495
f 5496 5497 5498
f 5499 5500 5501
f 5502 5503 5504
f 5505 5506 5507
f 5508 5509 5510
f 5511 5512 5513
f 5514 5515 5516
f 5517 5518 5519
f 5520 5521 5522
f 5522 5521 5523
f 5524 5525 5526
f 5527 5528 5529
f 5530 5531 5532
f 5533 5534 5535
f 5536 5537 5538
f 5539 5540 5541
f 5542 5543 5544
f 5545 5546 5547
f 5548 5549 5550
f 5551 5552 5553
f 5554 5555 5556
f 5557 5558 5559
f 5560 5561 5562
f 5563 5564 5565
f 5566 5567 5568
f 5569 5570 5571
f 5572 5573 5574
f 5575 5576 5577
f 5578 5579 5580
f 5581 5582 5583
f 5584 5585 5586
f 5587 5588 5589
f 5590 5591 5592
f 5593 5594 5595
f 5596 5597 5598
f 5599 5600 5601
f 5602 5603 5604
f 5605 5606 5607
f 5608 5609 5610
f 5611 5612 5613
f 5614 5615 5616
f 5617 5618 5619
f 5620 5621 5622
f 5623 5624 5625
f 5626 5627 5628
f 5628 5627 5629
f 5630 5631 5632
f 5633 5634 5635
f 5636 5637 5638
f 5639 5640 5641
f 5642 5643 5644
f 5645 5646 5647
f 5648 5649 5650
f 5651 5652 5653
f 5654 5655 5656
f 5657 5658 5659
f 5660 5661 5662
f 5663 5664 5665
f 5665 5664 5666
f 5667 5668 5669
f 5670 5671 5672
f 5673 5674 5675
f 5676 5677 5678
f 5679 5680 5681
f 5682 5683 5684
f 5685 5686 5687
f 5688 5689 5690
f 5691 5692 5693
f 5694 5695 5696
f 5697 5698 5699
f 5700 5701 5702
f 5703 5704 5705
f 5706 5707 5708
f 5709 5710 5711
f 5711 5710 5712
f 5713 5714 5715
f 5716 5717 5718
f 5719 5720 5721
f 5722 5723 5724
f 5725 5726 5727
f 5728 5729 5730
f 5731 5732 5733
f 5734 5735 5736
f 5737 5738 5739
f 5740 5741 5742
f 5743 5744 5745
f 5745 5744 5746
f 5747 5748 5749
f 5750 5751 5752
f 5753 5754 5755
f 5756 5757 5758
f 5759 5760 5761
f 5762 5763 5764
f 5765 5766 5767
f 5768 5769 5770
f 5771 5772 5773
f 5774 5775 5776
f 5777 5778 5779
f 5780 5781 5782
f 5783 5784 5785
f 5785 5784 5786
f 5787 5788 5789
f 5790 5791 5792
f 5793 5794 5795
f 5796 5797 5798
f 5799 5800 5801
f 5802 5803 5804
f 5805 5806 5807
f 5808 5809 5810
f 5811 5812 5813
f 5814 5815 5816
f 5817 5818 5819
f 5820 5821 5822
f 5823 5824 5825
f 5826 5827 5828
f 5829 5830 5831
f 5832 5833 5834
f 5835 5836 5837
f 5838 5839 5840
f 5841 5842 5843
f 5844 5845 5846
f 5847 5848 5849
f 5850 5851 5852
f 5853 5854 5855
f 5856 5857 5858
f 5859 5860 5861
f 5862 5863 5864
f 5865 5866 5867
f 5868 5869 5870
f 5871 5872 5873
f 5874 5875 5876
f 5877 5878 5879
f 5880 5881 5882
f 5883 5884 5885
f 5885 5884 5886
f 5887 5888 5889
f 5890 5891 5892
f 5893 5894 5895
f 5896 5897 5898
f 5899 5900 5901
f 5902 5903 5904
f 5905 5906 5907
f 5908 5909 5910
f 5911 5912 5913
f 5914 5915 5916
f 5917 5918 5919
f 5920 5921 5922
f 5923 5924 5925
f 5926 5927 5928
f 5929 5930 5931
f 5932 5933 5934
f 5935 5936 5937
f 5938 5939 5940
f 5939 5941 5940
f 5942 5943 5944
f 5945 5946 5947
f 5948 5949 5950
f 5951 5952 5953
f 5954 5955 5956
f 5957 5958 5959
f 5960 5961 5962
f 5963 5964 5965
f 5966 5967 5968
f 5969 5970 5971
f 5972 5973 5974
f 5975 5976 5977
f 5978 5979 5980
f 5981 5982 5983
f 5984 5985 5986
f 5987 5988 5989
f 5990 5991 5992
f 5993 5994 5995
f 5996 5997 5998
f 5999 6000 6001
f 6002 6003 6004
f 5997 6005 5998
f 6006 6007 6008
f 6009 6010 6011
f 6012 6013 6014
f 6015 6016 6017
f 6018 6019 6020
f 6021 6022 6023
f 6024 6025 6026
f 6027 6028 6029
f 6030 6031 6032
f 6033 6034 6035
f 6036 6037 6038
f 6039 6040 6041
f 6042 6043 6044
f 6045 6046 6047
f 6048 6049 6050
f 6051 6052 6053
f 6054 6055 6056
f 6057 6058 6059
f 6060 6061 6062
f 6063 6064 6065
f 6066 6067 6068
f 6067 6069 6068
f 6070 6071 6072
f 6073 6074 6075
f 6076 6077 6078
f 6079 6080 6081
f 6082 6083 6084
f 6085 6086 6087
f 6088 6089 6090
f 6091 6092 6093
f 6094 5890 5892
f 6095 6096 6097
f 6098 6099 6100
f 6101 6102 6103
f 6104 6105 6106
f 6107 6108 6109
f 6110 6111 6112
f 6113 6114 6115
f 6116 6117 6118
f 6117 6119 6118
f 6120 6121 6122
f 6123 6124 6125
f 6126 6127 6128
f 6127 6129 6128
f 6130 6131 6132
f 6131 6133 6132
f 6134 6135 6136
f 6135 6137 6136
f 6138 6139 6140
f 6141 6142 6143
f 6144 6145 6146
f 6145 6147 6146
f 6148 6149 6150
f 6151 6152 6153
f 6154 6155 6156
f 6157 6158 6159
f 6160 6161 6162
f 6163 6164 6165
f 6166 6167 6168
f 6169 6170 6171

