mtllib material.mtl
usemtl material_wrist1_2
v 0.00046161 0.17888438 0.05658557
v 0.00550442 0.17853908 0.05658642
v -0.02759370 0.16906480 0.05651635
v -0.01741968 0.17525172 0.05651635
v -0.01167073 0.17730409 0.05658795
v -0.02759370 0.16906480 0.05651635
v -0.02759370 0.16906480 0.05651635
v -0.01167073 0.17730409 0.05658795
v -0.00595379 0.17846439 0.05651635
v -0.02759370 0.16906480 0.05651635
v -0.00595379 0.17846439 0.05651635
v 0.00046161 0.17888438 0.05658557
v -0.02759370 0.16906480 0.05651635
v -0.02301496 0.17234366 0.05658703
v -0.01741968 0.17525172 0.05651635
v -0.04128605 0.14959685 0.05658765
v -0.03882178 0.15526357 0.05651635
v -0.02759370 0.16906480 0.05651635
v -0.02759370 0.16906480 0.05651635
v -0.03882178 0.15526357 0.05651635
v -0.03563251 0.16050810 0.05658935
v -0.02759370 0.16906480 0.05651635
v -0.03563251 0.16050810 0.05658935
v -0.03234441 0.16459556 0.05658237
v -0.04365781 0.13250617 0.05658703
v -0.04366882 0.13760770 0.05658603
v -0.02759370 0.16906480 0.05651635
v -0.02759370 0.16906480 0.05651635
v -0.04366882 0.13760770 0.05658603
v -0.04280934 0.14404362 0.05651635
v -0.02759370 0.16906480 0.05651635
v -0.04280934 0.14404362 0.05651635
v -0.04128605 0.14959685 0.05658765
v -0.03882176 0.11503200 0.05651635
v -0.04119059 0.12042562 0.05658825
v -0.02759370 0.16906480 0.05651635
v -0.04119059 0.12042562 0.05658825
v -0.04280933 0.12625195 0.05651635
v -0.02759370 0.16906480 0.05651635
v -0.04280933 0.12625195 0.05651635
v -0.04365781 0.13250617 0.05658703
v -0.02759362 0.10123078 0.05651635
v -0.03232072 0.10567662 0.05658489
v -0.02759370 0.16906480 0.05651635
v -0.03232072 0.10567662 0.05658489
v -0.03549150 0.10958407 0.05658662
v -0.02759370 0.16906480 0.05651635
v -0.03549150 0.10958407 0.05658662
v -0.03882176 0.11503200 0.05651635
v -0.01151526 0.09295009 0.05658724
v -0.01741965 0.09504384 0.05651635
v -0.02759370 0.16906480 0.05651635
v -0.01741965 0.09504384 0.05651635
v -0.02286078 0.09785789 0.05657928
v -0.02286078 0.09785789 0.05657928
v -0.02759362 0.10123078 0.05651635
v 0.00577571 0.09179660 0.05658032
v -0.00000004 0.09142401 0.05651635
v -0.00000004 0.09142401 0.05651635
v -0.00595377 0.09183126 0.05651635
v -0.00595377 0.09183126 0.05651635
v -0.01151526 0.09295009 0.05658724
v 0.02201984 0.09734169 0.05657821
v 0.01758007 0.09509437 0.05658785
v -0.02759370 0.16906480 0.05651635
v 0.01758007 0.09509437 0.05658785
v 0.01179650 0.09304540 0.05651635
v 0.01179650 0.09304540 0.05651635
v 0.00577571 0.09179660 0.05658032
v 0.03572098 0.10993319 0.05651635
v 0.03173426 0.10505145 0.05657720
v -0.02759370 0.16906480 0.05651635
v 0.03173426 0.10505145 0.05657720
v 0.02798231 0.10153159 0.05658622
v 0.04290042 0.12661957 0.05658683
v 0.04119917 0.12050565 0.05651635
v 0.04119917 0.12050565 0.05651635
v 0.03879584 0.11494222 0.05658823
v 0.03879584 0.11494222 0.05658823
v 0.03572098 0.10993319 0.05651635
v 0.04284300 0.14393655 0.05659015
v 0.04362182 0.13813163 0.05651635
v -0.02759370 0.16906480 0.05651635
v 0.04362182 0.13813163 0.05651635
v 0.04359497 0.13158121 0.05658424
v 0.04359497 0.13158121 0.05658424
v 0.04290042 0.12661957 0.05658683
v 0.03614263 0.15979904 0.05657896
v 0.03871934 0.15549690 0.05658744
v 0.03871934 0.15549690 0.05658744
v 0.04119916 0.14979008 0.05651635
v 0.04119916 0.14979008 0.05651635
v 0.04284300 0.14393655 0.05659015
v 0.02271812 0.17250627 0.05651635
v 0.02782281 0.16889401 0.05658779
v -0.02759370 0.16906480 0.05651635
v 0.02782281 0.16889401 0.05658779
v 0.03158089 0.16540666 0.05658584
v 0.00550442 0.17853908 0.05658642
v 0.01179647 0.17725021 0.05651635
v -0.02759370 0.16906480 0.05651635
v 0.01179647 0.17725021 0.05651635
v 0.01731394 0.17531743 0.05658805
v -0.02759370 0.16906480 0.05651635
v 0.01731394 0.17531743 0.05658805
v 0.02271812 0.17250627 0.05651635
v 0.00046161 0.17888438 0.05658557
v -0.00595379 0.17846439 0.05651635
v -0.00335343 0.17874599 0.05661132
v -0.00335343 0.17874599 0.05661132
v -0.00595379 0.17846439 0.05651635
v -0.00744835 0.17823548 0.05660959
v -0.00744835 0.17823548 0.05660959
v -0.00595379 0.17846439 0.05651635
v -0.01167073 0.17730409 0.05658795
v -0.01741968 0.17525172 0.05651635
v -0.01569956 0.17595871 0.05661124
v -0.01167073 0.17730409 0.05658795
v -0.02301496 0.17234366 0.05658703
v -0.01948189 0.17429513 0.05660977
v -0.01741968 0.17525172 0.05651635
v -0.01741968 0.17525172 0.05651635
v -0.01948189 0.17429513 0.05660977
v -0.01569956 0.17595871 0.05661124
v -0.02671363 0.16976439 0.05660989
v -0.02301496 0.17234366 0.05658703
v -0.02759370 0.16906480 0.05651635
v -0.03234441 0.16459556 0.05658237
v -0.02989389 0.16706012 0.05661253
v -0.02759370 0.16906480 0.05651635
v -0.02759370 0.16906480 0.05651635
v -0.02989389 0.16706012 0.05661253
v -0.02671363 0.16976439 0.05660989
v -0.03882178 0.15526357 0.05651635
v -0.03779220 0.15714275 0.05661126
v -0.03563251 0.16050810 0.05658935
v -0.04128605 0.14959685 0.05658765
v -0.03969844 0.15348040 0.05660970
v -0.03882178 0.15526357 0.05651635
v -0.03882178 0.15526357 0.05651635
v -0.03969844 0.15348040 0.05660970
v -0.03779220 0.15714275 0.05661126
v -0.04250658 0.14540230 0.05661126
v -0.04128605 0.14959685 0.05658765
v -0.04280934 0.14404362 0.05651635
v -0.04366882 0.13760770 0.05658603
v -0.04328722 0.14133406 0.05660987
v -0.04280934 0.14404362 0.05651635
v -0.04280934 0.14404362 0.05651635
v -0.04328722 0.14133406 0.05660987
v -0.04250658 0.14540230 0.05661126
v -0.04280933 0.12625195 0.05651635
v -0.04324384 0.12866741 0.05660993
v -0.04365781 0.13250617 0.05658703
v -0.04119059 0.12042562 0.05658825
v -0.04243350 0.12459437 0.05661111
v -0.04280933 0.12625195 0.05651635
v -0.04280933 0.12625195 0.05651635
v -0.04243350 0.12459437 0.05661111
v -0.04324384 0.12866741 0.05660993
v -0.03956474 0.11652998 0.05661124
v -0.04119059 0.12042562 0.05658825
v -0.03882176 0.11503200 0.05651635
v -0.03956474 0.11652998 0.05661124
v -0.03882176 0.11503200 0.05651635
v -0.03762953 0.11287503 0.05660981
v -0.03762953 0.11287503 0.05660981
v -0.03882176 0.11503200 0.05651635
v -0.03549150 0.10958407 0.05658662
v -0.02966687 0.10302446 0.05660992
v -0.03232072 0.10567662 0.05658489
v -0.02759362 0.10123078 0.05651635
v -0.02966687 0.10302446 0.05660992
v -0.02759362 0.10123078 0.05651635
v -0.02647883 0.10035089 0.05661111
v -0.02647883 0.10035089 0.05661111
v -0.02759362 0.10123078 0.05651635
v -0.02286078 0.09785789 0.05657928
v -0.01741965 0.09504384 0.05651635
v -0.01921474 0.09586945 0.05660991
v -0.02286078 0.09785789 0.05657928
v -0.01151526 0.09295009 0.05658724
v -0.01541070 0.09422709 0.05661121
v -0.01741965 0.09504384 0.05651635
v -0.01741965 0.09504384 0.05651635
v -0.01541070 0.09422709 0.05661121
v -0.01921474 0.09586945 0.05660991
v -0.00714724 0.09201016 0.05661130
v -0.01151526 0.09295009 0.05658724
v -0.00595377 0.09183126 0.05651635
v -0.00000004 0.09142401 0.05651635
v -0.00302689 0.09152577 0.05660989
v -0.00595377 0.09183126 0.05651635
v -0.00595377 0.09183126 0.05651635
v -0.00302689 0.09152577 0.05660989
v -0.00714724 0.09201016 0.05661130
v 0.00577571 0.09179660 0.05658032
v 0.00114056 0.09143728 0.05661119
v -0.00000004 0.09142401 0.05651635
v -0.00000004 0.09142401 0.05651635
v 0.00114056 0.09143728 0.05661119
v -0.00302689 0.09152577 0.05660989
v 0.01179650 0.09304540 0.05651635
v 0.00962830 0.09249426 0.05661127
v 0.00577571 0.09179660 0.05658032
v 0.01758007 0.09509437 0.05658785
v 0.01360748 0.09359205 0.05660967
v 0.01179650 0.09304540 0.05651635
v 0.01179650 0.09304540 0.05651635
v 0.01360748 0.09359205 0.05660967
v 0.00962830 0.09249426 0.05661127
v 0.02493245 0.09922620 0.05661138
v 0.02201984 0.09734169 0.05657821
v 0.02798231 0.10153159 0.05658622
v 0.03419267 0.10789191 0.05660993
v 0.03173426 0.10505145 0.05657720
v 0.03572098 0.10993319 0.05651635
v 0.03419267 0.10789191 0.05660993
v 0.03572098 0.10993319 0.05651635
v 0.03662485 0.11126097 0.05661111
v 0.03662485 0.11126097 0.05661111
v 0.03572098 0.10993319 0.05651635
v 0.03879584 0.11494222 0.05658823
v 0.04119917 0.12050565 0.05651635
v 0.04056949 0.11883547 0.05660990
v 0.03879584 0.11494222 0.05658823
v 0.04290042 0.12661957 0.05658683
v 0.04193075 0.12274613 0.05661127
v 0.04119917 0.12050565 0.05651635
v 0.04119917 0.12050565 0.05651635
v 0.04193075 0.12274613 0.05661127
v 0.04056949 0.11883547 0.05660990
v 0.04362182 0.13813163 0.05651635
v 0.04372654 0.13529646 0.05660992
v 0.04359497 0.13158121 0.05658424
v 0.04284300 0.14393655 0.05659015
v 0.04351350 0.13944611 0.05661122
v 0.04362182 0.13813163 0.05651635
v 0.04362182 0.13813163 0.05651635
v 0.04351350 0.13944611 0.05661122
v 0.04372654 0.13529646 0.05660992
v 0.04119916 0.14979008 0.05651635
v 0.04184242 0.14784529 0.05661125
v 0.04284300 0.14393655 0.05659015
v 0.03871934 0.15549690 0.05658744
v 0.04045829 0.15173614 0.05660972
v 0.04119916 0.14979008 0.05651635
v 0.04119916 0.14979008 0.05651635
v 0.04045829 0.15173614 0.05660972
v 0.04184242 0.14784529 0.05661125
v 0.03158089 0.16540666 0.05658584
v 0.03401793 0.16262070 0.05661146
v 0.03614263 0.15979904 0.05657896
v 0.02271812 0.17250627 0.05651635
v 0.02467898 0.17124458 0.05661129
v 0.02782281 0.16889401 0.05658779
v 0.01731394 0.17531743 0.05658805
v 0.02116585 0.17341066 0.05660965
v 0.02271812 0.17250627 0.05651635
v 0.02271812 0.17250627 0.05651635
v 0.02116585 0.17341066 0.05660965
v 0.02467898 0.17124458 0.05661129
v 0.01332449 0.17679420 0.05660989
v 0.01731394 0.17531743 0.05658805
v 0.01179647 0.17725021 0.05651635
v 0.01332449 0.17679420 0.05660989
v 0.01179647 0.17725021 0.05651635
v 0.00932727 0.17786780 0.05661135
v 0.00932727 0.17786780 0.05661135
v 0.01179647 0.17725021 0.05651635
v 0.00550442 0.17853908 0.05658642
v 0.00577571 0.09179660 0.05658032
v 0.00962830 0.09249426 0.05661127
v 0.00535699 0.09150152 0.05652906
v 0.00577571 0.09179660 0.05658032
v 0.00535699 0.09150152 0.05652906
v 0.00114056 0.09143728 0.05661119
v -0.02286078 0.09785789 0.05657928
v -0.01921474 0.09586945 0.05660991
v -0.02315406 0.09776346 0.05652906
v -0.02286078 0.09785789 0.05657928
v -0.02315406 0.09776346 0.05652906
v -0.02647883 0.10035089 0.05661111
v 0.02798231 0.10153159 0.05658622
v 0.03173426 0.10505145 0.05657720
v 0.03150736 0.10447246 0.05652906
v 0.03150736 0.10447246 0.05652906
v 0.03173426 0.10505145 0.05657720
v 0.03419267 0.10789191 0.05660993
v 0.01944135 0.09556612 0.05652166
v 0.01758007 0.09509437 0.05658785
v 0.02201984 0.09734169 0.05657821
v 0.01944135 0.09556612 0.05652166
v 0.02201984 0.09734169 0.05657821
v 0.02668756 0.10003781 0.05652116
v 0.02668756 0.10003781 0.05652116
v 0.02201984 0.09734169 0.05657821
v 0.02493245 0.09922620 0.05661138
v 0.02668756 0.10003781 0.05652116
v 0.02493245 0.09922620 0.05661138
v 0.02798231 0.10153159 0.05658622
v 0.02668756 0.10003781 0.05652116
v 0.02798231 0.10153159 0.05658622
v 0.03150736 0.10447246 0.05652906
v 0.03561280 0.10913499 0.05652116
v 0.03150736 0.10447246 0.05652906
v 0.03419267 0.10789191 0.05660993
v 0.03561280 0.10913499 0.05652116
v 0.03419267 0.10789191 0.05660993
v 0.03662485 0.11126097 0.05661111
v 0.03561280 0.10913499 0.05652116
v 0.03662485 0.11126097 0.05661111
v 0.04082272 0.11824758 0.05652172
v 0.04082272 0.11824758 0.05652172
v 0.03662485 0.11126097 0.05661111
v 0.03879584 0.11494222 0.05658823
v 0.04082272 0.11824758 0.05652172
v 0.03879584 0.11494222 0.05658823
v 0.04056949 0.11883547 0.05660990
v 0.04082272 0.11824758 0.05652172
v 0.04056949 0.11883547 0.05660990
v 0.04193075 0.12274613 0.05661127
v 0.04082272 0.11824758 0.05652172
v 0.04193075 0.12274613 0.05661127
v 0.04362232 0.12866474 0.05652116
v 0.04362232 0.12866474 0.05652116
v 0.04193075 0.12274613 0.05661127
v 0.04290042 0.12661957 0.05658683
v 0.04362232 0.12866474 0.05652116
v 0.04290042 0.12661957 0.05658683
v 0.04359497 0.13158121 0.05658424
v 0.04362232 0.12866474 0.05652116
v 0.04359497 0.13158121 0.05658424
v 0.04405234 0.13716404 0.05652166
v 0.04405234 0.13716404 0.05652166
v 0.04359497 0.13158121 0.05658424
v 0.04372654 0.13529646 0.05660992
v 0.04405234 0.13716404 0.05652166
v 0.04372654 0.13529646 0.05660992
v 0.04351350 0.13944611 0.05661122
v 0.04405234 0.13716404 0.05652166
v 0.04351350 0.13944611 0.05661122
v 0.04263444 0.14850588 0.05649634
v 0.04263444 0.14850588 0.05649634
v 0.04351350 0.13944611 0.05661122
v 0.04284300 0.14393655 0.05659015
v 0.04263444 0.14850588 0.05649634
v 0.04284300 0.14393655 0.05659015
v 0.04163643 0.14967648 0.05652166
v 0.04163643 0.14967648 0.05652166
v 0.04284300 0.14393655 0.05659015
v 0.04184242 0.14784529 0.05661125
v 0.04163643 0.14967648 0.05652166
v 0.04184242 0.14784529 0.05661125
v 0.04045829 0.15173614 0.05660972
v 0.04163643 0.14967648 0.05652166
v 0.04045829 0.15173614 0.05660972
v 0.03709856 0.15914385 0.05652172
v 0.03709856 0.15914385 0.05652172
v 0.04045829 0.15173614 0.05660972
v 0.03871934 0.15549690 0.05658744
v 0.03709856 0.15914385 0.05652172
v 0.03871934 0.15549690 0.05658744
v 0.03614263 0.15979904 0.05657896
v 0.03709856 0.15914385 0.05652172
v 0.03614263 0.15979904 0.05657896
v 0.03401793 0.16262070 0.05661146
v 0.03709856 0.15914385 0.05652172
v 0.03401793 0.16262070 0.05661146
v 0.02868807 0.16875002 0.05652172
v 0.02868807 0.16875002 0.05652172
v 0.03401793 0.16262070 0.05661146
v 0.03158089 0.16540666 0.05658584
v 0.02868807 0.16875002 0.05652172
v 0.03158089 0.16540666 0.05658584
v 0.02782281 0.16889401 0.05658779
v 0.02868807 0.16875002 0.05652172
v 0.02782281 0.16889401 0.05658779
v 0.02467898 0.17124458 0.05661129
v 0.02868807 0.16875002 0.05652172
v 0.02467898 0.17124458 0.05661129
v 0.01964576 0.17463174 0.05652116
v 0.01964576 0.17463174 0.05652116
v 0.02467898 0.17124458 0.05661129
v 0.02116585 0.17341066 0.05660965
v 0.01964576 0.17463174 0.05652116
v 0.02116585 0.17341066 0.05660965
v 0.01731394 0.17531743 0.05658805
v 0.01964576 0.17463174 0.05652116
v 0.01731394 0.17531743 0.05658805
v 0.01169525 0.17766719 0.05652165
v 0.01169525 0.17766719 0.05652165
v 0.01731394 0.17531743 0.05658805
v 0.01332449 0.17679420 0.05660989
v 0.01169525 0.17766719 0.05652165
v 0.01332449 0.17679420 0.05660989
v 0.00932727 0.17786780 0.05661135
v 0.01169525 0.17766719 0.05652165
v 0.00932727 0.17786780 0.05661135
v 0.00330618 0.17912518 0.05652116
v 0.00330618 0.17912518 0.05652116
v 0.00932727 0.17786780 0.05661135
v 0.00550442 0.17853908 0.05658642
v 0.00330618 0.17912518 0.05652116
v 0.00550442 0.17853908 0.05658642
v 0.00046161 0.17888438 0.05658557
v 0.00330618 0.17912518 0.05652116
v 0.00046161 0.17888438 0.05658557
v -0.00520202 0.17893847 0.05652165
v -0.00520202 0.17893847 0.05652165
v 0.00046161 0.17888438 0.05658557
v -0.00335343 0.17874599 0.05661132
v -0.00520202 0.17893847 0.05652165
v -0.00335343 0.17874599 0.05661132
v -0.00744835 0.17823548 0.05660959
v -0.00520202 0.17893847 0.05652165
v -0.00744835 0.17823548 0.05660959
v -0.01363236 0.17709129 0.05652183
v -0.01363236 0.17709129 0.05652183
v -0.00744835 0.17823548 0.05660959
v -0.01167073 0.17730409 0.05658795
v -0.01363236 0.17709129 0.05652183
v -0.01167073 0.17730409 0.05658795
v -0.01569956 0.17595871 0.05661124
v -0.01363236 0.17709129 0.05652183
v -0.01569956 0.17595871 0.05661124
v -0.02137551 0.17372033 0.05652126
v -0.02137551 0.17372033 0.05652126
v -0.01569956 0.17595871 0.05661124
v -0.01948189 0.17429513 0.05660977
v -0.02137551 0.17372033 0.05652126
v -0.01948189 0.17429513 0.05660977
v -0.02301496 0.17234366 0.05658703
v -0.02137551 0.17372033 0.05652126
v -0.02301496 0.17234366 0.05658703
v -0.02835279 0.16892750 0.05652116
v -0.02835279 0.16892750 0.05652116
v -0.02301496 0.17234366 0.05658703
v -0.02671363 0.16976439 0.05660989
v -0.02835279 0.16892750 0.05652116
v -0.02671363 0.16976439 0.05660989
v -0.02989389 0.16706012 0.05661253
v -0.02835279 0.16892750 0.05652116
v -0.02989389 0.16706012 0.05661253
v -0.03431075 0.16285078 0.05652166
v -0.03431075 0.16285078 0.05652166
v -0.02989389 0.16706012 0.05661253
v -0.03234441 0.16459556 0.05658237
v -0.03431075 0.16285078 0.05652166
v -0.03234441 0.16459556 0.05658237
v -0.03563251 0.16050810 0.05658935
v -0.03431075 0.16285078 0.05652166
v -0.03563251 0.16050810 0.05658935
v -0.03899406 0.15574267 0.05652165
v -0.03899406 0.15574267 0.05652165
v -0.03563251 0.16050810 0.05658935
v -0.03779220 0.15714275 0.05661126
v -0.03899406 0.15574267 0.05652165
v -0.03779220 0.15714275 0.05661126
v -0.03969844 0.15348040 0.05660970
v -0.03899406 0.15574267 0.05652165
v -0.03969844 0.15348040 0.05660970
v -0.04222795 0.14786577 0.05652116
v -0.04222795 0.14786577 0.05652116
v -0.03969844 0.15348040 0.05660970
v -0.04128605 0.14959685 0.05658765
v -0.04222795 0.14786577 0.05652116
v -0.04128605 0.14959685 0.05658765
v -0.04250658 0.14540230 0.05661126
v -0.04222795 0.14786577 0.05652116
v -0.04250658 0.14540230 0.05661126
v -0.04411799 0.13754061 0.05652172
v -0.04411799 0.13754061 0.05652172
v -0.04250658 0.14540230 0.05661126
v -0.04328722 0.14133406 0.05660987
v -0.04411799 0.13754061 0.05652172
v -0.04328722 0.14133406 0.05660987
v -0.04366882 0.13760770 0.05658603
v -0.04411799 0.13754061 0.05652172
v -0.04366882 0.13760770 0.05658603
v -0.04365781 0.13250617 0.05658703
v -0.04411799 0.13754061 0.05652172
v -0.04365781 0.13250617 0.05658703
v -0.04330134 0.12678474 0.05652116
v -0.04330134 0.12678474 0.05652116
v -0.04365781 0.13250617 0.05658703
v -0.04324384 0.12866741 0.05660993
v -0.04330134 0.12678474 0.05652116
v -0.04324384 0.12866741 0.05660993
v -0.04243350 0.12459437 0.05661111
v -0.04330134 0.12678474 0.05652116
v -0.04243350 0.12459437 0.05661111
v -0.04088601 0.11862455 0.05652166
v -0.04088601 0.11862455 0.05652166
v -0.04243350 0.12459437 0.05661111
v -0.04119059 0.12042562 0.05658825
v -0.04088601 0.11862455 0.05652166
v -0.04119059 0.12042562 0.05658825
v -0.03956474 0.11652998 0.05661124
v -0.04088601 0.11862455 0.05652166
v -0.03956474 0.11652998 0.05661124
v -0.03588484 0.10853398 0.05649502
v -0.03588484 0.10853398 0.05649502
v -0.03956474 0.11652998 0.05661124
v -0.03762953 0.11287503 0.05660981
v -0.03588484 0.10853398 0.05649502
v -0.03762953 0.11287503 0.05660981
v -0.03445411 0.10762330 0.05652165
v -0.03445411 0.10762330 0.05652165
v -0.03762953 0.11287503 0.05660981
v -0.03549150 0.10958407 0.05658662
v -0.03445411 0.10762330 0.05652165
v -0.03549150 0.10958407 0.05658662
v -0.03232072 0.10567662 0.05658489
v -0.03445411 0.10762330 0.05652165
v -0.03232072 0.10567662 0.05658489
v -0.02852416 0.10151277 0.05652116
v -0.02852416 0.10151277 0.05652116
v -0.03232072 0.10567662 0.05658489
v -0.02966687 0.10302446 0.05660992
v -0.02852416 0.10151277 0.05652116
v -0.02966687 0.10302446 0.05660992
v -0.02647883 0.10035089 0.05661111
v -0.02852416 0.10151277 0.05652116
v -0.02647883 0.10035089 0.05661111
v -0.02315406 0.09776346 0.05652906
v -0.01771538 0.09476083 0.05652116
v -0.02315406 0.09776346 0.05652906
v -0.01921474 0.09586945 0.05660991
v -0.01771538 0.09476083 0.05652116
v -0.01921474 0.09586945 0.05660991
v -0.01541070 0.09422709 0.05661121
v -0.01771538 0.09476083 0.05652116
v -0.01541070 0.09422709 0.05661121
v -0.00962768 0.09211308 0.05652166
v -0.00962768 0.09211308 0.05652166
v -0.01541070 0.09422709 0.05661121
v -0.01151526 0.09295009 0.05658724
v -0.00962768 0.09211308 0.05652166
v -0.01151526 0.09295009 0.05658724
v -0.00714724 0.09201016 0.05661130
v -0.00962768 0.09211308 0.05652166
v -0.00714724 0.09201016 0.05661130
v -0.00117774 0.09106204 0.05652116
v -0.00117774 0.09106204 0.05652116
v -0.00714724 0.09201016 0.05661130
v -0.00302689 0.09152577 0.05660989
v -0.00117774 0.09106204 0.05652116
v -0.00302689 0.09152577 0.05660989
v 0.00114056 0.09143728 0.05661119
v -0.00117774 0.09106204 0.05652116
v 0.00114056 0.09143728 0.05661119
v 0.00535699 0.09150152 0.05652906
v 0.01147761 0.09256606 0.05652116
v 0.00535699 0.09150152 0.05652906
v 0.00962830 0.09249426 0.05661127
v 0.01147761 0.09256606 0.05652116
v 0.00962830 0.09249426 0.05661127
v 0.01360748 0.09359205 0.05660967
v 0.01147761 0.09256606 0.05652116
v 0.01360748 0.09359205 0.05660967
v 0.01944135 0.09556612 0.05652166
v 0.01944135 0.09556612 0.05652166
v 0.01360748 0.09359205 0.05660967
v 0.01758007 0.09509437 0.05658785
v -0.01363236 0.17709129 0.05652183
v -0.01466259 0.17737399 0.05651635
v -0.00890357 0.17895158 0.05651635
v 0.00890343 0.17895158 0.05651635
v 0.00330618 0.17912518 0.05652116
v 0.00298552 0.17974736 0.05651635
v -0.00298566 0.17974736 0.05651635
v -0.00520202 0.17893847 0.05652165
v -0.02015996 0.17504283 0.05651635
v -0.02137551 0.17372033 0.05652126
v -0.02529758 0.17199987 0.05651635
v -0.02529758 0.17199987 0.05651635
v -0.02137551 0.17372033 0.05652126
v -0.02835279 0.16892750 0.05652116
v -0.02529758 0.17199987 0.05651635
v -0.02835279 0.16892750 0.05652116
v -0.02998376 0.16829921 0.05651635
v -0.02998376 0.16829921 0.05651635
v -0.03413487 0.16400695 0.05651635
v -0.04171268 0.11908244 0.05651635
v -0.04088601 0.11862455 0.05652166
v -0.03919920 0.11366612 0.05651635
v -0.03919920 0.11366612 0.05651635
v -0.04088601 0.11862455 0.05652166
v -0.03588484 0.10853398 0.05649502
v -0.04467451 0.13664142 0.05651635
v -0.04411799 0.13754061 0.05652172
v -0.04447499 0.13067358 0.05651635
v -0.04330134 0.12678474 0.05652116
v -0.04348179 0.12478557 0.05651635
v -0.03431075 0.16285078 0.05652166
v -0.03413487 0.16400695 0.05651635
v -0.03767685 0.15919972 0.05651635
v -0.03767685 0.15919972 0.05651635
v -0.03431075 0.16285078 0.05652166
v -0.03899406 0.15574267 0.05652165
v -0.03899406 0.15574267 0.05652165
v -0.04054651 0.15396329 0.05651635
v -0.03588484 0.10853398 0.05649502
v -0.03445411 0.10762330 0.05652165
v -0.03213105 0.10407314 0.05651635
v -0.03213105 0.10407314 0.05651635
v -0.03445411 0.10762330 0.05652165
v -0.02852416 0.10151277 0.05652116
v -0.03213105 0.10407314 0.05651635
v -0.02852416 0.10151277 0.05652116
v -0.02770250 0.10006769 0.05651635
v -0.02770250 0.10006769 0.05651635
v -0.02852416 0.10151277 0.05652116
v -0.02277962 0.09668835 0.05651635
v -0.04054651 0.15396329 0.05651635
v -0.04222795 0.14786577 0.05652116
v -0.04269258 0.14839116 0.05651635
v -0.04407682 0.14258264 0.05651635
v 0.03413474 0.16400698 0.05651635
v 0.02868807 0.16875002 0.05652172
v 0.02998362 0.16829923 0.05651635
v 0.02529743 0.17199988 0.05651635
v 0.02529743 0.17199988 0.05651635
v 0.02868807 0.16875002 0.05652172
v 0.01964576 0.17463174 0.05652116
v 0.02529743 0.17199988 0.05651635
v 0.01964576 0.17463174 0.05652116
v 0.02015982 0.17504284 0.05651635
v 0.01466245 0.17737400 0.05651635
v 0.01169525 0.17766719 0.05652165
v 0.04467439 0.13664145 0.05651635
v 0.04405234 0.13716404 0.05652166
v 0.04407671 0.14258267 0.05651635
v 0.04407671 0.14258267 0.05651635
v 0.04405234 0.13716404 0.05652166
v 0.04263444 0.14850588 0.05649634
v 0.04263444 0.14850588 0.05649634
v 0.04163643 0.14967648 0.05652166
v 0.04054637 0.15396332 0.05651635
v 0.04054637 0.15396332 0.05651635
v 0.04163643 0.14967648 0.05652166
v 0.03709856 0.15914385 0.05652172
v 0.03767673 0.15919974 0.05651635
v 0.03767673 0.15919974 0.05651635
v 0.03709856 0.15914385 0.05652172
v 0.03413474 0.16400698 0.05651635
v 0.03709856 0.15914385 0.05652172
v 0.02277952 0.09668837 0.05651635
v 0.02668756 0.10003781 0.05652116
v 0.02770242 0.10006771 0.05651635
v 0.03213096 0.10407316 0.05651635
v 0.04171258 0.11908247 0.05651635
v 0.04082272 0.11824758 0.05652172
v 0.04348169 0.12478560 0.05651635
v 0.04362232 0.12866474 0.05652116
v 0.04447487 0.13067361 0.05651635
v -0.02852416 0.10151277 0.05652116
v -0.02315406 0.09776346 0.05652906
v -0.02277962 0.09668835 0.05651635
v -0.02277962 0.09668835 0.05651635
v -0.02315406 0.09776346 0.05652906
v -0.01771538 0.09476083 0.05652116
v -0.01771538 0.09476083 0.05652116
v -0.01745021 0.09399529 0.05651635
v -0.01180943 0.09203658 0.05651635
v -0.00962768 0.09211308 0.05652166
v -0.00595789 0.09084721 0.05651635
v -0.00117774 0.09106204 0.05652116
v -0.00000004 0.09044839 0.05651635
v 0.00595781 0.09084721 0.05651635
v 0.02668756 0.10003781 0.05652116
v 0.03150736 0.10447246 0.05652906
v 0.03213096 0.10407316 0.05651635
v 0.03561280 0.10913499 0.05652116
v 0.03598612 0.10863300 0.05651635
v 0.03598612 0.10863300 0.05651635
v 0.03561280 0.10913499 0.05652116
v 0.03919910 0.11366614 0.05651635
v -0.00117774 0.09106204 0.05652116
v 0.00535699 0.09150152 0.05652906
v 0.00595781 0.09084721 0.05651635
v 0.01147761 0.09256606 0.05652116
v 0.01147761 0.09256606 0.05652116
v 0.01180934 0.09203659 0.05651635
v 0.01745013 0.09399530 0.05651635
v 0.01944135 0.09556612 0.05652166
v -0.00595789 0.09084721 0.05651635
v -0.00000004 0.09044839 0.05651635
v -0.00599792 0.09054990 0.05703599
v -0.00595789 0.09084721 0.05651635
v -0.00599792 0.09054990 0.05703599
v -0.01180943 0.09203658 0.05651635
v -0.01188868 0.09174726 0.05703601
v -0.01180943 0.09203658 0.05651635
v -0.01188868 0.09174726 0.05703601
v -0.01745021 0.09399529 0.05651635
v -0.01756733 0.09371909 0.05703599
v -0.01745021 0.09399529 0.05651635
v -0.01756733 0.09371909 0.05703599
v -0.02293256 0.09643028 0.05703599
v -0.02277962 0.09668835 0.05651635
v -0.02277962 0.09668835 0.05651635
v -0.02293256 0.09643028 0.05703599
v -0.02770250 0.10006769 0.05651635
v -0.02788843 0.09983228 0.05703599
v -0.02770250 0.10006769 0.05651635
v -0.02788843 0.09983228 0.05703599
v -0.03234664 0.10386454 0.05703601
v -0.03213105 0.10407314 0.05651635
v -0.03213105 0.10407314 0.05651635
v -0.03234664 0.10386454 0.05703601
v -0.03622771 0.10845508 0.05703599
v -0.03588484 0.10853398 0.05649502
v -0.03588484 0.10853398 0.05649502
v -0.03622771 0.10845508 0.05703599
v -0.03919920 0.11366612 0.05651635
v -0.03622771 0.10845508 0.05703599
v -0.03946229 0.11352191 0.05703599
v -0.03919920 0.11366612 0.05651635
v -0.03919920 0.11366612 0.05651635
v -0.03946229 0.11352191 0.05703599
v -0.04199263 0.11897464 0.05703599
v -0.04171268 0.11908244 0.05651635
v -0.04171268 0.11908244 0.05651635
v -0.04199263 0.11897464 0.05703599
v -0.04377361 0.12471597 0.05703599
v -0.04348179 0.12478557 0.05651635
v -0.04348179 0.12478557 0.05651635
v -0.04377361 0.12471597 0.05703599
v -0.04477348 0.13064358 0.05703600
v -0.04447499 0.13067358 0.05651635
v -0.04447499 0.13067358 0.05651635
v -0.04477348 0.13064358 0.05703600
v -0.04497434 0.13665152 0.05703599
v -0.04467451 0.13664142 0.05651635
v -0.04467451 0.13664142 0.05651635
v -0.04497434 0.13665152 0.05703599
v -0.04437264 0.14263253 0.05703600
v -0.04407682 0.14258264 0.05651635
v -0.04407682 0.14258264 0.05651635
v -0.04437264 0.14263253 0.05703600
v -0.04269258 0.14839116 0.05651635
v -0.04297911 0.14848005 0.05703599
v -0.04269258 0.14839116 0.05651635
v -0.04297911 0.14848005 0.05703599
v -0.04081864 0.15408959 0.05703600
v -0.04054651 0.15396329 0.05651635
v -0.04054651 0.15396329 0.05651635
v -0.04081864 0.15408959 0.05703600
v -0.03792972 0.15936122 0.05703599
v -0.03767685 0.15919972 0.05651635
v -0.03767685 0.15919972 0.05651635
v -0.03792972 0.15936122 0.05703599
v -0.03436394 0.16420075 0.05703599
v -0.03413487 0.16400695 0.05651635
v -0.03413487 0.16400695 0.05651635
v -0.03436394 0.16420075 0.05703599
v -0.03018499 0.16852170 0.05703599
v -0.02998376 0.16829921 0.05651635
v -0.02998376 0.16829921 0.05651635
v -0.03018499 0.16852170 0.05703599
v -0.02529758 0.17199987 0.05651635
v -0.02546736 0.17224716 0.05703599
v -0.02529758 0.17199987 0.05651635
v -0.02546736 0.17224716 0.05703599
v -0.02029517 0.17531062 0.05703598
v -0.02015996 0.17504283 0.05651635
v -0.02015996 0.17504283 0.05651635
v -0.02029517 0.17531062 0.05703598
v -0.01466259 0.17737399 0.05651635
v -0.01476096 0.17765739 0.05703599
v -0.01466259 0.17737399 0.05651635
v -0.01476096 0.17765739 0.05703599
v -0.00890357 0.17895158 0.05651635
v -0.00000007 0.18014726 0.05703599
v 0.00298552 0.17974736 0.05651635
v -0.00298566 0.17974736 0.05651635
v -0.00896332 0.17924547 0.05703599
v -0.00890357 0.17895158 0.05651635
v -0.00896332 0.17924547 0.05703599
v -0.00300566 0.18004677 0.05703598
v -0.00298566 0.17974736 0.05651635
v -0.00298566 0.17974736 0.05651635
v -0.00300566 0.18004677 0.05703598
v -0.00000007 0.18014726 0.05703599
v -0.00000007 0.18014726 0.05703599
v 0.00300556 0.18004677 0.05703599
v 0.00298552 0.17974736 0.05651635
v 0.00298552 0.17974736 0.05651635
v 0.00300556 0.18004677 0.05703599
v 0.00896322 0.17924548 0.05703599
v 0.00890343 0.17895158 0.05651635
v 0.00890343 0.17895158 0.05651635
v 0.00896322 0.17924548 0.05703599
v 0.01476082 0.17765740 0.05703599
v 0.01466245 0.17737400 0.05651635
v 0.02029499 0.17531074 0.05703599
v 0.02529743 0.17199988 0.05651635
v 0.02015982 0.17504284 0.05651635
v 0.01466245 0.17737400 0.05651635
v 0.01476082 0.17765740 0.05703599
v 0.02029499 0.17531074 0.05703599
v 0.02015982 0.17504284 0.05651635
v 0.02546722 0.17224718 0.05703599
v 0.02529743 0.17199988 0.05651635
v 0.02546722 0.17224718 0.05703599
v 0.03018482 0.16852172 0.05703600
v 0.02998362 0.16829923 0.05651635
v 0.02998362 0.16829923 0.05651635
v 0.03018482 0.16852172 0.05703600
v 0.03436383 0.16420069 0.05703600
v 0.03413474 0.16400698 0.05651635
v 0.03413474 0.16400698 0.05651635
v 0.03436383 0.16420069 0.05703600
v 0.03767673 0.15919974 0.05651635
v 0.03792962 0.15936115 0.05703600
v 0.03767673 0.15919974 0.05651635
v 0.03792962 0.15936115 0.05703600
v 0.04054637 0.15396332 0.05651635
v 0.04081850 0.15408961 0.05703599
v 0.04054637 0.15396332 0.05651635
v 0.04081850 0.15408961 0.05703599
v 0.04297899 0.14848008 0.05703600
v 0.04263444 0.14850588 0.05649634
v 0.04263444 0.14850588 0.05649634
v 0.04297899 0.14848008 0.05703600
v 0.04407671 0.14258267 0.05651635
v 0.04477337 0.13064352 0.05703600
v 0.04447487 0.13067361 0.05651635
v 0.04467439 0.13664145 0.05651635
v 0.04297899 0.14848008 0.05703600
v 0.04437253 0.14263256 0.05703599
v 0.04407671 0.14258267 0.05651635
v 0.04407671 0.14258267 0.05651635
v 0.04437253 0.14263256 0.05703599
v 0.04497423 0.13665144 0.05703600
v 0.04467439 0.13664145 0.05651635
v 0.04497423 0.13665144 0.05703600
v 0.04447487 0.13067361 0.05651635
v 0.04477337 0.13064352 0.05703600
v 0.04377352 0.12471599 0.05703599
v 0.04348169 0.12478560 0.05651635
v 0.04348169 0.12478560 0.05651635
v 0.04377352 0.12471599 0.05703599
v 0.04171258 0.11908247 0.05651635
v 0.03622761 0.10845500 0.05703599
v 0.03598612 0.10863300 0.05651635
v 0.03919910 0.11366614 0.05651635
v 0.04199253 0.11897467 0.05703599
v 0.04171258 0.11908247 0.05651635
v 0.04199253 0.11897467 0.05703599
v 0.03919910 0.11366614 0.05651635
v 0.03946218 0.11352194 0.05703599
v 0.03946218 0.11352194 0.05703599
v 0.03598612 0.10863300 0.05651635
v 0.03622761 0.10845500 0.05703599
v 0.03213096 0.10407316 0.05651635
v 0.03234660 0.10386456 0.05703599
v 0.03213096 0.10407316 0.05651635
v 0.03234660 0.10386456 0.05703599
v 0.02788835 0.09983232 0.05703601
v 0.02770242 0.10006771 0.05651635
v 0.02770242 0.10006771 0.05651635
v 0.02788835 0.09983232 0.05703601
v 0.02293246 0.09643028 0.05703599
v 0.02277952 0.09668837 0.05651635
v 0.02277952 0.09668837 0.05651635
v 0.02293246 0.09643028 0.05703599
v 0.01756720 0.09371908 0.05703601
v 0.01745013 0.09399530 0.05651635
v 0.01745013 0.09399530 0.05651635
v 0.01756720 0.09371908 0.05703601
v 0.01188860 0.09174727 0.05703601
v 0.01180934 0.09203659 0.05651635
v 0.01180934 0.09203659 0.05651635
v 0.01188860 0.09174727 0.05703601
v 0.00599783 0.09054991 0.05703599
v 0.00595781 0.09084721 0.05651635
v 0.00595781 0.09084721 0.05651635
v 0.00599783 0.09054991 0.05703599
v -0.00000004 0.09044839 0.05651635
v -0.00000004 0.09014840 0.05703599
v -0.00000004 0.09014840 0.05703599
v -0.00599791 0.17974567 0.05731639
v -0.00000007 0.18014726 0.05731639
v -0.00300566 0.18004677 0.05703598
v -0.00599791 0.17974567 0.05731639
v -0.00300566 0.18004677 0.05703598
v -0.00896332 0.17924547 0.05703599
v -0.00599791 0.17974567 0.05731639
v -0.00896332 0.17924547 0.05703599
v -0.01188871 0.17854838 0.05731639
v -0.02029517 0.17531062 0.05703598
v -0.02293252 0.17386534 0.05731639
v -0.01756736 0.17657650 0.05731639
v -0.00896332 0.17924547 0.05703599
v -0.01476096 0.17765739 0.05703599
v -0.01188871 0.17854838 0.05731639
v -0.01188871 0.17854838 0.05731639
v -0.01476096 0.17765739 0.05703599
v -0.01756736 0.17657650 0.05731639
v -0.01756736 0.17657650 0.05731639
v -0.01476096 0.17765739 0.05703599
v -0.02029517 0.17531062 0.05703598
v -0.02293252 0.17386534 0.05731639
v -0.02029517 0.17531062 0.05703598
v -0.02546736 0.17224716 0.05703599
v -0.02293252 0.17386534 0.05731639
v -0.02546736 0.17224716 0.05703599
v -0.02788845 0.17046328 0.05731639
v -0.02546736 0.17224716 0.05703599
v -0.03018499 0.16852170 0.05703599
v -0.02788845 0.17046328 0.05731639
v -0.02788845 0.17046328 0.05731639
v -0.03018499 0.16852170 0.05703599
v -0.03234671 0.16643103 0.05731639
v -0.03792972 0.15936122 0.05703599
v -0.03946230 0.15677365 0.05731639
v -0.03622774 0.16184049 0.05731639
v -0.03234671 0.16643103 0.05731639
v -0.03018499 0.16852170 0.05703599
v -0.03436394 0.16420075 0.05703599
v -0.03234671 0.16643103 0.05731639
v -0.03436394 0.16420075 0.05703599
v -0.03622774 0.16184049 0.05731639
v -0.03622774 0.16184049 0.05731639
v -0.03436394 0.16420075 0.05703599
v -0.03792972 0.15936122 0.05703599
v -0.03946230 0.15677365 0.05731639
v -0.03792972 0.15936122 0.05703599
v -0.04081864 0.15408959 0.05703600
v -0.03946230 0.15677365 0.05731639
v -0.04081864 0.15408959 0.05703600
v -0.04199264 0.15132093 0.05731639
v -0.04437264 0.14263253 0.05703600
v -0.04477347 0.13965207 0.05731639
v -0.04377363 0.14557959 0.05731639
v -0.04199264 0.15132093 0.05731639
v -0.04081864 0.15408959 0.05703600
v -0.04297911 0.14848005 0.05703599
v -0.04199264 0.15132093 0.05731639
v -0.04297911 0.14848005 0.05703599
v -0.04377363 0.14557959 0.05731639
v -0.04377363 0.14557959 0.05731639
v -0.04297911 0.14848005 0.05703599
v -0.04437264 0.14263253 0.05703600
v -0.04477348 0.13064358 0.05703600
v -0.04437263 0.12766303 0.05731639
v -0.04497434 0.13364416 0.05731639
v -0.04477347 0.13965207 0.05731639
v -0.04437264 0.14263253 0.05703600
v -0.04497434 0.13665152 0.05703599
v -0.04477347 0.13965207 0.05731639
v -0.04497434 0.13665152 0.05703599
v -0.04497434 0.13364416 0.05731639
v -0.04497434 0.13364416 0.05731639
v -0.04497434 0.13665152 0.05703599
v -0.04477348 0.13064358 0.05703600
v -0.04199263 0.11897464 0.05703599
v -0.04081861 0.11620598 0.05731639
v -0.04297910 0.12181561 0.05731639
v -0.04437263 0.12766303 0.05731639
v -0.04477348 0.13064358 0.05703600
v -0.04377361 0.12471597 0.05703599
v -0.04437263 0.12766303 0.05731639
v -0.04377361 0.12471597 0.05703599
v -0.04297910 0.12181561 0.05731639
v -0.04297910 0.12181561 0.05731639
v -0.04377361 0.12471597 0.05703599
v -0.04199263 0.11897464 0.05703599
v -0.03622771 0.10845508 0.05703599
v -0.03436395 0.10609491 0.05731639
v -0.03792970 0.11093445 0.05731639
v -0.04081861 0.11620598 0.05731639
v -0.04199263 0.11897464 0.05703599
v -0.03946229 0.11352191 0.05703599
v -0.04081861 0.11620598 0.05731639
v -0.03946229 0.11352191 0.05703599
v -0.03792970 0.11093445 0.05731639
v -0.03792970 0.11093445 0.05731639
v -0.03946229 0.11352191 0.05703599
v -0.03622771 0.10845508 0.05703599
v -0.02788843 0.09983228 0.05703599
v -0.02546733 0.09804841 0.05731639
v -0.03018497 0.10177387 0.05731639
v -0.03436395 0.10609491 0.05731639
v -0.03622771 0.10845508 0.05703599
v -0.03234664 0.10386454 0.05703601
v -0.03436395 0.10609491 0.05731639
v -0.03234664 0.10386454 0.05703601
v -0.03018497 0.10177387 0.05731639
v -0.03018497 0.10177387 0.05731639
v -0.03234664 0.10386454 0.05703601
v -0.02788843 0.09983228 0.05703599
v -0.01756733 0.09371909 0.05703599
v -0.01476097 0.09263824 0.05731639
v -0.02029524 0.09498498 0.05731639
v -0.02788843 0.09983228 0.05703599
v -0.02293256 0.09643028 0.05703599
v -0.02546733 0.09804841 0.05731639
v -0.02546733 0.09804841 0.05731639
v -0.02293256 0.09643028 0.05703599
v -0.02029524 0.09498498 0.05731639
v -0.02029524 0.09498498 0.05731639
v -0.02293256 0.09643028 0.05703599
v -0.01756733 0.09371909 0.05703599
v -0.00599792 0.09054990 0.05703599
v -0.00300567 0.09024888 0.05731639
v -0.00896329 0.09105009 0.05731639
v -0.01756733 0.09371909 0.05703599
v -0.01188868 0.09174726 0.05703601
v -0.01476097 0.09263824 0.05731639
v -0.01476097 0.09263824 0.05731639
v -0.01188868 0.09174726 0.05703601
v -0.00896329 0.09105009 0.05731639
v -0.00896329 0.09105009 0.05731639
v -0.01188868 0.09174726 0.05703601
v -0.00599792 0.09054990 0.05703599
v -0.00300567 0.09024888 0.05731639
v -0.00599792 0.09054990 0.05703599
v -0.00000004 0.09014840 0.05703599
v -0.00300567 0.09024888 0.05731639
v -0.00000004 0.09014840 0.05703599
v 0.00300559 0.09024888 0.05731639
v 0.01188860 0.09174727 0.05703601
v 0.01476089 0.09263825 0.05731639
v 0.00896321 0.09105009 0.05731639
v -0.00000004 0.09014840 0.05703599
v 0.00599783 0.09054991 0.05703599
v 0.00300559 0.09024888 0.05731639
v 0.00300559 0.09024888 0.05731639
v 0.00599783 0.09054991 0.05703599
v 0.00896321 0.09105009 0.05731639
v 0.00896321 0.09105009 0.05731639
v 0.00599783 0.09054991 0.05703599
v 0.01188860 0.09174727 0.05703601
v 0.01476089 0.09263825 0.05731639
v 0.01188860 0.09174727 0.05703601
v 0.01756720 0.09371908 0.05703601
v 0.01476089 0.09263825 0.05731639
v 0.01756720 0.09371908 0.05703601
v 0.02029515 0.09498499 0.05731639
v 0.02029515 0.09498499 0.05731639
v 0.01756720 0.09371908 0.05703601
v 0.02293246 0.09643028 0.05703599
v 0.02029515 0.09498499 0.05731639
v 0.02293246 0.09643028 0.05703599
v 0.02546725 0.09804843 0.05731639
v 0.02546725 0.09804843 0.05731639
v 0.02293246 0.09643028 0.05703599
v 0.02788835 0.09983232 0.05703601
v 0.02546725 0.09804843 0.05731639
v 0.02788835 0.09983232 0.05703601
v 0.03018488 0.10177389 0.05731639
v 0.03018488 0.10177389 0.05731639
v 0.02788835 0.09983232 0.05703601
v 0.03234660 0.10386456 0.05703599
v 0.03018488 0.10177389 0.05731639
v 0.03234660 0.10386456 0.05703599
v 0.03436386 0.10609493 0.05731639
v 0.03946218 0.11352194 0.05703599
v 0.04081851 0.11620600 0.05731639
v 0.03792961 0.11093447 0.05731639
v 0.03234660 0.10386456 0.05703599
v 0.03622761 0.10845500 0.05703599
v 0.03436386 0.10609493 0.05731639
v 0.03436386 0.10609493 0.05731639
v 0.03622761 0.10845500 0.05703599
v 0.03792961 0.11093447 0.05731639
v 0.03792961 0.11093447 0.05731639
v 0.03622761 0.10845500 0.05703599
v 0.03946218 0.11352194 0.05703599
v 0.04377352 0.12471599 0.05703599
v 0.04437253 0.12766306 0.05731639
v 0.04297900 0.12181563 0.05731639
v 0.03946218 0.11352194 0.05703599
v 0.04199253 0.11897467 0.05703599
v 0.04081851 0.11620600 0.05731639
v 0.04081851 0.11620600 0.05731639
v 0.04199253 0.11897467 0.05703599
v 0.04297900 0.12181563 0.05731639
v 0.04297900 0.12181563 0.05731639
v 0.04199253 0.11897467 0.05703599
v 0.04377352 0.12471599 0.05703599
v 0.04497423 0.13665144 0.05703600
v 0.04477336 0.13965210 0.05731639
v 0.04497423 0.13364419 0.05731639
v 0.04437253 0.12766306 0.05731639
v 0.04377352 0.12471599 0.05703599
v 0.04477337 0.13064352 0.05703600
v 0.04437253 0.12766306 0.05731639
v 0.04477337 0.13064352 0.05703600
v 0.04497423 0.13364419 0.05731639
v 0.04497423 0.13364419 0.05731639
v 0.04477337 0.13064352 0.05703600
v 0.04497423 0.13665144 0.05703600
v 0.04297899 0.14848008 0.05703600
v 0.04199252 0.15132096 0.05731639
v 0.04377352 0.14557962 0.05731639
v 0.04477336 0.13965210 0.05731639
v 0.04497423 0.13665144 0.05703600
v 0.04437253 0.14263256 0.05703599
v 0.04477336 0.13965210 0.05731639
v 0.04437253 0.14263256 0.05703599
v 0.04377352 0.14557962 0.05731639
v 0.04377352 0.14557962 0.05731639
v 0.04437253 0.14263256 0.05703599
v 0.04297899 0.14848008 0.05703600
v 0.03792962 0.15936115 0.05703600
v 0.03622762 0.16184052 0.05731639
v 0.03946217 0.15677367 0.05731639
v 0.04199252 0.15132096 0.05731639
v 0.04297899 0.14848008 0.05703600
v 0.04081850 0.15408961 0.05703599
v 0.04199252 0.15132096 0.05731639
v 0.04081850 0.15408961 0.05703599
v 0.03946217 0.15677367 0.05731639
v 0.03946217 0.15677367 0.05731639
v 0.04081850 0.15408961 0.05703599
v 0.03792962 0.15936115 0.05703600
v 0.03018482 0.16852172 0.05703600
v 0.02788831 0.17046330 0.05731639
v 0.03234658 0.16643105 0.05731639
v 0.03792962 0.15936115 0.05703600
v 0.03436383 0.16420069 0.05703600
v 0.03622762 0.16184052 0.05731639
v 0.03622762 0.16184052 0.05731639
v 0.03436383 0.16420069 0.05703600
v 0.03234658 0.16643105 0.05731639
v 0.03234658 0.16643105 0.05731639
v 0.03436383 0.16420069 0.05703600
v 0.03018482 0.16852172 0.05703600
v 0.02029499 0.17531074 0.05703599
v 0.01756721 0.17657651 0.05731639
v 0.02293238 0.17386535 0.05731639
v 0.02788831 0.17046330 0.05731639
v 0.03018482 0.16852172 0.05703600
v 0.02546722 0.17224718 0.05703599
v 0.02788831 0.17046330 0.05731639
v 0.02546722 0.17224718 0.05703599
v 0.02293238 0.17386535 0.05731639
v 0.02293238 0.17386535 0.05731639
v 0.02546722 0.17224718 0.05703599
v 0.02029499 0.17531074 0.05703599
v 0.00896322 0.17924548 0.05703599
v 0.00599776 0.17974567 0.05731639
v 0.01188857 0.17854839 0.05731639
v 0.01756721 0.17657651 0.05731639
v 0.02029499 0.17531074 0.05703599
v 0.01476082 0.17765740 0.05703599
v 0.01756721 0.17657651 0.05731639
v 0.01476082 0.17765740 0.05703599
v 0.01188857 0.17854839 0.05731639
v 0.01188857 0.17854839 0.05731639
v 0.01476082 0.17765740 0.05703599
v 0.00896322 0.17924548 0.05703599
v 0.00599776 0.17974567 0.05731639
v 0.00896322 0.17924548 0.05703599
v 0.00300556 0.18004677 0.05703599
v 0.00599776 0.17974567 0.05731639
v 0.00300556 0.18004677 0.05703599
v -0.00000007 0.18014726 0.05731639
v -0.00000007 0.18014726 0.05731639
v 0.00300556 0.18004677 0.05703599
v -0.00000007 0.18014726 0.05703599
v -0.00000007 0.18014726 0.05731639
v -0.00000007 0.18014726 0.05703599
v -0.00300566 0.18004677 0.05703598
v 0.03946217 0.15677367 0.05731639
v 0.03622762 0.16184052 0.05731639
v 0.03420648 0.16297690 0.05731639
v 0.03234658 0.16643105 0.05731639
v 0.03009848 0.16737554 0.05731639
v 0.02788831 0.17046330 0.05731639
v 0.02542980 0.17117369 0.05731639
v 0.02293238 0.17386535 0.05731639
v 0.02028742 0.17430085 0.05731639
v 0.01756721 0.17657651 0.05731639
v 0.01476712 0.17669872 0.05731639
v 0.01188857 0.17854839 0.05731639
v 0.00897173 0.17832249 0.05731639
v 0.00599776 0.17974567 0.05731639
v 0.00300921 0.17914198 0.05731639
v -0.00000007 0.18014726 0.05731639
v -0.00300936 0.17914198 0.05731639
v -0.00599791 0.17974567 0.05731639
v -0.00897187 0.17832248 0.05731639
v -0.01188871 0.17854838 0.05731639
v -0.01476726 0.17669871 0.05731639
v -0.01756736 0.17657650 0.05731639
v -0.02028756 0.17430083 0.05731639
v -0.02293252 0.17386534 0.05731639
v -0.02542995 0.17117367 0.05731639
v -0.02788845 0.17046328 0.05731639
v -0.03009862 0.16737552 0.05731639
v -0.03234671 0.16643103 0.05731639
v -0.03420661 0.16297688 0.05731639
v -0.03622774 0.16184049 0.05731639
v -0.03767740 0.15805984 0.05731639
v -0.03946230 0.15677365 0.05731639
v -0.04044634 0.15271610 0.05731639
v -0.04199264 0.15132093 0.05731639
v -0.04246183 0.14704498 0.05731639
v -0.04377363 0.14557959 0.05731639
v -0.04368634 0.14115236 0.05731639
v -0.04477347 0.13965207 0.05731639
v -0.04409706 0.13514783 0.05731639
v -0.04497434 0.13364416 0.05731639
v -0.04368633 0.12914321 0.05731639
v -0.04437263 0.12766303 0.05731639
v -0.04246182 0.12325058 0.05731639
v -0.04297910 0.12181561 0.05731639
v -0.04044632 0.11757946 0.05731639
v -0.04081861 0.11620598 0.05731639
v -0.03767739 0.11223573 0.05731639
v -0.03792970 0.11093445 0.05731639
v -0.03420659 0.10731870 0.05731639
v -0.03436395 0.10609491 0.05731639
v -0.03009860 0.10292016 0.05731639
v -0.03018497 0.10177387 0.05731639
v -0.02542992 0.09912187 0.05731639
v -0.02546733 0.09804841 0.05731639
v -0.02028754 0.09599472 0.05731639
v -0.02029524 0.09498498 0.05731639
v -0.01476723 0.09359691 0.05731639
v -0.01476097 0.09263824 0.05731639
v -0.00897184 0.09197312 0.05731639
v -0.00896329 0.09105009 0.05731639
v -0.00300933 0.09115361 0.05731639
v -0.00300567 0.09024888 0.05731639
v 0.00300924 0.09115361 0.05731639
v 0.00300559 0.09024888 0.05731639
v 0.00897176 0.09197313 0.05731639
v 0.00896321 0.09105009 0.05731639
v 0.01476715 0.09359692 0.05731639
v 0.01476089 0.09263825 0.05731639
v 0.02028745 0.09599473 0.05731639
v 0.02029515 0.09498499 0.05731639
v 0.02542983 0.09912188 0.05731639
v 0.02546725 0.09804843 0.05731639
v 0.03009851 0.10292018 0.05731639
v 0.03018488 0.10177389 0.05731639
v 0.03420650 0.10731872 0.05731639
v 0.03436386 0.10609493 0.05731639
v 0.03767728 0.11223575 0.05731639
v 0.03792961 0.11093447 0.05731639
v 0.04044622 0.11757949 0.05731639
v 0.04081851 0.11620600 0.05731639
v 0.04246172 0.12325061 0.05731639
v 0.04297900 0.12181563 0.05731639
v 0.04368623 0.12914324 0.05731639
v 0.04437253 0.12766306 0.05731639
v 0.04409694 0.13514786 0.05731639
v 0.04497423 0.13364419 0.05731639
v 0.04368623 0.14115239 0.05731639
v 0.04477336 0.13965210 0.05731639
v 0.04246171 0.14704501 0.05731639
v 0.04377352 0.14557962 0.05731639
v 0.04044621 0.15271613 0.05731639
v 0.04199252 0.15132096 0.05731639
v 0.03767727 0.15805987 0.05731639
v 0.04368623 0.12914324 0.05731639
v 0.04409694 0.13514786 0.05731639
v 0.04400383 0.13207611 0.05788267
v 0.04400383 0.13207611 0.05788267
v 0.04409694 0.13514786 0.05731639
v 0.04408487 0.13635994 0.05784197
v 0.04400383 0.13207611 0.05788267
v 0.04349194 0.12780095 0.05787896
v 0.04368623 0.12914324 0.05731639
v 0.04368623 0.12914324 0.05731639
v 0.04349194 0.12780095 0.05787896
v 0.04246172 0.12325061 0.05731639
v 0.04246172 0.12325061 0.05731639
v 0.04349194 0.12780095 0.05787896
v 0.04258835 0.12369281 0.05784410
v 0.04246172 0.12325061 0.05731639
v 0.04258835 0.12369281 0.05784410
v 0.04128145 0.11962856 0.05784383
v 0.04246172 0.12325061 0.05731639
v 0.04128145 0.11962856 0.05784383
v 0.04044622 0.11757949 0.05731639
v 0.03751898 0.11196786 0.05784445
v 0.03767728 0.11223575 0.05731639
v 0.03957622 0.11567521 0.05787747
v 0.03957622 0.11567521 0.05787747
v 0.03767728 0.11223575 0.05731639
v 0.04044622 0.11757949 0.05731639
v 0.03957622 0.11567521 0.05787747
v 0.04044622 0.11757949 0.05731639
v 0.04128145 0.11962856 0.05784383
v 0.03767728 0.11223575 0.05731639
v 0.03751898 0.11196786 0.05784445
v 0.03514558 0.10845191 0.05794188
v 0.03767728 0.11223575 0.05731639
v 0.03514558 0.10845191 0.05794188
v 0.03420650 0.10731872 0.05731639
v 0.03514558 0.10845191 0.05794188
v 0.03236055 0.10517714 0.05787711
v 0.03420650 0.10731872 0.05731639
v 0.03420650 0.10731872 0.05731639
v 0.03236055 0.10517714 0.05787711
v 0.03009851 0.10292018 0.05731639
v 0.03236055 0.10517714 0.05787711
v 0.02931665 0.10220138 0.05784236
v 0.03009851 0.10292018 0.05731639
v 0.03009851 0.10292018 0.05731639
v 0.02931665 0.10220138 0.05784236
v 0.02542983 0.09912188 0.05731639
v 0.02542983 0.09912188 0.05731639
v 0.02931665 0.10220138 0.05784236
v 0.02605819 0.09955855 0.05788061
v 0.02542983 0.09912188 0.05731639
v 0.02605819 0.09955855 0.05788061
v 0.02249657 0.09720884 0.05787717
v 0.02542983 0.09912188 0.05731639
v 0.02249657 0.09720884 0.05787717
v 0.02028745 0.09599473 0.05731639
v 0.01474194 0.09358239 0.05784525
v 0.01476715 0.09359692 0.05731639
v 0.01869850 0.09517002 0.05794157
v 0.01869850 0.09517002 0.05794157
v 0.01476715 0.09359692 0.05731639
v 0.02028745 0.09599473 0.05731639
v 0.01869850 0.09517002 0.05794157
v 0.02028745 0.09599473 0.05731639
v 0.02249657 0.09720884 0.05787717
v 0.01476715 0.09359692 0.05731639
v 0.01474194 0.09358239 0.05784525
v 0.01069126 0.09236261 0.05783957
v 0.01476715 0.09359692 0.05731639
v 0.01069126 0.09236261 0.05783957
v 0.00897176 0.09197313 0.05731639
v 0.00897176 0.09197313 0.05731639
v 0.01069126 0.09236261 0.05783957
v 0.00648775 0.09152555 0.05784333
v 0.00897176 0.09197313 0.05731639
v 0.00648775 0.09152555 0.05784333
v 0.00300924 0.09115361 0.05731639
v 0.00648775 0.09152555 0.05784333
v 0.00222694 0.09110222 0.05784354
v 0.00300924 0.09115361 0.05731639
v 0.00300924 0.09115361 0.05731639
v 0.00222694 0.09110222 0.05784354
v -0.00300933 0.09115361 0.05731639
v -0.00300933 0.09115361 0.05731639
v 0.00222694 0.09110222 0.05784354
v -0.00198691 0.09109092 0.05784245
v -0.00300933 0.09115361 0.05731639
v -0.00198691 0.09109092 0.05784245
v -0.00624939 0.09148173 0.05788274
v -0.00300933 0.09115361 0.05731639
v -0.00624939 0.09148173 0.05788274
v -0.00897184 0.09197312 0.05731639
v -0.01451285 0.09350188 0.05784470
v -0.01476723 0.09359691 0.05731639
v -0.01047737 0.09230233 0.05787851
v -0.01047737 0.09230233 0.05787851
v -0.01476723 0.09359691 0.05731639
v -0.00897184 0.09197312 0.05731639
v -0.01047737 0.09230233 0.05787851
v -0.00897184 0.09197312 0.05731639
v -0.00624939 0.09148173 0.05788274
v -0.01476723 0.09359691 0.05731639
v -0.01451285 0.09350188 0.05784470
v -0.01844024 0.09507986 0.05787756
v -0.01476723 0.09359691 0.05731639
v -0.01844024 0.09507986 0.05787756
v -0.02028754 0.09599472 0.05731639
v -0.02028754 0.09599472 0.05731639
v -0.01844024 0.09507986 0.05787756
v -0.02225950 0.09707517 0.05784388
v -0.02028754 0.09599472 0.05731639
v -0.02225950 0.09707517 0.05784388
v -0.02542992 0.09912187 0.05731639
v -0.02225950 0.09707517 0.05784388
v -0.02584353 0.09941096 0.05784452
v -0.02542992 0.09912187 0.05731639
v -0.02542992 0.09912187 0.05731639
v -0.02584353 0.09941096 0.05784452
v -0.03009860 0.10292016 0.05731639
v -0.03009860 0.10292016 0.05731639
v -0.02584353 0.09941096 0.05784452
v -0.02913408 0.10203957 0.05784175
v -0.03009860 0.10292016 0.05731639
v -0.02913408 0.10203957 0.05784175
v -0.03221729 0.10501762 0.05788268
v -0.03009860 0.10292016 0.05731639
v -0.03221729 0.10501762 0.05788268
v -0.03420659 0.10731870 0.05731639
v -0.03221729 0.10501762 0.05788268
v -0.03499882 0.10830329 0.05787921
v -0.03420659 0.10731870 0.05731639
v -0.03420659 0.10731870 0.05731639
v -0.03499882 0.10830329 0.05787921
v -0.03767739 0.11223573 0.05731639
v -0.03767739 0.11223573 0.05731639
v -0.03499882 0.10830329 0.05787921
v -0.03739072 0.11176144 0.05784383
v -0.03767739 0.11223573 0.05731639
v -0.03739072 0.11176144 0.05784383
v -0.03947790 0.11548809 0.05784362
v -0.03767739 0.11223573 0.05731639
v -0.03947790 0.11548809 0.05784362
v -0.04044632 0.11757946 0.05731639
v -0.04252472 0.12345819 0.05784471
v -0.04246182 0.12325058 0.05731639
v -0.04121160 0.11942914 0.05787761
v -0.04121160 0.11942914 0.05787761
v -0.04246182 0.12325058 0.05731639
v -0.04044632 0.11757946 0.05731639
v -0.04121160 0.11942914 0.05787761
v -0.04044632 0.11757946 0.05731639
v -0.03947790 0.11548809 0.05784362
v -0.04246182 0.12325058 0.05731639
v -0.04252472 0.12345819 0.05784471
v -0.04344731 0.12758283 0.05784018
v -0.04246182 0.12325058 0.05731639
v -0.04344731 0.12758283 0.05784018
v -0.04368633 0.12914321 0.05731639
v -0.04368633 0.12914321 0.05731639
v -0.04344731 0.12758283 0.05784018
v -0.04398630 0.13183258 0.05788276
v -0.04368633 0.12914321 0.05731639
v -0.04398630 0.13183258 0.05788276
v -0.04409706 0.13514783 0.05731639
v -0.04398630 0.13183258 0.05788276
v -0.04409098 0.13611722 0.05784272
v -0.04409706 0.13514783 0.05731639
v -0.04409706 0.13514783 0.05731639
v -0.04409098 0.13611722 0.05784272
v -0.04368634 0.14115236 0.05731639
v -0.04380720 0.14030116 0.05788046
v -0.04368634 0.14115236 0.05731639
v -0.04380720 0.14030116 0.05788046
v -0.04308990 0.14454221 0.05784314
v -0.04368634 0.14115236 0.05731639
v -0.04308990 0.14454221 0.05784314
v -0.04246183 0.14704498 0.05731639
v -0.04048419 0.15264220 0.05784527
v -0.04044634 0.15271610 0.05731639
v -0.04197411 0.14870025 0.05787810
v -0.04197411 0.14870025 0.05787810
v -0.04044634 0.15271610 0.05731639
v -0.04246183 0.14704498 0.05731639
v -0.04197411 0.14870025 0.05787810
v -0.04246183 0.14704498 0.05731639
v -0.04308990 0.14454221 0.05784314
v -0.04044634 0.15271610 0.05731639
v -0.04048419 0.15264220 0.05784527
v -0.03861627 0.15646945 0.05788375
v -0.04044634 0.15271610 0.05731639
v -0.03861627 0.15646945 0.05788375
v -0.03767740 0.15805984 0.05731639
v -0.03861627 0.15646945 0.05788375
v -0.03634925 0.16013152 0.05787712
v -0.03767740 0.15805984 0.05731639
v -0.03767740 0.15805984 0.05731639
v -0.03634925 0.16013152 0.05787712
v -0.03420661 0.16297688 0.05731639
v -0.03634925 0.16013152 0.05787712
v -0.03377015 0.16351267 0.05784389
v -0.03420661 0.16297688 0.05731639
v -0.03420661 0.16297688 0.05731639
v -0.03377015 0.16351267 0.05784389
v -0.03009862 0.16737552 0.05731639
v -0.03009862 0.16737552 0.05731639
v -0.03377015 0.16351267 0.05784389
v -0.03090938 0.16660523 0.05784221
v -0.03009862 0.16737552 0.05731639
v -0.03090938 0.16660523 0.05784221
v -0.02773929 0.16944069 0.05787720
v -0.03009862 0.16737552 0.05731639
v -0.02773929 0.16944069 0.05787720
v -0.02542995 0.17117367 0.05731639
v -0.02542995 0.17117367 0.05731639
v -0.02773929 0.16944069 0.05787720
v -0.02427853 0.17200486 0.05794193
v -0.02542995 0.17117367 0.05731639
v -0.02427853 0.17200486 0.05794193
v -0.02028756 0.17430083 0.05731639
v -0.02028756 0.17430083 0.05731639
v -0.02427853 0.17200486 0.05794193
v -0.02061400 0.17413573 0.05784440
v -0.02028756 0.17430083 0.05731639
v -0.02061400 0.17413573 0.05784440
v -0.01675897 0.17597641 0.05794132
v -0.02028756 0.17430083 0.05731639
v -0.01675897 0.17597641 0.05794132
v -0.01476726 0.17669871 0.05731639
v -0.01675897 0.17597641 0.05794132
v -0.01269372 0.17738910 0.05787736
v -0.01476726 0.17669871 0.05731639
v -0.01476726 0.17669871 0.05731639
v -0.01269372 0.17738910 0.05787736
v -0.00897187 0.17832248 0.05731639
v -0.01269372 0.17738910 0.05787736
v -0.00856998 0.17840949 0.05784484
v -0.00897187 0.17832248 0.05731639
v -0.00897187 0.17832248 0.05731639
v -0.00856998 0.17840949 0.05784484
v -0.00300936 0.17914198 0.05731639
v -0.00300936 0.17914198 0.05731639
v -0.00856998 0.17840949 0.05784484
v -0.00440458 0.17902888 0.05784151
v -0.00300936 0.17914198 0.05731639
v -0.00440458 0.17902888 0.05784151
v -0.00012218 0.17925857 0.05788268
v -0.00300936 0.17914198 0.05731639
v -0.00012218 0.17925857 0.05788268
v 0.00300921 0.17914198 0.05731639
v -0.00012218 0.17925857 0.05788268
v 0.00417728 0.17905798 0.05787947
v 0.00300921 0.17914198 0.05731639
v 0.00300921 0.17914198 0.05731639
v 0.00417728 0.17905798 0.05787947
v 0.00897173 0.17832249 0.05731639
v 0.00897173 0.17832249 0.05731639
v 0.00417728 0.17905798 0.05787947
v 0.00833694 0.17845449 0.05784352
v 0.00897173 0.17832249 0.05731639
v 0.00833694 0.17845449 0.05784352
v 0.01248941 0.17744449 0.05784346
v 0.00897173 0.17832249 0.05731639
v 0.01248941 0.17744449 0.05784346
v 0.01476712 0.17669872 0.05731639
v 0.02039869 0.17424884 0.05784502
v 0.02028742 0.17430085 0.05731639
v 0.01655600 0.17603022 0.05787775
v 0.01655600 0.17603022 0.05787775
v 0.02028742 0.17430085 0.05731639
v 0.01476712 0.17669872 0.05731639
v 0.01655600 0.17603022 0.05787775
v 0.01476712 0.17669872 0.05731639
v 0.01248941 0.17744449 0.05784346
v 0.02028742 0.17430085 0.05731639
v 0.02039869 0.17424884 0.05784502
v 0.02406217 0.17211878 0.05788410
v 0.02028742 0.17430085 0.05731639
v 0.02406217 0.17211878 0.05788410
v 0.02542980 0.17117369 0.05731639
v 0.02406217 0.17211878 0.05788410
v 0.02754941 0.16959301 0.05787707
v 0.02542980 0.17117369 0.05731639
v 0.02542980 0.17117369 0.05731639
v 0.02754941 0.16959301 0.05787707
v 0.03009848 0.16737554 0.05731639
v 0.02754941 0.16959301 0.05787707
v 0.03073653 0.16677415 0.05784312
v 0.03009848 0.16737554 0.05731639
v 0.03009848 0.16737554 0.05731639
v 0.03073653 0.16677415 0.05784312
v 0.03420648 0.16297690 0.05731639
v 0.03420648 0.16297690 0.05731639
v 0.03073653 0.16677415 0.05784312
v 0.03364401 0.16371558 0.05794324
v 0.03364401 0.16371558 0.05794324
v 0.03624396 0.16028434 0.05787773
v 0.03420648 0.16297690 0.05731639
v 0.03420648 0.16297690 0.05731639
v 0.03624396 0.16028434 0.05787773
v 0.03767727 0.15805987 0.05731639
v 0.04038012 0.15288063 0.05784498
v 0.04044621 0.15271613 0.05731639
v 0.03850928 0.15665428 0.05787830
v 0.03850928 0.15665428 0.05787830
v 0.04044621 0.15271613 0.05731639
v 0.03767727 0.15805987 0.05731639
v 0.03850928 0.15665428 0.05787830
v 0.03767727 0.15805987 0.05731639
v 0.03624396 0.16028434 0.05787773
v 0.04044621 0.15271613 0.05731639
v 0.04038012 0.15288063 0.05784498
v 0.04193509 0.14890618 0.05794145
v 0.04044621 0.15271613 0.05731639
v 0.04193509 0.14890618 0.05794145
v 0.04246171 0.14704501 0.05731639
v 0.04193509 0.14890618 0.05794145
v 0.04304929 0.14475004 0.05787717
v 0.04246171 0.14704501 0.05731639
v 0.04246171 0.14704501 0.05731639
v 0.04304929 0.14475004 0.05787717
v 0.04368623 0.14115239 0.05731639
v 0.04304929 0.14475004 0.05787717
v 0.04376868 0.14056019 0.05784423
v 0.04368623 0.14115239 0.05731639
v 0.04368623 0.14115239 0.05731639
v 0.04376868 0.14056019 0.05784423
v 0.04409694 0.13514786 0.05731639
v 0.04409694 0.13514786 0.05731639
v 0.04376868 0.14056019 0.05784423
v 0.04408487 0.13635994 0.05784197
v -0.02584353 0.09941096 0.05784452
v -0.02225950 0.09707517 0.05784388
v -0.02590645 0.09933250 0.05798246
v -0.02584353 0.09941096 0.05784452
v -0.02590645 0.09933250 0.05798246
v -0.02924224 0.10200007 0.05798247
v -0.03221729 0.10501762 0.05788268
v -0.02924224 0.10200007 0.05798247
v -0.03246496 0.10498273 0.05802376
v -0.03221729 0.10501762 0.05788268
v -0.03246496 0.10498273 0.05802376
v -0.03522475 0.10825689 0.05802376
v -0.03958324 0.11547419 0.05798247
v -0.03749971 0.11174584 0.05798247
v -0.03979977 0.11530699 0.05798629
v -0.03958324 0.11547419 0.05798247
v -0.03979977 0.11530699 0.05798629
v -0.04144332 0.11945194 0.05802376
v -0.04420105 0.13195787 0.05802376
v -0.04373250 0.12762273 0.05801029
v -0.04439109 0.13178928 0.05791984
v -0.04420105 0.13195787 0.05802376
v -0.04439109 0.13178928 0.05791984
v -0.04451070 0.13607532 0.05791730
v -0.04262563 0.12344579 0.05798247
v -0.04144332 0.11945194 0.05802376
v -0.04280209 0.12343708 0.05801029
v -0.04262563 0.12344579 0.05798247
v -0.04280209 0.12343708 0.05801029
v -0.04373250 0.12762273 0.05801029
v -0.04399044 0.14050956 0.05802376
v -0.04436354 0.13616512 0.05801029
v -0.04420930 0.14040766 0.05791668
v -0.04399044 0.14050956 0.05802376
v -0.04420930 0.14040766 0.05791668
v -0.04345421 0.14460771 0.05798593
v -0.03739072 0.11176144 0.05784383
v -0.03499882 0.10830329 0.05787921
v -0.03749971 0.11174584 0.05798247
v -0.03739072 0.11176144 0.05784383
v -0.03749971 0.11174584 0.05798247
v -0.03958324 0.11547419 0.05798247
v -0.04121160 0.11942914 0.05787761
v -0.03958324 0.11547419 0.05798247
v -0.04144332 0.11945194 0.05802376
v -0.04121160 0.11942914 0.05787761
v -0.04144332 0.11945194 0.05802376
v -0.04262563 0.12344579 0.05798247
v -0.04214078 0.14886135 0.05802376
v -0.04345421 0.14460771 0.05798593
v -0.04238674 0.14876685 0.05791670
v -0.04214078 0.14886135 0.05802376
v -0.04238674 0.14876685 0.05791670
v -0.04085843 0.15283530 0.05791489
v -0.03947790 0.11548809 0.05784362
v -0.03739072 0.11176144 0.05784383
v -0.03958324 0.11547419 0.05798247
v -0.03947790 0.11548809 0.05784362
v -0.03958324 0.11547419 0.05798247
v -0.04121160 0.11942914 0.05787761
v -0.04419198 0.13612291 0.05798246
v -0.04420105 0.13195787 0.05802376
v -0.04436354 0.13616512 0.05801029
v -0.04419198 0.13612291 0.05798246
v -0.04436354 0.13616512 0.05801029
v -0.04399044 0.14050956 0.05802376
v -0.04070476 0.15281931 0.05801029
v -0.04214078 0.14886135 0.05802376
v -0.04085843 0.15283530 0.05791489
v -0.04070476 0.15281931 0.05801029
v -0.04085843 0.15283530 0.05791489
v -0.03896271 0.15668976 0.05791619
v -0.04252472 0.12345819 0.05784471
v -0.04121160 0.11942914 0.05787761
v -0.04262563 0.12344579 0.05798247
v -0.04252472 0.12345819 0.05784471
v -0.04262563 0.12344579 0.05798247
v -0.04355604 0.12761433 0.05798247
v -0.04398630 0.13183258 0.05788276
v -0.04355604 0.12761433 0.05798247
v -0.04420105 0.13195787 0.05802376
v -0.04398630 0.13183258 0.05788276
v -0.04420105 0.13195787 0.05802376
v -0.04419198 0.13612291 0.05798246
v -0.04318134 0.14459522 0.05798247
v -0.04399044 0.14050956 0.05802376
v -0.04345421 0.14460771 0.05798593
v -0.04318134 0.14459522 0.05798247
v -0.04345421 0.14460771 0.05798593
v -0.04214078 0.14886135 0.05802376
v -0.03645989 0.16033871 0.05802376
v -0.03872097 0.15670225 0.05802376
v -0.03670553 0.16033911 0.05791914
v -0.03645989 0.16033871 0.05802376
v -0.03670553 0.16033911 0.05791914
v -0.03411382 0.16375507 0.05791634
v -0.04344731 0.12758283 0.05784018
v -0.04252472 0.12345819 0.05784471
v -0.04355604 0.12761433 0.05798247
v -0.04344731 0.12758283 0.05784018
v -0.04355604 0.12761433 0.05798247
v -0.04398630 0.13183258 0.05788276
v -0.03395211 0.16372076 0.05801029
v -0.03645989 0.16033871 0.05802376
v -0.03411382 0.16375507 0.05791634
v -0.03395211 0.16372076 0.05801029
v -0.03411382 0.16375507 0.05791634
v -0.03117333 0.16693673 0.05791384
v -0.04409098 0.13611722 0.05784272
v -0.04398630 0.13183258 0.05788276
v -0.04419198 0.13612291 0.05798246
v -0.04409098 0.13611722 0.05784272
v -0.04419198 0.13612291 0.05798246
v -0.04380720 0.14030116 0.05788046
v -0.02773429 0.16971250 0.05802376
v -0.03103593 0.16686413 0.05801029
v -0.02796565 0.16978758 0.05791776
v -0.02773429 0.16971250 0.05802376
v -0.02796565 0.16978758 0.05791776
v -0.02451291 0.17231535 0.05791382
v -0.03861627 0.15646945 0.05788375
v -0.04056178 0.15271550 0.05798246
v -0.03872097 0.15670225 0.05802376
v -0.03861627 0.15646945 0.05788375
v -0.03872097 0.15670225 0.05802376
v -0.03645989 0.16033871 0.05802376
v -0.03094258 0.16671423 0.05798246
v -0.03384469 0.16358046 0.05798247
v -0.03103593 0.16686413 0.05801029
v -0.03094258 0.16671423 0.05798246
v -0.03103593 0.16686413 0.05801029
v -0.02773429 0.16971250 0.05802376
v -0.02062436 0.17424404 0.05798247
v -0.02427853 0.17200486 0.05794193
v -0.02067089 0.17441443 0.05801029
v -0.01682467 0.17631420 0.05798583
v -0.00433773 0.17931048 0.05801029
v -0.00857957 0.17868568 0.05801029
v -0.00439178 0.17945017 0.05791771
v -0.00433773 0.17931048 0.05801029
v -0.00439178 0.17945017 0.05791771
v -0.00010873 0.17966547 0.05791929
v -0.00435880 0.17913508 0.05798246
v -0.00858383 0.17850908 0.05798247
v -0.00433773 0.17931048 0.05801029
v -0.00435880 0.17913508 0.05798246
v -0.00433773 0.17931048 0.05801029
v 0.00002002 0.17946377 0.05802376
v 0.00840128 0.17854479 0.05798246
v 0.00429713 0.17925488 0.05802376
v 0.00847173 0.17870679 0.05801029
v 0.00840128 0.17854479 0.05798246
v 0.00847173 0.17870679 0.05801029
v 0.01264912 0.17778230 0.05798586
v 0.02430252 0.17220567 0.05802376
v 0.02057340 0.17446555 0.05801029
v 0.02431285 0.17244227 0.05791731
v 0.02430252 0.17220567 0.05802376
v 0.02431285 0.17244227 0.05791731
v 0.02778778 0.16992891 0.05791822
v 0.02045955 0.17433045 0.05798247
v 0.01672988 0.17618452 0.05802376
v 0.02057340 0.17446555 0.05801029
v 0.02045955 0.17433045 0.05798247
v 0.02057340 0.17446555 0.05801029
v 0.02430252 0.17220567 0.05802376
v 0.03388111 0.16380479 0.05801029
v 0.03095717 0.16694094 0.05801029
v 0.03396816 0.16392588 0.05791667
v 0.03388111 0.16380479 0.05801029
v 0.03396816 0.16392588 0.05791667
v 0.03657179 0.16053293 0.05791786
v 0.00833694 0.17845449 0.05784352
v 0.00417728 0.17905798 0.05787947
v 0.00840128 0.17854479 0.05798246
v 0.00833694 0.17845449 0.05784352
v 0.00840128 0.17854479 0.05798246
v 0.01255044 0.17753130 0.05798246
v 0.01655600 0.17603022 0.05787775
v 0.01255044 0.17753130 0.05798246
v 0.01672988 0.17618452 0.05802376
v 0.01655600 0.17603022 0.05787775
v 0.01672988 0.17618452 0.05802376
v 0.02045955 0.17433045 0.05798247
v 0.03874045 0.15666699 0.05802376
v 0.03648265 0.16030563 0.05802376
v 0.03885009 0.15688688 0.05791771
v 0.03874045 0.15666699 0.05802376
v 0.03885009 0.15688688 0.05791771
v 0.04078497 0.15301423 0.05790822
v 0.01248941 0.17744449 0.05784346
v 0.00833694 0.17845449 0.05784352
v 0.01255044 0.17753130 0.05798246
v 0.01248941 0.17744449 0.05784346
v 0.01255044 0.17753130 0.05798246
v 0.01655600 0.17603022 0.05787775
v 0.03080944 0.16684405 0.05798246
v 0.02776558 0.16968721 0.05802376
v 0.03095717 0.16694094 0.05801029
v 0.03080944 0.16684405 0.05798246
v 0.03095717 0.16694094 0.05801029
v 0.03388111 0.16380479 0.05801029
v 0.04066075 0.15292003 0.05801029
v 0.03874045 0.15666699 0.05802376
v 0.04078497 0.15301423 0.05790822
v 0.04066075 0.15292003 0.05801029
v 0.04078497 0.15301423 0.05790822
v 0.04230515 0.14901238 0.05791739
v 0.02039869 0.17424884 0.05784502
v 0.01655600 0.17603022 0.05787775
v 0.02045955 0.17433045 0.05798247
v 0.02039869 0.17424884 0.05784502
v 0.02045955 0.17433045 0.05798247
v 0.02406217 0.17211878 0.05788410
v 0.02754941 0.16959301 0.05787707
v 0.02406217 0.17211878 0.05788410
v 0.02776558 0.16968721 0.05802376
v 0.02754941 0.16959301 0.05787707
v 0.02776558 0.16968721 0.05802376
v 0.03080944 0.16684405 0.05798246
v 0.04327619 0.14469084 0.05802376
v 0.04218620 0.14891268 0.05801029
v 0.04344386 0.14487144 0.05791753
v 0.04327619 0.14469084 0.05802376
v 0.04344386 0.14487144 0.05791753
v 0.04417773 0.14066439 0.05791514
v 0.04404489 0.14055118 0.05801029
v 0.04327619 0.14469084 0.05802376
v 0.04417773 0.14066439 0.05791514
v 0.04404489 0.14055118 0.05801029
v 0.04417773 0.14066439 0.05791514
v 0.04450463 0.13632985 0.05791621
v 0.03073653 0.16677415 0.05784312
v 0.02754941 0.16959301 0.05787707
v 0.03080944 0.16684405 0.05798246
v 0.03073653 0.16677415 0.05784312
v 0.03080944 0.16684405 0.05798246
v 0.03364401 0.16371558 0.05794324
v 0.03624396 0.16028434 0.05787773
v 0.03364401 0.16371558 0.05794324
v 0.03648265 0.16030563 0.05802376
v 0.03624396 0.16028434 0.05787773
v 0.03648265 0.16030563 0.05802376
v 0.03874045 0.15666699 0.05802376
v 0.04193509 0.14890618 0.05794145
v 0.04048742 0.15288592 0.05798247
v 0.04218620 0.14891268 0.05801029
v 0.04193509 0.14890618 0.05794145
v 0.04218620 0.14891268 0.05801029
v 0.04327619 0.14469084 0.05802376
v 0.04419801 0.13191771 0.05802376
v 0.04436078 0.13627495 0.05801029
v 0.04441870 0.13206260 0.05790629
v 0.04419801 0.13191771 0.05802376
v 0.04441870 0.13206260 0.05790629
v 0.04397272 0.12801926 0.05787957
v 0.04418737 0.13630884 0.05798247
v 0.04386904 0.14056809 0.05798247
v 0.04436078 0.13627495 0.05801029
v 0.04418737 0.13630884 0.05798247
v 0.04436078 0.13627495 0.05801029
v 0.04419801 0.13191771 0.05802376
v 0.04151087 0.11946357 0.05801029
v 0.04283084 0.12354311 0.05801029
v 0.04167012 0.11947867 0.05791748
v 0.04151087 0.11946357 0.05801029
v 0.04167012 0.11947867 0.05791748
v 0.03996537 0.11553382 0.05791743
v 0.04267435 0.12362511 0.05798247
v 0.04367993 0.12766706 0.05802376
v 0.04283084 0.12354311 0.05801029
v 0.04267435 0.12362511 0.05798247
v 0.04283084 0.12354311 0.05801029
v 0.04151087 0.11946357 0.05801029
v 0.03529281 0.10824861 0.05801029
v 0.03772419 0.11178036 0.05801029
v 0.03544838 0.10821531 0.05791745
v 0.03529281 0.10824861 0.05801029
v 0.03544838 0.10821531 0.05791745
v 0.03268730 0.10492445 0.05791771
v 0.03514558 0.10845191 0.05794188
v 0.03759770 0.11190376 0.05798246
v 0.03529281 0.10824861 0.05801029
v 0.03514558 0.10845191 0.05794188
v 0.03529281 0.10824861 0.05801029
v 0.03243743 0.10495325 0.05802376
v 0.02244902 0.09693862 0.05802376
v 0.02603189 0.09928361 0.05802376
v 0.02268211 0.09684096 0.05791804
v 0.02244902 0.09693862 0.05802376
v 0.02268211 0.09684096 0.05791804
v 0.01888984 0.09483464 0.05791734
v 0.02605819 0.09955855 0.05788061
v 0.02938126 0.10212339 0.05798247
v 0.02603189 0.09928361 0.05802376
v 0.02605819 0.09955855 0.05788061
v 0.02603189 0.09928361 0.05802376
v 0.02244902 0.09693862 0.05802376
v 0.01475879 0.09348186 0.05798245
v 0.01869850 0.09517002 0.05794157
v 0.01478024 0.09330647 0.05801029
v 0.01077346 0.09200193 0.05798607
v 0.00647870 0.09142248 0.05798247
v 0.01066857 0.09225193 0.05798246
v 0.00656815 0.09116443 0.05798594
v 0.00219877 0.09082718 0.05801029
v -0.01062513 0.09212444 0.05802376
v -0.00642309 0.09129982 0.05802376
v -0.01050946 0.09188658 0.05791765
v -0.01062513 0.09212444 0.05802376
v -0.01050946 0.09188658 0.05791765
v -0.01467905 0.09311622 0.05791580
v 0.00222837 0.09100132 0.05798247
v 0.00647870 0.09142248 0.05798247
v 0.00219877 0.09082718 0.05801029
v 0.00222837 0.09100132 0.05798247
v 0.00219877 0.09082718 0.05801029
v -0.00201394 0.09072249 0.05798605
v -0.01467667 0.09327003 0.05801029
v -0.01062513 0.09212444 0.05802376
v -0.01467905 0.09311622 0.05791580
v -0.01467667 0.09327003 0.05801029
v -0.01467905 0.09311622 0.05791580
v -0.01863628 0.09471877 0.05791960
v 0.01474194 0.09358239 0.05784525
v 0.01869850 0.09517002 0.05794157
v 0.01475879 0.09348186 0.05798245
v 0.01474194 0.09358239 0.05784525
v 0.01475879 0.09348186 0.05798245
v 0.01066857 0.09225193 0.05798246
v 0.01069126 0.09236261 0.05783957
v 0.01474194 0.09358239 0.05784525
v 0.01066857 0.09225193 0.05798246
v 0.01069126 0.09236261 0.05783957
v 0.01066857 0.09225193 0.05798246
v 0.00647870 0.09142248 0.05798247
v -0.02603859 0.09921524 0.05801029
v -0.02240875 0.09673451 0.05798589
v -0.02604016 0.09903526 0.05791477
v -0.02603859 0.09921524 0.05801029
v -0.02604016 0.09903526 0.05791477
v -0.02938014 0.10176427 0.05798631
v 0.00222694 0.09110222 0.05784354
v 0.00648775 0.09152555 0.05784333
v 0.00222837 0.09100132 0.05798247
v 0.00222694 0.09110222 0.05784354
v 0.00222837 0.09100132 0.05798247
v -0.00204279 0.09099236 0.05798246
v -0.00624939 0.09148173 0.05788274
v -0.00204279 0.09099236 0.05798246
v -0.00642309 0.09129982 0.05802376
v -0.00624939 0.09148173 0.05788274
v -0.00642309 0.09129982 0.05802376
v -0.01062513 0.09212444 0.05802376
v -0.03246496 0.10498273 0.05802376
v -0.02938014 0.10176427 0.05798631
v -0.03250411 0.10472883 0.05791978
v -0.03246496 0.10498273 0.05802376
v -0.03250411 0.10472883 0.05791978
v -0.03528226 0.10799739 0.05791794
v -0.01844024 0.09507986 0.05787756
v -0.01458350 0.09342012 0.05798247
v -0.01869309 0.09496730 0.05802376
v -0.01844024 0.09507986 0.05787756
v -0.01869309 0.09496730 0.05802376
v -0.02232890 0.09699941 0.05798247
v -0.02924224 0.10200007 0.05798247
v -0.02590645 0.09933250 0.05798246
v -0.02938014 0.10176427 0.05798631
v -0.02924224 0.10200007 0.05798247
v -0.02938014 0.10176427 0.05798631
v -0.03246496 0.10498273 0.05802376
v -0.04386710 0.12754663 0.05791705
v -0.04439109 0.13178928 0.05791984
v -0.04373250 0.12762273 0.05801029
v -0.04386710 0.12754663 0.05791705
v -0.04373250 0.12762273 0.05801029
v -0.04280209 0.12343708 0.05801029
v -0.03769918 0.11155874 0.05798631
v -0.03769918 0.11155874 0.05798631
v -0.03749971 0.11174584 0.05798247
v -0.03522475 0.10825689 0.05802376
v -0.02232890 0.09699941 0.05798247
v -0.02232890 0.09699941 0.05798247
v -0.02225950 0.09707517 0.05784388
v -0.01844024 0.09507986 0.05787756
v -0.04451070 0.13607532 0.05791730
v -0.04420930 0.14040766 0.05791668
v -0.04436354 0.13616512 0.05801029
v -0.04451070 0.13607532 0.05791730
v -0.04436354 0.13616512 0.05801029
v -0.04420105 0.13195787 0.05802376
v -0.03522475 0.10825689 0.05802376
v -0.03749971 0.11174584 0.05798247
v -0.03499882 0.10830329 0.05787921
v -0.03522475 0.10825689 0.05802376
v -0.03499882 0.10830329 0.05787921
v -0.03221729 0.10501762 0.05788268
v -0.02924224 0.10200007 0.05798247
v -0.03221729 0.10501762 0.05788268
v -0.02913408 0.10203957 0.05784175
v -0.02924224 0.10200007 0.05798247
v -0.02913408 0.10203957 0.05784175
v -0.02584353 0.09941096 0.05784452
v -0.04373250 0.12762273 0.05801029
v -0.04355604 0.12761433 0.05798247
v -0.04373250 0.12762273 0.05801029
v -0.04355604 0.12761433 0.05798247
v -0.04262563 0.12344579 0.05798247
v -0.03896271 0.15668976 0.05791619
v -0.03670553 0.16033911 0.05791914
v -0.03872097 0.15670225 0.05802376
v -0.03896271 0.15668976 0.05791619
v -0.03872097 0.15670225 0.05802376
v -0.04070476 0.15281931 0.05801029
v -0.03117333 0.16693673 0.05791384
v -0.02796565 0.16978758 0.05791776
v -0.03103593 0.16686413 0.05801029
v -0.03117333 0.16693673 0.05791384
v -0.03103593 0.16686413 0.05801029
v -0.03395211 0.16372076 0.05801029
v -0.04070476 0.15281931 0.05801029
v -0.03872097 0.15670225 0.05802376
v -0.04056178 0.15271550 0.05798246
v -0.04070476 0.15281931 0.05801029
v -0.04056178 0.15271550 0.05798246
v -0.04214078 0.14886135 0.05802376
v -0.04399044 0.14050956 0.05802376
v -0.04318134 0.14459522 0.05798247
v -0.04380720 0.14030116 0.05788046
v -0.04399044 0.14050956 0.05802376
v -0.04380720 0.14030116 0.05788046
v -0.04419198 0.13612291 0.05798246
v -0.04197411 0.14870025 0.05787810
v -0.04318134 0.14459522 0.05798247
v -0.04214078 0.14886135 0.05802376
v -0.04197411 0.14870025 0.05787810
v -0.04214078 0.14886135 0.05802376
v -0.04056178 0.15271550 0.05798246
v -0.02436413 0.17223616 0.05801029
v -0.02773429 0.16971250 0.05802376
v -0.02451291 0.17231535 0.05791382
v -0.02436413 0.17223616 0.05801029
v -0.02451291 0.17231535 0.05791382
v -0.02078394 0.17452423 0.05791141
v -0.00867361 0.17881408 0.05791784
v -0.01283346 0.17777538 0.05791982
v -0.00948723 0.17876487 0.05753971
v -0.01682467 0.17631420 0.05798583
v -0.01356523 0.17767809 0.05753674
v -0.01283346 0.17777538 0.05791982
v -0.02078394 0.17452423 0.05791141
v -0.01682467 0.17631420 0.05798583
v -0.02067089 0.17441443 0.05801029
v -0.02078394 0.17452423 0.05791141
v -0.02067089 0.17441443 0.05801029
v -0.02436413 0.17223616 0.05801029
v -0.03395211 0.16372076 0.05801029
v -0.03395211 0.16372076 0.05801029
v -0.03384469 0.16358046 0.05798247
v -0.03645989 0.16033871 0.05802376
v -0.04318134 0.14459522 0.05798247
v -0.04197411 0.14870025 0.05787810
v -0.04308990 0.14454221 0.05784314
v -0.04318134 0.14459522 0.05798247
v -0.04308990 0.14454221 0.05784314
v -0.04380720 0.14030116 0.05788046
v -0.04048419 0.15264220 0.05784527
v -0.04197411 0.14870025 0.05787810
v -0.04056178 0.15271550 0.05798246
v -0.04048419 0.15264220 0.05784527
v -0.04056178 0.15271550 0.05798246
v -0.03861627 0.15646945 0.05788375
v -0.03634925 0.16013152 0.05787712
v -0.03861627 0.15646945 0.05788375
v -0.03645989 0.16033871 0.05802376
v -0.03634925 0.16013152 0.05787712
v -0.03645989 0.16033871 0.05802376
v -0.03384469 0.16358046 0.05798247
v -0.01265262 0.17761920 0.05802376
v -0.01682467 0.17631420 0.05798583
v -0.01283346 0.17777538 0.05791982
v -0.01265262 0.17761920 0.05802376
v -0.01283346 0.17777538 0.05791982
v -0.00867361 0.17881408 0.05791784
v -0.00439178 0.17945017 0.05791771
v -0.00107892 0.17973857 0.05761557
v -0.00010873 0.17966547 0.05791929
v -0.00867361 0.17881408 0.05791784
v -0.00439178 0.17945017 0.05791771
v -0.00857957 0.17868568 0.05801029
v -0.00867361 0.17881408 0.05791784
v -0.00857957 0.17868568 0.05801029
v -0.01265262 0.17761920 0.05802376
v -0.02436413 0.17223616 0.05801029
v -0.02067089 0.17441443 0.05801029
v -0.02427853 0.17200486 0.05794193
v -0.02436413 0.17223616 0.05801029
v -0.02427853 0.17200486 0.05794193
v -0.02773429 0.16971250 0.05802376
v -0.03377015 0.16351267 0.05784389
v -0.03634925 0.16013152 0.05787712
v -0.03384469 0.16358046 0.05798247
v -0.03377015 0.16351267 0.05784389
v -0.03384469 0.16358046 0.05798247
v -0.03094258 0.16671423 0.05798246
v -0.02773929 0.16944069 0.05787720
v -0.03094258 0.16671423 0.05798246
v -0.02773429 0.16971250 0.05802376
v -0.02773929 0.16944069 0.05787720
v -0.02773429 0.16971250 0.05802376
v -0.02427853 0.17200486 0.05794193
v -0.01675897 0.17597641 0.05794132
v -0.02062436 0.17424404 0.05798247
v -0.01682467 0.17631420 0.05798583
v -0.01675897 0.17597641 0.05794132
v -0.01682467 0.17631420 0.05798583
v -0.01265262 0.17761920 0.05802376
v 0.00002002 0.17946377 0.05802376
v -0.00433773 0.17931048 0.05801029
v -0.00010873 0.17966547 0.05791929
v 0.00002002 0.17946377 0.05802376
v -0.00010873 0.17966547 0.05791929
v 0.00416378 0.17947207 0.05791775
v 0.01668404 0.17642132 0.05791868
v 0.01264912 0.17778230 0.05798586
v 0.01558432 0.17697081 0.05755275
v -0.03090938 0.16660523 0.05784221
v -0.03377015 0.16351267 0.05784389
v -0.03094258 0.16671423 0.05798246
v -0.03090938 0.16660523 0.05784221
v -0.03094258 0.16671423 0.05798246
v -0.02773929 0.16944069 0.05787720
v 0.00429713 0.17925488 0.05802376
v 0.00002002 0.17946377 0.05802376
v 0.00416378 0.17947207 0.05791775
v 0.00429713 0.17925488 0.05802376
v 0.00416378 0.17947207 0.05791775
v 0.00846852 0.17885709 0.05791438
v 0.00846852 0.17885709 0.05791438
v 0.01264912 0.17778230 0.05798586
v 0.00847173 0.17870679 0.05801029
v 0.00846852 0.17885709 0.05791438
v 0.00847173 0.17870679 0.05801029
v 0.00429713 0.17925488 0.05802376
v -0.00857957 0.17868568 0.05801029
v -0.00857957 0.17868568 0.05801029
v -0.00858383 0.17850908 0.05798247
v -0.01265262 0.17761920 0.05802376
v -0.02061400 0.17413573 0.05784440
v -0.02427853 0.17200486 0.05794193
v -0.02062436 0.17424404 0.05798247
v -0.02061400 0.17413573 0.05784440
v -0.02062436 0.17424404 0.05798247
v -0.01675897 0.17597641 0.05794132
v -0.01269372 0.17738910 0.05787736
v -0.01675897 0.17597641 0.05794132
v -0.01265262 0.17761920 0.05802376
v -0.01269372 0.17738910 0.05787736
v -0.01265262 0.17761920 0.05802376
v -0.00858383 0.17850908 0.05798247
v 0.01672988 0.17618452 0.05802376
v 0.01264912 0.17778230 0.05798586
v 0.01668404 0.17642132 0.05791868
v 0.01672988 0.17618452 0.05802376
v 0.01668404 0.17642132 0.05791868
v 0.02056785 0.17463794 0.05791004
v 0.03100541 0.16709594 0.05791681
v 0.02778778 0.16992891 0.05791822
v 0.03002396 0.16817593 0.05754094
v 0.02431285 0.17244227 0.05791731
v 0.02669929 0.17087819 0.05761279
v 0.02778778 0.16992891 0.05791822
v 0.02056785 0.17463794 0.05791004
v 0.02431285 0.17244227 0.05791731
v 0.02057340 0.17446555 0.05801029
v 0.02056785 0.17463794 0.05791004
v 0.02057340 0.17446555 0.05801029
v 0.01672988 0.17618452 0.05802376
v -0.00856998 0.17840949 0.05784484
v -0.01269372 0.17738910 0.05787736
v -0.00858383 0.17850908 0.05798247
v -0.00856998 0.17840949 0.05784484
v -0.00858383 0.17850908 0.05798247
v -0.00435880 0.17913508 0.05798246
v -0.00012218 0.17925857 0.05788268
v -0.00435880 0.17913508 0.05798246
v 0.00002002 0.17946377 0.05802376
v -0.00012218 0.17925857 0.05788268
v 0.00002002 0.17946377 0.05802376
v 0.00429713 0.17925488 0.05802376
v 0.01255044 0.17753130 0.05798246
v 0.00840128 0.17854479 0.05798246
v 0.01264912 0.17778230 0.05798586
v 0.01255044 0.17753130 0.05798246
v 0.01264912 0.17778230 0.05798586
v 0.01672988 0.17618452 0.05802376
v 0.02776558 0.16968721 0.05802376
v 0.02430252 0.17220567 0.05802376
v 0.02778778 0.16992891 0.05791822
v 0.02776558 0.16968721 0.05802376
v 0.02778778 0.16992891 0.05791822
v 0.03100541 0.16709594 0.05791681
v 0.03885009 0.15688688 0.05791771
v 0.03657179 0.16053293 0.05791786
v 0.03811163 0.15837596 0.05755344
v 0.03100541 0.16709594 0.05791681
v 0.03396816 0.16392588 0.05791667
v 0.03095717 0.16694094 0.05801029
v 0.03100541 0.16709594 0.05791681
v 0.03095717 0.16694094 0.05801029
v 0.02776558 0.16968721 0.05802376
v 0.00429713 0.17925488 0.05802376
v 0.00840128 0.17854479 0.05798246
v 0.00417728 0.17905798 0.05787947
v 0.00429713 0.17925488 0.05802376
v 0.00417728 0.17905798 0.05787947
v -0.00012218 0.17925857 0.05788268
v -0.00435880 0.17913508 0.05798246
v -0.00012218 0.17925857 0.05788268
v -0.00440458 0.17902888 0.05784151
v -0.00435880 0.17913508 0.05798246
v -0.00440458 0.17902888 0.05784151
v -0.00856998 0.17840949 0.05784484
v 0.04311079 0.14672841 0.05753838
v 0.04344386 0.14487144 0.05791753
v 0.04230515 0.14901238 0.05791739
v 0.03657179 0.16053293 0.05791786
v 0.03885009 0.15688688 0.05791771
v 0.03648265 0.16030563 0.05802376
v 0.03657179 0.16053293 0.05791786
v 0.03648265 0.16030563 0.05802376
v 0.03388111 0.16380479 0.05801029
v 0.02406217 0.17211878 0.05788410
v 0.02045955 0.17433045 0.05798247
v 0.02430252 0.17220567 0.05802376
v 0.02406217 0.17211878 0.05788410
v 0.02430252 0.17220567 0.05802376
v 0.02776558 0.16968721 0.05802376
v 0.03364401 0.16371558 0.05794324
v 0.03080944 0.16684405 0.05798246
v 0.03388111 0.16380479 0.05801029
v 0.03364401 0.16371558 0.05794324
v 0.03388111 0.16380479 0.05801029
v 0.03648265 0.16030563 0.05802376
v 0.04218620 0.14891268 0.05801029
v 0.04066075 0.15292003 0.05801029
v 0.04230515 0.14901238 0.05791739
v 0.04218620 0.14891268 0.05801029
v 0.04230515 0.14901238 0.05791739
v 0.04344386 0.14487144 0.05791753
v 0.04441870 0.13206260 0.05790629
v 0.04450463 0.13632985 0.05791621
v 0.04458921 0.13416777 0.05761800
v 0.04450463 0.13632985 0.05791621
v 0.04441870 0.13206260 0.05790629
v 0.04436078 0.13627495 0.05801029
v 0.04450463 0.13632985 0.05791621
v 0.04436078 0.13627495 0.05801029
v 0.04404489 0.14055118 0.05801029
v 0.04066075 0.15292003 0.05801029
v 0.04218620 0.14891268 0.05801029
v 0.04048742 0.15288592 0.05798247
v 0.04066075 0.15292003 0.05801029
v 0.04048742 0.15288592 0.05798247
v 0.03874045 0.15666699 0.05802376
v 0.03850928 0.15665428 0.05787830
v 0.03624396 0.16028434 0.05787773
v 0.03874045 0.15666699 0.05802376
v 0.03850928 0.15665428 0.05787830
v 0.03874045 0.15666699 0.05802376
v 0.04048742 0.15288592 0.05798247
v 0.04367993 0.12766706 0.05802376
v 0.04367993 0.12766706 0.05802376
v 0.04397272 0.12801926 0.05787957
v 0.04298376 0.12354221 0.05791279
v 0.04167012 0.11947867 0.05791748
v 0.04103189 0.11758879 0.05755420
v 0.03996537 0.11553382 0.05791743
v 0.04298376 0.12354221 0.05791279
v 0.04167012 0.11947867 0.05791748
v 0.04283084 0.12354311 0.05801029
v 0.04298376 0.12354221 0.05791279
v 0.04283084 0.12354311 0.05801029
v 0.04367993 0.12766706 0.05802376
v 0.04404489 0.14055118 0.05801029
v 0.04404489 0.14055118 0.05801029
v 0.04386904 0.14056809 0.05798247
v 0.04327619 0.14469084 0.05802376
v 0.04038012 0.15288063 0.05784498
v 0.03850928 0.15665428 0.05787830
v 0.04048742 0.15288592 0.05798247
v 0.04038012 0.15288063 0.05784498
v 0.04048742 0.15288592 0.05798247
v 0.04193509 0.14890618 0.05794145
v 0.04304929 0.14475004 0.05787717
v 0.04193509 0.14890618 0.05794145
v 0.04327619 0.14469084 0.05802376
v 0.04304929 0.14475004 0.05787717
v 0.04327619 0.14469084 0.05802376
v 0.04386904 0.14056809 0.05798247
v 0.03971699 0.11548921 0.05802376
v 0.04151087 0.11946357 0.05801029
v 0.03996537 0.11553382 0.05791743
v 0.03971699 0.11548921 0.05802376
v 0.03996537 0.11553382 0.05791743
v 0.03790424 0.11178676 0.05791022
v 0.03544838 0.10821531 0.05791745
v 0.03445421 0.10676463 0.05753806
v 0.03268730 0.10492445 0.05791771
v 0.03790424 0.11178676 0.05791022
v 0.03544838 0.10821531 0.05791745
v 0.03772419 0.11178036 0.05801029
v 0.03790424 0.11178676 0.05791022
v 0.03772419 0.11178036 0.05801029
v 0.03971699 0.11548921 0.05802376
v 0.04376868 0.14056019 0.05784423
v 0.04304929 0.14475004 0.05787717
v 0.04386904 0.14056809 0.05798247
v 0.04376868 0.14056019 0.05784423
v 0.04386904 0.14056809 0.05798247
v 0.04418737 0.13630884 0.05798247
v 0.04400383 0.13207611 0.05788267
v 0.04418737 0.13630884 0.05798247
v 0.04419801 0.13191771 0.05802376
v 0.04400383 0.13207611 0.05788267
v 0.04419801 0.13191771 0.05802376
v 0.04367993 0.12766706 0.05802376
v 0.04136305 0.11956036 0.05798246
v 0.04136305 0.11956036 0.05798246
v 0.04151087 0.11946357 0.05801029
v 0.03971699 0.11548921 0.05802376
v 0.03243743 0.10495325 0.05802376
v 0.03529281 0.10824861 0.05801029
v 0.03268730 0.10492445 0.05791771
v 0.03243743 0.10495325 0.05802376
v 0.03268730 0.10492445 0.05791771
v 0.02964029 0.10194218 0.05792336
v 0.01888984 0.09483464 0.05791734
v 0.02268211 0.09684096 0.05791804
v 0.02139095 0.09600677 0.05761100
v 0.02625961 0.09919629 0.05791608
v 0.02506995 0.09823254 0.05756052
v 0.02268211 0.09684096 0.05791804
v 0.04408487 0.13635994 0.05784197
v 0.04376868 0.14056019 0.05784423
v 0.04418737 0.13630884 0.05798247
v 0.04408487 0.13635994 0.05784197
v 0.04418737 0.13630884 0.05798247
v 0.04400383 0.13207611 0.05788267
v 0.04349194 0.12780095 0.05787896
v 0.04400383 0.13207611 0.05788267
v 0.04367993 0.12766706 0.05802376
v 0.04349194 0.12780095 0.05787896
v 0.04367993 0.12766706 0.05802376
v 0.04267435 0.12362511 0.05798247
v 0.02946722 0.10196899 0.05801029
v 0.03243743 0.10495325 0.05802376
v 0.02964029 0.10194218 0.05792336
v 0.02946722 0.10196899 0.05801029
v 0.02964029 0.10194218 0.05792336
v 0.02625961 0.09919629 0.05791608
v 0.02625961 0.09919629 0.05791608
v 0.02268211 0.09684096 0.05791804
v 0.02603189 0.09928361 0.05802376
v 0.02625961 0.09919629 0.05791608
v 0.02603189 0.09928361 0.05802376
v 0.02946722 0.10196899 0.05801029
v 0.03772419 0.11178036 0.05801029
v 0.03529281 0.10824861 0.05801029
v 0.03759770 0.11190376 0.05798246
v 0.03772419 0.11178036 0.05801029
v 0.03759770 0.11190376 0.05798246
v 0.04258835 0.12369281 0.05784410
v 0.04349194 0.12780095 0.05787896
v 0.04267435 0.12362511 0.05798247
v 0.04258835 0.12369281 0.05784410
v 0.04267435 0.12362511 0.05798247
v 0.04136305 0.11956036 0.05798246
v 0.03957622 0.11567521 0.05787747
v 0.04136305 0.11956036 0.05798246
v 0.03971699 0.11548921 0.05802376
v 0.03957622 0.11567521 0.05787747
v 0.03971699 0.11548921 0.05802376
v 0.03759770 0.11190376 0.05798246
v 0.01874940 0.09492827 0.05801029
v 0.02244902 0.09693862 0.05802376
v 0.01888984 0.09483464 0.05791734
v 0.01874940 0.09492827 0.05801029
v 0.01888984 0.09483464 0.05791734
v 0.01493090 0.09319892 0.05790798
v 0.01077346 0.09200193 0.05798607
v 0.00952168 0.09154275 0.05755257
v 0.00656815 0.09116443 0.05798594
v 0.01493090 0.09319892 0.05790798
v 0.01077346 0.09200193 0.05798607
v 0.01478024 0.09330647 0.05801029
v 0.01493090 0.09319892 0.05790798
v 0.01478024 0.09330647 0.05801029
v 0.01874940 0.09492827 0.05801029
v 0.02946722 0.10196899 0.05801029
v 0.02603189 0.09928361 0.05802376
v 0.02938126 0.10212339 0.05798247
v 0.02946722 0.10196899 0.05801029
v 0.02938126 0.10212339 0.05798247
v 0.03243743 0.10495325 0.05802376
v 0.04136305 0.11956036 0.05798246
v 0.03957622 0.11567521 0.05787747
v 0.04128145 0.11962856 0.05784383
v 0.04136305 0.11956036 0.05798246
v 0.04128145 0.11962856 0.05784383
v 0.04258835 0.12369281 0.05784410
v 0.03751898 0.11196786 0.05784445
v 0.03957622 0.11567521 0.05787747
v 0.03759770 0.11190376 0.05798246
v 0.03751898 0.11196786 0.05784445
v 0.03759770 0.11190376 0.05798246
v 0.03514558 0.10845191 0.05794188
v 0.03236055 0.10517714 0.05787711
v 0.03514558 0.10845191 0.05794188
v 0.03243743 0.10495325 0.05802376
v 0.03236055 0.10517714 0.05787711
v 0.03243743 0.10495325 0.05802376
v 0.02938126 0.10212339 0.05798247
v -0.01050946 0.09188658 0.05791765
v -0.00629851 0.09107777 0.05791913
v -0.00736178 0.09115546 0.05761431
v -0.00201394 0.09072249 0.05798605
v -0.00313408 0.09061565 0.05753606
v -0.00629851 0.09107777 0.05791913
v 0.00230697 0.09068656 0.05791539
v -0.00201394 0.09072249 0.05798605
v 0.00219877 0.09082718 0.05801029
v 0.00230697 0.09068656 0.05791539
v 0.00219877 0.09082718 0.05801029
v 0.00656815 0.09116443 0.05798594
v 0.01874940 0.09492827 0.05801029
v 0.01478024 0.09330647 0.05801029
v 0.01869850 0.09517002 0.05794157
v 0.01874940 0.09492827 0.05801029
v 0.01869850 0.09517002 0.05794157
v 0.02244902 0.09693862 0.05802376
v -0.01944698 0.09497455 0.05755214
v -0.02240875 0.09673451 0.05798589
v -0.01863628 0.09471877 0.05791960
v -0.00629851 0.09107777 0.05791913
v -0.01050946 0.09188658 0.05791765
v -0.00642309 0.09129982 0.05802376
v -0.00629851 0.09107777 0.05791913
v -0.00642309 0.09129982 0.05802376
v -0.00201394 0.09072249 0.05798605
v 0.01077346 0.09200193 0.05798607
v 0.01475879 0.09348186 0.05798245
v 0.02244902 0.09693862 0.05802376
v 0.01869850 0.09517002 0.05794157
v 0.02249657 0.09720884 0.05787717
v 0.02244902 0.09693862 0.05802376
v 0.02249657 0.09720884 0.05787717
v 0.02605819 0.09955855 0.05788061
v 0.02938126 0.10212339 0.05798247
v 0.02605819 0.09955855 0.05788061
v 0.02931665 0.10220138 0.05784236
v 0.02938126 0.10212339 0.05798247
v 0.02931665 0.10220138 0.05784236
v 0.03236055 0.10517714 0.05787711
v -0.02997413 0.10206227 0.05753455
v -0.03250411 0.10472883 0.05791978
v -0.02938014 0.10176427 0.05798631
v -0.01863628 0.09471877 0.05791960
v -0.02240875 0.09673451 0.05798589
v -0.01869309 0.09496730 0.05802376
v -0.01863628 0.09471877 0.05791960
v -0.01869309 0.09496730 0.05802376
v -0.01467667 0.09327003 0.05801029
v -0.00201394 0.09072249 0.05798605
v -0.00642309 0.09129982 0.05802376
v -0.00204279 0.09099236 0.05798246
v -0.00201394 0.09072249 0.05798605
v -0.00204279 0.09099236 0.05798246
v 0.00222837 0.09100132 0.05798247
v -0.03808487 0.11184924 0.05753320
v -0.03979977 0.11530699 0.05798629
v -0.03769918 0.11155874 0.05798631
v -0.01467667 0.09327003 0.05801029
v -0.01869309 0.09496730 0.05802376
v -0.01458350 0.09342012 0.05798247
v -0.01467667 0.09327003 0.05801029
v -0.01458350 0.09342012 0.05798247
v -0.01062513 0.09212444 0.05802376
v 0.00647870 0.09142248 0.05798247
v 0.00222837 0.09100132 0.05798247
v 0.00648775 0.09152555 0.05784333
v 0.00647870 0.09142248 0.05798247
v 0.00648775 0.09152555 0.05784333
v 0.01069126 0.09236261 0.05783957
v -0.00198691 0.09109092 0.05784245
v 0.00222694 0.09110222 0.05784354
v -0.00204279 0.09099236 0.05798246
v -0.00198691 0.09109092 0.05784245
v -0.00204279 0.09099236 0.05798246
v -0.00624939 0.09148173 0.05788274
v -0.01047737 0.09230233 0.05787851
v -0.00624939 0.09148173 0.05788274
v -0.01062513 0.09212444 0.05802376
v -0.01047737 0.09230233 0.05787851
v -0.01062513 0.09212444 0.05802376
v -0.01458350 0.09342012 0.05798247
v -0.02232890 0.09699941 0.05798247
v -0.01869309 0.09496730 0.05802376
v -0.02240875 0.09673451 0.05798589
v -0.02232890 0.09699941 0.05798247
v -0.02240875 0.09673451 0.05798589
v -0.02603859 0.09921524 0.05801029
v -0.03522475 0.10825689 0.05802376
v -0.03246496 0.10498273 0.05802376
v -0.03528226 0.10799739 0.05791794
v -0.03522475 0.10825689 0.05802376
v -0.03528226 0.10799739 0.05791794
v -0.03769918 0.11155874 0.05798631
v -0.02603859 0.09921524 0.05801029
v -0.02938014 0.10176427 0.05798631
v -0.02590645 0.09933250 0.05798246
v -0.02232890 0.09699941 0.05798247
v -0.01451285 0.09350188 0.05784470
v -0.01047737 0.09230233 0.05787851
v -0.01458350 0.09342012 0.05798247
v -0.01451285 0.09350188 0.05784470
v -0.01458350 0.09342012 0.05798247
v -0.01844024 0.09507986 0.05787756
v -0.04144332 0.11945194 0.05802376
v -0.03979977 0.11530699 0.05798629
v -0.04157405 0.11922584 0.05791907
v -0.04144332 0.11945194 0.05802376
v -0.04157405 0.11922584 0.05791907
v -0.04291631 0.12330159 0.05791611
v -0.04280209 0.12343708 0.05801029
v -0.04144332 0.11945194 0.05802376
v -0.04291631 0.12330159 0.05791611
v -0.04280209 0.12343708 0.05801029
v -0.04291631 0.12330159 0.05791611
v -0.04386710 0.12754663 0.05791705
v 0.04433109 0.12991824 0.05753949
v 0.04397272 0.12801926 0.05787957
v 0.04441870 0.13206260 0.05790629
v 0.04433109 0.12991824 0.05753949
v 0.04441870 0.13206260 0.05790629
v 0.04458921 0.13416777 0.05761800
v 0.04458921 0.13416777 0.05761800
v 0.04450463 0.13632985 0.05791621
v 0.04449741 0.13835822 0.05760166
v 0.04449741 0.13835822 0.05760166
v 0.04450463 0.13632985 0.05791621
v 0.04417773 0.14066439 0.05791514
v 0.04449741 0.13835822 0.05760166
v 0.04417773 0.14066439 0.05791514
v 0.04401063 0.14259317 0.05754155
v 0.04401063 0.14259317 0.05754155
v 0.04417773 0.14066439 0.05791514
v 0.04344386 0.14487144 0.05791753
v 0.04401063 0.14259317 0.05754155
v 0.04344386 0.14487144 0.05791753
v 0.04311079 0.14672841 0.05753838
v 0.04311079 0.14672841 0.05753838
v 0.04230515 0.14901238 0.05791739
v 0.04182053 0.15078135 0.05753359
v 0.04182053 0.15078135 0.05753359
v 0.04230515 0.14901238 0.05791739
v 0.04078497 0.15301423 0.05790822
v 0.04182053 0.15078135 0.05753359
v 0.04078497 0.15301423 0.05790822
v 0.04014582 0.15467600 0.05753629
v 0.04014582 0.15467600 0.05753629
v 0.04078497 0.15301423 0.05790822
v 0.03885009 0.15688688 0.05791771
v 0.04014582 0.15467600 0.05753629
v 0.03885009 0.15688688 0.05791771
v 0.03811163 0.15837596 0.05755344
v 0.03811163 0.15837596 0.05755344
v 0.03657179 0.16053293 0.05791786
v 0.03568284 0.16191081 0.05761663
v 0.03568284 0.16191081 0.05761663
v 0.03657179 0.16053293 0.05791786
v 0.03396816 0.16392588 0.05791667
v 0.03568284 0.16191081 0.05761663
v 0.03396816 0.16392588 0.05791667
v 0.03301598 0.16520276 0.05753367
v 0.03301598 0.16520276 0.05753367
v 0.03396816 0.16392588 0.05791667
v 0.03100541 0.16709594 0.05791681
v 0.03301598 0.16520276 0.05753367
v 0.03100541 0.16709594 0.05791681
v 0.03002396 0.16817593 0.05754094
v 0.03002396 0.16817593 0.05754094
v 0.02778778 0.16992891 0.05791822
v 0.02669929 0.17087819 0.05761279
v 0.02669929 0.17087819 0.05761279
v 0.02431285 0.17244227 0.05791731
v 0.02321118 0.17328736 0.05753333
v 0.02321118 0.17328736 0.05753333
v 0.02431285 0.17244227 0.05791731
v 0.02056785 0.17463794 0.05791004
v 0.02321118 0.17328736 0.05753333
v 0.02056785 0.17463794 0.05791004
v 0.01948029 0.17530604 0.05754358
v 0.01948029 0.17530604 0.05754358
v 0.02056785 0.17463794 0.05791004
v 0.01668404 0.17642132 0.05791868
v 0.01948029 0.17530604 0.05754358
v 0.01668404 0.17642132 0.05791868
v 0.01558432 0.17697081 0.05755275
v 0.01558432 0.17697081 0.05755275
v 0.01264912 0.17778230 0.05798586
v 0.01151891 0.17828520 0.05753204
v 0.01151891 0.17828520 0.05753204
v 0.01264912 0.17778230 0.05798586
v 0.00846852 0.17885709 0.05791438
v 0.01151891 0.17828520 0.05753204
v 0.00846852 0.17885709 0.05791438
v 0.00734812 0.17918307 0.05753550
v 0.00734812 0.17918307 0.05753550
v 0.00846852 0.17885709 0.05791438
v 0.00416378 0.17947207 0.05791775
v 0.00734812 0.17918307 0.05753550
v 0.00416378 0.17947207 0.05791775
v 0.00316817 0.17968216 0.05753331
v 0.00316817 0.17968216 0.05753331
v 0.00416378 0.17947207 0.05791775
v -0.00010873 0.17966547 0.05791929
v 0.00316817 0.17968216 0.05753331
v -0.00010873 0.17966547 0.05791929
v -0.00107892 0.17973857 0.05761557
v -0.00107892 0.17973857 0.05761557
v -0.00439178 0.17945017 0.05791771
v -0.00532862 0.17946747 0.05754757
v -0.00532862 0.17946747 0.05754757
v -0.00439178 0.17945017 0.05791771
v -0.00867361 0.17881408 0.05791784
v -0.00532862 0.17946747 0.05754757
v -0.00867361 0.17881408 0.05791784
v -0.00948723 0.17876487 0.05753971
v -0.00948723 0.17876487 0.05753971
v -0.01283346 0.17777538 0.05791982
v -0.01356523 0.17767809 0.05753674
v -0.01356523 0.17767809 0.05753674
v -0.01682467 0.17631420 0.05798583
v -0.01760052 0.17617141 0.05754649
v -0.01760052 0.17617141 0.05754649
v -0.01682467 0.17631420 0.05798583
v -0.02078394 0.17452423 0.05791141
v -0.01760052 0.17617141 0.05754649
v -0.02078394 0.17452423 0.05791141
v -0.02149638 0.17427913 0.05753312
v -0.02149638 0.17427913 0.05753312
v -0.02078394 0.17452423 0.05791141
v -0.02504754 0.17210796 0.05753217
v -0.02504754 0.17210796 0.05753217
v -0.02078394 0.17452423 0.05791141
v -0.02451291 0.17231535 0.05791382
v -0.02504754 0.17210796 0.05753217
v -0.02451291 0.17231535 0.05791382
v -0.02848582 0.16953269 0.05752979
v -0.02848582 0.16953269 0.05752979
v -0.02451291 0.17231535 0.05791382
v -0.02796565 0.16978758 0.05791776
v -0.02848582 0.16953269 0.05752979
v -0.02796565 0.16978758 0.05791776
v -0.03164126 0.16664872 0.05753186
v -0.03164126 0.16664872 0.05753186
v -0.02796565 0.16978758 0.05791776
v -0.03117333 0.16693673 0.05791384
v -0.03164126 0.16664872 0.05753186
v -0.03117333 0.16693673 0.05791384
v -0.03444139 0.16355997 0.05753180
v -0.03444139 0.16355997 0.05753180
v -0.03117333 0.16693673 0.05791384
v -0.03411382 0.16375507 0.05791634
v -0.03444139 0.16355997 0.05753180
v -0.03411382 0.16375507 0.05791634
v -0.03699951 0.16012721 0.05754403
v -0.03699951 0.16012721 0.05754403
v -0.03411382 0.16375507 0.05791634
v -0.03670553 0.16033911 0.05791914
v -0.03699951 0.16012721 0.05754403
v -0.03670553 0.16033911 0.05791914
v -0.03922936 0.15646796 0.05753156
v -0.03922936 0.15646796 0.05753156
v -0.03670553 0.16033911 0.05791914
v -0.03896271 0.15668976 0.05791619
v -0.03922936 0.15646796 0.05753156
v -0.03896271 0.15668976 0.05791619
v -0.04108099 0.15263230 0.05753270
v -0.04108099 0.15263230 0.05753270
v -0.03896271 0.15668976 0.05791619
v -0.04085843 0.15283530 0.05791489
v 0.04397272 0.12801926 0.05787957
v 0.04433109 0.12991824 0.05753949
v 0.04363230 0.12568549 0.05753411
v 0.04397272 0.12801926 0.05787957
v 0.04363230 0.12568549 0.05753411
v 0.04298376 0.12354221 0.05791279
v 0.04298376 0.12354221 0.05791279
v 0.04363230 0.12568549 0.05753411
v 0.04251842 0.12156794 0.05754299
v 0.04298376 0.12354221 0.05791279
v 0.04251842 0.12156794 0.05754299
v 0.04167012 0.11947867 0.05791748
v 0.04167012 0.11947867 0.05791748
v 0.04251842 0.12156794 0.05754299
v 0.04103189 0.11758879 0.05755420
v 0.03996537 0.11553382 0.05791743
v 0.04103189 0.11758879 0.05755420
v 0.03918751 0.11377364 0.05754895
v 0.03996537 0.11553382 0.05791743
v 0.03918751 0.11377364 0.05754895
v 0.03790424 0.11178676 0.05791022
v 0.03790424 0.11178676 0.05791022
v 0.03918751 0.11377364 0.05754895
v 0.03700271 0.11016948 0.05753561
v 0.03790424 0.11178676 0.05791022
v 0.03700271 0.11016948 0.05753561
v 0.03544838 0.10821531 0.05791745
v 0.03544838 0.10821531 0.05791745
v 0.03700271 0.11016948 0.05753561
v 0.03445421 0.10676463 0.05753806
v 0.03268730 0.10492445 0.05791771
v 0.03445421 0.10676463 0.05753806
v 0.03157810 0.10358227 0.05753178
v 0.03268730 0.10492445 0.05791771
v 0.03157810 0.10358227 0.05753178
v 0.02964029 0.10194218 0.05792336
v 0.02964029 0.10194218 0.05792336
v 0.02844730 0.10073711 0.05753377
v 0.02625961 0.09919629 0.05791608
v 0.02625961 0.09919629 0.05791608
v 0.02844730 0.10073711 0.05753377
v 0.02506995 0.09823254 0.05756052
v 0.02268211 0.09684096 0.05791804
v 0.02506995 0.09823254 0.05756052
v 0.02139095 0.09600677 0.05761100
v 0.01888984 0.09483464 0.05791734
v 0.02139095 0.09600677 0.05761100
v 0.01759997 0.09411587 0.05753342
v 0.01888984 0.09483464 0.05791734
v 0.01759997 0.09411587 0.05753342
v 0.01493090 0.09319892 0.05790798
v 0.01493090 0.09319892 0.05790798
v 0.01759997 0.09411587 0.05753342
v 0.01358559 0.09262270 0.05753698
v 0.01493090 0.09319892 0.05790798
v 0.01358559 0.09262270 0.05753698
v 0.01077346 0.09200193 0.05798607
v 0.01077346 0.09200193 0.05798607
v 0.01358559 0.09262270 0.05753698
v 0.00952168 0.09154275 0.05755257
v 0.00656815 0.09116443 0.05798594
v 0.00952168 0.09154275 0.05755257
v 0.00531736 0.09085011 0.05759662
v 0.00656815 0.09116443 0.05798594
v 0.00531736 0.09085011 0.05759662
v 0.00230697 0.09068656 0.05791539
v 0.00230697 0.09068656 0.05791539
v 0.00531736 0.09085011 0.05759662
v 0.00107676 0.09051614 0.05753520
v 0.00230697 0.09068656 0.05791539
v 0.00107676 0.09051614 0.05753520
v -0.00201394 0.09072249 0.05798605
v -0.00201394 0.09072249 0.05798605
v 0.00107676 0.09051614 0.05753520
v -0.00313408 0.09061565 0.05753606
v -0.00629851 0.09107777 0.05791913
v -0.00313408 0.09061565 0.05753606
v -0.00736178 0.09115546 0.05761431
v -0.01050946 0.09188658 0.05791765
v -0.00736178 0.09115546 0.05761431
v -0.01152843 0.09201357 0.05753246
v -0.01050946 0.09188658 0.05791765
v -0.01152843 0.09201357 0.05753246
v -0.01467905 0.09311622 0.05791580
v -0.01467905 0.09311622 0.05791580
v -0.01152843 0.09201357 0.05753246
v -0.01557095 0.09331235 0.05753870
v -0.01467905 0.09311622 0.05791580
v -0.01557095 0.09331235 0.05753870
v -0.01863628 0.09471877 0.05791960
v -0.01863628 0.09471877 0.05791960
v -0.01557095 0.09331235 0.05753870
v -0.01944698 0.09497455 0.05755214
v -0.02240875 0.09673451 0.05798589
v -0.01944698 0.09497455 0.05755214
v -0.02321360 0.09701860 0.05754658
v -0.02240875 0.09673451 0.05798589
v -0.02321360 0.09701860 0.05754658
v -0.02604016 0.09903526 0.05791477
v -0.02604016 0.09903526 0.05791477
v -0.02321360 0.09701860 0.05754658
v -0.02676763 0.09941817 0.05753515
v -0.02604016 0.09903526 0.05791477
v -0.02676763 0.09941817 0.05753515
v -0.02938014 0.10176427 0.05798631
v -0.02938014 0.10176427 0.05798631
v -0.02676763 0.09941817 0.05753515
v -0.02997413 0.10206227 0.05753455
v -0.03250411 0.10472883 0.05791978
v -0.02997413 0.10206227 0.05753455
v -0.03302202 0.10509453 0.05753067
v -0.03250411 0.10472883 0.05791978
v -0.03302202 0.10509453 0.05753067
v -0.03528226 0.10799739 0.05791794
v -0.03528226 0.10799739 0.05791794
v -0.03302202 0.10509453 0.05753067
v -0.03572828 0.10838958 0.05754839
v -0.03528226 0.10799739 0.05791794
v -0.03572828 0.10838958 0.05754839
v -0.03769918 0.11155874 0.05798631
v -0.03769918 0.11155874 0.05798631
v -0.03572828 0.10838958 0.05754839
v -0.03808487 0.11184924 0.05753320
v -0.03979977 0.11530699 0.05798629
v -0.03808487 0.11184924 0.05753320
v -0.04015051 0.11561219 0.05753015
v -0.03979977 0.11530699 0.05798629
v -0.04015051 0.11561219 0.05753015
v -0.04157405 0.11922584 0.05791907
v -0.04157405 0.11922584 0.05791907
v -0.04015051 0.11561219 0.05753015
v -0.04181974 0.11953674 0.05754734
v -0.04157405 0.11922584 0.05791907
v -0.04181974 0.11953674 0.05754734
v -0.04291631 0.12330159 0.05791611
v -0.04291631 0.12330159 0.05791611
v -0.04181974 0.11953674 0.05754734
v -0.04312840 0.12360878 0.05753399
v -0.04291631 0.12330159 0.05791611
v -0.04312840 0.12360878 0.05753399
v -0.04386710 0.12754663 0.05791705
v -0.04386710 0.12754663 0.05791705
v -0.04312840 0.12360878 0.05753399
v -0.04401511 0.12766453 0.05753282
v -0.04386710 0.12754663 0.05791705
v -0.04401511 0.12766453 0.05753282
v -0.04439109 0.13178928 0.05791984
v -0.04439109 0.13178928 0.05791984
v -0.04401511 0.12766453 0.05753282
v -0.04453428 0.13192168 0.05753006
v -0.04439109 0.13178928 0.05791984
v -0.04453428 0.13192168 0.05753006
v -0.04451070 0.13607532 0.05791730
v -0.04451070 0.13607532 0.05791730
v -0.04453428 0.13192168 0.05753006
v -0.04463367 0.13621642 0.05753304
v -0.04451070 0.13607532 0.05791730
v -0.04463367 0.13621642 0.05753304
v -0.04420930 0.14040766 0.05791668
v -0.04420930 0.14040766 0.05791668
v -0.04463367 0.13621642 0.05753304
v -0.04434170 0.14036227 0.05753244
v -0.04420930 0.14040766 0.05791668
v -0.04434170 0.14036227 0.05753244
v -0.04345421 0.14460771 0.05798593
v -0.04345421 0.14460771 0.05798593
v -0.04434170 0.14036227 0.05753244
v -0.04364127 0.14459091 0.05752987
v -0.04345421 0.14460771 0.05798593
v -0.04364127 0.14459091 0.05752987
v -0.04238674 0.14876685 0.05791670
v -0.04238674 0.14876685 0.05791670
v -0.04364127 0.14459091 0.05752987
v -0.04252687 0.14874226 0.05753267
v -0.04238674 0.14876685 0.05791670
v -0.04252687 0.14874226 0.05753267
v -0.04085843 0.15283530 0.05791489
v -0.04085843 0.15283530 0.05791489
v -0.04252687 0.14874226 0.05753267
v -0.04108099 0.15263230 0.05753270
v -0.00114273 0.18011827 0.05757743
v 0.00320753 0.18001857 0.05757787
v 0.00308759 0.17986707 0.05747783
v -0.00114273 0.18011827 0.05757743
v 0.00308759 0.17986707 0.05747783
v -0.00119885 0.17988716 0.05746962
v -0.00119885 0.17988716 0.05746962
v 0.00308759 0.17986707 0.05747783
v 0.00316817 0.17968216 0.05753331
v -0.00119885 0.17988716 0.05746962
v 0.00316817 0.17968216 0.05753331
v -0.00107892 0.17973857 0.05761557
v 0.02690056 0.17120338 0.05757740
v 0.03025069 0.16845333 0.05760992
v 0.03010560 0.16840642 0.05748069
v 0.02690056 0.17120338 0.05757740
v 0.03010560 0.16840642 0.05748069
v 0.02671384 0.17105629 0.05746962
v 0.02671384 0.17105629 0.05746962
v 0.03010560 0.16840642 0.05748069
v 0.03002396 0.16817593 0.05754094
v 0.02671384 0.17105629 0.05746962
v 0.03002396 0.16817593 0.05754094
v 0.02669929 0.17087819 0.05761279
v 0.04344720 0.14683931 0.05760960
v 0.04436673 0.14262797 0.05760991
v 0.04422367 0.14268077 0.05748069
v 0.04344720 0.14683931 0.05760960
v 0.04422367 0.14268077 0.05748069
v 0.04330737 0.14685040 0.05748069
v 0.04330737 0.14685040 0.05748069
v 0.04422367 0.14268077 0.05748069
v 0.04401063 0.14259317 0.05754155
v 0.04311079 0.14672841 0.05753838
v -0.00537989 0.17980647 0.05757367
v -0.00114273 0.18011827 0.05757743
v -0.00119885 0.17988716 0.05746962
v -0.00537989 0.17980647 0.05757367
v -0.00119885 0.17988716 0.05746962
v -0.00545958 0.17962306 0.05747430
v -0.00545958 0.17962306 0.05747430
v -0.00119885 0.17988716 0.05746962
v -0.00532862 0.17946747 0.05754757
v -0.00532862 0.17946747 0.05754757
v -0.00119885 0.17988716 0.05746962
v -0.00107892 0.17973857 0.05761557
v 0.02337723 0.17357756 0.05757367
v 0.02690056 0.17120338 0.05757740
v 0.02671384 0.17105629 0.05746962
v 0.02337723 0.17357756 0.05757367
v 0.02671384 0.17105629 0.05746962
v 0.02323588 0.17348096 0.05747783
v 0.02323588 0.17348096 0.05747783
v 0.02671384 0.17105629 0.05746962
v 0.02321118 0.17328736 0.05753333
v 0.02321118 0.17328736 0.05753333
v 0.02671384 0.17105629 0.05746962
v 0.02669929 0.17087819 0.05761279
v 0.04214206 0.15090365 0.05760664
v 0.04344720 0.14683931 0.05760960
v 0.04330737 0.14685040 0.05748069
v 0.04214206 0.15090365 0.05760664
v 0.04330737 0.14685040 0.05748069
v 0.04199886 0.15091406 0.05748069
v 0.04199886 0.15091406 0.05748069
v 0.04330737 0.14685040 0.05748069
v 0.04311079 0.14672841 0.05753838
v 0.04199886 0.15091406 0.05748069
v 0.04311079 0.14672841 0.05753838
v 0.04182053 0.15078135 0.05753359
v -0.04467718 0.14045407 0.05760664
v -0.04397487 0.14466470 0.05760960
v -0.04385565 0.14459081 0.05748069
v -0.04467718 0.14045407 0.05760664
v -0.04385565 0.14459081 0.05748069
v -0.04455469 0.14037927 0.05748069
v -0.04455469 0.14037927 0.05748069
v -0.04385565 0.14459081 0.05748069
v -0.04364127 0.14459091 0.05752987
v -0.04455469 0.14037927 0.05748069
v -0.04364127 0.14459091 0.05752987
v -0.04434170 0.14036227 0.05753244
v -0.00958273 0.17910847 0.05760990
v -0.00537989 0.17980647 0.05757367
v -0.00962877 0.17896298 0.05748069
v -0.00962877 0.17896298 0.05748069
v -0.00537989 0.17980647 0.05757367
v -0.00545958 0.17962306 0.05747430
v -0.00962877 0.17896298 0.05748069
v -0.00545958 0.17962306 0.05747430
v -0.00948723 0.17876487 0.05753971
v -0.00948723 0.17876487 0.05753971
v -0.00545958 0.17962306 0.05747430
v -0.00532862 0.17946747 0.05754757
v 0.01964210 0.17562683 0.05760991
v 0.02337723 0.17357756 0.05757367
v 0.01951606 0.17554093 0.05748069
v 0.01951606 0.17554093 0.05748069
v 0.02337723 0.17357756 0.05757367
v 0.02323588 0.17348096 0.05747783
v 0.01951606 0.17554093 0.05748069
v 0.02323588 0.17348096 0.05747783
v 0.02321118 0.17328736 0.05753333
v 0.01951606 0.17554093 0.05748069
v 0.02321118 0.17328736 0.05753333
v 0.01948029 0.17530604 0.05754358
v 0.04046218 0.15482451 0.05760991
v 0.04214206 0.15090365 0.05760664
v 0.04199886 0.15091406 0.05748069
v 0.04046218 0.15482451 0.05760991
v 0.04199886 0.15091406 0.05748069
v 0.04031001 0.15483490 0.05748069
v 0.04031001 0.15483490 0.05748069
v 0.04199886 0.15091406 0.05748069
v 0.04182053 0.15078135 0.05753359
v 0.04031001 0.15483490 0.05748069
v 0.04182053 0.15078135 0.05753359
v 0.04014582 0.15467600 0.05753629
v -0.04108099 0.15263230 0.05753270
v -0.04252687 0.14874226 0.05753267
v -0.04275948 0.14871665 0.05748069
v -0.04108099 0.15263230 0.05753270
v -0.04275948 0.14871665 0.05748069
v -0.04127603 0.15271990 0.05748069
v -0.04127603 0.15271990 0.05748069
v -0.04275948 0.14871665 0.05748069
v -0.04286241 0.14882926 0.05760991
v -0.04127603 0.15271990 0.05748069
v -0.04286241 0.14882926 0.05760991
v -0.04137249 0.15282620 0.05760664
v -0.03444139 0.16355997 0.05753180
v -0.03699951 0.16012721 0.05754403
v -0.03720681 0.16018161 0.05747336
v -0.03444139 0.16355997 0.05753180
v -0.03720681 0.16018161 0.05747336
v -0.03465349 0.16363677 0.05748069
v -0.03465349 0.16363677 0.05748069
v -0.03720681 0.16018161 0.05747336
v -0.03727168 0.16035081 0.05760994
v -0.03465349 0.16363677 0.05748069
v -0.03727168 0.16035081 0.05760994
v -0.03470721 0.16377956 0.05760990
v -0.02848582 0.16953269 0.05752979
v -0.03164126 0.16664872 0.05753186
v -0.03178849 0.16680183 0.05748069
v -0.02848582 0.16953269 0.05752979
v -0.03178849 0.16680183 0.05748069
v -0.02862526 0.16964328 0.05747783
v -0.02862526 0.16964328 0.05747783
v -0.03178849 0.16680183 0.05748069
v -0.02869722 0.16979059 0.05757742
v -0.02869722 0.16979059 0.05757742
v -0.03178849 0.16680183 0.05748069
v -0.03183858 0.16693633 0.05760664
v -0.02504754 0.17210796 0.05753217
v -0.02848582 0.16953269 0.05752979
v -0.02862526 0.16964328 0.05747783
v -0.02504754 0.17210796 0.05753217
v -0.02862526 0.16964328 0.05747783
v -0.02522348 0.17224585 0.05748069
v -0.02522348 0.17224585 0.05748069
v -0.02862526 0.16964328 0.05747783
v -0.02869722 0.16979059 0.05757742
v -0.02522348 0.17224585 0.05748069
v -0.02869722 0.16979059 0.05757742
v -0.02523488 0.17239786 0.05760991
v -0.01760052 0.17617141 0.05754649
v -0.02149638 0.17427913 0.05753312
v -0.01776600 0.17632310 0.05747334
v -0.01776600 0.17632310 0.05747334
v -0.02149638 0.17427913 0.05753312
v -0.02157955 0.17443734 0.05747783
v -0.01776600 0.17632310 0.05747334
v -0.02157955 0.17443734 0.05747783
v -0.02159249 0.17460803 0.05757365
v -0.01776600 0.17632310 0.05747334
v -0.02159249 0.17460803 0.05757365
v -0.01775572 0.17648901 0.05760961
v -0.01356523 0.17767809 0.05753674
v -0.01760052 0.17617141 0.05754649
v -0.01776600 0.17632310 0.05747334
v -0.01356523 0.17767809 0.05753674
v -0.01776600 0.17632310 0.05747334
v -0.01375001 0.17784939 0.05748069
v -0.01375001 0.17784939 0.05748069
v -0.01776600 0.17632310 0.05747334
v -0.01775572 0.17648901 0.05760961
v -0.01375001 0.17784939 0.05748069
v -0.01775572 0.17648901 0.05760961
v -0.01371803 0.17799848 0.05760991
v 0.01151891 0.17828520 0.05753204
v 0.00734812 0.17918307 0.05753550
v 0.00734549 0.17940307 0.05748069
v 0.01151891 0.17828520 0.05753204
v 0.00734549 0.17940307 0.05748069
v 0.01151886 0.17850449 0.05748069
v 0.01151886 0.17850449 0.05748069
v 0.00734549 0.17940307 0.05748069
v 0.00744216 0.17952097 0.05760990
v 0.01151886 0.17850449 0.05748069
v 0.00744216 0.17952097 0.05760990
v 0.01161047 0.17861498 0.05760661
v 0.01558432 0.17697081 0.05755275
v 0.01151891 0.17828520 0.05753204
v 0.01555630 0.17720771 0.05747336
v 0.01555630 0.17720771 0.05747336
v 0.01151891 0.17828520 0.05753204
v 0.01151886 0.17850449 0.05748069
v 0.01555630 0.17720771 0.05747336
v 0.01151886 0.17850449 0.05748069
v 0.01161047 0.17861498 0.05760661
v 0.01555630 0.17720771 0.05747336
v 0.01161047 0.17861498 0.05760661
v 0.01570541 0.17731060 0.05760993
v 0.03568284 0.16191081 0.05761663
v 0.03301598 0.16520276 0.05753367
v 0.03574828 0.16207561 0.05746963
v 0.03574828 0.16207561 0.05746963
v 0.03301598 0.16520276 0.05753367
v 0.03313068 0.16539406 0.05748069
v 0.03574828 0.16207561 0.05746963
v 0.03313068 0.16539406 0.05748069
v 0.03598561 0.16213621 0.05757368
v 0.03598561 0.16213621 0.05757368
v 0.03313068 0.16539406 0.05748069
v 0.03327963 0.16542696 0.05760994
v 0.03811163 0.15837596 0.05755344
v 0.03568284 0.16191081 0.05761663
v 0.03574828 0.16207561 0.05746963
v 0.03811163 0.15837596 0.05755344
v 0.03574828 0.16207561 0.05746963
v 0.03822774 0.15859285 0.05747336
v 0.03822774 0.15859285 0.05747336
v 0.03574828 0.16207561 0.05746963
v 0.03598561 0.16213621 0.05757368
v 0.03822774 0.15859285 0.05747336
v 0.03598561 0.16213621 0.05757368
v 0.03840856 0.15858156 0.05760992
v 0.04458921 0.13416777 0.05761800
v 0.04449741 0.13835822 0.05760166
v 0.04461697 0.13844602 0.05747736
v 0.04472847 0.13418997 0.05747736
v 0.04472847 0.13418997 0.05747736
v 0.04461697 0.13844602 0.05747736
v 0.04485262 0.13844802 0.05755829
v 0.04472847 0.13418997 0.05747736
v 0.04485262 0.13844802 0.05755829
v 0.04492376 0.13412437 0.05752547
v 0.04492376 0.13412437 0.05752547
v 0.04485262 0.13844802 0.05755829
v 0.04499893 0.13428778 0.05766293
v 0.04433109 0.12991824 0.05753949
v 0.04458921 0.13416777 0.05761800
v 0.04472847 0.13418997 0.05747736
v 0.04433109 0.12991824 0.05753949
v 0.04472847 0.13418997 0.05747736
v 0.04455458 0.12991633 0.05748069
v 0.04455458 0.12991633 0.05748069
v 0.04472847 0.13418997 0.05747736
v 0.04492376 0.13412437 0.05752547
v 0.04455458 0.12991633 0.05748069
v 0.04492376 0.13412437 0.05752547
v 0.04467696 0.12982533 0.05760991
v 0.04467696 0.12982533 0.05760991
v 0.04492376 0.13412437 0.05752547
v 0.04499893 0.13428778 0.05766293
v 0.04251842 0.12156794 0.05754299
v 0.04363230 0.12568549 0.05753411
v 0.04385556 0.12570488 0.05748069
v 0.04251842 0.12156794 0.05754299
v 0.04385556 0.12570488 0.05748069
v 0.04275938 0.12157893 0.05748069
v 0.04275938 0.12157893 0.05748069
v 0.04385556 0.12570488 0.05748069
v 0.04396873 0.12560269 0.05760991
v 0.04275938 0.12157893 0.05748069
v 0.04396873 0.12560269 0.05760991
v 0.04286547 0.12148224 0.05760663
v 0.03700271 0.11016948 0.05753561
v 0.03918751 0.11377364 0.05754895
v 0.03941784 0.11376414 0.05747336
v 0.03700271 0.11016948 0.05753561
v 0.03941784 0.11376414 0.05747336
v 0.03719268 0.11009588 0.05747870
v 0.03719268 0.11009588 0.05747870
v 0.03941784 0.11376414 0.05747336
v 0.03727642 0.10996279 0.05759019
v 0.03727642 0.10996279 0.05759019
v 0.03941784 0.11376414 0.05747336
v 0.03949851 0.11360184 0.05760993
v 0.02964029 0.10194218 0.05792336
v 0.03157810 0.10358227 0.05753178
v 0.02844730 0.10073711 0.05753377
v 0.02844730 0.10073711 0.05753377
v 0.03157810 0.10358227 0.05753178
v 0.03178840 0.10349377 0.05748069
v 0.02844730 0.10073711 0.05753377
v 0.03178840 0.10349377 0.05748069
v 0.02862814 0.10063230 0.05747870
v 0.02862814 0.10063230 0.05747870
v 0.03178840 0.10349377 0.05748069
v 0.02867103 0.10048101 0.05759020
v 0.02867103 0.10048101 0.05759020
v 0.03178840 0.10349377 0.05748069
v 0.03182835 0.10334657 0.05760994
v 0.01358559 0.09262270 0.05753698
v 0.01759997 0.09411587 0.05753342
v 0.01774669 0.09394664 0.05748069
v 0.01374990 0.09244625 0.05748069
v 0.01374990 0.09244625 0.05748069
v 0.01774669 0.09394664 0.05748069
v 0.01772908 0.09379516 0.05760993
v 0.01374990 0.09244625 0.05748069
v 0.01772908 0.09379516 0.05760993
v 0.01373271 0.09230374 0.05760665
v 0.00107676 0.09051614 0.05753520
v 0.00531736 0.09085011 0.05759662
v 0.00541749 0.09073824 0.05747736
v 0.00107676 0.09051614 0.05753520
v 0.00541749 0.09073824 0.05747736
v 0.00116257 0.09030215 0.05748069
v 0.00116257 0.09030215 0.05748069
v 0.00541749 0.09073824 0.05747736
v 0.00532995 0.09048483 0.05756145
v 0.00116257 0.09030215 0.05748069
v 0.00532995 0.09048483 0.05756145
v 0.00108992 0.09016808 0.05760990
v -0.01152843 0.09201357 0.05753246
v -0.00736178 0.09115546 0.05761431
v -0.00728997 0.09099006 0.05746963
v -0.01152843 0.09201357 0.05753246
v -0.00728997 0.09099006 0.05746963
v -0.01151910 0.09179122 0.05748069
v -0.01151910 0.09179122 0.05748069
v -0.00728997 0.09099006 0.05746963
v -0.00745835 0.09078509 0.05757787
v -0.01151910 0.09179122 0.05748069
v -0.00745835 0.09078509 0.05757787
v -0.01162654 0.09168302 0.05760990
v -0.01944698 0.09497455 0.05755214
v -0.01557095 0.09331235 0.05753870
v -0.01948404 0.09475710 0.05747336
v -0.01948404 0.09475710 0.05747336
v -0.01557095 0.09331235 0.05753870
v -0.01558824 0.09308246 0.05748069
v -0.01948404 0.09475710 0.05747336
v -0.01558824 0.09308246 0.05748069
v -0.01568979 0.09298105 0.05760664
v -0.01961615 0.09465628 0.05760959
v -0.02321360 0.09701860 0.05754658
v -0.01944698 0.09497455 0.05755214
v -0.01948404 0.09475710 0.05747336
v -0.02321360 0.09701860 0.05754658
v -0.01948404 0.09475710 0.05747336
v -0.02323510 0.09679202 0.05747336
v -0.02323510 0.09679202 0.05747336
v -0.01948404 0.09475710 0.05747336
v -0.01961615 0.09465628 0.05760959
v -0.02323510 0.09679202 0.05747336
v -0.01961615 0.09465628 0.05760959
v -0.02340104 0.09671920 0.05760992
v -0.02997413 0.10206227 0.05753455
v -0.02676763 0.09941817 0.05753515
v -0.02680792 0.09917809 0.05748069
v -0.02997413 0.10206227 0.05753455
v -0.02680792 0.09917809 0.05748069
v -0.03010566 0.10188917 0.05748069
v -0.03010566 0.10188917 0.05748069
v -0.02680792 0.09917809 0.05748069
v -0.02694792 0.09911759 0.05760993
v -0.03010566 0.10188917 0.05748069
v -0.02694792 0.09911759 0.05760993
v -0.03023771 0.10183287 0.05760665
v -0.03302202 0.10509453 0.05753067
v -0.02997413 0.10206227 0.05753455
v -0.03010566 0.10188917 0.05748069
v -0.03302202 0.10509453 0.05753067
v -0.03010566 0.10188917 0.05748069
v -0.03313080 0.10490153 0.05748069
v -0.03313080 0.10490153 0.05748069
v -0.03010566 0.10188917 0.05748069
v -0.03023771 0.10183287 0.05760665
v -0.03313080 0.10490153 0.05748069
v -0.03023771 0.10183287 0.05760665
v -0.03327970 0.10486863 0.05760990
v -0.03808487 0.11184924 0.05753320
v -0.03572828 0.10838958 0.05754839
v -0.03582619 0.10817518 0.05747336
v -0.03808487 0.11184924 0.05753320
v -0.03582619 0.10817518 0.05747336
v -0.03825621 0.11171814 0.05748069
v -0.03825621 0.11171814 0.05748069
v -0.03582619 0.10817518 0.05747336
v -0.03600725 0.10816919 0.05760990
v -0.03825621 0.11171814 0.05748069
v -0.03600725 0.10816919 0.05760990
v -0.03839879 0.11170124 0.05760663
v -0.04312840 0.12360878 0.05753399
v -0.04181974 0.11953674 0.05754734
v -0.04197403 0.11936114 0.05747336
v -0.04312840 0.12360878 0.05753399
v -0.04197403 0.11936114 0.05747336
v -0.04330748 0.12344518 0.05748069
v -0.04330748 0.12344518 0.05748069
v -0.04197403 0.11936114 0.05747336
v -0.04214945 0.11940643 0.05760991
v -0.04330748 0.12344518 0.05748069
v -0.04214945 0.11940643 0.05760991
v -0.04345492 0.12348419 0.05760993
v -0.04463367 0.13621642 0.05753304
v -0.04453428 0.13192168 0.05753006
v -0.04473959 0.13185268 0.05748069
v -0.04485022 0.13612032 0.05748069
v -0.04485022 0.13612032 0.05748069
v -0.04473959 0.13185268 0.05748069
v -0.04487697 0.13191887 0.05760991
v -0.04485022 0.13612032 0.05748069
v -0.04487697 0.13191887 0.05760991
v -0.04498070 0.13619931 0.05760991
v -0.04397487 0.14466470 0.05760960
v -0.04286241 0.14882926 0.05760991
v -0.04275948 0.14871665 0.05748069
v -0.04397487 0.14466470 0.05760960
v -0.04275948 0.14871665 0.05748069
v -0.04385565 0.14459081 0.05748069
v -0.04385565 0.14459081 0.05748069
v -0.04275948 0.14871665 0.05748069
v -0.04252687 0.14874226 0.05753267
v -0.04364127 0.14459091 0.05752987
v -0.03922936 0.15646796 0.05753156
v -0.04108099 0.15263230 0.05753270
v -0.04127603 0.15271990 0.05748069
v -0.03922936 0.15646796 0.05753156
v -0.04127603 0.15271990 0.05748069
v -0.03939540 0.15653355 0.05747783
v -0.03939540 0.15653355 0.05747783
v -0.04127603 0.15271990 0.05748069
v -0.03951701 0.15664336 0.05757742
v -0.03951701 0.15664336 0.05757742
v -0.04127603 0.15271990 0.05748069
v -0.04137249 0.15282620 0.05760664
v -0.03951701 0.15664336 0.05757742
v -0.03727168 0.16035081 0.05760994
v -0.03720681 0.16018161 0.05747336
v -0.03951701 0.15664336 0.05757742
v -0.03720681 0.16018161 0.05747336
v -0.03939540 0.15653355 0.05747783
v -0.03939540 0.15653355 0.05747783
v -0.03720681 0.16018161 0.05747336
v -0.03922936 0.15646796 0.05753156
v -0.03922936 0.15646796 0.05753156
v -0.03720681 0.16018161 0.05747336
v -0.03699951 0.16012721 0.05754403
v -0.03470721 0.16377956 0.05760990
v -0.03183858 0.16693633 0.05760664
v -0.03178849 0.16680183 0.05748069
v -0.03470721 0.16377956 0.05760990
v -0.03178849 0.16680183 0.05748069
v -0.03465349 0.16363677 0.05748069
v -0.03465349 0.16363677 0.05748069
v -0.03178849 0.16680183 0.05748069
v -0.03164126 0.16664872 0.05753186
v -0.03465349 0.16363677 0.05748069
v -0.03164126 0.16664872 0.05753186
v -0.03444139 0.16355997 0.05753180
v -0.02523488 0.17239786 0.05760991
v -0.02159249 0.17460803 0.05757365
v -0.02522348 0.17224585 0.05748069
v -0.02522348 0.17224585 0.05748069
v -0.02159249 0.17460803 0.05757365
v -0.02157955 0.17443734 0.05747783
v -0.02522348 0.17224585 0.05748069
v -0.02157955 0.17443734 0.05747783
v -0.02149638 0.17427913 0.05753312
v -0.02522348 0.17224585 0.05748069
v -0.02149638 0.17427913 0.05753312
v -0.02504754 0.17210796 0.05753217
v -0.00948723 0.17876487 0.05753971
v -0.01356523 0.17767809 0.05753674
v -0.01375001 0.17784939 0.05748069
v -0.00948723 0.17876487 0.05753971
v -0.01375001 0.17784939 0.05748069
v -0.00962877 0.17896298 0.05748069
v -0.00962877 0.17896298 0.05748069
v -0.01375001 0.17784939 0.05748069
v -0.01371803 0.17799848 0.05760991
v -0.00962877 0.17896298 0.05748069
v -0.01371803 0.17799848 0.05760991
v -0.00958273 0.17910847 0.05760990
v 0.00320753 0.18001857 0.05757787
v 0.00744216 0.17952097 0.05760990
v 0.00734549 0.17940307 0.05748069
v 0.00320753 0.18001857 0.05757787
v 0.00734549 0.17940307 0.05748069
v 0.00308759 0.17986707 0.05747783
v 0.00308759 0.17986707 0.05747783
v 0.00734549 0.17940307 0.05748069
v 0.00734812 0.17918307 0.05753550
v 0.00308759 0.17986707 0.05747783
v 0.00734812 0.17918307 0.05753550
v 0.00316817 0.17968216 0.05753331
v 0.01948029 0.17530604 0.05754358
v 0.01558432 0.17697081 0.05755275
v 0.01555630 0.17720771 0.05747336
v 0.01948029 0.17530604 0.05754358
v 0.01555630 0.17720771 0.05747336
v 0.01951606 0.17554093 0.05748069
v 0.01951606 0.17554093 0.05748069
v 0.01555630 0.17720771 0.05747336
v 0.01570541 0.17731060 0.05760993
v 0.01951606 0.17554093 0.05748069
v 0.01570541 0.17731060 0.05760993
v 0.01964210 0.17562683 0.05760991
v 0.03025069 0.16845333 0.05760992
v 0.03327963 0.16542696 0.05760994
v 0.03313068 0.16539406 0.05748069
v 0.03025069 0.16845333 0.05760992
v 0.03313068 0.16539406 0.05748069
v 0.03010560 0.16840642 0.05748069
v 0.03010560 0.16840642 0.05748069
v 0.03313068 0.16539406 0.05748069
v 0.03301598 0.16520276 0.05753367
v 0.03010560 0.16840642 0.05748069
v 0.03301598 0.16520276 0.05753367
v 0.03002396 0.16817593 0.05754094
v 0.04014582 0.15467600 0.05753629
v 0.03811163 0.15837596 0.05755344
v 0.03822774 0.15859285 0.05747336
v 0.04014582 0.15467600 0.05753629
v 0.03822774 0.15859285 0.05747336
v 0.04031001 0.15483490 0.05748069
v 0.04031001 0.15483490 0.05748069
v 0.03822774 0.15859285 0.05747336
v 0.03840856 0.15858156 0.05760992
v 0.04031001 0.15483490 0.05748069
v 0.03840856 0.15858156 0.05760992
v 0.04046218 0.15482451 0.05760991
v 0.04436673 0.14262797 0.05760991
v 0.04485262 0.13844802 0.05755829
v 0.04422367 0.14268077 0.05748069
v 0.04422367 0.14268077 0.05748069
v 0.04485262 0.13844802 0.05755829
v 0.04461697 0.13844602 0.05747736
v 0.04422367 0.14268077 0.05748069
v 0.04461697 0.13844602 0.05747736
v 0.04401063 0.14259317 0.05754155
v 0.04401063 0.14259317 0.05754155
v 0.04461697 0.13844602 0.05747736
v 0.04449741 0.13835822 0.05760166
v 0.04467696 0.12982533 0.05760991
v 0.04396873 0.12560269 0.05760991
v 0.04385556 0.12570488 0.05748069
v 0.04467696 0.12982533 0.05760991
v 0.04385556 0.12570488 0.05748069
v 0.04455458 0.12991633 0.05748069
v 0.04455458 0.12991633 0.05748069
v 0.04385556 0.12570488 0.05748069
v 0.04363230 0.12568549 0.05753411
v 0.04455458 0.12991633 0.05748069
v 0.04363230 0.12568549 0.05753411
v 0.04433109 0.12991824 0.05753949
v 0.04103189 0.11758879 0.05755420
v 0.04251842 0.12156794 0.05754299
v 0.04127199 0.11760779 0.05747336
v 0.04127199 0.11760779 0.05747336
v 0.04251842 0.12156794 0.05754299
v 0.04275938 0.12157893 0.05748069
v 0.04127199 0.11760779 0.05747336
v 0.04275938 0.12157893 0.05748069
v 0.04286547 0.12148224 0.05760663
v 0.04137899 0.11748059 0.05760960
v 0.04137899 0.11748059 0.05760960
v 0.03949851 0.11360184 0.05760993
v 0.03941784 0.11376414 0.05747336
v 0.04137899 0.11748059 0.05760960
v 0.03941784 0.11376414 0.05747336
v 0.04127199 0.11760779 0.05747336
v 0.04127199 0.11760779 0.05747336
v 0.03941784 0.11376414 0.05747336
v 0.03918751 0.11377364 0.05754895
v 0.04127199 0.11760779 0.05747336
v 0.03918751 0.11377364 0.05754895
v 0.04103189 0.11758879 0.05755420
v 0.03445421 0.10676463 0.05753806
v 0.03700271 0.11016948 0.05753561
v 0.03719268 0.11009588 0.05747870
v 0.03445421 0.10676463 0.05753806
v 0.03719268 0.11009588 0.05747870
v 0.03465334 0.10665873 0.05748069
v 0.03465334 0.10665873 0.05748069
v 0.03719268 0.11009588 0.05747870
v 0.03727642 0.10996279 0.05759019
v 0.03465334 0.10665873 0.05748069
v 0.03727642 0.10996279 0.05759019
v 0.03472539 0.10653843 0.05760961
v 0.03472539 0.10653843 0.05760961
v 0.03182835 0.10334657 0.05760994
v 0.03178840 0.10349377 0.05748069
v 0.03472539 0.10653843 0.05760961
v 0.03178840 0.10349377 0.05748069
v 0.03465334 0.10665873 0.05748069
v 0.03465334 0.10665873 0.05748069
v 0.03178840 0.10349377 0.05748069
v 0.03157810 0.10358227 0.05753178
v 0.03465334 0.10665873 0.05748069
v 0.03157810 0.10358227 0.05753178
v 0.03445421 0.10676463 0.05753806
v 0.02506995 0.09823254 0.05756052
v 0.02844730 0.10073711 0.05753377
v 0.02521577 0.09812783 0.05747634
v 0.02521577 0.09812783 0.05747634
v 0.02844730 0.10073711 0.05753377
v 0.02862814 0.10063230 0.05747870
v 0.02521577 0.09812783 0.05747634
v 0.02862814 0.10063230 0.05747870
v 0.02528732 0.09794969 0.05756097
v 0.02528732 0.09794969 0.05756097
v 0.02862814 0.10063230 0.05747870
v 0.02867103 0.10048101 0.05759020
v 0.02139095 0.09600677 0.05761100
v 0.02506995 0.09823254 0.05756052
v 0.02153476 0.09593289 0.05747736
v 0.02153476 0.09593289 0.05747736
v 0.02506995 0.09823254 0.05756052
v 0.02521577 0.09812783 0.05747634
v 0.02153476 0.09593289 0.05747736
v 0.02521577 0.09812783 0.05747634
v 0.02528732 0.09794969 0.05756097
v 0.02153476 0.09593289 0.05747736
v 0.02528732 0.09794969 0.05756097
v 0.02163691 0.09571440 0.05756097
v 0.02163691 0.09571440 0.05756097
v 0.01772908 0.09379516 0.05760993
v 0.01774669 0.09394664 0.05748069
v 0.02163691 0.09571440 0.05756097
v 0.01774669 0.09394664 0.05748069
v 0.02153476 0.09593289 0.05747736
v 0.02153476 0.09593289 0.05747736
v 0.01774669 0.09394664 0.05748069
v 0.01759997 0.09411587 0.05753342
v 0.02153476 0.09593289 0.05747736
v 0.01759997 0.09411587 0.05753342
v 0.02139095 0.09600677 0.05761100
v 0.00952168 0.09154275 0.05755257
v 0.01358559 0.09262270 0.05753698
v 0.00965250 0.09135441 0.05747336
v 0.00965250 0.09135441 0.05747336
v 0.01358559 0.09262270 0.05753698
v 0.01374990 0.09244625 0.05748069
v 0.00965250 0.09135441 0.05747336
v 0.01374990 0.09244625 0.05748069
v 0.01373271 0.09230374 0.05760665
v 0.00961087 0.09119345 0.05760960
v 0.00961087 0.09119345 0.05760960
v 0.00532995 0.09048483 0.05756145
v 0.00965250 0.09135441 0.05747336
v 0.00965250 0.09135441 0.05747336
v 0.00532995 0.09048483 0.05756145
v 0.00541749 0.09073824 0.05747736
v 0.00965250 0.09135441 0.05747336
v 0.00541749 0.09073824 0.05747736
v 0.00952168 0.09154275 0.05755257
v 0.00952168 0.09154275 0.05755257
v 0.00541749 0.09073824 0.05747736
v 0.00531736 0.09085011 0.05759662
v -0.00313408 0.09061565 0.05753606
v 0.00107676 0.09051614 0.05753520
v 0.00116257 0.09030215 0.05748069
v -0.00313408 0.09061565 0.05753606
v 0.00116257 0.09030215 0.05748069
v -0.00310554 0.09039471 0.05748069
v -0.00310554 0.09039471 0.05748069
v 0.00116257 0.09030215 0.05748069
v 0.00108992 0.09016808 0.05760990
v -0.00310554 0.09039471 0.05748069
v 0.00108992 0.09016808 0.05760990
v -0.00317449 0.09026880 0.05760662
v -0.00317449 0.09026880 0.05760662
v -0.00745835 0.09078509 0.05757787
v -0.00310554 0.09039471 0.05748069
v -0.00310554 0.09039471 0.05748069
v -0.00745835 0.09078509 0.05757787
v -0.00728997 0.09099006 0.05746963
v -0.00310554 0.09039471 0.05748069
v -0.00728997 0.09099006 0.05746963
v -0.00313408 0.09061565 0.05753606
v -0.00313408 0.09061565 0.05753606
v -0.00728997 0.09099006 0.05746963
v -0.00736178 0.09115546 0.05761431
v -0.01162654 0.09168302 0.05760990
v -0.01568979 0.09298105 0.05760664
v -0.01558824 0.09308246 0.05748069
v -0.01162654 0.09168302 0.05760990
v -0.01558824 0.09308246 0.05748069
v -0.01151910 0.09179122 0.05748069
v -0.01151910 0.09179122 0.05748069
v -0.01558824 0.09308246 0.05748069
v -0.01557095 0.09331235 0.05753870
v -0.01151910 0.09179122 0.05748069
v -0.01557095 0.09331235 0.05753870
v -0.01152843 0.09201357 0.05753246
v -0.02340104 0.09671920 0.05760992
v -0.02694792 0.09911759 0.05760993
v -0.02680792 0.09917809 0.05748069
v -0.02340104 0.09671920 0.05760992
v -0.02680792 0.09917809 0.05748069
v -0.02323510 0.09679202 0.05747336
v -0.02323510 0.09679202 0.05747336
v -0.02680792 0.09917809 0.05748069
v -0.02676763 0.09941817 0.05753515
v -0.02323510 0.09679202 0.05747336
v -0.02676763 0.09941817 0.05753515
v -0.02321360 0.09701860 0.05754658
v -0.03327970 0.10486863 0.05760990
v -0.03600725 0.10816919 0.05760990
v -0.03582619 0.10817518 0.05747336
v -0.03313080 0.10490153 0.05748069
v -0.03313080 0.10490153 0.05748069
v -0.03582619 0.10817518 0.05747336
v -0.03302202 0.10509453 0.05753067
v -0.03302202 0.10509453 0.05753067
v -0.03582619 0.10817518 0.05747336
v -0.03572828 0.10838958 0.05754839
v -0.04015051 0.11561219 0.05753015
v -0.03808487 0.11184924 0.05753320
v -0.03825621 0.11171814 0.05748069
v -0.04015051 0.11561219 0.05753015
v -0.03825621 0.11171814 0.05748069
v -0.04031013 0.11546069 0.05748069
v -0.04031013 0.11546069 0.05748069
v -0.03825621 0.11171814 0.05748069
v -0.03839879 0.11170124 0.05760663
v -0.04031013 0.11546069 0.05748069
v -0.03839879 0.11170124 0.05760663
v -0.04044954 0.11544519 0.05760960
v -0.04044954 0.11544519 0.05760960
v -0.04214945 0.11940643 0.05760991
v -0.04197403 0.11936114 0.05747336
v -0.04044954 0.11544519 0.05760960
v -0.04197403 0.11936114 0.05747336
v -0.04031013 0.11546069 0.05748069
v -0.04031013 0.11546069 0.05748069
v -0.04197403 0.11936114 0.05747336
v -0.04015051 0.11561219 0.05753015
v -0.04015051 0.11561219 0.05753015
v -0.04197403 0.11936114 0.05747336
v -0.04181974 0.11953674 0.05754734
v -0.04401511 0.12766453 0.05753282
v -0.04312840 0.12360878 0.05753399
v -0.04330748 0.12344518 0.05748069
v -0.04401511 0.12766453 0.05753282
v -0.04330748 0.12344518 0.05748069
v -0.04422378 0.12761483 0.05748069
v -0.04422378 0.12761483 0.05748069
v -0.04330748 0.12344518 0.05748069
v -0.04345492 0.12348419 0.05760993
v -0.04422378 0.12761483 0.05748069
v -0.04345492 0.12348419 0.05760993
v -0.04436241 0.12765213 0.05760664
v -0.04436241 0.12765213 0.05760664
v -0.04487697 0.13191887 0.05760991
v -0.04473959 0.13185268 0.05748069
v -0.04436241 0.12765213 0.05760664
v -0.04473959 0.13185268 0.05748069
v -0.04422378 0.12761483 0.05748069
v -0.04422378 0.12761483 0.05748069
v -0.04473959 0.13185268 0.05748069
v -0.04453428 0.13192168 0.05753006
v -0.04422378 0.12761483 0.05748069
v -0.04453428 0.13192168 0.05753006
v -0.04401511 0.12766453 0.05753282
v -0.04434170 0.14036227 0.05753244
v -0.04463367 0.13621642 0.05753304
v -0.04485022 0.13612032 0.05748069
v -0.04434170 0.14036227 0.05753244
v -0.04485022 0.13612032 0.05748069
v -0.04455469 0.14037927 0.05748069
v -0.04455469 0.14037927 0.05748069
v -0.04485022 0.13612032 0.05748069
v -0.04498070 0.13619931 0.05760991
v -0.04455469 0.14037927 0.05748069
v -0.04498070 0.13619931 0.05760991
v -0.04467718 0.14045407 0.05760664
v 0.04485262 0.13844802 0.05755829
v 0.04486452 0.13838901 0.06619897
v 0.04499893 0.13428778 0.05766293
v 0.04499893 0.13428778 0.05766293
v 0.04486452 0.13838901 0.06619897
v 0.04498076 0.13411787 0.06615400
v 0.04499893 0.13428778 0.05766293
v 0.04498076 0.13411787 0.06615400
v 0.04467696 0.12982533 0.05760991
v 0.04466638 0.12980393 0.06619519
v 0.04467696 0.12982533 0.05760991
v 0.04466638 0.12980393 0.06619519
v 0.04396873 0.12560269 0.05760991
v 0.04395615 0.12558229 0.06619519
v 0.04396873 0.12560269 0.05760991
v 0.04395615 0.12558229 0.06619519
v 0.04286547 0.12148224 0.05760663
v 0.04285440 0.12147914 0.06619896
v 0.04286547 0.12148224 0.05760663
v 0.04285440 0.12147914 0.06619896
v 0.04137899 0.11748059 0.05760960
v 0.04137960 0.11750139 0.06619475
v 0.04137899 0.11748059 0.05760960
v 0.04137960 0.11750139 0.06619475
v 0.03949851 0.11360184 0.05760993
v 0.03948070 0.11358584 0.06619520
v 0.03949851 0.11360184 0.05760993
v 0.03948070 0.11358584 0.06619520
v 0.03727642 0.10996279 0.05759019
v 0.03726762 0.10995939 0.06619894
v 0.03727642 0.10996279 0.05759019
v 0.03726762 0.10995939 0.06619894
v 0.03472539 0.10653843 0.05760961
v 0.03473186 0.10655813 0.06619475
v 0.03472539 0.10653843 0.05760961
v 0.03473186 0.10655813 0.06619475
v 0.03182835 0.10334657 0.05760994
v 0.03180679 0.10333627 0.06619517
v 0.03182835 0.10334657 0.05760994
v 0.03180679 0.10333627 0.06619517
v 0.02867103 0.10048101 0.05759020
v 0.02866156 0.10048011 0.06619894
v 0.02867103 0.10048101 0.05759020
v 0.02866156 0.10048011 0.06619894
v 0.02528732 0.09794969 0.05756097
v 0.02527034 0.09793114 0.06619475
v 0.02528732 0.09794969 0.05756097
v 0.02527034 0.09793114 0.06619475
v 0.02163691 0.09571440 0.05756097
v 0.02161823 0.09569756 0.06619475
v 0.02163691 0.09571440 0.05756097
v 0.02161823 0.09569756 0.06619475
v 0.01772908 0.09379516 0.05760993
v 0.01773360 0.09380950 0.06619893
v 0.01772908 0.09379516 0.05760993
v 0.01773360 0.09380950 0.06619893
v 0.01376156 0.09231918 0.06619475
v 0.01373271 0.09230374 0.05760665
v 0.01373271 0.09230374 0.05760665
v 0.01376156 0.09231918 0.06619475
v 0.00961087 0.09119345 0.05760960
v 0.00962808 0.09120498 0.06619475
v 0.00961087 0.09119345 0.05760960
v 0.00962808 0.09120498 0.06619475
v 0.00532995 0.09048483 0.05756145
v 0.00532995 0.09048483 0.05756145
v 0.00962808 0.09120498 0.06619475
v 0.00533723 0.09048058 0.06619520
v 0.00532995 0.09048483 0.05756145
v 0.00533723 0.09048058 0.06619520
v 0.00108992 0.09016808 0.05760990
v 0.00109939 0.09017972 0.06619894
v 0.00108992 0.09016808 0.05760990
v 0.00109939 0.09017972 0.06619894
v -0.00314208 0.09027242 0.06619477
v -0.00317449 0.09026880 0.05760662
v -0.00317449 0.09026880 0.05760662
v -0.00314208 0.09027242 0.06619477
v -0.00745835 0.09078509 0.05757787
v -0.00746311 0.09078621 0.06619517
v -0.00745835 0.09078509 0.05757787
v -0.00746311 0.09078621 0.06619517
v -0.01162654 0.09168302 0.05760990
v -0.01164621 0.09169652 0.06619520
v -0.01162654 0.09168302 0.05760990
v -0.01164621 0.09169652 0.06619520
v -0.01568979 0.09298105 0.05760664
v -0.01569231 0.09299226 0.06619896
v -0.01568979 0.09298105 0.05760664
v -0.01569231 0.09299226 0.06619896
v -0.01961615 0.09465628 0.05760959
v -0.01959549 0.09465469 0.06619475
v -0.01961615 0.09465628 0.05760959
v -0.01959549 0.09465469 0.06619475
v -0.02340104 0.09671920 0.05760992
v -0.02341617 0.09673774 0.06619520
v -0.02340104 0.09671920 0.05760992
v -0.02341617 0.09673774 0.06619520
v -0.02694792 0.09911759 0.05760993
v -0.02693327 0.09912087 0.06619894
v -0.02694792 0.09911759 0.05760993
v -0.02693327 0.09912087 0.06619894
v -0.03020990 0.10181557 0.06619475
v -0.03023771 0.10183287 0.05760665
v -0.03023771 0.10183287 0.05760665
v -0.03020990 0.10181557 0.06619475
v -0.03327970 0.10486863 0.05760990
v -0.03328898 0.10489073 0.06619522
v -0.03327970 0.10486863 0.05760990
v -0.03328898 0.10489073 0.06619522
v -0.03600725 0.10816919 0.05760990
v -0.03601438 0.10819198 0.06619520
v -0.03600725 0.10816919 0.05760990
v -0.03601438 0.10819198 0.06619520
v -0.03839879 0.11170124 0.05760663
v -0.03839384 0.11171164 0.06619896
v -0.03839879 0.11170124 0.05760663
v -0.03839384 0.11171164 0.06619896
v -0.04044954 0.11544519 0.05760960
v -0.04043425 0.11543109 0.06619475
v -0.04044954 0.11544519 0.05760960
v -0.04043425 0.11543109 0.06619475
v -0.04214945 0.11940643 0.05760991
v -0.04214987 0.11943034 0.06619520
v -0.04214945 0.11940643 0.05760991
v -0.04214987 0.11943034 0.06619520
v -0.04345492 0.12348419 0.05760993
v -0.04345307 0.12350808 0.06619519
v -0.04345492 0.12348419 0.05760993
v -0.04345307 0.12350808 0.06619519
v -0.04436241 0.12765213 0.05760664
v -0.04435397 0.12765993 0.06619894
v -0.04436241 0.12765213 0.05760664
v -0.04435397 0.12765993 0.06619894
v -0.04487697 0.13191887 0.05760991
v -0.04487064 0.13194188 0.06619519
v -0.04487697 0.13191887 0.05760991
v -0.04487064 0.13194188 0.06619519
v -0.04498070 0.13619931 0.05760991
v -0.04497221 0.13622171 0.06619519
v -0.04498070 0.13619931 0.05760991
v -0.04497221 0.13622171 0.06619519
v -0.04467718 0.14045407 0.05760664
v -0.04466690 0.14045916 0.06619896
v -0.04467718 0.14045407 0.05760664
v -0.04466690 0.14045916 0.06619896
v -0.04397487 0.14466470 0.05760960
v -0.04397154 0.14464421 0.06619475
v -0.04397487 0.14466470 0.05760960
v -0.04397154 0.14464421 0.06619475
v -0.04286241 0.14882926 0.05760991
v -0.04284797 0.14884835 0.06619519
v -0.04286241 0.14882926 0.05760991
v -0.04284797 0.14884835 0.06619519
v -0.04137249 0.15282620 0.05760664
v -0.04136120 0.15282810 0.06619894
v -0.04137249 0.15282620 0.05760664
v -0.04136120 0.15282810 0.06619894
v -0.03951701 0.15664336 0.05757742
v -0.03951494 0.15664775 0.06619474
v -0.03951701 0.15664336 0.05757742
v -0.03951494 0.15664775 0.06619474
v -0.03727168 0.16035081 0.05760994
v -0.03727168 0.16035081 0.05760994
v -0.03951494 0.15664775 0.06619474
v -0.03725245 0.16036500 0.06619519
v -0.03727168 0.16035081 0.05760994
v -0.03725245 0.16036500 0.06619519
v -0.03470721 0.16377956 0.05760990
v -0.03470462 0.16376477 0.06619895
v -0.03470721 0.16377956 0.05760990
v -0.03470462 0.16376477 0.06619895
v -0.03185710 0.16690943 0.06619474
v -0.03183858 0.16693633 0.05760664
v -0.03183858 0.16693633 0.05760664
v -0.03185710 0.16690943 0.06619474
v -0.02869722 0.16979059 0.05757742
v -0.02869370 0.16979388 0.06619474
v -0.02869722 0.16979059 0.05757742
v -0.02869370 0.16979388 0.06619474
v -0.02523488 0.17239786 0.05760991
v -0.02521172 0.17240396 0.06619520
v -0.02523488 0.17239786 0.05760991
v -0.02521172 0.17240396 0.06619520
v -0.02159249 0.17460803 0.05757365
v -0.02158282 0.17461322 0.06619895
v -0.02159249 0.17460803 0.05757365
v -0.02158282 0.17461322 0.06619895
v -0.01775572 0.17648901 0.05760961
v -0.01777054 0.17647430 0.06619475
v -0.01775572 0.17648901 0.05760961
v -0.01777054 0.17647430 0.06619475
v -0.01371803 0.17799848 0.05760991
v -0.01369416 0.17799779 0.06619519
v -0.01371803 0.17799848 0.05760991
v -0.01369416 0.17799779 0.06619519
v -0.00958273 0.17910847 0.05760990
v -0.00955903 0.17910548 0.06619519
v -0.00958273 0.17910847 0.05760990
v -0.00955903 0.17910548 0.06619519
v -0.00537989 0.17980647 0.05757367
v -0.00537989 0.17980647 0.05757367
v -0.00955903 0.17910548 0.06619519
v -0.00536894 0.17980777 0.06619895
v -0.00537989 0.17980647 0.05757367
v -0.00536894 0.17980777 0.06619895
v -0.00114273 0.18011827 0.05757743
v -0.00113794 0.18011866 0.06619473
v -0.00114273 0.18011827 0.05757743
v -0.00113794 0.18011866 0.06619473
v 0.00320753 0.18001857 0.05757787
v 0.00321239 0.18001796 0.06619518
v 0.00320753 0.18001857 0.05757787
v 0.00321239 0.18001796 0.06619518
v 0.00744216 0.17952097 0.05760990
v 0.00743068 0.17951127 0.06619895
v 0.00744216 0.17952097 0.05760990
v 0.00743068 0.17951127 0.06619895
v 0.01157780 0.17861759 0.06619477
v 0.01161047 0.17861498 0.05760661
v 0.01161047 0.17861498 0.05760661
v 0.01157780 0.17861759 0.06619477
v 0.01570541 0.17731060 0.05760993
v 0.01572379 0.17729531 0.06619519
v 0.01570541 0.17731060 0.05760993
v 0.01572379 0.17729531 0.06619519
v 0.01964210 0.17562683 0.05760991
v 0.01962838 0.17562082 0.06619895
v 0.01964210 0.17562683 0.05760991
v 0.01962838 0.17562082 0.06619895
v 0.02335570 0.17359495 0.06619474
v 0.02337723 0.17357756 0.05757367
v 0.02337723 0.17357756 0.05757367
v 0.02335570 0.17359495 0.06619474
v 0.02690056 0.17120338 0.05757740
v 0.02690456 0.17120079 0.06619477
v 0.02690056 0.17120338 0.05757740
v 0.02690456 0.17120079 0.06619477
v 0.03025069 0.16845333 0.05760992
v 0.03025069 0.16845333 0.05760992
v 0.02690456 0.17120079 0.06619477
v 0.03026200 0.16843223 0.06619519
v 0.03025069 0.16845333 0.05760992
v 0.03026200 0.16843223 0.06619519
v 0.03327963 0.16542696 0.05760994
v 0.03326460 0.16542647 0.06619893
v 0.03327963 0.16542696 0.05760994
v 0.03326460 0.16542647 0.06619893
v 0.03597206 0.16216041 0.06619474
v 0.03598561 0.16213621 0.05757368
v 0.03598561 0.16213621 0.05757368
v 0.03597206 0.16216041 0.06619474
v 0.03840856 0.15858156 0.05760992
v 0.03841349 0.15855826 0.06619519
v 0.03840856 0.15858156 0.05760992
v 0.03841349 0.15855826 0.06619519
v 0.04046218 0.15482451 0.05760991
v 0.04046487 0.15480071 0.06619519
v 0.04046218 0.15482451 0.05760991
v 0.04046487 0.15480071 0.06619519
v 0.04214206 0.15090365 0.05760664
v 0.04213523 0.15089445 0.06619894
v 0.04214206 0.15090365 0.05760664
v 0.04213523 0.15089445 0.06619894
v 0.04344720 0.14683931 0.05760960
v 0.04343486 0.14685600 0.06619474
v 0.04344720 0.14683931 0.05760960
v 0.04343486 0.14685600 0.06619474
v 0.04436673 0.14262797 0.05760991
v 0.04436262 0.14260437 0.06619519
v 0.04436673 0.14262797 0.05760991
v 0.04436262 0.14260437 0.06619519
v 0.04485262 0.13844802 0.05755829
v 0.04486452 0.13838901 0.06619897
v 0.00313068 0.17966037 0.06619249
v 0.00733946 0.17918458 0.06623702
v 0.00326598 0.17980226 0.06630242
v 0.00326598 0.17980226 0.06630242
v 0.00733946 0.17918458 0.06623702
v 0.00747255 0.17934637 0.06629466
v 0.00326598 0.17980226 0.06630242
v 0.00747255 0.17934637 0.06629466
v 0.00743068 0.17951127 0.06619895
v 0.00326598 0.17980226 0.06630242
v 0.00743068 0.17951127 0.06619895
v 0.00321239 0.18001796 0.06619518
v -0.00312523 0.09061517 0.06623629
v -0.00749595 0.09100601 0.06630243
v -0.00323755 0.09043909 0.06629467
v -0.00323755 0.09043909 0.06629467
v -0.00749595 0.09100601 0.06630243
v -0.00746311 0.09078621 0.06619517
v -0.00323755 0.09043909 0.06629467
v -0.00746311 0.09078621 0.06619517
v -0.00314208 0.09027242 0.06619477
v -0.00109265 0.17973776 0.06615647
v 0.00313068 0.17966037 0.06619249
v -0.00099973 0.17989206 0.06630283
v -0.00099973 0.17989206 0.06630283
v 0.00313068 0.17966037 0.06619249
v 0.00326598 0.17980226 0.06630242
v -0.00099973 0.17989206 0.06630283
v 0.00326598 0.17980226 0.06630242
v 0.00321239 0.18001796 0.06619518
v -0.00099973 0.17989206 0.06630283
v 0.00321239 0.18001796 0.06619518
v -0.00113794 0.18011866 0.06619473
v 0.00108536 0.09051653 0.06623717
v -0.00312523 0.09061517 0.06623629
v -0.00323755 0.09043909 0.06629467
v 0.00108536 0.09051653 0.06623717
v -0.00323755 0.09043909 0.06629467
v 0.00102694 0.09033379 0.06629467
v 0.00102694 0.09033379 0.06629467
v -0.00323755 0.09043909 0.06629467
v -0.00314208 0.09027242 0.06619477
v 0.00102694 0.09033379 0.06629467
v -0.00314208 0.09027242 0.06619477
v 0.00109939 0.09017972 0.06619894
v -0.00534115 0.17944938 0.06619280
v -0.00109265 0.17973776 0.06615647
v -0.00099973 0.17989206 0.06630283
v -0.00534115 0.17944938 0.06619280
v -0.00099973 0.17989206 0.06630283
v -0.00524398 0.17961338 0.06630241
v -0.00524398 0.17961338 0.06630241
v -0.00099973 0.17989206 0.06630283
v -0.00113794 0.18011866 0.06619473
v -0.00524398 0.17961338 0.06630241
v -0.00113794 0.18011866 0.06619473
v -0.00536894 0.17980777 0.06619895
v 0.00532805 0.09081795 0.06624050
v 0.00108536 0.09051653 0.06623717
v 0.00102694 0.09033379 0.06629467
v 0.00532805 0.09081795 0.06624050
v 0.00102694 0.09033379 0.06629467
v 0.00528225 0.09063435 0.06629467
v 0.00528225 0.09063435 0.06629467
v 0.00102694 0.09033379 0.06629467
v 0.00109939 0.09017972 0.06619894
v 0.00528225 0.09063435 0.06629467
v 0.00109939 0.09017972 0.06619894
v 0.00533723 0.09048058 0.06619520
v -0.04284797 0.14884835 0.06619519
v -0.04397154 0.14464421 0.06619475
v -0.04379297 0.14471501 0.06629466
v -0.04284797 0.14884835 0.06619519
v -0.04379297 0.14471501 0.06629466
v -0.04268525 0.14883445 0.06629466
v -0.04268525 0.14883445 0.06629466
v -0.04379297 0.14471501 0.06629466
v -0.04363598 0.14461450 0.06624248
v -0.04268525 0.14883445 0.06629466
v -0.04363598 0.14461450 0.06624248
v -0.04252243 0.14875596 0.06623974
v -0.03951494 0.15664775 0.06619474
v -0.04136120 0.15282810 0.06619894
v -0.04119096 0.15283000 0.06629466
v -0.03951494 0.15664775 0.06619474
v -0.04119096 0.15283000 0.06629466
v -0.03932363 0.15666545 0.06629466
v -0.03932363 0.15666545 0.06629466
v -0.04119096 0.15283000 0.06629466
v -0.04107367 0.15264571 0.06623867
v -0.03920327 0.15651996 0.06624200
v -0.03470462 0.16376477 0.06619895
v -0.03725245 0.16036500 0.06619519
v -0.03703893 0.16030351 0.06630242
v -0.03470462 0.16376477 0.06619895
v -0.03703893 0.16030351 0.06630242
v -0.03454077 0.16371857 0.06629466
v -0.03454077 0.16371857 0.06629466
v -0.03703893 0.16030351 0.06630242
v -0.03442206 0.16357997 0.06623920
v -0.03442206 0.16357997 0.06623920
v -0.03703893 0.16030351 0.06630242
v -0.03696860 0.16013701 0.06619329
v -0.03185710 0.16690943 0.06619474
v -0.03470462 0.16376477 0.06619895
v -0.03454077 0.16371857 0.06629466
v -0.03185710 0.16690943 0.06619474
v -0.03454077 0.16371857 0.06629466
v -0.03166865 0.16687243 0.06629466
v -0.03166865 0.16687243 0.06629466
v -0.03454077 0.16371857 0.06629466
v -0.03442206 0.16357997 0.06623920
v -0.03166865 0.16687243 0.06629466
v -0.03442206 0.16357997 0.06623920
v -0.03162397 0.16666223 0.06623858
v -0.02521172 0.17240396 0.06619520
v -0.02869370 0.16979388 0.06619474
v -0.02847330 0.16974728 0.06629820
v -0.02521172 0.17240396 0.06619520
v -0.02847330 0.16974728 0.06629820
v -0.02509229 0.17229256 0.06629466
v -0.02509229 0.17229256 0.06629466
v -0.02847330 0.16974728 0.06629820
v -0.02501298 0.17212676 0.06623784
v -0.02501298 0.17212676 0.06623784
v -0.02847330 0.16974728 0.06629820
v -0.02845597 0.16954329 0.06622685
v -0.02158282 0.17461322 0.06619895
v -0.02521172 0.17240396 0.06619520
v -0.02509229 0.17229256 0.06629466
v -0.02158282 0.17461322 0.06619895
v -0.02509229 0.17229256 0.06629466
v -0.02144797 0.17450943 0.06629466
v -0.02144797 0.17450943 0.06629466
v -0.02509229 0.17229256 0.06629466
v -0.02501298 0.17212676 0.06623784
v -0.02144797 0.17450943 0.06629466
v -0.02501298 0.17212676 0.06623784
v -0.02147370 0.17428834 0.06623727
v -0.01369416 0.17799779 0.06619519
v -0.01777054 0.17647430 0.06619475
v -0.01760920 0.17637001 0.06629466
v -0.01369416 0.17799779 0.06619519
v -0.01760920 0.17637001 0.06629466
v -0.01356447 0.17781739 0.06630242
v -0.01356447 0.17781739 0.06630242
v -0.01760920 0.17637001 0.06629466
v -0.01761328 0.17617631 0.06624097
v -0.01356447 0.17781739 0.06630242
v -0.01761328 0.17617631 0.06624097
v -0.01361082 0.17763848 0.06618721
v -0.00955903 0.17910548 0.06619519
v -0.01369416 0.17799779 0.06619519
v -0.01356447 0.17781739 0.06630242
v -0.00955903 0.17910548 0.06619519
v -0.01356447 0.17781739 0.06630242
v -0.00944706 0.17891357 0.06630242
v -0.00944706 0.17891357 0.06630242
v -0.01356447 0.17781739 0.06630242
v -0.01361082 0.17763848 0.06618721
v -0.00944706 0.17891357 0.06630242
v -0.01361082 0.17763848 0.06618721
v -0.00946984 0.17874458 0.06618170
v 0.01572379 0.17729531 0.06619519
v 0.01157780 0.17861759 0.06619477
v 0.01164006 0.17843589 0.06629466
v 0.01572379 0.17729531 0.06619519
v 0.01164006 0.17843589 0.06629466
v 0.01570217 0.17713340 0.06629466
v 0.01570217 0.17713340 0.06629466
v 0.01164006 0.17843589 0.06629466
v 0.01150924 0.17828768 0.06624039
v 0.01570217 0.17713340 0.06629466
v 0.01150924 0.17828768 0.06624039
v 0.01559213 0.17697691 0.06623535
v 0.01962838 0.17562082 0.06619895
v 0.01572379 0.17729531 0.06619519
v 0.01570217 0.17713340 0.06629466
v 0.01962838 0.17562082 0.06619895
v 0.01570217 0.17713340 0.06629466
v 0.01961435 0.17537623 0.06630284
v 0.01961435 0.17537623 0.06630284
v 0.01570217 0.17713340 0.06629466
v 0.01559213 0.17697691 0.06623535
v 0.01961435 0.17537623 0.06630284
v 0.01559213 0.17697691 0.06623535
v 0.01951134 0.17525133 0.06614397
v 0.02690456 0.17120079 0.06619477
v 0.02335570 0.17359495 0.06619474
v 0.02336418 0.17340306 0.06629466
v 0.02690456 0.17120079 0.06619477
v 0.02336418 0.17340306 0.06629466
v 0.02687318 0.17093709 0.06630283
v 0.02687318 0.17093709 0.06630283
v 0.02336418 0.17340306 0.06629466
v 0.02320227 0.17329276 0.06623911
v 0.02687318 0.17093709 0.06630283
v 0.02320227 0.17329276 0.06623911
v 0.02669017 0.17088430 0.06615882
v 0.03026200 0.16843223 0.06619519
v 0.02690456 0.17120079 0.06619477
v 0.02687318 0.17093709 0.06630283
v 0.03026200 0.16843223 0.06619519
v 0.02687318 0.17093709 0.06630283
v 0.03015346 0.16822062 0.06630284
v 0.03015346 0.16822062 0.06630284
v 0.02687318 0.17093709 0.06630283
v 0.02669017 0.17088430 0.06615882
v 0.03015346 0.16822062 0.06630284
v 0.02669017 0.17088430 0.06615882
v 0.03003092 0.16812573 0.06615841
v 0.03597206 0.16216041 0.06619474
v 0.03326460 0.16542647 0.06619893
v 0.03319551 0.16527097 0.06629466
v 0.03597206 0.16216041 0.06619474
v 0.03319551 0.16527097 0.06629466
v 0.03586764 0.16191631 0.06630283
v 0.03586764 0.16191631 0.06630283
v 0.03319551 0.16527097 0.06629466
v 0.03300886 0.16521057 0.06623878
v 0.03586764 0.16191631 0.06630283
v 0.03300886 0.16521057 0.06623878
v 0.03567261 0.16192351 0.06615483
v 0.03841349 0.15855826 0.06619519
v 0.03597206 0.16216041 0.06619474
v 0.03586764 0.16191631 0.06630283
v 0.03841349 0.15855826 0.06619519
v 0.03586764 0.16191631 0.06630283
v 0.03829941 0.15840715 0.06629820
v 0.03829941 0.15840715 0.06629820
v 0.03586764 0.16191631 0.06630283
v 0.03810514 0.15838666 0.06621900
v 0.03810514 0.15838666 0.06621900
v 0.03586764 0.16191631 0.06630283
v 0.03567261 0.16192351 0.06615483
v 0.04213523 0.15089445 0.06619894
v 0.04046487 0.15480071 0.06619519
v 0.04028544 0.15464461 0.06630284
v 0.04213523 0.15089445 0.06619894
v 0.04028544 0.15464461 0.06630284
v 0.04201329 0.15077566 0.06629466
v 0.04201329 0.15077566 0.06629466
v 0.04028544 0.15464461 0.06630284
v 0.04181681 0.15079126 0.06623886
v 0.04181681 0.15079126 0.06623886
v 0.04028544 0.15464461 0.06630284
v 0.04016128 0.15459081 0.06618447
v 0.04486452 0.13838901 0.06619897
v 0.04436262 0.14260437 0.06619519
v 0.04414648 0.14250517 0.06630284
v 0.04486452 0.13838901 0.06619897
v 0.04414648 0.14250517 0.06630284
v 0.04471433 0.13830602 0.06629466
v 0.04471433 0.13830602 0.06629466
v 0.04414648 0.14250517 0.06630284
v 0.04452992 0.13837272 0.06623838
v 0.04452992 0.13837272 0.06623838
v 0.04414648 0.14250517 0.06630284
v 0.04398383 0.14254567 0.06615165
v 0.04395615 0.12558229 0.06619519
v 0.04466638 0.12980393 0.06619519
v 0.04443104 0.12976963 0.06630284
v 0.04395615 0.12558229 0.06619519
v 0.04443104 0.12976963 0.06630284
v 0.04379286 0.12558058 0.06629467
v 0.04379286 0.12558058 0.06629467
v 0.04443104 0.12976963 0.06630284
v 0.04363455 0.12569599 0.06623835
v 0.04363455 0.12569599 0.06623835
v 0.04443104 0.12976963 0.06630284
v 0.04428551 0.12984013 0.06615879
v 0.03948070 0.11358584 0.06619520
v 0.04137960 0.11750139 0.06619475
v 0.04119087 0.11746559 0.06629467
v 0.03948070 0.11358584 0.06619520
v 0.04119087 0.11746559 0.06629467
v 0.03932350 0.11363014 0.06629467
v 0.03932350 0.11363014 0.06629467
v 0.04119087 0.11746559 0.06629467
v 0.04104929 0.11760629 0.06623459
v 0.03920171 0.11377914 0.06623918
v 0.03473186 0.10655813 0.06619475
v 0.03726762 0.10995939 0.06619894
v 0.03702745 0.11000799 0.06630284
v 0.03473186 0.10655813 0.06619475
v 0.03702745 0.11000799 0.06630284
v 0.03454068 0.10657703 0.06629467
v 0.03454068 0.10657703 0.06629467
v 0.03702745 0.11000799 0.06630284
v 0.03446030 0.10677232 0.06623427
v 0.03446030 0.10677232 0.06623427
v 0.03702745 0.11000799 0.06630284
v 0.03703935 0.11026738 0.06618262
v 0.03180679 0.10333627 0.06619517
v 0.03473186 0.10655813 0.06619475
v 0.03454068 0.10657703 0.06629467
v 0.03180679 0.10333627 0.06619517
v 0.03454068 0.10657703 0.06629467
v 0.03166848 0.10342317 0.06629467
v 0.03166848 0.10342317 0.06629467
v 0.03454068 0.10657703 0.06629467
v 0.03446030 0.10677232 0.06623427
v 0.03158511 0.10358937 0.06624070
v 0.02527034 0.09793114 0.06619475
v 0.02866156 0.10048011 0.06619894
v 0.02850943 0.10055651 0.06629467
v 0.02527034 0.09793114 0.06619475
v 0.02850943 0.10055651 0.06629467
v 0.02505536 0.09799848 0.06629821
v 0.02505536 0.09799848 0.06629821
v 0.02850943 0.10055651 0.06629467
v 0.02845543 0.10074381 0.06623870
v 0.02505536 0.09799848 0.06629821
v 0.02845543 0.10074381 0.06623870
v 0.02508235 0.09824143 0.06621145
v 0.02161823 0.09569756 0.06619475
v 0.02527034 0.09793114 0.06619475
v 0.02505536 0.09799848 0.06629821
v 0.02161823 0.09569756 0.06619475
v 0.02505536 0.09799848 0.06629821
v 0.02141057 0.09578497 0.06629821
v 0.02141057 0.09578497 0.06629821
v 0.02505536 0.09799848 0.06629821
v 0.02508235 0.09824143 0.06621145
v 0.02141057 0.09578497 0.06629821
v 0.02508235 0.09824143 0.06621145
v 0.02143403 0.09600359 0.06621643
v 0.01376156 0.09231918 0.06619475
v 0.01773360 0.09380950 0.06619893
v 0.01757208 0.09392806 0.06629821
v 0.01376156 0.09231918 0.06619475
v 0.01757208 0.09392806 0.06629821
v 0.01361096 0.09243843 0.06629467
v 0.01361096 0.09243843 0.06629467
v 0.01757208 0.09392806 0.06629821
v 0.01359407 0.09262558 0.06623542
v 0.01359407 0.09262558 0.06623542
v 0.01757208 0.09392806 0.06629821
v 0.01760682 0.09412965 0.06622323
v 0.00962808 0.09120498 0.06619475
v 0.01376156 0.09231918 0.06619475
v 0.01361096 0.09243843 0.06629467
v 0.00962808 0.09120498 0.06619475
v 0.01361096 0.09243843 0.06629467
v 0.00948943 0.09133798 0.06629467
v 0.00948943 0.09133798 0.06629467
v 0.01361096 0.09243843 0.06629467
v 0.01359407 0.09262558 0.06623542
v 0.00948943 0.09133798 0.06629467
v 0.01359407 0.09262558 0.06623542
v 0.00954922 0.09153969 0.06623569
v -0.01569231 0.09299226 0.06619896
v -0.01164621 0.09169652 0.06619520
v -0.01164008 0.09185970 0.06629467
v -0.01569231 0.09299226 0.06619896
v -0.01164008 0.09185970 0.06629467
v -0.01570175 0.09323713 0.06630285
v -0.01570175 0.09323713 0.06630285
v -0.01164008 0.09185970 0.06629467
v -0.01151875 0.09201097 0.06624000
v -0.01570175 0.09323713 0.06630285
v -0.01151875 0.09201097 0.06624000
v -0.01550300 0.09332329 0.06615764
v -0.01959549 0.09465469 0.06619475
v -0.01569231 0.09299226 0.06619896
v -0.01570175 0.09323713 0.06630285
v -0.01959549 0.09465469 0.06619475
v -0.01570175 0.09323713 0.06630285
v -0.01962848 0.09490591 0.06630242
v -0.01962848 0.09490591 0.06630242
v -0.01570175 0.09323713 0.06630285
v -0.01945001 0.09499246 0.06618770
v -0.01945001 0.09499246 0.06618770
v -0.01570175 0.09323713 0.06630285
v -0.01550300 0.09332329 0.06615764
v -0.02693327 0.09912087 0.06619894
v -0.02341617 0.09673774 0.06619520
v -0.02336436 0.09689263 0.06629467
v -0.02693327 0.09912087 0.06619894
v -0.02336436 0.09689263 0.06629467
v -0.02689489 0.09928671 0.06629467
v -0.02689489 0.09928671 0.06629467
v -0.02336436 0.09689263 0.06629467
v -0.02320794 0.09700394 0.06624096
v -0.02689489 0.09928671 0.06629467
v -0.02320794 0.09700394 0.06624096
v -0.02676071 0.09941315 0.06623729
v -0.03020990 0.10181557 0.06619475
v -0.02693327 0.09912087 0.06619894
v -0.02689489 0.09928671 0.06629467
v -0.03020990 0.10181557 0.06619475
v -0.02689489 0.09928671 0.06629467
v -0.03018898 0.10205847 0.06630083
v -0.03018898 0.10205847 0.06630083
v -0.02689489 0.09928671 0.06629467
v -0.02676071 0.09941315 0.06623729
v -0.03018898 0.10205847 0.06630083
v -0.02676071 0.09941315 0.06623729
v -0.02999892 0.10210107 0.06621167
v -0.03601438 0.10819198 0.06619520
v -0.03328898 0.10489073 0.06619522
v -0.03319565 0.10502473 0.06629467
v -0.03601438 0.10819198 0.06619520
v -0.03319565 0.10502473 0.06629467
v -0.03590872 0.10831649 0.06629467
v -0.03590872 0.10831649 0.06629467
v -0.03319565 0.10502473 0.06629467
v -0.03304556 0.10511853 0.06624266
v -0.03590872 0.10831649 0.06629467
v -0.03304556 0.10511853 0.06624266
v -0.03576083 0.10841438 0.06624083
v -0.03839384 0.11171164 0.06619896
v -0.03601438 0.10819198 0.06619520
v -0.03590872 0.10831649 0.06629467
v -0.03839384 0.11171164 0.06619896
v -0.03590872 0.10831649 0.06629467
v -0.03829664 0.11185143 0.06629467
v -0.03829664 0.11185143 0.06629467
v -0.03590872 0.10831649 0.06629467
v -0.03576083 0.10841438 0.06624083
v -0.03829664 0.11185143 0.06629467
v -0.03576083 0.10841438 0.06624083
v -0.03810214 0.11187293 0.06624089
v -0.04214987 0.11943034 0.06619520
v -0.04043425 0.11543109 0.06619475
v -0.04033768 0.11559719 0.06629467
v -0.04214987 0.11943034 0.06619520
v -0.04033768 0.11559719 0.06629467
v -0.04201340 0.11951994 0.06629467
v -0.04201340 0.11951994 0.06629467
v -0.04033768 0.11559719 0.06629467
v -0.04016134 0.11563228 0.06624295
v -0.04201340 0.11951994 0.06629467
v -0.04016134 0.11563228 0.06624295
v -0.04184033 0.11956194 0.06624118
v -0.04487064 0.13194188 0.06619519
v -0.04435397 0.12765993 0.06619894
v -0.04421176 0.12775353 0.06629467
v -0.04487064 0.13194188 0.06619519
v -0.04421176 0.12775353 0.06629467
v -0.04471444 0.13198958 0.06629467
v -0.04471444 0.13198958 0.06629467
v -0.04421176 0.12775353 0.06629467
v -0.04401787 0.12767913 0.06623989
v -0.04471444 0.13198958 0.06629467
v -0.04401787 0.12767913 0.06623989
v -0.04453638 0.13194638 0.06624263
v -0.04433944 0.14037617 0.06623958
v -0.04363598 0.14461450 0.06624248
v -0.04379297 0.14471501 0.06629466
v -0.04433944 0.14037617 0.06623958
v -0.04379297 0.14471501 0.06629466
v -0.04450409 0.14050897 0.06629466
v -0.04450409 0.14050897 0.06629466
v -0.04379297 0.14471501 0.06629466
v -0.04397154 0.14464421 0.06619475
v -0.04450409 0.14050897 0.06629466
v -0.04397154 0.14464421 0.06619475
v -0.04466690 0.14045916 0.06619896
v -0.04252243 0.14875596 0.06623974
v -0.04107367 0.15264571 0.06623867
v -0.04119096 0.15283000 0.06629466
v -0.04252243 0.14875596 0.06623974
v -0.04119096 0.15283000 0.06629466
v -0.04268525 0.14883445 0.06629466
v -0.04268525 0.14883445 0.06629466
v -0.04119096 0.15283000 0.06629466
v -0.04136120 0.15282810 0.06619894
v -0.04268525 0.14883445 0.06629466
v -0.04136120 0.15282810 0.06619894
v -0.04284797 0.14884835 0.06619519
v -0.03920327 0.15651996 0.06624200
v -0.03696860 0.16013701 0.06619329
v -0.03703893 0.16030351 0.06630242
v -0.03920327 0.15651996 0.06624200
v -0.03703893 0.16030351 0.06630242
v -0.03932363 0.15666545 0.06629466
v -0.03932363 0.15666545 0.06629466
v -0.03703893 0.16030351 0.06630242
v -0.03725245 0.16036500 0.06619519
v -0.03932363 0.15666545 0.06629466
v -0.03725245 0.16036500 0.06619519
v -0.03951494 0.15664775 0.06619474
v -0.03162397 0.16666223 0.06623858
v -0.02845597 0.16954329 0.06622685
v -0.02847330 0.16974728 0.06629820
v -0.03162397 0.16666223 0.06623858
v -0.02847330 0.16974728 0.06629820
v -0.03166865 0.16687243 0.06629466
v -0.03166865 0.16687243 0.06629466
v -0.02847330 0.16974728 0.06629820
v -0.02869370 0.16979388 0.06619474
v -0.03166865 0.16687243 0.06629466
v -0.02869370 0.16979388 0.06619474
v -0.03185710 0.16690943 0.06619474
v -0.02147370 0.17428834 0.06623727
v -0.01761328 0.17617631 0.06624097
v -0.01760920 0.17637001 0.06629466
v -0.02147370 0.17428834 0.06623727
v -0.01760920 0.17637001 0.06629466
v -0.02144797 0.17450943 0.06629466
v -0.02144797 0.17450943 0.06629466
v -0.01760920 0.17637001 0.06629466
v -0.01777054 0.17647430 0.06619475
v -0.02144797 0.17450943 0.06629466
v -0.01777054 0.17647430 0.06619475
v -0.02158282 0.17461322 0.06619895
v -0.00536894 0.17980777 0.06619895
v -0.00955903 0.17910548 0.06619519
v -0.00944706 0.17891357 0.06630242
v -0.00536894 0.17980777 0.06619895
v -0.00944706 0.17891357 0.06630242
v -0.00524398 0.17961338 0.06630241
v -0.00524398 0.17961338 0.06630241
v -0.00944706 0.17891357 0.06630242
v -0.00946984 0.17874458 0.06618170
v -0.00534115 0.17944938 0.06619280
v 0.00733946 0.17918458 0.06623702
v 0.01150924 0.17828768 0.06624039
v 0.01164006 0.17843589 0.06629466
v 0.00733946 0.17918458 0.06623702
v 0.01164006 0.17843589 0.06629466
v 0.00747255 0.17934637 0.06629466
v 0.00747255 0.17934637 0.06629466
v 0.01164006 0.17843589 0.06629466
v 0.01157780 0.17861759 0.06619477
v 0.00747255 0.17934637 0.06629466
v 0.01157780 0.17861759 0.06619477
v 0.00743068 0.17951127 0.06619895
v 0.01951134 0.17525133 0.06614397
v 0.02320227 0.17329276 0.06623911
v 0.01961435 0.17537623 0.06630284
v 0.01961435 0.17537623 0.06630284
v 0.02320227 0.17329276 0.06623911
v 0.02336418 0.17340306 0.06629466
v 0.01961435 0.17537623 0.06630284
v 0.02336418 0.17340306 0.06629466
v 0.02335570 0.17359495 0.06619474
v 0.01961435 0.17537623 0.06630284
v 0.02335570 0.17359495 0.06619474
v 0.01962838 0.17562082 0.06619895
v 0.03003092 0.16812573 0.06615841
v 0.03300886 0.16521057 0.06623878
v 0.03015346 0.16822062 0.06630284
v 0.03015346 0.16822062 0.06630284
v 0.03300886 0.16521057 0.06623878
v 0.03319551 0.16527097 0.06629466
v 0.03015346 0.16822062 0.06630284
v 0.03319551 0.16527097 0.06629466
v 0.03326460 0.16542647 0.06619893
v 0.03015346 0.16822062 0.06630284
v 0.03326460 0.16542647 0.06619893
v 0.03026200 0.16843223 0.06619519
v 0.03810514 0.15838666 0.06621900
v 0.04016128 0.15459081 0.06618447
v 0.04028544 0.15464461 0.06630284
v 0.03810514 0.15838666 0.06621900
v 0.04028544 0.15464461 0.06630284
v 0.03829941 0.15840715 0.06629820
v 0.03829941 0.15840715 0.06629820
v 0.04028544 0.15464461 0.06630284
v 0.04046487 0.15480071 0.06619519
v 0.03829941 0.15840715 0.06629820
v 0.04046487 0.15480071 0.06619519
v 0.03841349 0.15855826 0.06619519
v 0.04343486 0.14685600 0.06619474
v 0.04213523 0.15089445 0.06619894
v 0.04201329 0.15077566 0.06629466
v 0.04343486 0.14685600 0.06619474
v 0.04201329 0.15077566 0.06629466
v 0.04324723 0.14666822 0.06630284
v 0.04324723 0.14666822 0.06630284
v 0.04201329 0.15077566 0.06629466
v 0.04181681 0.15079126 0.06623886
v 0.04324723 0.14666822 0.06630284
v 0.04181681 0.15079126 0.06623886
v 0.04306774 0.14676111 0.06616291
v 0.04306774 0.14676111 0.06616291
v 0.04398383 0.14254567 0.06615165
v 0.04414648 0.14250517 0.06630284
v 0.04306774 0.14676111 0.06616291
v 0.04414648 0.14250517 0.06630284
v 0.04324723 0.14666822 0.06630284
v 0.04324723 0.14666822 0.06630284
v 0.04414648 0.14250517 0.06630284
v 0.04436262 0.14260437 0.06619519
v 0.04324723 0.14666822 0.06630284
v 0.04436262 0.14260437 0.06619519
v 0.04343486 0.14685600 0.06619474
v 0.04498076 0.13411787 0.06615400
v 0.04486452 0.13838901 0.06619897
v 0.04486528 0.13405838 0.06628874
v 0.04486528 0.13405838 0.06628874
v 0.04486452 0.13838901 0.06619897
v 0.04471433 0.13830602 0.06629466
v 0.04486528 0.13405838 0.06628874
v 0.04471433 0.13830602 0.06629466
v 0.04452992 0.13837272 0.06623838
v 0.04486528 0.13405838 0.06628874
v 0.04452992 0.13837272 0.06623838
v 0.04462144 0.13412468 0.06623008
v 0.04462144 0.13412468 0.06623008
v 0.04428551 0.12984013 0.06615879
v 0.04443104 0.12976963 0.06630284
v 0.04462144 0.13412468 0.06623008
v 0.04443104 0.12976963 0.06630284
v 0.04486528 0.13405838 0.06628874
v 0.04486528 0.13405838 0.06628874
v 0.04443104 0.12976963 0.06630284
v 0.04466638 0.12980393 0.06619519
v 0.04486528 0.13405838 0.06628874
v 0.04466638 0.12980393 0.06619519
v 0.04498076 0.13411787 0.06615400
v 0.04285440 0.12147914 0.06619896
v 0.04395615 0.12558229 0.06619519
v 0.04379286 0.12558058 0.06629467
v 0.04285440 0.12147914 0.06619896
v 0.04379286 0.12558058 0.06629467
v 0.04261027 0.12145814 0.06630284
v 0.04261027 0.12145814 0.06630284
v 0.04379286 0.12558058 0.06629467
v 0.04363455 0.12569599 0.06623835
v 0.04261027 0.12145814 0.06630284
v 0.04363455 0.12569599 0.06623835
v 0.04250803 0.12165394 0.06614485
v 0.04250803 0.12165394 0.06614485
v 0.04104929 0.11760629 0.06623459
v 0.04261027 0.12145814 0.06630284
v 0.04261027 0.12145814 0.06630284
v 0.04104929 0.11760629 0.06623459
v 0.04119087 0.11746559 0.06629467
v 0.04261027 0.12145814 0.06630284
v 0.04119087 0.11746559 0.06629467
v 0.04137960 0.11750139 0.06619475
v 0.04261027 0.12145814 0.06630284
v 0.04137960 0.11750139 0.06619475
v 0.04285440 0.12147914 0.06619896
v 0.03920171 0.11377914 0.06623918
v 0.03703935 0.11026738 0.06618262
v 0.03702745 0.11000799 0.06630284
v 0.03920171 0.11377914 0.06623918
v 0.03702745 0.11000799 0.06630284
v 0.03932350 0.11363014 0.06629467
v 0.03932350 0.11363014 0.06629467
v 0.03702745 0.11000799 0.06630284
v 0.03726762 0.10995939 0.06619894
v 0.03932350 0.11363014 0.06629467
v 0.03726762 0.10995939 0.06619894
v 0.03948070 0.11358584 0.06619520
v 0.02963634 0.10194709 0.06583517
v 0.02845543 0.10074381 0.06623870
v 0.03158511 0.10358937 0.06624070
v 0.03158511 0.10358937 0.06624070
v 0.02845543 0.10074381 0.06623870
v 0.02850943 0.10055651 0.06629467
v 0.03158511 0.10358937 0.06624070
v 0.02850943 0.10055651 0.06629467
v 0.03166848 0.10342317 0.06629467
v 0.03166848 0.10342317 0.06629467
v 0.02850943 0.10055651 0.06629467
v 0.02866156 0.10048011 0.06619894
v 0.03166848 0.10342317 0.06629467
v 0.02866156 0.10048011 0.06619894
v 0.03180679 0.10333627 0.06619517
v 0.02143403 0.09600359 0.06621643
v 0.01760682 0.09412965 0.06622323
v 0.01757208 0.09392806 0.06629821
v 0.02143403 0.09600359 0.06621643
v 0.01757208 0.09392806 0.06629821
v 0.02141057 0.09578497 0.06629821
v 0.02141057 0.09578497 0.06629821
v 0.01757208 0.09392806 0.06629821
v 0.01773360 0.09380950 0.06619893
v 0.02141057 0.09578497 0.06629821
v 0.01773360 0.09380950 0.06619893
v 0.02161823 0.09569756 0.06619475
v 0.00533723 0.09048058 0.06619520
v 0.00962808 0.09120498 0.06619475
v 0.00948943 0.09133798 0.06629467
v 0.00533723 0.09048058 0.06619520
v 0.00948943 0.09133798 0.06629467
v 0.00528225 0.09063435 0.06629467
v 0.00528225 0.09063435 0.06629467
v 0.00948943 0.09133798 0.06629467
v 0.00954922 0.09153969 0.06623569
v 0.00532805 0.09081795 0.06624050
v -0.00312523 0.09061517 0.06623629
v -0.00734448 0.09114438 0.06617978
v -0.00749595 0.09100601 0.06630243
v -0.00734448 0.09114438 0.06617978
v -0.01151875 0.09201097 0.06624000
v -0.00749595 0.09100601 0.06630243
v -0.00749595 0.09100601 0.06630243
v -0.01151875 0.09201097 0.06624000
v -0.01164008 0.09185970 0.06629467
v -0.00749595 0.09100601 0.06630243
v -0.01164008 0.09185970 0.06629467
v -0.01164621 0.09169652 0.06619520
v -0.00749595 0.09100601 0.06630243
v -0.01164621 0.09169652 0.06619520
v -0.00746311 0.09078621 0.06619517
v -0.01945001 0.09499246 0.06618770
v -0.02320794 0.09700394 0.06624096
v -0.01962848 0.09490591 0.06630242
v -0.01962848 0.09490591 0.06630242
v -0.02320794 0.09700394 0.06624096
v -0.02336436 0.09689263 0.06629467
v -0.01962848 0.09490591 0.06630242
v -0.02336436 0.09689263 0.06629467
v -0.02341617 0.09673774 0.06619520
v -0.01962848 0.09490591 0.06630242
v -0.02341617 0.09673774 0.06619520
v -0.01959549 0.09465469 0.06619475
v -0.02999892 0.10210107 0.06621167
v -0.03304556 0.10511853 0.06624266
v -0.03018898 0.10205847 0.06630083
v -0.03018898 0.10205847 0.06630083
v -0.03304556 0.10511853 0.06624266
v -0.03319565 0.10502473 0.06629467
v -0.03018898 0.10205847 0.06630083
v -0.03319565 0.10502473 0.06629467
v -0.03328898 0.10489073 0.06619522
v -0.03018898 0.10205847 0.06630083
v -0.03328898 0.10489073 0.06619522
v -0.03020990 0.10181557 0.06619475
v -0.03810214 0.11187293 0.06624089
v -0.04016134 0.11563228 0.06624295
v -0.04033768 0.11559719 0.06629467
v -0.03829664 0.11185143 0.06629467
v -0.03829664 0.11185143 0.06629467
v -0.04033768 0.11559719 0.06629467
v -0.04043425 0.11543109 0.06619475
v -0.03829664 0.11185143 0.06629467
v -0.04043425 0.11543109 0.06619475
v -0.03839384 0.11171164 0.06619896
v -0.04345307 0.12350808 0.06619519
v -0.04214987 0.11943034 0.06619520
v -0.04201340 0.11951994 0.06629467
v -0.04345307 0.12350808 0.06619519
v -0.04201340 0.11951994 0.06629467
v -0.04330871 0.12358448 0.06629467
v -0.04330871 0.12358448 0.06629467
v -0.04201340 0.11951994 0.06629467
v -0.04184033 0.11956194 0.06624118
v -0.04330871 0.12358448 0.06629467
v -0.04184033 0.11956194 0.06624118
v -0.04313411 0.12362318 0.06623983
v -0.04313411 0.12362318 0.06623983
v -0.04401787 0.12767913 0.06623989
v -0.04421176 0.12775353 0.06629467
v -0.04313411 0.12362318 0.06623983
v -0.04421176 0.12775353 0.06629467
v -0.04330871 0.12358448 0.06629467
v -0.04330871 0.12358448 0.06629467
v -0.04421176 0.12775353 0.06629467
v -0.04435397 0.12765993 0.06619894
v -0.04330871 0.12358448 0.06629467
v -0.04435397 0.12765993 0.06619894
v -0.04345307 0.12350808 0.06619519
v -0.04497221 0.13622171 0.06619519
v -0.04487064 0.13194188 0.06619519
v -0.04471444 0.13198958 0.06629467
v -0.04481218 0.13625421 0.06629467
v -0.04481218 0.13625421 0.06629467
v -0.04471444 0.13198958 0.06629467
v -0.04453638 0.13194638 0.06624263
v -0.04481218 0.13625421 0.06629467
v -0.04453638 0.13194638 0.06624263
v -0.04463420 0.13623102 0.06624009
v -0.04466690 0.14045916 0.06619896
v -0.04497221 0.13622171 0.06619519
v -0.04481218 0.13625421 0.06629467
v -0.04466690 0.14045916 0.06619896
v -0.04481218 0.13625421 0.06629467
v -0.04450409 0.14050897 0.06629466
v -0.04450409 0.14050897 0.06629466
v -0.04481218 0.13625421 0.06629467
v -0.04463420 0.13623102 0.06624009
v -0.04450409 0.14050897 0.06629466
v -0.04463420 0.13623102 0.06624009
v -0.04433944 0.14037617 0.06623958
v -0.02999892 0.10210107 0.06621167
v -0.02945867 0.10174387 0.06589534
v -0.03304556 0.10511853 0.06624266
v -0.03304556 0.10511853 0.06624266
v -0.02945867 0.10174387 0.06589534
v -0.03252316 0.10473343 0.06587320
v -0.03304556 0.10511853 0.06624266
v -0.03252316 0.10473343 0.06587320
v -0.03576083 0.10841438 0.06624083
v -0.03576083 0.10841438 0.06624083
v -0.03252316 0.10473343 0.06587320
v -0.03528482 0.10800799 0.06584214
v -0.03576083 0.10841438 0.06624083
v -0.03528482 0.10800799 0.06584214
v -0.03810214 0.11187293 0.06624089
v -0.03810214 0.11187293 0.06624089
v -0.03528482 0.10800799 0.06584214
v -0.03776675 0.11155724 0.06587389
v -0.03810214 0.11187293 0.06624089
v -0.03776675 0.11155724 0.06587389
v -0.04016134 0.11563228 0.06624295
v -0.04016134 0.11563228 0.06624295
v -0.03776675 0.11155724 0.06587389
v -0.03981588 0.11533709 0.06578685
v -0.04016134 0.11563228 0.06624295
v -0.03981588 0.11533709 0.06578685
v -0.04184033 0.11956194 0.06624118
v -0.04184033 0.11956194 0.06624118
v -0.03981588 0.11533709 0.06578685
v -0.04157257 0.11923774 0.06584001
v -0.04184033 0.11956194 0.06624118
v -0.04157257 0.11923774 0.06584001
v -0.04313411 0.12362318 0.06623983
v -0.04313411 0.12362318 0.06623983
v -0.04157257 0.11923774 0.06584001
v -0.04293392 0.12333088 0.06587545
v -0.02945867 0.10174387 0.06589534
v -0.02999892 0.10210107 0.06621167
v -0.02676071 0.09941315 0.06623729
v -0.02945867 0.10174387 0.06589534
v -0.02676071 0.09941315 0.06623729
v -0.02603091 0.09903893 0.06584086
v -0.02603091 0.09903893 0.06584086
v -0.02676071 0.09941315 0.06623729
v -0.02320794 0.09700394 0.06624096
v -0.02603091 0.09903893 0.06584086
v -0.02320794 0.09700394 0.06624096
v -0.02239864 0.09672867 0.06578674
v -0.02239864 0.09672867 0.06578674
v -0.02320794 0.09700394 0.06624096
v -0.01945001 0.09499246 0.06618770
v -0.01865446 0.09471726 0.06587088
v -0.01945001 0.09499246 0.06618770
v -0.01550300 0.09332329 0.06615764
v -0.01865446 0.09471726 0.06587088
v -0.01550300 0.09332329 0.06615764
v -0.01468882 0.09311204 0.06587346
v -0.01468882 0.09311204 0.06587346
v -0.01550300 0.09332329 0.06615764
v -0.01151875 0.09201097 0.06624000
v -0.01468882 0.09311204 0.06587346
v -0.01151875 0.09201097 0.06624000
v -0.01052961 0.09188243 0.06587294
v -0.01052961 0.09188243 0.06587294
v -0.01151875 0.09201097 0.06624000
v -0.00734448 0.09114438 0.06617978
v -0.00630756 0.09108910 0.06583616
v -0.00734448 0.09114438 0.06617978
v -0.00312523 0.09061517 0.06623629
v -0.00200224 0.09072202 0.06578657
v -0.00312523 0.09061517 0.06623629
v 0.00108536 0.09051653 0.06623717
v -0.00200224 0.09072202 0.06578657
v 0.00108536 0.09051653 0.06623717
v 0.00231028 0.09069502 0.06584050
v 0.00231028 0.09069502 0.06584050
v 0.00108536 0.09051653 0.06623717
v 0.00532805 0.09081795 0.06624050
v 0.00231028 0.09069502 0.06584050
v 0.00532805 0.09081795 0.06624050
v 0.00655681 0.09112494 0.06583671
v 0.00655681 0.09112494 0.06583671
v 0.00532805 0.09081795 0.06624050
v 0.00954922 0.09153969 0.06623569
v 0.01076951 0.09194216 0.06587294
v 0.00954922 0.09153969 0.06623569
v 0.01359407 0.09262558 0.06623542
v 0.01076951 0.09194216 0.06587294
v 0.01359407 0.09262558 0.06623542
v 0.01493231 0.09320869 0.06584613
v 0.01493231 0.09320869 0.06584613
v 0.01359407 0.09262558 0.06623542
v 0.01760682 0.09412965 0.06622323
v 0.01493231 0.09320869 0.06584613
v 0.01760682 0.09412965 0.06622323
v 0.01887623 0.09483931 0.06583756
v 0.01887623 0.09483931 0.06583756
v 0.01760682 0.09412965 0.06622323
v 0.02143403 0.09600359 0.06621643
v 0.02266623 0.09684340 0.06583683
v 0.02143403 0.09600359 0.06621643
v 0.02508235 0.09824143 0.06621145
v 0.02625401 0.09918079 0.06587562
v 0.02508235 0.09824143 0.06621145
v 0.02845543 0.10074381 0.06623870
v 0.02625401 0.09918079 0.06587562
v 0.02845543 0.10074381 0.06623870
v 0.02963634 0.10194709 0.06583517
v 0.02963634 0.10194709 0.06583517
v 0.03158511 0.10358937 0.06624070
v 0.03267073 0.10492165 0.06583704
v 0.03267073 0.10492165 0.06583704
v 0.03158511 0.10358937 0.06624070
v 0.03446030 0.10677232 0.06623427
v 0.03544684 0.10819771 0.06587430
v 0.03446030 0.10677232 0.06623427
v 0.03703935 0.11026738 0.06618262
v 0.03544684 0.10819771 0.06587430
v 0.03703935 0.11026738 0.06618262
v 0.03789784 0.11179266 0.06584453
v 0.03789784 0.11179266 0.06584453
v 0.03703935 0.11026738 0.06618262
v 0.03920171 0.11377914 0.06623918
v 0.03789784 0.11179266 0.06584453
v 0.03920171 0.11377914 0.06623918
v 0.03995026 0.11552632 0.06583731
v 0.03995026 0.11552632 0.06583731
v 0.03920171 0.11377914 0.06623918
v 0.04104929 0.11760629 0.06623459
v 0.04165540 0.11946886 0.06583719
v 0.04104929 0.11760629 0.06623459
v 0.04250803 0.12165394 0.06614485
v 0.04165540 0.11946886 0.06583719
v 0.04250803 0.12165394 0.06614485
v 0.04298950 0.12353561 0.06587733
v 0.04298950 0.12353561 0.06587733
v 0.04250803 0.12165394 0.06614485
v 0.04363455 0.12569599 0.06623835
v 0.04298950 0.12353561 0.06587733
v 0.04363455 0.12569599 0.06623835
v 0.04389519 0.12777636 0.06583815
v 0.04389519 0.12777636 0.06583815
v 0.04363455 0.12569599 0.06623835
v 0.04428551 0.12984013 0.06615879
v 0.04439923 0.13203120 0.06583723
v 0.04428551 0.12984013 0.06615879
v 0.04462144 0.13412468 0.06623008
v 0.04451424 0.13631815 0.06587562
v 0.04462144 0.13412468 0.06623008
v 0.04452992 0.13837272 0.06623838
v 0.04451424 0.13631815 0.06587562
v 0.04452992 0.13837272 0.06623838
v 0.04416982 0.14066169 0.06584079
v 0.04416982 0.14066169 0.06584079
v 0.04452992 0.13837272 0.06623838
v 0.04398383 0.14254567 0.06615165
v 0.04416982 0.14066169 0.06584079
v 0.04398383 0.14254567 0.06615165
v 0.04343728 0.14485374 0.06583718
v 0.04343728 0.14485374 0.06583718
v 0.04398383 0.14254567 0.06615165
v 0.04306774 0.14676111 0.06616291
v 0.04230088 0.14899288 0.06583748
v 0.04306774 0.14676111 0.06616291
v 0.04181681 0.15079126 0.06623886
v 0.04230088 0.14899288 0.06583748
v 0.04181681 0.15079126 0.06623886
v 0.04079287 0.15301513 0.06588335
v 0.04079287 0.15301513 0.06588335
v 0.04181681 0.15079126 0.06623886
v 0.04016128 0.15459081 0.06618447
v 0.04079287 0.15301513 0.06588335
v 0.04016128 0.15459081 0.06618447
v 0.03884907 0.15686777 0.06583710
v 0.03884907 0.15686777 0.06583710
v 0.04016128 0.15459081 0.06618447
v 0.03810514 0.15838666 0.06621900
v 0.03657282 0.16051352 0.06583697
v 0.03810514 0.15838666 0.06621900
v 0.03567261 0.16192351 0.06615483
v 0.03657282 0.16051352 0.06583697
v 0.03567261 0.16192351 0.06615483
v 0.03397487 0.16392888 0.06587237
v 0.03397487 0.16392888 0.06587237
v 0.03567261 0.16192351 0.06615483
v 0.03300886 0.16521057 0.06623878
v 0.03397487 0.16392888 0.06587237
v 0.03300886 0.16521057 0.06623878
v 0.03100895 0.16707855 0.06583803
v 0.03100895 0.16707855 0.06583803
v 0.03300886 0.16521057 0.06623878
v 0.03003092 0.16812573 0.06615841
v 0.02779475 0.16991031 0.06583677
v 0.03003092 0.16812573 0.06615841
v 0.02669017 0.17088430 0.06615882
v 0.02432615 0.17244447 0.06587408
v 0.02669017 0.17088430 0.06615882
v 0.02320227 0.17329276 0.06623911
v 0.02432615 0.17244447 0.06587408
v 0.02320227 0.17329276 0.06623911
v 0.02056749 0.17462865 0.06584473
v 0.02056749 0.17462865 0.06584473
v 0.02320227 0.17329276 0.06623911
v 0.01951134 0.17525133 0.06614397
v 0.02056749 0.17462865 0.06584473
v 0.01951134 0.17525133 0.06614397
v 0.01669621 0.17640561 0.06583649
v 0.01669621 0.17640561 0.06583649
v 0.01951134 0.17525133 0.06614397
v 0.01559213 0.17697691 0.06623535
v 0.01264360 0.17782280 0.06583683
v 0.01559213 0.17697691 0.06623535
v 0.01150924 0.17828768 0.06624039
v 0.01264360 0.17782280 0.06583683
v 0.01150924 0.17828768 0.06624039
v 0.00846951 0.17886438 0.06587552
v 0.00846951 0.17886438 0.06587552
v 0.01150924 0.17828768 0.06624039
v 0.00733946 0.17918458 0.06623702
v 0.00846951 0.17886438 0.06587552
v 0.00733946 0.17918458 0.06623702
v 0.00416787 0.17946267 0.06583800
v 0.00416787 0.17946267 0.06583800
v 0.00733946 0.17918458 0.06623702
v 0.00313068 0.17966037 0.06619249
v 0.00416787 0.17946267 0.06583800
v 0.00313068 0.17966037 0.06619249
v -0.00009866 0.17967467 0.06587160
v -0.00009866 0.17967467 0.06587160
v 0.00313068 0.17966037 0.06619249
v -0.00109265 0.17973776 0.06615647
v -0.00437043 0.17944257 0.06583765
v -0.00109265 0.17973776 0.06615647
v -0.00534115 0.17944938 0.06619280
v -0.00437043 0.17944257 0.06583765
v -0.00534115 0.17944938 0.06619280
v -0.00866323 0.17882507 0.06587285
v -0.00866323 0.17882507 0.06587285
v -0.00534115 0.17944938 0.06619280
v -0.00946984 0.17874458 0.06618170
v -0.01282703 0.17778669 0.06587070
v -0.00946984 0.17874458 0.06618170
v -0.01361082 0.17763848 0.06618721
v -0.01683541 0.17630981 0.06578676
v -0.01361082 0.17763848 0.06618721
v -0.01761328 0.17617631 0.06624097
v -0.01683541 0.17630981 0.06578676
v -0.01761328 0.17617631 0.06624097
v -0.02077013 0.17453723 0.06587572
v -0.02077013 0.17453723 0.06587572
v -0.01761328 0.17617631 0.06624097
v -0.02147370 0.17428834 0.06623727
v -0.02077013 0.17453723 0.06587572
v -0.02147370 0.17428834 0.06623727
v -0.02444107 0.17229996 0.06578627
v -0.02444107 0.17229996 0.06578627
v -0.02147370 0.17428834 0.06623727
v -0.02501298 0.17212676 0.06623784
v -0.02795700 0.16980339 0.06587024
v -0.02501298 0.17212676 0.06623784
v -0.02845597 0.16954329 0.06622685
v -0.02795700 0.16980339 0.06587024
v -0.02845597 0.16954329 0.06622685
v -0.03116907 0.16694663 0.06587140
v -0.03116907 0.16694663 0.06587140
v -0.02845597 0.16954329 0.06622685
v -0.03162397 0.16666223 0.06623858
v -0.03116907 0.16694663 0.06587140
v -0.03162397 0.16666223 0.06623858
v -0.03404423 0.16376007 0.06578631
v -0.03404423 0.16376007 0.06578631
v -0.03162397 0.16666223 0.06623858
v -0.03442206 0.16357997 0.06623920
v -0.03664633 0.16034181 0.06578637
v -0.03442206 0.16357997 0.06623920
v -0.03696860 0.16013701 0.06619329
v -0.03664633 0.16034181 0.06578637
v -0.03696860 0.16013701 0.06619329
v -0.03896216 0.15670135 0.06587001
v -0.03896216 0.15670135 0.06587001
v -0.03696860 0.16013701 0.06619329
v -0.03920327 0.15651996 0.06624200
v -0.03896216 0.15670135 0.06587001
v -0.03920327 0.15651996 0.06624200
v -0.04085963 0.15284830 0.06587333
v -0.04085963 0.15284830 0.06587333
v -0.03920327 0.15651996 0.06624200
v -0.04107367 0.15264571 0.06623867
v -0.04085963 0.15284830 0.06587333
v -0.04107367 0.15264571 0.06623867
v -0.04238546 0.14879536 0.06587240
v -0.04238546 0.14879536 0.06587240
v -0.04107367 0.15264571 0.06623867
v -0.04252243 0.14875596 0.06623974
v -0.04238546 0.14879536 0.06587240
v -0.04252243 0.14875596 0.06623974
v -0.04344250 0.14466040 0.06578660
v -0.04344250 0.14466040 0.06578660
v -0.04252243 0.14875596 0.06623974
v -0.04363598 0.14461450 0.06624248
v -0.04344250 0.14466040 0.06578660
v -0.04363598 0.14461450 0.06624248
v -0.04421490 0.14041917 0.06587201
v -0.04421490 0.14041917 0.06587201
v -0.04363598 0.14461450 0.06624248
v -0.04433944 0.14037617 0.06623958
v -0.04421490 0.14041917 0.06587201
v -0.04433944 0.14037617 0.06623958
v -0.04451846 0.13610583 0.06587289
v -0.04451846 0.13610583 0.06587289
v -0.04433944 0.14037617 0.06623958
v -0.04463420 0.13623102 0.06624009
v -0.04451846 0.13610583 0.06587289
v -0.04463420 0.13623102 0.06624009
v -0.04434832 0.13183298 0.06578673
v -0.04434832 0.13183298 0.06578673
v -0.04463420 0.13623102 0.06624009
v -0.04453638 0.13194638 0.06624263
v -0.04434832 0.13183298 0.06578673
v -0.04453638 0.13194638 0.06624263
v -0.04387666 0.12755423 0.06587324
v -0.04387666 0.12755423 0.06587324
v -0.04453638 0.13194638 0.06624263
v -0.04401787 0.12767913 0.06623989
v -0.04387666 0.12755423 0.06587324
v -0.04401787 0.12767913 0.06623989
v -0.04293392 0.12333088 0.06587545
v -0.04293392 0.12333088 0.06587545
v -0.04401787 0.12767913 0.06623989
v -0.04313411 0.12362318 0.06623983
v -0.03981588 0.11533709 0.06578685
v -0.03762218 0.11157924 0.06576474
v -0.03951269 0.11548619 0.06583127
v -0.03981588 0.11533709 0.06578685
v -0.03951269 0.11548619 0.06583127
v -0.04133738 0.11922954 0.06575387
v -0.04366077 0.12743544 0.06574469
v -0.04261405 0.12340348 0.06579007
v -0.04345419 0.12757983 0.06589310
v -0.04366077 0.12743544 0.06574469
v -0.04345419 0.12757983 0.06589310
v -0.04401013 0.13184218 0.06583140
v -0.02945867 0.10174387 0.06589534
v -0.02603091 0.09903893 0.06584086
v -0.02932664 0.10179157 0.06576858
v -0.02945867 0.10174387 0.06589534
v -0.02932664 0.10179157 0.06576858
v -0.03252316 0.10473343 0.06587320
v -0.03252316 0.10473343 0.06587320
v -0.02932664 0.10179157 0.06576858
v -0.03239310 0.10479003 0.06576474
v -0.03252316 0.10473343 0.06587320
v -0.03239310 0.10479003 0.06576474
v -0.03528482 0.10800799 0.06584214
v -0.04279063 0.12332119 0.06576474
v -0.04133738 0.11922954 0.06575387
v -0.04261405 0.12340348 0.06579007
v -0.04279063 0.12332119 0.06576474
v -0.04261405 0.12340348 0.06579007
v -0.04366077 0.12743544 0.06574469
v -0.04432915 0.13596741 0.06574469
v -0.04401013 0.13184218 0.06583140
v -0.04409816 0.13614872 0.06589139
v -0.04432915 0.13596741 0.06574469
v -0.04409816 0.13614872 0.06589139
v -0.04389678 0.14034007 0.06579008
v -0.03776675 0.11155724 0.06587389
v -0.03528482 0.10800799 0.06584214
v -0.03762218 0.11157924 0.06576474
v -0.03776675 0.11155724 0.06587389
v -0.03762218 0.11157924 0.06576474
v -0.03981588 0.11533709 0.06578685
v -0.04157257 0.11923774 0.06584001
v -0.03981588 0.11533709 0.06578685
v -0.04133738 0.11922954 0.06575387
v -0.04157257 0.11923774 0.06584001
v -0.04133738 0.11922954 0.06575387
v -0.04279063 0.12332119 0.06576474
v -0.04434832 0.13183298 0.06578673
v -0.04366077 0.12743544 0.06574469
v -0.04401013 0.13184218 0.06583140
v -0.04434832 0.13183298 0.06578673
v -0.04401013 0.13184218 0.06583140
v -0.04432915 0.13596741 0.06574469
v -0.04057921 0.15267531 0.06579008
v -0.04196730 0.14872726 0.06589170
v -0.04048234 0.15264721 0.06592682
v -0.04057921 0.15267531 0.06579008
v -0.04048234 0.15264721 0.06592682
v -0.03861843 0.15645825 0.06589354
v -0.04224385 0.14860896 0.06574469
v -0.04311851 0.14456140 0.06583136
v -0.04196730 0.14872726 0.06589170
v -0.04224385 0.14860896 0.06574469
v -0.04196730 0.14872726 0.06589170
v -0.04057921 0.15267531 0.06579008
v -0.04293392 0.12333088 0.06587545
v -0.04157257 0.11923774 0.06584001
v -0.04279063 0.12332119 0.06576474
v -0.04293392 0.12333088 0.06587545
v -0.04279063 0.12332119 0.06576474
v -0.04366077 0.12743544 0.06574469
v -0.04344250 0.14466040 0.06578660
v -0.04409136 0.14033036 0.06576474
v -0.04311851 0.14456140 0.06583136
v -0.04344250 0.14466040 0.06578660
v -0.04311851 0.14456140 0.06583136
v -0.04224385 0.14860896 0.06574469
v -0.03887064 0.15647426 0.06574469
v -0.04057921 0.15267531 0.06579008
v -0.03861843 0.15645825 0.06589354
v -0.03887064 0.15647426 0.06574469
v -0.03861843 0.15645825 0.06589354
v -0.03638297 0.16012991 0.06583131
v -0.03387295 0.16354686 0.06579008
v -0.03638297 0.16012991 0.06583131
v -0.03376694 0.16351657 0.06592858
v -0.03387295 0.16354686 0.06579008
v -0.03376694 0.16351657 0.06592858
v -0.03090917 0.16665212 0.06583046
v -0.04387666 0.12755423 0.06587324
v -0.04293392 0.12333088 0.06587545
v -0.04366077 0.12743544 0.06574469
v -0.04387666 0.12755423 0.06587324
v -0.04366077 0.12743544 0.06574469
v -0.04434832 0.13183298 0.06578673
v -0.04451846 0.13610583 0.06587289
v -0.04434832 0.13183298 0.06578673
v -0.04432915 0.13596741 0.06574469
v -0.04451846 0.13610583 0.06587289
v -0.04432915 0.13596741 0.06574469
v -0.04409136 0.14033036 0.06576474
v -0.04238546 0.14879536 0.06587240
v -0.04344250 0.14466040 0.06578660
v -0.04224385 0.14860896 0.06574469
v -0.04238546 0.14879536 0.06587240
v -0.04224385 0.14860896 0.06574469
v -0.04076841 0.15272181 0.06576474
v -0.03113168 0.16679783 0.06576474
v -0.03404423 0.16376007 0.06578631
v -0.03090917 0.16665212 0.06583046
v -0.03113168 0.16679783 0.06576474
v -0.03090917 0.16665212 0.06583046
v -0.02795884 0.16955779 0.06574469
v -0.02078156 0.17437833 0.06576474
v -0.02444107 0.17229996 0.06578627
v -0.02066317 0.17422364 0.06579007
v -0.02078156 0.17437833 0.06576474
v -0.02066317 0.17422364 0.06579007
v -0.01674841 0.17598071 0.06583117
v -0.00876521 0.17860937 0.06574469
v -0.01291896 0.17756059 0.06574469
v -0.00854781 0.17842139 0.06589078
v -0.00876521 0.17860937 0.06574469
v -0.00854781 0.17842139 0.06589078
v -0.00447884 0.17917507 0.06575541
v -0.01282703 0.17778669 0.06587070
v -0.01683541 0.17630981 0.06578676
v -0.01291896 0.17756059 0.06574469
v -0.01282703 0.17778669 0.06587070
v -0.01291896 0.17756059 0.06574469
v -0.00876521 0.17860937 0.06574469
v -0.00437043 0.17944257 0.06583765
v -0.00876521 0.17860937 0.06574469
v -0.00447884 0.17917507 0.06575541
v -0.00437043 0.17944257 0.06583765
v -0.00447884 0.17917507 0.06575541
v -0.00025186 0.17948377 0.06574469
v 0.00836265 0.17874788 0.06576474
v 0.00406341 0.17921537 0.06575541
v 0.00835823 0.17855309 0.06579008
v 0.00836265 0.17874788 0.06576474
v 0.00835823 0.17855309 0.06579008
v 0.01245427 0.17761370 0.06575541
v 0.02754850 0.16978220 0.06575541
v 0.02405127 0.17212168 0.06589323
v 0.02753382 0.16959931 0.06592814
v 0.02754850 0.16978220 0.06575541
v 0.02753382 0.16959931 0.06592814
v 0.03074171 0.16676945 0.06592894
v -0.00946984 0.17874458 0.06618170
v -0.01282703 0.17778669 0.06587070
v -0.00866323 0.17882507 0.06587285
v -0.00009866 0.17967467 0.06587160
v -0.00437043 0.17944257 0.06583765
v -0.00025186 0.17948377 0.06574469
v -0.00009866 0.17967467 0.06587160
v -0.00025186 0.17948377 0.06574469
v 0.00416787 0.17946267 0.06583800
v -0.00109265 0.17973776 0.06615647
v -0.00437043 0.17944257 0.06583765
v -0.00009866 0.17967467 0.06587160
v 0.00846951 0.17886438 0.06587552
v 0.00416787 0.17946267 0.06583800
v 0.00836265 0.17874788 0.06576474
v 0.00846951 0.17886438 0.06587552
v 0.00836265 0.17874788 0.06576474
v 0.01264360 0.17782280 0.06583683
v 0.01669621 0.17640561 0.06583649
v 0.01264360 0.17782280 0.06583683
v 0.01649505 0.17625832 0.06575387
v 0.01669621 0.17640561 0.06583649
v 0.01649505 0.17625832 0.06575387
v 0.02038111 0.17442975 0.06575541
v 0.03632662 0.16049613 0.06575387
v 0.03366137 0.16369279 0.06583030
v 0.03625416 0.16027084 0.06589344
v 0.03632662 0.16049613 0.06575387
v 0.03625416 0.16027084 0.06589344
v 0.03852347 0.15663238 0.06589168
v 0.04046985 0.15292613 0.06579008
v 0.03852347 0.15663238 0.06589168
v 0.04038276 0.15287533 0.06592695
v 0.04046985 0.15292613 0.06579008
v 0.04038276 0.15287533 0.06592695
v 0.04190832 0.14888608 0.06592685
v 0.02056749 0.17462865 0.06584473
v 0.01669621 0.17640561 0.06583649
v 0.02038111 0.17442975 0.06575541
v 0.02056749 0.17462865 0.06584473
v 0.02038111 0.17442975 0.06575541
v 0.02408605 0.17237147 0.06574469
v 0.03860350 0.15687177 0.06575387
v 0.03632662 0.16049613 0.06575387
v 0.03852347 0.15663238 0.06589168
v 0.03860350 0.15687177 0.06575387
v 0.03852347 0.15663238 0.06589168
v 0.04046985 0.15292613 0.06579008
v 0.04202356 0.14902149 0.06575541
v 0.04046985 0.15292613 0.06579008
v 0.04190832 0.14888608 0.06592685
v 0.04202356 0.14902149 0.06575541
v 0.04190832 0.14888608 0.06592685
v 0.04305307 0.14473623 0.06589397
v 0.02779475 0.16991031 0.06583677
v 0.02408605 0.17237147 0.06574469
v 0.02754850 0.16978220 0.06575541
v 0.02779475 0.16991031 0.06583677
v 0.02754850 0.16978220 0.06575541
v 0.03076259 0.16696165 0.06575541
v 0.04390616 0.14068909 0.06575541
v 0.04305307 0.14473623 0.06589397
v 0.04376918 0.14055579 0.06592836
v 0.04390616 0.14068909 0.06575541
v 0.04376918 0.14055579 0.06592836
v 0.04409157 0.13620465 0.06593699
v 0.01559213 0.17697691 0.06623535
v 0.01264360 0.17782280 0.06583683
v 0.01669621 0.17640561 0.06583649
v 0.02432615 0.17244447 0.06587408
v 0.02056749 0.17462865 0.06584473
v 0.02408605 0.17237147 0.06574469
v 0.02432615 0.17244447 0.06587408
v 0.02408605 0.17237147 0.06574469
v 0.02779475 0.16991031 0.06583677
v 0.03100895 0.16707855 0.06583803
v 0.02779475 0.16991031 0.06583677
v 0.03076259 0.16696165 0.06575541
v 0.03100895 0.16707855 0.06583803
v 0.03076259 0.16696165 0.06575541
v 0.03382192 0.16390499 0.06576474
v 0.04320350 0.14492623 0.06575387
v 0.04202356 0.14902149 0.06575541
v 0.04305307 0.14473623 0.06589397
v 0.04320350 0.14492623 0.06575387
v 0.04305307 0.14473623 0.06589397
v 0.04390616 0.14068909 0.06575541
v 0.04418625 0.13635265 0.06579008
v 0.04390616 0.14068909 0.06575541
v 0.04409157 0.13620465 0.06593699
v 0.04418625 0.13635265 0.06579008
v 0.04409157 0.13620465 0.06593699
v 0.04399644 0.13204071 0.06589959
v 0.03657282 0.16051352 0.06583697
v 0.03382192 0.16390499 0.06576474
v 0.03632662 0.16049613 0.06575387
v 0.03657282 0.16051352 0.06583697
v 0.03632662 0.16049613 0.06575387
v 0.03860350 0.15687177 0.06575387
v 0.04230088 0.14899288 0.06583748
v 0.04063268 0.15303312 0.06576474
v 0.04202356 0.14902149 0.06575541
v 0.04230088 0.14899288 0.06583748
v 0.04202356 0.14902149 0.06575541
v 0.04320350 0.14492623 0.06575387
v 0.04437741 0.13639024 0.06576474
v 0.04390616 0.14068909 0.06575541
v 0.04418625 0.13635265 0.06579008
v 0.04437741 0.13639024 0.06576474
v 0.04418625 0.13635265 0.06579008
v 0.04419567 0.13216410 0.06575387
v 0.04287974 0.12364891 0.06576474
v 0.04370137 0.12791246 0.06575387
v 0.04268581 0.12366741 0.06579008
v 0.04287974 0.12364891 0.06576474
v 0.04268581 0.12366741 0.06579008
v 0.04145214 0.11965016 0.06575541
v 0.04165540 0.11946886 0.06583719
v 0.04287974 0.12364891 0.06576474
v 0.04145214 0.11965016 0.06575541
v 0.04165540 0.11946886 0.06583719
v 0.04145214 0.11965016 0.06575541
v 0.03980776 0.11571832 0.06575387
v 0.03537795 0.10832801 0.06576474
v 0.03770237 0.11197476 0.06575541
v 0.03513751 0.10844161 0.06583074
v 0.03537795 0.10832801 0.06576474
v 0.03513751 0.10844161 0.06583074
v 0.03258982 0.10514675 0.06575387
v 0.01883793 0.09510293 0.06575541
v 0.02248074 0.09719906 0.06589405
v 0.01867660 0.09519486 0.06592678
v 0.01883793 0.09510293 0.06575541
v 0.01867660 0.09519486 0.06592678
v 0.01473268 0.09357890 0.06592702
v 0.02623174 0.09933165 0.06576474
v 0.02954218 0.10214139 0.06575387
v 0.02609220 0.09946763 0.06579008
v 0.02623174 0.09933165 0.06576474
v 0.02609220 0.09946763 0.06579008
v 0.02265032 0.09708043 0.06575387
v 0.00660055 0.09138831 0.06575541
v 0.01069504 0.09235601 0.06589338
v 0.00647611 0.09152350 0.06592801
v 0.00660055 0.09138831 0.06575541
v 0.00647611 0.09152350 0.06592801
v 0.00222099 0.09110177 0.06592871
v -0.00618796 0.09132805 0.06575541
v -0.00199894 0.09099032 0.06579009
v -0.00626350 0.09149250 0.06592816
v -0.00618796 0.09132805 0.06575541
v -0.00626350 0.09149250 0.06592816
v -0.01050135 0.09230660 0.06589167
v 0.03446030 0.10677232 0.06623427
v 0.03544684 0.10819771 0.06587430
v 0.03267073 0.10492165 0.06583704
v 0.02625401 0.09918079 0.06587562
v 0.02963634 0.10194709 0.06583517
v 0.02623174 0.09933165 0.06576474
v 0.02625401 0.09918079 0.06587562
v 0.02623174 0.09933165 0.06576474
v 0.02266623 0.09684340 0.06583683
v 0.01887623 0.09483931 0.06583756
v 0.02266623 0.09684340 0.06583683
v 0.01883793 0.09510293 0.06575541
v 0.01887623 0.09483931 0.06583756
v 0.01883793 0.09510293 0.06575541
v 0.01488504 0.09347173 0.06575541
v -0.01454217 0.09340565 0.06579007
v -0.01050135 0.09230660 0.06589167
v -0.01451914 0.09350377 0.06592711
v -0.01454217 0.09340565 0.06579007
v -0.01451914 0.09350377 0.06592711
v -0.01845803 0.09508772 0.06589373
v 0.01493231 0.09320869 0.06584613
v 0.01887623 0.09483931 0.06583756
v 0.01488504 0.09347173 0.06575541
v 0.01493231 0.09320869 0.06584613
v 0.01488504 0.09347173 0.06575541
v 0.01085464 0.09216043 0.06574469
v -0.01036590 0.09203993 0.06574469
v -0.00618796 0.09132805 0.06575541
v -0.01050135 0.09230660 0.06589167
v -0.01036590 0.09203993 0.06574469
v -0.01050135 0.09230660 0.06589167
v -0.01454217 0.09340565 0.06579007
v 0.02508235 0.09824143 0.06621145
v 0.02625401 0.09918079 0.06587562
v 0.02266623 0.09684340 0.06583683
v 0.00655681 0.09112494 0.06583671
v 0.01085464 0.09216043 0.06574469
v 0.00660055 0.09138831 0.06575541
v 0.00655681 0.09112494 0.06583671
v 0.00660055 0.09138831 0.06575541
v 0.00234636 0.09095553 0.06575541
v -0.01845487 0.09483453 0.06574469
v -0.01454217 0.09340565 0.06579007
v -0.01845803 0.09508772 0.06589373
v -0.01845487 0.09483453 0.06574469
v -0.01845803 0.09508772 0.06589373
v -0.02228167 0.09705113 0.06583124
v -0.02584319 0.09922296 0.06575541
v -0.02228167 0.09705113 0.06583124
v -0.02584649 0.09941323 0.06592817
v -0.02584319 0.09922296 0.06575541
v -0.02584649 0.09941323 0.06592817
v -0.02914803 0.10205207 0.06593028
v 0.02143403 0.09600359 0.06621643
v 0.02266623 0.09684340 0.06583683
v 0.01887623 0.09483931 0.06583756
v 0.01076951 0.09194216 0.06587294
v 0.01493231 0.09320869 0.06584613
v 0.01085464 0.09216043 0.06574469
v 0.01076951 0.09194216 0.06587294
v 0.01085464 0.09216043 0.06574469
v 0.00655681 0.09112494 0.06583671
v 0.00231028 0.09069502 0.06584050
v 0.00655681 0.09112494 0.06583671
v 0.00234636 0.09095553 0.06575541
v 0.00231028 0.09069502 0.06584050
v 0.00234636 0.09095553 0.06575541
v -0.00200224 0.09072202 0.06578657
v -0.02920938 0.10197107 0.06579007
v -0.02584319 0.09922296 0.06575541
v -0.02914803 0.10205207 0.06593028
v -0.02920938 0.10197107 0.06579007
v -0.02914803 0.10205207 0.06593028
v -0.03222113 0.10503442 0.06592823
v -0.00630756 0.09108910 0.06583616
v -0.00200224 0.09072202 0.06578657
v -0.00618796 0.09132805 0.06575541
v -0.00630756 0.09108910 0.06583616
v -0.00618796 0.09132805 0.06575541
v -0.01036590 0.09203993 0.06574469
v -0.01052961 0.09188243 0.06587294
v -0.00630756 0.09108910 0.06583616
v -0.01036590 0.09203993 0.06574469
v -0.01052961 0.09188243 0.06587294
v -0.01036590 0.09203993 0.06574469
v -0.01457484 0.09321360 0.06576474
v -0.02932664 0.10179157 0.06576858
v -0.02584319 0.09922296 0.06575541
v -0.02920938 0.10197107 0.06579007
v -0.02932664 0.10179157 0.06576858
v -0.02920938 0.10197107 0.06579007
v -0.03227501 0.10494503 0.06579007
v -0.03747651 0.11170854 0.06579007
v -0.03747651 0.11170854 0.06579007
v -0.03762218 0.11157924 0.06576474
v -0.03505968 0.10807409 0.06575387
v -0.04379575 0.14033546 0.06592872
v -0.04311851 0.14456140 0.06583136
v -0.04389678 0.14034007 0.06579008
v -0.04379575 0.14033546 0.06592872
v -0.04389678 0.14034007 0.06579008
v -0.04409816 0.13614872 0.06589139
v -0.03505968 0.10807409 0.06575387
v -0.03762218 0.11157924 0.06576474
v -0.03528482 0.10800799 0.06584214
v -0.03505968 0.10807409 0.06575387
v -0.03528482 0.10800799 0.06584214
v -0.03239310 0.10479003 0.06576474
v -0.01865446 0.09471726 0.06587088
v -0.02239864 0.09672867 0.06578674
v -0.01945001 0.09499246 0.06618770
v -0.04389678 0.14034007 0.06579008
v -0.04389678 0.14034007 0.06579008
v -0.04409136 0.14033036 0.06576474
v -0.04432915 0.13596741 0.06574469
v -0.04057921 0.15267531 0.06579008
v -0.03887064 0.15647426 0.06574469
v -0.04076841 0.15272181 0.06576474
v -0.04057921 0.15267531 0.06579008
v -0.04076841 0.15272181 0.06576474
v -0.04224385 0.14860896 0.06574469
v -0.04421490 0.14041917 0.06587201
v -0.04451846 0.13610583 0.06587289
v -0.04409136 0.14033036 0.06576474
v -0.04421490 0.14041917 0.06587201
v -0.04409136 0.14033036 0.06576474
v -0.04344250 0.14466040 0.06578660
v -0.03664633 0.16034181 0.06578637
v -0.03638297 0.16012991 0.06583131
v -0.03664633 0.16034181 0.06578637
v -0.03638297 0.16012991 0.06583131
v -0.03387295 0.16354686 0.06579008
v -0.02795884 0.16955779 0.06574469
v -0.03090917 0.16665212 0.06583046
v -0.02770325 0.16946720 0.06589764
v -0.02795884 0.16955779 0.06574469
v -0.02770325 0.16946720 0.06589764
v -0.02425772 0.17202095 0.06582911
v -0.02066317 0.17422364 0.06579007
v -0.02425772 0.17202095 0.06582911
v -0.02060771 0.17413943 0.06592731
v -0.02066317 0.17422364 0.06579007
v -0.02060771 0.17413943 0.06592731
v -0.01674841 0.17598071 0.06583117
v -0.03387295 0.16354686 0.06579008
v -0.03090917 0.16665212 0.06583046
v -0.03404423 0.16376007 0.06578631
v -0.03387295 0.16354686 0.06579008
v -0.03404423 0.16376007 0.06578631
v -0.03664633 0.16034181 0.06578637
v -0.04085963 0.15284830 0.06587333
v -0.04238546 0.14879536 0.06587240
v -0.04076841 0.15272181 0.06576474
v -0.04085963 0.15284830 0.06587333
v -0.04076841 0.15272181 0.06576474
v -0.03887064 0.15647426 0.06574469
v -0.00438452 0.17903057 0.06593055
v -0.00013378 0.17925547 0.06589384
v -0.00447884 0.17917507 0.06575541
v -0.00438452 0.17903057 0.06593055
v -0.00447884 0.17917507 0.06575541
v -0.00854781 0.17842139 0.06589078
v -0.01268082 0.17739369 0.06589386
v -0.00854781 0.17842139 0.06589078
v -0.01291896 0.17756059 0.06574469
v -0.01268082 0.17739369 0.06589386
v -0.01291896 0.17756059 0.06574469
v -0.01674841 0.17598071 0.06583117
v -0.02425772 0.17202095 0.06582911
v -0.02444107 0.17229996 0.06578627
v -0.02425772 0.17202095 0.06582911
v -0.02444107 0.17229996 0.06578627
v -0.02795884 0.16955779 0.06574469
v -0.03887064 0.15647426 0.06574469
v -0.03664633 0.16034181 0.06578637
v -0.03896216 0.15670135 0.06587001
v -0.03887064 0.15647426 0.06574469
v -0.03896216 0.15670135 0.06587001
v -0.04085963 0.15284830 0.06587333
v -0.01683541 0.17630981 0.06578676
v -0.01674841 0.17598071 0.06583117
v -0.01683541 0.17630981 0.06578676
v -0.01674841 0.17598071 0.06583117
v -0.01291896 0.17756059 0.06574469
v 0.00406341 0.17921537 0.06575541
v -0.00013378 0.17925547 0.06589384
v 0.00416070 0.17905488 0.06592417
v 0.00406341 0.17921537 0.06575541
v 0.00416070 0.17905488 0.06592417
v 0.00834683 0.17845278 0.06592814
v -0.03116907 0.16694663 0.06587140
v -0.03404423 0.16376007 0.06578631
v -0.03113168 0.16679783 0.06576474
v -0.03116907 0.16694663 0.06587140
v -0.03113168 0.16679783 0.06576474
v -0.02795884 0.16955779 0.06574469
v -0.00025186 0.17948377 0.06574469
v -0.00447884 0.17917507 0.06575541
v -0.00013378 0.17925547 0.06589384
v -0.00025186 0.17948377 0.06574469
v -0.00013378 0.17925547 0.06589384
v 0.00406341 0.17921537 0.06575541
v 0.00835823 0.17855309 0.06579008
v 0.00406341 0.17921537 0.06575541
v 0.00834683 0.17845278 0.06592814
v 0.00835823 0.17855309 0.06579008
v 0.00834683 0.17845278 0.06592814
v 0.01250293 0.17744091 0.06592772
v 0.01250293 0.17744091 0.06592772
v 0.01656812 0.17602592 0.06589358
v 0.01245427 0.17761370 0.06575541
v 0.01250293 0.17744091 0.06592772
v 0.01245427 0.17761370 0.06575541
v 0.00835823 0.17855309 0.06579008
v -0.02795884 0.16955779 0.06574469
v -0.02444107 0.17229996 0.06578627
v -0.02795700 0.16980339 0.06587024
v -0.02795884 0.16955779 0.06574469
v -0.02795700 0.16980339 0.06587024
v -0.03116907 0.16694663 0.06587140
v -0.03664633 0.16034181 0.06578637
v -0.03404423 0.16376007 0.06578631
v -0.03442206 0.16357997 0.06623920
v -0.02077013 0.17453723 0.06587572
v -0.02444107 0.17229996 0.06578627
v -0.02078156 0.17437833 0.06576474
v -0.02077013 0.17453723 0.06587572
v -0.02078156 0.17437833 0.06576474
v -0.01683541 0.17630981 0.06578676
v 0.02038111 0.17442975 0.06575541
v 0.01656812 0.17602592 0.06589358
v 0.02040743 0.17424454 0.06592724
v 0.02038111 0.17442975 0.06575541
v 0.02040743 0.17424454 0.06592724
v 0.02405127 0.17212168 0.06589323
v 0.01656812 0.17602592 0.06589358
v 0.02038111 0.17442975 0.06575541
v 0.01649505 0.17625832 0.06575387
v 0.01656812 0.17602592 0.06589358
v 0.01649505 0.17625832 0.06575387
v 0.01245427 0.17761370 0.06575541
v -0.02795700 0.16980339 0.06587024
v -0.02444107 0.17229996 0.06578627
v -0.02501298 0.17212676 0.06623784
v -0.00866323 0.17882507 0.06587285
v -0.01282703 0.17778669 0.06587070
v -0.00876521 0.17860937 0.06574469
v -0.00866323 0.17882507 0.06587285
v -0.00876521 0.17860937 0.06574469
v -0.00437043 0.17944257 0.06583765
v 0.02408605 0.17237147 0.06574469
v 0.02038111 0.17442975 0.06575541
v 0.02405127 0.17212168 0.06589323
v 0.02408605 0.17237147 0.06574469
v 0.02405127 0.17212168 0.06589323
v 0.02754850 0.16978220 0.06575541
v 0.03076259 0.16696165 0.06575541
v 0.02754850 0.16978220 0.06575541
v 0.03074171 0.16676945 0.06592894
v 0.03076259 0.16696165 0.06575541
v 0.03074171 0.16676945 0.06592894
v 0.03366137 0.16369279 0.06583030
v 0.00406341 0.17921537 0.06575541
v 0.00836265 0.17874788 0.06576474
v 0.00416787 0.17946267 0.06583800
v 0.00406341 0.17921537 0.06575541
v 0.00416787 0.17946267 0.06583800
v -0.00025186 0.17948377 0.06574469
v -0.01683541 0.17630981 0.06578676
v -0.01282703 0.17778669 0.06587070
v -0.01361082 0.17763848 0.06618721
v 0.01245427 0.17761370 0.06575541
v 0.01649505 0.17625832 0.06575387
v 0.01264360 0.17782280 0.06583683
v 0.01245427 0.17761370 0.06575541
v 0.01264360 0.17782280 0.06583683
v 0.00836265 0.17874788 0.06576474
v 0.03366137 0.16369279 0.06583030
v 0.03632662 0.16049613 0.06575387
v 0.03382192 0.16390499 0.06576474
v 0.03366137 0.16369279 0.06583030
v 0.03382192 0.16390499 0.06576474
v 0.03076259 0.16696165 0.06575541
v 0.04046985 0.15292613 0.06579008
v 0.04202356 0.14902149 0.06575541
v 0.04063268 0.15303312 0.06576474
v 0.04046985 0.15292613 0.06579008
v 0.04063268 0.15303312 0.06576474
v 0.03860350 0.15687177 0.06575387
v 0.02669017 0.17088430 0.06615882
v 0.02432615 0.17244447 0.06587408
v 0.02779475 0.16991031 0.06583677
v 0.03397487 0.16392888 0.06587237
v 0.03100895 0.16707855 0.06583803
v 0.03382192 0.16390499 0.06576474
v 0.03397487 0.16392888 0.06587237
v 0.03382192 0.16390499 0.06576474
v 0.03657282 0.16051352 0.06583697
v 0.03884907 0.15686777 0.06583710
v 0.03657282 0.16051352 0.06583697
v 0.03860350 0.15687177 0.06575387
v 0.03884907 0.15686777 0.06583710
v 0.03860350 0.15687177 0.06575387
v 0.04063268 0.15303312 0.06576474
v 0.04419567 0.13216410 0.06575387
v 0.04418625 0.13635265 0.06579008
v 0.04399644 0.13204071 0.06589959
v 0.04419567 0.13216410 0.06575387
v 0.04399644 0.13204071 0.06589959
v 0.04348968 0.12777996 0.06589161
v 0.04268581 0.12366741 0.06579008
v 0.04348968 0.12777996 0.06589161
v 0.04258651 0.12368491 0.06592756
v 0.04268581 0.12366741 0.06579008
v 0.04258651 0.12368491 0.06592756
v 0.04127678 0.11961526 0.06592743
v 0.04127678 0.11961526 0.06592743
v 0.03957088 0.11566291 0.06589378
v 0.04145214 0.11965016 0.06575541
v 0.04127678 0.11961526 0.06592743
v 0.04145214 0.11965016 0.06575541
v 0.04268581 0.12366741 0.06579008
v 0.04348968 0.12777996 0.06589161
v 0.04268581 0.12366741 0.06579008
v 0.04370137 0.12791246 0.06575387
v 0.04348968 0.12777996 0.06589161
v 0.04370137 0.12791246 0.06575387
v 0.04419567 0.13216410 0.06575387
v 0.02779475 0.16991031 0.06583677
v 0.03100895 0.16707855 0.06583803
v 0.03003092 0.16812573 0.06615841
v 0.04079287 0.15301513 0.06588335
v 0.03884907 0.15686777 0.06583710
v 0.04063268 0.15303312 0.06576474
v 0.04079287 0.15301513 0.06588335
v 0.04063268 0.15303312 0.06576474
v 0.04230088 0.14899288 0.06583748
v 0.04343728 0.14485374 0.06583718
v 0.04230088 0.14899288 0.06583748
v 0.04320350 0.14492623 0.06575387
v 0.04343728 0.14485374 0.06583718
v 0.04320350 0.14492623 0.06575387
v 0.04390616 0.14068909 0.06575541
v 0.03770237 0.11197476 0.06575541
v 0.03957088 0.11566291 0.06589378
v 0.03751425 0.11195976 0.06592772
v 0.03770237 0.11197476 0.06575541
v 0.03751425 0.11195976 0.06592772
v 0.03513751 0.10844161 0.06583074
v 0.03957088 0.11566291 0.06589378
v 0.03770237 0.11197476 0.06575541
v 0.03980776 0.11571832 0.06575387
v 0.03957088 0.11566291 0.06589378
v 0.03980776 0.11571832 0.06575387
v 0.04145214 0.11965016 0.06575541
v 0.04390616 0.14068909 0.06575541
v 0.04437741 0.13639024 0.06576474
v 0.04416982 0.14066169 0.06584079
v 0.04390616 0.14068909 0.06575541
v 0.04416982 0.14066169 0.06584079
v 0.04343728 0.14485374 0.06583718
v 0.03657282 0.16051352 0.06583697
v 0.03884907 0.15686777 0.06583710
v 0.03810514 0.15838666 0.06621900
v 0.04439923 0.13203120 0.06583723
v 0.04437741 0.13639024 0.06576474
v 0.04419567 0.13216410 0.06575387
v 0.04439923 0.13203120 0.06583723
v 0.04419567 0.13216410 0.06575387
v 0.04370137 0.12791246 0.06575387
v 0.04306774 0.14676111 0.06616291
v 0.04230088 0.14899288 0.06583748
v 0.04343728 0.14485374 0.06583718
v 0.04451424 0.13631815 0.06587562
v 0.04416982 0.14066169 0.06584079
v 0.04437741 0.13639024 0.06576474
v 0.04451424 0.13631815 0.06587562
v 0.04437741 0.13639024 0.06576474
v 0.04439923 0.13203120 0.06583723
v 0.04389519 0.12777636 0.06583815
v 0.04439923 0.13203120 0.06583723
v 0.04370137 0.12791246 0.06575387
v 0.04389519 0.12777636 0.06583815
v 0.04370137 0.12791246 0.06575387
v 0.04287974 0.12364891 0.06576474
v 0.03258982 0.10514675 0.06575387
v 0.03513751 0.10844161 0.06583074
v 0.03235049 0.10516525 0.06589397
v 0.03258982 0.10514675 0.06575387
v 0.03235049 0.10516525 0.06589397
v 0.02929739 0.10217348 0.06589143
v 0.02609220 0.09946763 0.06579008
v 0.02929739 0.10217348 0.06589143
v 0.02602661 0.09954448 0.06592840
v 0.02609220 0.09946763 0.06579008
v 0.02602661 0.09954448 0.06592840
v 0.02248074 0.09719906 0.06589405
v 0.02929739 0.10217348 0.06589143
v 0.02609220 0.09946763 0.06579008
v 0.02954218 0.10214139 0.06575387
v 0.02929739 0.10217348 0.06589143
v 0.02954218 0.10214139 0.06575387
v 0.03258982 0.10514675 0.06575387
v 0.04462144 0.13412468 0.06623008
v 0.04451424 0.13631815 0.06587562
v 0.04439923 0.13203120 0.06583723
v 0.04298950 0.12353561 0.06587733
v 0.04389519 0.12777636 0.06583815
v 0.04287974 0.12364891 0.06576474
v 0.04298950 0.12353561 0.06587733
v 0.04287974 0.12364891 0.06576474
v 0.04165540 0.11946886 0.06583719
v 0.03995026 0.11552632 0.06583731
v 0.04165540 0.11946886 0.06583719
v 0.03980776 0.11571832 0.06575387
v 0.03995026 0.11552632 0.06583731
v 0.03980776 0.11571832 0.06575387
v 0.03770237 0.11197476 0.06575541
v 0.02265032 0.09708043 0.06575387
v 0.02609220 0.09946763 0.06579008
v 0.02248074 0.09719906 0.06589405
v 0.02265032 0.09708043 0.06575387
v 0.02248074 0.09719906 0.06589405
v 0.01883793 0.09510293 0.06575541
v 0.01488504 0.09347173 0.06575541
v 0.01883793 0.09510293 0.06575541
v 0.01473268 0.09357890 0.06592702
v 0.01488504 0.09347173 0.06575541
v 0.01473268 0.09357890 0.06592702
v 0.01069504 0.09235601 0.06589338
v 0.03770237 0.11197476 0.06575541
v 0.03537795 0.10832801 0.06576474
v 0.03789784 0.11179266 0.06584453
v 0.03770237 0.11197476 0.06575541
v 0.03789784 0.11179266 0.06584453
v 0.03995026 0.11552632 0.06583731
v 0.04439923 0.13203120 0.06583723
v 0.04389519 0.12777636 0.06583815
v 0.04428551 0.12984013 0.06615879
v 0.03267073 0.10492165 0.06583704
v 0.03537795 0.10832801 0.06576474
v 0.03258982 0.10514675 0.06575387
v 0.03267073 0.10492165 0.06583704
v 0.03258982 0.10514675 0.06575387
v 0.02954218 0.10214139 0.06575387
v 0.01085464 0.09216043 0.06574469
v 0.01488504 0.09347173 0.06575541
v 0.01069504 0.09235601 0.06589338
v 0.01085464 0.09216043 0.06574469
v 0.01069504 0.09235601 0.06589338
v 0.00660055 0.09138831 0.06575541
v 0.00234636 0.09095553 0.06575541
v 0.00660055 0.09138831 0.06575541
v 0.00222099 0.09110177 0.06592871
v 0.00234636 0.09095553 0.06575541
v 0.00222099 0.09110177 0.06592871
v -0.00200163 0.09109160 0.06592937
v -0.00200163 0.09109160 0.06592937
v -0.00626350 0.09149250 0.06592816
v -0.00199894 0.09099032 0.06579009
v -0.00200163 0.09109160 0.06592937
v -0.00199894 0.09099032 0.06579009
v 0.00234636 0.09095553 0.06575541
v 0.02954218 0.10214139 0.06575387
v 0.02623174 0.09933165 0.06576474
v 0.02963634 0.10194709 0.06583517
v 0.02954218 0.10214139 0.06575387
v 0.02963634 0.10194709 0.06583517
v 0.03267073 0.10492165 0.06583704
v 0.03537795 0.10832801 0.06576474
v 0.03267073 0.10492165 0.06583704
v 0.03544684 0.10819771 0.06587430
v 0.03537795 0.10832801 0.06576474
v 0.03544684 0.10819771 0.06587430
v 0.03789784 0.11179266 0.06584453
v 0.04165540 0.11946886 0.06583719
v 0.03995026 0.11552632 0.06583731
v 0.04104929 0.11760629 0.06623459
v 0.02265032 0.09708043 0.06575387
v 0.01883793 0.09510293 0.06575541
v 0.02266623 0.09684340 0.06583683
v 0.02265032 0.09708043 0.06575387
v 0.02266623 0.09684340 0.06583683
v 0.02623174 0.09933165 0.06576474
v -0.00199894 0.09099032 0.06579009
v -0.00618796 0.09132805 0.06575541
v -0.00200224 0.09072202 0.06578657
v -0.00199894 0.09099032 0.06579009
v -0.00200224 0.09072202 0.06578657
v 0.00234636 0.09095553 0.06575541
v -0.03222113 0.10503442 0.06592823
v -0.03501165 0.10831819 0.06589156
v -0.03227501 0.10494503 0.06579007
v -0.03222113 0.10503442 0.06592823
v -0.03227501 0.10494503 0.06579007
v -0.02920938 0.10197107 0.06579007
v -0.01454217 0.09340565 0.06579007
v -0.01845487 0.09483453 0.06574469
v -0.01457484 0.09321360 0.06576474
v -0.01454217 0.09340565 0.06579007
v -0.01457484 0.09321360 0.06576474
v -0.01036590 0.09203993 0.06574469
v 0.00954922 0.09153969 0.06623569
v 0.01076951 0.09194216 0.06587294
v 0.00655681 0.09112494 0.06583671
v -0.02239864 0.09672867 0.06578674
v -0.01845487 0.09483453 0.06574469
v -0.02228167 0.09705113 0.06583124
v -0.02239864 0.09672867 0.06578674
v -0.02228167 0.09705113 0.06583124
v -0.02584319 0.09922296 0.06575541
v -0.03747651 0.11170854 0.06579007
v -0.03501165 0.10831819 0.06589156
v -0.03739569 0.11176894 0.06592781
v -0.03747651 0.11170854 0.06579007
v -0.03739569 0.11176894 0.06592781
v -0.03951269 0.11548619 0.06583127
v -0.03501165 0.10831819 0.06589156
v -0.03747651 0.11170854 0.06579007
v -0.03505968 0.10807409 0.06575387
v -0.03501165 0.10831819 0.06589156
v -0.03505968 0.10807409 0.06575387
v -0.03227501 0.10494503 0.06579007
v -0.00312523 0.09061517 0.06623629
v -0.00200224 0.09072202 0.06578657
v -0.00630756 0.09108910 0.06583616
v -0.01468882 0.09311204 0.06587346
v -0.01052961 0.09188243 0.06587294
v -0.01457484 0.09321360 0.06576474
v -0.01468882 0.09311204 0.06587346
v -0.01457484 0.09321360 0.06576474
v -0.01845487 0.09483453 0.06574469
v -0.03239310 0.10479003 0.06576474
v -0.02932664 0.10179157 0.06576858
v -0.03227501 0.10494503 0.06579007
v -0.03239310 0.10479003 0.06576474
v -0.03227501 0.10494503 0.06579007
v -0.03505968 0.10807409 0.06575387
v -0.04261405 0.12340348 0.06579007
v -0.04121683 0.11944114 0.06589368
v -0.04252747 0.12346739 0.06592749
v -0.04261405 0.12340348 0.06579007
v -0.04252747 0.12346739 0.06592749
v -0.04345419 0.12757983 0.06589310
v -0.00734448 0.09114438 0.06617978
v -0.00630756 0.09108910 0.06583616
v -0.01052961 0.09188243 0.06587294
v -0.01865446 0.09471726 0.06587088
v -0.01468882 0.09311204 0.06587346
v -0.01845487 0.09483453 0.06574469
v -0.01865446 0.09471726 0.06587088
v -0.01845487 0.09483453 0.06574469
v -0.02239864 0.09672867 0.06578674
v -0.02603091 0.09903893 0.06584086
v -0.02239864 0.09672867 0.06578674
v -0.02584319 0.09922296 0.06575541
v -0.02603091 0.09903893 0.06584086
v -0.02584319 0.09922296 0.06575541
v -0.02932664 0.10179157 0.06576858
v -0.04133738 0.11922954 0.06575387
v -0.03951269 0.11548619 0.06583127
v -0.04121683 0.11944114 0.06589368
v -0.04133738 0.11922954 0.06575387
v -0.04121683 0.11944114 0.06589368
v -0.04261405 0.12340348 0.06579007
v 0.04368623 0.12914324 0.06656615
v 0.04348968 0.12777996 0.06589161
v 0.04399644 0.13204071 0.06589959
v 0.04368623 0.12914324 0.06656615
v 0.04399644 0.13204071 0.06589959
v 0.04409694 0.13514786 0.06656615
v 0.04246172 0.12325061 0.06656615
v 0.04258651 0.12368491 0.06592756
v 0.04368623 0.12914324 0.06656615
v 0.04368623 0.12914324 0.06656615
v 0.04258651 0.12368491 0.06592756
v 0.04348968 0.12777996 0.06589161
v 0.04258651 0.12368491 0.06592756
v 0.04246172 0.12325061 0.06656615
v 0.04127678 0.11961526 0.06592743
v 0.04127678 0.11961526 0.06592743
v 0.04246172 0.12325061 0.06656615
v 0.04044622 0.11757949 0.06656615
v 0.04127678 0.11961526 0.06592743
v 0.04044622 0.11757949 0.06656615
v 0.03957088 0.11566291 0.06589378
v 0.03957088 0.11566291 0.06589378
v 0.04044622 0.11757949 0.06656615
v 0.03767728 0.11223575 0.06656615
v 0.03957088 0.11566291 0.06589378
v 0.03767728 0.11223575 0.06656615
v 0.03751425 0.11195976 0.06592772
v 0.03420650 0.10731872 0.06656615
v 0.03235049 0.10516525 0.06589397
v 0.03513751 0.10844161 0.06583074
v 0.03420650 0.10731872 0.06656615
v 0.03513751 0.10844161 0.06583074
v 0.03767728 0.11223575 0.06656615
v 0.03767728 0.11223575 0.06656615
v 0.03513751 0.10844161 0.06583074
v 0.03751425 0.11195976 0.06592772
v 0.03235049 0.10516525 0.06589397
v 0.03420650 0.10731872 0.06656615
v 0.03009851 0.10292018 0.06656615
v 0.03235049 0.10516525 0.06589397
v 0.03009851 0.10292018 0.06656615
v 0.02929739 0.10217348 0.06589143
v 0.02542983 0.09912188 0.06656615
v 0.02602661 0.09954448 0.06592840
v 0.03009851 0.10292018 0.06656615
v 0.03009851 0.10292018 0.06656615
v 0.02602661 0.09954448 0.06592840
v 0.02929739 0.10217348 0.06589143
v 0.02602661 0.09954448 0.06592840
v 0.02542983 0.09912188 0.06656615
v 0.02248074 0.09719906 0.06589405
v 0.02248074 0.09719906 0.06589405
v 0.02542983 0.09912188 0.06656615
v 0.02028745 0.09599473 0.06656615
v 0.02248074 0.09719906 0.06589405
v 0.02028745 0.09599473 0.06656615
v 0.01867660 0.09519486 0.06592678
v 0.01867660 0.09519486 0.06592678
v 0.02028745 0.09599473 0.06656615
v 0.01476715 0.09359692 0.06656615
v 0.01867660 0.09519486 0.06592678
v 0.01476715 0.09359692 0.06656615
v 0.01473268 0.09357890 0.06592702
v 0.00897176 0.09197313 0.06656615
v 0.01069504 0.09235601 0.06589338
v 0.01476715 0.09359692 0.06656615
v 0.01476715 0.09359692 0.06656615
v 0.01069504 0.09235601 0.06589338
v 0.01473268 0.09357890 0.06592702
v 0.01069504 0.09235601 0.06589338
v 0.00897176 0.09197313 0.06656615
v 0.00647611 0.09152350 0.06592801
v 0.00647611 0.09152350 0.06592801
v 0.00897176 0.09197313 0.06656615
v 0.00300924 0.09115361 0.06656615
v 0.00647611 0.09152350 0.06592801
v 0.00300924 0.09115361 0.06656615
v 0.00222099 0.09110177 0.06592871
v -0.00300933 0.09115361 0.06656615
v -0.00200163 0.09109160 0.06592937
v 0.00300924 0.09115361 0.06656615
v 0.00300924 0.09115361 0.06656615
v -0.00200163 0.09109160 0.06592937
v 0.00222099 0.09110177 0.06592871
v -0.00200163 0.09109160 0.06592937
v -0.00300933 0.09115361 0.06656615
v -0.00626350 0.09149250 0.06592816
v -0.00626350 0.09149250 0.06592816
v -0.00300933 0.09115361 0.06656615
v -0.00897184 0.09197312 0.06656615
v -0.00626350 0.09149250 0.06592816
v -0.00897184 0.09197312 0.06656615
v -0.01050135 0.09230660 0.06589167
v -0.01476723 0.09359691 0.06656615
v -0.01451914 0.09350377 0.06592711
v -0.00897184 0.09197312 0.06656615
v -0.00897184 0.09197312 0.06656615
v -0.01451914 0.09350377 0.06592711
v -0.01050135 0.09230660 0.06589167
v -0.01451914 0.09350377 0.06592711
v -0.01476723 0.09359691 0.06656615
v -0.01845803 0.09508772 0.06589373
v -0.01845803 0.09508772 0.06589373
v -0.01476723 0.09359691 0.06656615
v -0.02028754 0.09599472 0.06656615
v -0.01845803 0.09508772 0.06589373
v -0.02028754 0.09599472 0.06656615
v -0.02228167 0.09705113 0.06583124
v -0.02228167 0.09705113 0.06583124
v -0.02028754 0.09599472 0.06656615
v -0.02542992 0.09912187 0.06656615
v -0.02228167 0.09705113 0.06583124
v -0.02542992 0.09912187 0.06656615
v -0.02584649 0.09941323 0.06592817
v -0.03009860 0.10292016 0.06656615
v -0.02914803 0.10205207 0.06593028
v -0.02542992 0.09912187 0.06656615
v -0.02542992 0.09912187 0.06656615
v -0.02914803 0.10205207 0.06593028
v -0.02584649 0.09941323 0.06592817
v -0.02914803 0.10205207 0.06593028
v -0.03009860 0.10292016 0.06656615
v -0.03222113 0.10503442 0.06592823
v -0.03222113 0.10503442 0.06592823
v -0.03009860 0.10292016 0.06656615
v -0.03420659 0.10731870 0.06656615
v -0.03222113 0.10503442 0.06592823
v -0.03420659 0.10731870 0.06656615
v -0.03501165 0.10831819 0.06589156
v -0.03767739 0.11223573 0.06656615
v -0.03739569 0.11176894 0.06592781
v -0.03420659 0.10731870 0.06656615
v -0.03420659 0.10731870 0.06656615
v -0.03739569 0.11176894 0.06592781
v -0.03501165 0.10831819 0.06589156
v -0.03739569 0.11176894 0.06592781
v -0.03767739 0.11223573 0.06656615
v -0.03951269 0.11548619 0.06583127
v -0.03951269 0.11548619 0.06583127
v -0.03767739 0.11223573 0.06656615
v -0.04044632 0.11757946 0.06656615
v -0.03951269 0.11548619 0.06583127
v -0.04044632 0.11757946 0.06656615
v -0.04121683 0.11944114 0.06589368
v -0.04121683 0.11944114 0.06589368
v -0.04044632 0.11757946 0.06656615
v -0.04246182 0.12325059 0.06656615
v -0.04121683 0.11944114 0.06589368
v -0.04246182 0.12325059 0.06656615
v -0.04252747 0.12346739 0.06592749
v -0.04368633 0.12914321 0.06656615
v -0.04345419 0.12757983 0.06589310
v -0.04246182 0.12325059 0.06656615
v -0.04246182 0.12325059 0.06656615
v -0.04345419 0.12757983 0.06589310
v -0.04252747 0.12346739 0.06592749
v -0.04345419 0.12757983 0.06589310
v -0.04368633 0.12914321 0.06656615
v -0.04401013 0.13184218 0.06583140
v -0.04401013 0.13184218 0.06583140
v -0.04368633 0.12914321 0.06656615
v -0.04409706 0.13514783 0.06656615
v -0.04401013 0.13184218 0.06583140
v -0.04409706 0.13514783 0.06656615
v -0.04409816 0.13614872 0.06589139
v -0.04368634 0.14115236 0.06656615
v -0.04379575 0.14033546 0.06592872
v -0.04409706 0.13514783 0.06656615
v -0.04409706 0.13514783 0.06656615
v -0.04379575 0.14033546 0.06592872
v -0.04409816 0.13614872 0.06589139
v -0.04379575 0.14033546 0.06592872
v -0.04368634 0.14115236 0.06656615
v -0.04311851 0.14456140 0.06583136
v -0.04311851 0.14456140 0.06583136
v -0.04368634 0.14115236 0.06656615
v -0.04246183 0.14704498 0.06656615
v -0.04311851 0.14456140 0.06583136
v -0.04246183 0.14704498 0.06656615
v -0.04196730 0.14872726 0.06589170
v -0.04044634 0.15271610 0.06656615
v -0.04048234 0.15264721 0.06592682
v -0.04246183 0.14704498 0.06656615
v -0.04246183 0.14704498 0.06656615
v -0.04048234 0.15264721 0.06592682
v -0.04196730 0.14872726 0.06589170
v -0.04048234 0.15264721 0.06592682
v -0.04044634 0.15271610 0.06656615
v -0.03861843 0.15645825 0.06589354
v -0.03861843 0.15645825 0.06589354
v -0.04044634 0.15271610 0.06656615
v -0.03767740 0.15805984 0.06656614
v -0.03861843 0.15645825 0.06589354
v -0.03767740 0.15805984 0.06656614
v -0.03638297 0.16012991 0.06583131
v -0.03638297 0.16012991 0.06583131
v -0.03767740 0.15805984 0.06656614
v -0.03420661 0.16297688 0.06656614
v -0.03638297 0.16012991 0.06583131
v -0.03420661 0.16297688 0.06656614
v -0.03376694 0.16351657 0.06592858
v -0.03009862 0.16737552 0.06656614
v -0.02770325 0.16946720 0.06589764
v -0.03090917 0.16665212 0.06583046
v -0.03009862 0.16737552 0.06656614
v -0.03090917 0.16665212 0.06583046
v -0.03420661 0.16297688 0.06656614
v -0.03420661 0.16297688 0.06656614
v -0.03090917 0.16665212 0.06583046
v -0.03376694 0.16351657 0.06592858
v -0.02770325 0.16946720 0.06589764
v -0.03009862 0.16737552 0.06656614
v -0.02542995 0.17117367 0.06656614
v -0.02028756 0.17430083 0.06656614
v -0.02060771 0.17413943 0.06592731
v -0.02542995 0.17117367 0.06656614
v -0.02542995 0.17117367 0.06656614
v -0.02060771 0.17413943 0.06592731
v -0.02425772 0.17202095 0.06582911
v -0.02542995 0.17117367 0.06656614
v -0.02425772 0.17202095 0.06582911
v -0.02770325 0.16946720 0.06589764
v -0.02060771 0.17413943 0.06592731
v -0.02028756 0.17430083 0.06656614
v -0.01674841 0.17598071 0.06583117
v -0.01674841 0.17598071 0.06583117
v -0.02028756 0.17430083 0.06656614
v -0.01476726 0.17669871 0.06656614
v -0.01674841 0.17598071 0.06583117
v -0.01476726 0.17669871 0.06656614
v -0.01268082 0.17739369 0.06589386
v -0.01268082 0.17739369 0.06589386
v -0.01476726 0.17669871 0.06656614
v -0.00897187 0.17832248 0.06656614
v -0.01268082 0.17739369 0.06589386
v -0.00897187 0.17832248 0.06656614
v -0.00854781 0.17842139 0.06589078
v -0.00300936 0.17914198 0.06656614
v -0.00438452 0.17903057 0.06593055
v -0.00897187 0.17832248 0.06656614
v -0.00897187 0.17832248 0.06656614
v -0.00438452 0.17903057 0.06593055
v -0.00854781 0.17842139 0.06589078
v -0.00438452 0.17903057 0.06593055
v -0.00300936 0.17914198 0.06656614
v -0.00013378 0.17925547 0.06589384
v -0.00013378 0.17925547 0.06589384
v -0.00300936 0.17914198 0.06656614
v 0.00300921 0.17914198 0.06656614
v 0.00897173 0.17832249 0.06656614
v 0.00834683 0.17845278 0.06592814
v 0.00300921 0.17914198 0.06656614
v 0.00300921 0.17914198 0.06656614
v 0.00834683 0.17845278 0.06592814
v 0.00416070 0.17905488 0.06592417
v 0.00300921 0.17914198 0.06656614
v 0.00416070 0.17905488 0.06592417
v -0.00013378 0.17925547 0.06589384
v 0.00834683 0.17845278 0.06592814
v 0.00897173 0.17832249 0.06656614
v 0.01250293 0.17744091 0.06592772
v 0.01250293 0.17744091 0.06592772
v 0.00897173 0.17832249 0.06656614
v 0.01476712 0.17669872 0.06656614
v 0.01250293 0.17744091 0.06592772
v 0.01476712 0.17669872 0.06656614
v 0.01656812 0.17602592 0.06589358
v 0.01656812 0.17602592 0.06589358
v 0.01476712 0.17669872 0.06656614
v 0.02028742 0.17430085 0.06656614
v 0.01656812 0.17602592 0.06589358
v 0.02028742 0.17430085 0.06656614
v 0.02040743 0.17424454 0.06592724
v 0.02542980 0.17117369 0.06656614
v 0.02405127 0.17212168 0.06589323
v 0.02028742 0.17430085 0.06656614
v 0.02028742 0.17430085 0.06656614
v 0.02405127 0.17212168 0.06589323
v 0.02040743 0.17424454 0.06592724
v 0.02405127 0.17212168 0.06589323
v 0.02542980 0.17117369 0.06656614
v 0.02753382 0.16959931 0.06592814
v 0.02753382 0.16959931 0.06592814
v 0.02542980 0.17117369 0.06656614
v 0.03009848 0.16737554 0.06656614
v 0.02753382 0.16959931 0.06592814
v 0.03009848 0.16737554 0.06656614
v 0.03074171 0.16676945 0.06592894
v 0.03420648 0.16297690 0.06656614
v 0.03625416 0.16027084 0.06589344
v 0.03366137 0.16369279 0.06583030
v 0.03420648 0.16297690 0.06656614
v 0.03366137 0.16369279 0.06583030
v 0.03009848 0.16737554 0.06656614
v 0.03009848 0.16737554 0.06656614
v 0.03366137 0.16369279 0.06583030
v 0.03074171 0.16676945 0.06592894
v 0.03625416 0.16027084 0.06589344
v 0.03420648 0.16297690 0.06656614
v 0.03767727 0.15805987 0.06656614
v 0.03625416 0.16027084 0.06589344
v 0.03767727 0.15805987 0.06656614
v 0.03852347 0.15663238 0.06589168
v 0.04044621 0.15271613 0.06656615
v 0.04038276 0.15287533 0.06592695
v 0.03767727 0.15805987 0.06656614
v 0.03767727 0.15805987 0.06656614
v 0.04038276 0.15287533 0.06592695
v 0.03852347 0.15663238 0.06589168
v 0.04038276 0.15287533 0.06592695
v 0.04044621 0.15271613 0.06656615
v 0.04190832 0.14888608 0.06592685
v 0.04190832 0.14888608 0.06592685
v 0.04044621 0.15271613 0.06656615
v 0.04246171 0.14704501 0.06656615
v 0.04190832 0.14888608 0.06592685
v 0.04246171 0.14704501 0.06656615
v 0.04305307 0.14473623 0.06589397
v 0.04305307 0.14473623 0.06589397
v 0.04246171 0.14704501 0.06656615
v 0.04368623 0.14115239 0.06656615
v 0.04305307 0.14473623 0.06589397
v 0.04368623 0.14115239 0.06656615
v 0.04376918 0.14055579 0.06592836
v 0.04399644 0.13204071 0.06589959
v 0.04409157 0.13620465 0.06593699
v 0.04409694 0.13514786 0.06656615
v 0.04409694 0.13514786 0.06656615
v 0.04409157 0.13620465 0.06593699
v 0.04368623 0.14115239 0.06656615
v 0.04368623 0.14115239 0.06656615
v 0.04409157 0.13620465 0.06593699
v 0.04376918 0.14055579 0.06592836
f 1 2 3
f 4 5 6
f 7 8 9
f 10 11 12
f 13 14 15
f 16 17 18
f 19 20 21
f 22 23 24
f 25 26 27
f 28 29 30
f 31 32 33
f 34 35 36
f 28 37 38
f 39 40 41
f 42 43 44
f 27 45 46
f 47 48 49
f 50 51 52
f 44 53 54
f 52 55 56
f 57 58 52
f 27 59 60
f 44 61 62
f 63 64 27
f 65 66 67
f 44 68 69
f 70 71 72
f 27 73 74
f 27 74 63
f 75 76 65
f 72 77 78
f 65 79 80
f 81 82 65
f 83 84 85
f 27 86 87
f 88 89 27
f 3 90 91
f 83 92 93
f 94 95 96
f 27 97 98
f 27 98 88
f 99 100 101
f 96 102 103
f 104 105 106
f 107 108 109
f 110 111 112
f 113 114 115
f 116 117 118
f 119 120 121
f 122 123 124
f 125 126 127
f 128 129 130
f 131 132 133
f 134 135 136
f 137 138 139
f 140 141 142
f 143 144 145
f 146 147 148
f 149 150 151
f 152 153 154
f 155 156 157
f 158 159 160
f 161 162 163
f 164 165 166
f 167 168 169
f 170 171 172
f 173 174 175
f 176 177 178
f 179 180 181
f 182 183 184
f 185 186 187
f 188 189 190
f 191 192 193
f 194 195 196
f 197 198 199
f 200 201 202
f 203 204 205
f 206 207 208
f 209 210 211
f 212 213 214
f 215 216 217
f 218 219 220
f 221 222 223
f 224 225 226
f 227 228 229
f 230 231 232
f 233 234 235
f 236 237 238
f 239 240 241
f 242 243 244
f 245 246 247
f 248 249 250
f 251 252 253
f 254 255 256
f 257 258 259
f 260 261 262
f 263 264 265
f 266 267 268
f 269 270 271
f 272 273 274
f 275 276 277
f 278 279 280
f 281 282 283
f 284 285 286
f 287 288 289
f 290 291 292
f 293 294 295
f 296 297 298
f 299 300 301
f 302 303 304
f 305 306 307
f 308 309 310
f 311 312 313
f 314 315 316
f 317 318 319
f 320 321 322
f 323 324 325
f 326 327 328
f 329 330 331
f 332 333 334
f 335 336 337
f 338 339 340
f 341 342 343
f 344 345 346
f 347 348 349
f 350 351 352
f 353 354 355
f 356 357 358
f 359 360 361
f 362 363 364
f 365 366 367
f 368 369 370
f 371 372 373
f 374 375 376
f 377 378 379
f 380 381 382
f 383 384 385
f 386 387 388
f 389 390 391
f 392 393 394
f 395 396 397
f 398 399 400
f 401 402 403
f 404 405 406
f 407 408 409
f 410 411 412
f 413 414 415
f 416 417 418
f 419 420 421
f 422 423 424
f 425 426 427
f 428 429 430
f 431 432 433
f 434 435 436
f 437 438 439
f 440 441 442
f 443 444 445
f 446 447 448
f 449 450 451
f 452 453 454
f 455 456 457
f 458 459 460
f 461 462 463
f 464 465 466
f 467 468 469
f 470 471 472
f 473 474 475
f 476 477 478
f 479 480 481
f 482 483 484
f 485 486 487
f 488 489 490
f 491 492 493
f 494 495 496
f 497 498 499
f 500 501 502
f 503 504 505
f 506 507 508
f 509 510 511
f 512 513 514
f 515 516 517
f 518 519 520
f 521 522 523
f 524 525 526
f 527 528 529
f 530 531 532
f 533 534 535
f 536 537 538
f 539 540 541
f 542 543 544
f 545 546 547
f 548 549 550
f 551 552 553
f 554 555 556
f 557 558 559
f 560 561 562
f 563 564 565
f 566 567 568
f 569 570 571
f 571 570 572
f 572 570 573
f 572 573 568
f 568 573 566
f 574 575 576
f 577 578 579
f 580 581 582
f 583 579 584
f 585 586 587
f 588 589 590
f 567 566 574
f 574 566 575
f 591 592 593
f 593 592 594
f 593 594 595
f 595 594 585
f 585 594 586
f 581 596 597
f 597 596 598
f 599 600 601
f 598 602 603
f 604 605 606
f 607 608 609
f 610 611 612
f 613 614 615
f 616 601 617
f 616 617 618
f 618 617 619
f 619 617 592
f 619 592 591
f 620 621 622
f 622 621 623
f 624 625 626
f 627 628 629
f 629 628 630
f 630 628 631
f 630 631 569
f 569 631 570
f 632 633 634
f 635 636 637
f 638 639 640
f 641 642 643
f 641 643 644
f 645 646 620
f 647 648 625
f 649 650 651
f 651 650 652
f 653 654 655
f 655 654 656
f 655 656 657
f 657 656 632
f 632 656 633
f 658 659 660
f 661 662 663
f 615 664 665
f 665 664 666
f 664 667 666
f 666 667 668
f 668 667 669
f 668 669 670
f 670 669 671
f 672 673 674
f 674 673 675
f 674 675 676
f 677 678 679
f 679 678 654
f 679 654 653
f 680 681 682
f 682 681 683
f 671 684 685
f 685 684 686
f 686 684 687
f 686 687 649
f 649 687 650
f 688 689 690
f 691 692 693
f 692 694 693
f 695 696 697
f 696 698 697
f 699 700 701
f 699 701 702
f 703 704 705
f 704 706 705
f 707 708 709
f 707 709 710
f 711 712 713
f 711 713 714
f 715 716 717
f 718 719 720
f 721 722 723
f 721 723 724
f 725 726 727
f 725 727 728
f 729 730 731
f 729 731 732
f 733 734 735
f 733 735 736
f 737 738 739
f 737 739 740
f 741 742 743
f 742 744 743
f 745 746 747
f 745 747 748
f 749 750 751
f 749 751 752
f 753 754 755
f 753 755 756
f 757 758 759
f 757 759 760
f 761 762 763
f 762 764 763
f 765 766 767
f 765 767 768
f 769 770 771
f 770 772 771
f 773 774 775
f 776 777 778
f 774 779 775
f 780 781 782
f 780 782 783
f 784 785 786
f 787 788 789
f 790 791 792
f 790 792 793
f 794 795 796
f 794 796 797
f 798 799 800
f 801 802 803
f 801 803 804
f 798 805 799
f 806 807 808
f 806 808 809
f 810 811 812
f 810 812 813
f 814 815 816
f 815 817 816
f 818 819 820
f 819 821 820
f 822 823 824
f 822 824 825
f 826 827 828
f 829 830 831
f 832 833 834
f 835 836 837
f 835 837 838
f 831 839 829
f 840 841 842
f 840 842 843
f 844 845 846
f 847 848 849
f 845 850 846
f 851 852 853
f 853 852 854
f 849 855 847
f 856 857 858
f 857 859 858
f 860 861 862
f 860 862 863
f 864 865 866
f 864 866 867
f 868 869 870
f 868 870 871
f 872 873 874
f 872 874 875
f 876 877 878
f 876 878 879
f 880 881 882
f 882 881 883
f 689 884 690
f 885 886 887
f 888 889 890
f 891 892 893
f 894 895 896
f 897 898 899
f 900 901 902
f 903 904 905
f 906 907 908
f 909 910 911
f 912 913 914
f 915 916 917
f 918 919 920
f 921 922 923
f 924 925 926
f 927 928 929
f 930 931 932
f 933 934 935
f 936 937 938
f 939 940 941
f 942 943 944
f 945 946 947
f 948 949 950
f 951 952 953
f 954 955 956
f 957 958 959
f 960 961 962
f 963 964 965
f 966 967 968
f 969 970 971
f 972 973 974
f 975 976 977
f 978 979 980
f 981 982 983
f 984 985 986
f 987 988 989
f 990 991 992
f 993 994 995
f 996 997 998
f 999 1000 1001
f 1002 1003 1004
f 1005 1006 1007
f 1008 1009 1010
f 1011 1012 1013
f 1014 1015 1016
f 1017 1018 1019
f 1020 1021 1022
f 1023 1024 1025
f 1026 1027 1028
f 1029 1030 1031
f 1032 1033 1034
f 1035 1036 1037
f 1038 1039 1040
f 1041 1042 1043
f 1044 1045 1046
f 1047 1048 1049
f 1050 1051 1052
f 1053 1054 1055
f 1056 1057 1058
f 1059 1060 1061
f 1062 1063 1064
f 1065 1066 1067
f 1068 1069 1070
f 1071 1072 1073
f 1074 1075 1076
f 1077 1078 1079
f 1080 1081 1082
f 1083 1084 1085
f 1086 1087 1088
f 1089 1090 1091
f 1092 1093 1094
f 1095 1096 1097
f 1098 1099 1100
f 1101 1102 1103
f 1104 1105 1106
f 1107 1108 1109
f 1110 1111 1112
f 1113 1114 1115
f 1116 1117 1118
f 1119 1120 1121
f 1122 1123 1124
f 1125 1126 1127
f 1128 1129 1130
f 1131 1132 1133
f 1134 1135 1136
f 1137 1138 1139
f 1140 1141 1142
f 1143 1144 1145
f 1146 1147 1148
f 1149 1150 1151
f 1152 1153 1154
f 1155 1156 1157
f 1158 1159 1160
f 1161 1162 1163
f 1164 1165 1166
f 1167 1168 1169
f 1170 1171 1172
f 1172 1171 1173
f 1172 1173 1174
f 1174 1173 1175
f 1174 1175 1176
f 1176 1175 1177
f 1176 1177 1178
f 1178 1177 1179
f 1178 1179 1180
f 1180 1179 1181
f 1180 1181 1182
f 1182 1181 1183
f 1182 1183 1184
f 1184 1183 1185
f 1184 1185 1186
f 1186 1185 1187
f 1186 1187 1188
f 1188 1187 1189
f 1188 1189 1190
f 1190 1189 1191
f 1190 1191 1192
f 1192 1191 1193
f 1192 1193 1194
f 1194 1193 1195
f 1194 1195 1196
f 1196 1195 1197
f 1196 1197 1198
f 1198 1197 1199
f 1198 1199 1200
f 1200 1199 1201
f 1200 1201 1202
f 1202 1201 1203
f 1202 1203 1204
f 1204 1203 1205
f 1204 1205 1206
f 1206 1205 1207
f 1206 1207 1208
f 1208 1207 1209
f 1208 1209 1210
f 1210 1209 1211
f 1210 1211 1212
f 1212 1211 1213
f 1212 1213 1214
f 1214 1213 1215
f 1214 1215 1216
f 1216 1215 1217
f 1216 1217 1218
f 1218 1217 1219
f 1218 1219 1220
f 1220 1219 1221
f 1220 1221 1222
f 1222 1221 1223
f 1222 1223 1224
f 1224 1223 1225
f 1224 1225 1226
f 1226 1225 1227
f 1226 1227 1228
f 1228 1227 1229
f 1228 1229 1230
f 1230 1229 1231
f 1230 1231 1232
f 1232 1231 1233
f 1232 1233 1234
f 1234 1233 1235
f 1234 1235 1236
f 1236 1235 1237
f 1236 1237 1238
f 1238 1237 1239
f 1238 1239 1240
f 1240 1239 1241
f 1240 1241 1242
f 1242 1241 1243
f 1242 1243 1244
f 1244 1243 1245
f 1244 1245 1246
f 1246 1245 1247
f 1246 1247 1248
f 1248 1247 1249
f 1248 1249 1250
f 1250 1249 1251
f 1250 1251 1252
f 1252 1251 1253
f 1252 1253 1254
f 1254 1253 1255
f 1254 1255 1256
f 1256 1255 1257
f 1256 1257 1258
f 1258 1257 1259
f 1258 1259 1260
f 1260 1259 1261
f 1260 1261 1262
f 1262 1261 1170
f 1262 1170 1172
f 1263 1264 1265
f 1266 1267 1268
f 1269 1270 1271
f 1272 1273 1274
f 1275 1276 1277
f 1278 1279 1280
f 1281 1282 1283
f 1284 1285 1286
f 1287 1288 1289
f 1290 1291 1292
f 1293 1294 1295
f 1296 1297 1298
f 1299 1300 1301
f 1302 1303 1304
f 1305 1306 1307
f 1308 1309 1310
f 1311 1312 1313
f 1314 1315 1316
f 1317 1318 1319
f 1320 1321 1322
f 1323 1324 1325
f 1326 1327 1328
f 1329 1330 1331
f 1332 1333 1334
f 1335 1336 1337
f 1338 1339 1340
f 1341 1342 1343
f 1344 1345 1346
f 1347 1348 1349
f 1350 1351 1352
f 1353 1354 1355
f 1356 1357 1358
f 1359 1360 1361
f 1362 1363 1364
f 1365 1366 1367
f 1368 1369 1370
f 1371 1372 1373
f 1374 1375 1376
f 1377 1378 1379
f 1380 1381 1382
f 1383 1384 1385
f 1386 1387 1388
f 1389 1390 1391
f 1392 1393 1394
f 1395 1396 1397
f 1398 1399 1400
f 1401 1402 1403
f 1404 1405 1406
f 1407 1408 1409
f 1410 1411 1412
f 1413 1414 1415
f 1416 1417 1418
f 1419 1420 1421
f 1422 1423 1424
f 1425 1426 1427
f 1428 1429 1430
f 1431 1432 1433
f 1433 1432 1434
f 1435 1436 1437
f 1438 1439 1440
f 1441 1442 1443
f 1444 1445 1446
f 1447 1448 1449
f 1450 1451 1452
f 1453 1454 1455
f 1456 1457 1458
f 1459 1460 1461
f 1462 1463 1464
f 1465 1466 1467
f 1468 1469 1470
f 1471 1472 1473
f 1474 1475 1476
f 1477 1478 1479
f 1480 1481 1482
f 1483 1484 1485
f 1486 1487 1488
f 1489 1490 1491
f 1492 1493 1494
f 1495 1496 1497
f 1498 1499 1500
f 1501 1502 1503
f 1504 1505 1506
f 1507 1508 1509
f 1510 1511 1512
f 1513 1514 1515
f 1516 1517 1518
f 1519 1520 1521
f 1522 1523 1524
f 1525 1526 1527
f 1528 1529 1530
f 1531 1532 1533
f 1534 1535 1536
f 1537 1538 1539
f 1540 1541 1542
f 1543 1544 1545
f 1546 1547 1548
f 1549 1550 1551
f 1552 1553 1554
f 1555 1556 1557
f 1558 1559 1560
f 1561 1562 1563
f 1564 1565 1566
f 1567 1568 1569
f 1570 1571 1572
f 1573 1574 1575
f 1576 1577 1578
f 1579 1580 1581
f 1582 1583 1584
f 1585 1586 1587
f 1588 1589 1590
f 1591 1592 1593
f 1594 1595 1596
f 1597 1598 1599
f 1600 1601 1602
f 1603 1604 1605
f 1606 1607 1608
f 1609 1610 1611
f 1612 1613 1614
f 1615 1616 1617
f 1618 1619 1620
f 1621 1622 1623
f 1624 1625 1626
f 1627 1628 1629
f 1630 1631 1632
f 1633 1634 1635
f 1636 1637 1638
f 1639 1640 1641
f 1642 1643 1644
f 1645 1646 1647
f 1648 1649 1650
f 1651 1652 1653
f 1654 1655 1656
f 1657 1658 1659
f 1660 1661 1662
f 1663 1664 1665
f 1666 1667 1668
f 1669 1670 1671
f 1672 1673 1674
f 1675 1676 1677
f 1678 1679 1680
f 1681 1682 1683
f 1684 1685 1686
f 1687 1688 1689
f 1690 1691 1692
f 1693 1694 1695
f 1696 1697 1698
f 1699 1700 1701
f 1702 1703 1704
f 1705 1706 1707
f 1708 1709 1710
f 1711 1712 1713
f 1714 1715 1716
f 1717 1718 1719
f 1720 1721 1722
f 1723 1724 1725
f 1726 1727 1728
f 1726 1728 1729
f 1730 1731 1732
f 1733 1734 1735
f 1736 1737 1738
f 1739 1740 1741
f 1742 1743 1744
f 1745 1746 1747
f 1748 1749 1750
f 1751 1752 1753
f 1754 1755 1756
f 1757 1758 1759
f 1760 1761 1762
f 1763 1764 1765
f 1766 1767 1768
f 1769 1770 1771
f 1772 1773 1774
f 1775 1776 1777
f 1778 1779 1780
f 1781 1782 1783
f 1784 1785 1786
f 1787 1788 1789
f 1790 1791 1792
f 1793 1794 1795
f 1796 1797 1798
f 1799 1800 1801
f 1802 1803 1804
f 1805 1806 1807
f 1808 1809 1810
f 1811 1812 1813
f 1814 1815 1816
f 1817 1818 1819
f 1820 1821 1822
f 1823 1824 1825
f 1826 1827 1828
f 1829 1830 1831
f 1832 1833 1834
f 1835 1836 1837
f 1838 1839 1840
f 1841 1842 1843
f 1844 1845 1846
f 1847 1848 1849
f 1850 1851 1852
f 1853 1854 1855
f 1856 1857 1858
f 1859 1860 1861
f 1862 1863 1864
f 1865 1866 1867
f 1868 1869 1870
f 1871 1872 1873
f 1874 1875 1876
f 1877 1878 1879
f 1880 1881 1882
f 1883 1884 1885
f 1886 1887 1888
f 1889 1890 1891
f 1892 1893 1894
f 1892 1894 1895
f 1896 1897 1898
f 1896 1898 1899
f 1900 1901 1902
f 1903 1904 1905
f 1906 1907 1908
f 1909 1910 1911
f 1912 1913 1914
f 1915 1916 1917
f 1918 1919 1920
f 1921 1922 1923
f 1924 1925 1926
f 1927 1928 1929
f 1930 1931 1932
f 1933 1934 1935
f 1936 1937 1938
f 1939 1940 1941
f 1942 1943 1944
f 1945 1946 1947
f 1948 1949 1950
f 1951 1952 1953
f 1954 1955 1956
f 1957 1958 1959
f 1960 1961 1962
f 1963 1964 1965
f 1966 1967 1968
f 1969 1970 1971
f 1972 1608 1607
f 1973 1974 1975
f 1976 1596 1595
f 1977 1978 1979
f 1980 1981 1982
f 1983 1984 1985
f 1986 1987 1988
f 1989 1990 1991
f 1992 1993 1994
f 1995 1996 1997
f 1998 1655 1999
f 2000 2001 2002
f 2003 2004 2005
f 2006 2007 2008
f 2009 2010 2011
f 2012 2013 2014
f 2015 2016 2017
f 2018 2019 2020
f 2021 2022 2023
f 2024 2025 2026
f 2027 2028 2029
f 2030 2031 2032
f 2033 2034 2035
f 2036 2037 2038
f 2039 2040 2041
f 2042 2043 2044
f 2045 2046 2047
f 2048 2049 2050
f 2051 1722 1721
f 2052 2053 2054
f 2055 2056 2057
f 2058 2059 2060
f 2061 2062 2063
f 2064 2065 2066
f 2067 2068 2069
f 2070 2071 2072
f 2073 2074 2075
f 2076 2077 2078
f 2079 2080 2081
f 2082 2083 2084
f 2085 2086 2087
f 2088 2089 2090
f 2091 2092 2093
f 2094 2095 2096
f 2097 2098 2099
f 2100 2101 2102
f 2103 2104 2105
f 2106 2107 2108
f 2109 2110 2111
f 2112 2113 2114
f 2115 2116 2117
f 2118 2119 2120
f 2121 2122 2123
f 2124 2125 2126
f 2127 2128 2129
f 2130 2131 2132
f 2133 2134 2135
f 2136 2137 2138
f 2139 1738 1737
f 2140 2141 2142
f 2143 2144 2145
f 2146 2147 2148
f 2149 2150 2151
f 2152 2153 2154
f 2155 2156 2157
f 2158 2159 2160
f 2161 2162 2163
f 2164 2165 2166
f 2167 2168 2169
f 2170 2171 2172
f 2173 2174 2175
f 2176 2177 2178
f 2179 2180 2181
f 2182 2183 2184
f 2185 2186 2187
f 2188 2189 2190
f 2191 2192 2193
f 2194 2195 2196
f 2197 2198 2199
f 2200 2201 2202
f 2203 2204 2205
f 2206 2207 2208
f 2209 2210 2211
f 2212 2213 2214
f 2215 2216 2217
f 2218 2219 2220
f 2221 2222 2223
f 2224 2225 2226
f 2227 2228 2229
f 2230 2231 2232
f 2233 2234 2235
f 2236 2237 2238
f 2239 2240 2241
f 2242 2243 2244
f 2245 2246 2247
f 2248 2249 2250
f 2251 2252 2253
f 2254 2255 2256
f 2257 2258 2259
f 2260 2261 2262
f 2263 2264 2265
f 2266 1847 1849
f 2267 2268 2269
f 2270 2271 2272
f 2273 2274 2275
f 2276 2277 2278
f 2279 1852 1851
f 2280 2281 2282
f 2283 2284 2285
f 2286 2287 2288
f 2289 2290 2291
f 2292 2293 2294
f 2295 2296 2297
f 2298 2299 2300
f 2301 2302 2303
f 2304 2305 2306
f 2307 2308 2309
f 2310 2311 2312
f 2313 2314 2315
f 2316 2317 2318
f 2319 2320 2321
f 2322 1865 1867
f 2323 2324 2325
f 2326 2327 2328
f 2329 2330 2331
f 2332 2333 2334
f 2335 2336 2337
f 2338 2339 2340
f 2341 2342 2343
f 2344 2345 2346
f 2347 2348 2349
f 2350 2351 2352
f 2353 2354 2355
f 2356 2357 2358
f 2359 2360 2361
f 2362 2363 2364
f 2365 2366 2325
f 2367 2368 2369
f 2370 2371 2372
f 2373 2374 2375
f 2376 2377 2378
f 2379 2380 2381
f 2382 2383 2384
f 2385 2386 2387
f 2388 2389 2390
f 2391 2392 2393
f 2394 2395 2396
f 2397 2398 2399
f 2400 2401 2402
f 2403 2404 2405
f 2406 2407 2408
f 2409 2410 2411
f 2412 2413 2414
f 2415 2416 2417
f 2418 2419 2420
f 2421 2422 2423
f 2424 2425 2426
f 2427 2428 2429
f 2430 2431 2432
f 2433 2434 2435
f 2436 2437 2438
f 2439 2440 2441
f 2442 2443 2444
f 2445 1898 1897
f 2445 1897 2446
f 2447 2448 2449
f 2450 2451 2452
f 2453 2454 2455
f 2456 2457 2458
f 2459 2460 2461
f 2462 2463 2464
f 2465 2466 2467
f 2468 2469 2470
f 2471 2472 2473
f 2474 2475 2476
f 2477 2478 2479
f 2480 2481 2482
f 2483 2484 2485
f 2486 2487 2488
f 2489 2490 2491
f 2492 2493 2494
f 2495 2496 2497
f 2498 2499 2500
f 2501 2502 2503
f 2504 2505 2506
f 2507 2508 2509
f 2510 2511 2512
f 2513 2514 2515
f 2513 2515 2516
f 2517 2518 2519
f 2520 2521 2522
f 2523 2524 2525
f 2526 2527 2528
f 2529 2530 2531
f 2532 2533 2534
f 2535 2536 2537
f 2538 2539 2540
f 2541 2542 2543
f 2544 2545 2546
f 2547 2548 2549
f 2550 2551 2552
f 2553 2554 2555
f 2556 2557 2558
f 2559 2560 2561
f 2562 2563 2564
f 2565 2566 2567
f 2568 2569 2570
f 2571 2572 2573
f 2574 2575 2576
f 2577 2578 2579
f 2580 2581 2582
f 2583 2584 2585
f 2586 2587 2588
f 2589 2590 2591
f 2592 2593 2594
f 2595 2596 2597
f 2598 2599 2600
f 2601 2602 2603
f 2604 2605 2606
f 2607 2608 2609
f 2610 2611 2612
f 2613 2614 2615
f 2616 2617 2618
f 2619 2620 2621
f 2622 2623 2624
f 2625 2626 2627
f 2628 2629 2630
f 2631 2632 2633
f 2634 2635 2636
f 2637 2638 2639
f 2640 2641 2642
f 2643 2644 2645
f 2646 2647 2648
f 2649 2650 2651
f 2652 2653 2654
f 2655 2656 2657
f 2658 2659 2660
f 2661 2662 2663
f 2664 2665 2666
f 2667 2668 2669
f 2670 2671 2672
f 2673 2674 2675
f 2676 2677 2678
f 2679 2680 2681
f 2682 2683 2684
f 2685 2686 2687
f 2688 2689 2690
f 2691 2692 2693
f 2694 2695 2696
f 2697 2698 2699
f 2700 2701 2702
f 2703 2704 2705
f 2706 2707 2708
f 2709 2710 2711
f 2712 2713 2714
f 2715 2716 2717
f 2718 2719 2720
f 2721 2722 2723
f 2724 2725 2726
f 2727 2728 2729
f 2730 2731 2732
f 2733 2734 2735
f 2736 2737 2738
f 2739 2740 2741
f 2742 2743 2744
f 2745 2746 2747
f 2748 2749 2750
f 2751 2752 2753
f 2754 2755 2756
f 2757 2758 2759
f 2760 2761 2762
f 2763 2764 2765
f 2766 2767 2768
f 2769 2770 2771
f 2772 2773 2774
f 2775 2776 2777
f 2778 2779 2780
f 2781 2782 2783
f 2784 2785 2786
f 2787 2788 2789
f 2790 2791 2792
f 2793 2794 2795
f 2796 2797 2798
f 2799 2800 2801
f 2802 2803 2804
f 2805 2806 2807
f 2808 2809 2810
f 2811 2812 2813
f 2814 2815 2816
f 2817 2818 2819
f 2820 2821 2822
f 2823 2824 2825
f 2826 2827 2828
f 2829 2830 2831
f 2832 2833 2834
f 2835 2836 2837
f 2838 2839 2840
f 2841 2842 2843
f 2844 2845 2846
f 2847 2848 2849
f 2850 2851 2852
f 2853 2854 2855
f 2856 2857 2858
f 2859 2860 2861
f 2862 2863 2864
f 2865 2866 2867
f 2868 2869 2870
f 2871 2872 2873
f 2874 2875 2876
f 2877 2878 2879
f 2880 2881 2882
f 2883 2884 2885
f 2886 2887 2888
f 2889 2890 2891
f 2892 2893 2894
f 2895 2896 2897
f 2898 2899 2900
f 2898 2900 2901
f 2902 2903 2904
f 2905 2906 2907
f 2908 2909 2910
f 2911 2912 2913
f 2914 2915 2916
f 2917 2918 2919
f 2920 2921 2922
f 2923 2924 2925
f 2926 2927 2928
f 2929 2930 2931
f 2932 2933 2934
f 2935 2936 2937
f 2938 2939 2940
f 2941 2942 2943
f 2944 2945 2946
f 2947 2948 2949
f 2950 2951 2952
f 2953 2954 2955
f 2956 2957 2958
f 2959 2960 2961
f 2962 2963 2964
f 2965 2966 2967
f 2968 2969 2970
f 2971 2972 2973
f 2974 2975 2976
f 2977 2978 2979
f 2980 2981 2982
f 2983 2984 2985
f 2986 2987 2988
f 2989 2990 2991
f 2992 2993 2994
f 2995 2996 2997
f 2998 2999 3000
f 3001 3002 3003
f 3004 3005 3006
f 3007 3008 3009
f 3010 3011 3012
f 3013 3014 3015
f 3016 3017 3018
f 3019 3020 3021
f 3022 3023 3024
f 3025 3026 3027
f 3028 3029 3030
f 3031 3032 3033
f 3034 3035 3036
f 3037 3038 3039
f 3040 3041 3042
f 3043 3044 3045
f 3046 3047 3048
f 3049 3050 3051
f 3052 3053 3054
f 3055 3056 3057
f 3058 3059 3060
f 3061 3062 3063
f 3064 3065 3066
f 3067 3068 3069
f 3070 3071 3072
f 3073 3074 3075
f 3076 3077 3078
f 3079 3080 3081
f 3082 3083 3084
f 3085 3086 3087
f 3088 3089 3090
f 3091 3092 3093
f 3094 3095 3096
f 3097 3098 3099
f 3100 3101 3102
f 3103 3104 3105
f 3106 3107 3108
f 3106 3108 3109
f 3110 3111 3112
f 3113 3114 3115
f 3116 3117 3118
f 3119 3120 3121
f 3122 3123 3124
f 3125 3126 3127
f 3128 3129 3130
f 3131 3132 3133
f 3134 3135 3136
f 3137 3138 3139
f 3140 3141 3142
f 3143 3144 3145
f 3146 3147 3148
f 3149 3150 3151
f 3152 3153 3154
f 3155 3156 3157
f 3158 3159 3160
f 3161 3162 3163
f 3164 3165 3166
f 3167 3168 3169
f 3170 3171 3172
f 3173 3174 3175
f 3173 3175 3176
f 3177 3178 3179
f 3180 3181 3182
f 3183 3184 3185
f 3186 3187 3188
f 3189 3190 3191
f 3192 3193 3194
f 3195 3196 3197
f 3198 3199 3200
f 3201 3202 3203
f 3204 3205 3206
f 3207 3208 3209
f 3210 3211 3212
f 3213 3214 3215
f 3213 3215 3216
f 3217 3218 3219
f 3220 3221 3222
f 3223 3224 3225
f 3226 3227 3228
f 3229 3230 3231
f 3232 3233 3234
f 3235 3236 3237
f 3238 3239 3240
f 3241 3242 3243
f 3244 3245 3246
f 3247 3248 3249
f 3250 3251 3252
f 3253 3254 3255
f 3256 3257 3258
f 3259 3260 3261
f 3262 3263 3264
f 3265 3266 3267
f 3268 3269 3270
f 3271 3272 3273
f 3274 3275 3276
f 3277 3278 3279
f 3277 3279 3280
f 3281 3282 3283
f 3284 3285 3286
f 3287 3288 3289
f 3290 3291 3292
f 3293 3294 3295
f 3293 3295 3296
f 3297 3298 3299
f 3300 3301 3302
f 3303 3304 3305
f 3306 3307 3308
f 3309 3310 3311
f 3312 3313 3314
f 3315 3316 3317
f 3318 3319 3320
f 3321 3322 3323
f 3324 3325 3326
f 3327 3328 3329
f 3330 3331 3332
f 3333 3334 3335
f 3336 3337 3338
f 3339 3340 3341
f 3342 3343 3344
f 3345 3346 3347
f 3348 3349 3350
f 3351 3352 3353
f 3354 3355 3356
f 3357 3358 3359
f 3360 3361 3362
f 3363 3364 3365
f 3366 3367 3368
f 3369 3370 3371
f 3372 3373 3374
f 3375 3376 3377
f 3378 3379 3380
f 3381 3382 3383
f 3384 3385 3386
f 3387 3388 3389
f 3390 3391 3392
f 3393 3394 3395
f 3396 3397 3398
f 3399 3400 3401
f 3402 3403 3404
f 3405 3406 3407
f 3408 3409 3410
f 3411 3412 3413
f 3414 3415 3416
f 3417 3418 3419
f 3420 3421 3422
f 3423 3424 3425
f 3426 3427 3428
f 3429 3430 3431
f 3432 3433 3434
f 3435 3436 3437
f 3435 3437 3438
f 3439 3440 3441
f 3442 3443 3444
f 3445 3446 3447
f 3448 3449 3450
f 3451 3452 3453
f 3454 3455 3456
f 3457 3458 3459
f 3460 3461 3462
f 3463 3464 3465
f 3466 3467 3468
f 3469 3470 3471
f 3472 3473 3474
f 3475 3476 3477
f 3478 3479 3480
f 3481 3482 3483
f 3484 3485 3486
f 3487 3488 3489
f 3490 3491 3492
f 3493 3494 3495
f 3496 3497 3498
f 3499 3500 3501
f 3502 3503 3504
f 3505 3506 3507
f 3508 3509 3510
f 3511 3512 3513
f 3514 3515 3516
f 3517 3518 3519
f 3517 3519 3520
f 3521 3522 3523
f 3524 3525 3526
f 3527 3528 3529
f 3530 3531 3532
f 3533 3534 3535
f 3536 3537 3538
f 3539 3540 3541
f 3542 3543 3544
f 3545 3546 3547
f 3548 3549 3550
f 3551 3552 3553
f 3554 3555 3556
f 3557 3558 3559
f 3560 3561 3562
f 3563 3564 3565
f 3566 3567 3568
f 3569 3570 3571
f 3572 3573 3574
f 3575 3576 3577
f 3578 3579 3580
f 3581 3582 3583
f 3581 3583 3584
f 3585 3586 3587
f 3588 3589 3590
f 3591 3592 3593
f 3594 3595 3596
f 3597 3598 3599
f 3600 3601 3602
f 3603 3604 3605
f 3606 3607 3608
f 3609 3610 3611
f 3612 3613 3614
f 3615 3616 3617
f 3618 3619 3620
f 3621 3622 3623
f 3624 3625 3626
f 3627 3628 3629
f 3630 3631 3632
f 3633 3634 3635
f 3636 3637 3638
f 3639 3640 3641
f 3642 3643 3644
f 3645 3646 3647
f 3648 3649 3650
f 3651 3652 3653
f 3654 3655 3656
f 3657 3658 3659
f 3659 3658 3660
f 3661 3662 3663
f 3663 3662 3664
f 3665 3666 3667
f 3667 3666 3668
f 3669 3670 3671
f 3671 3670 3672
f 3673 3674 3675
f 3675 3674 3676
f 3677 3678 3679
f 3679 3678 3680
f 3681 3682 3683
f 3683 3682 3684
f 3685 3686 3687
f 3687 3686 3688
f 3689 3690 3691
f 3691 3690 3692
f 3693 3694 3695
f 3695 3694 3696
f 3697 3698 3699
f 3699 3698 3700
f 3701 3702 3703
f 3703 3702 3704
f 3705 3706 3707
f 3705 3707 3708
f 3709 3710 3711
f 3711 3710 3712
f 3713 3714 3715
f 3716 3717 3718
f 3719 3720 3721
f 3721 3720 3722
f 3723 3724 3725
f 3723 3725 3726
f 3727 3728 3729
f 3729 3728 3730
f 3731 3732 3733
f 3733 3732 3734
f 3735 3736 3737
f 3737 3736 3738
f 3739 3740 3741
f 3741 3740 3742
f 3743 3744 3745
f 3745 3744 3746
f 3747 3748 3749
f 3749 3748 3750
f 3751 3752 3753
f 3751 3753 3754
f 3755 3756 3757
f 3757 3756 3758
f 3759 3760 3761
f 3761 3760 3762
f 3763 3764 3765
f 3765 3764 3766
f 3767 3768 3769
f 3769 3768 3770
f 3771 3772 3773
f 3773 3772 3774
f 3775 3776 3777
f 3777 3776 3778
f 3779 3780 3781
f 3781 3780 3782
f 3783 3784 3785
f 3785 3784 3786
f 3787 3788 3789
f 3789 3788 3790
f 3791 3792 3793
f 3793 3792 3794
f 3795 3796 3797
f 3797 3796 3798
f 3799 3800 3801
f 3801 3800 3802
f 3803 3804 3805
f 3805 3804 3806
f 3807 3808 3809
f 3809 3808 3810
f 3811 3812 3813
f 3814 3815 3816
f 3817 3818 3819
f 3819 3818 3820
f 3821 3822 3823
f 3821 3823 3824
f 3825 3826 3827
f 3827 3826 3828
f 3829 3830 3831
f 3831 3830 3832
f 3833 3834 3835
f 3835 3834 3836
f 3837 3838 3839
f 3839 3838 3840
f 3841 3842 3843
f 3843 3842 3844
f 3845 3846 3847
f 3847 3846 3848
f 3849 3850 3851
f 3852 3853 3854
f 3855 3856 3857
f 3857 3856 3858
f 3859 3860 3861
f 3861 3860 3862
f 3863 3864 3865
f 3865 3864 3866
f 3867 3868 3869
f 3867 3869 3870
f 3871 3872 3873
f 3873 3872 3874
f 3875 3876 3877
f 3877 3876 3878
f 3879 3880 3881
f 3879 3881 3882
f 3883 3884 3885
f 3885 3884 3886
f 3887 3888 3889
f 3890 3891 3892
f 3893 3894 3895
f 3895 3894 3896
f 3897 3898 3899
f 3897 3899 3900
f 3901 3902 3903
f 3903 3902 3904
f 3905 3906 3907
f 3907 3906 3908
f 3909 3910 3911
f 3911 3910 3912
f 3913 3914 3915
f 3915 3914 3916
f 3917 3918 3919
f 3919 3918 3920
f 3921 3922 3923
f 3923 3922 3924
f 3925 3926 3927
f 3928 3929 3930
f 3931 3932 3933
f 3934 3935 3936
f 3937 3938 3939
f 3940 3941 3942
f 3943 3944 3945
f 3946 3947 3948
f 3949 3950 3951
f 3952 3953 3954
f 3955 3956 3957
f 3958 3959 3960
f 3961 3962 3963
f 3964 3965 3966
f 3967 3968 3969
f 3970 3971 3972
f 3973 3974 3975
f 3976 3977 3978
f 3979 3980 3981
f 3982 3983 3984
f 3985 3986 3987
f 3988 3989 3990
f 3991 3992 3993
f 3994 3995 3996
f 3997 3998 3999
f 4000 4001 4002
f 4003 4004 4005
f 4006 4007 4008
f 4009 4010 4011
f 4012 4013 4014
f 4012 4014 4015
f 4016 4017 4018
f 4019 4020 4021
f 4022 4023 4024
f 4025 4026 4027
f 4028 4029 4030
f 4031 4032 4033
f 4034 4035 4036
f 4037 4038 4039
f 4040 4041 4042
f 4043 4044 4045
f 4046 4047 4048
f 4049 4050 4051
f 4052 4053 4054
f 4055 4056 4057
f 4058 4059 4060
f 4061 4062 4063
f 4064 4065 4066
f 4067 4068 4069
f 4070 4071 4072
f 4073 4074 4075
f 4076 4077 4078
f 4079 4080 4081
f 4082 4083 4084
f 4085 4086 4087
f 4088 4089 4090
f 4091 4092 4093
f 4094 4095 4096
f 4097 4098 4099
f 4100 4101 4102
f 4103 4104 4105
f 4106 4107 4108
f 4109 4110 4111
f 4112 4113 4114
f 4115 4116 4117
f 4118 4119 4120
f 4121 4122 4123
f 4124 4125 4126
f 4127 4128 4129
f 4130 4131 4132
f 4133 4134 4135
f 4136 4137 4138
f 4139 4140 4141
f 4142 4143 4144
f 4145 4146 4147
f 4148 4149 4150
f 4151 4152 4153
f 4154 4155 4156
f 4157 4158 4159
f 4160 4161 4162
f 4163 4164 4165
f 4166 4167 4168
f 4169 4170 4171
f 4172 4173 4174
f 4175 4176 4177
f 4178 4179 4180
f 4181 4182 4183
f 4184 4185 4186
f 4187 4188 4189
f 4190 4191 4192
f 4193 4194 4195
f 4196 4197 4198
f 4199 4200 4201
f 4202 4203 4204
f 4202 4204 4205
f 4206 4207 4208
f 4209 4210 4211
f 4212 4213 4214
f 4215 4216 4217
f 4218 4219 4220
f 4221 4222 4223
f 4224 4225 4226
f 4224 4226 4227
f 4228 4229 4230
f 4231 4232 4233
f 4234 4235 4236
f 4237 4238 4239
f 4240 4241 4242
f 4243 4244 4245
f 4246 4247 4248
f 4249 4250 4251
f 4252 4253 4254
f 4255 4256 4257
f 4258 4259 4260
f 4261 4262 4263
f 4264 4265 4266
f 4267 4268 4269
f 4270 4271 4272
f 4273 4274 4275
f 4276 4277 4278
f 4279 4280 4281
f 4282 4283 4284
f 4285 4286 4287
f 4288 4289 4290
f 4291 4292 4293
f 4294 4295 4296
f 4297 4298 4299
f 4300 4301 4302
f 4303 4304 4305
f 4306 4307 4308
f 4309 4310 4311
f 4312 4313 4314
f 4315 4316 4317
f 4318 4319 4320
f 4321 4322 4323
f 4324 4325 4326
f 4327 4328 4329
f 4330 4331 4332
f 4333 4334 4335
f 4336 4337 4338
f 4339 4340 4341
f 4342 4343 4344
f 4345 4346 4347
f 4348 4349 4350
f 4351 4352 4353
f 4354 4355 4356
f 4357 4358 4359
f 4360 4361 4362
f 4363 4364 4365
f 4366 4367 4368
f 4369 4370 4371
f 4372 4373 4374
f 4375 4376 4377
f 4378 4379 4380
f 4381 4382 4383
f 4384 4385 4386
f 4387 4388 4389
f 4390 4391 4392
f 4393 4394 4395
f 4396 4397 4398
f 4399 4400 4401
f 4402 4403 4404
f 4405 4406 4407
f 4408 4409 4410
f 4411 4412 4413
f 4414 4415 4416
f 4417 4418 4419
f 4420 4421 4422
f 4423 4424 4425
f 4426 4427 4428
f 4429 4430 4431
f 4432 4433 4434
f 4435 4436 4437
f 4438 4439 4440
f 4438 4440 4441
f 4442 4443 4444
f 4445 4446 4447
f 4448 4449 4450
f 4451 4452 4453
f 4454 4455 4456
f 4457 4458 4459
f 4460 4461 4462
f 4463 4464 4465
f 4466 4467 4468
f 4469 4470 4471
f 4472 4473 4474
f 4475 4476 4477
f 4478 4479 4480
f 4481 4482 4483
f 4484 4485 4486
f 4487 4488 4489
f 4490 4491 4492
f 4493 4494 4495
f 4496 4497 4498
f 4499 4500 4501
f 4502 4503 4504
f 4505 4506 4507
f 4508 4509 4510
f 4511 4512 4513
f 4514 4515 4516
f 4517 4518 4519
f 4520 4521 4522
f 4523 4524 4525
f 4526 4527 4528
f 4529 4530 4531
f 4532 4533 4534
f 4535 4536 4537
f 4538 4539 4540
f 4541 4542 4543
f 4544 4545 4546
f 4547 4548 4549
f 4550 4551 4552
f 4553 4554 4555
f 4556 4557 4558
f 4559 4560 4561
f 4562 4563 4564
f 4565 4566 4567
f 4568 4569 4570
f 4571 4572 4573
f 4574 4575 4576
f 4577 4578 4579
f 4580 4581 4582
f 4583 4584 4585
f 4586 4587 4588
f 4589 4590 4591
f 4592 4593 4594
f 4595 4596 4597
f 4598 4599 4600
f 4601 4602 4603
f 4604 4605 4606
f 4607 4608 4609
f 4607 4609 4610
f 4611 4612 4613
f 4614 4615 4616
f 4617 4618 4619
f 4620 4621 4622
f 4623 4624 4625
f 4626 4627 4628
f 4629 4630 4631
f 4632 4633 4634
f 4635 4636 4637
f 4638 4639 4640
f 4641 4642 4643
f 4644 4645 4646
f 4647 4648 4649
f 4650 4651 4652
f 4650 4652 4653
f 4654 4655 4656
f 4657 4658 4659
f 4660 4661 4662
f 4663 4664 4665
f 4666 4667 4668
f 4669 4670 4671
f 4672 4673 4674
f 4675 4676 4677
f 4678 4679 4680
f 4681 4682 4683
f 4684 4685 4686
f 4684 4686 4687
f 4688 4689 4690
f 4691 4692 4693
f 4694 4695 4696
f 4697 4698 4699
f 4700 4701 4702
f 4703 4704 4705
f 4706 4707 4708
f 4709 4710 4711
f 4712 4713 4714
f 4715 4716 4717
f 4718 4719 4720
f 4721 4722 4723
f 4724 4725 4726
f 4727 4728 4729
f 4730 4731 4732
f 4733 4734 4735
f 4736 4737 4738
f 4739 4740 4741
f 4742 4743 4744
f 4745 4746 4747
f 4748 4749 4750
f 4751 4752 4753
f 4754 4755 4756
f 4757 4758 4759
f 4760 4761 4762
f 4763 4764 4765
f 4766 4767 4768
f 4769 4770 4771
f 4772 4773 4774
f 4775 4776 4777
f 4778 4779 4780
f 4781 4782 4783
f 4784 4785 4786
f 4787 4788 4789
f 4790 4791 4792
f 4793 4794 4795
f 4796 4797 4798
f 4799 4800 4801
f 4802 4803 4804
f 4805 4806 4807
f 4808 4809 4810
f 4811 4812 4813
f 4814 4815 4816
f 4817 4818 4819
f 4820 4821 4822
f 4823 4824 4825
f 4826 4827 4828
f 4829 4830 4831
f 4832 4833 4834
f 4835 4836 4837
f 4838 4839 4840
f 4841 4842 4843
f 4844 4845 4846
f 4847 4848 4849
f 4850 4851 4852
f 4853 4854 4855
f 4856 4857 4858
f 4859 4860 4861
f 4862 4863 4864
f 4865 4866 4867
f 4868 4869 4870
f 4871 4872 4873
f 4874 4875 4876
f 4877 4878 4879
f 4880 4881 4882
f 4883 4884 4885
f 4886 4887 4888
f 4889 4890 4891
f 4892 4893 4894
f 4895 4896 4897
f 4898 4899 4900
f 4901 4902 4903
f 4904 4905 4906
f 4907 4908 4909
f 4910 4911 4912
f 4913 4914 4915
f 4916 4917 4918
f 4919 4920 4921
f 4922 4923 4924
f 4925 4926 4927
f 4928 4929 4930
f 4931 4932 4933
f 4934 4935 4936
f 4937 4938 4939
f 4940 4941 4942
f 4943 4944 4945
f 4946 4947 4948
f 4949 4950 4951
f 4952 4953 4954
f 4955 4956 4957
f 4958 4959 4960
f 4961 4962 4963
f 4964 4965 4966
f 4967 4968 4969
f 4970 4971 4972
f 4973 4974 4975
f 4976 4977 4978
f 4979 4980 4981
f 4982 4983 4984
f 4985 4986 4987
f 4988 4989 4990
f 4991 4992 4993
f 4994 4995 4996
f 4997 4998 4999
f 5000 5001 5002
f 5003 5004 5005
f 5006 5007 5008
f 5009 5010 5011
f 5012 5013 5014
f 5015 5016 5017
f 5018 5019 5020
f 5021 5022 5023
f 5024 5025 5026
f 5027 5028 5029
f 5030 5031 5032
f 5033 5034 5035
f 5036 5037 5038
f 5039 5040 5041
f 5042 5043 5044
f 5045 5046 5047
f 5048 5049 5050
f 5051 5052 5053
f 5054 5055 5056
f 5057 5058 5059
f 5060 5061 5062
f 5063 5064 5065
f 5066 5067 5068
f 5069 5070 5071
f 5072 5073 5074
f 5075 5076 5077
f 5078 5079 5080
f 5081 5082 5083
f 5084 5085 5086
f 5087 5088 5089
f 5090 5091 5092
f 5093 5094 5095
f 5096 5097 5098
f 5099 5100 5101
f 5102 5103 5104
f 5105 5106 5107
f 5108 5109 5110
f 5111 5112 5113
f 5114 5115 5116
f 5117 5118 5119
f 5120 5121 5122
f 5123 5124 5125
f 5126 5127 5128
f 5129 5130 5131
f 5132 5133 5134
f 5135 5136 5137
f 5138 5139 5140
f 5141 5142 5143
f 5144 5145 5146
f 5147 5148 5149
f 5150 5151 5152
f 5153 5154 5155
f 5156 5157 5158
f 5159 5160 5161
f 5162 5163 5164
f 5165 5166 5167
f 5168 5169 5170
f 5171 5172 5173
f 5174 5175 5176
f 5177 5178 5179
f 5180 5181 5182
f 5183 5184 5185
f 5186 5187 5188
f 5189 5190 5191
f 5192 5193 5194
f 5195 5196 5197
f 5198 5199 5200
f 5201 5202 5203
f 5204 5205 5206
f 5207 5208 5209
f 5210 5211 5212
f 5213 5214 5215
f 5216 5217 5218
f 5219 5220 5221
f 5222 5223 5224
f 5225 5226 5227
f 5228 5229 5230
f 5231 5232 5233
f 5234 5235 5236
f 5237 5238 5239
f 5240 5241 5242
f 5243 5244 5245
f 5246 5247 5248
f 5249 5250 5251
f 5252 5253 5254
f 5255 5256 5257
f 5258 5259 5260
f 5261 5262 5263
f 5264 5265 5266
f 5267 5268 5269
f 5270 5271 5272
f 5273 5274 5275
f 5276 5277 5278
f 5279 5280 5281
f 5282 5283 5284
f 5285 5286 5287
f 5288 5289 5290
f 5291 5292 5293
f 5294 5295 5296
f 5297 5298 5299
f 5300 5301 5302
f 5303 5304 5305
f 5306 5307 5308
f 5309 5310 5311
f 5312 5313 5314
f 5315 5316 5317
f 5318 5319 5320
f 5321 5322 5323
f 5324 5325 5326
f 5327 5328 5329
f 5330 5331 5332
f 5333 5334 5335
f 5336 5337 5338
f 5339 5340 5341
f 5342 5343 5344
f 5345 5346 5347
f 5348 5349 5350
f 5351 5352 5353
f 5354 5355 5356
f 5357 5358 5359
f 5360 5361 5362
f 5363 5364 5365
f 5366 5367 5368
f 5369 5370 5371
f 5372 5373 5374
f 5375 5376 5377
f 5378 5379 5380
f 5381 5382 5383
f 5384 5385 5386
f 5387 5388 5389
f 5390 5391 5392
f 5393 5394 5395
f 5396 5397 5398
f 5399 5400 5401
f 5402 5403 5404
f 5405 5406 5407
f 5408 5409 5410
f 5411 5412 5413
f 5414 5415 5416
f 5417 5418 5419
f 5420 5421 5422
f 5423 5424 5425
f 5426 5427 5428
f 5429 5430 5431
f 5432 5038 5037
f 5433 5434 5435
f 5436 5437 5438
f 5439 5440 5441
f 5442 5443 5444
f 5445 5446 5447
f 5448 5449 5450
f 5451 5110 5109
f 5452 5453 5454
f 5455 5456 5457
f 5458 5459 5460
f 5461 5462 5463
f 5464 5465 5466
f 5467 5456 5468
f 5469 5470 5471
f 5472 5473 5474
f 5475 5476 5477
f 5478 5479 5480
f 5481 5482 5483
f 5484 5485 5486
f 5487 5488 5489
f 5490 5491 5492
f 5493 5494 5495
f 5496 5497 5498
f 5499 5500 5501
f 5502 5503 5504
f 5505 5506 5507
f 5508 5154 5509
f 5510 5511 5512
f 5513 5514 5515
f 5516 5517 5518
f 5519 5150 5520
f 5521 5522 5523
f 5524 5525 5526
f 5527 5528 5529
f 5530 5531 5532
f 5533 5534 5535
f 5536 5537 5538
f 5539 5540 5541
f 5542 5543 5544
f 5545 5546 5547
f 5548 5549 5550
f 5551 5552 5553
f 5554 5555 5556
f 5557 5558 5559
f 5560 5561 5562
f 5563 5564 5565
f 5566 5567 5568
f 5569 5570 5571
f 5572 5573 5574
f 5575 5576 5577
f 5578 5579 5580
f 5581 5582 5583
f 5584 5585 5586
f 5587 5588 5589
f 5590 5591 5592
f 5593 5594 5595
f 5596 5597 5598
f 5599 5600 5601
f 5602 5603 5604
f 5605 5606 5607
f 5608 5609 5610
f 5611 5612 5613
f 5614 5615 5616
f 5617 5618 5619
f 5620 5621 5622
f 5623 5624 5625
f 5626 5627 5628
f 5629 5630 5631
f 5632 5633 5634
f 5635 5636 5637
f 5638 5639 5640
f 5641 5642 5643
f 5644 5645 5646
f 5647 5648 5649
f 5650 5651 5652
f 5653 5654 5655
f 5656 5657 5658
f 5659 5660 5661
f 5662 5663 5664
f 5665 5666 5667
f 5668 5669 5670
f 5671 5672 5673
f 5674 5675 5676
f 5677 5678 5679
f 5680 5681 5682
f 5683 5684 5685
f 5686 5687 5688
f 5689 5690 5691
f 5692 5693 5694
f 5695 5696 5697
f 5698 5699 5700
f 5701 5702 5703
f 5704 5705 5706
f 5707 5708 5709
f 5710 5711 5712
f 5713 5714 5715
f 5716 5717 5718
f 5719 5720 5721
f 5722 5723 5724
f 5725 5726 5727
f 5728 5729 5730
f 5731 5732 5733
f 5734 5735 5736
f 5737 5738 5739
f 5740 5741 5742
f 5743 5744 5745
f 5746 5747 5748
f 5749 5750 5751
f 5752 5753 5754
f 5755 5756 5757
f 5758 5759 5760
f 5761 5762 5763
f 5764 5765 5766
f 5767 5768 5769
f 5770 5771 5772
f 5773 5774 5775
f 5776 5777 5778
f 5779 5780 5781
f 5782 5783 5784
f 5785 5786 5787
f 5788 5789 5790
f 5791 5792 5793
f 5794 5795 5796
f 5797 5798 5799
f 5800 5801 5802
f 5803 5804 5805
f 5806 5807 5808
f 5809 5810 5811
f 5812 5813 5814
f 5815 5816 5817
f 5818 5819 5820
f 5821 5822 5823
f 5824 5825 5826
f 5827 5828 5829
f 5830 5831 5832
f 5833 5834 5835
f 5836 5837 5838
f 5839 5840 5841
f 5842 5843 5844
f 5845 5846 5847
f 5848 5849 5850
f 5851 5852 5853
f 5854 5855 5856
f 5857 5858 5859
f 5860 5861 5862
f 5863 5864 5865
f 5866 5867 5868
f 5869 5870 5871
f 5872 5873 5874
f 5875 5876 5877
f 5878 5879 5880
f 5881 5882 5883
f 5884 5885 5886
f 5887 5888 5889
f 5890 5891 5892
f 5893 5894 5895
f 5896 5897 5898
f 5899 5900 5901
f 5902 5903 5904
f 5905 5906 5907
f 5908 5909 5910
f 5911 5912 5913
f 5914 5915 5916
f 5917 5918 5919
f 5920 5921 5922
f 5923 5924 5925
f 5926 5927 5928
f 5929 5930 5931
f 5932 5933 5934
f 5935 5936 5937
f 5938 5939 5940
f 5941 5942 5943
f 5944 5945 5946
f 5947 5948 5949
f 5950 5951 5952
f 5953 5954 5955
f 5956 5957 5958
f 5959 5960 5961
f 5962 5963 5964
f 5965 5966 5967
f 5968 5969 5970
f 5971 5972 5973
f 5974 5975 5976
f 5977 5978 5979
f 5980 5981 5982
f 5983 5984 5985
f 5986 5987 5988
f 5989 5990 5991
f 5992 5993 5994
f 5995 5996 5997
f 5998 5999 6000
f 6001 6002 6003
f 6004 6005 6006
f 6007 6008 6009
f 6010 6011 6012
f 6013 6014 6015
f 6016 6017 6018
f 6019 6020 6021
f 6022 6023 6024
f 6025 6026 6027
f 6028 6029 6030
f 6031 6032 6033
f 6034 6035 6036
f 6037 6038 6039
f 6040 6041 6042
f 6043 6044 6045
f 6046 6047 6048
f 6049 6050 6051
f 6052 6053 6054
f 6055 6056 6057
f 6058 6059 6060
f 6061 6062 6063
f 6064 6065 6066
f 6067 6068 6069
f 6070 6071 6072
f 6073 6074 6075
f 6076 6077 6078
f 6079 6080 6081
f 6082 6083 6084
f 6085 6086 6087
f 6088 6089 6090
f 6091 6092 6093
f 6094 6095 6096
f 6097 6098 6099
f 6100 6101 6102
f 6103 6104 6105
f 6106 6107 6108
f 6109 6110 6111
f 6112 6113 6114
f 6115 6116 6117
f 6118 6119 6120
f 6121 6122 6123
f 6124 6125 6126
f 6127 6128 6129
f 6130 6131 6132
f 6133 6134 6135
f 6136 6137 6138
f 6139 6140 6141
f 6142 6143 6144
f 6145 6146 6147
f 6148 6149 6150
f 6151 6152 6153
f 6154 6155 6156
f 6157 6158 6159
f 6160 6161 6162
f 6163 6164 6165
f 6166 6167 6168
f 6169 6170 6171
f 6172 6173 6174
f 6175 6176 6177
f 6178 6179 6180
f 6181 6182 6183
f 6184 6185 6186
f 6187 6188 6189
f 6190 6191 6192
f 6193 6194 6195
f 6196 6197 6198
f 6199 6200 6201
f 6202 6203 6204
f 6205 6206 6207
f 6208 6209 6210
f 6211 6212 6213
f 6214 6215 6216
f 6217 6218 6219
f 6220 6221 6222
f 6223 6224 6225
f 6226 6227 6228
f 6229 6230 6231
f 6232 6233 6234
f 6235 6236 6237

