mtllib material.mtl
usemtl material_wrist1_0
v -0.00000004 0.09154837 0.05651635
v 0.00634809 0.09201300 0.05651635
v -0.00024755 0.17882548 0.05651632
v -0.01850612 0.09567077 0.05651635
v -0.01256100 0.09339696 0.05651635
v -0.00634817 0.09201300 0.05651635
v -0.03525171 0.10930847 0.05651653
v -0.02658949 0.10049299 0.05651628
v -0.04291075 0.12699264 0.05651609
v -0.04012662 0.11809585 0.05651635
v -0.04287424 0.14306702 0.05651635
v -0.04357041 0.13674011 0.05651635
v -0.03545903 0.16051651 0.05651635
v -0.04038183 0.15186992 0.05651652
v -0.01903624 0.17449213 0.05651653
v -0.02926572 0.16757391 0.05651624
v -0.00947990 0.17770419 0.05651635
v 0.01557499 0.17587042 0.05651635
v 0.00947976 0.17770419 0.05651635
v 0.03138732 0.16540906 0.05651635
v 0.02375066 0.17183887 0.05651653
v 0.04213873 0.14675261 0.05651653
v 0.03719010 0.15805616 0.05651619
v 0.04299931 0.12747916 0.05651595
v 0.04357029 0.13674014 0.05651635
v 0.03721613 0.11243515 0.05651635
v 0.04012652 0.11809588 0.05651635
v 0.02405672 0.09878599 0.05651635
v 0.03178968 0.10515185 0.05651653
v 0.01579300 0.09442376 0.05651614
v -0.00554884 0.09176808 0.04770630
v -0.00119393 0.09141295 0.04772545
v -0.00634817 0.09201300 0.05651635
v -0.00634817 0.09201300 0.05651635
v -0.00119393 0.09141295 0.04772545
v -0.00000004 0.09154837 0.05651635
v -0.01256100 0.09339696 0.05651635
v -0.01461395 0.09391805 0.04771383
v -0.00995858 0.09254656 0.04772410
v -0.01256100 0.09339696 0.05651635
v -0.00995858 0.09254656 0.04772410
v -0.00634817 0.09201300 0.05651635
v -0.00634817 0.09201300 0.05651635
v -0.00995858 0.09254656 0.04772410
v -0.00554884 0.09176808 0.04770630
v -0.02658949 0.10049299 0.05651628
v -0.02232542 0.09753928 0.04770749
v -0.01850612 0.09567077 0.05651635
v -0.01850612 0.09567077 0.05651635
v -0.02232542 0.09753928 0.04770749
v -0.01855158 0.09555373 0.04769761
v -0.01850612 0.09567077 0.05651635
v -0.01855158 0.09555373 0.04769761
v -0.01256100 0.09339696 0.05651635
v -0.01256100 0.09339696 0.05651635
v -0.01855158 0.09555373 0.04769761
v -0.01461395 0.09391805 0.04771383
v -0.02658949 0.10049299 0.05651628
v -0.02633255 0.10020889 0.04772505
v -0.02232542 0.09753928 0.04770749
v -0.03525171 0.10930847 0.05651653
v -0.03273647 0.10613162 0.04771604
v -0.02976974 0.10312035 0.04769990
v -0.02658949 0.10049299 0.05651628
v -0.02658949 0.10049299 0.05651628
v -0.02976974 0.10312035 0.04769990
v -0.02633255 0.10020889 0.04772505
v -0.03273647 0.10613162 0.04771604
v -0.03525171 0.10930847 0.05651653
v -0.03550409 0.10960526 0.04770879
v -0.03550409 0.10960526 0.04770879
v -0.03525171 0.10930847 0.05651653
v -0.03811007 0.11365941 0.04772503
v -0.03811007 0.11365941 0.04772503
v -0.03525171 0.10930847 0.05651653
v -0.04012662 0.11809585 0.05651635
v -0.03811007 0.11365941 0.04772503
v -0.04012662 0.11809585 0.05651635
v -0.04010462 0.11766916 0.04772271
v -0.04291075 0.12699264 0.05651609
v -0.04161601 0.12172531 0.04769922
v -0.04012662 0.11809585 0.05651635
v -0.04012662 0.11809585 0.05651635
v -0.04161601 0.12172531 0.04769922
v -0.04010462 0.11766916 0.04772271
v -0.04291075 0.12699264 0.05651609
v -0.04284224 0.12627954 0.04772474
v -0.04161601 0.12172531 0.04769922
v -0.04357041 0.13674011 0.05651635
v -0.04374072 0.13489783 0.04771233
v -0.04350316 0.13073630 0.04769978
v -0.04357041 0.13674011 0.05651635
v -0.04350316 0.13073630 0.04769978
v -0.04291075 0.12699264 0.05651609
v -0.04291075 0.12699264 0.05651609
v -0.04350316 0.13073630 0.04769978
v -0.04284224 0.12627954 0.04772474
v -0.04374072 0.13489783 0.04771233
v -0.04357041 0.13674011 0.05651635
v -0.04350941 0.13974178 0.04772554
v -0.04350941 0.13974178 0.04772554
v -0.04357041 0.13674011 0.05651635
v -0.04287424 0.14306702 0.05651635
v -0.04350941 0.13974178 0.04772554
v -0.04287424 0.14306702 0.05651635
v -0.04276733 0.14431222 0.04770953
v -0.04276733 0.14431222 0.04770953
v -0.04287424 0.14306702 0.05651635
v -0.04038183 0.15186992 0.05651652
v -0.04276733 0.14431222 0.04770953
v -0.04038183 0.15186992 0.05651652
v -0.04168166 0.14838536 0.04770629
v -0.04038183 0.15186992 0.05651652
v -0.04012674 0.15258031 0.04772411
v -0.04168166 0.14838536 0.04770629
v -0.03545903 0.16051651 0.05651635
v -0.03568816 0.16042521 0.04770621
v -0.03795187 0.15688835 0.04770915
v -0.03545903 0.16051651 0.05651635
v -0.03795187 0.15688835 0.04770915
v -0.04038183 0.15186992 0.05651652
v -0.04038183 0.15186992 0.05651652
v -0.03795187 0.15688835 0.04770915
v -0.04012674 0.15258031 0.04772411
v -0.03568816 0.16042521 0.04770621
v -0.03545903 0.16051651 0.05651635
v -0.03299858 0.16385187 0.04770754
v -0.03299858 0.16385187 0.04770754
v -0.03545903 0.16051651 0.05651635
v -0.02926572 0.16757391 0.05651624
v -0.03299858 0.16385187 0.04770754
v -0.02926572 0.16757391 0.05651624
v -0.02965334 0.16731612 0.04772494
v -0.02965334 0.16731612 0.04772494
v -0.02926572 0.16757391 0.05651624
v -0.02617294 0.17017588 0.04769986
v -0.02617294 0.17017588 0.04769986
v -0.02926572 0.16757391 0.05651624
v -0.01903624 0.17449213 0.05651653
v -0.02267425 0.17255755 0.04771595
v -0.01903624 0.17449213 0.05651653
v -0.01876864 0.17465393 0.04770927
v -0.02267425 0.17255755 0.04771595
v -0.00947990 0.17770419 0.05651635
v -0.01011326 0.17769560 0.04770628
v -0.01430897 0.17649261 0.04772517
v -0.00947990 0.17770419 0.05651635
v -0.01430897 0.17649261 0.04772517
v -0.01903624 0.17449213 0.05651653
v -0.01903624 0.17449213 0.05651653
v -0.01430897 0.17649261 0.04772517
v -0.01876864 0.17465393 0.04770927
v -0.01011326 0.17769560 0.04770628
v -0.00947990 0.17770419 0.05651635
v -0.00584883 0.17849197 0.04770849
v -0.00584883 0.17849197 0.04770849
v -0.00947990 0.17770419 0.05651635
v -0.00024755 0.17882548 0.05651632
v -0.00584883 0.17849197 0.04770849
v -0.00024755 0.17882548 0.05651632
v -0.00111072 0.17888928 0.04773548
v -0.00111072 0.17888928 0.04773548
v -0.00024755 0.17882548 0.05651632
v 0.00354182 0.17872698 0.04769882
v 0.00354182 0.17872698 0.04769882
v -0.00024755 0.17882548 0.05651632
v 0.00947976 0.17770419 0.05651635
v 0.00354182 0.17872698 0.04769882
v 0.00947976 0.17770419 0.05651635
v 0.00759662 0.17822439 0.04771229
v 0.01557499 0.17587042 0.05651635
v 0.01221868 0.17714640 0.04771225
v 0.00947976 0.17770419 0.05651635
v 0.00947976 0.17770419 0.05651635
v 0.01221868 0.17714640 0.04771225
v 0.00759662 0.17822439 0.04771229
v 0.02375066 0.17183887 0.05651653
v 0.02038979 0.17385046 0.04771623
v 0.01643821 0.17568193 0.04771545
v 0.02375066 0.17183887 0.05651653
v 0.01643821 0.17568193 0.04771545
v 0.01557499 0.17587042 0.05651635
v 0.01557499 0.17587042 0.05651635
v 0.01643821 0.17568193 0.04771545
v 0.01221868 0.17714640 0.04771225
v 0.02038979 0.17385046 0.04771623
v 0.02375066 0.17183887 0.05651653
v 0.02434183 0.17150048 0.04772414
v 0.02434183 0.17150048 0.04772414
v 0.02375066 0.17183887 0.05651653
v 0.02819128 0.16858792 0.04770916
v 0.02819128 0.16858792 0.04770916
v 0.02375066 0.17183887 0.05651653
v 0.03138732 0.16540906 0.05651635
v 0.02819128 0.16858792 0.04770916
v 0.03138732 0.16540906 0.05651635
v 0.03126724 0.16572467 0.04770622
v 0.03719010 0.15805616 0.05651619
v 0.03415324 0.16246790 0.04770760
v 0.03138732 0.16540906 0.05651635
v 0.03138732 0.16540906 0.05651635
v 0.03415324 0.16246790 0.04770760
v 0.03126724 0.16572467 0.04770622
v 0.03719010 0.15805616 0.05651619
v 0.03696215 0.15855516 0.04772486
v 0.03415324 0.16246790 0.04770760
v 0.04232169 0.14615421 0.04770148
v 0.04090705 0.15067616 0.04772945
v 0.04213873 0.14675261 0.05651653
v 0.04213873 0.14675261 0.05651653
v 0.04090705 0.15067616 0.04772945
v 0.03915203 0.15461831 0.04769983
v 0.04213873 0.14675261 0.05651653
v 0.03915203 0.15461831 0.04769983
v 0.03719010 0.15805616 0.05651619
v 0.03719010 0.15805616 0.05651619
v 0.03915203 0.15461831 0.04769983
v 0.03696215 0.15855516 0.04772486
v 0.04232169 0.14615421 0.04770148
v 0.04213873 0.14675261 0.05651653
v 0.04324017 0.14181348 0.04772528
v 0.04324017 0.14181348 0.04772528
v 0.04213873 0.14675261 0.05651653
v 0.04357029 0.13674014 0.05651635
v 0.04324017 0.14181348 0.04772528
v 0.04357029 0.13674014 0.05651635
v 0.04369071 0.13738243 0.04772266
v 0.04299931 0.12747916 0.05651595
v 0.04367589 0.13301169 0.04770018
v 0.04357029 0.13674014 0.05651635
v 0.04357029 0.13674014 0.05651635
v 0.04367589 0.13301169 0.04770018
v 0.04369071 0.13738243 0.04772266
v 0.04299931 0.12747916 0.05651595
v 0.04321703 0.12833744 0.04772472
v 0.04367589 0.13301169 0.04770018
v 0.04012652 0.11809588 0.05651635
v 0.04101650 0.11995086 0.04771230
v 0.04226352 0.12393330 0.04769970
v 0.04012652 0.11809588 0.05651635
v 0.04226352 0.12393330 0.04769970
v 0.04299931 0.12747916 0.05651595
v 0.04299931 0.12747916 0.05651595
v 0.04226352 0.12393330 0.04769970
v 0.04321703 0.12833744 0.04772472
v 0.04101650 0.11995086 0.04771230
v 0.04012652 0.11809588 0.05651635
v 0.03909296 0.11550411 0.04772519
v 0.03909296 0.11550411 0.04772519
v 0.04012652 0.11809588 0.05651635
v 0.03721613 0.11243515 0.05651635
v 0.03909296 0.11550411 0.04772519
v 0.03721613 0.11243515 0.05651635
v 0.03684473 0.11160087 0.04769994
v 0.03684473 0.11160087 0.04769994
v 0.03721613 0.11243515 0.05651635
v 0.03178968 0.10515185 0.05651653
v 0.03684473 0.11160087 0.04769994
v 0.03178968 0.10515185 0.05651653
v 0.03441744 0.10814661 0.04771613
v 0.03178968 0.10515185 0.05651653
v 0.03140137 0.10468475 0.04772416
v 0.03441744 0.10814661 0.04771613
v 0.02405672 0.09878599 0.05651635
v 0.02447444 0.09890436 0.04770624
v 0.02784496 0.10141879 0.04770918
v 0.02405672 0.09878599 0.05651635
v 0.02784496 0.10141879 0.04770918
v 0.03178968 0.10515185 0.05651653
v 0.03178968 0.10515185 0.05651653
v 0.02784496 0.10141879 0.04770918
v 0.03140137 0.10468475 0.04772416
v 0.02447444 0.09890436 0.04770624
v 0.02405672 0.09878599 0.05651635
v 0.02075694 0.09665120 0.04770768
v 0.02075694 0.09665120 0.04770768
v 0.02405672 0.09878599 0.05651635
v 0.01579300 0.09442376 0.05651614
v 0.02075694 0.09665120 0.04770768
v 0.01579300 0.09442376 0.05651614
v 0.01640344 0.09458886 0.04772479
v 0.01640344 0.09458886 0.04772479
v 0.01579300 0.09442376 0.05651614
v 0.01213744 0.09313991 0.04769981
v 0.01213744 0.09313991 0.04769981
v 0.01579300 0.09442376 0.05651614
v 0.00634809 0.09201300 0.05651635
v 0.01213744 0.09313991 0.04769981
v 0.00634809 0.09201300 0.05651635
v 0.00794175 0.09211944 0.04772936
v -0.00119393 0.09141295 0.04772545
v 0.00324019 0.09153869 0.04770128
v -0.00000004 0.09154837 0.05651635
v -0.00000004 0.09154837 0.05651635
v 0.00324019 0.09153869 0.04770128
v 0.00634809 0.09201300 0.05651635
v 0.00634809 0.09201300 0.05651635
v 0.00324019 0.09153869 0.04770128
v 0.00794175 0.09211944 0.04772936
v -0.01115364 0.06674869 0.04228021
v -0.01096341 0.06674885 0.04352418
v -0.01724658 0.06674869 0.04020162
v -0.01843742 0.06674869 0.04092134
v -0.02297194 0.06674868 0.03725793
v -0.02549689 0.06674876 0.03703329
v -0.02820770 0.06674868 0.03351213
v -0.03284225 0.06674868 0.02904381
v -0.02297194 0.06674868 -0.03802380
v -0.01868825 0.06674868 -0.04166133
v -0.01724658 0.06674868 -0.04096749
v -0.01115364 0.06674868 -0.04304607
v -0.00889022 0.06674869 -0.04470589
v -0.00482298 0.06674869 -0.04421537
v 0.00161048 0.06674869 -0.04445048
v 0.01423802 0.06674870 0.04135224
v 0.00915799 0.06674882 0.04388188
v 0.00800961 0.06674869 0.04298052
v 0.00161048 0.06674869 0.04368473
v -0.00088929 0.06674859 0.04465475
v -0.00482298 0.06674869 0.04344950
v -0.04409704 0.06674868 -0.00038293
v -0.04501258 0.06674866 0.00067915
v -0.04362711 0.06674868 -0.00680350
v -0.04467269 0.06674873 -0.00582095
v -0.04222735 0.06674868 -0.01308723
v 0.00145846 0.06674869 -0.04542056
v 0.00800961 0.06674869 -0.04374638
v 0.00847478 0.06674869 -0.04470511
v 0.01423802 0.06674869 -0.04211799
v 0.01613925 0.06674869 -0.04269729
v 0.02016299 0.06674870 -0.03960032
v -0.03216547 0.06674857 0.03132662
v -0.03677683 0.06674868 0.02394842
v -0.03660115 0.06674868 0.02595205
v -0.03992758 0.06674868 0.01833436
v -0.04371315 0.06674882 -0.01111473
v -0.04209638 0.06674885 -0.01639807
v -0.03992758 0.06674868 -0.01910021
v -0.03987499 0.06674912 -0.02140387
v -0.03677683 0.06674868 -0.02471416
v -0.03710739 0.06674979 -0.02605883
v -0.03284225 0.06674868 -0.02980968
v -0.03383337 0.06675118 -0.03031812
v -0.02820770 0.06674868 -0.03427800
v -0.03009121 0.06674868 -0.03406279
v -0.02588645 0.06674868 -0.03743970
v -0.03978534 0.06675009 0.02084029
v -0.04196487 0.06675030 0.01603688
v -0.04222735 0.06674868 0.01232137
v -0.04366040 0.06674896 0.01061156
v -0.04362711 0.06674868 0.00603776
v -0.04454964 0.06674881 0.00605559
v 0.03490259 0.06674870 0.02656801
v 0.03549886 0.06674912 0.02755614
v 0.03060656 0.06674870 0.03136263
v 0.02782492 0.06674872 0.03532959
v 0.02565820 0.06674870 0.03548074
v 0.02016299 0.06674870 0.03883433
v 0.01903488 0.06674886 0.04073040
v 0.02522157 0.06674870 -0.03799267
v 0.02565820 0.06674870 -0.03624660
v 0.03060656 0.06674870 -0.03212861
v 0.04397934 0.06674870 -0.00360176
v 0.04504205 0.06674979 -0.00008735
v 0.04397934 0.06674870 0.00283590
v 0.04465995 0.06674876 0.00520364
v 0.04304199 0.06674870 0.00920508
v 0.04379275 0.06674893 0.01006645
v 0.04118728 0.06674870 0.01536992
v 0.04220962 0.06674909 0.01533644
v 0.03845473 0.06674870 0.02119894
v 0.04050944 0.06675095 0.01941805
v 0.04304199 0.06674870 -0.00997094
v 0.04445121 0.06674885 -0.00739413
v 0.03213097 0.06674870 -0.03213820
v 0.03490259 0.06674870 -0.02733388
v 0.03625465 0.06675044 -0.02727946
v 0.03845473 0.06674870 -0.02196481
v 0.03918405 0.06674940 -0.02268862
v 0.04118728 0.06674870 -0.01613578
v 0.04153083 0.06674895 -0.01782285
v 0.04328715 0.06674892 -0.01274552
v 0.00966921 0.17794079 0.05577749
v 0.01221868 0.17714640 0.04771225
v 0.01570932 0.17607691 0.05574322
v 0.01570932 0.17607691 0.05574322
v 0.01221868 0.17714640 0.04771225
v 0.01643821 0.17568193 0.04771545
v 0.01570932 0.17607691 0.05574322
v 0.01643821 0.17568193 0.04771545
v 0.02038979 0.17385046 0.04771623
v 0.02170530 0.17331146 0.05581857
v 0.02170530 0.17331146 0.05581857
v 0.02038979 0.17385046 0.04771623
v 0.02668633 0.16997301 0.05576600
v 0.02038979 0.17385046 0.04771623
v 0.02434183 0.17150048 0.04772414
v 0.02668633 0.16997301 0.05576600
v 0.02668633 0.16997301 0.05576600
v 0.02434183 0.17150048 0.04772414
v 0.02819128 0.16858792 0.04770916
v 0.02668633 0.16997301 0.05576600
v 0.02819128 0.16858792 0.04770916
v 0.03174383 0.16547487 0.05581758
v 0.03174383 0.16547487 0.05581758
v 0.02819128 0.16858792 0.04770916
v 0.03126724 0.16572467 0.04770622
v 0.03174383 0.16547487 0.05581758
v 0.03126724 0.16572467 0.04770622
v 0.03575591 0.16057523 0.05577970
v 0.03575591 0.16057523 0.05577970
v 0.03126724 0.16572467 0.04770622
v 0.03415324 0.16246790 0.04770760
v 0.03575591 0.16057523 0.05577970
v 0.03415324 0.16246790 0.04770760
v 0.03696215 0.15855516 0.04772486
v 0.03575591 0.16057523 0.05577970
v 0.03696215 0.15855516 0.04772486
v 0.03901798 0.15515730 0.05576613
v 0.03901798 0.15515730 0.05576613
v 0.03696215 0.15855516 0.04772486
v 0.03915203 0.15461831 0.04769983
v 0.03901798 0.15515730 0.05576613
v 0.03915203 0.15461831 0.04769983
v 0.04090705 0.15067616 0.04772945
v 0.03901798 0.15515730 0.05576613
v 0.04090705 0.15067616 0.04772945
v 0.04159077 0.14911008 0.05578229
v 0.04159077 0.14911008 0.05578229
v 0.04090705 0.15067616 0.04772945
v 0.04232169 0.14615421 0.04770148
v 0.04159077 0.14911008 0.05578229
v 0.04232169 0.14615421 0.04770148
v 0.04313044 0.14318326 0.05577903
v 0.04313044 0.14318326 0.05577903
v 0.04232169 0.14615421 0.04770148
v 0.04324017 0.14181348 0.04772528
v 0.04313044 0.14318326 0.05577903
v 0.04324017 0.14181348 0.04772528
v 0.04387112 0.13609635 0.05576201
v 0.04387112 0.13609635 0.05576201
v 0.04324017 0.14181348 0.04772528
v 0.04369071 0.13738243 0.04772266
v 0.04387112 0.13609635 0.05576201
v 0.04369071 0.13738243 0.04772266
v 0.04367589 0.13301169 0.04770018
v 0.04387112 0.13609635 0.05576201
v 0.04367589 0.13301169 0.04770018
v 0.04363363 0.13046573 0.05578327
v 0.04363363 0.13046573 0.05578327
v 0.04367589 0.13301169 0.04770018
v 0.04321703 0.12833744 0.04772472
v 0.04363363 0.13046573 0.05578327
v 0.04321703 0.12833744 0.04772472
v 0.04242875 0.12387241 0.05581720
v 0.04242875 0.12387241 0.05581720
v 0.04321703 0.12833744 0.04772472
v 0.04226352 0.12393330 0.04769970
v 0.04242875 0.12387241 0.05581720
v 0.04226352 0.12393330 0.04769970
v 0.04032620 0.11786738 0.05577806
v 0.04032620 0.11786738 0.05577806
v 0.04226352 0.12393330 0.04769970
v 0.04101650 0.11995086 0.04771230
v 0.04032620 0.11786738 0.05577806
v 0.04101650 0.11995086 0.04771230
v 0.03909296 0.11550411 0.04772519
v 0.04032620 0.11786738 0.05577806
v 0.03909296 0.11550411 0.04772519
v 0.03739604 0.11226735 0.05574330
v 0.03739604 0.11226735 0.05574330
v 0.03909296 0.11550411 0.04772519
v 0.03684473 0.11160087 0.04769994
v 0.03739604 0.11226735 0.05574330
v 0.03684473 0.11160087 0.04769994
v 0.03441744 0.10814661 0.04771613
v 0.03739604 0.11226735 0.05574330
v 0.03441744 0.10814661 0.04771613
v 0.03358224 0.10686632 0.05581872
v 0.03358224 0.10686632 0.05581872
v 0.03441744 0.10814661 0.04771613
v 0.02941641 0.10259548 0.05576618
v 0.03441744 0.10814661 0.04771613
v 0.03140137 0.10468475 0.04772416
v 0.02941641 0.10259548 0.05576618
v 0.02941641 0.10259548 0.05576618
v 0.03140137 0.10468475 0.04772416
v 0.02784496 0.10141879 0.04770918
v 0.02941641 0.10259548 0.05576618
v 0.02784496 0.10141879 0.04770918
v 0.02405059 0.09841910 0.05581771
v 0.02405059 0.09841910 0.05581771
v 0.02784496 0.10141879 0.04770918
v 0.02447444 0.09890436 0.04770624
v 0.02405059 0.09841910 0.05581771
v 0.02447444 0.09890436 0.04770624
v 0.01851315 0.09536875 0.05578023
v 0.01851315 0.09536875 0.05578023
v 0.02447444 0.09890436 0.04770624
v 0.02075694 0.09665120 0.04770768
v 0.01851315 0.09536875 0.05578023
v 0.02075694 0.09665120 0.04770768
v 0.01640344 0.09458886 0.04772479
v 0.01851315 0.09536875 0.05578023
v 0.01640344 0.09458886 0.04772479
v 0.01259161 0.09315428 0.05574356
v 0.01259161 0.09315428 0.05574356
v 0.01640344 0.09458886 0.04772479
v 0.01213744 0.09313991 0.04769981
v 0.01259161 0.09315428 0.05574356
v 0.01213744 0.09313991 0.04769981
v 0.00794175 0.09211944 0.04772936
v 0.01259161 0.09315428 0.05574356
v 0.00794175 0.09211944 0.04772936
v 0.00618421 0.09171450 0.05578188
v 0.00618421 0.09171450 0.05578188
v 0.00794175 0.09211944 0.04772936
v 0.00324019 0.09153869 0.04770128
v 0.00618421 0.09171450 0.05578188
v 0.00324019 0.09153869 0.04770128
v 0.00006901 0.09127615 0.05577846
v 0.00006901 0.09127615 0.05577846
v 0.00324019 0.09153869 0.04770128
v -0.00119393 0.09141295 0.04772545
v 0.00006901 0.09127615 0.05577846
v -0.00119393 0.09141295 0.04772545
v -0.00635111 0.09177794 0.05575530
v -0.00635111 0.09177794 0.05575530
v -0.00119393 0.09141295 0.04772545
v -0.00554884 0.09176808 0.04770630
v -0.00554884 0.09176808 0.04770630
v -0.00995858 0.09254656 0.04772410
v -0.00635111 0.09177794 0.05575530
v -0.00635111 0.09177794 0.05575530
v -0.00995858 0.09254656 0.04772410
v -0.01259675 0.09311704 0.05578240
v -0.01259675 0.09311704 0.05578240
v -0.00995858 0.09254656 0.04772410
v -0.01461395 0.09391805 0.04771383
v -0.01259675 0.09311704 0.05578240
v -0.01461395 0.09391805 0.04771383
v -0.01880163 0.09547590 0.05581733
v -0.01880163 0.09547590 0.05581733
v -0.01461395 0.09391805 0.04771383
v -0.01855158 0.09555373 0.04769761
v -0.01880163 0.09547590 0.05581733
v -0.01855158 0.09555373 0.04769761
v -0.02431668 0.09862934 0.05577862
v -0.02431668 0.09862934 0.05577862
v -0.01855158 0.09555373 0.04769761
v -0.02232542 0.09753928 0.04770749
v -0.02431668 0.09862934 0.05577862
v -0.02232542 0.09753928 0.04770749
v -0.02633255 0.10020889 0.04772505
v -0.02431668 0.09862934 0.05577862
v -0.02633255 0.10020889 0.04772505
v -0.02929084 0.10252816 0.05574337
v -0.02929084 0.10252816 0.05574337
v -0.02633255 0.10020889 0.04772505
v -0.02976974 0.10312035 0.04769990
v -0.02929084 0.10252816 0.05574337
v -0.02976974 0.10312035 0.04769990
v -0.03273647 0.10613162 0.04771604
v -0.02929084 0.10252816 0.05574337
v -0.03273647 0.10613162 0.04771604
v -0.03391537 0.10726600 0.05581888
v -0.03391537 0.10726600 0.05581888
v -0.03273647 0.10613162 0.04771604
v -0.03734202 0.11211333 0.05576631
v -0.03273647 0.10613162 0.04771604
v -0.03550409 0.10960526 0.04770879
v -0.03734202 0.11211333 0.05576631
v -0.03734202 0.11211333 0.05576631
v -0.03550409 0.10960526 0.04770879
v -0.03811007 0.11365941 0.04772503
v -0.03734202 0.11211333 0.05576631
v -0.03811007 0.11365941 0.04772503
v -0.04031921 0.11793736 0.05575857
v -0.04031921 0.11793736 0.05575857
v -0.03811007 0.11365941 0.04772503
v -0.04010462 0.11766916 0.04772271
v -0.04010462 0.11766916 0.04772271
v -0.04161601 0.12172531 0.04769922
v -0.04031921 0.11793736 0.05575857
v -0.04031921 0.11793736 0.05575857
v -0.04161601 0.12172531 0.04769922
v -0.04244635 0.12402268 0.05578401
v -0.04244635 0.12402268 0.05578401
v -0.04161601 0.12172531 0.04769922
v -0.04284224 0.12627954 0.04772474
v -0.04244635 0.12402268 0.05578401
v -0.04284224 0.12627954 0.04772474
v -0.04365500 0.13050670 0.05581695
v -0.04365500 0.13050670 0.05581695
v -0.04284224 0.12627954 0.04772474
v -0.04350316 0.13073630 0.04769978
v -0.04365500 0.13050670 0.05581695
v -0.04350316 0.13073630 0.04769978
v -0.04382968 0.13691371 0.05575968
v -0.04382968 0.13691371 0.05575968
v -0.04350316 0.13073630 0.04769978
v -0.04374072 0.13489783 0.04771233
v -0.04382968 0.13691371 0.05575968
v -0.04374072 0.13489783 0.04771233
v -0.04350941 0.13974178 0.04772554
v -0.04382968 0.13691371 0.05575968
v -0.04350941 0.13974178 0.04772554
v -0.04315366 0.14304774 0.05577789
v -0.04315366 0.14304774 0.05577789
v -0.04350941 0.13974178 0.04772554
v -0.04276733 0.14431222 0.04770953
v -0.04315366 0.14304774 0.05577789
v -0.04276733 0.14431222 0.04770953
v -0.04147334 0.14955365 0.05581842
v -0.04147334 0.14955365 0.05581842
v -0.04276733 0.14431222 0.04770953
v -0.04168166 0.14838536 0.04770629
v -0.04147334 0.14955365 0.05581842
v -0.04168166 0.14838536 0.04770629
v -0.03908207 0.15508588 0.05576581
v -0.04168166 0.14838536 0.04770629
v -0.04012674 0.15258031 0.04772411
v -0.03908207 0.15508588 0.05576581
v -0.03908207 0.15508588 0.05576581
v -0.04012674 0.15258031 0.04772411
v -0.03795187 0.15688835 0.04770915
v -0.03908207 0.15508588 0.05576581
v -0.03795187 0.15688835 0.04770915
v -0.03559272 0.16084890 0.05581745
v -0.03559272 0.16084890 0.05581745
v -0.03795187 0.15688835 0.04770915
v -0.03568816 0.16042521 0.04770621
v -0.03559272 0.16084890 0.05581745
v -0.03568816 0.16042521 0.04770621
v -0.03149647 0.16569195 0.05577916
v -0.03149647 0.16569195 0.05577916
v -0.03568816 0.16042521 0.04770621
v -0.03299858 0.16385187 0.04770754
v -0.03149647 0.16569195 0.05577916
v -0.03299858 0.16385187 0.04770754
v -0.02965334 0.16731612 0.04772494
v -0.03149647 0.16569195 0.05577916
v -0.02965334 0.16731612 0.04772494
v -0.02675856 0.16987498 0.05574344
v -0.02675856 0.16987498 0.05574344
v -0.02965334 0.16731612 0.04772494
v -0.02617294 0.17017588 0.04769986
v -0.02675856 0.16987498 0.05574344
v -0.02617294 0.17017588 0.04769986
v -0.02267425 0.17255755 0.04771595
v -0.02125226 0.17356674 0.05581903
v -0.02125226 0.17356674 0.05581903
v -0.02267425 0.17255755 0.04771595
v -0.01571788 0.17609851 0.05575876
v -0.01571788 0.17609851 0.05575876
v -0.02267425 0.17255755 0.04771595
v -0.01876864 0.17465393 0.04770927
v -0.01571788 0.17609851 0.05575876
v -0.01876864 0.17465393 0.04770927
v -0.01430897 0.17649261 0.04772517
v -0.01571788 0.17609851 0.05575876
v -0.01430897 0.17649261 0.04772517
v -0.00932898 0.17804828 0.05581798
v -0.00932898 0.17804828 0.05581798
v -0.01430897 0.17649261 0.04772517
v -0.01011326 0.17769560 0.04770628
v -0.00932898 0.17804828 0.05581798
v -0.01011326 0.17769560 0.04770628
v -0.00323041 0.17891218 0.05578705
v -0.01011326 0.17769560 0.04770628
v -0.00584883 0.17849197 0.04770849
v -0.00323041 0.17891218 0.05578705
v -0.00323041 0.17891218 0.05578705
v -0.00584883 0.17849197 0.04770849
v -0.00111072 0.17888928 0.04773548
v -0.00323041 0.17891218 0.05578705
v -0.00111072 0.17888928 0.04773548
v 0.00337032 0.17889778 0.05578152
v 0.00337032 0.17889778 0.05578152
v -0.00111072 0.17888928 0.04773548
v 0.00354182 0.17872698 0.04769882
v 0.00337032 0.17889778 0.05578152
v 0.00354182 0.17872698 0.04769882
v 0.00966921 0.17794079 0.05577749
v 0.00966921 0.17794079 0.05577749
v 0.00354182 0.17872698 0.04769882
v 0.00759662 0.17822439 0.04771229
v 0.00966921 0.17794079 0.05577749
v 0.00759662 0.17822439 0.04771229
v 0.01221868 0.17714640 0.04771225
v 0.04050944 0.06675095 0.01941805
v 0.03791733 0.08086437 0.02401841
v 0.03549886 0.06674912 0.02755614
v 0.03549886 0.06674912 0.02755614
v 0.03791733 0.08086437 0.02401841
v 0.03492082 0.07833187 0.02820981
v 0.03492082 0.07833187 0.02820981
v 0.03019736 0.07987033 0.03322631
v 0.03549886 0.06674912 0.02755614
v 0.03549886 0.06674912 0.02755614
v 0.03019736 0.07987033 0.03322631
v 0.02782492 0.06674872 0.03532959
v 0.02782492 0.06674872 0.03532959
v 0.03019736 0.07987033 0.03322631
v 0.02520743 0.07908698 0.03716354
v 0.02782492 0.06674872 0.03532959
v 0.02520743 0.07908698 0.03716354
v 0.01903488 0.06674886 0.04073040
v 0.01903488 0.06674886 0.04073040
v 0.02520743 0.07908698 0.03716354
v 0.02087275 0.07899104 0.03976080
v 0.01903488 0.06674886 0.04073040
v 0.02087275 0.07899104 0.03976080
v 0.01511452 0.08016790 0.04226882
v 0.01903488 0.06674886 0.04073040
v 0.01511452 0.08016790 0.04226882
v 0.00915799 0.06674882 0.04388188
v 0.00915799 0.06674882 0.04388188
v 0.01511452 0.08016790 0.04226882
v 0.00915074 0.08234729 0.04381124
v 0.00915799 0.06674882 0.04388188
v 0.00915074 0.08234729 0.04381124
v 0.00472857 0.08872120 0.04436073
v 0.00915799 0.06674882 0.04388188
v 0.00472857 0.08872120 0.04436073
v -0.00088929 0.06674859 0.04465475
v -0.00088929 0.06674859 0.04465475
v 0.00472857 0.08872120 0.04436073
v -0.00019666 0.08875842 0.04464566
v -0.00088929 0.06674859 0.04465475
v -0.00019666 0.08875842 0.04464566
v -0.00499673 0.08922698 0.04437075
v -0.00088929 0.06674859 0.04465475
v -0.00499673 0.08922698 0.04437075
v -0.01096341 0.06674885 0.04352418
v -0.01096341 0.06674885 0.04352418
v -0.00499673 0.08922698 0.04437075
v -0.00892299 0.07979176 0.04386739
v -0.01096341 0.06674885 0.04352418
v -0.00892299 0.07979176 0.04386739
v -0.01334325 0.07956636 0.04279840
v -0.01766679 0.07933564 0.04128914
v -0.01843742 0.06674869 0.04092134
v -0.01096341 0.06674885 0.04352418
v -0.01334325 0.07956636 0.04279840
v -0.01843742 0.06674869 0.04092134
v -0.01766679 0.07933564 0.04128914
v -0.02312760 0.07904402 0.03848514
v -0.01843742 0.06674869 0.04092134
v -0.02312760 0.07904402 0.03848514
v -0.02549689 0.06674876 0.03703329
v -0.02549689 0.06674876 0.03703329
v -0.02312760 0.07904402 0.03848514
v -0.02766422 0.08000526 0.03534332
v -0.02549689 0.06674876 0.03703329
v -0.02766422 0.08000526 0.03534332
v -0.03216547 0.06674857 0.03132662
v -0.02766422 0.08000526 0.03534332
v -0.03122726 0.07919577 0.03223223
v -0.03216547 0.06674857 0.03132662
v -0.03122726 0.07919577 0.03223223
v -0.03465901 0.07923799 0.02855154
v -0.03216547 0.06674857 0.03132662
v -0.03216547 0.06674857 0.03132662
v -0.03465901 0.07923799 0.02855154
v -0.03660115 0.06674868 0.02595205
v -0.03465901 0.07923799 0.02855154
v -0.03809669 0.08241980 0.02373628
v -0.03660115 0.06674868 0.02595205
v -0.03660115 0.06674868 0.02595205
v -0.03809669 0.08241980 0.02373628
v -0.03978534 0.06675009 0.02084029
v -0.03383337 0.06675118 -0.03031812
v -0.02997514 0.07913395 -0.03417518
v -0.03009121 0.06674868 -0.03406279
v -0.02571576 0.07997389 -0.03755088
v -0.02588645 0.06674868 -0.03743970
v -0.03009121 0.06674868 -0.03406279
v -0.02571576 0.07997389 -0.03755088
v -0.03009121 0.06674868 -0.03406279
v -0.02997514 0.07913395 -0.03417518
v -0.02118240 0.07977895 -0.04033694
v -0.01868825 0.06674868 -0.04166133
v -0.02588645 0.06674868 -0.03743970
v -0.02118240 0.07977895 -0.04033694
v -0.02588645 0.06674868 -0.03743970
v -0.02571576 0.07997389 -0.03755088
v -0.01648134 0.08011200 -0.04248893
v -0.01868825 0.06674868 -0.04166133
v -0.02118240 0.07977895 -0.04033694
v -0.01868825 0.06674868 -0.04166133
v -0.01648134 0.08011200 -0.04248893
v -0.01140137 0.08093126 -0.04407946
v -0.00889022 0.06674869 -0.04470589
v -0.00889022 0.06674869 -0.04470589
v -0.01140137 0.08093126 -0.04407946
v -0.00620812 0.08346780 -0.04502068
v -0.00065943 0.08855549 -0.04538971
v 0.00145846 0.06674869 -0.04542056
v -0.00889022 0.06674869 -0.04470589
v -0.00065943 0.08855549 -0.04538971
v -0.00889022 0.06674869 -0.04470589
v -0.00620812 0.08346780 -0.04502068
v 0.00372206 0.08888286 -0.04525833
v 0.00145846 0.06674869 -0.04542056
v -0.00065943 0.08855549 -0.04538971
v 0.00858015 0.08119568 -0.04467350
v 0.00847478 0.06674869 -0.04470511
v 0.00145846 0.06674869 -0.04542056
v 0.00858015 0.08119568 -0.04467350
v 0.00145846 0.06674869 -0.04542056
v 0.00372206 0.08888286 -0.04525833
v 0.01376237 0.07996159 -0.04343383
v 0.01613925 0.06674869 -0.04269729
v 0.00847478 0.06674869 -0.04470511
v 0.01376237 0.07996159 -0.04343383
v 0.00847478 0.06674869 -0.04470511
v 0.00858015 0.08119568 -0.04467350
v 0.01613925 0.06674869 -0.04269729
v 0.01376237 0.07996159 -0.04343383
v 0.01860412 0.07965757 -0.04160716
v 0.01613925 0.06674869 -0.04269729
v 0.01860412 0.07965757 -0.04160716
v 0.02522157 0.06674870 -0.03799267
v 0.02317582 0.07965810 -0.03921031
v 0.02522157 0.06674870 -0.03799267
v 0.02317582 0.07965810 -0.03921031
v 0.02744646 0.07941041 -0.03627422
v 0.02522157 0.06674870 -0.03799267
v 0.02744646 0.07941041 -0.03627422
v 0.03213097 0.06674870 -0.03213820
v 0.03213097 0.06674870 -0.03213820
v 0.02744646 0.07941041 -0.03627422
v 0.03184803 0.07916831 -0.03242034
v 0.03213097 0.06674870 -0.03213820
v 0.03184803 0.07916831 -0.03242034
v 0.03625465 0.06675044 -0.02727946
v -0.03122726 0.07919577 0.03223223
v -0.02766422 0.08000526 0.03534332
v -0.02823558 0.09669958 0.03441822
v -0.04477678 0.12865121 0.00853213
v -0.04486424 0.13133098 0.01348785
v -0.04498903 0.13424954 0.00607433
v -0.04278016 0.11984393 0.01721469
v -0.04071695 0.11596408 0.02448120
v -0.04254573 0.12047653 0.02148799
v -0.00258435 0.08997210 0.04530712
v -0.00195278 0.09014864 0.04607575
v -0.00688909 0.09063759 0.04553904
v 0.02328320 0.09663055 0.03996525
v 0.01848260 0.09411284 0.04224910
v 0.02089485 0.09480842 0.04027513
v 0.04479990 0.12345471 0.00402497
v 0.04504205 0.06674979 -0.00008735
v 0.04498907 0.12794995 -0.00041292
v 0.04403702 0.11641210 0.00875562
v 0.04379275 0.06674893 0.01006645
v 0.04465995 0.06674876 0.00520364
v 0.04403702 0.11641210 0.00875562
v 0.04465995 0.06674876 0.00520364
v 0.04479990 0.12345471 0.00402497
v 0.04479990 0.12345471 0.00402497
v 0.04465995 0.06674876 0.00520364
v 0.04504205 0.06674979 -0.00008735
v 0.04271891 0.11268625 0.01357510
v 0.04220962 0.06674909 0.01533644
v 0.04379275 0.06674893 0.01006645
v 0.04271891 0.11268625 0.01357510
v 0.04379275 0.06674893 0.01006645
v 0.04403702 0.11641210 0.00875562
v 0.04083048 0.10876610 0.01829246
v 0.04050944 0.06675095 0.01941805
v 0.04271891 0.11268625 0.01357510
v 0.04271891 0.11268625 0.01357510
v 0.04050944 0.06675095 0.01941805
v 0.04220962 0.06674909 0.01533644
v 0.03884947 0.10599854 0.02210356
v 0.03791733 0.08086437 0.02401841
v 0.04083048 0.10876610 0.01829246
v 0.04083048 0.10876610 0.01829246
v 0.03791733 0.08086437 0.02401841
v 0.04050944 0.06675095 0.01941805
v 0.03207246 0.09838132 0.03088929
v 0.03492082 0.07833187 0.02820981
v 0.03500066 0.10188209 0.02766924
v 0.03500066 0.10188209 0.02766924
v 0.03492082 0.07833187 0.02820981
v 0.03884947 0.10599854 0.02210356
v 0.03884947 0.10599854 0.02210356
v 0.03492082 0.07833187 0.02820981
v 0.03791733 0.08086437 0.02401841
v 0.03019736 0.07987033 0.03322631
v -0.00892299 0.07979176 0.04386739
v -0.01001328 0.08947477 0.04344268
v -0.01334325 0.07956636 0.04279840
v -0.03119878 0.09916647 0.03183557
v -0.03805433 0.10473623 0.02339025
v -0.03809669 0.08241980 0.02373628
v -0.03524971 0.10224846 0.02733279
v -0.03524971 0.10224846 0.02733279
v -0.03809669 0.08241980 0.02373628
v -0.03465901 0.07923799 0.02855154
v -0.03809669 0.08241980 0.02373628
v -0.03805433 0.10473623 0.02339025
v -0.03978534 0.06675009 0.02084029
v -0.03978534 0.06675009 0.02084029
v -0.03805433 0.10473623 0.02339025
v -0.04068939 0.10851308 0.01860921
v -0.04196487 0.06675030 0.01603688
v -0.04068939 0.10851308 0.01860921
v -0.04267975 0.11347071 0.01373848
v -0.04068939 0.10851308 0.01860921
v -0.04196487 0.06675030 0.01603688
v -0.03978534 0.06675009 0.02084029
v -0.04402901 0.11721216 0.00881650
v -0.04366040 0.06674896 0.01061156
v -0.04267975 0.11347071 0.01373848
v -0.04267975 0.11347071 0.01373848
v -0.04366040 0.06674896 0.01061156
v -0.04196487 0.06675030 0.01603688
v -0.04501258 0.06674866 0.00067915
v -0.04454964 0.06674881 0.00605559
v -0.04480066 0.12093971 0.00377052
v -0.04480066 0.12093971 0.00377052
v -0.04454964 0.06674881 0.00605559
v -0.04402901 0.11721216 0.00881650
v -0.04402901 0.11721216 0.00881650
v -0.04454964 0.06674881 0.00605559
v -0.04366040 0.06674896 0.01061156
v -0.04498999 0.12712603 -0.00043054
v -0.04501258 0.06674866 0.00067915
v -0.04480066 0.12093971 0.00377052
v -0.00258435 0.08997210 0.04530712
v -0.00000004 0.08976648 0.04519065
v -0.00195278 0.09014864 0.04607575
v -0.00258435 0.08997210 0.04530712
v -0.00688909 0.09063759 0.04553904
v -0.00631827 0.09028777 0.04493440
v -0.00631827 0.09028777 0.04493440
v -0.00688909 0.09063759 0.04553904
v -0.01074448 0.09143641 0.04474462
v -0.00000004 0.08976648 0.04519065
v -0.00249326 0.08905530 0.04461861
v -0.00019666 0.08875842 0.04464566
v -0.01164209 0.09031557 0.04312489
v -0.01001328 0.08947477 0.04344268
v -0.00750698 0.08965222 0.04405529
v -0.01980099 0.09202609 0.03987000
v -0.01577294 0.09125263 0.04170808
v -0.02082880 0.09376689 0.03957570
v -0.02082880 0.09376689 0.03957570
v -0.01577294 0.09125263 0.04170808
v -0.01833466 0.09330401 0.04115994
v -0.01833466 0.09330401 0.04115994
v -0.01577294 0.09125263 0.04170808
v -0.01498803 0.09228263 0.04267705
v -0.01498803 0.09228263 0.04267705
v -0.01577294 0.09125263 0.04170808
v -0.01164209 0.09031557 0.04312489
v -0.01498803 0.09228263 0.04267705
v -0.01164209 0.09031557 0.04312489
v -0.01131623 0.09117482 0.04380582
v -0.01131623 0.09117482 0.04380582
v -0.01164209 0.09031557 0.04312489
v -0.00750698 0.08965222 0.04405529
v -0.00499673 0.08922698 0.04437075
v -0.00249326 0.08905530 0.04461861
v -0.00258435 0.08997210 0.04530712
v -0.00258435 0.08997210 0.04530712
v -0.00249326 0.08905530 0.04461861
v -0.00000004 0.08976648 0.04519065
v -0.01164209 0.09031557 0.04312489
v -0.01577294 0.09125263 0.04170808
v -0.01001328 0.08947477 0.04344268
v -0.02311150 0.09601134 0.03916689
v -0.02324917 0.09658532 0.03996073
v -0.02789853 0.09868408 0.03554076
v -0.02324917 0.09658532 0.03996073
v -0.02852712 0.10027399 0.03676645
v -0.02789853 0.09868408 0.03554076
v -0.02789853 0.09868408 0.03554076
v -0.02852712 0.10027399 0.03676645
v -0.03214290 0.10245476 0.03210977
v -0.00258435 0.08997210 0.04530712
v -0.00631827 0.09028777 0.04493440
v -0.00499673 0.08922698 0.04437075
v -0.00499673 0.08922698 0.04437075
v -0.00631827 0.09028777 0.04493440
v -0.00750698 0.08965222 0.04405529
v -0.00750698 0.08965222 0.04405529
v -0.00631827 0.09028777 0.04493440
v -0.01131623 0.09117482 0.04380582
v -0.01498803 0.09228263 0.04267705
v -0.01870217 0.09419025 0.04205441
v -0.01833466 0.09330401 0.04115994
v -0.02082880 0.09376689 0.03957570
v -0.02526699 0.09643361 0.03712553
v -0.02478766 0.09473015 0.03699721
v -0.00631827 0.09028777 0.04493440
v -0.01074448 0.09143641 0.04474462
v -0.01131623 0.09117482 0.04380582
v -0.01131623 0.09117482 0.04380582
v -0.01074448 0.09143641 0.04474462
v -0.01394056 0.09235613 0.04393306
v -0.01131623 0.09117482 0.04380582
v -0.01394056 0.09235613 0.04393306
v -0.01498803 0.09228263 0.04267705
v -0.01498803 0.09228263 0.04267705
v -0.01394056 0.09235613 0.04393306
v -0.01870217 0.09419025 0.04205441
v -0.01833466 0.09330401 0.04115994
v -0.02311150 0.09601134 0.03916689
v -0.02082880 0.09376689 0.03957570
v -0.02082880 0.09376689 0.03957570
v -0.02311150 0.09601134 0.03916689
v -0.02526699 0.09643361 0.03712553
v -0.02478766 0.09473015 0.03699721
v -0.02526699 0.09643361 0.03712553
v -0.02823558 0.09669958 0.03441822
v -0.02823558 0.09669958 0.03441822
v -0.03119878 0.09916647 0.03183557
v -0.03122726 0.07919577 0.03223223
v -0.01833466 0.09330401 0.04115994
v -0.01870217 0.09419025 0.04205441
v -0.02311150 0.09601134 0.03916689
v -0.02526699 0.09643361 0.03712553
v -0.02789853 0.09868408 0.03554076
v -0.02823558 0.09669958 0.03441822
v -0.02823558 0.09669958 0.03441822
v -0.02789853 0.09868408 0.03554076
v -0.03119878 0.09916647 0.03183557
v -0.03511757 0.10469253 0.02835072
v -0.03214290 0.10245476 0.03210977
v -0.03538000 0.10726080 0.03080608
v -0.03538000 0.10726080 0.03080608
v -0.03214290 0.10245476 0.03210977
v -0.03308156 0.10458893 0.03325054
v -0.03308156 0.10458893 0.03325054
v -0.03214290 0.10245476 0.03210977
v -0.02852712 0.10027399 0.03676645
v -0.00249326 0.08905530 0.04461861
v -0.00499673 0.08922698 0.04437075
v -0.00019666 0.08875842 0.04464566
v -0.01334325 0.07956636 0.04279840
v -0.01001328 0.08947477 0.04344268
v -0.01577294 0.09125263 0.04170808
v -0.01334325 0.07956636 0.04279840
v -0.01577294 0.09125263 0.04170808
v -0.01766679 0.07933564 0.04128914
v -0.00750698 0.08965222 0.04405529
v -0.01001328 0.08947477 0.04344268
v -0.00499673 0.08922698 0.04437075
v -0.00499673 0.08922698 0.04437075
v -0.01001328 0.08947477 0.04344268
v -0.00892299 0.07979176 0.04386739
v -0.02823558 0.09669958 0.03441822
v -0.02766422 0.08000526 0.03534332
v -0.02478766 0.09473015 0.03699721
v -0.02478766 0.09473015 0.03699721
v -0.01980099 0.09202609 0.03987000
v -0.02082880 0.09376689 0.03957570
v -0.02766422 0.08000526 0.03534332
v -0.02312760 0.07904402 0.03848514
v -0.02478766 0.09473015 0.03699721
v -0.02478766 0.09473015 0.03699721
v -0.02312760 0.07904402 0.03848514
v -0.01980099 0.09202609 0.03987000
v -0.01980099 0.09202609 0.03987000
v -0.02312760 0.07904402 0.03848514
v -0.01766679 0.07933564 0.04128914
v -0.01577294 0.09125263 0.04170808
v -0.01980099 0.09202609 0.03987000
v -0.01766679 0.07933564 0.04128914
v -0.01870217 0.09419025 0.04205441
v -0.02324917 0.09658532 0.03996073
v -0.02311150 0.09601134 0.03916689
v -0.02311150 0.09601134 0.03916689
v -0.02789853 0.09868408 0.03554076
v -0.02526699 0.09643361 0.03712553
v -0.03119878 0.09916647 0.03183557
v -0.03524971 0.10224846 0.02733279
v -0.03465901 0.07923799 0.02855154
v -0.03511757 0.10469253 0.02835072
v -0.03805433 0.10473623 0.02339025
v -0.03524971 0.10224846 0.02733279
v -0.03822226 0.10814408 0.02380438
v -0.04068939 0.10851308 0.01860921
v -0.03805433 0.10473623 0.02339025
v -0.03524971 0.10224846 0.02733279
v -0.03295624 0.10085588 0.03011961
v -0.03511757 0.10469253 0.02835072
v -0.03511757 0.10469253 0.02835072
v -0.03295624 0.10085588 0.03011961
v -0.03214290 0.10245476 0.03210977
v -0.04486424 0.13133098 0.01348785
v -0.04477678 0.12865121 0.00853213
v -0.04403011 0.12374988 0.01255018
v -0.04486424 0.13133098 0.01348785
v -0.04403011 0.12374988 0.01255018
v -0.04402771 0.12578215 0.01743128
v -0.04402771 0.12578215 0.01743128
v -0.04403011 0.12374988 0.01255018
v -0.04278016 0.11984393 0.01721469
v -0.04402771 0.12578215 0.01743128
v -0.04278016 0.11984393 0.01721469
v -0.04254573 0.12047653 0.02148799
v -0.03840343 0.11160534 0.02736201
v -0.04071695 0.11596408 0.02448120
v -0.04076149 0.11358551 0.02027003
v -0.04076149 0.11358551 0.02027003
v -0.04071695 0.11596408 0.02448120
v -0.04278016 0.11984393 0.01721469
v -0.04498903 0.13424954 0.00607433
v -0.04494178 0.13188968 -0.00040132
v -0.04477678 0.12865121 0.00853213
v -0.04076149 0.11358551 0.02027003
v -0.03822226 0.10814408 0.02380438
v -0.03840343 0.11160534 0.02736201
v -0.03822226 0.10814408 0.02380438
v -0.04076149 0.11358551 0.02027003
v -0.04068939 0.10851308 0.01860921
v -0.04068939 0.10851308 0.01860921
v -0.04076149 0.11358551 0.02027003
v -0.04267975 0.11347071 0.01373848
v -0.04494178 0.13188968 -0.00040132
v -0.04498999 0.12712603 -0.00043054
v -0.04480066 0.12093971 0.00377052
v -0.04494178 0.13188968 -0.00040132
v -0.04480066 0.12093971 0.00377052
v -0.04477678 0.12865121 0.00853213
v -0.04477678 0.12865121 0.00853213
v -0.04480066 0.12093971 0.00377052
v -0.04402901 0.11721216 0.00881650
v -0.04403011 0.12374988 0.01255018
v -0.04403011 0.12374988 0.01255018
v -0.04402901 0.11721216 0.00881650
v -0.04267975 0.11347071 0.01373848
v -0.04403011 0.12374988 0.01255018
v -0.04267975 0.11347071 0.01373848
v -0.04278016 0.11984393 0.01721469
v -0.04278016 0.11984393 0.01721469
v -0.04267975 0.11347071 0.01373848
v -0.04076149 0.11358551 0.02027003
v -0.03538000 0.10726080 0.03080608
v -0.03840343 0.11160534 0.02736201
v -0.03511757 0.10469253 0.02835072
v -0.03511757 0.10469253 0.02835072
v -0.03840343 0.11160534 0.02736201
v -0.03822226 0.10814408 0.02380438
v -0.03511757 0.10469253 0.02835072
v -0.03822226 0.10814408 0.02380438
v -0.03805433 0.10473623 0.02339025
v -0.03295624 0.10085588 0.03011961
v -0.03524971 0.10224846 0.02733279
v -0.03119878 0.09916647 0.03183557
v -0.03295624 0.10085588 0.03011961
v -0.03119878 0.09916647 0.03183557
v -0.03214290 0.10245476 0.03210977
v -0.03214290 0.10245476 0.03210977
v -0.03119878 0.09916647 0.03183557
v -0.02789853 0.09868408 0.03554076
v 0.04498907 0.12794995 -0.00041292
v 0.04494407 0.13260349 0.00039136
v 0.04485069 0.13130141 0.01271932
v 0.04498907 0.12794995 -0.00041292
v 0.04485069 0.13130141 0.01271932
v 0.04479990 0.12345471 0.00402497
v 0.04479990 0.12345471 0.00402497
v 0.04485069 0.13130141 0.01271932
v 0.04403029 0.12240742 0.01117695
v 0.04485069 0.13130141 0.01271932
v 0.04419076 0.12657717 0.01681423
v 0.04403029 0.12240742 0.01117695
v 0.04403029 0.12240742 0.01117695
v 0.04419076 0.12657717 0.01681423
v 0.04279868 0.12126764 0.02089971
v 0.04403029 0.12240742 0.01117695
v 0.04279868 0.12126764 0.02089971
v 0.04268873 0.11793168 0.01574152
v 0.04268873 0.11793168 0.01574152
v 0.04279868 0.12126764 0.02089971
v 0.04075565 0.11601161 0.02438193
v 0.04268873 0.11793168 0.01574152
v 0.04075565 0.11601161 0.02438193
v 0.04084483 0.11353814 0.01986448
v 0.04084483 0.11353814 0.01986448
v 0.04075565 0.11601161 0.02438193
v 0.03806940 0.11113107 0.02819211
v 0.04084483 0.11353814 0.01986448
v 0.03806940 0.11113107 0.02819211
v 0.03841265 0.10940729 0.02410623
v 0.03841265 0.10940729 0.02410623
v 0.03806940 0.11113107 0.02819211
v 0.03477238 0.10656533 0.03180544
v 0.03841265 0.10940729 0.02410623
v 0.03477238 0.10656533 0.03180544
v 0.03570746 0.10615803 0.02814258
v 0.04084483 0.11353814 0.01986448
v 0.04271891 0.11268625 0.01357510
v 0.04268873 0.11793168 0.01574152
v 0.04268873 0.11793168 0.01574152
v 0.04271891 0.11268625 0.01357510
v 0.04403702 0.11641210 0.00875562
v 0.04403029 0.12240742 0.01117695
v 0.04403029 0.12240742 0.01117695
v 0.04403702 0.11641210 0.00875562
v 0.04479990 0.12345471 0.00402497
v 0.03884947 0.10599854 0.02210356
v 0.03616011 0.10402756 0.02631384
v 0.03500066 0.10188209 0.02766924
v 0.01628337 0.09283398 0.04238138
v 0.02089485 0.09480842 0.04027513
v 0.01848260 0.09411284 0.04224910
v 0.01371140 0.09226476 0.04395207
v 0.01628337 0.09283398 0.04238138
v 0.01848260 0.09411284 0.04224910
v 0.01255214 0.09088445 0.04296595
v 0.01628337 0.09283398 0.04238138
v 0.01253712 0.09170560 0.04370623
v 0.01253712 0.09170560 0.04370623
v 0.01628337 0.09283398 0.04238138
v 0.01371140 0.09226476 0.04395207
v 0.00883530 0.09043854 0.04419216
v 0.01255214 0.09088445 0.04296595
v 0.01253712 0.09170560 0.04370623
v 0.00883530 0.09043854 0.04419216
v 0.01253712 0.09170560 0.04370623
v 0.00995144 0.09122730 0.04481033
v 0.00995144 0.09122730 0.04481033
v 0.01253712 0.09170560 0.04370623
v 0.01371140 0.09226476 0.04395207
v 0.03841265 0.10940729 0.02410623
v 0.03841265 0.10940729 0.02410623
v 0.03884947 0.10599854 0.02210356
v 0.04084483 0.11353814 0.01986448
v 0.04084483 0.11353814 0.01986448
v 0.03884947 0.10599854 0.02210356
v 0.04083048 0.10876610 0.01829246
v 0.04084483 0.11353814 0.01986448
v 0.04083048 0.10876610 0.01829246
v 0.04271891 0.11268625 0.01357510
v 0.03570746 0.10615803 0.02814258
v 0.03477238 0.10656533 0.03180544
v 0.03167903 0.10243468 0.03313379
v 0.03570746 0.10615803 0.02814258
v 0.03167903 0.10243468 0.03313379
v 0.03210015 0.10112770 0.03131537
v 0.02836842 0.09953255 0.03570604
v 0.03018958 0.10175509 0.03572014
v 0.02589987 0.09830702 0.03832796
v 0.02836842 0.09953255 0.03570604
v 0.02589987 0.09830702 0.03832796
v 0.02526812 0.09692316 0.03746919
v 0.02526812 0.09692316 0.03746919
v 0.02089485 0.09480842 0.04027513
v 0.02081693 0.09354777 0.03952691
v 0.02526812 0.09692316 0.03746919
v 0.02526135 0.09572984 0.03681556
v 0.02840199 0.09808933 0.03457587
v 0.02526812 0.09692316 0.03746919
v 0.02840199 0.09808933 0.03457587
v 0.02836842 0.09953255 0.03570604
v 0.02081693 0.09354777 0.03952691
v 0.01985968 0.09199776 0.03983414
v 0.02423841 0.09369138 0.03732356
v 0.02081693 0.09354777 0.03952691
v 0.02423841 0.09369138 0.03732356
v 0.02526135 0.09572984 0.03681556
v 0.02840199 0.09808933 0.03457587
v 0.02922665 0.09771534 0.03364435
v 0.03210015 0.10112770 0.03131537
v 0.02840199 0.09808933 0.03457587
v 0.03210015 0.10112770 0.03131537
v 0.02836842 0.09953255 0.03570604
v 0.02836842 0.09953255 0.03570604
v 0.03210015 0.10112770 0.03131537
v 0.03167903 0.10243468 0.03313379
v 0.03018958 0.10175509 0.03572014
v 0.03167903 0.10243468 0.03313379
v 0.03477238 0.10656533 0.03180544
v 0.03167903 0.10243468 0.03313379
v 0.03018958 0.10175509 0.03572014
v 0.02836842 0.09953255 0.03570604
v 0.02526135 0.09572984 0.03681556
v 0.02526812 0.09692316 0.03746919
v 0.02081693 0.09354777 0.03952691
v 0.00883530 0.09043854 0.04419216
v 0.00995144 0.09122730 0.04481033
v 0.00613105 0.09031390 0.04502837
v 0.00613105 0.09031390 0.04502837
v 0.00995144 0.09122730 0.04481033
v 0.00600867 0.09054828 0.04575728
v 0.01613791 0.09191729 0.04173322
v 0.01628337 0.09283398 0.04238138
v 0.01255214 0.09088445 0.04296595
v 0.01255214 0.09088445 0.04296595
v 0.00883530 0.09043854 0.04419216
v 0.00888029 0.08965938 0.04378312
v 0.02589987 0.09830702 0.03832796
v 0.02328320 0.09663055 0.03996525
v 0.02089485 0.09480842 0.04027513
v 0.01613791 0.09191729 0.04173322
v 0.01255214 0.09088445 0.04296595
v 0.01094009 0.08932573 0.04323476
v 0.01094009 0.08932573 0.04323476
v 0.01255214 0.09088445 0.04296595
v 0.00888029 0.08965938 0.04378312
v 0.01484963 0.09036109 0.04199845
v 0.01985968 0.09199776 0.03983414
v 0.01613791 0.09191729 0.04173322
v 0.01613791 0.09191729 0.04173322
v 0.01985968 0.09199776 0.03983414
v 0.02081693 0.09354777 0.03952691
v 0.02089485 0.09480842 0.04027513
v 0.01628337 0.09283398 0.04238138
v 0.01613791 0.09191729 0.04173322
v 0.02526812 0.09692316 0.03746919
v 0.02589987 0.09830702 0.03832796
v 0.02089485 0.09480842 0.04027513
v 0.02081693 0.09354777 0.03952691
v 0.02089485 0.09480842 0.04027513
v 0.01613791 0.09191729 0.04173322
v 0.01484963 0.09036109 0.04199845
v 0.01613791 0.09191729 0.04173322
v 0.01094009 0.08932573 0.04323476
v 0.00883530 0.09043854 0.04419216
v 0.00613105 0.09031390 0.04502837
v 0.00367025 0.08918747 0.04457603
v 0.00883530 0.09043854 0.04419216
v 0.00367025 0.08918747 0.04457603
v 0.00888029 0.08965938 0.04378312
v 0.00888029 0.08965938 0.04378312
v 0.00367025 0.08918747 0.04457603
v 0.00472857 0.08872120 0.04436073
v 0.00888029 0.08965938 0.04378312
v 0.00472857 0.08872120 0.04436073
v 0.01094009 0.08932573 0.04323476
v 0.02922665 0.09771534 0.03364435
v 0.02423841 0.09369138 0.03732356
v 0.02520743 0.07908698 0.03716354
v 0.03019736 0.07987033 0.03322631
v 0.03207246 0.09838132 0.03088929
v 0.02922665 0.09771534 0.03364435
v 0.03019736 0.07987033 0.03322631
v 0.02922665 0.09771534 0.03364435
v 0.02520743 0.07908698 0.03716354
v 0.01985968 0.09199776 0.03983414
v 0.01484963 0.09036109 0.04199845
v 0.01511452 0.08016790 0.04226882
v 0.00472857 0.08872120 0.04436073
v 0.00915074 0.08234729 0.04381124
v 0.01094009 0.08932573 0.04323476
v 0.01094009 0.08932573 0.04323476
v 0.00915074 0.08234729 0.04381124
v 0.01484963 0.09036109 0.04199845
v 0.01484963 0.09036109 0.04199845
v 0.00915074 0.08234729 0.04381124
v 0.01511452 0.08016790 0.04226882
v 0.01985968 0.09199776 0.03983414
v 0.01511452 0.08016790 0.04226882
v 0.02087275 0.07899104 0.03976080
v 0.01985968 0.09199776 0.03983414
v 0.02087275 0.07899104 0.03976080
v 0.02423841 0.09369138 0.03732356
v 0.02423841 0.09369138 0.03732356
v 0.02087275 0.07899104 0.03976080
v 0.02520743 0.07908698 0.03716354
v 0.00600867 0.09054828 0.04575728
v 0.00245765 0.09020610 0.04594275
v 0.00613105 0.09031390 0.04502837
v 0.00613105 0.09031390 0.04502837
v 0.00245765 0.09020610 0.04594275
v 0.00254852 0.08979582 0.04512097
v 0.00613105 0.09031390 0.04502837
v 0.00254852 0.08979582 0.04512097
v 0.00367025 0.08918747 0.04457603
v 0.02423841 0.09369138 0.03732356
v 0.02922665 0.09771534 0.03364435
v 0.02526135 0.09572984 0.03681556
v 0.02526135 0.09572984 0.03681556
v 0.02922665 0.09771534 0.03364435
v 0.02840199 0.09808933 0.03457587
v 0.02922665 0.09771534 0.03364435
v 0.03207246 0.09838132 0.03088929
v 0.03210015 0.10112770 0.03131537
v 0.03210015 0.10112770 0.03131537
v 0.03207246 0.09838132 0.03088929
v 0.03500066 0.10188209 0.02766924
v 0.03210015 0.10112770 0.03131537
v 0.03500066 0.10188209 0.02766924
v 0.03570746 0.10615803 0.02814258
v 0.03570746 0.10615803 0.02814258
v 0.03500066 0.10188209 0.02766924
v 0.03616011 0.10402756 0.02631384
v 0.03841265 0.10940729 0.02410623
v -0.00019666 0.08875842 0.04464566
v 0.00472857 0.08872120 0.04436073
v 0.00367025 0.08918747 0.04457603
v -0.00019666 0.08875842 0.04464566
v 0.00367025 0.08918747 0.04457603
v -0.00000004 0.08976648 0.04519065
v -0.00000004 0.08976648 0.04519065
v 0.00367025 0.08918747 0.04457603
v 0.00254852 0.08979582 0.04512097
v -0.00000004 0.08976648 0.04519065
v 0.00254852 0.08979582 0.04512097
v 0.00245765 0.09020610 0.04594275
v -0.00000004 0.08976648 0.04519065
v 0.00245765 0.09020610 0.04594275
v -0.00195278 0.09014864 0.04607575
v -0.04498999 0.12712603 -0.00043054
v -0.04480408 0.12352028 -0.00478854
v -0.04467269 0.06674873 -0.00582095
v -0.04498999 0.12712603 -0.00043054
v -0.04467269 0.06674873 -0.00582095
v -0.04501258 0.06674866 0.00067915
v -0.04404483 0.11652817 -0.00950810
v -0.04371315 0.06674882 -0.01111473
v -0.04467269 0.06674873 -0.00582095
v -0.04079527 0.10885657 -0.01915895
v -0.04209638 0.06674885 -0.01639807
v -0.04271763 0.11280262 -0.01436886
v -0.04271763 0.11280262 -0.01436886
v -0.04209638 0.06674885 -0.01639807
v -0.04371315 0.06674882 -0.01111473
v -0.03879007 0.10597381 -0.02298031
v -0.03987499 0.06674912 -0.02140387
v -0.04079527 0.10885657 -0.01915895
v -0.04079527 0.10885657 -0.01915895
v -0.03987499 0.06674912 -0.02140387
v -0.04209638 0.06674885 -0.01639807
v -0.03605376 0.10348564 -0.02710925
v -0.03383337 0.06675118 -0.03031812
v -0.03710739 0.06674979 -0.02605883
v -0.03605376 0.10348564 -0.02710925
v -0.03710739 0.06674979 -0.02605883
v -0.03879007 0.10597381 -0.02298031
v -0.03879007 0.10597381 -0.02298031
v -0.03710739 0.06674979 -0.02605883
v -0.03987499 0.06674912 -0.02140387
v -0.03292817 0.10057018 -0.03084454
v -0.02997514 0.07913395 -0.03417518
v -0.03383337 0.06675118 -0.03031812
v -0.01452239 0.09024326 -0.04288474
v -0.01140137 0.08093126 -0.04407946
v -0.01648134 0.08011200 -0.04248893
v 0.01376237 0.07996159 -0.04343383
v 0.00858015 0.08119568 -0.04467350
v 0.01001089 0.08966364 -0.04422205
v 0.01860412 0.07965757 -0.04160716
v 0.01376237 0.07996159 -0.04343383
v 0.01373098 0.09070822 -0.04321946
v 0.03184803 0.07916831 -0.03242034
v 0.03265595 0.10026841 -0.03112190
v 0.03587718 0.10266517 -0.02731161
v 0.03184803 0.07916831 -0.03242034
v 0.03587718 0.10266517 -0.02731161
v 0.03625465 0.06675044 -0.02727946
v 0.03625465 0.06675044 -0.02727946
v 0.03587718 0.10266517 -0.02731161
v 0.03830341 0.10516155 -0.02374137
v 0.03625465 0.06675044 -0.02727946
v 0.03830341 0.10516155 -0.02374137
v 0.03918405 0.06674940 -0.02268862
v 0.03918405 0.06674940 -0.02268862
v 0.03830341 0.10516155 -0.02374137
v 0.04072033 0.10859560 -0.01931539
v 0.03918405 0.06674940 -0.02268862
v 0.04072033 0.10859560 -0.01931539
v 0.04153083 0.06674895 -0.01782285
v 0.04153083 0.06674895 -0.01782285
v 0.04072033 0.10859560 -0.01931539
v 0.04268991 0.11349384 -0.01447535
v 0.04153083 0.06674895 -0.01782285
v 0.04268991 0.11349384 -0.01447535
v 0.04328715 0.06674892 -0.01274552
v 0.04328715 0.06674892 -0.01274552
v 0.04268991 0.11349384 -0.01447535
v 0.04401490 0.11905657 -0.00982220
v 0.04328715 0.06674892 -0.01274552
v 0.04401490 0.11905657 -0.00982220
v 0.04445121 0.06674885 -0.00739413
v 0.04445121 0.06674885 -0.00739413
v 0.04401490 0.11905657 -0.00982220
v 0.04479858 0.12318092 -0.00478898
v 0.04445121 0.06674885 -0.00739413
v 0.04479858 0.12318092 -0.00478898
v 0.04504205 0.06674979 -0.00008735
v 0.04479858 0.12318092 -0.00478898
v 0.04498907 0.12794995 -0.00041292
v 0.04504205 0.06674979 -0.00008735
v 0.04278006 0.11984356 -0.01798011
v 0.04119199 0.11698989 -0.02452661
v 0.04301749 0.12192403 -0.02134871
v -0.04478221 0.13056289 -0.01416855
v -0.04494178 0.13188968 -0.00040132
v -0.04499614 0.13453504 -0.01036187
v -0.01613944 0.09185545 -0.04248028
v -0.01147130 0.09040044 -0.04397464
v -0.01452239 0.09024326 -0.04288474
v -0.00762261 0.08967393 -0.04480358
v -0.00416058 0.08906878 -0.04524580
v -0.01011654 0.08939273 -0.04418450
v -0.01613944 0.09185545 -0.04248028
v -0.02077898 0.09370137 -0.04035579
v -0.01851021 0.09377568 -0.04229720
v -0.01851021 0.09377568 -0.04229720
v -0.02077898 0.09370137 -0.04035579
v -0.02197855 0.09524318 -0.04032935
v -0.02197855 0.09524318 -0.04032935
v -0.02589804 0.09830451 -0.03909275
v -0.02325184 0.09661505 -0.04075401
v -0.02526677 0.09692216 -0.03823597
v -0.02589804 0.09830451 -0.03909275
v -0.02197855 0.09524318 -0.04032935
v -0.02077898 0.09370137 -0.04035579
v -0.02526069 0.09572940 -0.03758189
v -0.02526677 0.09692216 -0.03823597
v -0.03292817 0.10057018 -0.03084454
v -0.02922655 0.09771512 -0.03441035
v -0.02997514 0.07913395 -0.03417518
v -0.00416058 0.08906878 -0.04524580
v -0.00065943 0.08855549 -0.04538971
v -0.00620812 0.08346780 -0.04502068
v -0.00416058 0.08906878 -0.04524580
v -0.00620812 0.08346780 -0.04502068
v -0.01011654 0.08939273 -0.04418450
v -0.02922655 0.09771512 -0.03441035
v -0.02840174 0.09808885 -0.03534188
v -0.02526069 0.09572940 -0.03758189
v -0.02922655 0.09771512 -0.03441035
v -0.02526069 0.09572940 -0.03758189
v -0.02433248 0.09376553 -0.03802500
v -0.02433248 0.09376553 -0.03802500
v -0.01975516 0.09198992 -0.04066432
v -0.02118240 0.07977895 -0.04033694
v -0.02433248 0.09376553 -0.03802500
v -0.02118240 0.07977895 -0.04033694
v -0.02571576 0.07997389 -0.03755088
v -0.02433248 0.09376553 -0.03802500
v -0.02571576 0.07997389 -0.03755088
v -0.02922655 0.09771512 -0.03441035
v -0.02922655 0.09771512 -0.03441035
v -0.02571576 0.07997389 -0.03755088
v -0.02997514 0.07913395 -0.03417518
v -0.01975516 0.09198992 -0.04066432
v -0.01452239 0.09024326 -0.04288474
v -0.01648134 0.08011200 -0.04248893
v -0.01975516 0.09198992 -0.04066432
v -0.01648134 0.08011200 -0.04248893
v -0.02118240 0.07977895 -0.04033694
v -0.03383337 0.06675118 -0.03031812
v -0.03605376 0.10348564 -0.02710925
v -0.03292817 0.10057018 -0.03084454
v -0.02935675 0.10102578 -0.03694677
v -0.02836858 0.09953259 -0.03647189
v -0.03209516 0.10250635 -0.03302220
v -0.03291341 0.10442113 -0.03421508
v -0.02935675 0.10102578 -0.03694677
v -0.03209516 0.10250635 -0.03302220
v -0.03291341 0.10442113 -0.03421508
v -0.03209516 0.10250635 -0.03302220
v -0.03564244 0.10623831 -0.02917119
v -0.03291341 0.10442113 -0.03421508
v -0.03564244 0.10623831 -0.02917119
v -0.03528867 0.10721470 -0.03200972
v -0.03528867 0.10721470 -0.03200972
v -0.03564244 0.10623831 -0.02917119
v -0.03841277 0.10940687 -0.02487167
v -0.03808718 0.11116844 -0.02895914
v -0.03808718 0.11116844 -0.02895914
v -0.03841277 0.10940687 -0.02487167
v -0.04084490 0.11353761 -0.02062997
v -0.03808718 0.11116844 -0.02895914
v -0.04084490 0.11353761 -0.02062997
v -0.04095983 0.11643658 -0.02477950
v -0.04095983 0.11643658 -0.02477950
v -0.04084490 0.11353761 -0.02062997
v -0.04268883 0.11793096 -0.01650680
v -0.04294562 0.12172540 -0.02133611
v -0.04294562 0.12172540 -0.02133611
v -0.04268883 0.11793096 -0.01650680
v -0.04403039 0.12240660 -0.01194218
v -0.04294562 0.12172540 -0.02133611
v -0.04403039 0.12240660 -0.01194218
v -0.04403169 0.12583485 -0.01804626
v -0.03605376 0.10348564 -0.02710925
v -0.03841277 0.10940687 -0.02487167
v -0.03564244 0.10623831 -0.02917119
v -0.04268883 0.11793096 -0.01650680
v -0.04084490 0.11353761 -0.02062997
v -0.04271763 0.11280262 -0.01436886
v -0.04403039 0.12240660 -0.01194218
v -0.04268883 0.11793096 -0.01650680
v -0.04404483 0.11652817 -0.00950810
v -0.04271763 0.11280262 -0.01436886
v -0.01613944 0.09185545 -0.04248028
v -0.01452239 0.09024326 -0.04288474
v -0.01975516 0.09198992 -0.04066432
v -0.01613944 0.09185545 -0.04248028
v -0.01975516 0.09198992 -0.04066432
v -0.02077898 0.09370137 -0.04035579
v -0.02526677 0.09692216 -0.03823597
v -0.02526069 0.09572940 -0.03758189
v -0.02840174 0.09808885 -0.03534188
v -0.02526677 0.09692216 -0.03823597
v -0.02840174 0.09808885 -0.03534188
v -0.02836858 0.09953259 -0.03647189
v -0.02836858 0.09953259 -0.03647189
v -0.02840174 0.09808885 -0.03534188
v -0.03209516 0.10250635 -0.03302220
v -0.04494178 0.13188968 -0.00040132
v -0.04478221 0.13056289 -0.01416855
v -0.04480408 0.12352028 -0.00478854
v -0.04494178 0.13188968 -0.00040132
v -0.04480408 0.12352028 -0.00478854
v -0.04498999 0.12712603 -0.00043054
v -0.04478221 0.13056289 -0.01416855
v -0.04403169 0.12583485 -0.01804626
v -0.04403039 0.12240660 -0.01194218
v -0.04478221 0.13056289 -0.01416855
v -0.04403039 0.12240660 -0.01194218
v -0.04480408 0.12352028 -0.00478854
v -0.04480408 0.12352028 -0.00478854
v -0.04403039 0.12240660 -0.01194218
v -0.04404483 0.11652817 -0.00950810
v -0.03605376 0.10348564 -0.02710925
v -0.03879007 0.10597381 -0.02298031
v -0.03841277 0.10940687 -0.02487167
v -0.03841277 0.10940687 -0.02487167
v -0.03879007 0.10597381 -0.02298031
v -0.04084490 0.11353761 -0.02062997
v -0.04084490 0.11353761 -0.02062997
v -0.03879007 0.10597381 -0.02298031
v -0.04079527 0.10885657 -0.01915895
v -0.04084490 0.11353761 -0.02062997
v -0.04079527 0.10885657 -0.01915895
v -0.04271763 0.11280262 -0.01436886
v -0.04480408 0.12352028 -0.00478854
v -0.04404483 0.11652817 -0.00950810
v -0.04467269 0.06674873 -0.00582095
v -0.00620812 0.08346780 -0.04502068
v -0.01140137 0.08093126 -0.04407946
v -0.01011654 0.08939273 -0.04418450
v -0.01011654 0.08939273 -0.04418450
v -0.01140137 0.08093126 -0.04407946
v -0.01452239 0.09024326 -0.04288474
v -0.01011654 0.08939273 -0.04418450
v -0.01452239 0.09024326 -0.04288474
v -0.01147130 0.09040044 -0.04397464
v -0.01975516 0.09198992 -0.04066432
v -0.02433248 0.09376553 -0.03802500
v -0.02077898 0.09370137 -0.04035579
v -0.02077898 0.09370137 -0.04035579
v -0.02433248 0.09376553 -0.03802500
v -0.02526069 0.09572940 -0.03758189
v -0.02840174 0.09808885 -0.03534188
v -0.02922655 0.09771512 -0.03441035
v -0.03209516 0.10250635 -0.03302220
v -0.03209516 0.10250635 -0.03302220
v -0.02922655 0.09771512 -0.03441035
v -0.03292817 0.10057018 -0.03084454
v -0.03209516 0.10250635 -0.03302220
v -0.03292817 0.10057018 -0.03084454
v -0.03564244 0.10623831 -0.02917119
v -0.03564244 0.10623831 -0.02917119
v -0.03292817 0.10057018 -0.03084454
v -0.03605376 0.10348564 -0.02710925
v -0.04404483 0.11652817 -0.00950810
v -0.04271763 0.11280262 -0.01436886
v -0.04371315 0.06674882 -0.01111473
v 0.04400356 0.12580138 -0.01793914
v 0.04278006 0.11984356 -0.01798011
v 0.04301749 0.12192403 -0.02134871
v 0.03834542 0.11153866 -0.02825542
v 0.04119199 0.11698989 -0.02452661
v 0.04076136 0.11358504 -0.02103554
v 0.04076136 0.11358504 -0.02103554
v 0.04119199 0.11698989 -0.02452661
v 0.04278006 0.11984356 -0.01798011
v 0.03511748 0.10469235 -0.02911635
v 0.03834542 0.11153866 -0.02825542
v 0.03822206 0.10814350 -0.02457008
v 0.03822206 0.10814350 -0.02457008
v 0.03834542 0.11153866 -0.02825542
v 0.04076136 0.11358504 -0.02103554
v 0.04278006 0.11984356 -0.01798011
v 0.04400356 0.12580138 -0.01793914
v 0.04401490 0.11905657 -0.00982220
v 0.04401490 0.11905657 -0.00982220
v 0.04400356 0.12580138 -0.01793914
v 0.04479693 0.13084441 -0.01381687
v 0.04479858 0.12318092 -0.00478898
v 0.04479858 0.12318092 -0.00478898
v 0.04479693 0.13084441 -0.01381687
v 0.04499215 0.13464226 -0.00664609
v 0.04499215 0.13464226 -0.00664609
v 0.04498907 0.12794995 -0.00041292
v 0.04268991 0.11349384 -0.01447535
v 0.04072033 0.10859560 -0.01931539
v 0.04076136 0.11358504 -0.02103554
v 0.04076136 0.11358504 -0.02103554
v 0.04072033 0.10859560 -0.01931539
v 0.03822206 0.10814350 -0.02457008
v 0.03822206 0.10814350 -0.02457008
v 0.03830341 0.10516155 -0.02374137
v 0.03511748 0.10469235 -0.02911635
v 0.03534244 0.10720362 -0.03158872
v 0.03214284 0.10245468 -0.03287533
v 0.03314375 0.10466555 -0.03398005
v 0.02687257 0.09906041 -0.03868022
v 0.02941008 0.10106029 -0.03689258
v 0.02800728 0.09910628 -0.03667252
v 0.02687257 0.09906041 -0.03868022
v 0.02800728 0.09910628 -0.03667252
v 0.02309577 0.09650655 -0.04083319
v 0.02309577 0.09650655 -0.04083319
v 0.02800728 0.09910628 -0.03667252
v 0.02311218 0.09601173 -0.03993218
v 0.02309577 0.09650655 -0.04083319
v 0.02311218 0.09601173 -0.03993218
v 0.01954497 0.09461065 -0.04253006
v 0.02941008 0.10106029 -0.03689258
v 0.03314375 0.10466555 -0.03398005
v 0.03214284 0.10245468 -0.03287533
v 0.02941008 0.10106029 -0.03689258
v 0.03214284 0.10245468 -0.03287533
v 0.02800728 0.09910628 -0.03667252
v 0.02800728 0.09910628 -0.03667252
v 0.03214284 0.10245468 -0.03287533
v 0.02936410 0.09850973 -0.03441372
v 0.02800728 0.09910628 -0.03667252
v 0.02936410 0.09850973 -0.03441372
v 0.02526532 0.09643216 -0.03789216
v 0.02800728 0.09910628 -0.03667252
v 0.02526532 0.09643216 -0.03789216
v 0.02311218 0.09601173 -0.03993218
v 0.01954497 0.09461065 -0.04253006
v 0.01848165 0.09369018 -0.04218854
v 0.01598162 0.09305486 -0.04396171
v 0.04401490 0.11905657 -0.00982220
v 0.04268991 0.11349384 -0.01447535
v 0.04278006 0.11984356 -0.01798011
v 0.04278006 0.11984356 -0.01798011
v 0.04268991 0.11349384 -0.01447535
v 0.04076136 0.11358504 -0.02103554
v 0.03214284 0.10245468 -0.03287533
v 0.03511748 0.10469235 -0.02911635
v 0.03265595 0.10026841 -0.03112190
v 0.03214284 0.10245468 -0.03287533
v 0.03265595 0.10026841 -0.03112190
v 0.02936410 0.09850973 -0.03441372
v 0.03534244 0.10720362 -0.03158872
v 0.03834542 0.11153866 -0.02825542
v 0.03511748 0.10469235 -0.02911635
v 0.03534244 0.10720362 -0.03158872
v 0.03511748 0.10469235 -0.02911635
v 0.03214284 0.10245468 -0.03287533
v 0.03822206 0.10814350 -0.02457008
v 0.04072033 0.10859560 -0.01931539
v 0.03830341 0.10516155 -0.02374137
v 0.03587718 0.10266517 -0.02731161
v 0.03511748 0.10469235 -0.02911635
v 0.03587718 0.10266517 -0.02731161
v 0.03265595 0.10026841 -0.03112190
v 0.01157376 0.09165378 -0.04535866
v 0.01598162 0.09305486 -0.04396171
v 0.01372393 0.09197116 -0.04400246
v 0.01372393 0.09197116 -0.04400246
v 0.01598162 0.09305486 -0.04396171
v 0.01848165 0.09369018 -0.04218854
v 0.01848165 0.09369018 -0.04218854
v 0.02311218 0.09601173 -0.03993218
v 0.02082833 0.09376697 -0.04034184
v 0.02082833 0.09376697 -0.04034184
v 0.02311218 0.09601173 -0.03993218
v 0.02526532 0.09643216 -0.03789216
v 0.02479895 0.09472448 -0.03775316
v 0.02526532 0.09643216 -0.03789216
v 0.02823563 0.09669962 -0.03518398
v 0.02526532 0.09643216 -0.03789216
v 0.02479895 0.09472448 -0.03775316
v 0.02082833 0.09376697 -0.04034184
v 0.01157376 0.09165378 -0.04535866
v 0.00630389 0.09016876 -0.04553224
v 0.00849909 0.09094616 -0.04607285
v 0.00849909 0.09094616 -0.04607285
v 0.00630389 0.09016876 -0.04553224
v 0.00474693 0.09038766 -0.04663126
v 0.00474693 0.09038766 -0.04663126
v 0.00251418 0.08993510 -0.04600454
v -0.00103450 0.09013944 -0.04686479
v 0.02823563 0.09669962 -0.03518398
v 0.03265595 0.10026841 -0.03112190
v 0.03184803 0.07916831 -0.03242034
v 0.02082833 0.09376697 -0.04034184
v 0.01616312 0.09176891 -0.04244428
v 0.01848165 0.09369018 -0.04218854
v 0.01848165 0.09369018 -0.04218854
v 0.01616312 0.09176891 -0.04244428
v 0.01372393 0.09197116 -0.04400246
v 0.01372393 0.09197116 -0.04400246
v 0.01010952 0.09071435 -0.04465646
v 0.01157376 0.09165378 -0.04535866
v 0.01157376 0.09165378 -0.04535866
v 0.01010952 0.09071435 -0.04465646
v 0.00630389 0.09016876 -0.04553224
v 0.01616312 0.09176891 -0.04244428
v 0.01373098 0.09070822 -0.04321946
v 0.01372393 0.09197116 -0.04400246
v 0.01372393 0.09197116 -0.04400246
v 0.01373098 0.09070822 -0.04321946
v 0.01010952 0.09071435 -0.04465646
v 0.00251418 0.08993510 -0.04600454
v -0.00000004 0.08959261 -0.04578149
v -0.00103450 0.09013944 -0.04686479
v -0.00103450 0.09013944 -0.04686479
v -0.00000004 0.08959261 -0.04578149
v -0.00381691 0.08998471 -0.04594307
v -0.00476435 0.09040696 -0.04657427
v -0.00883571 0.09073295 -0.04529605
v -0.00846018 0.09091848 -0.04606461
v -0.00846018 0.09091848 -0.04606461
v -0.00883571 0.09073295 -0.04529605
v -0.01484946 0.09262472 -0.04441636
v 0.00474693 0.09038766 -0.04663126
v 0.00630389 0.09016876 -0.04553224
v 0.00251418 0.08993510 -0.04600454
v -0.00103450 0.09013944 -0.04686479
v -0.00381691 0.08998471 -0.04594307
v -0.00476435 0.09040696 -0.04657427
v 0.01373098 0.09070822 -0.04321946
v 0.01616312 0.09176891 -0.04244428
v 0.01974483 0.09195030 -0.04065570
v 0.01974483 0.09195030 -0.04065570
v 0.01616312 0.09176891 -0.04244428
v 0.02082833 0.09376697 -0.04034184
v -0.00476435 0.09040696 -0.04657427
v -0.00381691 0.08998471 -0.04594307
v -0.00883571 0.09073295 -0.04529605
v -0.00883571 0.09073295 -0.04529605
v -0.01377812 0.09188489 -0.04388037
v -0.01484946 0.09262472 -0.04441636
v 0.01373098 0.09070822 -0.04321946
v 0.01001089 0.08966364 -0.04422205
v 0.01010952 0.09071435 -0.04465646
v 0.01010952 0.09071435 -0.04465646
v 0.01001089 0.08966364 -0.04422205
v 0.00630389 0.09016876 -0.04553224
v -0.01377812 0.09188489 -0.04388037
v -0.01851021 0.09377568 -0.04229720
v -0.01484946 0.09262472 -0.04441636
v -0.01484946 0.09262472 -0.04441636
v -0.01851021 0.09377568 -0.04229720
v -0.01946074 0.09456909 -0.04256231
v -0.02325184 0.09661505 -0.04075401
v -0.01946074 0.09456909 -0.04256231
v -0.01851021 0.09377568 -0.04229720
v -0.01377812 0.09188489 -0.04388037
v -0.00883571 0.09073295 -0.04529605
v -0.01147130 0.09040044 -0.04397464
v -0.01147130 0.09040044 -0.04397464
v -0.00883571 0.09073295 -0.04529605
v -0.00762261 0.08967393 -0.04480358
v -0.00762261 0.08967393 -0.04480358
v -0.00883571 0.09073295 -0.04529605
v -0.00381691 0.08998471 -0.04594307
v -0.01011654 0.08939273 -0.04418450
v -0.01147130 0.09040044 -0.04397464
v -0.00762261 0.08967393 -0.04480358
v -0.00416058 0.08906878 -0.04524580
v -0.00254891 0.08944872 -0.04557886
v -0.00000004 0.08959261 -0.04578149
v -0.00416058 0.08906878 -0.04524580
v -0.00000004 0.08959261 -0.04578149
v -0.00065943 0.08855549 -0.04538971
v -0.00065943 0.08855549 -0.04538971
v -0.00000004 0.08959261 -0.04578149
v 0.00372206 0.08888286 -0.04525833
v 0.00372206 0.08888286 -0.04525833
v 0.00634716 0.08941507 -0.04503509
v 0.01001089 0.08966364 -0.04422205
v 0.01848165 0.09369018 -0.04218854
v 0.01954497 0.09461065 -0.04253006
v 0.02311218 0.09601173 -0.03993218
v 0.02526532 0.09643216 -0.03789216
v 0.02936410 0.09850973 -0.03441372
v 0.02823563 0.09669962 -0.03518398
v 0.02823563 0.09669962 -0.03518398
v 0.02936410 0.09850973 -0.03441372
v 0.03265595 0.10026841 -0.03112190
v -0.02197855 0.09524318 -0.04032935
v -0.02325184 0.09661505 -0.04075401
v -0.01851021 0.09377568 -0.04229720
v -0.01613944 0.09185545 -0.04248028
v -0.01851021 0.09377568 -0.04229720
v -0.01377812 0.09188489 -0.04388037
v -0.01613944 0.09185545 -0.04248028
v -0.01377812 0.09188489 -0.04388037
v -0.01147130 0.09040044 -0.04397464
v -0.00762261 0.08967393 -0.04480358
v -0.00381691 0.08998471 -0.04594307
v -0.00416058 0.08906878 -0.04524580
v -0.00416058 0.08906878 -0.04524580
v -0.00381691 0.08998471 -0.04594307
v -0.00254891 0.08944872 -0.04557886
v -0.00000004 0.08959261 -0.04578149
v 0.00251418 0.08993510 -0.04600454
v 0.00372206 0.08888286 -0.04525833
v 0.00372206 0.08888286 -0.04525833
v 0.00251418 0.08993510 -0.04600454
v 0.00634716 0.08941507 -0.04503509
v 0.01373098 0.09070822 -0.04321946
v 0.01974483 0.09195030 -0.04065570
v 0.01860412 0.07965757 -0.04160716
v 0.01001089 0.08966364 -0.04422205
v 0.00858015 0.08119568 -0.04467350
v 0.00372206 0.08888286 -0.04525833
v 0.01373098 0.09070822 -0.04321946
v 0.01376237 0.07996159 -0.04343383
v 0.01001089 0.08966364 -0.04422205
v 0.03184803 0.07916831 -0.03242034
v 0.02744646 0.07941041 -0.03627422
v 0.02823563 0.09669962 -0.03518398
v 0.02823563 0.09669962 -0.03518398
v 0.02744646 0.07941041 -0.03627422
v 0.02479895 0.09472448 -0.03775316
v 0.02479895 0.09472448 -0.03775316
v 0.02744646 0.07941041 -0.03627422
v 0.02317582 0.07965810 -0.03921031
v -0.00254891 0.08944872 -0.04557886
v -0.00381691 0.08998471 -0.04594307
v -0.00000004 0.08959261 -0.04578149
v 0.00251418 0.08993510 -0.04600454
v 0.00630389 0.09016876 -0.04553224
v 0.00634716 0.08941507 -0.04503509
v 0.00634716 0.08941507 -0.04503509
v 0.00630389 0.09016876 -0.04553224
v 0.01001089 0.08966364 -0.04422205
v 0.01974483 0.09195030 -0.04065570
v 0.02082833 0.09376697 -0.04034184
v 0.02479895 0.09472448 -0.03775316
v 0.01974483 0.09195030 -0.04065570
v 0.02479895 0.09472448 -0.03775316
v 0.02317582 0.07965810 -0.03921031
v 0.01974483 0.09195030 -0.04065570
v 0.02317582 0.07965810 -0.03921031
v 0.01860412 0.07965757 -0.04160716
v -0.02197855 0.09524318 -0.04032935
v -0.02077898 0.09370137 -0.04035579
v -0.02526677 0.09692216 -0.03823597
v -0.02589804 0.09830451 -0.03909275
v -0.02526677 0.09692216 -0.03823597
v -0.02836858 0.09953259 -0.03647189
v -0.02589804 0.09830451 -0.03909275
v -0.02836858 0.09953259 -0.03647189
v -0.02935675 0.10102578 -0.03694677
v 0.04317656 0.14782560 0.05591638
v 0.04093285 0.15384122 0.05591638
v 0.03901798 0.15515730 0.05576613
v 0.03901798 0.15515730 0.05576613
v 0.04093285 0.15384122 0.05591638
v 0.03785585 0.15947634 0.05591638
v 0.03901798 0.15515730 0.05576613
v 0.03785585 0.15947634 0.05591638
v 0.03575591 0.16057523 0.05577970
v 0.03575591 0.16057523 0.05577970
v 0.03785585 0.15947634 0.05591638
v 0.03400822 0.16461618 0.05591638
v 0.03575591 0.16057523 0.05577970
v 0.03400822 0.16461618 0.05591638
v 0.03174383 0.16547487 0.05581758
v 0.03174383 0.16547487 0.05581758
v 0.03400822 0.16461618 0.05591638
v 0.02946828 0.16915611 0.05591638
v 0.03174383 0.16547487 0.05581758
v 0.02946828 0.16915611 0.05591638
v 0.02668633 0.16997301 0.05576600
v 0.02668633 0.16997301 0.05576600
v 0.02946828 0.16915611 0.05591638
v 0.02432845 0.17300376 0.05591638
v 0.02668633 0.16997301 0.05576600
v 0.02432845 0.17300376 0.05591638
v 0.02170530 0.17331146 0.05581857
v 0.01869336 0.17608071 0.05591638
v 0.02170530 0.17331146 0.05581857
v 0.01869336 0.17608071 0.05591638
v 0.01570932 0.17607691 0.05574322
v 0.01570932 0.17607691 0.05574322
v 0.01869336 0.17608071 0.05591638
v 0.01267773 0.17832440 0.05591638
v 0.01570932 0.17607691 0.05574322
v 0.01267773 0.17832440 0.05591638
v 0.00966921 0.17794079 0.05577749
v 0.00966921 0.17794079 0.05577749
v 0.01267773 0.17832440 0.05591638
v 0.00334552 0.18008156 0.05591630
v 0.00966921 0.17794079 0.05577749
v 0.00334552 0.18008156 0.05591630
v 0.00337032 0.17889778 0.05578152
v 0.00337032 0.17889778 0.05578152
v 0.00334552 0.18008156 0.05591630
v -0.00323041 0.17891218 0.05578705
v -0.00323041 0.17891218 0.05578705
v 0.00334552 0.18008156 0.05591630
v -0.00640416 0.17968916 0.05591638
v -0.00323041 0.17891218 0.05578705
v -0.00640416 0.17968916 0.05591638
v -0.00932898 0.17804828 0.05581798
v -0.00932898 0.17804828 0.05581798
v -0.00640416 0.17968916 0.05591638
v -0.01267787 0.17832439 0.05591638
v -0.00932898 0.17804828 0.05581798
v -0.01267787 0.17832439 0.05591638
v -0.01571788 0.17609851 0.05575876
v -0.01571788 0.17609851 0.05575876
v -0.01267787 0.17832439 0.05591638
v -0.01869350 0.17608070 0.05591638
v -0.01571788 0.17609851 0.05575876
v -0.01869350 0.17608070 0.05591638
v -0.02125226 0.17356674 0.05581903
v -0.02125226 0.17356674 0.05581903
v -0.01869350 0.17608070 0.05591638
v -0.02432859 0.17300374 0.05591638
v -0.02432859 0.17300374 0.05591638
v -0.02675856 0.16987498 0.05574344
v -0.02675856 0.16987498 0.05574344
v -0.02432859 0.17300374 0.05591638
v -0.02946842 0.16915609 0.05591638
v -0.02675856 0.16987498 0.05574344
v -0.02946842 0.16915609 0.05591638
v -0.03149647 0.16569195 0.05577916
v -0.03400835 0.16461615 0.05591638
v -0.03149647 0.16569195 0.05577916
v -0.03400835 0.16461615 0.05591638
v -0.03559272 0.16084890 0.05581745
v -0.03785598 0.15947631 0.05591638
v -0.03908207 0.15508588 0.05576581
v -0.03908207 0.15508588 0.05576581
v -0.03785598 0.15947631 0.05591638
v -0.04093297 0.15384119 0.05591638
v -0.03908207 0.15508588 0.05576581
v -0.04093297 0.15384119 0.05591638
v -0.04147334 0.14955365 0.05581842
v -0.04147334 0.14955365 0.05581842
v -0.04093297 0.15384119 0.05591638
v -0.04317669 0.14782557 0.05591638
v -0.04315366 0.14304774 0.05577789
v -0.04315366 0.14304774 0.05577789
v -0.04317669 0.14782557 0.05591638
v -0.04454145 0.14155184 0.05591638
v -0.04315366 0.14304774 0.05577789
v -0.04454145 0.14155184 0.05591638
v -0.04382968 0.13691371 0.05575968
v -0.04382968 0.13691371 0.05575968
v -0.04454145 0.14155184 0.05591638
v -0.04499947 0.13514783 0.05591638
v -0.04382968 0.13691371 0.05575968
v -0.04499947 0.13514783 0.05591638
v -0.04365500 0.13050670 0.05581695
v -0.04365500 0.13050670 0.05581695
v -0.04499947 0.13514783 0.05591638
v -0.04454144 0.12874372 0.05591638
v -0.04365500 0.13050670 0.05581695
v -0.04454144 0.12874372 0.05591638
v -0.04244635 0.12402268 0.05578401
v -0.04244635 0.12402268 0.05578401
v -0.04454144 0.12874372 0.05591638
v -0.04317668 0.12247000 0.05591638
v -0.04244635 0.12402268 0.05578401
v -0.04317668 0.12247000 0.05591638
v -0.04031921 0.11793736 0.05575857
v -0.04031921 0.11793736 0.05575857
v -0.04317668 0.12247000 0.05591638
v -0.04093295 0.11645438 0.05591638
v -0.04031921 0.11793736 0.05575857
v -0.04093295 0.11645438 0.05591638
v -0.03734202 0.11211333 0.05576631
v -0.03734202 0.11211333 0.05576631
v -0.04093295 0.11645438 0.05591638
v -0.03785596 0.11081925 0.05591638
v -0.03734202 0.11211333 0.05576631
v -0.03785596 0.11081925 0.05591638
v -0.03391537 0.10726600 0.05581888
v -0.03391537 0.10726600 0.05581888
v -0.03785596 0.11081925 0.05591638
v -0.03400833 0.10567942 0.05591638
v -0.03391537 0.10726600 0.05581888
v -0.03400833 0.10567942 0.05591638
v -0.02929084 0.10252816 0.05574337
v -0.02929084 0.10252816 0.05574337
v -0.03400833 0.10567942 0.05591638
v -0.02946840 0.10113948 0.05591638
v -0.02929084 0.10252816 0.05574337
v -0.02946840 0.10113948 0.05591638
v -0.02431668 0.09862934 0.05577862
v -0.02431668 0.09862934 0.05577862
v -0.02946840 0.10113948 0.05591638
v -0.02432857 0.09729188 0.05591638
v -0.02431668 0.09862934 0.05577862
v -0.02432857 0.09729188 0.05591638
v -0.01880163 0.09547590 0.05581733
v -0.01880163 0.09547590 0.05581733
v -0.02432857 0.09729188 0.05591638
v -0.01869348 0.09421488 0.05591638
v -0.01259675 0.09311704 0.05578240
v -0.01259675 0.09311704 0.05578240
v -0.01869348 0.09421488 0.05591638
v -0.01267785 0.09197119 0.05591638
v -0.01259675 0.09311704 0.05578240
v -0.01267785 0.09197119 0.05591638
v -0.00635111 0.09177794 0.05575530
v -0.00635111 0.09177794 0.05575530
v -0.01267785 0.09197119 0.05591638
v -0.00640413 0.09060641 0.05591638
v -0.00635111 0.09177794 0.05575530
v -0.00640413 0.09060641 0.05591638
v 0.00006901 0.09127615 0.05577846
v 0.00006901 0.09127615 0.05577846
v -0.00640413 0.09060641 0.05591638
v -0.00000004 0.09014840 0.05591638
v 0.00006901 0.09127615 0.05577846
v -0.00000004 0.09014840 0.05591638
v 0.00618421 0.09171450 0.05578188
v 0.00640404 0.09060642 0.05591638
v 0.00618421 0.09171450 0.05578188
v 0.00640404 0.09060642 0.05591638
v 0.01259161 0.09315428 0.05574356
v 0.01259161 0.09315428 0.05574356
v 0.00640404 0.09060642 0.05591638
v 0.01267776 0.09197119 0.05591638
v 0.01259161 0.09315428 0.05574356
v 0.01267776 0.09197119 0.05591638
v 0.01851315 0.09536875 0.05578023
v 0.01851315 0.09536875 0.05578023
v 0.01267776 0.09197119 0.05591638
v 0.01869339 0.09421489 0.05591638
v 0.01851315 0.09536875 0.05578023
v 0.01869339 0.09421489 0.05591638
v 0.02405059 0.09841910 0.05581771
v 0.02405059 0.09841910 0.05581771
v 0.01869339 0.09421489 0.05591638
v 0.02432847 0.09729190 0.05591638
v 0.02405059 0.09841910 0.05581771
v 0.02432847 0.09729190 0.05591638
v 0.02941641 0.10259548 0.05576618
v 0.02941641 0.10259548 0.05576618
v 0.02432847 0.09729190 0.05591638
v 0.02946830 0.10113950 0.05591638
v 0.02941641 0.10259548 0.05576618
v 0.02946830 0.10113950 0.05591638
v 0.03358224 0.10686632 0.05581872
v 0.03358224 0.10686632 0.05581872
v 0.02946830 0.10113950 0.05591638
v 0.03400824 0.10567944 0.05591638
v 0.03739604 0.11226735 0.05574330
v 0.03739604 0.11226735 0.05574330
v 0.03400824 0.10567944 0.05591638
v 0.03785586 0.11081928 0.05591638
v 0.03739604 0.11226735 0.05574330
v 0.03785586 0.11081928 0.05591638
v 0.04032620 0.11786738 0.05577806
v 0.04032620 0.11786738 0.05577806
v 0.03785586 0.11081928 0.05591638
v 0.04093286 0.11645441 0.05591638
v 0.04032620 0.11786738 0.05577806
v 0.04093286 0.11645441 0.05591638
v 0.04242875 0.12387241 0.05581720
v 0.04242875 0.12387241 0.05581720
v 0.04093286 0.11645441 0.05591638
v 0.04317657 0.12247003 0.05591638
v 0.04242875 0.12387241 0.05581720
v 0.04317657 0.12247003 0.05591638
v 0.04363363 0.13046573 0.05578327
v 0.04363363 0.13046573 0.05578327
v 0.04317657 0.12247003 0.05591638
v 0.04454133 0.12874375 0.05591638
v 0.04363363 0.13046573 0.05578327
v 0.04454133 0.12874375 0.05591638
v 0.04387112 0.13609635 0.05576201
v 0.04499936 0.13514786 0.05591638
v 0.04387112 0.13609635 0.05576201
v 0.04499936 0.13514786 0.05591638
v 0.04313044 0.14318326 0.05577903
v 0.04313044 0.14318326 0.05577903
v 0.04499936 0.13514786 0.05591638
v 0.04454133 0.14155187 0.05591638
v 0.04313044 0.14318326 0.05577903
v 0.04454133 0.14155187 0.05591638
v 0.04159077 0.14911008 0.05578229
v 0.04159077 0.14911008 0.05578229
v 0.04454133 0.14155187 0.05591638
v 0.04317656 0.14782560 0.05591638
v 0.04159077 0.14911008 0.05578229
v 0.04317656 0.14782560 0.05591638
v 0.03901798 0.15515730 0.05576613
v -0.04478221 0.13056289 -0.01416855
v -0.04453276 0.12847692 -0.03267076
v -0.04403169 0.12583485 -0.01804626
v -0.04453276 0.12847692 -0.03267076
v -0.04478221 0.13056289 -0.01416855
v -0.04506488 0.13719600 -0.02916241
v -0.04506488 0.13719600 -0.02916241
v -0.04478221 0.13056289 -0.01416855
v -0.04499614 0.13453504 -0.01036187
v -0.04494178 0.13188968 -0.00040132
v -0.04498903 0.13424954 0.00607433
v -0.04499614 0.13453504 -0.01036187
v -0.04499947 0.13514783 0.05591638
v -0.04403169 0.12583485 -0.01804626
v -0.04453276 0.12847692 -0.03267076
v -0.04294562 0.12172540 -0.02133611
v -0.04128898 0.11722346 -0.03719530
v -0.04095983 0.11643658 -0.02477950
v -0.04286088 0.12145811 -0.03549426
v -0.04294562 0.12172540 -0.02133611
v -0.04453276 0.12847692 -0.03267076
v -0.04286088 0.12145811 -0.03549426
v -0.04294562 0.12172540 -0.02133611
v -0.03808718 0.11116844 -0.02895914
v -0.03968267 0.11394830 -0.03851782
v -0.03675677 0.10918897 -0.04043727
v -0.03968267 0.11394830 -0.03851782
v -0.03808718 0.11116844 -0.02895914
v -0.04128898 0.11722346 -0.03719530
v -0.04128898 0.11722346 -0.03719530
v -0.03808718 0.11116844 -0.02895914
v -0.04095983 0.11643658 -0.02477950
v -0.03675677 0.10918897 -0.04043727
v -0.03300271 0.10454183 -0.04230190
v -0.03291341 0.10442113 -0.03421508
v -0.03675677 0.10918897 -0.04043727
v -0.03291341 0.10442113 -0.03421508
v -0.03528867 0.10721470 -0.03200972
v -0.03675677 0.10918897 -0.04043727
v -0.03528867 0.10721470 -0.03200972
v -0.03808718 0.11116844 -0.02895914
v -0.02922637 0.10092758 -0.04375074
v -0.02935675 0.10102578 -0.03694677
v -0.03300271 0.10454183 -0.04230190
v -0.03291341 0.10442113 -0.03421508
v -0.02530857 0.09792821 -0.04496154
v -0.02325184 0.09661505 -0.04075401
v -0.02589804 0.09830451 -0.03909275
v -0.02530857 0.09792821 -0.04496154
v -0.02589804 0.09830451 -0.03909275
v -0.02922637 0.10092758 -0.04375074
v -0.02922637 0.10092758 -0.04375074
v -0.02589804 0.09830451 -0.03909275
v -0.02935675 0.10102578 -0.03694677
v -0.01642694 0.09326042 -0.04683800
v -0.01360265 0.09225651 -0.04724024
v -0.01484946 0.09262472 -0.04441636
v -0.01642694 0.09326042 -0.04683800
v -0.01484946 0.09262472 -0.04441636
v -0.02008367 0.09485831 -0.04619334
v -0.01484946 0.09262472 -0.04441636
v -0.01946074 0.09456909 -0.04256231
v -0.02008367 0.09485831 -0.04619334
v -0.02008367 0.09485831 -0.04619334
v -0.01946074 0.09456909 -0.04256231
v -0.02325184 0.09661505 -0.04075401
v -0.02008367 0.09485831 -0.04619334
v -0.02325184 0.09661505 -0.04075401
v -0.02530857 0.09792821 -0.04496154
v -0.00938441 0.09111959 -0.04769337
v -0.00498726 0.09043062 -0.04797580
v -0.00846018 0.09091848 -0.04606461
v -0.00938441 0.09111959 -0.04769337
v -0.00846018 0.09091848 -0.04606461
v -0.01360265 0.09225651 -0.04724024
v -0.01360265 0.09225651 -0.04724024
v -0.00846018 0.09091848 -0.04606461
v -0.01484946 0.09262472 -0.04441636
v -0.00097277 0.09014513 -0.04808974
v -0.00103450 0.09013944 -0.04686479
v -0.00498726 0.09043062 -0.04797580
v -0.00476435 0.09040696 -0.04657427
v -0.00498726 0.09043062 -0.04797580
v -0.00476435 0.09040696 -0.04657427
v -0.00846018 0.09091848 -0.04606461
v 0.00751709 0.09076720 -0.04783335
v 0.00474693 0.09038766 -0.04663126
v 0.00302045 0.09024474 -0.04804649
v 0.00302045 0.09024474 -0.04804649
v 0.00474693 0.09038766 -0.04663126
v -0.00097277 0.09014513 -0.04808974
v -0.00097277 0.09014513 -0.04808974
v 0.00474693 0.09038766 -0.04663126
v -0.00103450 0.09013944 -0.04686479
v 0.01343999 0.09219361 -0.04726172
v 0.01157376 0.09165378 -0.04535866
v 0.00849909 0.09094616 -0.04607285
v 0.01343999 0.09219361 -0.04726172
v 0.00849909 0.09094616 -0.04607285
v 0.00751709 0.09076720 -0.04783335
v 0.00751709 0.09076720 -0.04783335
v 0.00849909 0.09094616 -0.04607285
v 0.00474693 0.09038766 -0.04663126
v 0.01157376 0.09165378 -0.04535866
v 0.01343999 0.09219361 -0.04726172
v 0.01598162 0.09305486 -0.04396171
v 0.01598162 0.09305486 -0.04396171
v 0.01343999 0.09219361 -0.04726172
v 0.01775276 0.09380404 -0.04661892
v 0.01598162 0.09305486 -0.04396171
v 0.01775276 0.09380404 -0.04661892
v 0.01954497 0.09461065 -0.04253006
v 0.02184495 0.09580781 -0.04581421
v 0.02309577 0.09650655 -0.04083319
v 0.01954497 0.09461065 -0.04253006
v 0.02184495 0.09580781 -0.04581421
v 0.01954497 0.09461065 -0.04253006
v 0.01775276 0.09380404 -0.04661892
v 0.02927125 0.10097520 -0.04373346
v 0.02687257 0.09906041 -0.03868022
v 0.02573349 0.09822499 -0.04483628
v 0.02573349 0.09822499 -0.04483628
v 0.02687257 0.09906041 -0.03868022
v 0.02309577 0.09650655 -0.04083319
v 0.02573349 0.09822499 -0.04483628
v 0.02309577 0.09650655 -0.04083319
v 0.02184495 0.09580781 -0.04581421
v 0.03367772 0.10526484 -0.04201016
v 0.03314375 0.10466555 -0.03398005
v 0.02941008 0.10106029 -0.03689258
v 0.02927125 0.10097520 -0.04373346
v 0.02927125 0.10097520 -0.04373346
v 0.02941008 0.10106029 -0.03689258
v 0.02687257 0.09906041 -0.03868022
v 0.03731455 0.10999578 -0.04010405
v 0.03534244 0.10720362 -0.03158872
v 0.03314375 0.10466555 -0.03398005
v 0.03731455 0.10999578 -0.04010405
v 0.03314375 0.10466555 -0.03398005
v 0.03367772 0.10526484 -0.04201016
v 0.03731455 0.10999578 -0.04010405
v 0.03834542 0.11153866 -0.02825542
v 0.03534244 0.10720362 -0.03158872
v 0.04119199 0.11698989 -0.02452661
v 0.03834542 0.11153866 -0.02825542
v 0.04139119 0.11745849 -0.03710299
v 0.04139119 0.11745849 -0.03710299
v 0.03834542 0.11153866 -0.02825542
v 0.03976477 0.11408343 -0.03845979
v 0.03976477 0.11408343 -0.03845979
v 0.03834542 0.11153866 -0.02825542
v 0.03731455 0.10999578 -0.04010405
v 0.04358664 0.12373771 -0.03457548
v 0.04301749 0.12192403 -0.02134871
v 0.04119199 0.11698989 -0.02452661
v 0.04119199 0.11698989 -0.02452661
v 0.04139119 0.11745849 -0.03710299
v 0.04358664 0.12373771 -0.03457548
v 0.04301749 0.12192403 -0.02134871
v 0.04358664 0.12373771 -0.03457548
v 0.04457496 0.12890984 -0.03249607
v 0.04301749 0.12192403 -0.02134871
v 0.04457496 0.12890984 -0.03249607
v 0.04400356 0.12580138 -0.01793914
v 0.04454133 0.12874375 0.05591638
v 0.04419076 0.12657717 0.01681423
v 0.04499936 0.13514786 0.05591638
v 0.04499936 0.13514786 0.05591638
v 0.04419076 0.12657717 0.01681423
v 0.04485069 0.13130141 0.01271932
v 0.04499936 0.13514786 0.05591638
v 0.04485069 0.13130141 0.01271932
v 0.04494407 0.13260349 0.00039136
v 0.04499019 0.13462146 -0.03019920
v 0.04499215 0.13464226 -0.00664609
v 0.04479693 0.13084441 -0.01381687
v 0.04457496 0.12890984 -0.03249607
v 0.04479693 0.13084441 -0.01381687
v 0.04400356 0.12580138 -0.01793914
v 0.04499019 0.13462146 -0.03019920
v 0.04479693 0.13084441 -0.01381687
v 0.04457496 0.12890984 -0.03249607
v 0.04317657 0.12247003 0.05591638
v 0.04279868 0.12126764 0.02089971
v 0.04454133 0.12874375 0.05591638
v 0.04454133 0.12874375 0.05591638
v 0.04279868 0.12126764 0.02089971
v 0.04419076 0.12657717 0.01681423
v 0.04093286 0.11645441 0.05591638
v 0.03806940 0.11113107 0.02819211
v 0.04075565 0.11601161 0.02438193
v 0.04093286 0.11645441 0.05591638
v 0.04075565 0.11601161 0.02438193
v 0.04317657 0.12247003 0.05591638
v 0.04317657 0.12247003 0.05591638
v 0.04075565 0.11601161 0.02438193
v 0.04279868 0.12126764 0.02089971
v 0.03477238 0.10656533 0.03180544
v 0.03806940 0.11113107 0.02819211
v 0.03785586 0.11081928 0.05591638
v 0.03785586 0.11081928 0.05591638
v 0.03018958 0.10175509 0.03572014
v 0.03477238 0.10656533 0.03180544
v 0.03400824 0.10567944 0.05591638
v 0.02946830 0.10113950 0.05591638
v 0.03018958 0.10175509 0.03572014
v 0.03400824 0.10567944 0.05591638
v 0.03400824 0.10567944 0.05591638
v 0.03477238 0.10656533 0.03180544
v 0.03785586 0.11081928 0.05591638
v 0.02946830 0.10113950 0.05591638
v 0.02432847 0.09729190 0.05591638
v 0.02328320 0.09663055 0.03996525
v 0.02946830 0.10113950 0.05591638
v 0.02328320 0.09663055 0.03996525
v 0.02589987 0.09830702 0.03832796
v 0.02589987 0.09830702 0.03832796
v 0.03018958 0.10175509 0.03572014
v 0.02946830 0.10113950 0.05591638
v 0.02432847 0.09729190 0.05591638
v 0.01869339 0.09421489 0.05591638
v 0.01848260 0.09411284 0.04224910
v 0.02432847 0.09729190 0.05591638
v 0.01848260 0.09411284 0.04224910
v 0.02328320 0.09663055 0.03996525
v 0.01371140 0.09226476 0.04395207
v 0.01848260 0.09411284 0.04224910
v 0.01869339 0.09421489 0.05591638
v 0.01267776 0.09197119 0.05591638
v 0.01371140 0.09226476 0.04395207
v 0.01869339 0.09421489 0.05591638
v 0.00995144 0.09122730 0.04481033
v 0.01267776 0.09197119 0.05591638
v 0.00600867 0.09054828 0.04575728
v 0.00600867 0.09054828 0.04575728
v 0.01267776 0.09197119 0.05591638
v 0.00640404 0.09060642 0.05591638
v 0.01267776 0.09197119 0.05591638
v 0.00995144 0.09122730 0.04481033
v 0.01371140 0.09226476 0.04395207
v -0.00195278 0.09014864 0.04607575
v 0.00245765 0.09020610 0.04594275
v -0.00000004 0.09014840 0.05591638
v -0.00000004 0.09014840 0.05591638
v 0.00245765 0.09020610 0.04594275
v 0.00640404 0.09060642 0.05591638
v 0.00640404 0.09060642 0.05591638
v 0.00245765 0.09020610 0.04594275
v 0.00600867 0.09054828 0.04575728
v -0.00688909 0.09063759 0.04553904
v -0.00195278 0.09014864 0.04607575
v -0.00640413 0.09060641 0.05591638
v -0.00640413 0.09060641 0.05591638
v -0.00195278 0.09014864 0.04607575
v -0.00000004 0.09014840 0.05591638
v -0.01394056 0.09235613 0.04393306
v -0.01074448 0.09143641 0.04474462
v -0.01267785 0.09197119 0.05591638
v -0.01267785 0.09197119 0.05591638
v -0.01074448 0.09143641 0.04474462
v -0.00688909 0.09063759 0.04553904
v -0.00640413 0.09060641 0.05591638
v -0.01869348 0.09421488 0.05591638
v -0.01870217 0.09419025 0.04205441
v -0.01394056 0.09235613 0.04393306
v -0.01869348 0.09421488 0.05591638
v -0.01394056 0.09235613 0.04393306
v -0.01267785 0.09197119 0.05591638
v -0.02324917 0.09658532 0.03996073
v -0.01870217 0.09419025 0.04205441
v -0.02432857 0.09729188 0.05591638
v -0.02432857 0.09729188 0.05591638
v -0.01870217 0.09419025 0.04205441
v -0.01869348 0.09421488 0.05591638
v -0.02946840 0.10113948 0.05591638
v -0.02852712 0.10027399 0.03676645
v -0.02324917 0.09658532 0.03996073
v -0.02946840 0.10113948 0.05591638
v -0.02324917 0.09658532 0.03996073
v -0.02432857 0.09729188 0.05591638
v -0.03400833 0.10567942 0.05591638
v -0.03308156 0.10458893 0.03325054
v -0.02852712 0.10027399 0.03676645
v -0.03400833 0.10567942 0.05591638
v -0.02852712 0.10027399 0.03676645
v -0.02946840 0.10113948 0.05591638
v -0.03840343 0.11160534 0.02736201
v -0.03538000 0.10726080 0.03080608
v -0.03785596 0.11081925 0.05591638
v -0.03785596 0.11081925 0.05591638
v -0.03538000 0.10726080 0.03080608
v -0.03400833 0.10567942 0.05591638
v -0.03400833 0.10567942 0.05591638
v -0.03538000 0.10726080 0.03080608
v -0.03308156 0.10458893 0.03325054
v -0.04071695 0.11596408 0.02448120
v -0.03840343 0.11160534 0.02736201
v -0.04093295 0.11645438 0.05591638
v -0.04093295 0.11645438 0.05591638
v -0.03840343 0.11160534 0.02736201
v -0.03785596 0.11081925 0.05591638
v -0.04317668 0.12247000 0.05591638
v -0.04254573 0.12047653 0.02148799
v -0.04093295 0.11645438 0.05591638
v -0.04093295 0.11645438 0.05591638
v -0.04254573 0.12047653 0.02148799
v -0.04071695 0.11596408 0.02448120
v -0.04499947 0.13514783 0.05591638
v -0.04486424 0.13133098 0.01348785
v -0.04454144 0.12874372 0.05591638
v -0.04454144 0.12874372 0.05591638
v -0.04486424 0.13133098 0.01348785
v -0.04402771 0.12578215 0.01743128
v -0.04454144 0.12874372 0.05591638
v -0.04402771 0.12578215 0.01743128
v -0.04317668 0.12247000 0.05591638
v -0.04317668 0.12247000 0.05591638
v -0.04402771 0.12578215 0.01743128
v -0.04254573 0.12047653 0.02148799
v 0.01218357 0.17847129 -0.01256317
v 0.00784282 0.17945847 -0.01216415
v 0.01267773 0.17832440 0.05591638
v 0.01267773 0.17832440 0.05591638
v 0.00784282 0.17945847 -0.01216415
v 0.00334552 0.18008156 0.05591630
v 0.00334552 0.18008156 0.05591630
v 0.00784282 0.17945847 -0.01216415
v 0.00499554 0.17986906 -0.01199911
v 0.01782829 0.17647582 -0.01336782
v 0.01218357 0.17847129 -0.01256317
v 0.01869336 0.17608071 0.05591638
v 0.01869336 0.17608071 0.05591638
v 0.01218357 0.17847129 -0.01256317
v 0.01267773 0.17832440 0.05591638
v 0.02432845 0.17300376 0.05591638
v 0.02183623 0.17449405 -0.01416110
v 0.01782829 0.17647582 -0.01336782
v 0.02432845 0.17300376 0.05591638
v 0.01782829 0.17647582 -0.01336782
v 0.01869336 0.17608071 0.05591638
v 0.02842101 0.17006041 -0.01594394
v 0.02446468 0.17291587 -0.01479581
v 0.02946828 0.16915611 0.05591638
v 0.02946828 0.16915611 0.05591638
v 0.02446468 0.17291587 -0.01479581
v 0.02432845 0.17300376 0.05591638
v 0.02432845 0.17300376 0.05591638
v 0.02446468 0.17291587 -0.01479581
v 0.02183623 0.17449405 -0.01416110
v 0.03400822 0.16461618 0.05591638
v 0.03288869 0.16589156 -0.01762102
v 0.02946828 0.16915611 0.05591638
v 0.02946828 0.16915611 0.05591638
v 0.03288869 0.16589156 -0.01762102
v 0.02842101 0.17006041 -0.01594394
v 0.03785585 0.15947634 0.05591638
v 0.03653359 0.16149201 -0.01938847
v 0.03400822 0.16461618 0.05591638
v 0.03400822 0.16461618 0.05591638
v 0.03653359 0.16149201 -0.01938847
v 0.03288869 0.16589156 -0.01762102
v 0.04093285 0.15384122 0.05591638
v 0.03954694 0.15662897 -0.02134648
v 0.03785585 0.15947634 0.05591638
v 0.03785585 0.15947634 0.05591638
v 0.03954694 0.15662897 -0.02134648
v 0.03653359 0.16149201 -0.01938847
v 0.04189862 0.15160044 -0.02336875
v 0.04317656 0.14782560 0.05591638
v 0.04370653 0.14596232 -0.02563703
v 0.04317656 0.14782560 0.05591638
v 0.04189862 0.15160044 -0.02336875
v 0.04093285 0.15384122 0.05591638
v 0.04093285 0.15384122 0.05591638
v 0.04189862 0.15160044 -0.02336875
v 0.03954694 0.15662897 -0.02134648
v 0.04370653 0.14596232 -0.02563703
v 0.04317656 0.14782560 0.05591638
v 0.04454133 0.14155187 0.05591638
v 0.04494407 0.13260349 0.00039136
v 0.04499215 0.13464226 -0.00664609
v 0.04499936 0.13514786 0.05591638
v 0.04499936 0.13514786 0.05591638
v 0.04499215 0.13464226 -0.00664609
v 0.04499019 0.13462146 -0.03019920
v 0.04499936 0.13514786 0.05591638
v 0.04499019 0.13462146 -0.03019920
v 0.04472299 0.14024059 -0.02793871
v 0.04499936 0.13514786 0.05591638
v 0.04472299 0.14024059 -0.02793871
v 0.04454133 0.14155187 0.05591638
v 0.04454133 0.14155187 0.05591638
v 0.04472299 0.14024059 -0.02793871
v 0.04370653 0.14596232 -0.02563703
v -0.04506488 0.13719600 -0.02916241
v -0.04499947 0.13514783 0.05591638
v -0.04454145 0.14155184 0.05591638
v -0.04499947 0.13514783 0.05591638
v -0.04506488 0.13719600 -0.02916241
v -0.04498903 0.13424954 0.00607433
v -0.04506488 0.13719600 -0.02916241
v -0.04499614 0.13453504 -0.01036187
v -0.04454145 0.14155184 0.05591638
v -0.04356161 0.14658419 -0.02538686
v -0.04506488 0.13719600 -0.02916241
v -0.04148171 0.15260401 -0.02296413
v -0.04356161 0.14658419 -0.02538686
v -0.04317669 0.14782557 0.05591638
v -0.04317669 0.14782557 0.05591638
v -0.04356161 0.14658419 -0.02538686
v -0.04454145 0.14155184 0.05591638
v -0.04093297 0.15384119 0.05591638
v -0.03976493 0.15621205 -0.02151484
v -0.04148171 0.15260401 -0.02296413
v -0.04093297 0.15384119 0.05591638
v -0.04148171 0.15260401 -0.02296413
v -0.04317669 0.14782557 0.05591638
v -0.03370183 0.16501724 -0.01797230
v -0.03739624 0.16018721 -0.01991697
v -0.03785598 0.15947631 0.05591638
v -0.03785598 0.15947631 0.05591638
v -0.03739624 0.16018721 -0.01991697
v -0.04093297 0.15384119 0.05591638
v -0.04093297 0.15384119 0.05591638
v -0.03739624 0.16018721 -0.01991697
v -0.03976493 0.15621205 -0.02151484
v -0.03400835 0.16461615 0.05591638
v -0.03370183 0.16501724 -0.01797230
v -0.03785598 0.15947631 0.05591638
v -0.02432859 0.17300374 0.05591638
v -0.02570313 0.17207196 -0.01513251
v -0.02946842 0.16915609 0.05591638
v -0.02946842 0.16915609 0.05591638
v -0.02570313 0.17207196 -0.01513251
v -0.02928446 0.16931198 -0.01624504
v -0.02946842 0.16915609 0.05591638
v -0.02928446 0.16931198 -0.01624504
v -0.03400835 0.16461615 0.05591638
v -0.03400835 0.16461615 0.05591638
v -0.02928446 0.16931198 -0.01624504
v -0.03370183 0.16501724 -0.01797230
v -0.01869350 0.17608070 0.05591638
v -0.01781619 0.17647910 -0.01336565
v -0.02432859 0.17300374 0.05591638
v -0.02432859 0.17300374 0.05591638
v -0.01781619 0.17647910 -0.01336565
v -0.02183163 0.17450352 -0.01415644
v -0.02432859 0.17300374 0.05591638
v -0.02183163 0.17450352 -0.01415644
v -0.02570313 0.17207196 -0.01513251
v -0.01341461 0.17809547 -0.01271027
v -0.01869350 0.17608070 0.05591638
v -0.01267787 0.17832439 0.05591638
v -0.01341461 0.17809547 -0.01271027
v -0.01781619 0.17647910 -0.01336565
v -0.01869350 0.17608070 0.05591638
v -0.00750690 0.17951996 -0.01214068
v -0.01267787 0.17832439 0.05591638
v -0.00640416 0.17968916 0.05591638
v -0.00750690 0.17951996 -0.01214068
v -0.01341461 0.17809547 -0.01271027
v -0.01267787 0.17832439 0.05591638
v -0.00300064 0.18004705 -0.01192746
v -0.00750690 0.17951996 -0.01214068
v -0.00640416 0.17968916 0.05591638
v 0.00334552 0.18008156 0.05591630
v 0.00499554 0.17986906 -0.01199911
v 0.00096350 0.18016667 -0.01188464
v 0.00334552 0.18008156 0.05591630
v 0.00096350 0.18016667 -0.01188464
v -0.00640416 0.17968916 0.05591638
v -0.00640416 0.17968916 0.05591638
v 0.00096350 0.18016667 -0.01188464
v -0.00300064 0.18004705 -0.01192746
f 1 2 3
f 4 5 3
f 3 5 6
f 3 6 1
f 7 8 3
f 3 8 4
f 9 10 3
f 3 10 7
f 11 12 3
f 3 12 9
f 13 14 3
f 3 14 11
f 15 16 3
f 3 16 13
f 3 17 15
f 18 19 3
f 20 21 3
f 3 21 18
f 22 23 3
f 3 23 20
f 24 25 3
f 3 25 22
f 26 27 3
f 3 27 24
f 28 29 3
f 3 29 26
f 2 30 3
f 3 30 28
f 31 32 33
f 34 35 36
f 37 38 39
f 40 41 42
f 43 44 45
f 46 47 48
f 49 50 51
f 52 53 54
f 55 56 57
f 58 59 60
f 61 62 63
f 61 63 64
f 65 66 67
f 68 69 70
f 71 72 73
f 74 75 76
f 77 78 79
f 80 81 82
f 83 84 85
f 86 87 88
f 89 90 91
f 92 93 94
f 95 96 97
f 98 99 100
f 101 102 103
f 104 105 106
f 107 108 109
f 110 111 112
f 113 114 115
f 116 117 118
f 119 120 121
f 122 123 124
f 125 126 127
f 128 129 130
f 131 132 133
f 134 135 136
f 137 138 139
f 137 139 140
f 141 142 143
f 144 145 146
f 147 148 149
f 150 151 152
f 153 154 155
f 156 157 158
f 159 160 161
f 162 163 164
f 165 166 167
f 168 169 170
f 171 172 173
f 174 175 176
f 177 178 179
f 180 181 182
f 183 184 185
f 186 187 188
f 189 190 191
f 192 193 194
f 195 196 197
f 198 199 200
f 201 202 203
f 204 205 206
f 207 208 209
f 210 211 212
f 213 214 215
f 216 217 218
f 219 220 221
f 222 223 224
f 225 226 227
f 228 229 230
f 231 232 233
f 234 235 236
f 237 238 239
f 240 241 242
f 243 244 245
f 246 247 248
f 249 250 251
f 252 253 254
f 255 256 257
f 258 259 260
f 261 262 263
f 264 265 266
f 267 268 269
f 270 271 272
f 273 274 275
f 276 277 278
f 279 280 281
f 282 283 284
f 285 286 287
f 288 289 290
f 291 292 293
f 294 295 296
f 297 298 299
f 300 301 302
f 302 301 303
f 302 303 304
f 304 303 305
f 304 305 306
f 306 305 307
f 308 309 310
f 310 309 311
f 311 309 312
f 311 312 313
f 313 312 314
f 315 316 317
f 317 316 318
f 318 316 319
f 318 319 320
f 320 319 300
f 300 319 301
f 321 322 323
f 323 322 324
f 323 324 325
f 312 326 314
f 314 326 327
f 327 326 328
f 327 328 329
f 329 328 330
f 329 330 331
f 305 332 307
f 307 332 333
f 333 332 334
f 333 334 335
f 324 336 325
f 325 336 337
f 325 337 338
f 338 337 339
f 338 339 340
f 340 339 341
f 340 341 342
f 342 341 343
f 342 343 344
f 344 343 345
f 344 345 308
f 308 345 346
f 308 346 309
f 334 347 335
f 335 347 348
f 335 348 349
f 349 348 350
f 349 350 351
f 351 350 352
f 351 352 321
f 321 352 322
f 353 354 355
f 355 354 356
f 355 356 357
f 357 356 358
f 358 356 359
f 358 359 315
f 315 359 316
f 331 330 360
f 331 360 361
f 361 360 362
f 363 364 365
f 365 364 366
f 365 366 367
f 367 366 368
f 367 368 369
f 369 368 370
f 369 370 371
f 371 370 372
f 371 372 353
f 353 372 354
f 373 374 363
f 363 374 364
f 360 375 362
f 362 375 376
f 376 375 377
f 376 377 378
f 378 377 379
f 378 379 380
f 380 379 381
f 380 381 373
f 373 381 382
f 373 382 374
f 383 384 385
f 386 387 388
f 389 390 391
f 389 391 392
f 393 394 395
f 396 397 398
f 399 400 401
f 402 403 404
f 405 406 407
f 408 409 410
f 411 412 413
f 414 415 416
f 417 418 419
f 420 421 422
f 423 424 425
f 426 427 428
f 429 430 431
f 432 433 434
f 435 436 437
f 438 439 440
f 441 442 443
f 444 445 446
f 447 448 449
f 450 451 452
f 453 454 455
f 456 457 458
f 459 460 461
f 462 463 464
f 465 466 467
f 468 469 470
f 471 472 473
f 474 475 476
f 477 478 479
f 480 481 482
f 483 484 485
f 486 487 488
f 489 490 491
f 492 493 494
f 495 496 497
f 498 499 500
f 501 502 503
f 504 505 506
f 507 508 509
f 510 511 512
f 513 514 515
f 516 517 518
f 519 520 521
f 522 523 524
f 525 526 527
f 528 529 530
f 531 532 533
f 534 535 536
f 537 538 539
f 540 541 542
f 543 544 545
f 546 547 548
f 549 550 551
f 552 553 554
f 555 556 557
f 558 559 560
f 561 562 563
f 564 565 566
f 567 568 569
f 570 571 572
f 573 574 575
f 576 577 578
f 579 580 581
f 582 583 584
f 585 586 587
f 588 589 590
f 591 592 593
f 594 595 596
f 597 598 599
f 600 601 602
f 603 604 605
f 606 607 608
f 609 610 611
f 612 613 614
f 615 616 617
f 618 619 620
f 621 622 623
f 624 625 626
f 627 628 629
f 630 631 632
f 633 634 635
f 636 637 638
f 639 640 641
f 642 643 644
f 645 646 647
f 648 649 650
f 648 650 651
f 652 653 654
f 655 656 657
f 658 659 660
f 661 662 663
f 664 665 666
f 667 668 669
f 670 671 672
f 673 674 675
f 676 677 678
f 679 680 681
f 682 683 684
f 685 686 687
f 688 689 690
f 691 692 693
f 694 695 696
f 697 698 699
f 700 701 702
f 703 704 705
f 706 707 708
f 709 710 711
f 712 713 714
f 715 716 717
f 718 719 720
f 721 722 723
f 724 725 726
f 727 728 729
f 730 731 732
f 733 734 735
f 736 737 738
f 739 740 741
f 742 743 744
f 742 744 745
f 746 747 748
f 749 750 751
f 752 753 754
f 755 756 757
f 758 759 760
f 761 762 763
f 764 765 766
f 767 768 769
f 770 771 772
f 773 774 775
f 776 777 778
f 779 780 781
f 782 783 784
f 785 786 787
f 788 789 790
f 791 792 793
f 791 793 794
f 795 796 797
f 798 799 800
f 801 802 803
f 804 805 806
f 807 808 809
f 810 811 812
f 813 814 815
f 816 817 818
f 819 820 821
f 822 823 824
f 824 823 825
f 826 827 828
f 829 830 831
f 832 833 834
f 835 836 837
f 838 839 840
f 841 842 843
f 844 845 846
f 847 848 849
f 850 851 852
f 853 854 855
f 856 857 858
f 859 860 861
f 862 863 864
f 865 866 867
f 868 869 870
f 871 872 873
f 874 875 876
f 877 878 879
f 880 881 882
f 883 884 885
f 886 887 888
f 889 890 891
f 883 892 884
f 893 894 895
f 896 762 761
f 897 898 899
f 900 901 902
f 903 904 905
f 906 907 908
f 909 910 911
f 912 913 914
f 915 916 917
f 918 919 920
f 921 922 923
f 924 925 926
f 927 928 929
f 930 931 932
f 933 934 935
f 936 937 938
f 939 940 941
f 942 943 944
f 945 946 947
f 948 949 950
f 951 952 953
f 954 955 956
f 957 958 959
f 960 961 962
f 963 964 965
f 966 967 968
f 969 970 971
f 972 973 974
f 975 976 977
f 978 979 980
f 981 982 983
f 984 985 986
f 987 988 989
f 990 991 992
f 993 994 995
f 996 997 998
f 999 1000 1001
f 1002 1003 1004
f 1005 1006 1007
f 1008 1009 1010
f 1011 1012 1013
f 1014 1015 1016
f 1017 1018 1019
f 1020 1021 1022
f 1023 1024 1025
f 1026 1027 1028
f 1029 1030 1031
f 1032 1033 1034
f 1035 1036 1037
f 1038 1039 1040
f 1041 1042 1043
f 1044 1045 1046
f 1047 1048 1049
f 1050 1051 1052
f 1053 1054 1055
f 1056 1057 1058
f 1059 1060 1061
f 1062 1063 1064
f 1065 1066 1067
f 1068 1069 1070
f 1071 1072 1073
f 1074 1075 1076
f 1077 1078 1079
f 1080 1081 1082
f 1083 1084 1085
f 1086 1087 1088
f 1089 1090 1091
f 1092 1093 1094
f 1095 1096 1097
f 1098 1099 1100
f 1101 1102 1103
f 1104 1105 1106
f 1107 1108 1109
f 1110 1111 1112
f 1113 1114 1115
f 1116 1117 1118
f 1119 1120 1121
f 1122 1123 1124
f 1125 1126 1127
f 1128 1129 1130
f 1131 1132 1133
f 1131 1133 1134
f 1135 1136 1137
f 1138 1139 1140
f 1141 1142 1143
f 1144 1145 1146
f 1147 1148 1149
f 1150 1151 1152
f 1153 1154 1155
f 1156 1157 1158
f 1159 1160 1161
f 1162 1163 1164
f 1165 1166 1167
f 1168 1169 1170
f 1171 1172 1173
f 1174 1175 1176
f 1177 1178 1179
f 1180 1181 1182
f 1183 1184 1185
f 1186 1187 1188
f 1189 1190 1191
f 1192 1193 1194
f 1195 1196 1197
f 1198 1199 1200
f 1201 1202 1203
f 1201 1203 1204
f 1205 1206 1207
f 1208 1209 1210
f 1211 1212 1213
f 1214 1215 1216
f 1217 1218 1219
f 1220 1221 1222
f 1223 1224 1225
f 1226 1227 1228
f 1229 1230 1231
f 1209 1208 1232
f 1233 1234 1235
f 1236 1237 1238
f 1239 1240 1241
f 1242 1243 1244
f 1245 1246 1247
f 1248 1249 1250
f 1251 1252 1253
f 1254 1255 1256
f 1257 1258 1259
f 1260 1261 1262
f 1263 1264 1265
f 1266 1267 1268
f 1269 1270 1271
f 1272 1273 1274
f 1275 1276 1277
f 1278 1279 1280
f 1281 1282 1283
f 1284 1285 1286
f 1287 1288 1289
f 1290 1291 1292
f 1293 1294 1295
f 1296 1297 1298
f 1299 1300 1301
f 1302 1303 1304
f 1305 1306 1307
f 1308 1309 1310
f 1311 1312 1313
f 1314 1315 1316
f 1317 1318 1319
f 1320 1321 1322
f 1323 1324 1325
f 1326 1327 1328
f 1329 1330 1331
f 1332 1333 1334
f 1335 1336 1337
f 1338 1339 1340
f 1341 1342 1343
f 1344 1345 1346
f 1347 1348 1349
f 1350 1351 1352
f 1353 1354 1355
f 1356 1357 1358
f 1359 1360 1361
f 1362 1363 1364
f 1365 1366 1367
f 1368 1369 1370
f 1371 1372 1373
f 1374 1375 1376
f 1377 1378 1379
f 1380 1381 1382
f 1383 1384 1385
f 1386 1387 1388
f 1389 1390 1391
f 1392 1393 1394
f 1392 1394 1395
f 1396 1397 1398
f 1399 1400 1401
f 1402 1403 1404
f 1405 1406 1407
f 1408 1409 1410
f 1411 1412 1413
f 1414 1415 1416
f 1417 1418 1419
f 1420 1421 1422
f 1423 1424 1425
f 1426 1427 1428
f 1429 1430 1431
f 1432 1433 1434
f 1435 1436 1437
f 1438 1439 1440
f 1441 1442 1443
f 1444 1445 1446
f 1447 1448 1449
f 1450 1451 1452
f 1453 1454 1455
f 1456 1457 1458
f 1459 1460 1461
f 1462 1463 1464
f 1465 1466 1467
f 1468 1469 1470
f 1471 1472 1473
f 1474 1475 1476
f 1477 1478 1479
f 1480 1481 1482
f 1483 1484 1485
f 1486 1487 1488
f 1489 1490 1491
f 1492 1493 1494
f 1495 1496 1497
f 1498 1499 1500
f 1501 1502 1503
f 1504 1505 1506
f 1507 1508 1509
f 1510 1511 1512
f 1513 1514 1515
f 1516 1517 1518
f 1519 1520 1521
f 1522 1523 1524
f 1525 1526 1527
f 1528 1529 1530
f 1531 1532 1533
f 1534 1535 1536
f 1537 1538 1539
f 1540 1541 1542
f 1543 1544 1545
f 1546 1547 1548
f 1549 1550 1551
f 1552 1553 1554
f 1555 1556 1557
f 1558 1559 1560
f 1561 1562 1563
f 1564 1565 1566
f 1567 1568 1569
f 1567 1569 1570
f 1571 1572 1573
f 1574 1575 1576
f 1577 1578 1579
f 1577 1579 1580
f 1581 1582 1583
f 1584 1585 1586
f 1587 1588 1589
f 1590 1591 1592
f 1593 1594 1595
f 1595 1594 1596
f 1597 1598 1599
f 1600 1601 1602
f 1603 1604 1605
f 1606 1607 1608
f 1609 1610 1611
f 1612 1613 1614
f 1615 1616 1617
f 1618 1619 1620
f 1621 1622 1623
f 1624 1625 1626
f 1627 1628 1629
f 1630 1631 1632
f 1633 1634 1635
f 1636 1637 1638
f 1639 1640 1641
f 1642 1643 1644
f 1645 1646 1647
f 1648 1649 1650
f 1651 1652 1653
f 1654 1655 1656
f 1657 1658 1659
f 1660 1661 1662
f 1663 1664 1665
f 1666 1667 1668
f 1669 1670 1671
f 1672 1673 1674
f 1675 1676 1677
f 1678 1679 1680
f 1681 1682 1683
f 1684 1685 1686
f 1687 1688 1689
f 1690 1691 1692
f 1690 1692 1693
f 1694 1695 1696
f 1163 1162 1697
f 1696 1698 1694
f 1699 1700 1701
f 1702 1703 1704
f 1705 1706 1707
f 1708 1709 1710
f 1711 1712 1713
f 1714 1715 1716
f 1717 1718 1719
f 1720 1721 1722
f 1723 1724 1725
f 1726 1727 1728
f 1729 1730 1731
f 1732 1733 1734
f 1735 1736 1737
f 1738 1739 1740
f 1741 1742 1743
f 1744 1745 1746
f 1747 1748 1749
f 1750 1751 1752
f 1753 1754 1755
f 1756 1757 1758
f 1759 1760 1761
f 1706 1762 1707
f 1763 1764 1765
f 1766 1767 1768
f 1769 1770 1771
f 1772 1773 1774
f 1775 1776 1777
f 1778 1779 1780
f 1781 1782 1783
f 1784 1785 1786
f 1787 1788 1789
f 1790 1791 1792
f 1793 1794 1795
f 1796 1797 1798
f 1799 1800 1801
f 1802 1803 1804
f 1805 1806 1807
f 1808 1809 1810
f 1811 1812 1813
f 1814 1815 1816
f 1817 1818 1819
f 1820 1821 1822
f 1823 1824 1825
f 1826 1827 1828
f 1829 1830 1831
f 1832 1833 1834
f 1835 1836 1837
f 1838 1839 1840
f 1841 1842 1843
f 1844 1845 1846
f 1847 1848 1849
f 1850 1851 1852
f 1853 1854 1855
f 1856 1857 1858
f 1859 1860 1861
f 1862 1863 1864
f 1865 1866 1867
f 1868 1869 1870
f 1871 1872 1873
f 1874 1875 1876
f 1877 1878 1879
f 1880 1881 1882
f 1883 1884 1885
f 1886 1887 1888
f 1889 1890 1891
f 1892 1893 1894
f 1895 1896 1897
f 1898 1899 1900
f 1901 1902 1903
f 1904 1905 1906
f 1907 1908 1909
f 1910 1911 1912
f 1913 1914 1915
f 1916 1917 1918
f 1919 1920 1921
f 1922 1923 1924
f 1925 1926 1927
f 1928 1929 1930
f 1931 1932 1933
f 1934 1935 1936
f 1937 1938 1939
f 1940 1941 1942
f 1943 1944 1945
f 1946 1947 1948
f 1949 1950 1951
f 1952 1953 1954
f 1955 1956 1957
f 1958 1959 1960
f 1961 1962 1963
f 1964 1965 1966
f 1967 1968 1969
f 1970 1971 1972
f 1973 1974 1975
f 1976 1977 1978
f 1979 1980 1981
f 1982 1983 1984
f 1984 1983 1985
f 1986 1987 1988
f 1989 1990 1991
f 1992 1993 1994
f 1995 1996 1997
f 1998 1999 2000
f 2001 2002 2003
f 2004 2005 2006
f 2007 2008 2009
f 2010 2011 2012
f 2013 2014 2015
f 2016 2017 2018
f 2019 2020 2021
f 2022 2023 2024
f 2021 2025 2026
f 2027 2028 2029
f 2030 2031 2032
f 2032 2031 2033
f 2034 2035 2036
f 2036 2035 2037
f 2036 2037 2038
f 2039 2040 2041
f 2042 2043 2044
f 2045 2046 2047
f 2045 2047 2048
f 2049 2050 2051
f 2052 2053 2054
f 2055 2056 2057
f 2058 2059 2060
f 2061 2062 2063
f 2064 2065 2066
f 2067 2068 2069
f 2070 2071 2072
f 2073 2074 2075
f 2076 2077 2078
f 2079 2080 2081
f 2082 2083 2084
f 2085 2086 2087
f 2088 2089 2090
f 2091 2092 2093
f 2094 2095 2096
f 2097 2098 2099
f 2100 2101 2102
f 2103 2104 2105
f 2103 2105 2106
f 2107 2108 2109
f 2110 2111 2112
f 2113 2114 2115
f 2116 2117 2118
f 2119 2120 2121
f 2122 2123 2124
f 2124 2123 2125
f 2126 2127 2128
f 2129 2130 2131
f 2132 2133 2134
f 2135 2136 2137
f 2138 2139 2140
f 2141 2142 2143
f 2144 2145 2146
f 2147 2148 2149
f 2150 2151 2152
f 2153 2154 2155
f 2153 2155 2156
f 2157 2158 2159
f 2160 2161 2162
f 2163 2164 2165
f 2166 2167 2168
f 2169 2170 2171
f 2172 2173 2174
f 2175 2176 2177
f 2178 2179 2180
f 2180 2179 2181
f 2182 2183 2184
f 2185 2186 2187
f 2188 2189 2190
f 2191 2192 2193
f 2194 2195 2196
f 2197 2198 2199
f 2200 2201 2202
f 2203 2204 2205
f 2206 2207 2208
f 843 842 2209
f 2210 2211 2212
f 2213 2214 2215
f 2215 2214 2216
f 2217 2218 2219
f 2220 2221 2222
f 2223 2224 2225
f 2226 2227 2228
f 2229 2230 2231
f 2232 2233 2234
f 2235 2236 2237
f 2238 2239 2240
f 2239 2241 2240
f 2242 2243 2244
f 2245 2246 2247
f 2248 2249 2250
f 2251 2252 2253
f 2254 2255 2256
f 2257 2258 2259
f 2260 2261 2262
f 2263 2264 2265
f 2266 2267 2268
f 2269 2270 2271
f 2272 2273 2274
f 2275 2276 2277
f 2277 2276 2278
f 2279 2280 2281
f 2282 2283 2284
f 2285 2286 2287
f 2288 2289 2290
f 2291 2292 2293
f 2294 2295 2296
f 2297 2298 2299
f 2300 2301 2302
f 2303 2304 2305
f 2306 2307 2308
f 2309 2310 2311
f 2312 2313 2314
f 2315 2316 2317
f 2318 2319 2320
f 2321 2322 2323
f 2324 2325 2326
f 2324 2326 2327
f 2328 2329 2330
f 2331 2332 2333
f 2334 2335 2336
f 2337 2338 2339
f 2340 2341 2342
f 2343 2344 2345
f 2346 2347 2348
f 2349 2350 2351
f 2352 2353 2354
f 2355 2356 2357
f 2358 2359 2360
f 2361 2362 2363
f 2364 2365 2366
f 2367 2368 2369
f 2370 2371 2372
f 2373 2374 2375
f 2376 2377 2378
f 2379 2380 2381
f 2382 2383 2384
f 2385 2386 2387
f 2388 2389 2390
f 2391 2392 2393
f 2394 2395 2396
f 2397 2386 2385
f 2398 2399 2400
f 2401 2402 2403
f 2404 2405 2406
f 2407 2408 2409
f 2410 2411 2412
f 2413 2414 2415
f 2416 2417 2418
f 2419 2420 2421
f 2422 2423 2424
f 2425 2426 2427
f 2428 2429 2430
f 2431 2432 2433
f 2434 2435 2436
f 2437 2438 2439
f 2440 2441 2442
f 2443 2444 2445
f 2446 2447 2448
f 2449 2450 2451
f 2452 2453 2454
f 2455 2456 2457
f 2455 2457 2458
f 2459 2460 2461
f 2462 2463 2464
f 2465 2466 2467
f 2468 2469 2470
f 2471 2472 2473
f 2474 2475 2476
f 2477 2478 2479
f 2480 2481 2482
f 2483 2484 2485
f 2486 2487 2488
f 2489 2490 2491
f 2492 2493 2494
f 2495 2496 2497
f 2498 2499 2500
f 2501 2502 2503
f 2504 2505 2506
f 2507 2508 2509
f 2510 2511 2512
f 2513 2514 2515
f 2516 2517 2518
f 2519 2520 2521
f 2522 2523 2524
f 2525 2526 2527
f 2528 2529 2530
f 2531 2532 2533
f 2534 2535 2536
f 2537 2538 2539
f 2540 2541 2542
f 2543 2544 2545
f 2546 2547 2548
f 2549 2550 2551
f 2552 2553 2554
f 2555 2556 2557
f 2558 2559 2560
f 2561 2562 2563
f 2564 2565 2566
f 2567 2568 2569
f 2570 2571 2572
f 2573 2574 2575
f 2576 2577 2578
f 2579 2580 2581
f 2582 2583 2584
f 2585 2586 2587
f 2588 2589 2590
f 2591 2592 2593
f 2594 2595 2207
f 2596 2597 2598
f 2599 2600 2601
f 2602 2603 2604
f 2605 2606 2607
f 2608 2609 2610
f 2611 2612 2613
f 2614 2615 2616
f 2617 2618 2619
f 2620 2621 2622
f 2623 2624 2625
f 2626 2627 2628
f 2629 2630 2631
f 2632 2633 2634
f 2635 2636 2637
f 2638 2639 2640
f 2641 2642 2643
f 2644 2645 2646
f 2647 2648 2649
f 2650 2651 2652
f 2653 2654 2655
f 2656 2657 2658
f 2659 2660 2661
f 2662 2663 2664
f 2665 2666 2667
f 2668 2669 2670
