mtllib material.mtl
usemtl material_base_1
v 0.02461951 -0.07072300 0.08493234
v 0.03043072 -0.06838478 0.08517185
v 0.02459199 -0.07067687 0.08518795
v 0.00321119 0.07478086 0.08517181
v -0.00312757 0.07482033 0.08493233
v -0.00311451 0.07476821 0.08518795
v 0.01861527 -0.07253506 0.08493234
v 0.02461951 -0.07072300 0.08493234
v 0.02459199 -0.07067687 0.08518795
v 0.01861527 -0.07253506 0.08493234
v 0.02459199 -0.07067687 0.08518795
v 0.01854476 -0.07249870 0.08518788
v 0.01249090 -0.07384389 0.08493150
v 0.01861527 -0.07253506 0.08493234
v 0.01854476 -0.07249870 0.08518788
v 0.01249090 -0.07384389 0.08493150
v 0.01854476 -0.07249870 0.08518788
v 0.01241988 -0.07377777 0.08520269
v -0.01550486 0.07317397 0.08521637
v -0.00933948 0.07426773 0.08516430
v -0.01554161 0.07325510 0.08505219
v -0.01554161 0.07325510 0.08505219
v -0.00933948 0.07426773 0.08516430
v -0.00936720 0.07429259 0.08493296
v -0.01554161 0.07325510 0.08505219
v -0.00936720 0.07429259 0.08493296
v -0.01554121 0.07324780 0.08493330
v -0.02754034 0.06959911 0.08517185
v -0.02161076 0.07164469 0.08518794
v -0.02163638 0.07169191 0.08493233
v -0.02754034 0.06959911 0.08517185
v -0.02163638 0.07169191 0.08493233
v -0.02754870 0.06962904 0.08493295
v -0.03870842 0.06406362 0.08517181
v -0.03322820 0.06701575 0.08521324
v -0.03327115 0.06708862 0.08505218
v -0.03870842 0.06406362 0.08517181
v -0.03327115 0.06708862 0.08505218
v -0.03877485 0.06405969 0.08493295
v -0.03877485 0.06405969 0.08493295
v -0.03327115 0.06708862 0.08505218
v -0.03326894 0.06708166 0.08493330
v -0.04884624 0.05669228 0.08518788
v -0.04396302 0.06058196 0.08516430
v -0.04892553 0.05669352 0.08493234
v -0.04892553 0.05669352 0.08493234
v -0.04396302 0.06058196 0.08516430
v -0.04399925 0.06059042 0.08493295
v -0.05764762 0.04771517 0.08518795
v -0.05341881 0.05240610 0.08518788
v -0.05349794 0.05240071 0.08493234
v -0.05764762 0.04771517 0.08518795
v -0.05349794 0.05240071 0.08493234
v -0.05769507 0.04774034 0.08493234
v -0.06477343 0.03747496 0.08518788
v -0.06142843 0.04274308 0.08518194
v -0.06148755 0.04274510 0.08493234
v -0.06477343 0.03747496 0.08518788
v -0.06148755 0.04274510 0.08493234
v -0.06484871 0.03745007 0.08493234
v -0.07012831 0.02612364 0.08518193
v -0.06765950 0.03189082 0.08521636
v -0.06774633 0.03191062 0.08505218
v -0.07012831 0.02612364 0.08518193
v -0.06774633 0.03191062 0.08505218
v -0.07018609 0.02611084 0.08493234
v -0.07018609 0.02611084 0.08493234
v -0.06774633 0.03191062 0.08505218
v -0.06774027 0.03190653 0.08493330
v -0.07349476 0.01408864 0.08518790
v -0.07205811 0.02018910 0.08518787
v -0.07212482 0.02014631 0.08493234
v -0.07349476 0.01408864 0.08518790
v -0.07212482 0.02014631 0.08493234
v -0.07355768 0.01404032 0.08493234
v -0.07483534 0.00160993 0.08516429
v -0.07440371 0.00784294 0.08520277
v -0.07448272 0.00782733 0.08493150
v -0.07483534 0.00160993 0.08516429
v -0.07448272 0.00782733 0.08493150
v -0.07486399 0.00158624 0.08493296
v -0.07401664 -0.01090691 0.08520278
v -0.07468949 -0.00463139 0.08518790
v -0.07408927 -0.01094177 0.08493150
v -0.07408927 -0.01094177 0.08493150
v -0.07468949 -0.00463139 0.08518790
v -0.07473842 -0.00469381 0.08493234
v -0.07118574 -0.02308712 0.08518195
v -0.07284439 -0.01706224 0.08520277
v -0.07291386 -0.01710298 0.08493150
v -0.07118574 -0.02308712 0.08518195
v -0.07291386 -0.01710298 0.08493150
v -0.07122307 -0.02313304 0.08493234
v -0.06633909 -0.03466455 0.08517185
v -0.06899239 -0.02893893 0.08520271
v -0.06904054 -0.02902320 0.08493150
v -0.06633909 -0.03466455 0.08517185
v -0.06904054 -0.02902320 0.08493150
v -0.06636801 -0.03467595 0.08493296
v -0.05964748 -0.04519012 0.08518790
v -0.06322289 -0.04007227 0.08516429
v -0.05965370 -0.04526918 0.08493234
v -0.05965370 -0.04526918 0.08493234
v -0.06322289 -0.04007227 0.08516429
v -0.06323359 -0.04010792 0.08493296
v -0.05124906 -0.05455310 0.08517185
v -0.05563418 -0.05007337 0.08517185
v -0.05565935 -0.05009161 0.08493297
v -0.05127257 -0.05457339 0.08493297
v -0.04146815 -0.06229255 0.08518788
v -0.04651587 -0.05862335 0.08518193
v -0.04652159 -0.05868223 0.08493234
v -0.04146815 -0.06229255 0.08518788
v -0.04652159 -0.05868223 0.08493234
v -0.04144801 -0.06236927 0.08493234
v -0.03045767 -0.06837278 0.08517185
v -0.03606789 -0.06556745 0.08518794
v -0.03608375 -0.06561878 0.08493234
v -0.03045767 -0.06837278 0.08517185
v -0.03608375 -0.06561878 0.08493234
v -0.03047320 -0.06839969 0.08493296
v -0.01862787 -0.07245983 0.08520278
v -0.02465658 -0.07067513 0.08516429
v -0.01862402 -0.07254025 0.08493150
v -0.01862402 -0.07254025 0.08493150
v -0.02465658 -0.07067513 0.08516429
v -0.02464288 -0.07070970 0.08493297
v -0.00630241 -0.07457013 0.08518193
v -0.01249723 -0.07379924 0.08517185
v -0.00627457 -0.07462233 0.08493234
v -0.00627457 -0.07462233 0.08493234
v -0.01249723 -0.07379924 0.08517185
v -0.01250553 -0.07382915 0.08493296
v -0.00312757 0.07482033 0.08493233
v 0.00321119 0.07478086 0.08517181
v 0.00315372 0.07481436 0.08493295
v 0.00315372 0.07481436 0.08493295
v 0.00321119 0.07478086 0.08517181
v 0.00936729 0.07430381 0.08493172
v -0.00933948 0.07426773 0.08516430
v -0.00311451 0.07476821 0.08518795
v -0.00312757 0.07482033 0.08493233
v -0.00933948 0.07426773 0.08516430
v -0.00312757 0.07482033 0.08493233
v -0.00936720 0.07429259 0.08493296
v -0.02161076 0.07164469 0.08518794
v -0.01550486 0.07317397 0.08521637
v -0.01554161 0.07325510 0.08505219
v -0.02161076 0.07164469 0.08518794
v -0.01554161 0.07325510 0.08505219
v -0.02163638 0.07169191 0.08493233
v -0.02163638 0.07169191 0.08493233
v -0.01554161 0.07325510 0.08505219
v -0.01554121 0.07324780 0.08493330
v -0.02754870 0.06962904 0.08493295
v -0.03326894 0.06708166 0.08493330
v -0.03327115 0.06708862 0.08505218
v -0.02754870 0.06962904 0.08493295
v -0.03327115 0.06708862 0.08505218
v -0.02754034 0.06959911 0.08517185
v -0.02754034 0.06959911 0.08517185
v -0.03327115 0.06708862 0.08505218
v -0.03322820 0.06701575 0.08521324
v -0.03877485 0.06405969 0.08493295
v -0.04399925 0.06059042 0.08493295
v -0.04396302 0.06058196 0.08516430
v -0.03877485 0.06405969 0.08493295
v -0.04396302 0.06058196 0.08516430
v -0.03870842 0.06406362 0.08517181
v -0.04892553 0.05669352 0.08493234
v -0.05349794 0.05240071 0.08493234
v -0.05341881 0.05240610 0.08518788
v -0.04892553 0.05669352 0.08493234
v -0.05341881 0.05240610 0.08518788
v -0.04884624 0.05669228 0.08518788
v -0.05769507 0.04774034 0.08493234
v -0.06148755 0.04274510 0.08493234
v -0.06142843 0.04274308 0.08518194
v -0.05769507 0.04774034 0.08493234
v -0.06142843 0.04274308 0.08518194
v -0.05764762 0.04771517 0.08518795
v -0.06484871 0.03745007 0.08493234
v -0.06774027 0.03190653 0.08493330
v -0.06774633 0.03191062 0.08505218
v -0.06484871 0.03745007 0.08493234
v -0.06774633 0.03191062 0.08505218
v -0.06477343 0.03747496 0.08518788
v -0.06477343 0.03747496 0.08518788
v -0.06774633 0.03191062 0.08505218
v -0.06765950 0.03189082 0.08521636
v -0.07018609 0.02611084 0.08493234
v -0.07212482 0.02014631 0.08493234
v -0.07205811 0.02018910 0.08518787
v -0.07018609 0.02611084 0.08493234
v -0.07205811 0.02018910 0.08518787
v -0.07012831 0.02612364 0.08518193
v -0.07355768 0.01404032 0.08493234
v -0.07448272 0.00782733 0.08493150
v -0.07349476 0.01408864 0.08518790
v -0.07349476 0.01408864 0.08518790
v -0.07448272 0.00782733 0.08493150
v -0.07440371 0.00784294 0.08520277
v -0.07486399 0.00158624 0.08493296
v -0.07473842 -0.00469381 0.08493234
v -0.07483534 0.00160993 0.08516429
v -0.07483534 0.00160993 0.08516429
v -0.07473842 -0.00469381 0.08493234
v -0.07468949 -0.00463139 0.08518790
v -0.07408927 -0.01094177 0.08493150
v -0.07291386 -0.01710298 0.08493150
v -0.07284439 -0.01706224 0.08520277
v -0.07408927 -0.01094177 0.08493150
v -0.07284439 -0.01706224 0.08520277
v -0.07401664 -0.01090691 0.08520278
v -0.07122307 -0.02313304 0.08493234
v -0.06904054 -0.02902320 0.08493150
v -0.07118574 -0.02308712 0.08518195
v -0.07118574 -0.02308712 0.08518195
v -0.06904054 -0.02902320 0.08493150
v -0.06899239 -0.02893893 0.08520271
v -0.06636801 -0.03467595 0.08493296
v -0.06323359 -0.04010792 0.08493296
v -0.06322289 -0.04007227 0.08516429
v -0.06636801 -0.03467595 0.08493296
v -0.06322289 -0.04007227 0.08516429
v -0.06633909 -0.03466455 0.08517185
v -0.05965370 -0.04526918 0.08493234
v -0.05565935 -0.05009161 0.08493297
v -0.05563418 -0.05007337 0.08517185
v -0.05965370 -0.04526918 0.08493234
v -0.05563418 -0.05007337 0.08517185
v -0.05964748 -0.04519012 0.08518790
v -0.05127257 -0.05457339 0.08493297
v -0.04652159 -0.05868223 0.08493234
v -0.05124906 -0.05455310 0.08517185
v -0.05124906 -0.05455310 0.08517185
v -0.04652159 -0.05868223 0.08493234
v -0.04651587 -0.05862335 0.08518193
v -0.04144801 -0.06236927 0.08493234
v -0.03608375 -0.06561878 0.08493234
v -0.03606789 -0.06556745 0.08518794
v -0.04144801 -0.06236927 0.08493234
v -0.03606789 -0.06556745 0.08518794
v -0.04146815 -0.06229255 0.08518788
v -0.03047320 -0.06839969 0.08493296
v -0.02464288 -0.07070970 0.08493297
v -0.02465658 -0.07067513 0.08516429
v -0.03047320 -0.06839969 0.08493296
v -0.02465658 -0.07067513 0.08516429
v -0.03045767 -0.06837278 0.08517185
v -0.01862402 -0.07254025 0.08493150
v -0.01250553 -0.07382915 0.08493296
v -0.01249723 -0.07379924 0.08517185
v -0.01862402 -0.07254025 0.08493150
v -0.01249723 -0.07379924 0.08517185
v -0.01862787 -0.07245983 0.08520278
v -0.00001499 -0.07484989 0.08517185
v -0.00630241 -0.07457013 0.08518193
v -0.00627457 -0.07462233 0.08493234
v -0.00001499 -0.07484989 0.08517185
v -0.00627457 -0.07462233 0.08493234
v -0.00001805 -0.07488079 0.08493297
v 0.00622294 -0.07455954 0.08519824
v -0.00001499 -0.07484989 0.08517185
v 0.00626803 -0.07463013 0.08493150
v 0.00626803 -0.07463013 0.08493150
v -0.00001499 -0.07484989 0.08517185
v -0.00001805 -0.07488079 0.08493297
v 0.01241988 -0.07377777 0.08520269
v 0.00622294 -0.07455954 0.08519824
v 0.00626803 -0.07463013 0.08493150
v 0.01241988 -0.07377777 0.08520269
v 0.00626803 -0.07463013 0.08493150
v 0.01249090 -0.07384389 0.08493150
v 0.03602343 -0.06561428 0.08516429
v 0.03043072 -0.06838478 0.08517185
v 0.03044025 -0.06841436 0.08493296
v 0.03044025 -0.06841436 0.08493296
v 0.03043072 -0.06838478 0.08517185
v 0.02461951 -0.07072300 0.08493234
v 0.04140898 -0.06235224 0.08517185
v 0.03602343 -0.06561428 0.08516429
v 0.03605831 -0.06562721 0.08493296
v 0.03605831 -0.06562721 0.08493296
v 0.03602343 -0.06561428 0.08516429
v 0.03044025 -0.06841436 0.08493296
v 0.04646138 -0.05868783 0.08516431
v 0.04140898 -0.06235224 0.08517185
v 0.04142338 -0.06237977 0.08493296
v 0.04142338 -0.06237977 0.08493296
v 0.04140898 -0.06235224 0.08517185
v 0.03605831 -0.06562721 0.08493296
v 0.05118212 -0.05461573 0.08517182
v 0.04646138 -0.05868783 0.08516431
v 0.04649787 -0.05869481 0.08493296
v 0.04649787 -0.05869481 0.08493296
v 0.04646138 -0.05868783 0.08516431
v 0.04142338 -0.06237977 0.08493296
v 0.05557273 -0.05014140 0.08517182
v 0.05118212 -0.05461573 0.08517182
v 0.05124632 -0.05459805 0.08493296
v 0.05124632 -0.05459805 0.08493296
v 0.05959678 -0.04528956 0.08516429
v 0.05557273 -0.05014140 0.08517182
v 0.05563517 -0.05011847 0.08493296
v 0.05563517 -0.05011847 0.08493296
v 0.05557273 -0.05014140 0.08517182
v 0.05124632 -0.05459805 0.08493296
v 0.06896126 -0.02901324 0.08520277
v 0.06627525 -0.03471318 0.08520269
v 0.06637089 -0.03469652 0.08493150
v 0.06637089 -0.03469652 0.08493150
v 0.06627525 -0.03471318 0.08520269
v 0.06315654 -0.04017138 0.08517182
v 0.06315654 -0.04017138 0.08517182
v 0.05959678 -0.04528956 0.08516429
v 0.05963389 -0.04528721 0.08493296
v 0.05963389 -0.04528721 0.08493296
v 0.05959678 -0.04528956 0.08516429
v 0.05563517 -0.05011847 0.08493296
v 0.07114719 -0.02314091 0.08520277
v 0.06896126 -0.02901324 0.08520277
v 0.06904143 -0.02902111 0.08493150
v 0.06904143 -0.02902111 0.08493150
v 0.06896126 -0.02901324 0.08520277
v 0.06637089 -0.03469652 0.08493150
v 0.06637089 -0.03469652 0.08493150
v 0.06315654 -0.04017138 0.08517182
v 0.06321428 -0.04013836 0.08493297
v 0.06321428 -0.04013836 0.08493297
v 0.06315654 -0.04017138 0.08517182
v 0.05963389 -0.04528721 0.08493296
v 0.07283332 -0.01712180 0.08519826
v 0.07114719 -0.02314091 0.08520277
v 0.07122774 -0.02314201 0.08493150
v 0.07122774 -0.02314201 0.08493150
v 0.07114719 -0.02314091 0.08520277
v 0.06904143 -0.02902111 0.08493150
v 0.07402028 -0.01099867 0.08518787
v 0.07283332 -0.01712180 0.08519826
v 0.07291439 -0.01710072 0.08493150
v 0.07291439 -0.01710072 0.08493150
v 0.07283332 -0.01712180 0.08519826
v 0.07122774 -0.02314201 0.08493150
v 0.07470229 -0.00474233 0.08516429
v 0.07402028 -0.01099867 0.08518787
v 0.07408110 -0.01094775 0.08493234
v 0.07408110 -0.01094775 0.08493234
v 0.07402028 -0.01099867 0.08518787
v 0.07291439 -0.01710072 0.08493150
v 0.07351800 0.01398318 0.08518192
v 0.07439382 0.00777119 0.08521638
v 0.07447834 0.00779922 0.08505222
v 0.07447834 0.00779922 0.08505222
v 0.07439382 0.00777119 0.08521638
v 0.07483493 0.00149062 0.08517182
v 0.07483493 0.00149062 0.08517182
v 0.07470229 -0.00474233 0.08516429
v 0.07473190 -0.00471977 0.08493296
v 0.07473190 -0.00471977 0.08493296
v 0.07470229 -0.00474233 0.08516429
v 0.07408110 -0.01094775 0.08493234
v 0.07447834 0.00779922 0.08505222
v 0.07483493 0.00149062 0.08517182
v 0.07486476 0.00155013 0.08493296
v 0.07486476 0.00155013 0.08493296
v 0.07209442 0.02005900 0.08518790
v 0.07351800 0.01398318 0.08518192
v 0.07356079 0.01402405 0.08493234
v 0.07356079 0.01402405 0.08493234
v 0.07351800 0.01398318 0.08518192
v 0.07447834 0.00779922 0.08505222
v 0.07018210 0.02601849 0.08517181
v 0.07209442 0.02005900 0.08518790
v 0.07212931 0.02013024 0.08493234
v 0.07212931 0.02013024 0.08493234
v 0.07209442 0.02005900 0.08518790
v 0.07356079 0.01402405 0.08493234
v 0.07356079 0.01402405 0.08493234
v 0.07447834 0.00779922 0.08505222
v 0.07447105 0.00779960 0.08493330
v 0.07447105 0.00779960 0.08493330
v 0.07447834 0.00779922 0.08505222
v 0.07486476 0.00155013 0.08493296
v 0.06773250 0.03185617 0.08517185
v 0.07018210 0.02601849 0.08517181
v 0.07019070 0.02608447 0.08493296
v 0.07019070 0.02608447 0.08493296
v 0.07018210 0.02601849 0.08517181
v 0.07212931 0.02013024 0.08493234
v 0.06484547 0.03738963 0.08516430
v 0.06773250 0.03185617 0.08517185
v 0.06776185 0.03186635 0.08493295
v 0.06776185 0.03186635 0.08493295
v 0.06773250 0.03185617 0.08517185
v 0.07019070 0.02608447 0.08493296
v 0.05772172 0.04765179 0.08517181
v 0.06148757 0.04265267 0.08518787
v 0.06149707 0.04273141 0.08493234
v 0.06149707 0.04273141 0.08493234
v 0.06148757 0.04265267 0.08518787
v 0.06484547 0.03738963 0.08516430
v 0.06149707 0.04273141 0.08493234
v 0.06484547 0.03738963 0.08516430
v 0.06485767 0.03742480 0.08493295
v 0.06485767 0.03742480 0.08493295
v 0.06484547 0.03738963 0.08516430
v 0.06776185 0.03186635 0.08493295
v 0.05350982 0.05234138 0.08516429
v 0.05772172 0.04765179 0.08517181
v 0.05770812 0.04771694 0.08493296
v 0.05770812 0.04771694 0.08493296
v 0.05772172 0.04765179 0.08517181
v 0.06149707 0.04273141 0.08493234
v 0.03878193 0.06399958 0.08518795
v 0.04402247 0.06049326 0.08520270
v 0.04401998 0.06059030 0.08493150
v 0.04401998 0.06059030 0.08493150
v 0.04402247 0.06049326 0.08520270
v 0.04896655 0.05661065 0.08517181
v 0.04896655 0.05661065 0.08517181
v 0.05350982 0.05234138 0.08516429
v 0.05351290 0.05237846 0.08493296
v 0.05351290 0.05237846 0.08493296
v 0.05350982 0.05234138 0.08516429
v 0.05770812 0.04771694 0.08493296
v 0.04401998 0.06059030 0.08493150
v 0.04896655 0.05661065 0.08517181
v 0.04894230 0.05667261 0.08493296
v 0.04894230 0.05667261 0.08493296
v 0.03329058 0.06702032 0.08518793
v 0.03878193 0.06399958 0.08518795
v 0.03879992 0.06405022 0.08493233
v 0.03879992 0.06405022 0.08493233
v 0.03878193 0.06399958 0.08518795
v 0.04401998 0.06059030 0.08493150
v 0.02759446 0.06958066 0.08516428
v 0.03329058 0.06702032 0.08518793
v 0.03330424 0.06707229 0.08493233
v 0.03330424 0.06707229 0.08493233
v 0.00941487 0.07422406 0.08519825
v 0.01557725 0.07317632 0.08520277
v 0.01528995 0.07330036 0.08494149
v 0.01528995 0.07330036 0.08494149
v 0.01557725 0.07317632 0.08520277
v 0.02170754 0.07163290 0.08517181
v 0.02170754 0.07163290 0.08517181
v 0.02759446 0.06958066 0.08516428
v 0.02758223 0.06961576 0.08493296
v 0.02758223 0.06961576 0.08493296
v 0.02759446 0.06958066 0.08516428
v 0.03330424 0.06707229 0.08493233
v 0.00321119 0.07478086 0.08517181
v 0.00941487 0.07422406 0.08519825
v 0.00936729 0.07430381 0.08493172
v 0.00936729 0.07430381 0.08493172
v 0.00941487 0.07422406 0.08519825
v 0.01528995 0.07330036 0.08494149
v 0.01528995 0.07330036 0.08494149
v 0.02170754 0.07163290 0.08517181
v 0.02168702 0.07167055 0.08493288
v 0.02168702 0.07167055 0.08493288
v -0.00623225 -0.07431891 0.08535619
v -0.00630241 -0.07457013 0.08518193
v -0.00002173 -0.07454248 0.08538779
v -0.00002173 -0.07454248 0.08538779
v -0.00630241 -0.07457013 0.08518193
v -0.00001499 -0.07484989 0.08517185
v -0.00002173 -0.07454248 0.08538779
v -0.00001499 -0.07484989 0.08517185
v 0.00623776 -0.07431589 0.08535947
v 0.00623776 -0.07431589 0.08535947
v -0.00001499 -0.07484989 0.08517185
v 0.00622294 -0.07455954 0.08519824
v 0.00623776 -0.07431589 0.08535947
v 0.00622294 -0.07455954 0.08519824
v 0.01242983 -0.07353850 0.08535378
v 0.01242983 -0.07353850 0.08535378
v 0.00622294 -0.07455954 0.08519824
v 0.01241988 -0.07377777 0.08520269
v 0.01242983 -0.07353850 0.08535378
v 0.01241988 -0.07377777 0.08520269
v 0.01854476 -0.07249870 0.08518788
v 0.01242983 -0.07353850 0.08535378
v 0.01854476 -0.07249870 0.08518788
v 0.01854502 -0.07221490 0.08537646
v 0.01854502 -0.07221490 0.08537646
v 0.01854476 -0.07249870 0.08518788
v 0.02450975 -0.07043764 0.08535555
v 0.02450975 -0.07043764 0.08535555
v 0.01854476 -0.07249870 0.08518788
v 0.02459199 -0.07067687 0.08518795
v 0.02450975 -0.07043764 0.08535555
v 0.02459199 -0.07067687 0.08518795
v 0.03029925 -0.06810680 0.08538780
v 0.03029925 -0.06810680 0.08538780
v 0.02459199 -0.07067687 0.08518795
v 0.03043072 -0.06838478 0.08517185
v 0.03029925 -0.06810680 0.08538780
v 0.03043072 -0.06838478 0.08517185
v 0.03592544 -0.06535383 0.08535947
v 0.03592544 -0.06535383 0.08535947
v 0.03043072 -0.06838478 0.08517185
v 0.03602343 -0.06561428 0.08516429
v 0.03592544 -0.06535383 0.08535947
v 0.03602343 -0.06561428 0.08516429
v 0.04125685 -0.06212939 0.08535554
v 0.04125685 -0.06212939 0.08535554
v 0.03602343 -0.06561428 0.08516429
v 0.04140898 -0.06235224 0.08517185
v 0.04125685 -0.06212939 0.08535554
v 0.04140898 -0.06235224 0.08517185
v 0.04628483 -0.05843197 0.08538780
v 0.04628483 -0.05843197 0.08538780
v 0.04140898 -0.06235224 0.08517185
v 0.04646138 -0.05868783 0.08516431
v 0.04628483 -0.05843197 0.08538780
v 0.04646138 -0.05868783 0.08516431
v 0.05118212 -0.05461573 0.08517182
v 0.04628483 -0.05843197 0.08538780
v 0.05118212 -0.05461573 0.08517182
v 0.05104092 -0.05434827 0.08537646
v 0.05104092 -0.05434827 0.08537646
v 0.05118212 -0.05461573 0.08517182
v 0.05541961 -0.04985212 0.08538843
v 0.05541961 -0.04985212 0.08538843
v 0.05118212 -0.05461573 0.08517182
v 0.05557273 -0.05014140 0.08517182
v 0.05541961 -0.04985212 0.08538843
v 0.05557273 -0.05014140 0.08517182
v 0.05936213 -0.04508566 0.08538782
v 0.05959678 -0.04528956 0.08516429
v 0.05936213 -0.04508566 0.08538782
v 0.05959678 -0.04528956 0.08516429
v 0.06315654 -0.04017138 0.08517182
v 0.05936213 -0.04508566 0.08538782
v 0.06315654 -0.04017138 0.08517182
v 0.06294041 -0.03993295 0.08539501
v 0.06294041 -0.03993295 0.08539501
v 0.06315654 -0.04017138 0.08517182
v 0.06607624 -0.03450363 0.08538843
v 0.06607624 -0.03450363 0.08538843
v 0.06315654 -0.04017138 0.08517182
v 0.06627525 -0.03471318 0.08520269
v 0.06607624 -0.03450363 0.08538843
v 0.06627525 -0.03471318 0.08520269
v 0.06874561 -0.02891766 0.08535554
v 0.06874561 -0.02891766 0.08535554
v 0.06627525 -0.03471318 0.08520269
v 0.06896126 -0.02901324 0.08520277
v 0.06874561 -0.02891766 0.08535554
v 0.06896126 -0.02901324 0.08520277
v 0.07089392 -0.02302576 0.08539503
v 0.07089392 -0.02302576 0.08539503
v 0.06896126 -0.02901324 0.08520277
v 0.07114719 -0.02314091 0.08520277
v 0.07089392 -0.02302576 0.08539503
v 0.07114719 -0.02314091 0.08520277
v 0.07258104 -0.01698712 0.08538844
v 0.07258104 -0.01698712 0.08538844
v 0.07114719 -0.02314091 0.08520277
v 0.07283332 -0.01712180 0.08519826
v 0.07258104 -0.01698712 0.08538844
v 0.07283332 -0.01712180 0.08519826
v 0.07374795 -0.01085411 0.08538843
v 0.07374795 -0.01085411 0.08538843
v 0.07283332 -0.01712180 0.08519826
v 0.07402028 -0.01099867 0.08518787
v 0.07374795 -0.01085411 0.08538843
v 0.07402028 -0.01099867 0.08518787
v 0.07442990 -0.00468545 0.08535947
v 0.07470229 -0.00474233 0.08516429
v 0.07442990 -0.00468545 0.08535947
v 0.07470229 -0.00474233 0.08516429
v 0.07456323 0.00157038 0.08535620
v 0.07456323 0.00157038 0.08535620
v 0.07470229 -0.00474233 0.08516429
v 0.07483493 0.00149062 0.08517182
v 0.07456323 0.00157038 0.08535620
v 0.07483493 0.00149062 0.08517182
v 0.07417031 0.00780416 0.08535620
v 0.07417031 0.00780416 0.08535620
v 0.07483493 0.00149062 0.08517182
v 0.07439382 0.00777119 0.08521638
v 0.07417031 0.00780416 0.08535620
v 0.07439382 0.00777119 0.08521638
v 0.07320888 0.01393962 0.08540623
v 0.07320888 0.01393962 0.08540623
v 0.07439382 0.00777119 0.08521638
v 0.07351800 0.01398318 0.08518192
v 0.07320888 0.01393962 0.08540623
v 0.07351800 0.01398318 0.08518192
v 0.07209442 0.02005900 0.08518790
v 0.07320888 0.01393962 0.08540623
v 0.07209442 0.02005900 0.08518790
v 0.07178568 0.02001669 0.08540623
v 0.07178568 0.02001669 0.08540623
v 0.07209442 0.02005900 0.08518790
v 0.07018210 0.02601849 0.08517181
v 0.07178568 0.02001669 0.08540623
v 0.07018210 0.02601849 0.08517181
v 0.06984305 0.02598872 0.08541522
v 0.06984305 0.02598872 0.08541522
v 0.07018210 0.02601849 0.08517181
v 0.06750700 0.03174695 0.08534123
v 0.06750700 0.03174695 0.08534123
v 0.07018210 0.02601849 0.08517181
v 0.06773250 0.03185617 0.08517185
v 0.06750700 0.03174695 0.08534123
v 0.06773250 0.03185617 0.08517185
v 0.06458714 0.03728623 0.08535947
v 0.06458714 0.03728623 0.08535947
v 0.06773250 0.03185617 0.08517185
v 0.06484547 0.03738963 0.08516430
v 0.06458714 0.03728623 0.08535947
v 0.06484547 0.03738963 0.08516430
v 0.06123625 0.04257069 0.08535620
v 0.06123625 0.04257069 0.08535620
v 0.06484547 0.03738963 0.08516430
v 0.06148757 0.04265267 0.08518787
v 0.06123625 0.04257069 0.08535620
v 0.06148757 0.04265267 0.08518787
v 0.05745926 0.04754551 0.08535620
v 0.05772172 0.04765179 0.08517181
v 0.05745926 0.04754551 0.08535620
v 0.05772172 0.04765179 0.08517181
v 0.05326315 0.05212378 0.08540623
v 0.05326315 0.05212378 0.08540623
v 0.05772172 0.04765179 0.08517181
v 0.05350982 0.05234138 0.08516429
v 0.05326315 0.05212378 0.08540623
v 0.05350982 0.05234138 0.08516429
v 0.04896655 0.05661065 0.08517181
v 0.05326315 0.05212378 0.08540623
v 0.04896655 0.05661065 0.08517181
v 0.04873236 0.05645280 0.08535947
v 0.04873236 0.05645280 0.08535947
v 0.04896655 0.05661065 0.08517181
v 0.04382998 0.06034132 0.08535619
v 0.04382998 0.06034132 0.08535619
v 0.04896655 0.05661065 0.08517181
v 0.04402247 0.06049326 0.08520270
v 0.04382998 0.06034132 0.08535619
v 0.04402247 0.06049326 0.08520270
v 0.03865007 0.06378372 0.08535554
v 0.03865007 0.06378372 0.08535554
v 0.04402247 0.06049326 0.08520270
v 0.03878193 0.06399958 0.08518795
v 0.03865007 0.06378372 0.08535554
v 0.03878193 0.06399958 0.08518795
v 0.03316373 0.06675890 0.08538779
v 0.03316373 0.06675890 0.08538779
v 0.03878193 0.06399958 0.08518795
v 0.03329058 0.06702032 0.08518793
v 0.03316373 0.06675890 0.08538779
v 0.03329058 0.06702032 0.08518793
v 0.02743183 0.06930823 0.08539501
v 0.02743183 0.06930823 0.08539501
v 0.03329058 0.06702032 0.08518793
v 0.02759446 0.06958066 0.08516428
v 0.02743183 0.06930823 0.08539501
v 0.02759446 0.06958066 0.08516428
v 0.02151102 0.07137118 0.08538844
v 0.02151102 0.07137118 0.08538844
v 0.02759446 0.06958066 0.08516428
v 0.02170754 0.07163290 0.08517181
v 0.02151102 0.07137118 0.08538844
v 0.02170754 0.07163290 0.08517181
v 0.01552728 0.07296549 0.08534125
v 0.01552728 0.07296549 0.08534125
v 0.02170754 0.07163290 0.08517181
v 0.01557725 0.07317632 0.08520277
v 0.01552728 0.07296549 0.08534125
v 0.01557725 0.07317632 0.08520277
v 0.00932670 0.07393564 0.08541521
v 0.00932670 0.07393564 0.08541521
v 0.01557725 0.07317632 0.08520277
v 0.00941487 0.07422406 0.08519825
v 0.00932670 0.07393564 0.08541521
v 0.00941487 0.07422406 0.08519825
v 0.00311459 0.07451471 0.08535620
v 0.00311459 0.07451471 0.08535620
v 0.00941487 0.07422406 0.08519825
v 0.00321119 0.07478086 0.08517181
v 0.00311459 0.07451471 0.08535620
v 0.00321119 0.07478086 0.08517181
v -0.00309549 0.07445987 0.08540623
v -0.00309549 0.07445987 0.08540623
v 0.00321119 0.07478086 0.08517181
v -0.00311451 0.07476821 0.08518795
v -0.00309549 0.07445987 0.08540623
v -0.00311451 0.07476821 0.08518795
v -0.00934791 0.07396978 0.08537644
v -0.00934791 0.07396978 0.08537644
v -0.00311451 0.07476821 0.08518795
v -0.00933948 0.07426773 0.08516430
v -0.00934791 0.07396978 0.08537644
v -0.00933948 0.07426773 0.08516430
v -0.01554250 0.07288544 0.08540683
v -0.01554250 0.07288544 0.08540683
v -0.00933948 0.07426773 0.08516430
v -0.01550486 0.07317397 0.08521637
v -0.01554250 0.07288544 0.08540683
v -0.01550486 0.07317397 0.08521637
v -0.02152427 0.07136727 0.08538781
v -0.02152427 0.07136727 0.08538781
v -0.01550486 0.07317397 0.08521637
v -0.02161076 0.07164469 0.08518794
v -0.02152427 0.07136727 0.08538781
v -0.02161076 0.07164469 0.08518794
v -0.02744972 0.06932118 0.08537644
v -0.02754034 0.06959911 0.08517185
v -0.02744972 0.06932118 0.08537644
v -0.02754034 0.06959911 0.08517185
v -0.03316841 0.06679820 0.08535620
v -0.03316841 0.06679820 0.08535620
v -0.02754034 0.06959911 0.08517185
v -0.03322820 0.06701575 0.08521324
v -0.03316841 0.06679820 0.08535620
v -0.03322820 0.06701575 0.08521324
v -0.03864160 0.06378847 0.08535619
v -0.03864160 0.06378847 0.08535619
v -0.03322820 0.06701575 0.08521324
v -0.03870842 0.06406362 0.08517181
v -0.03864160 0.06378847 0.08535619
v -0.03870842 0.06406362 0.08517181
v -0.04378376 0.06030619 0.08540622
v -0.04378376 0.06030619 0.08540622
v -0.03870842 0.06406362 0.08517181
v -0.04396302 0.06058196 0.08516430
v -0.04378376 0.06030619 0.08540622
v -0.04396302 0.06058196 0.08516430
v -0.04884624 0.05669228 0.08518788
v -0.04378376 0.06030619 0.08540622
v -0.04884624 0.05669228 0.08518788
v -0.04871841 0.05646863 0.08535554
v -0.04871841 0.05646863 0.08535554
v -0.04884624 0.05669228 0.08518788
v -0.05341881 0.05240610 0.08518788
v -0.04871841 0.05646863 0.08535554
v -0.05341881 0.05240610 0.08518788
v -0.05328149 0.05218087 0.08535947
v -0.05328149 0.05218087 0.08535947
v -0.05341881 0.05240610 0.08518788
v -0.05745336 0.04755317 0.08535552
v -0.05745336 0.04755317 0.08535552
v -0.05341881 0.05240610 0.08518788
v -0.05764762 0.04771517 0.08518795
v -0.05745336 0.04755317 0.08535552
v -0.05764762 0.04771517 0.08518795
v -0.06123102 0.04257879 0.08535553
v -0.06123102 0.04257879 0.08535553
v -0.05764762 0.04771517 0.08518795
v -0.06142843 0.04274308 0.08518194
v -0.06123102 0.04257879 0.08535553
v -0.06142843 0.04274308 0.08518194
v -0.06477343 0.03747496 0.08518788
v -0.06123102 0.04257879 0.08535553
v -0.06477343 0.03747496 0.08518788
v -0.06454432 0.03724913 0.08541521
v -0.06454432 0.03724913 0.08541521
v -0.06477343 0.03747496 0.08518788
v -0.06745240 0.03168644 0.08540682
v -0.06745240 0.03168644 0.08540682
v -0.06477343 0.03747496 0.08518788
v -0.06765950 0.03189082 0.08521636
v -0.06745240 0.03168644 0.08540682
v -0.06765950 0.03189082 0.08521636
v -0.06984135 0.02600074 0.08540623
v -0.06984135 0.02600074 0.08540623
v -0.06765950 0.03189082 0.08521636
v -0.07012831 0.02612364 0.08518193
v -0.06984135 0.02600074 0.08540623
v -0.07012831 0.02612364 0.08518193
v -0.07205811 0.02018910 0.08518787
v -0.06984135 0.02600074 0.08540623
v -0.07205811 0.02018910 0.08518787
v -0.07179596 0.02003681 0.08539502
v -0.07179596 0.02003681 0.08539502
v -0.07205811 0.02018910 0.08518787
v -0.07326034 0.01396653 0.08535619
v -0.07326034 0.01396653 0.08535619
v -0.07205811 0.02018910 0.08518787
v -0.07349476 0.01408864 0.08518790
v -0.07326034 0.01396653 0.08535619
v -0.07349476 0.01408864 0.08518790
v -0.07411329 0.00781501 0.08540622
v -0.07411329 0.00781501 0.08540622
v -0.07349476 0.01408864 0.08518790
v -0.07440371 0.00784294 0.08520277
v -0.07411329 0.00781501 0.08540622
v -0.07440371 0.00784294 0.08520277
v -0.07456079 0.00156456 0.08535948
v -0.07456079 0.00156456 0.08535948
v -0.07440371 0.00784294 0.08520277
v -0.07483534 0.00160993 0.08516429
v -0.07456079 0.00156456 0.08535948
v -0.07483534 0.00160993 0.08516429
v -0.07443205 -0.00469139 0.08535622
v -0.07443205 -0.00469139 0.08535622
v -0.07483534 0.00160993 0.08516429
v -0.07468949 -0.00463139 0.08518790
v -0.07443205 -0.00469139 0.08535622
v -0.07468949 -0.00463139 0.08518790
v -0.07374601 -0.01086778 0.08538780
v -0.07401664 -0.01090691 0.08520278
v -0.07374601 -0.01086778 0.08538780
v -0.07401664 -0.01090691 0.08520278
v -0.07258744 -0.01702861 0.08537646
v -0.07258744 -0.01702861 0.08537646
v -0.07401664 -0.01090691 0.08520278
v -0.07284439 -0.01706224 0.08520277
v -0.07258744 -0.01702861 0.08537646
v -0.07284439 -0.01706224 0.08520277
v -0.07090482 -0.02306177 0.08537160
v -0.07118574 -0.02308712 0.08518195
v -0.07090482 -0.02306177 0.08537160
v -0.07118574 -0.02308712 0.08518195
v -0.06874903 -0.02890867 0.08535620
v -0.06874903 -0.02890867 0.08535620
v -0.07118574 -0.02308712 0.08518195
v -0.06899239 -0.02893893 0.08520271
v -0.06874903 -0.02890867 0.08535620
v -0.06899239 -0.02893893 0.08520271
v -0.06610156 -0.03453656 0.08535554
v -0.06610156 -0.03453656 0.08535554
v -0.06899239 -0.02893893 0.08520271
v -0.06633909 -0.03466455 0.08517185
v -0.06610156 -0.03453656 0.08535554
v -0.06633909 -0.03466455 0.08517185
v -0.06296451 -0.03993540 0.08537096
v -0.06296451 -0.03993540 0.08537096
v -0.06633909 -0.03466455 0.08517185
v -0.06322289 -0.04007227 0.08516429
v -0.06296451 -0.03993540 0.08537096
v -0.06322289 -0.04007227 0.08516429
v -0.05964748 -0.04519012 0.08518790
v -0.06296451 -0.03993540 0.08537096
v -0.05964748 -0.04519012 0.08518790
v -0.05938575 -0.04508041 0.08537644
v -0.05938575 -0.04508041 0.08537644
v -0.05964748 -0.04519012 0.08518790
v -0.05542282 -0.04987662 0.08537096
v -0.05563418 -0.05007337 0.08517185
v -0.05542282 -0.04987662 0.08537096
v -0.05563418 -0.05007337 0.08517185
v -0.05105484 -0.05433940 0.08537096
v -0.05124906 -0.05455310 0.08517185
v -0.05105484 -0.05433940 0.08537096
v -0.05124906 -0.05455310 0.08517185
v -0.04630902 -0.05843273 0.08537646
v -0.04651587 -0.05862335 0.08518193
v -0.04630902 -0.05843273 0.08537646
v -0.04651587 -0.05862335 0.08518193
v -0.04124289 -0.06211570 0.08537161
v -0.04124289 -0.06211570 0.08537161
v -0.04651587 -0.05862335 0.08518193
v -0.04146815 -0.06229255 0.08518788
v -0.04124289 -0.06211570 0.08537161
v -0.04146815 -0.06229255 0.08518788
v -0.03593021 -0.06535120 0.08535950
v -0.03593021 -0.06535120 0.08535950
v -0.04146815 -0.06229255 0.08518788
v -0.03606789 -0.06556745 0.08518794
v -0.03593021 -0.06535120 0.08535950
v -0.03606789 -0.06556745 0.08518794
v -0.03028659 -0.06811234 0.08538844
v -0.03028659 -0.06811234 0.08538844
v -0.03606789 -0.06556745 0.08518794
v -0.03045767 -0.06837278 0.08517185
v -0.03028659 -0.06811234 0.08538844
v -0.03045767 -0.06837278 0.08517185
v -0.02451873 -0.07043418 0.08535619
v -0.02451873 -0.07043418 0.08535619
v -0.03045767 -0.06837278 0.08517185
v -0.02465658 -0.07067513 0.08516429
v -0.02451873 -0.07043418 0.08535619
v -0.02465658 -0.07067513 0.08516429
v -0.01856494 -0.07223249 0.08535554
v -0.01856494 -0.07223249 0.08535554
v -0.02465658 -0.07067513 0.08516429
v -0.01862787 -0.07245983 0.08520278
v -0.01856494 -0.07223249 0.08535554
v -0.01862787 -0.07245983 0.08520278
v -0.01242235 -0.07349708 0.08539503
v -0.01242235 -0.07349708 0.08539503
v -0.01862787 -0.07245983 0.08520278
v -0.01249723 -0.07379924 0.08517185
v -0.01242235 -0.07349708 0.08539503
v -0.01249723 -0.07379924 0.08517185
v -0.00623225 -0.07431891 0.08535619
v -0.00623225 -0.07431891 0.08535619
v -0.01249723 -0.07379924 0.08517185
v -0.00630241 -0.07457013 0.08518193
v 0.03316028 0.06713009 0.08587817
v 0.03857790 0.06419412 0.08588398
v 0.03875097 0.06386077 0.08585453
v 0.04397609 0.06039518 0.08585967
v 0.04861852 0.05696866 0.08588427
v 0.04885834 0.05650397 0.08585453
v 0.05315246 0.05275616 0.08588024
v 0.05733178 0.04819074 0.08588487
v 0.05759722 0.04756464 0.08585453
v 0.06444556 0.03808021 0.08587371
v 0.06735265 0.03266478 0.08587475
v 0.06761655 0.03174646 0.08585454
v 0.00338189 0.07478417 0.08587516
v 0.00954583 0.07428064 0.08588183
v 0.00942624 0.07410116 0.08585453
v -0.00281874 0.07480559 0.08587431
v 0.00338189 0.07478417 0.08587516
v 0.00319267 0.07463003 0.08585453
v -0.00928288 0.07406828 0.08583847
v -0.00898780 0.07431704 0.08587430
v -0.00281874 0.07480559 0.08587431
v -0.01546739 0.07307937 0.08585453
v -0.01510462 0.07335165 0.08588138
v -0.00898780 0.07431704 0.08587430
v -0.02150516 0.07148294 0.08583847
v -0.02110905 0.07185417 0.08588148
v -0.01510462 0.07335165 0.08588138
v -0.03261934 0.06737431 0.08587375
v -0.02695724 0.06987593 0.08588536
v -0.02743816 0.06947649 0.08585453
v -0.02743816 0.06947649 0.08585453
v -0.02695724 0.06987593 0.08588536
v -0.02110905 0.07185417 0.08588148
v -0.03864046 0.06392769 0.08585453
v -0.03804749 0.06448782 0.08587976
v -0.03261934 0.06737431 0.08587375
v -0.04809745 0.05737948 0.08587506
v -0.04321628 0.06115519 0.08588092
v -0.04385426 0.06047014 0.08585453
v 0.02747760 0.06966919 0.08588227
v 0.02755412 0.06937864 0.08584029
v 0.02164058 0.07169959 0.08588399
v 0.07180117 0.02122380 0.08587546
v 0.07340174 0.01391666 0.08585956
v 0.07196396 0.02002559 0.08585454
v 0.07196396 0.02002559 0.08585454
v 0.07340174 0.01391666 0.08585956
v 0.07179570 0.02000807 0.08572311
v 0.06982635 0.02705305 0.08588089
v 0.07180117 0.02122380 0.08587546
v 0.07003586 0.02597720 0.08585454
v 0.07003586 0.02597720 0.08585454
v 0.07180117 0.02122380 0.08587546
v 0.07196396 0.02002559 0.08585454
v 0.07003586 0.02597720 0.08585454
v 0.07196396 0.02002559 0.08585454
v 0.06986967 0.02594563 0.08572310
v 0.06986967 0.02594563 0.08572310
v 0.07196396 0.02002559 0.08585454
v 0.07179570 0.02000807 0.08572311
v 0.06735265 0.03266478 0.08587475
v 0.06982635 0.02705305 0.08588089
v 0.06761655 0.03174646 0.08585454
v 0.06761655 0.03174646 0.08585454
v 0.06982635 0.02705305 0.08588089
v 0.07003586 0.02597720 0.08585454
v 0.06761655 0.03174646 0.08585454
v 0.07003586 0.02597720 0.08585454
v 0.06746840 0.03171017 0.08574393
v 0.06746840 0.03171017 0.08574393
v 0.07003586 0.02597720 0.08585454
v 0.06986967 0.02594563 0.08572310
v 0.06472292 0.03729315 0.08585453
v 0.06444556 0.03808021 0.08587371
v 0.06761655 0.03174646 0.08585454
v 0.06472292 0.03729315 0.08585453
v 0.06761655 0.03174646 0.08585454
v 0.06457835 0.03724456 0.08574393
v 0.06457835 0.03724456 0.08574393
v 0.06761655 0.03174646 0.08585454
v 0.06746840 0.03171017 0.08574393
v 0.06110649 0.04329933 0.08588282
v 0.06444556 0.03808021 0.08587371
v 0.06137532 0.04257823 0.08585453
v 0.06137532 0.04257823 0.08585453
v 0.06472292 0.03729315 0.08585453
v 0.06137532 0.04257823 0.08585453
v 0.06472292 0.03729315 0.08585453
v 0.06123530 0.04251773 0.08574393
v 0.06123530 0.04251773 0.08574393
v 0.06472292 0.03729315 0.08585453
v 0.06457835 0.03724456 0.08574393
v 0.06123530 0.04251773 0.08574393
v 0.06457835 0.03724456 0.08574393
v 0.06118633 0.04249322 0.08554185
v 0.05733178 0.04819074 0.08588487
v 0.06110649 0.04329933 0.08588282
v 0.05759722 0.04756464 0.08585453
v 0.05759722 0.04756464 0.08585453
v 0.06110649 0.04329933 0.08588282
v 0.06137532 0.04257823 0.08585453
v 0.05759722 0.04756464 0.08585453
v 0.06137532 0.04257823 0.08585453
v 0.05746273 0.04749268 0.08574392
v 0.05746273 0.04749268 0.08574392
v 0.06137532 0.04257823 0.08585453
v 0.06123530 0.04251773 0.08574393
v 0.05746273 0.04749268 0.08574392
v 0.06123530 0.04251773 0.08574393
v 0.05741601 0.04746413 0.08554185
v 0.06118633 0.04249322 0.08554185
v 0.05341507 0.05221747 0.08585453
v 0.05315246 0.05275616 0.08588024
v 0.05759722 0.04756464 0.08585453
v 0.05341507 0.05221747 0.08585453
v 0.05759722 0.04756464 0.08585453
v 0.05327609 0.05212106 0.08572310
v 0.05327609 0.05212106 0.08572310
v 0.05759722 0.04756464 0.08585453
v 0.05746273 0.04749268 0.08574392
v 0.05327609 0.05212106 0.08572310
v 0.05746273 0.04749268 0.08574392
v 0.05741601 0.04746413 0.08554185
v 0.05327609 0.05212106 0.08572310
v 0.05741601 0.04746413 0.08554185
v 0.05326315 0.05212378 0.08540623
v 0.04861852 0.05696866 0.08588427
v 0.05315246 0.05275616 0.08588024
v 0.04885834 0.05650397 0.08585453
v 0.04885834 0.05650397 0.08585453
v 0.05315246 0.05275616 0.08588024
v 0.05341507 0.05221747 0.08585453
v 0.04885834 0.05650397 0.08585453
v 0.05341507 0.05221747 0.08585453
v 0.04873775 0.05641056 0.08574392
v 0.04873775 0.05641056 0.08574392
v 0.05341507 0.05221747 0.08585453
v 0.05327609 0.05212106 0.08572310
v 0.04873775 0.05641056 0.08574392
v 0.05327609 0.05212106 0.08572310
v 0.04869643 0.05637464 0.08554185
v 0.04869643 0.05637464 0.08554185
v 0.05327609 0.05212106 0.08572310
v 0.05326315 0.05212378 0.08540623
v 0.04397609 0.06039518 0.08585967
v 0.04885834 0.05650397 0.08585453
v 0.04384650 0.06029101 0.08574393
v 0.04384650 0.06029101 0.08574393
v 0.04885834 0.05650397 0.08585453
v 0.04873775 0.05641056 0.08574392
v 0.04384650 0.06029101 0.08574393
v 0.04873775 0.05641056 0.08574392
v 0.04380832 0.06025175 0.08554185
v 0.04869643 0.05637464 0.08554185
v 0.04380832 0.06025175 0.08554185
v 0.04869643 0.05637464 0.08554185
v 0.04382998 0.06034132 0.08535619
v 0.03857790 0.06419412 0.08588398
v 0.04397609 0.06039518 0.08585967
v 0.03875097 0.06386077 0.08585453
v 0.03875097 0.06386077 0.08585453
v 0.04397609 0.06039518 0.08585967
v 0.03864770 0.06374853 0.08574392
v 0.04384650 0.06029101 0.08574393
v 0.03864770 0.06374853 0.08574392
v 0.04384650 0.06029101 0.08574393
v 0.03861297 0.06370620 0.08554186
v 0.03861297 0.06370620 0.08554186
v 0.04384650 0.06029101 0.08574393
v 0.04380832 0.06025175 0.08554185
v 0.03861297 0.06370620 0.08554186
v 0.04380832 0.06025175 0.08554185
v 0.03865007 0.06378372 0.08535554
v 0.03865007 0.06378372 0.08535554
v 0.04380832 0.06025175 0.08554185
v 0.04382998 0.06034132 0.08535619
v 0.03316028 0.06713009 0.08587817
v 0.03875097 0.06386077 0.08585453
v 0.03322216 0.06682085 0.08581899
v 0.03322216 0.06682085 0.08581899
v 0.03875097 0.06386077 0.08585453
v 0.03864770 0.06374853 0.08574392
v 0.03322216 0.06682085 0.08581899
v 0.03864770 0.06374853 0.08574392
v 0.03315359 0.06672077 0.08564766
v 0.03315359 0.06672077 0.08564766
v 0.03864770 0.06374853 0.08574392
v 0.03861297 0.06370620 0.08554186
v 0.03315359 0.06672077 0.08564766
v 0.03861297 0.06370620 0.08554186
v 0.03316373 0.06675890 0.08538779
v 0.03316373 0.06675890 0.08538779
v 0.03861297 0.06370620 0.08554186
v 0.03865007 0.06378372 0.08535554
v 0.02156239 0.07131541 0.08564767
v 0.02151102 0.07137118 0.08538844
v 0.01551270 0.07286168 0.08551482
v 0.01553325 0.07291255 0.08574395
v 0.02156239 0.07131541 0.08564767
v 0.01551270 0.07286168 0.08551482
v 0.01553325 0.07291255 0.08574395
v 0.01551270 0.07286168 0.08551482
v 0.00937725 0.07393928 0.08572313
v 0.00937725 0.07393928 0.08572313
v 0.01551270 0.07286168 0.08551482
v 0.00932670 0.07393564 0.08541521
v 0.00937725 0.07393928 0.08572313
v 0.00932670 0.07393564 0.08541521
v 0.00314611 0.07442811 0.08554185
v 0.00315617 0.07448194 0.08574392
v 0.00937725 0.07393928 0.08572313
v 0.00314611 0.07442811 0.08554185
v 0.00315617 0.07448194 0.08574392
v 0.00314611 0.07442811 0.08554185
v -0.00308483 0.07446766 0.08572310
v -0.00308483 0.07446766 0.08572310
v 0.00314611 0.07442811 0.08554185
v -0.00309549 0.07445987 0.08540623
v -0.00308483 0.07446766 0.08572310
v -0.00309549 0.07445987 0.08540623
v -0.00930713 0.07391106 0.08562218
v 0.00942624 0.07410116 0.08585453
v 0.01559389 0.07305249 0.08585453
v 0.00937725 0.07393928 0.08572313
v 0.00942624 0.07410116 0.08585453
v 0.00937725 0.07393928 0.08572313
v 0.00315617 0.07448194 0.08574392
v -0.03856743 0.06373378 0.08554185
v -0.03309912 0.06673747 0.08554185
v -0.03864160 0.06378847 0.08535619
v -0.03856743 0.06373378 0.08554185
v -0.03864160 0.06378847 0.08535619
v -0.04378376 0.06030619 0.08540622
v 0.01564806 0.07323850 0.08588184
v 0.02164733 0.07143703 0.08583619
v 0.01559389 0.07305249 0.08585453
v 0.00319267 0.07463003 0.08585453
v 0.00942624 0.07410116 0.08585453
v 0.00315617 0.07448194 0.08574392
v 0.00319267 0.07463003 0.08585453
v 0.00315617 0.07448194 0.08574392
v -0.00308483 0.07446766 0.08572310
v -0.00928288 0.07406828 0.08583847
v -0.00308483 0.07446766 0.08572310
v -0.00930713 0.07391106 0.08562218
v -0.00928288 0.07406828 0.08583847
v -0.00930713 0.07391106 0.08562218
v -0.01546051 0.07291036 0.08572310
v 0.00338189 0.07478417 0.08587516
v 0.00942624 0.07410116 0.08585453
v 0.00319267 0.07463003 0.08585453
v -0.02150516 0.07148294 0.08583847
v -0.01546051 0.07291036 0.08572310
v -0.02150558 0.07133255 0.08564766
v -0.02150516 0.07148294 0.08583847
v -0.02150558 0.07133255 0.08564766
v -0.02738986 0.06928280 0.08567730
v -0.03311619 0.06678949 0.08574392
v -0.02738986 0.06928280 0.08567730
v -0.03309912 0.06673747 0.08554185
v -0.03311619 0.06678949 0.08574392
v -0.03309912 0.06673747 0.08554185
v -0.03856743 0.06373378 0.08554185
v -0.05320574 0.05214011 0.08554186
v -0.04865615 0.05640940 0.08554185
v -0.05328149 0.05218087 0.08535947
v -0.05320574 0.05214011 0.08554186
v -0.05328149 0.05218087 0.08535947
v -0.05745336 0.04755317 0.08535552
v -0.00898780 0.07431704 0.08587430
v -0.00928288 0.07406828 0.08583847
v -0.01546739 0.07307937 0.08585453
v -0.02743816 0.06947649 0.08585453
v -0.02150516 0.07148294 0.08583847
v -0.02738986 0.06928280 0.08567730
v -0.02743816 0.06947649 0.08585453
v -0.02738986 0.06928280 0.08567730
v -0.03311619 0.06678949 0.08574392
v -0.04868566 0.05645552 0.08574392
v -0.04377918 0.06031858 0.08572311
v -0.04865615 0.05640940 0.08554185
v -0.04868566 0.05645552 0.08574392
v -0.04865615 0.05640940 0.08554185
v -0.05320574 0.05214011 0.08554186
v -0.03261934 0.06737431 0.08587375
v -0.02743816 0.06947649 0.08585453
v -0.03315553 0.06693688 0.08585453
v -0.04385426 0.06047014 0.08585453
v -0.03864046 0.06392769 0.08585453
v -0.04377918 0.06031858 0.08572311
v -0.04385426 0.06047014 0.08585453
v -0.04377918 0.06031858 0.08572311
v -0.04868566 0.05645552 0.08574392
v -0.06119601 0.04257427 0.08574393
v -0.05741888 0.04754568 0.08574392
v -0.06115598 0.04253690 0.08554185
v -0.06119601 0.04257427 0.08574393
v -0.06115598 0.04253690 0.08554185
v -0.06452807 0.03729715 0.08572313
v -0.06452807 0.03729715 0.08572313
v -0.06115598 0.04253690 0.08554185
v -0.06454432 0.03724913 0.08541521
v -0.06452807 0.03729715 0.08572313
v -0.06454432 0.03724913 0.08541521
v -0.06745240 0.03168644 0.08540682
v -0.04809745 0.05737948 0.08587506
v -0.04385426 0.06047014 0.08585453
v -0.04876042 0.05658847 0.08585453
v -0.05752110 0.04767599 0.08586013
v -0.05333012 0.05232013 0.08585963
v -0.05741888 0.04754568 0.08574392
v -0.05752110 0.04767599 0.08586013
v -0.05741888 0.04754568 0.08574392
v -0.06119601 0.04257427 0.08574393
v -0.07447313 0.00158735 0.08556850
v -0.07411329 0.00781501 0.08540622
v -0.07456079 0.00156456 0.08535948
v -0.07447313 0.00158735 0.08556850
v -0.07456079 0.00156456 0.08535948
v -0.07443205 -0.00469139 0.08535622
v -0.06450233 0.03783054 0.08587118
v -0.06130872 0.04269572 0.08586014
v -0.06452807 0.03729715 0.08572313
v -0.06450233 0.03783054 0.08587118
v -0.06452807 0.03729715 0.08572313
v -0.06742269 0.03176681 0.08572311
v -0.07322185 0.01400289 0.08574393
v -0.07175133 0.02006413 0.08564767
v -0.07317007 0.01398505 0.08554185
v -0.07322185 0.01400289 0.08574393
v -0.07317007 0.01398505 0.08554185
v -0.07411943 0.00782674 0.08572313
v -0.07411943 0.00782674 0.08572313
v -0.07317007 0.01398505 0.08554185
v -0.07411329 0.00781501 0.08540622
v -0.07411943 0.00782674 0.08572313
v -0.07411329 0.00781501 0.08540622
v -0.07447313 0.00158735 0.08556850
v -0.06742565 0.03233470 0.08587121
v -0.06450233 0.03783054 0.08587118
v -0.06742269 0.03176681 0.08572311
v -0.06742565 0.03233470 0.08587121
v -0.06742269 0.03176681 0.08572311
v -0.06984439 0.02601358 0.08572310
v -0.07189180 0.02015384 0.08585048
v -0.06984439 0.02601358 0.08572310
v -0.07175133 0.02006413 0.08564767
v -0.07189180 0.02015384 0.08585048
v -0.07175133 0.02006413 0.08564767
v -0.07322185 0.01400289 0.08574393
v -0.07462065 0.00164362 0.08584350
v -0.07411943 0.00782674 0.08572313
v -0.07447313 0.00158735 0.08556850
v -0.07462065 0.00164362 0.08584350
v -0.07447313 0.00158735 0.08556850
v -0.07440382 -0.00464664 0.08574393
v -0.07440382 -0.00464664 0.08574393
v -0.07447313 0.00158735 0.08556850
v -0.07434923 -0.00465103 0.08554188
v -0.07440382 -0.00464664 0.08574393
v -0.07434923 -0.00465103 0.08554188
v -0.07370891 -0.01085440 0.08564766
v -0.07085791 -0.02299184 0.08562219
v -0.07253332 -0.01698194 0.08562221
v -0.07090482 -0.02306177 0.08537160
v -0.07085791 -0.02299184 0.08562219
v -0.07090482 -0.02306177 0.08537160
v -0.06868412 -0.02884327 0.08554185
v -0.06868412 -0.02884327 0.08554185
v -0.07090482 -0.02306177 0.08537160
v -0.06874903 -0.02890867 0.08535620
v -0.06868412 -0.02884327 0.08554185
v -0.06874903 -0.02890867 0.08535620
v -0.06610156 -0.03453656 0.08535554
v -0.07337405 0.01406937 0.08586017
v -0.07189180 0.02015384 0.08585048
v -0.07322185 0.01400289 0.08574393
v -0.07337405 0.01406937 0.08586017
v -0.07322185 0.01400289 0.08574393
v -0.07411943 0.00782674 0.08572313
v -0.06602967 -0.03448948 0.08554185
v -0.06602967 -0.03448948 0.08554185
v -0.06610156 -0.03453656 0.08535554
v -0.06296451 -0.03993540 0.08537096
v -0.07383023 -0.01085520 0.08581901
v -0.07440382 -0.00464664 0.08574393
v -0.07370891 -0.01085440 0.08564766
v -0.07383023 -0.01085520 0.08581901
v -0.07370891 -0.01085440 0.08564766
v -0.07253332 -0.01698194 0.08562221
v -0.06291288 -0.03989248 0.08559517
v -0.06602967 -0.03448948 0.08554185
v -0.06296451 -0.03993540 0.08537096
v -0.06291288 -0.03989248 0.08559517
v -0.06296451 -0.03993540 0.08537096
v -0.05938575 -0.04508041 0.08537644
v -0.05101686 -0.05428395 0.08562220
v -0.05538031 -0.04982458 0.08562221
v -0.05105484 -0.05433940 0.08537096
v -0.05101686 -0.05428395 0.08562220
v -0.05105484 -0.05433940 0.08537096
v -0.04630902 -0.05843273 0.08537646
v -0.07183017 -0.02117311 0.08587795
v -0.07333413 -0.01516539 0.08587807
v -0.07098600 -0.02301578 0.08581901
v -0.07183017 -0.02117311 0.08587795
v -0.07098600 -0.02301578 0.08581901
v -0.06877128 -0.02885069 0.08579002
v -0.05946837 -0.04508048 0.08581901
v -0.06301441 -0.03993041 0.08580534
v -0.05935529 -0.04501573 0.08562221
v -0.05946837 -0.04508048 0.08581901
v -0.05935529 -0.04501573 0.08562221
v -0.05538031 -0.04982458 0.08562221
v -0.06442779 -0.03816936 0.08587759
v -0.06736175 -0.03271464 0.08587772
v -0.06301441 -0.03993041 0.08580534
v -0.06442779 -0.03816936 0.08587759
v -0.06301441 -0.03993041 0.08580534
v -0.05946837 -0.04508048 0.08581901
v -0.04638902 -0.05845337 0.08581901
v -0.05111758 -0.05436664 0.08581901
v -0.04629559 -0.05836253 0.08562220
v -0.04638902 -0.05845337 0.08581901
v -0.04629559 -0.05836253 0.08562220
v -0.04124954 -0.06203179 0.08562220
v -0.05685904 -0.04868885 0.08587468
v -0.06105297 -0.04336313 0.08587746
v -0.05548760 -0.04989854 0.08581901
v -0.05685904 -0.04868885 0.08587468
v -0.05548760 -0.04989854 0.08581901
v -0.05111758 -0.05436664 0.08581901
v -0.01245417 -0.07345553 0.08564768
v -0.01855140 -0.07214301 0.08556850
v -0.01242235 -0.07349708 0.08539503
v -0.01245417 -0.07345553 0.08564768
v -0.01242235 -0.07349708 0.08539503
v -0.00626011 -0.07423107 0.08554186
v -0.05307588 -0.05282755 0.08587719
v -0.05685904 -0.04868885 0.08587468
v -0.05111758 -0.05436664 0.08581901
v -0.05307588 -0.05282755 0.08587719
v -0.05111758 -0.05436664 0.08581901
v -0.04638902 -0.05845337 0.08581901
v -0.03039489 -0.06815343 0.08581901
v -0.03598333 -0.06534870 0.08580535
v -0.03033055 -0.06805056 0.08564766
v -0.03039489 -0.06815343 0.08581901
v -0.03033055 -0.06805056 0.08564766
v -0.02452380 -0.07033435 0.08559581
v 0.00620701 -0.07423553 0.08554185
v -0.00002173 -0.07454248 0.08538779
v 0.00623776 -0.07431589 0.08535947
v 0.00620701 -0.07423553 0.08554185
v 0.00623776 -0.07431589 0.08535947
v 0.01242983 -0.07353850 0.08535378
v -0.04364787 -0.06084927 0.08587689
v -0.04852802 -0.05703346 0.08587704
v -0.04133507 -0.06213010 0.08581901
v -0.04364787 -0.06084927 0.08587689
v -0.04133507 -0.06213010 0.08581901
v -0.03598333 -0.06534870 0.08580535
v -0.00629389 -0.07431178 0.08579002
v -0.01245417 -0.07345553 0.08564768
v -0.00626011 -0.07423107 0.08554186
v -0.00629389 -0.07431178 0.08579002
v -0.00626011 -0.07423107 0.08554186
v -0.00002970 -0.07450383 0.08564766
v -0.03846868 -0.06424886 0.08587674
v -0.04364787 -0.06084927 0.08587689
v -0.03598333 -0.06534870 0.08580535
v -0.03846868 -0.06424886 0.08587674
v -0.03598333 -0.06534870 0.08580535
v -0.03039489 -0.06815343 0.08581901
v -0.01249090 -0.07357117 0.08581901
v -0.01860128 -0.07224436 0.08580536
v -0.01245417 -0.07345553 0.08564768
v -0.01249090 -0.07357117 0.08581901
v -0.01245417 -0.07345553 0.08564768
v -0.00629389 -0.07431178 0.08579002
v 0.01849726 -0.07216176 0.08562223
v 0.01239340 -0.07344890 0.08559582
v 0.01854502 -0.07221490 0.08537646
v 0.01849726 -0.07216176 0.08562223
v 0.01854502 -0.07221490 0.08537646
v 0.02446882 -0.07035351 0.08559582
v 0.02446882 -0.07035351 0.08559582
v 0.01854502 -0.07221490 0.08537646
v 0.02450975 -0.07043764 0.08535555
v 0.02446882 -0.07035351 0.08559582
v 0.02450975 -0.07043764 0.08535555
v 0.03029925 -0.06810680 0.08538780
v -0.02734187 -0.06971143 0.08587370
v -0.03300337 -0.06721666 0.08587402
v -0.02458534 -0.07045779 0.08581902
v -0.02734187 -0.06971143 0.08587370
v -0.02458534 -0.07045779 0.08581902
v -0.01860128 -0.07224436 0.08580536
v -0.00004657 -0.07462395 0.08581899
v -0.00629389 -0.07431178 0.08579002
v -0.00002970 -0.07450383 0.08564766
v -0.00004657 -0.07462395 0.08581899
v -0.00002970 -0.07450383 0.08564766
v 0.00618717 -0.07432074 0.08579002
v 0.03586471 -0.06529291 0.08554185
v 0.03029925 -0.06810680 0.08538780
v 0.03592544 -0.06535383 0.08535947
v 0.03586471 -0.06529291 0.08554185
v 0.03592544 -0.06535383 0.08535947
v 0.04125685 -0.06212939 0.08535554
v -0.00346487 -0.07480553 0.08587802
v -0.00963419 -0.07426333 0.08587789
v -0.00629389 -0.07431178 0.08579002
v -0.00346487 -0.07480553 0.08587802
v -0.00629389 -0.07431178 0.08579002
v -0.00004657 -0.07462395 0.08581899
v 0.01851307 -0.07229111 0.08581901
v 0.01239901 -0.07358671 0.08581901
v 0.01849726 -0.07216176 0.08562223
v 0.01851307 -0.07229111 0.08581901
v 0.01849726 -0.07216176 0.08562223
v 0.02446882 -0.07035351 0.08559582
v 0.01501411 -0.07336539 0.08587838
v 0.00890150 -0.07435494 0.08587826
v 0.01239901 -0.07358671 0.08581901
v 0.01501411 -0.07336539 0.08587838
v 0.01239901 -0.07358671 0.08581901
v 0.01851307 -0.07229111 0.08581901
v 0.05534728 -0.04987485 0.08564767
v 0.05097345 -0.05432472 0.08562221
v 0.05541961 -0.04985212 0.08538843
v 0.05534728 -0.04987485 0.08564767
v 0.05541961 -0.04985212 0.08538843
v 0.05936213 -0.04508566 0.08538782
v 0.03749440 -0.06479143 0.08587547
v 0.03200440 -0.06767203 0.08587543
v 0.03588123 -0.06537883 0.08579002
v 0.03749440 -0.06479143 0.08587547
v 0.03588123 -0.06537883 0.08579002
v 0.04122613 -0.06214708 0.08579002
v 0.05542523 -0.04996781 0.08581901
v 0.05104966 -0.05443041 0.08581901
v 0.05534728 -0.04987485 0.08564767
v 0.05542523 -0.04996781 0.08581901
v 0.05534728 -0.04987485 0.08564767
v 0.05932659 -0.04506858 0.08564767
v 0.05270757 -0.05319664 0.08587903
v 0.04813315 -0.05736865 0.08587895
v 0.05104966 -0.05443041 0.08581901
v 0.05270757 -0.05319664 0.08587903
v 0.05104966 -0.05443041 0.08581901
v 0.05542523 -0.04996781 0.08581901
v 0.06611044 -0.03461426 0.08581901
v 0.06298212 -0.04002488 0.08581901
v 0.06601181 -0.03454362 0.08564765
v 0.06611044 -0.03461426 0.08581901
v 0.06601181 -0.03454362 0.08564765
v 0.06865570 -0.02889175 0.08559580
v 0.07370025 -0.01091309 0.08564765
v 0.07252858 -0.01704191 0.08564767
v 0.07374795 -0.01085411 0.08538843
v 0.07370025 -0.01091309 0.08564765
v 0.07374795 -0.01085411 0.08538843
v 0.07434591 -0.00470409 0.08554186
v 0.07447879 0.00153351 0.08554186
v 0.07434591 -0.00470409 0.08554186
v 0.07456323 0.00157038 0.08535620
v 0.07447879 0.00153351 0.08554186
v 0.07456323 0.00157038 0.08535620
v 0.07417031 0.00780416 0.08535620
v 0.06384832 -0.03907748 0.08587562
v 0.06074673 -0.04379291 0.08587916
v 0.06298212 -0.04002488 0.08581901
v 0.06384832 -0.03907748 0.08587562
v 0.06298212 -0.04002488 0.08581901
v 0.06611044 -0.03461426 0.08581901
v 0.07264167 -0.01708583 0.08581901
v 0.07095722 -0.02310440 0.08581901
v 0.07252858 -0.01704191 0.08564767
v 0.07264167 -0.01708583 0.08581901
v 0.07252858 -0.01704191 0.08564767
v 0.07370025 -0.01091309 0.08564765
v 0.07442730 -0.00473626 0.08579002
v 0.07370025 -0.01091309 0.08564765
v 0.07434591 -0.00470409 0.08554186
v 0.07442730 -0.00473626 0.08579002
v 0.07434591 -0.00470409 0.08554186
v 0.07447879 0.00153351 0.08554186
v 0.06964027 -0.02753605 0.08587932
v 0.06686191 -0.03366201 0.08587563
v 0.06877503 -0.02896090 0.08581901
v 0.06964027 -0.02753605 0.08587932
v 0.06877503 -0.02896090 0.08581901
v 0.07095722 -0.02310440 0.08581901
v 0.07414396 0.00775825 0.08574393
v 0.07453312 0.00152682 0.08574392
v 0.07408927 0.00776035 0.08554185
v 0.07414396 0.00775825 0.08574393
v 0.07408927 0.00776035 0.08554185
v 0.07321815 0.01393021 0.08572311
v 0.07321815 0.01393021 0.08572311
v 0.07408927 0.00776035 0.08554185
v 0.07320888 0.01393962 0.08540623
v 0.07321815 0.01393021 0.08572311
v 0.07320888 0.01393962 0.08540623
v 0.07178568 0.02001669 0.08540623
v 0.07167676 -0.02168983 0.08587936
v 0.06964027 -0.02753605 0.08587932
v 0.07095722 -0.02310440 0.08581901
v 0.07167676 -0.02168983 0.08587936
v 0.07095722 -0.02310440 0.08581901
v 0.07264167 -0.01708583 0.08581901
v 0.07179570 0.02000807 0.08572311
v 0.07179570 0.02000807 0.08572311
v 0.07178568 0.02001669 0.08540623
v 0.06984305 0.02598872 0.08541522
v 0.06452749 0.03722425 0.08554184
v 0.06741547 0.03169578 0.08551482
v 0.06458714 0.03728623 0.08535947
v 0.06452749 0.03722425 0.08554184
v 0.06458714 0.03728623 0.08535947
v 0.06123625 0.04257069 0.08535620
v 0.07426961 -0.00959366 0.08587941
v 0.07322340 -0.01569529 0.08587939
v 0.07381663 -0.01094735 0.08581901
v 0.07426961 -0.00959366 0.08587941
v 0.07381663 -0.01094735 0.08581901
v 0.07442730 -0.00473626 0.08579002
v 0.07469593 0.00147921 0.08586005
v 0.07442730 -0.00473626 0.08579002
v 0.07453312 0.00152682 0.08574392
v 0.07469593 0.00147921 0.08586005
v 0.07453312 0.00152682 0.08574392
v 0.07414396 0.00775825 0.08574393
v 0.05741601 0.04746413 0.08554185
v 0.06118633 0.04249322 0.08554185
v 0.05745926 0.04754551 0.08535620
v 0.05741601 0.04746413 0.08554185
v 0.05745926 0.04754551 0.08535620
v 0.05326315 0.05212378 0.08540623
v 0.07480826 -0.00342656 0.08587942
v 0.07426961 -0.00959366 0.08587941
v 0.07442730 -0.00473626 0.08579002
v 0.07480826 -0.00342656 0.08587942
v 0.07442730 -0.00473626 0.08579002
v 0.07469593 0.00147921 0.08586005
v 0.07431016 0.00772434 0.08586004
v 0.07469593 0.00147921 0.08586005
v 0.07414396 0.00775825 0.08574393
v 0.07431016 0.00772434 0.08586004
v 0.07414396 0.00775825 0.08574393
v 0.07321815 0.01393021 0.08572311
v 0.06746840 0.03171017 0.08574393
v 0.06986967 0.02594563 0.08572310
v 0.06741547 0.03169578 0.08551482
v 0.06746840 0.03171017 0.08574393
v 0.06741547 0.03169578 0.08551482
v 0.06452749 0.03722425 0.08554184
v 0.01551270 0.07286168 0.08551482
v 0.02151102 0.07137118 0.08538844
v 0.01552728 0.07296549 0.08534125
v 0.01551270 0.07286168 0.08551482
v 0.01552728 0.07296549 0.08534125
v 0.00932670 0.07393564 0.08541521
v 0.00314611 0.07442811 0.08554185
v 0.00932670 0.07393564 0.08541521
v 0.00311459 0.07451471 0.08535620
v 0.00314611 0.07442811 0.08554185
v 0.00311459 0.07451471 0.08535620
v -0.00309549 0.07445987 0.08540623
v 0.02164733 0.07143703 0.08583619
v 0.02156239 0.07131541 0.08564767
v 0.01553325 0.07291255 0.08574395
v -0.00930713 0.07391106 0.08562218
v -0.00309549 0.07445987 0.08540623
v -0.00934791 0.07396978 0.08537644
v -0.00930713 0.07391106 0.08562218
v -0.00934791 0.07396978 0.08537644
v -0.01554250 0.07288544 0.08540683
v 0.01559389 0.07305249 0.08585453
v 0.02164733 0.07143703 0.08583619
v 0.01553325 0.07291255 0.08574395
v 0.01559389 0.07305249 0.08585453
v 0.01553325 0.07291255 0.08574395
v 0.00937725 0.07393928 0.08572313
v -0.01546051 0.07291036 0.08572310
v -0.00930713 0.07391106 0.08562218
v -0.01554250 0.07288544 0.08540683
v -0.01546051 0.07291036 0.08572310
v -0.01554250 0.07288544 0.08540683
v -0.02150558 0.07133255 0.08564766
v -0.02150558 0.07133255 0.08564766
v -0.01554250 0.07288544 0.08540683
v -0.02152427 0.07136727 0.08538781
v -0.02150558 0.07133255 0.08564766
v -0.02152427 0.07136727 0.08538781
v -0.02738986 0.06928280 0.08567730
v -0.02738986 0.06928280 0.08567730
v -0.02152427 0.07136727 0.08538781
v -0.02744972 0.06932118 0.08537644
v -0.02738986 0.06928280 0.08567730
v -0.02744972 0.06932118 0.08537644
v -0.03309912 0.06673747 0.08554185
v -0.03309912 0.06673747 0.08554185
v -0.02744972 0.06932118 0.08537644
v -0.03316841 0.06679820 0.08535620
v -0.03309912 0.06673747 0.08554185
v -0.03316841 0.06679820 0.08535620
v -0.03864160 0.06378847 0.08535619
v -0.04871841 0.05646863 0.08535554
v -0.05328149 0.05218087 0.08535947
v -0.04865615 0.05640940 0.08554185
v -0.04871841 0.05646863 0.08535554
v -0.04865615 0.05640940 0.08554185
v -0.04378376 0.06030619 0.08540622
v -0.00308483 0.07446766 0.08572310
v -0.00928288 0.07406828 0.08583847
v -0.00306344 0.07463545 0.08585453
v -0.00308483 0.07446766 0.08572310
v -0.00306344 0.07463545 0.08585453
v 0.00319267 0.07463003 0.08585453
v 0.01559389 0.07305249 0.08585453
v 0.00942624 0.07410116 0.08585453
v 0.00954583 0.07428064 0.08588183
v 0.01564806 0.07323850 0.08588184
v -0.00281874 0.07480559 0.08587431
v 0.00319267 0.07463003 0.08585453
v -0.00306344 0.07463545 0.08585453
v -0.01546739 0.07307937 0.08585453
v -0.00928288 0.07406828 0.08583847
v -0.01546051 0.07291036 0.08572310
v -0.01546739 0.07307937 0.08585453
v -0.01546051 0.07291036 0.08572310
v -0.02150516 0.07148294 0.08583847
v -0.03858882 0.06378418 0.08574392
v -0.03311619 0.06678949 0.08574392
v -0.03856743 0.06373378 0.08554185
v -0.03858882 0.06378418 0.08574392
v -0.03856743 0.06373378 0.08554185
v -0.04377918 0.06031858 0.08572311
v -0.04377918 0.06031858 0.08572311
v -0.03856743 0.06373378 0.08554185
v -0.04378376 0.06030619 0.08540622
v -0.04377918 0.06031858 0.08572311
v -0.04378376 0.06030619 0.08540622
v -0.04865615 0.05640940 0.08554185
v -0.05738209 0.04750513 0.08554185
v -0.05738209 0.04750513 0.08554185
v -0.05745336 0.04755317 0.08535552
v -0.06123102 0.04257879 0.08535553
v -0.06123102 0.04257879 0.08535553
v -0.06454432 0.03724913 0.08541521
v -0.06115598 0.04253690 0.08554185
v -0.06115598 0.04253690 0.08554185
v -0.00306344 0.07463545 0.08585453
v -0.00928288 0.07406828 0.08583847
v -0.00281874 0.07480559 0.08587431
v -0.01510462 0.07335165 0.08588138
v -0.01546739 0.07307937 0.08585453
v -0.02150516 0.07148294 0.08583847
v -0.03315553 0.06693688 0.08585453
v -0.02743816 0.06947649 0.08585453
v -0.03311619 0.06678949 0.08574392
v -0.03315553 0.06693688 0.08585453
v -0.03311619 0.06678949 0.08574392
v -0.03858882 0.06378418 0.08574392
v -0.05323898 0.05218362 0.08574393
v -0.05323898 0.05218362 0.08574393
v -0.05320574 0.05214011 0.08554186
v -0.05738209 0.04750513 0.08554185
v -0.05738209 0.04750513 0.08554185
v -0.05741888 0.04754568 0.08574392
v -0.03858882 0.06378418 0.08574392
v -0.04377918 0.06031858 0.08572311
v -0.03864046 0.06392769 0.08585453
v -0.03858882 0.06378418 0.08574392
v -0.03864046 0.06392769 0.08585453
v -0.03315553 0.06693688 0.08585453
v -0.02150516 0.07148294 0.08583847
v -0.02743816 0.06947649 0.08585453
v -0.02110905 0.07185417 0.08588148
v -0.03261934 0.06737431 0.08587375
v -0.03315553 0.06693688 0.08585453
v -0.03864046 0.06392769 0.08585453
v -0.04876042 0.05658847 0.08585453
v -0.04385426 0.06047014 0.08585453
v -0.04868566 0.05645552 0.08574392
v -0.04876042 0.05658847 0.08585453
v -0.04868566 0.05645552 0.08574392
v -0.05323898 0.05218362 0.08574393
v -0.06742269 0.03176681 0.08572311
v -0.06742269 0.03176681 0.08572311
v -0.06745240 0.03168644 0.08540682
v -0.06984135 0.02600074 0.08540623
v -0.07317007 0.01398505 0.08554185
v -0.07179596 0.02003681 0.08539502
v -0.07326034 0.01396653 0.08535619
v -0.07317007 0.01398505 0.08554185
v -0.07326034 0.01396653 0.08535619
v -0.07411329 0.00781501 0.08540622
v -0.07179596 0.02003681 0.08539502
v -0.07317007 0.01398505 0.08554185
v -0.07175133 0.02006413 0.08564767
v -0.07179596 0.02003681 0.08539502
v -0.07175133 0.02006413 0.08564767
v -0.06984135 0.02600074 0.08540623
v -0.06984135 0.02600074 0.08540623
v -0.07175133 0.02006413 0.08564767
v -0.06984439 0.02601358 0.08572310
v -0.06984135 0.02600074 0.08540623
v -0.06984439 0.02601358 0.08572310
v -0.06742269 0.03176681 0.08572311
v -0.05323898 0.05218362 0.08574393
v -0.05741888 0.04754568 0.08574392
v -0.05333012 0.05232013 0.08585963
v -0.05323898 0.05218362 0.08574393
v -0.05333012 0.05232013 0.08585963
v -0.04876042 0.05658847 0.08585453
v -0.03864046 0.06392769 0.08585453
v -0.04385426 0.06047014 0.08585453
v -0.04321628 0.06115519 0.08588092
v -0.03864046 0.06392769 0.08585453
v -0.04321628 0.06115519 0.08588092
v -0.03804749 0.06448782 0.08587976
v -0.07443205 -0.00469139 0.08535622
v -0.07374601 -0.01086778 0.08538780
v -0.07434923 -0.00465103 0.08554188
v -0.07443205 -0.00469139 0.08535622
v -0.07434923 -0.00465103 0.08554188
v -0.07447313 0.00158735 0.08556850
v -0.06119601 0.04257427 0.08574393
v -0.06452807 0.03729715 0.08572313
v -0.06130872 0.04269572 0.08586014
v -0.06119601 0.04257427 0.08574393
v -0.06130872 0.04269572 0.08586014
v -0.05752110 0.04767599 0.08586013
v -0.04876042 0.05658847 0.08585453
v -0.05333012 0.05232013 0.08585963
v -0.04809745 0.05737948 0.08587506
v -0.07258744 -0.01702861 0.08537646
v -0.07258744 -0.01702861 0.08537646
v -0.07253332 -0.01698194 0.08562221
v -0.07374601 -0.01086778 0.08538780
v -0.07374601 -0.01086778 0.08538780
v -0.07253332 -0.01698194 0.08562221
v -0.07370891 -0.01085440 0.08564766
v -0.07374601 -0.01086778 0.08538780
v -0.07370891 -0.01085440 0.08564766
v -0.07434923 -0.00465103 0.08554188
v -0.06984439 0.02601358 0.08572310
v -0.07189180 0.02015384 0.08585048
v -0.07000036 0.02610830 0.08586015
v -0.06984439 0.02601358 0.08572310
v -0.07000036 0.02610830 0.08586015
v -0.06742565 0.03233470 0.08587121
v -0.07411943 0.00782674 0.08572313
v -0.07462065 0.00164362 0.08584350
v -0.07429397 0.00788045 0.08586017
v -0.07411943 0.00782674 0.08572313
v -0.07429397 0.00788045 0.08586017
v -0.07337405 0.01406937 0.08586017
v -0.07456777 -0.00461948 0.08586017
v -0.07462065 0.00164362 0.08584350
v -0.07440382 -0.00464664 0.08574393
v -0.07456777 -0.00461948 0.08586017
v -0.07440382 -0.00464664 0.08574393
v -0.07383023 -0.01085520 0.08581901
v -0.07266297 -0.01699509 0.08581902
v -0.07383023 -0.01085520 0.08581901
v -0.07253332 -0.01698194 0.08562221
v -0.07266297 -0.01699509 0.08581902
v -0.07253332 -0.01698194 0.08562221
v -0.07085791 -0.02299184 0.08562219
v -0.06877128 -0.02885069 0.08579002
v -0.07085791 -0.02299184 0.08562219
v -0.06868412 -0.02884327 0.08554185
v -0.06877128 -0.02885069 0.08579002
v -0.06868412 -0.02884327 0.08554185
v -0.06602967 -0.03448948 0.08554185
v -0.05935529 -0.04501573 0.08562221
v -0.06291288 -0.03989248 0.08559517
v -0.05938575 -0.04508041 0.08537644
v -0.05935529 -0.04501573 0.08562221
v -0.05938575 -0.04508041 0.08537644
v -0.05542282 -0.04987662 0.08537096
v -0.05542282 -0.04987662 0.08537096
v -0.05105484 -0.05433940 0.08537096
v -0.05538031 -0.04982458 0.08562221
v -0.05538031 -0.04982458 0.08562221
v -0.06602967 -0.03448948 0.08554185
v -0.06291288 -0.03989248 0.08559517
v -0.06611593 -0.03450417 0.08579002
v -0.06602967 -0.03448948 0.08554185
v -0.06611593 -0.03450417 0.08579002
v -0.06877128 -0.02885069 0.08579002
v -0.07085791 -0.02299184 0.08562219
v -0.06877128 -0.02885069 0.08579002
v -0.07098600 -0.02301578 0.08581901
v -0.07085791 -0.02299184 0.08562219
v -0.07098600 -0.02301578 0.08581901
v -0.07266297 -0.01699509 0.08581902
v -0.07433653 -0.00905390 0.08587816
v -0.07456777 -0.00461948 0.08586017
v -0.07383023 -0.01085520 0.08581901
v -0.07433653 -0.00905390 0.08587816
v -0.07383023 -0.01085520 0.08581901
v -0.07266297 -0.01699509 0.08581902
v -0.06301441 -0.03993041 0.08580534
v -0.06611593 -0.03450417 0.08579002
v -0.06291288 -0.03989248 0.08559517
v -0.06301441 -0.03993041 0.08580534
v -0.06291288 -0.03989248 0.08559517
v -0.05935529 -0.04501573 0.08562221
v -0.04629559 -0.05836253 0.08562220
v -0.05101686 -0.05428395 0.08562220
v -0.04630902 -0.05843273 0.08537646
v -0.04629559 -0.05836253 0.08562220
v -0.04630902 -0.05843273 0.08537646
v -0.04124289 -0.06211570 0.08537161
v -0.03593021 -0.06535120 0.08535950
v -0.03028659 -0.06811234 0.08538844
v -0.03590982 -0.06526295 0.08556851
v -0.03593021 -0.06535120 0.08535950
v -0.03590982 -0.06526295 0.08556851
v -0.04124289 -0.06211570 0.08537161
v -0.04124289 -0.06211570 0.08537161
v -0.03590982 -0.06526295 0.08556851
v -0.04124954 -0.06203179 0.08562220
v -0.04124954 -0.06203179 0.08562220
v -0.07266297 -0.01699509 0.08581902
v -0.07098600 -0.02301578 0.08581901
v -0.07333413 -0.01516539 0.08587807
v -0.07266297 -0.01699509 0.08581902
v -0.07333413 -0.01516539 0.08587807
v -0.07433653 -0.00905390 0.08587816
v -0.06983483 -0.02703626 0.08587784
v -0.07183017 -0.02117311 0.08587795
v -0.06877128 -0.02885069 0.08579002
v -0.06983483 -0.02703626 0.08587784
v -0.06877128 -0.02885069 0.08579002
v -0.06611593 -0.03450417 0.08579002
v -0.05548760 -0.04989854 0.08581901
v -0.05946837 -0.04508048 0.08581901
v -0.05538031 -0.04982458 0.08562221
v -0.05548760 -0.04989854 0.08581901
v -0.05538031 -0.04982458 0.08562221
v -0.05101686 -0.05428395 0.08562220
v -0.02452380 -0.07033435 0.08559581
v -0.03028659 -0.06811234 0.08538844
v -0.02451873 -0.07043418 0.08535619
v -0.02452380 -0.07033435 0.08559581
v -0.02451873 -0.07043418 0.08535619
v -0.01856494 -0.07223249 0.08535554
v -0.01856494 -0.07223249 0.08535554
v -0.01242235 -0.07349708 0.08539503
v -0.01855140 -0.07214301 0.08556850
v -0.01856494 -0.07223249 0.08535554
v -0.01855140 -0.07214301 0.08556850
v -0.02452380 -0.07033435 0.08559581
v -0.03028659 -0.06811234 0.08538844
v -0.02452380 -0.07033435 0.08559581
v -0.03033055 -0.06805056 0.08564766
v -0.03028659 -0.06811234 0.08538844
v -0.03033055 -0.06805056 0.08564766
v -0.03590982 -0.06526295 0.08556851
v -0.05101686 -0.05428395 0.08562220
v -0.05101686 -0.05428395 0.08562220
v -0.05111758 -0.05436664 0.08581901
v -0.05548760 -0.04989854 0.08581901
v -0.06611593 -0.03450417 0.08579002
v -0.06301441 -0.03993041 0.08580534
v -0.06736175 -0.03271464 0.08587772
v -0.06611593 -0.03450417 0.08579002
v -0.06736175 -0.03271464 0.08587772
v -0.06983483 -0.02703626 0.08587784
v -0.00623225 -0.07431891 0.08535619
v -0.00002173 -0.07454248 0.08538779
v -0.00626011 -0.07423107 0.08554186
v -0.00623225 -0.07431891 0.08535619
v -0.00626011 -0.07423107 0.08554186
v -0.01242235 -0.07349708 0.08539503
v -0.03590982 -0.06526295 0.08556851
v -0.03033055 -0.06805056 0.08564766
v -0.03598333 -0.06534870 0.08580535
v -0.03590982 -0.06526295 0.08556851
v -0.03598333 -0.06534870 0.08580535
v -0.04124954 -0.06203179 0.08562220
v -0.04124954 -0.06203179 0.08562220
v -0.03598333 -0.06534870 0.08580535
v -0.04133507 -0.06213010 0.08581901
v -0.04133507 -0.06213010 0.08581901
v -0.05946837 -0.04508048 0.08581901
v -0.05548760 -0.04989854 0.08581901
v -0.06105297 -0.04336313 0.08587746
v -0.05946837 -0.04508048 0.08581901
v -0.06105297 -0.04336313 0.08587746
v -0.06442779 -0.03816936 0.08587759
v 0.01242983 -0.07353850 0.08535378
v 0.01854502 -0.07221490 0.08537646
v 0.01239340 -0.07344890 0.08559582
v 0.01242983 -0.07353850 0.08535378
v 0.01239340 -0.07344890 0.08559582
v 0.00620701 -0.07423553 0.08554185
v -0.00002173 -0.07454248 0.08538779
v 0.00620701 -0.07423553 0.08554185
v -0.00002970 -0.07450383 0.08564766
v -0.00002173 -0.07454248 0.08538779
v -0.00002970 -0.07450383 0.08564766
v -0.00626011 -0.07423107 0.08554186
v -0.01855140 -0.07214301 0.08556850
v -0.01245417 -0.07345553 0.08564768
v -0.01860128 -0.07224436 0.08580536
v -0.01855140 -0.07214301 0.08556850
v -0.01860128 -0.07224436 0.08580536
v -0.02452380 -0.07033435 0.08559581
v -0.02452380 -0.07033435 0.08559581
v -0.01860128 -0.07224436 0.08580536
v -0.02458534 -0.07045779 0.08581902
v -0.02452380 -0.07033435 0.08559581
v -0.02458534 -0.07045779 0.08581902
v -0.03039489 -0.06815343 0.08581901
v -0.04638902 -0.05845337 0.08581901
v -0.04133507 -0.06213010 0.08581901
v -0.04852802 -0.05703346 0.08587704
v -0.04638902 -0.05845337 0.08581901
v -0.04852802 -0.05703346 0.08587704
v -0.05307588 -0.05282755 0.08587719
v 0.00620701 -0.07423553 0.08554185
v 0.01239340 -0.07344890 0.08559582
v 0.00618717 -0.07432074 0.08579002
v 0.00620701 -0.07423553 0.08554185
v 0.00618717 -0.07432074 0.08579002
v -0.00002970 -0.07450383 0.08564766
v -0.03039489 -0.06815343 0.08581901
v -0.02458534 -0.07045779 0.08581902
v -0.03300337 -0.06721666 0.08587402
v -0.03039489 -0.06815343 0.08581901
v -0.03300337 -0.06721666 0.08587402
v -0.03846868 -0.06424886 0.08587674
v -0.02148654 -0.07173260 0.08587349
v -0.02734187 -0.06971143 0.08587370
v -0.01860128 -0.07224436 0.08580536
v -0.02148654 -0.07173260 0.08587349
v -0.01860128 -0.07224436 0.08580536
v -0.01249090 -0.07357117 0.08581901
v 0.03027635 -0.06807469 0.08564766
v 0.02446882 -0.07035351 0.08559582
v 0.03029925 -0.06810680 0.08538780
v 0.03027635 -0.06807469 0.08564766
v 0.03029925 -0.06810680 0.08538780
v 0.03586471 -0.06529291 0.08554185
v 0.04120248 -0.06206284 0.08554185
v 0.04120248 -0.06206284 0.08554185
v 0.04125685 -0.06212939 0.08535554
v 0.04628483 -0.05843197 0.08538780
v 0.01239340 -0.07344890 0.08559582
v 0.01849726 -0.07216176 0.08562223
v 0.01239901 -0.07358671 0.08581901
v 0.01239340 -0.07344890 0.08559582
v 0.01239901 -0.07358671 0.08581901
v 0.00618717 -0.07432074 0.08579002
v -0.01249090 -0.07357117 0.08581901
v -0.00629389 -0.07431178 0.08579002
v -0.00963419 -0.07426333 0.08587789
v -0.01249090 -0.07357117 0.08581901
v -0.00963419 -0.07426333 0.08587789
v -0.02148654 -0.07173260 0.08587349
v 0.00272779 -0.07483609 0.08587814
v -0.00346487 -0.07480553 0.08587802
v -0.00004657 -0.07462395 0.08581899
v 0.00272779 -0.07483609 0.08587814
v -0.00004657 -0.07462395 0.08581899
v 0.00618717 -0.07432074 0.08579002
v 0.02449735 -0.07048842 0.08581901
v 0.01851307 -0.07229111 0.08581901
v 0.02446882 -0.07035351 0.08559582
v 0.02449735 -0.07048842 0.08581901
v 0.02446882 -0.07035351 0.08559582
v 0.03027635 -0.06807469 0.08564766
v 0.03588123 -0.06537883 0.08579002
v 0.03027635 -0.06807469 0.08564766
v 0.03586471 -0.06529291 0.08554185
v 0.03588123 -0.06537883 0.08579002
v 0.03586471 -0.06529291 0.08554185
v 0.04120248 -0.06206284 0.08554185
v 0.04625464 -0.05840658 0.08564766
v 0.04120248 -0.06206284 0.08554185
v 0.04628483 -0.05843197 0.08538780
v 0.04625464 -0.05840658 0.08564766
v 0.04628483 -0.05843197 0.08538780
v 0.05097345 -0.05432472 0.08562221
v 0.05097345 -0.05432472 0.08562221
v 0.04628483 -0.05843197 0.08538780
v 0.05104092 -0.05434827 0.08537646
v 0.05097345 -0.05432472 0.08562221
v 0.05104092 -0.05434827 0.08537646
v 0.05541961 -0.04985212 0.08538843
v 0.04120248 -0.06206284 0.08554185
v 0.04625464 -0.05840658 0.08564766
v 0.04122613 -0.06214708 0.08579002
v 0.04120248 -0.06206284 0.08554185
v 0.04122613 -0.06214708 0.08579002
v 0.03588123 -0.06537883 0.08579002
v 0.03027635 -0.06807469 0.08564766
v 0.03588123 -0.06537883 0.08579002
v 0.03030972 -0.06819134 0.08581901
v 0.03027635 -0.06807469 0.08564766
v 0.03030972 -0.06819134 0.08581901
v 0.02449735 -0.07048842 0.08581901
v 0.00618717 -0.07432074 0.08579002
v 0.01239901 -0.07358671 0.08581901
v 0.00890150 -0.07435494 0.08587826
v 0.00618717 -0.07432074 0.08579002
v 0.00890150 -0.07435494 0.08587826
v 0.00272779 -0.07483609 0.08587814
v 0.02102374 -0.07187432 0.08587849
v 0.01501411 -0.07336539 0.08587838
v 0.01851307 -0.07229111 0.08581901
v 0.02102374 -0.07187432 0.08587849
v 0.01851307 -0.07229111 0.08581901
v 0.02449735 -0.07048842 0.08581901
v 0.05932659 -0.04506858 0.08564767
v 0.05534728 -0.04987485 0.08564767
v 0.05936213 -0.04508566 0.08538782
v 0.05932659 -0.04506858 0.08564767
v 0.05936213 -0.04508566 0.08538782
v 0.06294041 -0.03993295 0.08539501
v 0.02688955 -0.06989190 0.08587859
v 0.02102374 -0.07187432 0.08587849
v 0.02449735 -0.07048842 0.08581901
v 0.02688955 -0.06989190 0.08587859
v 0.02449735 -0.07048842 0.08581901
v 0.03030972 -0.06819134 0.08581901
v 0.04631599 -0.05851125 0.08581901
v 0.04122613 -0.06214708 0.08579002
v 0.04625464 -0.05840658 0.08564766
v 0.04631599 -0.05851125 0.08581901
v 0.04625464 -0.05840658 0.08564766
v 0.05097345 -0.05432472 0.08562221
v 0.06288977 -0.03994619 0.08564766
v 0.05932659 -0.04506858 0.08564767
v 0.06294041 -0.03993295 0.08539501
v 0.06288977 -0.03994619 0.08564766
v 0.06294041 -0.03993295 0.08539501
v 0.06607624 -0.03450363 0.08538843
v 0.06865570 -0.02889175 0.08559580
v 0.06607624 -0.03450363 0.08538843
v 0.06874561 -0.02891766 0.08535554
v 0.06865570 -0.02889175 0.08559580
v 0.06874561 -0.02891766 0.08535554
v 0.07089392 -0.02302576 0.08539503
v 0.06607624 -0.03450363 0.08538843
v 0.06865570 -0.02889175 0.08559580
v 0.06601181 -0.03454362 0.08564765
v 0.06607624 -0.03450363 0.08538843
v 0.06601181 -0.03454362 0.08564765
v 0.06288977 -0.03994619 0.08564766
v 0.05097345 -0.05432472 0.08562221
v 0.05534728 -0.04987485 0.08564767
v 0.05104966 -0.05443041 0.08581901
v 0.05097345 -0.05432472 0.08562221
v 0.05104966 -0.05443041 0.08581901
v 0.04631599 -0.05851125 0.08581901
v 0.03030972 -0.06819134 0.08581901
v 0.03588123 -0.06537883 0.08579002
v 0.03200440 -0.06767203 0.08587543
v 0.03030972 -0.06819134 0.08581901
v 0.03200440 -0.06767203 0.08587543
v 0.02688955 -0.06989190 0.08587859
v 0.04322964 -0.06114861 0.08587887
v 0.03749440 -0.06479143 0.08587547
v 0.04122613 -0.06214708 0.08579002
v 0.04322964 -0.06114861 0.08587887
v 0.04122613 -0.06214708 0.08579002
v 0.04631599 -0.05851125 0.08581901
v 0.05941206 -0.04515467 0.08581901
v 0.05542523 -0.04996781 0.08581901
v 0.05932659 -0.04506858 0.08564767
v 0.05941206 -0.04515467 0.08581901
v 0.05932659 -0.04506858 0.08564767
v 0.06288977 -0.03994619 0.08564766
v 0.07084819 -0.02305116 0.08564767
v 0.06865570 -0.02889175 0.08559580
v 0.07089392 -0.02302576 0.08539503
v 0.07084819 -0.02305116 0.08564767
v 0.07089392 -0.02302576 0.08539503
v 0.07258104 -0.01698712 0.08538844
v 0.07442990 -0.00468545 0.08535947
v 0.07456323 0.00157038 0.08535620
v 0.07434591 -0.00470409 0.08554186
v 0.07442990 -0.00468545 0.08535947
v 0.07434591 -0.00470409 0.08554186
v 0.07374795 -0.01085411 0.08538843
v 0.07258104 -0.01698712 0.08538844
v 0.07374795 -0.01085411 0.08538843
v 0.07252858 -0.01704191 0.08564767
v 0.07258104 -0.01698712 0.08538844
v 0.07252858 -0.01704191 0.08564767
v 0.07084819 -0.02305116 0.08564767
v 0.06288977 -0.03994619 0.08564766
v 0.06601181 -0.03454362 0.08564765
v 0.06298212 -0.04002488 0.08581901
v 0.06288977 -0.03994619 0.08564766
v 0.06298212 -0.04002488 0.08581901
v 0.05941206 -0.04515467 0.08581901
v 0.04631599 -0.05851125 0.08581901
v 0.05104966 -0.05443041 0.08581901
v 0.04813315 -0.05736865 0.08587895
v 0.04631599 -0.05851125 0.08581901
v 0.04813315 -0.05736865 0.08587895
v 0.04322964 -0.06114861 0.08587887
v 0.05692170 -0.04866104 0.08587910
v 0.05270757 -0.05319664 0.08587903
v 0.05542523 -0.04996781 0.08581901
v 0.05692170 -0.04866104 0.08587910
v 0.05542523 -0.04996781 0.08581901
v 0.05941206 -0.04515467 0.08581901
v 0.06877503 -0.02896090 0.08581901
v 0.06611044 -0.03461426 0.08581901
v 0.06865570 -0.02889175 0.08559580
v 0.06877503 -0.02896090 0.08581901
v 0.06865570 -0.02889175 0.08559580
v 0.07084819 -0.02305116 0.08564767
v 0.07408927 0.00776035 0.08554185
v 0.07447879 0.00153351 0.08554186
v 0.07417031 0.00780416 0.08535620
v 0.07408927 0.00776035 0.08554185
v 0.07417031 0.00780416 0.08535620
v 0.07320888 0.01393962 0.08540623
v 0.07084819 -0.02305116 0.08564767
v 0.07252858 -0.01704191 0.08564767
v 0.07095722 -0.02310440 0.08581901
v 0.07084819 -0.02305116 0.08564767
v 0.07095722 -0.02310440 0.08581901
v 0.06877503 -0.02896090 0.08581901
v 0.05941206 -0.04515467 0.08581901
v 0.06298212 -0.04002488 0.08581901
v 0.06074673 -0.04379291 0.08587916
v 0.05941206 -0.04515467 0.08581901
v 0.06074673 -0.04379291 0.08587916
v 0.05692170 -0.04866104 0.08587910
v 0.06750700 0.03174695 0.08534123
v 0.06458714 0.03728623 0.08535947
v 0.06741547 0.03169578 0.08551482
v 0.06750700 0.03174695 0.08534123
v 0.06741547 0.03169578 0.08551482
v 0.06984305 0.02598872 0.08541522
v 0.07447879 0.00153351 0.08554186
v 0.07447879 0.00153351 0.08554186
v 0.07453312 0.00152682 0.08574392
v 0.07442730 -0.00473626 0.08579002
v 0.07370025 -0.01091309 0.08564765
v 0.07442730 -0.00473626 0.08579002
v 0.07381663 -0.01094735 0.08581901
v 0.07370025 -0.01091309 0.08564765
v 0.07381663 -0.01094735 0.08581901
v 0.07264167 -0.01708583 0.08581901
v 0.06611044 -0.03461426 0.08581901
v 0.06877503 -0.02896090 0.08581901
v 0.06686191 -0.03366201 0.08587563
v 0.06611044 -0.03461426 0.08581901
v 0.06686191 -0.03366201 0.08587563
v 0.06384832 -0.03907748 0.08587562
v 0.06123625 0.04257069 0.08535620
v 0.05745926 0.04754551 0.08535620
v 0.06118633 0.04249322 0.08554185
v 0.06123625 0.04257069 0.08535620
v 0.06118633 0.04249322 0.08554185
v 0.06452749 0.03722425 0.08554184
v 0.06984305 0.02598872 0.08541522
v 0.06741547 0.03169578 0.08551482
v 0.06986967 0.02594563 0.08572310
v 0.06984305 0.02598872 0.08541522
v 0.06986967 0.02594563 0.08572310
v 0.07179570 0.02000807 0.08572311
v 0.07264167 -0.01708583 0.08581901
v 0.07381663 -0.01094735 0.08581901
v 0.07322340 -0.01569529 0.08587939
v 0.07264167 -0.01708583 0.08581901
v 0.07322340 -0.01569529 0.08587939
v 0.07167676 -0.02168983 0.08587936
v 0.07340174 0.01391666 0.08585956
v 0.07431016 0.00772434 0.08586004
v 0.07321815 0.01393021 0.08572311
v 0.07321815 0.01393021 0.08572311
v 0.06457835 0.03724456 0.08574393
v 0.06746840 0.03171017 0.08574393
v 0.06452749 0.03722425 0.08554184
v 0.06452749 0.03722425 0.08554184
v 0.04869643 0.05637464 0.08554185
v 0.05326315 0.05212378 0.08540623
v 0.04873236 0.05645280 0.08535947
v 0.04869643 0.05637464 0.08554185
v 0.04873236 0.05645280 0.08535947
v 0.04382998 0.06034132 0.08535619
v 0.02747760 0.06966919 0.08588227
v 0.03316028 0.06713009 0.08587817
v 0.02755412 0.06937864 0.08584029
v 0.02755412 0.06937864 0.08584029
v 0.03316028 0.06713009 0.08587817
v 0.03322216 0.06682085 0.08581899
v 0.02755412 0.06937864 0.08584029
v 0.03322216 0.06682085 0.08581899
v 0.02745431 0.06926098 0.08564767
v 0.02745431 0.06926098 0.08564767
v 0.03322216 0.06682085 0.08581899
v 0.03315359 0.06672077 0.08564766
v 0.02745431 0.06926098 0.08564767
v 0.03315359 0.06672077 0.08564766
v 0.02743183 0.06930823 0.08539501
v 0.02743183 0.06930823 0.08539501
v 0.03315359 0.06672077 0.08564766
v 0.03316373 0.06675890 0.08538779
v 0.01564806 0.07323850 0.08588184
v 0.02164058 0.07169959 0.08588399
v 0.02164733 0.07143703 0.08583619
v 0.02164733 0.07143703 0.08583619
v 0.02164058 0.07169959 0.08588399
v 0.02755412 0.06937864 0.08584029
v 0.02164733 0.07143703 0.08583619
v 0.02755412 0.06937864 0.08584029
v 0.02156239 0.07131541 0.08564767
v 0.02156239 0.07131541 0.08564767
v 0.02755412 0.06937864 0.08584029
v 0.02745431 0.06926098 0.08564767
v 0.02156239 0.07131541 0.08564767
v 0.02745431 0.06926098 0.08564767
v 0.02151102 0.07137118 0.08538844
v 0.02151102 0.07137118 0.08538844
v 0.02745431 0.06926098 0.08564767
v 0.02743183 0.06930823 0.08539501
v -0.00963419 -0.07426333 0.08587789
v -0.00340710 -0.07491731 0.08601247
v -0.00958205 -0.07438006 0.08601246
v 0.05733178 0.04819074 0.08588487
v 0.05326049 0.05279713 0.08601273
v 0.05743853 0.04821858 0.08601272
v -0.01564097 -0.07324155 0.08588387
v -0.00963419 -0.07426333 0.08587789
v -0.00958205 -0.07438006 0.08601246
v -0.01564097 -0.07324155 0.08588387
v -0.00958205 -0.07438006 0.08601246
v -0.01571065 -0.07333071 0.08601275
v 0.06074673 -0.04379291 0.08587916
v 0.06427692 -0.03861374 0.08596306
v 0.06084341 -0.04384400 0.08601272
v 0.06110649 0.04329933 0.08588282
v 0.05733178 0.04819074 0.08588487
v 0.05743853 0.04821858 0.08601272
v 0.06121689 0.04331905 0.08600996
v -0.05701334 0.04852283 0.08587613
v -0.06082793 0.04385483 0.08598024
v -0.05701728 0.04870199 0.08597633
v -0.02148654 -0.07173260 0.08587349
v -0.01564097 -0.07324155 0.08588387
v -0.01571065 -0.07333071 0.08601275
v -0.02148654 -0.07173260 0.08587349
v -0.01571065 -0.07333071 0.08601275
v -0.02170160 -0.07178501 0.08600996
v 0.05692170 -0.04866104 0.08587910
v 0.06074673 -0.04379291 0.08587916
v 0.06084341 -0.04384400 0.08601272
v 0.05692170 -0.04866104 0.08587910
v 0.06084341 -0.04384400 0.08601272
v 0.05702137 -0.04870944 0.08600996
v 0.06444556 0.03808021 0.08587371
v 0.06110649 0.04329933 0.08588282
v 0.06459537 0.03808833 0.08598024
v 0.06459537 0.03808833 0.08598024
v 0.06110649 0.04329933 0.08588282
v 0.06121689 0.04331905 0.08600996
v -0.05291612 0.05294615 0.08587320
v -0.05701334 0.04852283 0.08587613
v -0.05701728 0.04870199 0.08597633
v -0.05291612 0.05294615 0.08587320
v -0.05701728 0.04870199 0.08597633
v -0.05282133 0.05322744 0.08597982
v -0.02734187 -0.06971143 0.08587370
v -0.02148654 -0.07173260 0.08587349
v -0.02170160 -0.07178501 0.08600996
v -0.02734187 -0.06971143 0.08587370
v -0.02170160 -0.07178501 0.08600996
v -0.02754805 -0.06975180 0.08601246
v 0.05270757 -0.05319664 0.08587903
v 0.05692170 -0.04866104 0.08587910
v 0.05702137 -0.04870944 0.08600996
v 0.05270757 -0.05319664 0.08587903
v 0.05702137 -0.04870944 0.08600996
v 0.05281087 -0.05324679 0.08601246
v 0.06735265 0.03266478 0.08587475
v 0.06444556 0.03808021 0.08587371
v 0.06459537 0.03808833 0.08598024
v 0.06735265 0.03266478 0.08587475
v 0.06459537 0.03808833 0.08598024
v 0.06750358 0.03265148 0.08597634
v 0.06982635 0.02705305 0.08588089
v 0.06735265 0.03266478 0.08587475
v 0.06750358 0.03265148 0.08597634
v 0.06982635 0.02705305 0.08588089
v 0.06750358 0.03265148 0.08597634
v 0.06997587 0.02697383 0.08601245
v 0.00958862 0.07437889 0.08601223
v 0.01571064 0.07333071 0.08601274
v 0.01564806 0.07323850 0.08588184
v 0.00958862 0.07437889 0.08601223
v 0.01564806 0.07323850 0.08588184
v 0.00954583 0.07428064 0.08588183
v -0.00000002 0.07499903 0.08606849
v 0.00342856 0.07490679 0.08598109
v -0.00280490 0.07493272 0.08598085
v -0.00280490 0.07493272 0.08598085
v 0.00342856 0.07490679 0.08598109
v 0.00338189 0.07478417 0.08587516
v -0.00280490 0.07493272 0.08598085
v 0.00338189 0.07478417 0.08587516
v -0.00281874 0.07480559 0.08587431
v -0.01507988 0.07346187 0.08600996
v -0.00893547 0.07445404 0.08597993
v -0.01510462 0.07335165 0.08588138
v -0.01510462 0.07335165 0.08588138
v -0.00893547 0.07445404 0.08597993
v -0.00898780 0.07431704 0.08587430
v -0.02696563 0.06997788 0.08600995
v -0.02109336 0.07196803 0.08601443
v -0.02110905 0.07185417 0.08588148
v -0.02696563 0.06997788 0.08600995
v -0.02110905 0.07185417 0.08588148
v -0.02695724 0.06987593 0.08588536
v -0.03811479 0.06458170 0.08599328
v -0.03267643 0.06749448 0.08597983
v -0.03804749 0.06448782 0.08587976
v -0.03804749 0.06448782 0.08587976
v -0.03267643 0.06749448 0.08597983
v -0.03261934 0.06737431 0.08587375
v -0.04821859 0.05743853 0.08601273
v -0.04331067 0.06122422 0.08601273
v -0.04321628 0.06115519 0.08588092
v -0.04821859 0.05743853 0.08601273
v -0.04321628 0.06115519 0.08588092
v -0.04809745 0.05737948 0.08587506
v -0.06427692 0.03861374 0.08596305
v -0.06082793 0.04385483 0.08598024
v -0.06082558 0.04364896 0.08587613
v -0.06082558 0.04364896 0.08587613
v -0.06082793 0.04385483 0.08598024
v -0.05701334 0.04852283 0.08587613
v -0.06724607 0.03317392 0.08596305
v -0.06427692 0.03861374 0.08596305
v -0.06450233 0.03783054 0.08587118
v -0.06450233 0.03783054 0.08587118
v -0.06427692 0.03861374 0.08596305
v -0.06082558 0.04364896 0.08587613
v -0.07178843 0.02167195 0.08597982
v -0.06974144 0.02754972 0.08597634
v -0.06967955 0.02738129 0.08587611
v -0.06967955 0.02738129 0.08587611
v -0.06974144 0.02754972 0.08597634
v -0.06724607 0.03317392 0.08596305
v -0.06967955 0.02738129 0.08587611
v -0.06724607 0.03317392 0.08596305
v -0.06742565 0.03233470 0.08587121
v -0.06742565 0.03233470 0.08587121
v -0.06724607 0.03317392 0.08596305
v -0.06450233 0.03783054 0.08587118
v -0.07332477 0.01569493 0.08597635
v -0.07178843 0.02167195 0.08597982
v -0.07170273 0.02153347 0.08587610
v -0.07170273 0.02153347 0.08587610
v -0.07178843 0.02167195 0.08597982
v -0.06967955 0.02738129 0.08587611
v -0.07436915 0.00961827 0.08598024
v -0.07332477 0.01569493 0.08597635
v -0.07323608 0.01553843 0.08587608
v -0.07323608 0.01553843 0.08587608
v -0.07332477 0.01569493 0.08597635
v -0.07170273 0.02153347 0.08587610
v -0.07490943 0.00344404 0.08598024
v -0.07436915 0.00961827 0.08598024
v -0.07426910 0.00943736 0.08587607
v -0.07426910 0.00943736 0.08587607
v -0.07436915 0.00961827 0.08598024
v -0.07323608 0.01553843 0.08587608
v -0.07346186 -0.01507988 0.08600996
v -0.07445630 -0.00897044 0.08601244
v -0.07433653 -0.00905390 0.08587816
v -0.07433653 -0.00905390 0.08587816
v -0.07445630 -0.00897044 0.08601244
v -0.07493562 -0.00281191 0.08597982
v -0.07493562 -0.00281191 0.08597982
v -0.07490943 0.00344404 0.08598024
v -0.07479475 0.00327159 0.08587604
v -0.07479475 0.00327159 0.08587604
v -0.07490943 0.00344404 0.08598024
v -0.07426910 0.00943736 0.08587607
v -0.07196434 -0.02110314 0.08601243
v -0.07346186 -0.01507988 0.08600996
v -0.07333413 -0.01516539 0.08587807
v -0.07333413 -0.01516539 0.08587807
v -0.07346186 -0.01507988 0.08600996
v -0.07433653 -0.00905390 0.08587816
v -0.07433653 -0.00905390 0.08587816
v -0.07493562 -0.00281191 0.08597982
v -0.07480941 -0.00291651 0.08587601
v -0.07480941 -0.00291651 0.08587601
v -0.07493562 -0.00281191 0.08597982
v -0.07479475 0.00327159 0.08587604
v -0.06997587 -0.02697383 0.08601246
v -0.07196434 -0.02110314 0.08601243
v -0.07183017 -0.02117311 0.08587795
v -0.07183017 -0.02117311 0.08587795
v -0.07196434 -0.02110314 0.08601243
v -0.07333413 -0.01516539 0.08587807
v -0.06751207 -0.03265222 0.08600998
v -0.06997587 -0.02697383 0.08601246
v -0.06983483 -0.02703626 0.08587784
v -0.06983483 -0.02703626 0.08587784
v -0.06997587 -0.02697383 0.08601246
v -0.07183017 -0.02117311 0.08587795
v -0.06459167 -0.03810686 0.08601275
v -0.06751207 -0.03265222 0.08600998
v -0.06736175 -0.03271464 0.08587772
v -0.06736175 -0.03271464 0.08587772
v -0.06751207 -0.03265222 0.08600998
v -0.06983483 -0.02703626 0.08587784
v -0.06121689 -0.04331904 0.08600996
v -0.06459167 -0.03810686 0.08601275
v -0.06442779 -0.03816936 0.08587759
v -0.06442779 -0.03816936 0.08587759
v -0.06459167 -0.03810686 0.08601275
v -0.06736175 -0.03271464 0.08587772
v -0.05744940 -0.04818876 0.08596352
v -0.06121689 -0.04331904 0.08600996
v -0.06105297 -0.04336313 0.08587746
v -0.06105297 -0.04336313 0.08587746
v -0.06121689 -0.04331904 0.08600996
v -0.06442779 -0.03816936 0.08587759
v -0.04870945 -0.05702136 0.08600996
v -0.05326049 -0.05279713 0.08601273
v -0.05307588 -0.05282755 0.08587719
v -0.05307588 -0.05282755 0.08587719
v -0.05326049 -0.05279713 0.08601273
v -0.05744940 -0.04818876 0.08596352
v -0.04383707 -0.06084929 0.08601444
v -0.04870945 -0.05702136 0.08600996
v -0.04852802 -0.05703346 0.08587704
v -0.04852802 -0.05703346 0.08587704
v -0.04870945 -0.05702136 0.08600996
v -0.05307588 -0.05282755 0.08587719
v -0.06105297 -0.04336313 0.08587746
v -0.05685904 -0.04868885 0.08587468
v -0.05744940 -0.04818876 0.08596352
v -0.05744940 -0.04818876 0.08596352
v -0.05685904 -0.04868885 0.08587468
v -0.05307588 -0.05282755 0.08587719
v -0.04852802 -0.05703346 0.08587704
v -0.04364787 -0.06084927 0.08587689
v -0.04383707 -0.06084929 0.08601444
v -0.04383707 -0.06084929 0.08601444
v -0.04364787 -0.06084927 0.08587689
v -0.03865971 -0.06426098 0.08600996
v -0.04364787 -0.06084927 0.08587689
v -0.03846868 -0.06424886 0.08587674
v -0.03865971 -0.06426098 0.08600996
v -0.03865971 -0.06426098 0.08600996
v -0.03846868 -0.06424886 0.08587674
v -0.03323152 -0.06723008 0.08601275
v -0.03846868 -0.06424886 0.08587674
v -0.03300337 -0.06721666 0.08587402
v -0.03323152 -0.06723008 0.08601275
v 0.00278278 -0.07494200 0.08600995
v -0.00340710 -0.07491731 0.08601247
v -0.00346487 -0.07480553 0.08587802
v -0.00346487 -0.07480553 0.08587802
v -0.00340710 -0.07491731 0.08601247
v -0.00963419 -0.07426333 0.08587789
v 0.00895112 -0.07445867 0.08601273
v 0.00278278 -0.07494200 0.08600995
v 0.00272779 -0.07483609 0.08587814
v 0.00272779 -0.07483609 0.08587814
v 0.00278278 -0.07494200 0.08600995
v -0.00346487 -0.07480553 0.08587802
v 0.01507988 -0.07346186 0.08600996
v 0.00895112 -0.07445867 0.08601273
v 0.00890150 -0.07435494 0.08587826
v 0.00890150 -0.07435494 0.08587826
v 0.00895112 -0.07445867 0.08601273
v 0.00272779 -0.07483609 0.08587814
v 0.02109336 -0.07196802 0.08601443
v 0.01507988 -0.07346186 0.08600996
v 0.01501411 -0.07336539 0.08587838
v 0.01501411 -0.07336539 0.08587838
v 0.01507988 -0.07346186 0.08600996
v 0.00890150 -0.07435494 0.08587826
v 0.02696563 -0.06997787 0.08600996
v 0.02109336 -0.07196802 0.08601443
v 0.02102374 -0.07187432 0.08587849
v 0.02102374 -0.07187432 0.08587849
v 0.02109336 -0.07196802 0.08601443
v 0.01501411 -0.07336539 0.08587838
v 0.03269075 -0.06748227 0.08596306
v 0.02696563 -0.06997787 0.08600996
v 0.02688955 -0.06989190 0.08587859
v 0.02688955 -0.06989190 0.08587859
v 0.02696563 -0.06997787 0.08600996
v 0.02102374 -0.07187432 0.08587849
v 0.03811512 -0.06456960 0.08595924
v 0.04322964 -0.06114861 0.08587887
v 0.04331065 -0.06122421 0.08601273
v 0.04331065 -0.06122421 0.08601273
v 0.04322964 -0.06114861 0.08587887
v 0.04821860 -0.05743852 0.08601273
v 0.02688955 -0.06989190 0.08587859
v 0.03200440 -0.06767203 0.08587543
v 0.03269075 -0.06748227 0.08596306
v 0.03269075 -0.06748227 0.08596306
v 0.03200440 -0.06767203 0.08587543
v 0.03811512 -0.06456960 0.08595924
v 0.04322964 -0.06114861 0.08587887
v 0.04813315 -0.05736865 0.08587895
v 0.04821860 -0.05743852 0.08601273
v 0.03200440 -0.06767203 0.08587543
v 0.03749440 -0.06479143 0.08587547
v 0.03811512 -0.06456960 0.08595924
v 0.03811512 -0.06456960 0.08595924
v 0.03749440 -0.06479143 0.08587547
v 0.04322964 -0.06114861 0.08587887
v 0.05281087 -0.05324679 0.08601246
v 0.04821860 -0.05743852 0.08601273
v 0.04813315 -0.05736865 0.08587895
v 0.05281087 -0.05324679 0.08601246
v 0.04813315 -0.05736865 0.08587895
v 0.05270757 -0.05319664 0.08587903
v 0.07178847 -0.02169391 0.08601246
v 0.06974772 -0.02755546 0.08600995
v 0.06964027 -0.02753605 0.08587932
v 0.06964027 -0.02753605 0.08587932
v 0.06974772 -0.02755546 0.08600995
v 0.06724607 -0.03317391 0.08596306
v 0.07333195 -0.01569955 0.08600998
v 0.07178847 -0.02169391 0.08601246
v 0.07167676 -0.02168983 0.08587936
v 0.07167676 -0.02168983 0.08587936
v 0.07178847 -0.02169391 0.08601246
v 0.06964027 -0.02753605 0.08587932
v 0.06724607 -0.03317391 0.08596306
v 0.06427692 -0.03861374 0.08596306
v 0.06384832 -0.03907748 0.08587562
v 0.06384832 -0.03907748 0.08587562
v 0.06427692 -0.03861374 0.08596306
v 0.06074673 -0.04379291 0.08587916
v 0.07437764 -0.00960134 0.08601275
v 0.07333195 -0.01569955 0.08600998
v 0.07322340 -0.01569529 0.08587939
v 0.07322340 -0.01569529 0.08587939
v 0.06964027 -0.02753605 0.08587932
v 0.06724607 -0.03317391 0.08596306
v 0.06686191 -0.03366201 0.08587563
v 0.06686191 -0.03366201 0.08587563
v 0.06724607 -0.03317391 0.08596306
v 0.06384832 -0.03907748 0.08587562
v 0.07491647 -0.00342649 0.08601275
v 0.07437764 -0.00960134 0.08601275
v 0.07426961 -0.00959366 0.08587941
v 0.07426961 -0.00959366 0.08587941
v 0.07437764 -0.00960134 0.08601275
v 0.07322340 -0.01569529 0.08587939
v 0.07480826 -0.00342656 0.08587942
v 0.07491647 -0.00342649 0.08601275
v 0.07480826 -0.00342656 0.08587942
v 0.07493562 0.00281193 0.08597982
v 0.07480826 -0.00342656 0.08587942
v 0.07482011 0.00267304 0.08587621
v 0.07493562 0.00281193 0.08597982
v 0.07493562 0.00281193 0.08597982
v 0.07482011 0.00267304 0.08587621
v 0.07444796 0.00896402 0.08597632
v 0.07482011 0.00267304 0.08587621
v 0.07434384 0.00884233 0.08587620
v 0.07444796 0.00896402 0.08597632
v 0.07346520 0.01506925 0.08601273
v 0.07444796 0.00896402 0.08597632
v 0.07337172 0.01495760 0.08587705
v 0.07337172 0.01495760 0.08587705
v 0.07444796 0.00896402 0.08597632
v 0.07434384 0.00884233 0.08587620
v 0.07196434 0.02110314 0.08601243
v 0.07346520 0.01506925 0.08601273
v 0.07337172 0.01495760 0.08587705
v 0.07196434 0.02110314 0.08601243
v 0.07337172 0.01495760 0.08587705
v 0.07180117 0.02122380 0.08587546
v 0.02164058 0.07169959 0.08588399
v 0.01564806 0.07323850 0.08588184
v 0.01571064 0.07333071 0.08601274
v 0.02164058 0.07169959 0.08588399
v 0.01571064 0.07333071 0.08601274
v 0.02170160 0.07178502 0.08600995
v 0.00954583 0.07428064 0.08588183
v 0.00338189 0.07478417 0.08587516
v 0.00342856 0.07490679 0.08598109
v 0.00954583 0.07428064 0.08588183
v 0.00342856 0.07490679 0.08598109
v 0.00958862 0.07437889 0.08601223
v -0.00281874 0.07480559 0.08587431
v -0.00898780 0.07431704 0.08587430
v -0.00893547 0.07445404 0.08597993
v -0.00281874 0.07480559 0.08587431
v -0.00893547 0.07445404 0.08597993
v -0.00280490 0.07493272 0.08598085
v -0.01510462 0.07335165 0.08588138
v -0.02110905 0.07185417 0.08588148
v -0.02109336 0.07196803 0.08601443
v -0.01510462 0.07335165 0.08588138
v -0.02109336 0.07196803 0.08601443
v -0.01507988 0.07346187 0.08600996
v -0.02695724 0.06987593 0.08588536
v -0.03261934 0.06737431 0.08587375
v -0.03267643 0.06749448 0.08597983
v -0.02695724 0.06987593 0.08588536
v -0.03267643 0.06749448 0.08597983
v -0.02696563 0.06997788 0.08600995
v -0.03804749 0.06448782 0.08587976
v -0.04321628 0.06115519 0.08588092
v -0.03811479 0.06458170 0.08599328
v -0.03811479 0.06458170 0.08599328
v -0.04321628 0.06115519 0.08588092
v -0.04331067 0.06122422 0.08601273
v -0.04809745 0.05737948 0.08587506
v -0.05291612 0.05294615 0.08587320
v -0.05282133 0.05322744 0.08597982
v -0.04809745 0.05737948 0.08587506
v -0.05282133 0.05322744 0.08597982
v -0.04821859 0.05743853 0.08601273
v -0.04809745 0.05737948 0.08587506
v -0.05333012 0.05232013 0.08585963
v -0.05291612 0.05294615 0.08587320
v -0.05291612 0.05294615 0.08587320
v -0.05333012 0.05232013 0.08585963
v -0.05752110 0.04767599 0.08586013
v -0.05291612 0.05294615 0.08587320
v -0.05752110 0.04767599 0.08586013
v -0.05701334 0.04852283 0.08587613
v -0.05701334 0.04852283 0.08587613
v -0.05752110 0.04767599 0.08586013
v -0.06130872 0.04269572 0.08586014
v -0.06130872 0.04269572 0.08586014
v -0.06082558 0.04364896 0.08587613
v -0.06082558 0.04364896 0.08587613
v -0.06130872 0.04269572 0.08586014
v -0.06450233 0.03783054 0.08587118
v -0.06742565 0.03233470 0.08587121
v -0.07000036 0.02610830 0.08586015
v -0.06967955 0.02738129 0.08587611
v -0.06967955 0.02738129 0.08587611
v -0.07000036 0.02610830 0.08586015
v -0.07189180 0.02015384 0.08585048
v -0.06967955 0.02738129 0.08587611
v -0.07189180 0.02015384 0.08585048
v -0.07170273 0.02153347 0.08587610
v -0.07170273 0.02153347 0.08587610
v -0.07189180 0.02015384 0.08585048
v -0.07337405 0.01406937 0.08586017
v -0.07170273 0.02153347 0.08587610
v -0.07337405 0.01406937 0.08586017
v -0.07323608 0.01553843 0.08587608
v -0.07323608 0.01553843 0.08587608
v -0.07337405 0.01406937 0.08586017
v -0.07429397 0.00788045 0.08586017
v -0.07323608 0.01553843 0.08587608
v -0.07429397 0.00788045 0.08586017
v -0.07426910 0.00943736 0.08587607
v -0.07426910 0.00943736 0.08587607
v -0.07429397 0.00788045 0.08586017
v -0.07462065 0.00164362 0.08584350
v -0.07426910 0.00943736 0.08587607
v -0.07462065 0.00164362 0.08584350
v -0.07479475 0.00327159 0.08587604
v -0.07479475 0.00327159 0.08587604
v -0.07462065 0.00164362 0.08584350
v -0.07456777 -0.00461948 0.08586017
v -0.07479475 0.00327159 0.08587604
v -0.07456777 -0.00461948 0.08586017
v -0.07480941 -0.00291651 0.08587601
v -0.07480941 -0.00291651 0.08587601
v -0.07456777 -0.00461948 0.08586017
v -0.07433653 -0.00905390 0.08587816
v -0.02754805 -0.06975180 0.08601246
v -0.03323152 -0.06723008 0.08601275
v -0.03300337 -0.06721666 0.08587402
v -0.02754805 -0.06975180 0.08601246
v -0.03300337 -0.06721666 0.08587402
v -0.02734187 -0.06971143 0.08587370
v -0.01564097 -0.07324155 0.08588387
v -0.02148654 -0.07173260 0.08587349
v -0.00963419 -0.07426333 0.08587789
v 0.07482011 0.00267304 0.08587621
v 0.07480826 -0.00342656 0.08587942
v 0.07469593 0.00147921 0.08586005
v 0.07482011 0.00267304 0.08587621
v 0.07469593 0.00147921 0.08586005
v 0.07434384 0.00884233 0.08587620
v 0.07434384 0.00884233 0.08587620
v 0.07469593 0.00147921 0.08586005
v 0.07431016 0.00772434 0.08586004
v 0.07434384 0.00884233 0.08587620
v 0.07431016 0.00772434 0.08586004
v 0.07337172 0.01495760 0.08587705
v 0.07337172 0.01495760 0.08587705
v 0.07431016 0.00772434 0.08586004
v 0.07340174 0.01391666 0.08585956
v 0.07337172 0.01495760 0.08587705
v 0.07340174 0.01391666 0.08585956
v 0.07180117 0.02122380 0.08587546
v 0.06997587 0.02697383 0.08601245
v 0.07196434 0.02110314 0.08601243
v 0.07180117 0.02122380 0.08587546
v 0.06997587 0.02697383 0.08601245
v 0.07180117 0.02122380 0.08587546
v 0.06982635 0.02705305 0.08588089
v 0.04870945 0.05702137 0.08600995
v 0.05326049 0.05279713 0.08601273
v 0.05315246 0.05275616 0.08588024
v 0.05315246 0.05275616 0.08588024
v 0.05326049 0.05279713 0.08601273
v 0.05733178 0.04819074 0.08588487
v 0.05315246 0.05275616 0.08588024
v 0.04861852 0.05696866 0.08588427
v 0.04870945 0.05702137 0.08600995
v 0.04870945 0.05702137 0.08600995
v 0.04861852 0.05696866 0.08588427
v 0.04383707 0.06084929 0.08601444
v 0.04375160 0.06079357 0.08588884
v 0.04383707 0.06084929 0.08601444
v 0.04375160 0.06079357 0.08588884
v 0.03865971 0.06426099 0.08600996
v 0.04375160 0.06079357 0.08588884
v 0.03857790 0.06419412 0.08588398
v 0.03865971 0.06426099 0.08600996
v 0.04861852 0.05696866 0.08588427
v 0.04397609 0.06039518 0.08585967
v 0.04375160 0.06079357 0.08588884
v 0.03323749 0.06722416 0.08599665
v 0.03865971 0.06426099 0.08600996
v 0.03857790 0.06419412 0.08588398
v 0.03323749 0.06722416 0.08599665
v 0.03857790 0.06419412 0.08588398
v 0.03316028 0.06713009 0.08587817
v 0.04375160 0.06079357 0.08588884
v 0.04397609 0.06039518 0.08585967
v 0.03857790 0.06419412 0.08588398
v 0.02754807 0.06975181 0.08601245
v 0.03323749 0.06722416 0.08599665
v 0.02747760 0.06966919 0.08588227
v 0.02747760 0.06966919 0.08588227
v 0.03323749 0.06722416 0.08599665
v 0.03316028 0.06713009 0.08587817
v 0.02170160 0.07178502 0.08600995
v 0.02754807 0.06975181 0.08601245
v 0.02747760 0.06966919 0.08588227
v 0.02170160 0.07178502 0.08600995
v 0.02747760 0.06966919 0.08588227
v 0.02164058 0.07169959 0.08588399
v -0.00893547 0.07445404 0.08597993
v -0.00895531 0.07445897 0.09717954
v -0.00280490 0.07493272 0.08598085
v -0.00272912 0.07494872 0.09717243
v -0.00280490 0.07493272 0.08598085
v -0.00272912 0.07494872 0.09717243
v -0.00000002 0.07499903 0.08606849
v -0.00000002 0.07499903 0.08606849
v -0.00272912 0.07494872 0.09717243
v 0.00342856 0.07490679 0.08598109
v 0.00342856 0.07490679 0.08598109
v -0.00272912 0.07494872 0.09717243
v 0.00341575 0.07491687 0.09718180
v 0.00342856 0.07490679 0.08598109
v 0.00341575 0.07491687 0.09718180
v 0.00958862 0.07437889 0.08601223
v 0.00958213 0.07438094 0.09717931
v 0.00958862 0.07437889 0.08601223
v 0.00958213 0.07438094 0.09717931
v 0.01571064 0.07333071 0.08601274
v 0.01570006 0.07333289 0.09718179
v 0.01571064 0.07333071 0.08601274
v 0.01570006 0.07333289 0.09718179
v 0.02169414 0.07178930 0.09717931
v 0.02170160 0.07178502 0.08600995
v 0.02170160 0.07178502 0.08600995
v 0.02169414 0.07178930 0.09717931
v 0.02754807 0.06975181 0.08601245
v 0.02754835 0.06975264 0.09717929
v 0.02754807 0.06975181 0.08601245
v 0.02754835 0.06975264 0.09717929
v 0.03323749 0.06722416 0.08599665
v 0.03322811 0.06723265 0.09717951
v 0.03323749 0.06722416 0.08599665
v 0.03322811 0.06723265 0.09717951
v 0.03865971 0.06426099 0.08600996
v 0.03866057 0.06426167 0.09718182
v 0.03865971 0.06426099 0.08600996
v 0.03866057 0.06426167 0.09718182
v 0.04383707 0.06084929 0.08601444
v 0.04383707 0.06084929 0.08601444
v 0.03866057 0.06426167 0.09718182
v 0.04382865 0.06085548 0.09717931
v 0.04383707 0.06084929 0.08601444
v 0.04382865 0.06085548 0.09717931
v 0.04870431 0.05702833 0.09717929
v 0.04870945 0.05702137 0.08600995
v 0.04870945 0.05702137 0.08600995
v 0.04870431 0.05702833 0.09717929
v 0.05326049 0.05279713 0.08601273
v 0.05325289 0.05280466 0.09718183
v 0.05326049 0.05279713 0.08601273
v 0.05325289 0.05280466 0.09718183
v 0.05742663 0.04823403 0.09717929
v 0.05743853 0.04821858 0.08601272
v 0.05743853 0.04821858 0.08601272
v 0.05742663 0.04823403 0.09717929
v 0.06121361 0.04332705 0.09717929
v 0.06121689 0.04331905 0.08600996
v 0.06121689 0.04331905 0.08600996
v 0.06121361 0.04332705 0.09717929
v 0.06459537 0.03808833 0.08598024
v 0.06459025 0.03811083 0.09717954
v 0.06459537 0.03808833 0.08598024
v 0.06459025 0.03811083 0.09717954
v 0.06750358 0.03265148 0.08597634
v 0.06751314 0.03265241 0.09718182
v 0.06750358 0.03265148 0.08597634
v 0.06751314 0.03265241 0.09718182
v 0.06997587 0.02697383 0.08601245
v 0.06996020 0.02699284 0.09722343
v 0.06997587 0.02697383 0.08601245
v 0.06996020 0.02699284 0.09722343
v 0.07196434 0.02110314 0.08601243
v 0.07195032 0.02112338 0.09722341
v 0.07196434 0.02110314 0.08601243
v 0.07195032 0.02112338 0.09722341
v 0.07346520 0.01506925 0.08601273
v 0.07345306 0.01507355 0.09722742
v 0.07346520 0.01506925 0.08601273
v 0.07345306 0.01507355 0.09722742
v 0.07445717 0.00897054 0.09717929
v 0.07444796 0.00896402 0.08597632
v 0.07444796 0.00896402 0.08597632
v 0.07445717 0.00897054 0.09717929
v 0.07493562 0.00281193 0.08597982
v 0.07494364 0.00279127 0.09717931
v 0.07493562 0.00281193 0.08597982
v 0.07494364 0.00279127 0.09717931
v 0.07491647 -0.00342649 0.08601275
v 0.07491744 -0.00342236 0.09717954
v 0.07491647 -0.00342649 0.08601275
v 0.07491744 -0.00342236 0.09717954
v 0.07437764 -0.00960134 0.08601275
v 0.07437890 -0.00959072 0.09718182
v 0.07437764 -0.00960134 0.08601275
v 0.07437890 -0.00959072 0.09718182
v 0.07333562 -0.01569169 0.09717928
v 0.07333195 -0.01569955 0.08600998
v 0.07333195 -0.01569955 0.08600998
v 0.07333562 -0.01569169 0.09717928
v 0.07178847 -0.02169391 0.08601246
v 0.07178930 -0.02169413 0.09717931
v 0.07178847 -0.02169391 0.08601246
v 0.07178930 -0.02169413 0.09717931
v 0.06974772 -0.02755546 0.08600995
v 0.06974855 -0.02755616 0.09718181
v 0.06974772 -0.02755546 0.08600995
v 0.06974855 -0.02755616 0.09718181
v 0.06724607 -0.03317391 0.08596306
v 0.06723948 -0.03321435 0.09717927
v 0.06724607 -0.03317391 0.08596306
v 0.06723948 -0.03321435 0.09717927
v 0.06427692 -0.03861374 0.08596306
v 0.06426700 -0.03865349 0.09717930
v 0.06427692 -0.03861374 0.08596306
v 0.06426700 -0.03865349 0.09717930
v 0.06084341 -0.04384400 0.08601272
v 0.06084341 -0.04384400 0.08601272
v 0.06426700 -0.03865349 0.09717930
v 0.06084645 -0.04384111 0.09717954
v 0.06084341 -0.04384400 0.08601272
v 0.06084645 -0.04384111 0.09717954
v 0.05702137 -0.04870944 0.08600996
v 0.05701833 -0.04871595 0.09717954
v 0.05702137 -0.04870944 0.08600996
v 0.05701833 -0.04871595 0.09717954
v 0.05281087 -0.05324679 0.08601246
v 0.05280468 -0.05325286 0.09718183
v 0.05281087 -0.05324679 0.08601246
v 0.05280468 -0.05325286 0.09718183
v 0.04821860 -0.05743852 0.08601273
v 0.04822225 -0.05743646 0.09717953
v 0.04821860 -0.05743852 0.08601273
v 0.04822225 -0.05743646 0.09717953
v 0.04331065 -0.06122421 0.08601273
v 0.04331449 -0.06122246 0.09717954
v 0.04331065 -0.06122421 0.08601273
v 0.04331449 -0.06122246 0.09717954
v 0.03811512 -0.06456960 0.08595924
v 0.03811606 -0.06458613 0.09718181
v 0.03811512 -0.06456960 0.08595924
v 0.03811606 -0.06458613 0.09718181
v 0.03269075 -0.06748227 0.08596306
v 0.03266072 -0.06751012 0.09717930
v 0.03269075 -0.06748227 0.08596306
v 0.03266072 -0.06751012 0.09717930
v 0.02696563 -0.06997787 0.08600996
v 0.02695983 -0.06998216 0.09717954
v 0.02696563 -0.06997787 0.08600996
v 0.02695983 -0.06998216 0.09717954
v 0.02109336 -0.07196802 0.08601443
v 0.02108868 -0.07196945 0.09717954
v 0.02109336 -0.07196802 0.08601443
v 0.02108868 -0.07196945 0.09717954
v 0.01507988 -0.07346186 0.08600996
v 0.01507973 -0.07346296 0.09718179
v 0.01507988 -0.07346186 0.08600996
v 0.01507973 -0.07346296 0.09718179
v 0.00895112 -0.07445867 0.08601273
v 0.00895530 -0.07445896 0.09717954
v 0.00895112 -0.07445867 0.08601273
v 0.00895530 -0.07445896 0.09717954
v 0.00278278 -0.07494200 0.08600995
v 0.00277594 -0.07494417 0.09717954
v 0.00278278 -0.07494200 0.08600995
v 0.00277594 -0.07494417 0.09717954
v -0.00340710 -0.07491731 0.08601247
v -0.00340710 -0.07491731 0.08601247
v 0.00277594 -0.07494417 0.09717954
v -0.00342316 -0.07490004 0.09724285
v -0.00340710 -0.07491731 0.08601247
v -0.00342316 -0.07490004 0.09724285
v -0.00958205 -0.07438006 0.08601246
v -0.00958205 -0.07438006 0.08601246
v -0.00342316 -0.07490004 0.09724285
v -0.00958214 -0.07438093 0.09717930
v -0.00958205 -0.07438006 0.08601246
v -0.00958214 -0.07438093 0.09717930
v -0.01571065 -0.07333071 0.08601275
v -0.01573225 -0.07331785 0.09722381
v -0.01571065 -0.07333071 0.08601275
v -0.01573225 -0.07331785 0.09722381
v -0.02170160 -0.07178501 0.08600996
v -0.02170299 -0.07177426 0.09722741
v -0.02170160 -0.07178501 0.08600996
v -0.02170299 -0.07177426 0.09722741
v -0.02754805 -0.06975180 0.08601246
v -0.02754163 -0.06975298 0.09719373
v -0.02754805 -0.06975180 0.08601246
v -0.02754163 -0.06975298 0.09719373
v -0.03323152 -0.06723008 0.08601275
v -0.03323959 -0.06722129 0.09720878
v -0.03323152 -0.06723008 0.08601275
v -0.03323959 -0.06722129 0.09720878
v -0.03865971 -0.06426098 0.08600996
v -0.03865908 -0.06424334 0.09724287
v -0.03865971 -0.06426098 0.08600996
v -0.03865908 -0.06424334 0.09724287
v -0.04383707 -0.06084929 0.08601444
v -0.04379306 -0.06086482 0.09723861
v -0.04383707 -0.06084929 0.08601444
v -0.04379306 -0.06086482 0.09723861
v -0.04866964 -0.05704055 0.09723860
v -0.04870945 -0.05702136 0.08600996
v -0.04870945 -0.05702136 0.08600996
v -0.04866964 -0.05704055 0.09723860
v -0.05326049 -0.05279713 0.08601273
v -0.05324692 -0.05278729 0.09724285
v -0.05326049 -0.05279713 0.08601273
v -0.05324692 -0.05278729 0.09724285
v -0.05739443 -0.04825182 0.09723861
v -0.05744940 -0.04818876 0.08596352
v -0.05744940 -0.04818876 0.08596352
v -0.05739443 -0.04825182 0.09723861
v -0.06118300 -0.04334743 0.09723860
v -0.06121689 -0.04331904 0.08600996
v -0.06121689 -0.04331904 0.08600996
v -0.06118300 -0.04334743 0.09723860
v -0.06459167 -0.03810686 0.08601275
v -0.06460164 -0.03806494 0.09723903
v -0.06459167 -0.03810686 0.08601275
v -0.06460164 -0.03806494 0.09723903
v -0.06751207 -0.03265222 0.08600998
v -0.06750187 -0.03263787 0.09724286
v -0.06751207 -0.03265222 0.08600998
v -0.06750187 -0.03263787 0.09724286
v -0.06997587 -0.02697383 0.08601246
v -0.06995199 -0.02700146 0.09723861
v -0.06997587 -0.02697383 0.08601246
v -0.06995199 -0.02700146 0.09723861
v -0.07196434 -0.02110314 0.08601243
v -0.07194283 -0.02113266 0.09723860
v -0.07196434 -0.02110314 0.08601243
v -0.07194283 -0.02113266 0.09723860
v -0.07346186 -0.01507988 0.08600996
v -0.07344845 -0.01506843 0.09724285
v -0.07346186 -0.01507988 0.08600996
v -0.07344845 -0.01506843 0.09724285
v -0.07445630 -0.00897044 0.08601244
v -0.07445861 -0.00896349 0.09717774
v -0.07445630 -0.00897044 0.08601244
v -0.07445861 -0.00896349 0.09717774
v -0.07493562 -0.00281191 0.08597982
v -0.07492690 -0.00277372 0.09724285
v -0.07493562 -0.00281191 0.08597982
v -0.07492690 -0.00277372 0.09724285
v -0.07490943 0.00344404 0.08598024
v -0.07491744 0.00342241 0.09717954
v -0.07490943 0.00344404 0.08598024
v -0.07491744 0.00342241 0.09717954
v -0.07436915 0.00961827 0.08598024
v -0.07436152 0.00959670 0.09724285
v -0.07436915 0.00961827 0.08598024
v -0.07436152 0.00959670 0.09724285
v -0.07333562 0.01569170 0.09717928
v -0.07332477 0.01569493 0.08597635
v -0.07332477 0.01569493 0.08597635
v -0.07333562 0.01569170 0.09717928
v -0.07178843 0.02167195 0.08597982
v -0.07178930 0.02169414 0.09717931
v -0.07178843 0.02167195 0.08597982
v -0.07178930 0.02169414 0.09717931
v -0.06974144 0.02754972 0.08597634
v -0.06973025 0.02755768 0.09724285
v -0.06974144 0.02754972 0.08597634
v -0.06973025 0.02755768 0.09724285
v -0.06724607 0.03317392 0.08596305
v -0.06724607 0.03317392 0.08596305
v -0.06973025 0.02755768 0.09724285
v -0.06723948 0.03321436 0.09717926
v -0.06724607 0.03317392 0.08596305
v -0.06723948 0.03321436 0.09717926
v -0.06427692 0.03861374 0.08596305
v -0.06426700 0.03865350 0.09717929
v -0.06427692 0.03861374 0.08596305
v -0.06426700 0.03865350 0.09717929
v -0.06082793 0.04385483 0.08598024
v -0.06082793 0.04385483 0.08598024
v -0.06426700 0.03865350 0.09717929
v -0.06082294 0.04385864 0.09722380
v -0.06082793 0.04385483 0.08598024
v -0.06082294 0.04385864 0.09722380
v -0.05701728 0.04870199 0.08597633
v -0.05699342 0.04873151 0.09722380
v -0.05701728 0.04870199 0.08597633
v -0.05699342 0.04873151 0.09722380
v -0.05282133 0.05322744 0.08597982
v -0.05279408 0.05324799 0.09722742
v -0.05282133 0.05322744 0.08597982
v -0.05279408 0.05324799 0.09722742
v -0.04821859 0.05743853 0.08601273
v -0.04822226 0.05743647 0.09717954
v -0.04821859 0.05743853 0.08601273
v -0.04822226 0.05743647 0.09717954
v -0.04331067 0.06122422 0.08601273
v -0.04331450 0.06122245 0.09717954
v -0.04331067 0.06122422 0.08601273
v -0.04331450 0.06122245 0.09717954
v -0.03811479 0.06458170 0.08599328
v -0.03810696 0.06457883 0.09722740
v -0.03811479 0.06458170 0.08599328
v -0.03810696 0.06457883 0.09722740
v -0.03267643 0.06749448 0.08597983
v -0.03267793 0.06749220 0.09722343
v -0.03267643 0.06749448 0.08597983
v -0.03267793 0.06749220 0.09722343
v -0.02696563 0.06997788 0.08600995
v -0.02693051 0.06998399 0.09722382
v -0.02696563 0.06997788 0.08600995
v -0.02693051 0.06998399 0.09722382
v -0.02109336 0.07196803 0.08601443
v -0.02108778 0.07195742 0.09722740
v -0.02109336 0.07196803 0.08601443
v -0.02108778 0.07195742 0.09722740
v -0.01508850 0.07346209 0.09717928
v -0.01507988 0.07346187 0.08600996
v -0.01507988 0.07346187 0.08600996
v -0.01508850 0.07346209 0.09717928
v -0.00893547 0.07445404 0.08597993
v -0.00895531 0.07445897 0.09717954
v 0.07484454 0.00272528 0.09731619
v 0.07491744 -0.00342236 0.09717954
v 0.07494364 0.00279127 0.09717931
v -0.00892555 0.07436350 0.09731317
v -0.00272912 0.07494872 0.09717243
v -0.00895531 0.07445897 0.09717954
v 0.07436385 0.00889652 0.09731622
v 0.07484454 0.00272528 0.09731619
v 0.07494364 0.00279127 0.09717931
v 0.07436385 0.00889652 0.09731622
v 0.07494364 0.00279127 0.09717931
v 0.07445717 0.00897054 0.09717929
v -0.01502090 0.07337598 0.09731364
v -0.00892555 0.07436350 0.09731317
v -0.00895531 0.07445897 0.09717954
v -0.01502090 0.07337598 0.09731364
v -0.00895531 0.07445897 0.09717954
v -0.01508850 0.07346209 0.09717928
v 0.07345306 0.01507355 0.09722742
v 0.07436385 0.00889652 0.09731622
v 0.07445717 0.00897054 0.09717929
v -0.02754697 -0.06963346 0.09731647
v -0.03323959 -0.06722129 0.09720878
v -0.02754163 -0.06975298 0.09719373
v -0.02108778 0.07195742 0.09722740
v -0.01502090 0.07337598 0.09731364
v -0.01508850 0.07346209 0.09717928
v 0.07187511 0.02092634 0.09732311
v 0.07345306 0.01507355 0.09722742
v 0.07195032 0.02112338 0.09722341
v -0.02218992 -0.07148652 0.09732739
v -0.02754697 -0.06963346 0.09731647
v -0.02170299 -0.07177426 0.09722741
v -0.02170299 -0.07177426 0.09722741
v -0.02754697 -0.06963346 0.09731647
v -0.02754163 -0.06975298 0.09719373
v -0.02686974 0.06986464 0.09732333
v -0.02108778 0.07195742 0.09722740
v -0.02693051 0.06998399 0.09722382
v 0.06993699 0.02667461 0.09732504
v 0.07187511 0.02092634 0.09732311
v 0.07195032 0.02112338 0.09722341
v 0.06993699 0.02667461 0.09732504
v 0.07195032 0.02112338 0.09722341
v 0.06996020 0.02699284 0.09722343
v -0.01581478 -0.07317030 0.09732295
v -0.02218992 -0.07148652 0.09732739
v -0.02170299 -0.07177426 0.09722741
v -0.01581478 -0.07317030 0.09732295
v -0.02170299 -0.07177426 0.09722741
v -0.01573225 -0.07331785 0.09722381
v -0.03251823 0.06741683 0.09732400
v -0.02686974 0.06986464 0.09732333
v -0.02693051 0.06998399 0.09722382
v -0.03267793 0.06749220 0.09722343
v -0.03794710 0.06450875 0.09732574
v -0.03251823 0.06741683 0.09732400
v -0.03267793 0.06749220 0.09722343
v -0.03794710 0.06450875 0.09732574
v -0.03267793 0.06749220 0.09722343
v -0.03810696 0.06457883 0.09722740
v 0.03322811 0.06723265 0.09717951
v 0.02754835 0.06975264 0.09717929
v 0.02754709 0.06964718 0.09731428
v 0.03322811 0.06723265 0.09717951
v 0.02754709 0.06964718 0.09731428
v 0.03321160 0.06712867 0.09731596
v 0.04382865 0.06085548 0.09717931
v 0.03866057 0.06426167 0.09718182
v 0.03864013 0.06416334 0.09731187
v 0.04382865 0.06085548 0.09717931
v 0.03864013 0.06416334 0.09731187
v 0.04380881 0.06074569 0.09731602
v 0.05325289 0.05280466 0.09718183
v 0.04870431 0.05702833 0.09717929
v 0.04867425 0.05692873 0.09731145
v 0.05325289 0.05280466 0.09718183
v 0.04867425 0.05692873 0.09731145
v 0.05320632 0.05270980 0.09731516
v 0.06121361 0.04332705 0.09717929
v 0.05742663 0.04823403 0.09717929
v 0.05737872 0.04814437 0.09731055
v 0.06121361 0.04332705 0.09717929
v 0.05737872 0.04814437 0.09731055
v 0.06114998 0.04324804 0.09731284
v 0.06751314 0.03265241 0.09718182
v 0.06459025 0.03811083 0.09717954
v 0.06450043 0.03806695 0.09731277
v 0.06751314 0.03265241 0.09718182
v 0.06450043 0.03806695 0.09731277
v 0.06738715 0.03266927 0.09731564
v 0.07437890 -0.00959072 0.09718182
v 0.07491744 -0.00342236 0.09717954
v 0.07481394 -0.00346465 0.09731620
v 0.07481394 -0.00346465 0.09731620
v 0.07491744 -0.00342236 0.09717954
v 0.07484454 0.00272528 0.09731619
v 0.07436385 0.00889652 0.09731622
v 0.07345306 0.01507355 0.09722742
v 0.07335765 0.01491968 0.09732310
v 0.07335765 0.01491968 0.09732310
v 0.07345306 0.01507355 0.09722742
v 0.07187511 0.02092634 0.09732311
v 0.07333562 -0.01569169 0.09717928
v 0.07437890 -0.00959072 0.09718182
v 0.07427229 -0.00963105 0.09731620
v 0.07427229 -0.00963105 0.09731620
v 0.07437890 -0.00959072 0.09718182
v 0.07481394 -0.00346465 0.09731620
v 0.07178930 -0.02169413 0.09717931
v 0.07333562 -0.01569169 0.09717928
v 0.07322331 -0.01573136 0.09731620
v 0.07322331 -0.01573136 0.09731620
v 0.07333562 -0.01569169 0.09717928
v 0.07427229 -0.00963105 0.09731620
v 0.06974855 -0.02755616 0.09718181
v 0.07178930 -0.02169413 0.09717931
v 0.07167406 -0.02172455 0.09731622
v 0.07167406 -0.02172455 0.09731622
v 0.07178930 -0.02169413 0.09717931
v 0.07322331 -0.01573136 0.09731620
v 0.06723948 -0.03321435 0.09717927
v 0.06974855 -0.02755616 0.09718181
v 0.06963524 -0.02756919 0.09731623
v 0.06963524 -0.02756919 0.09731623
v 0.06974855 -0.02755616 0.09718181
v 0.07167406 -0.02172455 0.09731622
v 0.06426700 -0.03865349 0.09717930
v 0.06723948 -0.03321435 0.09717927
v 0.06712067 -0.03322551 0.09731626
v 0.06712067 -0.03322551 0.09731626
v 0.06723948 -0.03321435 0.09717927
v 0.06963524 -0.02756919 0.09731623
v 0.06084645 -0.04384111 0.09717954
v 0.06426700 -0.03865349 0.09717930
v 0.06413227 -0.03867447 0.09731836
v 0.06413227 -0.03867447 0.09731836
v 0.06426700 -0.03865349 0.09717930
v 0.06712067 -0.03322551 0.09731626
v 0.05701833 -0.04871595 0.09717954
v 0.06084645 -0.04384111 0.09717954
v 0.06073626 -0.04382028 0.09731632
v 0.06073626 -0.04382028 0.09731632
v 0.06084645 -0.04384111 0.09717954
v 0.06413227 -0.03867447 0.09731836
v 0.05280468 -0.05325286 0.09718183
v 0.05701833 -0.04871595 0.09717954
v 0.05688824 -0.04870699 0.09731855
v 0.05688824 -0.04870699 0.09731855
v 0.05701833 -0.04871595 0.09717954
v 0.06073626 -0.04382028 0.09731632
v 0.04822225 -0.05743646 0.09717953
v 0.05280468 -0.05325286 0.09718183
v 0.05266953 -0.05324050 0.09731867
v 0.05266953 -0.05324050 0.09731867
v 0.05280468 -0.05325286 0.09718183
v 0.05688824 -0.04870699 0.09731855
v 0.04331449 -0.06122246 0.09717954
v 0.04822225 -0.05743646 0.09717953
v 0.04809068 -0.05740997 0.09731878
v 0.04809068 -0.05740997 0.09731878
v 0.04822225 -0.05743646 0.09717953
v 0.05266953 -0.05324050 0.09731867
v 0.03811606 -0.06458613 0.09718181
v 0.04331449 -0.06122246 0.09717954
v 0.04318284 -0.06118700 0.09731890
v 0.04318284 -0.06118700 0.09731890
v 0.04331449 -0.06122246 0.09717954
v 0.04809068 -0.05740997 0.09731878
v 0.03266072 -0.06751012 0.09717930
v 0.03811606 -0.06458613 0.09718181
v 0.03797964 -0.06454565 0.09731903
v 0.03797964 -0.06454565 0.09731903
v 0.03811606 -0.06458613 0.09718181
v 0.04318284 -0.06118700 0.09731890
v 0.02695983 -0.06998216 0.09717954
v 0.03266072 -0.06751012 0.09717930
v 0.03251664 -0.06746294 0.09731916
v 0.03251664 -0.06746294 0.09731916
v 0.03266072 -0.06751012 0.09717930
v 0.03797964 -0.06454565 0.09731903
v 0.02108868 -0.07196945 0.09717954
v 0.02695983 -0.06998216 0.09717954
v 0.02683110 -0.06991894 0.09731930
v 0.02683110 -0.06991894 0.09731930
v 0.02695983 -0.06998216 0.09717954
v 0.03251664 -0.06746294 0.09731916
v 0.01507973 -0.07346296 0.09718179
v 0.02108868 -0.07196945 0.09717954
v 0.02100367 -0.07188538 0.09731901
v 0.02100367 -0.07188538 0.09731901
v 0.02108868 -0.07196945 0.09717954
v 0.02683110 -0.06991894 0.09731930
v 0.00895530 -0.07445896 0.09717954
v 0.01507973 -0.07346296 0.09718179
v 0.01499475 -0.07337446 0.09731907
v 0.01499475 -0.07337446 0.09731907
v 0.01507973 -0.07346296 0.09718179
v 0.02100367 -0.07188538 0.09731901
v 0.00277594 -0.07494417 0.09717954
v 0.00895530 -0.07445896 0.09717954
v 0.00883414 -0.07436718 0.09731973
v 0.00883414 -0.07436718 0.09731973
v 0.00895530 -0.07445896 0.09717954
v 0.01499475 -0.07337446 0.09731907
v 0.00883414 -0.07436718 0.09731973
v 0.00265846 -0.07484274 0.09731988
v 0.00277594 -0.07494417 0.09717954
v 0.00277594 -0.07494417 0.09717954
v 0.00265846 -0.07484274 0.09731988
v -0.00342316 -0.07490004 0.09724285
v -0.00342316 -0.07490004 0.09724285
v -0.00967154 -0.07426007 0.09732255
v -0.00958214 -0.07438093 0.09717930
v 0.00265846 -0.07484274 0.09731988
v -0.00436519 -0.07472213 0.09732432
v -0.00342316 -0.07490004 0.09724285
v -0.00342316 -0.07490004 0.09724285
v -0.00436519 -0.07472213 0.09732432
v -0.00967154 -0.07426007 0.09732255
v -0.03865908 -0.06424334 0.09724287
v -0.03323959 -0.06722129 0.09720878
v -0.03301720 -0.06719123 0.09732295
v -0.03301720 -0.06719123 0.09732295
v -0.03323959 -0.06722129 0.09720878
v -0.02754697 -0.06963346 0.09731647
v -0.04379306 -0.06086482 0.09723861
v -0.03865908 -0.06424334 0.09724287
v -0.03787001 -0.06456452 0.09732377
v -0.03787001 -0.06456452 0.09732377
v -0.03865908 -0.06424334 0.09724287
v -0.03301720 -0.06719123 0.09732295
v -0.04866964 -0.05704055 0.09723860
v -0.04379306 -0.06086482 0.09723861
v -0.04308866 -0.06120482 0.09732373
v -0.04308866 -0.06120482 0.09732373
v -0.04379306 -0.06086482 0.09723861
v -0.03787001 -0.06456452 0.09732377
v -0.05324692 -0.05278729 0.09724285
v -0.04866964 -0.05704055 0.09723860
v -0.04800989 -0.05742534 0.09732369
v -0.04800989 -0.05742534 0.09732369
v -0.04866964 -0.05704055 0.09723860
v -0.04308866 -0.06120482 0.09732373
v -0.05739443 -0.04825182 0.09723861
v -0.05324692 -0.05278729 0.09724285
v -0.05260031 -0.05325207 0.09732366
v -0.05260031 -0.05325207 0.09732366
v -0.05324692 -0.05278729 0.09724285
v -0.04800989 -0.05742534 0.09732369
v -0.06118300 -0.04334743 0.09723860
v -0.05739443 -0.04825182 0.09723861
v -0.05682887 -0.04871363 0.09732362
v -0.05682887 -0.04871363 0.09732362
v -0.05739443 -0.04825182 0.09723861
v -0.05260031 -0.05325207 0.09732366
v -0.06460164 -0.03806494 0.09723903
v -0.06118300 -0.04334743 0.09723860
v -0.06066676 -0.04384116 0.09732359
v -0.06066676 -0.04384116 0.09732359
v -0.06118300 -0.04334743 0.09723860
v -0.05682887 -0.04871363 0.09732362
v -0.06750187 -0.03263787 0.09724286
v -0.06460164 -0.03806494 0.09723903
v -0.06408769 -0.03866830 0.09732354
v -0.06408769 -0.03866830 0.09732354
v -0.06460164 -0.03806494 0.09723903
v -0.06066676 -0.04384116 0.09732359
v -0.07492690 -0.00277372 0.09724285
v -0.07445861 -0.00896349 0.09717774
v -0.07435363 -0.00895858 0.09731767
v -0.07435363 -0.00895858 0.09731767
v -0.07445861 -0.00896349 0.09717774
v -0.07344845 -0.01506843 0.09724285
v -0.06995199 -0.02700146 0.09723861
v -0.06750187 -0.03263787 0.09724286
v -0.06706850 -0.03323034 0.09732353
v -0.06706850 -0.03323034 0.09732353
v -0.06750187 -0.03263787 0.09724286
v -0.06408769 -0.03866830 0.09732354
v -0.07194283 -0.02113266 0.09723860
v -0.06995199 -0.02700146 0.09723861
v -0.06958871 -0.02756485 0.09732350
v -0.06958871 -0.02756485 0.09732350
v -0.06995199 -0.02700146 0.09723861
v -0.06706850 -0.03323034 0.09732353
v -0.07436152 0.00959670 0.09724285
v -0.07491744 0.00342241 0.09717954
v -0.07481407 0.00340436 0.09731754
v -0.07481407 0.00340436 0.09731754
v -0.07491744 0.00342241 0.09717954
v -0.07492690 -0.00277372 0.09724285
v -0.07344845 -0.01506843 0.09724285
v -0.07194283 -0.02113266 0.09723860
v -0.07163120 -0.02171064 0.09732347
v -0.07163120 -0.02171064 0.09732347
v -0.07194283 -0.02113266 0.09723860
v -0.06958871 -0.02756485 0.09732350
v -0.07435363 -0.00895858 0.09731767
v -0.07344845 -0.01506843 0.09724285
v -0.07318216 -0.01570756 0.09732346
v -0.07318216 -0.01570756 0.09732346
v -0.07344845 -0.01506843 0.09724285
v -0.07163120 -0.02171064 0.09732347
v -0.07178930 0.02169414 0.09717931
v -0.07333562 0.01569170 0.09717928
v -0.07323296 0.01567424 0.09731744
v -0.07323296 0.01567424 0.09731744
v -0.07333562 0.01569170 0.09717928
v -0.07436152 0.00959670 0.09724285
v -0.06973025 0.02755768 0.09724285
v -0.07178930 0.02169414 0.09717931
v -0.07168812 0.02166942 0.09731739
v -0.07168812 0.02166942 0.09731739
v -0.07481407 0.00340436 0.09731754
v -0.07492690 -0.00277372 0.09724285
v -0.07477037 -0.00342097 0.09732343
v -0.07477037 -0.00342097 0.09732343
v -0.07492690 -0.00277372 0.09724285
v -0.07435363 -0.00895858 0.09731767
v -0.06426700 0.03865350 0.09717929
v -0.06723948 0.03321436 0.09717926
v -0.06714288 0.03317517 0.09731735
v -0.06714288 0.03317517 0.09731735
v -0.06723948 0.03321436 0.09717926
v -0.06973025 0.02755768 0.09724285
v -0.07323296 0.01567424 0.09731744
v -0.07436152 0.00959670 0.09724285
v -0.07431038 0.00895814 0.09732340
v -0.07431038 0.00895814 0.09732340
v -0.07436152 0.00959670 0.09724285
v -0.07481407 0.00340436 0.09731754
v -0.06082294 0.04385864 0.09722380
v -0.06426700 0.03865350 0.09717929
v -0.06416377 0.03862844 0.09731622
v -0.06416377 0.03862844 0.09731622
v -0.07168812 0.02166942 0.09731739
v -0.06982402 0.02696030 0.09732341
v -0.06973025 0.02755768 0.09724285
v -0.06973025 0.02755768 0.09724285
v -0.06982402 0.02696030 0.09732341
v -0.06714288 0.03317517 0.09731735
v -0.06416377 0.03862844 0.09731622
v -0.06086030 0.04358161 0.09732279
v -0.06082294 0.04385864 0.09722380
v -0.06082294 0.04385864 0.09722380
v -0.06086030 0.04358161 0.09732279
v -0.05699342 0.04873151 0.09722380
v -0.05279408 0.05324799 0.09722742
v -0.04815786 0.05735490 0.09731732
v -0.04822226 0.05743647 0.09717954
v -0.06086030 0.04358161 0.09732279
v -0.05698922 0.04854264 0.09732299
v -0.05699342 0.04873151 0.09722380
v -0.05699342 0.04873151 0.09722380
v -0.05698922 0.04854264 0.09732299
v -0.05279408 0.05324799 0.09722742
v -0.05698922 0.04854264 0.09732299
v -0.05278618 0.05308279 0.09732299
v -0.05279408 0.05324799 0.09722742
v -0.05279408 0.05324799 0.09722742
v -0.05278618 0.05308279 0.09732299
v -0.04815786 0.05735490 0.09731732
v -0.04331450 0.06122245 0.09717954
v -0.04822226 0.05743647 0.09717954
v -0.04815786 0.05735490 0.09731732
v -0.04329937 0.06110537 0.09731636
v 0.02170514 0.07168601 0.09731187
v 0.02754709 0.06964718 0.09731428
v 0.02754835 0.06975264 0.09717929
v 0.02170514 0.07168601 0.09731187
v 0.02754835 0.06975264 0.09717929
v 0.02169414 0.07178930 0.09717931
v 0.03321160 0.06712867 0.09731596
v 0.03864013 0.06416334 0.09731187
v 0.03866057 0.06426167 0.09718182
v 0.03322811 0.06723265 0.09717951
v 0.04380881 0.06074569 0.09731602
v 0.04867425 0.05692873 0.09731145
v 0.04870431 0.05702833 0.09717929
v 0.04380881 0.06074569 0.09731602
v 0.04870431 0.05702833 0.09717929
v 0.04382865 0.06085548 0.09717931
v 0.05320632 0.05270980 0.09731516
v 0.05737872 0.04814437 0.09731055
v 0.05742663 0.04823403 0.09717929
v 0.05320632 0.05270980 0.09731516
v 0.05742663 0.04823403 0.09717929
v 0.05325289 0.05280466 0.09718183
v 0.06114998 0.04324804 0.09731284
v 0.06450043 0.03806695 0.09731277
v 0.06459025 0.03811083 0.09717954
v 0.06114998 0.04324804 0.09731284
v 0.06459025 0.03811083 0.09717954
v 0.06121361 0.04332705 0.09717929
v 0.06738715 0.03266927 0.09731564
v 0.06993699 0.02667461 0.09732504
v 0.06996020 0.02699284 0.09722343
v 0.06738715 0.03266927 0.09731564
v 0.06996020 0.02699284 0.09722343
v 0.06751314 0.03265241 0.09718182
v 0.06738715 0.03266927 0.09731564
v 0.06997169 0.02604675 0.09734779
v 0.06993699 0.02667461 0.09732504
v 0.06993699 0.02667461 0.09732504
v 0.06997169 0.02604675 0.09734779
v 0.07190674 0.02010171 0.09734689
v 0.06993699 0.02667461 0.09732504
v 0.07190674 0.02010171 0.09734689
v 0.07187511 0.02092634 0.09732311
v 0.07187511 0.02092634 0.09732311
v 0.07190674 0.02010171 0.09734689
v 0.07333661 0.01401426 0.09734689
v 0.07187511 0.02092634 0.09732311
v 0.07333661 0.01401426 0.09734689
v 0.07335765 0.01491968 0.09732310
v 0.07335765 0.01491968 0.09732310
v 0.07333661 0.01401426 0.09734689
v 0.07430020 0.00782588 0.09733727
v 0.07335765 0.01491968 0.09732310
v 0.07430020 0.00782588 0.09733727
v 0.07436385 0.00889652 0.09731622
v 0.07436385 0.00889652 0.09731622
v 0.07430020 0.00782588 0.09733727
v 0.07469450 0.00158138 0.09733727
v 0.07469450 0.00158138 0.09733727
v 0.07484454 0.00272528 0.09731619
v 0.07484454 0.00272528 0.09731619
v 0.07469450 0.00158138 0.09733727
v 0.07456491 -0.00467424 0.09733727
v 0.07484454 0.00272528 0.09731619
v 0.07456491 -0.00467424 0.09733727
v 0.07481394 -0.00346465 0.09731620
v 0.07481394 -0.00346465 0.09731620
v 0.07456491 -0.00467424 0.09733727
v 0.07391234 -0.01089696 0.09733725
v 0.07481394 -0.00346465 0.09731620
v 0.07391234 -0.01089696 0.09733725
v 0.07427229 -0.00963105 0.09731620
v 0.07427229 -0.00963105 0.09731620
v 0.07391234 -0.01089696 0.09733725
v 0.07269654 -0.01702572 0.09734690
v 0.07427229 -0.00963105 0.09731620
v 0.07269654 -0.01702572 0.09734690
v 0.07322331 -0.01573136 0.09731620
v 0.07322331 -0.01573136 0.09731620
v 0.07269654 -0.01702572 0.09734690
v 0.07106023 -0.02307003 0.09733725
v 0.07322331 -0.01573136 0.09731620
v 0.07106023 -0.02307003 0.09733725
v 0.07167406 -0.02172455 0.09731622
v 0.07167406 -0.02172455 0.09731622
v 0.07106023 -0.02307003 0.09733725
v 0.06883923 -0.02891061 0.09734690
v 0.07167406 -0.02172455 0.09731622
v 0.06883923 -0.02891061 0.09734690
v 0.06963524 -0.02756919 0.09731623
v 0.06963524 -0.02756919 0.09731623
v 0.06883923 -0.02891061 0.09734690
v 0.06615774 -0.03455641 0.09735385
v 0.06963524 -0.02756919 0.09731623
v 0.06615774 -0.03455641 0.09735385
v 0.06712067 -0.03322551 0.09731626
v 0.06712067 -0.03322551 0.09731626
v 0.06615774 -0.03455641 0.09735385
v 0.06413227 -0.03867447 0.09731836
v 0.06413227 -0.03867447 0.09731836
v 0.05946840 -0.04510548 0.09735382
v 0.06073626 -0.04382028 0.09731632
v 0.06073626 -0.04382028 0.09731632
v 0.05946840 -0.04510548 0.09735382
v 0.05688824 -0.04870699 0.09731855
v -0.01573225 -0.07331785 0.09722381
v -0.00958214 -0.07438093 0.09717930
v -0.00967154 -0.07426007 0.09732255
v -0.01573225 -0.07331785 0.09722381
v -0.00967154 -0.07426007 0.09732255
v -0.01581478 -0.07317030 0.09732295
v -0.01581478 -0.07317030 0.09732295
v -0.00967154 -0.07426007 0.09732255
v -0.01851931 -0.07230476 0.09735412
v -0.01581478 -0.07317030 0.09732295
v -0.01851931 -0.07230476 0.09735412
v -0.02218992 -0.07148652 0.09732739
v -0.02754697 -0.06963346 0.09731647
v -0.02218992 -0.07148652 0.09732739
v -0.03301720 -0.06719123 0.09732295
v -0.06416377 0.03862844 0.09731622
v -0.06714288 0.03317517 0.09731735
v -0.06473165 0.03735001 0.09733424
v -0.06416377 0.03862844 0.09731622
v -0.06473165 0.03735001 0.09733424
v -0.06086030 0.04358161 0.09732279
v -0.05698922 0.04854264 0.09732299
v -0.06086030 0.04358161 0.09732279
v -0.05758524 0.04759929 0.09733734
v -0.05698922 0.04854264 0.09732299
v -0.05758524 0.04759929 0.09733734
v -0.05278618 0.05308279 0.09732299
v -0.05278618 0.05308279 0.09732299
v -0.05758524 0.04759929 0.09733734
v -0.05335807 0.05219102 0.09735392
v -0.05278618 0.05308279 0.09732299
v -0.05335807 0.05219102 0.09735392
v -0.04815786 0.05735490 0.09731732
v -0.04329937 0.06110537 0.09731636
v -0.04815786 0.05735490 0.09731732
v -0.04391715 0.06038005 0.09734786
v -0.04329937 0.06110537 0.09731636
v -0.04391715 0.06038005 0.09734786
v -0.03794710 0.06450875 0.09732574
v -0.03810696 0.06457883 0.09722740
v -0.04331450 0.06122245 0.09717954
v -0.04329937 0.06110537 0.09731636
v -0.03810696 0.06457883 0.09722740
v -0.04329937 0.06110537 0.09731636
v -0.03794710 0.06450875 0.09732574
v -0.02686974 0.06986464 0.09732333
v -0.02102264 0.07184217 0.09732320
v -0.02108778 0.07195742 0.09722740
v -0.02108778 0.07195742 0.09722740
v -0.02102264 0.07184217 0.09732320
v -0.01502090 0.07337598 0.09731364
v -0.00892555 0.07436350 0.09731317
v -0.00273914 0.07484715 0.09731407
v -0.00272912 0.07494872 0.09717243
v -0.00272912 0.07494872 0.09717243
v -0.00273914 0.07484715 0.09731407
v 0.00341575 0.07491687 0.09718180
v -0.00273914 0.07484715 0.09731407
v 0.00345152 0.07481755 0.09731419
v 0.00341575 0.07491687 0.09718180
v 0.00958213 0.07438094 0.09717931
v 0.00341575 0.07491687 0.09718180
v 0.00345152 0.07481755 0.09731419
v 0.00958213 0.07438094 0.09717931
v 0.00345152 0.07481755 0.09731419
v 0.00961876 0.07427691 0.09731419
v 0.01570006 0.07333289 0.09718179
v 0.00958213 0.07438094 0.09717931
v 0.00961876 0.07427691 0.09731419
v 0.01570006 0.07333289 0.09718179
v 0.00961876 0.07427691 0.09731419
v 0.01571938 0.07322938 0.09731386
v 0.02169414 0.07178930 0.09717931
v 0.01570006 0.07333289 0.09718179
v 0.01571938 0.07322938 0.09731386
v 0.02170514 0.07168601 0.09731187
v 0.03321160 0.06712867 0.09731596
v 0.02754709 0.06964718 0.09731428
v 0.02746219 0.06941260 0.09735915
v 0.04380881 0.06074569 0.09731602
v 0.03864013 0.06416334 0.09731187
v 0.03868738 0.06389933 0.09734309
v 0.03868738 0.06389933 0.09734309
v 0.03864013 0.06416334 0.09731187
v 0.03321160 0.06712867 0.09731596
v 0.04876217 0.05652021 0.09735915
v 0.04867425 0.05692873 0.09731145
v 0.04380881 0.06074569 0.09731602
v 0.06114998 0.04324804 0.09731284
v 0.05737872 0.04814437 0.09731055
v 0.05754983 0.04762199 0.09734309
v 0.05754983 0.04762199 0.09734309
v 0.05737872 0.04814437 0.09731055
v 0.05320632 0.05270980 0.09731516
v 0.06997169 0.02604675 0.09734779
v 0.06738715 0.03266927 0.09731564
v 0.06753529 0.03180042 0.09735915
v 0.01499475 -0.07337446 0.09731907
v 0.02100367 -0.07188538 0.09731901
v 0.01858231 -0.07229785 0.09735915
v 0.01571938 0.07322938 0.09731386
v 0.01551628 0.07307085 0.09734225
v 0.02170514 0.07168601 0.09731187
v -0.04815786 0.05735490 0.09731732
v -0.05335807 0.05219102 0.09735392
v -0.04875465 0.05649533 0.09737862
v -0.04391715 0.06038005 0.09734786
v -0.04815786 0.05735490 0.09731732
v -0.04875465 0.05649533 0.09737862
v -0.03794710 0.06450875 0.09732574
v -0.04391715 0.06038005 0.09734786
v -0.03869569 0.06386476 0.09735026
v -0.03869569 0.06386476 0.09735026
v -0.04391715 0.06038005 0.09734786
v -0.03857859 0.06374356 0.09752335
v -0.03251823 0.06741683 0.09732400
v -0.03794710 0.06450875 0.09732574
v -0.03320777 0.06685453 0.09735914
v -0.03320777 0.06685453 0.09735914
v -0.03794710 0.06450875 0.09732574
v -0.03869569 0.06386476 0.09735026
v -0.03320777 0.06685453 0.09735914
v -0.03869569 0.06386476 0.09735026
v -0.03857859 0.06374356 0.09752335
v -0.03320777 0.06685453 0.09735914
v -0.03857859 0.06374356 0.09752335
v -0.03310462 0.06674508 0.09754995
v -0.02686974 0.06986464 0.09732333
v -0.03251823 0.06741683 0.09732400
v -0.02749714 0.06939877 0.09735914
v -0.02749714 0.06939877 0.09735914
v -0.03251823 0.06741683 0.09732400
v -0.03320777 0.06685453 0.09735914
v -0.02749714 0.06939877 0.09735914
v -0.03320777 0.06685453 0.09735914
v -0.02740344 0.06928112 0.09754995
v -0.02740344 0.06928112 0.09754995
v -0.03320777 0.06685453 0.09735914
v -0.03310462 0.06674508 0.09754995
v -0.02102264 0.07184217 0.09732320
v -0.02686974 0.06986464 0.09732333
v -0.02159345 0.07145631 0.09735915
v -0.02159345 0.07145631 0.09735915
v -0.02686974 0.06986464 0.09732333
v -0.02749714 0.06939877 0.09735914
v -0.02159345 0.07145631 0.09735915
v -0.02749714 0.06939877 0.09735914
v -0.02151003 0.07133120 0.09754996
v -0.02151003 0.07133120 0.09754996
v -0.02749714 0.06939877 0.09735914
v -0.02740344 0.06928112 0.09754995
v -0.01502090 0.07337598 0.09731364
v -0.02102264 0.07184217 0.09732320
v -0.01554031 0.07303809 0.09735026
v -0.01554031 0.07303809 0.09735026
v -0.02102264 0.07184217 0.09732320
v -0.02159345 0.07145631 0.09735915
v -0.01554031 0.07303809 0.09735026
v -0.02159345 0.07145631 0.09735915
v -0.01547147 0.07289839 0.09749987
v -0.01547147 0.07289839 0.09749987
v -0.02159345 0.07145631 0.09735915
v -0.02151003 0.07133120 0.09754996
v -0.01547147 0.07289839 0.09749987
v -0.02151003 0.07133120 0.09754996
v -0.01546566 0.07290175 0.09779137
v -0.00892555 0.07436350 0.09731317
v -0.01502090 0.07337598 0.09731364
v -0.01554031 0.07303809 0.09735026
v -0.00892555 0.07436350 0.09731317
v -0.01554031 0.07303809 0.09735026
v -0.00934557 0.07396766 0.09742467
v -0.00934557 0.07396766 0.09742467
v -0.01554031 0.07303809 0.09735026
v -0.01547147 0.07289839 0.09749987
v -0.00934557 0.07396766 0.09742467
v -0.01547147 0.07289839 0.09749987
v -0.00931117 0.07394020 0.09779137
v -0.00931117 0.07394020 0.09779137
v -0.01547147 0.07289839 0.09749987
v -0.01546566 0.07290175 0.09779137
v -0.00273914 0.07484715 0.09731407
v -0.00892555 0.07436350 0.09731317
v -0.00313781 0.07463238 0.09734309
v -0.00313781 0.07463238 0.09734309
v -0.00892555 0.07436350 0.09731317
v -0.00934557 0.07396766 0.09742467
v -0.00313781 0.07463238 0.09734309
v -0.00934557 0.07396766 0.09742467
v -0.00310264 0.07446692 0.09747449
v -0.00310264 0.07446692 0.09747449
v -0.00934557 0.07396766 0.09742467
v -0.00305256 0.07445903 0.09778239
v -0.00305256 0.07445903 0.09778239
v -0.00934557 0.07396766 0.09742467
v -0.00931117 0.07394020 0.09779137
v 0.00345152 0.07481755 0.09731419
v -0.00273914 0.07484715 0.09731407
v 0.00310347 0.07455797 0.09736980
v 0.00310347 0.07455797 0.09736980
v -0.00273914 0.07484715 0.09731407
v -0.00313781 0.07463238 0.09734309
v 0.00310347 0.07455797 0.09736980
v -0.00313781 0.07463238 0.09734309
v -0.00310264 0.07446692 0.09747449
v 0.00310347 0.07455797 0.09736980
v -0.00310264 0.07446692 0.09747449
v 0.00314664 0.07442356 0.09762911
v 0.00314664 0.07442356 0.09762911
v -0.00310264 0.07446692 0.09747449
v -0.00305256 0.07445903 0.09778239
v 0.00314664 0.07442356 0.09762911
v -0.00305256 0.07445903 0.09778239
v 0.00318626 0.07451168 0.09784142
v 0.00961876 0.07427691 0.09731419
v 0.00345152 0.07481755 0.09731419
v 0.00933720 0.07406145 0.09735915
v 0.00933720 0.07406145 0.09735915
v 0.00345152 0.07481755 0.09731419
v 0.00310347 0.07455797 0.09736980
v 0.00933720 0.07406145 0.09735915
v 0.00310347 0.07455797 0.09736980
v 0.00936263 0.07391322 0.09754997
v 0.00936263 0.07391322 0.09754997
v 0.00310347 0.07455797 0.09736980
v 0.00314664 0.07442356 0.09762911
v 0.00936263 0.07391322 0.09754997
v 0.00314664 0.07442356 0.09762911
v 0.00937531 0.07395055 0.09780981
v 0.00937531 0.07395055 0.09780981
v 0.00314664 0.07442356 0.09762911
v 0.00318626 0.07451168 0.09784142
v 0.01571938 0.07322938 0.09731386
v 0.00961876 0.07427691 0.09731419
v 0.01551628 0.07307085 0.09734225
v 0.01551628 0.07307085 0.09734225
v 0.00961876 0.07427691 0.09731419
v 0.00933720 0.07406145 0.09735915
v 0.01551628 0.07307085 0.09734225
v 0.00933720 0.07406145 0.09735915
v 0.01551397 0.07289903 0.09747448
v 0.01551397 0.07289903 0.09747448
v 0.00933720 0.07406145 0.09735915
v 0.00936263 0.07391322 0.09754997
v 0.01551397 0.07289903 0.09747448
v 0.00936263 0.07391322 0.09754997
v 0.01556051 0.07287891 0.09778239
v 0.01556051 0.07287891 0.09778239
v 0.00936263 0.07391322 0.09754997
v 0.00937531 0.07395055 0.09780981
v 0.02744995 0.06926270 0.09754997
v 0.02155364 0.07130062 0.09760183
v 0.02747152 0.06929571 0.09780980
v 0.02744995 0.06926270 0.09754997
v 0.02747152 0.06929571 0.09780980
v 0.03319959 0.06673772 0.09780260
v 0.02155462 0.07146506 0.09736143
v 0.02155364 0.07130062 0.09760183
v 0.02744995 0.06926270 0.09754997
v 0.04869525 0.05637589 0.09757542
v 0.04380625 0.06024766 0.09762912
v 0.04874644 0.05641941 0.09782664
v 0.04869525 0.05637589 0.09757542
v 0.04874644 0.05641941 0.09782664
v 0.05329652 0.05214254 0.09782664
v 0.04384467 0.06038349 0.09736980
v 0.03860730 0.06371647 0.09752032
v 0.04380625 0.06024766 0.09762912
v 0.04384467 0.06038349 0.09736980
v 0.04380625 0.06024766 0.09762912
v 0.04869525 0.05637589 0.09757542
v 0.06452396 0.03722132 0.09762912
v 0.06121225 0.04250777 0.09779138
v 0.06460657 0.03725834 0.09784209
v 0.06452396 0.03722132 0.09762912
v 0.06460657 0.03725834 0.09784209
v 0.06748686 0.03169279 0.09782116
v 0.02754709 0.06964718 0.09731428
v 0.02155462 0.07146506 0.09736143
v 0.02746219 0.06941260 0.09735915
v 0.03868738 0.06389933 0.09734309
v 0.03317423 0.06687115 0.09735915
v 0.03860730 0.06371647 0.09752032
v 0.03868738 0.06389933 0.09734309
v 0.03860730 0.06371647 0.09752032
v 0.04384467 0.06038349 0.09736980
v 0.04876217 0.05652021 0.09735915
v 0.04384467 0.06038349 0.09736980
v 0.04869525 0.05637589 0.09757542
v 0.04876217 0.05652021 0.09735915
v 0.04869525 0.05637589 0.09757542
v 0.05324187 0.05210346 0.09757542
v 0.05745376 0.04750354 0.09745367
v 0.05324187 0.05210346 0.09757542
v 0.05741694 0.04746300 0.09765577
v 0.05745376 0.04750354 0.09745367
v 0.05741694 0.04746300 0.09765577
v 0.06121203 0.04252102 0.09747449
v 0.06121203 0.04252102 0.09747449
v 0.05741694 0.04746300 0.09765577
v 0.06121225 0.04250777 0.09779138
v 0.06121203 0.04252102 0.09747449
v 0.06121225 0.04250777 0.09779138
v 0.06452396 0.03722132 0.09762912
v 0.06741547 0.03169580 0.09757543
v 0.06452396 0.03722132 0.09762912
v 0.06748686 0.03169279 0.09782116
v 0.06741547 0.03169580 0.09757543
v 0.06748686 0.03169279 0.09782116
v 0.06987863 0.02595291 0.09780978
v 0.03321160 0.06712867 0.09731596
v 0.02746219 0.06941260 0.09735915
v 0.03317423 0.06687115 0.09735915
v 0.05332254 0.05220579 0.09737862
v 0.04876217 0.05652021 0.09735915
v 0.05324187 0.05210346 0.09757542
v 0.05332254 0.05220579 0.09737862
v 0.05324187 0.05210346 0.09757542
v 0.05745376 0.04750354 0.09745367
v 0.04380881 0.06074569 0.09731602
v 0.03868738 0.06389933 0.09734309
v 0.04384467 0.06038349 0.09736980
v 0.06460824 0.03729655 0.09739226
v 0.06121203 0.04252102 0.09747449
v 0.06452396 0.03722132 0.09762912
v 0.06460824 0.03729655 0.09739226
v 0.06452396 0.03722132 0.09762912
v 0.06741547 0.03169580 0.09757543
v 0.07176603 0.02001148 0.09754996
v 0.06983984 0.02594649 0.09754996
v 0.07180534 0.02001424 0.09780978
v 0.07176603 0.02001148 0.09754996
v 0.07180534 0.02001424 0.09780978
v 0.07323100 0.01390512 0.09780258
v 0.04380881 0.06074569 0.09731602
v 0.04384467 0.06038349 0.09736980
v 0.04876217 0.05652021 0.09735915
v 0.05754983 0.04762199 0.09734309
v 0.05332254 0.05220579 0.09737862
v 0.05745376 0.04750354 0.09745367
v 0.05754983 0.04762199 0.09734309
v 0.05745376 0.04750354 0.09745367
v 0.06121203 0.04252102 0.09747449
v 0.07318886 0.01393607 0.09754996
v 0.07176603 0.02001148 0.09754996
v 0.07323100 0.01390512 0.09780258
v 0.07318886 0.01393607 0.09754996
v 0.07323100 0.01390512 0.09780258
v 0.07412673 0.00768666 0.09779079
v 0.06997169 0.02604675 0.09734779
v 0.06753529 0.03180042 0.09735915
v 0.06983984 0.02594649 0.09754996
v 0.06997169 0.02604675 0.09734779
v 0.06983984 0.02594649 0.09754996
v 0.07176603 0.02001148 0.09754996
v 0.07412517 0.00777232 0.09747449
v 0.07318886 0.01393607 0.09754996
v 0.07412673 0.00768666 0.09779079
v 0.07412517 0.00777232 0.09747449
v 0.07412673 0.00768666 0.09779079
v 0.07450844 0.00153124 0.09779139
v 0.06738715 0.03266927 0.09731564
v 0.06450043 0.03806695 0.09731277
v 0.06753529 0.03180042 0.09735915
v 0.07252964 -0.01703738 0.09754996
v 0.07369878 -0.01089953 0.09752032
v 0.07256545 -0.01705388 0.09780980
v 0.07252964 -0.01703738 0.09754996
v 0.07256545 -0.01705388 0.09780980
v 0.07086759 -0.02305722 0.09779138
v 0.07469450 0.00158138 0.09733727
v 0.07430020 0.00782588 0.09733727
v 0.07451557 0.00154243 0.09747449
v 0.07469450 0.00158138 0.09733727
v 0.07451557 0.00154243 0.09747449
v 0.07438330 -0.00469830 0.09747450
v 0.05931701 -0.04505838 0.09762912
v 0.06287936 -0.03993686 0.09762914
v 0.05938316 -0.04512017 0.09784209
v 0.05931701 -0.04505838 0.09762912
v 0.05938316 -0.04512017 0.09784209
v 0.05536861 -0.04993220 0.09782116
v 0.07106023 -0.02307003 0.09733725
v 0.07269654 -0.01702572 0.09734690
v 0.07087799 -0.02304905 0.09747450
v 0.07106023 -0.02307003 0.09733725
v 0.07087799 -0.02304905 0.09747450
v 0.06883923 -0.02891061 0.09734690
v 0.06298508 -0.03997669 0.09739227
v 0.06615774 -0.03455641 0.09735385
v 0.06287936 -0.03993686 0.09762914
v 0.06298508 -0.03997669 0.09739227
v 0.06287936 -0.03993686 0.09762914
v 0.05931701 -0.04505838 0.09762912
v 0.05098315 -0.05432807 0.09754997
v 0.05534372 -0.04986522 0.09757543
v 0.05100383 -0.05436163 0.09780981
v 0.05098315 -0.05432807 0.09754997
v 0.05100383 -0.05436163 0.09780981
v 0.04625276 -0.05839648 0.09757543
v 0.04625276 -0.05839648 0.09757543
v 0.05100383 -0.05436163 0.09780981
v 0.04628589 -0.05845495 0.09782665
v 0.04625276 -0.05839648 0.09757543
v 0.04628589 -0.05845495 0.09782665
v 0.04118283 -0.06210826 0.09778239
v 0.05545094 -0.04993927 0.09737863
v 0.05946840 -0.04510548 0.09735382
v 0.05534372 -0.04986522 0.09757543
v 0.05545094 -0.04993927 0.09737863
v 0.05534372 -0.04986522 0.09757543
v 0.05098315 -0.05432807 0.09754997
v 0.04125954 -0.06209835 0.09742468
v 0.04625276 -0.05839648 0.09757543
v 0.04118283 -0.06210826 0.09778239
v 0.04125954 -0.06209835 0.09742468
v 0.04118283 -0.06210826 0.09778239
v 0.03586997 -0.06529239 0.09754804
v 0.05266953 -0.05324050 0.09731867
v 0.05688824 -0.04870699 0.09731855
v 0.05107764 -0.05440416 0.09737863
v 0.05266953 -0.05324050 0.09731867
v 0.05107764 -0.05440416 0.09737863
v 0.04634614 -0.05848737 0.09737863
v 0.03595044 -0.06542067 0.09736657
v 0.04125954 -0.06209835 0.09742468
v 0.03586997 -0.06529239 0.09754804
v 0.03595044 -0.06542067 0.09736657
v 0.03586997 -0.06529239 0.09754804
v 0.03032570 -0.06810952 0.09742469
v -0.00002489 -0.07449474 0.09757543
v 0.00620875 -0.07423557 0.09757543
v -0.00005800 -0.07455806 0.09782117
v -0.00002489 -0.07449474 0.09757543
v -0.00005800 -0.07455806 0.09782117
v -0.00626043 -0.07422650 0.09762912
v -0.00626043 -0.07422650 0.09762912
v -0.00005800 -0.07455806 0.09782117
v -0.00627716 -0.07431545 0.09784209
v -0.00626043 -0.07422650 0.09762912
v -0.00627716 -0.07431545 0.09784209
v -0.01247373 -0.07352958 0.09784210
v 0.04809068 -0.05740997 0.09731878
v 0.05266953 -0.05324050 0.09731867
v 0.04634614 -0.05848737 0.09737863
v 0.04809068 -0.05740997 0.09731878
v 0.04634614 -0.05848737 0.09737863
v 0.04125954 -0.06209835 0.09742468
v 0.02453357 -0.07047583 0.09737863
v 0.03032570 -0.06810952 0.09742469
v 0.02447533 -0.07035927 0.09757542
v 0.02453357 -0.07047583 0.09737863
v 0.02447533 -0.07035927 0.09757542
v 0.01850200 -0.07216054 0.09757540
v -0.01244954 -0.07344234 0.09762912
v -0.01244954 -0.07344234 0.09762912
v -0.01247373 -0.07352958 0.09784210
v -0.01859802 -0.07220125 0.09782115
v 0.03797964 -0.06454565 0.09731903
v 0.04318284 -0.06118700 0.09731890
v 0.03595044 -0.06542067 0.09736657
v 0.03797964 -0.06454565 0.09731903
v 0.03595044 -0.06542067 0.09736657
v 0.03032570 -0.06810952 0.09742469
v 0.01246731 -0.07359923 0.09735916
v 0.01858231 -0.07229785 0.09735915
v 0.01240025 -0.07346466 0.09754996
v 0.01246731 -0.07359923 0.09735916
v 0.01240025 -0.07346466 0.09754996
v 0.00620875 -0.07423557 0.09757543
v -0.01855183 -0.07214756 0.09760246
v -0.01244954 -0.07344234 0.09762912
v -0.01859802 -0.07220125 0.09782115
v -0.01855183 -0.07214756 0.09760246
v -0.01859802 -0.07220125 0.09782115
v -0.02452045 -0.07033552 0.09760182
v -0.02452045 -0.07033552 0.09760182
v -0.01859802 -0.07220125 0.09782115
v -0.02458654 -0.07041054 0.09784142
v -0.02452045 -0.07033552 0.09760182
v -0.02458654 -0.07041054 0.09784142
v -0.03034917 -0.06808456 0.09780981
v 0.03251664 -0.06746294 0.09731916
v 0.03797964 -0.06454565 0.09731903
v 0.03032570 -0.06810952 0.09742469
v 0.03251664 -0.06746294 0.09731916
v 0.03032570 -0.06810952 0.09742469
v 0.02453357 -0.07047583 0.09737863
v 0.00623626 -0.07436293 0.09737863
v 0.01246731 -0.07359923 0.09735916
v 0.00620875 -0.07423557 0.09757543
v 0.00623626 -0.07436293 0.09737863
v 0.00620875 -0.07423557 0.09757543
v -0.00002489 -0.07449474 0.09757543
v 0.02100367 -0.07188538 0.09731901
v 0.02683110 -0.06991894 0.09731930
v 0.01858231 -0.07229785 0.09735915
v -0.01242360 -0.07358108 0.09736980
v -0.00624678 -0.07433862 0.09739229
v -0.01244954 -0.07344234 0.09762912
v -0.01242360 -0.07358108 0.09736980
v -0.01244954 -0.07344234 0.09762912
v -0.01855183 -0.07214756 0.09760246
v -0.03032633 -0.06805244 0.09754997
v -0.02452045 -0.07033552 0.09760182
v -0.03034917 -0.06808456 0.09780981
v -0.03032633 -0.06805244 0.09754997
v -0.03034917 -0.06808456 0.09780981
v -0.03591263 -0.06526656 0.09765578
v -0.04124491 -0.06202921 0.09762914
v -0.03591263 -0.06526656 0.09765578
v -0.04132450 -0.06208402 0.09784142
v -0.04124491 -0.06202921 0.09762914
v -0.04132450 -0.06208402 0.09784142
v -0.04635392 -0.05842520 0.09784209
v 0.00265846 -0.07484274 0.09731988
v 0.00883414 -0.07436718 0.09731973
v -0.00000818 -0.07462396 0.09737863
v 0.00265846 -0.07484274 0.09731988
v -0.00000818 -0.07462396 0.09737863
v -0.00624678 -0.07433862 0.09739229
v -0.02454908 -0.07047044 0.09737862
v -0.01851931 -0.07230476 0.09735412
v -0.02452045 -0.07033552 0.09760182
v -0.02454908 -0.07047044 0.09737862
v -0.02452045 -0.07033552 0.09760182
v -0.03032633 -0.06805244 0.09754997
v -0.03592917 -0.06535250 0.09740762
v -0.03032633 -0.06805244 0.09754997
v -0.03591263 -0.06526656 0.09765578
v -0.03592917 -0.06535250 0.09740762
v -0.03591263 -0.06526656 0.09765578
v -0.04124491 -0.06202921 0.09762914
v -0.00967154 -0.07426007 0.09732255
v -0.01242360 -0.07358108 0.09736980
v -0.01851931 -0.07230476 0.09735412
v -0.06602263 -0.03448695 0.09760181
v -0.06295590 -0.03991406 0.09780980
v -0.06611468 -0.03450520 0.09783813
v -0.06602263 -0.03448695 0.09760181
v -0.06611468 -0.03450520 0.09783813
v -0.06876479 -0.02882253 0.09782599
v -0.03787001 -0.06456452 0.09732377
v -0.03301720 -0.06719123 0.09732295
v -0.03592917 -0.06535250 0.09740762
v -0.03787001 -0.06456452 0.09732377
v -0.03592917 -0.06535250 0.09740762
v -0.04128695 -0.06213406 0.09739228
v -0.05546191 -0.04992708 0.09737863
v -0.05108958 -0.05439294 0.09737863
v -0.05538387 -0.04983422 0.09754996
v -0.05546191 -0.04992708 0.09737863
v -0.05538387 -0.04983422 0.09754996
v -0.05934670 -0.04501452 0.09760181
v -0.07085641 -0.02299645 0.09757542
v -0.06868361 -0.02884493 0.09757542
v -0.07092688 -0.02298449 0.09782116
v -0.07085641 -0.02299645 0.09757542
v -0.07092688 -0.02298449 0.09782116
v -0.07260850 -0.01695114 0.09782600
v -0.04800989 -0.05742534 0.09732369
v -0.04308866 -0.06120482 0.09732373
v -0.04632481 -0.05844541 0.09740762
v -0.04800989 -0.05742534 0.09732369
v -0.04632481 -0.05844541 0.09740762
v -0.05108958 -0.05439294 0.09737863
v -0.06301148 -0.03997864 0.09737863
v -0.05944518 -0.04511106 0.09737863
v -0.06291906 -0.03990003 0.09754996
v -0.06301148 -0.03997864 0.09737863
v -0.06291906 -0.03990003 0.09754996
v -0.06602263 -0.03448695 0.09760181
v -0.07369924 -0.01085775 0.09757543
v -0.07253220 -0.01698671 0.09757542
v -0.07377230 -0.01081593 0.09782599
v -0.07369924 -0.01085775 0.09757543
v -0.07377230 -0.01081593 0.09782599
v -0.07437895 -0.00465002 0.09779138
v -0.05260031 -0.05325207 0.09732366
v -0.04800989 -0.05742534 0.09732369
v -0.05108958 -0.05439294 0.09737863
v -0.05260031 -0.05325207 0.09732366
v -0.05108958 -0.05439294 0.09737863
v -0.05546191 -0.04992708 0.09737863
v -0.06613585 -0.03456571 0.09737862
v -0.06301148 -0.03997864 0.09737863
v -0.06602263 -0.03448695 0.09760181
v -0.06613585 -0.03456571 0.09737862
v -0.06602263 -0.03448695 0.09760181
v -0.06868361 -0.02884493 0.09757542
v -0.07447763 0.00158817 0.09765575
v -0.07437895 -0.00465002 0.09779138
v -0.07456294 0.00159848 0.09784208
v -0.07447763 0.00158817 0.09765575
v -0.07456294 0.00159848 0.09784208
v -0.07416771 0.00783212 0.09784209
v -0.06066676 -0.04384116 0.09732359
v -0.05682887 -0.04871363 0.09732362
v -0.05944518 -0.04511106 0.09737863
v -0.06066676 -0.04384116 0.09732359
v -0.05944518 -0.04511106 0.09737863
v -0.06301148 -0.03997864 0.09737863
v -0.07097416 -0.02305230 0.09737862
v -0.06879628 -0.02891040 0.09737863
v -0.07085641 -0.02299645 0.09757542
v -0.07097416 -0.02305230 0.09737862
v -0.07085641 -0.02299645 0.09757542
v -0.07253220 -0.01698671 0.09757542
v -0.07440852 -0.00468264 0.09742468
v -0.07369924 -0.01085775 0.09757543
v -0.07437895 -0.00465002 0.09779138
v -0.07440852 -0.00468264 0.09742468
v -0.07437895 -0.00465002 0.09779138
v -0.07447763 0.00158817 0.09765575
v -0.06408769 -0.03866830 0.09732354
v -0.06066676 -0.04384116 0.09732359
v -0.06301148 -0.03997864 0.09737863
v -0.06408769 -0.03866830 0.09732354
v -0.06301148 -0.03997864 0.09737863
v -0.06613585 -0.03456571 0.09737862
v -0.07265422 -0.01703246 0.09737862
v -0.07097416 -0.02305230 0.09737862
v -0.07253220 -0.01698671 0.09757542
v -0.07265422 -0.01703246 0.09737862
v -0.07253220 -0.01698671 0.09757542
v -0.07369924 -0.01085775 0.09757543
v -0.07173639 0.02005568 0.09760181
v -0.07320728 0.01402948 0.09780259
v -0.07181596 0.02010541 0.09783813
v -0.07173639 0.02005568 0.09760181
v -0.07181596 0.02010541 0.09783813
v -0.06983569 0.02606805 0.09780916
v -0.06958871 -0.02756485 0.09732350
v -0.06706850 -0.03323034 0.09732353
v -0.06879628 -0.02891040 0.09737863
v -0.06958871 -0.02756485 0.09732350
v -0.06879628 -0.02891040 0.09737863
v -0.07097416 -0.02305230 0.09737862
v -0.07416918 0.00779671 0.09740762
v -0.07456146 0.00156310 0.09740762
v -0.07408354 0.00781475 0.09765577
v -0.07416918 0.00779671 0.09740762
v -0.07408354 0.00781475 0.09765577
v -0.07317948 0.01398520 0.09754994
v -0.06738713 0.03173822 0.09760181
v -0.06983569 0.02606805 0.09780916
v -0.06745484 0.03181176 0.09784142
v -0.06738713 0.03173822 0.09760181
v -0.06745484 0.03181176 0.09784142
v -0.06456997 0.03732171 0.09784209
v -0.07435363 -0.00895858 0.09731767
v -0.07318216 -0.01570756 0.09732346
v -0.07382463 -0.01089318 0.09737863
v -0.07435363 -0.00895858 0.09731767
v -0.07382463 -0.01089318 0.09737863
v -0.07440852 -0.00468264 0.09742468
v -0.07330063 0.01399125 0.09737862
v -0.07416918 0.00779671 0.09740762
v -0.07317948 0.01398520 0.09754994
v -0.07330063 0.01399125 0.09737862
v -0.07317948 0.01398520 0.09754994
v -0.07173639 0.02005568 0.09760181
v -0.07431038 0.00895814 0.09732340
v -0.07481407 0.00340436 0.09731754
v -0.07416918 0.00779671 0.09740762
v -0.07431038 0.00895814 0.09732340
v -0.07416918 0.00779671 0.09740762
v -0.07330063 0.01399125 0.09737862
v -0.06751831 0.03178076 0.09737862
v -0.06994088 0.02601947 0.09737862
v -0.06738713 0.03173822 0.09760181
v -0.06751831 0.03178076 0.09737862
v -0.06738713 0.03173822 0.09760181
v -0.06456646 0.03729257 0.09743037
v -0.05741575 0.04752242 0.09747449
v -0.06115049 0.04253181 0.09760182
v -0.05737640 0.04755431 0.09778239
v -0.05741575 0.04752242 0.09747449
v -0.05737640 0.04755431 0.09778239
v -0.05320200 0.05213746 0.09762912
v -0.04865754 0.05640845 0.09757543
v -0.05320200 0.05213746 0.09762912
v -0.04867385 0.05647800 0.09782116
v -0.04865754 0.05640845 0.09757543
v -0.04867385 0.05647800 0.09782116
v -0.04374180 0.06035911 0.09780917
v -0.06982402 0.02696030 0.09732341
v -0.07168812 0.02166942 0.09731739
v -0.06994088 0.02601947 0.09737862
v -0.06982402 0.02696030 0.09732341
v -0.06994088 0.02601947 0.09737862
v -0.06751831 0.03178076 0.09737862
v -0.05335807 0.05219102 0.09735392
v -0.05741575 0.04752242 0.09747449
v -0.05320200 0.05213746 0.09762912
v -0.05335807 0.05219102 0.09735392
v -0.05320200 0.05213746 0.09762912
v -0.04865754 0.05640845 0.09757543
v -0.03857859 0.06374356 0.09752335
v -0.04377203 0.06028956 0.09754996
v -0.03853765 0.06380765 0.09780917
v -0.03857859 0.06374356 0.09752335
v -0.03853765 0.06380765 0.09780917
v -0.03311470 0.06678321 0.09780980
v -0.05758524 0.04759929 0.09733734
v -0.06127276 0.04259563 0.09737862
v -0.05741575 0.04752242 0.09747449
v -0.05758524 0.04759929 0.09733734
v -0.05741575 0.04752242 0.09747449
v -0.05335807 0.05219102 0.09735392
v -0.04875465 0.05649533 0.09737862
v -0.05335807 0.05219102 0.09735392
v -0.04865754 0.05640845 0.09757543
v -0.04875465 0.05649533 0.09737862
v -0.04865754 0.05640845 0.09757543
v -0.04377203 0.06028956 0.09754996
v -0.02740344 0.06928112 0.09754995
v -0.03310462 0.06674508 0.09754995
v -0.02738093 0.06932834 0.09780259
v -0.02740344 0.06928112 0.09754995
v -0.02738093 0.06932834 0.09780259
v -0.02145861 0.07138694 0.09780916
v -0.06086030 0.04358161 0.09732279
v -0.06473165 0.03735001 0.09733424
v -0.06127276 0.04259563 0.09737862
v -0.06086030 0.04358161 0.09732279
v -0.06127276 0.04259563 0.09737862
v -0.05758524 0.04759929 0.09733734
v -0.04391715 0.06038005 0.09734786
v -0.04875465 0.05649533 0.09737862
v -0.04377203 0.06028956 0.09754996
v -0.04391715 0.06038005 0.09734786
v -0.04377203 0.06028956 0.09754996
v -0.03857859 0.06374356 0.09752335
v -0.02151003 0.07133120 0.09754996
v -0.02740344 0.06928112 0.09754995
v -0.02145861 0.07138694 0.09780916
v -0.02151003 0.07133120 0.09754996
v -0.02145861 0.07138694 0.09780916
v -0.01546566 0.07290175 0.09779137
v 0.02161651 0.07137836 0.09784142
v 0.02747152 0.06929571 0.09780980
v 0.02155364 0.07130062 0.09760183
v 0.03314945 0.06672283 0.09754998
v 0.02744995 0.06926270 0.09754997
v 0.03319959 0.06673772 0.09780260
v 0.03314945 0.06672283 0.09754998
v 0.03319959 0.06673772 0.09780260
v 0.03860730 0.06371647 0.09752032
v 0.03860730 0.06371647 0.09752032
v 0.03319959 0.06673772 0.09780260
v 0.03869039 0.06373688 0.09782599
v 0.03860730 0.06371647 0.09752032
v 0.03869039 0.06373688 0.09782599
v 0.04380625 0.06024766 0.09762912
v 0.04380625 0.06024766 0.09762912
v 0.03869039 0.06373688 0.09782599
v 0.04388805 0.06029909 0.09784141
v 0.04380625 0.06024766 0.09762912
v 0.04388805 0.06029909 0.09784141
v 0.04874644 0.05641941 0.09782664
v 0.02746219 0.06941260 0.09735915
v 0.02155462 0.07146506 0.09736143
v 0.02744995 0.06926270 0.09754997
v 0.02746219 0.06941260 0.09735915
v 0.02744995 0.06926270 0.09754997
v 0.03314945 0.06672283 0.09754998
v 0.05324187 0.05210346 0.09757542
v 0.04869525 0.05637589 0.09757542
v 0.05329652 0.05214254 0.09782664
v 0.05324187 0.05210346 0.09757542
v 0.05329652 0.05214254 0.09782664
v 0.05741694 0.04746300 0.09765577
v 0.05741694 0.04746300 0.09765577
v 0.05329652 0.05214254 0.09782664
v 0.05749586 0.04749722 0.09783813
v 0.05741694 0.04746300 0.09765577
v 0.05749586 0.04749722 0.09783813
v 0.06121225 0.04250777 0.09779138
v 0.03317423 0.06687115 0.09735915
v 0.02746219 0.06941260 0.09735915
v 0.03314945 0.06672283 0.09754998
v 0.03317423 0.06687115 0.09735915
v 0.03314945 0.06672283 0.09754998
v 0.03860730 0.06371647 0.09752032
v 0.06987863 0.02595291 0.09780978
v 0.06987863 0.02595291 0.09780978
v 0.06983984 0.02594649 0.09754996
v 0.06741547 0.03169580 0.09757543
v 0.03317423 0.06687115 0.09735915
v 0.03868738 0.06389933 0.09734309
v 0.03321160 0.06712867 0.09731596
v 0.06741547 0.03169580 0.09757543
v 0.06983984 0.02594649 0.09754996
v 0.06753529 0.03180042 0.09735915
v 0.06741547 0.03169580 0.09757543
v 0.06753529 0.03180042 0.09735915
v 0.06460824 0.03729655 0.09739226
v 0.06121203 0.04252102 0.09747449
v 0.06460824 0.03729655 0.09739226
v 0.06133289 0.04263936 0.09734309
v 0.06121203 0.04252102 0.09747449
v 0.06133289 0.04263936 0.09734309
v 0.05754983 0.04762199 0.09734309
v 0.05332254 0.05220579 0.09737862
v 0.05754983 0.04762199 0.09734309
v 0.05320632 0.05270980 0.09731516
v 0.05332254 0.05220579 0.09737862
v 0.05320632 0.05270980 0.09731516
v 0.04876217 0.05652021 0.09735915
v 0.04876217 0.05652021 0.09735915
v 0.05320632 0.05270980 0.09731516
v 0.04867425 0.05692873 0.09731145
v 0.06114998 0.04324804 0.09731284
v 0.05754983 0.04762199 0.09734309
v 0.06133289 0.04263936 0.09734309
v 0.07190674 0.02010171 0.09734689
v 0.06997169 0.02604675 0.09734779
v 0.07176603 0.02001148 0.09754996
v 0.07190674 0.02010171 0.09734689
v 0.07176603 0.02001148 0.09754996
v 0.07318886 0.01393607 0.09754996
v 0.07451557 0.00154243 0.09747449
v 0.07412517 0.00777232 0.09747449
v 0.07450844 0.00153124 0.09779139
v 0.07451557 0.00154243 0.09747449
v 0.07450844 0.00153124 0.09779139
v 0.07437021 -0.00474723 0.09778239
v 0.07369878 -0.01089953 0.09752032
v 0.07437021 -0.00474723 0.09778239
v 0.07374982 -0.01096826 0.09782600
v 0.07369878 -0.01089953 0.09752032
v 0.07374982 -0.01096826 0.09782600
v 0.07256545 -0.01705388 0.09780980
v 0.07437021 -0.00474723 0.09778239
v 0.07369878 -0.01089953 0.09752032
v 0.07438330 -0.00469830 0.09747450
v 0.07437021 -0.00474723 0.09778239
v 0.07438330 -0.00469830 0.09747450
v 0.07451557 0.00154243 0.09747449
v 0.07318886 0.01393607 0.09754996
v 0.07412517 0.00777232 0.09747449
v 0.07333661 0.01401426 0.09734689
v 0.07318886 0.01393607 0.09754996
v 0.07333661 0.01401426 0.09734689
v 0.07190674 0.02010171 0.09734689
v 0.06460824 0.03729655 0.09739226
v 0.06753529 0.03180042 0.09735915
v 0.06450043 0.03806695 0.09731277
v 0.06460824 0.03729655 0.09739226
v 0.06450043 0.03806695 0.09731277
v 0.06133289 0.04263936 0.09734309
v 0.06133289 0.04263936 0.09734309
v 0.06450043 0.03806695 0.09731277
v 0.06114998 0.04324804 0.09731284
v 0.06295044 -0.03999292 0.09784209
v 0.06295044 -0.03999292 0.09784209
v 0.06287936 -0.03993686 0.09762914
v 0.06604050 -0.03461196 0.09782600
v 0.06604050 -0.03461196 0.09782600
v 0.06287936 -0.03993686 0.09762914
v 0.06600501 -0.03453663 0.09760249
v 0.06604050 -0.03461196 0.09782600
v 0.06600501 -0.03453663 0.09760249
v 0.06869063 -0.02894360 0.09780259
v 0.06869063 -0.02894360 0.09780259
v 0.06600501 -0.03453663 0.09760249
v 0.06867264 -0.02889447 0.09754997
v 0.06869063 -0.02894360 0.09780259
v 0.06867264 -0.02889447 0.09754997
v 0.07086759 -0.02305722 0.09779138
v 0.07086759 -0.02305722 0.09779138
v 0.06867264 -0.02889447 0.09754997
v 0.07087799 -0.02304905 0.09747450
v 0.07086759 -0.02305722 0.09779138
v 0.07087799 -0.02304905 0.09747450
v 0.07252964 -0.01703738 0.09754996
v 0.07412517 0.00777232 0.09747449
v 0.07451557 0.00154243 0.09747449
v 0.07430020 0.00782588 0.09733727
v 0.07412517 0.00777232 0.09747449
v 0.07430020 0.00782588 0.09733727
v 0.07333661 0.01401426 0.09734689
v 0.07456491 -0.00467424 0.09733727
v 0.07469450 0.00158138 0.09733727
v 0.07438330 -0.00469830 0.09747450
v 0.07456491 -0.00467424 0.09733727
v 0.07438330 -0.00469830 0.09747450
v 0.07369878 -0.01089953 0.09752032
v 0.07269654 -0.01702572 0.09734690
v 0.07369878 -0.01089953 0.09752032
v 0.07252964 -0.01703738 0.09754996
v 0.07269654 -0.01702572 0.09734690
v 0.07252964 -0.01703738 0.09754996
v 0.07087799 -0.02304905 0.09747450
v 0.07391234 -0.01089696 0.09733725
v 0.07456491 -0.00467424 0.09733727
v 0.07369878 -0.01089953 0.09752032
v 0.07391234 -0.01089696 0.09733725
v 0.07369878 -0.01089953 0.09752032
v 0.07269654 -0.01702572 0.09734690
v 0.05534372 -0.04986522 0.09757543
v 0.05931701 -0.04505838 0.09762912
v 0.05536861 -0.04993220 0.09782116
v 0.05534372 -0.04986522 0.09757543
v 0.05536861 -0.04993220 0.09782116
v 0.05100383 -0.05436163 0.09780981
v 0.06600501 -0.03453663 0.09760249
v 0.06287936 -0.03993686 0.09762914
v 0.06615774 -0.03455641 0.09735385
v 0.06600501 -0.03453663 0.09760249
v 0.06615774 -0.03455641 0.09735385
v 0.06867264 -0.02889447 0.09754997
v 0.06867264 -0.02889447 0.09754997
v 0.06615774 -0.03455641 0.09735385
v 0.06883923 -0.02891061 0.09734690
v 0.06867264 -0.02889447 0.09754997
v 0.06883923 -0.02891061 0.09734690
v 0.07087799 -0.02304905 0.09747450
v 0.05946840 -0.04510548 0.09735382
v 0.06298508 -0.03997669 0.09739227
v 0.05931701 -0.04505838 0.09762912
v 0.05946840 -0.04510548 0.09735382
v 0.05931701 -0.04505838 0.09762912
v 0.05534372 -0.04986522 0.09757543
v 0.03585256 -0.06537529 0.09782599
v 0.03028483 -0.06809317 0.09779138
v 0.03586997 -0.06529239 0.09754804
v 0.03585256 -0.06537529 0.09782599
v 0.03586997 -0.06529239 0.09754804
v 0.04118283 -0.06210826 0.09778239
v 0.05107764 -0.05440416 0.09737863
v 0.05545094 -0.04993927 0.09737863
v 0.05098315 -0.05432807 0.09754997
v 0.05107764 -0.05440416 0.09737863
v 0.05098315 -0.05432807 0.09754997
v 0.04625276 -0.05839648 0.09757543
v 0.02447533 -0.07035927 0.09757542
v 0.03028483 -0.06809317 0.09779138
v 0.02446487 -0.07042994 0.09782115
v 0.02447533 -0.07035927 0.09757542
v 0.02446487 -0.07042994 0.09782115
v 0.01846800 -0.07223758 0.09782600
v 0.01846800 -0.07223758 0.09782600
v 0.01239886 -0.07350406 0.09780981
v 0.01850200 -0.07216054 0.09757540
v 0.01850200 -0.07216054 0.09757540
v 0.03028483 -0.06809317 0.09779138
v 0.02447533 -0.07035927 0.09757542
v 0.03032570 -0.06810952 0.09742469
v 0.03028483 -0.06809317 0.09779138
v 0.03032570 -0.06810952 0.09742469
v 0.03586997 -0.06529239 0.09754804
v 0.04625276 -0.05839648 0.09757543
v 0.04125954 -0.06209835 0.09742468
v 0.04634614 -0.05848737 0.09737863
v 0.04625276 -0.05839648 0.09757543
v 0.04634614 -0.05848737 0.09737863
v 0.05107764 -0.05440416 0.09737863
v 0.06298508 -0.03997669 0.09739227
v 0.05946840 -0.04510548 0.09735382
v 0.06413227 -0.03867447 0.09731836
v 0.06298508 -0.03997669 0.09739227
v 0.06413227 -0.03867447 0.09731836
v 0.06615774 -0.03455641 0.09735385
v 0.00620401 -0.07430258 0.09782664
v -0.00005800 -0.07455806 0.09782117
v 0.00620875 -0.07423557 0.09757543
v 0.00620401 -0.07430258 0.09782664
v 0.00620875 -0.07423557 0.09757543
v 0.01239886 -0.07350406 0.09780981
v 0.01239886 -0.07350406 0.09780981
v 0.00620875 -0.07423557 0.09757543
v 0.01240025 -0.07346466 0.09754996
v 0.01239886 -0.07350406 0.09780981
v 0.01240025 -0.07346466 0.09754996
v 0.01850200 -0.07216054 0.09757540
v 0.05545094 -0.04993927 0.09737863
v 0.05107764 -0.05440416 0.09737863
v 0.05688824 -0.04870699 0.09731855
v 0.05545094 -0.04993927 0.09737863
v 0.05688824 -0.04870699 0.09731855
v 0.05946840 -0.04510548 0.09735382
v 0.01850200 -0.07216054 0.09757540
v 0.01240025 -0.07346466 0.09754996
v 0.01858231 -0.07229785 0.09735915
v 0.01850200 -0.07216054 0.09757540
v 0.01858231 -0.07229785 0.09735915
v 0.02453357 -0.07047583 0.09737863
v 0.04125954 -0.06209835 0.09742468
v 0.03595044 -0.06542067 0.09736657
v 0.04318284 -0.06118700 0.09731890
v 0.04125954 -0.06209835 0.09742468
v 0.04318284 -0.06118700 0.09731890
v 0.04809068 -0.05740997 0.09731878
v -0.03597341 -0.06532741 0.09783813
v -0.04132450 -0.06208402 0.09784142
v -0.03591263 -0.06526656 0.09765578
v -0.03597341 -0.06532741 0.09783813
v -0.03591263 -0.06526656 0.09765578
v -0.03034917 -0.06808456 0.09780981
v -0.00626043 -0.07422650 0.09762912
v -0.01244954 -0.07344234 0.09762912
v -0.00624678 -0.07433862 0.09739229
v -0.00626043 -0.07422650 0.09762912
v -0.00624678 -0.07433862 0.09739229
v -0.00002489 -0.07449474 0.09757543
v -0.00002489 -0.07449474 0.09757543
v -0.00624678 -0.07433862 0.09739229
v -0.00000818 -0.07462396 0.09737863
v -0.00002489 -0.07449474 0.09757543
v -0.00000818 -0.07462396 0.09737863
v 0.00623626 -0.07436293 0.09737863
v 0.02453357 -0.07047583 0.09737863
v 0.01858231 -0.07229785 0.09735915
v 0.02683110 -0.06991894 0.09731930
v 0.02453357 -0.07047583 0.09737863
v 0.02683110 -0.06991894 0.09731930
v 0.03251664 -0.06746294 0.09731916
v 0.01499475 -0.07337446 0.09731907
v 0.01858231 -0.07229785 0.09735915
v 0.01246731 -0.07359923 0.09735916
v -0.01851931 -0.07230476 0.09735412
v -0.01242360 -0.07358108 0.09736980
v -0.01855183 -0.07214756 0.09760246
v -0.01851931 -0.07230476 0.09735412
v -0.01855183 -0.07214756 0.09760246
v -0.02452045 -0.07033552 0.09760182
v -0.04629416 -0.05836344 0.09765578
v -0.04124491 -0.06202921 0.09762914
v -0.04635392 -0.05842520 0.09784209
v -0.04629416 -0.05836344 0.09765578
v -0.04635392 -0.05842520 0.09784209
v -0.05107191 -0.05429358 0.09780260
v 0.00623626 -0.07436293 0.09737863
v -0.00000818 -0.07462396 0.09737863
v 0.00883414 -0.07436718 0.09731973
v 0.00623626 -0.07436293 0.09737863
v 0.00883414 -0.07436718 0.09731973
v 0.01246731 -0.07359923 0.09735916
v 0.01246731 -0.07359923 0.09735916
v 0.00883414 -0.07436718 0.09731973
v 0.01499475 -0.07337446 0.09731907
v -0.00436519 -0.07472213 0.09732432
v 0.00265846 -0.07484274 0.09731988
v -0.00624678 -0.07433862 0.09739229
v -0.00436519 -0.07472213 0.09732432
v -0.00624678 -0.07433862 0.09739229
v -0.01242360 -0.07358108 0.09736980
v -0.03035985 -0.06816904 0.09737863
v -0.02454908 -0.07047044 0.09737862
v -0.03032633 -0.06805244 0.09754997
v -0.03035985 -0.06816904 0.09737863
v -0.03032633 -0.06805244 0.09754997
v -0.03592917 -0.06535250 0.09740762
v -0.05101962 -0.05429383 0.09754997
v -0.04629416 -0.05836344 0.09765578
v -0.05107191 -0.05429358 0.09780260
v -0.05101962 -0.05429383 0.09754997
v -0.05107191 -0.05429358 0.09780260
v -0.05545619 -0.04981141 0.09780917
v -0.05934670 -0.04501452 0.09760181
v -0.05545619 -0.04981141 0.09780917
v -0.05944324 -0.04504046 0.09784143
v -0.05934670 -0.04501452 0.09760181
v -0.05944324 -0.04504046 0.09784143
v -0.06295590 -0.03991406 0.09780980
v -0.05545619 -0.04981141 0.09780917
v -0.05934670 -0.04501452 0.09760181
v -0.05538387 -0.04983422 0.09754996
v -0.05545619 -0.04981141 0.09780917
v -0.05538387 -0.04983422 0.09754996
v -0.05101962 -0.05429383 0.09754997
v -0.04629416 -0.05836344 0.09765578
v -0.05101962 -0.05429383 0.09754997
v -0.04632481 -0.05844541 0.09740762
v -0.04629416 -0.05836344 0.09765578
v -0.04632481 -0.05844541 0.09740762
v -0.04124491 -0.06202921 0.09762914
v -0.04124491 -0.06202921 0.09762914
v -0.04632481 -0.05844541 0.09740762
v -0.04128695 -0.06213406 0.09739228
v -0.04124491 -0.06202921 0.09762914
v -0.04128695 -0.06213406 0.09739228
v -0.03592917 -0.06535250 0.09740762
v -0.00436519 -0.07472213 0.09732432
v -0.01242360 -0.07358108 0.09736980
v -0.00967154 -0.07426007 0.09732255
v -0.02218992 -0.07148652 0.09732739
v -0.01851931 -0.07230476 0.09735412
v -0.02454908 -0.07047044 0.09737862
v -0.02218992 -0.07148652 0.09732739
v -0.02454908 -0.07047044 0.09737862
v -0.03035985 -0.06816904 0.09737863
v -0.06291906 -0.03990003 0.09754996
v -0.05934670 -0.04501452 0.09760181
v -0.06295590 -0.03991406 0.09780980
v -0.06291906 -0.03990003 0.09754996
v -0.06295590 -0.03991406 0.09780980
v -0.06602263 -0.03448695 0.09760181
v -0.06876479 -0.02882253 0.09782599
v -0.07092688 -0.02298449 0.09782116
v -0.06868361 -0.02884493 0.09757542
v -0.06876479 -0.02882253 0.09782599
v -0.06868361 -0.02884493 0.09757542
v -0.06602263 -0.03448695 0.09760181
v -0.05101962 -0.05429383 0.09754997
v -0.05538387 -0.04983422 0.09754996
v -0.05108958 -0.05439294 0.09737863
v -0.05101962 -0.05429383 0.09754997
v -0.05108958 -0.05439294 0.09737863
v -0.04632481 -0.05844541 0.09740762
v -0.03035985 -0.06816904 0.09737863
v -0.03592917 -0.06535250 0.09740762
v -0.03301720 -0.06719123 0.09732295
v -0.03035985 -0.06816904 0.09737863
v -0.03301720 -0.06719123 0.09732295
v -0.02218992 -0.07148652 0.09732739
v -0.07260850 -0.01695114 0.09782600
v -0.07377230 -0.01081593 0.09782599
v -0.07253220 -0.01698671 0.09757542
v -0.07253220 -0.01698671 0.09757542
v -0.05934670 -0.04501452 0.09760181
v -0.06291906 -0.03990003 0.09754996
v -0.05944518 -0.04511106 0.09737863
v -0.05934670 -0.04501452 0.09760181
v -0.05944518 -0.04511106 0.09737863
v -0.05546191 -0.04992708 0.09737863
v -0.04128695 -0.06213406 0.09739228
v -0.04632481 -0.05844541 0.09740762
v -0.04308866 -0.06120482 0.09732373
v -0.04128695 -0.06213406 0.09739228
v -0.04308866 -0.06120482 0.09732373
v -0.03787001 -0.06456452 0.09732377
v -0.07416771 0.00783212 0.09784209
v -0.07320728 0.01402948 0.09780259
v -0.07408354 0.00781475 0.09765577
v -0.07408354 0.00781475 0.09765577
v -0.06868361 -0.02884493 0.09757542
v -0.07085641 -0.02299645 0.09757542
v -0.06879628 -0.02891040 0.09737863
v -0.06868361 -0.02884493 0.09757542
v -0.06879628 -0.02891040 0.09737863
v -0.06613585 -0.03456571 0.09737862
v -0.05546191 -0.04992708 0.09737863
v -0.05944518 -0.04511106 0.09737863
v -0.05682887 -0.04871363 0.09732362
v -0.05546191 -0.04992708 0.09737863
v -0.05682887 -0.04871363 0.09732362
v -0.05260031 -0.05325207 0.09732366
v -0.07320728 0.01402948 0.09780259
v -0.07173639 0.02005568 0.09760181
v -0.07317948 0.01398520 0.09754994
v -0.07320728 0.01402948 0.09780259
v -0.07317948 0.01398520 0.09754994
v -0.07408354 0.00781475 0.09765577
v -0.07447763 0.00158817 0.09765575
v -0.07408354 0.00781475 0.09765577
v -0.07456146 0.00156310 0.09740762
v -0.07447763 0.00158817 0.09765575
v -0.07456146 0.00156310 0.09740762
v -0.07440852 -0.00468264 0.09742468
v -0.07369924 -0.01085775 0.09757543
v -0.07440852 -0.00468264 0.09742468
v -0.07382463 -0.01089318 0.09737863
v -0.07382463 -0.01089318 0.09737863
v -0.06613585 -0.03456571 0.09737862
v -0.06879628 -0.02891040 0.09737863
v -0.06706850 -0.03323034 0.09732353
v -0.06613585 -0.03456571 0.09737862
v -0.06706850 -0.03323034 0.09732353
v -0.06408769 -0.03866830 0.09732354
v -0.07163120 -0.02171064 0.09732347
v -0.06958871 -0.02756485 0.09732350
v -0.07097416 -0.02305230 0.09737862
v -0.07163120 -0.02171064 0.09732347
v -0.07097416 -0.02305230 0.09737862
v -0.07265422 -0.01703246 0.09737862
v -0.06982238 0.02599343 0.09754996
v -0.07173639 0.02005568 0.09760181
v -0.06983569 0.02606805 0.09780916
v -0.06982238 0.02599343 0.09754996
v -0.06983569 0.02606805 0.09780916
v -0.06738713 0.03173822 0.09760181
v -0.06450017 0.03727158 0.09765577
v -0.06738713 0.03173822 0.09760181
v -0.06456997 0.03732171 0.09784209
v -0.06450017 0.03727158 0.09765577
v -0.06456997 0.03732171 0.09784209
v -0.06122050 0.04259392 0.09784209
v -0.06122050 0.04259392 0.09784209
v -0.05737640 0.04755431 0.09778239
v -0.06115049 0.04253181 0.09760182
v -0.06122050 0.04259392 0.09784209
v -0.06115049 0.04253181 0.09760182
v -0.06450017 0.03727158 0.09765577
v -0.07265422 -0.01703246 0.09737862
v -0.07382463 -0.01089318 0.09737863
v -0.07318216 -0.01570756 0.09732346
v -0.07265422 -0.01703246 0.09737862
v -0.07318216 -0.01570756 0.09732346
v -0.07163120 -0.02171064 0.09732347
v -0.07477037 -0.00342097 0.09732343
v -0.07435363 -0.00895858 0.09731767
v -0.07440852 -0.00468264 0.09742468
v -0.07477037 -0.00342097 0.09732343
v -0.07440852 -0.00468264 0.09742468
v -0.07456146 0.00156310 0.09740762
v -0.07187281 0.02007581 0.09737862
v -0.07330063 0.01399125 0.09737862
v -0.07173639 0.02005568 0.09760181
v -0.07187281 0.02007581 0.09737862
v -0.07173639 0.02005568 0.09760181
v -0.06982238 0.02599343 0.09754996
v -0.05320200 0.05213746 0.09762912
v -0.05737640 0.04755431 0.09778239
v -0.05324094 0.05222589 0.09784142
v -0.05320200 0.05213746 0.09762912
v -0.05324094 0.05222589 0.09784142
v -0.04867385 0.05647800 0.09782116
v -0.06450017 0.03727158 0.09765577
v -0.06115049 0.04253181 0.09760182
v -0.06456646 0.03729257 0.09743037
v -0.06450017 0.03727158 0.09765577
v -0.06456646 0.03729257 0.09743037
v -0.06738713 0.03173822 0.09760181
v -0.06982238 0.02599343 0.09754996
v -0.06738713 0.03173822 0.09760181
v -0.06994088 0.02601947 0.09737862
v -0.06982238 0.02599343 0.09754996
v -0.06994088 0.02601947 0.09737862
v -0.07187281 0.02007581 0.09737862
v -0.07456146 0.00156310 0.09740762
v -0.07416918 0.00779671 0.09740762
v -0.07481407 0.00340436 0.09731754
v -0.07456146 0.00156310 0.09740762
v -0.07481407 0.00340436 0.09731754
v -0.07477037 -0.00342097 0.09732343
v -0.07323296 0.01567424 0.09731744
v -0.07431038 0.00895814 0.09732340
v -0.07330063 0.01399125 0.09737862
v -0.07323296 0.01567424 0.09731744
v -0.07330063 0.01399125 0.09737862
v -0.07187281 0.02007581 0.09737862
v -0.04374180 0.06035911 0.09780917
v -0.03853765 0.06380765 0.09780917
v -0.04377203 0.06028956 0.09754996
v -0.04374180 0.06035911 0.09780917
v -0.04377203 0.06028956 0.09754996
v -0.04865754 0.05640845 0.09757543
v -0.06115049 0.04253181 0.09760182
v -0.05741575 0.04752242 0.09747449
v -0.06127276 0.04259563 0.09737862
v -0.06115049 0.04253181 0.09760182
v -0.06127276 0.04259563 0.09737862
v -0.06456646 0.03729257 0.09743037
v -0.07187281 0.02007581 0.09737862
v -0.06994088 0.02601947 0.09737862
v -0.07168812 0.02166942 0.09731739
v -0.07187281 0.02007581 0.09737862
v -0.07168812 0.02166942 0.09731739
v -0.07323296 0.01567424 0.09731744
v -0.03311470 0.06678321 0.09780980
v -0.02738093 0.06932834 0.09780259
v -0.03310462 0.06674508 0.09754995
v -0.03311470 0.06678321 0.09780980
v -0.03310462 0.06674508 0.09754995
v -0.03857859 0.06374356 0.09752335
v -0.06456646 0.03729257 0.09743037
v -0.06127276 0.04259563 0.09737862
v -0.06473165 0.03735001 0.09733424
v -0.06456646 0.03729257 0.09743037
v -0.06473165 0.03735001 0.09733424
v -0.06751831 0.03178076 0.09737862
v -0.06751831 0.03178076 0.09737862
v -0.06473165 0.03735001 0.09733424
v -0.06714288 0.03317517 0.09731735
v -0.06751831 0.03178076 0.09737862
v -0.06714288 0.03317517 0.09731735
v -0.06982402 0.02696030 0.09732341
v 0.02754709 0.06964718 0.09731428
v 0.02170514 0.07168601 0.09731187
v 0.02155462 0.07146506 0.09736143
v 0.02155462 0.07146506 0.09736143
v 0.02170514 0.07168601 0.09731187
v 0.01551628 0.07307085 0.09734225
v 0.02155462 0.07146506 0.09736143
v 0.01551628 0.07307085 0.09734225
v 0.01551397 0.07289903 0.09747448
v 0.02155462 0.07146506 0.09736143
v 0.01551397 0.07289903 0.09747448
v 0.02155364 0.07130062 0.09760183
v 0.02155364 0.07130062 0.09760183
v 0.01551397 0.07289903 0.09747448
v 0.01556051 0.07287891 0.09778239
v 0.02155364 0.07130062 0.09760183
v 0.01556051 0.07287891 0.09778239
v 0.02161651 0.07137836 0.09784142
v 0.07412673 0.00768666 0.09779079
v 0.07439488 0.00781557 0.09798573
v 0.07450844 0.00153124 0.09779139
v 0.07450844 0.00153124 0.09779139
v 0.07439488 0.00781557 0.09798573
v 0.07478855 0.00153720 0.09798565
v 0.07450844 0.00153124 0.09779139
v 0.07478855 0.00153720 0.09798565
v 0.07437021 -0.00474723 0.09778239
v 0.07437021 -0.00474723 0.09778239
v 0.07478855 0.00153720 0.09798565
v 0.07465488 -0.00472630 0.09798564
v 0.07437021 -0.00474723 0.09778239
v 0.07465488 -0.00472630 0.09798564
v 0.07374982 -0.01096826 0.09782600
v 0.07374982 -0.01096826 0.09782600
v 0.07465488 -0.00472630 0.09798564
v 0.07400180 -0.01094657 0.09798929
v 0.07374982 -0.01096826 0.09782600
v 0.07400180 -0.01094657 0.09798929
v 0.07256545 -0.01705388 0.09780980
v 0.07282121 -0.01711025 0.09798566
v 0.07256545 -0.01705388 0.09780980
v 0.07282121 -0.01711025 0.09798566
v 0.07086759 -0.02305722 0.09779138
v 0.07086759 -0.02305722 0.09779138
v 0.07282121 -0.01711025 0.09798566
v 0.07113995 -0.02313443 0.09798929
v 0.07086759 -0.02305722 0.09779138
v 0.07113995 -0.02313443 0.09798929
v 0.06895791 -0.02899121 0.09798576
v 0.07086759 -0.02305722 0.09779138
v 0.06895791 -0.02899121 0.09798576
v 0.06869063 -0.02894360 0.09780259
v 0.06869063 -0.02894360 0.09780259
v 0.06895791 -0.02899121 0.09798576
v 0.06604050 -0.03461196 0.09782600
v 0.06604050 -0.03461196 0.09782600
v 0.06895791 -0.02899121 0.09798576
v 0.06629015 -0.03465976 0.09798576
v 0.06604050 -0.03461196 0.09782600
v 0.06629015 -0.03465976 0.09798576
v 0.06295044 -0.03999292 0.09784209
v 0.06295044 -0.03999292 0.09784209
v 0.06629015 -0.03465976 0.09798576
v 0.06314364 -0.04010698 0.09798564
v 0.06295044 -0.03999292 0.09784209
v 0.06314364 -0.04010698 0.09798564
v 0.05938316 -0.04512017 0.09784209
v 0.05938316 -0.04512017 0.09784209
v 0.06314364 -0.04010698 0.09798564
v 0.05957472 -0.04524318 0.09798928
v 0.05938316 -0.04512017 0.09784209
v 0.05957472 -0.04524318 0.09798928
v 0.05558797 -0.05005656 0.09798576
v 0.05938316 -0.04512017 0.09784209
v 0.05558797 -0.05005656 0.09798576
v 0.05536861 -0.04993220 0.09782116
v 0.05536861 -0.04993220 0.09782116
v 0.05558797 -0.05005656 0.09798576
v 0.05100383 -0.05436163 0.09780981
v 0.05118567 -0.05455012 0.09798566
v 0.05100383 -0.05436163 0.09780981
v 0.05118567 -0.05455012 0.09798566
v 0.04628589 -0.05845495 0.09782665
v 0.04628589 -0.05845495 0.09782665
v 0.05118567 -0.05455012 0.09798566
v 0.04649264 -0.05867549 0.09804453
v 0.04628589 -0.05845495 0.09782665
v 0.04649264 -0.05867549 0.09804453
v 0.04139301 -0.06230809 0.09798575
v 0.04628589 -0.05845495 0.09782665
v 0.04139301 -0.06230809 0.09798575
v 0.04118283 -0.06210826 0.09778239
v 0.04118283 -0.06210826 0.09778239
v 0.04139301 -0.06230809 0.09798575
v 0.03585256 -0.06537529 0.09782599
v 0.03585256 -0.06537529 0.09782599
v 0.04139301 -0.06230809 0.09798575
v 0.03609065 -0.06558536 0.09803595
v 0.03585256 -0.06537529 0.09782599
v 0.03609065 -0.06558536 0.09803595
v 0.03028483 -0.06809317 0.09779138
v 0.03028483 -0.06809317 0.09779138
v 0.03609065 -0.06558536 0.09803595
v 0.03040924 -0.06840522 0.09803590
v 0.03028483 -0.06809317 0.09779138
v 0.03040924 -0.06840522 0.09803590
v 0.02446487 -0.07042994 0.09782115
v 0.02446487 -0.07042994 0.09782115
v 0.03040924 -0.06840522 0.09803590
v 0.02458387 -0.07065216 0.09798929
v 0.02446487 -0.07042994 0.09782115
v 0.02458387 -0.07065216 0.09798929
v 0.01846800 -0.07223758 0.09782600
v 0.01846800 -0.07223758 0.09782600
v 0.02458387 -0.07065216 0.09798929
v 0.01859950 -0.07245510 0.09798576
v 0.01846800 -0.07223758 0.09782600
v 0.01859950 -0.07245510 0.09798576
v 0.01239886 -0.07350406 0.09780981
v 0.01239886 -0.07350406 0.09780981
v 0.01859950 -0.07245510 0.09798576
v 0.01245701 -0.07376258 0.09798929
v 0.01239886 -0.07350406 0.09780981
v 0.01245701 -0.07376258 0.09798929
v 0.00625581 -0.07454225 0.09798576
v 0.01239886 -0.07350406 0.09780981
v 0.00625581 -0.07454225 0.09798576
v 0.00620401 -0.07430258 0.09782664
v 0.00620401 -0.07430258 0.09782664
v 0.00625581 -0.07454225 0.09798576
v 0.00000818 -0.07482304 0.09800106
v 0.00620401 -0.07430258 0.09782664
v 0.00000818 -0.07482304 0.09800106
v -0.00005800 -0.07455806 0.09782117
v -0.00005800 -0.07455806 0.09782117
v 0.00000818 -0.07482304 0.09800106
v -0.00627716 -0.07431545 0.09784209
v -0.00627716 -0.07431545 0.09784209
v 0.00000818 -0.07482304 0.09800106
v -0.00628875 -0.07453951 0.09798564
v -0.00627716 -0.07431545 0.09784209
v -0.00628875 -0.07453951 0.09798564
v -0.01247373 -0.07352958 0.09784210
v -0.01247373 -0.07352958 0.09784210
v -0.00628875 -0.07453951 0.09798564
v -0.01250396 -0.07375187 0.09798564
v -0.01247373 -0.07352958 0.09784210
v -0.01250396 -0.07375187 0.09798564
v -0.01859802 -0.07220125 0.09782115
v -0.01859802 -0.07220125 0.09782115
v -0.01250396 -0.07375187 0.09798564
v -0.01862304 -0.07247152 0.09800612
v -0.01859802 -0.07220125 0.09782115
v -0.01862304 -0.07247152 0.09800612
v -0.02458654 -0.07041054 0.09784142
v -0.02458654 -0.07041054 0.09784142
v -0.01862304 -0.07247152 0.09800612
v -0.02460409 -0.07064220 0.09798576
v -0.02458654 -0.07041054 0.09784142
v -0.02460409 -0.07064220 0.09798576
v -0.03034917 -0.06808456 0.09780981
v -0.03034917 -0.06808456 0.09780981
v -0.02460409 -0.07064220 0.09798576
v -0.03044387 -0.06833202 0.09798929
v -0.03034917 -0.06808456 0.09780981
v -0.03044387 -0.06833202 0.09798929
v -0.03604045 -0.06554974 0.09798575
v -0.03034917 -0.06808456 0.09780981
v -0.03604045 -0.06554974 0.09798575
v -0.03597341 -0.06532741 0.09783813
v -0.03597341 -0.06532741 0.09783813
v -0.03604045 -0.06554974 0.09798575
v -0.04132450 -0.06208402 0.09784142
v -0.04132450 -0.06208402 0.09784142
v -0.03604045 -0.06554974 0.09798575
v -0.04140132 -0.06236911 0.09803594
v -0.04132450 -0.06208402 0.09784142
v -0.04140132 -0.06236911 0.09803594
v -0.04635392 -0.05842520 0.09784209
v -0.04635392 -0.05842520 0.09784209
v -0.04140132 -0.06236911 0.09803594
v -0.04653245 -0.05864065 0.09803590
v -0.04635392 -0.05842520 0.09784209
v -0.04653245 -0.05864065 0.09803590
v -0.05107191 -0.05429358 0.09780260
v -0.05122852 -0.05450988 0.09798565
v -0.05107191 -0.05429358 0.09780260
v -0.05122852 -0.05450988 0.09798565
v -0.05545619 -0.04981141 0.09780917
v -0.05545619 -0.04981141 0.09780917
v -0.05122852 -0.05450988 0.09798565
v -0.05560498 -0.05004176 0.09798928
v -0.05545619 -0.04981141 0.09780917
v -0.05560498 -0.05004176 0.09798928
v -0.05944324 -0.04504046 0.09784143
v -0.05944324 -0.04504046 0.09784143
v -0.05560498 -0.05004176 0.09798928
v -0.05958608 -0.04522366 0.09798575
v -0.05944324 -0.04504046 0.09784143
v -0.05958608 -0.04522366 0.09798575
v -0.06295590 -0.03991406 0.09780980
v -0.06295590 -0.03991406 0.09780980
v -0.05958608 -0.04522366 0.09798575
v -0.06321069 -0.04007099 0.09801765
v -0.06295590 -0.03991406 0.09780980
v -0.06321069 -0.04007099 0.09801765
v -0.06611468 -0.03450520 0.09783813
v -0.06611468 -0.03450520 0.09783813
v -0.06321069 -0.04007099 0.09801765
v -0.06634806 -0.03467442 0.09804452
v -0.06611468 -0.03450520 0.09783813
v -0.06634806 -0.03467442 0.09804452
v -0.06876479 -0.02882253 0.09782599
v -0.06876479 -0.02882253 0.09782599
v -0.06634806 -0.03467442 0.09804452
v -0.06896073 -0.02898445 0.09798576
v -0.06876479 -0.02882253 0.09782599
v -0.06896073 -0.02898445 0.09798576
v -0.07092688 -0.02298449 0.09782116
v -0.07115223 -0.02308786 0.09798565
v -0.07092688 -0.02298449 0.09782116
v -0.07115223 -0.02308786 0.09798565
v -0.07260850 -0.01695114 0.09782600
v -0.07260850 -0.01695114 0.09782600
v -0.07115223 -0.02308786 0.09798565
v -0.07283483 -0.01706403 0.09798927
v -0.07260850 -0.01695114 0.09782600
v -0.07283483 -0.01706403 0.09798927
v -0.07377230 -0.01081593 0.09782599
v -0.07377230 -0.01081593 0.09782599
v -0.07283483 -0.01706403 0.09798927
v -0.07400234 -0.01092399 0.09798573
v -0.07377230 -0.01081593 0.09782599
v -0.07400234 -0.01092399 0.09798573
v -0.07437895 -0.00465002 0.09779138
v -0.07437895 -0.00465002 0.09779138
v -0.07400234 -0.01092399 0.09798573
v -0.07465856 -0.00466770 0.09798564
v -0.07437895 -0.00465002 0.09779138
v -0.07465856 -0.00466770 0.09798564
v -0.07456294 0.00159848 0.09784208
v -0.07456294 0.00159848 0.09784208
v -0.07465856 -0.00466770 0.09798564
v -0.07484578 0.00157800 0.09804453
v -0.07456294 0.00159848 0.09784208
v -0.07484578 0.00157800 0.09804453
v -0.07445281 0.00779465 0.09803593
v -0.07456294 0.00159848 0.09784208
v -0.07445281 0.00779465 0.09803593
v -0.07416771 0.00783212 0.09784209
v -0.07416771 0.00783212 0.09784209
v -0.07445281 0.00779465 0.09803593
v -0.07349927 0.01401236 0.09800104
v -0.07416771 0.00783212 0.09784209
v -0.07349927 0.01401236 0.09800104
v -0.07320728 0.01402948 0.09780259
v -0.07320728 0.01402948 0.09780259
v -0.07349927 0.01401236 0.09800104
v -0.07181596 0.02010541 0.09783813
v -0.07181596 0.02010541 0.09783813
v -0.07349927 0.01401236 0.09800104
v -0.07204083 0.02014468 0.09798565
v -0.07181596 0.02010541 0.09783813
v -0.07204083 0.02014468 0.09798565
v -0.06983569 0.02606805 0.09780916
v -0.06983569 0.02606805 0.09780916
v -0.07204083 0.02014468 0.09798565
v -0.07010253 0.02610221 0.09798565
v -0.06983569 0.02606805 0.09780916
v -0.07010253 0.02610221 0.09798565
v -0.06745484 0.03181176 0.09784142
v -0.06745484 0.03181176 0.09784142
v -0.07010253 0.02610221 0.09798565
v -0.06769824 0.03187299 0.09800612
v -0.06745484 0.03181176 0.09784142
v -0.06769824 0.03187299 0.09800612
v -0.06456997 0.03732171 0.09784209
v -0.06456997 0.03732171 0.09784209
v -0.06769824 0.03187299 0.09800612
v -0.06478243 0.03743981 0.09800095
v -0.06456997 0.03732171 0.09784209
v -0.06478243 0.03743981 0.09800095
v -0.06122050 0.04259392 0.09784209
v -0.06140875 0.04271598 0.09798565
v -0.06122050 0.04259392 0.09784209
v -0.06140875 0.04271598 0.09798565
v -0.05737640 0.04755431 0.09778239
v -0.05737640 0.04755431 0.09778239
v -0.06140875 0.04271598 0.09798565
v -0.05762790 0.04769821 0.09798927
v -0.05737640 0.04755431 0.09778239
v -0.05762790 0.04769821 0.09798927
v -0.05324094 0.05222589 0.09784142
v -0.05324094 0.05222589 0.09784142
v -0.05762790 0.04769821 0.09798927
v -0.05344304 0.05234044 0.09798575
v -0.05324094 0.05222589 0.09784142
v -0.05344304 0.05234044 0.09798575
v -0.04867385 0.05647800 0.09782116
v -0.04867385 0.05647800 0.09782116
v -0.05344304 0.05234044 0.09798575
v -0.04885644 0.05664571 0.09798565
v -0.04867385 0.05647800 0.09782116
v -0.04885644 0.05664571 0.09798565
v -0.04374180 0.06035911 0.09780917
v -0.04395532 0.06053118 0.09798929
v -0.04374180 0.06035911 0.09780917
v -0.04395532 0.06053118 0.09798929
v -0.03853765 0.06380765 0.09780917
v -0.03853765 0.06380765 0.09780917
v -0.04395532 0.06053118 0.09798929
v -0.03874752 0.06398681 0.09798575
v -0.03853765 0.06380765 0.09780917
v -0.03874752 0.06398681 0.09798575
v -0.03311470 0.06678321 0.09780980
v -0.03311470 0.06678321 0.09780980
v -0.03874752 0.06398681 0.09798575
v -0.03323977 0.06703445 0.09800094
v -0.03311470 0.06678321 0.09780980
v -0.03323977 0.06703445 0.09800094
v -0.02738093 0.06932834 0.09780259
v -0.02738093 0.06932834 0.09780259
v -0.03323977 0.06703445 0.09800094
v -0.02754923 0.06960906 0.09804452
v -0.02738093 0.06932834 0.09780259
v -0.02754923 0.06960906 0.09804452
v -0.02145861 0.07138694 0.09780916
v -0.02145861 0.07138694 0.09780916
v -0.02754923 0.06960906 0.09804452
v -0.02161728 0.07161268 0.09798575
v -0.02145861 0.07138694 0.09780916
v -0.02161728 0.07161268 0.09798575
v -0.01546566 0.07290175 0.09779137
v -0.01546566 0.07290175 0.09779137
v -0.02161728 0.07161268 0.09798575
v -0.01552395 0.07317579 0.09798563
v -0.01546566 0.07290175 0.09779137
v -0.01552395 0.07317579 0.09798563
v -0.00931117 0.07394020 0.09779137
v -0.00934630 0.07421817 0.09798565
v -0.00931117 0.07394020 0.09779137
v -0.00934630 0.07421817 0.09798565
v -0.00305256 0.07445903 0.09778239
v -0.00305256 0.07445903 0.09778239
v -0.00934630 0.07421817 0.09798565
v -0.00312200 0.07477944 0.09802450
v -0.00305256 0.07445903 0.09778239
v -0.00312200 0.07477944 0.09802450
v 0.00318626 0.07451168 0.09784142
v 0.00318626 0.07451168 0.09784142
v -0.00312200 0.07477944 0.09802450
v 0.00311456 0.07477674 0.09801772
v 0.00318626 0.07451168 0.09784142
v 0.00311456 0.07477674 0.09801772
v 0.00937531 0.07395055 0.09780981
v 0.00941017 0.07422903 0.09800094
v 0.00937531 0.07395055 0.09780981
v 0.00941017 0.07422903 0.09800094
v 0.01556051 0.07287891 0.09778239
v 0.01556051 0.07287891 0.09778239
v 0.00941017 0.07422903 0.09800094
v 0.01557158 0.07316844 0.09798929
v 0.01556051 0.07287891 0.09778239
v 0.01557158 0.07316844 0.09798929
v 0.02161651 0.07137836 0.09784142
v 0.02161651 0.07137836 0.09784142
v 0.01557158 0.07316844 0.09798929
v 0.02162431 0.07161056 0.09798575
v 0.02161651 0.07137836 0.09784142
v 0.02162431 0.07161056 0.09798575
v 0.02747152 0.06929571 0.09780980
v 0.02747152 0.06929571 0.09780980
v 0.02162431 0.07161056 0.09798575
v 0.02755569 0.06954696 0.09798929
v 0.02747152 0.06929571 0.09780980
v 0.02755569 0.06954696 0.09798929
v 0.03327462 0.06699432 0.09798362
v 0.02747152 0.06929571 0.09780980
v 0.03327462 0.06699432 0.09798362
v 0.03319959 0.06673772 0.09780260
v 0.03319959 0.06673772 0.09780260
v 0.03327462 0.06699432 0.09798362
v 0.03869039 0.06373688 0.09782599
v 0.03869039 0.06373688 0.09782599
v 0.03327462 0.06699432 0.09798362
v 0.03876806 0.06397759 0.09798929
v 0.03869039 0.06373688 0.09782599
v 0.03876806 0.06397759 0.09798929
v 0.04388805 0.06029909 0.09784141
v 0.04388805 0.06029909 0.09784141
v 0.03876806 0.06397759 0.09798929
v 0.04397182 0.06051578 0.09798575
v 0.04388805 0.06029909 0.09784141
v 0.04397182 0.06051578 0.09798575
v 0.04874644 0.05641941 0.09782664
v 0.04874644 0.05641941 0.09782664
v 0.04397182 0.06051578 0.09798575
v 0.04892436 0.05666380 0.09804452
v 0.04874644 0.05641941 0.09782664
v 0.04892436 0.05666380 0.09804452
v 0.05346387 0.05239839 0.09803593
v 0.04874644 0.05641941 0.09782664
v 0.05346387 0.05239839 0.09803593
v 0.05329652 0.05214254 0.09782664
v 0.05329652 0.05214254 0.09782664
v 0.05346387 0.05239839 0.09803593
v 0.05766096 0.04774086 0.09803593
v 0.05329652 0.05214254 0.09782664
v 0.05766096 0.04774086 0.09803593
v 0.05749586 0.04749722 0.09783813
v 0.05749586 0.04749722 0.09783813
v 0.05766096 0.04774086 0.09803593
v 0.06121225 0.04250777 0.09779138
v 0.06121225 0.04250777 0.09779138
v 0.05766096 0.04774086 0.09803593
v 0.06144232 0.04266769 0.09798566
v 0.06121225 0.04250777 0.09779138
v 0.06144232 0.04266769 0.09798566
v 0.06460657 0.03725834 0.09784209
v 0.06460657 0.03725834 0.09784209
v 0.06144232 0.04266769 0.09798566
v 0.06479717 0.03737670 0.09798566
v 0.06460657 0.03725834 0.09784209
v 0.06479717 0.03737670 0.09798566
v 0.06748686 0.03169279 0.09782116
v 0.06748686 0.03169279 0.09782116
v 0.06479717 0.03737670 0.09798566
v 0.06769542 0.03183435 0.09798929
v 0.06748686 0.03169279 0.09782116
v 0.06769542 0.03183435 0.09798929
v 0.06987863 0.02595291 0.09780978
v 0.06987863 0.02595291 0.09780978
v 0.06769542 0.03183435 0.09798929
v 0.07012308 0.02604698 0.09798566
v 0.06987863 0.02595291 0.09780978
v 0.07012308 0.02604698 0.09798566
v 0.07180534 0.02001424 0.09780978
v 0.07205664 0.02008809 0.09798565
v 0.07180534 0.02001424 0.09780978
v 0.07205664 0.02008809 0.09798565
v 0.07323100 0.01390512 0.09780258
v 0.07323100 0.01390512 0.09780258
v 0.07205664 0.02008809 0.09798565
v 0.07348550 0.01399907 0.09798927
v 0.07323100 0.01390512 0.09780258
v 0.07348550 0.01399907 0.09798927
v 0.07412673 0.00768666 0.09779079
v 0.07412673 0.00768666 0.09779079
v 0.07348550 0.01399907 0.09798927
v 0.07439488 0.00781557 0.09798573
v 0.02162431 0.07161056 0.09798575
v 0.02167114 0.07168580 0.09817016
v 0.02755569 0.06954696 0.09798929
v 0.02755569 0.06954696 0.09798929
v 0.02167114 0.07168580 0.09817016
v 0.02763178 0.06961224 0.09826112
v 0.02755569 0.06954696 0.09798929
v 0.02763178 0.06961224 0.09826112
v 0.03327462 0.06699432 0.09798362
v 0.03327462 0.06699432 0.09798362
v 0.02763178 0.06961224 0.09826112
v 0.03335636 0.06705704 0.09824991
v 0.03327462 0.06699432 0.09798362
v 0.03335636 0.06705704 0.09824991
v 0.03876806 0.06397759 0.09798929
v 0.03876806 0.06397759 0.09798929
v 0.03335636 0.06705704 0.09824991
v 0.03881777 0.06404427 0.09817012
v 0.03876806 0.06397759 0.09798929
v 0.03881777 0.06404427 0.09817012
v 0.04397182 0.06051578 0.09798575
v 0.04404075 0.06057146 0.09817014
v 0.04397182 0.06051578 0.09798575
v 0.04404075 0.06057146 0.09817014
v 0.04892436 0.05666380 0.09804452
v 0.06144232 0.04266769 0.09798566
v 0.05766096 0.04774086 0.09803593
v 0.06151098 0.04271871 0.09817016
v 0.06144232 0.04266769 0.09798566
v 0.06151098 0.04271871 0.09817016
v 0.06479717 0.03737670 0.09798566
v 0.06479717 0.03737670 0.09798566
v 0.06151098 0.04271871 0.09817016
v 0.06489204 0.03739408 0.09824991
v 0.06479717 0.03737670 0.09798566
v 0.06489204 0.03739408 0.09824991
v 0.06769542 0.03183435 0.09798929
v 0.06769542 0.03183435 0.09798929
v 0.06489204 0.03739408 0.09824991
v 0.06779555 0.03182989 0.09826112
v 0.06769542 0.03183435 0.09798929
v 0.06779555 0.03182989 0.09826112
v 0.07012308 0.02604698 0.09798566
v 0.07012308 0.02604698 0.09798566
v 0.06779555 0.03182989 0.09826112
v 0.07020221 0.02607949 0.09817013
v 0.07012308 0.02604698 0.09798566
v 0.07020221 0.02607949 0.09817013
v 0.07205664 0.02008809 0.09798565
v 0.07205664 0.02008809 0.09798565
v 0.07020221 0.02607949 0.09817013
v 0.07215438 0.02007796 0.09826111
v 0.07205664 0.02008809 0.09798565
v 0.07215438 0.02007796 0.09826111
v 0.07348550 0.01399907 0.09798927
v 0.07348550 0.01399907 0.09798927
v 0.07215438 0.02007796 0.09826111
v 0.07358017 0.01397324 0.09824991
v 0.07348550 0.01399907 0.09798927
v 0.07358017 0.01397324 0.09824991
v 0.07439488 0.00781557 0.09798573
v 0.07439488 0.00781557 0.09798573
v 0.07358017 0.01397324 0.09824991
v 0.07448239 0.00780155 0.09817013
v 0.07439488 0.00781557 0.09798573
v 0.07448239 0.00780155 0.09817013
v 0.07478855 0.00153720 0.09798565
v 0.07478855 0.00153720 0.09798565
v 0.07448239 0.00780155 0.09817013
v 0.07487397 0.00154171 0.09817014
v 0.07478855 0.00153720 0.09798565
v 0.07487397 0.00154171 0.09817014
v 0.07465488 -0.00472630 0.09798564
v 0.07465488 -0.00472630 0.09798564
v 0.07487397 0.00154171 0.09817014
v 0.07474351 -0.00476437 0.09824991
v 0.07465488 -0.00472630 0.09798564
v 0.07474351 -0.00476437 0.09824991
v 0.07400180 -0.01094657 0.09798929
v 0.07400180 -0.01094657 0.09798929
v 0.07474351 -0.00476437 0.09824991
v 0.07408273 -0.01100575 0.09826112
v 0.07400180 -0.01094657 0.09798929
v 0.07408273 -0.01100575 0.09826112
v 0.07282121 -0.01711025 0.09798566
v 0.07282121 -0.01711025 0.09798566
v 0.07408273 -0.01100575 0.09826112
v 0.07290509 -0.01712711 0.09817017
v 0.07282121 -0.01711025 0.09798566
v 0.07290509 -0.01712711 0.09817017
v 0.07113995 -0.02313443 0.09798929
v 0.07113995 -0.02313443 0.09798929
v 0.07290509 -0.01712711 0.09817017
v 0.07120988 -0.02320626 0.09826112
v 0.07113995 -0.02313443 0.09798929
v 0.07120988 -0.02320626 0.09826112
v 0.06895791 -0.02899121 0.09798576
v 0.06901916 -0.02908004 0.09824992
v 0.06895791 -0.02899121 0.09798576
v 0.06901916 -0.02908004 0.09824992
v 0.06629015 -0.03465976 0.09798576
v 0.06629015 -0.03465976 0.09798576
v 0.06901916 -0.02908004 0.09824992
v 0.06635529 -0.03471983 0.09817017
v 0.06629015 -0.03465976 0.09798576
v 0.06635529 -0.03471983 0.09817017
v 0.06314364 -0.04010698 0.09798564
v 0.06314364 -0.04010698 0.09798564
v 0.06635529 -0.03471983 0.09817017
v 0.06321729 -0.04015049 0.09817014
v 0.06314364 -0.04010698 0.09798564
v 0.06321729 -0.04015049 0.09817014
v 0.05957472 -0.04524318 0.09798928
v 0.05957472 -0.04524318 0.09798928
v 0.06321729 -0.04015049 0.09817014
v 0.05961888 -0.04533080 0.09824992
v 0.05957472 -0.04524318 0.09798928
v 0.05961888 -0.04533080 0.09824992
v 0.05558797 -0.05005656 0.09798576
v 0.05558797 -0.05005656 0.09798576
v 0.05961888 -0.04533080 0.09824992
v 0.05561461 -0.05016365 0.09826112
v 0.05558797 -0.05005656 0.09798576
v 0.05561461 -0.05016365 0.09826112
v 0.05118567 -0.05455012 0.09798566
v 0.05118567 -0.05455012 0.09798566
v 0.05561461 -0.05016365 0.09826112
v 0.05124616 -0.05461062 0.09817016
v 0.05118567 -0.05455012 0.09798566
v 0.05124616 -0.05461062 0.09817016
v 0.04649264 -0.05867549 0.09804453
v 0.04139301 -0.06230809 0.09798575
v 0.04649264 -0.05867549 0.09804453
v 0.04139487 -0.06241599 0.09824992
v 0.04139301 -0.06230809 0.09798575
v 0.04139487 -0.06241599 0.09824992
v 0.03609065 -0.06558536 0.09803595
v 0.02458387 -0.07065216 0.09798929
v 0.03040924 -0.06840522 0.09803590
v 0.02457213 -0.07074958 0.09824992
v 0.02458387 -0.07065216 0.09798929
v 0.02457213 -0.07074958 0.09824992
v 0.01859950 -0.07245510 0.09798576
v 0.01859950 -0.07245510 0.09798576
v 0.02457213 -0.07074958 0.09824992
v 0.01856247 -0.07255903 0.09826112
v 0.01859950 -0.07245510 0.09798576
v 0.01856247 -0.07255903 0.09826112
v 0.01245701 -0.07376258 0.09798929
v 0.01245701 -0.07376258 0.09798929
v 0.01856247 -0.07255903 0.09826112
v 0.01246296 -0.07384554 0.09817013
v 0.01245701 -0.07376258 0.09798929
v 0.01246296 -0.07384554 0.09817013
v 0.00625581 -0.07454225 0.09798576
v 0.00624002 -0.07462943 0.09817016
v 0.00625581 -0.07454225 0.09798576
v 0.00624002 -0.07462943 0.09817016
v 0.00000818 -0.07482304 0.09800106
v -0.00628875 -0.07453951 0.09798564
v 0.00000818 -0.07482304 0.09800106
v -0.00633232 -0.07462760 0.09826112
v -0.00628875 -0.07453951 0.09798564
v -0.00633232 -0.07462760 0.09826112
v -0.01250396 -0.07375187 0.09798564
v -0.01250396 -0.07375187 0.09798564
v -0.00633232 -0.07462760 0.09826112
v -0.01251556 -0.07383664 0.09817014
v -0.01250396 -0.07375187 0.09798564
v -0.01251556 -0.07383664 0.09817014
v -0.01862304 -0.07247152 0.09800612
v -0.02460409 -0.07064220 0.09798576
v -0.01862304 -0.07247152 0.09800612
v -0.02468891 -0.07070891 0.09824992
v -0.02460409 -0.07064220 0.09798576
v -0.02468891 -0.07070891 0.09824992
v -0.03044387 -0.06833202 0.09798929
v -0.03044387 -0.06833202 0.09798929
v -0.02468891 -0.07070891 0.09824992
v -0.03048489 -0.06840440 0.09817017
v -0.03044387 -0.06833202 0.09798929
v -0.03048489 -0.06840440 0.09817017
v -0.03604045 -0.06554974 0.09798575
v -0.03610183 -0.06561363 0.09817016
v -0.03604045 -0.06554974 0.09798575
v -0.03610183 -0.06561363 0.09817016
v -0.04140132 -0.06236911 0.09803594
v -0.05122852 -0.05450988 0.09798565
v -0.04653245 -0.05864065 0.09803590
v -0.05128510 -0.05457405 0.09817014
v -0.05122852 -0.05450988 0.09798565
v -0.05128510 -0.05457405 0.09817014
v -0.05560498 -0.05004176 0.09798928
v -0.05560498 -0.05004176 0.09798928
v -0.05128510 -0.05457405 0.09817014
v -0.05570215 -0.05006643 0.09826112
v -0.05560498 -0.05004176 0.09798928
v -0.05570215 -0.05006643 0.09826112
v -0.05958608 -0.04522366 0.09798575
v -0.05969362 -0.04523232 0.09824992
v -0.05958608 -0.04522366 0.09798575
v -0.05969362 -0.04523232 0.09824992
v -0.06321069 -0.04007099 0.09801765
v -0.06896073 -0.02898445 0.09798576
v -0.06634806 -0.03467442 0.09804452
v -0.06906706 -0.02896609 0.09824992
v -0.06896073 -0.02898445 0.09798576
v -0.06906706 -0.02896609 0.09824992
v -0.07115223 -0.02308786 0.09798565
v -0.07115223 -0.02308786 0.09798565
v -0.06906706 -0.02896609 0.09824992
v -0.07125030 -0.02308188 0.09826111
v -0.07115223 -0.02308786 0.09798565
v -0.07125030 -0.02308188 0.09826111
v -0.07283483 -0.01706403 0.09798927
v -0.07283483 -0.01706403 0.09798927
v -0.07125030 -0.02308188 0.09826111
v -0.07291727 -0.01707519 0.09817016
v -0.07283483 -0.01706403 0.09798927
v -0.07291727 -0.01707519 0.09817016
v -0.07400234 -0.01092399 0.09798573
v -0.07409037 -0.01091371 0.09817013
v -0.07400234 -0.01092399 0.09798573
v -0.07409037 -0.01091371 0.09817013
v -0.07465856 -0.00466770 0.09798564
v -0.07465856 -0.00466770 0.09798564
v -0.07409037 -0.01091371 0.09817013
v -0.07475128 -0.00464102 0.09824991
v -0.07465856 -0.00466770 0.09798564
v -0.07475128 -0.00464102 0.09824991
v -0.07484578 0.00157800 0.09804453
v -0.07204083 0.02014468 0.09798565
v -0.07349927 0.01401236 0.09800104
v -0.07211920 0.02020395 0.09826112
v -0.07204083 0.02014468 0.09798565
v -0.07211920 0.02020395 0.09826112
v -0.07010253 0.02610221 0.09798565
v -0.07010253 0.02610221 0.09798565
v -0.07211920 0.02020395 0.09826112
v -0.07018360 0.02612954 0.09817013
v -0.07010253 0.02610221 0.09798565
v -0.07018360 0.02612954 0.09817013
v -0.06769824 0.03187299 0.09800612
v -0.06140875 0.04271598 0.09798565
v -0.06478243 0.03743981 0.09800095
v -0.06146325 0.04279776 0.09826112
v -0.06140875 0.04271598 0.09798565
v -0.06146325 0.04279776 0.09826112
v -0.05762790 0.04769821 0.09798927
v -0.05762790 0.04769821 0.09798927
v -0.06146325 0.04279776 0.09826112
v -0.05768659 0.04775714 0.09817016
v -0.05762790 0.04769821 0.09798927
v -0.05768659 0.04775714 0.09817016
v -0.05344304 0.05234044 0.09798575
v -0.05344304 0.05234044 0.09798575
v -0.05768659 0.04775714 0.09817016
v -0.05346519 0.05244855 0.09826112
v -0.05344304 0.05234044 0.09798575
v -0.05346519 0.05244855 0.09826112
v -0.04885644 0.05664571 0.09798565
v -0.04889126 0.05673567 0.09824991
v -0.04885644 0.05664571 0.09798565
v -0.04889126 0.05673567 0.09824991
v -0.04395532 0.06053118 0.09798929
v -0.04395532 0.06053118 0.09798929
v -0.04889126 0.05673567 0.09824991
v -0.04399755 0.06060284 0.09817014
v -0.04395532 0.06053118 0.09798929
v -0.04399755 0.06060284 0.09817014
v -0.03874752 0.06398681 0.09798575
v -0.03877211 0.06407195 0.09817015
v -0.03874752 0.06398681 0.09798575
v -0.03877211 0.06407195 0.09817015
v -0.03323977 0.06703445 0.09800094
v -0.02161728 0.07161268 0.09798575
v -0.02754923 0.06960906 0.09804452
v -0.02161994 0.07170124 0.09817016
v -0.02161728 0.07161268 0.09798575
v -0.02161994 0.07170124 0.09817016
v -0.01552395 0.07317579 0.09798563
v -0.01552395 0.07317579 0.09798563
v -0.02161994 0.07170124 0.09817016
v -0.01550777 0.07327270 0.09826111
v -0.01552395 0.07317579 0.09798563
v -0.01550777 0.07327270 0.09826111
v -0.00934630 0.07421817 0.09798565
v -0.00932552 0.07431237 0.09824991
v -0.00934630 0.07421817 0.09798565
v -0.00932552 0.07431237 0.09824991
v -0.00312200 0.07477944 0.09802450
v 0.01557158 0.07316844 0.09798929
v 0.00941017 0.07422903 0.09800094
v 0.01563570 0.07324551 0.09826111
v 0.01557158 0.07316844 0.09798929
v 0.01563570 0.07324551 0.09826111
v 0.02162431 0.07161056 0.09798575
v 0.02162431 0.07161056 0.09798575
v 0.01563570 0.07324551 0.09826111
v 0.02167114 0.07168580 0.09817016
v 0.00000818 -0.07482304 0.09800106
v 0.00624002 -0.07462943 0.09817016
v -0.00005955 -0.07488702 0.09827519
v 0.00000818 -0.07482304 0.09800106
v -0.00005955 -0.07488702 0.09827519
v -0.00633232 -0.07462760 0.09826112
v -0.01862304 -0.07247152 0.09800612
v -0.01251556 -0.07383664 0.09817014
v -0.01868332 -0.07251879 0.09828162
v -0.01862304 -0.07247152 0.09800612
v -0.01868332 -0.07251879 0.09828162
v -0.02468891 -0.07070891 0.09824992
v -0.07349927 0.01401236 0.09800104
v -0.07445281 0.00779465 0.09803593
v -0.07354942 0.01409092 0.09827517
v -0.07349927 0.01401236 0.09800104
v -0.07354942 0.01409092 0.09827517
v -0.07211920 0.02020395 0.09826112
v -0.06769824 0.03187299 0.09800612
v -0.07018360 0.02612954 0.09817013
v -0.06773339 0.03194105 0.09828162
v -0.06769824 0.03187299 0.09800612
v -0.06773339 0.03194105 0.09828162
v -0.06478243 0.03743981 0.09800095
v -0.06482431 0.03749507 0.09827517
v -0.06478243 0.03743981 0.09800095
v -0.06482431 0.03749507 0.09827517
v -0.06146325 0.04279776 0.09826112
v -0.03323977 0.06703445 0.09800094
v -0.03877211 0.06407195 0.09817015
v -0.03324409 0.06710366 0.09827517
v -0.03323977 0.06703445 0.09800094
v -0.03324409 0.06710366 0.09827517
v -0.02754923 0.06960906 0.09804452
v 0.00941017 0.07422903 0.09800094
v 0.00311456 0.07477674 0.09801772
v 0.00944495 0.07428907 0.09827517
v 0.00941017 0.07422903 0.09800094
v 0.00944495 0.07428907 0.09827517
v 0.01563570 0.07324551 0.09826111
v -0.06321069 -0.04007099 0.09801765
v -0.05969362 -0.04523232 0.09824992
v -0.06325082 -0.04007585 0.09829320
v -0.06321069 -0.04007099 0.09801765
v -0.06325082 -0.04007585 0.09829320
v -0.06634806 -0.03467442 0.09804452
v -0.00312200 0.07477944 0.09802450
v -0.00932552 0.07431237 0.09824991
v -0.00275263 0.07483660 0.09829310
v -0.00312200 0.07477944 0.09802450
v -0.00275263 0.07483660 0.09829310
v 0.00311456 0.07477674 0.09801772
v 0.00311456 0.07477674 0.09801772
v -0.00275263 0.07483660 0.09829310
v 0.00311665 0.07481636 0.09828698
v 0.00311456 0.07477674 0.09801772
v 0.00311665 0.07481636 0.09828698
v 0.00944495 0.07428907 0.09827517
v 0.04892436 0.05666380 0.09804452
v 0.04404075 0.06057146 0.09817014
v 0.04895561 0.05664923 0.09829725
v 0.04892436 0.05666380 0.09804452
v 0.04895561 0.05664923 0.09829725
v 0.05346387 0.05239839 0.09803593
v 0.05346387 0.05239839 0.09803593
v 0.04895561 0.05664923 0.09829725
v 0.05352425 0.05235387 0.09829774
v 0.05346387 0.05239839 0.09803593
v 0.05352425 0.05235387 0.09829774
v 0.05766096 0.04774086 0.09803593
v 0.05766096 0.04774086 0.09803593
v 0.05352425 0.05235387 0.09829774
v 0.05771740 0.04769144 0.09829774
v 0.05766096 0.04774086 0.09803593
v 0.05771740 0.04769144 0.09829774
v 0.06151098 0.04271871 0.09817016
v 0.04649264 -0.05867549 0.09804453
v 0.05124616 -0.05461062 0.09817016
v 0.04647227 -0.05870350 0.09829774
v 0.04649264 -0.05867549 0.09804453
v 0.04647227 -0.05870350 0.09829774
v 0.04139487 -0.06241599 0.09824992
v 0.03609065 -0.06558536 0.09803595
v 0.04139487 -0.06241599 0.09824992
v 0.03603156 -0.06563154 0.09829774
v 0.03609065 -0.06558536 0.09803595
v 0.03603156 -0.06563154 0.09829774
v 0.03040924 -0.06840522 0.09803590
v 0.03040924 -0.06840522 0.09803590
v 0.03603156 -0.06563154 0.09829774
v 0.03041327 -0.06841642 0.09829774
v 0.03040924 -0.06840522 0.09803590
v 0.03041327 -0.06841642 0.09829774
v 0.02457213 -0.07074958 0.09824992
v -0.04140132 -0.06236911 0.09803594
v -0.03610183 -0.06561363 0.09817016
v -0.04146958 -0.06233827 0.09829726
v -0.04140132 -0.06236911 0.09803594
v -0.04146958 -0.06233827 0.09829726
v -0.04653245 -0.05864065 0.09803590
v -0.04653245 -0.05864065 0.09803590
v -0.04146958 -0.06233827 0.09829726
v -0.04654052 -0.05864940 0.09829774
v -0.04653245 -0.05864065 0.09803590
v -0.04654052 -0.05864940 0.09829774
v -0.05128510 -0.05457405 0.09817014
v -0.06634806 -0.03467442 0.09804452
v -0.06325082 -0.04007585 0.09829320
v -0.06637175 -0.03464916 0.09829774
v -0.06634806 -0.03467442 0.09804452
v -0.06637175 -0.03464916 0.09829774
v -0.06906706 -0.02896609 0.09824992
v -0.07484578 0.00157800 0.09804453
v -0.07475128 -0.00464102 0.09824991
v -0.07485437 0.00161152 0.09829773
v -0.07484578 0.00157800 0.09804453
v -0.07485437 0.00161152 0.09829773
v -0.07445281 0.00779465 0.09803593
v -0.07445281 0.00779465 0.09803593
v -0.07485437 0.00161152 0.09829773
v -0.07445700 0.00786956 0.09829773
v -0.07445281 0.00779465 0.09803593
v -0.07445700 0.00786956 0.09829773
v -0.07354942 0.01409092 0.09827517
v -0.02754923 0.06960906 0.09804452
v -0.03324409 0.06710366 0.09827517
v -0.02752165 0.06962996 0.09829774
v -0.02754923 0.06960906 0.09804452
v -0.02752165 0.06962996 0.09829774
v -0.02161994 0.07170124 0.09817016
v 0.02167114 0.07168580 0.09817016
v 0.01563570 0.07324551 0.09826111
v 0.02166567 0.07166511 0.09829873
v 0.02167114 0.07168580 0.09817016
v 0.02166567 0.07166511 0.09829873
v 0.02763178 0.06961224 0.09826112
v 0.03881777 0.06404427 0.09817012
v 0.03335636 0.06705704 0.09824991
v 0.03880739 0.06402558 0.09829873
v 0.03881777 0.06404427 0.09817012
v 0.03880739 0.06402558 0.09829873
v 0.04404075 0.06057146 0.09817014
v 0.04402881 0.06055371 0.09829873
v 0.04404075 0.06057146 0.09817014
v 0.04402881 0.06055371 0.09829873
v 0.04895561 0.05664923 0.09829725
v 0.06151098 0.04271871 0.09817016
v 0.05771740 0.04769144 0.09829774
v 0.06149386 0.04270589 0.09829873
v 0.06151098 0.04271871 0.09817016
v 0.06149386 0.04270589 0.09829873
v 0.06489204 0.03739408 0.09824991
v 0.07020221 0.02607949 0.09817013
v 0.06779555 0.03182989 0.09826112
v 0.07018245 0.02607131 0.09829873
v 0.07020221 0.02607949 0.09817013
v 0.07018245 0.02607131 0.09829873
v 0.07215438 0.02007796 0.09826111
v 0.07448239 0.00780155 0.09817013
v 0.07358017 0.01397324 0.09824991
v 0.07446121 0.00779857 0.09829873
v 0.07448239 0.00780155 0.09817013
v 0.07446121 0.00779857 0.09829873
v 0.07487397 0.00154171 0.09817014
v 0.07485263 0.00154046 0.09829873
v 0.07487397 0.00154171 0.09817014
v 0.07485263 0.00154046 0.09829873
v 0.07474351 -0.00476437 0.09824991
v 0.07290509 -0.01712711 0.09817017
v 0.07408273 -0.01100575 0.09826112
v 0.07288410 -0.01712302 0.09829873
v 0.07290509 -0.01712711 0.09817017
v 0.07288410 -0.01712302 0.09829873
v 0.07120988 -0.02320626 0.09826112
v 0.06635529 -0.03471983 0.09817017
v 0.06901916 -0.02908004 0.09824992
v 0.06633598 -0.03471061 0.09829874
v 0.06635529 -0.03471983 0.09817017
v 0.06633598 -0.03471061 0.09829874
v 0.06321729 -0.04015049 0.09817014
v 0.06319881 -0.04013972 0.09829874
v 0.06321729 -0.04015049 0.09817014
v 0.06319881 -0.04013972 0.09829874
v 0.05961888 -0.04533080 0.09824992
v 0.05124616 -0.05461062 0.09817016
v 0.05561461 -0.05016365 0.09826112
v 0.05123096 -0.05459557 0.09829874
v 0.05124616 -0.05461062 0.09817016
v 0.05123096 -0.05459557 0.09829874
v 0.04647227 -0.05870350 0.09829774
v 0.01246296 -0.07384554 0.09817013
v 0.01856247 -0.07255903 0.09826112
v 0.01245863 -0.07382459 0.09829874
v 0.01246296 -0.07384554 0.09817013
v 0.01245863 -0.07382459 0.09829874
v 0.00624002 -0.07462943 0.09817016
v 0.00623746 -0.07460819 0.09829874
v 0.00624002 -0.07462943 0.09817016
v 0.00623746 -0.07460819 0.09829874
v -0.00005955 -0.07488702 0.09827519
v -0.01251556 -0.07383664 0.09817014
v -0.00633232 -0.07462760 0.09826112
v -0.01251281 -0.07381543 0.09829874
v -0.01251556 -0.07383664 0.09817014
v -0.01251281 -0.07381543 0.09829874
v -0.01868332 -0.07251879 0.09828162
v -0.03048489 -0.06840440 0.09817017
v -0.02468891 -0.07070891 0.09824992
v -0.03047685 -0.06838457 0.09829874
v -0.03048489 -0.06840440 0.09817017
v -0.03047685 -0.06838457 0.09829874
v -0.03610183 -0.06561363 0.09817016
v -0.03609223 -0.06559451 0.09829874
v -0.03610183 -0.06561363 0.09817016
v -0.03609223 -0.06559451 0.09829874
v -0.04146958 -0.06233827 0.09829726
v -0.05128510 -0.05457405 0.09817014
v -0.04654052 -0.05864940 0.09829774
v -0.05127102 -0.05455795 0.09829874
v -0.05128510 -0.05457405 0.09817014
v -0.05127102 -0.05455795 0.09829874
v -0.05570215 -0.05006643 0.09826112
v -0.07291727 -0.01707519 0.09817016
v -0.07125030 -0.02308188 0.09826111
v -0.07289664 -0.01706953 0.09829873
v -0.07291727 -0.01707519 0.09817016
v -0.07289664 -0.01706953 0.09829873
v -0.07409037 -0.01091371 0.09817013
v -0.07406932 -0.01090983 0.09829873
v -0.07409037 -0.01091371 0.09817013
v -0.07406932 -0.01090983 0.09829873
v -0.07475128 -0.00464102 0.09824991
v -0.07018360 0.02612954 0.09817013
v -0.07211920 0.02020395 0.09826112
v -0.07016330 0.02612281 0.09829873
v -0.07018360 0.02612954 0.09817013
v -0.07016330 0.02612281 0.09829873
v -0.06773339 0.03194105 0.09828162
v -0.05768659 0.04775714 0.09817016
v -0.06146325 0.04279776 0.09826112
v -0.05766963 0.04774414 0.09829873
v -0.05768659 0.04775714 0.09817016
v -0.05766963 0.04774414 0.09829873
v -0.05346519 0.05244855 0.09826112
v -0.04399755 0.06060284 0.09817014
v -0.04889126 0.05673567 0.09824991
v -0.04398435 0.06058601 0.09829873
v -0.04399755 0.06060284 0.09817014
v -0.04398435 0.06058601 0.09829873
v -0.03877211 0.06407195 0.09817015
v -0.03876039 0.06405406 0.09829873
v -0.03877211 0.06407195 0.09817015
v -0.03876039 0.06405406 0.09829873
v -0.03324409 0.06710366 0.09827517
v -0.02161994 0.07170124 0.09817016
v -0.02752165 0.06962996 0.09829774
v -0.02161306 0.07168100 0.09829873
v -0.02161994 0.07170124 0.09817016
v -0.02161306 0.07168100 0.09829873
v -0.01550777 0.07327270 0.09826111
v 0.07385962 0.01302347 0.09829873
v 0.07215438 0.02007796 0.09826111
v 0.07184828 0.02150999 0.09829873
v 0.07184828 0.02150999 0.09829873
v 0.07215438 0.02007796 0.09826111
v 0.07018245 0.02607131 0.09829873
v 0.07184828 0.02150999 0.09829873
v 0.07018245 0.02607131 0.09829873
v 0.06886531 0.02970562 0.09829873
v 0.06886531 0.02970562 0.09829873
v 0.07018245 0.02607131 0.09829873
v 0.06779555 0.03182989 0.09826112
v 0.06886531 0.02970562 0.09829873
v 0.06779555 0.03182989 0.09826112
v 0.06495106 0.03749954 0.09829873
v -0.02565115 -0.07047604 0.09829874
v -0.01868332 -0.07251879 0.09828162
v -0.01729594 -0.07297742 0.09829874
v -0.01729594 -0.07297742 0.09829874
v -0.01868332 -0.07251879 0.09828162
v -0.01251281 -0.07381543 0.09829874
v -0.01729594 -0.07297742 0.09829874
v -0.01251281 -0.07381543 0.09829874
v -0.00870683 -0.07449191 0.09829874
v -0.00870683 -0.07449191 0.09829874
v -0.01251281 -0.07381543 0.09829874
v -0.00633232 -0.07462760 0.09826112
v -0.00870683 -0.07449191 0.09829874
v -0.00633232 -0.07462760 0.09826112
v 0.00000002 -0.07499902 0.09829874
v -0.00633232 -0.07462760 0.09826112
v -0.00005955 -0.07488702 0.09827519
v 0.00000002 -0.07499902 0.09829874
v 0.00000002 -0.07499902 0.09829874
v -0.00005955 -0.07488702 0.09827519
v 0.00623746 -0.07460819 0.09829874
v 0.00000002 -0.07499902 0.09829874
v 0.00623746 -0.07460819 0.09829874
v 0.00870688 -0.07449191 0.09829874
v 0.01245863 -0.07382459 0.09829874
v 0.01729599 -0.07297741 0.09829874
v 0.01729599 -0.07297741 0.09829874
v 0.01245863 -0.07382459 0.09829874
v 0.01856247 -0.07255903 0.09826112
v 0.01729599 -0.07297741 0.09829874
v 0.01856247 -0.07255903 0.09826112
v 0.02565120 -0.07047602 0.09829874
v 0.01856247 -0.07255903 0.09826112
v 0.02457213 -0.07074958 0.09824992
v 0.02565120 -0.07047602 0.09829874
v 0.02565120 -0.07047602 0.09829874
v 0.02457213 -0.07074958 0.09824992
v 0.03041327 -0.06841642 0.09829774
v 0.02565120 -0.07047602 0.09829874
v 0.03041327 -0.06841642 0.09829774
v 0.03365952 -0.06702157 0.09829874
v 0.03365952 -0.06702157 0.09829874
v 0.03041327 -0.06841642 0.09829774
v 0.03603156 -0.06563154 0.09829774
v 0.03365952 -0.06702157 0.09829874
v 0.03603156 -0.06563154 0.09829774
v 0.04121265 -0.06266076 0.09829874
v 0.06779555 0.03182989 0.09826112
v 0.06489204 0.03739408 0.09824991
v 0.06495106 0.03749954 0.09829873
v 0.06495106 0.03749954 0.09829873
v 0.06489204 0.03739408 0.09824991
v 0.06149386 0.04270589 0.09829873
v 0.06495106 0.03749954 0.09829873
v 0.06149386 0.04270589 0.09829873
v 0.06015844 0.04478633 0.09829873
v 0.05771740 0.04769144 0.09829774
v 0.06015844 0.04478633 0.09829873
v 0.05771740 0.04769144 0.09829774
v 0.05455230 0.05146747 0.09829873
v 0.05455230 0.05146747 0.09829873
v 0.05352425 0.05235387 0.09829774
v 0.05455230 0.05146747 0.09829873
v 0.05352425 0.05235387 0.09829774
v 0.04820842 0.05745260 0.09829873
v 0.05352425 0.05235387 0.09829774
v 0.04895561 0.05664923 0.09829725
v 0.04820842 0.05745260 0.09829873
v 0.04820842 0.05745260 0.09829873
v 0.04895561 0.05664923 0.09829725
v 0.04402881 0.06055371 0.09829873
v 0.04820842 0.05745260 0.09829873
v 0.04402881 0.06055371 0.09829873
v 0.04121261 0.06266079 0.09829873
v 0.03880739 0.06402558 0.09829873
v 0.03365948 0.06702161 0.09829873
v 0.03880739 0.06402558 0.09829873
v 0.03335636 0.06705704 0.09824991
v 0.03365948 0.06702161 0.09829873
v 0.03365948 0.06702161 0.09829873
v 0.03335636 0.06705704 0.09824991
v 0.02763178 0.06961224 0.09826112
v 0.03365948 0.06702161 0.09829873
v 0.02763178 0.06961224 0.09826112
v 0.02565115 0.07047605 0.09829873
v 0.02565115 0.07047605 0.09829873
v 0.02763178 0.06961224 0.09826112
v 0.02166567 0.07166511 0.09829873
v 0.02565115 0.07047605 0.09829873
v 0.02166567 0.07166511 0.09829873
v 0.01729594 0.07297743 0.09829873
v 0.01729594 0.07297743 0.09829873
v 0.02166567 0.07166511 0.09829873
v 0.01563570 0.07324551 0.09826111
v 0.01729594 0.07297743 0.09829873
v 0.01563570 0.07324551 0.09826111
v 0.00870683 0.07449192 0.09829873
v -0.00870688 0.07449192 0.09829873
v -0.01550777 0.07327270 0.09826111
v -0.01729599 0.07297742 0.09829873
v -0.01729599 0.07297742 0.09829873
v -0.01550777 0.07327270 0.09826111
v -0.02161306 0.07168100 0.09829873
v -0.01729599 0.07297742 0.09829873
v -0.02161306 0.07168100 0.09829873
v -0.02565120 0.07047603 0.09829873
v -0.02752165 0.06962996 0.09829774
v -0.02565120 0.07047603 0.09829873
v -0.02752165 0.06962996 0.09829774
v -0.03365952 0.06702158 0.09829873
v -0.06015844 -0.04478632 0.09829874
v -0.05570215 -0.05006643 0.09826112
v -0.05455230 -0.05146747 0.09829874
v -0.05455230 -0.05146747 0.09829874
v -0.05570215 -0.05006643 0.09826112
v -0.05127102 -0.05455795 0.09829874
v -0.05455230 -0.05146747 0.09829874
v -0.05127102 -0.05455795 0.09829874
v -0.04820842 -0.05745260 0.09829874
v -0.04654052 -0.05864940 0.09829774
v -0.04820842 -0.05745260 0.09829874
v -0.04654052 -0.05864940 0.09829774
v -0.04121261 -0.06266079 0.09829874
v -0.00000002 0.07499903 0.09829873
v -0.00275263 0.07483660 0.09829310
v -0.00870688 0.07449192 0.09829873
v -0.00870688 0.07449192 0.09829873
v -0.00275263 0.07483660 0.09829310
v -0.00932552 0.07431237 0.09824991
v -0.00870688 0.07449192 0.09829873
v -0.00932552 0.07431237 0.09824991
v -0.01550777 0.07327270 0.09826111
v -0.06495108 0.03749950 0.09829873
v -0.06773339 0.03194105 0.09828162
v -0.06886533 0.02970558 0.09829873
v -0.06886533 0.02970558 0.09829873
v -0.06773339 0.03194105 0.09828162
v -0.07016330 0.02612281 0.09829873
v -0.06886533 0.02970558 0.09829873
v -0.07016330 0.02612281 0.09829873
v -0.07184829 0.02150994 0.09829873
v -0.07184829 0.02150994 0.09829873
v -0.07016330 0.02612281 0.09829873
v -0.07211920 0.02020395 0.09826112
v -0.07184829 0.02150994 0.09829873
v -0.07211920 0.02020395 0.09826112
v -0.07385963 0.01302342 0.09829873
v -0.04654052 -0.05864940 0.09829774
v -0.04146958 -0.06233827 0.09829726
v -0.04121261 -0.06266079 0.09829874
v -0.04121261 -0.06266079 0.09829874
v -0.04146958 -0.06233827 0.09829726
v -0.03609223 -0.06559451 0.09829874
v -0.04121261 -0.06266079 0.09829874
v -0.03609223 -0.06559451 0.09829874
v -0.03365948 -0.06702160 0.09829874
v -0.03047685 -0.06838457 0.09829874
v -0.02565115 -0.07047604 0.09829874
v -0.02565115 -0.07047604 0.09829874
v -0.03047685 -0.06838457 0.09829874
v -0.02468891 -0.07070891 0.09824992
v -0.02565115 -0.07047604 0.09829874
v -0.02468891 -0.07070891 0.09824992
v -0.01868332 -0.07251879 0.09828162
v 0.03603156 -0.06563154 0.09829774
v 0.04139487 -0.06241599 0.09824992
v 0.04121265 -0.06266076 0.09829874
v 0.04121265 -0.06266076 0.09829874
v 0.04139487 -0.06241599 0.09824992
v 0.04647227 -0.05870350 0.09829774
v 0.04121265 -0.06266076 0.09829874
v 0.04647227 -0.05870350 0.09829774
v 0.04820846 -0.05745256 0.09829874
v 0.04820846 -0.05745256 0.09829874
v 0.04647227 -0.05870350 0.09829774
v 0.05123096 -0.05459557 0.09829874
v 0.05455233 -0.05146743 0.09829874
v 0.05455233 -0.05146743 0.09829874
v 0.05123096 -0.05459557 0.09829874
v 0.05561461 -0.05016365 0.09826112
v 0.05455233 -0.05146743 0.09829874
v 0.05561461 -0.05016365 0.09826112
v 0.06015847 -0.04478628 0.09829874
v 0.06886533 -0.02970557 0.09829873
v 0.07120988 -0.02320626 0.09826112
v 0.07184829 -0.02150993 0.09829873
v 0.07184829 -0.02150993 0.09829873
v 0.07120988 -0.02320626 0.09826112
v 0.07288410 -0.01712302 0.09829873
v 0.07184829 -0.02150993 0.09829873
v 0.07288410 -0.01712302 0.09829873
v 0.07385963 -0.01302341 0.09829873
v 0.07385963 -0.01302341 0.09829873
v 0.07288410 -0.01712302 0.09829873
v 0.07408273 -0.01100575 0.09826112
v 0.07385963 -0.01302341 0.09829873
v 0.07408273 -0.01100575 0.09826112
v 0.07487215 -0.00436078 0.09829873
v 0.07408273 -0.01100575 0.09826112
v 0.07474351 -0.00476437 0.09824991
v 0.07487215 -0.00436078 0.09829873
v 0.07487215 -0.00436078 0.09829873
v 0.07474351 -0.00476437 0.09824991
v 0.07485263 0.00154046 0.09829873
v 0.07487215 -0.00436078 0.09829873
v 0.07485263 0.00154046 0.09829873
v 0.07487215 0.00436083 0.09829873
v 0.07446121 0.00779857 0.09829873
v 0.07385962 0.01302347 0.09829873
v 0.07385962 0.01302347 0.09829873
v 0.07446121 0.00779857 0.09829873
v 0.07358017 0.01397324 0.09824991
v 0.07385962 0.01302347 0.09829873
v 0.07358017 0.01397324 0.09824991
v 0.07215438 0.02007796 0.09826111
v 0.01563570 0.07324551 0.09826111
v 0.00944495 0.07428907 0.09827517
v 0.00870683 0.07449192 0.09829873
v 0.00870683 0.07449192 0.09829873
v 0.00944495 0.07428907 0.09827517
v 0.00311665 0.07481636 0.09828698
v 0.00870683 0.07449192 0.09829873
v 0.00311665 0.07481636 0.09828698
v -0.00000002 0.07499903 0.09829873
v -0.00000002 0.07499903 0.09829873
v 0.00311665 0.07481636 0.09828698
v -0.00275263 0.07483660 0.09829310
v -0.02752165 0.06962996 0.09829774
v -0.03324409 0.06710366 0.09827517
v -0.03365952 0.06702158 0.09829873
v -0.03365952 0.06702158 0.09829873
v -0.03324409 0.06710366 0.09827517
v -0.03876039 0.06405406 0.09829873
v -0.03365952 0.06702158 0.09829873
v -0.03876039 0.06405406 0.09829873
v -0.04121265 0.06266077 0.09829873
v -0.04398435 0.06058601 0.09829873
v -0.04820846 0.05745257 0.09829873
v -0.04398435 0.06058601 0.09829873
v -0.04889126 0.05673567 0.09824991
v -0.04820846 0.05745257 0.09829873
v -0.04820846 0.05745257 0.09829873
v -0.04889126 0.05673567 0.09824991
v -0.05346519 0.05244855 0.09826112
v -0.04820846 0.05745257 0.09829873
v -0.05346519 0.05244855 0.09826112
v -0.05455233 0.05146744 0.09829873
v -0.05455233 0.05146744 0.09829873
v -0.05346519 0.05244855 0.09826112
v -0.05766963 0.04774414 0.09829873
v -0.05455233 0.05146744 0.09829873
v -0.05766963 0.04774414 0.09829873
v -0.06015847 0.04478629 0.09829873
v -0.06015847 0.04478629 0.09829873
v -0.05766963 0.04774414 0.09829873
v -0.06146325 0.04279776 0.09826112
v -0.06015847 0.04478629 0.09829873
v -0.06146325 0.04279776 0.09826112
v -0.06495108 0.03749950 0.09829873
v -0.06495108 0.03749950 0.09829873
v -0.06146325 0.04279776 0.09826112
v -0.06482431 0.03749507 0.09827517
v -0.06495108 0.03749950 0.09829873
v -0.06482431 0.03749507 0.09827517
v -0.06773339 0.03194105 0.09828162
v -0.07211920 0.02020395 0.09826112
v -0.07354942 0.01409092 0.09827517
v -0.07385963 0.01302342 0.09829873
v -0.07385963 0.01302342 0.09829873
v -0.07354942 0.01409092 0.09827517
v -0.07445700 0.00786956 0.09829773
v -0.07385963 0.01302342 0.09829873
v -0.07445700 0.00786956 0.09829773
v -0.07487215 0.00436079 0.09829873
v -0.07487215 0.00436079 0.09829873
v -0.07445700 0.00786956 0.09829773
v -0.07485437 0.00161152 0.09829773
v -0.07487215 0.00436079 0.09829873
v -0.07485437 0.00161152 0.09829773
v -0.07487215 -0.00436083 0.09829873
v 0.05561461 -0.05016365 0.09826112
v 0.05961888 -0.04533080 0.09824992
v 0.06015847 -0.04478628 0.09829874
v 0.06015847 -0.04478628 0.09829874
v 0.05961888 -0.04533080 0.09824992
v 0.06319881 -0.04013972 0.09829874
v 0.06015847 -0.04478628 0.09829874
v 0.06319881 -0.04013972 0.09829874
v 0.06495108 -0.03749949 0.09829874
v 0.06633598 -0.03471061 0.09829874
v 0.06886533 -0.02970557 0.09829873
v 0.06886533 -0.02970557 0.09829873
v 0.06633598 -0.03471061 0.09829874
v 0.06901916 -0.02908004 0.09824992
v 0.06886533 -0.02970557 0.09829873
v 0.06901916 -0.02908004 0.09824992
v 0.07120988 -0.02320626 0.09826112
v -0.07485437 0.00161152 0.09829773
v -0.07475128 -0.00464102 0.09824991
v -0.07487215 -0.00436083 0.09829873
v -0.07487215 -0.00436083 0.09829873
v -0.07475128 -0.00464102 0.09824991
v -0.07406932 -0.01090983 0.09829873
v -0.07487215 -0.00436083 0.09829873
v -0.07406932 -0.01090983 0.09829873
v -0.07385962 -0.01302346 0.09829873
v -0.07289664 -0.01706953 0.09829873
v -0.07184828 -0.02150998 0.09829873
v -0.07184828 -0.02150998 0.09829873
v -0.07289664 -0.01706953 0.09829873
v -0.07125030 -0.02308188 0.09826111
v -0.07184828 -0.02150998 0.09829873
v -0.07125030 -0.02308188 0.09826111
v -0.06886531 -0.02970561 0.09829873
v -0.07125030 -0.02308188 0.09826111
v -0.06906706 -0.02896609 0.09824992
v -0.06886531 -0.02970561 0.09829873
v -0.06886531 -0.02970561 0.09829873
v -0.06906706 -0.02896609 0.09824992
v -0.06637175 -0.03464916 0.09829774
v -0.06886531 -0.02970561 0.09829873
v -0.06637175 -0.03464916 0.09829774
v -0.06495106 -0.03749953 0.09829874
v -0.06495106 -0.03749953 0.09829874
v -0.06637175 -0.03464916 0.09829774
v -0.06325082 -0.04007585 0.09829320
v -0.06495106 -0.03749953 0.09829874
v -0.06325082 -0.04007585 0.09829320
v -0.06015844 -0.04478632 0.09829874
v -0.06015844 -0.04478632 0.09829874
v -0.06325082 -0.04007585 0.09829320
v -0.05969362 -0.04523232 0.09824992
v -0.06015844 -0.04478632 0.09829874
v -0.05969362 -0.04523232 0.09824992
v -0.05570215 -0.05006643 0.09826112
v 0.00000002 -0.07499902 0.09829874
v -0.00870582 -0.07448324 0.09929872
v -0.00870683 -0.07449191 0.09829874
v -0.00870683 -0.07449191 0.09829874
v -0.00870582 -0.07448324 0.09929872
v -0.01729393 -0.07296893 0.09929872
v -0.01729594 -0.07297742 0.09829874
v -0.01729594 -0.07297742 0.09829874
v -0.01729393 -0.07296893 0.09929872
v -0.02564817 -0.07046784 0.09929872
v -0.02565115 -0.07047604 0.09829874
v -0.02565115 -0.07047604 0.09829874
v -0.02564817 -0.07046784 0.09929872
v -0.03365556 -0.06701378 0.09929872
v -0.03365948 -0.06702160 0.09829874
v -0.03365948 -0.06702160 0.09829874
v -0.03365556 -0.06701378 0.09929872
v -0.04120783 -0.06265348 0.09929872
v -0.04121261 -0.06266079 0.09829874
v -0.04121261 -0.06266079 0.09829874
v -0.04120783 -0.06265348 0.09929872
v -0.04820282 -0.05744592 0.09929872
v -0.04820842 -0.05745260 0.09829874
v -0.04820842 -0.05745260 0.09829874
v -0.04820282 -0.05744592 0.09929872
v -0.05454596 -0.05146148 0.09929872
v -0.05455230 -0.05146747 0.09829874
v -0.05455230 -0.05146747 0.09829874
v -0.05454596 -0.05146148 0.09929872
v -0.06015144 -0.04478111 0.09929872
v -0.06015844 -0.04478632 0.09829874
v -0.06015844 -0.04478632 0.09829874
v -0.06015144 -0.04478111 0.09929872
v -0.06494350 -0.03749516 0.09929871
v -0.06495106 -0.03749953 0.09829874
v -0.06495106 -0.03749953 0.09829874
v -0.06494350 -0.03749516 0.09929871
v -0.06885730 -0.02970216 0.09929871
v -0.06886531 -0.02970561 0.09829873
v -0.06886531 -0.02970561 0.09829873
v -0.06885730 -0.02970216 0.09929871
v -0.07183991 -0.02150748 0.09929871
v -0.07184828 -0.02150998 0.09829873
v -0.07184828 -0.02150998 0.09829873
v -0.07183991 -0.02150748 0.09929871
v -0.07385103 -0.01302195 0.09929871
v -0.07385962 -0.01302346 0.09829873
v -0.07385962 -0.01302346 0.09829873
v -0.07385103 -0.01302195 0.09929871
v -0.07486344 -0.00436032 0.09929871
v -0.07487215 -0.00436083 0.09829873
v -0.07487215 -0.00436083 0.09829873
v -0.07486344 -0.00436032 0.09929871
v -0.07486344 0.00436028 0.09929871
v -0.07487215 0.00436079 0.09829873
v -0.07487215 0.00436079 0.09829873
v -0.07486344 0.00436028 0.09929871
v -0.07385103 0.01302191 0.09929871
v -0.07385963 0.01302342 0.09829873
v -0.07385963 0.01302342 0.09829873
v -0.07385103 0.01302191 0.09929871
v -0.07183992 0.02150744 0.09929871
v -0.07184829 0.02150994 0.09829873
v -0.07184829 0.02150994 0.09829873
v -0.07183992 0.02150744 0.09929871
v -0.06885732 0.02970213 0.09929871
v -0.06886533 0.02970558 0.09829873
v -0.06886533 0.02970558 0.09829873
v -0.06885732 0.02970213 0.09929871
v -0.06494353 0.03749512 0.09929872
v -0.06495108 0.03749950 0.09829873
v -0.06495108 0.03749950 0.09829873
v -0.06494353 0.03749512 0.09929872
v -0.06015147 0.04478108 0.09929871
v -0.06015847 0.04478629 0.09829873
v -0.06015847 0.04478629 0.09829873
v -0.06015147 0.04478108 0.09929871
v -0.05454599 0.05146145 0.09929871
v -0.05455233 0.05146744 0.09829873
v -0.05455233 0.05146744 0.09829873
v -0.05454599 0.05146145 0.09929871
v -0.04820285 0.05744589 0.09929871
v -0.04820846 0.05745257 0.09829873
v -0.04820846 0.05745257 0.09829873
v -0.04820285 0.05744589 0.09929871
v -0.04120787 0.06265347 0.09929871
v -0.04121265 0.06266077 0.09829873
v -0.04121265 0.06266077 0.09829873
v -0.04120787 0.06265347 0.09929871
v -0.03365561 0.06701377 0.09929871
v -0.03365952 0.06702158 0.09829873
v -0.03365952 0.06702158 0.09829873
v -0.03365561 0.06701377 0.09929871
v -0.02564822 0.07046783 0.09929871
v -0.02565120 0.07047603 0.09829873
v -0.02565120 0.07047603 0.09829873
v -0.02564822 0.07046783 0.09929871
v -0.01729398 0.07296893 0.09929871
v -0.01729599 0.07297742 0.09829873
v -0.01729599 0.07297742 0.09829873
v -0.01729398 0.07296893 0.09929871
v -0.00870587 0.07448324 0.09929871
v -0.00870688 0.07449192 0.09829873
v -0.00870688 0.07449192 0.09829873
v -0.00870587 0.07448324 0.09929871
v -0.00000002 0.07499030 0.09929871
v -0.00000002 0.07499903 0.09829873
v -0.00000002 0.07499903 0.09829873
v -0.00000002 0.07499030 0.09929871
v 0.00870582 0.07448325 0.09929871
v 0.00870683 0.07449192 0.09829873
v 0.00870683 0.07449192 0.09829873
v 0.00870582 0.07448325 0.09929871
v 0.01729393 0.07296894 0.09929871
v 0.01729594 0.07297743 0.09829873
v 0.01729594 0.07297743 0.09829873
v 0.01729393 0.07296894 0.09929871
v 0.02564817 0.07046785 0.09929871
v 0.02565115 0.07047605 0.09829873
v 0.02565115 0.07047605 0.09829873
v 0.02564817 0.07046785 0.09929871
v 0.03365556 0.06701379 0.09929871
v 0.03365948 0.06702161 0.09829873
v 0.03365948 0.06702161 0.09829873
v 0.03365556 0.06701379 0.09929871
v 0.04120783 0.06265349 0.09929871
v 0.04121261 0.06266079 0.09829873
v 0.04121261 0.06266079 0.09829873
v 0.04120783 0.06265349 0.09929871
v 0.04820282 0.05744593 0.09929871
v 0.04820842 0.05745260 0.09829873
v 0.04820842 0.05745260 0.09829873
v 0.04820282 0.05744593 0.09929871
v 0.05454596 0.05146149 0.09929871
v 0.05455230 0.05146747 0.09829873
v 0.05455230 0.05146747 0.09829873
v 0.05454596 0.05146149 0.09929871
v 0.06015144 0.04478112 0.09929871
v 0.06015844 0.04478633 0.09829873
v 0.06015844 0.04478633 0.09829873
v 0.06015144 0.04478112 0.09929871
v 0.06494350 0.03749517 0.09929871
v 0.06495106 0.03749954 0.09829873
v 0.06495106 0.03749954 0.09829873
v 0.06494350 0.03749517 0.09929871
v 0.06885730 0.02970217 0.09929871
v 0.06886531 0.02970562 0.09829873
v 0.06886531 0.02970562 0.09829873
v 0.06885730 0.02970217 0.09929871
v 0.07183991 0.02150749 0.09929871
v 0.07184828 0.02150999 0.09829873
v 0.07184828 0.02150999 0.09829873
v 0.07183991 0.02150749 0.09929871
v 0.07385103 0.01302196 0.09929871
v 0.07385962 0.01302347 0.09829873
v 0.07385962 0.01302347 0.09829873
v 0.07385103 0.01302196 0.09929871
v 0.07486344 0.00436033 0.09929871
v 0.07487215 0.00436083 0.09829873
v 0.07487215 0.00436083 0.09829873
v 0.07486344 0.00436033 0.09929871
v 0.07486344 -0.00436027 0.09929871
v 0.07487215 -0.00436078 0.09829873
v 0.07487215 -0.00436078 0.09829873
v 0.07486344 -0.00436027 0.09929871
v 0.07385103 -0.01302190 0.09929871
v 0.07385963 -0.01302341 0.09829873
v 0.07385963 -0.01302341 0.09829873
v 0.07385103 -0.01302190 0.09929871
v 0.07183992 -0.02150743 0.09929871
v 0.07184829 -0.02150993 0.09829873
v 0.07184829 -0.02150993 0.09829873
v 0.07183992 -0.02150743 0.09929871
v 0.06885732 -0.02970212 0.09929871
v 0.06886533 -0.02970557 0.09829873
v 0.06886533 -0.02970557 0.09829873
v 0.06885732 -0.02970212 0.09929871
v 0.06494352 -0.03749512 0.09929871
v 0.06495108 -0.03749949 0.09829874
v 0.06495108 -0.03749949 0.09829874
v 0.06494352 -0.03749512 0.09929871
v 0.06015147 -0.04478108 0.09929872
v 0.06015847 -0.04478628 0.09829874
v 0.06015847 -0.04478628 0.09829874
v 0.06015147 -0.04478108 0.09929872
v 0.05454599 -0.05146144 0.09929872
v 0.05455233 -0.05146743 0.09829874
v 0.05455233 -0.05146743 0.09829874
v 0.05454599 -0.05146144 0.09929872
v 0.04820285 -0.05744589 0.09929872
v 0.04820846 -0.05745256 0.09829874
v 0.04820846 -0.05745256 0.09829874
v 0.04820285 -0.05744589 0.09929872
v 0.04120787 -0.06265346 0.09929872
v 0.04121265 -0.06266076 0.09829874
v 0.04121265 -0.06266076 0.09829874
v 0.04120787 -0.06265346 0.09929872
v 0.03365561 -0.06701376 0.09929872
v 0.03365952 -0.06702157 0.09829874
v 0.03365952 -0.06702157 0.09829874
v 0.03365561 -0.06701376 0.09929872
v 0.02564822 -0.07046782 0.09929872
v 0.02565120 -0.07047602 0.09829874
v 0.02565120 -0.07047602 0.09829874
v 0.02564822 -0.07046782 0.09929872
v 0.01729398 -0.07296892 0.09929872
v 0.01729599 -0.07297741 0.09829874
v 0.01729599 -0.07297741 0.09829874
v 0.01729398 -0.07296892 0.09929872
v 0.00870587 -0.07448323 0.09929872
v 0.00870688 -0.07449191 0.09829874
v 0.00870688 -0.07449191 0.09829874
v 0.00870587 -0.07448323 0.09929872
v 0.00000002 -0.07499029 0.09929872
v 0.00000002 -0.07499902 0.09829874
v 0.00000002 -0.07499029 0.09929872
v -0.01729393 -0.07296893 0.09929872
v -0.00870582 -0.07448324 0.09929872
v -0.06494353 0.03749512 0.09929872
v 0.00000002 -0.07499029 0.09929872
v 0.00870587 -0.07448323 0.09929872
v -0.04120783 -0.06265348 0.09929872
v -0.03365556 -0.06701378 0.09929872
v -0.02564817 -0.07046784 0.09929872
v -0.06015144 -0.04478111 0.09929872
v -0.05454596 -0.05146148 0.09929872
v -0.04820282 -0.05744592 0.09929872
v -0.07183991 -0.02150748 0.09929871
v -0.06885730 -0.02970216 0.09929871
v -0.06494350 -0.03749516 0.09929871
v -0.07486344 0.00436028 0.09929871
v -0.07486344 -0.00436032 0.09929871
v -0.07385103 -0.01302195 0.09929871
v -0.06885732 0.02970213 0.09929871
v -0.07183992 0.02150744 0.09929871
v -0.07385103 0.01302191 0.09929871
v -0.05454599 0.05146145 0.09929871
v -0.06015147 0.04478108 0.09929871
v -0.03365561 0.06701377 0.09929871
v -0.04120787 0.06265347 0.09929871
v -0.04820285 0.05744589 0.09929871
v -0.00870587 0.07448324 0.09929871
v -0.01729398 0.07296893 0.09929871
v -0.02564822 0.07046783 0.09929871
v 0.01729393 0.07296894 0.09929871
v 0.00870582 0.07448325 0.09929871
v -0.00000002 0.07499030 0.09929871
v 0.04120783 0.06265349 0.09929871
v 0.03365556 0.06701379 0.09929871
v 0.02564817 0.07046785 0.09929871
v 0.06015144 0.04478112 0.09929871
v 0.05454596 0.05146149 0.09929871
v 0.04820282 0.05744593 0.09929871
v 0.07183991 0.02150749 0.09929871
v 0.06885730 0.02970217 0.09929871
v 0.06494350 0.03749517 0.09929871
v 0.07486344 -0.00436027 0.09929871
v 0.07486344 0.00436033 0.09929871
v 0.07385103 0.01302196 0.09929871
v 0.06885732 -0.02970212 0.09929871
v 0.07183992 -0.02150743 0.09929871
v 0.07385103 -0.01302190 0.09929871
v 0.05454599 -0.05146144 0.09929872
v 0.06015147 -0.04478108 0.09929872
v 0.06494352 -0.03749512 0.09929871
v 0.03365561 -0.06701376 0.09929872
v 0.04120787 -0.06265346 0.09929872
v 0.04820285 -0.05744589 0.09929872
v 0.01729398 -0.07296892 0.09929872
v 0.02564822 -0.07046782 0.09929872
f 1 2 3
f 4 5 6
f 7 8 9
f 10 11 12
f 13 14 15
f 16 17 18
f 19 20 21
f 22 23 24
f 25 26 27
f 28 29 30
f 31 32 33
f 34 35 36
f 37 38 39
f 40 41 42
f 43 44 45
f 46 47 48
f 49 50 51
f 52 53 54
f 55 56 57
f 58 59 60
f 61 62 63
f 64 65 66
f 67 68 69
f 70 71 72
f 73 74 75
f 76 77 78
f 79 80 81
f 82 83 84
f 85 86 87
f 88 89 90
f 91 92 93
f 94 95 96
f 97 98 99
f 100 101 102
f 103 104 105
f 106 107 108
f 106 108 109
f 110 111 112
f 113 114 115
f 116 117 118
f 119 120 121
f 122 123 124
f 125 126 127
f 128 129 130
f 131 132 133
f 134 135 136
f 137 138 139
f 140 141 142
f 143 144 145
f 146 147 148
f 149 150 151
f 152 153 154
f 155 156 157
f 158 159 160
f 161 162 163
f 164 165 166
f 167 168 169
f 170 171 172
f 173 174 175
f 176 177 178
f 179 180 181
f 182 183 184
f 185 186 187
f 188 189 190
f 191 192 193
f 194 195 196
f 197 198 199
f 200 201 202
f 203 204 205
f 206 207 208
f 209 210 211
f 212 213 214
f 215 216 217
f 218 219 220
f 221 222 223
f 224 225 226
f 227 228 229
f 230 231 232
f 233 234 235
f 236 237 238
f 239 240 241
f 242 243 244
f 245 246 247
f 248 249 250
f 251 252 253
f 254 255 256
f 257 258 259
f 260 261 262
f 263 264 265
f 266 267 268
f 269 270 271
f 272 273 274
f 275 276 277
f 278 279 280
f 281 282 283
f 284 285 286
f 287 288 289
f 290 291 292
f 293 294 295
f 296 297 298
f 299 300 301
f 302 293 295
f 303 304 305
f 306 307 308
f 309 310 311
f 312 313 314
f 315 316 317
f 318 319 320
f 321 322 323
f 324 325 326
f 327 328 329
f 330 331 332
f 333 334 335
f 336 337 338
f 339 340 341
f 342 343 344
f 345 346 347
f 348 349 350
f 351 352 353
f 354 355 356
f 357 358 359
f 360 361 362
f 363 364 365
f 366 357 359
f 367 368 369
f 370 371 372
f 373 374 375
f 376 377 378
f 379 380 381
f 382 383 384
f 385 386 387
f 388 389 390
f 391 392 393
f 394 395 396
f 397 398 399
f 400 401 402
f 403 404 405
f 406 407 408
f 409 410 411
f 412 413 414
f 415 416 417
f 418 419 420
f 421 422 423
f 424 425 426
f 427 428 429
f 430 421 423
f 431 432 433
f 434 435 436
f 437 438 439
f 440 431 433
f 441 442 443
f 444 445 446
f 447 448 449
f 450 451 452
f 453 454 455
f 456 457 458
f 459 460 461
f 462 447 449
f 463 464 465
f 466 467 468
f 469 470 471
f 472 473 474
f 475 476 477
f 478 479 480
f 481 482 483
f 484 485 486
f 487 488 489
f 490 491 492
f 493 494 495
f 496 497 498
f 499 500 501
f 502 503 504
f 505 506 507
f 508 509 510
f 511 512 513
f 514 515 516
f 517 518 519
f 520 521 522
f 523 524 525
f 526 527 528
f 529 530 531
f 531 530 532
f 533 534 535
f 536 537 538
f 539 540 541
f 542 543 544
f 545 546 547
f 548 549 550
f 551 552 553
f 554 555 556
f 557 558 559
f 560 561 562
f 563 564 565
f 566 567 568
f 569 570 571
f 571 570 572
f 573 574 575
f 576 577 578
f 579 580 581
f 582 583 584
f 585 586 587
f 588 589 590
f 591 592 593
f 594 595 596
f 597 598 599
f 600 601 602
f 603 604 605
f 606 607 608
f 609 610 611
f 612 613 614
f 615 616 617
f 618 619 620
f 621 622 623
f 623 622 624
f 625 626 627
f 628 629 630
f 631 632 633
f 634 635 636
f 637 638 639
f 640 641 642
f 643 644 645
f 646 647 648
f 649 650 651
f 652 653 654
f 655 656 657
f 658 659 660
f 661 662 663
f 664 665 666
f 667 668 669
f 670 671 672
f 673 674 675
f 676 677 678
f 679 680 681
f 682 683 684
f 685 686 687
f 688 689 690
f 691 692 693
f 694 695 696
f 697 698 699
f 700 701 702
f 703 704 705
f 706 707 708
f 709 710 711
f 711 710 712
f 713 714 715
f 716 717 718
f 719 720 721
f 722 723 724
f 725 726 727
f 728 729 730
f 731 732 733
f 734 735 736
f 737 738 739
f 740 741 742
f 743 744 745
f 746 747 748
f 749 750 751
f 752 753 754
f 755 756 757
f 758 759 760
f 761 762 763
f 764 765 766
f 767 768 769
f 770 771 772
f 773 774 775
f 776 777 778
f 779 780 781
f 782 783 784
f 785 786 787
f 788 789 790
f 791 792 793
f 794 795 796
f 797 798 799
f 800 801 802
f 803 804 805
f 805 804 806
f 807 808 809
f 810 811 812
f 813 814 815
f 815 814 816
f 817 818 819
f 820 821 822
f 823 824 825
f 826 827 828
f 829 830 831
f 832 833 834
f 835 836 837
f 838 839 840
f 841 842 843
f 843 842 844
f 845 846 847
f 847 846 848
f 849 850 851
f 851 850 852
f 853 854 855
f 856 857 858
f 859 860 861
f 862 863 864
f 865 866 867
f 868 869 870
f 871 872 873
f 874 875 876
f 877 878 879
f 880 881 882
f 883 884 885
f 886 887 888
f 889 890 891
f 892 893 894
f 895 896 897
f 898 899 900
f 901 902 903
f 904 905 906
f 907 908 909
f 910 911 912
f 913 914 915
f 916 917 918
f 919 920 921
f 922 923 924
f 925 926 927
f 928 929 930
f 931 932 933
f 934 935 936
f 937 938 939
f 940 941 942
f 943 944 945
f 946 947 948
f 949 950 951
f 952 953 954
f 955 956 957
f 958 959 960
f 961 962 963
f 964 965 966
f 967 968 969
f 970 971 972
f 973 974 975
f 976 977 978
f 979 904 980
f 981 982 983
f 984 985 986
f 987 988 989
f 990 991 992
f 993 994 995
f 996 997 998
f 999 1000 1001
f 1002 1003 1004
f 1004 1003 1005
f 1006 1007 1008
f 1009 1010 1011
f 1012 1013 1014
f 1015 1016 1017
f 1018 1019 1020
f 1021 1022 1023
f 1024 1025 1026
f 1027 1028 1029
f 1030 1031 1032
f 1033 1034 1035
f 1036 1037 1038
f 1039 1040 1041
f 1042 1043 1044
f 1045 1046 1047
f 1047 1046 1048
f 1049 1050 1051
f 1052 1053 1054
f 1055 1056 1057
f 1057 1056 1058
f 1059 1060 1061
f 1062 1063 1064
f 1065 1066 1067
f 1068 1069 1070
f 1071 1072 1073
f 1074 1075 1076
f 1077 1078 1079
f 1080 1081 1082
f 1083 1084 1085
f 1086 1087 1088
f 1089 1090 1091
f 1092 1093 1094
f 1095 1096 1097
f 1098 1099 1100
f 1101 1102 1103
f 1104 1105 1106
f 1107 1108 1109
f 1110 1111 1112
f 1113 1114 1115
f 1116 1117 1118
f 1119 1120 1121
f 1122 1123 1124
f 1125 1126 1127
f 1128 1129 1130
f 1131 1132 1133
f 1134 1135 1136
f 1137 1138 1139
f 1140 1141 1142
f 1143 1144 1145
f 1146 1147 1148
f 1149 1150 1151
f 1152 1153 1154
f 1155 1156 1157
f 1158 1159 1160
f 1161 1162 1163
f 1164 1165 1166
f 1167 1168 1169
f 1170 1171 1172
f 1173 1174 1175
f 1176 1177 1178
f 1179 1180 1181
f 1182 1183 1184
f 1185 1186 1187
f 1188 1189 1190
f 1191 1192 1193
f 1194 1195 1196
f 1197 1198 1199
f 1200 1201 1202
f 1203 1204 1205
f 1206 1207 1208
f 1209 1210 1211
f 1212 1213 1214
f 1215 1216 1217
f 1218 1219 1220
f 1221 1222 1223
f 1224 1225 1226
f 1227 1228 1229
f 1230 1231 1232
f 1233 1234 1235
f 1236 1237 1238
f 1239 1240 1241
f 1242 1243 1244
f 1245 1246 1247
f 1248 1249 1250
f 1251 1252 1253
f 1254 1255 1256
f 1257 1258 1259
f 1260 1261 1262
f 1263 1264 1265
f 1266 1267 1268
f 1269 1270 1271
f 1272 1273 1274
f 1275 1266 1268
f 1276 1277 1278
f 1279 1280 1281
f 1282 1283 1284
f 1285 1286 1287
f 1288 1289 1290
f 1291 1292 1293
f 1294 1295 1296
f 1297 1298 1299
f 1300 1301 1302
f 1303 1304 1305
f 1306 1307 1308
f 1309 1310 1311
f 1312 1313 1314
f 1315 1316 1317
f 1318 1319 1320
f 1321 1322 1323
f 1324 1325 1326
f 1327 1328 1329
f 1330 1331 1332
f 1333 1334 1335
f 1336 1337 1338
f 1339 1340 1341
f 1342 1343 1344
f 1345 1346 1347
f 1348 1349 1350
f 1351 1352 1353
f 1354 1355 1356
f 1357 1358 1359
f 1360 1361 1362
f 1363 1364 1365
f 1366 1367 1368
f 1369 1370 1371
f 1372 1373 1374
f 1375 1376 1377
f 1378 1379 1380
f 1381 1382 1383
f 1384 1385 1386
f 1387 1388 1389
f 1390 1391 1392
f 1393 1394 1395
f 1396 1397 1398
f 1399 1400 1401
f 1402 1403 1404
f 1405 1406 1407
f 1408 1409 1410
f 1411 1412 1413
f 1414 1415 1416
f 1417 1418 1419
f 1420 1421 1422
f 1423 1424 1425
f 1426 1427 1428
f 1429 1430 1431
f 1432 1433 1434
f 1435 1436 1437
f 1438 1439 1440
f 1441 1442 1443
f 1444 1445 1446
f 1447 1448 1449
f 1450 1451 1452
f 1453 1454 1455
f 1456 1457 1458
f 1459 1460 1461
f 1462 1463 1464
f 1465 1466 1467
f 1468 1469 1470
f 1471 1472 1473
f 1474 1475 1476
f 1477 1478 1479
f 1480 1481 1482
f 1483 1484 1485
f 1486 1487 1488
f 1489 1490 1491
f 1492 1493 1494
f 1495 1496 1497
f 1498 1499 1500
f 1501 1502 1503
f 1504 1505 1506
f 1507 1498 1500
f 1508 1509 1510
f 1511 1512 1513
f 1514 1515 1516
f 1517 1518 1519
f 1520 1521 1522
f 1523 1524 1525
f 1526 1527 1528
f 1529 1530 1531
f 1532 1533 1534
f 1535 1536 1537
f 1538 1539 1540
f 1541 1542 1543
f 1544 1545 1546
f 1547 1548 1549
f 1550 1551 1552
f 1553 1554 1555
f 1556 1557 1558
f 1559 1560 1561
f 1562 1563 1564
f 1565 1566 1567
f 1568 1569 1570
f 1571 1572 1573
f 1574 1575 1576
f 1577 1578 1579
f 1580 1581 1582
f 1583 1584 1585
f 1586 1587 1588
f 1589 1590 1591
f 1592 1593 1594
f 1595 1596 1597
f 1598 1599 1600
f 1601 1602 1603
f 1604 1605 1606
f 1607 1608 1609
f 1610 1611 1612
f 1613 1614 1615
f 1616 1617 1618
f 1616 1618 1619
f 1620 1621 1622
f 1623 1624 1625
f 1626 1627 1628
f 1629 1630 1631
f 1632 1633 1634
f 1635 1636 1637
f 1638 1639 1640
f 1641 1161 1163
f 1642 1643 1644
f 1645 1646 1647
f 1644 1648 1642
f 1649 1650 1651
f 1652 1653 1654
f 1655 1656 1657
f 1658 1659 1660
f 1661 1176 1178
f 1662 1663 1664
f 1665 1190 1189
f 1664 1666 1662
f 1667 1668 1669
f 1670 1671 1672
f 1673 1674 1675
f 1676 1677 1678
f 1679 1680 1681
f 1682 1683 1684
f 1685 1197 1199
f 1686 1687 1688
f 1689 1690 1691
f 1692 1693 1694
f 1695 1696 1697
f 1698 1699 1700
f 1701 1702 1703
f 1704 1705 1706
f 1707 1708 1709
f 1710 1711 1712
f 1713 1714 1715
f 1716 1717 1718
f 1719 1720 1721
f 1722 1723 1724
f 1725 1726 1727
f 1728 1729 1730
f 1731 1732 1733
f 1734 1259 1258
f 1735 1736 1737
f 1738 1739 1740
f 1741 1742 1743
f 1744 1745 1746
f 1747 1748 1749
f 1750 1751 1752
f 1753 1754 1755
f 1756 1757 1758
f 1759 1760 1761
f 1762 1763 1764
f 1765 1766 1767
f 1768 1769 1770
f 1771 1772 1773
f 1774 1775 1776
f 1777 1778 1779
f 1780 1781 1782
f 1779 1783 1777
f 1784 1785 1786
f 1787 1788 1789
f 1790 1791 1792
f 1793 1794 1795
f 1796 1797 1798
f 1799 1800 1801
f 1802 1803 1804
f 1805 1806 1807
f 1808 1809 1810
f 1811 1812 1813
f 1814 1815 1816
f 1817 1818 1819
f 1820 1821 1822
f 1813 1823 1811
f 1824 1825 1826
f 1827 1828 1829
f 1830 1831 1832
f 1833 1834 1835
f 1836 1837 1838
f 1839 1840 1841
f 1842 1843 1844
f 1845 1846 1847
f 1848 1849 1850
f 1851 1852 1853
f 1854 1855 1856
f 1857 1858 1859
f 1860 1317 1316
f 1861 1862 1863
f 1864 1865 1866
f 1867 1868 1869
f 1870 1871 1872
f 1873 1874 1875
f 1876 1877 1878
f 1879 1880 1881
f 1882 1883 1884
f 1320 1885 1318
f 1886 1887 1888
f 1889 1890 1891
f 1892 1893 1894
f 1895 1896 1897
f 1898 1899 1900
f 1901 1902 1903
f 1904 1905 1906
f 1907 1908 1909
f 1910 1911 1912
f 1913 1914 1915
f 1916 1917 1918
f 1919 1920 1921
f 1922 1923 1924
f 1925 1926 1927
f 1928 1929 1930
f 1931 1932 1933
f 1934 1935 1936
f 1937 1938 1939
f 1940 1941 1942
f 1943 1944 1945
f 1946 1402 1404
f 1947 1948 1949
f 1950 1951 1952
f 1953 1954 1955
f 1956 1957 1958
f 1959 1960 1961
f 1962 1963 1964
f 1965 1966 1967
f 1968 1969 1970
f 1971 1972 1973
f 1974 1975 1976
f 1977 1978 1979
f 1980 1981 1982
f 1983 1984 1985
f 1986 1987 1988
f 1989 1990 1991
f 1992 1993 1994
f 1995 1996 1997
f 1998 1999 2000
f 2001 2002 2003
f 2004 2005 2006
f 2007 2008 2009
f 2010 2011 2012
f 2013 2014 2015
f 2016 2017 2018
f 2019 2020 2021
f 2022 2023 2024
f 2025 2026 2027
f 2028 2029 2030
f 2031 2032 2033
f 2034 2035 2036
f 2037 2038 2039
f 2040 2041 2042
f 2043 2044 2045
f 2046 2047 2048
f 2049 2050 2051
f 2052 2053 2054
f 2055 2056 2057
f 2058 2059 2060
f 2061 2062 2063
f 2064 2065 2066
f 2067 2068 2069
f 2070 2071 2072
f 2073 2074 2075
f 2076 2077 2078
f 2079 2080 2081
f 2082 2083 2084
f 2085 2086 2087
f 2088 2089 2090
f 2091 2092 2093
f 2094 2095 2096
f 2097 2098 2099
f 2100 2101 2102
f 2103 2104 2105
f 2106 2107 2108
f 2109 2110 2111
f 2112 2113 2114
f 2115 2116 2117
f 2118 2119 2120
f 2121 2122 2123
f 2124 2125 2126
f 2127 2128 2129
f 2130 2131 2132
f 2133 2134 2135
f 2136 2137 2138
f 2139 2140 2141
f 2142 1491 1490
f 2143 2144 2145
f 2146 2147 2148
f 2149 2150 2151
f 2152 2153 2154
f 2155 2156 2157
f 2158 2159 2160
f 2161 2162 2163
f 2164 2165 2166
f 2167 2168 2169
f 2170 2171 2172
f 2173 2174 2175
f 2176 2177 2178
f 941 2179 942
f 2180 2181 2182
f 988 2183 989
f 2184 2185 2186
f 2187 2188 2189
f 2190 2191 2192
f 2193 2194 2195
f 2196 2197 2198
f 2199 2200 2201
f 2202 2203 2204
f 2205 2206 2207
f 2208 2209 2210
f 2211 2212 2213
f 2214 2215 2216
f 2217 2218 2219
f 2220 2221 2222
f 2223 2224 2225
f 2226 2227 2228
f 2229 2230 2231
f 2232 2233 2234
f 2235 2236 2237
f 2238 2239 2240
f 2241 2242 2243
f 2241 2243 2244
f 2245 2246 2247
f 2248 2249 2250
f 2251 2252 2253
f 2254 2255 2256
f 2257 2258 2259
f 2260 2261 2262
f 2263 2264 2265
f 2266 2267 2268
f 2269 2270 2271
f 2272 2273 2274
f 2275 2276 2277
f 2278 2279 2280
f 2281 2282 2283
f 2284 2285 2286
f 2287 2288 2289
f 2290 2291 2292
f 2293 2294 2295
f 2296 2297 2298
f 2299 2300 2301
f 2302 2303 2304
f 2305 2306 2307
f 2308 2309 2310
f 2311 2312 2313
f 2314 2315 2316
f 2317 2318 2319
f 2320 2321 2322
f 2323 2324 2325
f 2326 2327 2328
f 2329 2330 2331
f 2332 2333 2334
f 2335 2336 2337
f 2338 2339 2340
f 2341 2342 2343
f 2344 2345 2346
f 2347 2348 2349
f 2350 2351 2352
f 2353 2354 2355
f 2356 2357 2358
f 2359 2360 2361
f 2362 2363 2364
f 2365 2366 2367
f 2368 2369 2370
f 2371 2372 2373
f 2374 2375 2376
f 2377 2378 2379
f 2380 2381 2382
f 2383 2384 2385
f 2386 2387 2388
f 2389 2390 2391
f 2392 2393 2394
f 2395 2396 2397
f 2398 2399 2400
f 2401 2402 2403
f 2404 2405 2406
f 2407 2408 2409
f 2410 2411 2412
f 2413 2414 2415
f 2416 2417 2418
f 2419 2420 2421
f 2422 2423 2424
f 2425 2426 2427
f 2428 2429 2430
f 2431 2432 2433
f 2434 2435 2436
f 2437 2438 2439
f 2440 2441 2442
f 2443 2444 2445
f 2446 2447 2448
f 2449 2450 2451
f 2452 2453 2454
f 2455 2456 2457
f 2458 2459 2460
f 2461 2462 2463
f 2464 2465 2466
f 2467 2468 2469
f 2470 2471 2472
f 2473 2474 2475
f 2476 2477 2478
f 2479 2480 2481
f 2482 2483 2484
f 2485 2486 2487
f 2488 2489 2490
f 2491 2492 2493
f 2494 2495 2496
f 2497 2498 2499
f 2500 2501 2502
f 2503 2504 2505
f 2506 2507 2508
f 2509 2510 2511
f 2512 2513 2514
f 2515 2516 2517
f 2518 2519 2520
f 2521 2522 2523
f 2524 2525 2526
f 2527 2528 2529
f 2530 2531 2532
f 2533 2534 2535
f 2536 2537 2538
f 2539 2540 2541
f 2542 2543 2544
f 2545 2546 2547
f 2548 2533 2535
f 2549 2550 2551
f 2552 2553 2554
f 2555 2556 2557
f 2558 2559 2560
f 2557 2561 2555
f 2562 2563 2564
f 2565 2566 2567
f 2568 2569 2570
f 2571 2572 2573
f 2574 2575 2576
f 2577 2578 2579
f 2580 2581 2582
f 2583 2584 2585
f 2586 2587 2588
f 2589 2590 2591
f 2592 2593 2594
f 2595 2596 2597
f 2598 2599 2600
f 2601 2602 2603
f 2604 2605 2606
f 2607 2608 2609
f 2610 2611 2612
f 2613 2614 2615
f 2616 2617 2618
f 2619 2620 2621
f 2622 2623 2624
f 2625 2626 2627
f 2628 2629 2630
f 2631 2632 2633
f 2634 2635 2636
f 2637 2638 2639
f 2636 2640 2641
f 2642 2643 2644
f 2645 2646 2647
f 2648 2649 2650
f 2651 2652 2653
f 2654 2655 2656
f 2657 2658 2659
f 2660 2661 2662
f 2663 2664 2665
f 2666 2667 2668
f 2669 2670 2671
f 2672 2673 2674
f 2675 2676 2677
f 2678 2679 2680
f 2681 2682 2683
f 2684 2685 2686
f 2687 2688 2689
f 2690 2691 2692
f 2693 2694 2695
f 2696 2697 2698
f 2699 2700 2701
f 2702 2703 2704
f 2705 2706 2707
f 2708 2709 2710
f 2711 2712 2713
f 2714 2715 2716
f 2717 2718 2719
f 2720 2721 2722
f 2723 2724 2725
f 2724 2726 2725
f 2727 2728 2729
f 2730 2731 2732
f 2733 2734 2735
f 2736 2737 2738
f 2739 2740 2741
f 2742 2743 2744
f 2745 2746 2747
f 2748 2749 2750
f 2751 2752 2753
f 2754 2755 2756
f 2757 2758 2759
f 2759 2758 2760
f 2761 2762 2763
f 2764 2765 2766
f 2767 2768 2769
f 2770 2771 2772
f 2772 2771 2773
f 2774 2775 2776
f 2776 2775 2777
f 2778 2779 2780
f 2778 2780 2781
f 2782 2783 2784
f 2784 2783 2785
f 2786 2787 2788
f 2788 2787 2789
f 2790 2791 2792
f 2792 2791 2793
f 2794 2795 2796
f 2797 2798 2799
f 2800 2801 2802
f 2800 2802 2803
f 2804 2805 2806
f 2806 2805 2807
f 2808 2809 2810
f 2808 2810 2811
f 2812 2813 2814
f 2812 2814 2815
f 2816 2817 2818
f 2818 2817 2819
f 2820 2821 2822
f 2822 2821 2823
f 2824 2825 2826
f 2826 2825 2827
f 2828 2829 2830
f 2830 2829 2831
f 2832 2833 2834
f 2834 2833 2835
f 2836 2837 2838
f 2836 2838 2839
f 2840 2841 2842
f 2842 2841 2843
f 2844 2845 2846
f 2846 2845 2847
f 2848 2849 2850
f 2850 2849 2851
f 2852 2853 2854
f 2852 2854 2855
f 2856 2857 2858
f 2858 2857 2859
f 2860 2861 2862
f 2862 2861 2863
f 2864 2865 2866
f 2866 2865 2867
f 2868 2869 2870
f 2870 2869 2871
f 2872 2873 2874
f 2875 2876 2877
f 2878 2879 2880
f 2880 2879 2881
f 2882 2883 2884
f 2884 2883 2885
f 2886 2887 2888
f 2888 2887 2889
f 2890 2891 2892
f 2892 2891 2893
f 2894 2895 2896
f 2896 2895 2897
f 2898 2899 2900
f 2900 2899 2901
f 2902 2903 2904
f 2904 2903 2905
f 2906 2907 2908
f 2908 2907 2909
f 2910 2911 2912
f 2912 2911 2913
f 2914 2915 2916
f 2916 2915 2917
f 2918 2919 2920
f 2920 2919 2921
f 2922 2923 2924
f 2925 2926 2927
f 2928 2929 2930
f 2931 2932 2933
f 2934 2935 2936
f 2936 2935 2937
f 2938 2939 2940
f 2940 2939 2941
f 2942 2943 2944
f 2944 2943 2945
f 2946 2947 2948
f 2948 2947 2949
f 2950 2951 2952
f 2952 2951 2953
f 2954 2955 2956
f 2956 2955 2957
f 2958 2959 2960
f 2958 2960 2961
f 2962 2963 2964
f 2964 2963 2965
f 2966 2967 2968
f 2966 2968 2969
f 2970 2971 2972
f 2970 2972 2973
f 2974 2975 2976
f 2976 2975 2977
f 2978 2979 2980
f 2980 2979 2981
f 2982 2983 2984
f 2984 2983 2985
f 2986 2987 2988
f 2988 2987 2989
f 2990 2991 2992
f 2992 2991 2993
f 2994 2995 2996
f 2996 2995 2997
f 2998 2999 3000
f 3000 2999 3001
f 3002 3003 3004
f 3004 3003 3005
f 3006 3007 3008
f 3008 3007 3009
f 3010 3011 3012
f 3010 3012 3013
f 3014 3015 3016
f 3016 3015 3017
f 3018 3019 3020
f 3020 3019 3021
f 3022 3023 3024
f 3025 3026 3027
f 3028 3029 3030
f 3030 3029 3031
f 3032 3033 3034
f 3035 3036 3037
f 3038 3039 3040
f 3040 3039 3041
f 3042 3043 3044
f 3044 3043 3045
f 3046 3047 3048
f 3048 3047 3049
f 3050 3051 3052
f 3052 3051 3053
f 3054 3055 3056
f 3056 3055 3057
f 3058 3059 3060
f 3060 3059 3061
f 3062 3063 3064
f 3064 3063 3065
f 3066 3067 3068
f 3068 3067 3069
f 3070 3071 3072
f 3070 3072 3073
f 3074 3075 3076
f 3076 3075 3077
f 3078 3079 3080
f 3081 3082 3083
f 3084 3085 3086
f 3087 3088 3089
f 3090 3091 3092
f 3093 3094 3095
f 3096 3097 3098
f 3099 3100 3101
f 3102 3103 3104
f 3105 3106 3107
f 3108 3109 3110
f 3111 3112 3113
f 3114 3115 3116
f 3117 3118 3119
f 3120 3121 3122
f 3123 3124 3125
f 3126 3127 3128
f 3129 3130 3131
f 3129 3131 3132
f 3133 3134 3135
f 3136 3137 3138
f 3139 3140 3141
f 3142 3143 3144
f 3145 3146 3147
f 3148 3149 3150
f 3151 3152 3153
f 3154 3155 3156
f 3157 3158 3159
f 3160 3161 3162
f 3163 3164 3165
f 3166 3167 3168
f 3169 3170 3171
f 3172 3173 3174
f 3175 3176 3177
f 3178 3179 3180
f 3181 3182 3183
f 3184 3185 3186
f 3187 3188 3189
f 3190 3191 3192
f 3193 3194 3195
f 3196 3197 3198
f 3199 3200 3201
f 3202 3203 3204
f 3205 3206 3207
f 3208 3209 3210
f 3211 3212 3213
f 3214 3215 3216
f 3217 3218 3219
f 3220 3221 3222
f 3223 3224 3225
f 3226 3227 3228
f 3229 3230 3231
f 3232 3233 3234
f 3235 3236 3237
f 3238 3239 3240
f 3241 3242 3243
f 3244 3245 3246
f 3247 3248 3249
f 3250 3251 3252
f 3253 3254 3255
f 3256 3257 3258
f 3259 3260 3261
f 3262 3263 3264
f 3265 3266 3267
f 3268 3269 3270
f 3271 3272 3273
f 3274 3275 3276
f 3277 3278 3279
f 3280 3281 3282
f 3283 3284 3285
f 3286 3287 3288
f 3289 3290 3291
f 3292 3293 3294
f 3295 3296 3297
f 3298 3299 3300
f 3301 3302 3303
f 3304 3305 3306
f 3307 3308 3309
f 3310 3311 3312
f 3313 3314 3315
f 3316 3317 3318
f 3319 3320 3321
f 3322 3323 3324
f 3325 3326 3327
f 3328 3329 3330
f 3331 3332 3333
f 3334 3335 3336
f 3337 3338 3339
f 3340 3341 3342
f 3343 3344 3345
f 3346 3347 3348
f 3349 3350 3351
f 3352 3353 3354
f 3355 3356 3357
f 3358 3359 3360
f 3361 3362 3363
f 3364 3365 3366
f 3367 3368 3369
f 3370 3371 3372
f 3373 3374 3375
f 3376 3377 3378
f 3379 3380 3381
f 3382 3383 3384
f 3385 3386 3387
f 3388 3389 3390
f 3391 3382 3384
f 3392 3393 3394
f 3395 3396 3397
f 3398 3399 3400
f 3401 3402 3403
f 3404 3405 3406
f 3407 3408 3409
f 3410 3411 3412
f 3413 3398 3400
f 3414 3415 3416
f 3417 3418 3419
f 3420 3421 3422
f 3423 3424 3425
f 3426 3427 3428
f 3429 3430 3431
f 3432 3433 3434
f 3435 3436 3437
f 3438 3439 3440
f 3441 3442 3443
f 3441 3443 3444
f 3445 3446 3447
f 3448 3449 3450
f 3451 3452 3453
f 3451 3453 3454
f 3455 3456 3457
f 3458 3459 3460
f 3461 3462 3463
f 3464 3465 3466
f 3467 3468 3469
f 3470 3471 3472
f 3473 3474 3475
f 3476 3477 3478
f 3479 3480 3481
f 3482 3483 3484
f 3485 3486 3487
f 3488 3489 3490
f 3491 3492 3493
f 3494 3495 3496
f 3497 3498 3499
f 3500 3501 3502
f 3499 3503 3504
f 3505 3506 3507
f 3508 3509 3510
f 3511 3512 3513
f 3514 3515 3516
f 3517 3518 3519
f 3520 3521 3522
f 3523 3524 3525
f 3526 3527 3528
f 3529 3530 3531
f 3532 3533 3534
f 3535 3536 3537
f 3538 3539 3540
f 3541 3542 3543
f 3544 3545 3546
f 3547 3548 3549
f 3550 3551 3552
f 3553 3554 3555
f 3556 3557 3558
f 3559 3560 3561
f 3562 3563 3564
f 3565 3566 3567
f 3568 3569 3570
f 3571 3572 3573
f 3574 3575 3576
f 3577 3578 3579
f 3580 3581 3582
f 3583 3584 3585
f 3586 3587 3588
f 3589 3590 3591
f 3592 3593 3594
f 3595 3596 3597
f 3598 3599 3600
f 3601 3602 3603
f 3604 3605 3606
f 3607 3608 3609
f 3610 3611 3612
f 3613 3614 3615
f 3616 3617 3618
f 3619 3620 3621
f 3622 3623 3624
f 3622 3624 3625
f 3626 3627 3628
f 3629 3630 3631
f 3632 3633 3634
f 3635 3636 3637
f 3638 3639 3640
f 3641 3642 3643
f 3644 3645 3646
f 3647 3648 3649
f 3650 3651 3652
f 3653 3654 3655
f 3656 3657 3658
f 3659 3660 3661
f 3662 3663 3664
f 3665 3666 3667
f 3668 3669 3670
f 3671 3672 3673
f 3674 3675 3676
f 3677 3678 3679
f 3680 3681 3682
f 3683 3684 3685
f 3686 3687 3688
f 3689 3690 3691
f 3692 3693 3694
f 3695 3696 3697
f 3698 3699 3700
f 3701 3702 3703
f 3704 3705 3706
f 3707 3708 3709
f 3710 3711 3712
f 3713 3714 3715
f 3716 3717 3718
f 3719 3720 3721
f 3722 3723 3724
f 3725 3726 3727
f 3728 3729 3730
f 3731 3732 3733
f 3734 3735 3736
f 3737 3738 3739
f 3740 3741 3742
f 3743 3744 3745
f 3746 3747 3748
f 3749 3750 3751
f 3752 3753 3754
f 3755 3756 3757
f 3758 3759 3760
f 3761 3762 3763
f 3764 3765 3766
f 3767 3768 3769
f 3770 3771 3772
f 3773 3774 3775
f 3776 3777 3778
f 3779 3780 3781
f 3782 3783 3784
f 3785 3786 3787
f 3788 3789 3790
f 3791 3792 3793
f 3794 3795 3796
f 3797 3798 3799
f 3800 3801 3802
f 3803 3804 3805
f 3806 3807 3808
f 3809 3810 3811
f 3812 3813 3814
f 3815 3816 3817
f 3818 3819 3820
f 3821 3822 3823
f 3824 3825 3826
f 3827 3828 3829
f 3830 3831 3832
f 3833 3834 3835
f 3836 3837 3838
f 3839 3840 3841
f 3842 3843 3844
f 3845 3846 3847
f 3848 3849 3850
f 3851 3852 3853
f 3854 3855 3856
f 3857 3858 3859
f 3860 3861 3862
f 3863 3864 3865
f 3866 3867 3868
f 3869 3870 3871
f 3872 3873 3874
f 3875 3876 3877
f 3878 3879 3880
f 3881 3882 3883
f 3884 3885 3886
f 3887 3888 3889
f 3890 3891 3892
f 3893 3894 3895
f 3896 3897 3898
f 3899 3900 3901
f 3902 3903 3904
f 3905 3906 3907
f 3908 3909 3910
f 3911 3912 3913
f 3914 3915 3916
f 3917 3918 3919
f 3920 3921 3922
f 3923 3924 3925
f 3926 3927 3928
f 3929 3930 3931
f 3932 3933 3934
f 3935 3936 3937
f 3938 3939 3940
f 3941 3942 3943
f 3944 3945 3946
f 3947 3948 3949
f 3950 3951 3952
f 3953 3954 3955
f 3956 3957 3958
f 3959 3960 3961
f 3962 3963 3964
f 3965 3966 3967
f 3968 3969 3970
f 3971 3972 3973
f 3974 3975 3976
f 3977 3978 3979
f 3980 3981 3982
f 3983 3984 3985
f 3986 3987 3988
f 3989 3990 3991
f 3992 3993 3994
f 3995 3996 3997
f 3998 3999 4000
f 4001 4002 4003
f 4004 3989 3991
f 4005 4006 4007
f 4008 4009 4010
f 4011 4012 4013
f 4014 4015 4016
f 4017 4018 4019
f 4020 4021 4022
f 4023 4024 4025
f 4026 4027 4028
f 4029 4030 4031
f 4032 4033 4034
f 4035 4036 4037
f 4038 4039 4040
f 4041 4042 4043
f 4044 4045 4046
f 4047 4048 4049
f 4050 4051 4052
f 4053 4054 4055
f 4056 4057 4058
f 4059 4060 4061
f 4062 4063 4064
f 4065 4066 4067
f 4068 4069 4070
f 4071 4072 4073
f 4074 4075 4076
f 4077 4078 4079
f 4080 4081 4082
f 4083 4084 4085
f 4086 4087 4088
f 4089 4090 4091
f 4092 4093 4094
f 4095 4096 4097
f 4098 4099 4100
f 4101 4102 4103
f 4104 4105 4106
f 4107 4108 4109
f 4110 4111 4112
f 4113 4114 4115
f 4116 4117 4118
f 4119 4120 4121
f 4122 4123 4124
f 4125 4126 4127
f 4128 4129 4130
f 4131 4132 4133
f 4134 4135 4136
f 4137 4138 4139
f 4140 4141 4142
f 4143 4144 4145
f 4146 4147 4148
f 4149 4150 4151
f 4152 4153 4154
f 4155 4156 4157
f 4158 4159 4160
f 4161 4162 4163
f 4164 4165 4166
f 4167 4168 4169
f 4170 4171 4172
f 4173 4174 4175
f 4176 4177 4178
f 4179 4180 4181
f 4182 4183 4184
f 4185 4186 4187
f 4188 4189 4190
f 4191 4192 4193
f 4194 4195 4196
f 4197 4198 4199
f 4200 4201 4202
f 4203 4204 4205
f 4206 4207 4208
f 4209 4210 4211
f 4212 4213 4214
f 4215 4216 4217
f 4218 4219 4220
f 4221 4222 4223
f 4224 4225 4226
f 4227 4228 4229
f 4230 4231 4232
f 4233 4234 4235
f 4236 4237 4238
f 4239 4240 4241
f 4242 4243 4244
f 4245 4246 4247
f 4248 4249 4250
f 4251 4252 4253
f 4254 4255 4256
f 4257 4258 4259
f 4260 4261 4262
f 4263 4264 4265
f 4266 4267 4268
f 4269 4270 4271
f 4272 4273 4274
f 4275 4276 4277
f 4278 4279 4280
f 4281 4282 4283
f 4284 4285 4286
f 4287 4288 4289
f 4290 4291 4292
f 4293 4294 4295
f 4296 4297 4298
f 4299 4300 4301
f 4302 4303 4304
f 4305 4306 4307
f 4308 4309 4310
f 4311 4312 4313
f 4314 4315 4316
f 4317 4318 4319
f 4320 4321 4322
f 4323 4324 4325
f 4326 4327 4328
f 4329 4330 4331
f 4332 4333 4334
f 4335 3880 3879
f 4336 4337 4338
f 4339 4340 4341
f 4342 4343 4344
f 4345 4346 4347
f 4348 4349 4350
f 4351 4352 4353
f 4354 4355 4356
f 4357 4358 4359
f 4360 4361 4362
f 4363 4364 4365
f 4366 4367 4368
f 4369 4370 4371
f 4372 4373 4374
f 4375 4376 4377
f 4378 4379 4380
f 4381 4382 4383
f 4384 4385 4386
f 4387 4388 4389
f 4390 4391 4392
f 4393 4394 4395
f 4396 4397 4398
f 4399 4400 4401
f 4402 4403 4404
f 4405 3928 3927
f 4406 4407 4408
f 4409 4410 4411
f 4412 4413 4414
f 4415 4416 4417
f 4418 4419 4420
f 4421 4422 4423
f 4424 4425 4426
f 4427 4428 4429
f 4430 4431 4432
f 4433 4434 4435
f 4436 4437 4438
f 4439 4440 4441
f 4442 4443 4444
f 4445 4446 4447
f 4448 4449 4450
f 4451 4452 4453
f 4454 4455 4456
f 4457 4458 4459
f 4460 4461 4462
f 4463 4464 4465
f 4466 4467 4468
f 4469 4470 4471
f 4472 4473 4474
f 4475 4476 4477
f 4478 4479 4480
f 4481 4482 4483
f 4484 4485 4486
f 4487 4488 4489
f 4490 4491 4492
f 4493 4494 4495
f 4492 4496 4490
f 4497 4498 4499
f 4500 4501 4502
f 4503 4504 4505
f 4506 4507 4508
f 4509 4510 4511
f 4512 4513 4514
f 4515 4516 4517
f 4518 4519 4520
f 4521 4522 4523
f 4524 4525 4526
f 4527 4528 4529
f 4530 4531 4532
f 4533 4534 4535
f 4536 4537 4538
f 4539 4540 4541
f 4542 4543 4544
f 4545 4546 4547
f 4548 4549 4550
f 4551 4552 4553
f 4554 4555 4556
f 4557 4558 4559
f 4560 4561 4562
f 4563 4564 4565
f 4566 4567 4568
f 4569 4570 4571
f 4572 4573 4574
f 4575 4576 4577
f 4578 4579 4580
f 4581 4582 4583
f 4584 4585 4586
f 4587 4588 4589
f 4590 4591 4592
f 4593 4594 4595
f 4596 4597 4598
f 4599 4600 4601
f 4602 4603 4604
f 4605 4606 4607
f 4608 4609 4610
f 4611 4612 4613
f 4614 4615 4616
f 4617 4618 4619
f 4620 4621 4622
f 4623 4624 4625
f 4626 4627 4628
f 4629 4630 4631
f 4632 4633 4634
f 4635 4636 4637
f 4638 4639 4640
f 4641 4642 4643
f 4644 4645 4646
f 4647 4648 4649
f 4650 4651 4652
f 4653 4654 4655
f 4656 4657 4658
f 4659 4660 4661
f 4662 4663 4664
f 4665 4666 4667
f 4668 4669 4670
f 4109 4671 4107
f 4672 4673 4674
f 4675 4676 4677
f 4678 4679 4680
f 4681 4682 4683
f 4684 4685 4686
f 4145 4687 4143
f 4688 4689 4690
f 4691 4692 4693
f 4694 4695 4696
f 4697 4698 4699
f 4700 4701 4702
f 4703 4704 4705
f 4706 4707 4708
f 4709 4710 4711
f 4712 4713 4714
f 4175 4715 4173
f 4716 4717 4718
f 4719 4720 4721
f 4722 4723 4724
f 4725 4726 4727
f 4728 4729 4730
f 4731 4732 4733
f 4734 4735 4736
f 4737 4738 4739
f 4740 4741 4742
f 4743 4744 4745
f 4746 4747 4748
f 4749 4750 4751
f 4752 4753 4754
f 4755 4756 4757
f 4758 4759 4760
f 4761 4762 4763
f 4764 4765 4766
f 4767 4768 4769
f 4770 4771 4772
f 4773 4774 4775
f 4776 4777 4778
f 4779 4780 4781
f 4782 4783 4784
f 4785 4786 4787
f 4788 4789 4790
f 4791 4792 4793
f 4794 4795 4796
f 4797 4798 4799
f 4800 4801 4802
f 4803 4804 4805
f 4806 4807 4808
f 4809 4810 4811
f 4812 4813 4814
f 4815 4816 4817
f 4818 4819 4820
f 4821 4822 4823
f 4824 4825 4826
f 4827 4828 4829
f 4830 4831 4832
f 4833 4834 4835
f 4836 4837 4838
f 4839 4840 4841
f 4842 4843 4844
f 4845 4846 4847
f 4848 4849 4850
f 4851 4852 4853
f 4854 4855 4856
f 4857 4858 4859
f 4860 4861 4862
f 4863 4864 4865
f 4866 4867 4868
f 4868 4867 4869
f 4870 4871 4872
f 4873 4874 4875
f 4876 4877 4878
f 4879 4880 4881
f 4882 4883 4884
f 4885 4886 4887
f 4888 4889 4890
f 4891 4892 4893
f 4894 4895 4896
f 4897 4898 4899
f 4900 4901 4902
f 4903 4904 4905
f 4906 4907 4908
f 4908 4907 4909
f 4910 4911 4912
f 4913 4914 4915
f 4916 4917 4918
f 4919 4920 4921
f 4922 4923 4924
f 4925 4926 4927
f 4928 4929 4930
f 4931 4932 4933
f 4934 4935 4936
f 4937 4938 4939
f 4940 4941 4942
f 4943 4944 4945
f 4946 4947 4948
f 4949 4950 4951
f 4952 4953 4954
f 4955 4956 4957
f 4958 4959 4960
f 4961 4962 4963
f 4964 4965 4966
f 4967 4968 4969
f 4970 4971 4972
f 4973 4974 4975
f 4976 4977 4978
f 4979 4980 4981
f 4982 4983 4984
f 4985 4986 4987
f 4988 4989 4990
f 4991 4992 4993
f 4994 4995 4996
f 4997 4998 4999
f 5000 5001 5002
f 5003 5004 5005
f 5006 5007 5008
f 5009 5010 5011
f 5012 5013 5014
f 5014 5013 5015
f 5016 5017 5018
f 5019 5020 5021
f 5022 5023 5024
f 5025 5026 5027
f 5028 5029 5030
f 5031 5032 5033
f 5034 5035 5036
f 5037 5038 5039
f 5040 5041 5042
f 5043 5044 5045
f 5046 5047 5048
f 5048 5047 5049
f 5050 5051 5052
f 5053 5054 5055
f 5056 5057 5058
f 5059 5060 5061
f 5062 5063 5064
f 5065 5066 5067
f 5068 5069 5070
f 5071 5072 5073
f 5074 5075 5076
f 5077 5078 5079
f 5080 5081 5082
f 5083 5084 5085
f 5086 5087 5088
f 5089 5090 5091
f 5092 5093 5094
f 5095 5096 5097
f 5098 5099 5100
f 5101 5102 5103
f 5104 5105 5106
f 5107 5108 5109
f 5110 5111 5112
f 5112 5111 5113
f 5114 5115 5116
f 5117 5118 5119
f 5120 5121 5122
f 5123 5124 5125
f 5126 5127 5128
f 5129 5130 5131
f 5132 5133 5134
f 5134 5133 5135
f 5136 5137 5138
f 5139 5140 5141
f 5142 5143 5144
f 5145 5146 5147
f 5148 5149 5150
f 5151 5152 5153
f 5154 5155 5156
f 5157 5158 5159
f 5160 5161 5162
f 5163 5164 5165
f 5166 5167 5168
f 5168 5167 5169
f 5170 5171 5172
f 5173 5174 5175
f 5176 5177 5178
f 5179 5180 5181
f 5182 5183 5184
f 5184 5183 5185
f 5186 5187 5188
f 5189 5190 5191
f 5192 5193 5194
f 5195 5196 5197
f 5198 5199 5200
f 5201 5202 5203
f 5204 5205 5206
f 5207 5208 5209
f 5210 5211 5212
f 5213 5214 5215
f 5216 5217 5218
f 5219 5220 5221
f 5222 5223 5224
f 5225 5226 5227
f 5228 5229 5230
f 5231 5232 5233
f 5234 5235 5236
f 5237 5238 5239
f 5240 5241 5242
f 5243 5244 5245
f 5246 5247 5248
f 5249 5250 5251
f 5252 5253 5254
f 5255 5256 5257
f 5258 5259 5260
f 5261 5262 5263
f 5264 5265 5266
f 5266 5265 5267
f 5268 5269 5270
f 5271 5272 5273
f 5274 5275 5276
f 5277 5278 5279
f 5280 5281 5282
f 5283 5284 5285
f 5286 5287 5288
f 5289 5290 5291
f 5292 5293 5294
f 5295 5296 5297
f 5298 5299 5300
f 5300 5299 5301
f 5302 5303 5304
f 5305 5306 5307
f 5308 5309 5310
f 5311 5312 5313
f 5314 5315 5316
f 5317 5318 5319
f 5320 5321 5322
f 5323 5324 5325
f 5326 5327 5328
f 5329 5330 5331
f 5332 5333 5334
f 5335 5336 5337
f 5338 5339 5340
f 5341 5342 5343
f 5344 5345 5346
f 5347 5348 5349
f 5350 5351 5352
f 5353 5354 5355
f 5356 5357 5358
f 5359 5360 5361
f 5362 5363 5364
f 5365 5366 5367
f 5368 5369 5370
f 5371 5372 5373
f 5374 5375 5376
f 5376 5375 5377
f 5378 5379 5380
f 5381 5382 5383
f 5384 5385 5386
f 5387 5388 5389
f 5390 5391 5392
f 5393 5394 5395
f 5396 5397 5398
f 5399 5400 5401
f 5402 5403 5404
f 5405 5406 5407
f 5408 5409 5410
f 5411 5412 5413
f 5414 5415 5416
f 5417 5418 5419
f 5420 5421 5422
f 5423 5424 5425
f 5426 5427 5428
f 5429 5430 5431
f 5432 5433 5434
f 5434 5433 5435
f 5436 5437 5438
f 5439 5440 5441
f 5442 5443 5444
f 5445 5446 5447
f 5448 5449 5450
f 5451 5452 5453
f 5454 5455 5456
f 5457 5458 5459
f 5460 5461 5462
f 5462 5461 5463
f 5464 5465 5466
f 5467 5468 5469
f 5470 5471 5472
f 5473 5474 5475
f 5476 5477 5478
f 5478 5477 5479
f 5480 5481 5482
f 5483 5484 5485
f 5486 5487 5488
f 5489 5490 5491
f 5492 5493 5494
f 5495 5496 5497
f 5498 5499 5500
f 5500 5499 5501
f 5502 5503 5504
f 5505 5506 5507
f 5508 5509 5510
f 5511 5512 5513
f 5514 5515 5516
f 5517 5518 5519
f 5520 5521 5522
f 5523 5524 5525
f 5526 5527 5528
f 5529 5530 5531
f 5532 5533 5534
f 5535 5536 5537
f 5538 5539 5540
f 5540 5539 5541
f 5542 5543 5544
f 5545 5546 5547
f 5548 5549 5550
f 5550 5549 5551
f 5552 5553 5554
f 5555 5556 5557
f 5558 5559 5560
f 5561 5562 5563
f 5564 5565 5566
f 5566 5565 5567
f 5568 5569 5570
f 5571 5572 5573
f 5574 5575 5576
f 5577 5578 5579
f 5580 5581 5582
f 5583 5584 5585
f 5586 5587 5588
f 5589 5590 5591
f 5592 5593 5594
f 5595 5596 5597
f 5598 5599 5600
f 5601 5602 5603
f 5603 5602 5604
f 5605 5606 5607
f 5608 5609 5610
f 5611 5612 5613
f 5614 5615 5616
f 5617 5618 5619
f 5620 5621 5622
f 5623 5624 5625
f 5626 5627 5628
f 5629 5630 5631
f 5632 5633 5634
f 5635 5636 5637
f 5638 5639 5640
f 5641 5642 5643
f 5644 5645 5646
f 5647 5648 5649
f 5650 5651 5652
f 5653 5654 5655
f 5656 5657 5658
f 5659 5660 5661
f 5662 5663 5664
f 5665 5666 5667
f 5668 5669 5670
f 5671 5672 5673
f 5674 5675 5676
f 5677 5678 5679
f 5680 5681 5682
f 5683 5684 5685
f 5686 5687 5688
f 5689 5690 5691
f 5692 5693 5694
f 5695 5696 5697
f 5698 5699 5700
f 5701 5702 5703
f 5704 5705 5706
f 5707 5708 5709
f 5710 5711 5712
f 5713 5714 5715
f 5716 5717 5718
f 5719 5720 5721
f 5721 5720 5722
f 5723 5724 5725
f 5726 5727 5728
f 5729 5730 5731
f 5732 5733 5734
f 5735 5736 5737
f 5738 5739 5740
f 5741 5742 5743
f 5743 5742 5744
f 5745 5746 5747
f 5748 5749 5750
f 5751 5752 5753
f 5754 5755 5756
f 5757 5758 5759
f 5759 5758 5760
f 5761 5762 5763
f 5764 5765 5766
f 5767 5768 5769
f 5770 5771 5772
f 5773 5774 5775
f 5775 5774 5776
f 5777 5778 5779
f 5780 5781 5782
f 5783 5784 5785
f 5786 5787 5788
f 5789 5790 5791
f 5791 5790 5792
f 5793 5794 5795
f 5796 5797 5798
f 5799 5800 5801
f 5802 5803 5804
f 5805 5806 5807
f 5807 5806 5808
f 5809 5810 5811
f 5812 5813 5814
f 5815 5816 5817
f 5818 5819 5820
f 5821 5822 5823
f 5824 5825 5826
f 5827 5828 5829
f 5829 5828 5830
f 5831 5832 5833
f 5834 5835 5836
f 5837 5838 5839
f 5840 5841 5842
f 5843 5844 5845
f 5846 5847 5848
f 5849 5850 5851
f 5852 5853 5854
f 5855 5856 5857
f 5858 5859 5860
f 5861 5862 5863
f 5864 5865 5866
f 5867 5868 5869
f 5870 5871 5872
f 5873 5874 5875
f 5876 5877 5878
f 5878 5877 5879
f 5878 5879 5880
f 5881 5882 5883
f 5884 5885 5886
f 5887 5888 5889
f 5890 5891 5892
f 5893 5894 5895
f 5896 5897 5898
f 5899 5900 5901
f 5902 5903 5904
f 5905 5906 5907
f 5908 5909 5910
f 5910 5909 5911
f 5912 5913 5914
f 5915 5911 5916
f 5917 5918 5919
f 5920 5921 5922
f 5923 5924 5925
f 5926 5927 5928
f 5928 5927 5929
f 5928 5929 5930
f 5931 5932 5933
f 5934 5935 5936
f 5937 5938 5939
f 5940 5941 5942
f 5943 5944 5945
f 5946 5947 5948
f 5949 5950 5951
f 5952 5953 5954
f 5955 5956 5957
f 5958 5959 5960
f 5960 5959 5961
f 5962 5963 5964
f 5965 5966 5967
f 5968 5969 5970
f 5971 5972 5973
f 5973 5972 5974
f 5975 5976 5977
f 5978 5979 5980
f 5981 5982 5983
f 5984 5985 5986
f 5987 5988 5989
f 5990 5991 5992
f 5993 5994 5995
f 5996 5997 5998
f 5999 6000 6001
f 6002 6003 6004
f 6005 6006 6007
f 6008 6009 6010
f 6010 6009 6011
f 6010 6011 6012
f 6013 6014 6015
f 6016 6017 6018
f 6019 6020 6021
f 6022 6023 6024
f 6025 6026 6027
f 6028 6029 6030
f 6028 6030 6031
f 6032 6033 6034
f 6035 6036 6037
f 6038 6039 6040
f 6041 6042 6043
f 6044 6045 6046
f 6047 6048 6049
f 6050 6051 6052
f 6053 6054 6055
f 6056 6057 6058
f 6059 6060 6061
f 6061 6060 6062
f 6061 6062 6063
f 6064 6065 6066
f 6067 6068 6069
f 6070 6071 6072
f 6073 6074 6075
f 6076 6077 6078
f 6079 6080 6081
f 6082 6083 6084
f 6085 6086 6087
f 6088 6089 6090
f 6090 6089 6091
f 6090 6091 6092
f 6093 6094 6095
f 6096 6097 6098
f 6099 6100 6101
f 6102 6103 6104
f 6105 6106 6107
f 6108 6109 6110
f 6111 6112 6113
f 6114 6115 6116
f 6117 6118 6119
f 6120 6121 6122
f 6123 6124 6125
f 6126 6127 6128
f 6129 6130 6131
f 6132 6133 6134
f 6135 6136 6137
f 6138 6139 6140
f 6141 6142 6143
f 6143 6142 6144
f 6143 6144 6145
f 6146 6147 6148
f 6149 6150 6151
f 6152 6153 6154
f 6155 6156 6157
f 6158 6159 6160
f 6160 6159 6161
f 6160 6161 6162
f 6163 6164 6165
f 6166 6167 6168
f 6169 6170 6171
f 6172 6173 6174
f 6175 6176 6177
f 6178 6179 6180
f 6181 6182 6183
f 6184 6185 6186
f 6187 6188 6189
f 6190 6191 6192
f 6193 6194 6195
f 6193 6195 6196
f 6197 6198 6199
f 6197 6199 6200
f 6201 6202 6203
f 6201 6203 6204
f 6205 6206 6207
f 6205 6207 6208
f 6209 6210 6211
f 6209 6211 6212
f 6213 6214 6215
f 6213 6215 6216
f 6217 6218 6219
f 6217 6219 6220
f 6221 6222 6223
f 6221 6223 6224
f 6225 6226 6227
f 6225 6227 6228
f 6229 6230 6231
f 6229 6231 6232
f 6233 6234 6235
f 6233 6235 6236
f 6237 6238 6239
f 6237 6239 6240
f 6241 6242 6243
f 6241 6243 6244
f 6245 6246 6247
f 6245 6247 6248
f 6249 6250 6251
f 6249 6251 6252
f 6253 6254 6255
f 6253 6255 6256
f 6257 6258 6259
f 6257 6259 6260
f 6261 6262 6263
f 6261 6263 6264
f 6265 6266 6267
f 6265 6267 6268
f 6269 6270 6271
f 6269 6271 6272
f 6273 6274 6275
f 6273 6275 6276
f 6277 6278 6279
f 6277 6279 6280
f 6281 6282 6283
f 6281 6283 6284
f 6285 6286 6287
f 6285 6287 6288
f 6289 6290 6291
f 6289 6291 6292
f 6293 6294 6295
f 6293 6295 6296
f 6297 6298 6299
f 6297 6299 6300
f 6301 6302 6303
f 6301 6303 6304
f 6305 6306 6307
f 6305 6307 6308
f 6309 6310 6311
f 6309 6311 6312
f 6313 6314 6315
f 6313 6315 6316
f 6317 6318 6319
f 6317 6319 6320
f 6321 6322 6323
f 6321 6323 6324
f 6325 6326 6327
f 6325 6327 6328
f 6329 6330 6331
f 6329 6331 6332
f 6333 6334 6335
f 6333 6335 6336
f 6337 6338 6339
f 6337 6339 6340
f 6341 6342 6343
f 6341 6343 6344
f 6345 6346 6347
f 6345 6347 6348
f 6349 6350 6351
f 6349 6351 6352
f 6353 6354 6355
f 6353 6355 6356
f 6357 6358 6359
f 6357 6359 6360
f 6361 6362 6363
f 6361 6363 6364
f 6365 6366 6367
f 6365 6367 6368
f 6369 6370 6371
f 6369 6371 6372
f 6373 6374 6375
f 6373 6375 6376
f 6377 6378 6379
f 6377 6379 6380
f 6381 6382 6383
f 6381 6383 6384
f 6385 6386 6387
f 6385 6387 6388
f 6389 6390 6391
f 6389 6391 6392
f 6393 6394 6395
f 6393 6395 6396
f 6397 6398 6399
f 6397 6399 6400
f 6401 6402 6403
f 6401 6403 6404
f 6190 6405 6191
f 6406 6407 6408
f 6408 6407 6409
f 6408 6409 6410
f 6411 6412 6408
f 6408 6412 6413
f 6408 6413 6406
f 6414 6415 6408
f 6408 6415 6416
f 6408 6416 6411
f 6417 6418 6408
f 6408 6418 6419
f 6408 6419 6414
f 6420 6421 6408
f 6408 6421 6422
f 6408 6422 6417
f 6423 6424 6408
f 6408 6424 6425
f 6408 6425 6420
f 6426 6427 6408
f 6428 6429 6408
f 6408 6429 6430
f 6408 6430 6426
f 6431 6432 6408
f 6408 6432 6433
f 6408 6433 6428
f 6434 6435 6408
f 6408 6435 6436
f 6408 6436 6431
f 6437 6438 6408
f 6408 6438 6439
f 6408 6439 6434
f 6440 6441 6408
f 6408 6441 6442
f 6408 6442 6437
f 6443 6444 6408
f 6408 6444 6445
f 6408 6445 6440
f 6446 6447 6408
f 6408 6447 6448
f 6408 6448 6443
f 6449 6450 6408
f 6408 6450 6451
f 6408 6451 6446
f 6452 6453 6408
f 6408 6453 6454
f 6408 6454 6449
f 6455 6456 6408
f 6408 6456 6457
f 6408 6457 6452
f 6410 6458 6408
f 6408 6458 6459
f 6408 6459 6455

