mtllib material.mtl
usemtl material_base_0
v -0.05820020 -0.05627476 0.01599820
v -0.06040525 -0.05589997 0.01599962
v -0.06214194 -0.05638525 0.01599970
v -0.06382088 -0.06214172 0.01599917
v -0.06230360 -0.06372743 0.01599918
v -0.06372739 -0.05790300 0.01599917
v -0.06434202 -0.06000983 0.01599917
v -0.06019675 -0.06434206 0.01599918
v -0.05806486 -0.06382091 0.01599918
v -0.05627472 -0.06200639 0.01599821
v -0.05589993 -0.05980134 0.01599963
v -0.05638568 -0.05806490 0.01599917
v 0.06019675 0.06434206 0.01599917
v 0.05963980 0.06459472 0.01629966
v 0.05806486 0.06382091 0.01599917
v 0.05806486 0.06382091 0.01599917
v 0.05963980 0.06459472 0.01629966
v 0.05774567 0.06398649 0.01629935
v 0.05806486 0.06382091 0.01599917
v 0.05774567 0.06398649 0.01629935
v 0.05627472 0.06200639 0.01599820
v 0.05627472 0.06200639 0.01599820
v 0.05774567 0.06398649 0.01629935
v 0.05590403 0.06193523 0.01629866
v 0.05627472 0.06200639 0.01599820
v 0.05590403 0.06193523 0.01629866
v 0.05589993 0.05980134 0.01599962
v 0.05589993 0.05980134 0.01599962
v 0.05590403 0.06193523 0.01629866
v 0.05561187 0.05963988 0.01629966
v 0.05589993 0.05980134 0.01599962
v 0.05561187 0.05963988 0.01629966
v 0.05638568 0.05806490 0.01599917
v 0.05638568 0.05806490 0.01599917
v 0.05561187 0.05963988 0.01629966
v 0.05622010 0.05774571 0.01629935
v 0.05638568 0.05806490 0.01599917
v 0.05622010 0.05774571 0.01629935
v 0.05763265 0.05668913 0.01599977
v 0.05763265 0.05668913 0.01599977
v 0.05622010 0.05774571 0.01629935
v 0.05827137 0.05590407 0.01629866
v 0.05763265 0.05668913 0.01599977
v 0.05827137 0.05590407 0.01629866
v 0.05962441 0.05585476 0.01599820
v 0.05962441 0.05585476 0.01599820
v 0.05827137 0.05590407 0.01629866
v 0.06056670 0.05561191 0.01629966
v 0.05962441 0.05585476 0.01599820
v 0.06056670 0.05561191 0.01629966
v 0.06214168 0.05638572 0.01599917
v 0.06214168 0.05638572 0.01599917
v 0.06056670 0.05561191 0.01629966
v 0.06246087 0.05622013 0.01629935
v 0.06214168 0.05638572 0.01599917
v 0.06246087 0.05622013 0.01629935
v 0.06372739 0.05790300 0.01599917
v 0.06372739 0.05790300 0.01599917
v 0.06246087 0.05622013 0.01629935
v 0.06430253 0.05827141 0.01629866
v 0.06372739 0.05790300 0.01599917
v 0.06430253 0.05827141 0.01629866
v 0.06434202 0.06000983 0.01599917
v 0.06434202 0.06000983 0.01599917
v 0.06430253 0.05827141 0.01629866
v 0.06459468 0.06056679 0.01629966
v 0.06434202 0.06000983 0.01599917
v 0.06459468 0.06056679 0.01629966
v 0.06382088 0.06214172 0.01599917
v 0.06382088 0.06214172 0.01599917
v 0.06459468 0.06056679 0.01629966
v 0.06398645 0.06246092 0.01629935
v 0.06382088 0.06214172 0.01599917
v 0.06398645 0.06246092 0.01629935
v 0.06230360 0.06372743 0.01599917
v 0.06230360 0.06372743 0.01599917
v 0.06398645 0.06246092 0.01629935
v 0.06193518 0.06430257 0.01629866
v 0.06230360 0.06372743 0.01599917
v 0.06193518 0.06430257 0.01629866
v 0.06019675 0.06434206 0.01599917
v 0.06019675 0.06434206 0.01599917
v 0.06193518 0.06430257 0.01629866
v 0.05963980 0.06459472 0.01629966
v 0.05980134 -0.05589993 0.01599962
v 0.05963988 -0.05561187 0.01629967
v 0.05806490 -0.05638568 0.01599917
v 0.05806490 -0.05638568 0.01599917
v 0.05963988 -0.05561187 0.01629967
v 0.05774571 -0.05622010 0.01629935
v 0.05806490 -0.05638568 0.01599917
v 0.05774571 -0.05622010 0.01629935
v 0.05627357 -0.05819960 0.01599950
v 0.05627357 -0.05819960 0.01599950
v 0.05774571 -0.05622010 0.01629935
v 0.05590407 -0.05827136 0.01629866
v 0.05627357 -0.05819960 0.01599950
v 0.05590407 -0.05827136 0.01629866
v 0.05589997 -0.06040525 0.01599963
v 0.05589997 -0.06040525 0.01599963
v 0.05590407 -0.05827136 0.01629866
v 0.05561191 -0.06056670 0.01629967
v 0.05589997 -0.06040525 0.01599963
v 0.05561191 -0.06056670 0.01629967
v 0.05638572 -0.06214168 0.01599917
v 0.05638572 -0.06214168 0.01599917
v 0.05561191 -0.06056670 0.01629967
v 0.05622013 -0.06246087 0.01629935
v 0.05638572 -0.06214168 0.01599917
v 0.05622013 -0.06246087 0.01629935
v 0.05790300 -0.06372739 0.01599918
v 0.05790300 -0.06372739 0.01599918
v 0.05622013 -0.06246087 0.01629935
v 0.05827141 -0.06430253 0.01629866
v 0.05790300 -0.06372739 0.01599918
v 0.05827141 -0.06430253 0.01629866
v 0.06000983 -0.06434202 0.01599918
v 0.06000983 -0.06434202 0.01599918
v 0.05827141 -0.06430253 0.01629866
v 0.06056678 -0.06459468 0.01629967
v 0.06000983 -0.06434202 0.01599918
v 0.06056678 -0.06459468 0.01629967
v 0.06214172 -0.06382088 0.01599918
v 0.06214172 -0.06382088 0.01599918
v 0.06056678 -0.06459468 0.01629967
v 0.06246092 -0.06398645 0.01629935
v 0.06214172 -0.06382088 0.01599918
v 0.06246092 -0.06398645 0.01629935
v 0.06372743 -0.06230360 0.01599917
v 0.06372743 -0.06230360 0.01599917
v 0.06246092 -0.06398645 0.01629935
v 0.06430257 -0.06193517 0.01629866
v 0.06372743 -0.06230360 0.01599917
v 0.06430257 -0.06193517 0.01629866
v 0.06434206 -0.06019675 0.01599917
v 0.06434206 -0.06019675 0.01599917
v 0.06430257 -0.06193517 0.01629866
v 0.06459472 -0.05963980 0.01629967
v 0.06434206 -0.06019675 0.01599917
v 0.06459472 -0.05963980 0.01629967
v 0.06382091 -0.05806486 0.01599917
v 0.06382091 -0.05806486 0.01599917
v 0.06459472 -0.05963980 0.01629967
v 0.06398649 -0.05774567 0.01629935
v 0.06382091 -0.05806486 0.01599917
v 0.06398649 -0.05774567 0.01629935
v 0.06200639 -0.05627472 0.01599820
v 0.06200639 -0.05627472 0.01599820
v 0.06398649 -0.05774567 0.01629935
v 0.06193523 -0.05590403 0.01629866
v 0.06200639 -0.05627472 0.01599820
v 0.06193523 -0.05590403 0.01629866
v 0.05980134 -0.05589993 0.01599962
v 0.05980134 -0.05589993 0.01599962
v 0.06193523 -0.05590403 0.01629866
v 0.05963988 -0.05561187 0.01629967
v -0.06000983 0.06434203 0.01599917
v -0.06056678 0.06459468 0.01629966
v -0.06214172 0.06382088 0.01599917
v -0.06214172 0.06382088 0.01599917
v -0.06056678 0.06459468 0.01629966
v -0.06246092 0.06398645 0.01629935
v -0.06214172 0.06382088 0.01599917
v -0.06246092 0.06398645 0.01629935
v -0.06372743 0.06230360 0.01599917
v -0.06372743 0.06230360 0.01599917
v -0.06246092 0.06398645 0.01629935
v -0.06430257 0.06193518 0.01629866
v -0.06372743 0.06230360 0.01599917
v -0.06430257 0.06193518 0.01629866
v -0.06434206 0.06019675 0.01599917
v -0.06434206 0.06019675 0.01599917
v -0.06430257 0.06193518 0.01629866
v -0.06459472 0.05963980 0.01629966
v -0.06434206 0.06019675 0.01599917
v -0.06459472 0.05963980 0.01629966
v -0.06382091 0.05806487 0.01599917
v -0.06382091 0.05806487 0.01599917
v -0.06459472 0.05963980 0.01629966
v -0.06398649 0.05774567 0.01629935
v -0.06382091 0.05806487 0.01599917
v -0.06398649 0.05774567 0.01629935
v -0.06200639 0.05627472 0.01599820
v -0.06200639 0.05627472 0.01599820
v -0.06398649 0.05774567 0.01629935
v -0.06193523 0.05590404 0.01629866
v -0.06200639 0.05627472 0.01599820
v -0.06193523 0.05590404 0.01629866
v -0.05980134 0.05589994 0.01599962
v -0.05980134 0.05589994 0.01599962
v -0.06193523 0.05590404 0.01629866
v -0.05963988 0.05561187 0.01629966
v -0.05980134 0.05589994 0.01599962
v -0.05963988 0.05561187 0.01629966
v -0.05806490 0.05638568 0.01599917
v -0.05806490 0.05638568 0.01599917
v -0.05963988 0.05561187 0.01629966
v -0.05774571 0.05622010 0.01629935
v -0.05806490 0.05638568 0.01599917
v -0.05774571 0.05622010 0.01629935
v -0.05627476 0.05820020 0.01599820
v -0.05627476 0.05820020 0.01599820
v -0.05774571 0.05622010 0.01629935
v -0.05590407 0.05827137 0.01629866
v -0.05627476 0.05820020 0.01599820
v -0.05590407 0.05827137 0.01629866
v -0.05589997 0.06040525 0.01599962
v -0.05589997 0.06040525 0.01599962
v -0.05590407 0.05827137 0.01629866
v -0.05561191 0.06056670 0.01629966
v -0.05589997 0.06040525 0.01599962
v -0.05561191 0.06056670 0.01629966
v -0.05638525 0.06214194 0.01599970
v -0.05638525 0.06214194 0.01599970
v -0.05561191 0.06056670 0.01629966
v -0.05622013 0.06246087 0.01629935
v -0.05638525 0.06214194 0.01599970
v -0.05622013 0.06246087 0.01629935
v -0.05790300 0.06372739 0.01599917
v -0.05790300 0.06372739 0.01599917
v -0.05622013 0.06246087 0.01629935
v -0.05827141 0.06430253 0.01629866
v -0.05790300 0.06372739 0.01599917
v -0.05827141 0.06430253 0.01629866
v -0.06000983 0.06434203 0.01599917
v -0.06000983 0.06434203 0.01599917
v -0.05827141 0.06430253 0.01629866
v -0.06056678 0.06459468 0.01629966
v -0.06040525 -0.05589997 0.01599962
v -0.06056670 -0.05561191 0.01629967
v -0.06214194 -0.05638525 0.01599970
v -0.06214194 -0.05638525 0.01599970
v -0.06056670 -0.05561191 0.01629967
v -0.06246087 -0.05622013 0.01629935
v -0.06214194 -0.05638525 0.01599970
v -0.06246087 -0.05622013 0.01629935
v -0.06372739 -0.05790300 0.01599917
v -0.06372739 -0.05790300 0.01599917
v -0.06246087 -0.05622013 0.01629935
v -0.06430253 -0.05827141 0.01629866
v -0.06372739 -0.05790300 0.01599917
v -0.06430253 -0.05827141 0.01629866
v -0.06434202 -0.06000983 0.01599917
v -0.06434202 -0.06000983 0.01599917
v -0.06430253 -0.05827141 0.01629866
v -0.06459468 -0.06056678 0.01629967
v -0.06434202 -0.06000983 0.01599917
v -0.06459468 -0.06056678 0.01629967
v -0.06382088 -0.06214172 0.01599917
v -0.06382088 -0.06214172 0.01599917
v -0.06459468 -0.06056678 0.01629967
v -0.06398645 -0.06246092 0.01629935
v -0.06382088 -0.06214172 0.01599917
v -0.06398645 -0.06246092 0.01629935
v -0.06230360 -0.06372743 0.01599918
v -0.06230360 -0.06372743 0.01599918
v -0.06398645 -0.06246092 0.01629935
v -0.06193518 -0.06430257 0.01629866
v -0.06230360 -0.06372743 0.01599918
v -0.06193518 -0.06430257 0.01629866
v -0.06019675 -0.06434206 0.01599918
v -0.06019675 -0.06434206 0.01599918
v -0.06193518 -0.06430257 0.01629866
v -0.05963980 -0.06459472 0.01629967
v -0.06019675 -0.06434206 0.01599918
v -0.05963980 -0.06459472 0.01629967
v -0.05806486 -0.06382091 0.01599918
v -0.05806486 -0.06382091 0.01599918
v -0.05963980 -0.06459472 0.01629967
v -0.05774567 -0.06398649 0.01629935
v -0.05806486 -0.06382091 0.01599918
v -0.05774567 -0.06398649 0.01629935
v -0.05627472 -0.06200639 0.01599821
v -0.05627472 -0.06200639 0.01599821
v -0.05774567 -0.06398649 0.01629935
v -0.05590403 -0.06193523 0.01629866
v -0.05627472 -0.06200639 0.01599821
v -0.05590403 -0.06193523 0.01629866
v -0.05589993 -0.05980134 0.01599963
v -0.05589993 -0.05980134 0.01599963
v -0.05590403 -0.06193523 0.01629866
v -0.05561187 -0.05963988 0.01629967
v -0.05589993 -0.05980134 0.01599963
v -0.05561187 -0.05963988 0.01629967
v -0.05638568 -0.05806490 0.01599917
v -0.05638568 -0.05806490 0.01599917
v -0.05561187 -0.05963988 0.01629967
v -0.05622010 -0.05774571 0.01629935
v -0.05638568 -0.05806490 0.01599917
v -0.05622010 -0.05774571 0.01629935
v -0.05820020 -0.05627476 0.01599820
v -0.05820020 -0.05627476 0.01599820
v -0.05622010 -0.05774571 0.01629935
v -0.05827137 -0.05590407 0.01629866
v -0.05820020 -0.05627476 0.01599820
v -0.05827137 -0.05590407 0.01629866
v -0.06040525 -0.05589997 0.01599962
v -0.06040525 -0.05589997 0.01599962
v -0.05827137 -0.05590407 0.01629866
v -0.06056670 -0.05561191 0.01629967
v 0.05622010 0.05774571 0.01629935
v 0.05329124 0.05839109 0.01629978
v 0.05428768 0.05616450 0.01629979
v 0.05827137 0.05590407 0.01629866
v 0.05598554 0.05441299 0.01629979
v 0.05770916 0.05352554 0.01629979
v 0.05938239 0.05311648 0.01629979
v 0.06056670 0.05561191 0.01629966
v 0.06181550 0.05329128 0.01629979
v 0.06246087 0.05622013 0.01629935
v 0.06404209 0.05428771 0.01629979
v 0.06430253 0.05827141 0.01629866
v 0.06546553 0.05560386 0.01629979
v 0.06642221 0.05703629 0.01629978
v 0.06699684 0.05888780 0.01629978
v 0.06459468 0.06056679 0.01629966
v 0.06710915 0.06060655 0.01629978
v 0.06398645 0.06246092 0.01629935
v 0.06651450 0.06297243 0.01629978
v 0.06514657 0.06499217 0.01629978
v 0.06193518 0.06430257 0.01629866
v 0.06360323 0.06616541 0.01629978
v 0.06202649 0.06685881 0.01629978
v 0.05963980 0.06459472 0.01629966
v 0.05960005 0.06710919 0.01629978
v 0.05774567 0.06398649 0.01629935
v 0.05723419 0.06651454 0.01629978
v 0.05560382 0.06546557 0.01629978
v 0.05590403 0.06193523 0.01629866
v 0.05441293 0.06422103 0.01629978
v 0.05352550 0.06249742 0.01629978
v 0.05311644 0.06082420 0.01629978
v 0.05561187 0.05963988 0.01629966
v 0.05622013 -0.06246087 0.01629935
v 0.05428771 -0.06404209 0.01629979
v 0.05827141 -0.06430253 0.01629866
v 0.05560386 -0.06546553 0.01629979
v 0.05703629 -0.06642221 0.01629979
v 0.05888780 -0.06699684 0.01629979
v 0.06056678 -0.06459468 0.01629967
v 0.06060655 -0.06710915 0.01629979
v 0.06246092 -0.06398645 0.01629935
v 0.06297242 -0.06651450 0.01629979
v 0.06499217 -0.06514657 0.01629979
v 0.06430257 -0.06193517 0.01629866
v 0.06616541 -0.06360323 0.01629979
v 0.06685881 -0.06202649 0.01629979
v 0.06459472 -0.05963980 0.01629967
v 0.06710919 -0.05960004 0.01629979
v 0.06398649 -0.05774567 0.01629935
v 0.06651454 -0.05723419 0.01629979
v 0.06546557 -0.05560382 0.01629979
v 0.06193523 -0.05590403 0.01629866
v 0.06422103 -0.05441293 0.01629979
v 0.06249742 -0.05352550 0.01629979
v 0.06082420 -0.05311644 0.01629979
v 0.05963988 -0.05561187 0.01629967
v 0.05839109 -0.05329124 0.01629979
v 0.05774571 -0.05622010 0.01629935
v 0.05616450 -0.05428767 0.01629979
v 0.05590407 -0.05827136 0.01629866
v 0.05441299 -0.05598554 0.01629979
v 0.05352554 -0.05770916 0.01629979
v 0.05311648 -0.05938239 0.01629979
v 0.05561191 -0.06056670 0.01629967
v 0.05329128 -0.06181550 0.01629979
v -0.06246092 0.06398645 0.01629935
v -0.06297242 0.06651450 0.01629978
v -0.06499217 0.06514657 0.01629978
v -0.06430257 0.06193518 0.01629866
v -0.06616541 0.06360323 0.01629978
v -0.06685881 0.06202649 0.01629978
v -0.06459472 0.05963980 0.01629966
v -0.06710919 0.05960005 0.01629978
v -0.06398649 0.05774567 0.01629935
v -0.06651454 0.05723419 0.01629978
v -0.06546557 0.05560382 0.01629979
v -0.06193523 0.05590404 0.01629866
v -0.06422103 0.05441293 0.01629979
v -0.06249742 0.05352550 0.01629979
v -0.06082420 0.05311644 0.01629979
v -0.05963988 0.05561187 0.01629966
v -0.05839109 0.05329124 0.01629979
v -0.05774571 0.05622010 0.01629935
v -0.05616450 0.05428768 0.01629979
v -0.05590407 0.05827137 0.01629866
v -0.05441299 0.05598555 0.01629979
v -0.05352554 0.05770916 0.01629978
v -0.05311648 0.05938239 0.01629978
v -0.05561191 0.06056670 0.01629966
v -0.05329128 0.06181550 0.01629978
v -0.05622013 0.06246087 0.01629935
v -0.05428771 0.06404209 0.01629978
v -0.05827141 0.06430253 0.01629866
v -0.05560386 0.06546553 0.01629978
v -0.05703629 0.06642221 0.01629978
v -0.05888780 0.06699684 0.01629978
v -0.06056678 0.06459468 0.01629966
v -0.06060655 0.06710916 0.01629978
v -0.06246087 -0.05622013 0.01629935
v -0.06181550 -0.05329128 0.01629979
v -0.06404209 -0.05428771 0.01629979
v -0.06430253 -0.05827141 0.01629866
v -0.06546553 -0.05560386 0.01629979
v -0.06642221 -0.05703629 0.01629979
v -0.06699684 -0.05888779 0.01629979
v -0.06459468 -0.06056678 0.01629967
v -0.06710915 -0.06060655 0.01629979
v -0.06398645 -0.06246092 0.01629935
v -0.06651450 -0.06297242 0.01629979
v -0.06514657 -0.06499216 0.01629979
v -0.06193518 -0.06430257 0.01629866
v -0.06360323 -0.06616541 0.01629979
v -0.06202649 -0.06685881 0.01629979
v -0.05963980 -0.06459472 0.01629967
v -0.05960005 -0.06710919 0.01629979
v -0.05774567 -0.06398649 0.01629935
v -0.05723419 -0.06651454 0.01629979
v -0.05560382 -0.06546557 0.01629979
v -0.05590403 -0.06193523 0.01629866
v -0.05441293 -0.06422103 0.01629979
v -0.05352550 -0.06249742 0.01629979
v -0.05311644 -0.06082420 0.01629979
v -0.05561187 -0.05963988 0.01629967
v -0.05329124 -0.05839109 0.01629979
v -0.05622010 -0.05774571 0.01629935
v -0.05428768 -0.05616450 0.01629979
v -0.05827137 -0.05590407 0.01629866
v -0.05598554 -0.05441299 0.01629979
v -0.05770916 -0.05352554 0.01629979
v -0.05938239 -0.05311648 0.01629979
v -0.06056670 -0.05561191 0.01629967
v 0.05960005 0.06710919 0.01629978
v 0.05945443 0.06709835 0.02499693
v 0.05723419 0.06651454 0.01629978
v 0.05723419 0.06651454 0.01629978
v 0.05945443 0.06709835 0.02499693
v 0.05710107 0.06645455 0.02499692
v 0.05723419 0.06651454 0.01629978
v 0.05710107 0.06645455 0.02499692
v 0.05560382 0.06546557 0.01629978
v 0.05560382 0.06546557 0.01629978
v 0.05710107 0.06645455 0.02499692
v 0.05560382 0.06546557 0.02499967
v 0.05560382 0.06546557 0.01629978
v 0.05560382 0.06546557 0.02499967
v 0.05441293 0.06422103 0.01629978
v 0.05441293 0.06422103 0.01629978
v 0.05560382 0.06546557 0.02499967
v 0.05432765 0.06410253 0.02499692
v 0.05441293 0.06422103 0.01629978
v 0.05432765 0.06410253 0.02499692
v 0.05352550 0.06249742 0.01629978
v 0.05352550 0.06249742 0.01629978
v 0.05432765 0.06410253 0.02499692
v 0.05352550 0.06249742 0.02499967
v 0.05352550 0.06249742 0.01629978
v 0.05352550 0.06249742 0.02499967
v 0.05311644 0.06082420 0.01629978
v 0.05311644 0.06082420 0.01629978
v 0.05352550 0.06249742 0.02499967
v 0.05310184 0.06067892 0.02499692
v 0.05311644 0.06082420 0.01629978
v 0.05310184 0.06067892 0.02499692
v 0.05329124 0.05839109 0.01629978
v 0.05329124 0.05839109 0.01629978
v 0.05310184 0.06067892 0.02499692
v 0.05332722 0.05824956 0.02499692
v 0.05329124 0.05839109 0.01629978
v 0.05332722 0.05824956 0.02499692
v 0.05428768 0.05616450 0.01629979
v 0.05428768 0.05616450 0.01629979
v 0.05332722 0.05824956 0.02499692
v 0.05436988 0.05604382 0.02499692
v 0.05428768 0.05616450 0.01629979
v 0.05436988 0.05604382 0.02499692
v 0.05598554 0.05441299 0.01629979
v 0.05598554 0.05441299 0.01629979
v 0.05436988 0.05604382 0.02499692
v 0.05610405 0.05432770 0.02499692
v 0.05598554 0.05441299 0.01629979
v 0.05610405 0.05432770 0.02499692
v 0.05770916 0.05352554 0.01629979
v 0.05770916 0.05352554 0.01629979
v 0.05610405 0.05432770 0.02499692
v 0.05832061 0.05330820 0.02499692
v 0.05770916 0.05352554 0.01629979
v 0.05832061 0.05330820 0.02499692
v 0.05938239 0.05311648 0.01629979
v 0.05938239 0.05311648 0.01629979
v 0.05832061 0.05330820 0.02499692
v 0.06075218 0.05310829 0.02499692
v 0.05938239 0.05311648 0.01629979
v 0.06075218 0.05310829 0.02499692
v 0.06181550 0.05329128 0.01629979
v 0.06181550 0.05329128 0.01629979
v 0.06075218 0.05310829 0.02499692
v 0.06249738 0.05352554 0.02499967
v 0.06181550 0.05329128 0.01629979
v 0.06249738 0.05352554 0.02499967
v 0.06404209 0.05428771 0.01629979
v 0.06404209 0.05428771 0.01629979
v 0.06249738 0.05352554 0.02499967
v 0.06416276 0.05436991 0.02499692
v 0.06404209 0.05428771 0.01629979
v 0.06416276 0.05436991 0.02499692
v 0.06546553 0.05560386 0.01629979
v 0.06546553 0.05560386 0.01629979
v 0.06416276 0.05436991 0.02499692
v 0.06587888 0.05610407 0.02499692
v 0.06546553 0.05560386 0.01629979
v 0.06587888 0.05610407 0.02499692
v 0.06642221 0.05703629 0.01629978
v 0.06642221 0.05703629 0.01629978
v 0.06587888 0.05610407 0.02499692
v 0.06689839 0.05832065 0.02499692
v 0.06642221 0.05703629 0.01629978
v 0.06689839 0.05832065 0.02499692
v 0.06699684 0.05888780 0.01629978
v 0.06699684 0.05888780 0.01629978
v 0.06689839 0.05832065 0.02499692
v 0.06710915 0.06060655 0.01629978
v 0.06710915 0.06060655 0.01629978
v 0.06689839 0.05832065 0.02499692
v 0.06709831 0.06075216 0.02499693
v 0.06710915 0.06060655 0.01629978
v 0.06709831 0.06075216 0.02499693
v 0.06651450 0.06297243 0.01629978
v 0.06651450 0.06297243 0.01629978
v 0.06709831 0.06075216 0.02499693
v 0.06645451 0.06310554 0.02499692
v 0.06651450 0.06297243 0.01629978
v 0.06645451 0.06310554 0.02499692
v 0.06514657 0.06499217 0.01629978
v 0.06514657 0.06499217 0.01629978
v 0.06645451 0.06310554 0.02499692
v 0.06546553 0.06460278 0.02499967
v 0.06514657 0.06499217 0.01629978
v 0.06546553 0.06460278 0.02499967
v 0.06410251 0.06587893 0.02499692
v 0.06514657 0.06499217 0.01629978
v 0.06410251 0.06587893 0.02499692
v 0.06360323 0.06616541 0.01629978
v 0.06360323 0.06616541 0.01629978
v 0.06410251 0.06587893 0.02499692
v 0.06202649 0.06685881 0.01629978
v 0.06202649 0.06685881 0.01629978
v 0.06410251 0.06587893 0.02499692
v 0.06188593 0.06689843 0.02499692
v 0.06202649 0.06685881 0.01629978
v 0.06188593 0.06689843 0.02499692
v 0.05960005 0.06710919 0.01629978
v 0.05960005 0.06710919 0.01629978
v 0.06188593 0.06689843 0.02499692
v 0.05945443 0.06709835 0.02499693
v 0.06082420 -0.05311644 0.01629979
v 0.06067892 -0.05310184 0.02499693
v 0.05839109 -0.05329124 0.01629979
v 0.05839109 -0.05329124 0.01629979
v 0.06067892 -0.05310184 0.02499693
v 0.05824956 -0.05332722 0.02499693
v 0.05839109 -0.05329124 0.01629979
v 0.05824956 -0.05332722 0.02499693
v 0.05616450 -0.05428767 0.01629979
v 0.05616450 -0.05428767 0.01629979
v 0.05824956 -0.05332722 0.02499693
v 0.05604382 -0.05436988 0.02499693
v 0.05616450 -0.05428767 0.01629979
v 0.05604382 -0.05436988 0.02499693
v 0.05441299 -0.05598554 0.01629979
v 0.05441299 -0.05598554 0.01629979
v 0.05604382 -0.05436988 0.02499693
v 0.05432770 -0.05610405 0.02499693
v 0.05441299 -0.05598554 0.01629979
v 0.05432770 -0.05610405 0.02499693
v 0.05352554 -0.05770916 0.01629979
v 0.05352554 -0.05770916 0.01629979
v 0.05432770 -0.05610405 0.02499693
v 0.05330819 -0.05832061 0.02499693
v 0.05352554 -0.05770916 0.01629979
v 0.05330819 -0.05832061 0.02499693
v 0.05311648 -0.05938239 0.01629979
v 0.05311648 -0.05938239 0.01629979
v 0.05330819 -0.05832061 0.02499693
v 0.05310829 -0.06075218 0.02499693
v 0.05311648 -0.05938239 0.01629979
v 0.05310829 -0.06075218 0.02499693
v 0.05329128 -0.06181550 0.01629979
v 0.05329128 -0.06181550 0.01629979
v 0.05310829 -0.06075218 0.02499693
v 0.05352554 -0.06249738 0.02499968
v 0.05329128 -0.06181550 0.01629979
v 0.05352554 -0.06249738 0.02499968
v 0.05428771 -0.06404209 0.01629979
v 0.05428771 -0.06404209 0.01629979
v 0.05352554 -0.06249738 0.02499968
v 0.05436990 -0.06416276 0.02499693
v 0.05428771 -0.06404209 0.01629979
v 0.05436990 -0.06416276 0.02499693
v 0.05560386 -0.06546553 0.01629979
v 0.05560386 -0.06546553 0.01629979
v 0.05436990 -0.06416276 0.02499693
v 0.05610407 -0.06587888 0.02499693
v 0.05560386 -0.06546553 0.01629979
v 0.05610407 -0.06587888 0.02499693
v 0.05703629 -0.06642221 0.01629979
v 0.05703629 -0.06642221 0.01629979
v 0.05610407 -0.06587888 0.02499693
v 0.05832064 -0.06689839 0.02499693
v 0.05703629 -0.06642221 0.01629979
v 0.05832064 -0.06689839 0.02499693
v 0.05888780 -0.06699684 0.01629979
v 0.05888780 -0.06699684 0.01629979
v 0.05832064 -0.06689839 0.02499693
v 0.06060655 -0.06710915 0.01629979
v 0.06060655 -0.06710915 0.01629979
v 0.05832064 -0.06689839 0.02499693
v 0.06075216 -0.06709830 0.02499694
v 0.06060655 -0.06710915 0.01629979
v 0.06075216 -0.06709830 0.02499694
v 0.06297242 -0.06651450 0.01629979
v 0.06297242 -0.06651450 0.01629979
v 0.06075216 -0.06709830 0.02499694
v 0.06310554 -0.06645451 0.02499693
v 0.06297242 -0.06651450 0.01629979
v 0.06310554 -0.06645451 0.02499693
v 0.06499217 -0.06514657 0.01629979
v 0.06499217 -0.06514657 0.01629979
v 0.06310554 -0.06645451 0.02499693
v 0.06460277 -0.06546553 0.02499968
v 0.06499217 -0.06514657 0.01629979
v 0.06460277 -0.06546553 0.02499968
v 0.06587893 -0.06410251 0.02499693
v 0.06499217 -0.06514657 0.01629979
v 0.06587893 -0.06410251 0.02499693
v 0.06616541 -0.06360323 0.01629979
v 0.06616541 -0.06360323 0.01629979
v 0.06587893 -0.06410251 0.02499693
v 0.06685881 -0.06202649 0.01629979
v 0.06685881 -0.06202649 0.01629979
v 0.06587893 -0.06410251 0.02499693
v 0.06689843 -0.06188593 0.02499693
v 0.06685881 -0.06202649 0.01629979
v 0.06689843 -0.06188593 0.02499693
v 0.06710919 -0.05960004 0.01629979
v 0.06710919 -0.05960004 0.01629979
v 0.06689843 -0.06188593 0.02499693
v 0.06709835 -0.05945442 0.02499694
v 0.06710919 -0.05960004 0.01629979
v 0.06709835 -0.05945442 0.02499694
v 0.06651454 -0.05723419 0.01629979
v 0.06651454 -0.05723419 0.01629979
v 0.06709835 -0.05945442 0.02499694
v 0.06645455 -0.05710106 0.02499693
v 0.06651454 -0.05723419 0.01629979
v 0.06645455 -0.05710106 0.02499693
v 0.06546557 -0.05560382 0.01629979
v 0.06546557 -0.05560382 0.01629979
v 0.06645455 -0.05710106 0.02499693
v 0.06546557 -0.05560382 0.02499968
v 0.06546557 -0.05560382 0.01629979
v 0.06546557 -0.05560382 0.02499968
v 0.06422103 -0.05441293 0.01629979
v 0.06422103 -0.05441293 0.01629979
v 0.06546557 -0.05560382 0.02499968
v 0.06410253 -0.05432765 0.02499693
v 0.06422103 -0.05441293 0.01629979
v 0.06410253 -0.05432765 0.02499693
v 0.06249742 -0.05352550 0.01629979
v 0.06249742 -0.05352550 0.01629979
v 0.06410253 -0.05432765 0.02499693
v 0.06249742 -0.05352550 0.02499968
v 0.06249742 -0.05352550 0.01629979
v 0.06249742 -0.05352550 0.02499968
v 0.06082420 -0.05311644 0.01629979
v 0.06082420 -0.05311644 0.01629979
v 0.06249742 -0.05352550 0.02499968
v 0.06067892 -0.05310184 0.02499693
v -0.06060655 0.06710916 0.01629978
v -0.06075216 0.06709831 0.02499693
v -0.06297242 0.06651450 0.01629978
v -0.06297242 0.06651450 0.01629978
v -0.06075216 0.06709831 0.02499693
v -0.06310554 0.06645451 0.02499692
v -0.06297242 0.06651450 0.01629978
v -0.06310554 0.06645451 0.02499692
v -0.06499217 0.06514657 0.01629978
v -0.06499217 0.06514657 0.01629978
v -0.06310554 0.06645451 0.02499692
v -0.06460277 0.06546553 0.02499967
v -0.06499217 0.06514657 0.01629978
v -0.06460277 0.06546553 0.02499967
v -0.06587893 0.06410251 0.02499692
v -0.06499217 0.06514657 0.01629978
v -0.06587893 0.06410251 0.02499692
v -0.06616541 0.06360323 0.01629978
v -0.06616541 0.06360323 0.01629978
v -0.06587893 0.06410251 0.02499692
v -0.06685881 0.06202649 0.01629978
v -0.06685881 0.06202649 0.01629978
v -0.06587893 0.06410251 0.02499692
v -0.06689843 0.06188594 0.02499692
v -0.06685881 0.06202649 0.01629978
v -0.06689843 0.06188594 0.02499692
v -0.06710919 0.05960005 0.01629978
v -0.06710919 0.05960005 0.01629978
v -0.06689843 0.06188594 0.02499692
v -0.06709835 0.05945443 0.02499693
v -0.06710919 0.05960005 0.01629978
v -0.06709835 0.05945443 0.02499693
v -0.06651454 0.05723419 0.01629978
v -0.06651454 0.05723419 0.01629978
v -0.06709835 0.05945443 0.02499693
v -0.06645455 0.05710107 0.02499692
v -0.06651454 0.05723419 0.01629978
v -0.06645455 0.05710107 0.02499692
v -0.06546557 0.05560382 0.01629979
v -0.06546557 0.05560382 0.01629979
v -0.06645455 0.05710107 0.02499692
v -0.06546557 0.05560382 0.02499967
v -0.06546557 0.05560382 0.01629979
v -0.06546557 0.05560382 0.02499967
v -0.06422103 0.05441293 0.01629979
v -0.06422103 0.05441293 0.01629979
v -0.06546557 0.05560382 0.02499967
v -0.06410253 0.05432766 0.02499692
v -0.06422103 0.05441293 0.01629979
v -0.06410253 0.05432766 0.02499692
v -0.06249742 0.05352550 0.01629979
v -0.06249742 0.05352550 0.01629979
v -0.06410253 0.05432766 0.02499692
v -0.06249742 0.05352550 0.02499967
v -0.06249742 0.05352550 0.01629979
v -0.06249742 0.05352550 0.02499967
v -0.06082420 0.05311644 0.01629979
v -0.06082420 0.05311644 0.01629979
v -0.06249742 0.05352550 0.02499967
v -0.06067892 0.05310184 0.02499692
v -0.06082420 0.05311644 0.01629979
v -0.06067892 0.05310184 0.02499692
v -0.05839109 0.05329124 0.01629979
v -0.05839109 0.05329124 0.01629979
v -0.06067892 0.05310184 0.02499692
v -0.05824956 0.05332722 0.02499692
v -0.05839109 0.05329124 0.01629979
v -0.05824956 0.05332722 0.02499692
v -0.05616450 0.05428768 0.01629979
v -0.05616450 0.05428768 0.01629979
v -0.05824956 0.05332722 0.02499692
v -0.05604382 0.05436988 0.02499692
v -0.05616450 0.05428768 0.01629979
v -0.05604382 0.05436988 0.02499692
v -0.05441299 0.05598555 0.01629979
v -0.05441299 0.05598555 0.01629979
v -0.05604382 0.05436988 0.02499692
v -0.05432770 0.05610406 0.02499692
v -0.05441299 0.05598555 0.01629979
v -0.05432770 0.05610406 0.02499692
v -0.05352554 0.05770916 0.01629978
v -0.05352554 0.05770916 0.01629978
v -0.05432770 0.05610406 0.02499692
v -0.05330819 0.05832061 0.02499692
v -0.05352554 0.05770916 0.01629978
v -0.05330819 0.05832061 0.02499692
v -0.05311648 0.05938239 0.01629978
v -0.05311648 0.05938239 0.01629978
v -0.05330819 0.05832061 0.02499692
v -0.05310829 0.06075219 0.02499692
v -0.05311648 0.05938239 0.01629978
v -0.05310829 0.06075219 0.02499692
v -0.05329128 0.06181550 0.01629978
v -0.05329128 0.06181550 0.01629978
v -0.05310829 0.06075219 0.02499692
v -0.05352554 0.06249738 0.02499967
v -0.05329128 0.06181550 0.01629978
v -0.05352554 0.06249738 0.02499967
v -0.05428771 0.06404209 0.01629978
v -0.05428771 0.06404209 0.01629978
v -0.05352554 0.06249738 0.02499967
v -0.05436990 0.06416276 0.02499692
v -0.05428771 0.06404209 0.01629978
v -0.05436990 0.06416276 0.02499692
v -0.05560386 0.06546553 0.01629978
v -0.05560386 0.06546553 0.01629978
v -0.05436990 0.06416276 0.02499692
v -0.05610407 0.06587888 0.02499692
v -0.05560386 0.06546553 0.01629978
v -0.05610407 0.06587888 0.02499692
v -0.05703629 0.06642221 0.01629978
v -0.05703629 0.06642221 0.01629978
v -0.05610407 0.06587888 0.02499692
v -0.05832064 0.06689839 0.02499692
v -0.05703629 0.06642221 0.01629978
v -0.05832064 0.06689839 0.02499692
v -0.05888780 0.06699684 0.01629978
v -0.05888780 0.06699684 0.01629978
v -0.05832064 0.06689839 0.02499692
v -0.06060655 0.06710916 0.01629978
v -0.06060655 0.06710916 0.01629978
v -0.05832064 0.06689839 0.02499692
v -0.06075216 0.06709831 0.02499693
v -0.05938239 -0.05311648 0.01629979
v -0.06075218 -0.05310829 0.02499693
v -0.06181550 -0.05329128 0.01629979
v -0.06181550 -0.05329128 0.01629979
v -0.06075218 -0.05310829 0.02499693
v -0.06249738 -0.05352554 0.02499968
v -0.06181550 -0.05329128 0.01629979
v -0.06249738 -0.05352554 0.02499968
v -0.06404209 -0.05428771 0.01629979
v -0.06404209 -0.05428771 0.01629979
v -0.06249738 -0.05352554 0.02499968
v -0.06416276 -0.05436990 0.02499693
v -0.06404209 -0.05428771 0.01629979
v -0.06416276 -0.05436990 0.02499693
v -0.06546553 -0.05560386 0.01629979
v -0.06546553 -0.05560386 0.01629979
v -0.06416276 -0.05436990 0.02499693
v -0.06587888 -0.05610407 0.02499693
v -0.06546553 -0.05560386 0.01629979
v -0.06587888 -0.05610407 0.02499693
v -0.06642221 -0.05703629 0.01629979
v -0.06642221 -0.05703629 0.01629979
v -0.06587888 -0.05610407 0.02499693
v -0.06689839 -0.05832064 0.02499693
v -0.06642221 -0.05703629 0.01629979
v -0.06689839 -0.05832064 0.02499693
v -0.06699684 -0.05888779 0.01629979
v -0.06699684 -0.05888779 0.01629979
v -0.06689839 -0.05832064 0.02499693
v -0.06710915 -0.06060655 0.01629979
v -0.06710915 -0.06060655 0.01629979
v -0.06689839 -0.05832064 0.02499693
v -0.06709831 -0.06075216 0.02499694
v -0.06710915 -0.06060655 0.01629979
v -0.06709831 -0.06075216 0.02499694
v -0.06651450 -0.06297242 0.01629979
v -0.06651450 -0.06297242 0.01629979
v -0.06709831 -0.06075216 0.02499694
v -0.06645451 -0.06310554 0.02499693
v -0.06651450 -0.06297242 0.01629979
v -0.06645451 -0.06310554 0.02499693
v -0.06514657 -0.06499216 0.01629979
v -0.06514657 -0.06499216 0.01629979
v -0.06645451 -0.06310554 0.02499693
v -0.06546553 -0.06460277 0.02499968
v -0.06514657 -0.06499216 0.01629979
v -0.06546553 -0.06460277 0.02499968
v -0.06410251 -0.06587892 0.02499693
v -0.06514657 -0.06499216 0.01629979
v -0.06410251 -0.06587892 0.02499693
v -0.06360323 -0.06616541 0.01629979
v -0.06360323 -0.06616541 0.01629979
v -0.06410251 -0.06587892 0.02499693
v -0.06202649 -0.06685881 0.01629979
v -0.06202649 -0.06685881 0.01629979
v -0.06410251 -0.06587892 0.02499693
v -0.06188593 -0.06689843 0.02499693
v -0.06202649 -0.06685881 0.01629979
v -0.06188593 -0.06689843 0.02499693
v -0.05960005 -0.06710919 0.01629979
v -0.05960005 -0.06710919 0.01629979
v -0.06188593 -0.06689843 0.02499693
v -0.05945443 -0.06709834 0.02499694
v -0.05960005 -0.06710919 0.01629979
v -0.05945443 -0.06709834 0.02499694
v -0.05723419 -0.06651454 0.01629979
v -0.05723419 -0.06651454 0.01629979
v -0.05945443 -0.06709834 0.02499694
v -0.05710107 -0.06645455 0.02499693
v -0.05723419 -0.06651454 0.01629979
v -0.05710107 -0.06645455 0.02499693
v -0.05560382 -0.06546557 0.01629979
v -0.05560382 -0.06546557 0.01629979
v -0.05710107 -0.06645455 0.02499693
v -0.05560382 -0.06546557 0.02499968
v -0.05560382 -0.06546557 0.01629979
v -0.05560382 -0.06546557 0.02499968
v -0.05441293 -0.06422103 0.01629979
v -0.05441293 -0.06422103 0.01629979
v -0.05560382 -0.06546557 0.02499968
v -0.05432765 -0.06410252 0.02499693
v -0.05441293 -0.06422103 0.01629979
v -0.05432765 -0.06410252 0.02499693
v -0.05352550 -0.06249742 0.01629979
v -0.05352550 -0.06249742 0.01629979
v -0.05432765 -0.06410252 0.02499693
v -0.05352550 -0.06249742 0.02499968
v -0.05352550 -0.06249742 0.01629979
v -0.05352550 -0.06249742 0.02499968
v -0.05311644 -0.06082420 0.01629979
v -0.05311644 -0.06082420 0.01629979
v -0.05352550 -0.06249742 0.02499968
v -0.05310184 -0.06067892 0.02499693
v -0.05311644 -0.06082420 0.01629979
v -0.05310184 -0.06067892 0.02499693
v -0.05329124 -0.05839109 0.01629979
v -0.05329124 -0.05839109 0.01629979
v -0.05310184 -0.06067892 0.02499693
v -0.05332722 -0.05824956 0.02499693
v -0.05329124 -0.05839109 0.01629979
v -0.05332722 -0.05824956 0.02499693
v -0.05428768 -0.05616450 0.01629979
v -0.05428768 -0.05616450 0.01629979
v -0.05332722 -0.05824956 0.02499693
v -0.05436988 -0.05604382 0.02499693
v -0.05428768 -0.05616450 0.01629979
v -0.05436988 -0.05604382 0.02499693
v -0.05598554 -0.05441299 0.01629979
v -0.05598554 -0.05441299 0.01629979
v -0.05436988 -0.05604382 0.02499693
v -0.05610405 -0.05432770 0.02499693
v -0.05598554 -0.05441299 0.01629979
v -0.05610405 -0.05432770 0.02499693
v -0.05770916 -0.05352554 0.01629979
v -0.05770916 -0.05352554 0.01629979
v -0.05610405 -0.05432770 0.02499693
v -0.05832061 -0.05330819 0.02499693
v -0.05770916 -0.05352554 0.01629979
v -0.05832061 -0.05330819 0.02499693
v -0.05938239 -0.05311648 0.01629979
v -0.05938239 -0.05311648 0.01629979
v -0.05832061 -0.05330819 0.02499693
v -0.06075218 -0.05310829 0.02499693
v 0.05945443 0.06709835 0.02499693
v 0.05935152 0.06738928 0.02529937
v 0.05710107 0.06645455 0.02499692
v 0.05710107 0.06645455 0.02499692
v 0.05935152 0.06738928 0.02529937
v 0.05627854 0.06640292 0.02529924
v 0.05710107 0.06645455 0.02499692
v 0.05627854 0.06640292 0.02529924
v 0.05560382 0.06546557 0.02499967
v 0.05560382 0.06546557 0.02499967
v 0.05627854 0.06640292 0.02529924
v 0.05432765 0.06410253 0.02499692
v 0.05432765 0.06410253 0.02499692
v 0.05627854 0.06640292 0.02529924
v 0.05403859 0.06421082 0.02529947
v 0.05432765 0.06410253 0.02499692
v 0.05403859 0.06421082 0.02529947
v 0.05352550 0.06249742 0.02499967
v 0.05352550 0.06249742 0.02499967
v 0.05403859 0.06421082 0.02529947
v 0.05281923 0.06122268 0.02529903
v 0.05352550 0.06249742 0.02499967
v 0.05281923 0.06122268 0.02529903
v 0.05310184 0.06067892 0.02499692
v 0.05310184 0.06067892 0.02499692
v 0.05281923 0.06122268 0.02529903
v 0.05332722 0.05824956 0.02499692
v 0.05332722 0.05824956 0.02499692
v 0.05281923 0.06122268 0.02529903
v 0.05305839 0.05809771 0.02529954
v 0.05332722 0.05824956 0.02499692
v 0.05305839 0.05809771 0.02529954
v 0.05436988 0.05604382 0.02499692
v 0.05436988 0.05604382 0.02499692
v 0.05305839 0.05809771 0.02529954
v 0.05416921 0.05580919 0.02529952
v 0.05436988 0.05604382 0.02499692
v 0.05416921 0.05580919 0.02529952
v 0.05610405 0.05432770 0.02499692
v 0.05610405 0.05432770 0.02499692
v 0.05416921 0.05580919 0.02529952
v 0.05599575 0.05403860 0.02529952
v 0.05610405 0.05432770 0.02499692
v 0.05599575 0.05403860 0.02529952
v 0.05832061 0.05330820 0.02499692
v 0.05832061 0.05330820 0.02499692
v 0.05599575 0.05403860 0.02529952
v 0.05831771 0.05299951 0.02529950
v 0.05832061 0.05330820 0.02499692
v 0.05831771 0.05299951 0.02529950
v 0.06075218 0.05310829 0.02499692
v 0.06075218 0.05310829 0.02499692
v 0.05831771 0.05299951 0.02529950
v 0.06071792 0.05278742 0.02529163
v 0.06075218 0.05310829 0.02499692
v 0.06071792 0.05278742 0.02529163
v 0.06249738 0.05352554 0.02499967
v 0.06249738 0.05352554 0.02499967
v 0.06071792 0.05278742 0.02529163
v 0.06330169 0.05351378 0.02529947
v 0.06249738 0.05352554 0.02499967
v 0.06330169 0.05351378 0.02529947
v 0.06416276 0.05436991 0.02499692
v 0.06416276 0.05436991 0.02499692
v 0.06330169 0.05351378 0.02529947
v 0.06585192 0.05549175 0.02529924
v 0.06416276 0.05436991 0.02499692
v 0.06585192 0.05549175 0.02529924
v 0.06587888 0.05610407 0.02499692
v 0.06587888 0.05610407 0.02499692
v 0.06585192 0.05549175 0.02529924
v 0.06689839 0.05832065 0.02499692
v 0.06689839 0.05832065 0.02499692
v 0.06585192 0.05549175 0.02529924
v 0.06720707 0.05831780 0.02529947
v 0.06689839 0.05832065 0.02499692
v 0.06720707 0.05831780 0.02529947
v 0.06709831 0.06075216 0.02499693
v 0.06709831 0.06075216 0.02499693
v 0.06720707 0.05831780 0.02529947
v 0.06738924 0.06085508 0.02529937
v 0.06709831 0.06075216 0.02499693
v 0.06738924 0.06085508 0.02529937
v 0.06645451 0.06310554 0.02499692
v 0.06645451 0.06310554 0.02499692
v 0.06738924 0.06085508 0.02529937
v 0.06640247 0.06392778 0.02529875
v 0.06645451 0.06310554 0.02499692
v 0.06640247 0.06392778 0.02529875
v 0.06546553 0.06460278 0.02499967
v 0.06546553 0.06460278 0.02499967
v 0.06640247 0.06392778 0.02529875
v 0.06410251 0.06587893 0.02499692
v 0.06410251 0.06587893 0.02499692
v 0.06640247 0.06392778 0.02529875
v 0.06421076 0.06616796 0.02529943
v 0.06410251 0.06587893 0.02499692
v 0.06421076 0.06616796 0.02529943
v 0.06188593 0.06689843 0.02499692
v 0.06188593 0.06689843 0.02499692
v 0.06421076 0.06616796 0.02529943
v 0.06188880 0.06720706 0.02529943
v 0.06188593 0.06689843 0.02499692
v 0.06188880 0.06720706 0.02529943
v 0.05945443 0.06709835 0.02499693
v 0.05945443 0.06709835 0.02499693
v 0.06188880 0.06720706 0.02529943
v 0.05935152 0.06738928 0.02529937
v 0.05250436 0.05887397 0.02531187
v 0.05248120 0.06623806 0.02530207
v 0.05233268 0.06322073 0.02540205
v 0.05250436 0.05887397 0.02531187
v 0.05233268 0.06322073 0.02540205
v 0.05213968 0.05986965 0.02555875
v 0.05213968 0.05986965 0.02555875
v 0.05233268 0.06322073 0.02540205
v 0.05214396 0.06363306 0.02567695
v 0.04789202 0.07968059 0.02533694
v 0.04749512 0.07985389 0.02559401
v 0.04871996 0.07754648 0.02557751
v 0.04829487 0.07927220 0.02530196
v 0.04789202 0.07968059 0.02533694
v 0.04871996 0.07754648 0.02557751
v 0.05041757 0.07429959 0.02531280
v 0.04829487 0.07927220 0.02530196
v 0.05016499 0.07404611 0.02560418
v 0.05016499 0.07404611 0.02560418
v 0.04829487 0.07927220 0.02530196
v 0.04871996 0.07754648 0.02557751
v 0.05248120 0.06623806 0.02530207
v 0.05041757 0.07429959 0.02531280
v 0.05137257 0.07064276 0.02537834
v 0.05137257 0.07064276 0.02537834
v 0.05041757 0.07429959 0.02531280
v 0.05016499 0.07404611 0.02560418
v 0.05137257 0.07064276 0.02537834
v 0.05016499 0.07404611 0.02560418
v 0.05119814 0.07051392 0.02568873
v 0.05205909 0.06697697 0.02537834
v 0.05248120 0.06623806 0.02530207
v 0.05137257 0.07064276 0.02537834
v 0.05205909 0.06697697 0.02537834
v 0.05137257 0.07064276 0.02537834
v 0.05187332 0.06688888 0.02567723
v 0.05187332 0.06688888 0.02567723
v 0.05137257 0.07064276 0.02537834
v 0.05119814 0.07051392 0.02568873
v 0.05248120 0.06623806 0.02530207
v 0.05205909 0.06697697 0.02537834
v 0.05233268 0.06322073 0.02540205
v 0.05233268 0.06322073 0.02540205
v 0.05205909 0.06697697 0.02537834
v 0.05214396 0.06363306 0.02567695
v 0.05214396 0.06363306 0.02567695
v 0.05205909 0.06697697 0.02537834
v 0.05187332 0.06688888 0.02567723
v 0.05981559 0.05214069 0.02555456
v 0.06320199 0.05219427 0.02552263
v 0.05879785 0.05248864 0.02531607
v 0.05879785 0.05248864 0.02531607
v 0.06320199 0.05219427 0.02552263
v 0.06071792 0.05278742 0.02529163
v 0.07758478 0.04869444 0.02559700
v 0.07980664 0.04770657 0.02539496
v 0.07929238 0.04824124 0.02530912
v 0.07758478 0.04869444 0.02559700
v 0.07991362 0.04743859 0.02565368
v 0.07980664 0.04770657 0.02539496
v 0.06686204 0.05221666 0.02531146
v 0.06071792 0.05278742 0.02529163
v 0.06320199 0.05219427 0.02552263
v 0.06686204 0.05221666 0.02531146
v 0.06320199 0.05219427 0.02552263
v 0.06690082 0.05188675 0.02559606
v 0.07271546 0.05112451 0.02530124
v 0.06686204 0.05221666 0.02531146
v 0.07056900 0.05139043 0.02537833
v 0.07056900 0.05139043 0.02537833
v 0.06686204 0.05221666 0.02531146
v 0.06690082 0.05188675 0.02559606
v 0.07056900 0.05139043 0.02537833
v 0.06690082 0.05188675 0.02559606
v 0.07056736 0.05118594 0.02568639
v 0.07414383 0.05032765 0.02537834
v 0.07271546 0.05112451 0.02530124
v 0.07056900 0.05139043 0.02537833
v 0.07414383 0.05032765 0.02537834
v 0.07056900 0.05139043 0.02537833
v 0.07416437 0.05009501 0.02572406
v 0.07416437 0.05009501 0.02572406
v 0.07056900 0.05139043 0.02537833
v 0.07056736 0.05118594 0.02568639
v 0.07929238 0.04824124 0.02530912
v 0.07271546 0.05112451 0.02530124
v 0.07414383 0.05032765 0.02537834
v 0.07929238 0.04824124 0.02530912
v 0.07414383 0.05032765 0.02537834
v 0.07758478 0.04869444 0.02559700
v 0.07758478 0.04869444 0.02559700
v 0.07414383 0.05032765 0.02537834
v 0.07416437 0.05009501 0.02572406
v 0.05981559 0.05214069 0.02555456
v 0.05879785 0.05248864 0.02531607
v 0.05851545 0.05227118 0.02567801
v 0.05851545 0.05227118 0.02567801
v 0.05879785 0.05248864 0.02531607
v 0.05724555 0.05264493 0.02564139
v 0.05604544 0.05322297 0.02564273
v 0.05551166 0.05379230 0.02536894
v 0.05493573 0.05400204 0.02568922
v 0.05493573 0.05400204 0.02568922
v 0.05551166 0.05379230 0.02536894
v 0.05398567 0.05497906 0.02560222
v 0.05398567 0.05497906 0.02560222
v 0.05340610 0.05611383 0.02537831
v 0.05321499 0.05604787 0.02568357
v 0.05321499 0.05604787 0.02568357
v 0.05340610 0.05611383 0.02537831
v 0.05263981 0.05725922 0.02564141
v 0.05879785 0.05248864 0.02531607
v 0.05736994 0.05291875 0.02531247
v 0.05724555 0.05264493 0.02564139
v 0.05724555 0.05264493 0.02564139
v 0.05736994 0.05291875 0.02531247
v 0.05551166 0.05379230 0.02536894
v 0.05724555 0.05264493 0.02564139
v 0.05551166 0.05379230 0.02536894
v 0.05604544 0.05322297 0.02564273
v 0.05340610 0.05611383 0.02537831
v 0.05296683 0.05725164 0.02531100
v 0.05263981 0.05725922 0.02564141
v 0.05263981 0.05725922 0.02564141
v 0.05296683 0.05725164 0.02531100
v 0.05250436 0.05887397 0.02531187
v 0.05226814 0.05854636 0.02564410
v 0.05226814 0.05854636 0.02564410
v 0.05250436 0.05887397 0.02531187
v 0.05213968 0.05986965 0.02555875
v 0.05551166 0.05379230 0.02536894
v 0.05434584 0.05507050 0.02530636
v 0.05398567 0.05497906 0.02560222
v 0.05398567 0.05497906 0.02560222
v 0.05434584 0.05507050 0.02530636
v 0.05340610 0.05611383 0.02537831
v 0.05551166 0.05379230 0.02536894
v 0.05736994 0.05291875 0.02531247
v 0.05434584 0.05507050 0.02530636
v 0.05434584 0.05507050 0.02530636
v 0.05296683 0.05725164 0.02531100
v 0.05340610 0.05611383 0.02537831
v 0.05824956 -0.05332722 0.02499693
v 0.05809772 -0.05305840 0.02529952
v 0.05604382 -0.05436988 0.02499693
v 0.05604382 -0.05436988 0.02499693
v 0.05809772 -0.05305840 0.02529952
v 0.05580919 -0.05416921 0.02529952
v 0.05604382 -0.05436988 0.02499693
v 0.05580919 -0.05416921 0.02529952
v 0.05432770 -0.05610405 0.02499693
v 0.05432770 -0.05610405 0.02499693
v 0.05580919 -0.05416921 0.02529952
v 0.05403860 -0.05599574 0.02529952
v 0.05432770 -0.05610405 0.02499693
v 0.05403860 -0.05599574 0.02529952
v 0.05330819 -0.05832061 0.02499693
v 0.05330819 -0.05832061 0.02499693
v 0.05403860 -0.05599574 0.02529952
v 0.05299947 -0.05831771 0.02529954
v 0.05330819 -0.05832061 0.02499693
v 0.05299947 -0.05831771 0.02529954
v 0.05310829 -0.06075218 0.02499693
v 0.05310829 -0.06075218 0.02499693
v 0.05299947 -0.05831771 0.02529954
v 0.05278802 -0.06071914 0.02529120
v 0.05310829 -0.06075218 0.02499693
v 0.05278802 -0.06071914 0.02529120
v 0.05352554 -0.06249738 0.02499968
v 0.05352554 -0.06249738 0.02499968
v 0.05278802 -0.06071914 0.02529120
v 0.05380402 -0.06392777 0.02529887
v 0.05352554 -0.06249738 0.02499968
v 0.05380402 -0.06392777 0.02529887
v 0.05436990 -0.06416276 0.02499693
v 0.05436990 -0.06416276 0.02499693
v 0.05380402 -0.06392777 0.02529887
v 0.05610407 -0.06587888 0.02499693
v 0.05610407 -0.06587888 0.02499693
v 0.05380402 -0.06392777 0.02529887
v 0.05599573 -0.06616804 0.02529958
v 0.05610407 -0.06587888 0.02499693
v 0.05599573 -0.06616804 0.02529958
v 0.05832064 -0.06689839 0.02499693
v 0.05832064 -0.06689839 0.02499693
v 0.05599573 -0.06616804 0.02529958
v 0.05831780 -0.06720707 0.02529948
v 0.05832064 -0.06689839 0.02499693
v 0.05831780 -0.06720707 0.02529948
v 0.06075216 -0.06709830 0.02499694
v 0.06075216 -0.06709830 0.02499694
v 0.05831780 -0.06720707 0.02529948
v 0.06085508 -0.06738924 0.02529937
v 0.06075216 -0.06709830 0.02499694
v 0.06085508 -0.06738924 0.02529937
v 0.06310554 -0.06645451 0.02499693
v 0.06310554 -0.06645451 0.02499693
v 0.06085508 -0.06738924 0.02529937
v 0.06392778 -0.06640247 0.02529875
v 0.06310554 -0.06645451 0.02499693
v 0.06392778 -0.06640247 0.02529875
v 0.06460277 -0.06546553 0.02499968
v 0.06460277 -0.06546553 0.02499968
v 0.06392778 -0.06640247 0.02529875
v 0.06587893 -0.06410251 0.02499693
v 0.06587893 -0.06410251 0.02499693
v 0.06392778 -0.06640247 0.02529875
v 0.06616796 -0.06421076 0.02529943
v 0.06587893 -0.06410251 0.02499693
v 0.06616796 -0.06421076 0.02529943
v 0.06689843 -0.06188593 0.02499693
v 0.06689843 -0.06188593 0.02499693
v 0.06616796 -0.06421076 0.02529943
v 0.06720706 -0.06188879 0.02529943
v 0.06689843 -0.06188593 0.02499693
v 0.06720706 -0.06188879 0.02529943
v 0.06709835 -0.05945442 0.02499694
v 0.06709835 -0.05945442 0.02499694
v 0.06720706 -0.06188879 0.02529943
v 0.06738928 -0.05935152 0.02529937
v 0.06709835 -0.05945442 0.02499694
v 0.06738928 -0.05935152 0.02529937
v 0.06645455 -0.05710106 0.02499693
v 0.06645455 -0.05710106 0.02499693
v 0.06738928 -0.05935152 0.02529937
v 0.06640292 -0.05627854 0.02529924
v 0.06645455 -0.05710106 0.02499693
v 0.06640292 -0.05627854 0.02529924
v 0.06546557 -0.05560382 0.02499968
v 0.06546557 -0.05560382 0.02499968
v 0.06640292 -0.05627854 0.02529924
v 0.06410253 -0.05432765 0.02499693
v 0.06410253 -0.05432765 0.02499693
v 0.06640292 -0.05627854 0.02529924
v 0.06421082 -0.05403859 0.02529947
v 0.06410253 -0.05432765 0.02499693
v 0.06421082 -0.05403859 0.02529947
v 0.06249742 -0.05352550 0.02499968
v 0.06249742 -0.05352550 0.02499968
v 0.06421082 -0.05403859 0.02529947
v 0.06122269 -0.05281917 0.02529909
v 0.06249742 -0.05352550 0.02499968
v 0.06122269 -0.05281917 0.02529909
v 0.06067892 -0.05310184 0.02499693
v 0.06067892 -0.05310184 0.02499693
v 0.06122269 -0.05281917 0.02529909
v 0.05824956 -0.05332722 0.02499693
v 0.05824956 -0.05332722 0.02499693
v 0.06122269 -0.05281917 0.02529909
v 0.05809772 -0.05305840 0.02529952
v 0.05883464 -0.05251615 0.02530807
v 0.06623806 -0.05248119 0.02530207
v 0.06322073 -0.05233268 0.02540205
v 0.05883464 -0.05251615 0.02530807
v 0.06322073 -0.05233268 0.02540205
v 0.05985221 -0.05213801 0.02556128
v 0.05985221 -0.05213801 0.02556128
v 0.06322073 -0.05233268 0.02540205
v 0.06367043 -0.05214426 0.02567211
v 0.07768262 -0.04883017 0.02539561
v 0.07980682 -0.04768352 0.02541639
v 0.07751523 -0.04871401 0.02566105
v 0.07751523 -0.04871401 0.02566105
v 0.07980682 -0.04768352 0.02541639
v 0.07991701 -0.04743126 0.02566105
v 0.07768262 -0.04883017 0.02539561
v 0.07938344 -0.04819889 0.02530148
v 0.07980682 -0.04768352 0.02541639
v 0.07429959 -0.05041757 0.02531280
v 0.07938344 -0.04819889 0.02530148
v 0.07768262 -0.04883017 0.02539561
v 0.07429959 -0.05041757 0.02531280
v 0.07768262 -0.04883017 0.02539561
v 0.07412045 -0.05014241 0.02559782
v 0.07412045 -0.05014241 0.02559782
v 0.07768262 -0.04883017 0.02539561
v 0.07751523 -0.04871401 0.02566105
v 0.06623806 -0.05248119 0.02530207
v 0.07429959 -0.05041757 0.02531280
v 0.07064276 -0.05137257 0.02537834
v 0.07064276 -0.05137257 0.02537834
v 0.07429959 -0.05041757 0.02531280
v 0.07412045 -0.05014241 0.02559782
v 0.07064276 -0.05137257 0.02537834
v 0.07412045 -0.05014241 0.02559782
v 0.07051731 -0.05119680 0.02569009
v 0.06697697 -0.05205909 0.02537834
v 0.06623806 -0.05248119 0.02530207
v 0.07064276 -0.05137257 0.02537834
v 0.06697697 -0.05205909 0.02537834
v 0.07064276 -0.05137257 0.02537834
v 0.06688976 -0.05187320 0.02567723
v 0.06688976 -0.05187320 0.02567723
v 0.07064276 -0.05137257 0.02537834
v 0.07051731 -0.05119680 0.02569009
v 0.06623806 -0.05248119 0.02530207
v 0.06697697 -0.05205909 0.02537834
v 0.06322073 -0.05233268 0.02540205
v 0.06322073 -0.05233268 0.02540205
v 0.06697697 -0.05205909 0.02537834
v 0.06367043 -0.05214426 0.02567211
v 0.06367043 -0.05214426 0.02567211
v 0.06697697 -0.05205909 0.02537834
v 0.06688976 -0.05187320 0.02567723
v 0.05214169 -0.05980054 0.02555374
v 0.05219427 -0.06320199 0.02552263
v 0.05248852 -0.05879748 0.02531632
v 0.05248852 -0.05879748 0.02531632
v 0.05219427 -0.06320199 0.02552263
v 0.05278802 -0.06071914 0.02529120
v 0.04875186 -0.07747114 0.02559368
v 0.04770657 -0.07980664 0.02539496
v 0.04895261 -0.07767676 0.02533724
v 0.04895261 -0.07767676 0.02533724
v 0.04770657 -0.07980664 0.02539496
v 0.04818377 -0.07942790 0.02529496
v 0.04875186 -0.07747114 0.02559368
v 0.04744082 -0.07991681 0.02563856
v 0.04770657 -0.07980664 0.02539496
v 0.05199019 -0.06921771 0.02530104
v 0.05278802 -0.06071914 0.02529120
v 0.05206906 -0.06690175 0.02537834
v 0.05206906 -0.06690175 0.02537834
v 0.05278802 -0.06071914 0.02529120
v 0.05219427 -0.06320199 0.02552263
v 0.05206906 -0.06690175 0.02537834
v 0.05219427 -0.06320199 0.02552263
v 0.05187069 -0.06690739 0.02567748
v 0.05139043 -0.07056900 0.02537833
v 0.05199019 -0.06921771 0.02530104
v 0.05206906 -0.06690175 0.02537834
v 0.05139043 -0.07056900 0.02537833
v 0.05206906 -0.06690175 0.02537834
v 0.05119171 -0.07054068 0.02568798
v 0.05119171 -0.07054068 0.02568798
v 0.05206906 -0.06690175 0.02537834
v 0.05187069 -0.06690739 0.02567748
v 0.05047078 -0.07415219 0.02531253
v 0.05199019 -0.06921771 0.02530104
v 0.05139043 -0.07056900 0.02537833
v 0.05047078 -0.07415219 0.02531253
v 0.05139043 -0.07056900 0.02537833
v 0.05014162 -0.07413270 0.02559316
v 0.05014162 -0.07413270 0.02559316
v 0.05139043 -0.07056900 0.02537833
v 0.05119171 -0.07054068 0.02568798
v 0.04818377 -0.07942790 0.02529496
v 0.05047078 -0.07415219 0.02531253
v 0.04895261 -0.07767676 0.02533724
v 0.04895261 -0.07767676 0.02533724
v 0.05047078 -0.07415219 0.02531253
v 0.04875186 -0.07747114 0.02559368
v 0.04875186 -0.07747114 0.02559368
v 0.05047078 -0.07415219 0.02531253
v 0.05014162 -0.07413270 0.02559316
v 0.05214169 -0.05980054 0.02555374
v 0.05248852 -0.05879748 0.02531632
v 0.05227157 -0.05851362 0.02567802
v 0.05227157 -0.05851362 0.02567802
v 0.05248852 -0.05879748 0.02531632
v 0.05264778 -0.05723763 0.02564185
v 0.05401246 -0.05493769 0.02561173
v 0.05505322 -0.05416486 0.02537830
v 0.05495661 -0.05398779 0.02568231
v 0.05495661 -0.05398779 0.02568231
v 0.05505322 -0.05416486 0.02537830
v 0.05606818 -0.05321830 0.02560241
v 0.05248852 -0.05879748 0.02531632
v 0.05290082 -0.05739245 0.02531846
v 0.05264778 -0.05723763 0.02564185
v 0.05264778 -0.05723763 0.02564185
v 0.05290082 -0.05739245 0.02531846
v 0.05369041 -0.05583458 0.02531461
v 0.05264778 -0.05723763 0.02564185
v 0.05369041 -0.05583458 0.02531461
v 0.05322490 -0.05604361 0.02564130
v 0.05322490 -0.05604361 0.02564130
v 0.05369041 -0.05583458 0.02531461
v 0.05401246 -0.05493769 0.02561173
v 0.05606818 -0.05321830 0.02560241
v 0.05730365 -0.05287111 0.02535910
v 0.05725976 -0.05263896 0.02564264
v 0.05725976 -0.05263896 0.02564264
v 0.05730365 -0.05287111 0.02535910
v 0.05883464 -0.05251615 0.02530807
v 0.05725976 -0.05263896 0.02564264
v 0.05883464 -0.05251615 0.02530807
v 0.05854798 -0.05226933 0.02564115
v 0.05854798 -0.05226933 0.02564115
v 0.05883464 -0.05251615 0.02530807
v 0.05985221 -0.05213801 0.02556128
v 0.05401246 -0.05493769 0.02561173
v 0.05369041 -0.05583458 0.02531461
v 0.05505322 -0.05416486 0.02537830
v 0.05505322 -0.05416486 0.02537830
v 0.05609912 -0.05358846 0.02530632
v 0.05606818 -0.05321830 0.02560241
v 0.05606818 -0.05321830 0.02560241
v 0.05609912 -0.05358846 0.02530632
v 0.05730365 -0.05287111 0.02535910
v 0.05369041 -0.05583458 0.02531461
v 0.05609912 -0.05358846 0.02530632
v 0.05505322 -0.05416486 0.02537830
v 0.05609912 -0.05358846 0.02530632
v 0.05883464 -0.05251615 0.02530807
v 0.05730365 -0.05287111 0.02535910
v -0.06075216 0.06709831 0.02499693
v -0.06085508 0.06738924 0.02529937
v -0.06310554 0.06645451 0.02499692
v -0.06310554 0.06645451 0.02499692
v -0.06085508 0.06738924 0.02529937
v -0.06392778 0.06640247 0.02529875
v -0.06310554 0.06645451 0.02499692
v -0.06392778 0.06640247 0.02529875
v -0.06460277 0.06546553 0.02499967
v -0.06460277 0.06546553 0.02499967
v -0.06392778 0.06640247 0.02529875
v -0.06587893 0.06410251 0.02499692
v -0.06587893 0.06410251 0.02499692
v -0.06392778 0.06640247 0.02529875
v -0.06616796 0.06421076 0.02529943
v -0.06587893 0.06410251 0.02499692
v -0.06616796 0.06421076 0.02529943
v -0.06689843 0.06188594 0.02499692
v -0.06689843 0.06188594 0.02499692
v -0.06616796 0.06421076 0.02529943
v -0.06720706 0.06188880 0.02529943
v -0.06689843 0.06188594 0.02499692
v -0.06720706 0.06188880 0.02529943
v -0.06709835 0.05945443 0.02499693
v -0.06709835 0.05945443 0.02499693
v -0.06720706 0.06188880 0.02529943
v -0.06738928 0.05935152 0.02529937
v -0.06709835 0.05945443 0.02499693
v -0.06738928 0.05935152 0.02529937
v -0.06645455 0.05710107 0.02499692
v -0.06645455 0.05710107 0.02499692
v -0.06738928 0.05935152 0.02529937
v -0.06640292 0.05627854 0.02529924
v -0.06645455 0.05710107 0.02499692
v -0.06640292 0.05627854 0.02529924
v -0.06546557 0.05560382 0.02499967
v -0.06546557 0.05560382 0.02499967
v -0.06640292 0.05627854 0.02529924
v -0.06410253 0.05432766 0.02499692
v -0.06410253 0.05432766 0.02499692
v -0.06640292 0.05627854 0.02529924
v -0.06421082 0.05403859 0.02529947
v -0.06410253 0.05432766 0.02499692
v -0.06421082 0.05403859 0.02529947
v -0.06249742 0.05352550 0.02499967
v -0.06249742 0.05352550 0.02499967
v -0.06421082 0.05403859 0.02529947
v -0.06122268 0.05281923 0.02529903
v -0.06249742 0.05352550 0.02499967
v -0.06122268 0.05281923 0.02529903
v -0.06067892 0.05310184 0.02499692
v -0.06067892 0.05310184 0.02499692
v -0.06122268 0.05281923 0.02529903
v -0.05824956 0.05332722 0.02499692
v -0.05824956 0.05332722 0.02499692
v -0.06122268 0.05281923 0.02529903
v -0.05809771 0.05305839 0.02529954
v -0.05824956 0.05332722 0.02499692
v -0.05809771 0.05305839 0.02529954
v -0.05604382 0.05436988 0.02499692
v -0.05604382 0.05436988 0.02499692
v -0.05809771 0.05305839 0.02529954
v -0.05580919 0.05416921 0.02529952
v -0.05604382 0.05436988 0.02499692
v -0.05580919 0.05416921 0.02529952
v -0.05432770 0.05610406 0.02499692
v -0.05432770 0.05610406 0.02499692
v -0.05580919 0.05416921 0.02529952
v -0.05403860 0.05599575 0.02529952
v -0.05432770 0.05610406 0.02499692
v -0.05403860 0.05599575 0.02529952
v -0.05330819 0.05832061 0.02499692
v -0.05330819 0.05832061 0.02499692
v -0.05403860 0.05599575 0.02529952
v -0.05299951 0.05831772 0.02529950
v -0.05330819 0.05832061 0.02499692
v -0.05299951 0.05831772 0.02529950
v -0.05310829 0.06075219 0.02499692
v -0.05310829 0.06075219 0.02499692
v -0.05299951 0.05831772 0.02529950
v -0.05278737 0.06071775 0.02529153
v -0.05310829 0.06075219 0.02499692
v -0.05278737 0.06071775 0.02529153
v -0.05352554 0.06249738 0.02499967
v -0.05352554 0.06249738 0.02499967
v -0.05278737 0.06071775 0.02529153
v -0.05380402 0.06392777 0.02529887
v -0.05352554 0.06249738 0.02499967
v -0.05380402 0.06392777 0.02529887
v -0.05436990 0.06416276 0.02499692
v -0.05436990 0.06416276 0.02499692
v -0.05380402 0.06392777 0.02529887
v -0.05610407 0.06587888 0.02499692
v -0.05610407 0.06587888 0.02499692
v -0.05380402 0.06392777 0.02529887
v -0.05599573 0.06616805 0.02529958
v -0.05610407 0.06587888 0.02499692
v -0.05599573 0.06616805 0.02529958
v -0.05832064 0.06689839 0.02499692
v -0.05832064 0.06689839 0.02499692
v -0.05599573 0.06616805 0.02529958
v -0.05831780 0.06720707 0.02529947
v -0.05832064 0.06689839 0.02499692
v -0.05831780 0.06720707 0.02529947
v -0.06075216 0.06709831 0.02499693
v -0.06075216 0.06709831 0.02499693
v -0.05831780 0.06720707 0.02529947
v -0.06085508 0.06738924 0.02529937
v -0.07754763 0.04871955 0.02557729
v -0.07997037 0.04740102 0.02559383
v -0.07983400 0.04748965 0.02565776
v -0.07968059 0.04789202 0.02533694
v -0.07997037 0.04740102 0.02559383
v -0.07754763 0.04871955 0.02557729
v -0.07927219 0.04829487 0.02530196
v -0.07968059 0.04789202 0.02533694
v -0.07754763 0.04871955 0.02557729
v -0.05887393 0.05250456 0.02531175
v -0.06460394 0.05254628 0.02530297
v -0.06322073 0.05233268 0.02540205
v -0.05887393 0.05250456 0.02531175
v -0.06322073 0.05233268 0.02540205
v -0.05986199 0.05213838 0.02556057
v -0.05986199 0.05213838 0.02556057
v -0.06322073 0.05233268 0.02540205
v -0.06363196 0.05214413 0.02567661
v -0.07229104 0.05125342 0.02530117
v -0.07927219 0.04829487 0.02530196
v -0.07421532 0.05030208 0.02537834
v -0.07421532 0.05030208 0.02537834
v -0.07927219 0.04829487 0.02530196
v -0.07754763 0.04871955 0.02557729
v -0.07421532 0.05030208 0.02537834
v -0.07754763 0.04871955 0.02557729
v -0.07408306 0.05013934 0.02568289
v -0.07064276 0.05137257 0.02537834
v -0.07229104 0.05125342 0.02530117
v -0.07421532 0.05030208 0.02537834
v -0.07064276 0.05137257 0.02537834
v -0.07421532 0.05030208 0.02537834
v -0.07053497 0.05119370 0.02568653
v -0.07053497 0.05119370 0.02568653
v -0.07421532 0.05030208 0.02537834
v -0.07408306 0.05013934 0.02568289
v -0.06460394 0.05254628 0.02530297
v -0.07229104 0.05125342 0.02530117
v -0.06697697 0.05205909 0.02537834
v -0.06697697 0.05205909 0.02537834
v -0.07229104 0.05125342 0.02530117
v -0.07064276 0.05137257 0.02537834
v -0.06697697 0.05205909 0.02537834
v -0.07064276 0.05137257 0.02537834
v -0.06688888 0.05187333 0.02567723
v -0.06688888 0.05187333 0.02567723
v -0.07064276 0.05137257 0.02537834
v -0.07053497 0.05119370 0.02568653
v -0.06460394 0.05254628 0.02530297
v -0.06697697 0.05205909 0.02537834
v -0.06322073 0.05233268 0.02540205
v -0.06322073 0.05233268 0.02540205
v -0.06697697 0.05205909 0.02537834
v -0.06363196 0.05214413 0.02567661
v -0.06363196 0.05214413 0.02567661
v -0.06697697 0.05205909 0.02537834
v -0.06688888 0.05187333 0.02567723
v -0.05214044 0.05982531 0.02555459
v -0.05214898 0.06371691 0.02565894
v -0.05231346 0.06322018 0.02541823
v -0.05214044 0.05982531 0.02555459
v -0.05231346 0.06322018 0.02541823
v -0.05248845 0.05879817 0.02531615
v -0.05248845 0.05879817 0.02531615
v -0.05231346 0.06322018 0.02541823
v -0.05278737 0.06071775 0.02529153
v -0.04875186 0.07747114 0.02559367
v -0.04770657 0.07980664 0.02539496
v -0.04824220 0.07929350 0.02530832
v -0.04875186 0.07747114 0.02559367
v -0.04743309 0.07992318 0.02565073
v -0.04770657 0.07980664 0.02539496
v -0.05199019 0.06921771 0.02530104
v -0.05278737 0.06071775 0.02529153
v -0.05206906 0.06690176 0.02537834
v -0.05206906 0.06690176 0.02537834
v -0.05278737 0.06071775 0.02529153
v -0.05231346 0.06322018 0.02541823
v -0.05206906 0.06690176 0.02537834
v -0.05231346 0.06322018 0.02541823
v -0.05187007 0.06692062 0.02567453
v -0.05187007 0.06692062 0.02567453
v -0.05231346 0.06322018 0.02541823
v -0.05214898 0.06371691 0.02565894
v -0.05139043 0.07056900 0.02537833
v -0.05199019 0.06921771 0.02530104
v -0.05206906 0.06690176 0.02537834
v -0.05139043 0.07056900 0.02537833
v -0.05206906 0.06690176 0.02537834
v -0.05119171 0.07054069 0.02568797
v -0.05119171 0.07054069 0.02568797
v -0.05206906 0.06690176 0.02537834
v -0.05187007 0.06692062 0.02567453
v -0.05047078 0.07415219 0.02531253
v -0.05199019 0.06921771 0.02530104
v -0.05139043 0.07056900 0.02537833
v -0.05047078 0.07415219 0.02531253
v -0.05139043 0.07056900 0.02537833
v -0.05014162 0.07413270 0.02559315
v -0.05014162 0.07413270 0.02559315
v -0.05139043 0.07056900 0.02537833
v -0.05119171 0.07054069 0.02568797
v -0.04824220 0.07929350 0.02530832
v -0.05047078 0.07415219 0.02531253
v -0.04875186 0.07747114 0.02559367
v -0.04875186 0.07747114 0.02559367
v -0.05047078 0.07415219 0.02531253
v -0.05014162 0.07413270 0.02559315
v -0.05214044 0.05982531 0.02555459
v -0.05248845 0.05879817 0.02531615
v -0.05227064 0.05851805 0.02567798
v -0.05227064 0.05851805 0.02567798
v -0.05248845 0.05879817 0.02531615
v -0.05264694 0.05723739 0.02564359
v -0.05322565 0.05604224 0.02564142
v -0.05379230 0.05551166 0.02536894
v -0.05400161 0.05493620 0.02568929
v -0.05400161 0.05493620 0.02568929
v -0.05379230 0.05551166 0.02536894
v -0.05498283 0.05398161 0.02560326
v -0.05498283 0.05398161 0.02560326
v -0.05611383 0.05340610 0.02537831
v -0.05604823 0.05321524 0.02568248
v -0.05604823 0.05321524 0.02568248
v -0.05611383 0.05340610 0.02537831
v -0.05726104 0.05263844 0.02564269
v -0.05248845 0.05879817 0.02531615
v -0.05291875 0.05736994 0.02531247
v -0.05264694 0.05723739 0.02564359
v -0.05264694 0.05723739 0.02564359
v -0.05291875 0.05736994 0.02531247
v -0.05379230 0.05551166 0.02536894
v -0.05264694 0.05723739 0.02564359
v -0.05379230 0.05551166 0.02536894
v -0.05322565 0.05604224 0.02564142
v -0.05611383 0.05340610 0.02537831
v -0.05725163 0.05296684 0.02531100
v -0.05726104 0.05263844 0.02564269
v -0.05726104 0.05263844 0.02564269
v -0.05725163 0.05296684 0.02531100
v -0.05887393 0.05250456 0.02531175
v -0.05726104 0.05263844 0.02564269
v -0.05887393 0.05250456 0.02531175
v -0.05854621 0.05226877 0.02564291
v -0.05854621 0.05226877 0.02564291
v -0.05887393 0.05250456 0.02531175
v -0.05986199 0.05213838 0.02556057
v -0.05379230 0.05551166 0.02536894
v -0.05507050 0.05434584 0.02530636
v -0.05498283 0.05398161 0.02560326
v -0.05498283 0.05398161 0.02560326
v -0.05507050 0.05434584 0.02530636
v -0.05611383 0.05340610 0.02537831
v -0.05379230 0.05551166 0.02536894
v -0.05291875 0.05736994 0.02531247
v -0.05507050 0.05434584 0.02530636
v -0.05507050 0.05434584 0.02530636
v -0.05725163 0.05296684 0.02531100
v -0.05611383 0.05340610 0.02537831
v -0.05332722 -0.05824956 0.02499693
v -0.05305840 -0.05809771 0.02529952
v -0.05436988 -0.05604382 0.02499693
v -0.05436988 -0.05604382 0.02499693
v -0.05305840 -0.05809771 0.02529952
v -0.05416919 -0.05580918 0.02529954
v -0.05436988 -0.05604382 0.02499693
v -0.05416919 -0.05580918 0.02529954
v -0.05610405 -0.05432770 0.02499693
v -0.05610405 -0.05432770 0.02499693
v -0.05416919 -0.05580918 0.02529954
v -0.05599575 -0.05403860 0.02529952
v -0.05610405 -0.05432770 0.02499693
v -0.05599575 -0.05403860 0.02529952
v -0.05832061 -0.05330819 0.02499693
v -0.05832061 -0.05330819 0.02499693
v -0.05599575 -0.05403860 0.02529952
v -0.05831771 -0.05299949 0.02529952
v -0.05832061 -0.05330819 0.02499693
v -0.05831771 -0.05299949 0.02529952
v -0.06075218 -0.05310829 0.02499693
v -0.06075218 -0.05310829 0.02499693
v -0.05831771 -0.05299949 0.02529952
v -0.06071775 -0.05278737 0.02529153
v -0.06075218 -0.05310829 0.02499693
v -0.06071775 -0.05278737 0.02529153
v -0.06249738 -0.05352554 0.02499968
v -0.06249738 -0.05352554 0.02499968
v -0.06071775 -0.05278737 0.02529153
v -0.06392777 -0.05380402 0.02529887
v -0.06249738 -0.05352554 0.02499968
v -0.06392777 -0.05380402 0.02529887
v -0.06416276 -0.05436990 0.02499693
v -0.06416276 -0.05436990 0.02499693
v -0.06392777 -0.05380402 0.02529887
v -0.06587888 -0.05610407 0.02499693
v -0.06587888 -0.05610407 0.02499693
v -0.06392777 -0.05380402 0.02529887
v -0.06616804 -0.05599573 0.02529958
v -0.06587888 -0.05610407 0.02499693
v -0.06616804 -0.05599573 0.02529958
v -0.06689839 -0.05832064 0.02499693
v -0.06689839 -0.05832064 0.02499693
v -0.06616804 -0.05599573 0.02529958
v -0.06720707 -0.05831779 0.02529947
v -0.06689839 -0.05832064 0.02499693
v -0.06720707 -0.05831779 0.02529947
v -0.06709831 -0.06075216 0.02499694
v -0.06709831 -0.06075216 0.02499694
v -0.06720707 -0.05831779 0.02529947
v -0.06738924 -0.06085508 0.02529937
v -0.06709831 -0.06075216 0.02499694
v -0.06738924 -0.06085508 0.02529937
v -0.06645451 -0.06310554 0.02499693
v -0.06645451 -0.06310554 0.02499693
v -0.06738924 -0.06085508 0.02529937
v -0.06640247 -0.06392778 0.02529875
v -0.06645451 -0.06310554 0.02499693
v -0.06640247 -0.06392778 0.02529875
v -0.06546553 -0.06460277 0.02499968
v -0.06546553 -0.06460277 0.02499968
v -0.06640247 -0.06392778 0.02529875
v -0.06410251 -0.06587892 0.02499693
v -0.06410251 -0.06587892 0.02499693
v -0.06640247 -0.06392778 0.02529875
v -0.06421076 -0.06616796 0.02529944
v -0.06410251 -0.06587892 0.02499693
v -0.06421076 -0.06616796 0.02529944
v -0.06188593 -0.06689843 0.02499693
v -0.06188593 -0.06689843 0.02499693
v -0.06421076 -0.06616796 0.02529944
v -0.06188880 -0.06720706 0.02529944
v -0.06188593 -0.06689843 0.02499693
v -0.06188880 -0.06720706 0.02529944
v -0.05945443 -0.06709834 0.02499694
v -0.05945443 -0.06709834 0.02499694
v -0.06188880 -0.06720706 0.02529944
v -0.05935152 -0.06738928 0.02529937
v -0.05945443 -0.06709834 0.02499694
v -0.05935152 -0.06738928 0.02529937
v -0.05710107 -0.06645455 0.02499693
v -0.05710107 -0.06645455 0.02499693
v -0.05935152 -0.06738928 0.02529937
v -0.05627854 -0.06640292 0.02529924
v -0.05710107 -0.06645455 0.02499693
v -0.05627854 -0.06640292 0.02529924
v -0.05560382 -0.06546557 0.02499968
v -0.05560382 -0.06546557 0.02499968
v -0.05627854 -0.06640292 0.02529924
v -0.05432765 -0.06410252 0.02499693
v -0.05432765 -0.06410252 0.02499693
v -0.05627854 -0.06640292 0.02529924
v -0.05403859 -0.06421081 0.02529948
v -0.05432765 -0.06410252 0.02499693
v -0.05403859 -0.06421081 0.02529948
v -0.05352550 -0.06249742 0.02499968
v -0.05352550 -0.06249742 0.02499968
v -0.05403859 -0.06421081 0.02529948
v -0.05281923 -0.06122268 0.02529903
v -0.05352550 -0.06249742 0.02499968
v -0.05281923 -0.06122268 0.02529903
v -0.05310184 -0.06067892 0.02499693
v -0.05310184 -0.06067892 0.02499693
v -0.05281923 -0.06122268 0.02529903
v -0.05332722 -0.05824956 0.02499693
v -0.05332722 -0.05824956 0.02499693
v -0.05281923 -0.06122268 0.02529903
v -0.05305840 -0.05809771 0.02529952
v -0.05250449 -0.05887391 0.02531181
v -0.05248120 -0.06623806 0.02530207
v -0.05233268 -0.06322073 0.02540205
v -0.05250449 -0.05887391 0.02531181
v -0.05233268 -0.06322073 0.02540205
v -0.05213878 -0.05984293 0.02556053
v -0.05213878 -0.05984293 0.02556053
v -0.05233268 -0.06322073 0.02540205
v -0.05214413 -0.06363196 0.02567662
v -0.04870699 -0.07752784 0.02566253
v -0.04754356 -0.07986252 0.02552640
v -0.04742789 -0.07991968 0.02566115
v -0.04883017 -0.07768262 0.02539561
v -0.04754356 -0.07986252 0.02552640
v -0.04870699 -0.07752784 0.02566253
v -0.04883017 -0.07768262 0.02539561
v -0.04793377 -0.07965313 0.02532263
v -0.04754356 -0.07986252 0.02552640
v -0.04842270 -0.07930884 0.02527504
v -0.04793377 -0.07965313 0.02532263
v -0.04883017 -0.07768262 0.02539561
v -0.05041757 -0.07429959 0.02531280
v -0.04842270 -0.07930884 0.02527504
v -0.04883017 -0.07768262 0.02539561
v -0.05041757 -0.07429959 0.02531280
v -0.04883017 -0.07768262 0.02539561
v -0.05016499 -0.07404611 0.02560419
v -0.05016499 -0.07404611 0.02560419
v -0.04883017 -0.07768262 0.02539561
v -0.04870699 -0.07752784 0.02566253
v -0.05248120 -0.06623806 0.02530207
v -0.05041757 -0.07429959 0.02531280
v -0.05137257 -0.07064276 0.02537834
v -0.05137257 -0.07064276 0.02537834
v -0.05041757 -0.07429959 0.02531280
v -0.05016499 -0.07404611 0.02560419
v -0.05137257 -0.07064276 0.02537834
v -0.05016499 -0.07404611 0.02560419
v -0.05119814 -0.07051392 0.02568874
v -0.05205909 -0.06697697 0.02537834
v -0.05248120 -0.06623806 0.02530207
v -0.05137257 -0.07064276 0.02537834
v -0.05205909 -0.06697697 0.02537834
v -0.05137257 -0.07064276 0.02537834
v -0.05187332 -0.06688888 0.02567724
v -0.05187332 -0.06688888 0.02567724
v -0.05137257 -0.07064276 0.02537834
v -0.05119814 -0.07051392 0.02568874
v -0.05248120 -0.06623806 0.02530207
v -0.05205909 -0.06697697 0.02537834
v -0.05233268 -0.06322073 0.02540205
v -0.05233268 -0.06322073 0.02540205
v -0.05205909 -0.06697697 0.02537834
v -0.05214413 -0.06363196 0.02567662
v -0.05214413 -0.06363196 0.02567662
v -0.05205909 -0.06697697 0.02537834
v -0.05187332 -0.06688888 0.02567724
v -0.05986460 -0.05214142 0.02555246
v -0.06364026 -0.05214562 0.02567745
v -0.06322018 -0.05231346 0.02541823
v -0.05986460 -0.05214142 0.02555246
v -0.06322018 -0.05231346 0.02541823
v -0.05879822 -0.05248852 0.02531615
v -0.05879822 -0.05248852 0.02531615
v -0.06322018 -0.05231346 0.02541823
v -0.06071775 -0.05278737 0.02529153
v -0.07759067 -0.04869287 0.02559519
v -0.07986819 -0.04748694 0.02559672
v -0.07937028 -0.04825770 0.02529405
v -0.07937028 -0.04825770 0.02529405
v -0.07986819 -0.04748694 0.02559672
v -0.07972803 -0.04787152 0.02532718
v -0.06687994 -0.05221319 0.02531141
v -0.06071775 -0.05278737 0.02529153
v -0.06322018 -0.05231346 0.02541823
v -0.06687994 -0.05221319 0.02531141
v -0.06322018 -0.05231346 0.02541823
v -0.06692844 -0.05188514 0.02559303
v -0.06692844 -0.05188514 0.02559303
v -0.06322018 -0.05231346 0.02541823
v -0.06364026 -0.05214562 0.02567745
v -0.07250717 -0.05118867 0.02530081
v -0.06687994 -0.05221319 0.02531141
v -0.07056900 -0.05139043 0.02537833
v -0.07056900 -0.05139043 0.02537833
v -0.06687994 -0.05221319 0.02531141
v -0.06692844 -0.05188514 0.02559303
v -0.07056900 -0.05139043 0.02537833
v -0.06692844 -0.05188514 0.02559303
v -0.07052182 -0.05119513 0.02569129
v -0.07414383 -0.05032765 0.02537834
v -0.07250717 -0.05118867 0.02530081
v -0.07056900 -0.05139043 0.02537833
v -0.07414383 -0.05032765 0.02537834
v -0.07056900 -0.05139043 0.02537833
v -0.07411743 -0.05012936 0.02567640
v -0.07411743 -0.05012936 0.02567640
v -0.07056900 -0.05139043 0.02537833
v -0.07052182 -0.05119513 0.02569129
v -0.07937028 -0.04825770 0.02529405
v -0.07250717 -0.05118867 0.02530081
v -0.07414383 -0.05032765 0.02537834
v -0.07937028 -0.04825770 0.02529405
v -0.07414383 -0.05032765 0.02537834
v -0.07759067 -0.04869287 0.02559519
v -0.07759067 -0.04869287 0.02559519
v -0.07414383 -0.05032765 0.02537834
v -0.07411743 -0.05012936 0.02567640
v -0.05986460 -0.05214142 0.02555246
v -0.05879822 -0.05248852 0.02531615
v -0.05851594 -0.05226905 0.02568342
v -0.05851594 -0.05226905 0.02568342
v -0.05879822 -0.05248852 0.02531615
v -0.05723763 -0.05264778 0.02564185
v -0.05496323 -0.05399595 0.02560557
v -0.05416486 -0.05505322 0.02537830
v -0.05399449 -0.05494522 0.02568812
v -0.05399449 -0.05494522 0.02568812
v -0.05416486 -0.05505322 0.02537830
v -0.05321830 -0.05606818 0.02560241
v -0.05879822 -0.05248852 0.02531615
v -0.05737427 -0.05291869 0.02531168
v -0.05723763 -0.05264778 0.02564185
v -0.05723763 -0.05264778 0.02564185
v -0.05737427 -0.05291869 0.02531168
v -0.05580685 -0.05371565 0.02530984
v -0.05723763 -0.05264778 0.02564185
v -0.05580685 -0.05371565 0.02530984
v -0.05604362 -0.05322490 0.02564130
v -0.05604362 -0.05322490 0.02564130
v -0.05580685 -0.05371565 0.02530984
v -0.05496323 -0.05399595 0.02560557
v -0.05321830 -0.05606818 0.02560241
v -0.05311649 -0.05685328 0.02531511
v -0.05263896 -0.05725976 0.02564264
v -0.05263896 -0.05725976 0.02564264
v -0.05311649 -0.05685328 0.02531511
v -0.05250449 -0.05887391 0.02531181
v -0.05263896 -0.05725976 0.02564264
v -0.05250449 -0.05887391 0.02531181
v -0.05226933 -0.05854798 0.02564115
v -0.05226933 -0.05854798 0.02564115
v -0.05250449 -0.05887391 0.02531181
v -0.05213878 -0.05984293 0.02556053
v -0.05496323 -0.05399595 0.02560557
v -0.05580685 -0.05371565 0.02530984
v -0.05416486 -0.05505322 0.02537830
v -0.05416486 -0.05505322 0.02537830
v -0.05311649 -0.05685328 0.02531511
v -0.05321830 -0.05606818 0.02560241
v -0.05416486 -0.05505322 0.02537830
v -0.05580685 -0.05371565 0.02530984
v -0.05311649 -0.05685328 0.02531511
v 0.01399346 -0.09396248 0.00000000
v 0.00540867 -0.09486839 0.00000000
v 0.00000000 0.00000000 0.00000000
v 0.08503942 -0.04234456 0.00000000
v 0.08167996 -0.04850925 0.00000000
v 0.07137561 0.06269200 -0.00000000
v 0.07581063 0.05724958 -0.00000000
v -0.08920276 0.03267464 -0.00000000
v -0.08654603 0.03917333 -0.00000000
v -0.05001043 0.08076956 -0.00000000
v -0.04390882 0.08424238 -0.00000000
v 0.03431753 -0.08858370 0.00000000
v 0.02768172 -0.09087622 0.00000000
v 0.06655070 0.06779210 -0.00000000
v 0.01051186 0.09441539 -0.00000000
v 0.01745587 0.09338125 -0.00000000
v -0.09227051 -0.02260351 0.00000000
v -0.09368785 -0.01572745 0.00000000
v 0.09034919 -0.02935620 0.00000000
v 0.08793443 -0.03594860 0.00000000
v 0.09498254 -0.00175543 0.00000000
v 0.09459352 -0.00876541 0.00000000
v -0.08341670 0.04545790 -0.00000000
v 0.09137223 0.02599767 -0.00000000
v 0.09304271 0.01917865 -0.00000000
v 0.07787433 -0.05440912 0.00000000
v 0.07364343 -0.06001175 0.00000000
v -0.08503939 -0.04234462 0.00000000
v -0.08793441 -0.03594864 0.00000000
v 0.07983163 0.05149442 -0.00000000
v -0.06901027 -0.06528666 0.00000000
v -0.07364339 -0.06001181 0.00000000
v -0.07983166 0.05149436 -0.00000000
v -0.07581066 0.05724954 -0.00000000
v 0.06901032 -0.06528661 0.00000000
v -0.05583889 0.07685560 -0.00000000
v 0.03102062 0.08979135 -0.00000000
v 0.03756741 0.08725511 -0.00000000
v 0.08341669 0.04545792 -0.00000000
v 0.02089457 -0.09267245 0.00000000
v -0.09459353 -0.00876527 0.00000000
v -0.09498254 -0.00175571 0.00000000
v 0.09227053 -0.02260344 0.00000000
v -0.03756748 0.08725509 -0.00000000
v -0.09485281 0.00526399 -0.00000000
v -0.00471761 -0.09493263 0.00000000
v -0.01399351 -0.09396248 0.00000000
v -0.03102084 0.08979127 -0.00000000
v -0.02430477 0.09183704 -0.00000000
v 0.08654599 0.03917342 -0.00000000
v 0.08920273 0.03267473 -0.00000000
v -0.09420502 0.01225476 -0.00000000
v -0.09304273 0.01917857 -0.00000000
v -0.05864063 -0.07473981 0.00000000
v -0.06400021 -0.07020496 0.00000000
v -0.09034917 -0.02935626 0.00000000
v -0.05296072 -0.07886652 0.00000000
v 0.09368786 -0.01572739 0.00000000
v 0.05001034 0.08076962 -0.00000000
v 0.05583884 0.07685563 -0.00000000
v 0.05864069 -0.07473977 0.00000000
v 0.05296090 -0.07886639 0.00000000
v 0.06136236 0.07252189 -0.00000000
v 0.04699166 -0.08256240 0.00000000
v 0.00351036 0.09493389 -0.00000000
v -0.09137225 0.02599761 -0.00000000
v -0.03431745 -0.08858373 0.00000000
v -0.04076590 -0.08580738 0.00000000
v -0.07137560 0.06269202 -0.00000000
v 0.04390876 0.08424241 -0.00000000
v -0.04699165 -0.08256240 0.00000000
v -0.02768156 -0.09087627 0.00000000
v -0.00351038 0.09493388 -0.00000000
v -0.06136232 0.07252192 -0.00000000
v 0.04076597 -0.08580734 0.00000000
v -0.07787434 -0.05440911 0.00000000
v -0.08167989 -0.04850938 0.00000000
v -0.02089460 -0.09267243 0.00000000
v 0.09485281 0.00526405 -0.00000000
v -0.06655074 0.06779206 -0.00000000
v 0.09420501 0.01225483 -0.00000000
v 0.02430471 0.09183706 -0.00000000
v -0.01745591 0.09338124 -0.00000000
v -0.01051183 0.09441540 -0.00000000
v 0.06400027 -0.07020491 0.00000000
v 0.05210719 0.05980062 0.06263150
v 0.05213968 0.05986965 0.02555875
v 0.05212677 0.06290808 0.05621042
v 0.05214396 0.06363306 0.02567695
v 0.05178577 0.06726045 0.04752029
v 0.05204874 0.06502675 0.05187631
v 0.05214396 0.06363306 0.02567695
v 0.05214396 0.06363306 0.02567695
v 0.05204874 0.06502675 0.05187631
v 0.05212677 0.06290808 0.05621042
v 0.04996339 0.07445269 0.03435215
v 0.05074670 0.07206095 0.03852240
v 0.05119814 0.07051392 0.02568873
v 0.05119814 0.07051392 0.02568873
v 0.05074670 0.07206095 0.03852240
v 0.05137028 0.06969010 0.04290168
v 0.05119814 0.07051392 0.02568873
v 0.05137028 0.06969010 0.04290168
v 0.05187332 0.06688888 0.02567723
v 0.05187332 0.06688888 0.02567723
v 0.05137028 0.06969010 0.04290168
v 0.05214396 0.06363306 0.02567695
v 0.05214396 0.06363306 0.02567695
v 0.05137028 0.06969010 0.04290168
v 0.05178577 0.06726045 0.04752029
v 0.04749512 0.07985389 0.02559401
v 0.04882569 0.07723425 0.02977856
v 0.04871996 0.07754648 0.02557751
v 0.04871996 0.07754648 0.02557751
v 0.04882569 0.07723425 0.02977856
v 0.05016499 0.07404611 0.02560418
v 0.04996339 0.07445269 0.03435215
v 0.05119814 0.07051392 0.02568873
v 0.05016499 0.07404611 0.02560418
v 0.04996339 0.07445269 0.03435215
v 0.05016499 0.07404611 0.02560418
v 0.04882569 0.07723425 0.02977856
v 0.06188880 0.06720706 0.02529943
v 0.06590599 0.06547554 0.02529271
v 0.05558045 0.07445240 0.02529081
v 0.05935152 0.06738928 0.02529937
v 0.06640247 0.06392778 0.02529875
v 0.06590599 0.06547554 0.02529271
v 0.06421076 0.06616796 0.02529943
v 0.06421076 0.06616796 0.02529943
v 0.06590599 0.06547554 0.02529271
v 0.06188880 0.06720706 0.02529943
v 0.04829487 0.07927220 0.02530196
v 0.05627854 0.06640292 0.02529924
v 0.07464932 0.05529462 0.02529221
v 0.07464932 0.05529462 0.02529221
v 0.06640247 0.06392778 0.02529875
v 0.06738924 0.06085508 0.02529937
v 0.06585192 0.05549175 0.02529924
v 0.07271546 0.05112451 0.02530124
v 0.07929238 0.04824124 0.02530912
v 0.06720707 0.05831780 0.02529947
v 0.06686204 0.05221666 0.02531146
v 0.05599575 0.05403860 0.02529952
v 0.05736994 0.05291875 0.02531247
v 0.05831771 0.05299951 0.02529950
v 0.05599575 0.05403860 0.02529952
v 0.05416921 0.05580919 0.02529952
v 0.05434584 0.05507050 0.02530636
v 0.05416921 0.05580919 0.02529952
v 0.05296683 0.05725164 0.02531100
v 0.05434584 0.05507050 0.02530636
v 0.05250436 0.05887397 0.02531187
v 0.05296683 0.05725164 0.02531100
v 0.05305839 0.05809771 0.02529954
v 0.05305839 0.05809771 0.02529954
v 0.05296683 0.05725164 0.02531100
v 0.05416921 0.05580919 0.02529952
v 0.05248120 0.06623806 0.02530207
v 0.05250436 0.05887397 0.02531187
v 0.05281923 0.06122268 0.02529903
v 0.05305839 0.05809771 0.02529954
v 0.06330169 0.05351378 0.02529947
v 0.06071792 0.05278742 0.02529163
v 0.05736994 0.05291875 0.02531247
v 0.05879785 0.05248864 0.02531607
v 0.05831771 0.05299951 0.02529950
v 0.06071792 0.05278742 0.02529163
v 0.05599575 0.05403860 0.02529952
v 0.05434584 0.05507050 0.02530636
v 0.05736994 0.05291875 0.02531247
v 0.05248120 0.06623806 0.02530207
v 0.05403859 0.06421082 0.02529947
v 0.05281923 0.06122268 0.02529903
v 0.05627854 0.06640292 0.02529924
v 0.04829487 0.07927220 0.02530196
v 0.05041757 0.07429959 0.02531280
v 0.05041757 0.07429959 0.02531280
v 0.07416437 0.05009501 0.02572406
v 0.07596746 0.04938998 0.03174176
v 0.07758478 0.04869444 0.02559700
v 0.07758478 0.04869444 0.02559700
v 0.07596746 0.04938998 0.03174176
v 0.07991362 0.04743859 0.02565368
v 0.07242061 0.05067035 0.03787599
v 0.07056736 0.05118594 0.02568639
v 0.06900360 0.05152747 0.04409939
v 0.07596746 0.04938998 0.03174176
v 0.07416437 0.05009501 0.02572406
v 0.07458320 0.04994200 0.03432237
v 0.07458320 0.04994200 0.03432237
v 0.07416437 0.05009501 0.02572406
v 0.07242061 0.05067035 0.03787599
v 0.07242061 0.05067035 0.03787599
v 0.07416437 0.05009501 0.02572406
v 0.07056736 0.05118594 0.02568639
v 0.06900360 0.05152747 0.04409939
v 0.07056736 0.05118594 0.02568639
v 0.06690082 0.05188675 0.02559606
v 0.06900360 0.05152747 0.04409939
v 0.06690082 0.05188675 0.02559606
v 0.06320199 0.05219427 0.02552263
v 0.06000192 0.05210674 0.06224531
v 0.06432308 0.05211518 0.05320803
v 0.05981559 0.05214069 0.02555456
v 0.05981559 0.05214069 0.02555456
v 0.06432308 0.05211518 0.05320803
v 0.06320199 0.05219427 0.02552263
v 0.06320199 0.05219427 0.02552263
v 0.06432308 0.05211518 0.05320803
v 0.06900360 0.05152747 0.04409939
v 0.05981559 0.05214069 0.02555456
v 0.05909699 0.05215789 0.06415087
v 0.06000192 0.05210674 0.06224531
v 0.05909699 0.05215789 0.06415087
v 0.05981559 0.05214069 0.02555456
v 0.05851545 0.05227118 0.02567801
v 0.05909699 0.05215789 0.06415087
v 0.05851545 0.05227118 0.02567801
v 0.05803867 0.05235750 0.06624038
v 0.05803867 0.05235750 0.06624038
v 0.05851545 0.05227118 0.02567801
v 0.05724555 0.05264493 0.02564139
v 0.05604544 0.05322297 0.02564273
v 0.05689368 0.05276144 0.06780344
v 0.05724555 0.05264493 0.02564139
v 0.05724555 0.05264493 0.02564139
v 0.05689368 0.05276144 0.06780344
v 0.05803867 0.05235750 0.06624038
v 0.05493573 0.05400204 0.02568922
v 0.05538583 0.05362349 0.06922687
v 0.05604544 0.05322297 0.02564273
v 0.05604544 0.05322297 0.02564273
v 0.05538583 0.05362349 0.06922687
v 0.05689368 0.05276144 0.06780344
v 0.05493573 0.05400204 0.02568922
v 0.05398567 0.05497906 0.02560222
v 0.05394579 0.05496105 0.06946225
v 0.05493573 0.05400204 0.02568922
v 0.05394579 0.05496105 0.06946225
v 0.05538583 0.05362349 0.06922687
v 0.05263981 0.05725922 0.02564141
v 0.05243231 0.05775432 0.06667823
v 0.05321499 0.05604787 0.02568357
v 0.05321499 0.05604787 0.02568357
v 0.05243231 0.05775432 0.06667823
v 0.05309679 0.05623449 0.06849244
v 0.05321499 0.05604787 0.02568357
v 0.05309679 0.05623449 0.06849244
v 0.05398567 0.05497906 0.02560222
v 0.05398567 0.05497906 0.02560222
v 0.05309679 0.05623449 0.06849244
v 0.05394579 0.05496105 0.06946225
v 0.05213968 0.05986965 0.02555875
v 0.05210719 0.05980062 0.06263150
v 0.05226814 0.05854636 0.02564410
v 0.05226814 0.05854636 0.02564410
v 0.05210719 0.05980062 0.06263150
v 0.05217092 0.05890737 0.06468045
v 0.05226814 0.05854636 0.02564410
v 0.05217092 0.05890737 0.06468045
v 0.05263981 0.05725922 0.02564141
v 0.05263981 0.05725922 0.02564141
v 0.05217092 0.05890737 0.06468045
v 0.05243231 0.05775432 0.06667823
v 0.07732155 -0.04876189 0.02985097
v 0.07456351 -0.04993655 0.03440706
v 0.07412045 -0.05014241 0.02559782
v 0.06367043 -0.05214426 0.02567211
v 0.06488213 -0.05205227 0.05244346
v 0.06283455 -0.05215268 0.05639308
v 0.06367043 -0.05214426 0.02567211
v 0.06283455 -0.05215268 0.05639308
v 0.05985221 -0.05213801 0.02556128
v 0.05985221 -0.05213801 0.02556128
v 0.06283455 -0.05215268 0.05639308
v 0.05999120 -0.05210597 0.06226322
v 0.06737854 -0.05178312 0.04741888
v 0.06488213 -0.05205227 0.05244346
v 0.06367043 -0.05214426 0.02567211
v 0.07412045 -0.05014241 0.02559782
v 0.07456351 -0.04993655 0.03440706
v 0.07051731 -0.05119680 0.02569009
v 0.07051731 -0.05119680 0.02569009
v 0.07456351 -0.04993655 0.03440706
v 0.07201369 -0.05078488 0.03884231
v 0.07051731 -0.05119680 0.02569009
v 0.07201369 -0.05078488 0.03884231
v 0.06976597 -0.05134855 0.04296536
v 0.07051731 -0.05119680 0.02569009
v 0.06976597 -0.05134855 0.04296536
v 0.06688976 -0.05187320 0.02567723
v 0.06688976 -0.05187320 0.02567723
v 0.06976597 -0.05134855 0.04296536
v 0.06367043 -0.05214426 0.02567211
v 0.06367043 -0.05214426 0.02567211
v 0.06976597 -0.05134855 0.04296536
v 0.06737854 -0.05178312 0.04741888
v 0.07751523 -0.04871401 0.02566105
v 0.07991701 -0.04743126 0.02566105
v 0.07892310 -0.04798276 0.02696569
v 0.07751523 -0.04871401 0.02566105
v 0.07892310 -0.04798276 0.02696569
v 0.07412045 -0.05014241 0.02559782
v 0.07412045 -0.05014241 0.02559782
v 0.07892310 -0.04798276 0.02696569
v 0.07732155 -0.04876189 0.02985097
v 0.05278802 -0.06071914 0.02529120
v 0.05199019 -0.06921771 0.02530104
v 0.05380402 -0.06392777 0.02529887
v 0.05883464 -0.05251615 0.02530807
v 0.05809772 -0.05305840 0.02529952
v 0.06122269 -0.05281917 0.02529909
v 0.06623806 -0.05248119 0.02530207
v 0.06738928 -0.05935152 0.02529937
v 0.06720706 -0.06188879 0.02529943
v 0.07244032 -0.05806506 0.02529248
v 0.06547554 -0.06590599 0.02529271
v 0.06392778 -0.06640247 0.02529875
v 0.05529462 -0.07464931 0.02529221
v 0.05529462 -0.07464931 0.02529221
v 0.06392778 -0.06640247 0.02529875
v 0.06085508 -0.06738924 0.02529937
v 0.05299947 -0.05831771 0.02529954
v 0.05248852 -0.05879748 0.02531632
v 0.05278802 -0.06071914 0.02529120
v 0.05580919 -0.05416921 0.02529952
v 0.05609912 -0.05358846 0.02530632
v 0.05403860 -0.05599574 0.02529952
v 0.05403860 -0.05599574 0.02529952
v 0.05609912 -0.05358846 0.02530632
v 0.05369041 -0.05583458 0.02531461
v 0.06640292 -0.05627854 0.02529924
v 0.06623806 -0.05248119 0.02530207
v 0.06421082 -0.05403859 0.02529947
v 0.06122269 -0.05281917 0.02529909
v 0.06616796 -0.06421076 0.02529943
v 0.05599573 -0.06616804 0.02529958
v 0.05299947 -0.05831771 0.02529954
v 0.05290082 -0.05739245 0.02531846
v 0.05248852 -0.05879748 0.02531632
v 0.05403860 -0.05599574 0.02529952
v 0.05369041 -0.05583458 0.02531461
v 0.05299947 -0.05831771 0.02529954
v 0.05290082 -0.05739245 0.02531846
v 0.05809772 -0.05305840 0.02529952
v 0.05883464 -0.05251615 0.02530807
v 0.05580919 -0.05416921 0.02529952
v 0.05580919 -0.05416921 0.02529952
v 0.05883464 -0.05251615 0.02530807
v 0.05609912 -0.05358846 0.02530632
v 0.06640292 -0.05627854 0.02529924
v 0.07938344 -0.04819889 0.02530148
v 0.07429959 -0.05041757 0.02531280
v 0.07429959 -0.05041757 0.02531280
v 0.06547554 -0.06590599 0.02529271
v 0.06547554 -0.06590599 0.02529271
v 0.06720706 -0.06188879 0.02529943
v 0.06616796 -0.06421076 0.02529943
v 0.07938344 -0.04819889 0.02530148
v 0.06640292 -0.05627854 0.02529924
v 0.07659486 -0.05254756 0.02528347
v 0.07659486 -0.05254756 0.02528347
v 0.05047078 -0.07415219 0.02531253
v 0.05599573 -0.06616804 0.02529958
v 0.05047078 -0.07415219 0.02531253
v 0.04818377 -0.07942790 0.02529496
v 0.05831780 -0.06720707 0.02529948
v 0.04818377 -0.07942790 0.02529496
v 0.04875186 -0.07747114 0.02559368
v 0.04938998 -0.07596746 0.03174176
v 0.04744082 -0.07991681 0.02563856
v 0.05119171 -0.07054068 0.02568798
v 0.05152746 -0.06900359 0.04409939
v 0.05068833 -0.07235916 0.03798585
v 0.05014162 -0.07413270 0.02559316
v 0.04992143 -0.07462703 0.03415030
v 0.04875186 -0.07747114 0.02559368
v 0.04875186 -0.07747114 0.02559368
v 0.04992143 -0.07462703 0.03415030
v 0.04938998 -0.07596746 0.03174176
v 0.05119171 -0.07054068 0.02568798
v 0.05068833 -0.07235916 0.03798585
v 0.04992143 -0.07462703 0.03415030
v 0.05119171 -0.07054068 0.02568798
v 0.04992143 -0.07462703 0.03415030
v 0.05014162 -0.07413270 0.02559316
v 0.05152746 -0.06900359 0.04409939
v 0.05119171 -0.07054068 0.02568798
v 0.05187069 -0.06690739 0.02567748
v 0.05152746 -0.06900359 0.04409939
v 0.05187069 -0.06690739 0.02567748
v 0.05219427 -0.06320199 0.02552263
v 0.05211047 -0.05962057 0.06316488
v 0.05209657 -0.06453368 0.05278592
v 0.05214169 -0.05980054 0.02555374
v 0.05214169 -0.05980054 0.02555374
v 0.05209657 -0.06453368 0.05278592
v 0.05219427 -0.06320199 0.02552263
v 0.05219427 -0.06320199 0.02552263
v 0.05209657 -0.06453368 0.05278592
v 0.05152746 -0.06900359 0.04409939
v 0.05214169 -0.05980054 0.02555374
v 0.05220512 -0.05881024 0.06464322
v 0.05211047 -0.05962057 0.06316488
v 0.05220512 -0.05881024 0.06464322
v 0.05214169 -0.05980054 0.02555374
v 0.05227157 -0.05851362 0.02567802
v 0.05220512 -0.05881024 0.06464322
v 0.05227157 -0.05851362 0.02567802
v 0.05248365 -0.05763623 0.06667731
v 0.05248365 -0.05763623 0.06667731
v 0.05227157 -0.05851362 0.02567802
v 0.05264778 -0.05723763 0.02564185
v 0.05322490 -0.05604361 0.02564130
v 0.05292176 -0.05658474 0.06810211
v 0.05248365 -0.05763623 0.06667731
v 0.05322490 -0.05604361 0.02564130
v 0.05248365 -0.05763623 0.06667731
v 0.05264778 -0.05723763 0.02564185
v 0.05349156 -0.05559214 0.06904728
v 0.05401246 -0.05493769 0.02561173
v 0.05420488 -0.05468442 0.06949694
v 0.05401246 -0.05493769 0.02561173
v 0.05349156 -0.05559214 0.06904728
v 0.05322490 -0.05604361 0.02564130
v 0.05322490 -0.05604361 0.02564130
v 0.05349156 -0.05559214 0.06904728
v 0.05292176 -0.05658474 0.06810211
v 0.05420488 -0.05468442 0.06949694
v 0.05401246 -0.05493769 0.02561173
v 0.05536432 -0.05363470 0.06925531
v 0.05495661 -0.05398779 0.02568231
v 0.05536432 -0.05363470 0.06925531
v 0.05401246 -0.05493769 0.02561173
v 0.05606818 -0.05321830 0.02560241
v 0.05639318 -0.05301269 0.06835854
v 0.05536432 -0.05363470 0.06925531
v 0.05606818 -0.05321830 0.02560241
v 0.05536432 -0.05363470 0.06925531
v 0.05495661 -0.05398779 0.02568231
v 0.05837971 -0.05229086 0.06538452
v 0.05780383 -0.05238590 0.06670399
v 0.05725976 -0.05263896 0.02564264
v 0.05725976 -0.05263896 0.02564264
v 0.05780383 -0.05238590 0.06670399
v 0.05606818 -0.05321830 0.02560241
v 0.05606818 -0.05321830 0.02560241
v 0.05780383 -0.05238590 0.06670399
v 0.05639318 -0.05301269 0.06835854
v 0.05999120 -0.05210597 0.06226322
v 0.05854798 -0.05226933 0.02564115
v 0.05985221 -0.05213801 0.02556128
v 0.05999120 -0.05210597 0.06226322
v 0.05837971 -0.05229086 0.06538452
v 0.05854798 -0.05226933 0.02564115
v 0.05854798 -0.05226933 0.02564115
v 0.05837971 -0.05229086 0.06538452
v 0.05725976 -0.05263896 0.02564264
v -0.06726045 0.05178578 0.04752029
v -0.06502626 0.05204880 0.05187730
v -0.06363196 0.05214413 0.02567661
v -0.06363196 0.05214413 0.02567661
v -0.06502626 0.05204880 0.05187730
v -0.05986199 0.05213838 0.02556057
v -0.05986199 0.05213838 0.02556057
v -0.06502626 0.05204880 0.05187730
v -0.05970172 0.05211303 0.06285181
v -0.07053497 0.05119370 0.02568653
v -0.06963405 0.05137273 0.04320908
v -0.06688888 0.05187333 0.02567723
v -0.06688888 0.05187333 0.02567723
v -0.06963405 0.05137273 0.04320908
v -0.06363196 0.05214413 0.02567661
v -0.06363196 0.05214413 0.02567661
v -0.06963405 0.05137273 0.04320908
v -0.06726045 0.05178578 0.04752029
v -0.07983400 0.04748965 0.02565776
v -0.07723426 0.04882569 0.02977856
v -0.07754763 0.04871955 0.02557729
v -0.07754763 0.04871955 0.02557729
v -0.07723426 0.04882569 0.02977856
v -0.07408306 0.05013934 0.02568289
v -0.07408306 0.05013934 0.02568289
v -0.07723426 0.04882569 0.02977856
v -0.07456158 0.04994825 0.03427252
v -0.07408306 0.05013934 0.02568289
v -0.07456158 0.04994825 0.03427252
v -0.07053497 0.05119370 0.02568653
v -0.07053497 0.05119370 0.02568653
v -0.07456158 0.04994825 0.03427252
v -0.07336953 0.05037333 0.03620653
v -0.07053497 0.05119370 0.02568653
v -0.07336953 0.05037333 0.03620653
v -0.06963405 0.05137273 0.04320908
v -0.06392778 0.06640247 0.02529875
v -0.06547554 0.06590599 0.02529271
v -0.06616796 0.06421076 0.02529943
v -0.06085508 0.06738924 0.02529937
v -0.05529462 0.07464931 0.02529221
v -0.06392778 0.06640247 0.02529875
v -0.05529462 0.07464931 0.02529221
v -0.06738928 0.05935152 0.02529937
v -0.07244032 0.05806506 0.02529248
v -0.06640292 0.05627854 0.02529924
v -0.07667481 0.05244381 0.02528219
v -0.06640292 0.05627854 0.02529924
v -0.07667481 0.05244381 0.02528219
v -0.07927219 0.04829487 0.02530196
v -0.06720706 0.06188880 0.02529943
v -0.06547554 0.06590599 0.02529271
v -0.06547554 0.06590599 0.02529271
v -0.06720706 0.06188880 0.02529943
v -0.06616796 0.06421076 0.02529943
v -0.05199019 0.06921771 0.02530104
v -0.05047078 0.07415219 0.02531253
v -0.05599573 0.06616805 0.02529958
v -0.05599573 0.06616805 0.02529958
v -0.05047078 0.07415219 0.02531253
v -0.04824220 0.07929350 0.02530832
v -0.05831780 0.06720707 0.02529947
v -0.04824220 0.07929350 0.02530832
v -0.05380402 0.06392777 0.02529887
v -0.05278737 0.06071775 0.02529153
v -0.06460394 0.05254628 0.02530297
v -0.05887393 0.05250456 0.02531175
v -0.06122268 0.05281923 0.02529903
v -0.06122268 0.05281923 0.02529903
v -0.05887393 0.05250456 0.02531175
v -0.05809771 0.05305839 0.02529954
v -0.05299951 0.05831772 0.02529950
v -0.05248845 0.05879817 0.02531615
v -0.05278737 0.06071775 0.02529153
v -0.05403860 0.05599575 0.02529952
v -0.05291875 0.05736994 0.02531247
v -0.05299951 0.05831772 0.02529950
v -0.05291875 0.05736994 0.02531247
v -0.05403860 0.05599575 0.02529952
v -0.05507050 0.05434584 0.02530636
v -0.05291875 0.05736994 0.02531247
v -0.05887393 0.05250456 0.02531175
v -0.05725163 0.05296684 0.02531100
v -0.05809771 0.05305839 0.02529954
v -0.05809771 0.05305839 0.02529954
v -0.05725163 0.05296684 0.02531100
v -0.05580919 0.05416921 0.02529952
v -0.06460394 0.05254628 0.02530297
v -0.06421082 0.05403859 0.02529947
v -0.06122268 0.05281923 0.02529903
v -0.05580919 0.05416921 0.02529952
v -0.05507050 0.05434584 0.02530636
v -0.05403860 0.05599575 0.02529952
v -0.05580919 0.05416921 0.02529952
v -0.05725163 0.05296684 0.02531100
v -0.05507050 0.05434584 0.02530636
v -0.07927219 0.04829487 0.02530196
v -0.07229104 0.05125342 0.02530117
v -0.04875186 0.07747114 0.02559367
v -0.04938998 0.07596746 0.03174175
v -0.04743309 0.07992318 0.02565073
v -0.05119171 0.07054069 0.02568797
v -0.05137593 0.06965317 0.04298104
v -0.05068833 0.07235917 0.03798584
v -0.05014162 0.07413270 0.02559315
v -0.04992143 0.07462704 0.03415029
v -0.04875186 0.07747114 0.02559367
v -0.04875186 0.07747114 0.02559367
v -0.04992143 0.07462704 0.03415029
v -0.04938998 0.07596746 0.03174175
v -0.05119171 0.07054069 0.02568797
v -0.05068833 0.07235917 0.03798584
v -0.04992143 0.07462704 0.03415029
v -0.05119171 0.07054069 0.02568797
v -0.04992143 0.07462704 0.03415029
v -0.05014162 0.07413270 0.02559315
v -0.05208630 0.06455782 0.05267388
v -0.05167247 0.06818637 0.04568220
v -0.05214898 0.06371691 0.02565894
v -0.05214898 0.06371691 0.02565894
v -0.05167247 0.06818637 0.04568220
v -0.05137593 0.06965317 0.04298104
v -0.05137593 0.06965317 0.04298104
v -0.05119171 0.07054069 0.02568797
v -0.05187007 0.06692062 0.02567453
v -0.05137593 0.06965317 0.04298104
v -0.05187007 0.06692062 0.02567453
v -0.05214898 0.06371691 0.02565894
v -0.05211259 0.05958561 0.06319062
v -0.05208630 0.06455782 0.05267388
v -0.05214044 0.05982531 0.02555459
v -0.05208630 0.06455782 0.05267388
v -0.05214898 0.06371691 0.02565894
v -0.05214044 0.05982531 0.02555459
v -0.05250369 0.05755126 0.06695624
v -0.05230749 0.05828901 0.06559453
v -0.05264694 0.05723739 0.02564359
v -0.05264694 0.05723739 0.02564359
v -0.05230749 0.05828901 0.06559453
v -0.05227064 0.05851805 0.02567798
v -0.05227064 0.05851805 0.02567798
v -0.05230749 0.05828901 0.06559453
v -0.05214044 0.05982531 0.02555459
v -0.05214044 0.05982531 0.02555459
v -0.05230749 0.05828901 0.06559453
v -0.05211259 0.05958561 0.06319062
v -0.05322565 0.05604224 0.02564142
v -0.05308297 0.05625915 0.06843622
v -0.05250369 0.05755126 0.06695624
v -0.05322565 0.05604224 0.02564142
v -0.05250369 0.05755126 0.06695624
v -0.05264694 0.05723739 0.02564359
v -0.05400161 0.05493620 0.02568929
v -0.05308297 0.05625915 0.06843622
v -0.05322565 0.05604224 0.02564142
v -0.05400161 0.05493620 0.02568929
v -0.05374774 0.05523044 0.06929856
v -0.05308297 0.05625915 0.06843622
v -0.05400161 0.05493620 0.02568929
v -0.05471281 0.05417738 0.06949562
v -0.05374774 0.05523044 0.06929856
v -0.05598039 0.05322861 0.06877864
v -0.05471281 0.05417738 0.06949562
v -0.05498283 0.05398161 0.02560326
v -0.05498283 0.05398161 0.02560326
v -0.05471281 0.05417738 0.06949562
v -0.05400161 0.05493620 0.02568929
v -0.05604823 0.05321524 0.02568248
v -0.05598039 0.05322861 0.06877864
v -0.05498283 0.05398161 0.02560326
v -0.05832731 0.05227732 0.06579339
v -0.05729648 0.05261195 0.06718707
v -0.05726104 0.05263844 0.02564269
v -0.05726104 0.05263844 0.02564269
v -0.05729648 0.05261195 0.06718707
v -0.05604823 0.05321524 0.02568248
v -0.05604823 0.05321524 0.02568248
v -0.05729648 0.05261195 0.06718707
v -0.05598039 0.05322861 0.06877864
v -0.05970172 0.05211303 0.06285181
v -0.05832731 0.05227732 0.06579339
v -0.05854621 0.05226877 0.02564291
v -0.05854621 0.05226877 0.02564291
v -0.05832731 0.05227732 0.06579339
v -0.05726104 0.05263844 0.02564269
v -0.05986199 0.05213838 0.02556057
v -0.05970172 0.05211303 0.06285181
v -0.05854621 0.05226877 0.02564291
v -0.05178577 -0.06726045 0.04752029
v -0.05205345 -0.06499415 0.05190030
v -0.05214413 -0.06363196 0.02567662
v -0.05214413 -0.06363196 0.02567662
v -0.05205345 -0.06499415 0.05190030
v -0.05213878 -0.05984293 0.02556053
v -0.05213878 -0.05984293 0.02556053
v -0.05205345 -0.06499415 0.05190030
v -0.05210986 -0.05996279 0.06231415
v -0.04996339 -0.07445269 0.03435216
v -0.05074670 -0.07206095 0.03852240
v -0.05119814 -0.07051392 0.02568874
v -0.05119814 -0.07051392 0.02568874
v -0.05074670 -0.07206095 0.03852240
v -0.05137028 -0.06969010 0.04290169
v -0.05119814 -0.07051392 0.02568874
v -0.05137028 -0.06969010 0.04290169
v -0.05187332 -0.06688888 0.02567724
v -0.05187332 -0.06688888 0.02567724
v -0.05137028 -0.06969010 0.04290169
v -0.05214413 -0.06363196 0.02567662
v -0.05214413 -0.06363196 0.02567662
v -0.05137028 -0.06969010 0.04290169
v -0.05178577 -0.06726045 0.04752029
v -0.04742789 -0.07991968 0.02566115
v -0.04882569 -0.07723425 0.02977857
v -0.04870699 -0.07752784 0.02566253
v -0.04870699 -0.07752784 0.02566253
v -0.04882569 -0.07723425 0.02977857
v -0.05016499 -0.07404611 0.02560419
v -0.04996339 -0.07445269 0.03435216
v -0.05119814 -0.07051392 0.02568874
v -0.05016499 -0.07404611 0.02560419
v -0.04996339 -0.07445269 0.03435216
v -0.05016499 -0.07404611 0.02560419
v -0.04882569 -0.07723425 0.02977857
v -0.05879822 -0.05248852 0.02531615
v -0.06071775 -0.05278737 0.02529153
v -0.05831771 -0.05299949 0.02529952
v -0.05737427 -0.05291869 0.02531168
v -0.06590599 -0.06547554 0.02529271
v -0.06640247 -0.06392778 0.02529875
v -0.07464931 -0.05529462 0.02529221
v -0.07464931 -0.05529462 0.02529221
v -0.06640247 -0.06392778 0.02529875
v -0.06738924 -0.06085508 0.02529937
v -0.05935152 -0.06738928 0.02529937
v -0.06188880 -0.06720706 0.02529944
v -0.05806506 -0.07244032 0.02529249
v -0.05737427 -0.05291869 0.02531168
v -0.05831771 -0.05299949 0.02529952
v -0.05599575 -0.05403860 0.02529952
v -0.05737427 -0.05291869 0.02531168
v -0.05599575 -0.05403860 0.02529952
v -0.05580685 -0.05371565 0.02530984
v -0.05580685 -0.05371565 0.02530984
v -0.05599575 -0.05403860 0.02529952
v -0.05416919 -0.05580918 0.02529954
v -0.05416919 -0.05580918 0.02529954
v -0.05311649 -0.05685328 0.02531511
v -0.05580685 -0.05371565 0.02530984
v -0.06421076 -0.06616796 0.02529944
v -0.06392777 -0.05380402 0.02529887
v -0.06687994 -0.05221319 0.02531141
v -0.06616804 -0.05599573 0.02529958
v -0.07250717 -0.05118867 0.02530081
v -0.06071775 -0.05278737 0.02529153
v -0.06590599 -0.06547554 0.02529271
v -0.06590599 -0.06547554 0.02529271
v -0.06188880 -0.06720706 0.02529944
v -0.06421076 -0.06616796 0.02529944
v -0.07937028 -0.04825770 0.02529405
v -0.05305840 -0.05809771 0.02529952
v -0.05250449 -0.05887391 0.02531181
v -0.05311649 -0.05685328 0.02531511
v -0.05305840 -0.05809771 0.02529952
v -0.05311649 -0.05685328 0.02531511
v -0.05416919 -0.05580918 0.02529954
v -0.05248120 -0.06623806 0.02530207
v -0.05250449 -0.05887391 0.02531181
v -0.05281923 -0.06122268 0.02529903
v -0.05305840 -0.05809771 0.02529952
v -0.04842270 -0.07930884 0.02527504
v -0.05627854 -0.06640292 0.02529924
v -0.05244381 -0.07667481 0.02528220
v -0.06720707 -0.05831779 0.02529947
v -0.05248120 -0.06623806 0.02530207
v -0.05403859 -0.06421081 0.02529948
v -0.05281923 -0.06122268 0.02529903
v -0.05627854 -0.06640292 0.02529924
v -0.04842270 -0.07930884 0.02527504
v -0.05041757 -0.07429959 0.02531280
v -0.05041757 -0.07429959 0.02531280
v -0.07986819 -0.04748694 0.02559672
v -0.07759067 -0.04869287 0.02559519
v -0.07697600 -0.04893964 0.03035792
v -0.07697600 -0.04893964 0.03035792
v -0.07759067 -0.04869287 0.02559519
v -0.07411743 -0.05012936 0.02567640
v -0.07052182 -0.05119513 0.02569129
v -0.07008696 -0.05130146 0.04199837
v -0.07258168 -0.05064778 0.03758332
v -0.07411743 -0.05012936 0.02567640
v -0.07525438 -0.04969972 0.03300384
v -0.07697600 -0.04893964 0.03035792
v -0.07052182 -0.05119513 0.02569129
v -0.07258168 -0.05064778 0.03758332
v -0.07525438 -0.04969972 0.03300384
v -0.07052182 -0.05119513 0.02569129
v -0.07525438 -0.04969972 0.03300384
v -0.07411743 -0.05012936 0.02567640
v -0.06531135 -0.05203943 0.05122170
v -0.06784394 -0.05172867 0.04622936
v -0.06364026 -0.05214562 0.02567745
v -0.06364026 -0.05214562 0.02567745
v -0.06784394 -0.05172867 0.04622936
v -0.07008696 -0.05130146 0.04199837
v -0.07008696 -0.05130146 0.04199837
v -0.07052182 -0.05119513 0.02569129
v -0.06692844 -0.05188514 0.02559303
v -0.07008696 -0.05130146 0.04199837
v -0.06692844 -0.05188514 0.02559303
v -0.06364026 -0.05214562 0.02567745
v -0.05986460 -0.05214142 0.02555246
v -0.06030970 -0.05211820 0.06148373
v -0.06297786 -0.05215624 0.05605276
v -0.05986460 -0.05214142 0.02555246
v -0.06297786 -0.05215624 0.05605276
v -0.06531135 -0.05203943 0.05122170
v -0.06531135 -0.05203943 0.05122170
v -0.06364026 -0.05214562 0.02567745
v -0.05986460 -0.05214142 0.02555246
v -0.05851594 -0.05226905 0.02568342
v -0.05840520 -0.05227820 0.06545422
v -0.06030970 -0.05211820 0.06148373
v -0.05851594 -0.05226905 0.02568342
v -0.06030970 -0.05211820 0.06148373
v -0.05986460 -0.05214142 0.02555246
v -0.05840520 -0.05227820 0.06545422
v -0.05851594 -0.05226905 0.02568342
v -0.05736202 -0.05258640 0.06705689
v -0.05723763 -0.05264778 0.02564185
v -0.05604362 -0.05322490 0.02564130
v -0.05658445 -0.05292162 0.06811001
v -0.05736202 -0.05258640 0.06705689
v -0.05604362 -0.05322490 0.02564130
v -0.05736202 -0.05258640 0.06705689
v -0.05723763 -0.05264778 0.02564185
v -0.05468612 -0.05420376 0.06949610
v -0.05559221 -0.05349151 0.06904726
v -0.05496323 -0.05399595 0.02560557
v -0.05496323 -0.05399595 0.02560557
v -0.05559221 -0.05349151 0.06904726
v -0.05604362 -0.05322490 0.02564130
v -0.05604362 -0.05322490 0.02564130
v -0.05559221 -0.05349151 0.06904726
v -0.05658445 -0.05292162 0.06811001
v -0.05364289 -0.05535100 0.06926789
v -0.05468612 -0.05420376 0.06949610
v -0.05399449 -0.05494522 0.02568812
v -0.05399449 -0.05494522 0.02568812
v -0.05468612 -0.05420376 0.06949610
v -0.05496323 -0.05399595 0.02560557
v -0.05321830 -0.05606818 0.02560241
v -0.05301269 -0.05639317 0.06835854
v -0.05364289 -0.05535100 0.06926789
v -0.05321830 -0.05606818 0.02560241
v -0.05364289 -0.05535100 0.06926789
v -0.05399449 -0.05494522 0.02568812
v -0.05226933 -0.05854798 0.02564115
v -0.05229086 -0.05837971 0.06538452
v -0.05263896 -0.05725976 0.02564264
v -0.05229086 -0.05837971 0.06538452
v -0.05238590 -0.05780382 0.06670399
v -0.05263896 -0.05725976 0.02564264
v -0.05263896 -0.05725976 0.02564264
v -0.05238590 -0.05780382 0.06670399
v -0.05321830 -0.05606818 0.02560241
v -0.05321830 -0.05606818 0.02560241
v -0.05238590 -0.05780382 0.06670399
v -0.05301269 -0.05639317 0.06835854
v -0.05213878 -0.05984293 0.02556053
v -0.05210986 -0.05996279 0.06231415
v -0.05226933 -0.05854798 0.02564115
v -0.05226933 -0.05854798 0.02564115
v -0.05210986 -0.05996279 0.06231415
v -0.05229086 -0.05837971 0.06538452
v 0.05299068 -0.07877882 0.01759945
v 0.05296090 -0.07886639 0.00000000
v 0.05862170 -0.07467919 0.01755478
v 0.02422961 0.09180420 0.01750263
v 0.02430471 0.09183706 -0.00000000
v 0.01745587 0.09338125 -0.00000000
v 0.00327997 0.09487456 0.01768134
v 0.00351036 0.09493389 -0.00000000
v -0.00367261 0.09487711 0.01748044
v 0.09478258 0.00552935 0.01752096
v 0.09420501 0.01225483 -0.00000000
v 0.09410102 0.01238903 0.01781006
v -0.01375793 -0.09392901 0.01768130
v -0.01399351 -0.09396248 0.00000000
v -0.00670321 -0.09471820 0.01743017
v 0.09225891 -0.02236593 0.01768132
v 0.09227053 -0.02260344 0.00000000
v 0.09363301 -0.01569537 0.01755474
v -0.02068248 -0.09266125 0.01751764
v -0.01399351 -0.09396248 0.00000000
v -0.01375793 -0.09392901 0.01768130
v 0.05204874 0.06502675 0.05187631
v 0.05178577 0.06726045 0.04752029
v 0.05182640 0.06643755 0.04952658
v 0.05178577 0.06726045 0.04752029
v 0.05137028 0.06969010 0.04290168
v 0.05182640 0.06643755 0.04952658
v 0.05182640 0.06643755 0.04952658
v 0.05137028 0.06969010 0.04290168
v 0.05091448 0.07136668 0.04017399
v 0.05204346 0.06297132 0.05657217
v 0.05204874 0.06502675 0.05187631
v 0.05182640 0.06643755 0.04952658
v 0.04882569 0.07723425 0.02977856
v 0.04749512 0.07985389 0.02559401
v 0.04736885 0.07997097 0.02564549
v 0.04882569 0.07723425 0.02977856
v 0.04736885 0.07997097 0.02564549
v 0.04866654 0.07743721 0.02973024
v 0.05204436 0.05955501 0.06370570
v 0.05210719 0.05980062 0.06263150
v 0.05212677 0.06290808 0.05621042
v 0.04991763 0.07462235 0.03428507
v 0.04882569 0.07723425 0.02977856
v 0.04866654 0.07743721 0.02973024
v 0.05204346 0.06297132 0.05657217
v 0.05204436 0.05955501 0.06370570
v 0.05212677 0.06290808 0.05621042
v 0.05204346 0.06297132 0.05657217
v 0.05212677 0.06290808 0.05621042
v 0.05204874 0.06502675 0.05187631
v 0.05091448 0.07136668 0.04017399
v 0.05137028 0.06969010 0.04290168
v 0.05074670 0.07206095 0.03852240
v 0.05091448 0.07136668 0.04017399
v 0.05074670 0.07206095 0.03852240
v 0.04991763 0.07462235 0.03428507
v 0.04991763 0.07462235 0.03428507
v 0.05074670 0.07206095 0.03852240
v 0.04996339 0.07445269 0.03435215
v 0.04991763 0.07462235 0.03428507
v 0.04996339 0.07445269 0.03435215
v 0.04882569 0.07723425 0.02977856
v 0.04797057 0.07984297 0.02510497
v 0.04749512 0.07985389 0.02559401
v 0.04789202 0.07968059 0.02533694
v 0.04736885 0.07997097 0.02564549
v 0.04749512 0.07985389 0.02559401
v 0.04797057 0.07984297 0.02510497
v 0.04797057 0.07984297 0.02510497
v 0.04789202 0.07968059 0.02533694
v 0.04831764 0.07947616 0.02522266
v 0.04831764 0.07947616 0.02522266
v 0.04789202 0.07968059 0.02533694
v 0.04829487 0.07927220 0.02530196
v 0.07676575 0.05271331 0.02511812
v 0.07960294 0.04813030 0.02523510
v 0.07987417 0.04790713 0.02511395
v 0.07464932 0.05529462 0.02529221
v 0.07960294 0.04813030 0.02523510
v 0.07676575 0.05271331 0.02511812
v 0.07929238 0.04824124 0.02530912
v 0.07960294 0.04813030 0.02523510
v 0.07464932 0.05529462 0.02529221
v 0.05558045 0.07445240 0.02529081
v 0.04831764 0.07947616 0.02522266
v 0.04829487 0.07927220 0.02530196
v 0.05264913 0.07681189 0.02511427
v 0.04831764 0.07947616 0.02522266
v 0.05558045 0.07445240 0.02529081
v 0.05264913 0.07681189 0.02511427
v 0.04797057 0.07984297 0.02510497
v 0.04831764 0.07947616 0.02522266
v 0.05558045 0.07445240 0.02529081
v 0.05814724 0.07273677 0.02511684
v 0.05264913 0.07681189 0.02511427
v 0.05558045 0.07445240 0.02529081
v 0.06590599 0.06547554 0.02529271
v 0.06355941 0.06809749 0.02508756
v 0.05558045 0.07445240 0.02529081
v 0.06355941 0.06809749 0.02508756
v 0.05814724 0.07273677 0.02511684
v 0.06590599 0.06547554 0.02529271
v 0.06820374 0.06340460 0.02511589
v 0.06355941 0.06809749 0.02508756
v 0.06590599 0.06547554 0.02529271
v 0.07464932 0.05529462 0.02529221
v 0.07270785 0.05818189 0.02511783
v 0.06590599 0.06547554 0.02529271
v 0.07270785 0.05818189 0.02511783
v 0.06820374 0.06340460 0.02511589
v 0.06820374 0.06340460 0.02511589
v 0.07270785 0.05818189 0.02511783
v 0.07008044 0.06190019 0.02408883
v 0.07464932 0.05529462 0.02529221
v 0.07676575 0.05271331 0.02511812
v 0.07270785 0.05818189 0.02511783
v 0.07980664 0.04770657 0.02539496
v 0.07991362 0.04743859 0.02565368
v 0.07987417 0.04790713 0.02511395
v 0.07987417 0.04790713 0.02511395
v 0.07960294 0.04813030 0.02523510
v 0.07980664 0.04770657 0.02539496
v 0.07929238 0.04824124 0.02530912
v 0.07980664 0.04770657 0.02539496
v 0.07960294 0.04813030 0.02523510
v 0.06432308 0.05211518 0.05320803
v 0.06000192 0.05210674 0.06224531
v 0.05921734 0.05205330 0.06440577
v 0.05921734 0.05205330 0.06440577
v 0.06288516 0.05206675 0.05670244
v 0.06432308 0.05211518 0.05320803
v 0.07596746 0.04938998 0.03174176
v 0.07458320 0.04994200 0.03432237
v 0.07704041 0.04890238 0.03027016
v 0.07991362 0.04743859 0.02565368
v 0.07596746 0.04938998 0.03174176
v 0.07704041 0.04890238 0.03027016
v 0.07148965 0.05087999 0.03994831
v 0.07458320 0.04994200 0.03432237
v 0.07242061 0.05067035 0.03787599
v 0.06900360 0.05152747 0.04409939
v 0.07148965 0.05087999 0.03994831
v 0.07242061 0.05067035 0.03787599
v 0.06732828 0.05179337 0.04737689
v 0.06900360 0.05152747 0.04409939
v 0.06432308 0.05211518 0.05320803
v 0.06432308 0.05211518 0.05320803
v 0.06288516 0.05206675 0.05670244
v 0.06657012 0.05179938 0.04930157
v 0.06432308 0.05211518 0.05320803
v 0.06657012 0.05179938 0.04930157
v 0.06732828 0.05179337 0.04737689
v 0.06732828 0.05179337 0.04737689
v 0.06657012 0.05179938 0.04930157
v 0.06900360 0.05152747 0.04409939
v 0.06900360 0.05152747 0.04409939
v 0.06657012 0.05179938 0.04930157
v 0.07148965 0.05087999 0.03994831
v 0.05243231 0.05775432 0.06667823
v 0.05217092 0.05890737 0.06468045
v 0.05204436 0.05955501 0.06370570
v 0.05210719 0.05980062 0.06263150
v 0.05204436 0.05955501 0.06370570
v 0.05217092 0.05890737 0.06468045
v 0.06000192 0.05210674 0.06224531
v 0.05909699 0.05215789 0.06415087
v 0.05921734 0.05205330 0.06440577
v 0.05803867 0.05235750 0.06624038
v 0.05921734 0.05205330 0.06440577
v 0.05909699 0.05215789 0.06415087
v 0.06488213 -0.05205227 0.05244346
v 0.05954837 -0.05203698 0.06373804
v 0.06283455 -0.05215268 0.05639308
v 0.07732155 -0.04876189 0.02985097
v 0.07892310 -0.04798276 0.02696569
v 0.07991701 -0.04743126 0.02566105
v 0.06976597 -0.05134855 0.04296536
v 0.06488213 -0.05205227 0.05244346
v 0.06737854 -0.05178312 0.04741888
v 0.06283455 -0.05215268 0.05639308
v 0.05954837 -0.05203698 0.06373804
v 0.05999120 -0.05210597 0.06226322
v 0.07991701 -0.04743126 0.02566105
v 0.07980682 -0.04768352 0.02541639
v 0.07984686 -0.04795196 0.02511501
v 0.07938344 -0.04819889 0.02530148
v 0.07947616 -0.04831764 0.02522266
v 0.07980682 -0.04768352 0.02541639
v 0.07984686 -0.04795196 0.02511501
v 0.07980682 -0.04768352 0.02541639
v 0.07947616 -0.04831764 0.02522266
v 0.04803376 -0.07977611 0.02514786
v 0.05257707 -0.07688538 0.02509550
v 0.04818377 -0.07942790 0.02529496
v 0.04818377 -0.07942790 0.02529496
v 0.05257707 -0.07688538 0.02509550
v 0.05529462 -0.07464931 0.02529221
v 0.07659486 -0.05254756 0.02528347
v 0.07947616 -0.04831764 0.02522266
v 0.07938344 -0.04819889 0.02530148
v 0.07676030 -0.05282420 0.02503247
v 0.07984686 -0.04795196 0.02511501
v 0.07947616 -0.04831764 0.02522266
v 0.07676030 -0.05282420 0.02503247
v 0.07947616 -0.04831764 0.02522266
v 0.07659486 -0.05254756 0.02528347
v 0.07659486 -0.05254756 0.02528347
v 0.07244032 -0.05806506 0.02529248
v 0.07262211 -0.05833207 0.02509087
v 0.07659486 -0.05254756 0.02528347
v 0.07262211 -0.05833207 0.02509087
v 0.07676030 -0.05282420 0.02503247
v 0.07244032 -0.05806506 0.02529248
v 0.06547554 -0.06590599 0.02529271
v 0.06820630 -0.06343380 0.02509351
v 0.07244032 -0.05806506 0.02529248
v 0.06820630 -0.06343380 0.02509351
v 0.07262211 -0.05833207 0.02509087
v 0.06547554 -0.06590599 0.02529271
v 0.06321529 -0.06842309 0.02508182
v 0.06820630 -0.06343380 0.02509351
v 0.06547554 -0.06590599 0.02529271
v 0.05529462 -0.07464931 0.02529221
v 0.05809099 -0.07280249 0.02510048
v 0.06547554 -0.06590599 0.02529271
v 0.05809099 -0.07280249 0.02510048
v 0.06321529 -0.06842309 0.02508182
v 0.05529462 -0.07464931 0.02529221
v 0.05257707 -0.07688538 0.02509550
v 0.05809099 -0.07280249 0.02510048
v 0.04744082 -0.07991681 0.02563856
v 0.04803376 -0.07977611 0.02514786
v 0.04770657 -0.07980664 0.02539496
v 0.04818377 -0.07942790 0.02529496
v 0.04770657 -0.07980664 0.02539496
v 0.04803376 -0.07977611 0.02514786
v 0.05214415 -0.06284327 0.05639256
v 0.05211047 -0.05962057 0.06316488
v 0.05205127 -0.05897765 0.06492276
v 0.05209657 -0.06453368 0.05278592
v 0.05211047 -0.05962057 0.06316488
v 0.05214415 -0.06284327 0.05639256
v 0.04938998 -0.07596746 0.03174176
v 0.04992143 -0.07462703 0.03415030
v 0.04890240 -0.07704038 0.03027022
v 0.04744082 -0.07991681 0.02563856
v 0.04938998 -0.07596746 0.03174176
v 0.04890240 -0.07704038 0.03027022
v 0.05038936 -0.07315385 0.03697877
v 0.04992143 -0.07462703 0.03415030
v 0.05068833 -0.07235916 0.03798585
v 0.05038936 -0.07315385 0.03697877
v 0.04890240 -0.07704038 0.03027022
v 0.04992143 -0.07462703 0.03415030
v 0.05152746 -0.06900359 0.04409939
v 0.05038936 -0.07315385 0.03697877
v 0.05068833 -0.07235916 0.03798585
v 0.05214415 -0.06284327 0.05639256
v 0.05205127 -0.05897765 0.06492276
v 0.05198556 -0.06424709 0.05399385
v 0.05179337 -0.06732828 0.04737690
v 0.05152746 -0.06900359 0.04409939
v 0.05209657 -0.06453368 0.05278592
v 0.05209657 -0.06453368 0.05278592
v 0.05214415 -0.06284327 0.05639256
v 0.05198556 -0.06424709 0.05399385
v 0.05209657 -0.06453368 0.05278592
v 0.05198556 -0.06424709 0.05399385
v 0.05179337 -0.06732828 0.04737690
v 0.05179337 -0.06732828 0.04737690
v 0.05198556 -0.06424709 0.05399385
v 0.05147235 -0.06878118 0.04500644
v 0.05179337 -0.06732828 0.04737690
v 0.05147235 -0.06878118 0.04500644
v 0.05152746 -0.06900359 0.04409939
v 0.05152746 -0.06900359 0.04409939
v 0.05147235 -0.06878118 0.04500644
v 0.05038936 -0.07315385 0.03697877
v 0.05292176 -0.05658474 0.06810211
v 0.05205127 -0.05897765 0.06492276
v 0.05248365 -0.05763623 0.06667731
v 0.05205127 -0.05897765 0.06492276
v 0.05211047 -0.05962057 0.06316488
v 0.05248365 -0.05763623 0.06667731
v 0.05248365 -0.05763623 0.06667731
v 0.05211047 -0.05962057 0.06316488
v 0.05220512 -0.05881024 0.06464322
v 0.05999120 -0.05210597 0.06226322
v 0.05954837 -0.05203698 0.06373804
v 0.05837971 -0.05229086 0.06538452
v 0.05837971 -0.05229086 0.06538452
v 0.05954837 -0.05203698 0.06373804
v 0.05780383 -0.05238590 0.06670399
v -0.05952241 0.05203760 0.06379166
v -0.05970172 0.05211303 0.06285181
v -0.06316832 0.05214453 0.05585849
v -0.06502626 0.05204880 0.05187730
v -0.06726045 0.05178578 0.04752029
v -0.06643755 0.05182641 0.04952658
v -0.06726045 0.05178578 0.04752029
v -0.06963405 0.05137273 0.04320908
v -0.06643755 0.05182641 0.04952658
v -0.06316832 0.05214453 0.05585849
v -0.06502626 0.05204880 0.05187730
v -0.06643755 0.05182641 0.04952658
v -0.07723426 0.04882569 0.02977856
v -0.07983400 0.04748965 0.02565776
v -0.07997037 0.04740102 0.02559383
v -0.07723426 0.04882569 0.02977856
v -0.07997037 0.04740102 0.02559383
v -0.07743721 0.04866654 0.02973024
v -0.06502626 0.05204880 0.05187730
v -0.06316832 0.05214453 0.05585849
v -0.05970172 0.05211303 0.06285181
v -0.07456158 0.04994825 0.03427252
v -0.07723426 0.04882569 0.02977856
v -0.07743721 0.04866654 0.02973024
v -0.07456158 0.04994825 0.03427252
v -0.07743721 0.04866654 0.02973024
v -0.07298758 0.05045053 0.03724674
v -0.07298758 0.05045053 0.03724674
v -0.06963405 0.05137273 0.04320908
v -0.07336953 0.05037333 0.03620653
v -0.07298758 0.05045053 0.03724674
v -0.07336953 0.05037333 0.03620653
v -0.07456158 0.04994825 0.03427252
v -0.07984755 0.04794913 0.02511653
v -0.07997037 0.04740102 0.02559383
v -0.07968059 0.04789202 0.02533694
v -0.07984755 0.04794913 0.02511653
v -0.07968059 0.04789202 0.02533694
v -0.07947742 0.04831627 0.02522257
v -0.07947742 0.04831627 0.02522257
v -0.07968059 0.04789202 0.02533694
v -0.07927219 0.04829487 0.02530196
v -0.04790698 0.07987333 0.02511509
v -0.05267166 0.07679299 0.02511927
v -0.04812835 0.07960290 0.02523640
v -0.04812835 0.07960290 0.02523640
v -0.05267166 0.07679299 0.02511927
v -0.05529462 0.07464931 0.02529221
v -0.05529462 0.07464931 0.02529221
v -0.04824220 0.07929350 0.02530832
v -0.04812835 0.07960290 0.02523640
v -0.07667481 0.05244381 0.02528219
v -0.07947742 0.04831627 0.02522257
v -0.07927219 0.04829487 0.02530196
v -0.07682001 0.05267406 0.02507530
v -0.07984755 0.04794913 0.02511653
v -0.07667481 0.05244381 0.02528219
v -0.07984755 0.04794913 0.02511653
v -0.07947742 0.04831627 0.02522257
v -0.07667481 0.05244381 0.02528219
v -0.07667481 0.05244381 0.02528219
v -0.07244032 0.05806506 0.02529248
v -0.07272761 0.05815584 0.02511880
v -0.07667481 0.05244381 0.02528219
v -0.07272761 0.05815584 0.02511880
v -0.07682001 0.05267406 0.02507530
v -0.07682001 0.05267406 0.02507530
v -0.07272761 0.05815584 0.02511880
v -0.07467161 0.05628338 0.02407615
v -0.07244032 0.05806506 0.02529248
v -0.06547554 0.06590599 0.02529271
v -0.06824752 0.06335576 0.02511736
v -0.07244032 0.05806506 0.02529248
v -0.06824752 0.06335576 0.02511736
v -0.07272761 0.05815584 0.02511880
v -0.07272761 0.05815584 0.02511880
v -0.06824752 0.06335576 0.02511736
v -0.07017570 0.06179478 0.02408369
v -0.06547554 0.06590599 0.02529271
v -0.06333604 0.06827335 0.02511191
v -0.06824752 0.06335576 0.02511736
v -0.06547554 0.06590599 0.02529271
v -0.05529462 0.07464931 0.02529221
v -0.05864227 0.07238749 0.02507913
v -0.06547554 0.06590599 0.02529271
v -0.05864227 0.07238749 0.02507913
v -0.06333604 0.06827335 0.02511191
v -0.05529462 0.07464931 0.02529221
v -0.05267166 0.07679299 0.02511927
v -0.05864227 0.07238749 0.02507913
v -0.04770657 0.07980664 0.02539496
v -0.04743309 0.07992318 0.02565073
v -0.04790698 0.07987333 0.02511509
v -0.04790698 0.07987333 0.02511509
v -0.04812835 0.07960290 0.02523640
v -0.04770657 0.07980664 0.02539496
v -0.04824220 0.07929350 0.02530832
v -0.04770657 0.07980664 0.02539496
v -0.04812835 0.07960290 0.02523640
v -0.05214352 0.06289520 0.05632718
v -0.05211259 0.05958561 0.06319062
v -0.05205330 0.05921738 0.06440570
v -0.05208630 0.06455782 0.05267388
v -0.05211259 0.05958561 0.06319062
v -0.05214352 0.06289520 0.05632718
v -0.05214352 0.06289520 0.05632718
v -0.05198242 0.06481936 0.05274949
v -0.05208630 0.06455782 0.05267388
v -0.05208630 0.06455782 0.05267388
v -0.05198242 0.06481936 0.05274949
v -0.05167247 0.06818637 0.04568220
v -0.04938998 0.07596746 0.03174175
v -0.04992143 0.07462704 0.03415029
v -0.04890238 0.07704041 0.03027016
v -0.04743309 0.07992318 0.02565073
v -0.04938998 0.07596746 0.03174175
v -0.04890238 0.07704041 0.03027016
v -0.05038975 0.07315135 0.03698510
v -0.04992143 0.07462704 0.03415029
v -0.05068833 0.07235917 0.03798584
v -0.05038975 0.07315135 0.03698510
v -0.04890238 0.07704041 0.03027016
v -0.04992143 0.07462704 0.03415029
v -0.05137593 0.06965317 0.04298104
v -0.05038975 0.07315135 0.03698510
v -0.05068833 0.07235917 0.03798584
v -0.05214352 0.06289520 0.05632718
v -0.05205330 0.05921738 0.06440570
v -0.05198242 0.06481936 0.05274949
v -0.05167247 0.06818637 0.04568220
v -0.05198242 0.06481936 0.05274949
v -0.05145208 0.06885497 0.04488587
v -0.05167247 0.06818637 0.04568220
v -0.05145208 0.06885497 0.04488587
v -0.05137593 0.06965317 0.04298104
v -0.05137593 0.06965317 0.04298104
v -0.05145208 0.06885497 0.04488587
v -0.05038975 0.07315135 0.03698510
v -0.05308297 0.05625915 0.06843622
v -0.05374774 0.05523044 0.06929856
v -0.05250369 0.05755126 0.06695624
v -0.05250369 0.05755126 0.06695624
v -0.05205330 0.05921738 0.06440570
v -0.05230749 0.05828901 0.06559453
v -0.05230749 0.05828901 0.06559453
v -0.05205330 0.05921738 0.06440570
v -0.05211259 0.05958561 0.06319062
v -0.05970172 0.05211303 0.06285181
v -0.05952241 0.05203760 0.06379166
v -0.05832731 0.05227732 0.06579339
v -0.05598039 0.05322861 0.06877864
v -0.05729648 0.05261195 0.06718707
v -0.05832731 0.05227732 0.06579339
v -0.05205345 -0.06499415 0.05190030
v -0.05178577 -0.06726045 0.04752029
v -0.05182640 -0.06643754 0.04952659
v -0.05178577 -0.06726045 0.04752029
v -0.05137028 -0.06969010 0.04290169
v -0.05182640 -0.06643754 0.04952659
v -0.05182640 -0.06643754 0.04952659
v -0.05137028 -0.06969010 0.04290169
v -0.05091448 -0.07136668 0.04017399
v -0.05214435 -0.06317415 0.05584638
v -0.05205345 -0.06499415 0.05190030
v -0.05182640 -0.06643754 0.04952659
v -0.04882569 -0.07723425 0.02977857
v -0.04742789 -0.07991968 0.02566115
v -0.04866641 -0.07743756 0.02972958
v -0.05203699 -0.05954837 0.06373802
v -0.05210986 -0.05996279 0.06231415
v -0.05214435 -0.06317415 0.05584638
v -0.05205345 -0.06499415 0.05190030
v -0.05214435 -0.06317415 0.05584638
v -0.05210986 -0.05996279 0.06231415
v -0.04991763 -0.07462234 0.03428508
v -0.04882569 -0.07723425 0.02977857
v -0.04866641 -0.07743756 0.02972958
v -0.05091448 -0.07136668 0.04017399
v -0.05137028 -0.06969010 0.04290169
v -0.05074670 -0.07206095 0.03852240
v -0.05091448 -0.07136668 0.04017399
v -0.05074670 -0.07206095 0.03852240
v -0.04991763 -0.07462234 0.03428508
v -0.04991763 -0.07462234 0.03428508
v -0.05074670 -0.07206095 0.03852240
v -0.04996339 -0.07445269 0.03435216
v -0.04991763 -0.07462234 0.03428508
v -0.04996339 -0.07445269 0.03435216
v -0.04882569 -0.07723425 0.02977857
v -0.04795070 -0.07984701 0.02511593
v -0.04754356 -0.07986252 0.02552640
v -0.04793377 -0.07965313 0.02532263
v -0.04742789 -0.07991968 0.02566115
v -0.04754356 -0.07986252 0.02552640
v -0.04795070 -0.07984701 0.02511593
v -0.04795070 -0.07984701 0.02511593
v -0.04793377 -0.07965313 0.02532263
v -0.04842270 -0.07930884 0.02527504
v -0.07956637 -0.04837744 0.02512119
v -0.07666148 -0.05291875 0.02508649
v -0.07937028 -0.04825770 0.02529405
v -0.07937028 -0.04825770 0.02529405
v -0.07666148 -0.05291875 0.02508649
v -0.07464931 -0.05529462 0.02529221
v -0.05241309 -0.07704838 0.02502059
v -0.04795070 -0.07984701 0.02511593
v -0.05244381 -0.07667481 0.02528220
v -0.04795070 -0.07984701 0.02511593
v -0.04842270 -0.07930884 0.02527504
v -0.05244381 -0.07667481 0.02528220
v -0.05244381 -0.07667481 0.02528220
v -0.05806506 -0.07244032 0.02529249
v -0.05805017 -0.07284557 0.02509253
v -0.05244381 -0.07667481 0.02528220
v -0.05805017 -0.07284557 0.02509253
v -0.05241309 -0.07704838 0.02502059
v -0.05806506 -0.07244032 0.02529249
v -0.06590599 -0.06547554 0.02529271
v -0.06316934 -0.06847139 0.02507736
v -0.05806506 -0.07244032 0.02529249
v -0.06316934 -0.06847139 0.02507736
v -0.05805017 -0.07284557 0.02509253
v -0.06590599 -0.06547554 0.02529271
v -0.06808998 -0.06358493 0.02507576
v -0.06316934 -0.06847139 0.02507736
v -0.06590599 -0.06547554 0.02529271
v -0.07464931 -0.05529462 0.02529221
v -0.07265587 -0.05829503 0.02508771
v -0.06590599 -0.06547554 0.02529271
v -0.07265587 -0.05829503 0.02508771
v -0.06808998 -0.06358493 0.02507576
v -0.07464931 -0.05529462 0.02529221
v -0.07666148 -0.05291875 0.02508649
v -0.07265587 -0.05829503 0.02508771
v -0.08000777 -0.04735561 0.02556791
v -0.07972803 -0.04787152 0.02532718
v -0.07986819 -0.04748694 0.02559672
v -0.07956637 -0.04837744 0.02512119
v -0.07937028 -0.04825770 0.02529405
v -0.07972803 -0.04787152 0.02532718
v -0.07956637 -0.04837744 0.02512119
v -0.07972803 -0.04787152 0.02532718
v -0.08000777 -0.04735561 0.02556791
v -0.06297786 -0.05215624 0.05605276
v -0.06030970 -0.05211820 0.06148373
v -0.05961088 -0.05209929 0.06327217
v -0.06531135 -0.05203943 0.05122170
v -0.06848679 -0.05155853 0.04550205
v -0.06784394 -0.05172867 0.04622936
v -0.06784394 -0.05172867 0.04622936
v -0.06848679 -0.05155853 0.04550205
v -0.07008696 -0.05130146 0.04199837
v -0.07986819 -0.04748694 0.02559672
v -0.07697600 -0.04893964 0.03035792
v -0.08000777 -0.04735561 0.02556791
v -0.07370803 -0.05018637 0.03604086
v -0.07697600 -0.04893964 0.03035792
v -0.07525438 -0.04969972 0.03300384
v -0.07370803 -0.05018637 0.03604086
v -0.07525438 -0.04969972 0.03300384
v -0.07258168 -0.05064778 0.03758332
v -0.06848679 -0.05155853 0.04550205
v -0.07258168 -0.05064778 0.03758332
v -0.07008696 -0.05130146 0.04199837
v -0.06297786 -0.05215624 0.05605276
v -0.05961088 -0.05209929 0.06327217
v -0.06424710 -0.05198555 0.05399385
v -0.06531135 -0.05203943 0.05122170
v -0.06297786 -0.05215624 0.05605276
v -0.06424710 -0.05198555 0.05399385
v -0.06531135 -0.05203943 0.05122170
v -0.06424710 -0.05198555 0.05399385
v -0.06848679 -0.05155853 0.04550205
v -0.07258168 -0.05064778 0.03758332
v -0.06848679 -0.05155853 0.04550205
v -0.07370803 -0.05018637 0.03604086
v -0.06030970 -0.05211820 0.06148373
v -0.05840520 -0.05227820 0.06545422
v -0.05961088 -0.05209929 0.06327217
v -0.05866874 -0.05214512 0.06538110
v -0.06424710 -0.05198555 0.05399385
v -0.05961088 -0.05209929 0.06327217
v -0.05658445 -0.05292162 0.06811001
v -0.05866874 -0.05214512 0.06538110
v -0.05736202 -0.05258640 0.06705689
v -0.05736202 -0.05258640 0.06705689
v -0.05866874 -0.05214512 0.06538110
v -0.05840520 -0.05227820 0.06545422
v -0.05866874 -0.05214512 0.06538110
v -0.05210986 -0.05996279 0.06231415
v -0.05203699 -0.05954837 0.06373802
v -0.05229086 -0.05837971 0.06538452
v -0.05229086 -0.05837971 0.06538452
v -0.05203699 -0.05954837 0.06373802
v -0.05238590 -0.05780382 0.06670399
v 0.04034386 -0.08503347 0.02222753
v 0.04664218 -0.08194824 0.02149727
v 0.04643170 -0.08118115 0.02402080
v 0.04643170 -0.08118115 0.02402080
v 0.04664218 -0.08194824 0.02149727
v 0.05256689 -0.07827982 0.02149727
v 0.04643170 -0.08118115 0.02402080
v 0.05256689 -0.07827982 0.02149727
v 0.05257707 -0.07688538 0.02509550
v 0.05257707 -0.07688538 0.02509550
v 0.05256689 -0.07827982 0.02149727
v 0.05820450 -0.07418384 0.02149727
v 0.05257707 -0.07688538 0.02509550
v 0.05820450 -0.07418384 0.02149727
v 0.05809099 -0.07280249 0.02510048
v 0.05809099 -0.07280249 0.02510048
v 0.05820450 -0.07418384 0.02149727
v 0.06321529 -0.06842309 0.02508182
v 0.06321529 -0.06842309 0.02508182
v 0.05820450 -0.07418384 0.02149727
v 0.06352422 -0.06968270 0.02149727
v 0.06321529 -0.06842309 0.02508182
v 0.06352422 -0.06968270 0.02149727
v 0.06849700 -0.06480099 0.02149727
v 0.06321529 -0.06842309 0.02508182
v 0.06849700 -0.06480099 0.02149727
v 0.06820630 -0.06343380 0.02509351
v 0.08107238 -0.04814848 0.02149727
v 0.07676030 -0.05282420 0.02503247
v 0.07729510 -0.05400439 0.02149727
v 0.07729510 -0.05400439 0.02149727
v 0.07676030 -0.05282420 0.02503247
v 0.07309566 -0.05956535 0.02149727
v 0.07309566 -0.05956535 0.02149727
v 0.07676030 -0.05282420 0.02503247
v 0.07262211 -0.05833207 0.02509087
v 0.07309566 -0.05956535 0.02149727
v 0.07262211 -0.05833207 0.02509087
v 0.06849700 -0.06480099 0.02149727
v 0.06849700 -0.06480099 0.02149727
v 0.07262211 -0.05833207 0.02509087
v 0.06820630 -0.06343380 0.02509351
v 0.08425437 -0.04200519 0.02215283
v 0.08044570 -0.04762908 0.02414096
v 0.08107238 -0.04814848 0.02149727
v 0.08044570 -0.04762908 0.02414096
v 0.07465882 0.05629089 0.02408943
v 0.07917906 0.05093846 0.02207605
v 0.07524673 0.05682373 0.02149727
v 0.07465882 0.05629089 0.02408943
v 0.07524673 0.05682373 0.02149727
v 0.07084467 0.06222572 0.02149727
v 0.07008044 0.06190019 0.02408883
v 0.07008044 0.06190019 0.02408883
v 0.07084467 0.06222572 0.02149727
v 0.06605568 0.06728784 0.02149727
v 0.07008044 0.06190019 0.02408883
v 0.06605568 0.06728784 0.02149727
v 0.06355941 0.06809749 0.02508756
v 0.06355941 0.06809749 0.02508756
v 0.06605568 0.06728784 0.02149727
v 0.06043063 0.07132418 0.02412958
v 0.06090592 0.07198248 0.02149727
v 0.06043063 0.07132418 0.02412958
v 0.06090592 0.07198248 0.02149727
v 0.05542351 0.07628396 0.02149727
v 0.05495415 0.07563796 0.02413888
v 0.05495415 0.07563796 0.02413888
v 0.05542351 0.07628396 0.02149727
v 0.04963839 0.08016881 0.02149727
v 0.05495415 0.07563796 0.02413888
v 0.04963839 0.08016881 0.02149727
v 0.04797057 0.07984297 0.02510497
v 0.04963839 0.08016881 0.02149727
v 0.04347911 0.08350579 0.02214581
v 0.04736885 0.07997097 0.02564549
v 0.04963839 0.08016881 0.02149727
v 0.04736885 0.07997097 0.02564549
v 0.04797057 0.07984297 0.02510497
v -0.06333604 0.06827335 0.02511191
v -0.05864227 0.07238749 0.02507913
v -0.06090596 0.07198244 0.02149727
v -0.06090596 0.07198244 0.02149727
v -0.05864227 0.07238749 0.02507913
v -0.05495420 0.07563792 0.02413888
v -0.05542356 0.07628392 0.02149727
v -0.05542356 0.07628392 0.02149727
v -0.05495420 0.07563792 0.02413888
v -0.04941619 0.08014156 0.02209515
v -0.04941619 0.08014156 0.02209515
v -0.04743309 0.07992318 0.02565073
v -0.04364510 0.08342425 0.02212948
v -0.06333604 0.06827335 0.02511191
v -0.06090596 0.07198244 0.02149727
v -0.06586769 0.06717409 0.02234329
v -0.07017570 0.06179478 0.02408369
v -0.06586769 0.06717409 0.02234329
v -0.07084471 0.06222567 0.02149727
v -0.07017570 0.06179478 0.02408369
v -0.07084471 0.06222567 0.02149727
v -0.07524677 0.05682368 0.02149727
v -0.07467161 0.05628338 0.02407615
v -0.08265534 0.04512327 0.02203878
v -0.07997037 0.04740102 0.02559383
v -0.07907619 0.05108861 0.02210122
v -0.07524677 0.05682368 0.02149727
v -0.07907619 0.05108861 0.02210122
v -0.07467161 0.05628338 0.02407615
v -0.09060401 0.02560389 0.02212655
v -0.08783225 0.03168251 0.02451222
v -0.08853923 0.03243165 0.02149727
v -0.08853923 0.03243165 0.02149727
v -0.08783225 0.03168251 0.02451222
v -0.08562075 0.03903374 0.02231537
v -0.07729507 -0.05400444 0.02149727
v -0.07666148 -0.05291875 0.02508649
v -0.08043692 -0.04767257 0.02409282
v -0.07729507 -0.05400444 0.02149727
v -0.08043692 -0.04767257 0.02409282
v -0.08107235 -0.04814853 0.02149727
v -0.08107235 -0.04814853 0.02149727
v -0.08043692 -0.04767257 0.02409282
v -0.08432699 -0.04185617 0.02215659
v -0.07666148 -0.05291875 0.02508649
v -0.07729507 -0.05400444 0.02149727
v -0.07265587 -0.05829503 0.02508771
v -0.07265587 -0.05829503 0.02508771
v -0.07729507 -0.05400444 0.02149727
v -0.07309562 -0.05956540 0.02149727
v -0.07265587 -0.05829503 0.02508771
v -0.07309562 -0.05956540 0.02149727
v -0.06808998 -0.06358493 0.02507576
v -0.06808998 -0.06358493 0.02507576
v -0.07309562 -0.05956540 0.02149727
v -0.06849695 -0.06480104 0.02149727
v -0.06808998 -0.06358493 0.02507576
v -0.06849695 -0.06480104 0.02149727
v -0.06352417 -0.06968275 0.02149727
v -0.06808998 -0.06358493 0.02507576
v -0.06352417 -0.06968275 0.02149727
v -0.06316934 -0.06847139 0.02507736
v -0.06316934 -0.06847139 0.02507736
v -0.06352417 -0.06968275 0.02149727
v -0.05820445 -0.07418388 0.02149727
v -0.06316934 -0.06847139 0.02507736
v -0.05820445 -0.07418388 0.02149727
v -0.05805017 -0.07284557 0.02509253
v -0.05805017 -0.07284557 0.02509253
v -0.05820445 -0.07418388 0.02149727
v -0.05241309 -0.07704838 0.02502059
v -0.05241309 -0.07704838 0.02502059
v -0.05820445 -0.07418388 0.02149727
v -0.05256684 -0.07827985 0.02149727
v -0.05241309 -0.07704838 0.02502059
v -0.05256684 -0.07827985 0.02149727
v -0.04627775 -0.08190395 0.02240530
v -0.00670321 -0.09471820 0.01743017
v -0.00471761 -0.09493263 0.00000000
v -0.00194547 -0.09498749 0.01563545
v -0.00670321 -0.09471820 0.01743017
v -0.00194547 -0.09498749 0.01563545
v 0.00000003 -0.09484645 0.01835089
v 0.01414841 -0.09388810 0.01748047
v 0.00700468 -0.09458744 0.01835089
v 0.00585873 -0.09484103 0.01563182
v 0.00000003 -0.09484645 0.01835089
v -0.00194547 -0.09498749 0.01563545
v 0.00585873 -0.09484103 0.01563182
v 0.00000003 -0.09484645 0.01835089
v 0.00585873 -0.09484103 0.01563182
v 0.00700468 -0.09458744 0.01835089
v -0.05844420 -0.07482075 0.01751768
v -0.05296072 -0.07886652 0.00000000
v -0.05273373 -0.07893728 0.01768128
v 0.00010243 -0.09414872 0.02213979
v 0.00000003 -0.09484645 0.01835089
v 0.00706303 -0.09382762 0.02233783
v 0.00706303 -0.09382762 0.02233783
v 0.00000003 -0.09484645 0.01835089
v 0.00700468 -0.09458744 0.01835089
v 0.00706303 -0.09382762 0.02233783
v 0.00700468 -0.09458744 0.01835089
v 0.01401665 -0.09310199 0.02213076
v 0.01401665 -0.09310199 0.02213076
v 0.00700468 -0.09458744 0.01835089
v 0.01414841 -0.09388810 0.01748047
v 0.01401665 -0.09310199 0.02213076
v 0.01414841 -0.09388810 0.01748047
v 0.02059642 -0.09182878 0.02225889
v 0.02104373 -0.09258680 0.01748044
v 0.02059642 -0.09182878 0.02225889
v 0.02104373 -0.09258680 0.01748044
v 0.02727434 -0.09006760 0.02228071
v 0.02786053 -0.09076157 0.01751770
v 0.02727434 -0.09006760 0.02228071
v 0.02786053 -0.09076157 0.01751770
v 0.03394264 -0.08781277 0.02215327
v 0.03450568 -0.08843811 0.01768132
v 0.03394264 -0.08781277 0.02215327
v 0.03450568 -0.08843811 0.01768132
v 0.04034386 -0.08503347 0.02222753
v 0.04034386 -0.08503347 0.02222753
v 0.03450568 -0.08843811 0.01768132
v 0.04089257 -0.08569103 0.01748044
v 0.04034386 -0.08503347 0.02222753
v 0.04089257 -0.08569103 0.01748044
v 0.04664218 -0.08194824 0.02149727
v 0.04664218 -0.08194824 0.02149727
v 0.04089257 -0.08569103 0.01748044
v 0.04709566 -0.08243100 0.01756709
v 0.04664218 -0.08194824 0.02149727
v 0.04709566 -0.08243100 0.01756709
v 0.05256689 -0.07827982 0.02149727
v 0.05299068 -0.07877882 0.01759945
v 0.05256689 -0.07827982 0.02149727
v 0.05299068 -0.07877882 0.01759945
v 0.05820450 -0.07418384 0.02149727
v 0.05820450 -0.07418384 0.02149727
v 0.05299068 -0.07877882 0.01759945
v 0.05862170 -0.07467919 0.01755478
v 0.05820450 -0.07418384 0.02149727
v 0.05862170 -0.07467919 0.01755478
v 0.06352422 -0.06968270 0.02149727
v 0.06405558 -0.07009217 0.01744048
v 0.06352422 -0.06968270 0.02149727
v 0.06405558 -0.07009217 0.01744048
v 0.06849700 -0.06480099 0.02149727
v 0.06911775 -0.06507439 0.01768134
v 0.06849700 -0.06480099 0.02149727
v 0.06911775 -0.06507439 0.01768134
v 0.07309566 -0.05956535 0.02149727
v 0.07309566 -0.05956535 0.02149727
v 0.06911775 -0.06507439 0.01768134
v 0.07370783 -0.05985239 0.01748046
v 0.07309566 -0.05956535 0.02149727
v 0.07370783 -0.05985239 0.01748046
v 0.07729510 -0.05400439 0.02149727
v 0.07792682 -0.05424542 0.01748047
v 0.07729510 -0.05400439 0.02149727
v 0.07792682 -0.05424542 0.01748047
v 0.08107238 -0.04814848 0.02149727
v 0.08173488 -0.04830407 0.01751768
v 0.08107238 -0.04814848 0.02149727
v 0.08173488 -0.04830407 0.01751768
v 0.08425437 -0.04200519 0.02215283
v 0.08425437 -0.04200519 0.02215283
v 0.08173488 -0.04830407 0.01751768
v 0.08499454 -0.04225080 0.01780097
v 0.08425437 -0.04200519 0.02215283
v 0.08499454 -0.04225080 0.01780097
v 0.08696966 -0.03587845 0.02238113
v 0.08696966 -0.03587845 0.02238113
v 0.08499454 -0.04225080 0.01780097
v 0.08793601 -0.03582300 0.01744045
v 0.08696966 -0.03587845 0.02238113
v 0.08793601 -0.03582300 0.01744045
v 0.08955526 -0.02899057 0.02222015
v 0.08955526 -0.02899057 0.02222015
v 0.08793601 -0.03582300 0.01744045
v 0.09035517 -0.02911842 0.01768136
v 0.08955526 -0.02899057 0.02222015
v 0.09035517 -0.02911842 0.01768136
v 0.09139019 -0.02240374 0.02232429
v 0.09139019 -0.02240374 0.02232429
v 0.09035517 -0.02911842 0.01768136
v 0.09225891 -0.02236593 0.01768132
v 0.09139019 -0.02240374 0.02232429
v 0.09225891 -0.02236593 0.01768132
v 0.09286724 -0.01548284 0.02213874
v 0.09286724 -0.01548284 0.02213874
v 0.09225891 -0.02236593 0.01768132
v 0.09363301 -0.01569537 0.01755474
v 0.09286724 -0.01548284 0.02213874
v 0.09363301 -0.01569537 0.01755474
v 0.09369359 -0.00882645 0.02226555
v 0.09369359 -0.00882645 0.02226555
v 0.09363301 -0.01569537 0.01755474
v 0.09453826 -0.00877807 0.01750735
v 0.09369359 -0.00882645 0.02226555
v 0.09453826 -0.00877807 0.01750735
v 0.09408310 -0.00195554 0.02229513
v 0.09408310 -0.00195554 0.02229513
v 0.09453826 -0.00877807 0.01750735
v 0.09493456 -0.00170118 0.01746009
v 0.09408310 -0.00195554 0.02229513
v 0.09493456 -0.00170118 0.01746009
v 0.09400677 0.00506697 0.02215663
v 0.09400677 0.00506697 0.02215663
v 0.09493456 -0.00170118 0.01746009
v 0.09478258 0.00552935 0.01752096
v 0.09400677 0.00506697 0.02215663
v 0.09478258 0.00552935 0.01752096
v 0.09334861 0.01203333 0.02221313
v 0.09410102 0.01238903 0.01781006
v 0.09334861 0.01203333 0.02221313
v 0.09410102 0.01238903 0.01781006
v 0.09218900 0.01883064 0.02233980
v 0.09218900 0.01883064 0.02233980
v 0.09410102 0.01238903 0.01781006
v 0.09298397 0.01922098 0.01746003
v 0.09218900 0.01883064 0.02233980
v 0.09298397 0.01922098 0.01746003
v 0.09055671 0.02574387 0.02215272
v 0.09124463 0.02619841 0.01768137
v 0.09055671 0.02574387 0.02215272
v 0.09124463 0.02619841 0.01768137
v 0.08842942 0.03210842 0.02238833
v 0.08842942 0.03210842 0.02238833
v 0.09124463 0.02619841 0.01768137
v 0.08909861 0.03281146 0.01748042
v 0.08842942 0.03210842 0.02238833
v 0.08909861 0.03281146 0.01748042
v 0.08569487 0.03888776 0.02228965
v 0.08569487 0.03888776 0.02228965
v 0.08909861 0.03281146 0.01748042
v 0.08643205 0.03930209 0.01748044
v 0.08569487 0.03888776 0.02228965
v 0.08643205 0.03930209 0.01748044
v 0.08264099 0.04514688 0.02197223
v 0.08328720 0.04556443 0.01756708
v 0.08264099 0.04514688 0.02197223
v 0.08328720 0.04556443 0.01756708
v 0.07917906 0.05093846 0.02207605
v 0.07974460 0.05152586 0.01759948
v 0.07917906 0.05093846 0.02207605
v 0.07974460 0.05152586 0.01759948
v 0.07524673 0.05682373 0.02149727
v 0.07524673 0.05682373 0.02149727
v 0.07974460 0.05152586 0.01759948
v 0.07567119 0.05735002 0.01748047
v 0.07524673 0.05682373 0.02149727
v 0.07567119 0.05735002 0.01748047
v 0.07084467 0.06222572 0.02149727
v 0.07084467 0.06222572 0.02149727
v 0.07567119 0.05735002 0.01748047
v 0.07119737 0.06280770 0.01751763
v 0.07084467 0.06222572 0.02149727
v 0.07119737 0.06280770 0.01751763
v 0.06605568 0.06728784 0.02149727
v 0.06634051 0.06790346 0.01768127
v 0.06605568 0.06728784 0.02149727
v 0.06634051 0.06790346 0.01768127
v 0.06090592 0.07198248 0.02149727
v 0.06090592 0.07198248 0.02149727
v 0.06634051 0.06790346 0.01768127
v 0.06120420 0.07258925 0.01748052
v 0.06090592 0.07198248 0.02149727
v 0.06120420 0.07258925 0.01748052
v 0.05542351 0.07628396 0.02149727
v 0.05561452 0.07693481 0.01768135
v 0.05542351 0.07628396 0.02149727
v 0.05561452 0.07693481 0.01768135
v 0.04963839 0.08016881 0.02149727
v 0.04963839 0.08016881 0.02149727
v 0.05561452 0.07693481 0.01768135
v 0.04980617 0.08082833 0.01751761
v 0.04963839 0.08016881 0.02149727
v 0.04980617 0.08082833 0.01751761
v 0.04347911 0.08350579 0.02214581
v 0.04347911 0.08350579 0.02214581
v 0.04980617 0.08082833 0.01751761
v 0.04367524 0.08428768 0.01768135
v 0.04347911 0.08350579 0.02214581
v 0.04367524 0.08428768 0.01768135
v 0.03725345 0.08640403 0.02233610
v 0.03739652 0.08727344 0.01748050
v 0.03725345 0.08640403 0.02233610
v 0.03739652 0.08727344 0.01748050
v 0.03067854 0.08895361 0.02232847
v 0.03067854 0.08895361 0.02232847
v 0.03739652 0.08727344 0.01748050
v 0.03085330 0.08978276 0.01756712
v 0.03067854 0.08895361 0.02232847
v 0.03085330 0.08978276 0.01756712
v 0.02395881 0.09105115 0.02213292
v 0.02422961 0.09180420 0.01750263
v 0.02395881 0.09105115 0.02213292
v 0.02422961 0.09180420 0.01750263
v 0.01740439 0.09249062 0.02224356
v 0.01740439 0.09249062 0.02224356
v 0.02422961 0.09180420 0.01750263
v 0.01742994 0.09331348 0.01769917
v 0.01740439 0.09249062 0.02224356
v 0.01742994 0.09331348 0.01769917
v 0.01063597 0.09349162 0.02233138
v 0.01063597 0.09349162 0.02233138
v 0.01742994 0.09331348 0.01769917
v 0.01045346 0.09437261 0.01746005
v 0.01063597 0.09349162 0.02233138
v 0.01045346 0.09437261 0.01746005
v 0.00364427 0.09403419 0.02228925
v 0.00364427 0.09403419 0.02228925
v 0.01045346 0.09437261 0.01746005
v 0.00327997 0.09487456 0.01768134
v 0.00364427 0.09403419 0.02228925
v 0.00327997 0.09487456 0.01768134
v -0.00341721 0.09408262 0.02215281
v -0.00341721 0.09408262 0.02215281
v 0.00327997 0.09487456 0.01768134
v -0.00367261 0.09487711 0.01748044
v -0.00341721 0.09408262 0.02215281
v -0.00367261 0.09487711 0.01748044
v -0.01045197 0.09351890 0.02230536
v -0.01045197 0.09351890 0.02230536
v -0.00367261 0.09487711 0.01748044
v -0.01066953 0.09434678 0.01748043
v -0.01045197 0.09351890 0.02230536
v -0.01066953 0.09434678 0.01748043
v -0.01721362 0.09251110 0.02231274
v -0.01721362 0.09251110 0.02231274
v -0.01066953 0.09434678 0.01748043
v -0.01764641 0.09328706 0.01751768
v -0.01721362 0.09251110 0.02231274
v -0.01764641 0.09328706 0.01751768
v -0.02414664 0.09099830 0.02214413
v -0.02434560 0.09174146 0.01780094
v -0.02414664 0.09099830 0.02214413
v -0.02434560 0.09174146 0.01780094
v -0.03055152 0.08900881 0.02227353
v -0.03098640 0.08974621 0.01750735
v -0.03055152 0.08900881 0.02227353
v -0.03098640 0.08974621 0.01750735
v -0.03716011 0.08642836 0.02239978
v -0.03754629 0.08720605 0.01750364
v -0.03716011 0.08642836 0.02239978
v -0.03754629 0.08720605 0.01750364
v -0.04364510 0.08342425 0.02212948
v -0.04394811 0.08415865 0.01759947
v -0.04364510 0.08342425 0.02212948
v -0.04394811 0.08415865 0.01759947
v -0.04941619 0.08014156 0.02209515
v -0.05012336 0.08063996 0.01748041
v -0.04941619 0.08014156 0.02209515
v -0.05012336 0.08063996 0.01748041
v -0.05542356 0.07628392 0.02149727
v -0.05542356 0.07628392 0.02149727
v -0.05012336 0.08063996 0.01748041
v -0.05598350 0.07666673 0.01768136
v -0.05542356 0.07628392 0.02149727
v -0.05598350 0.07666673 0.01768136
v -0.06090596 0.07198244 0.02149727
v -0.06090596 0.07198244 0.02149727
v -0.05598350 0.07666673 0.01768136
v -0.06144043 0.07237365 0.01756720
v -0.06090596 0.07198244 0.02149727
v -0.06144043 0.07237365 0.01756720
v -0.06586769 0.06717409 0.02234329
v -0.06586769 0.06717409 0.02234329
v -0.06144043 0.07237365 0.01756720
v -0.06656400 0.06770045 0.01759939
v -0.06586769 0.06717409 0.02234329
v -0.06656400 0.06770045 0.01759939
v -0.07084471 0.06222567 0.02149727
v -0.07084471 0.06222567 0.02149727
v -0.06656400 0.06770045 0.01759939
v -0.07144590 0.06253508 0.01748042
v -0.07084471 0.06222567 0.02149727
v -0.07144590 0.06253508 0.01748042
v -0.07524677 0.05682368 0.02149727
v -0.07524677 0.05682368 0.02149727
v -0.07144590 0.06253508 0.01748042
v -0.07588796 0.05705163 0.01751765
v -0.07524677 0.05682368 0.02149727
v -0.07588796 0.05705163 0.01751765
v -0.07907619 0.05108861 0.02210122
v -0.07907619 0.05108861 0.02210122
v -0.07588796 0.05705163 0.01751765
v -0.07989829 0.05126602 0.01768131
v -0.07907619 0.05108861 0.02210122
v -0.07989829 0.05126602 0.01768131
v -0.08265534 0.04512327 0.02203878
v -0.08265534 0.04512327 0.02203878
v -0.07989829 0.05126602 0.01768131
v -0.08345068 0.04528950 0.01748037
v -0.08265534 0.04512327 0.02203878
v -0.08345068 0.04528950 0.01748037
v -0.08562075 0.03903374 0.02231537
v -0.08657793 0.03896322 0.01751769
v -0.08562075 0.03903374 0.02231537
v -0.08657793 0.03896322 0.01751769
v -0.08853923 0.03243165 0.02149727
v -0.08853923 0.03243165 0.02149727
v -0.08657793 0.03896322 0.01751769
v -0.08924315 0.03240325 0.01752093
v -0.08853923 0.03243165 0.02149727
v -0.08924315 0.03240325 0.01752093
v -0.09060401 0.02560389 0.02212655
v -0.09060401 0.02560389 0.02212655
v -0.08924315 0.03240325 0.01752093
v -0.09138971 0.02567446 0.01768963
v -0.09060401 0.02560389 0.02212655
v -0.09138971 0.02567446 0.01768963
v -0.09215540 0.01905855 0.02228132
v -0.09302618 0.01900749 0.01748039
v -0.09215540 0.01905855 0.02228132
v -0.09302618 0.01900749 0.01748039
v -0.09330360 0.01226540 0.02228191
v -0.09417431 0.01204452 0.01751764
v -0.09330360 0.01226540 0.02228191
v -0.09417431 0.01204452 0.01751764
v -0.09400024 0.00523071 0.02214982
v -0.09479775 0.00503257 0.01768132
v -0.09400024 0.00523071 0.02214982
v -0.09479775 0.00503257 0.01768132
v -0.09409359 -0.00177809 0.02226711
v -0.09409359 -0.00177809 0.02226711
v -0.09479775 0.00503257 0.01768132
v -0.09492877 -0.00191883 0.01748047
v -0.09409359 -0.00177809 0.02226711
v -0.09492877 -0.00191883 0.01748047
v -0.09369565 -0.00865833 0.02232985
v -0.09451732 -0.00896368 0.01751767
v -0.09369565 -0.00865833 0.02232985
v -0.09451732 -0.00896368 0.01751767
v -0.09283336 -0.01568373 0.02213929
v -0.09283336 -0.01568373 0.02213929
v -0.09451732 -0.00896368 0.01751767
v -0.09358323 -0.01594111 0.01768127
v -0.09283336 -0.01568373 0.02213929
v -0.09358323 -0.01594111 0.01768127
v -0.09138420 -0.02243168 0.02232291
v -0.09218214 -0.02275097 0.01748048
v -0.09138420 -0.02243168 0.02232291
v -0.09218214 -0.02275097 0.01748048
v -0.08959586 -0.02889977 0.02216264
v -0.09021425 -0.02955214 0.01768133
v -0.08959586 -0.02889977 0.02216264
v -0.09021425 -0.02955214 0.01768133
v -0.08704662 -0.03570434 0.02237444
v -0.08704662 -0.03570434 0.02237444
v -0.09021425 -0.02955214 0.01768133
v -0.08780374 -0.03611614 0.01751766
v -0.08704662 -0.03570434 0.02237444
v -0.08780374 -0.03611614 0.01751766
v -0.08432699 -0.04185617 0.02215659
v -0.08432699 -0.04185617 0.02215659
v -0.08780374 -0.03611614 0.01751766
v -0.08487705 -0.04251853 0.01768136
v -0.08432699 -0.04185617 0.02215659
v -0.08487705 -0.04251853 0.01768136
v -0.08107235 -0.04814853 0.02149727
v -0.08107235 -0.04814853 0.02149727
v -0.08487705 -0.04251853 0.01768136
v -0.08155244 -0.04862462 0.01748047
v -0.08107235 -0.04814853 0.02149727
v -0.08155244 -0.04862462 0.01748047
v -0.07729507 -0.05400444 0.02149727
v -0.07729507 -0.05400444 0.02149727
v -0.08155244 -0.04862462 0.01748047
v -0.07773389 -0.05450058 0.01756713
v -0.07729507 -0.05400444 0.02149727
v -0.07773389 -0.05450058 0.01756713
v -0.07309562 -0.05956540 0.02149727
v -0.07309562 -0.05956540 0.02149727
v -0.07773389 -0.05450058 0.01756713
v -0.07353327 -0.06007285 0.01746315
v -0.07309562 -0.05956540 0.02149727
v -0.07353327 -0.06007285 0.01746315
v -0.06849695 -0.06480104 0.02149727
v -0.06874137 -0.06546664 0.01768965
v -0.06849695 -0.06480104 0.02149727
v -0.06874137 -0.06546664 0.01768965
v -0.06352417 -0.06968275 0.02149727
v -0.06352417 -0.06968275 0.02149727
v -0.06874137 -0.06546664 0.01768965
v -0.06381035 -0.07030015 0.01751770
v -0.06352417 -0.06968275 0.02149727
v -0.06381035 -0.07030015 0.01751770
v -0.05820445 -0.07418388 0.02149727
v -0.05820445 -0.07418388 0.02149727
v -0.06381035 -0.07030015 0.01751770
v -0.05844420 -0.07482075 0.01751768
v -0.05820445 -0.07418388 0.02149727
v -0.05844420 -0.07482075 0.01751768
v -0.05256684 -0.07827985 0.02149727
v -0.05273373 -0.07893728 0.01768128
v -0.05256684 -0.07827985 0.02149727
v -0.05273373 -0.07893728 0.01768128
v -0.04627775 -0.08190395 0.02240530
v -0.04627775 -0.08190395 0.02240530
v -0.05273373 -0.07893728 0.01768128
v -0.04682382 -0.08259954 0.01748039
v -0.04627775 -0.08190395 0.02240530
v -0.04682382 -0.08259954 0.01748039
v -0.04049697 -0.08495794 0.02224057
v -0.04053084 -0.08584400 0.01768128
v -0.04049697 -0.08495794 0.02224057
v -0.04053084 -0.08584400 0.01768128
v -0.03409714 -0.08775243 0.02215449
v -0.03409714 -0.08775243 0.02215449
v -0.04053084 -0.08584400 0.01768128
v -0.03427508 -0.08853646 0.01755479
v -0.03409714 -0.08775243 0.02215449
v -0.03427508 -0.08853646 0.01755479
v -0.02745009 -0.09001841 0.02226199
v -0.02755642 -0.09086624 0.01744048
v -0.02745009 -0.09001841 0.02226199
v -0.02755642 -0.09086624 0.01744048
v -0.02080364 -0.09176691 0.02232729
v -0.02068248 -0.09266125 0.01751764
v -0.02080364 -0.09176691 0.02232729
v -0.02068248 -0.09266125 0.01751764
v -0.01383512 -0.09312428 0.02214793
v -0.01383512 -0.09312428 0.02214793
v -0.02068248 -0.09266125 0.01751764
v -0.01375793 -0.09392901 0.01768130
v -0.01383512 -0.09312428 0.02214793
v -0.01375793 -0.09392901 0.01768130
v -0.00704732 -0.09382286 0.02235773
v -0.00704732 -0.09382286 0.02235773
v -0.01375793 -0.09392901 0.01768130
v -0.00670321 -0.09471820 0.01743017
v -0.00704732 -0.09382286 0.02235773
v -0.00670321 -0.09471820 0.01743017
v 0.00010243 -0.09414872 0.02213979
v 0.00000003 -0.09484645 0.01835089
v 0.07987417 0.04790713 0.02511395
v 0.08264099 0.04514688 0.02197223
v 0.07917906 0.05093846 0.02207605
v 0.07987417 0.04790713 0.02511395
v 0.07917906 0.05093846 0.02207605
v 0.07676575 0.05271331 0.02511812
v 0.07676575 0.05271331 0.02511812
v 0.07917906 0.05093846 0.02207605
v 0.07465882 0.05629089 0.02408943
v 0.07676575 0.05271331 0.02511812
v 0.07465882 0.05629089 0.02408943
v 0.07270785 0.05818189 0.02511783
v 0.08264099 0.04514688 0.02197223
v 0.07987417 0.04790713 0.02511395
v 0.07991362 0.04743859 0.02565368
v 0.06429873 0.04200849 0.07003204
v 0.07458320 0.04994200 0.03432237
v 0.07148965 0.05087999 0.03994831
v 0.06429873 0.04200849 0.07003204
v 0.07148965 0.05087999 0.03994831
v 0.06096358 0.04712169 0.06916985
v 0.07704041 0.04890238 0.03027016
v 0.07458320 0.04994200 0.03432237
v 0.07991362 0.04743859 0.02565368
v 0.07991362 0.04743859 0.02565368
v 0.07458320 0.04994200 0.03432237
v 0.06429873 0.04200849 0.07003204
v 0.07991362 0.04743859 0.02565368
v 0.06429873 0.04200849 0.07003204
v 0.06747152 0.03682740 0.06980064
v 0.07270785 0.05818189 0.02511783
v 0.06820374 0.06340460 0.02511589
v 0.07008044 0.06190019 0.02408883
v 0.06355941 0.06809749 0.02508756
v 0.05495415 0.07563796 0.02413888
v 0.05264913 0.07681189 0.02511427
v 0.05814724 0.07273677 0.02511684
v 0.06355941 0.06809749 0.02508756
v 0.06043063 0.07132418 0.02412958
v 0.05814724 0.07273677 0.02511684
v 0.05814724 0.07273677 0.02511684
v 0.04200844 0.06429876 0.07003204
v 0.04866654 0.07743721 0.02973024
v 0.03714754 0.06727074 0.06985723
v 0.03714754 0.06727074 0.06985723
v 0.04866654 0.07743721 0.02973024
v 0.04736885 0.07997097 0.02564549
v 0.04730899 0.06086374 0.06908715
v 0.05091448 0.07136668 0.04017399
v 0.04200844 0.06429876 0.07003204
v 0.05091448 0.07136668 0.04017399
v 0.04991763 0.07462235 0.03428507
v 0.04200844 0.06429876 0.07003204
v 0.04200844 0.06429876 0.07003204
v 0.04991763 0.07462235 0.03428507
v 0.04866654 0.07743721 0.02973024
v 0.05495415 0.07563796 0.02413888
v 0.04797057 0.07984297 0.02510497
v 0.05264913 0.07681189 0.02511427
v 0.04730899 0.06086374 0.06908715
v 0.05210248 0.05645033 0.06997485
v 0.05243231 0.05775432 0.06667823
v 0.04730899 0.06086374 0.06908715
v 0.05243231 0.05775432 0.06667823
v 0.05204436 0.05955501 0.06370570
v 0.04730899 0.06086374 0.06908715
v 0.05204436 0.05955501 0.06370570
v 0.05204346 0.06297132 0.05657217
v 0.05204346 0.06297132 0.05657217
v 0.05182640 0.06643755 0.04952658
v 0.04730899 0.06086374 0.06908715
v 0.04730899 0.06086374 0.06908715
v 0.05182640 0.06643755 0.04952658
v 0.05091448 0.07136668 0.04017399
v 0.05646619 0.05208550 0.06997861
v 0.05803867 0.05235750 0.06624038
v 0.05689368 0.05276144 0.06780344
v 0.05538583 0.05362349 0.06922687
v 0.05394579 0.05496105 0.06946225
v 0.05210248 0.05645033 0.06997485
v 0.05646619 0.05208550 0.06997861
v 0.05394579 0.05496105 0.06946225
v 0.05646619 0.05208550 0.06997861
v 0.05538583 0.05362349 0.06922687
v 0.05309679 0.05623449 0.06849244
v 0.05243231 0.05775432 0.06667823
v 0.05210248 0.05645033 0.06997485
v 0.05210248 0.05645033 0.06997485
v 0.05394579 0.05496105 0.06946225
v 0.05309679 0.05623449 0.06849244
v 0.06657012 0.05179938 0.04930157
v 0.06657012 0.05179938 0.04930157
v 0.06288516 0.05206675 0.05670244
v 0.06096358 0.04712169 0.06916985
v 0.06096358 0.04712169 0.06916985
v 0.06288516 0.05206675 0.05670244
v 0.05921734 0.05205330 0.06440577
v 0.06096358 0.04712169 0.06916985
v 0.05921734 0.05205330 0.06440577
v 0.05803867 0.05235750 0.06624038
v 0.06096358 0.04712169 0.06916985
v 0.05803867 0.05235750 0.06624038
v 0.05646619 0.05208550 0.06997861
v 0.04643170 -0.08118115 0.02402080
v 0.04803376 -0.07977611 0.02514786
v 0.04744082 -0.07991681 0.02563856
v 0.04200849 -0.06429873 0.07003204
v 0.05038936 -0.07315385 0.03697877
v 0.05147235 -0.06878118 0.04500644
v 0.04712169 -0.06096358 0.06916986
v 0.04890240 -0.07704038 0.03027022
v 0.05038936 -0.07315385 0.03697877
v 0.04744082 -0.07991681 0.02563856
v 0.04744082 -0.07991681 0.02563856
v 0.05038936 -0.07315385 0.03697877
v 0.04200849 -0.06429873 0.07003204
v 0.04744082 -0.07991681 0.02563856
v 0.04200849 -0.06429873 0.07003204
v 0.03667073 -0.06750438 0.06996682
v 0.06429876 -0.04200844 0.07003204
v 0.07732155 -0.04876189 0.02985097
v 0.06738749 -0.03688306 0.06995569
v 0.06738749 -0.03688306 0.06995569
v 0.07732155 -0.04876189 0.02985097
v 0.07991701 -0.04743126 0.02566105
v 0.06086375 -0.04730897 0.06908716
v 0.06976597 -0.05134855 0.04296536
v 0.06429876 -0.04200844 0.07003204
v 0.06429876 -0.04200844 0.07003204
v 0.06976597 -0.05134855 0.04296536
v 0.07201369 -0.05078488 0.03884231
v 0.07201369 -0.05078488 0.03884231
v 0.07456351 -0.04993655 0.03440706
v 0.06429876 -0.04200844 0.07003204
v 0.06429876 -0.04200844 0.07003204
v 0.07456351 -0.04993655 0.03440706
v 0.07732155 -0.04876189 0.02985097
v 0.08044570 -0.04762908 0.02414096
v 0.07991701 -0.04743126 0.02566105
v 0.07984686 -0.04795196 0.02511501
v 0.08044570 -0.04762908 0.02414096
v 0.07984686 -0.04795196 0.02511501
v 0.07676030 -0.05282420 0.02503247
v 0.04643170 -0.08118115 0.02402080
v 0.05257707 -0.07688538 0.02509550
v 0.04803376 -0.07977611 0.02514786
v 0.06086375 -0.04730897 0.06908716
v 0.05645032 -0.05210248 0.06997485
v 0.05780383 -0.05238590 0.06670399
v 0.05954837 -0.05203698 0.06373804
v 0.06086375 -0.04730897 0.06908716
v 0.05954837 -0.05203698 0.06373804
v 0.06488213 -0.05205227 0.05244346
v 0.06086375 -0.04730897 0.06908716
v 0.06488213 -0.05205227 0.05244346
v 0.06976597 -0.05134855 0.04296536
v 0.05205127 -0.05897765 0.06492276
v 0.05292176 -0.05658474 0.06810211
v 0.05208549 -0.05646620 0.06997860
v 0.05208549 -0.05646620 0.06997860
v 0.05292176 -0.05658474 0.06810211
v 0.05349156 -0.05559214 0.06904728
v 0.05349156 -0.05559214 0.06904728
v 0.05420488 -0.05468442 0.06949694
v 0.05208549 -0.05646620 0.06997860
v 0.05420488 -0.05468442 0.06949694
v 0.05645032 -0.05210248 0.06997485
v 0.05208549 -0.05646620 0.06997860
v 0.05420488 -0.05468442 0.06949694
v 0.05536432 -0.05363470 0.06925531
v 0.05645032 -0.05210248 0.06997485
v 0.05639318 -0.05301269 0.06835854
v 0.05780383 -0.05238590 0.06670399
v 0.05645032 -0.05210248 0.06997485
v 0.05645032 -0.05210248 0.06997485
v 0.05536432 -0.05363470 0.06925531
v 0.05639318 -0.05301269 0.06835854
v 0.05198556 -0.06424709 0.05399385
v 0.05205127 -0.05897765 0.06492276
v 0.04712169 -0.06096358 0.06916986
v 0.05147235 -0.06878118 0.04500644
v 0.05198556 -0.06424709 0.05399385
v 0.04712169 -0.06096358 0.06916986
v 0.04712169 -0.06096358 0.06916986
v 0.05205127 -0.05897765 0.06492276
v 0.05208549 -0.05646620 0.06997860
v -0.04941619 0.08014156 0.02209515
v -0.05495420 0.07563792 0.02413888
v -0.05267166 0.07679299 0.02511927
v -0.05267166 0.07679299 0.02511927
v -0.04790698 0.07987333 0.02511509
v -0.04941619 0.08014156 0.02209515
v -0.04941619 0.08014156 0.02209515
v -0.04790698 0.07987333 0.02511509
v -0.04743309 0.07992318 0.02565073
v 0.02089457 -0.09267245 0.00000000
v 0.01414841 -0.09388810 0.01748047
v 0.01399346 -0.09396248 0.00000000
v -0.05038975 0.07315135 0.03698510
v -0.05145208 0.06885497 0.04488587
v -0.04200849 0.06429874 0.07003204
v -0.04200849 0.06429874 0.07003204
v -0.05145208 0.06885497 0.04488587
v -0.04712169 0.06096359 0.06916985
v -0.04890238 0.07704041 0.03027016
v -0.05038975 0.07315135 0.03698510
v -0.04743309 0.07992318 0.02565073
v -0.04743309 0.07992318 0.02565073
v -0.05038975 0.07315135 0.03698510
v -0.04200849 0.06429874 0.07003204
v -0.04743309 0.07992318 0.02565073
v -0.04200849 0.06429874 0.07003204
v -0.03680490 0.06751398 0.06971483
v -0.06734620 0.03697498 0.06992325
v -0.06429876 0.04200845 0.07003204
v -0.07743721 0.04866654 0.02973024
v -0.06734620 0.03697498 0.06992325
v -0.07743721 0.04866654 0.02973024
v -0.07997037 0.04740102 0.02559383
v -0.06086375 0.04730898 0.06908715
v -0.06963405 0.05137273 0.04320908
v -0.06429876 0.04200845 0.07003204
v -0.07298758 0.05045053 0.03724674
v -0.06429876 0.04200845 0.07003204
v -0.07298758 0.05045053 0.03724674
v -0.07743721 0.04866654 0.02973024
v -0.07997037 0.04740102 0.02559383
v -0.07984755 0.04794913 0.02511653
v -0.07907619 0.05108861 0.02210122
v -0.07907619 0.05108861 0.02210122
v -0.07984755 0.04794913 0.02511653
v -0.07682001 0.05267406 0.02507530
v -0.07907619 0.05108861 0.02210122
v -0.07682001 0.05267406 0.02507530
v -0.07467161 0.05628338 0.02407615
v -0.07467161 0.05628338 0.02407615
v -0.07272761 0.05815584 0.02511880
v -0.07017570 0.06179478 0.02408369
v -0.07017570 0.06179478 0.02408369
v -0.06824752 0.06335576 0.02511736
v -0.06586769 0.06717409 0.02234329
v -0.06586769 0.06717409 0.02234329
v -0.06824752 0.06335576 0.02511736
v -0.06333604 0.06827335 0.02511191
v -0.05495420 0.07563792 0.02413888
v -0.05864227 0.07238749 0.02507913
v -0.05267166 0.07679299 0.02511927
v -0.06086375 0.04730898 0.06908715
v -0.05645032 0.05210249 0.06997485
v -0.05832731 0.05227732 0.06579339
v -0.06086375 0.04730898 0.06908715
v -0.05832731 0.05227732 0.06579339
v -0.05952241 0.05203760 0.06379166
v -0.06086375 0.04730898 0.06908715
v -0.05952241 0.05203760 0.06379166
v -0.06316832 0.05214453 0.05585849
v -0.06316832 0.05214453 0.05585849
v -0.06643755 0.05182641 0.04952658
v -0.06086375 0.04730898 0.06908715
v -0.06643755 0.05182641 0.04952658
v -0.05208549 0.05646620 0.06997860
v -0.05250369 0.05755126 0.06695624
v -0.05374774 0.05523044 0.06929856
v -0.05471281 0.05417738 0.06949562
v -0.05645032 0.05210249 0.06997485
v -0.05208549 0.05646620 0.06997860
v -0.05471281 0.05417738 0.06949562
v -0.05208549 0.05646620 0.06997860
v -0.05374774 0.05523044 0.06929856
v -0.05598039 0.05322861 0.06877864
v -0.05832731 0.05227732 0.06579339
v -0.05645032 0.05210249 0.06997485
v -0.05471281 0.05417738 0.06949562
v -0.05598039 0.05322861 0.06877864
v -0.05645032 0.05210249 0.06997485
v -0.04712169 0.06096359 0.06916985
v -0.05145208 0.06885497 0.04488587
v -0.05198242 0.06481936 0.05274949
v -0.04712169 0.06096359 0.06916985
v -0.05198242 0.06481936 0.05274949
v -0.05205330 0.05921738 0.06440570
v -0.04712169 0.06096359 0.06916985
v -0.05205330 0.05921738 0.06440570
v -0.05250369 0.05755126 0.06695624
v -0.04712169 0.06096359 0.06916985
v -0.05250369 0.05755126 0.06695624
v -0.05208549 0.05646620 0.06997860
v -0.06429873 -0.04200848 0.07003204
v -0.07370803 -0.05018637 0.03604086
v -0.06848679 -0.05155853 0.04550205
v -0.06096358 -0.04712168 0.06916986
v -0.06753876 -0.03669888 0.06981997
v -0.08000777 -0.04735561 0.02556791
v -0.06429873 -0.04200848 0.07003204
v -0.07370803 -0.05018637 0.03604086
v -0.06429873 -0.04200848 0.07003204
v -0.08000777 -0.04735561 0.02556791
v -0.07370803 -0.05018637 0.03604086
v -0.08000777 -0.04735561 0.02556791
v -0.07697600 -0.04893964 0.03035792
v -0.03674439 -0.06744844 0.07000810
v -0.04200844 -0.06429876 0.07003204
v -0.04866641 -0.07743756 0.02972958
v -0.03674439 -0.06744844 0.07000810
v -0.04866641 -0.07743756 0.02972958
v -0.04742789 -0.07991968 0.02566115
v -0.04730899 -0.06086373 0.06908716
v -0.05091448 -0.07136668 0.04017399
v -0.04200844 -0.06429876 0.07003204
v -0.05091448 -0.07136668 0.04017399
v -0.04991763 -0.07462234 0.03428508
v -0.04200844 -0.06429876 0.07003204
v -0.04200844 -0.06429876 0.07003204
v -0.04991763 -0.07462234 0.03428508
v -0.04866641 -0.07743756 0.02972958
v -0.03674439 -0.06744844 0.07000810
v -0.04742789 -0.07991968 0.02566115
v -0.04627775 -0.08190395 0.02240530
v -0.04742789 -0.07991968 0.02566115
v -0.04795070 -0.07984701 0.02511593
v -0.04627775 -0.08190395 0.02240530
v -0.04795070 -0.07984701 0.02511593
v -0.08043692 -0.04767257 0.02409282
v -0.07666148 -0.05291875 0.02508649
v -0.07956637 -0.04837744 0.02512119
v -0.08043692 -0.04767257 0.02409282
v -0.07956637 -0.04837744 0.02512119
v -0.08000777 -0.04735561 0.02556791
v -0.04730899 -0.06086373 0.06908716
v -0.05210248 -0.05645032 0.06997485
v -0.05238590 -0.05780382 0.06670399
v -0.05203699 -0.05954837 0.06373802
v -0.04730899 -0.06086373 0.06908716
v -0.05203699 -0.05954837 0.06373802
v -0.05214435 -0.06317415 0.05584638
v -0.05214435 -0.06317415 0.05584638
v -0.05182640 -0.06643754 0.04952659
v -0.04730899 -0.06086373 0.06908716
v -0.04730899 -0.06086373 0.06908716
v -0.05182640 -0.06643754 0.04952659
v -0.05091448 -0.07136668 0.04017399
v -0.05646619 -0.05208550 0.06997862
v -0.05866874 -0.05214512 0.06538110
v -0.05658445 -0.05292162 0.06811001
v -0.05646619 -0.05208550 0.06997862
v -0.05658445 -0.05292162 0.06811001
v -0.05559221 -0.05349151 0.06904726
v -0.05559221 -0.05349151 0.06904726
v -0.05468612 -0.05420376 0.06949610
v -0.05646619 -0.05208550 0.06997862
v -0.05468612 -0.05420376 0.06949610
v -0.05210248 -0.05645032 0.06997485
v -0.05646619 -0.05208550 0.06997862
v -0.05468612 -0.05420376 0.06949610
v -0.05364289 -0.05535100 0.06926789
v -0.05210248 -0.05645032 0.06997485
v -0.05301269 -0.05639317 0.06835854
v -0.05238590 -0.05780382 0.06670399
v -0.05210248 -0.05645032 0.06997485
v -0.05210248 -0.05645032 0.06997485
v -0.05364289 -0.05535100 0.06926789
v -0.05301269 -0.05639317 0.06835854
v -0.06424710 -0.05198555 0.05399385
v -0.05866874 -0.05214512 0.06538110
v -0.06096358 -0.04712168 0.06916986
v -0.06848679 -0.05155853 0.04550205
v -0.06424710 -0.05198555 0.05399385
v -0.06096358 -0.04712168 0.06916986
v -0.06096358 -0.04712168 0.06916986
v -0.05866874 -0.05214512 0.06538110
v -0.05646619 -0.05208550 0.06997862
v 0.03667073 -0.06750438 0.06996682
v 0.04643170 -0.08118115 0.02402080
v 0.03667073 -0.06750438 0.06996682
v 0.04034386 -0.08503347 0.02222753
v 0.04034386 -0.08503347 0.02222753
v 0.03667073 -0.06750438 0.06996682
v 0.03088643 -0.07033482 0.06998747
v 0.04034386 -0.08503347 0.02222753
v 0.03088643 -0.07033482 0.06998747
v 0.03394264 -0.08781277 0.02215327
v 0.03394264 -0.08781277 0.02215327
v 0.03088643 -0.07033482 0.06998747
v 0.02490064 -0.07269961 0.06989369
v 0.03394264 -0.08781277 0.02215327
v 0.02490064 -0.07269961 0.06989369
v 0.02727434 -0.09006760 0.02228071
v 0.02727434 -0.09006760 0.02228071
v 0.02490064 -0.07269961 0.06989369
v 0.01869560 -0.07445280 0.07015861
v 0.07991701 -0.04743126 0.02566105
v 0.08044570 -0.04762908 0.02414096
v 0.06738749 -0.03688306 0.06995569
v 0.08044570 -0.04762908 0.02414096
v 0.08425437 -0.04200519 0.02215283
v 0.06738749 -0.03688306 0.06995569
v 0.08425437 -0.04200519 0.02215283
v 0.07034285 -0.03086061 0.07000008
v 0.07034285 -0.03086061 0.07000008
v 0.08425437 -0.04200519 0.02215283
v 0.08696966 -0.03587845 0.02238113
v 0.07034285 -0.03086061 0.07000008
v 0.08696966 -0.03587845 0.02238113
v 0.07264369 -0.02493860 0.07003207
v 0.07264369 -0.02493860 0.07003207
v 0.08696966 -0.03587845 0.02238113
v 0.08955526 -0.02899057 0.02222015
v 0.09408310 -0.00195554 0.02229513
v 0.07603119 -0.00002754 0.07236996
v 0.07653614 -0.00635456 0.07005058
v 0.07264369 -0.02493860 0.07003207
v 0.08955526 -0.02899057 0.02222015
v 0.07445131 -0.01883217 0.07006062
v 0.07445131 -0.01883217 0.07006062
v 0.08955526 -0.02899057 0.02222015
v 0.09139019 -0.02240374 0.02232429
v 0.07445131 -0.01883217 0.07006062
v 0.09139019 -0.02240374 0.02232429
v 0.07501922 -0.01224847 0.07246571
v 0.07501922 -0.01224847 0.07246571
v 0.09139019 -0.02240374 0.02232429
v 0.09286724 -0.01548284 0.02213874
v 0.07501922 -0.01224847 0.07246571
v 0.09286724 -0.01548284 0.02213874
v 0.07653614 -0.00635456 0.07005058
v 0.07653614 -0.00635456 0.07005058
v 0.09286724 -0.01548284 0.02213874
v 0.09369359 -0.00882645 0.02226555
v 0.09369359 -0.00882645 0.02226555
v 0.07494524 0.01284871 0.07235468
v 0.07654288 0.00634252 0.07003204
v 0.09334861 0.01203333 0.02221313
v 0.09334861 0.01203333 0.02221313
v 0.07654288 0.00634252 0.07003204
v 0.09400677 0.00506697 0.02215663
v 0.09400677 0.00506697 0.02215663
v 0.07654288 0.00634252 0.07003204
v 0.07603119 -0.00002754 0.07236996
v 0.09400677 0.00506697 0.02215663
v 0.07603119 -0.00002754 0.07236996
v 0.09408310 -0.00195554 0.02229513
v 0.08264099 0.04514688 0.02197223
v 0.07991362 0.04743859 0.02565368
v 0.06747152 0.03682740 0.06980064
v 0.08264099 0.04514688 0.02197223
v 0.06747152 0.03682740 0.06980064
v 0.08569487 0.03888776 0.02228965
v 0.08569487 0.03888776 0.02228965
v 0.06747152 0.03682740 0.06980064
v 0.07032355 0.03091620 0.06997942
v 0.08569487 0.03888776 0.02228965
v 0.07032355 0.03091620 0.06997942
v 0.08842942 0.03210842 0.02238833
v 0.08842942 0.03210842 0.02238833
v 0.07032355 0.03091620 0.06997942
v 0.07266808 0.02494114 0.06995176
v 0.08842942 0.03210842 0.02238833
v 0.07266808 0.02494114 0.06995176
v 0.09055671 0.02574387 0.02215272
v 0.09055671 0.02574387 0.02215272
v 0.07266808 0.02494114 0.06995176
v 0.07454480 0.01879441 0.06978466
v 0.09055671 0.02574387 0.02215272
v 0.07454480 0.01879441 0.06978466
v 0.09218900 0.01883064 0.02233980
v 0.09218900 0.01883064 0.02233980
v 0.07454480 0.01879441 0.06978466
v 0.07494524 0.01284871 0.07235468
v 0.09218900 0.01883064 0.02233980
v 0.07494524 0.01284871 0.07235468
v 0.09334861 0.01203333 0.02221313
v 0.03714754 0.06727074 0.06985723
v 0.04736885 0.07997097 0.02564549
v 0.04347911 0.08350579 0.02214581
v 0.03714754 0.06727074 0.06985723
v 0.04347911 0.08350579 0.02214581
v 0.03085184 0.07034024 0.07002027
v 0.03085184 0.07034024 0.07002027
v 0.04347911 0.08350579 0.02214581
v 0.03725345 0.08640403 0.02233610
v 0.03085184 0.07034024 0.07002027
v 0.03725345 0.08640403 0.02233610
v 0.02495269 0.07264646 0.07000904
v 0.03067854 0.08895361 0.02232847
v 0.02495269 0.07264646 0.07000904
v 0.03067854 0.08895361 0.02232847
v 0.01891212 0.07448133 0.06990371
v 0.02395881 0.09105115 0.02213292
v 0.01891212 0.07448133 0.06990371
v 0.02395881 0.09105115 0.02213292
v 0.01740439 0.09249062 0.02224356
v 0.01891212 0.07448133 0.06990371
v 0.01740439 0.09249062 0.02224356
v 0.01228273 0.07503956 0.07235099
v 0.01228273 0.07503956 0.07235099
v 0.01740439 0.09249062 0.02224356
v 0.01063597 0.09349162 0.02233138
v 0.01228273 0.07503956 0.07235099
v 0.01063597 0.09349162 0.02233138
v 0.00645331 0.07659548 0.06982120
v 0.00645331 0.07659548 0.06982120
v 0.01063597 0.09349162 0.02233138
v 0.00364427 0.09403419 0.02228925
v 0.00645331 0.07659548 0.06982120
v 0.00364427 0.09403419 0.02228925
v -0.00011568 0.07603522 0.07235739
v -0.03716011 0.08642836 0.02239978
v -0.03085237 0.07033614 0.07003201
v -0.02494813 0.07264603 0.07001467
v -0.00011568 0.07603522 0.07235739
v 0.00364427 0.09403419 0.02228925
v -0.00341721 0.09408262 0.02215281
v -0.00011568 0.07603522 0.07235739
v -0.00341721 0.09408262 0.02215281
v -0.00648615 0.07658320 0.06984634
v -0.00648615 0.07658320 0.06984634
v -0.00341721 0.09408262 0.02215281
v -0.01045197 0.09351890 0.02230536
v -0.00648615 0.07658320 0.06984634
v -0.01045197 0.09351890 0.02230536
v -0.01269151 0.07494692 0.07245605
v -0.01269151 0.07494692 0.07245605
v -0.01045197 0.09351890 0.02230536
v -0.01721362 0.09251110 0.02231274
v -0.01269151 0.07494692 0.07245605
v -0.01721362 0.09251110 0.02231274
v -0.01887849 0.07448428 0.06991849
v -0.02414664 0.09099830 0.02214413
v -0.01887849 0.07448428 0.06991849
v -0.02414664 0.09099830 0.02214413
v -0.02494813 0.07264603 0.07001467
v -0.03055152 0.08900881 0.02227353
v -0.03055152 0.08900881 0.02227353
v -0.04743309 0.07992318 0.02565073
v -0.03680490 0.06751398 0.06971483
v -0.04364510 0.08342425 0.02212948
v -0.04364510 0.08342425 0.02212948
v -0.03680490 0.06751398 0.06971483
v -0.03716011 0.08642836 0.02239978
v -0.03716011 0.08642836 0.02239978
v -0.03680490 0.06751398 0.06971483
v -0.03085237 0.07033614 0.07003201
v -0.07997037 0.04740102 0.02559383
v -0.08265534 0.04512327 0.02203878
v -0.06734620 0.03697498 0.06992325
v -0.06734620 0.03697498 0.06992325
v -0.08265534 0.04512327 0.02203878
v -0.08562075 0.03903374 0.02231537
v -0.07033347 0.03090530 0.06996675
v -0.07033347 0.03090530 0.06996675
v -0.08562075 0.03903374 0.02231537
v -0.08783225 0.03168251 0.02451222
v -0.07033347 0.03090530 0.06996675
v -0.08783225 0.03168251 0.02451222
v -0.07264369 0.02493860 0.07003206
v -0.07264369 0.02493860 0.07003206
v -0.08783225 0.03168251 0.02451222
v -0.07377650 0.01829037 0.07248314
v -0.09060401 0.02560389 0.02212655
v -0.07377650 0.01829037 0.07248314
v -0.09060401 0.02560389 0.02212655
v -0.07551617 0.01319770 0.07047140
v -0.09060401 0.02560389 0.02212655
v -0.09215540 0.01905855 0.02228132
v -0.07551617 0.01319770 0.07047140
v -0.07551617 0.01319770 0.07047140
v -0.09215540 0.01905855 0.02228132
v -0.09330360 0.01226540 0.02228191
v -0.07551617 0.01319770 0.07047140
v -0.09330360 0.01226540 0.02228191
v -0.07658108 0.00637185 0.06989523
v -0.07658108 0.00637185 0.06989523
v -0.09330360 0.01226540 0.02228191
v -0.09400024 0.00523071 0.02214982
v -0.07658108 0.00637185 0.06989523
v -0.09400024 0.00523071 0.02214982
v -0.07603627 -0.00025066 0.07235765
v -0.09400024 0.00523071 0.02214982
v -0.09409359 -0.00177809 0.02226711
v -0.07603627 -0.00025066 0.07235765
v -0.07603627 -0.00025066 0.07235765
v -0.09409359 -0.00177809 0.02226711
v -0.07653316 -0.00636135 0.07005760
v -0.09369565 -0.00865833 0.02232985
v -0.07653316 -0.00636135 0.07005760
v -0.09369565 -0.00865833 0.02232985
v -0.07493307 -0.01276663 0.07246412
v -0.07493307 -0.01276663 0.07246412
v -0.09369565 -0.00865833 0.02232985
v -0.09283336 -0.01568373 0.02213929
v -0.07493307 -0.01276663 0.07246412
v -0.09283336 -0.01568373 0.02213929
v -0.07445111 -0.01883897 0.07005638
v -0.07445111 -0.01883897 0.07005638
v -0.09283336 -0.01568373 0.02213929
v -0.09138420 -0.02243168 0.02232291
v -0.07445111 -0.01883897 0.07005638
v -0.09138420 -0.02243168 0.02232291
v -0.07264244 -0.02490619 0.07006972
v -0.07264244 -0.02490619 0.07006972
v -0.09138420 -0.02243168 0.02232291
v -0.08959586 -0.02889977 0.02216264
v -0.07264244 -0.02490619 0.07006972
v -0.08959586 -0.02889977 0.02216264
v -0.08704662 -0.03570434 0.02237444
v -0.07264244 -0.02490619 0.07006972
v -0.08704662 -0.03570434 0.02237444
v -0.07034167 -0.03086219 0.07000121
v -0.07034167 -0.03086219 0.07000121
v -0.08704662 -0.03570434 0.02237444
v -0.08432699 -0.04185617 0.02215659
v -0.07034167 -0.03086219 0.07000121
v -0.08432699 -0.04185617 0.02215659
v -0.06753876 -0.03669888 0.06981997
v -0.06753876 -0.03669888 0.06981997
v -0.08432699 -0.04185617 0.02215659
v -0.08043692 -0.04767257 0.02409282
v -0.06753876 -0.03669888 0.06981997
v -0.08043692 -0.04767257 0.02409282
v -0.08000777 -0.04735561 0.02556791
v -0.03674439 -0.06744844 0.07000810
v -0.04627775 -0.08190395 0.02240530
v -0.04049697 -0.08495794 0.02224057
v -0.03674439 -0.06744844 0.07000810
v -0.04049697 -0.08495794 0.02224057
v -0.03088001 -0.07034008 0.06998156
v -0.03088001 -0.07034008 0.06998156
v -0.04049697 -0.08495794 0.02224057
v -0.03409714 -0.08775243 0.02215449
v -0.03088001 -0.07034008 0.06998156
v -0.03409714 -0.08775243 0.02215449
v -0.02488165 -0.07270096 0.06990645
v -0.02488165 -0.07270096 0.06990645
v -0.03409714 -0.08775243 0.02215449
v -0.02745009 -0.09001841 0.02226199
v -0.02488165 -0.07270096 0.06990645
v -0.02745009 -0.09001841 0.02226199
v -0.01865303 -0.07444780 0.07020456
v -0.01865303 -0.07444780 0.07020456
v -0.02745009 -0.09001841 0.02226199
v -0.02080364 -0.09176691 0.02232729
v -0.01865303 -0.07444780 0.07020456
v -0.02080364 -0.09176691 0.02232729
v -0.01232583 -0.07500721 0.07245921
v -0.01232583 -0.07500721 0.07245921
v -0.02080364 -0.09176691 0.02232729
v -0.01383512 -0.09312428 0.02214793
v -0.01232583 -0.07500721 0.07245921
v -0.01383512 -0.09312428 0.02214793
v -0.00633614 -0.07656022 0.06997637
v -0.00633614 -0.07656022 0.06997637
v -0.01383512 -0.09312428 0.02214793
v -0.00704732 -0.09382286 0.02235773
v -0.00633614 -0.07656022 0.06997637
v -0.00704732 -0.09382286 0.02235773
v 0.00026338 -0.07601246 0.07246405
v 0.00026338 -0.07601246 0.07246405
v -0.00704732 -0.09382286 0.02235773
v 0.00010243 -0.09414872 0.02213979
v 0.00026338 -0.07601246 0.07246405
v 0.00010243 -0.09414872 0.02213979
v 0.00631766 -0.07656475 0.06996827
v 0.00631766 -0.07656475 0.06996827
v 0.00010243 -0.09414872 0.02213979
v 0.00706303 -0.09382762 0.02233783
v 0.00631766 -0.07656475 0.06996827
v 0.00706303 -0.09382762 0.02233783
v 0.01284067 -0.07491885 0.07247468
v 0.01401665 -0.09310199 0.02213076
v 0.01284067 -0.07491885 0.07247468
v 0.01401665 -0.09310199 0.02213076
v 0.01869560 -0.07445280 0.07015861
v 0.01869560 -0.07445280 0.07015861
v 0.01401665 -0.09310199 0.02213076
v 0.02059642 -0.09182878 0.02225889
v 0.01869560 -0.07445280 0.07015861
v 0.02059642 -0.09182878 0.02225889
v 0.02727434 -0.09006760 0.02228071
v -0.06295622 0.04113132 0.07680439
v -0.06346251 0.04146211 0.07337157
v -0.06666968 0.03607979 0.07337157
v -0.07520153 -0.00000002 0.07680439
v -0.07603627 -0.00025066 0.07235765
v -0.07554739 -0.00626006 0.07337157
v -0.07112690 -0.02441792 0.07680439
v -0.07169891 -0.02461429 0.07337157
v -0.06942139 -0.03045106 0.07337157
v -0.04632955 -0.05908916 0.07772192
v -0.04656117 -0.05982184 0.07337157
v -0.04146210 -0.06346251 0.07337157
v 0.06295622 -0.04113131 0.07680439
v 0.06346251 -0.04146210 0.07337157
v 0.06666968 -0.03607979 0.07337157
v 0.07508585 -0.00026718 0.07772190
v 0.07603119 -0.00002754 0.07236996
v 0.07554739 0.00626006 0.07337157
v 0.07112690 0.02441793 0.07680439
v 0.07169891 0.02461430 0.07337157
v 0.06942139 0.03045107 0.07337157
v 0.04618972 0.05934459 0.07680439
v 0.04656117 0.05982185 0.07337156
v 0.04146210 0.06346251 0.07337156
v -0.05645032 0.05210249 0.06997485
v -0.06086375 0.04730898 0.06908715
v -0.05982185 0.04656118 0.07337157
v -0.06086375 0.04730898 0.06908715
v -0.06429876 0.04200845 0.07003204
v -0.06346251 0.04146211 0.07337157
v -0.06942141 0.03045103 0.07337157
v -0.07033347 0.03090530 0.06996675
v -0.07169893 0.02461425 0.07337157
v -0.07034167 -0.03086219 0.07000121
v -0.06753876 -0.03669888 0.06981997
v -0.06666965 -0.03607983 0.07337157
v -0.02488165 -0.07270096 0.06990645
v -0.01865303 -0.07444780 0.07020456
v -0.01860932 -0.07348666 0.07337157
v 0.05645032 -0.05210248 0.06997485
v 0.06086375 -0.04730897 0.06908716
v 0.05982185 -0.04656117 0.07337157
v 0.06086375 -0.04730897 0.06908716
v 0.06429876 -0.04200844 0.07003204
v 0.06346251 -0.04146210 0.07337157
v 0.06942141 -0.03045102 0.07337157
v 0.07034285 -0.03086061 0.07000008
v 0.07169893 -0.02461424 0.07337157
v 0.07032355 0.03091620 0.06997942
v 0.06747152 0.03682740 0.06980064
v 0.06666965 0.03607984 0.07337157
v 0.00645331 0.07659548 0.06982120
v 0.00626001 0.07554739 0.07337156
v 0.01228273 0.07503956 0.07235099
v 0.01860932 0.07348666 0.07337156
v 0.01891212 0.07448133 0.06990371
v 0.01228273 0.07503956 0.07235099
v 0.03085184 0.07034024 0.07002027
v 0.02495269 0.07264646 0.07000904
v 0.02461425 0.07169893 0.07337156
v 0.02461425 0.07169893 0.07337156
v 0.02495269 0.07264646 0.07000904
v 0.01860932 0.07348666 0.07337156
v 0.01891212 0.07448133 0.06990371
v 0.03714754 0.06727074 0.06985723
v 0.03607979 0.06666968 0.07337156
v 0.04200844 0.06429876 0.07003204
v 0.04200844 0.06429876 0.07003204
v 0.04146210 0.06346251 0.07337156
v 0.04730899 0.06086374 0.06908715
v 0.04656117 0.05982185 0.07337156
v 0.04730899 0.06086374 0.06908715
v 0.04656117 0.05982185 0.07337156
v 0.05210248 0.05645033 0.06997485
v 0.05646619 0.05208550 0.06997861
v 0.05210248 0.05645033 0.06997485
v 0.05134220 0.05577253 0.07337156
v 0.06096358 0.04712169 0.06916985
v 0.05982182 0.04656122 0.07337157
v 0.06429873 0.04200849 0.07003204
v 0.07169891 0.02461430 0.07337157
v 0.07266808 0.02494114 0.06995176
v 0.06942139 0.03045107 0.07337157
v 0.07032355 0.03091620 0.06997942
v 0.07454480 0.01879441 0.06978466
v 0.07348665 0.01860938 0.07337157
v 0.07494524 0.01284871 0.07235468
v 0.07654288 0.00634252 0.07003204
v 0.07554739 0.00626006 0.07337157
v 0.07603119 -0.00002754 0.07236996
v 0.07445131 -0.01883217 0.07006062
v 0.07501922 -0.01224847 0.07246571
v 0.07348666 -0.01860932 0.07337157
v 0.07264369 -0.02493860 0.07003207
v 0.07169893 -0.02461424 0.07337157
v 0.07264369 -0.02493860 0.07003207
v 0.07348666 -0.01860932 0.07337157
v 0.07445131 -0.01883217 0.07006062
v 0.06666968 -0.03607979 0.07337157
v 0.06738749 -0.03688306 0.06995569
v 0.07034285 -0.03086061 0.07000008
v 0.06346251 -0.04146210 0.07337157
v 0.06429876 -0.04200844 0.07003204
v 0.06666968 -0.03607979 0.07337157
v 0.06738749 -0.03688306 0.06995569
v 0.05645032 -0.05210248 0.06997485
v 0.05577253 -0.05134219 0.07337157
v 0.05208549 -0.05646620 0.06997860
v 0.05134223 -0.05577249 0.07337157
v 0.05208549 -0.05646620 0.06997860
v 0.05134223 -0.05577249 0.07337157
v 0.04656121 -0.05982181 0.07337157
v 0.05208549 -0.05646620 0.06997860
v 0.04656121 -0.05982181 0.07337157
v 0.04712169 -0.06096358 0.06916986
v 0.03088643 -0.07033482 0.06998747
v 0.03667073 -0.06750438 0.06996682
v 0.03607983 -0.06666965 0.07337157
v 0.03607983 -0.06666965 0.07337157
v 0.03667073 -0.06750438 0.06996682
v 0.04146214 -0.06346248 0.07337157
v 0.04200849 -0.06429873 0.07003204
v 0.04146214 -0.06346248 0.07337157
v 0.04200849 -0.06429873 0.07003204
v 0.04656121 -0.05982181 0.07337157
v 0.04712169 -0.06096358 0.06916986
v 0.02490064 -0.07269961 0.06989369
v 0.03088643 -0.07033482 0.06998747
v 0.03045107 -0.06942139 0.07337157
v 0.01869560 -0.07445280 0.07015861
v 0.01860937 -0.07348665 0.07337157
v 0.01284067 -0.07491885 0.07247468
v 0.00026338 -0.07601246 0.07246405
v 0.00631766 -0.07656475 0.06996827
v 0.00626006 -0.07554738 0.07337157
v -0.03088001 -0.07034008 0.06998156
v -0.02488165 -0.07270096 0.06990645
v -0.02461425 -0.07169893 0.07337157
v -0.03674439 -0.06744844 0.07000810
v -0.03607979 -0.06666967 0.07337157
v -0.04200844 -0.06429876 0.07003204
v -0.04200844 -0.06429876 0.07003204
v -0.04146210 -0.06346251 0.07337157
v -0.04730899 -0.06086373 0.06908716
v -0.04656117 -0.05982184 0.07337157
v -0.04730899 -0.06086373 0.06908716
v -0.04656117 -0.05982184 0.07337157
v -0.05210248 -0.05645032 0.06997485
v -0.05646619 -0.05208550 0.06997862
v -0.05210248 -0.05645032 0.06997485
v -0.05134220 -0.05577253 0.07337157
v -0.06096358 -0.04712168 0.06916986
v -0.05982182 -0.04656121 0.07337157
v -0.06429873 -0.04200848 0.07003204
v -0.07169891 -0.02461429 0.07337157
v -0.07264244 -0.02490619 0.07006972
v -0.06942139 -0.03045106 0.07337157
v -0.07034167 -0.03086219 0.07000121
v -0.07445111 -0.01883897 0.07005638
v -0.07348665 -0.01860937 0.07337157
v -0.07493307 -0.01276663 0.07246412
v -0.07653316 -0.00636135 0.07005760
v -0.07554739 -0.00626006 0.07337157
v -0.07603627 -0.00025066 0.07235765
v -0.07551617 0.01319770 0.07047140
v -0.07477241 0.01247729 0.07337157
v -0.07377650 0.01829037 0.07248314
v -0.07264369 0.02493860 0.07003206
v -0.07169893 0.02461425 0.07337157
v -0.07264369 0.02493860 0.07003206
v -0.07377650 0.01829037 0.07248314
v -0.06666968 0.03607979 0.07337157
v -0.06734620 0.03697498 0.06992325
v -0.07033347 0.03090530 0.06996675
v -0.06346251 0.04146211 0.07337157
v -0.06429876 0.04200845 0.07003204
v -0.06666968 0.03607979 0.07337157
v -0.06734620 0.03697498 0.06992325
v -0.05645032 0.05210249 0.06997485
v -0.05577253 0.05134220 0.07337157
v -0.05208549 0.05646620 0.06997860
v -0.05134223 0.05577250 0.07337156
v -0.05208549 0.05646620 0.06997860
v -0.05134223 0.05577250 0.07337156
v -0.04656121 0.05982182 0.07337156
v -0.05208549 0.05646620 0.06997860
v -0.04656121 0.05982182 0.07337156
v -0.04712169 0.06096359 0.06916985
v -0.03085237 0.07033614 0.07003201
v -0.03680490 0.06751398 0.06971483
v -0.03607983 0.06666966 0.07337156
v -0.03607983 0.06666966 0.07337156
v -0.03680490 0.06751398 0.06971483
v -0.04146214 0.06346249 0.07337156
v -0.04200849 0.06429874 0.07003204
v -0.04146214 0.06346249 0.07337156
v -0.04200849 0.06429874 0.07003204
v -0.04656121 0.05982182 0.07337156
v -0.04712169 0.06096359 0.06916985
v -0.02494813 0.07264603 0.07001467
v -0.03085237 0.07033614 0.07003201
v -0.03045107 0.06942139 0.07337156
v -0.01887849 0.07448428 0.06991849
v -0.01860937 0.07348665 0.07337156
v -0.01269151 0.07494692 0.07245605
v -0.00011568 0.07603522 0.07235739
v -0.00648615 0.07658320 0.06984634
v -0.00626006 0.07554739 0.07337156
v -0.00011568 0.07603522 0.07235739
v 0.00026720 0.07508586 0.07772190
v 0.00621007 0.07494468 0.07680439
v 0.00626001 0.07554739 0.07337156
v 0.01262231 0.07401781 0.07772194
v 0.01228273 0.07503956 0.07235099
v 0.01228273 0.07503956 0.07235099
v 0.01262231 0.07401781 0.07772194
v 0.01846087 0.07290039 0.07680439
v 0.01860932 0.07348666 0.07337156
v 0.01860932 0.07348666 0.07337156
v 0.01846087 0.07290039 0.07680439
v 0.02441788 0.07112692 0.07680439
v 0.02461425 0.07169893 0.07337156
v 0.03607979 0.06666968 0.07337156
v 0.03579194 0.06613780 0.07680439
v 0.04113132 0.06295622 0.07680439
v 0.05577250 0.05134223 0.07337157
v 0.05577250 0.05134223 0.07337157
v 0.05134220 0.05577253 0.07337156
v 0.05532755 0.05093263 0.07680439
v 0.05532755 0.05093263 0.07680439
v 0.05134220 0.05577253 0.07337156
v 0.05105085 0.05506148 0.07772194
v 0.06096358 0.04712169 0.06916985
v 0.05646619 0.05208550 0.06997861
v 0.05982182 0.04656122 0.07337157
v 0.05982182 0.04656122 0.07337157
v 0.05646619 0.05208550 0.06997861
v 0.05577250 0.05134223 0.07337157
v 0.05982182 0.04656122 0.07337157
v 0.05577250 0.05134223 0.07337157
v 0.05941740 0.04590783 0.07772192
v 0.05532755 0.05093263 0.07680439
v 0.06666965 0.03607984 0.07337157
v 0.06611521 0.03560352 0.07770048
v 0.06886756 0.03020813 0.07680439
v 0.07348665 0.01860938 0.07337157
v 0.07285384 0.01817346 0.07772187
v 0.07417587 0.01237780 0.07680439
v 0.07494524 0.01284871 0.07235468
v 0.07348665 0.01860938 0.07337157
v 0.07417587 0.01237780 0.07680439
v 0.07494524 0.01284871 0.07235468
v 0.07417587 0.01237780 0.07680439
v 0.07494467 0.00621012 0.07680439
v 0.06590888 -0.03597191 0.07772190
v 0.06942141 -0.03045102 0.07337157
v 0.06886758 -0.03020808 0.07680439
v 0.06886758 -0.03020808 0.07680439
v 0.06942141 -0.03045102 0.07337157
v 0.07169893 -0.02461424 0.07337157
v 0.07112691 -0.02441788 0.07680439
v 0.07112691 -0.02441788 0.07680439
v 0.07169893 -0.02461424 0.07337157
v 0.07348666 -0.01860932 0.07337157
v 0.07112691 -0.02441788 0.07680439
v 0.07348666 -0.01860932 0.07337157
v 0.07272266 -0.01869148 0.07772189
v 0.07272266 -0.01869148 0.07772189
v 0.07348666 -0.01860932 0.07337157
v 0.07501922 -0.01224847 0.07246571
v 0.07272266 -0.01869148 0.07772189
v 0.07501922 -0.01224847 0.07246571
v 0.07417588 -0.01237774 0.07680439
v 0.05577253 -0.05134219 0.07337157
v 0.05532758 -0.05093259 0.07680439
v 0.05093263 -0.05532754 0.07680439
v 0.05134223 -0.05577249 0.07337157
v 0.05134223 -0.05577249 0.07337157
v 0.05093263 -0.05532754 0.07680439
v 0.04600014 -0.05935332 0.07770050
v 0.05134223 -0.05577249 0.07337157
v 0.04600014 -0.05935332 0.07770050
v 0.04656121 -0.05982181 0.07337157
v 0.04656121 -0.05982181 0.07337157
v 0.04600014 -0.05935332 0.07770050
v 0.04113136 -0.06295619 0.07680439
v 0.04656121 -0.05982181 0.07337157
v 0.04113136 -0.06295619 0.07680439
v 0.04146214 -0.06346248 0.07337157
v 0.04146214 -0.06346248 0.07337157
v 0.04113136 -0.06295619 0.07680439
v 0.03579199 -0.06613777 0.07680439
v 0.03607983 -0.06666965 0.07337157
v 0.02461429 -0.07169891 0.07337157
v 0.02461429 -0.07169891 0.07337157
v 0.03045107 -0.06942139 0.07337157
v 0.02441793 -0.07112690 0.07680439
v 0.02441793 -0.07112690 0.07680439
v 0.03045107 -0.06942139 0.07337157
v 0.02991695 -0.06886895 0.07772196
v 0.01869560 -0.07445280 0.07015861
v 0.02490064 -0.07269961 0.06989369
v 0.01860937 -0.07348665 0.07337157
v 0.01860937 -0.07348665 0.07337157
v 0.02490064 -0.07269961 0.06989369
v 0.02461429 -0.07169891 0.07337157
v 0.01860937 -0.07348665 0.07337157
v 0.02461429 -0.07169891 0.07337157
v 0.01846091 -0.07290037 0.07680439
v 0.02441793 -0.07112690 0.07680439
v 0.00026338 -0.07601246 0.07246405
v 0.00626006 -0.07554738 0.07337157
v -0.00026720 -0.07508585 0.07772190
v -0.00026720 -0.07508585 0.07772190
v 0.00626006 -0.07554738 0.07337157
v 0.00604659 -0.07484830 0.07770049
v -0.00626001 -0.07554739 0.07337157
v -0.00633614 -0.07656022 0.06997637
v 0.00026338 -0.07601246 0.07246405
v -0.00626001 -0.07554739 0.07337157
v 0.00026338 -0.07601246 0.07246405
v -0.00621007 -0.07494467 0.07680439
v -0.00026720 -0.07508585 0.07772190
v -0.01860932 -0.07348666 0.07337157
v -0.01865303 -0.07444780 0.07020456
v -0.01232583 -0.07500721 0.07245921
v -0.01860932 -0.07348666 0.07337157
v -0.01232583 -0.07500721 0.07245921
v -0.01846087 -0.07290038 0.07680439
v -0.01262229 -0.07401780 0.07772195
v -0.02461425 -0.07169893 0.07337157
v -0.02488165 -0.07270096 0.06990645
v -0.01860932 -0.07348666 0.07337157
v -0.02461425 -0.07169893 0.07337157
v -0.01860932 -0.07348666 0.07337157
v -0.02441788 -0.07112691 0.07680439
v -0.01846087 -0.07290038 0.07680439
v -0.03607979 -0.06666967 0.07337157
v -0.03579194 -0.06613779 0.07680439
v -0.04113132 -0.06295621 0.07680439
v -0.05577250 -0.05134223 0.07337157
v -0.05577250 -0.05134223 0.07337157
v -0.05134220 -0.05577253 0.07337157
v -0.05532755 -0.05093262 0.07680439
v -0.05093259 -0.05532758 0.07680439
v -0.06096358 -0.04712168 0.06916986
v -0.05646619 -0.05208550 0.06997862
v -0.05982182 -0.04656121 0.07337157
v -0.05982182 -0.04656121 0.07337157
v -0.05646619 -0.05208550 0.06997862
v -0.05577250 -0.05134223 0.07337157
v -0.05982182 -0.04656121 0.07337157
v -0.05577250 -0.05134223 0.07337157
v -0.05941740 -0.04590782 0.07772192
v -0.05532755 -0.05093262 0.07680439
v -0.06666965 -0.03607983 0.07337157
v -0.06611521 -0.03560351 0.07770048
v -0.06886756 -0.03020813 0.07680439
v -0.07348665 -0.01860937 0.07337157
v -0.07285384 -0.01817345 0.07772187
v -0.07417587 -0.01237779 0.07680439
v -0.07493307 -0.01276663 0.07246412
v -0.07348665 -0.01860937 0.07337157
v -0.07417587 -0.01237779 0.07680439
v -0.07493307 -0.01276663 0.07246412
v -0.07417587 -0.01237779 0.07680439
v -0.07494467 -0.00621011 0.07680439
v -0.06590888 0.03597192 0.07772190
v -0.06942141 0.03045103 0.07337157
v -0.06886758 0.03020809 0.07680439
v -0.06886758 0.03020809 0.07680439
v -0.06942141 0.03045103 0.07337157
v -0.07169893 0.02461425 0.07337157
v -0.07112691 0.02441788 0.07680439
v -0.07112691 0.02441788 0.07680439
v -0.07169893 0.02461425 0.07337157
v -0.07377650 0.01829037 0.07248314
v -0.07272266 0.01869149 0.07772189
v -0.07272266 0.01869149 0.07772189
v -0.07377650 0.01829037 0.07248314
v -0.07477241 0.01247729 0.07337157
v -0.07272266 0.01869149 0.07772189
v -0.07477241 0.01247729 0.07337157
v -0.07417588 0.01237775 0.07680439
v -0.05577253 0.05134220 0.07337157
v -0.05532758 0.05093259 0.07680439
v -0.05093263 0.05532755 0.07680439
v -0.05134223 0.05577250 0.07337156
v -0.05134223 0.05577250 0.07337156
v -0.05093263 0.05532755 0.07680439
v -0.04600014 0.05935333 0.07770050
v -0.05134223 0.05577250 0.07337156
v -0.04600014 0.05935333 0.07770050
v -0.04656121 0.05982182 0.07337156
v -0.04656121 0.05982182 0.07337156
v -0.04600014 0.05935333 0.07770050
v -0.04113136 0.06295619 0.07680439
v -0.04656121 0.05982182 0.07337156
v -0.04113136 0.06295619 0.07680439
v -0.04146214 0.06346249 0.07337156
v -0.04146214 0.06346249 0.07337156
v -0.04113136 0.06295619 0.07680439
v -0.03579199 0.06613777 0.07680439
v -0.03607983 0.06666966 0.07337156
v -0.02461429 0.07169892 0.07337156
v -0.02461429 0.07169892 0.07337156
v -0.03045107 0.06942139 0.07337156
v -0.02441793 0.07112690 0.07680439
v -0.02441793 0.07112690 0.07680439
v -0.03045107 0.06942139 0.07337156
v -0.02991695 0.06886896 0.07772196
v -0.01887849 0.07448428 0.06991849
v -0.02494813 0.07264603 0.07001467
v -0.01860937 0.07348665 0.07337156
v -0.02461429 0.07169892 0.07337156
v -0.01860937 0.07348665 0.07337156
v -0.02461429 0.07169892 0.07337156
v -0.01846091 0.07290038 0.07680439
v -0.02441793 0.07112690 0.07680439
v -0.00604658 0.07484831 0.07770048
v 0.00026720 0.07508586 0.07772190
v -0.00626006 0.07554739 0.07337156
v -0.00626006 0.07554739 0.07337156
v 0.00026720 0.07508586 0.07772190
v -0.00011568 0.07603522 0.07235739
v 0.00619339 0.07474288 0.08028419
v 0.01262231 0.07401781 0.07772194
v 0.00621007 0.07494468 0.07680439
v 0.00621007 0.07494468 0.07680439
v 0.01262231 0.07401781 0.07772194
v 0.00626001 0.07554739 0.07337156
v 0.00626001 0.07554739 0.07337156
v -0.00011568 0.07603522 0.07235739
v 0.00626001 0.07554739 0.07337156
v 0.00645331 0.07659548 0.06982120
v 0.02435209 0.07093539 0.08028419
v 0.02441788 0.07112692 0.07680439
v 0.01841118 0.07270408 0.08028426
v 0.01846087 0.07290039 0.07680439
v 0.01841118 0.07270408 0.08028426
v 0.01846087 0.07290039 0.07680439
v 0.01262231 0.07401781 0.07772194
v 0.02441788 0.07112692 0.07680439
v 0.02435209 0.07093539 0.08028419
v 0.03040635 0.06865429 0.07772196
v 0.02441788 0.07112692 0.07680439
v 0.03040635 0.06865429 0.07772196
v 0.02461425 0.07169893 0.07337156
v 0.02461425 0.07169893 0.07337156
v 0.03040635 0.06865429 0.07772196
v 0.03045102 0.06942141 0.07337156
v 0.03045102 0.06942141 0.07337156
v 0.03040635 0.06865429 0.07772196
v 0.03579194 0.06613780 0.07680439
v 0.03045102 0.06942141 0.07337156
v 0.03045102 0.06942141 0.07337156
v 0.03579194 0.06613780 0.07680439
v 0.03607979 0.06666968 0.07337156
v 0.03045102 0.06942141 0.07337156
v 0.03607979 0.06666968 0.07337156
v 0.03085184 0.07034024 0.07002027
v 0.03085184 0.07034024 0.07002027
v 0.03607979 0.06666968 0.07337156
v 0.03714754 0.06727074 0.06985723
v 0.03040635 0.06865429 0.07772196
v 0.03569557 0.06595970 0.08028423
v 0.03579194 0.06613780 0.07680439
v 0.03579194 0.06613780 0.07680439
v 0.03569557 0.06595970 0.08028423
v 0.04113132 0.06295622 0.07680439
v 0.04102055 0.06278669 0.08028420
v 0.04146210 0.06346251 0.07337156
v 0.04146210 0.06346251 0.07337156
v 0.04113132 0.06295622 0.07680439
v 0.04618972 0.05934459 0.07680439
v 0.04113132 0.06295622 0.07680439
v 0.04102055 0.06278669 0.08028420
v 0.04606532 0.05918480 0.08028425
v 0.04618972 0.05934459 0.07680439
v 0.04606532 0.05918480 0.08028425
v 0.05105085 0.05506148 0.07772194
v 0.04618972 0.05934459 0.07680439
v 0.05105085 0.05506148 0.07772194
v 0.04656117 0.05982185 0.07337156
v 0.04656117 0.05982185 0.07337156
v 0.05105085 0.05506148 0.07772194
v 0.05134220 0.05577253 0.07337156
v 0.04656117 0.05982185 0.07337156
v 0.05134220 0.05577253 0.07337156
v 0.05210248 0.05645033 0.06997485
v 0.05517857 0.05079547 0.08028417
v 0.05941740 0.04590783 0.07772192
v 0.05532755 0.05093263 0.07680439
v 0.05517857 0.05079547 0.08028417
v 0.05532755 0.05093263 0.07680439
v 0.05105085 0.05506148 0.07772194
v 0.05941740 0.04590783 0.07772192
v 0.06278667 0.04102058 0.08028420
v 0.06295619 0.04113136 0.07680439
v 0.05941740 0.04590783 0.07772192
v 0.06295619 0.04113136 0.07680439
v 0.05982182 0.04656122 0.07337157
v 0.05982182 0.04656122 0.07337157
v 0.06295619 0.04113136 0.07680439
v 0.06346248 0.04146215 0.07337157
v 0.06346248 0.04146215 0.07337157
v 0.06429873 0.04200849 0.07003204
v 0.06346248 0.04146215 0.07337157
v 0.06747152 0.03682740 0.06980064
v 0.06295619 0.04113136 0.07680439
v 0.06278667 0.04102058 0.08028420
v 0.06611521 0.03560352 0.07770048
v 0.06295619 0.04113136 0.07680439
v 0.06611521 0.03560352 0.07770048
v 0.06346248 0.04146215 0.07337157
v 0.06346248 0.04146215 0.07337157
v 0.06611521 0.03560352 0.07770048
v 0.06666965 0.03607984 0.07337157
v 0.06666965 0.03607984 0.07337157
v 0.06886756 0.03020813 0.07680439
v 0.06611521 0.03560352 0.07770048
v 0.06868209 0.03012681 0.08028423
v 0.07032355 0.03091620 0.06997942
v 0.06666965 0.03607984 0.07337157
v 0.06942139 0.03045107 0.07337157
v 0.06942139 0.03045107 0.07337157
v 0.06666965 0.03607984 0.07337157
v 0.06886756 0.03020813 0.07680439
v 0.06886756 0.03020813 0.07680439
v 0.07112690 0.02441793 0.07680439
v 0.06886756 0.03020813 0.07680439
v 0.06868209 0.03012681 0.08028423
v 0.07093537 0.02435220 0.08028416
v 0.07112690 0.02441793 0.07680439
v 0.07093537 0.02435220 0.08028416
v 0.07285384 0.01817346 0.07772187
v 0.07112690 0.02441793 0.07680439
v 0.07285384 0.01817346 0.07772187
v 0.07169891 0.02461430 0.07337157
v 0.07169891 0.02461430 0.07337157
v 0.07285384 0.01817346 0.07772187
v 0.07348665 0.01860938 0.07337157
v 0.07169891 0.02461430 0.07337157
v 0.07348665 0.01860938 0.07337157
v 0.07266808 0.02494114 0.06995176
v 0.07454480 0.01879441 0.06978466
v 0.07285384 0.01817346 0.07772187
v 0.07397613 0.01234450 0.08028423
v 0.07417587 0.01237780 0.07680439
v 0.07417587 0.01237780 0.07680439
v 0.07397613 0.01234450 0.08028423
v 0.07494467 0.00621012 0.07680439
v 0.07474288 0.00619336 0.08028425
v 0.07654288 0.00634252 0.07003204
v 0.07494524 0.01284871 0.07235468
v 0.07554739 0.00626006 0.07337157
v 0.07554739 0.00626006 0.07337157
v 0.07494524 0.01284871 0.07235468
v 0.07494467 0.00621012 0.07680439
v 0.07554739 0.00626006 0.07337157
v 0.07494467 0.00621012 0.07680439
v 0.07508585 -0.00026718 0.07772190
v 0.07508585 -0.00026718 0.07772190
v 0.07494467 0.00621012 0.07680439
v 0.07474288 0.00619336 0.08028425
v 0.07508585 -0.00026718 0.07772190
v 0.07474288 -0.00619330 0.08028423
v 0.07494468 -0.00621007 0.07680439
v 0.07508585 -0.00026718 0.07772190
v 0.07494468 -0.00621007 0.07680439
v 0.07603119 -0.00002754 0.07236996
v 0.07554739 -0.00626001 0.07337157
v 0.07603119 -0.00002754 0.07236996
v 0.07554739 -0.00626001 0.07337157
v 0.07653614 -0.00635456 0.07005058
v 0.07494468 -0.00621007 0.07680439
v 0.07474288 -0.00619330 0.08028423
v 0.07417588 -0.01237774 0.07680439
v 0.07494468 -0.00621007 0.07680439
v 0.07417588 -0.01237774 0.07680439
v 0.07554739 -0.00626001 0.07337157
v 0.07554739 -0.00626001 0.07337157
v 0.07417588 -0.01237774 0.07680439
v 0.07501922 -0.01224847 0.07246571
v 0.07554739 -0.00626001 0.07337157
v 0.07501922 -0.01224847 0.07246571
v 0.07653614 -0.00635456 0.07005058
v 0.07397614 -0.01234444 0.08028417
v 0.07417588 -0.01237774 0.07680439
v 0.07397614 -0.01234444 0.08028417
v 0.07272266 -0.01869148 0.07772189
v 0.07112691 -0.02441788 0.07680439
v 0.07272266 -0.01869148 0.07772189
v 0.07093539 -0.02435211 0.08028423
v 0.07112691 -0.02441788 0.07680439
v 0.07093539 -0.02435211 0.08028423
v 0.06868211 -0.03012677 0.08028422
v 0.06886758 -0.03020808 0.07680439
v 0.06886758 -0.03020808 0.07680439
v 0.06868211 -0.03012677 0.08028422
v 0.06590888 -0.03597191 0.07772190
v 0.07034285 -0.03086061 0.07000008
v 0.06942141 -0.03045102 0.07337157
v 0.06666968 -0.03607979 0.07337157
v 0.06666968 -0.03607979 0.07337157
v 0.06666968 -0.03607979 0.07337157
v 0.06590888 -0.03597191 0.07772190
v 0.06295622 -0.04113131 0.07680439
v 0.06295622 -0.04113131 0.07680439
v 0.06590888 -0.03597191 0.07772190
v 0.06278669 -0.04102054 0.08028420
v 0.06295622 -0.04113131 0.07680439
v 0.06278669 -0.04102054 0.08028420
v 0.05908918 -0.04632953 0.07772193
v 0.06295622 -0.04113131 0.07680439
v 0.05908918 -0.04632953 0.07772193
v 0.06346251 -0.04146210 0.07337157
v 0.05982185 -0.04656117 0.07337157
v 0.05982185 -0.04656117 0.07337157
v 0.05908918 -0.04632953 0.07772193
v 0.05532758 -0.05093259 0.07680439
v 0.05982185 -0.04656117 0.07337157
v 0.05982185 -0.04656117 0.07337157
v 0.05532758 -0.05093259 0.07680439
v 0.05577253 -0.05134219 0.07337157
v 0.05982185 -0.04656117 0.07337157
v 0.05577253 -0.05134219 0.07337157
v 0.05645032 -0.05210248 0.06997485
v 0.05908918 -0.04632953 0.07772193
v 0.05517860 -0.05079543 0.08028419
v 0.05532758 -0.05093259 0.07680439
v 0.05532758 -0.05093259 0.07680439
v 0.05517860 -0.05079543 0.08028419
v 0.05093263 -0.05532754 0.07680439
v 0.05079546 -0.05517856 0.08028422
v 0.05093263 -0.05532754 0.07680439
v 0.05079546 -0.05517856 0.08028422
v 0.04600014 -0.05935332 0.07770050
v 0.03569562 -0.06595967 0.08028417
v 0.03579199 -0.06613777 0.07680439
v 0.04102061 -0.06278665 0.08028420
v 0.04113136 -0.06295619 0.07680439
v 0.04102061 -0.06278665 0.08028420
v 0.04113136 -0.06295619 0.07680439
v 0.04600014 -0.05935332 0.07770050
v 0.03579199 -0.06613777 0.07680439
v 0.03569562 -0.06595967 0.08028417
v 0.02991695 -0.06886895 0.07772196
v 0.03579199 -0.06613777 0.07680439
v 0.02991695 -0.06886895 0.07772196
v 0.03607983 -0.06666965 0.07337157
v 0.03607983 -0.06666965 0.07337157
v 0.02991695 -0.06886895 0.07772196
v 0.03045107 -0.06942139 0.07337157
v 0.03607983 -0.06666965 0.07337157
v 0.03045107 -0.06942139 0.07337157
v 0.03088643 -0.07033482 0.06998747
v 0.01841121 -0.07270406 0.08028423
v 0.01846091 -0.07290037 0.07680439
v 0.02435215 -0.07093537 0.08028423
v 0.02441793 -0.07112690 0.07680439
v 0.02435215 -0.07093537 0.08028423
v 0.02441793 -0.07112690 0.07680439
v 0.02991695 -0.06886895 0.07772196
v 0.01846091 -0.07290037 0.07680439
v 0.01841121 -0.07270406 0.08028423
v 0.01237779 -0.07417587 0.07680439
v 0.01846091 -0.07290037 0.07680439
v 0.01237779 -0.07417587 0.07680439
v 0.01860937 -0.07348665 0.07337157
v 0.01860937 -0.07348665 0.07337157
v 0.01237779 -0.07417587 0.07680439
v 0.01284067 -0.07491885 0.07247468
v 0.01234442 -0.07397614 0.08028422
v 0.01237779 -0.07417587 0.07680439
v 0.01234442 -0.07397614 0.08028422
v 0.00604659 -0.07484830 0.07770049
v 0.01237779 -0.07417587 0.07680439
v 0.00604659 -0.07484830 0.07770049
v 0.01284067 -0.07491885 0.07247468
v 0.01284067 -0.07491885 0.07247468
v 0.00604659 -0.07484830 0.07770049
v 0.00626006 -0.07554738 0.07337157
v 0.01284067 -0.07491885 0.07247468
v 0.00626006 -0.07554738 0.07337157
v 0.00631766 -0.07656475 0.06996827
v -0.00619340 -0.07474287 0.08028423
v -0.00621007 -0.07494467 0.07680439
v -0.00026720 -0.07508585 0.07772190
v -0.00621007 -0.07494467 0.07680439
v -0.00619340 -0.07474287 0.08028423
v -0.01262229 -0.07401780 0.07772195
v -0.00621007 -0.07494467 0.07680439
v -0.01262229 -0.07401780 0.07772195
v -0.00626001 -0.07554739 0.07337157
v -0.00626001 -0.07554739 0.07337157
v -0.01262229 -0.07401780 0.07772195
v -0.01232583 -0.07500721 0.07245921
v -0.00626001 -0.07554739 0.07337157
v -0.01232583 -0.07500721 0.07245921
v -0.00633614 -0.07656022 0.06997637
v -0.02435209 -0.07093539 0.08028420
v -0.02441788 -0.07112691 0.07680439
v -0.01841118 -0.07270408 0.08028426
v -0.01846087 -0.07290038 0.07680439
v -0.01841118 -0.07270408 0.08028426
v -0.01846087 -0.07290038 0.07680439
v -0.01262229 -0.07401780 0.07772195
v -0.02441788 -0.07112691 0.07680439
v -0.02435209 -0.07093539 0.08028420
v -0.03040635 -0.06865428 0.07772196
v -0.02441788 -0.07112691 0.07680439
v -0.03040635 -0.06865428 0.07772196
v -0.02461425 -0.07169893 0.07337157
v -0.02461425 -0.07169893 0.07337157
v -0.03040635 -0.06865428 0.07772196
v -0.03045102 -0.06942141 0.07337157
v -0.03045102 -0.06942141 0.07337157
v -0.03040635 -0.06865428 0.07772196
v -0.03579194 -0.06613779 0.07680439
v -0.03045102 -0.06942141 0.07337157
v -0.03045102 -0.06942141 0.07337157
v -0.03579194 -0.06613779 0.07680439
v -0.03607979 -0.06666967 0.07337157
v -0.03045102 -0.06942141 0.07337157
v -0.03607979 -0.06666967 0.07337157
v -0.03088001 -0.07034008 0.06998156
v -0.03088001 -0.07034008 0.06998156
v -0.03607979 -0.06666967 0.07337157
v -0.03674439 -0.06744844 0.07000810
v -0.03040635 -0.06865428 0.07772196
v -0.03569557 -0.06595969 0.08028424
v -0.03579194 -0.06613779 0.07680439
v -0.03579194 -0.06613779 0.07680439
v -0.03569557 -0.06595969 0.08028424
v -0.04113132 -0.06295621 0.07680439
v -0.04102055 -0.06278669 0.08028421
v -0.04146210 -0.06346251 0.07337157
v -0.04146210 -0.06346251 0.07337157
v -0.04113132 -0.06295621 0.07680439
v -0.04632955 -0.05908916 0.07772192
v -0.04113132 -0.06295621 0.07680439
v -0.04102055 -0.06278669 0.08028421
v -0.04632955 -0.05908916 0.07772192
v -0.05079543 -0.05517859 0.08028420
v -0.05093259 -0.05532758 0.07680439
v -0.04632955 -0.05908916 0.07772192
v -0.05093259 -0.05532758 0.07680439
v -0.04656117 -0.05982184 0.07337157
v -0.04656117 -0.05982184 0.07337157
v -0.05093259 -0.05532758 0.07680439
v -0.05134220 -0.05577253 0.07337157
v -0.04656117 -0.05982184 0.07337157
v -0.05134220 -0.05577253 0.07337157
v -0.05210248 -0.05645032 0.06997485
v -0.05517857 -0.05079546 0.08028418
v -0.05941740 -0.04590782 0.07772192
v -0.05532755 -0.05093262 0.07680439
v -0.05517857 -0.05079546 0.08028418
v -0.05532755 -0.05093262 0.07680439
v -0.05093259 -0.05532758 0.07680439
v -0.05079543 -0.05517859 0.08028420
v -0.05941740 -0.04590782 0.07772192
v -0.06278667 -0.04102058 0.08028420
v -0.06295619 -0.04113135 0.07680439
v -0.05941740 -0.04590782 0.07772192
v -0.06295619 -0.04113135 0.07680439
v -0.05982182 -0.04656121 0.07337157
v -0.05982182 -0.04656121 0.07337157
v -0.06295619 -0.04113135 0.07680439
v -0.06346248 -0.04146214 0.07337157
v -0.06346248 -0.04146214 0.07337157
v -0.06429873 -0.04200848 0.07003204
v -0.06346248 -0.04146214 0.07337157
v -0.06753876 -0.03669888 0.06981997
v -0.06295619 -0.04113135 0.07680439
v -0.06278667 -0.04102058 0.08028420
v -0.06611521 -0.03560351 0.07770048
v -0.06295619 -0.04113135 0.07680439
v -0.06611521 -0.03560351 0.07770048
v -0.06346248 -0.04146214 0.07337157
v -0.06346248 -0.04146214 0.07337157
v -0.06611521 -0.03560351 0.07770048
v -0.06666965 -0.03607983 0.07337157
v -0.06666965 -0.03607983 0.07337157
v -0.06886756 -0.03020813 0.07680439
v -0.06611521 -0.03560351 0.07770048
v -0.06868209 -0.03012681 0.08028423
v -0.07034167 -0.03086219 0.07000121
v -0.06666965 -0.03607983 0.07337157
v -0.06942139 -0.03045106 0.07337157
v -0.06942139 -0.03045106 0.07337157
v -0.06666965 -0.03607983 0.07337157
v -0.06886756 -0.03020813 0.07680439
v -0.06886756 -0.03020813 0.07680439
v -0.07112690 -0.02441792 0.07680439
v -0.06886756 -0.03020813 0.07680439
v -0.06868209 -0.03012681 0.08028423
v -0.07093537 -0.02435219 0.08028416
v -0.07112690 -0.02441792 0.07680439
v -0.07093537 -0.02435219 0.08028416
v -0.07285384 -0.01817345 0.07772187
v -0.07112690 -0.02441792 0.07680439
v -0.07285384 -0.01817345 0.07772187
v -0.07169891 -0.02461429 0.07337157
v -0.07169891 -0.02461429 0.07337157
v -0.07285384 -0.01817345 0.07772187
v -0.07348665 -0.01860937 0.07337157
v -0.07169891 -0.02461429 0.07337157
v -0.07348665 -0.01860937 0.07337157
v -0.07264244 -0.02490619 0.07006972
v -0.07445111 -0.01883897 0.07005638
v -0.07285384 -0.01817345 0.07772187
v -0.07397613 -0.01234449 0.08028424
v -0.07417587 -0.01237779 0.07680439
v -0.07417587 -0.01237779 0.07680439
v -0.07397613 -0.01234449 0.08028424
v -0.07494467 -0.00621011 0.07680439
v -0.07474288 -0.00619335 0.08028425
v -0.07653316 -0.00636135 0.07005760
v -0.07493307 -0.01276663 0.07246412
v -0.07554739 -0.00626006 0.07337157
v -0.07554739 -0.00626006 0.07337157
v -0.07493307 -0.01276663 0.07246412
v -0.07494467 -0.00621011 0.07680439
v -0.07554739 -0.00626006 0.07337157
v -0.07494467 -0.00621011 0.07680439
v -0.07520153 -0.00000002 0.07680439
v -0.07520153 -0.00000002 0.07680439
v -0.07494467 -0.00621011 0.07680439
v -0.07474288 -0.00619335 0.08028425
v -0.07499903 -0.00000000 0.08028425
v -0.07520153 -0.00000002 0.07680439
v -0.07499903 -0.00000000 0.08028425
v -0.07480734 0.00646682 0.07772189
v -0.07520153 -0.00000002 0.07680439
v -0.07480734 0.00646682 0.07772189
v -0.07603627 -0.00025066 0.07235765
v -0.07603627 -0.00025066 0.07235765
v -0.07480734 0.00646682 0.07772189
v -0.07554739 0.00626001 0.07337157
v -0.07603627 -0.00025066 0.07235765
v -0.07554739 0.00626001 0.07337157
v -0.07658108 0.00637185 0.06989523
v -0.07480734 0.00646682 0.07772189
v -0.07417588 0.01237775 0.07680439
v -0.07554739 0.00626001 0.07337157
v -0.07554739 0.00626001 0.07337157
v -0.07417588 0.01237775 0.07680439
v -0.07477241 0.01247729 0.07337157
v -0.07554739 0.00626001 0.07337157
v -0.07477241 0.01247729 0.07337157
v -0.07658108 0.00637185 0.06989523
v -0.07658108 0.00637185 0.06989523
v -0.07477241 0.01247729 0.07337157
v -0.07551617 0.01319770 0.07047140
v -0.07480734 0.00646682 0.07772189
v -0.07397614 0.01234445 0.08028417
v -0.07417588 0.01237775 0.07680439
v -0.07417588 0.01237775 0.07680439
v -0.07397614 0.01234445 0.08028417
v -0.07272266 0.01869149 0.07772189
v -0.07112691 0.02441788 0.07680439
v -0.07272266 0.01869149 0.07772189
v -0.07093539 0.02435211 0.08028423
v -0.07112691 0.02441788 0.07680439
v -0.07093539 0.02435211 0.08028423
v -0.06868211 0.03012678 0.08028422
v -0.06886758 0.03020809 0.07680439
v -0.06886758 0.03020809 0.07680439
v -0.06868211 0.03012678 0.08028422
v -0.06590888 0.03597192 0.07772190
v -0.07033347 0.03090530 0.06996675
v -0.06942141 0.03045103 0.07337157
v -0.06666968 0.03607979 0.07337157
v -0.06666968 0.03607979 0.07337157
v -0.06666968 0.03607979 0.07337157
v -0.06590888 0.03597192 0.07772190
v -0.06295622 0.04113132 0.07680439
v -0.06295622 0.04113132 0.07680439
v -0.06590888 0.03597192 0.07772190
v -0.06278669 0.04102055 0.08028420
v -0.06295622 0.04113132 0.07680439
v -0.06278669 0.04102055 0.08028420
v -0.05908918 0.04632953 0.07772193
v -0.06295622 0.04113132 0.07680439
v -0.05908918 0.04632953 0.07772193
v -0.06346251 0.04146211 0.07337157
v -0.05982185 0.04656118 0.07337157
v -0.05982185 0.04656118 0.07337157
v -0.05908918 0.04632953 0.07772193
v -0.05532758 0.05093259 0.07680439
v -0.05982185 0.04656118 0.07337157
v -0.05982185 0.04656118 0.07337157
v -0.05532758 0.05093259 0.07680439
v -0.05577253 0.05134220 0.07337157
v -0.05982185 0.04656118 0.07337157
v -0.05577253 0.05134220 0.07337157
v -0.05645032 0.05210249 0.06997485
v -0.05908918 0.04632953 0.07772193
v -0.05517860 0.05079543 0.08028419
v -0.05532758 0.05093259 0.07680439
v -0.05532758 0.05093259 0.07680439
v -0.05517860 0.05079543 0.08028419
v -0.05093263 0.05532755 0.07680439
v -0.05079546 0.05517857 0.08028422
v -0.05093263 0.05532755 0.07680439
v -0.05079546 0.05517857 0.08028422
v -0.04600014 0.05935333 0.07770050
v -0.03569562 0.06595968 0.08028416
v -0.03579199 0.06613777 0.07680439
v -0.04102061 0.06278665 0.08028419
v -0.04113136 0.06295619 0.07680439
v -0.04102061 0.06278665 0.08028419
v -0.04113136 0.06295619 0.07680439
v -0.04600014 0.05935333 0.07770050
v -0.03579199 0.06613777 0.07680439
v -0.03569562 0.06595968 0.08028416
v -0.02991695 0.06886896 0.07772196
v -0.03579199 0.06613777 0.07680439
v -0.02991695 0.06886896 0.07772196
v -0.03607983 0.06666966 0.07337156
v -0.03607983 0.06666966 0.07337156
v -0.02991695 0.06886896 0.07772196
v -0.03045107 0.06942139 0.07337156
v -0.03607983 0.06666966 0.07337156
v -0.03045107 0.06942139 0.07337156
v -0.03085237 0.07033614 0.07003201
v -0.01841121 0.07270407 0.08028422
v -0.01846091 0.07290038 0.07680439
v -0.02435215 0.07093538 0.08028422
v -0.02441793 0.07112690 0.07680439
v -0.02435215 0.07093538 0.08028422
v -0.02441793 0.07112690 0.07680439
v -0.02991695 0.06886896 0.07772196
v -0.01846091 0.07290038 0.07680439
v -0.01841121 0.07270407 0.08028422
v -0.01237779 0.07417588 0.07680439
v -0.01846091 0.07290038 0.07680439
v -0.01237779 0.07417588 0.07680439
v -0.01860937 0.07348665 0.07337156
v -0.01860937 0.07348665 0.07337156
v -0.01237779 0.07417588 0.07680439
v -0.01269151 0.07494692 0.07245605
v -0.01234443 0.07397615 0.08028416
v -0.01237779 0.07417588 0.07680439
v -0.01234443 0.07397615 0.08028416
v -0.00604658 0.07484831 0.07770048
v -0.01237779 0.07417588 0.07680439
v -0.00604658 0.07484831 0.07770048
v -0.01269151 0.07494692 0.07245605
v -0.01269151 0.07494692 0.07245605
v -0.00604658 0.07484831 0.07770048
v -0.00626006 0.07554739 0.07337156
v -0.01269151 0.07494692 0.07245605
v -0.00626006 0.07554739 0.07337156
v -0.00648615 0.07658320 0.06984634
v 0.00621007 0.07494468 0.07680439
v 0.00026720 0.07508586 0.07772190
v 0.00619339 0.07474288 0.08028419
v -0.00604658 0.07484831 0.07770048
v -0.00621168 0.07469463 0.08485284
v 0.00026720 0.07508586 0.07772190
v -0.00002265 0.07495246 0.08485284
v 0.00026720 0.07508586 0.07772190
v -0.00002265 0.07495246 0.08485284
v 0.00619339 0.07474288 0.08028419
v 0.00619339 0.07474288 0.08028419
v -0.00002265 0.07495246 0.08485284
v 0.00621664 0.07470340 0.08483904
v 0.00619339 0.07474288 0.08028419
v 0.00621664 0.07470340 0.08483904
v 0.01227211 0.07394800 0.08484789
v 0.00619339 0.07474288 0.08028419
v 0.01227211 0.07394800 0.08484789
v 0.01262231 0.07401781 0.07772194
v 0.01262231 0.07401781 0.07772194
v 0.01227211 0.07394800 0.08484789
v 0.01841118 0.07270408 0.08028426
v 0.01841118 0.07270408 0.08028426
v 0.01227211 0.07394800 0.08484789
v 0.01839565 0.07270246 0.08476254
v 0.01841118 0.07270408 0.08028426
v 0.01839565 0.07270246 0.08476254
v 0.02435209 0.07093539 0.08028419
v 0.02435209 0.07093539 0.08028419
v 0.01839565 0.07270246 0.08476254
v 0.02438056 0.07088194 0.08484232
v 0.02435209 0.07093539 0.08028419
v 0.02438056 0.07088194 0.08484232
v 0.03006979 0.06866482 0.08484744
v 0.02435209 0.07093539 0.08028419
v 0.03006979 0.06866482 0.08484744
v 0.03040635 0.06865429 0.07772196
v 0.03040635 0.06865429 0.07772196
v 0.03006979 0.06866482 0.08484744
v 0.03569557 0.06595970 0.08028423
v 0.03569557 0.06595970 0.08028423
v 0.03006979 0.06866482 0.08484744
v 0.03563705 0.06594727 0.08484747
v 0.03569557 0.06595970 0.08028423
v 0.03563705 0.06594727 0.08484747
v 0.04102055 0.06278669 0.08028420
v 0.04116199 0.06264628 0.08484847
v 0.04102055 0.06278669 0.08028420
v 0.04116199 0.06264628 0.08484847
v 0.04606532 0.05918480 0.08028425
v 0.04619473 0.05903305 0.08484853
v 0.04606532 0.05918480 0.08028425
v 0.04619473 0.05903305 0.08484853
v 0.05105085 0.05506148 0.07772194
v 0.05105085 0.05506148 0.07772194
v 0.04619473 0.05903305 0.08484853
v 0.05091198 0.05501646 0.08484857
v 0.05105085 0.05506148 0.07772194
v 0.05091198 0.05501646 0.08484857
v 0.05517857 0.05079547 0.08028417
v 0.05517857 0.05079547 0.08028417
v 0.05091198 0.05501646 0.08484857
v 0.05520176 0.05070049 0.08485330
v 0.05517857 0.05079547 0.08028417
v 0.05520176 0.05070049 0.08485330
v 0.05941740 0.04590783 0.07772192
v 0.05941740 0.04590783 0.07772192
v 0.05520176 0.05070049 0.08485330
v 0.05919993 0.04596872 0.08485339
v 0.05941740 0.04590783 0.07772192
v 0.05919993 0.04596872 0.08485339
v 0.06278667 0.04102058 0.08028420
v 0.06278667 0.04102058 0.08028420
v 0.05919993 0.04596872 0.08485339
v 0.06278190 0.04101982 0.08476062
v 0.06278667 0.04102058 0.08028420
v 0.06278190 0.04101982 0.08476062
v 0.06611521 0.03560352 0.07770048
v 0.06611521 0.03560352 0.07770048
v 0.06278190 0.04101982 0.08476062
v 0.06590098 0.03570400 0.08485355
v 0.06611521 0.03560352 0.07770048
v 0.06590098 0.03570400 0.08485355
v 0.06868209 0.03012681 0.08028423
v 0.06868209 0.03012681 0.08028423
v 0.06590098 0.03570400 0.08485355
v 0.06869689 0.03001364 0.08483424
v 0.06868209 0.03012681 0.08028423
v 0.06869689 0.03001364 0.08483424
v 0.07093537 0.02435220 0.08028416
v 0.07096068 0.02415166 0.08484902
v 0.07093537 0.02435220 0.08028416
v 0.07096068 0.02415166 0.08484902
v 0.07285384 0.01817346 0.07772187
v 0.07285384 0.01817346 0.07772187
v 0.07096068 0.02415166 0.08484902
v 0.07267828 0.01831630 0.08485395
v 0.07285384 0.01817346 0.07772187
v 0.07267828 0.01831630 0.08485395
v 0.07397613 0.01234450 0.08028423
v 0.07397613 0.01234450 0.08028423
v 0.07267828 0.01831630 0.08485395
v 0.07395949 0.01237310 0.08479176
v 0.07397613 0.01234450 0.08028423
v 0.07395949 0.01237310 0.08479176
v 0.07474288 0.00619336 0.08028425
v 0.07474288 0.00619336 0.08028425
v 0.07395949 0.01237310 0.08479176
v 0.07471935 0.00608413 0.08483450
v 0.07474288 0.00619336 0.08028425
v 0.07471935 0.00608413 0.08483450
v 0.07508585 -0.00026718 0.07772190
v 0.07508585 -0.00026718 0.07772190
v 0.07471935 0.00608413 0.08483450
v 0.07499356 -0.00001236 0.08476281
v 0.07508585 -0.00026718 0.07772190
v 0.07499356 -0.00001236 0.08476281
v 0.07474288 -0.00619330 0.08028423
v 0.07474288 -0.00619330 0.08028423
v 0.07499356 -0.00001236 0.08476281
v 0.07473598 -0.00619312 0.08476560
v 0.07474288 -0.00619330 0.08028423
v 0.07473598 -0.00619312 0.08476560
v 0.07397614 -0.01234444 0.08028417
v 0.07395894 -0.01237510 0.08479215
v 0.07397614 -0.01234444 0.08028417
v 0.07395894 -0.01237510 0.08479215
v 0.07272266 -0.01869148 0.07772189
v 0.07272266 -0.01869148 0.07772189
v 0.07395894 -0.01237510 0.08479215
v 0.07268879 -0.01841120 0.08479574
v 0.07272266 -0.01869148 0.07772189
v 0.07268879 -0.01841120 0.08479574
v 0.07093539 -0.02435211 0.08028423
v 0.07093539 -0.02435211 0.08028423
v 0.07268879 -0.01841120 0.08479574
v 0.07093503 -0.02433654 0.08476255
v 0.07093539 -0.02435211 0.08028423
v 0.07093503 -0.02433654 0.08476255
v 0.06868211 -0.03012677 0.08028422
v 0.06868247 -0.03011766 0.08474831
v 0.06868211 -0.03012677 0.08028422
v 0.06868247 -0.03011766 0.08474831
v 0.06590888 -0.03597191 0.07772190
v 0.06590888 -0.03597191 0.07772190
v 0.06868247 -0.03011766 0.08474831
v 0.06595345 -0.03569260 0.08476560
v 0.06590888 -0.03597191 0.07772190
v 0.06595345 -0.03569260 0.08476560
v 0.06278669 -0.04102054 0.08028420
v 0.06278669 -0.04102054 0.08028420
v 0.06595345 -0.03569260 0.08476560
v 0.06279018 -0.04100534 0.08476255
v 0.06278669 -0.04102054 0.08028420
v 0.06279018 -0.04100534 0.08476255
v 0.05918951 -0.04605047 0.08476254
v 0.06278669 -0.04102054 0.08028420
v 0.05918951 -0.04605047 0.08476254
v 0.05908918 -0.04632953 0.07772193
v 0.05908918 -0.04632953 0.07772193
v 0.05918951 -0.04605047 0.08476254
v 0.05517860 -0.05079543 0.08028419
v 0.05517860 -0.05079543 0.08028419
v 0.05918951 -0.04605047 0.08476254
v 0.05516615 -0.05080087 0.08476283
v 0.05517860 -0.05079543 0.08028419
v 0.05516615 -0.05080087 0.08476283
v 0.05079546 -0.05517856 0.08028422
v 0.05078266 -0.05518291 0.08476283
v 0.05079546 -0.05517856 0.08028422
v 0.05078266 -0.05518291 0.08476283
v 0.04600014 -0.05935332 0.07770050
v 0.04600014 -0.05935332 0.07770050
v 0.05078266 -0.05518291 0.08476283
v 0.04606084 -0.05917954 0.08476559
v 0.04600014 -0.05935332 0.07770050
v 0.04606084 -0.05917954 0.08476559
v 0.04102061 -0.06278665 0.08028420
v 0.04102061 -0.06278665 0.08028420
v 0.04606084 -0.05917954 0.08476559
v 0.04102990 -0.06277413 0.08476255
v 0.04102061 -0.06278665 0.08028420
v 0.04102990 -0.06277413 0.08476255
v 0.03569562 -0.06595967 0.08028417
v 0.03568212 -0.06596074 0.08476283
v 0.03569562 -0.06595967 0.08028417
v 0.03568212 -0.06596074 0.08476283
v 0.02991695 -0.06886895 0.07772196
v 0.02991695 -0.06886895 0.07772196
v 0.03568212 -0.06596074 0.08476283
v 0.03012369 -0.06867594 0.08476560
v 0.02991695 -0.06886895 0.07772196
v 0.03012369 -0.06867594 0.08476560
v 0.02435215 -0.07093537 0.08028423
v 0.02435215 -0.07093537 0.08028423
v 0.03012369 -0.06867594 0.08476560
v 0.02436427 -0.07092550 0.08476255
v 0.02435215 -0.07093537 0.08028423
v 0.02436427 -0.07092550 0.08476255
v 0.01841121 -0.07270406 0.08028423
v 0.01839783 -0.07270180 0.08476283
v 0.01841121 -0.07270406 0.08028423
v 0.01839783 -0.07270180 0.08476283
v 0.01234442 -0.07397614 0.08028422
v 0.01234442 -0.07397614 0.08028422
v 0.01839783 -0.07270180 0.08476283
v 0.01230982 -0.07396983 0.08479215
v 0.01234442 -0.07397614 0.08028422
v 0.01230982 -0.07396983 0.08479215
v 0.00604659 -0.07484830 0.07770049
v 0.00604659 -0.07484830 0.07770049
v 0.01230982 -0.07396983 0.08479215
v 0.00619250 -0.07473602 0.08476560
v 0.00604659 -0.07484830 0.07770049
v 0.00619250 -0.07473602 0.08476560
v -0.00026720 -0.07508585 0.07772190
v -0.00026720 -0.07508585 0.07772190
v 0.00619250 -0.07473602 0.08476560
v -0.00000031 -0.07499213 0.08476558
v -0.00026720 -0.07508585 0.07772190
v -0.00000031 -0.07499213 0.08476558
v -0.00619340 -0.07474287 0.08028423
v -0.00619340 -0.07474287 0.08028423
v -0.00000031 -0.07499213 0.08476558
v -0.00622540 -0.07472826 0.08479216
v -0.00619340 -0.07474287 0.08028423
v -0.00622540 -0.07472826 0.08479216
v -0.01262229 -0.07401780 0.07772195
v -0.01262229 -0.07401780 0.07772195
v -0.00622540 -0.07472826 0.08479216
v -0.01234572 -0.07396092 0.08479572
v -0.01262229 -0.07401780 0.07772195
v -0.01234572 -0.07396092 0.08479572
v -0.01841118 -0.07270408 0.08028426
v -0.01841118 -0.07270408 0.08028426
v -0.01234572 -0.07396092 0.08479572
v -0.01837823 -0.07270034 0.08479177
v -0.01841118 -0.07270408 0.08028426
v -0.01837823 -0.07270034 0.08479177
v -0.02435209 -0.07093539 0.08028420
v -0.02435209 -0.07093539 0.08028420
v -0.01837823 -0.07270034 0.08479177
v -0.02435021 -0.07092876 0.08476560
v -0.02435209 -0.07093539 0.08028420
v -0.02435021 -0.07092876 0.08476560
v -0.03011768 -0.06868246 0.08474831
v -0.02435209 -0.07093539 0.08028420
v -0.03011768 -0.06868246 0.08474831
v -0.03040635 -0.06865428 0.07772196
v -0.03040635 -0.06865428 0.07772196
v -0.03011768 -0.06868246 0.08474831
v -0.03569557 -0.06595969 0.08028424
v -0.03569557 -0.06595969 0.08028424
v -0.03011768 -0.06868246 0.08474831
v -0.03568011 -0.06596191 0.08476254
v -0.03569557 -0.06595969 0.08028424
v -0.03568011 -0.06596191 0.08476254
v -0.04102055 -0.06278669 0.08028421
v -0.04102795 -0.06277531 0.08476284
v -0.04102055 -0.06278669 0.08028421
v -0.04102795 -0.06277531 0.08476284
v -0.04632955 -0.05908916 0.07772192
v -0.04632955 -0.05908916 0.07772192
v -0.04102795 -0.06277531 0.08476284
v -0.04607174 -0.05917286 0.08476283
v -0.04632955 -0.05908916 0.07772192
v -0.04607174 -0.05917286 0.08476283
v -0.05079543 -0.05517859 0.08028420
v -0.05079543 -0.05517859 0.08028420
v -0.04607174 -0.05917286 0.08476283
v -0.05080087 -0.05516617 0.08476283
v -0.05079543 -0.05517859 0.08028420
v -0.05080087 -0.05516617 0.08476283
v -0.05517857 -0.05079546 0.08028418
v -0.05517373 -0.05079055 0.08476560
v -0.05517857 -0.05079546 0.08028418
v -0.05517373 -0.05079055 0.08476560
v -0.05941740 -0.04590782 0.07772192
v -0.05941740 -0.04590782 0.07772192
v -0.05517373 -0.05079055 0.08476560
v -0.05917954 -0.04606087 0.08476560
v -0.05941740 -0.04590782 0.07772192
v -0.05917954 -0.04606087 0.08476560
v -0.06278667 -0.04102058 0.08028420
v -0.06278667 -0.04102058 0.08028420
v -0.05917954 -0.04606087 0.08476560
v -0.06278190 -0.04101981 0.08476062
v -0.06278667 -0.04102058 0.08028420
v -0.06278190 -0.04101981 0.08476062
v -0.06611521 -0.03560351 0.07770048
v -0.06611521 -0.03560351 0.07770048
v -0.06278190 -0.04101981 0.08476062
v -0.06595597 -0.03569359 0.08475077
v -0.06611521 -0.03560351 0.07770048
v -0.06595597 -0.03569359 0.08475077
v -0.06868209 -0.03012681 0.08028423
v -0.06868209 -0.03012681 0.08028423
v -0.06595597 -0.03569359 0.08475077
v -0.06868209 -0.03011321 0.08476284
v -0.06868209 -0.03012681 0.08028423
v -0.06868209 -0.03011321 0.08476284
v -0.07093537 -0.02435219 0.08028416
v -0.07093421 -0.02433870 0.08476283
v -0.07093537 -0.02435219 0.08028416
v -0.07093421 -0.02433870 0.08476283
v -0.07285384 -0.01817345 0.07772187
v -0.07285384 -0.01817345 0.07772187
v -0.07093421 -0.02433870 0.08476283
v -0.07269748 -0.01840917 0.08476560
v -0.07285384 -0.01817345 0.07772187
v -0.07269748 -0.01840917 0.08476560
v -0.07397613 -0.01234449 0.08028424
v -0.07397613 -0.01234449 0.08028424
v -0.07269748 -0.01840917 0.08476560
v -0.07395949 -0.01237309 0.08479176
v -0.07397613 -0.01234449 0.08028424
v -0.07395949 -0.01237309 0.08479176
v -0.07474288 -0.00619335 0.08028425
v -0.07473844 -0.00618059 0.08476283
v -0.07474288 -0.00619335 0.08028425
v -0.07473844 -0.00618059 0.08476283
v -0.07499903 -0.00000000 0.08028425
v -0.07499214 0.00000032 0.08476558
v -0.07499903 -0.00000000 0.08028425
v -0.07499214 0.00000032 0.08476558
v -0.07473870 0.00617832 0.08476254
v -0.07499903 -0.00000000 0.08028425
v -0.07473870 0.00617832 0.08476254
v -0.07480734 0.00646682 0.07772189
v -0.07480734 0.00646682 0.07772189
v -0.07473870 0.00617832 0.08476254
v -0.07397614 0.01234445 0.08028417
v -0.07397614 0.01234445 0.08028417
v -0.07473870 0.00617832 0.08476254
v -0.07395894 0.01237511 0.08479215
v -0.07397614 0.01234445 0.08028417
v -0.07395894 0.01237511 0.08479215
v -0.07272266 0.01869149 0.07772189
v -0.07272266 0.01869149 0.07772189
v -0.07395894 0.01237511 0.08479215
v -0.07268879 0.01841121 0.08479573
v -0.07272266 0.01869149 0.07772189
v -0.07268879 0.01841121 0.08479573
v -0.07093539 0.02435211 0.08028423
v -0.07093539 0.02435211 0.08028423
v -0.07268879 0.01841121 0.08479573
v -0.07094506 0.02420017 0.08484835
v -0.07093539 0.02435211 0.08028423
v -0.07094506 0.02420017 0.08484835
v -0.06868211 0.03012678 0.08028422
v -0.06870434 0.02997646 0.08484827
v -0.06868211 0.03012678 0.08028422
v -0.06870434 0.02997646 0.08484827
v -0.06590888 0.03597192 0.07772190
v -0.06590888 0.03597192 0.07772190
v -0.06870434 0.02997646 0.08484827
v -0.06592716 0.03565588 0.08485345
v -0.06590888 0.03597192 0.07772190
v -0.06592716 0.03565588 0.08485345
v -0.06278669 0.04102055 0.08028420
v -0.06278669 0.04102055 0.08028420
v -0.06592716 0.03565588 0.08485345
v -0.06283324 0.04087664 0.08484809
v -0.06278669 0.04102055 0.08028420
v -0.06283324 0.04087664 0.08484809
v -0.05924299 0.04592604 0.08484803
v -0.06278669 0.04102055 0.08028420
v -0.05924299 0.04592604 0.08484803
v -0.05908918 0.04632953 0.07772193
v -0.05908918 0.04632953 0.07772193
v -0.05924299 0.04592604 0.08484803
v -0.05517860 0.05079543 0.08028419
v -0.05517860 0.05079543 0.08028419
v -0.05924299 0.04592604 0.08484803
v -0.05508424 0.05083925 0.08484812
v -0.05517860 0.05079543 0.08028419
v -0.05508424 0.05083925 0.08484812
v -0.05079546 0.05517857 0.08028422
v -0.05068674 0.05523581 0.08483415
v -0.05079546 0.05517857 0.08028422
v -0.05068674 0.05523581 0.08483415
v -0.04600014 0.05935333 0.07770050
v -0.04600014 0.05935333 0.07770050
v -0.05068674 0.05523581 0.08483415
v -0.04600088 0.05916749 0.08486131
v -0.04600014 0.05935333 0.07770050
v -0.04600088 0.05916749 0.08486131
v -0.04102061 0.06278665 0.08028419
v -0.04102061 0.06278665 0.08028419
v -0.04600088 0.05916749 0.08486131
v -0.04112068 0.06267435 0.08484783
v -0.04102061 0.06278665 0.08028419
v -0.04112068 0.06267435 0.08484783
v -0.03569562 0.06595968 0.08028416
v -0.03559355 0.06597007 0.08484792
v -0.03569562 0.06595968 0.08028416
v -0.03559355 0.06597007 0.08484792
v -0.02991695 0.06886896 0.07772196
v -0.02991695 0.06886896 0.07772196
v -0.03559355 0.06597007 0.08484792
v -0.03012711 0.06863098 0.08485291
v -0.02991695 0.06886896 0.07772196
v -0.03012711 0.06863098 0.08485291
v -0.02435215 0.07093538 0.08028422
v -0.02435215 0.07093538 0.08028422
v -0.03012711 0.06863098 0.08485291
v -0.02441125 0.07088276 0.08483341
v -0.02435215 0.07093538 0.08028422
v -0.02441125 0.07088276 0.08483341
v -0.01841121 0.07270407 0.08028422
v -0.01841121 0.07270407 0.08028422
v -0.02441125 0.07088276 0.08483341
v -0.01824008 0.07270049 0.08485668
v -0.01841121 0.07270407 0.08028422
v -0.01824008 0.07270049 0.08485668
v -0.01234443 0.07397615 0.08028416
v -0.01234443 0.07397615 0.08028416
v -0.01824008 0.07270049 0.08485668
v -0.01230982 0.07396984 0.08479215
v -0.01234443 0.07397615 0.08028416
v -0.01230982 0.07396984 0.08479215
v -0.00604658 0.07484831 0.07770048
v -0.00604658 0.07484831 0.07770048
v -0.01230982 0.07396984 0.08479215
v -0.00621168 0.07469463 0.08485284
v -0.06868209 -0.03011321 0.08476284
v -0.06625480 -0.03484114 0.08491972
v -0.06895880 -0.02910940 0.08491547
v -0.07093421 -0.02433870 0.08476283
v -0.06868209 -0.03011321 0.08476284
v -0.06895880 -0.02910940 0.08491547
v -0.07093421 -0.02433870 0.08476283
v -0.06895880 -0.02910940 0.08491547
v -0.07115380 -0.02323634 0.08491480
v -0.07269748 -0.01840917 0.08476560
v -0.07093421 -0.02433870 0.08476283
v -0.07115380 -0.02323634 0.08491480
v -0.07269748 -0.01840917 0.08476560
v -0.07115380 -0.02323634 0.08491480
v -0.07284946 -0.01720081 0.08491426
v 0.00626682 -0.07459544 0.08493689
v 0.00003193 -0.07485529 0.08493631
v -0.00000031 -0.07499213 0.08476558
v 0.00626682 -0.07459544 0.08493689
v -0.00000031 -0.07499213 0.08476558
v 0.00619250 -0.07473602 0.08476560
v 0.01843840 -0.07254828 0.08493210
v 0.01231269 -0.07384793 0.08493266
v 0.01230982 -0.07396983 0.08479215
v 0.01843840 -0.07254828 0.08493210
v 0.01230982 -0.07396983 0.08479215
v 0.01839783 -0.07270180 0.08476283
v 0.02439585 -0.07076616 0.08493058
v 0.01843840 -0.07254828 0.08493210
v 0.01839783 -0.07270180 0.08476283
v 0.02439585 -0.07076616 0.08493058
v 0.01839783 -0.07270180 0.08476283
v 0.02436427 -0.07092550 0.08476255
v 0.03582353 -0.06572182 0.08492728
v 0.03020334 -0.06848784 0.08492895
v 0.03012369 -0.06867594 0.08476560
v 0.03582353 -0.06572182 0.08492728
v 0.03012369 -0.06867594 0.08476560
v 0.03568212 -0.06596074 0.08476283
v 0.04120642 -0.06248691 0.08492561
v 0.03582353 -0.06572182 0.08492728
v 0.03568212 -0.06596074 0.08476283
v 0.04120642 -0.06248691 0.08492561
v 0.03568212 -0.06596074 0.08476283
v 0.04102990 -0.06277413 0.08476255
v 0.05107336 -0.05471787 0.08492252
v 0.04630336 -0.05880930 0.08492402
v 0.04606084 -0.05917954 0.08476559
v 0.05107336 -0.05471787 0.08492252
v 0.04606084 -0.05917954 0.08476559
v 0.05078266 -0.05518291 0.08476283
v 0.06309386 -0.04027279 0.08491890
v 0.05949773 -0.04541653 0.08491995
v 0.05918951 -0.04605047 0.08476254
v 0.06309386 -0.04027279 0.08491890
v 0.05918951 -0.04605047 0.08476254
v 0.06279018 -0.04100534 0.08476255
v 0.07113291 -0.02330668 0.08491668
v 0.06890765 -0.02925186 0.08492047
v 0.07093503 -0.02433654 0.08476255
v 0.07093503 -0.02433654 0.08476255
v 0.06890765 -0.02925186 0.08492047
v 0.06868247 -0.03011766 0.08474831
v 0.07403459 -0.01101232 0.08491175
v 0.07285286 -0.01716802 0.08491245
v 0.07268879 -0.01841120 0.08479574
v 0.07403459 -0.01101232 0.08491175
v 0.07268879 -0.01841120 0.08479574
v 0.07395894 -0.01237510 0.08479215
v 0.07469708 -0.00488307 0.08491567
v 0.07403459 -0.01101232 0.08491175
v 0.07395894 -0.01237510 0.08479215
v 0.07469708 -0.00488307 0.08491567
v 0.07395894 -0.01237510 0.08479215
v 0.07473598 -0.00619312 0.08476560
v 0.07471935 0.00608413 0.08483450
v 0.07484464 0.00138364 0.08491555
v 0.07499356 -0.00001236 0.08476281
v 0.07355193 0.01390417 0.08491129
v 0.07471935 0.00608413 0.08483450
v 0.07395949 0.01237310 0.08479176
v 0.05919993 0.04596872 0.08485339
v 0.06269937 0.04093005 0.08488914
v 0.06278190 0.04101982 0.08476062
v 0.02165278 0.07166379 0.08491550
v 0.02438056 0.07088194 0.08484232
v 0.01849851 0.07255751 0.08488815
v 0.01849851 0.07255751 0.08488815
v 0.02438056 0.07088194 0.08484232
v 0.01839565 0.07270246 0.08476254
v -0.01824008 0.07270049 0.08485668
v -0.00942780 0.07426101 0.08490845
v -0.01230982 0.07396984 0.08479215
v -0.07353170 0.01401080 0.08491178
v -0.07211330 0.02006372 0.08490807
v -0.07268879 0.01841121 0.08479573
v -0.07353170 0.01401080 0.08491178
v -0.07268879 0.01841121 0.08479573
v -0.07395894 0.01237511 0.08479215
v -0.07445781 0.00770964 0.08491322
v -0.07353170 0.01401080 0.08491178
v -0.07395894 0.01237511 0.08479215
v -0.07445781 0.00770964 0.08491322
v -0.07395894 0.01237511 0.08479215
v -0.07473870 0.00617832 0.08476254
v -0.07470203 -0.00483672 0.08491609
v -0.07484263 0.00141758 0.08491325
v -0.07499214 0.00000032 0.08476558
v -0.07470203 -0.00483672 0.08491609
v -0.07499214 0.00000032 0.08476558
v -0.07473844 -0.00618059 0.08476283
v -0.07404705 -0.01094730 0.08491317
v -0.07470203 -0.00483672 0.08491609
v -0.07395949 -0.01237309 0.08479176
v -0.07395949 -0.01237309 0.08479176
v -0.07470203 -0.00483672 0.08491609
v -0.07473844 -0.00618059 0.08476283
v -0.05954613 -0.04535019 0.08491835
v -0.06313488 -0.04020510 0.08491724
v -0.06278190 -0.04101981 0.08476062
v -0.05954613 -0.04535019 0.08491835
v -0.06278190 -0.04101981 0.08476062
v -0.05917954 -0.04606087 0.08476560
v -0.05553802 -0.05017815 0.08491963
v -0.05954613 -0.04535019 0.08491835
v -0.05917954 -0.04606087 0.08476560
v -0.05553802 -0.05017815 0.08491963
v -0.05917954 -0.04606087 0.08476560
v -0.05517373 -0.05079055 0.08476560
v -0.04637639 -0.05874965 0.08492262
v -0.05113800 -0.05465519 0.08492105
v -0.05080087 -0.05516617 0.08476283
v -0.04637639 -0.05874965 0.08492262
v -0.05080087 -0.05516617 0.08476283
v -0.04607174 -0.05917286 0.08476283
v -0.03023513 -0.06847939 0.08492839
v -0.03591266 -0.06567246 0.08492675
v -0.03568011 -0.06596191 0.08476254
v -0.03023513 -0.06847939 0.08492839
v -0.03568011 -0.06596191 0.08476254
v -0.03011768 -0.06868246 0.08474831
v -0.01235166 -0.07383635 0.08493234
v -0.01845007 -0.07255048 0.08493131
v -0.01837823 -0.07270034 0.08479177
v -0.01235166 -0.07383635 0.08493234
v -0.01837823 -0.07270034 0.08479177
v -0.01234572 -0.07396092 0.08479572
v 0.00619250 -0.07473602 0.08476560
v 0.01230982 -0.07396983 0.08479215
v 0.00626682 -0.07459544 0.08493689
v 0.00626682 -0.07459544 0.08493689
v 0.01230982 -0.07396983 0.08479215
v 0.01231269 -0.07384793 0.08493266
v 0.02436427 -0.07092550 0.08476255
v 0.03012369 -0.06867594 0.08476560
v 0.03020334 -0.06848784 0.08492895
v 0.02436427 -0.07092550 0.08476255
v 0.03020334 -0.06848784 0.08492895
v 0.02439585 -0.07076616 0.08493058
v 0.04102990 -0.06277413 0.08476255
v 0.04606084 -0.05917954 0.08476559
v 0.04630336 -0.05880930 0.08492402
v 0.04102990 -0.06277413 0.08476255
v 0.04630336 -0.05880930 0.08492402
v 0.04120642 -0.06248691 0.08492561
v 0.05548172 -0.05024291 0.08492116
v 0.05107336 -0.05471787 0.08492252
v 0.05078266 -0.05518291 0.08476283
v 0.05548172 -0.05024291 0.08492116
v 0.05078266 -0.05518291 0.08476283
v 0.05516615 -0.05080087 0.08476283
v 0.05516615 -0.05080087 0.08476283
v 0.05918951 -0.04605047 0.08476254
v 0.05949773 -0.04541653 0.08491995
v 0.05516615 -0.05080087 0.08476283
v 0.05949773 -0.04541653 0.08491995
v 0.05548172 -0.05024291 0.08492116
v 0.06624564 -0.03484765 0.08491801
v 0.06309386 -0.04027279 0.08491890
v 0.06279018 -0.04100534 0.08476255
v 0.06624564 -0.03484765 0.08491801
v 0.06279018 -0.04100534 0.08476255
v 0.06595345 -0.03569260 0.08476560
v 0.06595345 -0.03569260 0.08476560
v 0.06868247 -0.03011766 0.08474831
v 0.06890765 -0.02925186 0.08492047
v 0.06595345 -0.03569260 0.08476560
v 0.06890765 -0.02925186 0.08492047
v 0.06624564 -0.03484765 0.08491801
v 0.07093503 -0.02433654 0.08476255
v 0.07268879 -0.01841120 0.08479574
v 0.07113291 -0.02330668 0.08491668
v 0.07113291 -0.02330668 0.08491668
v 0.07268879 -0.01841120 0.08479574
v 0.07285286 -0.01716802 0.08491245
v 0.07473598 -0.00619312 0.08476560
v 0.07499356 -0.00001236 0.08476281
v 0.07484464 0.00138364 0.08491555
v 0.07473598 -0.00619312 0.08476560
v 0.07484464 0.00138364 0.08491555
v 0.07469708 -0.00488307 0.08491567
v 0.07267828 0.01831630 0.08485395
v 0.07355193 0.01390417 0.08491129
v 0.07395949 0.01237310 0.08479176
v 0.06590098 0.03570400 0.08485355
v 0.06278190 0.04101982 0.08476062
v 0.06269937 0.04093005 0.08488914
v 0.01839565 0.07270246 0.08476254
v 0.01227211 0.07394800 0.08484789
v 0.01849851 0.07255751 0.08488815
v -0.00621168 0.07469463 0.08485284
v -0.01230982 0.07396984 0.08479215
v -0.00942780 0.07426101 0.08490845
v -0.07094506 0.02420017 0.08484835
v -0.07268879 0.01841121 0.08479573
v -0.07211330 0.02006372 0.08490807
v -0.07473870 0.00617832 0.08476254
v -0.07499214 0.00000032 0.08476558
v -0.07484263 0.00141758 0.08491325
v -0.07473870 0.00617832 0.08476254
v -0.07484263 0.00141758 0.08491325
v -0.07445781 0.00770964 0.08491322
v -0.07284946 -0.01720081 0.08491426
v -0.07404705 -0.01094730 0.08491317
v -0.07395949 -0.01237309 0.08479176
v -0.07284946 -0.01720081 0.08491426
v -0.07395949 -0.01237309 0.08479176
v -0.07269748 -0.01840917 0.08476560
v -0.06868209 -0.03011321 0.08476284
v -0.06595597 -0.03569359 0.08475077
v -0.06625480 -0.03484114 0.08491972
v -0.06595597 -0.03569359 0.08475077
v -0.06278190 -0.04101981 0.08476062
v -0.06625480 -0.03484114 0.08491972
v -0.06625480 -0.03484114 0.08491972
v -0.06278190 -0.04101981 0.08476062
v -0.06313488 -0.04020510 0.08491724
v -0.05517373 -0.05079055 0.08476560
v -0.05080087 -0.05516617 0.08476283
v -0.05113800 -0.05465519 0.08492105
v -0.05517373 -0.05079055 0.08476560
v -0.05113800 -0.05465519 0.08492105
v -0.05553802 -0.05017815 0.08491963
v -0.04123365 -0.06246931 0.08492396
v -0.04637639 -0.05874965 0.08492262
v -0.04607174 -0.05917286 0.08476283
v -0.04123365 -0.06246931 0.08492396
v -0.04607174 -0.05917286 0.08476283
v -0.04102795 -0.06277531 0.08476284
v -0.04102795 -0.06277531 0.08476284
v -0.03568011 -0.06596191 0.08476254
v -0.03591266 -0.06567246 0.08492675
v -0.04102795 -0.06277531 0.08476284
v -0.03591266 -0.06567246 0.08492675
v -0.04123365 -0.06246931 0.08492396
v -0.02445343 -0.07074473 0.08492952
v -0.03023513 -0.06847939 0.08492839
v -0.02435021 -0.07092876 0.08476560
v -0.03011768 -0.06868246 0.08474831
v -0.02435021 -0.07092876 0.08476560
v -0.01837823 -0.07270034 0.08479177
v -0.02445343 -0.07074473 0.08492952
v -0.02445343 -0.07074473 0.08492952
v -0.01837823 -0.07270034 0.08479177
v -0.01845007 -0.07255048 0.08493131
v -0.00617395 -0.07460993 0.08493303
v -0.01235166 -0.07383635 0.08493234
v -0.01234572 -0.07396092 0.08479572
v -0.00617395 -0.07460993 0.08493303
v -0.01234572 -0.07396092 0.08479572
v -0.00622540 -0.07472826 0.08479216
v 0.00003193 -0.07485529 0.08493631
v -0.00617395 -0.07460993 0.08493303
v -0.00622540 -0.07472826 0.08479216
v 0.00003193 -0.07485529 0.08493631
v -0.00622540 -0.07472826 0.08479216
v -0.00000031 -0.07499213 0.08476558
v 0.00941201 0.07428450 0.08493330
v 0.01558986 0.07321211 0.08494823
v 0.01227211 0.07394800 0.08484789
v 0.01227211 0.07394800 0.08484789
v 0.00621664 0.07470340 0.08483904
v 0.00941201 0.07428450 0.08493330
v 0.00941201 0.07428450 0.08493330
v 0.00621664 0.07470340 0.08483904
v 0.00316303 0.07481153 0.08493330
v 0.00621664 0.07470340 0.08483904
v -0.00002265 0.07495246 0.08485284
v 0.00316303 0.07481153 0.08493330
v 0.00316303 0.07481153 0.08493330
v -0.00002265 0.07495246 0.08485284
v -0.00310813 0.07481384 0.08493330
v -0.00310813 0.07481384 0.08493330
v -0.00002265 0.07495246 0.08485284
v -0.00621168 0.07469463 0.08485284
v -0.00942780 0.07426101 0.08490845
v -0.00310813 0.07481384 0.08493330
v -0.00621168 0.07469463 0.08485284
v -0.01554121 0.07324780 0.08493330
v -0.00942780 0.07426101 0.08490845
v -0.01824008 0.07270049 0.08485668
v -0.02161592 0.07169046 0.08493330
v -0.01554121 0.07324780 0.08493330
v -0.01824008 0.07270049 0.08485668
v -0.02161592 0.07169046 0.08493330
v -0.01824008 0.07270049 0.08485668
v -0.02441125 0.07088276 0.08483341
v -0.02161592 0.07169046 0.08493330
v -0.02441125 0.07088276 0.08483341
v -0.02753902 0.06963026 0.08493330
v -0.02753902 0.06963026 0.08493330
v -0.02441125 0.07088276 0.08483341
v -0.03012711 0.06863098 0.08485291
v -0.03012711 0.06863098 0.08485291
v -0.03326894 0.06708166 0.08493330
v -0.02753902 0.06963026 0.08493330
v -0.03012711 0.06863098 0.08485291
v -0.03559355 0.06597007 0.08484792
v -0.03326894 0.06708166 0.08493330
v -0.03326894 0.06708166 0.08493330
v -0.03559355 0.06597007 0.08484792
v -0.03876551 0.06406252 0.08493330
v -0.03876551 0.06406252 0.08493330
v -0.03559355 0.06597007 0.08484792
v -0.04112068 0.06267435 0.08484783
v -0.04112068 0.06267435 0.08484783
v -0.04399017 0.06059402 0.08493330
v -0.03876551 0.06406252 0.08493330
v -0.04112068 0.06267435 0.08484783
v -0.04600088 0.05916749 0.08486131
v -0.04399017 0.06059402 0.08493330
v -0.04399017 0.06059402 0.08493330
v -0.04600088 0.05916749 0.08486131
v -0.04890626 0.05670051 0.08493330
v -0.04890626 0.05670051 0.08493330
v -0.04600088 0.05916749 0.08486131
v -0.05068674 0.05523581 0.08483415
v -0.05068674 0.05523581 0.08483415
v -0.05347932 0.05240929 0.08493330
v -0.04890626 0.05670051 0.08493330
v -0.05068674 0.05523581 0.08483415
v -0.05508424 0.05083925 0.08484812
v -0.05347932 0.05240929 0.08493330
v -0.05347932 0.05240929 0.08493330
v -0.05508424 0.05083925 0.08484812
v -0.05767726 0.04775043 0.08493330
v -0.05767726 0.04775043 0.08493330
v -0.05508424 0.05083925 0.08484812
v -0.05924299 0.04592604 0.08484803
v -0.05924299 0.04592604 0.08484803
v -0.06147062 0.04275667 0.08493330
v -0.05767726 0.04775043 0.08493330
v -0.05924299 0.04592604 0.08484803
v -0.06283324 0.04087664 0.08484809
v -0.06147062 0.04275667 0.08493330
v -0.06147062 0.04275667 0.08493330
v -0.06283324 0.04087664 0.08484809
v -0.06483283 0.03746298 0.08493330
v -0.06483283 0.03746298 0.08493330
v -0.06283324 0.04087664 0.08484809
v -0.06592716 0.03565588 0.08485345
v -0.06592716 0.03565588 0.08485345
v -0.06774027 0.03190653 0.08493330
v -0.06483283 0.03746298 0.08493330
v -0.06592716 0.03565588 0.08485345
v -0.06870434 0.02997646 0.08484827
v -0.06774027 0.03190653 0.08493330
v -0.06774027 0.03190653 0.08493330
v -0.06870434 0.02997646 0.08484827
v -0.07017256 0.02612626 0.08493330
v -0.07017256 0.02612626 0.08493330
v -0.06870434 0.02997646 0.08484827
v -0.07094506 0.02420017 0.08484835
v -0.07094506 0.02420017 0.08484835
v -0.07211330 0.02006372 0.08490807
v -0.07017256 0.02612626 0.08493330
v 0.07471935 0.00608413 0.08483450
v 0.07355193 0.01390417 0.08491129
v 0.07447105 0.00779960 0.08493330
v 0.07447105 0.00779960 0.08493330
v 0.07484464 0.00138364 0.08491555
v 0.07471935 0.00608413 0.08483450
v 0.07212743 0.02010982 0.08493330
v 0.07355193 0.01390417 0.08491129
v 0.07267828 0.01831630 0.08485395
v 0.07019172 0.02607476 0.08493330
v 0.07212743 0.02010982 0.08493330
v 0.07096068 0.02415166 0.08484902
v 0.07096068 0.02415166 0.08484902
v 0.07212743 0.02010982 0.08493330
v 0.07267828 0.01831630 0.08485395
v 0.06869689 0.03001364 0.08483424
v 0.06590098 0.03570400 0.08485355
v 0.06776367 0.03185680 0.08493330
v 0.06776367 0.03185680 0.08493330
v 0.07019172 0.02607476 0.08493330
v 0.06869689 0.03001364 0.08483424
v 0.06869689 0.03001364 0.08483424
v 0.07019172 0.02607476 0.08493330
v 0.07096068 0.02415166 0.08484902
v 0.06590098 0.03570400 0.08485355
v 0.06269937 0.04093005 0.08488914
v 0.06486031 0.03741539 0.08493330
v 0.06486031 0.03741539 0.08493330
v 0.06776367 0.03185680 0.08493330
v 0.06590098 0.03570400 0.08485355
v 0.06150199 0.04271154 0.08493330
v 0.06486031 0.03741539 0.08493330
v 0.06269937 0.04093005 0.08488914
v 0.05771229 0.04770809 0.08493330
v 0.06150199 0.04271154 0.08493330
v 0.05919993 0.04596872 0.08485339
v 0.05919993 0.04596872 0.08485339
v 0.06150199 0.04271154 0.08493330
v 0.06269937 0.04093005 0.08488914
v 0.05351777 0.05237002 0.08493330
v 0.05771229 0.04770809 0.08493330
v 0.05520176 0.05070049 0.08485330
v 0.05520176 0.05070049 0.08485330
v 0.05771229 0.04770809 0.08493330
v 0.05919993 0.04596872 0.08485339
v 0.04894787 0.05666460 0.08493330
v 0.05351777 0.05237002 0.08493330
v 0.05091198 0.05501646 0.08484857
v 0.05091198 0.05501646 0.08484857
v 0.05351777 0.05237002 0.08493330
v 0.05520176 0.05070049 0.08485330
v 0.04403463 0.06056172 0.08493330
v 0.04894787 0.05666460 0.08493330
v 0.04619473 0.05903305 0.08484853
v 0.04619473 0.05903305 0.08484853
v 0.04894787 0.05666460 0.08493330
v 0.05091198 0.05501646 0.08484857
v 0.03881252 0.06403405 0.08493330
v 0.04403463 0.06056172 0.08493330
v 0.04116199 0.06264628 0.08484847
v 0.04116199 0.06264628 0.08484847
v 0.04403463 0.06056172 0.08493330
v 0.04619473 0.05903305 0.08484853
v 0.03331816 0.06705723 0.08493330
v 0.03881252 0.06403405 0.08493330
v 0.03563705 0.06594727 0.08484747
v 0.03563705 0.06594727 0.08484747
v 0.03881252 0.06403405 0.08493330
v 0.04116199 0.06264628 0.08484847
v 0.02759011 0.06961004 0.08493330
v 0.03331816 0.06705723 0.08493330
v 0.03006979 0.06866482 0.08484744
v 0.03006979 0.06866482 0.08484744
v 0.03331816 0.06705723 0.08493330
v 0.03563705 0.06594727 0.08484747
v 0.02165278 0.07166379 0.08491550
v 0.01849851 0.07255751 0.08488815
v 0.01558986 0.07321211 0.08494823
v 0.01558986 0.07321211 0.08494823
v 0.01849851 0.07255751 0.08488815
v 0.01227211 0.07394800 0.08484789
v 0.02165278 0.07166379 0.08491550
v 0.02759011 0.06961004 0.08493330
v 0.02438056 0.07088194 0.08484232
v 0.02438056 0.07088194 0.08484232
v 0.02759011 0.06961004 0.08493330
v 0.03006979 0.06866482 0.08484744
v 0.05790300 -0.06372739 0.01599918
v 0.06000983 -0.06434202 0.01599918
v 0.05627357 -0.05819960 0.01599950
v -0.05627476 0.05820020 0.01599820
v -0.05589997 0.06040525 0.01599962
v -0.05638525 0.06214194 0.01599970
v 0.06214168 0.05638572 0.01599917
v 0.06372739 0.05790300 0.01599917
v 0.05763265 0.05668913 0.01599977
v 0.05589993 0.05980134 0.01599962
v 0.05638568 0.05806490 0.01599917
v 0.05589997 -0.06040525 0.01599963
v 0.05638572 -0.06214168 0.01599917
v 0.06434206 -0.06019675 0.01599917
v 0.06382091 -0.05806486 0.01599917
v 0.05806486 0.06382091 0.01599917
v 0.05627472 0.06200639 0.01599820
v 0.06230360 0.06372743 0.01599917
v 0.06019675 0.06434206 0.01599917
v -0.06000983 0.06434203 0.01599917
v -0.06214172 0.06382088 0.01599917
v -0.05980134 0.05589994 0.01599962
v -0.05806490 0.05638568 0.01599917
v -0.06434206 0.06019675 0.01599917
v -0.06382091 0.05806487 0.01599917
v -0.06200639 0.05627472 0.01599820
v -0.06372743 0.06230360 0.01599917
v 0.06382088 0.06214172 0.01599917
v 0.05980134 -0.05589993 0.01599962
v 0.05806490 -0.05638568 0.01599917
v 0.05962441 0.05585476 0.01599820
v 0.06214172 -0.06382088 0.01599918
v 0.06372743 -0.06230360 0.01599917
v 0.06434202 0.06000983 0.01599917
v 0.06200639 -0.05627472 0.01599820
v -0.05790300 0.06372739 0.01599917
v 0.07983163 0.05149442 -0.00000000
v 0.08328720 0.04556443 0.01756708
v 0.08341669 0.04545792 -0.00000000
v -0.08920276 0.03267464 -0.00000000
v -0.08657793 0.03896322 0.01751769
v -0.08654603 0.03917333 -0.00000000
v -0.06901027 -0.06528666 0.00000000
v -0.07353327 -0.06007285 0.01746315
v -0.07364339 -0.06001181 0.00000000
v -0.09492877 -0.00191883 0.01748047
v -0.09485281 0.00526399 -0.00000000
v -0.09498254 -0.00175571 0.00000000
v 0.00351036 0.09493389 -0.00000000
v 0.01045346 0.09437261 0.01746005
v 0.01051186 0.09441539 -0.00000000
v 0.06120420 0.07258925 0.01748052
v 0.06655070 0.06779210 -0.00000000
v 0.06136236 0.07252189 -0.00000000
v -0.02430477 0.09183704 -0.00000000
v -0.01764641 0.09328706 0.01751768
v -0.01745591 0.09338124 -0.00000000
v 0.09034919 -0.02935620 0.00000000
v 0.08793601 -0.03582300 0.01744045
v 0.08793443 -0.03594860 0.00000000
v -0.06655074 0.06779206 -0.00000000
v -0.06144043 0.07237365 0.01756720
v -0.06136232 0.07252192 -0.00000000
v 0.04390876 0.08424241 -0.00000000
v 0.04980617 0.08082833 0.01751761
v 0.05001034 0.08076962 -0.00000000
v -0.07364339 -0.06001181 0.00000000
v -0.07773389 -0.05450058 0.01756713
v -0.07787434 -0.05440911 0.00000000
v 0.01742994 0.09331348 0.01769917
v 0.08909861 0.03281146 0.01748042
v 0.09137223 0.02599767 -0.00000000
v 0.08920273 0.03267473 -0.00000000
v -0.08654603 0.03917333 -0.00000000
v -0.08345068 0.04528950 0.01748037
v -0.08341670 0.04545790 -0.00000000
v -0.05844420 -0.07482075 0.01751768
v -0.05864063 -0.07473981 0.00000000
v -0.05296072 -0.07886652 0.00000000
v -0.05012336 0.08063996 0.01748041
v -0.04390882 0.08424238 -0.00000000
v -0.05001043 0.08076956 -0.00000000
v -0.08155244 -0.04862462 0.01748047
v -0.08503939 -0.04234462 0.00000000
v -0.08167989 -0.04850938 0.00000000
v 0.06655070 0.06779210 -0.00000000
v 0.07119737 0.06280770 0.01751763
v 0.07137561 0.06269200 -0.00000000
v -0.06400021 -0.07020496 0.00000000
v -0.06874137 -0.06546664 0.01768965
v -0.06901027 -0.06528666 0.00000000
v -0.03427508 -0.08853646 0.01755479
v -0.04076590 -0.08580738 0.00000000
v -0.03431745 -0.08858373 0.00000000
v 0.09137223 0.02599767 -0.00000000
v 0.09298397 0.01922098 0.01746003
v 0.09304271 0.01917865 -0.00000000
v -0.09485281 0.00526399 -0.00000000
v -0.09417431 0.01204452 0.01751764
v -0.09420502 0.01225476 -0.00000000
v 0.01399346 -0.09396248 0.00000000
v 0.00585873 -0.09484103 0.01563182
v 0.00540867 -0.09486839 0.00000000
v 0.07370783 -0.05985239 0.01748046
v 0.06901032 -0.06528661 0.00000000
v 0.07364343 -0.06001175 0.00000000
v 0.06901032 -0.06528661 0.00000000
v 0.06405558 -0.07009217 0.01744048
v 0.06400027 -0.07020491 0.00000000
v -0.01745591 0.09338124 -0.00000000
v -0.01066953 0.09434678 0.01748043
v -0.01051183 0.09441540 -0.00000000
v -0.06136232 0.07252192 -0.00000000
v -0.05598350 0.07666673 0.01768136
v -0.05583889 0.07685560 -0.00000000
v 0.01745587 0.09338125 -0.00000000
v 0.01045346 0.09437261 0.01746005
v 0.01742994 0.09331348 0.01769917
v 0.00540867 -0.09486839 0.00000000
v -0.00194547 -0.09498749 0.01563545
v -0.00471761 -0.09493263 0.00000000
v -0.07983166 0.05149436 -0.00000000
v -0.07588796 0.05705163 0.01751765
v -0.07581066 0.05724954 -0.00000000
v -0.05864063 -0.07473981 0.00000000
v -0.06381035 -0.07030015 0.01751770
v -0.06400021 -0.07020496 0.00000000
v -0.09218214 -0.02275097 0.01748048
v -0.09368785 -0.01572745 0.00000000
v -0.09227051 -0.02260351 0.00000000
v 0.09420501 0.01225483 -0.00000000
v 0.09298397 0.01922098 0.01746003
v 0.09410102 0.01238903 0.01781006
v 0.02430471 0.09183706 -0.00000000
v 0.03085330 0.08978276 0.01756712
v 0.03102062 0.08979135 -0.00000000
v -0.04076590 -0.08580738 0.00000000
v -0.04682382 -0.08259954 0.01748039
v -0.04699165 -0.08256240 0.00000000
v -0.07787434 -0.05440911 0.00000000
v -0.08155244 -0.04862462 0.01748047
v -0.08167989 -0.04850938 0.00000000
v 0.07567119 0.05735002 0.01748047
v 0.07983163 0.05149442 -0.00000000
v 0.07581063 0.05724958 -0.00000000
v 0.09368786 -0.01572739 0.00000000
v -0.02430477 0.09183704 -0.00000000
v -0.03098640 0.08974621 0.01750735
v -0.02434560 0.09174146 0.01780094
v 0.09485281 0.00526405 -0.00000000
v 0.09493456 -0.00170118 0.01746009
v 0.09498254 -0.00175543 0.00000000
v 0.05001034 0.08076962 -0.00000000
v 0.05561452 0.07693481 0.01768135
v 0.05583884 0.07685563 -0.00000000
v 0.08503942 -0.04234456 0.00000000
v 0.08173488 -0.04830407 0.01751768
v 0.08167996 -0.04850925 0.00000000
v -0.03102084 0.08979127 -0.00000000
v -0.03754629 0.08720605 0.01750364
v -0.03098640 0.08974621 0.01750735
v 0.09478258 0.00552935 0.01752096
v 0.09485281 0.00526405 -0.00000000
v 0.09420501 0.01225483 -0.00000000
v 0.08503942 -0.04234456 0.00000000
v 0.08793601 -0.03582300 0.01744045
v 0.08499454 -0.04225080 0.01780097
v 0.05583884 0.07685563 -0.00000000
v 0.06120420 0.07258925 0.01748052
v 0.06136236 0.07252189 -0.00000000
v -0.07144590 0.06253508 0.01748042
v -0.06655074 0.06779206 -0.00000000
v -0.07137560 0.06269202 -0.00000000
v -0.01051183 0.09441540 -0.00000000
v -0.00367261 0.09487711 0.01748044
v -0.00351038 0.09493388 -0.00000000
v -0.02089460 -0.09267243 0.00000000
v -0.02755642 -0.09086624 0.01744048
v -0.02768156 -0.09087627 0.00000000
v -0.07581066 0.05724954 -0.00000000
v -0.07144590 0.06253508 0.01748042
v -0.07137560 0.06269202 -0.00000000
v -0.08793441 -0.03594864 0.00000000
v -0.09021425 -0.02955214 0.01768133
v -0.09034917 -0.02935626 0.00000000
v -0.04390882 0.08424238 -0.00000000
v -0.03754629 0.08720605 0.01750364
v -0.03756748 0.08725509 -0.00000000
v 0.09368786 -0.01572739 0.00000000
v 0.09453826 -0.00877807 0.01750735
v 0.09363301 -0.01569537 0.01755474
v 0.08167996 -0.04850925 0.00000000
v 0.07792682 -0.05424542 0.01748047
v 0.07787433 -0.05440912 0.00000000
v 0.06405558 -0.07009217 0.01744048
v 0.05864069 -0.07473977 0.00000000
v 0.06400027 -0.07020491 0.00000000
v 0.05864069 -0.07473977 0.00000000
v -0.09137225 0.02599761 -0.00000000
v -0.08924315 0.03240325 0.01752093
v -0.08920276 0.03267464 -0.00000000
v 0.05296090 -0.07886639 0.00000000
v 0.04709566 -0.08243100 0.01756709
v 0.04699166 -0.08256240 0.00000000
v -0.09302618 0.01900749 0.01748039
v -0.09137225 0.02599761 -0.00000000
v -0.09304273 0.01917857 -0.00000000
v 0.02768172 -0.09087622 0.00000000
v 0.02104373 -0.09258680 0.01748044
v 0.02089457 -0.09267245 0.00000000
v 0.04699166 -0.08256240 0.00000000
v 0.04089257 -0.08569103 0.01748044
v 0.04076597 -0.08580734 0.00000000
v -0.02089460 -0.09267243 0.00000000
v -0.09368785 -0.01572745 0.00000000
v -0.09451732 -0.00896368 0.01751767
v -0.09459353 -0.00876527 0.00000000
v 0.04089257 -0.08569103 0.01748044
v 0.03431753 -0.08858370 0.00000000
v 0.04076597 -0.08580734 0.00000000
v -0.08345068 0.04528950 0.01748037
v -0.07983166 0.05149436 -0.00000000
v -0.08341670 0.04545790 -0.00000000
v 0.03739652 0.08727344 0.01748050
v 0.04390876 0.08424241 -0.00000000
v 0.03756741 0.08725511 -0.00000000
v 0.07787433 -0.05440912 0.00000000
v 0.07370783 -0.05985239 0.01748046
v 0.07364343 -0.06001175 0.00000000
v -0.09034917 -0.02935626 0.00000000
v -0.09218214 -0.02275097 0.01748048
v -0.09227051 -0.02260351 0.00000000
v 0.07137561 0.06269200 -0.00000000
v 0.07567119 0.05735002 0.01748047
v 0.07581063 0.05724958 -0.00000000
v 0.05862170 -0.07467919 0.01755478
v -0.09420502 0.01225476 -0.00000000
v -0.09302618 0.01900749 0.01748039
v -0.09304273 0.01917857 -0.00000000
v 0.08654599 0.03917342 -0.00000000
v 0.08909861 0.03281146 0.01748042
v 0.08920273 0.03267473 -0.00000000
v 0.08341669 0.04545792 -0.00000000
v 0.08643205 0.03930209 0.01748044
v 0.08654599 0.03917342 -0.00000000
v -0.04682382 -0.08259954 0.01748039
v -0.05296072 -0.07886652 0.00000000
v -0.04699165 -0.08256240 0.00000000
v 0.03431753 -0.08858370 0.00000000
v 0.02786053 -0.09076157 0.01751770
v 0.02768172 -0.09087622 0.00000000
v -0.03431745 -0.08858373 0.00000000
v -0.02755642 -0.09086624 0.01744048
v -0.03427508 -0.08853646 0.01755479
v 0.03102062 0.08979135 -0.00000000
v 0.03739652 0.08727344 0.01748050
v 0.03756741 0.08725511 -0.00000000
v -0.09459353 -0.00876527 0.00000000
v -0.09492877 -0.00191883 0.01748047
v -0.09498254 -0.00175571 0.00000000
v -0.08503939 -0.04234462 0.00000000
v -0.08780374 -0.03611614 0.01751766
v -0.08793441 -0.03594864 0.00000000
v 0.09227053 -0.02260344 0.00000000
v 0.09035517 -0.02911842 0.01768136
v 0.09034919 -0.02935620 0.00000000
v -0.00670321 -0.09471820 0.01743017
v -0.01399351 -0.09396248 0.00000000
v -0.00471761 -0.09493263 0.00000000
v -0.05583889 0.07685560 -0.00000000
v -0.05012336 0.08063996 0.01748041
v -0.05001043 0.08076956 -0.00000000
v 0.09459352 -0.00876541 0.00000000
v 0.09493456 -0.00170118 0.01746009
v 0.09453826 -0.00877807 0.01750735
v -0.00351038 0.09493388 -0.00000000
v 0.02089457 -0.09267245 0.00000000
v 0.02104373 -0.09258680 0.01748044
v 0.01414841 -0.09388810 0.01748047
v 0.07974460 0.05152586 0.01759948
v -0.08924315 0.03240325 0.01752093
v -0.06874137 -0.06546664 0.01768965
v -0.09479775 0.00503257 0.01768132
v 0.00327997 0.09487456 0.01768134
v 0.06634051 0.06790346 0.01768127
v -0.02430477 0.09183704 -0.00000000
v -0.02434560 0.09174146 0.01780094
v -0.01764641 0.09328706 0.01751768
v 0.09035517 -0.02911842 0.01768136
v -0.06656400 0.06770045 0.01759939
v 0.04367524 0.08428768 0.01768135
v -0.07353327 -0.06007285 0.01746315
v 0.09124463 0.02619841 0.01768137
v -0.08654603 0.03917333 -0.00000000
v -0.08657793 0.03896322 0.01751769
v -0.08345068 0.04528950 0.01748037
v -0.05012336 0.08063996 0.01748041
v -0.04394811 0.08415865 0.01759947
v -0.04390882 0.08424238 -0.00000000
v -0.08487705 -0.04251853 0.01768136
v 0.06655070 0.06779210 -0.00000000
v 0.06634051 0.06790346 0.01768127
v 0.07119737 0.06280770 0.01751763
v -0.06381035 -0.07030015 0.01751770
v -0.04053084 -0.08584400 0.01768128
v 0.09124463 0.02619841 0.01768137
v -0.09479775 0.00503257 0.01768132
v 0.01399346 -0.09396248 0.00000000
v 0.01414841 -0.09388810 0.01748047
v 0.00585873 -0.09484103 0.01563182
v 0.06911775 -0.06507439 0.01768134
v 0.06911775 -0.06507439 0.01768134
v -0.01764641 0.09328706 0.01751768
v -0.06144043 0.07237365 0.01756720
v 0.01051186 0.09441539 -0.00000000
v 0.00540867 -0.09486839 0.00000000
v 0.00585873 -0.09484103 0.01563182
v -0.00194547 -0.09498749 0.01563545
v -0.07989829 0.05126602 0.01768131
v -0.05864063 -0.07473981 0.00000000
v -0.05844420 -0.07482075 0.01751768
v -0.06381035 -0.07030015 0.01751770
v -0.09358323 -0.01594111 0.01768127
v 0.09420501 0.01225483 -0.00000000
v 0.09304271 0.01917865 -0.00000000
v 0.09298397 0.01922098 0.01746003
v 0.02422961 0.09180420 0.01750263
v -0.04053084 -0.08584400 0.01768128
v -0.07773389 -0.05450058 0.01756713
v 0.07974460 0.05152586 0.01759948
v -0.03102084 0.08979127 -0.00000000
v 0.09478258 0.00552935 0.01752096
v 0.04980617 0.08082833 0.01751761
v 0.08503942 -0.04234456 0.00000000
v 0.08499454 -0.04225080 0.01780097
v 0.08173488 -0.04830407 0.01751768
v -0.03756748 0.08725509 -0.00000000
v 0.08503942 -0.04234456 0.00000000
v 0.08793443 -0.03594860 0.00000000
v 0.08793601 -0.03582300 0.01744045
v 0.05583884 0.07685563 -0.00000000
v 0.05561452 0.07693481 0.01768135
v 0.06120420 0.07258925 0.01748052
v -0.06656400 0.06770045 0.01759939
v -0.01051183 0.09441540 -0.00000000
v -0.01066953 0.09434678 0.01748043
v -0.00367261 0.09487711 0.01748044
v -0.02089460 -0.09267243 0.00000000
v -0.02068248 -0.09266125 0.01751764
v -0.02755642 -0.09086624 0.01744048
v -0.07588796 0.05705163 0.01751765
v -0.08780374 -0.03611614 0.01751766
v -0.04394811 0.08415865 0.01759947
v 0.09459352 -0.00876541 0.00000000
v 0.08173488 -0.04830407 0.01751768
v -0.09137225 0.02599761 -0.00000000
v -0.09138971 0.02567446 0.01768963
v -0.08924315 0.03240325 0.01752093
v 0.05299068 -0.07877882 0.01759945
v -0.09138971 0.02567446 0.01768963
v 0.02786053 -0.09076157 0.01751770
v 0.04699166 -0.08256240 0.00000000
v 0.04709566 -0.08243100 0.01756709
v 0.04089257 -0.08569103 0.01748044
v -0.09358323 -0.01594111 0.01768127
v 0.03450568 -0.08843811 0.01768132
v -0.07989829 0.05126602 0.01768131
v 0.04367524 0.08428768 0.01768135
v 0.07792682 -0.05424542 0.01748047
v -0.09034917 -0.02935626 0.00000000
v -0.09021425 -0.02955214 0.01768133
v -0.09218214 -0.02275097 0.01748048
v 0.07137561 0.06269200 -0.00000000
v 0.07119737 0.06280770 0.01751763
v 0.07567119 0.05735002 0.01748047
v -0.09420502 0.01225476 -0.00000000
v -0.09417431 0.01204452 0.01751764
v -0.09302618 0.01900749 0.01748039
v 0.08654599 0.03917342 -0.00000000
v 0.08643205 0.03930209 0.01748044
v 0.08909861 0.03281146 0.01748042
v 0.08341669 0.04545792 -0.00000000
v 0.08328720 0.04556443 0.01756708
v 0.08643205 0.03930209 0.01748044
v -0.05273373 -0.07893728 0.01768128
v 0.03431753 -0.08858370 0.00000000
v 0.03450568 -0.08843811 0.01768132
v 0.02786053 -0.09076157 0.01751770
v -0.03431745 -0.08858373 0.00000000
v -0.02768156 -0.09087627 0.00000000
v -0.02755642 -0.09086624 0.01744048
v 0.03085330 0.08978276 0.01756712
v -0.09451732 -0.00896368 0.01751767
v -0.08503939 -0.04234462 0.00000000
v -0.08487705 -0.04251853 0.01768136
v -0.08780374 -0.03611614 0.01751766
v 0.09225891 -0.02236593 0.01768132
v -0.05598350 0.07666673 0.01768136
v 0.09498254 -0.00175543 0.00000000
f 1 2 3
f 4 5 3
f 6 7 3
f 5 8 3
f 9 10 3
f 10 11 3
f 7 4 3
f 11 12 3
f 8 9 3
f 12 1 3
f 13 14 15
f 16 17 18
f 19 20 21
f 22 23 24
f 25 26 27
f 28 29 30
f 31 32 33
f 34 35 36
f 37 38 39
f 40 41 42
f 43 44 45
f 46 47 48
f 49 50 51
f 52 53 54
f 55 56 57
f 58 59 60
f 61 62 63
f 64 65 66
f 67 68 69
f 70 71 72
f 73 74 75
f 76 77 78
f 79 80 81
f 82 83 84
f 85 86 87
f 88 89 90
f 91 92 93
f 94 95 96
f 97 98 99
f 100 101 102
f 103 104 105
f 106 107 108
f 109 110 111
f 112 113 114
f 115 116 117
f 118 119 120
f 121 122 123
f 124 125 126
f 127 128 129
f 130 131 132
f 133 134 135
f 136 137 138
f 139 140 141
f 142 143 144
f 145 146 147
f 148 149 150
f 151 152 153
f 154 155 156
f 157 158 159
f 160 161 162
f 163 164 165
f 166 167 168
f 169 170 171
f 172 173 174
f 175 176 177
f 178 179 180
f 181 182 183
f 184 185 186
f 187 188 189
f 190 191 192
f 193 194 195
f 196 197 198
f 199 200 201
f 202 203 204
f 205 206 207
f 208 209 210
f 211 212 213
f 214 215 216
f 217 218 219
f 220 221 222
f 223 224 225
f 226 227 228
f 229 230 231
f 232 233 234
f 235 236 237
f 238 239 240
f 241 242 243
f 244 245 246
f 247 248 249
f 250 251 252
f 253 254 255
f 256 257 258
f 259 260 261
f 262 263 264
f 265 266 267
f 268 269 270
f 271 272 273
f 274 275 276
f 277 278 279
f 280 281 282
f 283 284 285
f 286 287 288
f 289 290 291
f 292 293 294
f 295 296 297
f 298 299 300
f 301 302 303
f 301 303 304
f 304 303 305
f 304 305 306
f 304 306 307
f 304 307 308
f 308 307 309
f 308 309 310
f 310 309 311
f 310 311 312
f 312 311 313
f 312 313 314
f 312 314 315
f 312 315 316
f 316 315 317
f 316 317 318
f 318 317 319
f 318 319 320
f 318 320 321
f 321 320 322
f 321 322 323
f 321 323 324
f 324 323 325
f 324 325 326
f 326 325 327
f 326 327 328
f 326 328 329
f 329 328 330
f 329 330 331
f 329 331 332
f 329 332 333
f 333 332 302
f 333 302 301
f 334 335 336
f 336 335 337
f 336 337 338
f 336 338 339
f 336 339 340
f 340 339 341
f 340 341 342
f 342 341 343
f 342 343 344
f 342 344 345
f 345 344 346
f 345 346 347
f 345 347 348
f 348 347 349
f 348 349 350
f 350 349 351
f 350 351 352
f 350 352 353
f 353 352 354
f 353 354 355
f 353 355 356
f 353 356 357
f 357 356 358
f 357 358 359
f 359 358 360
f 359 360 361
f 361 360 362
f 361 362 363
f 361 363 364
f 361 364 365
f 365 364 366
f 365 366 334
f 334 366 335
f 367 368 369
f 367 369 370
f 370 369 371
f 370 371 372
f 370 372 373
f 373 372 374
f 373 374 375
f 375 374 376
f 375 376 377
f 375 377 378
f 378 377 379
f 378 379 380
f 378 380 381
f 378 381 382
f 382 381 383
f 382 383 384
f 384 383 385
f 384 385 386
f 386 385 387
f 386 387 388
f 386 388 389
f 386 389 390
f 390 389 391
f 390 391 392
f 392 391 393
f 392 393 394
f 394 393 395
f 394 395 396
f 394 396 397
f 394 397 398
f 398 397 399
f 398 399 367
f 367 399 368
f 400 401 402
f 400 402 403
f 403 402 404
f 403 404 405
f 403 405 406
f 403 406 407
f 407 406 408
f 407 408 409
f 409 408 410
f 409 410 411
f 409 411 412
f 412 411 413
f 412 413 414
f 412 414 415
f 415 414 416
f 415 416 417
f 417 416 418
f 417 418 419
f 417 419 420
f 420 419 421
f 420 421 422
f 420 422 423
f 420 423 424
f 424 423 425
f 424 425 426
f 426 425 427
f 426 427 428
f 428 427 429
f 428 429 430
f 428 430 431
f 428 431 432
f 432 431 401
f 432 401 400
f 433 434 435
f 436 437 438
f 439 440 441
f 442 443 444
f 445 446 447
f 448 449 450
f 451 452 453
f 454 455 456
f 457 458 459
f 460 461 462
f 463 464 465
f 466 467 468
f 469 470 471
f 472 473 474
f 475 476 477
f 478 479 480
f 481 482 483
f 484 485 486
f 487 488 489
f 490 491 492
f 493 494 495
f 496 497 498
f 499 500 501
f 502 503 504
f 505 506 507
f 508 509 510
f 511 512 513
f 514 515 516
f 517 518 519
f 520 521 522
f 523 524 525
f 526 527 528
f 529 530 531
f 532 533 534
f 535 536 537
f 538 539 540
f 541 542 543
f 544 545 546
f 547 548 549
f 550 551 552
f 553 554 555
f 556 557 558
f 559 560 561
f 562 563 564
f 565 566 567
f 568 569 570
f 571 572 573
f 574 575 576
f 577 578 579
f 580 581 582
f 583 584 585
f 586 587 588
f 589 590 591
f 592 593 594
f 595 596 597
f 598 599 600
f 601 602 603
f 604 605 606
f 607 608 609
f 610 611 612
f 613 614 615
f 616 617 618
f 619 620 621
f 622 623 624
f 625 626 627
f 628 629 630
f 631 632 633
f 634 635 636
f 637 638 639
f 640 641 642
f 643 644 645
f 646 647 648
f 649 650 651
f 652 653 654
f 655 656 657
f 658 659 660
f 661 662 663
f 664 665 666
f 667 668 669
f 670 671 672
f 673 674 675
f 676 677 678
f 679 680 681
f 682 683 684
f 685 686 687
f 688 689 690
f 691 692 693
f 694 695 696
f 697 698 699
f 700 701 702
f 703 704 705
f 706 707 708
f 709 710 711
f 712 713 714
f 715 716 717
f 718 719 720
f 721 722 723
f 724 725 726
f 727 728 729
f 730 731 732
f 733 734 735
f 736 737 738
f 739 740 741
f 742 743 744
f 745 746 747
f 748 749 750
f 751 752 753
f 754 755 756
f 757 758 759
f 760 761 762
f 763 764 765
f 766 767 768
f 769 770 771
f 772 773 774
f 775 776 777
f 778 779 780
f 781 782 783
f 784 785 786
f 787 788 789
f 790 791 792
f 793 794 795
f 796 797 798
f 799 800 801
f 802 803 804
f 805 806 807
f 808 809 810
f 811 812 813
f 814 815 816
f 817 818 819
f 820 821 822
f 823 824 825
f 826 827 828
f 829 830 831
f 832 833 834
f 835 836 837
f 838 839 840
f 841 842 843
f 844 845 846
f 847 848 849
f 850 851 852
f 853 854 855
f 856 857 858
f 859 860 861
f 862 863 864
f 865 866 867
f 868 869 870
f 871 872 873
f 874 875 876
f 877 878 879
f 880 881 882
f 883 884 885
f 886 887 888
f 889 890 891
f 892 893 894
f 895 896 897
f 898 899 900
f 901 902 903
f 904 905 906
f 907 908 909
f 910 911 912
f 913 914 915
f 916 917 918
f 919 920 921
f 922 923 924
f 925 926 927
f 928 929 930
f 931 932 933
f 934 935 936
f 937 938 939
f 940 941 942
f 943 944 945
f 946 947 948
f 949 950 951
f 952 953 954
f 955 956 957
f 958 959 960
f 961 962 963
f 964 965 966
f 967 968 969
f 970 971 972
f 973 974 975
f 976 977 978
f 979 980 981
f 982 983 984
f 985 986 987
f 988 989 990
f 991 992 993
f 994 995 996
f 997 998 999
f 1000 1001 1002
f 1003 1004 1005
f 1006 1007 1008
f 1009 1010 1011
f 1012 1013 1014
f 1015 1016 1017
f 1018 1019 1020
f 1021 1022 1023
f 1024 1025 1026
f 1027 1028 1029
f 1030 1031 1032
f 1033 1034 1035
f 1036 1037 1038
f 1039 1040 1041
f 1042 1043 1044
f 1045 1046 1047
f 1048 1049 1050
f 1051 1052 1053
f 1054 1055 1056
f 1057 1058 1059
f 1060 1061 1062
f 1063 1064 1065
f 1066 1067 1068
f 1069 1070 1071
f 1072 1073 1074
f 1075 1076 1077
f 1078 1079 1080
f 1081 1082 1083
f 1084 1085 1086
f 1087 1088 1089
f 1090 1091 1092
f 1093 1094 1095
f 1096 1097 1098
f 1099 1100 1101
f 1102 1103 1104
f 1105 1106 1107
f 1108 1109 1110
f 1111 1112 1113
f 1114 1115 1116
f 1117 1118 1119
f 1120 1121 1122
f 1123 1124 1125
f 1126 1127 1128
f 1129 1130 1131
f 1132 1133 1134
f 1135 1136 1137
f 1138 1139 1140
f 1141 1142 1143
f 1144 1145 1146
f 1147 1148 1149
f 1150 1151 1152
f 1153 1154 1155
f 1156 1157 1158
f 1156 1158 1159
f 1160 1161 1162
f 1163 1164 1165
f 1166 1167 1168
f 1169 1170 1171
f 1172 1173 1174
f 1175 1176 1177
f 1178 1179 1180
f 1181 1182 1183
f 1184 1185 1186
f 1187 1188 1189
f 1190 1191 1192
f 1193 1194 1195
f 1196 1197 1198
f 1199 1200 1201
f 1202 1203 1204
f 1205 1206 1207
f 1208 1209 1210
f 1211 1212 1213
f 1214 1215 1216
f 1217 1218 1219
f 1220 1221 1222
f 1223 1224 1225
f 1226 1227 1228
f 1229 1230 1231
f 1232 1233 1234
f 1235 1236 1237
f 1238 1239 1240
f 1241 1242 1243
f 1244 1245 1246
f 1247 1248 1249
f 1250 1251 1252
f 1253 1254 1255
f 1256 1257 1258
f 1259 1260 1261
f 1262 1263 1264
f 1265 1266 1267
f 1268 1269 1270
f 1271 1272 1273
f 1274 1275 1276
f 1277 1278 1279
f 1280 1281 1282
f 1283 1284 1285
f 1286 1287 1288
f 1289 1290 1291
f 1292 1293 1294
f 1295 1296 1297
f 1298 1299 1300
f 1301 1302 1303
f 1304 1305 1306
f 1307 1308 1309
f 1310 1311 1312
f 1313 1314 1315
f 1316 1317 1318
f 1319 1320 1321
f 1322 1323 1324
f 1325 1326 1327
f 1328 1329 1330
f 1331 1332 1333
f 1334 1335 1336
f 1337 1338 1339
f 1340 1341 1342
f 1343 1344 1345
f 1346 1347 1348
f 1349 1350 1351
f 1352 1353 1354
f 1355 1356 1357
f 1358 1359 1360
f 1361 1362 1363
f 1364 1365 1366
f 1367 1368 1369
f 1370 1371 1372
f 1373 1374 1375
f 1376 1377 1378
f 1379 1380 1381
f 1382 1383 1384
f 1385 1386 1387
f 1388 1389 1390
f 1391 1392 1393
f 1394 1395 1396
f 1397 1398 1399
f 1400 1401 1402
f 1403 1404 1405
f 1406 1407 1408
f 1409 1410 1411
f 1412 1413 1414
f 1415 1416 1417
f 1418 1419 1420
f 1421 1422 1423
f 1424 1425 1426
f 1427 1428 1429
f 1430 1431 1432
f 1433 1434 1435
f 1436 1437 1438
f 1439 1440 1441
f 1442 1443 1444
f 1445 1446 1447
f 1448 1449 1450
f 1451 1452 1453
f 1454 1455 1456
f 1457 1458 1459
f 1460 1461 1462
f 1463 1464 1465
f 1466 1467 1468
f 1469 1470 1471
f 1472 1473 1474
f 1475 1476 1477
f 1478 1479 1480
f 1481 1482 1483
f 1484 1485 1486
f 1487 1488 1489
f 1490 1491 1492
f 1493 1494 1495
f 1496 1497 1498
f 1499 1500 1501
f 1502 1503 1504
f 1505 1506 1507
f 1508 1509 1510
f 1511 1512 1513
f 1514 1515 1516
f 1517 1518 1519
f 1520 1521 1522
f 1523 1524 1525
f 1526 1527 1528
f 1529 1530 1531
f 1532 1533 1534
f 1535 1536 1537
f 1538 1539 1540
f 1541 1542 1543
f 1544 1545 1546
f 1547 1548 1549
f 1550 1551 1552
f 1553 1554 1555
f 1556 1557 1558
f 1559 1560 1561
f 1562 1563 1564
f 1565 1566 1567
f 1568 1569 1570
f 1571 1572 1573
f 1574 1575 1576
f 1577 1578 1579
f 1580 1581 1582
f 1583 1584 1585
f 1586 1587 1588
f 1589 1590 1591
f 1592 1593 1594
f 1595 1596 1597
f 1598 1599 1600
f 1601 1602 1603
f 1604 1605 1606
f 1607 1608 1609
f 1610 1611 1612
f 1613 1614 1615
f 1616 1617 1618
f 1619 1620 1621
f 1622 1623 1624
f 1625 1626 1627
f 1628 1629 1630
f 1631 1632 1633
f 1634 1635 1636
f 1637 1638 1639
f 1640 1641 1642
f 1643 1644 1645
f 1646 1647 1648
f 1649 1650 1651
f 1652 1653 1654
f 1655 1656 1657
f 1658 1659 1660
f 1661 1662 1663
f 1664 1665 1666
f 1667 1668 1669
f 1670 1671 1672
f 1673 1674 1675
f 1676 1677 1678
f 1679 1680 1681
f 1682 1683 1684
f 1685 1686 1687
f 1688 1689 1690
f 1691 1692 1693
f 1694 1695 1696
f 1697 1698 1699
f 1700 1701 1702
f 1703 1704 1705
f 1706 1707 1708
f 1709 1710 1711
f 1712 1713 1714
f 1715 1716 1717
f 1718 1719 1720
f 1721 1722 1723
f 1724 1725 1726
f 1727 1728 1729
f 1730 1731 1732
f 1733 1734 1735
f 1736 1737 1738
f 1739 1740 1741
f 1742 1743 1744
f 1745 1746 1747
f 1748 1749 1750
f 1751 1752 1753
f 1754 1755 1756
f 1757 1758 1759
f 1760 1761 1762
f 1763 1764 1765
f 1766 1767 1768
f 1769 1770 1771
f 1772 1773 1774
f 1775 1776 1777
f 1778 1779 1780
f 1781 1782 1783
f 1784 1785 1786
f 1787 1788 1789
f 1790 1791 1792
f 1793 1794 1795
f 1796 1797 1798
f 1799 1800 1801
f 1802 1803 1804
f 1805 1806 1807
f 1808 1809 1810
f 1811 1812 1813
f 1814 1815 1816
f 1817 1818 1819
f 1820 1821 1822
f 1823 1824 1825
f 1826 1827 1828
f 1829 1830 1831
f 1832 1833 1834
f 1835 1836 1837
f 1838 1839 1840
f 1841 1842 1843
f 1844 1845 1846
f 1847 1848 1849
f 1850 1851 1852
f 1853 1854 1855
f 1856 1857 1858
f 1859 1860 1861
f 1862 1863 1864
f 1865 1866 1867
f 1868 1869 1870
f 1871 1872 1873
f 1874 1875 1876
f 1877 1878 1879
f 1880 1881 1882
f 1883 1884 1885
f 1886 1887 1888
f 1889 1890 1891
f 1892 1893 1894
f 1895 1896 1897
f 1898 1899 1900
f 1901 1902 1903
f 1904 1905 1906
f 1907 1908 1909
f 1910 1911 1912
f 1913 1914 1915
f 1916 1917 1918
f 1919 1920 1921
f 1922 1923 1924
f 1925 1926 1927
f 1928 1929 1930
f 1931 1932 1933
f 1934 1935 1936
f 1937 1938 1939
f 1940 1941 1942
f 1943 1944 1945
f 1946 1947 1948
f 1949 1950 1951
f 1952 1953 1954
f 1955 1956 1957
f 1958 1959 1960
f 1961 1962 1963
f 1964 1965 1966
f 1967 1968 1969
f 1970 1971 1969
f 1972 1973 1969
f 1974 1975 1969
f 1976 1977 1969
f 1978 1979 1969
f 1980 1972 1969
f 1981 1982 1969
f 1983 1984 1969
f 1985 1986 1969
f 1987 1988 1969
f 1975 1989 1969
f 1990 1991 1969
f 1992 1993 1969
f 1994 1995 1969
f 1973 1996 1969
f 1997 1998 1969
f 1999 2000 1969
f 1993 2001 1969
f 2002 1976 1969
f 2003 2004 1969
f 1996 2005 1969
f 1979 2006 1969
f 2007 2008 1969
f 2009 1985 1969
f 1977 2010 1969
f 1989 1999 1969
f 2008 2011 1969
f 2012 2013 1969
f 2014 2015 1969
f 2016 2017 1969
f 2018 2019 1969
f 2020 2021 1969
f 1995 2022 1969
f 2023 2020 1969
f 1988 2024 1969
f 2025 2026 1969
f 2027 2028 1969
f 1968 2012 1969
f 2026 2029 1969
f 2028 2030 1969
f 2031 1981 1969
f 1971 1992 1969
f 2019 2032 1969
f 2017 1990 1969
f 2033 2034 1969
f 2010 2014 1969
f 2000 2035 1969
f 2004 2036 1969
f 2034 2037 1969
f 2038 2033 1969
f 2039 2031 1969
f 2040 2002 1969
f 2005 2016 1969
f 2041 1978 1969
f 2042 2043 1969
f 2013 2044 1969
f 1984 2007 1969
f 2045 1987 1969
f 2046 2040 1969
f 2030 2041 1969
f 2006 1967 1969
f 2043 1994 1969
f 2047 2045 1969
f 2021 1997 1969
f 2032 1974 1969
f 1982 2048 1969
f 2049 2050 1969
f 2051 2027 1969
f 2050 2039 1969
f 2015 2049 1969
f 2011 2018 1969
f 2044 2038 1969
f 2029 1980 1969
f 2024 2009 1969
f 2022 1983 1969
f 2001 2051 1969
f 2048 2003 1969
f 2036 2025 1969
f 2052 2053 2054
f 2054 2053 2055
f 2056 2057 2058
f 2059 2060 2061
f 2062 2063 2064
f 2065 2066 2067
f 2068 2069 2070
f 2071 2072 2073
f 2074 2075 2076
f 2077 2078 2079
f 2080 2081 2082
f 2083 2084 2085
f 2086 2087 2088
f 2089 2090 2091
f 2089 2091 2092
f 2093 2094 2095
f 2096 2097 2098
f 2099 2100 2091
f 2091 2100 2092
f 2094 2093 2101
f 2102 2103 2104
f 2105 2106 2107
f 2102 2104 2108
f 2102 2108 2107
f 2107 2108 2105
f 2106 2105 2109
f 2110 2111 2112
f 2113 2114 2115
f 2116 2117 2118
f 2119 2120 2121
f 2122 2123 2124
f 2125 2126 2127
f 2127 2126 2128
f 2109 2105 2129
f 2109 2129 2130
f 2131 2132 2133
f 2133 2132 2134
f 2135 2136 2137
f 2100 2138 2139
f 2139 2138 2140
f 2141 2142 2143
f 2100 2144 2138
f 2145 2146 2147
f 2148 2149 2150
f 2151 2152 2153
f 2154 2155 2156
f 2157 2158 2159
f 2160 2161 2162
f 2163 2164 2165
f 2166 2167 2168
f 2169 2170 2171
f 2172 2173 2174
f 2175 2176 2177
f 2178 2179 2180
f 2181 2182 2183
f 2184 2185 2186
f 2187 2188 2189
f 2190 2191 2192
f 2193 2194 2195
f 2196 2197 2198
f 2199 2200 2201
f 2202 2203 2204
f 2205 2206 2207
f 2208 2209 2210
f 2211 2212 2213
f 2214 2215 2216
f 2217 2218 2219
f 2220 2221 2222
f 2223 2224 2225
f 2226 2227 2228
f 2229 2230 2231
f 2232 2233 2234
f 2235 2236 2237
f 2238 2239 2240
f 2241 2242 2243
f 2244 2245 2246
f 2247 2248 2249
f 2250 2251 2252
f 2253 2254 2255
f 2256 2257 2258
f 2259 2260 2261
f 2262 2263 2264
f 2265 2266 2267
f 2268 2269 2270
f 2271 2272 2273
f 2274 2275 2276
f 2277 2278 2279
f 2279 2280 2277
f 2281 2282 2283
f 2284 2285 2286
f 2287 2288 2289
f 2290 2291 2292
f 2293 2294 2295
f 2296 2297 2298
f 2299 2300 2301
f 2301 2300 2302
f 2285 2284 2303
f 2275 2304 2276
f 2305 2306 2307
f 2308 2309 2310
f 2310 2309 2311
f 2312 2313 2314
f 2315 2316 2317
f 2318 2319 2320
f 2299 2321 2300
f 2283 2282 2322
f 2323 2324 2325
f 2326 2327 2328
f 2329 2299 2283
f 2283 2299 2281
f 2275 2330 2304
f 2331 2332 2333
f 2287 2289 2334
f 2287 2334 2335
f 2335 2334 2304
f 2336 2337 2338
f 2339 2340 2341
f 2342 2343 2344
f 2345 2346 2347
f 2348 2349 2350
f 2351 2352 2353
f 2354 2355 2356
f 2357 2358 2359
f 2360 2361 2362
f 2363 2364 2365
f 2366 2367 2368
f 2369 2370 2371
f 2372 2373 2374
f 2375 2376 2377
f 2378 2379 2380
f 2381 2382 2383
f 2384 2385 2386
f 2387 2388 2389
f 2390 2391 2392
f 2393 2394 2395
f 2396 2397 2398
f 2399 2400 2401
f 2402 2403 2404
f 2405 2406 2407
f 2408 2409 2410
f 2411 2412 2413
f 2414 2415 2416
f 2417 2418 2419
f 2420 2421 2422
f 2423 2424 2425
f 2426 2427 2428
f 2429 2430 2431
f 2432 2433 2434
f 2435 2436 2437
f 2438 2439 2440
f 2441 2442 2443
f 2444 2445 2446
f 2447 2448 2449
f 2450 2451 2452
f 2453 2454 2455
f 2456 2457 2458
f 2459 2460 2461
f 2462 2463 2464
f 2465 2466 2467
f 2462 2468 2463
f 2469 2470 2471
f 2471 2470 2472
f 2473 2474 2475
f 2470 2469 2476
f 2470 2476 2477
f 2478 2479 2480
f 2481 2482 2483
f 2484 2485 2486
f 2466 2465 2487
f 2466 2487 2488
f 2488 2487 2483
f 2483 2489 2481
f 2481 2489 2490
f 2491 2492 2493
f 2494 2495 2496
f 2497 2498 2499
f 2500 2501 2502
f 2497 2503 2498
f 2504 2505 2506
f 2507 2508 2509
f 2510 2511 2512
f 2471 2513 2514
f 2514 2513 2515
f 2516 2517 2518
f 2519 2520 2521
f 2471 2522 2523
f 2471 2523 2513
f 2524 2525 2526
f 2527 2528 2529
f 2530 2531 2532
f 2533 2534 2535
f 2536 2537 2538
f 2539 2540 2541
f 2542 2543 2544
f 2545 2546 2547
f 2548 2549 2550
f 2551 2552 2553
f 2554 2555 2556
f 2557 2558 2559
f 2560 2561 2562
f 2563 2564 2565
f 2566 2567 2568
f 2569 2570 2571
f 2572 2573 2574
f 2575 2576 2577
f 2578 2579 2580
f 2581 2582 2583
f 2584 2585 2586
f 2587 2588 2589
f 2590 2591 2592
f 2593 2594 2595
f 2596 2597 2598
f 2599 2600 2601
f 2602 2603 2604
f 2605 2606 2607
f 2608 2609 2610
f 2611 2612 2613
f 2614 2615 2616
f 2617 2618 2619
f 2620 2621 2622
f 2623 2624 2625
f 2626 2627 2628
f 2629 2630 2631
f 2632 2633 2634
f 2635 2636 2637
f 2638 2639 2640
f 2641 2642 2643
f 2644 2645 2646
f 2647 2648 2649
f 2650 2651 2652
f 2650 2652 2653
f 2654 2655 2656
f 2657 2658 2659
f 2660 2661 2662
f 2663 2664 2665
f 2666 2667 2668
f 2669 2670 2671
f 2672 2673 2674
f 2655 2654 2675
f 2676 2677 2678
f 2678 2677 2679
f 2676 2680 2677
f 2662 2661 2681
f 2682 2683 2684
f 2678 2679 2685
f 2686 2687 2688
f 2689 2690 2691
f 2692 2693 2694
f 2694 2693 2695
f 2696 2697 2698
f 2698 2697 2662
f 2662 2697 2660
f 2657 2659 2699
f 2657 2699 2685
f 2685 2699 2678
f 2697 2700 2701
f 2701 2700 2702
f 2703 2704 2705
f 2697 2706 2700
f 2707 2708 2709
f 2710 2711 2712
f 2713 2714 2715
f 2716 2717 2718
f 2719 2720 2721
f 2722 2723 2724
f 2725 2726 2727
f 2728 2729 2730
f 2731 2732 2733
f 2734 2735 2736
f 2737 2738 2739
f 2740 2741 2742
f 2743 2744 2745
f 2746 2747 2748
f 2749 2750 2751
f 2752 2753 2754
f 2754 2753 2755
f 2756 2757 2758
f 2759 2760 2761
f 2762 2763 2764
f 2765 2766 2767
f 2768 2769 2770
f 2771 2772 2773
f 2774 2775 2776
f 2777 2778 2779
f 2780 2781 2782
f 2783 2784 2785
f 2786 2787 2788
f 2789 2790 2791
f 2792 2793 2794
f 2795 2796 2797
f 2798 2799 2800
f 2035 2046 1969
f 2801 2802 2803
f 2804 2805 2806
f 2807 2808 2809
f 2037 2023 1969
f 2810 2811 2812
f 2813 2814 2815
f 1986 1970 1969
f 1991 2047 1969
f 1998 2042 1969
f 2816 2817 2818
f 2819 2820 2821
f 2822 2823 2824
f 2825 2826 2827
f 2828 2829 2830
f 2831 2832 2833
f 2834 2835 2836
f 2837 2838 2839
f 2840 2841 2842
f 2843 2844 2845
f 2846 2847 2848
f 2849 2850 2851
f 2852 2853 2854
f 2855 2856 2857
f 2858 2859 2860
f 2861 2862 2863
f 2864 2865 2866
f 2867 2868 2869
f 2870 2871 2872
f 2873 2874 2875
f 2876 2877 2878
f 2879 2880 2881
f 2882 2883 2884
f 2885 2886 2887
f 2888 2889 2890
f 2891 2892 2893
f 2894 2895 2896
f 2897 2898 2899
f 2900 2901 2902
f 2903 2904 2905
f 2906 2907 2908
f 2909 2910 2911
f 2912 2913 2914
f 2915 2916 2917
f 2918 2919 2920
f 2921 2922 2923
f 2924 2925 2926
f 2927 2928 2929
f 2930 2931 2932
f 2933 2934 2935
f 2936 2937 2938
f 2939 2940 2941
f 2942 2943 2944
f 2945 2946 2947
f 2948 2949 2950
f 2951 2952 2953
f 2954 2955 2956
f 2957 2958 2959
f 2960 2961 2962
f 2963 2964 2965
f 2966 2967 2968
f 2969 2970 2971
f 2972 2973 2974
f 2975 2976 2977
f 2978 2979 2980
f 2981 2982 2983
f 2984 2985 2986
f 2987 2988 2989
f 2990 2991 2992
f 2993 2994 2995
f 2996 2997 2998
f 2999 3000 3001
f 3002 3003 3004
f 3005 3006 3007
f 3008 3009 3010
f 3011 3012 3013
f 3014 3015 3016
f 3017 3018 3019
f 3020 3021 3022
f 3023 3024 3025
f 3026 3027 3028
f 3029 3030 3031
f 3032 3033 3034
f 3035 3036 3037
f 3038 3039 3040
f 3041 3042 3043
f 3044 3045 3046
f 3047 3048 3049
f 3050 3051 3052
f 3053 3054 3055
f 3056 3057 3058
f 3059 3060 3061
f 3062 3063 3064
f 3065 3066 3067
f 3068 3069 3070
f 3071 3072 3073
f 3074 3075 3076
f 3077 3078 3079
f 3080 3081 3082
f 3083 3084 3085
f 3086 3087 3088
f 3089 3090 3091
f 3092 3093 3094
f 3095 3096 3097
f 3098 3099 3100
f 3101 3102 3103
f 3104 3105 3106
f 3107 3108 3109
f 3110 3111 3112
f 3113 3114 3115
f 3116 3117 3118
f 3119 3120 3121
f 3122 3123 3124
f 3125 3126 3127
f 3128 3129 3130
f 3131 3132 3133
f 3134 3135 3136
f 3137 3138 3139
f 3140 3141 3142
f 3143 3144 3145
f 3146 3147 3148
f 3149 3150 3151
f 3152 3153 3154
f 3155 3156 3157
f 3158 3159 3160
f 3161 3162 3163
f 3164 3165 3166
f 3167 3168 3169
f 3170 3171 3172
f 3173 3174 3175
f 3176 3177 3178
f 3179 3180 3181
f 3182 3183 3184
f 3185 3186 3187
f 3188 3189 3190
f 3191 3192 3193
f 3194 3195 3196
f 3197 3198 3199
f 3200 3201 3202
f 3203 3204 3205
f 3206 3207 3208
f 3209 3210 3211
f 3212 3213 3214
f 3215 3216 3217
f 3218 3219 3220
f 3221 3222 3223
f 3224 3225 3226
f 3227 3228 3229
f 3230 3231 3232
f 3233 3234 3235
f 3236 3237 3238
f 3239 3240 3241
f 3242 3243 3244
f 3245 3246 3247
f 3248 3249 3250
f 3251 3252 3253
f 3254 3255 3256
f 3257 3258 3259
f 3260 3261 3262
f 3263 3264 3265
f 3266 3267 3268
f 3269 3270 3271
f 3272 3273 3274
f 3275 3276 3277
f 3278 3279 3280
f 3281 3282 3283
f 3284 3285 3286
f 3287 3288 3289
f 3290 3291 3292
f 3293 3294 3295
f 3296 3297 3298
f 3299 3300 3301
f 3302 3303 3304
f 3305 3306 3307
f 3308 3309 3310
f 3311 3312 3313
f 3314 3315 3316
f 3317 3318 3319
f 3320 3321 3322
f 3323 3324 3325
f 3326 3327 3328
f 3329 3330 3331
f 3332 3333 3334
f 3335 3336 3337
f 3338 3339 3340
f 3341 3342 3343
f 3344 3345 3346
f 3347 3348 3349
f 3350 3351 3352
f 3353 3354 3355
f 3356 3357 3358
f 3359 3360 3361
f 3362 3363 3364
f 3365 3366 3367
f 3368 3369 3370
f 3371 3372 3373
f 3374 3375 3376
f 3377 3378 3379
f 3380 3381 3382
f 3383 3373 3372
f 3384 3385 3386
f 3387 3388 3389
f 3390 3391 3392
f 3393 3394 3395
f 3396 3397 3398
f 3399 3400 3401
f 3402 3403 3404
f 3405 3406 3407
f 3408 3409 3410
f 3411 3412 3413
f 3414 3415 3416
f 3417 3418 3419
f 3420 3421 3422
f 3423 3424 3425
f 3426 3427 3428
f 3429 3430 3431
f 3432 3433 3434
f 3417 3435 3418
f 3436 3437 3438
f 3439 3440 3441
f 3439 3441 3442
f 3443 3444 3445
f 3446 3447 3448
f 3449 3450 3451
f 3451 3450 3452
f 3453 3454 3455
f 3453 3455 3456
f 3457 3458 3459
f 3460 3461 3462
f 3463 3464 3465
f 3466 3467 3468
f 3469 3470 3471
f 3472 3473 3474
f 3472 3474 3475
f 3476 3477 3478
f 3479 3480 3481
f 3482 3483 3484
f 3485 3486 3487
f 3488 3489 3490
f 3488 3490 3491
f 3492 3493 3494
f 3495 3496 3497
f 3498 3499 3500
f 3501 3502 3503
f 3504 3505 3506
f 3507 3508 3509
f 3510 3511 3512
f 3513 3514 3515
f 3516 3517 3518
f 3519 3520 3521
f 3522 3523 3524
f 3525 3526 3527
f 3528 3529 3530
f 3531 3532 3533
f 3534 3535 3536
f 3537 3538 3539
f 3540 3541 3542
f 3543 3544 3545
f 3546 3547 3548
f 3549 3550 3551
f 3552 3553 3554
f 3555 3556 3557
f 3558 3559 3560
f 3561 3562 3563
f 3564 3565 3566
f 3567 3568 3569
f 3570 3571 3572
f 3573 3574 3575
f 3576 3577 3578
f 3578 3577 3579
f 3580 3581 3582
f 3582 3581 3583
f 3584 3585 3586
f 3586 3585 3587
f 3588 3589 3590
f 3591 3592 3593
f 3594 3595 3596
f 3597 3598 3599
f 3600 3601 3602
f 3602 3601 3603
f 3604 3605 3606
f 3607 3608 3609
f 3610 3611 3612
f 3612 3611 3613
f 3614 3615 3616
f 3616 3615 3617
f 3618 3619 3620
f 3621 3622 3623
f 3624 3625 3626
f 3626 3625 3627
f 3628 3629 3630
f 3630 3629 3631
f 3632 3633 3634
f 3635 3636 3637
f 3638 3639 3640
f 3641 3642 3643
f 3644 3645 3646
f 3647 3648 3649
f 3650 3651 3652
f 3653 3654 3655
f 3656 3657 3658
f 3659 3660 3661
f 3662 3663 3664
f 3665 3666 3667
f 3668 3669 3670
f 3671 3672 3673
f 3674 3675 3676
f 3677 3678 3679
f 3680 3681 3682
f 3682 3681 3683
f 3684 3685 3686
f 3687 3688 3689
f 3690 3691 3692
f 3692 3691 3693
f 3694 3695 3696
f 3697 3698 3699
f 3700 3701 3702
f 3703 3704 3705
f 3706 3707 3708
f 3708 3707 3709
f 3710 3711 3712
f 3712 3711 3713
f 3714 3715 3716
f 3717 3718 3719
f 3720 3721 3722
f 3723 3724 3725
f 3726 3727 3728
f 3728 3727 3729
f 3730 3731 3732
f 3733 3734 3735
f 3736 3737 3738
f 3738 3737 3739
f 3740 3741 3742
f 3743 3744 3745
f 3746 3747 3748
f 3749 3750 3751
f 3752 3753 3754
f 3754 3753 3755
f 3756 3757 3758
f 3759 3760 3761
f 3762 3763 3764
f 3764 3763 3765
f 3766 3767 3768
f 3769 3770 3771
f 3772 3773 3774
f 3775 3776 3777
f 3778 3779 3780
f 3781 3782 3783
f 3784 3785 3786
f 3787 3788 3789
f 3790 3791 3792
f 3793 3794 3795
f 3796 3797 3798
f 3799 3800 3801
f 3802 3803 3804
f 3804 3803 3805
f 3806 3807 3808
f 3808 3807 3809
f 3810 3811 3812
f 3812 3811 3813
f 3814 3815 3816
f 3816 3815 3817
f 3818 3819 3820
f 3820 3819 3821
f 3822 3823 3824
f 3825 3826 3827
f 3828 3829 3830
f 3831 3832 3833
f 3834 3835 3836
f 3837 3838 3839
f 3840 3841 3842
f 3843 3844 3845
f 3846 3847 3848
f 3849 3850 3851
f 3852 3853 3854
f 3855 3856 3857
f 3858 3859 3860
f 3861 3862 3863
f 3864 3865 3866
f 3866 3865 3867
f 3868 3869 3870
f 3871 3872 3873
f 3874 3875 3876
f 3877 3878 3879
f 3880 3881 3882
f 3882 3881 3883
f 3884 3885 3886
f 3886 3885 3887
f 3888 3889 3890
f 3890 3889 3891
f 3892 3893 3894
f 3895 3896 3897
f 3898 3899 3900
f 3900 3899 3901
f 3902 3903 3904
f 3905 3906 3907
f 3908 3909 3910
f 3910 3909 3911
f 3912 3913 3914
f 3914 3913 3915
f 3916 3917 3918
f 3919 3920 3921
f 3922 3923 3924
f 3925 3926 3927
f 3928 3929 3930
f 3931 3932 3933
f 3934 3935 3936
f 3937 3938 3939
f 3940 3941 3942
f 3943 3944 3945
f 3946 3947 3948
f 3948 3947 3949
f 3950 3951 3952
f 3953 3954 3955
f 3956 3957 3958
f 3959 3960 3961
f 3962 3963 3964
f 3964 3963 3965
f 3966 3967 3968
f 3969 3970 3971
f 3972 3973 3974
f 3974 3973 3975
f 3976 3977 3978
f 3979 3980 3981
f 3982 3983 3984
f 3984 3983 3985
f 3986 3987 3988
f 3988 3987 3989
f 3990 3991 3992
f 3993 3994 3995
f 3996 3997 3998
f 3999 4000 4001
f 4002 4003 4004
f 4004 4003 4005
f 4006 4007 4008
f 4009 4010 4011
f 4012 4013 4014
f 4015 4016 4017
f 4018 4019 4020
f 4021 4022 4023
f 4024 4025 4026
f 4027 4028 4029
f 4030 4031 4032
f 4033 4034 4035
f 4036 3439 3442
f 4037 4038 4039
f 4040 4041 4042
f 4043 4044 4045
f 4046 3453 3456
f 4047 4048 4049
f 4050 4051 4052
f 4053 4054 4055
f 4056 4057 4058
f 4059 4060 4061
f 4062 4063 4064
f 4065 4066 4067
f 4068 4069 4070
f 4071 4072 4073
f 4074 4075 4076
f 4077 4078 4079
f 4080 4081 4082
f 4080 4082 4083
f 4084 4085 4086
f 4087 4088 4089
f 4090 4091 4092
f 4093 4094 4095
f 4026 4025 4096
f 4097 4098 4099
f 4100 4101 4102
f 4103 4104 4105
f 4106 4107 4108
f 4109 4110 4111
f 4112 4113 4114
f 4112 4114 4115
f 4116 4117 4118
f 4119 4120 4121
f 4122 4123 4124
f 4125 4126 4127
f 4128 4129 4130
f 4131 4132 4133
f 4134 4135 4136
f 4137 4138 4139
f 4140 4141 4142
f 4143 4144 4145
f 4146 4147 4148
f 4149 4150 4151
f 4152 4153 4154
f 4152 4154 4155
f 4156 4157 4158
f 4159 4160 4161
f 4162 4163 4164
f 4165 4166 4167
f 4168 4169 4170
f 4171 4172 4173
f 4174 4175 4176
f 4177 4178 4179
f 4180 4181 4182
f 4183 4184 4185
f 4186 4187 4188
f 4189 4190 4191
f 4192 4193 4194
f 4195 4196 4197
f 4198 4199 4200
f 4201 4202 4203
f 4204 4205 4206
f 4207 4208 4209
f 4210 4211 4212
f 4213 4214 4215
f 4216 4217 4218
f 4219 4220 4221
f 4222 4223 4224
f 4225 4226 4227
f 4227 4226 4228
f 4229 4230 4231
f 4232 4233 4234
f 4235 4236 4237
f 4238 4239 4240
f 4241 4242 4243
f 4244 4245 4246
f 4247 4248 4249
f 4250 4251 4252
f 4253 4254 4255
f 4256 4257 4258
f 4259 4260 4261
f 4262 4263 4264
f 4225 4265 4226
f 4266 4267 4268
f 4269 4270 4271
f 4272 4273 4274
f 4275 4276 4277
f 4278 4279 4280
f 4281 4282 4283
f 4284 4285 4286
f 4287 4288 4289
f 4290 4291 4292
f 4293 4294 4295
f 4293 4295 4296
f 4297 4298 4299
f 4300 4301 4302
f 4303 4304 4305
f 4306 4307 4308
f 4309 4310 4311
f 4312 4313 4314
f 4315 4316 4317
f 4318 4319 4320
f 4321 4322 4323
f 4324 4325 4326
f 3545 4327 3543
f 4328 4329 4330
f 4331 4332 4333
f 4334 4335 4336
f 4334 4336 4337
f 4338 4339 4340
f 4341 4342 4343
f 4344 4345 4346
f 4347 4348 4349
f 4350 4351 4352
f 4353 4354 4355
f 4356 4357 4358
f 4359 4360 4361
f 4362 4363 4364
f 4365 4366 4367
f 4368 4369 4370
f 4371 4372 4373
f 4374 4375 4376
f 4109 4111 4377
f 4378 4379 4380
f 4381 4382 4383
f 4384 4385 4386
f 4387 4388 4389
f 4390 4391 4392
f 4393 4394 4395
f 4127 4396 4397
f 4398 4399 4400
f 4401 4402 4403
f 4404 4405 4406
f 4407 4408 4409
f 4410 4411 4412
f 4413 4414 4415
f 4416 4417 4418
f 4419 4420 4421
f 4422 4423 4424
f 4425 4426 4427
f 4428 4429 4430
f 4431 4432 4433
f 4415 4434 4413
f 4435 4436 4437
f 4438 4439 4440
f 4441 4442 4443
f 4444 4445 4446
f 4447 4448 4449
f 4450 4451 4452
f 4453 4454 4455
f 4456 4457 4458
f 4459 4460 4461
f 4462 4463 4464
f 4465 4466 4467
f 4468 4469 4470
f 4471 4472 4473
f 4474 4475 4476
f 4477 4478 4479
f 4480 4481 4482
f 4483 4484 4485
f 4486 4487 4488
f 4488 4487 4489
f 4490 4491 4492
f 4492 4491 4493
f 4494 4495 4496
f 4497 4498 4499
f 4500 4501 4502
f 4503 4504 4505
f 4506 4507 4508
f 4509 4510 4511
f 4512 4513 4514
f 4515 4516 4517
f 4518 4519 4520
f 4521 4522 4523
f 4524 4525 4526
f 4527 4528 4529
f 4530 4531 4532
f 4532 4531 4533
f 4534 4535 4536
f 4536 4535 4537
f 4514 4538 4512
f 4539 4540 4541
f 4542 4543 4544
f 4545 4546 4547
f 4548 4549 4550
f 4551 4552 4553
f 4551 4553 4554
f 4555 4556 4557
f 4558 4559 4560
f 4561 4562 4563
f 4563 4562 4564
f 4565 4566 4567
f 4568 4569 4570
f 4571 4572 4573
f 4574 4575 4576
f 4577 4578 4579
f 4580 4581 4582
f 4583 4584 4585
f 4586 4587 4588
f 4588 4587 4589
f 4590 4591 4592
f 4593 4594 4595
f 4596 4597 4598
f 4599 4600 4601
f 4602 4603 4604
f 4605 4606 4607
f 4608 4609 4610
f 4611 4612 4613
f 4614 4615 4616
f 4617 4618 4619
f 4620 4621 4622
f 4623 4624 4625
f 4626 4627 4628
f 4629 4630 4631
f 4632 4633 4634
f 4635 4636 4637
f 4638 4639 4640
f 4641 4642 4643
f 4644 4645 4646
f 4647 4648 4649
f 4650 4651 4652
f 4653 4654 4655
f 4656 4657 4658
f 4659 4660 4661
f 4662 4663 4664
f 4665 4666 4667
f 4668 4669 4670
f 4671 4672 4673
f 4673 4672 4674
f 4675 4676 4677
f 4678 4679 4680
f 4681 4682 4683
f 4684 4685 4686
f 4687 4688 4689
f 4690 4691 4692
f 4693 4694 4695
f 4696 4697 4698
f 4699 4700 4701
f 4702 4703 4704
f 4705 4706 4707
f 4708 4709 4710
f 4711 4712 4713
f 4714 4715 4716
f 4717 4718 4719
f 4720 4721 4722
f 4723 4724 4725
f 4726 4727 4728
f 4729 4730 4731
f 4732 4733 4734
f 4735 4736 4737
f 4738 4739 4740
f 4741 4742 4743
f 4744 4745 4746
f 4746 4745 4747
f 4748 4749 4750
f 4751 4752 4753
f 4753 4752 4754
f 4755 4756 4757
f 4758 4759 4760
f 4761 4762 4763
f 4764 4765 4766
f 4766 4765 4767
f 4768 4769 4770
f 4771 4772 4773
f 4774 4775 4776
f 4730 4777 4731
f 4778 4779 4780
f 4780 4779 4781
f 4782 4783 4784
f 4785 4786 4787
f 4787 4786 4788
f 4789 4790 4791
f 4791 4790 4792
f 4793 4794 4795
f 4796 4797 4798
f 4799 4800 4801
f 4802 4803 4804
f 4804 4803 4805
f 4806 4807 4808
f 4808 4807 4809
f 4810 4811 4812
f 4813 4814 4815
f 4816 4817 4818
f 4819 4820 4821
f 4822 4823 4824
f 4825 4826 4827
f 4827 4826 4828
f 4829 4830 4831
f 4832 4833 4834
f 4835 4836 4837
f 4838 4839 4840
f 4840 4839 4841
f 4842 4843 4844
f 4845 4846 4847
f 4848 4849 4850
f 4715 4851 4716
f 4852 4853 4854
f 4855 4856 4857
f 4858 4859 4860
f 4860 4859 4861
f 4862 4863 4864
f 4864 4863 4865
f 4866 4867 4868
f 4869 4870 4871
f 4872 4873 4874
f 4875 4876 4877
f 4877 4876 4878
f 4879 4880 4881
f 4881 4880 4882
f 4883 4884 4885
f 4886 4887 4888
f 4889 4890 4891
f 4892 4893 4894
f 4895 4896 4897
f 4898 4899 4900
f 4898 4900 4901
f 4902 4903 4904
f 4902 4904 4905
f 4906 4907 4908
f 4909 4758 4760
f 4910 4911 4912
f 4913 4914 4915
f 4916 4917 4918
f 4919 4920 4921
f 4922 4923 4924
f 4924 4923 4925
f 4926 4927 4928
f 4929 4930 4931
f 4932 4933 4934
f 4935 4936 4937
f 4938 4939 4940
f 4941 4942 4943
f 4941 4943 4944
f 4945 4946 4947
f 4948 4949 4950
f 4951 4952 4953
f 4954 4955 4956
f 4957 4958 4959
f 4957 4959 4960
f 4961 4962 4963
f 4964 4965 4966
f 4967 4968 4969
f 4970 4971 4972
f 4973 4974 4975
f 4973 4975 4976
f 4977 4810 4812
f 4978 4979 4980
f 4981 4982 4983
f 4984 4985 4986
f 4987 4988 4989
f 4990 4991 4992
f 4992 4991 4993
f 4994 4995 4996
f 4997 4998 4999
f 5000 5001 5002
f 5003 5004 5005
f 5005 5004 5006
f 5007 5008 5009
f 5010 5011 5012
f 5012 5011 5013
f 5014 5015 5016
f 5017 5018 5019
f 5019 5018 5020
f 5021 5022 5023
f 5024 4832 4834
f 5025 5026 5027
f 5027 5026 5028
f 5029 5030 5031
f 5032 5033 5034
f 5035 5036 5037
f 5037 5036 5038
f 5039 5040 5041
f 5042 5043 5044
f 5045 5046 5047
f 5048 5049 5050
f 5051 5052 5053
f 5054 5055 5056
f 5054 5056 5057
f 5058 5059 5060
f 5058 5060 5061
f 5062 5063 5064
f 5065 5066 5067
f 5068 5069 5070
f 5068 5070 5071
f 5072 5073 5074
f 5075 5076 5077
f 5078 5079 5080
f 5081 5082 5083
f 5084 5085 5086
f 5084 5086 5087
f 5088 4883 4885
f 5089 5090 5091
f 5092 5093 5094
f 5095 5096 5097
f 5097 5096 5098
f 5099 5100 5101
f 5101 5100 5102
f 5103 5104 5105
f 5106 5107 5108
f 5109 5110 5111
f 5112 5113 5114
f 4894 5115 4892
f 5116 5117 5118
f 5119 5120 5121
f 5121 5120 5122
f 5123 5124 5125
f 5126 5127 5128
f 5129 5130 5131
f 5132 5133 5134
f 4743 5135 4741
f 5136 5137 5138
f 5139 5140 5141
f 5142 5143 5144
f 5145 5146 5147
f 5148 5149 5150
f 5151 5152 5153
f 5153 5152 5154
f 4750 4749 5155
f 5156 4906 4908
f 4707 5157 4705
f 5158 5159 5160
f 5158 5160 5161
f 5162 5163 5164
f 5165 5166 5167
f 5168 5169 5170
f 5171 5172 5173
f 5174 5175 5176
f 5177 5178 5179
f 5180 5181 5182
f 5183 5184 5185
f 5186 5187 5188
f 4762 5189 4763
f 5190 5191 5192
f 5193 5194 5195
f 5196 5197 5198
f 5199 5200 5201
f 5191 5202 5192
f 5203 5204 5205
f 5206 5207 5208
f 5209 5210 5211
f 4704 5212 4702
f 5213 5214 5215
f 5213 5215 5216
f 5217 5218 5219
f 5220 5221 5222
f 5223 5224 5225
f 5226 5227 5228
f 5228 5227 5229
f 5230 5231 5232
f 5233 5234 5235
f 5235 5234 5236
f 5237 5238 5239
f 5240 5241 5242
f 5243 5244 5245
f 5246 5247 5248
f 5249 5250 5251
f 5252 5253 5254
f 5254 5253 5255
f 5256 5257 5258
f 5259 5260 5261
f 5262 5263 5264
f 5265 5266 5267
f 5268 5269 5270
f 5260 5271 5261
f 5272 5273 5274
f 5275 5276 5277
f 5278 5279 5280
f 5278 5280 5281
f 5282 5283 5284
f 5285 5286 5287
f 5288 4939 4938
f 5289 5290 5291
f 5292 5293 5294
f 5295 5296 5297
f 5298 5299 5300
f 5300 5299 5301
f 4728 5302 4726
f 5303 5304 5305
f 5306 5307 5308
f 5309 5310 5311
f 5312 5313 5314
f 5315 5316 5317
f 5317 5316 5318
f 5319 5320 5321
f 5322 5323 5324
f 5324 5323 5325
f 5326 5327 5328
f 5329 5330 5331
f 5332 5333 5334
f 5335 5336 5337
f 5338 5339 5340
f 5341 5342 5343
f 5343 5342 5344
f 5345 5346 5347
f 5348 5349 5350
f 5351 5352 5353
f 5354 5355 5356
f 5349 5357 5350
f 5358 5359 5360
f 5361 5362 5363
f 5364 5365 5366
f 5367 5368 5369
f 5370 5371 5372
f 5373 5374 5375
f 5376 5377 5378
f 5379 5380 5381
f 5382 5383 5384
f 5385 5386 5387
f 5387 5386 5388
f 5389 5390 5391
f 5392 5393 5394
f 5395 5396 5397
f 5398 5399 5400
f 4821 5401 4819
f 5402 5403 5404
f 5405 5406 5407
f 5408 5409 5410
f 5411 5412 5413
f 5414 5415 5416
f 5417 5418 5419
f 5419 5418 5420
f 4824 4823 5421
f 5422 5021 5023
f 4695 5423 4693
f 5424 5425 5426
f 5427 5428 5429
f 5430 5431 5432
f 5433 5434 5435
f 5436 5437 5438
f 5439 5440 5441
f 5442 5443 5444
f 5442 5444 5445
f 5446 5447 5448
f 5449 5450 5451
f 5452 5453 5454
f 4836 5455 4837
f 5456 5457 5458
f 5459 5460 5461
f 5462 5463 5464
f 5465 5466 5467
f 5457 5468 5458
f 5469 5470 5471
f 5472 5473 5474
f 5475 5476 5477
f 4692 5478 4690
f 5479 5480 5481
f 5479 5481 5482
f 5483 5484 5485
f 5486 5487 5488
f 5489 5490 5491
f 5492 5493 5494
f 5494 5493 5495
f 5496 5497 5498
f 5499 5500 5501
f 5501 5500 5502
f 5503 5504 5505
f 5506 5507 5508
f 5509 5510 5511
f 5512 5513 5514
f 5512 5514 5515
f 5516 5517 5518
f 5519 5520 5521
f 5522 5523 5524
f 5525 5526 5527
f 5528 5529 5530
f 5531 5532 5533
f 5534 5535 5536
f 5537 5538 5539
f 5540 5541 5542
f 5543 5544 5545
f 5546 5547 5548
f 5549 5550 5551
f 5549 5551 5552
f 5553 5554 5555
f 5556 5557 5558
f 5559 5052 5051
f 5560 5561 5562
f 5563 5564 5565
f 5566 5567 5568
f 5569 5570 5571
f 5571 5570 5572
f 4713 5573 4711
f 5574 5575 5576
f 5577 5578 5579
f 5580 5581 5582
f 5583 5584 5585
f 5586 5587 5588
f 5588 5587 5589
f 5590 5591 5592
f 5593 5594 5595
f 5595 5594 5596
f 5597 5598 5599
f 5600 5601 5602
f 5603 5604 5605
f 5606 5607 5608
f 5609 5610 5611
f 5612 5613 5614
f 5614 5613 5615
f 5616 5617 5618
f 5619 5620 5621
f 5622 5623 5624
f 5625 5626 5627
f 5620 5628 5621
f 5629 5630 5631
f 5632 5633 5634
f 5635 5636 5637
f 5638 5639 5640
f 5641 5642 5643
f 5644 5645 5646
f 5646 5645 5647
f 5648 5649 5650
f 5651 5652 5653
f 5654 5655 5656
f 5657 5658 5659
f 5660 5661 5662
f 5663 5664 5665
f 5666 5667 5668
f 5669 5670 5671
f 5672 5673 5674
f 5675 5676 5677
f 5678 5679 5680
f 5681 5682 5683
f 5684 5685 5686
f 5686 5685 5687
f 5688 5689 5690
f 5690 5689 5691
f 5692 5693 5694
f 5695 5696 5697
f 5698 5699 5700
f 5701 5702 5703
f 5704 5705 5706
f 5707 5708 5709
f 5710 5711 5712
f 5713 5714 5715
f 5716 5717 5718
f 5719 5720 5721
f 5722 5723 5724
f 5725 5726 5727
f 5728 5729 5730
f 5730 5729 5731
f 5732 5733 5734
f 5735 5736 5737
f 5738 5739 5740
f 5741 5742 5743
f 5744 5745 5746
f 5747 5748 5749
f 5750 5751 5752
f 5753 5754 5755
f 5756 5757 5758
f 5759 5760 5761
f 5762 5763 5764
f 5764 5763 5765
f 5766 5767 5768
f 5769 5770 5771
f 5772 5773 5774
f 5775 5776 5777
f 5778 5779 5780
f 5780 5779 5781
f 5782 5783 5784
f 5785 5786 5787
f 5788 5789 5790
f 5791 5792 5793
f 5794 5795 5796
f 5797 5798 5799
f 5800 5801 5802
f 5803 5804 5805
f 5806 5807 5808
f 5808 5807 5809
f 5810 5811 5812
f 5813 5814 5815
f 5816 5817 5818
f 5819 5820 5821
f 5822 5823 5824
f 5824 5823 5825
f 5826 5827 5828
f 5829 5830 5831
f 5832 5833 5834
f 5835 5836 5837
f 5838 5839 5840
f 5840 5839 5841
f 5842 5843 5844
f 5845 5846 5847
f 5848 5849 5850
f 5851 5852 5853
f 5854 5855 5856
f 5857 5858 5859
f 5860 5861 5862
f 5863 5864 5865
f 5866 5867 5868
f 5869 5870 5871
f 5872 5873 5874
f 5875 5876 5877
f 5878 5879 5880
f 5881 5882 5883
f 5884 5885 5886
f 5887 5888 5889
f 5890 5891 5892
f 5893 5894 5895
f 5896 5897 5898
f 5898 5897 5899
f 5900 5901 5902
f 5903 5904 5905
f 5906 5907 5908
f 5909 5910 5911
f 5912 5913 5914
f 5914 5913 5915
f 5916 5917 5918
f 5919 5920 5921
f 5922 5923 5924
f 5925 5926 5927
f 5928 5929 5930
f 5931 5932 5933
f 5934 5935 5936
f 5937 5938 5939
f 5940 5941 5942
f 5942 5941 5943
f 5944 5945 5946
f 5947 5948 5949
f 5950 5951 5952
f 5953 5954 5955
f 5956 5957 5958
f 5958 5957 5959
f 5960 5961 5962
f 5962 5961 5963
f 5964 5965 5966
f 5967 5968 5969
f 5970 5971 5972
f 5973 5974 5975
f 5976 5977 5978
f 5979 5980 5981
f 5982 5983 5984
f 5985 5986 5987
f 5988 5989 5990
f 5990 5989 5991
f 5992 5993 5994
f 5995 5996 5997
f 5998 5999 6000
f 6001 6002 6003
f 6004 6005 6006
f 6007 6008 6009
f 6010 6011 6012
f 6013 6014 6015
f 6016 6017 6018
f 6018 6017 6019
f 6020 6021 6022
f 6023 6024 6025
f 6026 6027 6028
f 6029 6030 6031
f 6032 6033 6034
f 6034 6033 6035
f 6036 6037 6038
f 6039 6040 6041
f 6042 6043 6044
f 6045 6046 6047
f 6048 6049 6050
f 6051 6052 6053
f 6054 6055 6056
f 6057 6058 6059
f 6060 6061 6062
f 6063 6064 6065
f 6066 6067 6068
f 6069 6070 6071
f 6072 6073 6074
f 6075 6076 6077
f 6078 6079 6080
f 6081 6082 6083
f 6084 6085 6086
f 6087 6088 6089
f 6090 6091 6092
f 6093 6094 6095
f 6096 6097 6098
f 6099 6100 6101
f 6102 6103 6104
f 6105 6106 6107
f 6108 6109 6110
f 6111 6112 6113
f 6114 6115 6116
f 6117 6118 6119
f 6120 6121 6122
f 6123 6124 6125
f 6126 6127 6128
f 6129 6130 6131
f 6132 6133 6134
f 6135 6136 6137
f 6138 6139 6140
f 6141 6142 6143
f 6144 6145 6146
f 6147 6148 6149
f 6150 6151 6152
f 6153 6154 6155
f 6156 6157 6158
f 6159 6160 6161
f 6162 6163 6164
f 6165 6166 6167
f 6168 6169 6170
f 6171 6172 6173
f 6174 6175 6176
f 6177 6178 6179
f 6180 6181 6182
f 6183 6184 6185
f 6186 6187 6188
f 6189 6190 6191
f 6192 6193 6194
f 6195 6196 6197
f 6198 6199 6200
f 6201 6202 6203
f 6204 6205 6206
f 6207 6208 6209
f 6210 6211 6212
f 6213 6214 6215
f 6216 6217 6218
f 6219 6220 6221
f 6222 6223 6224
f 6225 6226 6227
f 6228 6229 6230
f 6231 6232 6233
f 6234 6235 6236
f 6237 6238 6239
f 6240 6241 6242
f 6243 6244 6245
f 6246 6247 6248
f 6249 6250 6251
f 6252 6253 6254
f 6255 6256 6257
f 6258 6259 6260
f 6261 6262 6263
f 6264 6265 6266
f 6267 6268 6269
f 6270 6271 6272
f 6273 6274 6275
f 6276 6277 6278
f 6279 6280 6281
f 6282 6283 6284
f 6285 6286 6287
f 6288 6289 6290
f 6291 6292 6293
f 6294 6295 6296
f 6297 6298 6299
f 6300 6301 6302
f 6303 6304 6305
f 6306 6307 6308
f 6309 6310 6311
f 6312 6313 6314
f 6315 6316 6317
f 6318 6319 6320
f 6321 6322 6323
f 6323 6322 6324
f 6325 6326 6327
f 6328 6329 6330
f 6331 6332 6333
f 6334 6335 6336
f 6337 6338 6339
f 6340 6341 6342
f 6343 6344 6345
f 6346 6347 6348
f 6349 6350 6351
f 6352 6353 6354
f 6355 6356 6357
f 6358 6359 6360
f 6361 6362 6363
f 6364 6365 6366
f 6367 6368 6369
f 6370 6371 6372
f 6373 6374 6375
f 6376 6377 6378
f 6379 6380 6381
f 6382 6383 6384
f 6385 6386 6387
f 6388 6389 6390
f 6391 6392 6393
f 6394 6395 6396
f 6397 6398 6399
f 6400 6401 6402
f 6403 6404 6405
f 6406 6407 6408
f 6409 6410 6411
f 6412 6413 6414
f 6415 6416 6417
f 6418 6419 6420
f 6421 6422 6423
f 6424 6425 6426
f 6427 6428 6429
f 6430 6431 6432
f 6433 6434 6435
f 6436 6437 6438
f 6439 6440 6441
f 6442 6443 6444
f 6445 6446 6447
f 6448 6449 6450
f 6451 6452 6453
f 6454 6455 6456
f 6457 6458 6459
f 6460 6461 6462
f 6463 6464 6465
f 6466 6467 6468
f 6469 6470 6471
f 6472 6473 6474
f 6475 6476 6477
f 6478 6479 6480
f 6481 6482 6483
f 6484 6485 6486
f 6487 6488 6489
f 6490 6491 6492
f 6493 6494 6495
f 6496 6497 6498
f 6499 6500 6501
f 6502 6503 6504
f 6505 6506 6507
f 6508 6509 6510
f 6511 6512 6513
f 6514 6515 6516
f 6517 6518 6519
f 6520 6521 6522
f 6523 6524 6525
f 6526 6527 6528
f 6529 6530 6531
f 6532 6533 6534
f 6535 6536 6537
f 6538 6539 6537
f 6540 6541 6531
f 6542 6543 6531
f 6544 6545 6537
f 6546 6547 6537
f 6548 6549 6534
f 6550 6551 6534
f 6552 6553 6534
f 6554 6550 6534
f 6555 6552 6534
f 6551 6532 6534
f 6556 6546 6537
f 6549 6555 6534
f 6557 6558 6531
f 6559 6535 6537
f 6545 6538 6537
f 6530 6560 6531
f 6561 6542 6531
f 6547 6544 6537
f 6536 6562 6537
f 6560 6561 6531
f 6562 6556 6537
f 6553 6554 6534
f 6543 6563 6531
f 6541 6529 6531
f 6563 6557 6531
f 6564 6548 6534
f 6565 6566 6567
f 6568 6569 6570
f 6571 6572 6573
f 6574 6575 6576
f 6577 6578 6579
f 6580 6581 6582
f 6583 6584 6585
f 6586 6587 6588
f 6589 6590 6591
f 6592 6593 6594
f 6595 6596 6597
f 6598 2804 2806
f 6599 6600 6601
f 6602 6603 6604
f 6605 6606 6607
f 6608 6609 6610
f 6611 6612 6613
f 6614 6615 6616
f 6617 6618 6619
f 6620 6621 6622
f 6623 6624 6625
f 6626 6627 6628
f 6629 6630 6631
f 6632 6633 6634
f 6635 6636 6637
f 6638 6639 6640
f 6641 6642 6643
f 6644 6645 6646
f 6647 6648 6649
f 6650 6651 6652
f 6653 6654 6655
f 6656 6657 6658
f 6659 6660 6661
f 6662 6663 6664
f 6665 6666 6667
f 6668 6669 6670
f 6671 6672 6673
f 2818 2817 6674
f 6675 6676 6677
f 6678 6679 6680
f 6681 6682 6683
f 6684 6685 6686
f 6687 6688 6689
f 6690 6691 6692
f 6693 6694 6695
f 6696 6697 6698
f 6699 6700 6701
f 6702 6703 6704
f 6705 6706 6707
f 6708 6709 6710
f 6711 6712 6713
f 6714 6715 6716
f 6717 6718 6719
f 6720 6721 6722
f 6723 6724 6725
f 2803 2802 6726
f 6727 6728 6729
f 6730 6731 6732
f 6733 6734 6735
f 6736 6737 6738
f 6739 6740 6741
f 2819 6742 2820
f 6743 6744 6745
f 6746 6747 6748
f 6749 6750 6751
f 6752 6753 6754
f 6755 6756 6757
f 6758 6759 6760
f 6761 6762 6763
f 6723 6764 6724
f 6765 6766 6767
f 6768 6769 6770
f 6771 6772 6773
f 6774 6775 6776
f 6777 6778 6779
f 6780 6781 6782
f 6783 6784 6785
f 6786 6787 6788
f 6789 6790 6791
f 6792 6793 6794
f 6795 6796 6797
f 6798 6799 6800
f 6801 6802 6803
f 2809 2808 6804
f 6805 6806 6807
f 6565 6808 6566
f 6568 6809 6569
f 6571 6810 6572
f 6574 6811 6575
f 6577 6812 6578
f 6580 6813 6581
f 6814 6815 6816
f 6586 6817 6587
f 6589 6818 6590
f 6592 6819 6593
f 6595 6820 6596
f 6599 6821 6600
f 6822 6823 6824
f 6825 6826 6827
f 6611 6828 6612
f 6829 6830 6831
f 6617 6832 6618
f 6620 6833 6621
f 6623 6834 6624
f 6626 6835 6627
f 6836 6837 6838
f 6632 6839 6633
f 6635 6840 6636
f 6638 6841 6639
f 6641 6842 6642
f 6644 6843 6645
f 6844 6845 6846
f 6650 6847 6651
f 6848 6849 6850
f 6656 6851 6657
f 6852 6853 6854
f 6662 6855 6663
f 6665 6856 6666
f 6668 6857 6669
f 6671 6858 6672
f 6675 6859 6676
f 6678 6860 6679
f 6681 6861 6682
f 6862 6863 6864
f 6687 6865 6688
f 6866 6867 6868
f 6869 6870 6871
f 6699 6872 6700
f 6873 6874 6875
f 6876 6877 6878
f 6708 6879 6709
f 6711 6880 6712
f 6714 6881 6715
f 6717 6882 6718
f 6720 6883 6721
f 6884 6885 6886
f 6730 6887 6731
f 6733 6888 6734
f 6736 6889 6737
f 6890 6891 6892
f 6743 6893 6744
f 6746 6894 6747
f 6749 6895 6750
f 6752 6896 6753
f 6755 6897 6756
f 6898 6899 6900
f 6901 6902 6903
f 6904 6905 6906
f 6907 6908 6909
f 6910 6911 6912
f 6774 6913 6775
f 6914 6915 6916
f 6917 6918 6919
f 6783 6920 6784
f 6786 6921 6787
f 6922 6923 6924
f 6792 6925 6793
f 6798 6926 6799
f 6801 6927 6802
