mtllib material.mtl
usemtl mtl_csm_faceplate_cover
v -0.06300000 0.11430000 0.00000000
v 0.12726286 0.09478611 0.00000000
v 0.12400000 0.09500000 0.00000000
v 0.12400000 0.09500000 0.00200000
v -0.17649999 0.09540000 0.00000000
v -0.12400000 0.09500000 0.00000000
v -0.12400000 0.09500000 0.00200000
v -0.17938535 0.11402652 0.00000000
v -0.17655520 0.09585453 0.00000000
v -0.17772630 0.09717650 0.00000000
v -0.17817116 0.09728616 0.00000000
v -0.18447080 0.09837393 0.00000000
v -0.17732054 0.09696354 0.00000000
v -0.17697792 0.09666002 0.00000000
v -0.17671773 0.09628305 0.00000000
v -0.17887238 0.10751017 0.00000000
v -0.17870000 0.10970000 0.00000000
v -0.17887238 0.11188982 0.00000000
v -0.17938535 0.10537348 0.00000000
v -0.18022583 0.10334428 0.00000000
v -0.18137370 0.10147118 0.00000000
v -0.18280077 0.09980029 0.00000000
v 0.04700000 0.11430000 0.00000000
v 0.13047075 0.09414802 0.00000000
v 0.12726286 0.09478611 0.00200000
v -0.04800000 0.11430000 0.00000000
v 0.06320208 0.11720208 0.00000000
v 0.13356708 0.09309699 0.00000000
v 0.13047075 0.09414802 0.00200000
v 0.06200000 0.11430000 0.00000000
v 0.06364207 0.11556017 0.00000000
v 0.06370000 0.11600000 0.00000000
v 0.06364207 0.11643983 0.00000000
v 0.06347212 0.11514989 0.00000000
v 0.06320208 0.11479792 0.00000000
v 0.06285012 0.11452787 0.00000000
v 0.06243983 0.11435793 0.00000000
v 0.06347212 0.11685012 0.00000000
v 0.24200000 0.23725006 0.00000000
v 0.13649973 0.09165075 0.00000000
v 0.13356708 0.09309699 0.00200000
v -0.24200000 0.23725006 0.00000000
v 0.06243983 0.11764207 0.00000000
v 0.06285012 0.11747212 0.00000000
v 0.13921924 0.08983362 0.00000000
v 0.13649973 0.09165075 0.00200000
v 0.14167766 0.08767767 0.00000000
v 0.13921924 0.08983362 0.00200000
v 0.14383362 0.08521924 0.00000000
v 0.14167766 0.08767767 0.00200000
v 0.14565074 0.08249973 0.00000000
v 0.14383362 0.08521924 0.00200000
v 0.14709699 0.07956708 0.00000000
v 0.14565074 0.08249973 0.00200000
v 0.14814803 0.07647075 0.00000000
v 0.14709699 0.07956708 0.00200000
v 0.25999999 -0.25400001 0.00000000
v 0.14878611 0.07326286 0.00000000
v 0.14814803 0.07647075 0.00200000
v 0.14900000 0.07000000 0.00000000
v 0.14878611 0.07326286 0.00200000
v 0.14900000 -0.07000000 0.00000000
v 0.14900000 0.07000000 0.00200000
v 0.14878611 -0.07326286 0.00000000
v 0.14900000 -0.07000000 0.00200000
v 0.14814803 -0.07647075 0.00000000
v 0.14878611 -0.07326286 0.00200000
v 0.14709699 -0.07956708 0.00000000
v 0.14814803 -0.07647075 0.00200000
v 0.14565074 -0.08249973 0.00000000
v 0.14709699 -0.07956708 0.00200000
v 0.14383362 -0.08521924 0.00000000
v 0.14565074 -0.08249973 0.00200000
v 0.14167766 -0.08767767 0.00000000
v 0.14383362 -0.08521924 0.00200000
v 0.13921924 -0.08983362 0.00000000
v 0.14167766 -0.08767767 0.00200000
v 0.13649973 -0.09165075 0.00000000
v 0.13921924 -0.08983362 0.00200000
v 0.13356708 -0.09309699 0.00000000
v 0.13649973 -0.09165075 0.00200000
v 0.13047075 -0.09414802 0.00000000
v 0.13356708 -0.09309699 0.00200000
v 0.12726286 -0.09478611 0.00000000
v 0.13047075 -0.09414802 0.00200000
v 0.12400000 -0.09500000 0.00000000
v 0.12726286 -0.09478611 0.00200000
v 0.05343983 -0.12535793 0.00000000
v -0.12400000 -0.09500000 0.00000000
v 0.12400000 -0.09500000 0.00200000
v 0.24535891 -0.23864144 0.00000000
v 0.24463886 -0.23805052 0.00000000
v 0.10385011 -0.14852788 0.00000000
v 0.05385011 -0.12552787 0.00000000
v -0.18208741 -0.09416855 0.00000000
v -0.12726286 -0.09478611 0.00000000
v -0.12400000 -0.09500000 0.00200000
v -0.18200000 -0.09500000 0.00000000
v -0.17600000 -0.09550000 0.00000000
v 0.05300000 -0.12530001 0.00000000
v -0.13047075 -0.09414802 0.00000000
v -0.12726286 -0.09478611 0.00200000
v -0.18234594 -0.09337290 0.00000000
v -0.13356708 -0.09309699 0.00000000
v -0.13047075 -0.09414802 0.00200000
v -0.18332337 -0.09202758 0.00000000
v -0.13649973 -0.09165075 0.00000000
v -0.13356708 -0.09309699 0.00200000
v -0.18276393 -0.09264886 0.00000000
v -0.18558170 -0.09102198 0.00000000
v -0.13921924 -0.08983362 0.00000000
v -0.13649973 -0.09165075 0.00200000
v -0.18476394 -0.09119578 0.00000000
v -0.18400019 -0.09153584 0.00000000
v -0.23055381 -0.08097434 0.00000000
v -0.14167766 -0.08767767 0.00000000
v -0.13921924 -0.08983362 0.00200000
v -0.14383362 -0.08521924 0.00000000
v -0.14167766 -0.08767767 0.00200000
v -0.14565074 -0.08249973 0.00000000
v -0.14383362 -0.08521924 0.00200000
v -0.18738419 -0.07978803 0.00000000
v -0.14709699 -0.07956708 0.00000000
v -0.14565074 -0.08249973 0.00200000
v -0.22944620 -0.08097434 0.00000000
v -0.21155380 -0.08097434 0.00000000
v -0.21044619 -0.08097434 0.00000000
v -0.19155380 -0.08097434 0.00000000
v -0.18832584 -0.08037107 0.00000000
v -0.18935789 -0.08077091 0.00000000
v -0.19044620 -0.08097434 0.00000000
v -0.18540527 -0.07716755 0.00000000
v -0.14814803 -0.07647075 0.00000000
v -0.14709699 -0.07956708 0.00200000
v -0.18589883 -0.07815878 0.00000000
v -0.18656577 -0.07904196 0.00000000
v -0.18510215 -0.07389776 0.00000000
v -0.14878611 -0.07326286 0.00000000
v -0.14814803 -0.07647075 0.00200000
v -0.18510215 -0.07610224 0.00000000
v -0.18500000 -0.07500000 0.00000000
v -0.18738419 -0.07021197 0.00000000
v -0.14900000 -0.07000000 0.00000000
v -0.14878611 -0.07326286 0.00200000
v -0.18656577 -0.07095804 0.00000000
v -0.18589883 -0.07184122 0.00000000
v -0.18540527 -0.07283245 0.00000000
v -0.17955521 0.04645453 0.00000000
v -0.14900000 0.07000000 0.00000000
v -0.14900000 -0.07000000 0.00200000
v -0.17955521 0.04554547 0.00000000
v -0.17950000 0.04600000 0.00000000
v -0.17971772 0.04511695 0.00000000
v -0.17997791 0.04473998 0.00000000
v -0.18032053 0.04443646 0.00000000
v -0.18072630 0.04422350 0.00000000
v -0.18117116 0.04411384 0.00000000
v -0.18162884 0.04411384 0.00000000
v -0.18238534 0.03602652 0.00000000
v -0.21022885 0.01551385 0.00000000
v -0.20977116 0.01551385 0.00000000
v -0.18162884 0.01551385 0.00000000
v -0.21497791 0.00826002 0.00000000
v -0.17955521 0.01694547 0.00000000
v -0.17950000 0.01740000 0.00000000
v -0.17955521 0.01785453 0.00000000
v -0.17971772 0.01651695 0.00000000
v -0.17997791 0.01613998 0.00000000
v -0.18032053 0.01583646 0.00000000
v -0.18072630 0.01562350 0.00000000
v -0.18117116 0.01551385 0.00000000
v -0.18238534 0.02737348 0.00000000
v -0.21455520 0.00654547 0.00000000
v -0.21450000 0.00700000 0.00000000
v -0.21455520 0.00745453 0.00000000
v -0.21471773 0.00611695 0.00000000
v -0.21497791 0.00573998 0.00000000
v -0.21532053 0.00543646 0.00000000
v -0.21572630 0.00522350 0.00000000
v -0.21617116 0.00511385 0.00000000
v -0.21662883 0.00511385 0.00000000
v -0.22080077 0.00259972 0.00000000
v -0.21471773 0.00788305 0.00000000
v -0.21455520 -0.02205453 0.00000000
v -0.21450000 -0.02160000 0.00000000
v -0.21455520 -0.02114547 0.00000000
v -0.21471773 -0.02248305 0.00000000
v -0.21497791 -0.02286002 0.00000000
v -0.21532053 -0.02316354 0.00000000
v -0.21572630 -0.02337650 0.00000000
v -0.21617116 -0.02348615 0.00000000
v -0.21662883 -0.02348615 0.00000000
v -0.24477117 -0.02348615 0.00000000
v -0.21497791 -0.02033998 0.00000000
v -0.21532053 -0.02003646 0.00000000
v -0.21937370 -0.01552882 0.00000000
v -0.21471773 -0.02071695 0.00000000
v -0.24522884 -0.02348615 0.00000000
v -0.19044620 -0.06902566 0.00000000
v -0.18187237 0.02951017 0.00000000
v -0.18170001 0.03170000 0.00000000
v -0.18187237 0.03388983 0.00000000
v -0.21687238 -0.00948983 0.00000000
v -0.21670000 -0.00730000 0.00000000
v -0.21687238 -0.00511017 0.00000000
v -0.21738535 -0.01162652 0.00000000
v -0.21822584 -0.01365573 0.00000000
v -0.21937370 0.00092882 0.00000000
v -0.21822584 -0.00094427 0.00000000
v -0.21738535 -0.00297348 0.00000000
v -0.18935789 -0.06922909 0.00000000
v -0.18832584 -0.06962892 0.00000000
v -0.21738535 0.07302652 0.00000000
v -0.14878611 0.07326286 0.00000000
v -0.14900000 0.07000000 0.00200000
v -0.17997791 0.04726002 0.00000000
v -0.18032053 0.04756354 0.00000000
v -0.21670000 0.06870000 0.00000000
v -0.17971772 0.04688305 0.00000000
v -0.21687238 0.07088982 0.00000000
v -0.21822584 0.07505573 0.00000000
v -0.14814803 0.07647075 0.00000000
v -0.14878611 0.07326286 0.00200000
v -0.22080077 0.07859971 0.00000000
v -0.14709699 0.07956708 0.00000000
v -0.14814803 0.07647075 0.00200000
v -0.21937370 0.07692882 0.00000000
v -0.21471773 0.08211695 0.00000000
v -0.14565074 0.08249973 0.00000000
v -0.14709699 0.07956708 0.00200000
v -0.21497791 0.08173998 0.00000000
v -0.21532053 0.08143646 0.00000000
v -0.21572630 0.08122350 0.00000000
v -0.21617116 0.08111385 0.00000000
v -0.21662883 0.08111385 0.00000000
v -0.22247079 0.08002608 0.00000000
v -0.21617116 0.08488616 0.00000000
v -0.14383362 0.08521924 0.00000000
v -0.14565074 0.08249973 0.00200000
v -0.21455520 0.08254547 0.00000000
v -0.21450000 0.08300000 0.00000000
v -0.21455520 0.08345453 0.00000000
v -0.21572630 0.08477650 0.00000000
v -0.21532053 0.08456354 0.00000000
v -0.21497791 0.08426002 0.00000000
v -0.21471773 0.08388305 0.00000000
v -0.20722884 0.09351385 0.00000000
v -0.14167766 0.08767767 0.00000000
v -0.14383362 0.08521924 0.00200000
v -0.13921924 0.08983362 0.00000000
v -0.14167766 0.08767767 0.00200000
v -0.13649973 0.09165075 0.00000000
v -0.13921924 0.08983362 0.00200000
v -0.13356708 0.09309699 0.00000000
v -0.13649973 0.09165075 0.00200000
v -0.17697792 0.09413998 0.00000000
v -0.13047075 0.09414802 0.00000000
v -0.13356708 0.09309699 0.00200000
v -0.17732054 0.09383646 0.00000000
v -0.17772630 0.09362350 0.00000000
v -0.17817116 0.09351385 0.00000000
v -0.17862883 0.09351385 0.00000000
v -0.20677117 0.09351385 0.00000000
v -0.17671773 0.09451695 0.00000000
v -0.12726286 0.09478611 0.00000000
v -0.13047075 0.09414802 0.00200000
v -0.17655520 0.09494547 0.00000000
v -0.12726286 0.09478611 0.00200000
v 0.23734127 0.24107353 0.00000000
v -0.23734127 0.24107353 0.00000000
v -0.23725000 0.24200000 0.00000000
v -0.23725000 0.24200000 0.00200000
v 0.23725000 0.24200000 0.00000000
v -0.23734127 0.24292646 0.00000000
v -0.23734127 0.24292646 0.00200000
v 0.23761168 0.24018213 0.00000000
v -0.23761168 0.24018213 0.00000000
v -0.23734127 0.24107353 0.00200000
v 0.23805059 0.23936093 0.00000000
v -0.23805059 0.23936093 0.00000000
v -0.23761168 0.24018213 0.00200000
v 0.23864108 0.23864144 0.00000000
v -0.23864108 0.23864144 0.00000000
v -0.23805059 0.23936093 0.00200000
v 0.23936114 0.23805052 0.00000000
v -0.23936114 0.23805052 0.00000000
v -0.23864108 0.23864144 0.00200000
v 0.24018246 0.23761150 0.00000000
v -0.24018246 0.23761150 0.00000000
v -0.23936114 0.23805052 0.00200000
v 0.24107307 0.23734134 0.00000000
v -0.24107307 0.23734134 0.00000000
v -0.24018246 0.23761150 0.00200000
v -0.24107307 0.23734134 0.00200000
v -0.17817116 0.12588616 0.00000000
v -0.24292693 0.23734134 0.00000000
v -0.24200000 0.23725006 0.00200000
v 0.06200000 0.11770000 0.00000000
v -0.24381754 0.23761150 0.00000000
v -0.24292693 0.23734134 0.00200000
v -0.24463886 0.23805052 0.00000000
v -0.24381754 0.23761150 0.00200000
v -0.24535891 0.23864144 0.00000000
v -0.24463886 0.23805052 0.00200000
v -0.25999999 0.25400001 0.00000000
v -0.24594940 0.23936093 0.00000000
v -0.24535891 0.23864144 0.00200000
v -0.24638832 0.24018213 0.00000000
v -0.24594940 0.23936093 0.00200000
v -0.24665873 0.24107353 0.00000000
v -0.24638832 0.24018213 0.00200000
v -0.24675000 0.24200000 0.00000000
v -0.24665873 0.24107353 0.00200000
v -0.24665873 0.24292646 0.00000000
v -0.24675000 0.24200000 0.00200000
v -0.24638832 0.24381787 0.00000000
v -0.24665873 0.24292646 0.00200000
v -0.24594940 0.24463907 0.00000000
v -0.24638832 0.24381787 0.00200000
v -0.24535891 0.24535856 0.00000000
v -0.24594940 0.24463907 0.00200000
v -0.24463886 0.24594948 0.00000000
v -0.24535891 0.24535856 0.00200000
v -0.24381754 0.24638849 0.00000000
v -0.24463886 0.24594948 0.00200000
v -0.24292693 0.24665867 0.00000000
v -0.24381754 0.24638849 0.00200000
v -0.24200000 0.24674994 0.00000000
v -0.24292693 0.24665867 0.00200000
v 0.24107307 0.24665867 0.00000000
v -0.24107307 0.24665867 0.00000000
v -0.24200000 0.24674994 0.00200000
v 0.24200000 0.24674994 0.00000000
v 0.24018246 0.24638849 0.00000000
v -0.24018246 0.24638849 0.00000000
v -0.24107307 0.24665867 0.00200000
v 0.23936114 0.24594948 0.00000000
v -0.23936114 0.24594948 0.00000000
v -0.24018246 0.24638849 0.00200000
v 0.23864108 0.24535856 0.00000000
v -0.23864108 0.24535856 0.00000000
v -0.23936114 0.24594948 0.00200000
v 0.23805059 0.24463907 0.00000000
v -0.23805059 0.24463907 0.00000000
v -0.23864108 0.24535856 0.00200000
v 0.23761168 0.24381787 0.00000000
v -0.23761168 0.24381787 0.00000000
v -0.23805059 0.24463907 0.00200000
v 0.23734127 0.24292646 0.00000000
v -0.23761168 0.24381787 0.00200000
v 0.24665873 0.24107353 0.00000000
v 0.24675000 0.24200000 0.00000000
v 0.24675000 0.24200000 0.00200000
v 0.25999999 0.25400001 0.00000000
v 0.24665873 0.24292646 0.00000000
v 0.24665873 0.24292646 0.00200000
v 0.24638832 0.24018213 0.00000000
v 0.24665873 0.24107353 0.00200000
v 0.24594940 0.23936093 0.00000000
v 0.24638832 0.24018213 0.00200000
v 0.24535891 0.23864144 0.00000000
v 0.24594940 0.23936093 0.00200000
v 0.24463886 0.23805052 0.00000000
v 0.24535891 0.23864144 0.00200000
v 0.24381754 0.23761150 0.00000000
v 0.24463886 0.23805052 0.00200000
v 0.24292693 0.23734134 0.00000000
v 0.24381754 0.23761150 0.00200000
v 0.24292693 0.23734134 0.00200000
v 0.24200000 0.23725006 0.00200000
v 0.24107307 0.23734134 0.00200000
v 0.24018246 0.23761150 0.00200000
v 0.23936114 0.23805052 0.00200000
v 0.23864108 0.23864144 0.00200000
v 0.23805059 0.23936093 0.00200000
v 0.23761168 0.24018213 0.00200000
v 0.23734127 0.24107353 0.00200000
v 0.23725000 0.24200000 0.00200000
v 0.23734127 0.24292646 0.00200000
v 0.23761168 0.24381787 0.00200000
v 0.23805059 0.24463907 0.00200000
v 0.23864108 0.24535856 0.00200000
v 0.23936114 0.24594948 0.00200000
v 0.24018246 0.24638849 0.00200000
v 0.24107307 0.24665867 0.00200000
v 0.24292693 0.24665867 0.00000000
v 0.24200000 0.24674994 0.00200000
v 0.24381754 0.24638849 0.00000000
v 0.24292693 0.24665867 0.00200000
v 0.24463886 0.24594948 0.00000000
v 0.24381754 0.24638849 0.00200000
v 0.24535891 0.24535856 0.00000000
v 0.24463886 0.24594948 0.00200000
v 0.24594940 0.24463907 0.00000000
v 0.24535891 0.24535856 0.00200000
v 0.24638832 0.24381787 0.00000000
v 0.24594940 0.24463907 0.00200000
v 0.24638832 0.24381787 0.00200000
v 0.24665873 -0.24292646 0.00000000
v 0.24675000 -0.24200000 0.00000000
v 0.24675000 -0.24200000 0.00200000
v 0.24665873 -0.24107353 0.00000000
v 0.24665873 -0.24107353 0.00200000
v 0.24638832 -0.24381787 0.00000000
v 0.24665873 -0.24292646 0.00200000
v 0.24594940 -0.24463907 0.00000000
v 0.24638832 -0.24381787 0.00200000
v 0.24535891 -0.24535856 0.00000000
v 0.24594940 -0.24463907 0.00200000
v 0.24463886 -0.24594948 0.00000000
v 0.24535891 -0.24535856 0.00200000
v 0.24381754 -0.24638849 0.00000000
v 0.24463886 -0.24594948 0.00200000
v 0.24292693 -0.24665867 0.00000000
v 0.24381754 -0.24638849 0.00200000
v 0.24200000 -0.24674994 0.00000000
v 0.24292693 -0.24665867 0.00200000
v -0.24107307 -0.24665867 0.00000000
v 0.24107307 -0.24665867 0.00000000
v 0.24200000 -0.24674994 0.00200000
v -0.24200000 -0.24674994 0.00000000
v -0.24018246 -0.24638849 0.00000000
v 0.24018246 -0.24638849 0.00000000
v 0.24107307 -0.24665867 0.00200000
v -0.23936114 -0.24594948 0.00000000
v 0.23936114 -0.24594948 0.00000000
v 0.24018246 -0.24638849 0.00200000
v -0.23864108 -0.24535856 0.00000000
v 0.23864108 -0.24535856 0.00000000
v 0.23936114 -0.24594948 0.00200000
v -0.23805059 -0.24463907 0.00000000
v 0.23805059 -0.24463907 0.00000000
v 0.23864108 -0.24535856 0.00200000
v -0.23761168 -0.24381787 0.00000000
v 0.23761168 -0.24381787 0.00000000
v 0.23805059 -0.24463907 0.00200000
v -0.23734127 -0.24292646 0.00000000
v 0.23734127 -0.24292646 0.00000000
v 0.23761168 -0.24381787 0.00200000
v -0.23725000 -0.24200000 0.00000000
v 0.23725000 -0.24200000 0.00000000
v 0.23734127 -0.24292646 0.00200000
v -0.23734127 -0.24107353 0.00000000
v 0.23734127 -0.24107353 0.00000000
v 0.23725000 -0.24200000 0.00200000
v -0.23761168 -0.24018213 0.00000000
v 0.23761168 -0.24018213 0.00000000
v 0.23734127 -0.24107353 0.00200000
v -0.23805059 -0.23936093 0.00000000
v 0.23805059 -0.23936093 0.00000000
v 0.23761168 -0.24018213 0.00200000
v -0.23864108 -0.23864144 0.00000000
v 0.23864108 -0.23864144 0.00000000
v 0.23805059 -0.23936093 0.00200000
v -0.23936114 -0.23805052 0.00000000
v 0.23936114 -0.23805052 0.00000000
v 0.23864108 -0.23864144 0.00200000
v -0.24018246 -0.23761150 0.00000000
v 0.24018246 -0.23761150 0.00000000
v 0.23936114 -0.23805052 0.00200000
v -0.24107307 -0.23734134 0.00000000
v 0.24107307 -0.23734134 0.00000000
v 0.24018246 -0.23761150 0.00200000
v -0.24200000 -0.23725006 0.00000000
v 0.24200000 -0.23725006 0.00000000
v 0.24107307 -0.23734134 0.00200000
v -0.11000000 -0.17670000 0.00000000
v 0.24292693 -0.23734134 0.00000000
v 0.24200000 -0.23725006 0.00200000
v -0.11043983 -0.17664208 0.00000000
v 0.08800000 -0.17670000 0.00000000
v 0.24381754 -0.23761150 0.00000000
v 0.24292693 -0.23734134 0.00200000
v -0.09500000 -0.17670000 0.00000000
v 0.08800000 -0.15170000 0.00000000
v 0.24381754 -0.23761150 0.00200000
v 0.10385011 -0.17352788 0.00000000
v 0.10300000 -0.17670000 0.00000000
v 0.10464207 -0.17543982 0.00000000
v 0.10470000 -0.17500000 0.00000000
v 0.10464207 -0.17456017 0.00000000
v 0.10447212 -0.17585011 0.00000000
v 0.10420208 -0.17620209 0.00000000
v 0.10385011 -0.17647213 0.00000000
v 0.10343982 -0.17664208 0.00000000
v 0.10420208 -0.17379792 0.00000000
v 0.10447212 -0.17414989 0.00000000
v 0.24463886 -0.23805052 0.00200000
v 0.10300000 -0.15170000 0.00000000
v 0.10464207 -0.15043983 0.00000000
v 0.10470000 -0.15000001 0.00000000
v 0.10464207 -0.14956017 0.00000000
v 0.10447212 -0.15085012 0.00000000
v 0.10420208 -0.15120208 0.00000000
v 0.10385011 -0.15147212 0.00000000
v 0.10343982 -0.15164207 0.00000000
v 0.10420208 -0.14879791 0.00000000
v 0.10447212 -0.14914988 0.00000000
v 0.24594940 -0.23936093 0.00000000
v 0.24535891 -0.23864144 0.00200000
v 0.24638832 -0.24018213 0.00000000
v 0.24594940 -0.23936093 0.00200000
v 0.24638832 -0.24018213 0.00200000
v -0.23725000 -0.24200000 0.00200000
v -0.23734127 -0.24107353 0.00200000
v -0.23734127 -0.24292646 0.00200000
v -0.23761168 -0.24381787 0.00200000
v -0.23805059 -0.24463907 0.00200000
v -0.23864108 -0.24535856 0.00200000
v -0.23936114 -0.24594948 0.00200000
v -0.24018246 -0.24638849 0.00200000
v -0.24107307 -0.24665867 0.00200000
v -0.25999999 -0.25400001 0.00000000
v -0.24292693 -0.24665867 0.00000000
v -0.24200000 -0.24674994 0.00200000
v -0.24381754 -0.24638849 0.00000000
v -0.24292693 -0.24665867 0.00200000
v -0.24463886 -0.24594948 0.00000000
v -0.24381754 -0.24638849 0.00200000
v -0.24535891 -0.24535856 0.00000000
v -0.24463886 -0.24594948 0.00200000
v -0.24594940 -0.24463907 0.00000000
v -0.24535891 -0.24535856 0.00200000
v -0.24638832 -0.24381787 0.00000000
v -0.24594940 -0.24463907 0.00200000
v -0.24665873 -0.24292646 0.00000000
v -0.24638832 -0.24381787 0.00200000
v -0.24675000 -0.24200000 0.00000000
v -0.24665873 -0.24292646 0.00200000
v -0.24665873 -0.24107353 0.00000000
v -0.24675000 -0.24200000 0.00200000
v -0.24638832 -0.24018213 0.00000000
v -0.24665873 -0.24107353 0.00200000
v -0.24594940 -0.23936093 0.00000000
v -0.24638832 -0.24018213 0.00200000
v -0.24535891 -0.23864144 0.00000000
v -0.24594940 -0.23936093 0.00200000
v -0.24463886 -0.23805052 0.00000000
v -0.24535891 -0.23864144 0.00200000
v -0.24381754 -0.23761150 0.00000000
v -0.24463886 -0.23805052 0.00200000
v -0.24292693 -0.23734134 0.00000000
v -0.24381754 -0.23761150 0.00200000
v -0.24292693 -0.23734134 0.00200000
v -0.24200000 -0.23725006 0.00200000
v -0.24690001 -0.02160000 0.00000000
v -0.24684480 -0.02205453 0.00000000
v -0.23691259 -0.09583145 0.00000000
v -0.23665406 -0.09662710 0.00000000
v -0.22029893 -0.12950011 0.00000000
v -0.22006066 -0.12981066 0.00000000
v -0.21975011 -0.13004893 0.00000000
v -0.11085012 -0.17647213 0.00000000
v -0.24107307 -0.23734134 0.00200000
v -0.24018246 -0.23761150 0.00200000
v -0.23936114 -0.23805052 0.00200000
v -0.23864108 -0.23864144 0.00200000
v -0.23805059 -0.23936093 0.00200000
v -0.23761168 -0.24018213 0.00200000
v -0.04964207 0.11556017 0.00000000
v -0.06135793 0.11556017 0.00000000
v -0.06130000 0.11600000 0.00000000
v -0.06130000 0.11600000 0.00200000
v -0.04970000 0.11600000 0.00000000
v -0.06135793 0.11643983 0.00000000
v -0.06135793 0.11643983 0.00200000
v -0.04947212 0.11514989 0.00000000
v -0.06152788 0.11514989 0.00000000
v -0.06135793 0.11556017 0.00200000
v -0.04920208 0.11479792 0.00000000
v -0.06179792 0.11479792 0.00000000
v -0.06152788 0.11514989 0.00200000
v -0.04885012 0.11452787 0.00000000
v -0.06214989 0.11452787 0.00000000
v -0.06179792 0.11479792 0.00200000
v -0.04843983 0.11435793 0.00000000
v -0.06256017 0.11435793 0.00000000
v -0.06214989 0.11452787 0.00200000
v -0.06256017 0.11435793 0.00200000
v -0.18022583 0.11605573 0.00000000
v -0.06343982 0.11435793 0.00000000
v -0.06300000 0.11430000 0.00200000
v -0.06385011 0.11452787 0.00000000
v -0.06343982 0.11435793 0.00200000
v -0.06420209 0.11479792 0.00000000
v -0.06385011 0.11452787 0.00200000
v -0.06447212 0.11514989 0.00000000
v -0.06420209 0.11479792 0.00200000
v -0.06464207 0.11556017 0.00000000
v -0.06447212 0.11514989 0.00200000
v -0.06470000 0.11600000 0.00000000
v -0.06464207 0.11556017 0.00200000
v -0.06464207 0.11643983 0.00000000
v -0.06470000 0.11600000 0.00200000
v -0.18137370 0.11792882 0.00000000
v -0.06447212 0.11685012 0.00000000
v -0.06464207 0.11643983 0.00200000
v -0.06420209 0.11720208 0.00000000
v -0.06447212 0.11685012 0.00200000
v -0.06385011 0.11747212 0.00000000
v -0.06420209 0.11720208 0.00200000
v -0.06343982 0.11764207 0.00000000
v -0.06385011 0.11747212 0.00200000
v -0.06300000 0.11770000 0.00000000
v -0.06343982 0.11764207 0.00200000
v -0.04843983 0.11764207 0.00000000
v -0.06256017 0.11764207 0.00000000
v -0.06300000 0.11770000 0.00200000
v -0.04800000 0.11770000 0.00000000
v -0.04885012 0.11747212 0.00000000
v -0.06214989 0.11747212 0.00000000
v -0.06256017 0.11764207 0.00200000
v -0.04920208 0.11720208 0.00000000
v -0.06179792 0.11720208 0.00000000
v -0.06214989 0.11747212 0.00200000
v -0.04947212 0.11685012 0.00000000
v -0.06152788 0.11685012 0.00000000
v -0.06179792 0.11720208 0.00200000
v -0.04964207 0.11643983 0.00000000
v -0.06152788 0.11685012 0.00200000
v 0.04535793 0.11556017 0.00000000
v -0.04635793 0.11556017 0.00000000
v -0.04630000 0.11600000 0.00000000
v -0.04630000 0.11600000 0.00200000
v 0.04530000 0.11600000 0.00000000
v -0.04635793 0.11643983 0.00000000
v -0.04635793 0.11643983 0.00200000
v 0.04552788 0.11514989 0.00000000
v -0.04652788 0.11514989 0.00000000
v -0.04635793 0.11556017 0.00200000
v 0.04579792 0.11479792 0.00000000
v -0.04679792 0.11479792 0.00000000
v -0.04652788 0.11514989 0.00200000
v 0.04614989 0.11452787 0.00000000
v -0.04714989 0.11452787 0.00000000
v -0.04679792 0.11479792 0.00200000
v 0.04656017 0.11435793 0.00000000
v -0.04756017 0.11435793 0.00000000
v -0.04714989 0.11452787 0.00200000
v -0.04756017 0.11435793 0.00200000
v -0.04800000 0.11430000 0.00200000
v -0.04843983 0.11435793 0.00200000
v -0.04885012 0.11452787 0.00200000
v -0.04920208 0.11479792 0.00200000
v -0.04947212 0.11514989 0.00200000
v -0.04964207 0.11556017 0.00200000
v -0.04970000 0.11600000 0.00200000
v -0.04964207 0.11643983 0.00200000
v -0.04947212 0.11685012 0.00200000
v -0.04920208 0.11720208 0.00200000
v -0.04885012 0.11747212 0.00200000
v -0.04843983 0.11764207 0.00200000
v 0.04656017 0.11764207 0.00000000
v -0.04756017 0.11764207 0.00000000
v -0.04800000 0.11770000 0.00200000
v 0.04700000 0.11770000 0.00000000
v 0.04614989 0.11747212 0.00000000
v -0.04714989 0.11747212 0.00000000
v -0.04756017 0.11764207 0.00200000
v 0.04579792 0.11720208 0.00000000
v -0.04679792 0.11720208 0.00000000
v -0.04714989 0.11747212 0.00200000
v 0.04552788 0.11685012 0.00000000
v -0.04652788 0.11685012 0.00000000
v -0.04679792 0.11720208 0.00200000
v 0.04535793 0.11643983 0.00000000
v -0.04652788 0.11685012 0.00200000
v 0.06035793 0.11556017 0.00000000
v 0.04864207 0.11556017 0.00000000
v 0.04870000 0.11600000 0.00000000
v 0.04870000 0.11600000 0.00200000
v 0.06030000 0.11600000 0.00000000
v 0.04864207 0.11643983 0.00000000
v 0.04864207 0.11643983 0.00200000
v 0.06052788 0.11514989 0.00000000
v 0.04847212 0.11514989 0.00000000
v 0.04864207 0.11556017 0.00200000
v 0.06079792 0.11479792 0.00000000
v 0.04820208 0.11479792 0.00000000
v 0.04847212 0.11514989 0.00200000
v 0.06114988 0.11452787 0.00000000
v 0.04785011 0.11452787 0.00000000
v 0.04820208 0.11479792 0.00200000
v 0.06156017 0.11435793 0.00000000
v 0.04743982 0.11435793 0.00000000
v 0.04785011 0.11452787 0.00200000
v 0.04743982 0.11435793 0.00200000
v 0.04700000 0.11430000 0.00200000
v 0.04656017 0.11435793 0.00200000
v 0.04614989 0.11452787 0.00200000
v 0.04579792 0.11479792 0.00200000
v 0.04552788 0.11514989 0.00200000
v 0.04535793 0.11556017 0.00200000
v 0.04530000 0.11600000 0.00200000
v 0.04535793 0.11643983 0.00200000
v 0.04552788 0.11685012 0.00200000
v 0.04579792 0.11720208 0.00200000
v 0.04614989 0.11747212 0.00200000
v 0.04656017 0.11764207 0.00200000
v 0.06156017 0.11764207 0.00000000
v 0.04743982 0.11764207 0.00000000
v 0.04700000 0.11770000 0.00200000
v -0.18280077 0.11959971 0.00000000
v 0.06114988 0.11747212 0.00000000
v 0.04785011 0.11747212 0.00000000
v 0.04743982 0.11764207 0.00200000
v 0.06079792 0.11720208 0.00000000
v 0.04820208 0.11720208 0.00000000
v 0.04785011 0.11747212 0.00200000
v 0.06052788 0.11685012 0.00000000
v 0.04847212 0.11685012 0.00000000
v 0.04820208 0.11720208 0.00200000
v 0.06035793 0.11643983 0.00000000
v 0.04847212 0.11685012 0.00200000
v 0.06370000 0.11600000 0.00200000
v 0.06364207 0.11643983 0.00200000
v 0.06364207 0.11556017 0.00200000
v 0.06347212 0.11514989 0.00200000
v 0.06320208 0.11479792 0.00200000
v 0.06285012 0.11452787 0.00200000
v 0.06243983 0.11435793 0.00200000
v 0.06200000 0.11430000 0.00200000
v 0.06156017 0.11435793 0.00200000
v 0.06114988 0.11452787 0.00200000
v 0.06079792 0.11479792 0.00200000
v 0.06052788 0.11514989 0.00200000
v 0.06035793 0.11556017 0.00200000
v 0.06030000 0.11600000 0.00200000
v 0.06035793 0.11643983 0.00200000
v 0.06052788 0.11685012 0.00200000
v 0.06079792 0.11720208 0.00200000
v 0.06114988 0.11747212 0.00200000
v 0.06156017 0.11764207 0.00200000
v 0.06200000 0.11770000 0.00200000
v -0.17655520 0.12354547 0.00000000
v -0.17649999 0.12400000 0.00000000
v -0.17655520 0.12445453 0.00000000
v -0.17671773 0.12311695 0.00000000
v -0.17697792 0.12273998 0.00000000
v -0.17732054 0.12243646 0.00000000
v -0.17772630 0.12222350 0.00000000
v -0.17817116 0.12211385 0.00000000
v -0.17862883 0.12211385 0.00000000
v -0.18447080 0.12102608 0.00000000
v -0.17772630 0.12577650 0.00000000
v -0.17732054 0.12556353 0.00000000
v -0.17697792 0.12526003 0.00000000
v -0.17671773 0.12488305 0.00000000
v 0.06243983 0.11764207 0.00200000
v 0.06285012 0.11747212 0.00200000
v 0.06320208 0.11720208 0.00200000
v 0.06347212 0.11685012 0.00200000
v -0.19270000 0.12369994 0.00000000
v -0.20515521 0.12354547 0.00000000
v -0.20510000 0.12400000 0.00000000
v -0.20510000 0.12400000 0.00200000
v -0.18030000 0.12400000 0.00000000
v -0.20515521 0.12445453 0.00000000
v -0.20515521 0.12445453 0.00200000
v -0.18024479 0.12354547 0.00000000
v -0.19489041 0.12352757 0.00000000
v -0.20531772 0.12311695 0.00000000
v -0.20515521 0.12354547 0.00200000
v -0.19702590 0.12301487 0.00000000
v -0.20557791 0.12273998 0.00000000
v -0.20531772 0.12311695 0.00200000
v -0.19905593 0.12217399 0.00000000
v -0.20592053 0.12243646 0.00000000
v -0.20557791 0.12273998 0.00200000
v -0.20632631 0.12222350 0.00000000
v -0.20592053 0.12243646 0.00200000
v -0.20677117 0.12211385 0.00000000
v -0.20632631 0.12222350 0.00200000
v -0.20092921 0.12102608 0.00000000
v -0.20722884 0.12211385 0.00000000
v -0.20677117 0.12211385 0.00200000
v -0.20259923 0.11959971 0.00000000
v -0.20767370 0.12222350 0.00000000
v -0.20722884 0.12211385 0.00200000
v -0.20402630 0.11792882 0.00000000
v -0.20807947 0.12243646 0.00000000
v -0.20767370 0.12222350 0.00200000
v -0.20842209 0.12273998 0.00000000
v -0.20807947 0.12243646 0.00200000
v -0.20517416 0.11605573 0.00000000
v -0.20868227 0.12311695 0.00000000
v -0.20842209 0.12273998 0.00200000
v -0.20884480 0.12354547 0.00000000
v -0.20868227 0.12311695 0.00200000
v -0.20601465 0.11402652 0.00000000
v -0.20890000 0.12400000 0.00000000
v -0.20884480 0.12354547 0.00200000
v -0.20884480 0.12445453 0.00000000
v -0.20890000 0.12400000 0.00200000
v -0.20868227 0.12488305 0.00000000
v -0.20884480 0.12445453 0.00200000
v -0.20842209 0.12526003 0.00000000
v -0.20868227 0.12488305 0.00200000
v -0.20807947 0.12556353 0.00000000
v -0.20842209 0.12526003 0.00200000
v -0.20767370 0.12577650 0.00000000
v -0.20807947 0.12556353 0.00200000
v -0.20722884 0.12588616 0.00000000
v -0.20767370 0.12577650 0.00200000
v -0.20677117 0.12588616 0.00000000
v -0.20722884 0.12588616 0.00200000
v -0.17907369 0.12577650 0.00000000
v -0.20632631 0.12577650 0.00000000
v -0.20677117 0.12588616 0.00200000
v -0.17862883 0.12588616 0.00000000
v -0.17947946 0.12556353 0.00000000
v -0.20592053 0.12556353 0.00000000
v -0.20632631 0.12577650 0.00200000
v -0.17982209 0.12526003 0.00000000
v -0.20557791 0.12526003 0.00000000
v -0.20592053 0.12556353 0.00200000
v -0.18008228 0.12488305 0.00000000
v -0.20531772 0.12488305 0.00000000
v -0.20557791 0.12526003 0.00200000
v -0.18024479 0.12445453 0.00000000
v -0.20531772 0.12488305 0.00200000
v -0.17649999 0.12400000 0.00200000
v -0.17655520 0.12445453 0.00200000
v -0.17655520 0.12354547 0.00200000
v -0.17671773 0.12311695 0.00200000
v -0.17697792 0.12273998 0.00200000
v -0.17732054 0.12243646 0.00200000
v -0.17772630 0.12222350 0.00200000
v -0.17817116 0.12211385 0.00200000
v -0.18634407 0.12217399 0.00000000
v -0.17907369 0.12222350 0.00000000
v -0.17862883 0.12211385 0.00200000
v -0.18837410 0.12301487 0.00000000
v -0.17947946 0.12243646 0.00000000
v -0.17907369 0.12222350 0.00200000
v -0.17982209 0.12273998 0.00000000
v -0.17947946 0.12243646 0.00200000
v -0.18008228 0.12311695 0.00000000
v -0.17982209 0.12273998 0.00200000
v -0.19050960 0.12352757 0.00000000
v -0.18008228 0.12311695 0.00200000
v -0.18024479 0.12354547 0.00200000
v -0.18030000 0.12400000 0.00200000
v -0.18024479 0.12445453 0.00200000
v -0.18008228 0.12488305 0.00200000
v -0.17982209 0.12526003 0.00200000
v -0.17947946 0.12556353 0.00200000
v -0.17907369 0.12577650 0.00200000
v -0.17862883 0.12588616 0.00200000
v -0.17817116 0.12588616 0.00200000
v -0.17772630 0.12577650 0.00200000
v -0.17732054 0.12556353 0.00200000
v -0.17697792 0.12526003 0.00200000
v -0.17671773 0.12488305 0.00200000
v -0.17649999 0.09540000 0.00200000
v -0.17655520 0.09585453 0.00200000
v -0.17655520 0.09494547 0.00200000
v -0.17671773 0.09451695 0.00200000
v -0.17697792 0.09413998 0.00200000
v -0.17732054 0.09383646 0.00200000
v -0.17772630 0.09362350 0.00200000
v -0.17817116 0.09351385 0.00200000
v -0.20632631 0.09362350 0.00000000
v -0.17907369 0.09362350 0.00000000
v -0.17862883 0.09351385 0.00200000
v -0.20592053 0.09383646 0.00000000
v -0.17947946 0.09383646 0.00000000
v -0.17907369 0.09362350 0.00200000
v -0.20557791 0.09413998 0.00000000
v -0.17982209 0.09413998 0.00000000
v -0.17947946 0.09383646 0.00200000
v -0.20531772 0.09451695 0.00000000
v -0.18008228 0.09451695 0.00000000
v -0.17982209 0.09413998 0.00200000
v -0.20515521 0.09494547 0.00000000
v -0.18024479 0.09494547 0.00000000
v -0.18008228 0.09451695 0.00200000
v -0.20510000 0.09540000 0.00000000
v -0.18030000 0.09540000 0.00000000
v -0.18024479 0.09494547 0.00200000
v -0.19270000 0.09570006 0.00000000
v -0.18024479 0.09585453 0.00000000
v -0.18030000 0.09540000 0.00200000
v -0.20515521 0.09585453 0.00000000
v -0.19050960 0.09587243 0.00000000
v -0.18008228 0.09628305 0.00000000
v -0.18024479 0.09585453 0.00200000
v -0.18837410 0.09638512 0.00000000
v -0.17982209 0.09666002 0.00000000
v -0.18008228 0.09628305 0.00200000
v -0.18634407 0.09722600 0.00000000
v -0.17947946 0.09696354 0.00000000
v -0.17982209 0.09666002 0.00200000
v -0.17907369 0.09717650 0.00000000
v -0.17947946 0.09696354 0.00200000
v -0.17862883 0.09728616 0.00000000
v -0.17907369 0.09717650 0.00200000
v -0.17862883 0.09728616 0.00200000
v -0.17817116 0.09728616 0.00200000
v -0.17772630 0.09717650 0.00200000
v -0.17732054 0.09696354 0.00200000
v -0.17697792 0.09666002 0.00200000
v -0.17671773 0.09628305 0.00200000
v -0.20510000 0.09540000 0.00200000
v -0.20515521 0.09585453 0.00200000
v -0.20515521 0.09494547 0.00200000
v -0.20531772 0.09451695 0.00200000
v -0.20557791 0.09413998 0.00200000
v -0.20592053 0.09383646 0.00200000
v -0.20632631 0.09362350 0.00200000
v -0.20677117 0.09351385 0.00200000
v -0.20767370 0.09362350 0.00000000
v -0.20722884 0.09351385 0.00200000
v -0.20807947 0.09383646 0.00000000
v -0.20767370 0.09362350 0.00200000
v -0.20842209 0.09413998 0.00000000
v -0.20807947 0.09383646 0.00200000
v -0.20868227 0.09451695 0.00000000
v -0.20842209 0.09413998 0.00200000
v -0.20884480 0.09494547 0.00000000
v -0.20868227 0.09451695 0.00200000
v -0.20890000 0.09540000 0.00000000
v -0.20884480 0.09494547 0.00200000
v -0.20884480 0.09585453 0.00000000
v -0.20890000 0.09540000 0.00200000
v -0.20868227 0.09628305 0.00000000
v -0.20884480 0.09585453 0.00200000
v -0.20842209 0.09666002 0.00000000
v -0.20868227 0.09628305 0.00200000
v -0.20807947 0.09696354 0.00000000
v -0.20842209 0.09666002 0.00200000
v -0.20767370 0.09717650 0.00000000
v -0.20807947 0.09696354 0.00200000
v -0.20722884 0.09728616 0.00000000
v -0.20767370 0.09717650 0.00200000
v -0.20677117 0.09728616 0.00000000
v -0.20722884 0.09728616 0.00200000
v -0.19905593 0.09722600 0.00000000
v -0.20632631 0.09717650 0.00000000
v -0.20677117 0.09728616 0.00200000
v -0.20092921 0.09837393 0.00000000
v -0.20259923 0.09980029 0.00000000
v -0.20402630 0.10147118 0.00000000
v -0.20517416 0.10334428 0.00000000
v -0.20601465 0.10537348 0.00000000
v -0.19702590 0.09638512 0.00000000
v -0.20592053 0.09696354 0.00000000
v -0.20632631 0.09717650 0.00200000
v -0.20557791 0.09666002 0.00000000
v -0.20592053 0.09696354 0.00200000
v -0.20531772 0.09628305 0.00000000
v -0.20557791 0.09666002 0.00200000
v -0.19489041 0.09587243 0.00000000
v -0.20531772 0.09628305 0.00200000
v -0.21450000 0.08300000 0.00200000
v -0.21455520 0.08345453 0.00200000
v -0.21455520 0.08254547 0.00200000
v -0.21471773 0.08211695 0.00200000
v -0.21497791 0.08173998 0.00200000
v -0.21532053 0.08143646 0.00200000
v -0.21572630 0.08122350 0.00200000
v -0.21617116 0.08111385 0.00200000
v -0.22434407 0.08117400 0.00000000
v -0.21707369 0.08122350 0.00000000
v -0.21662883 0.08111385 0.00200000
v -0.22637410 0.08201487 0.00000000
v -0.21747947 0.08143646 0.00000000
v -0.21707369 0.08122350 0.00200000
v -0.21782209 0.08173998 0.00000000
v -0.21747947 0.08143646 0.00200000
v -0.21808228 0.08211695 0.00000000
v -0.21782209 0.08173998 0.00200000
v -0.22850959 0.08252757 0.00000000
v -0.21824479 0.08254547 0.00000000
v -0.21808228 0.08211695 0.00200000
v -0.24310000 0.08300000 0.00000000
v -0.21830000 0.08300000 0.00000000
v -0.21824479 0.08254547 0.00200000
v -0.23070000 0.08269994 0.00000000
v -0.24315521 0.08345453 0.00000000
v -0.21824479 0.08345453 0.00000000
v -0.21830000 0.08300000 0.00200000
v -0.24331772 0.08388305 0.00000000
v -0.21808228 0.08388305 0.00000000
v -0.21824479 0.08345453 0.00200000
v -0.24357791 0.08426002 0.00000000
v -0.21782209 0.08426002 0.00000000
v -0.21808228 0.08388305 0.00200000
v -0.24392053 0.08456354 0.00000000
v -0.21747947 0.08456354 0.00000000
v -0.21782209 0.08426002 0.00200000
v -0.24432631 0.08477650 0.00000000
v -0.21707369 0.08477650 0.00000000
v -0.21747947 0.08456354 0.00200000
v -0.24477117 0.08488616 0.00000000
v -0.21662883 0.08488616 0.00000000
v -0.21707369 0.08477650 0.00200000
v -0.21662883 0.08488616 0.00200000
v -0.21617116 0.08488616 0.00200000
v -0.21572630 0.08477650 0.00200000
v -0.21532053 0.08456354 0.00200000
v -0.21497791 0.08426002 0.00200000
v -0.21471773 0.08388305 0.00200000
v -0.24315521 0.08254547 0.00000000
v -0.24310000 0.08300000 0.00200000
v -0.24315521 0.08345453 0.00200000
v -0.23289040 0.08252757 0.00000000
v -0.24331772 0.08211695 0.00000000
v -0.24315521 0.08254547 0.00200000
v -0.23502590 0.08201487 0.00000000
v -0.24357791 0.08173998 0.00000000
v -0.24331772 0.08211695 0.00200000
v -0.23705593 0.08117400 0.00000000
v -0.24392053 0.08143646 0.00000000
v -0.24357791 0.08173998 0.00200000
v -0.24432631 0.08122350 0.00000000
v -0.24392053 0.08143646 0.00200000
v -0.24477117 0.08111385 0.00000000
v -0.24432631 0.08122350 0.00200000
v -0.23892920 0.08002608 0.00000000
v -0.24522884 0.08111385 0.00000000
v -0.24477117 0.08111385 0.00200000
v -0.24059923 0.07859971 0.00000000
v -0.24567370 0.08122350 0.00000000
v -0.24522884 0.08111385 0.00200000
v -0.24202630 0.07692882 0.00000000
v -0.24607946 0.08143646 0.00000000
v -0.24567370 0.08122350 0.00200000
v -0.24642208 0.08173998 0.00000000
v -0.24607946 0.08143646 0.00200000
v -0.24317417 0.07505573 0.00000000
v -0.24668227 0.08211695 0.00000000
v -0.24642208 0.08173998 0.00200000
v -0.24401465 0.07302652 0.00000000
v -0.24684480 0.08254547 0.00000000
v -0.24668227 0.08211695 0.00200000
v -0.24477117 0.05628616 0.00000000
v -0.24690001 0.08300000 0.00000000
v -0.24684480 0.08254547 0.00200000
v -0.24452762 0.06651017 0.00000000
v -0.24470000 0.06870000 0.00000000
v -0.24452762 0.07088982 0.00000000
v -0.24684480 0.08345453 0.00000000
v -0.24690001 0.08300000 0.00200000
v -0.24522884 0.05628616 0.00000000
v -0.24668227 0.08388305 0.00000000
v -0.24684480 0.08345453 0.00200000
v -0.24642208 0.08426002 0.00000000
v -0.24668227 0.08388305 0.00200000
v -0.24607946 0.08456354 0.00000000
v -0.24642208 0.08426002 0.00200000
v -0.24567370 0.08477650 0.00000000
v -0.24607946 0.08456354 0.00200000
v -0.24522884 0.08488616 0.00000000
v -0.24567370 0.08477650 0.00200000
v -0.24522884 0.08488616 0.00200000
v -0.24477117 0.08488616 0.00200000
v -0.24432631 0.08477650 0.00200000
v -0.24392053 0.08456354 0.00200000
v -0.24357791 0.08426002 0.00200000
v -0.24331772 0.08388305 0.00200000
v -0.21824479 0.05394547 0.00000000
v -0.24315521 0.05394547 0.00000000
v -0.24310000 0.05440000 0.00000000
v -0.24310000 0.05440000 0.00200000
v -0.21830000 0.05440000 0.00000000
v -0.24315521 0.05485453 0.00000000
v -0.24315521 0.05485453 0.00200000
v -0.21808228 0.05351695 0.00000000
v -0.24331772 0.05351695 0.00000000
v -0.24315521 0.05394547 0.00200000
v -0.21782209 0.05313998 0.00000000
v -0.24357791 0.05313998 0.00000000
v -0.24331772 0.05351695 0.00200000
v -0.21747947 0.05283646 0.00000000
v -0.24392053 0.05283646 0.00000000
v -0.24357791 0.05313998 0.00200000
v -0.21707369 0.05262350 0.00000000
v -0.24432631 0.05262350 0.00000000
v -0.24392053 0.05283646 0.00200000
v -0.21662883 0.05251385 0.00000000
v -0.24477117 0.05251385 0.00000000
v -0.24432631 0.05262350 0.00200000
v -0.18117116 0.04788616 0.00000000
v -0.24522884 0.05251385 0.00000000
v -0.24477117 0.05251385 0.00200000
v -0.20559923 0.04159971 0.00000000
v -0.24567370 0.05262350 0.00000000
v -0.24522884 0.05251385 0.00200000
v -0.21067369 0.04422350 0.00000000
v -0.21022885 0.04411384 0.00000000
v -0.21107946 0.04443646 0.00000000
v -0.21142209 0.04473998 0.00000000
v -0.21168227 0.04511695 0.00000000
v -0.21184479 0.04554547 0.00000000
v -0.21190000 0.04600000 0.00000000
v -0.21184479 0.04645453 0.00000000
v -0.21168227 0.04688305 0.00000000
v -0.21142209 0.04726002 0.00000000
v -0.21107946 0.04756354 0.00000000
v -0.21067369 0.04777650 0.00000000
v -0.21022885 0.04788616 0.00000000
v -0.20977116 0.04788616 0.00000000
v -0.18162884 0.04788616 0.00000000
v -0.20970000 0.03170000 0.00000000
v -0.24607946 0.05283646 0.00000000
v -0.24567370 0.05262350 0.00200000
v -0.20952763 0.03388983 0.00000000
v -0.20901465 0.03602652 0.00000000
v -0.20817415 0.03805573 0.00000000
v -0.20702630 0.03992882 0.00000000
v -0.20977116 0.01928615 0.00000000
v -0.24642208 0.05313998 0.00000000
v -0.24607946 0.05283646 0.00200000
v -0.20392920 0.02037392 0.00000000
v -0.20559923 0.02180029 0.00000000
v -0.20702630 0.02347118 0.00000000
v -0.20817415 0.02534427 0.00000000
v -0.20901465 0.02737348 0.00000000
v -0.20952763 0.02951017 0.00000000
v -0.21617116 0.00888615 0.00000000
v -0.24668227 0.05351695 0.00000000
v -0.24642208 0.05313998 0.00200000
v -0.21168227 0.01651695 0.00000000
v -0.21142209 0.01613998 0.00000000
v -0.21184479 0.01694547 0.00000000
v -0.21190000 0.01740000 0.00000000
v -0.21184479 0.01785453 0.00000000
v -0.21168227 0.01828305 0.00000000
v -0.21142209 0.01866002 0.00000000
v -0.21107946 0.01896354 0.00000000
v -0.21067369 0.01917650 0.00000000
v -0.21022885 0.01928615 0.00000000
v -0.24477117 0.00888615 0.00000000
v -0.24684480 0.05394547 0.00000000
v -0.24668227 0.05351695 0.00200000
v -0.21662883 0.00888615 0.00000000
v -0.24690001 0.05440000 0.00000000
v -0.24684480 0.05394547 0.00200000
v -0.24684480 0.05485453 0.00000000
v -0.24690001 0.05440000 0.00200000
v -0.24668227 0.05528305 0.00000000
v -0.24684480 0.05485453 0.00200000
v -0.24642208 0.05566002 0.00000000
v -0.24668227 0.05528305 0.00200000
v -0.24607946 0.05596354 0.00000000
v -0.24642208 0.05566002 0.00200000
v -0.24567370 0.05617649 0.00000000
v -0.24607946 0.05596354 0.00200000
v -0.24567370 0.05617649 0.00200000
v -0.24522884 0.05628616 0.00200000
v -0.23705593 0.05622600 0.00000000
v -0.24432631 0.05617649 0.00000000
v -0.24477117 0.05628616 0.00200000
v -0.23892920 0.05737392 0.00000000
v -0.24059923 0.05880028 0.00000000
v -0.24202630 0.06047118 0.00000000
v -0.24317417 0.06234428 0.00000000
v -0.24401465 0.06437348 0.00000000
v -0.23502590 0.05538512 0.00000000
v -0.24392053 0.05596354 0.00000000
v -0.24432631 0.05617649 0.00200000
v -0.24357791 0.05566002 0.00000000
v -0.24392053 0.05596354 0.00200000
v -0.24331772 0.05528305 0.00000000
v -0.24357791 0.05566002 0.00200000
v -0.23289040 0.05487243 0.00000000
v -0.24331772 0.05528305 0.00200000
v -0.23070000 0.05470006 0.00000000
v -0.21455520 0.05394547 0.00000000
v -0.21450000 0.05440000 0.00000000
v -0.21450000 0.05440000 0.00200000
v -0.21455520 0.05485453 0.00000000
v -0.21455520 0.05485453 0.00200000
v -0.21471773 0.05351695 0.00000000
v -0.21455520 0.05394547 0.00200000
v -0.21497791 0.05313998 0.00000000
v -0.21471773 0.05351695 0.00200000
v -0.21532053 0.05283646 0.00000000
v -0.21497791 0.05313998 0.00200000
v -0.21572630 0.05262350 0.00000000
v -0.21532053 0.05283646 0.00200000
v -0.21617116 0.05251385 0.00000000
v -0.21572630 0.05262350 0.00200000
v -0.21617116 0.05251385 0.00200000
v -0.21662883 0.05251385 0.00200000
v -0.21707369 0.05262350 0.00200000
v -0.21747947 0.05283646 0.00200000
v -0.21782209 0.05313998 0.00200000
v -0.21808228 0.05351695 0.00200000
v -0.21824479 0.05394547 0.00200000
v -0.21824479 0.05485453 0.00000000
v -0.21830000 0.05440000 0.00200000
v -0.22850959 0.05487243 0.00000000
v -0.21808228 0.05528305 0.00000000
v -0.21824479 0.05485453 0.00200000
v -0.22637410 0.05538512 0.00000000
v -0.21782209 0.05566002 0.00000000
v -0.21808228 0.05528305 0.00200000
v -0.22434407 0.05622600 0.00000000
v -0.21747947 0.05596354 0.00000000
v -0.21782209 0.05566002 0.00200000
v -0.21707369 0.05617649 0.00000000
v -0.21747947 0.05596354 0.00200000
v -0.21662883 0.05628616 0.00000000
v -0.21707369 0.05617649 0.00200000
v -0.22247079 0.05737392 0.00000000
v -0.21617116 0.05628616 0.00000000
v -0.21662883 0.05628616 0.00200000
v -0.21572630 0.05617649 0.00000000
v -0.21617116 0.05628616 0.00200000
v -0.22080077 0.05880028 0.00000000
v -0.21532053 0.05596354 0.00000000
v -0.21572630 0.05617649 0.00200000
v -0.21497791 0.05566002 0.00000000
v -0.21532053 0.05596354 0.00200000
v -0.21471773 0.05528305 0.00000000
v -0.21497791 0.05566002 0.00200000
v -0.21471773 0.05528305 0.00200000
v -0.19570000 0.04569994 0.00000000
v -0.20815521 0.04554547 0.00000000
v -0.20810001 0.04600000 0.00000000
v -0.20810001 0.04600000 0.00200000
v -0.18330000 0.04600000 0.00000000
v -0.20815521 0.04645453 0.00000000
v -0.20815521 0.04645453 0.00200000
v -0.18324479 0.04554547 0.00000000
v -0.19789040 0.04552757 0.00000000
v -0.20831773 0.04511695 0.00000000
v -0.20815521 0.04554547 0.00200000
v -0.20002590 0.04501488 0.00000000
v -0.20857792 0.04473998 0.00000000
v -0.20831773 0.04511695 0.00200000
v -0.20205592 0.04417400 0.00000000
v -0.20892054 0.04443646 0.00000000
v -0.20857792 0.04473998 0.00200000
v -0.20932631 0.04422350 0.00000000
v -0.20892054 0.04443646 0.00200000
v -0.20977116 0.04411384 0.00000000
v -0.20932631 0.04422350 0.00200000
v -0.20392920 0.04302607 0.00000000
v -0.20977116 0.04411384 0.00200000
v -0.21022885 0.04411384 0.00200000
v -0.21067369 0.04422350 0.00200000
v -0.21107946 0.04443646 0.00200000
v -0.21142209 0.04473998 0.00200000
v -0.21168227 0.04511695 0.00200000
v -0.21184479 0.04554547 0.00200000
v -0.21190000 0.04600000 0.00200000
v -0.21184479 0.04645453 0.00200000
v -0.21168227 0.04688305 0.00200000
v -0.21142209 0.04726002 0.00200000
v -0.21107946 0.04756354 0.00200000
v -0.21067369 0.04777650 0.00200000
v -0.21022885 0.04788616 0.00200000
v -0.18207370 0.04777650 0.00000000
v -0.20932631 0.04777650 0.00000000
v -0.20977116 0.04788616 0.00200000
v -0.18247947 0.04756354 0.00000000
v -0.20892054 0.04756354 0.00000000
v -0.20932631 0.04777650 0.00200000
v -0.18282209 0.04726002 0.00000000
v -0.20857792 0.04726002 0.00000000
v -0.20892054 0.04756354 0.00200000
v -0.18308227 0.04688305 0.00000000
v -0.20831773 0.04688305 0.00000000
v -0.20857792 0.04726002 0.00200000
v -0.18324479 0.04645453 0.00000000
v -0.20831773 0.04688305 0.00200000
v -0.17950000 0.04600000 0.00200000
v -0.17955521 0.04645453 0.00200000
v -0.17955521 0.04554547 0.00200000
v -0.17971772 0.04511695 0.00200000
v -0.17997791 0.04473998 0.00200000
v -0.18032053 0.04443646 0.00200000
v -0.18072630 0.04422350 0.00200000
v -0.18117116 0.04411384 0.00200000
v -0.18934408 0.04417400 0.00000000
v -0.18207370 0.04422350 0.00000000
v -0.18162884 0.04411384 0.00200000
v -0.18747079 0.04302607 0.00000000
v -0.18580078 0.04159971 0.00000000
v -0.18437371 0.03992882 0.00000000
v -0.18322584 0.03805573 0.00000000
v -0.19137411 0.04501488 0.00000000
v -0.18247947 0.04443646 0.00000000
v -0.18207370 0.04422350 0.00200000
v -0.18282209 0.04473998 0.00000000
v -0.18247947 0.04443646 0.00200000
v -0.18308227 0.04511695 0.00000000
v -0.18282209 0.04473998 0.00200000
v -0.19350959 0.04552757 0.00000000
v -0.18308227 0.04511695 0.00200000
v -0.18324479 0.04554547 0.00200000
v -0.18330000 0.04600000 0.00200000
v -0.18324479 0.04645453 0.00200000
v -0.18308227 0.04688305 0.00200000
v -0.18282209 0.04726002 0.00200000
v -0.18247947 0.04756354 0.00200000
v -0.18207370 0.04777650 0.00200000
v -0.18162884 0.04788616 0.00200000
v -0.18072630 0.04777650 0.00000000
v -0.18117116 0.04788616 0.00200000
v -0.18072630 0.04777650 0.00200000
v -0.21687238 0.06651017 0.00000000
v -0.21738535 0.06437348 0.00000000
v -0.21822584 0.06234428 0.00000000
v -0.21937370 0.06047118 0.00000000
v -0.18032053 0.04756354 0.00200000
v -0.17997791 0.04726002 0.00200000
v -0.17971772 0.04688305 0.00200000
v -0.18324479 0.01694547 0.00000000
v -0.20815521 0.01694547 0.00000000
v -0.20810001 0.01740000 0.00000000
v -0.20810001 0.01740000 0.00200000
v -0.18330000 0.01740000 0.00000000
v -0.20815521 0.01785453 0.00000000
v -0.20815521 0.01785453 0.00200000
v -0.18308227 0.01651695 0.00000000
v -0.20831773 0.01651695 0.00000000
v -0.20815521 0.01694547 0.00200000
v -0.18282209 0.01613998 0.00000000
v -0.20857792 0.01613998 0.00000000
v -0.20831773 0.01651695 0.00200000
v -0.18247947 0.01583646 0.00000000
v -0.20892054 0.01583646 0.00000000
v -0.20857792 0.01613998 0.00200000
v -0.18207370 0.01562350 0.00000000
v -0.20932631 0.01562350 0.00000000
v -0.20892054 0.01583646 0.00200000
v -0.20932631 0.01562350 0.00200000
v -0.20977116 0.01551385 0.00200000
v -0.21067369 0.01562350 0.00000000
v -0.21022885 0.01551385 0.00200000
v -0.21572630 0.00877650 0.00000000
v -0.21532053 0.00856354 0.00000000
v -0.21107946 0.01583646 0.00000000
v -0.21067369 0.01562350 0.00200000
v -0.21107946 0.01583646 0.00200000
v -0.21142209 0.01613998 0.00200000
v -0.21168227 0.01651695 0.00200000
v -0.21184479 0.01694547 0.00200000
v -0.21190000 0.01740000 0.00200000
v -0.21184479 0.01785453 0.00200000
v -0.21168227 0.01828305 0.00200000
v -0.21142209 0.01866002 0.00200000
v -0.21107946 0.01896354 0.00200000
v -0.21067369 0.01917650 0.00200000
v -0.21022885 0.01928615 0.00200000
v -0.20205592 0.01922600 0.00000000
v -0.20932631 0.01917650 0.00000000
v -0.20977116 0.01928615 0.00200000
v -0.20002590 0.01838512 0.00000000
v -0.20892054 0.01896354 0.00000000
v -0.20932631 0.01917650 0.00200000
v -0.20857792 0.01866002 0.00000000
v -0.20892054 0.01896354 0.00200000
v -0.20831773 0.01828305 0.00000000
v -0.20857792 0.01866002 0.00200000
v -0.19789040 0.01787243 0.00000000
v -0.20831773 0.01828305 0.00200000
v -0.19570000 0.01770006 0.00000000
v -0.17950000 0.01740000 0.00200000
v -0.17955521 0.01785453 0.00200000
v -0.17955521 0.01694547 0.00200000
v -0.17971772 0.01651695 0.00200000
v -0.17997791 0.01613998 0.00200000
v -0.18032053 0.01583646 0.00200000
v -0.18072630 0.01562350 0.00200000
v -0.18117116 0.01551385 0.00200000
v -0.18162884 0.01551385 0.00200000
v -0.18207370 0.01562350 0.00200000
v -0.18247947 0.01583646 0.00200000
v -0.18282209 0.01613998 0.00200000
v -0.18308227 0.01651695 0.00200000
v -0.18324479 0.01694547 0.00200000
v -0.18324479 0.01785453 0.00000000
v -0.18330000 0.01740000 0.00200000
v -0.19350959 0.01787243 0.00000000
v -0.18308227 0.01828305 0.00000000
v -0.18324479 0.01785453 0.00200000
v -0.19137411 0.01838512 0.00000000
v -0.18282209 0.01866002 0.00000000
v -0.18308227 0.01828305 0.00200000
v -0.18934408 0.01922600 0.00000000
v -0.18247947 0.01896354 0.00000000
v -0.18282209 0.01866002 0.00200000
v -0.18207370 0.01917650 0.00000000
v -0.18247947 0.01896354 0.00200000
v -0.18162884 0.01928615 0.00000000
v -0.18207370 0.01917650 0.00200000
v -0.18747079 0.02037392 0.00000000
v -0.18117116 0.01928615 0.00000000
v -0.18162884 0.01928615 0.00200000
v -0.18580078 0.02180029 0.00000000
v -0.18072630 0.01917650 0.00000000
v -0.18117116 0.01928615 0.00200000
v -0.18437371 0.02347118 0.00000000
v -0.18032053 0.01896354 0.00000000
v -0.18072630 0.01917650 0.00200000
v -0.17997791 0.01866002 0.00000000
v -0.18032053 0.01896354 0.00200000
v -0.18322584 0.02534427 0.00000000
v -0.17971772 0.01828305 0.00000000
v -0.17997791 0.01866002 0.00200000
v -0.17971772 0.01828305 0.00200000
v -0.23070000 0.00669994 0.00000000
v -0.24315521 0.00654547 0.00000000
v -0.24310000 0.00700000 0.00000000
v -0.24310000 0.00700000 0.00200000
v -0.21830000 0.00700000 0.00000000
v -0.24315521 0.00745453 0.00000000
v -0.24315521 0.00745453 0.00200000
v -0.21824479 0.00654547 0.00000000
v -0.23289040 0.00652757 0.00000000
v -0.24331772 0.00611695 0.00000000
v -0.24315521 0.00654547 0.00200000
v -0.23502590 0.00601488 0.00000000
v -0.24357791 0.00573998 0.00000000
v -0.24331772 0.00611695 0.00200000
v -0.23705593 0.00517400 0.00000000
v -0.24392053 0.00543646 0.00000000
v -0.24357791 0.00573998 0.00200000
v -0.24432631 0.00522350 0.00000000
v -0.24392053 0.00543646 0.00200000
v -0.24477117 0.00511385 0.00000000
v -0.24432631 0.00522350 0.00200000
v -0.23892920 0.00402608 0.00000000
v -0.24522884 0.00511385 0.00000000
v -0.24477117 0.00511385 0.00200000
v -0.24059923 0.00259972 0.00000000
v -0.24567370 0.00522350 0.00000000
v -0.24522884 0.00511385 0.00200000
v -0.24202630 0.00092882 0.00000000
v -0.24607946 0.00543646 0.00000000
v -0.24567370 0.00522350 0.00200000
v -0.24642208 0.00573998 0.00000000
v -0.24607946 0.00543646 0.00200000
v -0.24317417 -0.00094427 0.00000000
v -0.24668227 0.00611695 0.00000000
v -0.24642208 0.00573998 0.00200000
v -0.24401465 -0.00297348 0.00000000
v -0.24684480 0.00654547 0.00000000
v -0.24668227 0.00611695 0.00200000
v -0.24477117 -0.01971385 0.00000000
v -0.24690001 0.00700000 0.00000000
v -0.24684480 0.00654547 0.00200000
v -0.24452762 -0.00948983 0.00000000
v -0.24470000 -0.00730000 0.00000000
v -0.24452762 -0.00511017 0.00000000
v -0.24684480 0.00745453 0.00000000
v -0.24690001 0.00700000 0.00200000
v -0.24522884 -0.01971385 0.00000000
v -0.24567370 -0.01982350 0.00000000
v -0.24668227 0.00788305 0.00000000
v -0.24684480 0.00745453 0.00200000
v -0.24642208 0.00826002 0.00000000
v -0.24668227 0.00788305 0.00200000
v -0.24607946 0.00856354 0.00000000
v -0.24642208 0.00826002 0.00200000
v -0.24567370 0.00877650 0.00000000
v -0.24607946 0.00856354 0.00200000
v -0.24522884 0.00888615 0.00000000
v -0.24567370 0.00877650 0.00200000
v -0.24522884 0.00888615 0.00200000
v -0.21707369 0.00877650 0.00000000
v -0.24432631 0.00877650 0.00000000
v -0.24477117 0.00888615 0.00200000
v -0.21747947 0.00856354 0.00000000
v -0.24392053 0.00856354 0.00000000
v -0.24432631 0.00877650 0.00200000
v -0.21782209 0.00826002 0.00000000
v -0.24357791 0.00826002 0.00000000
v -0.24392053 0.00856354 0.00200000
v -0.21808228 0.00788305 0.00000000
v -0.24331772 0.00788305 0.00000000
v -0.24357791 0.00826002 0.00200000
v -0.21824479 0.00745453 0.00000000
v -0.24331772 0.00788305 0.00200000
v -0.21450000 0.00700000 0.00200000
v -0.21455520 0.00745453 0.00200000
v -0.21455520 0.00654547 0.00200000
v -0.21471773 0.00611695 0.00200000
v -0.21497791 0.00573998 0.00200000
v -0.21532053 0.00543646 0.00200000
v -0.21572630 0.00522350 0.00200000
v -0.21617116 0.00511385 0.00200000
v -0.22434407 0.00517400 0.00000000
v -0.21707369 0.00522350 0.00000000
v -0.21662883 0.00511385 0.00200000
v -0.22247079 0.00402608 0.00000000
v -0.22637410 0.00601488 0.00000000
v -0.21747947 0.00543646 0.00000000
v -0.21707369 0.00522350 0.00200000
v -0.21782209 0.00573998 0.00000000
v -0.21747947 0.00543646 0.00200000
v -0.21808228 0.00611695 0.00000000
v -0.21782209 0.00573998 0.00200000
v -0.22850959 0.00652757 0.00000000
v -0.21808228 0.00611695 0.00200000
v -0.21824479 0.00654547 0.00200000
v -0.21830000 0.00700000 0.00200000
v -0.21824479 0.00745453 0.00200000
v -0.21808228 0.00788305 0.00200000
v -0.21782209 0.00826002 0.00200000
v -0.21747947 0.00856354 0.00200000
v -0.21707369 0.00877650 0.00200000
v -0.21662883 0.00888615 0.00200000
v -0.21617116 0.00888615 0.00200000
v -0.21572630 0.00877650 0.00200000
v -0.21532053 0.00856354 0.00200000
v -0.21497791 0.00826002 0.00200000
v -0.21471773 0.00788305 0.00200000
v -0.21450000 -0.02160000 0.00200000
v -0.21455520 -0.02114547 0.00200000
v -0.21455520 -0.02205453 0.00200000
v -0.21471773 -0.02248305 0.00200000
v -0.21497791 -0.02286002 0.00200000
v -0.21532053 -0.02316354 0.00200000
v -0.21572630 -0.02337650 0.00200000
v -0.21617116 -0.02348615 0.00200000
v -0.24432631 -0.02337650 0.00000000
v -0.21707369 -0.02337650 0.00000000
v -0.21662883 -0.02348615 0.00200000
v -0.24392053 -0.02316354 0.00000000
v -0.21747947 -0.02316354 0.00000000
v -0.21707369 -0.02337650 0.00200000
v -0.24357791 -0.02286002 0.00000000
v -0.21782209 -0.02286002 0.00000000
v -0.21747947 -0.02316354 0.00200000
v -0.24331772 -0.02248305 0.00000000
v -0.21808228 -0.02248305 0.00000000
v -0.21782209 -0.02286002 0.00200000
v -0.24315521 -0.02205453 0.00000000
v -0.21824479 -0.02205453 0.00000000
v -0.21808228 -0.02248305 0.00200000
v -0.24310000 -0.02160000 0.00000000
v -0.21830000 -0.02160000 0.00000000
v -0.21824479 -0.02205453 0.00200000
v -0.23070000 -0.02129994 0.00000000
v -0.21824479 -0.02114547 0.00000000
v -0.21830000 -0.02160000 0.00200000
v -0.24315521 -0.02114547 0.00000000
v -0.22850959 -0.02112757 0.00000000
v -0.21808228 -0.02071695 0.00000000
v -0.21824479 -0.02114547 0.00200000
v -0.22637410 -0.02061488 0.00000000
v -0.21782209 -0.02033998 0.00000000
v -0.21808228 -0.02071695 0.00200000
v -0.22434407 -0.01977400 0.00000000
v -0.21747947 -0.02003646 0.00000000
v -0.21782209 -0.02033998 0.00200000
v -0.21707369 -0.01982350 0.00000000
v -0.21747947 -0.02003646 0.00200000
v -0.21662883 -0.01971385 0.00000000
v -0.21707369 -0.01982350 0.00200000
v -0.22247079 -0.01862608 0.00000000
v -0.21617116 -0.01971385 0.00000000
v -0.21662883 -0.01971385 0.00200000
v -0.22080077 -0.01719972 0.00000000
v -0.21572630 -0.01982350 0.00000000
v -0.21617116 -0.01971385 0.00200000
v -0.21572630 -0.01982350 0.00200000
v -0.21532053 -0.02003646 0.00200000
v -0.21497791 -0.02033998 0.00200000
v -0.21471773 -0.02071695 0.00200000
v -0.24310000 -0.02160000 0.00200000
v -0.24315521 -0.02114547 0.00200000
v -0.24315521 -0.02205453 0.00200000
v -0.24331772 -0.02248305 0.00200000
v -0.24357791 -0.02286002 0.00200000
v -0.24392053 -0.02316354 0.00200000
v -0.24432631 -0.02337650 0.00200000
v -0.24477117 -0.02348615 0.00200000
v -0.24567370 -0.02337650 0.00000000
v -0.24522884 -0.02348615 0.00200000
v -0.24607946 -0.02316354 0.00000000
v -0.24567370 -0.02337650 0.00200000
v -0.21044619 -0.06902566 0.00000000
v -0.24642208 -0.02286002 0.00000000
v -0.24607946 -0.02316354 0.00200000
v -0.19155380 -0.06902566 0.00000000
v -0.22944620 -0.06902566 0.00000000
v -0.24668227 -0.02248305 0.00000000
v -0.24642208 -0.02286002 0.00200000
v -0.21155380 -0.06902566 0.00000000
v -0.24668227 -0.02248305 0.00200000
v -0.24684480 -0.02205453 0.00200000
v -0.23600000 -0.07500000 0.00000000
v -0.23589784 -0.07610224 0.00000000
v -0.23341830 -0.09102198 0.00000000
v -0.23589784 -0.07389776 0.00000000
v -0.23559473 -0.07283245 0.00000000
v -0.23510118 -0.07184122 0.00000000
v -0.23443422 -0.07095804 0.00000000
v -0.23361580 -0.07021197 0.00000000
v -0.23267417 -0.06962892 0.00000000
v -0.23164211 -0.06922909 0.00000000
v -0.23055381 -0.06902566 0.00000000
v -0.23700000 -0.09500000 0.00000000
v -0.23691259 -0.09416855 0.00000000
v -0.23665406 -0.09337290 0.00000000
v -0.23623607 -0.09264886 0.00000000
v -0.23567663 -0.09202758 0.00000000
v -0.23499981 -0.09153584 0.00000000
v -0.23423606 -0.09119578 0.00000000
v -0.24684480 -0.02114547 0.00000000
v -0.24690001 -0.02160000 0.00200000
v -0.24668227 -0.02071695 0.00000000
v -0.24684480 -0.02114547 0.00200000
v -0.24642208 -0.02033998 0.00000000
v -0.24668227 -0.02071695 0.00200000
v -0.24607946 -0.02003646 0.00000000
v -0.24642208 -0.02033998 0.00200000
v -0.24607946 -0.02003646 0.00200000
v -0.24567370 -0.01982350 0.00200000
v -0.24522884 -0.01971385 0.00200000
v -0.23705593 -0.01977400 0.00000000
v -0.24432631 -0.01982350 0.00000000
v -0.24477117 -0.01971385 0.00200000
v -0.23892920 -0.01862608 0.00000000
v -0.24059923 -0.01719972 0.00000000
v -0.24202630 -0.01552882 0.00000000
v -0.24317417 -0.01365573 0.00000000
v -0.24401465 -0.01162652 0.00000000
v -0.23502590 -0.02061488 0.00000000
v -0.24392053 -0.02003646 0.00000000
v -0.24432631 -0.01982350 0.00200000
v -0.24357791 -0.02033998 0.00000000
v -0.24392053 -0.02003646 0.00200000
v -0.24331772 -0.02071695 0.00000000
v -0.24357791 -0.02033998 0.00200000
v -0.23289040 -0.02112757 0.00000000
v -0.24331772 -0.02071695 0.00200000
v -0.17870000 0.10970000 0.00200000
v -0.17887238 0.11188982 0.00200000
v -0.17887238 0.10751017 0.00200000
v -0.17938535 0.10537348 0.00200000
v -0.18022583 0.10334428 0.00200000
v -0.18137370 0.10147118 0.00200000
v -0.18280077 0.09980029 0.00200000
v -0.18447080 0.09837393 0.00200000
v -0.18634407 0.09722600 0.00200000
v -0.18837410 0.09638512 0.00200000
v -0.19050960 0.09587243 0.00200000
v -0.19270000 0.09570006 0.00200000
v -0.19489041 0.09587243 0.00200000
v -0.19702590 0.09638512 0.00200000
v -0.19905593 0.09722600 0.00200000
v -0.20092921 0.09837393 0.00200000
v -0.20259923 0.09980029 0.00200000
v -0.20402630 0.10147118 0.00200000
v -0.20517416 0.10334428 0.00200000
v -0.20652762 0.10751017 0.00000000
v -0.20601465 0.10537348 0.00200000
v -0.20670000 0.10970000 0.00000000
v -0.20652762 0.10751017 0.00200000
v -0.20652762 0.11188982 0.00000000
v -0.20670000 0.10970000 0.00200000
v -0.20652762 0.11188982 0.00200000
v -0.20601465 0.11402652 0.00200000
v -0.20517416 0.11605573 0.00200000
v -0.20402630 0.11792882 0.00200000
v -0.20259923 0.11959971 0.00200000
v -0.20092921 0.12102608 0.00200000
v -0.19905593 0.12217399 0.00200000
v -0.19702590 0.12301487 0.00200000
v -0.19489041 0.12352757 0.00200000
v -0.19270000 0.12369994 0.00200000
v -0.19050960 0.12352757 0.00200000
v -0.18837410 0.12301487 0.00200000
v -0.18634407 0.12217399 0.00200000
v -0.18447080 0.12102608 0.00200000
v -0.18280077 0.11959971 0.00200000
v -0.18137370 0.11792882 0.00200000
v -0.18022583 0.11605573 0.00200000
v -0.17938535 0.11402652 0.00200000
v -0.21670000 0.06870000 0.00200000
v -0.21687238 0.07088982 0.00200000
v -0.21687238 0.06651017 0.00200000
v -0.21738535 0.06437348 0.00200000
v -0.21822584 0.06234428 0.00200000
v -0.21937370 0.06047118 0.00200000
v -0.22080077 0.05880028 0.00200000
v -0.22247079 0.05737392 0.00200000
v -0.22434407 0.05622600 0.00200000
v -0.22637410 0.05538512 0.00200000
v -0.22850959 0.05487243 0.00200000
v -0.23070000 0.05470006 0.00200000
v -0.23289040 0.05487243 0.00200000
v -0.23502590 0.05538512 0.00200000
v -0.23705593 0.05622600 0.00200000
v -0.23892920 0.05737392 0.00200000
v -0.24059923 0.05880028 0.00200000
v -0.24202630 0.06047118 0.00200000
v -0.24317417 0.06234428 0.00200000
v -0.24401465 0.06437348 0.00200000
v -0.24452762 0.06651017 0.00200000
v -0.24470000 0.06870000 0.00200000
v -0.24452762 0.07088982 0.00200000
v -0.24401465 0.07302652 0.00200000
v -0.24317417 0.07505573 0.00200000
v -0.24202630 0.07692882 0.00200000
v -0.24059923 0.07859971 0.00200000
v -0.23892920 0.08002608 0.00200000
v -0.23705593 0.08117400 0.00200000
v -0.23502590 0.08201487 0.00200000
v -0.23289040 0.08252757 0.00200000
v -0.23070000 0.08269994 0.00200000
v -0.22850959 0.08252757 0.00200000
v -0.22637410 0.08201487 0.00200000
v -0.22434407 0.08117400 0.00200000
v -0.22247079 0.08002608 0.00200000
v -0.22080077 0.07859971 0.00200000
v -0.21937370 0.07692882 0.00200000
v -0.21822584 0.07505573 0.00200000
v -0.21738535 0.07302652 0.00200000
v -0.18170001 0.03170000 0.00200000
v -0.18187237 0.03388983 0.00200000
v -0.18187237 0.02951017 0.00200000
v -0.18238534 0.02737348 0.00200000
v -0.18322584 0.02534427 0.00200000
v -0.18437371 0.02347118 0.00200000
v -0.18580078 0.02180029 0.00200000
v -0.18747079 0.02037392 0.00200000
v -0.18934408 0.01922600 0.00200000
v -0.19137411 0.01838512 0.00200000
v -0.19350959 0.01787243 0.00200000
v -0.19570000 0.01770006 0.00200000
v -0.19789040 0.01787243 0.00200000
v -0.20002590 0.01838512 0.00200000
v -0.20205592 0.01922600 0.00200000
v -0.20392920 0.02037392 0.00200000
v -0.20559923 0.02180029 0.00200000
v -0.20702630 0.02347118 0.00200000
v -0.20817415 0.02534427 0.00200000
v -0.20901465 0.02737348 0.00200000
v -0.20952763 0.02951017 0.00200000
v -0.20970000 0.03170000 0.00200000
v -0.20952763 0.03388983 0.00200000
v -0.20901465 0.03602652 0.00200000
v -0.20817415 0.03805573 0.00200000
v -0.20702630 0.03992882 0.00200000
v -0.20559923 0.04159971 0.00200000
v -0.20392920 0.04302607 0.00200000
v -0.20205592 0.04417400 0.00200000
v -0.20002590 0.04501488 0.00200000
v -0.19789040 0.04552757 0.00200000
v -0.19570000 0.04569994 0.00200000
v -0.19350959 0.04552757 0.00200000
v -0.19137411 0.04501488 0.00200000
v -0.18934408 0.04417400 0.00200000
v -0.18747079 0.04302607 0.00200000
v -0.18580078 0.04159971 0.00200000
v -0.18437371 0.03992882 0.00200000
v -0.18322584 0.03805573 0.00200000
v -0.18238534 0.03602652 0.00200000
v -0.21670000 -0.00730000 0.00200000
v -0.21687238 -0.00511017 0.00200000
v -0.21687238 -0.00948983 0.00200000
v -0.21738535 -0.01162652 0.00200000
v -0.21822584 -0.01365573 0.00200000
v -0.21937370 -0.01552882 0.00200000
v -0.22080077 -0.01719972 0.00200000
v -0.22247079 -0.01862608 0.00200000
v -0.22434407 -0.01977400 0.00200000
v -0.22637410 -0.02061488 0.00200000
v -0.22850959 -0.02112757 0.00200000
v -0.23070000 -0.02129994 0.00200000
v -0.23289040 -0.02112757 0.00200000
v -0.23502590 -0.02061488 0.00200000
v -0.23705593 -0.01977400 0.00200000
v -0.23892920 -0.01862608 0.00200000
v -0.24059923 -0.01719972 0.00200000
v -0.24202630 -0.01552882 0.00200000
v -0.24317417 -0.01365573 0.00200000
v -0.24401465 -0.01162652 0.00200000
v -0.24452762 -0.00948983 0.00200000
v -0.24470000 -0.00730000 0.00200000
v -0.24452762 -0.00511017 0.00200000
v -0.24401465 -0.00297348 0.00200000
v -0.24317417 -0.00094427 0.00200000
v -0.24202630 0.00092882 0.00200000
v -0.24059923 0.00259972 0.00200000
v -0.23892920 0.00402608 0.00200000
v -0.23705593 0.00517400 0.00200000
v -0.23502590 0.00601488 0.00200000
v -0.23289040 0.00652757 0.00200000
v -0.23070000 0.00669994 0.00200000
v -0.22850959 0.00652757 0.00200000
v -0.22637410 0.00601488 0.00200000
v -0.22434407 0.00517400 0.00200000
v -0.22247079 0.00402608 0.00200000
v -0.22080077 0.00259972 0.00200000
v -0.21937370 0.00092882 0.00200000
v -0.21822584 -0.00094427 0.00200000
v -0.21738535 -0.00297348 0.00200000
v -0.21689785 -0.07610224 0.00000000
v -0.22410215 -0.07610224 0.00000000
v -0.22400001 -0.07500000 0.00000000
v -0.22400001 -0.07500000 0.00200000
v -0.21699999 -0.07500000 0.00000000
v -0.22410215 -0.07389776 0.00000000
v -0.22410215 -0.07389776 0.00200000
v -0.21659474 -0.07716755 0.00000000
v -0.22440526 -0.07716755 0.00000000
v -0.22410215 -0.07610224 0.00200000
v -0.21610117 -0.07815878 0.00000000
v -0.22489883 -0.07815878 0.00000000
v -0.22440526 -0.07716755 0.00200000
v -0.21543422 -0.07904196 0.00000000
v -0.22556578 -0.07904196 0.00000000
v -0.22489883 -0.07815878 0.00200000
v -0.21461581 -0.07978803 0.00000000
v -0.22638419 -0.07978803 0.00000000
v -0.22556578 -0.07904196 0.00200000
v -0.21367417 -0.08037107 0.00000000
v -0.22732583 -0.08037107 0.00000000
v -0.22638419 -0.07978803 0.00200000
v -0.21264212 -0.08077091 0.00000000
v -0.22835788 -0.08077091 0.00000000
v -0.22732583 -0.08037107 0.00200000
v -0.22835788 -0.08077091 0.00200000
v -0.22944620 -0.08097434 0.00200000
v -0.23164211 -0.08077091 0.00000000
v -0.23055381 -0.08097434 0.00200000
v -0.20758170 -0.09102198 0.00000000
v -0.23267417 -0.08037107 0.00000000
v -0.23164211 -0.08077091 0.00200000
v -0.18641829 -0.09102198 0.00000000
v -0.23258170 -0.09102198 0.00000000
v -0.23361580 -0.07978803 0.00000000
v -0.23267417 -0.08037107 0.00200000
v -0.20841829 -0.09102198 0.00000000
v -0.23443422 -0.07904196 0.00000000
v -0.23361580 -0.07978803 0.00200000
v -0.23510118 -0.07815878 0.00000000
v -0.23443422 -0.07904196 0.00200000
v -0.23559473 -0.07716755 0.00000000
v -0.23510118 -0.07815878 0.00200000
v -0.23559473 -0.07716755 0.00200000
v -0.23589784 -0.07610224 0.00200000
v -0.23600000 -0.07500000 0.00200000
v -0.23589784 -0.07389776 0.00200000
v -0.23559473 -0.07283245 0.00200000
v -0.23510118 -0.07184122 0.00200000
v -0.23443422 -0.07095804 0.00200000
v -0.23361580 -0.07021197 0.00200000
v -0.23267417 -0.06962892 0.00200000
v -0.23164211 -0.06922909 0.00200000
v -0.23055381 -0.06902566 0.00200000
v -0.21264212 -0.06922909 0.00000000
v -0.22835788 -0.06922909 0.00000000
v -0.22944620 -0.06902566 0.00200000
v -0.21367417 -0.06962892 0.00000000
v -0.22732583 -0.06962892 0.00000000
v -0.22835788 -0.06922909 0.00200000
v -0.21461581 -0.07021197 0.00000000
v -0.22638419 -0.07021197 0.00000000
v -0.22732583 -0.06962892 0.00200000
v -0.21543422 -0.07095804 0.00000000
v -0.22556578 -0.07095804 0.00000000
v -0.22638419 -0.07021197 0.00200000
v -0.21610117 -0.07184122 0.00000000
v -0.22489883 -0.07184122 0.00000000
v -0.22556578 -0.07095804 0.00200000
v -0.21659474 -0.07283245 0.00000000
v -0.22440526 -0.07283245 0.00000000
v -0.22489883 -0.07184122 0.00200000
v -0.21689785 -0.07389776 0.00000000
v -0.22440526 -0.07283245 0.00200000
v -0.19689785 -0.07610224 0.00000000
v -0.20510216 -0.07610224 0.00000000
v -0.20500000 -0.07500000 0.00000000
v -0.20500000 -0.07500000 0.00200000
v -0.19700000 -0.07500000 0.00000000
v -0.20510216 -0.07389776 0.00000000
v -0.20510216 -0.07389776 0.00200000
v -0.19659473 -0.07716755 0.00000000
v -0.20540527 -0.07716755 0.00000000
v -0.20510216 -0.07610224 0.00200000
v -0.19610117 -0.07815878 0.00000000
v -0.20589882 -0.07815878 0.00000000
v -0.20540527 -0.07716755 0.00200000
v -0.19543423 -0.07904196 0.00000000
v -0.20656578 -0.07904196 0.00000000
v -0.20589882 -0.07815878 0.00200000
v -0.19461581 -0.07978803 0.00000000
v -0.20738420 -0.07978803 0.00000000
v -0.20656578 -0.07904196 0.00200000
v -0.19367416 -0.08037107 0.00000000
v -0.20832583 -0.08037107 0.00000000
v -0.20738420 -0.07978803 0.00200000
v -0.19264211 -0.08077091 0.00000000
v -0.20935789 -0.08077091 0.00000000
v -0.20832583 -0.08037107 0.00200000
v -0.20935789 -0.08077091 0.00200000
v -0.21044619 -0.08097434 0.00200000
v -0.21155380 -0.08097434 0.00200000
v -0.21264212 -0.08077091 0.00200000
v -0.21367417 -0.08037107 0.00200000
v -0.21461581 -0.07978803 0.00200000
v -0.21543422 -0.07904196 0.00200000
v -0.21610117 -0.07815878 0.00200000
v -0.21659474 -0.07716755 0.00200000
v -0.21689785 -0.07610224 0.00200000
v -0.21699999 -0.07500000 0.00200000
v -0.21689785 -0.07389776 0.00200000
v -0.21659474 -0.07283245 0.00200000
v -0.21610117 -0.07184122 0.00200000
v -0.21543422 -0.07095804 0.00200000
v -0.21461581 -0.07021197 0.00200000
v -0.21367417 -0.06962892 0.00200000
v -0.21264212 -0.06922909 0.00200000
v -0.21155380 -0.06902566 0.00200000
v -0.19264211 -0.06922909 0.00000000
v -0.20935789 -0.06922909 0.00000000
v -0.21044619 -0.06902566 0.00200000
v -0.19367416 -0.06962892 0.00000000
v -0.20832583 -0.06962892 0.00000000
v -0.20935789 -0.06922909 0.00200000
v -0.19461581 -0.07021197 0.00000000
v -0.20738420 -0.07021197 0.00000000
v -0.20832583 -0.06962892 0.00200000
v -0.19543423 -0.07095804 0.00000000
v -0.20656578 -0.07095804 0.00000000
v -0.20738420 -0.07021197 0.00200000
v -0.19610117 -0.07184122 0.00000000
v -0.20589882 -0.07184122 0.00000000
v -0.20656578 -0.07095804 0.00200000
v -0.19659473 -0.07283245 0.00000000
v -0.20540527 -0.07283245 0.00000000
v -0.20589882 -0.07184122 0.00200000
v -0.19689785 -0.07389776 0.00000000
v -0.20540527 -0.07283245 0.00200000
v -0.18500000 -0.07500000 0.00200000
v -0.18510215 -0.07389776 0.00200000
v -0.18510215 -0.07610224 0.00200000
v -0.18540527 -0.07716755 0.00200000
v -0.18589883 -0.07815878 0.00200000
v -0.18656577 -0.07904196 0.00200000
v -0.18738419 -0.07978803 0.00200000
v -0.18832584 -0.08037107 0.00200000
v -0.18935789 -0.08077091 0.00200000
v -0.19044620 -0.08097434 0.00200000
v -0.19155380 -0.08097434 0.00200000
v -0.19264211 -0.08077091 0.00200000
v -0.19367416 -0.08037107 0.00200000
v -0.19461581 -0.07978803 0.00200000
v -0.19543423 -0.07904196 0.00200000
v -0.19610117 -0.07815878 0.00200000
v -0.19659473 -0.07716755 0.00200000
v -0.19689785 -0.07610224 0.00200000
v -0.19700000 -0.07500000 0.00200000
v -0.19689785 -0.07389776 0.00200000
v -0.19659473 -0.07283245 0.00200000
v -0.19610117 -0.07184122 0.00200000
v -0.19543423 -0.07095804 0.00200000
v -0.19461581 -0.07021197 0.00200000
v -0.19367416 -0.06962892 0.00200000
v -0.19264211 -0.06922909 0.00200000
v -0.19155380 -0.06902566 0.00200000
v -0.19044620 -0.06902566 0.00200000
v -0.18935789 -0.06922909 0.00200000
v -0.18832584 -0.06962892 0.00200000
v -0.18738419 -0.07021197 0.00200000
v -0.18656577 -0.07095804 0.00200000
v -0.18589883 -0.07184122 0.00200000
v -0.18540527 -0.07283245 0.00200000
v -0.21975011 -0.09570107 0.00000000
v -0.22908741 -0.09583145 0.00000000
v -0.22900000 -0.09500000 0.00000000
v -0.22900000 -0.09500000 0.00200000
v -0.21200000 -0.09500000 0.00000000
v -0.22908741 -0.09416855 0.00000000
v -0.22908741 -0.09416855 0.00200000
v -0.21191259 -0.09583145 0.00000000
v -0.21900000 -0.09550000 0.00000000
v -0.21938808 -0.09555112 0.00000000
v -0.22044888 -0.09661192 0.00000000
v -0.22934593 -0.09662710 0.00000000
v -0.22908741 -0.09583145 0.00200000
v -0.22029893 -0.09624990 0.00000000
v -0.22006066 -0.09593934 0.00000000
v -0.22050001 -0.09700000 0.00000000
v -0.22976393 -0.09735114 0.00000000
v -0.22934593 -0.09662710 0.00200000
v -0.22029893 -0.09775010 0.00000000
v -0.23032336 -0.09797242 0.00000000
v -0.22976393 -0.09735114 0.00200000
v -0.22044888 -0.09738808 0.00000000
v -0.21938808 -0.09844889 0.00000000
v -0.23100019 -0.09846416 0.00000000
v -0.23032336 -0.09797242 0.00200000
v -0.21975011 -0.09829893 0.00000000
v -0.22006066 -0.09806066 0.00000000
v -0.20923607 -0.09880423 0.00000000
v -0.23176393 -0.09880423 0.00000000
v -0.23100019 -0.09846416 0.00200000
v -0.21900000 -0.09850000 0.00000000
v -0.20841829 -0.09897802 0.00000000
v -0.23258170 -0.09897802 0.00000000
v -0.23176393 -0.09880423 0.00200000
v -0.23341830 -0.09897802 0.00000000
v -0.23258170 -0.09897802 0.00200000
v -0.17600000 -0.12725000 0.00000000
v -0.23423606 -0.09880423 0.00000000
v -0.23341830 -0.09897802 0.00200000
v -0.07570000 -0.12700000 0.00000000
v -0.07564207 -0.12656017 0.00000000
v -0.07547212 -0.12614988 0.00000000
v -0.07520209 -0.12579791 0.00000000
v -0.07485011 -0.12552787 0.00000000
v -0.07443982 -0.12535793 0.00000000
v -0.07400000 -0.12530001 0.00000000
v -0.23499981 -0.09846416 0.00000000
v -0.23423606 -0.09880423 0.00200000
v -0.21900000 -0.12725000 0.00000000
v -0.23567663 -0.09797242 0.00000000
v -0.23499981 -0.09846416 0.00200000
v -0.23623607 -0.09735114 0.00000000
v -0.23567663 -0.09797242 0.00200000
v -0.21938808 -0.12730111 0.00000000
v -0.23623607 -0.09735114 0.00200000
v -0.23665406 -0.09662710 0.00200000
v -0.22044888 -0.12913808 0.00000000
v -0.22050001 -0.12875000 0.00000000
v -0.22044888 -0.12836191 0.00000000
v -0.22029893 -0.12799990 0.00000000
v -0.22006066 -0.12768935 0.00000000
v -0.21975011 -0.12745106 0.00000000
v -0.23691259 -0.09583145 0.00200000
v -0.23700000 -0.09500000 0.00200000
v -0.23691259 -0.09416855 0.00200000
v -0.23665406 -0.09337290 0.00200000
v -0.23623607 -0.09264886 0.00200000
v -0.23567663 -0.09202758 0.00200000
v -0.23499981 -0.09153584 0.00200000
v -0.23423606 -0.09119578 0.00200000
v -0.23341830 -0.09102198 0.00200000
v -0.20923607 -0.09119578 0.00000000
v -0.23176393 -0.09119578 0.00000000
v -0.23258170 -0.09102198 0.00200000
v -0.20999981 -0.09153584 0.00000000
v -0.23100019 -0.09153584 0.00000000
v -0.23176393 -0.09119578 0.00200000
v -0.21067664 -0.09202758 0.00000000
v -0.23032336 -0.09202758 0.00000000
v -0.23100019 -0.09153584 0.00200000
v -0.21123607 -0.09264886 0.00000000
v -0.22976393 -0.09264886 0.00000000
v -0.23032336 -0.09202758 0.00200000
v -0.21165407 -0.09337290 0.00000000
v -0.22934593 -0.09337290 0.00000000
v -0.22976393 -0.09264886 0.00200000
v -0.21191259 -0.09416855 0.00000000
v -0.22934593 -0.09337290 0.00200000
v -0.18991259 -0.09583145 0.00000000
v -0.20408741 -0.09583145 0.00000000
v -0.20400000 -0.09500000 0.00000000
v -0.20400000 -0.09500000 0.00200000
v -0.19000000 -0.09500000 0.00000000
v -0.20408741 -0.09416855 0.00000000
v -0.20408741 -0.09416855 0.00200000
v -0.18965407 -0.09662710 0.00000000
v -0.20434594 -0.09662710 0.00000000
v -0.20408741 -0.09583145 0.00200000
v -0.18923607 -0.09735114 0.00000000
v -0.20476393 -0.09735114 0.00000000
v -0.20434594 -0.09662710 0.00200000
v -0.18867664 -0.09797242 0.00000000
v -0.20532337 -0.09797242 0.00000000
v -0.20476393 -0.09735114 0.00200000
v -0.18799981 -0.09846416 0.00000000
v -0.20600019 -0.09846416 0.00000000
v -0.20532337 -0.09797242 0.00200000
v -0.18723607 -0.09880423 0.00000000
v -0.20676394 -0.09880423 0.00000000
v -0.20600019 -0.09846416 0.00200000
v -0.18641829 -0.09897802 0.00000000
v -0.20758170 -0.09897802 0.00000000
v -0.20676394 -0.09880423 0.00200000
v -0.20758170 -0.09897802 0.00200000
v -0.20841829 -0.09897802 0.00200000
v -0.20999981 -0.09846416 0.00000000
v -0.20923607 -0.09880423 0.00200000
v -0.21793935 -0.09806066 0.00000000
v -0.21067664 -0.09797242 0.00000000
v -0.20999981 -0.09846416 0.00200000
v -0.21824990 -0.09829893 0.00000000
v -0.21861191 -0.09844889 0.00000000
v -0.21755111 -0.09738808 0.00000000
v -0.21123607 -0.09735114 0.00000000
v -0.21067664 -0.09797242 0.00200000
v -0.21770106 -0.09775010 0.00000000
v -0.21750000 -0.09700000 0.00000000
v -0.21165407 -0.09662710 0.00000000
v -0.21123607 -0.09735114 0.00200000
v -0.21793935 -0.09593934 0.00000000
v -0.21165407 -0.09662710 0.00200000
v -0.21755111 -0.09661192 0.00000000
v -0.21770106 -0.09624990 0.00000000
v -0.21191259 -0.09583145 0.00200000
v -0.21861191 -0.09555112 0.00000000
v -0.21824990 -0.09570107 0.00000000
v -0.21200000 -0.09500000 0.00200000
v -0.21191259 -0.09416855 0.00200000
v -0.21165407 -0.09337290 0.00200000
v -0.21123607 -0.09264886 0.00200000
v -0.21067664 -0.09202758 0.00200000
v -0.20999981 -0.09153584 0.00200000
v -0.20923607 -0.09119578 0.00200000
v -0.20841829 -0.09102198 0.00200000
v -0.18723607 -0.09119578 0.00000000
v -0.20676394 -0.09119578 0.00000000
v -0.20758170 -0.09102198 0.00200000
v -0.18799981 -0.09153584 0.00000000
v -0.20600019 -0.09153584 0.00000000
v -0.20676394 -0.09119578 0.00200000
v -0.18867664 -0.09202758 0.00000000
v -0.20532337 -0.09202758 0.00000000
v -0.20600019 -0.09153584 0.00200000
v -0.18923607 -0.09264886 0.00000000
v -0.20476393 -0.09264886 0.00000000
v -0.20532337 -0.09202758 0.00200000
v -0.18965407 -0.09337290 0.00000000
v -0.20434594 -0.09337290 0.00000000
v -0.20476393 -0.09264886 0.00200000
v -0.18991259 -0.09416855 0.00000000
v -0.20434594 -0.09337290 0.00200000
v -0.17675011 -0.09570107 0.00000000
v -0.18208741 -0.09583145 0.00000000
v -0.18200000 -0.09500000 0.00200000
v -0.18208741 -0.09416855 0.00200000
v -0.17638808 -0.09555112 0.00000000
v -0.17744888 -0.09661192 0.00000000
v -0.18234594 -0.09662710 0.00000000
v -0.18208741 -0.09583145 0.00200000
v -0.17729893 -0.09624990 0.00000000
v -0.17706066 -0.09593934 0.00000000
v -0.17749999 -0.09700000 0.00000000
v -0.18276393 -0.09735114 0.00000000
v -0.18234594 -0.09662710 0.00200000
v -0.17729893 -0.09775010 0.00000000
v -0.18332337 -0.09797242 0.00000000
v -0.18276393 -0.09735114 0.00200000
v -0.17744888 -0.09738808 0.00000000
v -0.17638808 -0.09844889 0.00000000
v -0.18400019 -0.09846416 0.00000000
v -0.18332337 -0.09797242 0.00200000
v -0.17675011 -0.09829893 0.00000000
v -0.17706066 -0.09806066 0.00000000
v -0.17600000 -0.09850000 0.00000000
v -0.18476394 -0.09880423 0.00000000
v -0.18400019 -0.09846416 0.00200000
v -0.18558170 -0.09897802 0.00000000
v -0.18476394 -0.09880423 0.00200000
v -0.18558170 -0.09897802 0.00200000
v -0.18641829 -0.09897802 0.00200000
v -0.18723607 -0.09880423 0.00200000
v -0.18799981 -0.09846416 0.00200000
v -0.18867664 -0.09797242 0.00200000
v -0.18923607 -0.09735114 0.00200000
v -0.18965407 -0.09662710 0.00200000
v -0.18991259 -0.09583145 0.00200000
v -0.19000000 -0.09500000 0.00200000
v -0.18991259 -0.09416855 0.00200000
v -0.18965407 -0.09337290 0.00200000
v -0.18923607 -0.09264886 0.00200000
v -0.18867664 -0.09202758 0.00200000
v -0.18799981 -0.09153584 0.00200000
v -0.18723607 -0.09119578 0.00200000
v -0.18641829 -0.09102198 0.00200000
v -0.18558170 -0.09102198 0.00200000
v -0.18476394 -0.09119578 0.00200000
v -0.18400019 -0.09153584 0.00200000
v -0.18332337 -0.09202758 0.00200000
v -0.18276393 -0.09264886 0.00200000
v -0.18234594 -0.09337290 0.00200000
v -0.21750000 -0.09700000 0.00200000
v -0.21755111 -0.09661192 0.00200000
v -0.21755111 -0.09738808 0.00200000
v -0.21770106 -0.09775010 0.00200000
v -0.21793935 -0.09806066 0.00200000
v -0.21824990 -0.09829893 0.00200000
v -0.21861191 -0.09844889 0.00200000
v -0.21900000 -0.09850000 0.00200000
v -0.21938808 -0.09844889 0.00200000
v -0.21975011 -0.09829893 0.00200000
v -0.22006066 -0.09806066 0.00200000
v -0.22029893 -0.09775010 0.00200000
v -0.22044888 -0.09738808 0.00200000
v -0.22050001 -0.09700000 0.00200000
v -0.22044888 -0.09661192 0.00200000
v -0.22029893 -0.09624990 0.00200000
v -0.22006066 -0.09593934 0.00200000
v -0.21975011 -0.09570107 0.00200000
v -0.21938808 -0.09555112 0.00200000
v -0.21900000 -0.09550000 0.00200000
v -0.21861191 -0.09555112 0.00200000
v -0.21824990 -0.09570107 0.00200000
v -0.21793935 -0.09593934 0.00200000
v -0.21770106 -0.09624990 0.00200000
v -0.17744888 -0.12913808 0.00000000
v -0.21755111 -0.12913808 0.00000000
v -0.21750000 -0.12875000 0.00000000
v -0.21750000 -0.12875000 0.00200000
v -0.17749999 -0.12875000 0.00000000
v -0.21755111 -0.12836191 0.00000000
v -0.21755111 -0.12836191 0.00200000
v -0.17729893 -0.12950011 0.00000000
v -0.21770106 -0.12950011 0.00000000
v -0.21755111 -0.12913808 0.00200000
v -0.17706066 -0.12981066 0.00000000
v -0.21793935 -0.12981066 0.00000000
v -0.21770106 -0.12950011 0.00200000
v -0.17675011 -0.13004893 0.00000000
v -0.21824990 -0.13004893 0.00000000
v -0.21793935 -0.12981066 0.00200000
v -0.17638808 -0.13019888 0.00000000
v -0.21861191 -0.13019888 0.00000000
v -0.21824990 -0.13004893 0.00200000
v -0.17600000 -0.13025001 0.00000000
v -0.21900000 -0.13025001 0.00000000
v -0.21861191 -0.13019888 0.00200000
v -0.09500000 -0.14830001 0.00000000
v -0.21938808 -0.13019888 0.00000000
v -0.21900000 -0.13025001 0.00200000
v 0.10300000 -0.14830001 0.00000000
v 0.08800000 -0.14830001 0.00000000
v -0.11170000 -0.17500000 0.00000000
v -0.21938808 -0.13019888 0.00200000
v -0.11085012 -0.15147212 0.00000000
v -0.11043983 -0.15164207 0.00000000
v -0.09500000 -0.17330000 0.00000000
v -0.11120208 -0.15120208 0.00000000
v -0.11147212 -0.15085012 0.00000000
v -0.11164207 -0.15043983 0.00000000
v -0.11170000 -0.15000001 0.00000000
v -0.11164207 -0.14956017 0.00000000
v -0.11147212 -0.14914988 0.00000000
v -0.11120208 -0.14879791 0.00000000
v -0.11085012 -0.14852788 0.00000000
v -0.11043983 -0.14835793 0.00000000
v -0.11000000 -0.14830001 0.00000000
v -0.11164207 -0.17456017 0.00000000
v -0.11147212 -0.17414989 0.00000000
v -0.11120208 -0.17379792 0.00000000
v -0.11085012 -0.17352788 0.00000000
v -0.11043983 -0.17335793 0.00000000
v -0.11000000 -0.17330000 0.00000000
v -0.21975011 -0.13004893 0.00200000
v -0.11120208 -0.17620209 0.00000000
v -0.11147212 -0.17585011 0.00000000
v -0.11164207 -0.17543982 0.00000000
v -0.22006066 -0.12981066 0.00200000
v -0.22029893 -0.12950011 0.00200000
v -0.22044888 -0.12913808 0.00200000
v -0.22050001 -0.12875000 0.00200000
v -0.22044888 -0.12836191 0.00200000
v -0.22029893 -0.12799990 0.00200000
v -0.22006066 -0.12768935 0.00200000
v -0.21975011 -0.12745106 0.00200000
v -0.21938808 -0.12730111 0.00200000
v -0.17638808 -0.12730111 0.00000000
v -0.21861191 -0.12730111 0.00000000
v -0.21900000 -0.12725000 0.00200000
v -0.17675011 -0.12745106 0.00000000
v -0.21824990 -0.12745106 0.00000000
v -0.21861191 -0.12730111 0.00200000
v -0.17706066 -0.12768935 0.00000000
v -0.21793935 -0.12768935 0.00000000
v -0.21824990 -0.12745106 0.00200000
v -0.17729893 -0.12799990 0.00000000
v -0.21770106 -0.12799990 0.00000000
v -0.21793935 -0.12768935 0.00200000
v -0.17744888 -0.12836191 0.00000000
v -0.21770106 -0.12799990 0.00200000
v -0.17455111 -0.12913808 0.00000000
v -0.17450000 -0.12875000 0.00000000
v -0.17450000 -0.12875000 0.00200000
v -0.07400000 -0.12870000 0.00000000
v -0.17455111 -0.12836191 0.00000000
v -0.17455111 -0.12836191 0.00200000
v -0.17470106 -0.12950011 0.00000000
v -0.17455111 -0.12913808 0.00200000
v -0.17493933 -0.12981066 0.00000000
v -0.17470106 -0.12950011 0.00200000
v -0.17524990 -0.13004893 0.00000000
v -0.17493933 -0.12981066 0.00200000
v -0.17561191 -0.13019888 0.00000000
v -0.17524990 -0.13004893 0.00200000
v -0.17561191 -0.13019888 0.00200000
v -0.17600000 -0.13025001 0.00200000
v -0.17638808 -0.13019888 0.00200000
v -0.17675011 -0.13004893 0.00200000
v -0.17706066 -0.12981066 0.00200000
v -0.17729893 -0.12950011 0.00200000
v -0.17744888 -0.12913808 0.00200000
v -0.17749999 -0.12875000 0.00200000
v -0.17744888 -0.12836191 0.00200000
v -0.17729893 -0.12799990 0.00200000
v -0.17706066 -0.12768935 0.00200000
v -0.17675011 -0.12745106 0.00200000
v -0.17638808 -0.12730111 0.00200000
v -0.07564207 -0.12743983 0.00000000
v -0.17561191 -0.12730111 0.00000000
v -0.17600000 -0.12725000 0.00200000
v -0.17524990 -0.12745106 0.00000000
v -0.17561191 -0.12730111 0.00200000
v -0.07547212 -0.12785012 0.00000000
v -0.17493933 -0.12768935 0.00000000
v -0.17524990 -0.12745106 0.00200000
v -0.17470106 -0.12799990 0.00000000
v -0.17493933 -0.12768935 0.00200000
v -0.07520209 -0.12820208 0.00000000
v -0.17470106 -0.12799990 0.00200000
v -0.07443982 -0.12864207 0.00000000
v -0.07485011 -0.12847212 0.00000000
v -0.17455111 -0.09738808 0.00000000
v -0.17450000 -0.09700000 0.00000000
v -0.17450000 -0.09700000 0.00200000
v -0.17455111 -0.09661192 0.00000000
v -0.17455111 -0.09661192 0.00200000
v -0.17470106 -0.09775010 0.00000000
v -0.17455111 -0.09738808 0.00200000
v -0.17493933 -0.09806066 0.00000000
v -0.17470106 -0.09775010 0.00200000
v -0.17524990 -0.09829893 0.00000000
v -0.17493933 -0.09806066 0.00200000
v -0.17561191 -0.09844889 0.00000000
v -0.17524990 -0.09829893 0.00200000
v -0.17561191 -0.09844889 0.00200000
v -0.17600000 -0.09850000 0.00200000
v -0.17638808 -0.09844889 0.00200000
v -0.17675011 -0.09829893 0.00200000
v -0.17706066 -0.09806066 0.00200000
v -0.17729893 -0.09775010 0.00200000
v -0.17744888 -0.09738808 0.00200000
v -0.17749999 -0.09700000 0.00200000
v -0.17744888 -0.09661192 0.00200000
v -0.17729893 -0.09624990 0.00200000
v -0.17706066 -0.09593934 0.00200000
v -0.17675011 -0.09570107 0.00200000
v -0.17638808 -0.09555112 0.00200000
v -0.17561191 -0.09555112 0.00000000
v -0.17600000 -0.09550000 0.00200000
v -0.17524990 -0.09570107 0.00000000
v -0.17561191 -0.09555112 0.00200000
v -0.17493933 -0.09593934 0.00000000
v -0.17524990 -0.09570107 0.00200000
v -0.17470106 -0.09624990 0.00000000
v -0.17493933 -0.09593934 0.00200000
v -0.17470106 -0.09624990 0.00200000
v 0.05135793 -0.12743983 0.00000000
v -0.07235793 -0.12743983 0.00000000
v -0.07230000 -0.12700000 0.00000000
v -0.07230000 -0.12700000 0.00200000
v 0.05130000 -0.12700000 0.00000000
v -0.07235793 -0.12656017 0.00000000
v -0.07235793 -0.12656017 0.00200000
v 0.05152788 -0.12785012 0.00000000
v -0.07252788 -0.12785012 0.00000000
v -0.07235793 -0.12743983 0.00200000
v 0.05179792 -0.12820208 0.00000000
v -0.07279792 -0.12820208 0.00000000
v -0.07252788 -0.12785012 0.00200000
v 0.05214988 -0.12847212 0.00000000
v -0.07314988 -0.12847212 0.00000000
v -0.07279792 -0.12820208 0.00200000
v 0.05256017 -0.12864207 0.00000000
v -0.07356017 -0.12864207 0.00000000
v -0.07314988 -0.12847212 0.00200000
v 0.05300000 -0.12870000 0.00000000
v -0.07356017 -0.12864207 0.00200000
v -0.07400000 -0.12870000 0.00200000
v -0.07443982 -0.12864207 0.00200000
v -0.07485011 -0.12847212 0.00200000
v -0.07520209 -0.12820208 0.00200000
v -0.07547212 -0.12785012 0.00200000
v -0.07564207 -0.12743983 0.00200000
v -0.07570000 -0.12700000 0.00200000
v -0.07564207 -0.12656017 0.00200000
v -0.07547212 -0.12614988 0.00200000
v -0.07520209 -0.12579791 0.00200000
v -0.07485011 -0.12552787 0.00200000
v -0.07443982 -0.12535793 0.00200000
v 0.05256017 -0.12535793 0.00000000
v -0.07356017 -0.12535793 0.00000000
v -0.07400000 -0.12530001 0.00200000
v 0.05214988 -0.12552787 0.00000000
v -0.07314988 -0.12552787 0.00000000
v -0.07356017 -0.12535793 0.00200000
v 0.05179792 -0.12579791 0.00000000
v -0.07279792 -0.12579791 0.00000000
v -0.07314988 -0.12552787 0.00200000
v 0.05152788 -0.12614988 0.00000000
v -0.07252788 -0.12614988 0.00000000
v -0.07279792 -0.12579791 0.00200000
v 0.05135793 -0.12656017 0.00000000
v -0.07252788 -0.12614988 0.00200000
v 0.05464207 -0.12743983 0.00000000
v 0.05470000 -0.12700000 0.00000000
v 0.05470000 -0.12700000 0.00200000
v 0.05464207 -0.12656017 0.00000000
v 0.05464207 -0.12656017 0.00200000
v 0.05447212 -0.12785012 0.00000000
v 0.05464207 -0.12743983 0.00200000
v 0.10343982 -0.14835793 0.00000000
v 0.05420208 -0.12820208 0.00000000
v 0.05447212 -0.12785012 0.00200000
v 0.05385011 -0.12847212 0.00000000
v 0.05420208 -0.12820208 0.00200000
v 0.05343983 -0.12864207 0.00000000
v 0.05385011 -0.12847212 0.00200000
v 0.05343983 -0.12864207 0.00200000
v 0.05300000 -0.12870000 0.00200000
v 0.05256017 -0.12864207 0.00200000
v 0.05214988 -0.12847212 0.00200000
v 0.05179792 -0.12820208 0.00200000
v 0.05152788 -0.12785012 0.00200000
v 0.05135793 -0.12743983 0.00200000
v 0.05130000 -0.12700000 0.00200000
v 0.05135793 -0.12656017 0.00200000
v 0.05152788 -0.12614988 0.00200000
v 0.05179792 -0.12579791 0.00200000
v 0.05214988 -0.12552787 0.00200000
v 0.05256017 -0.12535793 0.00200000
v 0.05300000 -0.12530001 0.00200000
v 0.05343983 -0.12535793 0.00200000
v 0.05420208 -0.12579791 0.00000000
v 0.05385011 -0.12552787 0.00200000
v 0.05447212 -0.12614988 0.00000000
v 0.05420208 -0.12579791 0.00200000
v 0.05447212 -0.12614988 0.00200000
v -0.09664207 -0.15043983 0.00000000
v -0.10835793 -0.15043983 0.00000000
v -0.10830000 -0.15000001 0.00000000
v -0.10830000 -0.15000001 0.00200000
v -0.09670000 -0.15000001 0.00000000
v -0.10835793 -0.14956017 0.00000000
v -0.10835793 -0.14956017 0.00200000
v -0.09647212 -0.15085012 0.00000000
v -0.10852788 -0.15085012 0.00000000
v -0.10835793 -0.15043983 0.00200000
v -0.09620208 -0.15120208 0.00000000
v -0.10879792 -0.15120208 0.00000000
v -0.10852788 -0.15085012 0.00200000
v -0.09585012 -0.15147212 0.00000000
v -0.10914989 -0.15147212 0.00000000
v -0.10879792 -0.15120208 0.00200000
v -0.09543983 -0.15164207 0.00000000
v -0.10956018 -0.15164207 0.00000000
v -0.10914989 -0.15147212 0.00200000
v -0.09500000 -0.15170000 0.00000000
v -0.11000000 -0.15170000 0.00000000
v -0.10956018 -0.15164207 0.00200000
v -0.11000000 -0.15170000 0.00200000
v 0.10300000 -0.17330000 0.00000000
v 0.08800000 -0.17330000 0.00000000
v -0.11043983 -0.15164207 0.00200000
v -0.11085012 -0.15147212 0.00200000
v -0.11120208 -0.15120208 0.00200000
v -0.11147212 -0.15085012 0.00200000
v -0.11164207 -0.15043983 0.00200000
v -0.11170000 -0.15000001 0.00200000
v -0.11164207 -0.14956017 0.00200000
v -0.11147212 -0.14914988 0.00200000
v -0.11120208 -0.14879791 0.00200000
v -0.11085012 -0.14852788 0.00200000
v -0.11043983 -0.14835793 0.00200000
v -0.09543983 -0.14835793 0.00000000
v -0.10956018 -0.14835793 0.00000000
v -0.11000000 -0.14830001 0.00200000
v -0.09585012 -0.14852788 0.00000000
v -0.10914989 -0.14852788 0.00000000
v -0.10956018 -0.14835793 0.00200000
v -0.09620208 -0.14879791 0.00000000
v -0.10879792 -0.14879791 0.00000000
v -0.10914989 -0.14852788 0.00200000
v -0.09647212 -0.14914988 0.00000000
v -0.10852788 -0.14914988 0.00000000
v -0.10879792 -0.14879791 0.00200000
v -0.09664207 -0.14956017 0.00000000
v -0.10852788 -0.14914988 0.00200000
v 0.08635793 -0.15043983 0.00000000
v -0.09335793 -0.15043983 0.00000000
v -0.09330000 -0.15000001 0.00000000
v -0.09330000 -0.15000001 0.00200000
v 0.08630000 -0.15000001 0.00000000
v -0.09335793 -0.14956017 0.00000000
v -0.09335793 -0.14956017 0.00200000
v 0.08652788 -0.15085012 0.00000000
v -0.09352788 -0.15085012 0.00000000
v -0.09335793 -0.15043983 0.00200000
v 0.08679792 -0.15120208 0.00000000
v -0.09379792 -0.15120208 0.00000000
v -0.09352788 -0.15085012 0.00200000
v 0.08714989 -0.15147212 0.00000000
v -0.09414989 -0.15147212 0.00000000
v -0.09379792 -0.15120208 0.00200000
v 0.08756018 -0.15164207 0.00000000
v -0.09456018 -0.15164207 0.00000000
v -0.09414989 -0.15147212 0.00200000
v -0.09456018 -0.15164207 0.00200000
v -0.09500000 -0.15170000 0.00200000
v -0.09543983 -0.15164207 0.00200000
v -0.09585012 -0.15147212 0.00200000
v -0.09620208 -0.15120208 0.00200000
v -0.09647212 -0.15085012 0.00200000
v -0.09664207 -0.15043983 0.00200000
v -0.09670000 -0.15000001 0.00200000
v -0.09664207 -0.14956017 0.00200000
v -0.09647212 -0.14914988 0.00200000
v -0.09620208 -0.14879791 0.00200000
v -0.09585012 -0.14852788 0.00200000
v -0.09543983 -0.14835793 0.00200000
v 0.08756018 -0.14835793 0.00000000
v -0.09456018 -0.14835793 0.00000000
v -0.09500000 -0.14830001 0.00200000
v 0.08714989 -0.14852788 0.00000000
v -0.09414989 -0.14852788 0.00000000
v -0.09456018 -0.14835793 0.00200000
v 0.08679792 -0.14879791 0.00000000
v -0.09379792 -0.14879791 0.00000000
v -0.09414989 -0.14852788 0.00200000
v 0.08652788 -0.14914988 0.00000000
v -0.09352788 -0.14914988 0.00000000
v -0.09379792 -0.14879791 0.00200000
v 0.08635793 -0.14956017 0.00000000
v -0.09352788 -0.14914988 0.00200000
v -0.09664207 -0.17543982 0.00000000
v -0.10835793 -0.17543982 0.00000000
v -0.10830000 -0.17500000 0.00000000
v -0.10830000 -0.17500000 0.00200000
v -0.09670000 -0.17500000 0.00000000
v -0.10835793 -0.17456017 0.00000000
v -0.10835793 -0.17456017 0.00200000
v -0.09647212 -0.17585011 0.00000000
v -0.10852788 -0.17585011 0.00000000
v -0.10835793 -0.17543982 0.00200000
v -0.09620208 -0.17620209 0.00000000
v -0.10879792 -0.17620209 0.00000000
v -0.10852788 -0.17585011 0.00200000
v -0.09585012 -0.17647213 0.00000000
v -0.10914989 -0.17647213 0.00000000
v -0.10879792 -0.17620209 0.00200000
v -0.09543983 -0.17664208 0.00000000
v -0.10956018 -0.17664208 0.00000000
v -0.10914989 -0.17647213 0.00200000
v -0.10956018 -0.17664208 0.00200000
v -0.11000000 -0.17670000 0.00200000
v -0.11043983 -0.17664208 0.00200000
v -0.11085012 -0.17647213 0.00200000
v -0.11120208 -0.17620209 0.00200000
v -0.11147212 -0.17585011 0.00200000
v -0.11164207 -0.17543982 0.00200000
v -0.11170000 -0.17500000 0.00200000
v -0.11164207 -0.17456017 0.00200000
v -0.11147212 -0.17414989 0.00200000
v -0.11120208 -0.17379792 0.00200000
v -0.11085012 -0.17352788 0.00200000
v -0.11043983 -0.17335793 0.00200000
v -0.09543983 -0.17335793 0.00000000
v -0.10956018 -0.17335793 0.00000000
v -0.11000000 -0.17330000 0.00200000
v -0.09585012 -0.17352788 0.00000000
v -0.10914989 -0.17352788 0.00000000
v -0.10956018 -0.17335793 0.00200000
v -0.09620208 -0.17379792 0.00000000
v -0.10879792 -0.17379792 0.00000000
v -0.10914989 -0.17352788 0.00200000
v -0.09647212 -0.17414989 0.00000000
v -0.10852788 -0.17414989 0.00000000
v -0.10879792 -0.17379792 0.00200000
v -0.09664207 -0.17456017 0.00000000
v -0.10852788 -0.17414989 0.00200000
v 0.08635793 -0.17543982 0.00000000
v -0.09335793 -0.17543982 0.00000000
v -0.09330000 -0.17500000 0.00000000
v -0.09330000 -0.17500000 0.00200000
v 0.08630000 -0.17500000 0.00000000
v -0.09335793 -0.17456017 0.00000000
v -0.09335793 -0.17456017 0.00200000
v 0.08652788 -0.17585011 0.00000000
v -0.09352788 -0.17585011 0.00000000
v -0.09335793 -0.17543982 0.00200000
v 0.08679792 -0.17620209 0.00000000
v -0.09379792 -0.17620209 0.00000000
v -0.09352788 -0.17585011 0.00200000
v 0.08714989 -0.17647213 0.00000000
v -0.09414989 -0.17647213 0.00000000
v -0.09379792 -0.17620209 0.00200000
v 0.08756018 -0.17664208 0.00000000
v -0.09456018 -0.17664208 0.00000000
v -0.09414989 -0.17647213 0.00200000
v -0.09456018 -0.17664208 0.00200000
v -0.09500000 -0.17670000 0.00200000
v -0.09543983 -0.17664208 0.00200000
v -0.09585012 -0.17647213 0.00200000
v -0.09620208 -0.17620209 0.00200000
v -0.09647212 -0.17585011 0.00200000
v -0.09664207 -0.17543982 0.00200000
v -0.09670000 -0.17500000 0.00200000
v -0.09664207 -0.17456017 0.00200000
v -0.09647212 -0.17414989 0.00200000
v -0.09620208 -0.17379792 0.00200000
v -0.09585012 -0.17352788 0.00200000
v -0.09543983 -0.17335793 0.00200000
v 0.08756018 -0.17335793 0.00000000
v -0.09456018 -0.17335793 0.00000000
v -0.09500000 -0.17330000 0.00200000
v 0.08714989 -0.17352788 0.00000000
v -0.09414989 -0.17352788 0.00000000
v -0.09456018 -0.17335793 0.00200000
v 0.08679792 -0.17379792 0.00000000
v -0.09379792 -0.17379792 0.00000000
v -0.09414989 -0.17352788 0.00200000
v 0.08652788 -0.17414989 0.00000000
v -0.09352788 -0.17414989 0.00000000
v -0.09379792 -0.17379792 0.00200000
v 0.08635793 -0.17456017 0.00000000
v -0.09352788 -0.17414989 0.00200000
v 0.10135793 -0.15043983 0.00000000
v 0.08964207 -0.15043983 0.00000000
v 0.08970000 -0.15000001 0.00000000
v 0.08970000 -0.15000001 0.00200000
v 0.10130000 -0.15000001 0.00000000
v 0.08964207 -0.14956017 0.00000000
v 0.08964207 -0.14956017 0.00200000
v 0.10152788 -0.15085012 0.00000000
v 0.08947212 -0.15085012 0.00000000
v 0.08964207 -0.15043983 0.00200000
v 0.10179792 -0.15120208 0.00000000
v 0.08920208 -0.15120208 0.00000000
v 0.08947212 -0.15085012 0.00200000
v 0.10214989 -0.15147212 0.00000000
v 0.08885012 -0.15147212 0.00000000
v 0.08920208 -0.15120208 0.00200000
v 0.10256017 -0.15164207 0.00000000
v 0.08843983 -0.15164207 0.00000000
v 0.08885012 -0.15147212 0.00200000
v 0.08843983 -0.15164207 0.00200000
v 0.08800000 -0.15170000 0.00200000
v 0.10343982 -0.17335793 0.00000000
v 0.08756018 -0.15164207 0.00200000
v 0.08714989 -0.15147212 0.00200000
v 0.08679792 -0.15120208 0.00200000
v 0.08652788 -0.15085012 0.00200000
v 0.08635793 -0.15043983 0.00200000
v 0.08630000 -0.15000001 0.00200000
v 0.08635793 -0.14956017 0.00200000
v 0.08652788 -0.14914988 0.00200000
v 0.08679792 -0.14879791 0.00200000
v 0.08714989 -0.14852788 0.00200000
v 0.08756018 -0.14835793 0.00200000
v 0.10256017 -0.14835793 0.00000000
v 0.08843983 -0.14835793 0.00000000
v 0.08800000 -0.14830001 0.00200000
v 0.10214989 -0.14852788 0.00000000
v 0.08885012 -0.14852788 0.00000000
v 0.08843983 -0.14835793 0.00200000
v 0.10179792 -0.14879791 0.00000000
v 0.08920208 -0.14879791 0.00000000
v 0.08885012 -0.14852788 0.00200000
v 0.10152788 -0.14914988 0.00000000
v 0.08947212 -0.14914988 0.00000000
v 0.08920208 -0.14879791 0.00200000
v 0.10135793 -0.14956017 0.00000000
v 0.08947212 -0.14914988 0.00200000
v 0.10470000 -0.15000001 0.00200000
v 0.10464207 -0.14956017 0.00200000
v 0.10464207 -0.15043983 0.00200000
v 0.10447212 -0.15085012 0.00200000
v 0.10420208 -0.15120208 0.00200000
v 0.10385011 -0.15147212 0.00200000
v 0.10343982 -0.15164207 0.00200000
v 0.10300000 -0.15170000 0.00200000
v 0.10256017 -0.15164207 0.00200000
v 0.10214989 -0.15147212 0.00200000
v 0.10179792 -0.15120208 0.00200000
v 0.10152788 -0.15085012 0.00200000
v 0.10135793 -0.15043983 0.00200000
v 0.10130000 -0.15000001 0.00200000
v 0.10135793 -0.14956017 0.00200000
v 0.10152788 -0.14914988 0.00200000
v 0.10179792 -0.14879791 0.00200000
v 0.10214989 -0.14852788 0.00200000
v 0.10256017 -0.14835793 0.00200000
v 0.10300000 -0.14830001 0.00200000
v 0.10343982 -0.14835793 0.00200000
v 0.10385011 -0.14852788 0.00200000
v 0.10420208 -0.14879791 0.00200000
v 0.10447212 -0.14914988 0.00200000
v 0.10135793 -0.17543982 0.00000000
v 0.08964207 -0.17543982 0.00000000
v 0.08970000 -0.17500000 0.00000000
v 0.08970000 -0.17500000 0.00200000
v 0.10130000 -0.17500000 0.00000000
v 0.08964207 -0.17456017 0.00000000
v 0.08964207 -0.17456017 0.00200000
v 0.10152788 -0.17585011 0.00000000
v 0.08947212 -0.17585011 0.00000000
v 0.08964207 -0.17543982 0.00200000
v 0.10179792 -0.17620209 0.00000000
v 0.08920208 -0.17620209 0.00000000
v 0.08947212 -0.17585011 0.00200000
v 0.10214989 -0.17647213 0.00000000
v 0.08885012 -0.17647213 0.00000000
v 0.08920208 -0.17620209 0.00200000
v 0.10256017 -0.17664208 0.00000000
v 0.08843983 -0.17664208 0.00000000
v 0.08885012 -0.17647213 0.00200000
v 0.08843983 -0.17664208 0.00200000
v 0.08800000 -0.17670000 0.00200000
v 0.08756018 -0.17664208 0.00200000
v 0.08714989 -0.17647213 0.00200000
v 0.08679792 -0.17620209 0.00200000
v 0.08652788 -0.17585011 0.00200000
v 0.08635793 -0.17543982 0.00200000
v 0.08630000 -0.17500000 0.00200000
v 0.08635793 -0.17456017 0.00200000
v 0.08652788 -0.17414989 0.00200000
v 0.08679792 -0.17379792 0.00200000
v 0.08714989 -0.17352788 0.00200000
v 0.08756018 -0.17335793 0.00200000
v 0.10256017 -0.17335793 0.00000000
v 0.08843983 -0.17335793 0.00000000
v 0.08800000 -0.17330000 0.00200000
v 0.10214989 -0.17352788 0.00000000
v 0.08885012 -0.17352788 0.00000000
v 0.08843983 -0.17335793 0.00200000
v 0.10179792 -0.17379792 0.00000000
v 0.08920208 -0.17379792 0.00000000
v 0.08885012 -0.17352788 0.00200000
v 0.10152788 -0.17414989 0.00000000
v 0.08947212 -0.17414989 0.00000000
v 0.08920208 -0.17379792 0.00200000
v 0.10135793 -0.17456017 0.00000000
v 0.08947212 -0.17414989 0.00200000
v 0.10470000 -0.17500000 0.00200000
v 0.10464207 -0.17456017 0.00200000
v 0.10464207 -0.17543982 0.00200000
v 0.10447212 -0.17585011 0.00200000
v 0.10420208 -0.17620209 0.00200000
v 0.10385011 -0.17647213 0.00200000
v 0.10343982 -0.17664208 0.00200000
v 0.10300000 -0.17670000 0.00200000
v 0.10256017 -0.17664208 0.00200000
v 0.10214989 -0.17647213 0.00200000
v 0.10179792 -0.17620209 0.00200000
v 0.10152788 -0.17585011 0.00200000
v 0.10135793 -0.17543982 0.00200000
v 0.10130000 -0.17500000 0.00200000
v 0.10135793 -0.17456017 0.00200000
v 0.10152788 -0.17414989 0.00200000
v 0.10179792 -0.17379792 0.00200000
v 0.10214989 -0.17352788 0.00200000
v 0.10256017 -0.17335793 0.00200000
v 0.10300000 -0.17330000 0.00200000
v 0.10343982 -0.17335793 0.00200000
v 0.10385011 -0.17352788 0.00200000
v 0.10420208 -0.17379792 0.00200000
v 0.10447212 -0.17414989 0.00200000
v -0.25999999 0.25400001 0.00200000
v -0.25990885 0.25504160 0.00000000
v -0.25990885 0.25504160 0.00200000
v 0.25990885 -0.25504160 0.00000000
v -0.25990885 -0.25504160 0.00000000
v -0.25999999 -0.25400001 0.00200000
v 0.25963813 -0.25605202 0.00000000
v -0.25963813 -0.25605202 0.00000000
v -0.25990885 -0.25504160 0.00200000
v 0.25919601 -0.25700018 0.00000000
v -0.25919601 -0.25700018 0.00000000
v -0.25963813 -0.25605202 0.00200000
v 0.25859612 -0.25785691 0.00000000
v -0.25859612 -0.25785691 0.00000000
v -0.25919601 -0.25700018 0.00200000
v 0.25785691 -0.25859612 0.00000000
v -0.25785691 -0.25859612 0.00000000
v -0.25859612 -0.25785691 0.00200000
v 0.25700018 -0.25919601 0.00000000
v -0.25700018 -0.25919601 0.00000000
v -0.25785691 -0.25859612 0.00200000
v 0.25605202 -0.25963813 0.00000000
v -0.25605202 -0.25963813 0.00000000
v -0.25700018 -0.25919601 0.00200000
v 0.25504160 -0.25990885 0.00000000
v -0.25504160 -0.25990885 0.00000000
v -0.25605202 -0.25963813 0.00200000
v 0.25400001 -0.25999999 0.00000000
v -0.25400001 -0.25999999 0.00000000
v -0.25504160 -0.25990885 0.00200000
v -0.25400001 -0.25999999 0.00200000
v 0.25400001 -0.25999999 0.00200000
v 0.25504160 -0.25990885 0.00200000
v 0.25605202 -0.25963813 0.00200000
v 0.25700018 -0.25919601 0.00200000
v 0.25785691 -0.25859612 0.00200000
v 0.25859612 -0.25785691 0.00200000
v 0.25919601 -0.25700018 0.00200000
v 0.25963813 -0.25605202 0.00200000
v 0.25990885 -0.25504160 0.00200000
v 0.25999999 -0.25400001 0.00200000
v 0.25990885 0.25504160 0.00000000
v 0.25999999 0.25400001 0.00200000
v -0.25963813 0.25605202 0.00000000
v 0.25963813 0.25605202 0.00000000
v 0.25990885 0.25504160 0.00200000
v -0.25919601 0.25700018 0.00000000
v 0.25919601 0.25700018 0.00000000
v 0.25963813 0.25605202 0.00200000
v -0.25859612 0.25785691 0.00000000
v 0.25859612 0.25785691 0.00000000
v 0.25919601 0.25700018 0.00200000
v -0.25785691 0.25859612 0.00000000
v 0.25785691 0.25859612 0.00000000
v 0.25859612 0.25785691 0.00200000
v -0.25700018 0.25919601 0.00000000
v 0.25700018 0.25919601 0.00000000
v 0.25785691 0.25859612 0.00200000
v -0.25605202 0.25963813 0.00000000
v 0.25605202 0.25963813 0.00000000
v 0.25700018 0.25919601 0.00200000
v -0.25504160 0.25990885 0.00000000
v 0.25504160 0.25990885 0.00000000
v 0.25605202 0.25963813 0.00200000
v -0.25400001 0.25999999 0.00000000
v 0.25400001 0.25999999 0.00000000
v 0.25504160 0.25990885 0.00200000
v 0.25400001 0.25999999 0.00200000
v -0.25400001 0.25999999 0.00200000
v -0.25504160 0.25990885 0.00200000
v -0.25605202 0.25963813 0.00200000
v -0.25700018 0.25919601 0.00200000
v -0.25785691 0.25859612 0.00200000
v -0.25859612 0.25785691 0.00200000
v -0.25919601 0.25700018 0.00200000
v -0.25963813 0.25605202 0.00200000
f 1 2 3
f 4 3 2
f 5 3 6
f 7 6 3
f 8 1 3
f 9 3 5
f 10 11 3
f 12 3 11
f 13 10 3
f 14 13 3
f 15 14 3
f 9 15 3
f 16 17 3
f 18 3 17
f 19 16 3
f 20 19 3
f 21 20 3
f 22 21 3
f 12 22 3
f 18 8 3
f 7 3 4
f 23 24 2
f 25 2 24
f 26 2 1
f 23 2 26
f 4 2 25
f 27 28 24
f 29 24 28
f 30 24 23
f 31 32 24
f 33 24 32
f 34 31 24
f 35 34 24
f 36 35 24
f 37 36 24
f 30 37 24
f 38 27 24
f 33 38 24
f 25 24 29
f 39 40 28
f 41 28 40
f 39 28 42
f 43 42 28
f 44 43 28
f 27 44 28
f 29 28 41
f 39 45 40
f 46 40 45
f 41 40 46
f 39 47 45
f 48 45 47
f 46 45 48
f 39 49 47
f 50 47 49
f 48 47 50
f 39 51 49
f 52 49 51
f 50 49 52
f 39 53 51
f 54 51 53
f 52 51 54
f 39 55 53
f 56 53 55
f 54 53 56
f 57 58 55
f 59 55 58
f 57 55 39
f 56 55 59
f 57 60 58
f 61 58 60
f 59 58 61
f 57 62 60
f 63 60 62
f 61 60 63
f 57 64 62
f 65 62 64
f 63 62 65
f 57 66 64
f 67 64 66
f 67 65 64
f 57 68 66
f 69 66 68
f 67 66 69
f 57 70 68
f 71 68 70
f 69 68 71
f 57 72 70
f 73 70 72
f 71 70 73
f 57 74 72
f 75 72 74
f 73 72 75
f 57 76 74
f 77 74 76
f 75 74 77
f 57 78 76
f 79 76 78
f 77 76 79
f 57 80 78
f 81 78 80
f 79 78 81
f 57 82 80
f 83 80 82
f 81 80 83
f 57 84 82
f 85 82 84
f 83 82 85
f 57 86 84
f 87 84 86
f 85 84 87
f 88 89 86
f 90 86 89
f 91 92 86
f 93 86 92
f 57 91 86
f 94 88 86
f 93 94 86
f 87 86 90
f 95 96 89
f 97 89 96
f 95 89 98
f 99 98 89
f 100 99 89
f 88 100 89
f 90 89 97
f 95 101 96
f 102 96 101
f 97 96 102
f 103 104 101
f 105 101 104
f 95 103 101
f 102 101 105
f 106 107 104
f 108 104 107
f 109 106 104
f 103 109 104
f 105 104 108
f 110 111 107
f 112 107 111
f 113 110 107
f 114 113 107
f 106 114 107
f 108 107 112
f 115 116 111
f 117 111 116
f 110 115 111
f 112 111 117
f 115 118 116
f 119 116 118
f 117 116 119
f 115 120 118
f 121 118 120
f 119 118 121
f 122 123 120
f 124 120 123
f 115 125 120
f 126 120 125
f 126 127 120
f 128 120 127
f 129 122 120
f 130 129 120
f 131 130 120
f 128 131 120
f 121 120 124
f 132 133 123
f 134 123 133
f 135 132 123
f 136 135 123
f 122 136 123
f 124 123 134
f 137 138 133
f 139 133 138
f 140 141 133
f 137 133 141
f 132 140 133
f 134 133 139
f 142 143 138
f 144 138 143
f 145 142 138
f 146 145 138
f 147 146 138
f 137 147 138
f 139 138 144
f 148 149 143
f 150 143 149
f 151 152 143
f 148 143 152
f 153 151 143
f 154 153 143
f 155 154 143
f 156 155 143
f 157 156 143
f 158 157 143
f 159 158 143
f 160 161 143
f 162 143 161
f 163 160 143
f 164 165 143
f 166 143 165
f 167 164 143
f 168 167 143
f 169 168 143
f 170 169 143
f 171 170 143
f 162 171 143
f 172 143 166
f 173 174 143
f 175 143 174
f 176 173 143
f 177 176 143
f 178 177 143
f 179 178 143
f 180 179 143
f 181 180 143
f 182 181 143
f 183 163 143
f 175 183 143
f 184 185 143
f 186 143 185
f 187 184 143
f 188 187 143
f 189 188 143
f 190 189 143
f 191 190 143
f 192 191 143
f 193 192 143
f 194 195 143
f 196 143 195
f 197 194 143
f 186 197 143
f 198 193 143
f 199 198 143
f 200 201 143
f 202 143 201
f 172 200 143
f 202 159 143
f 203 204 143
f 205 143 204
f 206 203 143
f 207 206 143
f 196 207 143
f 208 182 143
f 209 208 143
f 210 209 143
f 205 210 143
f 211 199 143
f 212 211 143
f 142 212 143
f 144 143 150
f 213 214 149
f 215 149 214
f 216 217 149
f 218 149 217
f 219 216 149
f 148 219 149
f 220 149 218
f 220 213 149
f 150 149 215
f 221 222 214
f 223 214 222
f 213 221 214
f 215 214 223
f 224 225 222
f 226 222 225
f 227 224 222
f 221 227 222
f 223 222 226
f 228 229 225
f 230 225 229
f 231 228 225
f 232 231 225
f 233 232 225
f 234 233 225
f 235 234 225
f 236 235 225
f 224 236 225
f 226 225 230
f 237 238 229
f 239 229 238
f 240 241 229
f 242 229 241
f 228 240 229
f 243 237 229
f 244 243 229
f 245 244 229
f 246 245 229
f 242 246 229
f 230 229 239
f 247 248 238
f 249 238 248
f 237 247 238
f 239 238 249
f 247 250 248
f 251 248 250
f 249 248 251
f 247 252 250
f 253 250 252
f 251 250 253
f 247 254 252
f 255 252 254
f 253 252 255
f 256 257 254
f 258 254 257
f 259 256 254
f 260 259 254
f 261 260 254
f 262 261 254
f 263 262 254
f 247 263 254
f 255 254 258
f 264 265 257
f 266 257 265
f 256 264 257
f 258 257 266
f 267 6 265
f 268 265 6
f 264 267 265
f 266 265 268
f 267 5 6
f 268 6 7
f 269 270 271
f 272 271 270
f 273 271 274
f 275 274 271
f 273 269 271
f 275 271 272
f 276 277 270
f 278 270 277
f 269 276 270
f 278 272 270
f 279 280 277
f 281 277 280
f 276 279 277
f 278 277 281
f 282 283 280
f 284 280 283
f 279 282 280
f 281 280 284
f 285 286 283
f 287 283 286
f 282 285 283
f 284 283 287
f 288 289 286
f 290 286 289
f 285 288 286
f 287 286 290
f 291 292 289
f 293 289 292
f 288 291 289
f 290 289 293
f 39 42 292
f 294 292 42
f 291 39 292
f 293 292 294
f 295 296 42
f 297 42 296
f 43 298 42
f 295 42 298
f 294 42 297
f 295 299 296
f 300 296 299
f 297 296 300
f 295 301 299
f 302 299 301
f 300 299 302
f 295 303 301
f 304 301 303
f 302 301 304
f 305 306 303
f 307 303 306
f 305 303 295
f 304 303 307
f 305 308 306
f 309 306 308
f 307 306 309
f 305 310 308
f 311 308 310
f 309 308 311
f 305 312 310
f 313 310 312
f 311 310 313
f 305 314 312
f 315 312 314
f 313 312 315
f 305 316 314
f 317 314 316
f 315 314 317
f 305 318 316
f 319 316 318
f 317 316 319
f 305 320 318
f 321 318 320
f 319 318 321
f 305 322 320
f 323 320 322
f 321 320 323
f 305 324 322
f 325 322 324
f 323 322 325
f 305 326 324
f 327 324 326
f 325 324 327
f 305 328 326
f 329 326 328
f 327 326 329
f 330 331 328
f 332 328 331
f 333 330 328
f 305 333 328
f 329 328 332
f 334 335 331
f 336 331 335
f 330 334 331
f 332 331 336
f 337 338 335
f 339 335 338
f 334 337 335
f 336 335 339
f 340 341 338
f 342 338 341
f 337 340 338
f 339 338 342
f 343 344 341
f 345 341 344
f 340 343 341
f 342 341 345
f 346 347 344
f 348 344 347
f 343 346 344
f 345 344 348
f 349 274 347
f 350 347 274
f 346 349 347
f 348 347 350
f 349 273 274
f 350 274 275
f 57 351 352
f 353 352 351
f 354 352 355
f 356 355 352
f 354 57 352
f 356 352 353
f 57 357 351
f 358 351 357
f 358 353 351
f 57 359 357
f 360 357 359
f 358 357 360
f 57 361 359
f 362 359 361
f 360 359 362
f 57 363 361
f 364 361 363
f 362 361 364
f 57 365 363
f 366 363 365
f 364 363 366
f 57 367 365
f 368 365 367
f 366 365 368
f 57 39 367
f 369 367 39
f 368 367 369
f 370 39 291
f 369 39 370
f 371 291 288
f 370 291 371
f 372 288 285
f 371 288 372
f 373 285 282
f 372 285 373
f 374 282 279
f 373 282 374
f 375 279 276
f 374 279 375
f 376 276 269
f 375 276 376
f 377 269 273
f 376 269 377
f 378 273 349
f 377 273 378
f 379 349 346
f 378 349 379
f 380 346 343
f 379 346 380
f 381 343 340
f 380 343 381
f 382 340 337
f 381 340 382
f 383 337 334
f 382 337 383
f 384 334 330
f 383 334 384
f 385 330 333
f 384 330 385
f 354 386 333
f 387 333 386
f 354 333 305
f 385 333 387
f 354 388 386
f 389 386 388
f 387 386 389
f 354 390 388
f 391 388 390
f 389 388 391
f 354 392 390
f 393 390 392
f 391 390 393
f 354 394 392
f 395 392 394
f 393 392 395
f 354 396 394
f 397 394 396
f 395 394 397
f 354 355 396
f 398 396 355
f 397 396 398
f 398 355 356
f 57 399 400
f 401 400 399
f 57 400 402
f 403 402 400
f 403 400 401
f 57 404 399
f 405 399 404
f 405 401 399
f 57 406 404
f 407 404 406
f 405 404 407
f 57 408 406
f 409 406 408
f 407 406 409
f 57 410 408
f 411 408 410
f 409 408 411
f 57 412 410
f 413 410 412
f 411 410 413
f 57 414 412
f 415 412 414
f 413 412 415
f 57 416 414
f 417 414 416
f 415 414 417
f 418 419 416
f 420 416 419
f 421 418 416
f 57 421 416
f 417 416 420
f 422 423 419
f 424 419 423
f 418 422 419
f 420 419 424
f 425 426 423
f 427 423 426
f 422 425 423
f 424 423 427
f 428 429 426
f 430 426 429
f 425 428 426
f 427 426 430
f 431 432 429
f 433 429 432
f 428 431 429
f 430 429 433
f 434 435 432
f 436 432 435
f 431 434 432
f 433 432 436
f 437 438 435
f 439 435 438
f 434 437 435
f 436 435 439
f 440 441 438
f 442 438 441
f 437 440 438
f 439 438 442
f 443 444 441
f 445 441 444
f 443 441 440
f 442 441 445
f 446 447 444
f 448 444 447
f 443 446 444
f 445 444 448
f 449 450 447
f 451 447 450
f 446 449 447
f 448 447 451
f 452 453 450
f 454 450 453
f 449 452 450
f 451 450 454
f 455 456 453
f 457 453 456
f 452 455 453
f 454 453 457
f 458 459 456
f 460 456 459
f 455 458 456
f 457 456 460
f 461 462 459
f 463 459 462
f 458 461 459
f 460 459 463
f 464 465 462
f 466 462 465
f 461 464 462
f 463 462 466
f 467 468 465
f 469 465 468
f 470 465 464
f 470 467 465
f 466 465 469
f 471 472 468
f 473 468 472
f 474 468 467
f 471 468 474
f 469 468 473
f 475 92 472
f 476 472 92
f 477 475 472
f 478 472 471
f 479 480 472
f 481 472 480
f 482 479 472
f 483 482 472
f 484 483 472
f 485 484 472
f 478 485 472
f 486 477 472
f 487 486 472
f 481 487 472
f 473 472 476
f 488 92 91
f 489 92 475
f 490 491 92
f 492 92 491
f 493 490 92
f 494 493 92
f 495 494 92
f 496 495 92
f 489 496 92
f 497 93 92
f 498 497 92
f 492 498 92
f 476 92 488
f 57 499 91
f 500 91 499
f 488 91 500
f 57 501 499
f 502 499 501
f 500 499 502
f 57 402 501
f 503 501 402
f 502 501 503
f 503 402 403
f 504 440 437
f 505 443 440
f 505 440 504
f 506 437 434
f 506 504 437
f 507 434 431
f 506 434 507
f 508 431 428
f 507 431 508
f 509 428 425
f 508 428 509
f 510 425 422
f 509 425 510
f 511 422 418
f 510 422 511
f 512 418 421
f 511 418 512
f 513 514 421
f 515 421 514
f 57 513 421
f 512 421 515
f 513 516 514
f 517 514 516
f 515 514 517
f 513 518 516
f 519 516 518
f 517 516 519
f 513 520 518
f 521 518 520
f 519 518 521
f 513 522 520
f 523 520 522
f 521 520 523
f 513 524 522
f 525 522 524
f 523 522 525
f 513 526 524
f 527 524 526
f 525 524 527
f 513 528 526
f 529 526 528
f 527 526 529
f 305 530 528
f 531 528 530
f 513 305 528
f 529 528 531
f 305 532 530
f 533 530 532
f 531 530 533
f 305 534 532
f 535 532 534
f 533 532 535
f 305 536 534
f 537 534 536
f 535 534 537
f 305 538 536
f 539 536 538
f 537 536 539
f 305 540 538
f 541 538 540
f 539 538 541
f 305 542 540
f 543 540 542
f 541 540 543
f 305 464 542
f 544 542 464
f 543 542 544
f 545 464 461
f 546 547 464
f 548 464 547
f 305 546 464
f 548 549 464
f 550 464 549
f 551 552 464
f 553 464 552
f 550 551 464
f 553 470 464
f 544 464 545
f 554 461 458
f 545 461 554
f 555 458 455
f 554 458 555
f 556 455 452
f 555 455 556
f 557 452 449
f 556 452 557
f 558 449 446
f 557 449 558
f 559 446 443
f 558 446 559
f 559 443 505
f 560 561 562
f 563 562 561
f 564 562 565
f 566 565 562
f 564 560 562
f 566 562 563
f 567 568 561
f 569 561 568
f 560 567 561
f 569 563 561
f 570 571 568
f 572 568 571
f 567 570 568
f 569 568 572
f 573 574 571
f 575 571 574
f 570 573 571
f 572 571 575
f 576 577 574
f 578 574 577
f 573 576 574
f 575 574 578
f 26 1 577
f 579 577 1
f 576 26 577
f 578 577 579
f 580 581 1
f 582 1 581
f 8 580 1
f 579 1 582
f 580 583 581
f 584 581 583
f 582 581 584
f 580 585 583
f 586 583 585
f 584 583 586
f 580 587 585
f 588 585 587
f 586 585 588
f 580 589 587
f 590 587 589
f 588 587 590
f 580 591 589
f 592 589 591
f 590 589 592
f 580 593 591
f 594 591 593
f 592 591 594
f 595 596 593
f 597 593 596
f 580 595 593
f 594 593 597
f 595 598 596
f 599 596 598
f 597 596 599
f 595 600 598
f 601 598 600
f 599 598 601
f 595 602 600
f 603 600 602
f 601 600 603
f 595 604 602
f 605 602 604
f 603 602 605
f 606 607 604
f 608 604 607
f 609 606 604
f 595 609 604
f 605 604 608
f 610 611 607
f 612 607 611
f 606 610 607
f 608 607 612
f 613 614 611
f 615 611 614
f 610 613 611
f 612 611 615
f 616 617 614
f 618 614 617
f 613 616 614
f 615 614 618
f 619 565 617
f 620 617 565
f 616 619 617
f 618 617 620
f 619 564 565
f 620 565 566
f 621 622 623
f 624 623 622
f 625 623 626
f 627 626 623
f 625 621 623
f 627 623 624
f 628 629 622
f 630 622 629
f 621 628 622
f 630 624 622
f 631 632 629
f 633 629 632
f 628 631 629
f 630 629 633
f 634 635 632
f 636 632 635
f 631 634 632
f 633 632 636
f 637 638 635
f 639 635 638
f 634 637 635
f 636 635 639
f 23 26 638
f 640 638 26
f 637 23 638
f 639 638 640
f 641 26 576
f 640 26 641
f 642 576 573
f 641 576 642
f 643 573 570
f 642 573 643
f 644 570 567
f 643 570 644
f 645 567 560
f 644 567 645
f 646 560 564
f 645 560 646
f 647 564 619
f 646 564 647
f 648 619 616
f 647 619 648
f 649 616 613
f 648 616 649
f 650 613 610
f 649 613 650
f 651 610 606
f 650 610 651
f 652 606 609
f 651 606 652
f 653 654 609
f 655 609 654
f 656 653 609
f 595 656 609
f 652 609 655
f 657 658 654
f 659 654 658
f 653 657 654
f 655 654 659
f 660 661 658
f 662 658 661
f 657 660 658
f 659 658 662
f 663 664 661
f 665 661 664
f 660 663 661
f 662 661 665
f 666 626 664
f 667 664 626
f 663 666 664
f 665 664 667
f 666 625 626
f 667 626 627
f 668 669 670
f 671 670 669
f 672 670 673
f 674 673 670
f 672 668 670
f 674 670 671
f 675 676 669
f 677 669 676
f 668 675 669
f 677 671 669
f 678 679 676
f 680 676 679
f 675 678 676
f 677 676 680
f 681 682 679
f 683 679 682
f 678 681 679
f 680 679 683
f 684 685 682
f 686 682 685
f 681 684 682
f 683 682 686
f 30 23 685
f 687 685 23
f 684 30 685
f 686 685 687
f 688 23 637
f 687 23 688
f 689 637 634
f 688 637 689
f 690 634 631
f 689 634 690
f 691 631 628
f 690 631 691
f 692 628 621
f 691 628 692
f 693 621 625
f 692 621 693
f 694 625 666
f 693 625 694
f 695 666 663
f 694 666 695
f 696 663 660
f 695 663 696
f 697 660 657
f 696 660 697
f 698 657 653
f 697 657 698
f 699 653 656
f 698 653 699
f 700 701 656
f 702 656 701
f 298 700 656
f 656 595 703
f 699 656 702
f 704 705 701
f 706 701 705
f 700 704 701
f 702 701 706
f 707 708 705
f 709 705 708
f 704 707 705
f 706 705 709
f 710 711 708
f 712 708 711
f 707 710 708
f 709 708 712
f 713 673 711
f 714 711 673
f 710 713 711
f 712 711 714
f 713 672 673
f 714 673 674
f 715 32 31
f 716 33 32
f 716 32 715
f 717 31 34
f 717 715 31
f 718 34 35
f 717 34 718
f 719 35 36
f 718 35 719
f 720 36 37
f 719 36 720
f 721 37 30
f 720 37 721
f 722 30 684
f 721 30 722
f 723 684 681
f 722 684 723
f 724 681 678
f 723 681 724
f 725 678 675
f 724 678 725
f 726 675 668
f 725 675 726
f 727 668 672
f 726 668 727
f 728 672 713
f 727 672 728
f 729 713 710
f 728 713 729
f 730 710 707
f 729 710 730
f 731 707 704
f 730 707 731
f 732 704 700
f 731 704 732
f 733 700 298
f 732 700 733
f 734 298 43
f 735 736 298
f 737 298 736
f 738 735 298
f 739 738 298
f 740 739 298
f 741 740 298
f 742 741 298
f 743 742 298
f 744 743 298
f 745 295 298
f 746 745 298
f 747 746 298
f 748 747 298
f 737 748 298
f 703 744 298
f 703 298 656
f 733 298 734
f 749 43 44
f 734 43 749
f 750 44 27
f 749 44 750
f 751 27 38
f 750 27 751
f 752 38 33
f 751 38 752
f 752 33 716
f 753 754 755
f 756 755 754
f 757 755 758
f 759 758 755
f 757 760 755
f 753 755 760
f 759 755 756
f 761 762 754
f 763 754 762
f 753 761 754
f 763 756 754
f 764 765 762
f 766 762 765
f 761 764 762
f 763 762 766
f 767 768 765
f 769 765 768
f 764 767 765
f 766 765 769
f 767 770 768
f 771 768 770
f 769 768 771
f 767 772 770
f 773 770 772
f 771 770 773
f 774 775 772
f 776 772 775
f 767 774 772
f 773 772 776
f 777 778 775
f 779 775 778
f 774 777 775
f 776 775 779
f 780 781 778
f 782 778 781
f 777 780 778
f 779 778 782
f 780 783 781
f 784 781 783
f 782 781 784
f 785 786 783
f 787 783 786
f 780 785 783
f 784 783 787
f 305 788 786
f 789 786 788
f 785 790 786
f 305 786 790
f 787 786 789
f 305 791 788
f 792 788 791
f 789 788 792
f 305 793 791
f 794 791 793
f 792 791 794
f 305 795 793
f 796 793 795
f 794 793 796
f 305 797 795
f 798 795 797
f 796 795 798
f 305 799 797
f 800 797 799
f 798 797 800
f 305 801 799
f 802 799 801
f 800 799 802
f 305 803 801
f 804 801 803
f 802 801 804
f 305 805 803
f 806 803 805
f 804 803 806
f 807 808 805
f 809 805 808
f 810 807 805
f 305 810 805
f 806 805 809
f 811 812 808
f 813 808 812
f 807 811 808
f 809 808 813
f 814 815 812
f 816 812 815
f 811 814 812
f 813 812 816
f 817 818 815
f 819 815 818
f 814 817 815
f 816 815 819
f 820 758 818
f 821 818 758
f 817 820 818
f 819 818 821
f 820 757 758
f 821 758 759
f 822 736 735
f 823 737 736
f 823 736 822
f 824 735 738
f 824 822 735
f 825 738 739
f 824 738 825
f 826 739 740
f 825 739 826
f 827 740 741
f 826 740 827
f 828 741 742
f 827 741 828
f 829 742 743
f 828 742 829
f 830 831 743
f 832 743 831
f 744 830 743
f 829 743 832
f 833 834 831
f 835 831 834
f 830 833 831
f 832 831 835
f 833 836 834
f 837 834 836
f 835 834 837
f 833 838 836
f 839 836 838
f 837 836 839
f 840 760 838
f 841 838 760
f 833 840 838
f 839 838 841
f 842 760 757
f 840 753 760
f 841 760 842
f 843 757 820
f 842 757 843
f 844 820 817
f 843 820 844
f 845 817 814
f 844 817 845
f 846 814 811
f 845 814 846
f 847 811 807
f 846 811 847
f 848 807 810
f 847 807 848
f 305 295 810
f 849 810 295
f 848 810 849
f 850 295 745
f 849 295 850
f 851 745 746
f 850 745 851
f 852 746 747
f 851 746 852
f 853 747 748
f 852 747 853
f 854 748 737
f 853 748 854
f 854 737 823
f 855 5 267
f 856 9 5
f 856 5 855
f 857 267 264
f 857 855 267
f 858 264 256
f 857 264 858
f 859 256 259
f 858 256 859
f 860 259 260
f 859 259 860
f 861 260 261
f 860 260 861
f 862 261 262
f 861 261 862
f 863 864 262
f 865 262 864
f 263 863 262
f 862 262 865
f 866 867 864
f 868 864 867
f 863 866 864
f 865 864 868
f 869 870 867
f 871 867 870
f 866 869 867
f 868 867 871
f 872 873 870
f 874 870 873
f 869 872 870
f 871 870 874
f 875 876 873
f 877 873 876
f 872 875 873
f 874 873 877
f 878 879 876
f 880 876 879
f 875 878 876
f 877 876 880
f 881 882 879
f 883 879 882
f 884 879 878
f 881 879 884
f 880 879 883
f 885 886 882
f 887 882 886
f 881 885 882
f 883 882 887
f 888 889 886
f 890 886 889
f 885 888 886
f 887 886 890
f 891 892 889
f 893 889 892
f 888 891 889
f 890 889 893
f 891 894 892
f 895 892 894
f 893 892 895
f 891 896 894
f 897 894 896
f 895 894 897
f 12 11 896
f 898 896 11
f 891 12 896
f 897 896 898
f 899 11 10
f 898 11 899
f 900 10 13
f 899 10 900
f 901 13 14
f 900 13 901
f 902 14 15
f 901 14 902
f 903 15 9
f 902 15 903
f 903 9 856
f 904 878 875
f 905 884 878
f 905 878 904
f 906 875 872
f 906 904 875
f 907 872 869
f 906 872 907
f 908 869 866
f 907 869 908
f 909 866 863
f 908 866 909
f 910 863 263
f 909 863 910
f 911 263 247
f 910 263 911
f 237 912 247
f 913 247 912
f 911 247 913
f 237 914 912
f 915 912 914
f 913 912 915
f 237 916 914
f 917 914 916
f 915 914 917
f 237 918 916
f 919 916 918
f 917 916 919
f 237 920 918
f 921 918 920
f 919 918 921
f 305 922 920
f 923 920 922
f 305 920 237
f 921 920 923
f 305 924 922
f 925 922 924
f 923 922 925
f 305 926 924
f 927 924 926
f 925 924 927
f 305 928 926
f 929 926 928
f 927 926 929
f 305 930 928
f 931 928 930
f 929 928 931
f 305 932 930
f 933 930 932
f 931 930 933
f 305 934 932
f 935 932 934
f 933 932 935
f 305 936 934
f 937 934 936
f 935 934 937
f 938 939 936
f 940 936 939
f 941 938 936
f 942 941 936
f 943 942 936
f 944 943 936
f 945 944 936
f 305 945 936
f 937 936 940
f 946 947 939
f 948 939 947
f 938 946 939
f 940 939 948
f 946 949 947
f 950 947 949
f 948 947 950
f 946 951 949
f 952 949 951
f 950 949 952
f 953 884 951
f 954 951 884
f 946 953 951
f 952 951 954
f 953 881 884
f 954 884 905
f 955 241 240
f 956 242 241
f 956 241 955
f 957 240 228
f 957 955 240
f 958 228 231
f 957 228 958
f 959 231 232
f 958 231 959
f 960 232 233
f 959 232 960
f 961 233 234
f 960 233 961
f 962 234 235
f 961 234 962
f 963 964 235
f 965 235 964
f 236 963 235
f 962 235 965
f 966 967 964
f 968 964 967
f 963 966 964
f 965 964 968
f 966 969 967
f 970 967 969
f 968 967 970
f 966 971 969
f 972 969 971
f 970 969 972
f 973 974 971
f 975 971 974
f 966 973 971
f 972 971 975
f 976 977 974
f 978 974 977
f 979 976 974
f 973 979 974
f 975 974 978
f 980 981 977
f 982 977 981
f 980 977 976
f 978 977 982
f 983 984 981
f 985 981 984
f 980 983 981
f 982 981 985
f 986 987 984
f 988 984 987
f 983 986 984
f 985 984 988
f 989 990 987
f 991 987 990
f 986 989 987
f 988 987 991
f 992 993 990
f 994 990 993
f 989 992 990
f 991 990 994
f 995 996 993
f 997 993 996
f 992 995 993
f 994 993 997
f 305 237 996
f 998 996 237
f 305 996 995
f 997 996 998
f 999 237 243
f 998 237 999
f 1000 243 244
f 999 243 1000
f 1001 244 245
f 1000 244 1001
f 1002 245 246
f 1001 245 1002
f 1003 246 242
f 1002 246 1003
f 1003 242 956
f 979 1004 976
f 1005 976 1004
f 1006 980 976
f 1006 976 1005
f 1007 1008 1004
f 1009 1004 1008
f 979 1007 1004
f 1009 1005 1004
f 1010 1011 1008
f 1012 1008 1011
f 1007 1010 1008
f 1009 1008 1012
f 1013 1014 1011
f 1015 1011 1014
f 1010 1013 1011
f 1012 1011 1015
f 1013 1016 1014
f 1017 1014 1016
f 1015 1014 1017
f 1013 1018 1016
f 1019 1016 1018
f 1017 1016 1019
f 1020 1021 1018
f 1022 1018 1021
f 1013 1020 1018
f 1019 1018 1022
f 1023 1024 1021
f 1025 1021 1024
f 1020 1023 1021
f 1022 1021 1025
f 1026 1027 1024
f 1028 1024 1027
f 1023 1026 1024
f 1025 1024 1028
f 1026 1029 1027
f 1030 1027 1029
f 1028 1027 1030
f 1031 1032 1029
f 1033 1029 1032
f 1026 1031 1029
f 1030 1029 1033
f 1034 1035 1032
f 1036 1032 1035
f 1031 1034 1032
f 1033 1032 1036
f 1037 1038 1035
f 1039 1035 1038
f 1040 1037 1035
f 1041 1040 1035
f 1042 1041 1035
f 1034 1042 1035
f 1036 1035 1039
f 305 1043 1038
f 1044 1038 1043
f 1037 1045 1038
f 305 1038 1045
f 1039 1038 1044
f 305 1046 1043
f 1047 1043 1046
f 1044 1043 1047
f 305 1048 1046
f 1049 1046 1048
f 1047 1046 1049
f 305 1050 1048
f 1051 1048 1050
f 1049 1048 1051
f 305 1052 1050
f 1053 1050 1052
f 1051 1050 1053
f 305 1054 1052
f 1055 1052 1054
f 1053 1052 1055
f 305 995 1054
f 1056 1054 995
f 1055 1054 1056
f 1057 995 992
f 1056 995 1057
f 1058 992 989
f 1057 992 1058
f 1059 989 986
f 1058 989 1059
f 1060 986 983
f 1059 986 1060
f 1061 983 980
f 1060 983 1061
f 1061 980 1006
f 1062 1063 1064
f 1065 1064 1063
f 1066 1064 1067
f 1068 1067 1064
f 1066 1062 1064
f 1068 1064 1065
f 1069 1070 1063
f 1071 1063 1070
f 1062 1069 1063
f 1071 1065 1063
f 1072 1073 1070
f 1074 1070 1073
f 1069 1072 1070
f 1071 1070 1074
f 1075 1076 1073
f 1077 1073 1076
f 1072 1075 1073
f 1074 1073 1077
f 1078 1079 1076
f 1080 1076 1079
f 1075 1078 1076
f 1077 1076 1080
f 1081 1082 1079
f 1083 1079 1082
f 1078 1081 1079
f 1080 1079 1083
f 1084 1085 1082
f 1086 1082 1085
f 1084 1082 1081
f 1083 1082 1086
f 1087 1088 1085
f 1089 1085 1088
f 1090 1091 1085
f 1087 1085 1091
f 1092 1090 1085
f 1093 1092 1085
f 1094 1093 1085
f 1095 1094 1085
f 1096 1095 1085
f 1097 1096 1085
f 1098 1097 1085
f 1099 1098 1085
f 1100 1099 1085
f 1101 1100 1085
f 1102 1101 1085
f 1103 1102 1085
f 1104 1103 1085
f 1084 1104 1085
f 1086 1085 1089
f 1105 1106 1088
f 1107 1088 1106
f 1108 1105 1088
f 1109 1108 1088
f 1110 1109 1088
f 1111 1110 1088
f 1087 1111 1088
f 1089 1088 1107
f 1112 1113 1106
f 1114 1106 1113
f 1115 1112 1106
f 1116 1115 1106
f 1117 1116 1106
f 1118 1117 1106
f 1119 1118 1106
f 1120 1119 1106
f 1105 1120 1106
f 1107 1106 1114
f 1121 1122 1113
f 1123 1113 1122
f 1124 1125 1113
f 1121 1113 1125
f 1126 1124 1113
f 1127 1126 1113
f 1128 1127 1113
f 1129 1128 1113
f 1130 1129 1113
f 1131 1130 1113
f 1132 1131 1113
f 1133 1132 1113
f 1112 1133 1113
f 1114 1113 1123
f 1134 1135 1122
f 1136 1122 1135
f 1137 1134 1122
f 1121 1137 1122
f 1123 1122 1136
f 1134 1138 1135
f 1139 1135 1138
f 1136 1135 1139
f 305 1140 1138
f 1141 1138 1140
f 305 1138 1134
f 1139 1138 1141
f 305 1142 1140
f 1143 1140 1142
f 1141 1140 1143
f 305 1144 1142
f 1145 1142 1144
f 1143 1142 1145
f 305 1146 1144
f 1147 1144 1146
f 1145 1144 1147
f 305 1148 1146
f 1149 1146 1148
f 1147 1146 1149
f 305 1045 1148
f 1150 1148 1045
f 1149 1148 1150
f 1151 1045 1037
f 1150 1045 1151
f 1152 1153 1037
f 1154 1037 1153
f 1155 1152 1037
f 1156 1155 1037
f 1157 1156 1037
f 1158 1157 1037
f 1159 1158 1037
f 1040 1159 1037
f 1151 1037 1154
f 1160 1161 1153
f 1162 1153 1161
f 1152 1160 1153
f 1154 1153 1162
f 1160 1163 1161
f 1164 1161 1163
f 1162 1161 1164
f 1160 1165 1163
f 1166 1163 1165
f 1164 1163 1166
f 1167 1067 1165
f 1168 1165 1067
f 1160 1167 1165
f 1166 1165 1168
f 1169 1066 1067
f 1167 1169 1067
f 1168 1067 1068
f 1084 1170 1171
f 1172 1171 1170
f 1084 1171 1173
f 1174 1173 1171
f 1174 1171 1172
f 1084 1175 1170
f 1176 1170 1175
f 1176 1172 1170
f 1084 1177 1175
f 1178 1175 1177
f 1176 1175 1178
f 1084 1179 1177
f 1180 1177 1179
f 1178 1177 1180
f 1084 1181 1179
f 1182 1179 1181
f 1180 1179 1182
f 1084 1183 1181
f 1184 1181 1183
f 1182 1181 1184
f 1084 1081 1183
f 1185 1183 1081
f 1184 1183 1185
f 1186 1081 1078
f 1185 1081 1186
f 1187 1078 1075
f 1186 1078 1187
f 1188 1075 1072
f 1187 1075 1188
f 1189 1072 1069
f 1188 1072 1189
f 1190 1069 1062
f 1189 1069 1190
f 1191 1062 1066
f 1190 1062 1191
f 1169 1192 1066
f 1193 1066 1192
f 1191 1066 1193
f 1194 1195 1192
f 1196 1192 1195
f 1169 1194 1192
f 1193 1192 1196
f 1197 1198 1195
f 1199 1195 1198
f 1194 1197 1195
f 1196 1195 1199
f 1200 1201 1198
f 1202 1198 1201
f 1197 1200 1198
f 1199 1198 1202
f 1200 1203 1201
f 1204 1201 1203
f 1202 1201 1204
f 1200 1205 1203
f 1206 1203 1205
f 1204 1203 1206
f 1207 1208 1205
f 1209 1205 1208
f 1200 1207 1205
f 1206 1205 1209
f 1084 1210 1208
f 1211 1208 1210
f 1212 1084 1208
f 1207 1212 1208
f 1209 1208 1211
f 1084 1213 1210
f 1214 1210 1213
f 1211 1210 1214
f 1084 1215 1213
f 1216 1213 1215
f 1214 1213 1216
f 1084 1217 1215
f 1218 1215 1217
f 1216 1215 1218
f 1084 1173 1217
f 1219 1217 1173
f 1218 1217 1219
f 1219 1173 1174
f 1220 1221 1222
f 1223 1222 1221
f 1224 1222 1225
f 1226 1225 1222
f 1224 1227 1222
f 1220 1222 1227
f 1226 1222 1223
f 1228 1229 1221
f 1230 1221 1229
f 1220 1228 1221
f 1230 1223 1221
f 1231 1232 1229
f 1233 1229 1232
f 1228 1231 1229
f 1230 1229 1233
f 1234 1235 1232
f 1236 1232 1235
f 1231 1234 1232
f 1233 1232 1236
f 1234 1237 1235
f 1238 1235 1237
f 1236 1235 1238
f 1234 1239 1237
f 1240 1237 1239
f 1238 1237 1240
f 1241 1091 1239
f 1242 1239 1091
f 1234 1241 1239
f 1240 1239 1242
f 1243 1091 1090
f 1241 1087 1091
f 1242 1091 1243
f 1244 1090 1092
f 1243 1090 1244
f 1245 1092 1093
f 1244 1092 1245
f 1246 1093 1094
f 1245 1093 1246
f 1247 1094 1095
f 1246 1094 1247
f 1248 1095 1096
f 1247 1095 1248
f 1249 1096 1097
f 1248 1096 1249
f 1250 1097 1098
f 1249 1097 1250
f 1251 1098 1099
f 1250 1098 1251
f 1252 1099 1100
f 1251 1099 1252
f 1253 1100 1101
f 1252 1100 1253
f 1254 1101 1102
f 1253 1101 1254
f 1255 1102 1103
f 1254 1102 1255
f 1256 1257 1103
f 1258 1103 1257
f 1104 1256 1103
f 1255 1103 1258
f 1259 1260 1257
f 1261 1257 1260
f 1256 1259 1257
f 1258 1257 1261
f 1262 1263 1260
f 1264 1260 1263
f 1259 1262 1260
f 1261 1260 1264
f 1265 1266 1263
f 1267 1263 1266
f 1262 1265 1263
f 1264 1263 1267
f 1268 1225 1266
f 1269 1266 1225
f 1265 1268 1266
f 1267 1266 1269
f 1268 1224 1225
f 1269 1225 1226
f 1270 152 151
f 1271 148 152
f 1271 152 1270
f 1272 151 153
f 1272 1270 151
f 1273 153 154
f 1272 153 1273
f 1274 154 155
f 1273 154 1274
f 1275 155 156
f 1274 155 1275
f 1276 156 157
f 1275 156 1276
f 1277 157 158
f 1276 157 1277
f 1278 1279 158
f 1280 158 1279
f 1281 1278 158
f 1282 1281 158
f 1283 1282 158
f 1284 1283 158
f 159 1284 158
f 1277 158 1280
f 1285 1286 1279
f 1287 1279 1286
f 1278 1285 1279
f 1280 1279 1287
f 1285 1288 1286
f 1289 1286 1288
f 1287 1286 1289
f 1285 1290 1288
f 1291 1288 1290
f 1289 1288 1291
f 1292 1227 1290
f 1293 1290 1227
f 1285 1292 1290
f 1291 1290 1293
f 1294 1227 1224
f 1292 1220 1227
f 1293 1227 1294
f 1295 1224 1268
f 1294 1224 1295
f 1296 1268 1265
f 1295 1268 1296
f 1297 1265 1262
f 1296 1265 1297
f 1298 1262 1259
f 1297 1262 1298
f 1299 1259 1256
f 1298 1259 1299
f 1300 1256 1104
f 1299 1256 1300
f 1301 1104 1084
f 1300 1104 1301
f 1212 1302 1084
f 1303 1084 1302
f 1301 1084 1303
f 218 217 1302
f 1304 1302 217
f 1305 218 1302
f 1306 1305 1302
f 1307 1306 1302
f 1308 1307 1302
f 1212 1308 1302
f 1303 1302 1304
f 1309 217 216
f 1304 217 1309
f 1310 216 219
f 1309 216 1310
f 1311 219 148
f 1310 219 1311
f 1311 148 1271
f 1312 1313 1314
f 1315 1314 1313
f 1316 1314 1317
f 1318 1317 1314
f 1316 1312 1314
f 1318 1314 1315
f 1319 1320 1313
f 1321 1313 1320
f 1312 1319 1313
f 1321 1315 1313
f 1322 1323 1320
f 1324 1320 1323
f 1319 1322 1320
f 1321 1320 1324
f 1325 1326 1323
f 1327 1323 1326
f 1322 1325 1323
f 1324 1323 1327
f 1328 1329 1326
f 1330 1326 1329
f 1325 1328 1326
f 1327 1326 1330
f 162 161 1329
f 1331 1329 161
f 1328 162 1329
f 1330 1329 1331
f 1332 161 160
f 1331 161 1332
f 1121 1333 160
f 1334 160 1333
f 1335 1121 160
f 1336 1335 160
f 163 1336 160
f 1332 160 1334
f 1121 1337 1333
f 1338 1333 1337
f 1334 1333 1338
f 1121 1125 1337
f 1339 1337 1125
f 1338 1337 1339
f 1340 1125 1124
f 1339 1125 1340
f 1341 1124 1126
f 1340 1124 1341
f 1342 1126 1127
f 1341 1126 1342
f 1343 1127 1128
f 1342 1127 1343
f 1344 1128 1129
f 1343 1128 1344
f 1345 1129 1130
f 1344 1129 1345
f 1346 1130 1131
f 1345 1130 1346
f 1347 1131 1132
f 1346 1131 1347
f 1348 1132 1133
f 1347 1132 1348
f 1349 1133 1112
f 1348 1133 1349
f 1350 1351 1112
f 1352 1112 1351
f 1115 1350 1112
f 1349 1112 1352
f 1353 1354 1351
f 1355 1351 1354
f 1350 1353 1351
f 1352 1351 1355
f 1353 1356 1354
f 1357 1354 1356
f 1355 1354 1357
f 1353 1358 1356
f 1359 1356 1358
f 1357 1356 1359
f 1360 1317 1358
f 1361 1358 1317
f 1353 1360 1358
f 1359 1358 1361
f 1362 1316 1317
f 1360 1362 1317
f 1361 1317 1318
f 1363 165 164
f 1364 166 165
f 1364 165 1363
f 1365 164 167
f 1365 1363 164
f 1366 167 168
f 1365 167 1366
f 1367 168 169
f 1366 168 1367
f 1368 169 170
f 1367 169 1368
f 1369 170 171
f 1368 170 1369
f 1370 171 162
f 1369 171 1370
f 1371 162 1328
f 1370 162 1371
f 1372 1328 1325
f 1371 1328 1372
f 1373 1325 1322
f 1372 1325 1373
f 1374 1322 1319
f 1373 1322 1374
f 1375 1319 1312
f 1374 1319 1375
f 1376 1312 1316
f 1375 1312 1376
f 1362 1377 1316
f 1378 1316 1377
f 1376 1316 1378
f 1379 1380 1377
f 1381 1377 1380
f 1362 1379 1377
f 1378 1377 1381
f 1382 1383 1380
f 1384 1380 1383
f 1379 1382 1380
f 1381 1380 1384
f 1385 1386 1383
f 1387 1383 1386
f 1382 1385 1383
f 1384 1383 1387
f 1385 1388 1386
f 1389 1386 1388
f 1387 1386 1389
f 1385 1390 1388
f 1391 1388 1390
f 1389 1388 1391
f 1392 1393 1390
f 1394 1390 1393
f 1385 1392 1390
f 1391 1390 1394
f 1395 1396 1393
f 1397 1393 1396
f 1392 1395 1393
f 1394 1393 1397
f 1398 1399 1396
f 1400 1396 1399
f 1395 1398 1396
f 1397 1396 1400
f 1398 1401 1399
f 1402 1399 1401
f 1400 1399 1402
f 1403 1404 1401
f 1405 1401 1404
f 1398 1403 1401
f 1402 1401 1405
f 172 166 1404
f 1406 1404 166
f 1403 172 1404
f 1405 1404 1406
f 1406 166 1364
f 1407 1408 1409
f 1410 1409 1408
f 1411 1409 1412
f 1413 1412 1409
f 1411 1414 1409
f 1407 1409 1414
f 1413 1409 1410
f 1415 1416 1408
f 1417 1408 1416
f 1407 1415 1408
f 1417 1410 1408
f 1418 1419 1416
f 1420 1416 1419
f 1415 1418 1416
f 1417 1416 1420
f 1421 1422 1419
f 1423 1419 1422
f 1418 1421 1419
f 1420 1419 1423
f 1421 1424 1422
f 1425 1422 1424
f 1423 1422 1425
f 1421 1426 1424
f 1427 1424 1426
f 1425 1424 1427
f 1428 1429 1426
f 1430 1426 1429
f 1421 1428 1426
f 1427 1426 1430
f 1431 1432 1429
f 1433 1429 1432
f 1428 1431 1429
f 1430 1429 1433
f 1434 1435 1432
f 1436 1432 1435
f 1431 1434 1432
f 1433 1432 1436
f 1434 1437 1435
f 1438 1435 1437
f 1436 1435 1438
f 1439 1440 1437
f 1441 1437 1440
f 1434 1439 1437
f 1438 1437 1441
f 1442 1443 1440
f 1444 1440 1443
f 1439 1442 1440
f 1441 1440 1444
f 1445 1446 1443
f 1447 1443 1446
f 1448 1445 1443
f 1449 1448 1443
f 1450 1449 1443
f 1442 1450 1443
f 1444 1443 1447
f 305 1451 1446
f 1452 1446 1451
f 1453 1454 1446
f 305 1446 1454
f 1445 1453 1446
f 1447 1446 1452
f 305 1455 1451
f 1456 1451 1455
f 1452 1451 1456
f 305 1457 1455
f 1458 1455 1457
f 1456 1455 1458
f 305 1459 1457
f 1460 1457 1459
f 1458 1457 1460
f 305 1461 1459
f 1462 1459 1461
f 1460 1459 1462
f 305 1463 1461
f 1464 1461 1463
f 1462 1461 1464
f 305 1134 1463
f 1465 1463 1134
f 1464 1463 1465
f 1466 1467 1134
f 1468 1134 1467
f 1137 1466 1134
f 1465 1134 1468
f 1469 1470 1467
f 1471 1467 1470
f 1466 1469 1467
f 1468 1467 1471
f 1472 1473 1470
f 1474 1470 1473
f 1469 1472 1470
f 1471 1470 1474
f 1475 1476 1473
f 1477 1473 1476
f 1472 1475 1473
f 1474 1473 1477
f 1478 1412 1476
f 1479 1476 1412
f 1475 1478 1476
f 1477 1476 1479
f 1478 1411 1412
f 1479 1412 1413
f 1480 174 173
f 1481 175 174
f 1481 174 1480
f 1482 173 176
f 1482 1480 173
f 1483 176 177
f 1482 176 1483
f 1484 177 178
f 1483 177 1484
f 1485 178 179
f 1484 178 1485
f 1486 179 180
f 1485 179 1486
f 1487 180 181
f 1486 180 1487
f 1488 1489 181
f 1490 181 1489
f 1491 1488 181
f 182 1491 181
f 1487 181 1490
f 1492 1493 1489
f 1494 1489 1493
f 1488 1492 1489
f 1490 1489 1494
f 1492 1495 1493
f 1496 1493 1495
f 1494 1493 1496
f 1492 1497 1495
f 1498 1495 1497
f 1496 1495 1498
f 1499 1414 1497
f 1500 1497 1414
f 1492 1499 1497
f 1498 1497 1500
f 1501 1414 1411
f 1499 1407 1414
f 1500 1414 1501
f 1502 1411 1478
f 1501 1411 1502
f 1503 1478 1475
f 1502 1478 1503
f 1504 1475 1472
f 1503 1475 1504
f 1505 1472 1469
f 1504 1472 1505
f 1506 1469 1466
f 1505 1469 1506
f 1507 1466 1137
f 1506 1466 1507
f 1508 1137 1121
f 1507 1137 1508
f 1509 1121 1335
f 1508 1121 1509
f 1510 1335 1336
f 1509 1335 1510
f 1511 1336 163
f 1510 1336 1511
f 1512 163 183
f 1511 163 1512
f 1513 183 175
f 1512 183 1513
f 1513 175 1481
f 1514 185 184
f 1515 186 185
f 1515 185 1514
f 1516 184 187
f 1516 1514 184
f 1517 187 188
f 1516 187 1517
f 1518 188 189
f 1517 188 1518
f 1519 189 190
f 1518 189 1519
f 1520 190 191
f 1519 190 1520
f 1521 191 192
f 1520 191 1521
f 1522 1523 192
f 1524 192 1523
f 193 1522 192
f 1521 192 1524
f 1525 1526 1523
f 1527 1523 1526
f 1522 1525 1523
f 1524 1523 1527
f 1528 1529 1526
f 1530 1526 1529
f 1525 1528 1526
f 1527 1526 1530
f 1531 1532 1529
f 1533 1529 1532
f 1528 1531 1529
f 1530 1529 1533
f 1534 1535 1532
f 1536 1532 1535
f 1531 1534 1532
f 1533 1532 1536
f 1537 1538 1535
f 1539 1535 1538
f 1534 1537 1535
f 1536 1535 1539
f 1540 1541 1538
f 1542 1538 1541
f 1543 1538 1537
f 1540 1538 1543
f 1539 1538 1542
f 1544 1545 1541
f 1546 1541 1545
f 1540 1544 1541
f 1542 1541 1546
f 1547 1548 1545
f 1549 1545 1548
f 1544 1547 1545
f 1546 1545 1549
f 1550 1551 1548
f 1552 1548 1551
f 1547 1550 1548
f 1549 1548 1552
f 1550 1553 1551
f 1554 1551 1553
f 1552 1551 1554
f 1550 1555 1553
f 1556 1553 1555
f 1554 1553 1556
f 1557 1558 1555
f 1559 1555 1558
f 1550 1557 1555
f 1556 1555 1559
f 1560 1561 1558
f 1562 1558 1561
f 1557 1560 1558
f 1559 1558 1562
f 196 195 1561
f 1563 1561 195
f 1560 196 1561
f 1562 1561 1563
f 1564 195 194
f 1563 195 1564
f 1565 194 197
f 1564 194 1565
f 1566 197 186
f 1565 197 1566
f 1566 186 1515
f 1567 1537 1534
f 1568 1543 1537
f 1568 1537 1567
f 1569 1534 1531
f 1569 1567 1534
f 1570 1531 1528
f 1569 1531 1570
f 1571 1528 1525
f 1570 1528 1571
f 1572 1525 1522
f 1571 1525 1572
f 1573 1522 193
f 1572 1522 1573
f 1574 193 198
f 1573 193 1574
f 199 1575 198
f 1576 198 1575
f 1574 198 1576
f 199 1577 1575
f 1578 1575 1577
f 1576 1575 1578
f 1579 1580 1577
f 1581 1577 1580
f 1582 1579 1577
f 199 1582 1577
f 1578 1577 1581
f 1583 1584 1580
f 1585 1580 1584
f 1586 1583 1580
f 1579 1586 1580
f 1581 1580 1585
f 1583 547 1584
f 1587 1584 547
f 1585 1584 1587
f 1588 547 546
f 1589 1590 547
f 1591 547 1590
f 1592 1589 547
f 1593 1592 547
f 1594 1593 547
f 1595 1594 547
f 1596 1595 547
f 1597 1596 547
f 1598 1597 547
f 1599 1598 547
f 1583 1599 547
f 1600 548 547
f 1601 1600 547
f 1602 1601 547
f 1603 1602 547
f 1604 1603 547
f 1605 1604 547
f 1606 1605 547
f 1591 1606 547
f 1587 547 1588
f 305 1607 546
f 1608 546 1607
f 1588 546 1608
f 305 1609 1607
f 1610 1607 1609
f 1608 1607 1610
f 305 1611 1609
f 1612 1609 1611
f 1610 1609 1612
f 305 1613 1611
f 1614 1611 1613
f 1612 1611 1614
f 305 1454 1613
f 1615 1613 1454
f 1614 1613 1615
f 1616 1454 1453
f 1615 1454 1616
f 1617 1453 1445
f 1616 1453 1617
f 1618 1619 1445
f 1620 1445 1619
f 1621 1618 1445
f 1622 1621 1445
f 1623 1622 1445
f 1624 1623 1445
f 1625 1624 1445
f 1448 1625 1445
f 1617 1445 1620
f 1626 1627 1619
f 1628 1619 1627
f 1618 1626 1619
f 1620 1619 1628
f 1626 1629 1627
f 1630 1627 1629
f 1628 1627 1630
f 1626 1631 1629
f 1632 1629 1631
f 1630 1629 1632
f 1633 1543 1631
f 1634 1631 1543
f 1626 1633 1631
f 1632 1631 1634
f 1633 1540 1543
f 1634 1543 1568
f 1635 17 16
f 1636 18 17
f 1636 17 1635
f 1637 16 19
f 1637 1635 16
f 1638 19 20
f 1637 19 1638
f 1639 20 21
f 1638 20 1639
f 1640 21 22
f 1639 21 1640
f 1641 22 12
f 1640 22 1641
f 1642 12 891
f 1641 12 1642
f 1643 891 888
f 1642 891 1643
f 1644 888 885
f 1643 888 1644
f 1645 885 881
f 1644 885 1645
f 1646 881 953
f 1645 881 1646
f 1647 953 946
f 1646 953 1647
f 1648 946 938
f 1647 946 1648
f 1649 938 941
f 1648 938 1649
f 1650 941 942
f 1649 941 1650
f 1651 942 943
f 1650 942 1651
f 1652 943 944
f 1651 943 1652
f 1653 944 945
f 1652 944 1653
f 305 1654 945
f 1655 945 1654
f 1653 945 1655
f 305 1656 1654
f 1657 1654 1656
f 1655 1654 1657
f 305 1658 1656
f 1659 1656 1658
f 1657 1656 1659
f 305 790 1658
f 1660 1658 790
f 1659 1658 1660
f 1661 790 785
f 1660 790 1661
f 1662 785 780
f 1661 785 1662
f 1663 780 777
f 1662 780 1663
f 1664 777 774
f 1663 777 1664
f 1665 774 767
f 1664 774 1665
f 1666 767 764
f 1665 767 1666
f 1667 764 761
f 1666 764 1667
f 1668 761 753
f 1667 761 1668
f 1669 753 840
f 1668 753 1669
f 1670 840 833
f 1669 840 1670
f 1671 833 830
f 1670 833 1671
f 1672 830 744
f 1671 830 1672
f 1673 744 703
f 1672 744 1673
f 1674 703 595
f 1673 703 1674
f 1675 595 580
f 1674 595 1675
f 1676 580 8
f 1675 580 1676
f 1677 8 18
f 1676 8 1677
f 1677 18 1636
f 1678 218 1305
f 1679 220 218
f 1679 218 1678
f 1680 1305 1306
f 1680 1678 1305
f 1681 1306 1307
f 1680 1306 1681
f 1682 1307 1308
f 1681 1307 1682
f 1683 1308 1212
f 1682 1308 1683
f 1684 1212 1207
f 1683 1212 1684
f 1685 1207 1200
f 1684 1207 1685
f 1686 1200 1197
f 1685 1200 1686
f 1687 1197 1194
f 1686 1197 1687
f 1688 1194 1169
f 1687 1194 1688
f 1689 1169 1167
f 1688 1169 1689
f 1690 1167 1160
f 1689 1167 1690
f 1691 1160 1152
f 1690 1160 1691
f 1692 1152 1155
f 1691 1152 1692
f 1693 1155 1156
f 1692 1155 1693
f 1694 1156 1157
f 1693 1156 1694
f 1695 1157 1158
f 1694 1157 1695
f 1696 1158 1159
f 1695 1158 1696
f 1697 1159 1040
f 1696 1159 1697
f 1698 1040 1041
f 1697 1040 1698
f 1699 1041 1042
f 1698 1041 1699
f 1700 1042 1034
f 1699 1042 1700
f 1701 1034 1031
f 1700 1034 1701
f 1702 1031 1026
f 1701 1031 1702
f 1703 1026 1023
f 1702 1026 1703
f 1704 1023 1020
f 1703 1023 1704
f 1705 1020 1013
f 1704 1020 1705
f 1706 1013 1010
f 1705 1013 1706
f 1707 1010 1007
f 1706 1010 1707
f 1708 1007 979
f 1707 1007 1708
f 1709 979 973
f 1708 979 1709
f 1710 973 966
f 1709 973 1710
f 1711 966 963
f 1710 966 1711
f 1712 963 236
f 1711 963 1712
f 1713 236 224
f 1712 236 1713
f 1714 224 227
f 1713 224 1714
f 1715 227 221
f 1714 227 1715
f 1716 221 213
f 1715 221 1716
f 1717 213 220
f 1716 213 1717
f 1717 220 1679
f 1718 201 200
f 1719 202 201
f 1719 201 1718
f 1720 200 172
f 1720 1718 200
f 1721 172 1403
f 1720 172 1721
f 1722 1403 1398
f 1721 1403 1722
f 1723 1398 1395
f 1722 1398 1723
f 1724 1395 1392
f 1723 1395 1724
f 1725 1392 1385
f 1724 1392 1725
f 1726 1385 1382
f 1725 1385 1726
f 1727 1382 1379
f 1726 1382 1727
f 1728 1379 1362
f 1727 1379 1728
f 1729 1362 1360
f 1728 1362 1729
f 1730 1360 1353
f 1729 1360 1730
f 1731 1353 1350
f 1730 1353 1731
f 1732 1350 1115
f 1731 1350 1732
f 1733 1115 1116
f 1732 1115 1733
f 1734 1116 1117
f 1733 1116 1734
f 1735 1117 1118
f 1734 1117 1735
f 1736 1118 1119
f 1735 1118 1736
f 1737 1119 1120
f 1736 1119 1737
f 1738 1120 1105
f 1737 1120 1738
f 1739 1105 1108
f 1738 1105 1739
f 1740 1108 1109
f 1739 1108 1740
f 1741 1109 1110
f 1740 1109 1741
f 1742 1110 1111
f 1741 1110 1742
f 1743 1111 1087
f 1742 1111 1743
f 1744 1087 1241
f 1743 1087 1744
f 1745 1241 1234
f 1744 1241 1745
f 1746 1234 1231
f 1745 1234 1746
f 1747 1231 1228
f 1746 1231 1747
f 1748 1228 1220
f 1747 1228 1748
f 1749 1220 1292
f 1748 1220 1749
f 1750 1292 1285
f 1749 1292 1750
f 1751 1285 1278
f 1750 1285 1751
f 1752 1278 1281
f 1751 1278 1752
f 1753 1281 1282
f 1752 1281 1753
f 1754 1282 1283
f 1753 1282 1754
f 1755 1283 1284
f 1754 1283 1755
f 1756 1284 159
f 1755 1284 1756
f 1757 159 202
f 1756 159 1757
f 1757 202 1719
f 1758 204 203
f 1759 205 204
f 1759 204 1758
f 1760 203 206
f 1760 1758 203
f 1761 206 207
f 1760 206 1761
f 1762 207 196
f 1761 207 1762
f 1763 196 1560
f 1762 196 1763
f 1764 1560 1557
f 1763 1560 1764
f 1765 1557 1550
f 1764 1557 1765
f 1766 1550 1547
f 1765 1550 1766
f 1767 1547 1544
f 1766 1547 1767
f 1768 1544 1540
f 1767 1544 1768
f 1769 1540 1633
f 1768 1540 1769
f 1770 1633 1626
f 1769 1633 1770
f 1771 1626 1618
f 1770 1626 1771
f 1772 1618 1621
f 1771 1618 1772
f 1773 1621 1622
f 1772 1621 1773
f 1774 1622 1623
f 1773 1622 1774
f 1775 1623 1624
f 1774 1623 1775
f 1776 1624 1625
f 1775 1624 1776
f 1777 1625 1448
f 1776 1625 1777
f 1778 1448 1449
f 1777 1448 1778
f 1779 1449 1450
f 1778 1449 1779
f 1780 1450 1442
f 1779 1450 1780
f 1781 1442 1439
f 1780 1442 1781
f 1782 1439 1434
f 1781 1439 1782
f 1783 1434 1431
f 1782 1434 1783
f 1784 1431 1428
f 1783 1431 1784
f 1785 1428 1421
f 1784 1428 1785
f 1786 1421 1418
f 1785 1421 1786
f 1787 1418 1415
f 1786 1418 1787
f 1788 1415 1407
f 1787 1415 1788
f 1789 1407 1499
f 1788 1407 1789
f 1790 1499 1492
f 1789 1499 1790
f 1791 1492 1488
f 1790 1492 1791
f 1792 1488 1491
f 1791 1488 1792
f 1793 1491 182
f 1792 1491 1793
f 1794 182 208
f 1793 182 1794
f 1795 208 209
f 1794 208 1795
f 1796 209 210
f 1795 209 1796
f 1797 210 205
f 1796 210 1797
f 1797 205 1759
f 1798 1799 1800
f 1801 1800 1799
f 1802 1800 1803
f 1804 1803 1800
f 1802 1798 1800
f 1804 1800 1801
f 1805 1806 1799
f 1807 1799 1806
f 1798 1805 1799
f 1807 1801 1799
f 1808 1809 1806
f 1810 1806 1809
f 1805 1808 1806
f 1807 1806 1810
f 1811 1812 1809
f 1813 1809 1812
f 1808 1811 1809
f 1810 1809 1813
f 1814 1815 1812
f 1816 1812 1815
f 1811 1814 1812
f 1813 1812 1816
f 1817 1818 1815
f 1819 1815 1818
f 1814 1817 1815
f 1816 1815 1819
f 1820 1821 1818
f 1822 1818 1821
f 1817 1820 1818
f 1819 1818 1822
f 126 125 1821
f 1823 1821 125
f 1820 126 1821
f 1822 1821 1823
f 1824 125 115
f 1823 125 1824
f 110 1825 115
f 1826 115 1825
f 1824 115 1826
f 1827 1828 1825
f 1829 1825 1828
f 1830 1827 1825
f 110 1830 1825
f 1826 1825 1829
f 1831 1832 1828
f 1833 1828 1832
f 1834 1831 1828
f 1827 1834 1828
f 1829 1828 1833
f 1831 1835 1832
f 1836 1832 1835
f 1833 1832 1836
f 1831 1837 1835
f 1838 1835 1837
f 1836 1835 1838
f 1831 1839 1837
f 1840 1837 1839
f 1838 1837 1840
f 1831 1590 1839
f 1841 1839 1590
f 1840 1839 1841
f 1842 1590 1589
f 1831 1591 1590
f 1841 1590 1842
f 1843 1589 1592
f 1842 1589 1843
f 1844 1592 1593
f 1843 1592 1844
f 1845 1593 1594
f 1844 1593 1845
f 1846 1594 1595
f 1845 1594 1846
f 1847 1595 1596
f 1846 1595 1847
f 1848 1596 1597
f 1847 1596 1848
f 1849 1597 1598
f 1848 1597 1849
f 1850 1598 1599
f 1849 1598 1850
f 1851 1599 1583
f 1850 1599 1851
f 1852 1853 1583
f 1854 1583 1853
f 1586 1852 1583
f 1851 1583 1854
f 1855 1856 1853
f 1857 1853 1856
f 1852 1855 1853
f 1854 1853 1857
f 1858 1859 1856
f 1860 1856 1859
f 1855 1858 1856
f 1857 1856 1860
f 1861 1862 1859
f 1863 1859 1862
f 1858 1861 1859
f 1860 1859 1863
f 1864 1865 1862
f 1866 1862 1865
f 1861 1864 1862
f 1863 1862 1866
f 1867 1868 1865
f 1869 1865 1868
f 1864 1867 1865
f 1866 1865 1869
f 1870 1803 1868
f 1871 1868 1803
f 1867 1870 1868
f 1869 1868 1871
f 1870 1802 1803
f 1871 1803 1804
f 1872 1873 1874
f 1875 1874 1873
f 1876 1874 1877
f 1878 1877 1874
f 1876 1872 1874
f 1878 1874 1875
f 1879 1880 1873
f 1881 1873 1880
f 1872 1879 1873
f 1881 1875 1873
f 1882 1883 1880
f 1884 1880 1883
f 1879 1882 1880
f 1881 1880 1884
f 1885 1886 1883
f 1887 1883 1886
f 1882 1885 1883
f 1884 1883 1887
f 1888 1889 1886
f 1890 1886 1889
f 1885 1888 1886
f 1887 1886 1890
f 1891 1892 1889
f 1893 1889 1892
f 1888 1891 1889
f 1890 1889 1893
f 1894 1895 1892
f 1896 1892 1895
f 1891 1894 1892
f 1893 1892 1896
f 128 127 1895
f 1897 1895 127
f 1894 128 1895
f 1896 1895 1897
f 1898 127 126
f 1897 127 1898
f 1899 126 1820
f 1898 126 1899
f 1900 1820 1817
f 1899 1820 1900
f 1901 1817 1814
f 1900 1817 1901
f 1902 1814 1811
f 1901 1814 1902
f 1903 1811 1808
f 1902 1811 1903
f 1904 1808 1805
f 1903 1808 1904
f 1905 1805 1798
f 1904 1805 1905
f 1906 1798 1802
f 1905 1798 1906
f 1907 1802 1870
f 1906 1802 1907
f 1908 1870 1867
f 1907 1870 1908
f 1909 1867 1864
f 1908 1867 1909
f 1910 1864 1861
f 1909 1864 1910
f 1911 1861 1858
f 1910 1861 1911
f 1912 1858 1855
f 1911 1858 1912
f 1913 1855 1852
f 1912 1855 1913
f 1914 1852 1586
f 1913 1852 1914
f 1915 1586 1579
f 1914 1586 1915
f 1916 1917 1579
f 1918 1579 1917
f 1582 1916 1579
f 1915 1579 1918
f 1919 1920 1917
f 1921 1917 1920
f 1916 1919 1917
f 1918 1917 1921
f 1922 1923 1920
f 1924 1920 1923
f 1919 1922 1920
f 1921 1920 1924
f 1925 1926 1923
f 1927 1923 1926
f 1922 1925 1923
f 1924 1923 1927
f 1928 1929 1926
f 1930 1926 1929
f 1925 1928 1926
f 1927 1926 1930
f 1931 1932 1929
f 1933 1929 1932
f 1928 1931 1929
f 1930 1929 1933
f 1934 1877 1932
f 1935 1932 1877
f 1931 1934 1932
f 1933 1932 1935
f 1934 1876 1877
f 1935 1877 1878
f 1936 141 140
f 1937 137 141
f 1937 141 1936
f 1938 140 132
f 1938 1936 140
f 1939 132 135
f 1938 132 1939
f 1940 135 136
f 1939 135 1940
f 1941 136 122
f 1940 136 1941
f 1942 122 129
f 1941 122 1942
f 1943 129 130
f 1942 129 1943
f 1944 130 131
f 1943 130 1944
f 1945 131 128
f 1944 131 1945
f 1946 128 1894
f 1945 128 1946
f 1947 1894 1891
f 1946 1894 1947
f 1948 1891 1888
f 1947 1891 1948
f 1949 1888 1885
f 1948 1888 1949
f 1950 1885 1882
f 1949 1885 1950
f 1951 1882 1879
f 1950 1882 1951
f 1952 1879 1872
f 1951 1879 1952
f 1953 1872 1876
f 1952 1872 1953
f 1954 1876 1934
f 1953 1876 1954
f 1955 1934 1931
f 1954 1934 1955
f 1956 1931 1928
f 1955 1931 1956
f 1957 1928 1925
f 1956 1928 1957
f 1958 1925 1922
f 1957 1925 1958
f 1959 1922 1919
f 1958 1922 1959
f 1960 1919 1916
f 1959 1919 1960
f 1961 1916 1582
f 1960 1916 1961
f 1962 1582 199
f 1961 1582 1962
f 1963 199 211
f 1962 199 1963
f 1964 211 212
f 1963 211 1964
f 1965 212 142
f 1964 212 1965
f 1966 142 145
f 1965 142 1966
f 1967 145 146
f 1966 145 1967
f 1968 146 147
f 1967 146 1968
f 1969 147 137
f 1968 147 1969
f 1969 137 1937
f 1970 1971 1972
f 1973 1972 1971
f 1974 1972 1975
f 1976 1975 1972
f 1974 1977 1972
f 1978 1972 1977
f 1979 1970 1972
f 1978 1979 1972
f 1976 1972 1973
f 1980 1981 1971
f 1982 1971 1981
f 1983 1980 1971
f 1984 1983 1971
f 1970 1984 1971
f 1982 1973 1971
f 1985 1986 1981
f 1987 1981 1986
f 1980 1985 1981
f 1982 1981 1987
f 1988 1989 1986
f 1990 1986 1989
f 1991 1988 1986
f 1985 1991 1986
f 1987 1986 1990
f 1992 1993 1989
f 1994 1989 1993
f 1995 1992 1989
f 1996 1995 1989
f 1988 1996 1989
f 1990 1989 1994
f 1997 1998 1993
f 1999 1993 1998
f 2000 1997 1993
f 1992 2000 1993
f 1994 1993 1999
f 2001 2002 1998
f 2003 1998 2002
f 1997 2001 1998
f 1999 1998 2003
f 100 2004 2002
f 2005 2002 2004
f 100 2002 2001
f 2003 2002 2005
f 2006 2007 2004
f 2008 2004 2007
f 2009 2006 2004
f 2010 2009 2004
f 2011 2010 2004
f 2012 2011 2004
f 2013 2012 2004
f 2014 2013 2004
f 2015 2014 2004
f 100 2015 2004
f 2005 2004 2008
f 2006 2016 2007
f 2017 2007 2016
f 2008 2007 2017
f 2018 2019 2016
f 2020 2016 2019
f 2006 2018 2016
f 2017 2016 2020
f 2018 2021 2019
f 2022 2019 2021
f 2020 2019 2022
f 2021 2018 2023
f 2024 2021 549
f 2022 2021 2024
f 2025 549 548
f 2026 550 549
f 2027 2026 549
f 2028 2027 549
f 2029 2028 549
f 2030 2029 549
f 2031 2030 549
f 2023 2031 549
f 2023 549 2021
f 2024 549 2025
f 2032 548 1600
f 2025 548 2032
f 2033 1600 1601
f 2032 1600 2033
f 2034 1601 1602
f 2033 1601 2034
f 2035 1602 1603
f 2034 1602 2035
f 2036 1603 1604
f 2035 1603 2036
f 2037 1604 1605
f 2036 1604 2037
f 2038 1605 1606
f 2037 1605 2038
f 2039 1606 1591
f 2038 1606 2039
f 2040 1591 1831
f 2039 1591 2040
f 2041 2042 1831
f 2043 1831 2042
f 1834 2041 1831
f 2040 1831 2043
f 2044 2045 2042
f 2046 2042 2045
f 2041 2044 2042
f 2043 2042 2046
f 2047 2048 2045
f 2049 2045 2048
f 2044 2047 2045
f 2046 2045 2049
f 2050 2051 2048
f 2052 2048 2051
f 2047 2050 2048
f 2049 2048 2052
f 2053 2054 2051
f 2055 2051 2054
f 2050 2053 2051
f 2052 2051 2055
f 2056 1975 2054
f 2057 2054 1975
f 2053 2056 2054
f 2055 2054 2057
f 2056 1974 1975
f 2057 1975 1976
f 2058 2059 2060
f 2061 2060 2059
f 2062 2060 2063
f 2064 2063 2060
f 2062 2058 2060
f 2064 2060 2061
f 2065 2066 2059
f 2067 2059 2066
f 2058 2065 2059
f 2067 2061 2059
f 2068 2069 2066
f 2070 2066 2069
f 2065 2068 2066
f 2067 2066 2070
f 2071 2072 2069
f 2073 2069 2072
f 2068 2071 2069
f 2070 2069 2073
f 2074 2075 2072
f 2076 2072 2075
f 2071 2074 2072
f 2073 2072 2076
f 2077 2078 2075
f 2079 2075 2078
f 2074 2077 2075
f 2076 2075 2079
f 2080 2081 2078
f 2082 2078 2081
f 2077 2080 2078
f 2079 2078 2082
f 100 2001 2081
f 2083 2081 2001
f 100 2081 2080
f 2082 2081 2083
f 2084 2001 1997
f 2083 2001 2084
f 2000 2085 1997
f 2086 1997 2085
f 2084 1997 2086
f 2087 2088 2085
f 2089 2085 2088
f 2090 2087 2085
f 2091 2090 2085
f 2000 2091 2085
f 2086 2085 2089
f 2092 2093 2088
f 2094 2088 2093
f 2095 2092 2088
f 2087 2095 2088
f 2089 2088 2094
f 2096 2097 2093
f 2098 2093 2097
f 2092 2096 2093
f 2094 2093 2098
f 2099 1977 2097
f 2100 2097 1977
f 2101 2097 2096
f 2102 2099 2097
f 2101 2102 2097
f 2098 2097 2100
f 2103 1977 1974
f 2104 1978 1977
f 2105 2104 1977
f 2099 2105 1977
f 2100 1977 2103
f 2106 1974 2056
f 2103 1974 2106
f 2107 2056 2053
f 2106 2056 2107
f 2108 2053 2050
f 2107 2053 2108
f 2109 2050 2047
f 2108 2050 2109
f 2110 2047 2044
f 2109 2047 2110
f 2111 2044 2041
f 2110 2044 2111
f 2112 2041 1834
f 2111 2041 2112
f 2113 1834 1827
f 2112 1834 2113
f 2114 2115 1827
f 2116 1827 2115
f 1830 2114 1827
f 2113 1827 2116
f 2117 2118 2115
f 2119 2115 2118
f 2114 2117 2115
f 2116 2115 2119
f 2120 2121 2118
f 2122 2118 2121
f 2117 2120 2118
f 2119 2118 2122
f 2123 2124 2121
f 2125 2121 2124
f 2120 2123 2121
f 2122 2121 2125
f 2126 2127 2124
f 2128 2124 2127
f 2123 2126 2124
f 2125 2124 2128
f 2129 2063 2127
f 2130 2127 2063
f 2126 2129 2127
f 2128 2127 2130
f 2129 2062 2063
f 2130 2063 2064
f 2131 2132 98
f 2133 98 2132
f 2134 95 98
f 2135 2131 98
f 99 2135 98
f 2134 98 2133
f 2136 2137 2132
f 2138 2132 2137
f 2139 2136 2132
f 2140 2139 2132
f 2131 2140 2132
f 2138 2133 2132
f 2141 2142 2137
f 2143 2137 2142
f 2136 2141 2137
f 2138 2137 2143
f 2144 2145 2142
f 2146 2142 2145
f 2147 2144 2142
f 2141 2147 2142
f 2143 2142 2146
f 2148 2149 2145
f 2150 2145 2149
f 2151 2148 2145
f 2152 2151 2145
f 2144 2152 2145
f 2146 2145 2150
f 2153 2154 2149
f 2155 2149 2154
f 2148 2153 2149
f 2150 2149 2155
f 100 2156 2154
f 2157 2154 2156
f 100 2154 2153
f 2155 2154 2157
f 100 2080 2156
f 2158 2156 2080
f 2157 2156 2158
f 2159 2080 2077
f 2158 2080 2159
f 2160 2077 2074
f 2159 2077 2160
f 2161 2074 2071
f 2160 2074 2161
f 2162 2071 2068
f 2161 2071 2162
f 2163 2068 2065
f 2162 2068 2163
f 2164 2065 2058
f 2163 2065 2164
f 2165 2058 2062
f 2164 2058 2165
f 2166 2062 2129
f 2165 2062 2166
f 2167 2129 2126
f 2166 2129 2167
f 2168 2126 2123
f 2167 2126 2168
f 2169 2123 2120
f 2168 2123 2169
f 2170 2120 2117
f 2169 2120 2170
f 2171 2117 2114
f 2170 2117 2171
f 2172 2114 1830
f 2171 2114 2172
f 2173 1830 110
f 2172 1830 2173
f 2174 110 113
f 2173 110 2174
f 2175 113 114
f 2174 113 2175
f 2176 114 106
f 2175 114 2176
f 2177 106 109
f 2176 106 2177
f 2178 109 103
f 2177 109 2178
f 2179 103 95
f 2178 103 2179
f 2179 95 2134
f 2180 2096 2092
f 2181 2101 2096
f 2181 2096 2180
f 2182 2092 2095
f 2182 2180 2092
f 2183 2095 2087
f 2182 2095 2183
f 2184 2087 2090
f 2183 2087 2184
f 2185 2090 2091
f 2184 2090 2185
f 2186 2091 2000
f 2185 2091 2186
f 2187 2000 1992
f 2186 2000 2187
f 2188 1992 1995
f 2187 1992 2188
f 2189 1995 1996
f 2188 1995 2189
f 2190 1996 1988
f 2189 1996 2190
f 2191 1988 1991
f 2190 1988 2191
f 2192 1991 1985
f 2191 1991 2192
f 2193 1985 1980
f 2192 1985 2193
f 2194 1980 1983
f 2193 1980 2194
f 2195 1983 1984
f 2194 1983 2195
f 2196 1984 1970
f 2195 1984 2196
f 2197 1970 1979
f 2196 1970 2197
f 2198 1979 1978
f 2197 1979 2198
f 2199 1978 2104
f 2198 1978 2199
f 2200 2104 2105
f 2199 2104 2200
f 2201 2105 2099
f 2200 2105 2201
f 2202 2099 2102
f 2201 2099 2202
f 2203 2102 2101
f 2202 2102 2203
f 2203 2101 2181
f 2204 2205 2206
f 2207 2206 2205
f 2208 2206 2209
f 2210 2209 2206
f 2208 2204 2206
f 2210 2206 2207
f 2211 2212 2205
f 2213 2205 2212
f 2204 2211 2205
f 2213 2207 2205
f 2214 2215 2212
f 2216 2212 2215
f 2211 2214 2212
f 2213 2212 2216
f 2217 2218 2215
f 2219 2215 2218
f 2214 2217 2215
f 2216 2215 2219
f 2220 2221 2218
f 2222 2218 2221
f 2217 2220 2218
f 2219 2218 2222
f 2223 2224 2221
f 2225 2221 2224
f 2220 2223 2221
f 2222 2221 2225
f 2226 2227 2224
f 2228 2224 2227
f 2229 2224 2223
f 2230 2226 2224
f 2229 2230 2224
f 2225 2224 2228
f 2231 552 2227
f 2232 2227 552
f 2233 2234 2227
f 2235 2227 2234
f 2236 2233 2227
f 2237 2236 2227
f 2238 2237 2227
f 2239 2238 2227
f 2240 2239 2227
f 2241 2240 2227
f 2242 2241 2227
f 2243 2242 2227
f 2244 2243 2227
f 2245 2244 2227
f 2226 2245 2227
f 2246 2231 2227
f 2247 2246 2227
f 2248 2247 2227
f 2249 2248 2227
f 2250 2249 2227
f 2251 2250 2227
f 2235 2251 2227
f 2228 2227 2232
f 2252 552 551
f 2253 553 552
f 2254 2253 552
f 2255 2254 552
f 2231 2255 552
f 2232 552 2252
f 2256 551 550
f 2252 551 2256
f 2257 550 2026
f 2256 550 2257
f 2258 2026 2027
f 2257 2026 2258
f 2259 2027 2028
f 2258 2027 2259
f 2260 2028 2029
f 2259 2028 2260
f 2261 2029 2030
f 2260 2029 2261
f 2262 2030 2031
f 2261 2030 2262
f 2263 2031 2023
f 2262 2031 2263
f 2264 2023 2018
f 2263 2023 2264
f 2265 2266 2018
f 2267 2018 2266
f 2006 2265 2018
f 2264 2018 2267
f 2268 2269 2266
f 2270 2266 2269
f 2265 2268 2266
f 2267 2266 2270
f 2271 2272 2269
f 2273 2269 2272
f 2268 2271 2269
f 2270 2269 2273
f 2274 2275 2272
f 2276 2272 2275
f 2271 2274 2272
f 2273 2272 2276
f 2277 2209 2275
f 2278 2275 2209
f 2274 2277 2275
f 2276 2275 2278
f 2277 2208 2209
f 2278 2209 2210
f 2229 2279 2280
f 2281 2280 2279
f 2282 2280 2283
f 2284 2283 2280
f 2229 2280 2282
f 2284 2280 2281
f 2229 2285 2279
f 2286 2279 2285
f 2286 2281 2279
f 2229 2287 2285
f 2288 2285 2287
f 2286 2285 2288
f 2229 2289 2287
f 2290 2287 2289
f 2288 2287 2290
f 2229 2291 2289
f 2292 2289 2291
f 2290 2289 2292
f 2229 2223 2291
f 2293 2291 2223
f 2292 2291 2293
f 2294 2223 2220
f 2293 2223 2294
f 2295 2220 2217
f 2294 2220 2295
f 2296 2217 2214
f 2295 2217 2296
f 2297 2214 2211
f 2296 2214 2297
f 2298 2211 2204
f 2297 2211 2298
f 2299 2204 2208
f 2298 2204 2299
f 2300 2208 2277
f 2299 2208 2300
f 2301 2277 2274
f 2300 2277 2301
f 2302 2274 2271
f 2301 2274 2302
f 2303 2271 2268
f 2302 2271 2303
f 2304 2268 2265
f 2303 2268 2304
f 2305 2265 2006
f 2304 2265 2305
f 2306 2307 2006
f 2308 2006 2307
f 2009 2306 2006
f 2305 2006 2308
f 2306 2309 2307
f 2310 2307 2309
f 2308 2307 2310
f 2311 2312 2309
f 2313 2309 2312
f 2306 2311 2309
f 2310 2309 2313
f 2311 2314 2312
f 2315 2312 2314
f 2313 2312 2315
f 2316 2283 2314
f 2317 2314 2283
f 2311 2316 2314
f 2315 2314 2317
f 2318 2282 2283
f 2319 2318 2283
f 2316 2319 2283
f 2317 2283 2284
f 100 2320 2321
f 2322 2321 2320
f 100 2321 2323
f 2324 2323 2321
f 2324 2321 2322
f 100 2325 2320
f 2326 2320 2325
f 2326 2322 2320
f 100 2327 2325
f 2328 2325 2327
f 2326 2325 2328
f 100 2329 2327
f 2330 2327 2329
f 2328 2327 2330
f 100 2331 2329
f 2332 2329 2331
f 2330 2329 2332
f 100 2153 2331
f 2333 2331 2153
f 2332 2331 2333
f 2334 2153 2148
f 2333 2153 2334
f 2335 2148 2151
f 2334 2148 2335
f 2336 2151 2152
f 2335 2151 2336
f 2337 2152 2144
f 2336 2152 2337
f 2338 2144 2147
f 2337 2144 2338
f 2339 2147 2141
f 2338 2147 2339
f 2340 2141 2136
f 2339 2141 2340
f 2341 2136 2139
f 2340 2136 2341
f 2342 2139 2140
f 2341 2139 2342
f 2343 2140 2131
f 2342 2140 2343
f 2344 2131 2135
f 2343 2131 2344
f 2345 2135 99
f 2344 2135 2345
f 100 2346 99
f 2347 99 2346
f 2345 99 2347
f 100 2348 2346
f 2349 2346 2348
f 2347 2346 2349
f 100 2350 2348
f 2351 2348 2350
f 2349 2348 2351
f 100 2352 2350
f 2353 2350 2352
f 2351 2350 2353
f 100 2323 2352
f 2354 2352 2323
f 2353 2352 2354
f 2354 2323 2324
f 2355 2356 2357
f 2358 2357 2356
f 2359 2357 2360
f 2361 2360 2357
f 2359 2355 2357
f 2361 2357 2358
f 2362 2363 2356
f 2364 2356 2363
f 2355 2362 2356
f 2364 2358 2356
f 2365 2366 2363
f 2367 2363 2366
f 2362 2365 2363
f 2364 2363 2367
f 2368 2369 2366
f 2370 2366 2369
f 2365 2368 2366
f 2367 2366 2370
f 2371 2372 2369
f 2373 2369 2372
f 2368 2371 2369
f 2370 2369 2373
f 2374 2282 2372
f 2375 2372 2282
f 2371 2374 2372
f 2373 2372 2375
f 2376 2282 2318
f 2229 2282 2374
f 2375 2282 2376
f 2377 2318 2319
f 2376 2318 2377
f 2378 2319 2316
f 2377 2319 2378
f 2379 2316 2311
f 2378 2316 2379
f 2380 2311 2306
f 2379 2311 2380
f 2381 2306 2009
f 2380 2306 2381
f 2382 2009 2010
f 2381 2009 2382
f 2383 2010 2011
f 2382 2010 2383
f 2384 2011 2012
f 2383 2011 2384
f 2385 2012 2013
f 2384 2012 2385
f 2386 2013 2014
f 2385 2013 2386
f 2387 2014 2015
f 2386 2014 2387
f 2388 2389 2015
f 2390 2015 2389
f 100 2388 2015
f 2387 2015 2390
f 2391 2392 2389
f 2393 2389 2392
f 2388 2391 2389
f 2390 2389 2393
f 2394 2395 2392
f 2396 2392 2395
f 2391 2394 2392
f 2393 2392 2396
f 2397 2398 2395
f 2399 2395 2398
f 2394 2397 2395
f 2396 2395 2399
f 2400 2360 2398
f 2401 2398 2360
f 2397 2400 2398
f 2399 2398 2401
f 2400 2359 2360
f 2401 2360 2361
f 93 2402 2403
f 2404 2403 2402
f 93 2403 2405
f 2406 2405 2403
f 2406 2403 2404
f 93 2407 2402
f 2408 2402 2407
f 2408 2404 2402
f 2409 2410 2407
f 2411 2407 2410
f 93 2409 2407
f 2408 2407 2411
f 2409 2412 2410
f 2413 2410 2412
f 2411 2410 2413
f 2409 2414 2412
f 2415 2412 2414
f 2413 2412 2415
f 2409 2374 2414
f 2416 2414 2374
f 2415 2414 2416
f 2417 2374 2371
f 2409 2229 2374
f 2416 2374 2417
f 2418 2371 2368
f 2417 2371 2418
f 2419 2368 2365
f 2418 2368 2419
f 2420 2365 2362
f 2419 2365 2420
f 2421 2362 2355
f 2420 2362 2421
f 2422 2355 2359
f 2421 2355 2422
f 2423 2359 2400
f 2422 2359 2423
f 2424 2400 2397
f 2423 2400 2424
f 2425 2397 2394
f 2424 2397 2425
f 2426 2394 2391
f 2425 2394 2426
f 2427 2391 2388
f 2426 2391 2427
f 2428 2388 100
f 2427 2388 2428
f 2429 100 88
f 2428 100 2429
f 2430 88 94
f 2429 88 2430
f 93 2431 94
f 2432 94 2431
f 2430 94 2432
f 93 2433 2431
f 2434 2431 2433
f 2432 2431 2434
f 93 2405 2433
f 2435 2433 2405
f 2434 2433 2435
f 2435 2405 2406
f 2436 2437 2438
f 2439 2438 2437
f 2440 2438 2441
f 2442 2441 2438
f 2440 2436 2438
f 2442 2438 2439
f 2443 2444 2437
f 2445 2437 2444
f 2436 2443 2437
f 2445 2439 2437
f 2446 2447 2444
f 2448 2444 2447
f 2443 2446 2444
f 2445 2444 2448
f 2449 2450 2447
f 2451 2447 2450
f 2446 2449 2447
f 2448 2447 2451
f 2452 2453 2450
f 2454 2450 2453
f 2449 2452 2450
f 2451 2450 2454
f 2455 2456 2453
f 2457 2453 2456
f 2452 2455 2453
f 2454 2453 2457
f 2235 2234 2456
f 2458 2456 2234
f 2459 2456 2455
f 2460 2235 2456
f 2459 2460 2456
f 2457 2456 2458
f 2461 2234 2233
f 2458 2234 2461
f 2462 2233 2236
f 2461 2233 2462
f 2463 2236 2237
f 2462 2236 2463
f 2464 2237 2238
f 2463 2237 2464
f 2465 2238 2239
f 2464 2238 2465
f 2466 2239 2240
f 2465 2239 2466
f 2467 2240 2241
f 2466 2240 2467
f 2468 2241 2242
f 2467 2241 2468
f 2469 2242 2243
f 2468 2242 2469
f 2470 2243 2244
f 2469 2243 2470
f 2471 2244 2245
f 2470 2244 2471
f 2472 2473 2245
f 2474 2245 2473
f 2226 2472 2245
f 2471 2245 2474
f 2475 2476 2473
f 2477 2473 2476
f 2472 2475 2473
f 2474 2473 2477
f 2478 2479 2476
f 2480 2476 2479
f 2475 2478 2476
f 2477 2476 2480
f 2481 2482 2479
f 2483 2479 2482
f 2478 2481 2479
f 2480 2479 2483
f 2484 2441 2482
f 2485 2482 2441
f 2481 2484 2482
f 2483 2482 2485
f 2484 2440 2441
f 2485 2441 2442
f 2486 2487 2488
f 2489 2488 2487
f 2490 2488 2491
f 2492 2491 2488
f 2490 2486 2488
f 2492 2488 2489
f 2493 2494 2487
f 2495 2487 2494
f 2486 2493 2487
f 2495 2489 2487
f 2496 2497 2494
f 2498 2494 2497
f 2493 2496 2494
f 2495 2494 2498
f 2499 2500 2497
f 2501 2497 2500
f 2496 2499 2497
f 2498 2497 2501
f 2502 2503 2500
f 2504 2500 2503
f 2499 2502 2500
f 2501 2500 2504
f 475 2455 2503
f 2505 2503 2455
f 2502 475 2503
f 2504 2503 2505
f 2506 2455 2452
f 2459 2455 475
f 2505 2455 2506
f 2507 2452 2449
f 2506 2452 2507
f 2508 2449 2446
f 2507 2449 2508
f 2509 2446 2443
f 2508 2446 2509
f 2510 2443 2436
f 2509 2443 2510
f 2511 2436 2440
f 2510 2436 2511
f 2512 2440 2484
f 2511 2440 2512
f 2513 2484 2481
f 2512 2484 2513
f 2514 2481 2478
f 2513 2481 2514
f 2515 2478 2475
f 2514 2478 2515
f 2516 2475 2472
f 2515 2475 2516
f 2517 2472 2226
f 2516 2472 2517
f 2518 2519 2226
f 2520 2226 2519
f 2230 2518 2226
f 2517 2226 2520
f 2521 2522 2519
f 2523 2519 2522
f 2518 2521 2519
f 2520 2519 2523
f 2524 2525 2522
f 2526 2522 2525
f 2521 2524 2522
f 2523 2522 2526
f 2527 2528 2525
f 2529 2525 2528
f 2524 2527 2525
f 2526 2525 2529
f 2530 2491 2528
f 2531 2528 2491
f 2527 2530 2528
f 2529 2528 2531
f 2530 2490 2491
f 2531 2491 2492
f 2532 2533 2534
f 2535 2534 2533
f 2536 2534 2537
f 2538 2537 2534
f 2536 2532 2534
f 2538 2534 2535
f 2539 2540 2533
f 2541 2533 2540
f 2532 2539 2533
f 2541 2535 2533
f 2542 2543 2540
f 2544 2540 2543
f 2539 2542 2540
f 2541 2540 2544
f 2545 2546 2543
f 2547 2543 2546
f 2542 2545 2543
f 2544 2543 2547
f 2548 2549 2546
f 2550 2546 2549
f 2545 2548 2546
f 2547 2546 2550
f 474 467 2549
f 2551 2549 467
f 2548 474 2549
f 2550 2549 2551
f 2552 467 470
f 2551 467 2552
f 2553 470 553
f 2552 470 2553
f 2554 553 2253
f 2553 553 2554
f 2555 2253 2254
f 2554 2253 2555
f 2556 2254 2255
f 2555 2254 2556
f 2557 2255 2231
f 2556 2255 2557
f 2558 2231 2246
f 2557 2231 2558
f 2559 2246 2247
f 2558 2246 2559
f 2560 2247 2248
f 2559 2247 2560
f 2561 2248 2249
f 2560 2248 2561
f 2562 2249 2250
f 2561 2249 2562
f 2563 2250 2251
f 2562 2250 2563
f 2564 2565 2251
f 2566 2251 2565
f 2235 2564 2251
f 2563 2251 2566
f 2567 2568 2565
f 2569 2565 2568
f 2564 2567 2565
f 2566 2565 2569
f 2570 2571 2568
f 2572 2568 2571
f 2567 2570 2568
f 2569 2568 2572
f 2573 2574 2571
f 2575 2571 2574
f 2570 2573 2571
f 2572 2571 2575
f 2576 2537 2574
f 2577 2574 2537
f 2573 2576 2574
f 2575 2574 2577
f 2576 2536 2537
f 2577 2537 2538
f 2578 2579 2580
f 2581 2580 2579
f 2582 2580 2583
f 2584 2583 2580
f 2582 2578 2580
f 2584 2580 2581
f 2585 2586 2579
f 2587 2579 2586
f 2578 2585 2579
f 2587 2581 2579
f 2588 2589 2586
f 2590 2586 2589
f 2585 2588 2586
f 2587 2586 2590
f 2591 2592 2589
f 2593 2589 2592
f 2588 2591 2589
f 2590 2589 2593
f 2594 2595 2592
f 2596 2592 2595
f 2591 2594 2592
f 2593 2592 2596
f 471 474 2595
f 2597 2595 474
f 2594 471 2595
f 2596 2595 2597
f 2598 474 2548
f 2597 474 2598
f 2599 2548 2545
f 2598 2548 2599
f 2600 2545 2542
f 2599 2545 2600
f 2601 2542 2539
f 2600 2542 2601
f 2602 2539 2532
f 2601 2539 2602
f 2603 2532 2536
f 2602 2532 2603
f 2604 2536 2576
f 2603 2536 2604
f 2605 2576 2573
f 2604 2576 2605
f 2606 2573 2570
f 2605 2573 2606
f 2607 2570 2567
f 2606 2570 2607
f 2608 2567 2564
f 2607 2567 2608
f 2609 2564 2235
f 2608 2564 2609
f 2610 2611 2235
f 2612 2235 2611
f 2460 2610 2235
f 2609 2235 2612
f 2613 2614 2611
f 2615 2611 2614
f 2610 2613 2611
f 2612 2611 2615
f 2616 2617 2614
f 2618 2614 2617
f 2613 2616 2614
f 2615 2614 2618
f 2619 2620 2617
f 2621 2617 2620
f 2616 2619 2617
f 2618 2617 2621
f 2622 2583 2620
f 2623 2620 2583
f 2619 2622 2620
f 2621 2620 2623
f 2622 2582 2583
f 2623 2583 2584
f 2624 2625 2626
f 2627 2626 2625
f 2628 2626 2629
f 2630 2629 2626
f 2628 2624 2626
f 2630 2626 2627
f 2631 2632 2625
f 2633 2625 2632
f 2624 2631 2625
f 2633 2627 2625
f 2634 2635 2632
f 2636 2632 2635
f 2631 2634 2632
f 2633 2632 2636
f 2637 2638 2635
f 2639 2635 2638
f 2634 2637 2635
f 2636 2635 2639
f 2640 2641 2638
f 2642 2638 2641
f 2637 2640 2638
f 2639 2638 2642
f 489 475 2641
f 2643 2641 475
f 2640 489 2641
f 2642 2641 2643
f 2644 475 2502
f 2645 2459 475
f 477 2645 475
f 2643 475 2644
f 2646 2502 2499
f 2644 2502 2646
f 2647 2499 2496
f 2646 2499 2647
f 2648 2496 2493
f 2647 2496 2648
f 2649 2493 2486
f 2648 2493 2649
f 2650 2486 2490
f 2649 2486 2650
f 2651 2490 2530
f 2650 2490 2651
f 2652 2530 2527
f 2651 2530 2652
f 2653 2527 2524
f 2652 2527 2653
f 2654 2524 2521
f 2653 2524 2654
f 2655 2521 2518
f 2654 2521 2655
f 2656 2518 2230
f 2655 2518 2656
f 2657 2658 2230
f 2659 2230 2658
f 2229 2657 2230
f 2656 2230 2659
f 2660 2661 2658
f 2662 2658 2661
f 2657 2660 2658
f 2659 2658 2662
f 2663 2664 2661
f 2665 2661 2664
f 2660 2663 2661
f 2662 2661 2665
f 2666 2667 2664
f 2668 2664 2667
f 2663 2666 2664
f 2665 2664 2668
f 2669 2629 2667
f 2670 2667 2629
f 2666 2669 2667
f 2668 2667 2670
f 2669 2628 2629
f 2670 2629 2630
f 2671 491 490
f 2672 492 491
f 2672 491 2671
f 2673 490 493
f 2673 2671 490
f 2674 493 494
f 2673 493 2674
f 2675 494 495
f 2674 494 2675
f 2676 495 496
f 2675 495 2676
f 2677 496 489
f 2676 496 2677
f 2678 489 2640
f 2677 489 2678
f 2679 2640 2637
f 2678 2640 2679
f 2680 2637 2634
f 2679 2637 2680
f 2681 2634 2631
f 2680 2634 2681
f 2682 2631 2624
f 2681 2631 2682
f 2683 2624 2628
f 2682 2624 2683
f 2684 2628 2669
f 2683 2628 2684
f 2685 2669 2666
f 2684 2669 2685
f 2686 2666 2663
f 2685 2666 2686
f 2687 2663 2660
f 2686 2663 2687
f 2688 2660 2657
f 2687 2660 2688
f 2689 2657 2229
f 2688 2657 2689
f 2690 2229 2409
f 2689 2229 2690
f 2691 2409 93
f 2690 2409 2691
f 2692 93 497
f 2691 93 2692
f 2693 497 498
f 2692 497 2693
f 2694 498 492
f 2693 498 2694
f 2694 492 2672
f 2695 2696 2697
f 2698 2697 2696
f 2699 2697 2700
f 2701 2700 2697
f 2699 2695 2697
f 2701 2697 2698
f 2702 2703 2696
f 2704 2696 2703
f 2695 2702 2696
f 2704 2698 2696
f 2705 2706 2703
f 2707 2703 2706
f 2702 2705 2703
f 2704 2703 2707
f 2708 2709 2706
f 2710 2706 2709
f 2705 2708 2706
f 2707 2706 2710
f 2711 2712 2709
f 2713 2709 2712
f 2708 2711 2709
f 2710 2709 2713
f 478 471 2712
f 2714 2712 471
f 2711 478 2712
f 2713 2712 2714
f 2715 471 2594
f 2714 471 2715
f 2716 2594 2591
f 2715 2594 2716
f 2717 2591 2588
f 2716 2591 2717
f 2718 2588 2585
f 2717 2588 2718
f 2719 2585 2578
f 2718 2585 2719
f 2720 2578 2582
f 2719 2578 2720
f 2721 2582 2622
f 2720 2582 2721
f 2722 2622 2619
f 2721 2622 2722
f 2723 2619 2616
f 2722 2619 2723
f 2724 2616 2613
f 2723 2616 2724
f 2725 2613 2610
f 2724 2613 2725
f 2726 2610 2460
f 2725 2610 2726
f 2727 2728 2460
f 2729 2460 2728
f 2459 2727 2460
f 2726 2460 2729
f 2730 2731 2728
f 2732 2728 2731
f 2727 2730 2728
f 2729 2728 2732
f 2733 2734 2731
f 2735 2731 2734
f 2730 2733 2731
f 2732 2731 2735
f 2736 2737 2734
f 2738 2734 2737
f 2733 2736 2734
f 2735 2734 2738
f 2739 2700 2737
f 2740 2737 2700
f 2736 2739 2737
f 2738 2737 2740
f 2739 2699 2700
f 2740 2700 2701
f 2741 480 479
f 2742 481 480
f 2742 480 2741
f 2743 479 482
f 2743 2741 479
f 2744 482 483
f 2743 482 2744
f 2745 483 484
f 2744 483 2745
f 2746 484 485
f 2745 484 2746
f 2747 485 478
f 2746 485 2747
f 2748 478 2711
f 2747 478 2748
f 2749 2711 2708
f 2748 2711 2749
f 2750 2708 2705
f 2749 2708 2750
f 2751 2705 2702
f 2750 2705 2751
f 2752 2702 2695
f 2751 2702 2752
f 2753 2695 2699
f 2752 2695 2753
f 2754 2699 2739
f 2753 2699 2754
f 2755 2739 2736
f 2754 2739 2755
f 2756 2736 2733
f 2755 2736 2756
f 2757 2733 2730
f 2756 2733 2757
f 2758 2730 2727
f 2757 2730 2758
f 2759 2727 2459
f 2758 2727 2759
f 2760 2459 2645
f 2759 2459 2760
f 2761 2645 477
f 2760 2645 2761
f 2762 477 486
f 2761 477 2762
f 2763 486 487
f 2762 486 2763
f 2764 487 481
f 2763 487 2764
f 2764 481 2742
f 2765 305 513
f 2766 354 305
f 2767 2766 305
f 2767 305 2765
f 2768 2769 513
f 2770 513 2769
f 57 2768 513
f 2765 513 2770
f 2771 2772 2769
f 2773 2769 2772
f 2768 2771 2769
f 2770 2769 2773
f 2774 2775 2772
f 2776 2772 2775
f 2771 2774 2772
f 2773 2772 2776
f 2777 2778 2775
f 2779 2775 2778
f 2774 2777 2775
f 2776 2775 2779
f 2780 2781 2778
f 2782 2778 2781
f 2777 2780 2778
f 2779 2778 2782
f 2783 2784 2781
f 2785 2781 2784
f 2780 2783 2781
f 2782 2781 2785
f 2786 2787 2784
f 2788 2784 2787
f 2783 2786 2784
f 2785 2784 2788
f 2789 2790 2787
f 2791 2787 2790
f 2786 2789 2787
f 2788 2787 2791
f 2792 2793 2790
f 2794 2790 2793
f 2789 2792 2790
f 2791 2790 2794
f 2795 2793 2792
f 2794 2793 2795
f 2796 2792 2789
f 2795 2792 2796
f 2797 2789 2786
f 2796 2789 2797
f 2798 2786 2783
f 2797 2786 2798
f 2799 2783 2780
f 2798 2783 2799
f 2800 2780 2777
f 2799 2780 2800
f 2801 2777 2774
f 2800 2777 2801
f 2802 2774 2771
f 2801 2774 2802
f 2803 2771 2768
f 2802 2771 2803
f 2804 2768 57
f 2803 2768 2804
f 2805 57 354
f 2804 57 2805
f 2766 2806 354
f 2807 354 2806
f 2805 354 2807
f 2808 2809 2806
f 2810 2806 2809
f 2766 2808 2806
f 2807 2806 2810
f 2811 2812 2809
f 2813 2809 2812
f 2808 2811 2809
f 2810 2809 2813
f 2814 2815 2812
f 2816 2812 2815
f 2811 2814 2812
f 2813 2812 2816
f 2817 2818 2815
f 2819 2815 2818
f 2814 2817 2815
f 2816 2815 2819
f 2820 2821 2818
f 2822 2818 2821
f 2817 2820 2818
f 2819 2818 2822
f 2823 2824 2821
f 2825 2821 2824
f 2820 2823 2821
f 2822 2821 2825
f 2826 2827 2824
f 2828 2824 2827
f 2823 2826 2824
f 2825 2824 2828
f 2829 2830 2827
f 2831 2827 2830
f 2826 2829 2827
f 2828 2827 2831
f 2832 2830 2829
f 2831 2830 2832
f 2833 2829 2826
f 2832 2829 2833
f 2834 2826 2823
f 2834 2833 2826
f 2835 2823 2820
f 2834 2823 2835
f 2836 2820 2817
f 2835 2820 2836
f 2837 2817 2814
f 2836 2817 2837
f 2838 2814 2811
f 2837 2814 2838
f 2839 2811 2808
f 2838 2811 2839
f 2840 2808 2766
f 2839 2808 2840
f 2840 2766 2767
f 2807 63 65
f 2807 65 67
f 2807 61 63
f 2807 59 61
f 2807 56 59
f 2807 54 56
f 2807 52 54
f 2807 50 52
f 2807 48 50
f 2807 46 48
f 2807 41 46
f 2807 29 41
f 2807 25 29
f 2807 4 25
f 722 7 4
f 364 366 4
f 720 4 366
f 2807 364 4
f 721 722 4
f 720 721 4
f 857 268 7
f 855 7 722
f 857 7 855
f 858 266 268
f 857 858 268
f 862 258 266
f 861 862 266
f 860 861 266
f 859 860 266
f 858 859 266
f 1056 255 258
f 1056 258 862
f 1056 253 255
f 1056 251 253
f 1056 249 251
f 957 239 249
f 956 955 249
f 957 249 955
f 1003 956 249
f 1002 1003 249
f 1001 1002 249
f 1000 1001 249
f 999 1000 249
f 998 999 249
f 1057 998 249
f 1056 1057 249
f 1713 230 239
f 961 962 239
f 1713 239 962
f 960 961 239
f 959 960 239
f 958 959 239
f 957 958 239
f 1715 226 230
f 1714 1715 230
f 1713 1714 230
f 1716 223 226
f 1715 1716 226
f 1679 215 223
f 1717 1679 223
f 1716 1717 223
f 1965 150 215
f 1174 1172 215
f 1176 215 1172
f 1219 1174 215
f 1218 1219 215
f 1216 1218 215
f 1214 1216 215
f 1211 1214 215
f 1209 1211 215
f 1685 1209 215
f 1182 1184 215
f 1255 215 1184
f 1180 1182 215
f 1178 1180 215
f 1176 1178 215
f 1255 1258 215
f 1301 215 1258
f 1271 1270 215
f 1272 215 1270
f 1311 1271 215
f 1310 1311 215
f 1309 1310 215
f 1304 1309 215
f 1303 1304 215
f 1301 1303 215
f 1274 1275 215
f 1755 215 1275
f 1273 1274 215
f 1272 1273 215
f 1364 1363 215
f 1365 215 1363
f 1406 1364 215
f 1405 1406 215
f 1402 1405 215
f 1400 1402 215
f 1397 1400 215
f 1394 1397 215
f 1723 1394 215
f 1365 1366 215
f 1915 215 1366
f 1679 1678 215
f 1680 215 1678
f 1684 1685 215
f 1683 1684 215
f 1682 1683 215
f 1681 1682 215
f 1680 1681 215
f 1719 1718 215
f 1720 215 1718
f 1757 1719 215
f 1756 1757 215
f 1755 1756 215
f 1722 1723 215
f 1721 1722 215
f 1720 1721 215
f 1915 1918 215
f 1962 215 1918
f 1964 1965 215
f 1963 1964 215
f 1962 1963 215
f 1969 144 150
f 1968 1969 150
f 1967 1968 150
f 1966 1967 150
f 1965 1966 150
f 1938 139 144
f 1937 1936 144
f 1938 144 1936
f 1969 1937 144
f 1941 134 139
f 1940 1941 139
f 1939 1940 139
f 1938 1939 139
f 1945 124 134
f 1944 1945 134
f 1943 1944 134
f 1942 1943 134
f 1941 1942 134
f 2040 121 124
f 2040 124 1945
f 2040 119 121
f 2040 117 119
f 2176 112 117
f 2040 2043 117
f 2113 117 2043
f 2113 2116 117
f 2173 117 2116
f 2175 2176 117
f 2174 2175 117
f 2173 2174 117
f 2178 108 112
f 2177 2178 112
f 2176 2177 112
f 2179 105 108
f 2178 2179 108
f 2134 102 105
f 2179 2134 105
f 2133 97 102
f 2134 2133 102
f 2347 90 97
f 2347 97 2133
f 2390 87 90
f 2157 2158 90
f 2390 90 2158
f 2334 2157 90
f 2324 2322 90
f 2326 90 2322
f 2354 2324 90
f 2353 2354 90
f 2351 2353 90
f 2349 2351 90
f 2347 2349 90
f 2333 2334 90
f 2332 2333 90
f 2330 2332 90
f 2328 2330 90
f 2326 2328 90
f 2429 85 87
f 2429 87 2390
f 2429 83 85
f 2659 81 83
f 2406 2404 83
f 2408 83 2404
f 2435 2406 83
f 2434 2435 83
f 2432 2434 83
f 2430 2432 83
f 2429 2430 83
f 2413 2415 83
f 2659 83 2415
f 2411 2413 83
f 2408 2411 83
f 2659 79 81
f 2659 77 79
f 2690 75 77
f 2690 77 2659
f 2690 73 75
f 2760 71 73
f 2672 2671 73
f 2673 73 2671
f 2694 2672 73
f 2693 2694 73
f 2692 2693 73
f 2691 2692 73
f 2690 2691 73
f 2673 2674 73
f 2760 73 2674
f 469 69 71
f 2744 469 71
f 2742 2741 71
f 2743 71 2741
f 2764 2742 71
f 2763 2764 71
f 2762 2763 71
f 2761 2762 71
f 2760 2761 71
f 2743 2744 71
f 2807 67 69
f 2807 69 469
f 379 275 272
f 378 272 278
f 378 379 272
f 380 350 275
f 379 380 275
f 381 348 350
f 380 381 350
f 382 345 348
f 381 382 348
f 383 342 345
f 382 383 345
f 384 339 342
f 383 384 342
f 385 336 339
f 384 385 339
f 387 332 336
f 385 387 336
f 2765 329 332
f 2807 332 387
f 2765 332 2807
f 2765 327 329
f 2765 325 327
f 2765 323 325
f 2765 321 323
f 2765 319 321
f 2765 317 319
f 2765 315 317
f 2770 313 315
f 2765 2770 315
f 2770 311 313
f 2770 309 311
f 2770 307 309
f 2770 304 307
f 2770 302 304
f 2770 300 302
f 2770 297 300
f 371 294 297
f 370 371 297
f 297 804 806
f 802 804 297
f 800 802 297
f 1051 800 297
f 1049 1051 297
f 1047 1049 297
f 1044 1047 297
f 2770 1044 297
f 372 293 294
f 371 372 294
f 373 290 293
f 372 373 293
f 374 287 290
f 373 374 290
f 375 284 287
f 374 375 287
f 376 281 284
f 375 376 284
f 377 278 281
f 376 377 281
f 377 378 278
f 2807 356 353
f 2807 353 358
f 2807 398 356
f 2807 397 398
f 2807 395 397
f 2807 393 395
f 2807 391 393
f 2807 389 391
f 2807 387 389
f 806 369 370
f 806 370 297
f 608 368 369
f 1675 608 369
f 806 809 369
f 849 369 809
f 823 822 369
f 824 369 822
f 854 823 369
f 853 854 369
f 852 853 369
f 851 852 369
f 850 851 369
f 849 850 369
f 827 828 369
f 1674 369 828
f 826 827 369
f 825 826 369
f 824 825 369
f 1674 1675 369
f 702 366 368
f 655 368 608
f 702 368 655
f 734 366 702
f 716 715 366
f 717 366 715
f 752 716 366
f 751 752 366
f 750 751 366
f 749 750 366
f 734 749 366
f 719 720 366
f 718 719 366
f 717 718 366
f 2807 362 364
f 2807 360 362
f 2807 358 360
f 2807 403 401
f 2805 401 405
f 2805 2807 401
f 2807 503 403
f 2807 502 503
f 2807 500 502
f 2807 488 500
f 2807 476 488
f 2807 473 476
f 2807 469 473
f 554 466 469
f 545 554 469
f 2747 545 469
f 2746 2747 469
f 2745 2746 469
f 2744 2745 469
f 555 463 466
f 554 555 466
f 556 460 463
f 555 556 463
f 557 457 460
f 556 557 460
f 558 454 457
f 557 558 457
f 559 451 454
f 558 559 454
f 505 448 451
f 559 505 451
f 504 445 448
f 505 504 448
f 506 442 445
f 506 445 504
f 507 439 442
f 506 507 442
f 508 436 439
f 507 508 439
f 509 433 436
f 508 509 436
f 510 430 433
f 509 510 433
f 511 427 430
f 510 511 430
f 512 424 427
f 511 512 427
f 515 420 424
f 512 515 424
f 2805 417 420
f 2770 420 515
f 2770 2805 420
f 2805 415 417
f 2805 413 415
f 2805 411 413
f 2805 409 411
f 2805 407 409
f 2805 405 407
f 2748 544 545
f 2747 2748 545
f 2598 543 544
f 2715 2598 544
f 2748 2715 544
f 2506 541 543
f 2562 2506 543
f 2561 2562 543
f 2560 2561 543
f 2559 2560 543
f 2558 2559 543
f 2557 2558 543
f 2556 2557 543
f 2555 2556 543
f 2554 2555 543
f 2553 2554 543
f 2552 2553 543
f 2598 2552 543
f 2294 539 541
f 2470 2294 541
f 2469 2470 541
f 2468 2469 541
f 2467 2468 541
f 2466 2467 541
f 2465 2466 541
f 2464 2465 541
f 2463 2464 541
f 2462 2463 541
f 2461 2462 541
f 2458 2461 541
f 2506 2458 541
f 2770 537 539
f 2770 539 2294
f 2770 535 537
f 2770 533 535
f 2770 531 533
f 2770 529 531
f 2770 527 529
f 2770 525 527
f 2770 523 525
f 2770 521 523
f 2770 519 521
f 2770 517 519
f 2770 515 517
f 648 566 563
f 647 563 569
f 647 648 563
f 649 620 566
f 648 649 566
f 650 618 620
f 649 650 620
f 651 615 618
f 650 651 618
f 652 612 615
f 651 652 615
f 655 608 612
f 652 655 612
f 1676 605 608
f 1675 1676 608
f 1676 603 605
f 1676 601 603
f 1676 599 601
f 1676 597 599
f 1676 594 597
f 1677 592 594
f 1676 1677 594
f 1677 590 592
f 1677 588 590
f 1677 586 588
f 1677 584 586
f 1677 582 584
f 642 579 582
f 641 642 582
f 1677 641 582
f 643 578 579
f 642 643 579
f 644 575 578
f 643 644 578
f 645 572 575
f 644 645 575
f 646 569 572
f 645 646 572
f 646 647 569
f 695 627 624
f 694 624 630
f 694 695 624
f 696 667 627
f 695 696 627
f 697 665 667
f 696 697 667
f 698 662 665
f 697 698 665
f 699 659 662
f 698 699 662
f 702 655 659
f 699 702 659
f 689 640 641
f 688 689 641
f 1677 688 641
f 690 639 640
f 689 690 640
f 691 636 639
f 690 691 639
f 692 633 636
f 691 692 636
f 693 630 633
f 692 693 633
f 693 694 630
f 729 674 671
f 728 671 677
f 728 729 671
f 730 714 674
f 729 730 674
f 731 712 714
f 730 731 714
f 732 709 712
f 731 732 712
f 733 706 709
f 732 733 709
f 734 702 706
f 733 734 706
f 723 687 688
f 722 723 688
f 688 1677 1636
f 724 686 687
f 723 724 687
f 725 683 686
f 724 725 686
f 726 680 683
f 725 726 683
f 727 677 680
f 726 727 680
f 727 728 677
f 856 855 722
f 903 856 722
f 902 903 722
f 901 902 722
f 900 901 722
f 899 900 722
f 898 899 722
f 1642 898 722
f 1636 1635 722
f 1637 722 1635
f 1636 722 688
f 1641 1642 722
f 1640 1641 722
f 1639 1640 722
f 1638 1639 722
f 1637 1638 722
f 844 759 756
f 843 756 763
f 843 844 756
f 845 821 759
f 844 845 759
f 846 819 821
f 845 846 821
f 847 816 819
f 846 847 819
f 848 813 816
f 847 848 816
f 849 809 813
f 848 849 813
f 1051 798 800
f 1051 796 798
f 1051 794 796
f 1051 792 794
f 1051 789 792
f 1051 787 789
f 1051 784 787
f 1051 782 784
f 1051 779 782
f 1051 776 779
f 1666 773 776
f 1051 1053 776
f 1665 776 1053
f 1665 1666 776
f 1667 771 773
f 1666 1667 773
f 1667 769 771
f 1667 766 769
f 1668 763 766
f 1667 1668 766
f 1669 843 763
f 1668 1669 763
f 1669 842 843
f 1670 841 842
f 1669 1670 842
f 1671 839 841
f 1670 1671 841
f 1672 837 839
f 1671 1672 839
f 1672 835 837
f 1672 832 835
f 1673 829 832
f 1672 1673 832
f 1674 828 829
f 1673 1674 829
f 1643 897 898
f 1642 1643 898
f 1644 895 897
f 1643 1644 897
f 1644 893 895
f 1644 890 893
f 1645 887 890
f 1644 1645 890
f 904 883 887
f 1646 904 887
f 1645 1646 887
f 906 880 883
f 906 883 904
f 907 877 880
f 906 907 880
f 908 874 877
f 907 908 877
f 909 871 874
f 908 909 874
f 910 868 871
f 909 910 871
f 911 865 868
f 910 911 868
f 1056 862 865
f 1056 865 911
f 1646 905 904
f 1647 954 905
f 1646 1647 905
f 1648 952 954
f 1647 1648 954
f 1649 950 952
f 1648 1649 952
f 1649 948 950
f 1649 940 948
f 1650 937 940
f 1649 1650 940
f 1651 935 937
f 1650 1651 937
f 1055 933 935
f 1651 1055 935
f 1055 931 933
f 1055 929 931
f 1055 927 929
f 1055 925 927
f 1055 923 925
f 1055 921 923
f 1055 919 921
f 1056 917 919
f 1055 1056 919
f 1056 915 917
f 1056 913 915
f 1056 911 913
f 1058 997 998
f 1057 1058 998
f 1059 994 997
f 1058 1059 997
f 1060 991 994
f 1059 1060 994
f 1061 988 991
f 1060 1061 991
f 1006 985 988
f 1061 1006 988
f 1005 982 985
f 1006 1005 985
f 1709 978 982
f 1009 982 1005
f 1709 982 1009
f 1710 975 978
f 1709 1710 978
f 1711 972 975
f 1710 1711 975
f 1712 970 972
f 1711 1712 972
f 1712 968 970
f 1712 965 968
f 1713 962 965
f 1712 1713 965
f 1657 1053 1055
f 1655 1657 1055
f 1653 1655 1055
f 1652 1653 1055
f 1651 1652 1055
f 1664 1665 1053
f 1663 1664 1053
f 1662 1663 1053
f 1661 1662 1053
f 1660 1661 1053
f 1659 1660 1053
f 1657 1659 1053
f 2770 1039 1044
f 2770 1036 1039
f 2770 1033 1036
f 2770 1030 1033
f 1141 1028 1030
f 2770 1141 1030
f 1141 1025 1028
f 1141 1022 1025
f 1706 1019 1022
f 1141 1143 1022
f 1700 1022 1143
f 1705 1706 1022
f 1704 1705 1022
f 1703 1704 1022
f 1702 1703 1022
f 1701 1702 1022
f 1700 1701 1022
f 1707 1017 1019
f 1706 1707 1019
f 1707 1015 1017
f 1707 1012 1015
f 1708 1009 1012
f 1707 1708 1012
f 1708 1709 1009
f 1689 1068 1065
f 1193 1065 1071
f 1193 1196 1065
f 1689 1065 1196
f 1690 1168 1068
f 1689 1690 1068
f 1691 1166 1168
f 1690 1691 1168
f 1692 1164 1166
f 1691 1692 1166
f 1692 1162 1164
f 1692 1154 1162
f 1693 1151 1154
f 1692 1693 1154
f 1694 1150 1151
f 1693 1694 1151
f 1695 1149 1150
f 1694 1695 1150
f 1695 1147 1149
f 1696 1145 1147
f 1695 1696 1147
f 1697 1143 1145
f 1696 1697 1145
f 1699 1700 1143
f 1698 1699 1143
f 1697 1698 1143
f 2770 1139 1141
f 2770 1136 1139
f 2770 1123 1136
f 2770 1114 1123
f 2770 1107 1114
f 2770 1089 1107
f 2770 1086 1089
f 1187 1083 1086
f 1186 1187 1086
f 1458 1186 1086
f 1456 1458 1086
f 1452 1456 1086
f 2770 1452 1086
f 1188 1080 1083
f 1187 1188 1083
f 1189 1077 1080
f 1188 1189 1080
f 1190 1074 1077
f 1189 1190 1077
f 1191 1071 1074
f 1190 1191 1074
f 1191 1193 1071
f 1686 1206 1209
f 1685 1686 1209
f 1687 1204 1206
f 1686 1687 1206
f 1687 1202 1204
f 1687 1199 1202
f 1688 1196 1199
f 1687 1688 1199
f 1688 1689 1196
f 1458 1185 1186
f 1255 1184 1185
f 1254 1255 1185
f 1253 1254 1185
f 1252 1253 1185
f 1460 1252 1185
f 1458 1460 1185
f 1296 1226 1223
f 1295 1223 1230
f 1295 1296 1223
f 1297 1269 1226
f 1296 1297 1226
f 1298 1267 1269
f 1297 1298 1269
f 1299 1264 1267
f 1298 1299 1267
f 1300 1261 1264
f 1299 1300 1264
f 1301 1258 1261
f 1300 1301 1261
f 1460 1251 1252
f 1460 1250 1251
f 1460 1249 1250
f 1460 1248 1249
f 1460 1247 1248
f 1460 1246 1247
f 1460 1245 1246
f 1460 1244 1245
f 1460 1243 1244
f 1460 1242 1243
f 1746 1240 1242
f 1460 1462 1242
f 1745 1242 1462
f 1745 1746 1242
f 1747 1238 1240
f 1746 1747 1240
f 1747 1236 1238
f 1747 1233 1236
f 1748 1230 1233
f 1747 1748 1233
f 1749 1295 1230
f 1748 1749 1230
f 1749 1294 1295
f 1750 1293 1294
f 1749 1750 1294
f 1751 1291 1293
f 1750 1751 1293
f 1752 1289 1291
f 1751 1752 1291
f 1752 1287 1289
f 1752 1280 1287
f 1753 1277 1280
f 1752 1753 1280
f 1754 1276 1277
f 1753 1754 1277
f 1755 1275 1276
f 1754 1755 1276
f 1729 1318 1315
f 1378 1315 1321
f 1378 1381 1315
f 1729 1315 1381
f 1730 1361 1318
f 1729 1730 1318
f 1731 1359 1361
f 1730 1731 1361
f 1732 1357 1359
f 1731 1732 1359
f 1732 1355 1357
f 1732 1352 1355
f 1733 1349 1352
f 1732 1733 1352
f 1734 1348 1349
f 1733 1734 1349
f 1464 1347 1348
f 1734 1464 1348
f 1464 1346 1347
f 1464 1345 1346
f 1464 1344 1345
f 1464 1343 1344
f 1465 1342 1343
f 1464 1465 1343
f 1465 1341 1342
f 1465 1340 1341
f 1465 1339 1340
f 1465 1338 1339
f 1465 1334 1338
f 1465 1332 1334
f 1372 1331 1332
f 1371 1372 1332
f 1465 1371 1332
f 1373 1330 1331
f 1372 1373 1331
f 1374 1327 1330
f 1373 1374 1330
f 1375 1324 1327
f 1374 1375 1327
f 1376 1321 1324
f 1375 1376 1324
f 1376 1378 1321
f 1726 1391 1394
f 1725 1726 1394
f 1724 1725 1394
f 1723 1724 1394
f 1727 1389 1391
f 1726 1727 1391
f 1727 1387 1389
f 1727 1384 1387
f 1728 1381 1384
f 1727 1728 1384
f 1728 1729 1381
f 1465 1370 1371
f 1480 1369 1370
f 1465 1468 1370
f 1508 1370 1468
f 1481 1480 1370
f 1513 1481 1370
f 1512 1513 1370
f 1511 1512 1370
f 1510 1511 1370
f 1509 1510 1370
f 1508 1509 1370
f 1759 1368 1369
f 1482 1369 1480
f 1485 1486 1369
f 1794 1369 1486
f 1484 1485 1369
f 1483 1484 1369
f 1482 1483 1369
f 1797 1759 1369
f 1796 1797 1369
f 1795 1796 1369
f 1794 1795 1369
f 1559 1367 1368
f 1765 1559 1368
f 1759 1758 1368
f 1760 1368 1758
f 1764 1765 1368
f 1763 1764 1368
f 1762 1763 1368
f 1761 1762 1368
f 1760 1761 1368
f 1851 1366 1367
f 1515 1514 1367
f 1516 1367 1514
f 1566 1515 1367
f 1565 1566 1367
f 1564 1565 1367
f 1563 1564 1367
f 1562 1563 1367
f 1559 1562 1367
f 1517 1518 1367
f 1851 1367 1518
f 1516 1517 1367
f 1851 1854 1366
f 1915 1366 1854
f 1503 1413 1410
f 1502 1410 1417
f 1502 1503 1410
f 1504 1479 1413
f 1503 1504 1413
f 1505 1477 1479
f 1504 1505 1479
f 1506 1474 1477
f 1505 1506 1477
f 1507 1471 1474
f 1506 1507 1474
f 1508 1468 1471
f 1507 1508 1471
f 1738 1462 1464
f 1737 1738 1464
f 1736 1737 1464
f 1735 1736 1464
f 1734 1735 1464
f 1744 1745 1462
f 1743 1744 1462
f 1742 1743 1462
f 1741 1742 1462
f 1740 1741 1462
f 1739 1740 1462
f 1738 1739 1462
f 2770 1447 1452
f 2770 1444 1447
f 2770 1441 1444
f 2770 1438 1441
f 2770 1436 1438
f 1608 1433 1436
f 2770 1608 1436
f 1608 1430 1433
f 1786 1427 1430
f 1608 1610 1430
f 1780 1430 1610
f 1785 1786 1430
f 1784 1785 1430
f 1783 1784 1430
f 1782 1783 1430
f 1781 1782 1430
f 1780 1781 1430
f 1787 1425 1427
f 1786 1787 1427
f 1787 1423 1425
f 1787 1420 1423
f 1788 1417 1420
f 1787 1788 1420
f 1789 1502 1417
f 1788 1789 1417
f 1789 1501 1502
f 1790 1500 1501
f 1789 1790 1501
f 1791 1498 1500
f 1790 1791 1500
f 1792 1496 1498
f 1791 1792 1498
f 1792 1494 1496
f 1792 1490 1494
f 1793 1487 1490
f 1792 1793 1490
f 1794 1486 1487
f 1793 1794 1487
f 1766 1556 1559
f 1765 1766 1559
f 1767 1554 1556
f 1766 1767 1556
f 1767 1552 1554
f 1767 1549 1552
f 1768 1546 1549
f 1767 1768 1549
f 1567 1542 1546
f 1769 1567 1546
f 1768 1769 1546
f 1569 1539 1542
f 1569 1542 1567
f 1570 1536 1539
f 1569 1570 1539
f 1571 1533 1536
f 1570 1571 1536
f 1572 1530 1533
f 1571 1572 1533
f 1573 1527 1530
f 1572 1573 1530
f 1574 1524 1527
f 1573 1574 1527
f 1845 1521 1524
f 1845 1524 1574
f 1851 1520 1521
f 1850 1851 1521
f 1849 1850 1521
f 1848 1849 1521
f 1847 1848 1521
f 1846 1847 1521
f 1845 1846 1521
f 1851 1519 1520
f 1851 1518 1519
f 1769 1568 1567
f 1770 1634 1568
f 1769 1770 1568
f 1771 1632 1634
f 1770 1771 1634
f 1772 1630 1632
f 1771 1772 1632
f 1772 1628 1630
f 1772 1620 1628
f 1773 1617 1620
f 1772 1773 1620
f 1774 1616 1617
f 1773 1774 1617
f 1775 1615 1616
f 1774 1775 1616
f 1775 1614 1615
f 1776 1612 1614
f 1775 1776 1614
f 1777 1610 1612
f 1776 1777 1612
f 1779 1780 1610
f 1778 1779 1610
f 1777 1778 1610
f 2770 1588 1608
f 2770 1587 1588
f 2770 1585 1587
f 2770 1581 1585
f 2770 1578 1581
f 2770 1576 1578
f 2770 1574 1576
f 1844 1845 1574
f 2770 1844 1574
f 1908 1804 1801
f 1907 1801 1807
f 1907 1908 1801
f 1909 1871 1804
f 1908 1909 1804
f 1910 1869 1871
f 1909 1910 1871
f 1911 1866 1869
f 1910 1911 1869
f 1912 1863 1866
f 1911 1912 1866
f 1913 1860 1863
f 1912 1913 1863
f 1914 1857 1860
f 1913 1914 1860
f 1915 1854 1857
f 1914 1915 1857
f 2770 1843 1844
f 2770 1842 1843
f 2770 1841 1842
f 2770 1840 1841
f 2034 1838 1840
f 2770 2034 1840
f 2034 1836 1838
f 2034 1833 1836
f 2035 1829 1833
f 2034 2035 1833
f 2035 1826 1829
f 2036 1824 1826
f 2035 2036 1826
f 1900 1823 1824
f 1899 1900 1824
f 2038 1899 1824
f 2037 2038 1824
f 2036 2037 1824
f 1901 1822 1823
f 1900 1901 1823
f 1902 1819 1822
f 1901 1902 1822
f 1903 1816 1819
f 1902 1903 1819
f 1904 1813 1816
f 1903 1904 1816
f 1905 1810 1813
f 1904 1905 1813
f 1906 1807 1810
f 1905 1906 1810
f 1906 1907 1807
f 1955 1878 1875
f 1954 1875 1881
f 1954 1955 1875
f 1956 1935 1878
f 1955 1956 1878
f 1957 1933 1935
f 1956 1957 1935
f 1958 1930 1933
f 1957 1958 1933
f 1959 1927 1930
f 1958 1959 1930
f 1960 1924 1927
f 1959 1960 1927
f 1961 1921 1924
f 1960 1961 1924
f 1962 1918 1921
f 1961 1962 1921
f 2039 1898 1899
f 2038 2039 1899
f 1947 1897 1898
f 1946 1947 1898
f 2039 1946 1898
f 1948 1896 1897
f 1947 1948 1897
f 1949 1893 1896
f 1948 1949 1896
f 1950 1890 1893
f 1949 1950 1893
f 1951 1887 1890
f 1950 1951 1890
f 1952 1884 1887
f 1951 1952 1887
f 1953 1881 1884
f 1952 1953 1884
f 1953 1954 1881
f 2039 1945 1946
f 2039 2040 1945
f 2107 1976 1973
f 2106 1973 1982
f 2106 2107 1973
f 2108 2057 1976
f 2107 2108 1976
f 2109 2055 2057
f 2108 2109 2057
f 2110 2052 2055
f 2109 2110 2055
f 2111 2049 2052
f 2110 2111 2052
f 2112 2046 2049
f 2111 2112 2049
f 2113 2043 2046
f 2112 2113 2046
f 2770 2033 2034
f 2770 2032 2033
f 2770 2025 2032
f 2770 2024 2025
f 2770 2022 2024
f 2770 2020 2022
f 2770 2017 2020
f 2770 2008 2017
f 2770 2005 2008
f 2086 2003 2005
f 2084 2086 2005
f 2260 2084 2005
f 2770 2260 2005
f 2187 1999 2003
f 2086 2089 2003
f 2187 2003 2089
f 2190 1994 1999
f 2189 2190 1999
f 2188 2189 1999
f 2187 2188 1999
f 2192 1990 1994
f 2191 2192 1994
f 2190 2191 1994
f 2193 1987 1990
f 2192 2193 1990
f 2196 1982 1987
f 2195 2196 1987
f 2194 2195 1987
f 2193 2194 1987
f 2199 2106 1982
f 2198 2199 1982
f 2197 2198 1982
f 2196 2197 1982
f 2167 2064 2061
f 2166 2061 2067
f 2166 2167 2061
f 2168 2130 2064
f 2167 2168 2064
f 2169 2128 2130
f 2168 2169 2130
f 2170 2125 2128
f 2169 2170 2128
f 2171 2122 2125
f 2170 2171 2125
f 2172 2119 2122
f 2171 2172 2122
f 2173 2116 2119
f 2172 2173 2119
f 2201 2103 2106
f 2200 2201 2106
f 2199 2200 2106
f 2181 2100 2103
f 2203 2181 2103
f 2202 2203 2103
f 2201 2202 2103
f 2180 2098 2100
f 2181 2180 2100
f 2183 2094 2098
f 2182 2098 2180
f 2182 2183 2098
f 2186 2089 2094
f 2185 2186 2094
f 2184 2185 2094
f 2183 2184 2094
f 2186 2187 2089
f 2261 2083 2084
f 2260 2261 2084
f 2160 2082 2083
f 2159 2160 2083
f 2262 2159 2083
f 2261 2262 2083
f 2161 2079 2082
f 2160 2161 2082
f 2162 2076 2079
f 2161 2162 2079
f 2163 2073 2076
f 2162 2163 2076
f 2164 2070 2073
f 2163 2164 2073
f 2165 2067 2070
f 2164 2165 2070
f 2165 2166 2067
f 2347 2133 2138
f 2262 2158 2159
f 2264 2267 2158
f 2390 2158 2267
f 2263 2264 2158
f 2262 2263 2158
f 2334 2155 2157
f 2337 2150 2155
f 2336 2337 2155
f 2335 2336 2155
f 2334 2335 2155
f 2339 2146 2150
f 2338 2339 2150
f 2337 2338 2150
f 2340 2143 2146
f 2339 2340 2146
f 2343 2138 2143
f 2342 2343 2143
f 2341 2342 2143
f 2340 2341 2143
f 2345 2347 2138
f 2344 2345 2138
f 2343 2344 2138
f 2301 2210 2207
f 2300 2207 2213
f 2300 2301 2207
f 2302 2278 2210
f 2301 2302 2210
f 2303 2276 2278
f 2302 2303 2278
f 2304 2273 2276
f 2303 2304 2276
f 2305 2270 2273
f 2304 2305 2273
f 2308 2267 2270
f 2305 2308 2270
f 2382 2267 2308
f 2387 2390 2267
f 2386 2387 2267
f 2385 2386 2267
f 2384 2385 2267
f 2383 2384 2267
f 2382 2383 2267
f 2770 2259 2260
f 2770 2258 2259
f 2770 2257 2258
f 2770 2256 2257
f 2770 2252 2256
f 2770 2232 2252
f 2770 2228 2232
f 2295 2225 2228
f 2294 2295 2228
f 2770 2294 2228
f 2296 2222 2225
f 2295 2296 2225
f 2297 2219 2222
f 2296 2297 2222
f 2298 2216 2219
f 2297 2298 2219
f 2299 2213 2216
f 2298 2299 2216
f 2299 2300 2213
f 2378 2284 2281
f 2286 2417 2376
f 2377 2378 2281
f 2376 2377 2281
f 2376 2281 2286
f 2379 2317 2284
f 2378 2379 2284
f 2380 2315 2317
f 2379 2380 2317
f 2381 2313 2315
f 2380 2381 2315
f 2381 2310 2313
f 2382 2308 2310
f 2381 2382 2310
f 2417 2293 2294
f 2474 2417 2294
f 2471 2474 2294
f 2470 2471 2294
f 2417 2292 2293
f 2417 2290 2292
f 2417 2288 2290
f 2417 2286 2288
f 2424 2361 2358
f 2423 2358 2364
f 2423 2424 2358
f 2425 2401 2361
f 2424 2425 2361
f 2426 2399 2401
f 2425 2426 2401
f 2427 2396 2399
f 2426 2427 2399
f 2428 2393 2396
f 2427 2428 2396
f 2429 2390 2393
f 2428 2429 2393
f 2418 2375 2376
f 2417 2418 2376
f 2419 2373 2375
f 2418 2419 2375
f 2420 2370 2373
f 2419 2420 2373
f 2421 2367 2370
f 2420 2421 2370
f 2422 2364 2367
f 2421 2422 2367
f 2422 2423 2364
f 2417 2520 2659
f 2520 2417 2474
f 2659 2415 2416
f 2659 2416 2417
f 2513 2442 2439
f 2512 2439 2445
f 2512 2513 2439
f 2514 2485 2442
f 2513 2514 2442
f 2515 2483 2485
f 2514 2515 2485
f 2516 2480 2483
f 2515 2516 2483
f 2517 2477 2480
f 2516 2517 2480
f 2520 2474 2477
f 2517 2520 2477
f 2507 2457 2458
f 2506 2507 2458
f 2508 2454 2457
f 2507 2508 2457
f 2509 2451 2454
f 2508 2509 2454
f 2510 2448 2451
f 2509 2510 2451
f 2511 2445 2448
f 2510 2511 2448
f 2511 2512 2445
f 2652 2492 2489
f 2651 2489 2495
f 2651 2652 2489
f 2653 2531 2492
f 2652 2653 2492
f 2654 2529 2531
f 2653 2654 2531
f 2655 2526 2529
f 2654 2655 2529
f 2656 2523 2526
f 2655 2656 2526
f 2659 2520 2523
f 2656 2659 2523
f 2646 2505 2506
f 2563 2566 2506
f 2644 2506 2566
f 2562 2563 2506
f 2644 2646 2506
f 2647 2504 2505
f 2646 2647 2505
f 2648 2501 2504
f 2647 2648 2504
f 2649 2498 2501
f 2648 2649 2501
f 2650 2495 2498
f 2649 2650 2498
f 2650 2651 2495
f 2605 2538 2535
f 2604 2535 2541
f 2604 2605 2535
f 2606 2577 2538
f 2605 2606 2538
f 2607 2575 2577
f 2606 2607 2577
f 2608 2572 2575
f 2607 2608 2575
f 2609 2569 2572
f 2608 2609 2572
f 2612 2566 2569
f 2609 2612 2569
f 2678 2566 2612
f 2678 2644 2566
f 2599 2551 2552
f 2598 2599 2552
f 2600 2550 2551
f 2599 2600 2551
f 2601 2547 2550
f 2600 2601 2550
f 2602 2544 2547
f 2601 2602 2547
f 2603 2541 2544
f 2602 2603 2544
f 2603 2604 2541
f 2722 2584 2581
f 2721 2581 2587
f 2721 2722 2581
f 2723 2623 2584
f 2722 2723 2584
f 2724 2621 2623
f 2723 2724 2623
f 2725 2618 2621
f 2724 2725 2621
f 2726 2615 2618
f 2725 2726 2618
f 2729 2612 2615
f 2726 2729 2615
f 2729 2678 2612
f 2716 2597 2598
f 2715 2716 2598
f 2717 2596 2597
f 2716 2717 2597
f 2718 2593 2596
f 2717 2718 2596
f 2719 2590 2593
f 2718 2719 2593
f 2720 2587 2590
f 2719 2720 2590
f 2720 2721 2587
f 2685 2630 2627
f 2684 2627 2633
f 2684 2685 2627
f 2686 2670 2630
f 2685 2686 2630
f 2687 2668 2670
f 2686 2687 2670
f 2688 2665 2668
f 2687 2688 2668
f 2689 2662 2665
f 2688 2689 2665
f 2690 2659 2662
f 2689 2690 2662
f 2679 2643 2644
f 2678 2679 2644
f 2680 2642 2643
f 2679 2680 2643
f 2681 2639 2642
f 2680 2681 2642
f 2682 2636 2639
f 2681 2682 2639
f 2683 2633 2636
f 2682 2683 2636
f 2683 2684 2633
f 2729 2677 2678
f 2729 2676 2677
f 2729 2675 2676
f 2729 2674 2675
f 2760 2674 2729
f 2755 2701 2698
f 2754 2698 2704
f 2754 2755 2698
f 2756 2740 2701
f 2755 2756 2701
f 2757 2738 2740
f 2756 2757 2740
f 2758 2735 2738
f 2757 2758 2738
f 2759 2732 2735
f 2758 2759 2735
f 2760 2729 2732
f 2759 2760 2732
f 2749 2714 2715
f 2748 2749 2715
f 2750 2713 2714
f 2749 2750 2714
f 2751 2710 2713
f 2750 2751 2713
f 2752 2707 2710
f 2751 2752 2710
f 2753 2704 2707
f 2752 2753 2707
f 2753 2754 2704
f 2834 2832 2833
f 2834 2831 2832
f 2835 2828 2831
f 2834 2835 2831
f 2836 2825 2828
f 2835 2836 2828
f 2837 2822 2825
f 2836 2837 2825
f 2838 2819 2822
f 2837 2838 2822
f 2839 2816 2819
f 2838 2839 2819
f 2840 2813 2816
f 2839 2840 2816
f 2767 2810 2813
f 2840 2767 2813
f 2765 2807 2810
f 2767 2765 2810
f 2773 2804 2805
f 2770 2773 2805
f 2776 2803 2804
f 2773 2776 2804
f 2779 2802 2803
f 2776 2779 2803
f 2782 2801 2802
f 2779 2782 2802
f 2785 2800 2801
f 2782 2785 2801
f 2788 2799 2800
f 2785 2788 2800
f 2791 2798 2799
f 2788 2791 2799
f 2794 2797 2798
f 2791 2794 2798
f 2795 2796 2797
f 2794 2795 2797

